SET
SET
Timing is on.
A|Датчик температуры|4|1|||
A|ИБП|7|1|||
A|Датчик температуры|59|1|||
A|(без типа)|Питание от батарей|1|||
A|9-секционный люк|Неисправен|1|||
A|Датчик температуры|Выключен|7|||
A|Датчик движения|Выключен|11|||
A|Датчик температуры|16|9|||
A|КД Дверь|Отключено устройство|2|||
A|Датчик дыма|Обнаружен дым|109|||
A|Тепловой датчик|Норма|62515|||
A|Датчик температуры|67|1|||
A|ИБП|9|1|||
A|Датчик температуры|20|2|||
A|Датчик температуры|78|2|||
A|КД АВ|Не замкнут|107|||
A|Датчик температуры|19|2|||
A|Состояние охраны|Много неисправных устройств|1855|||
A|Ручной извещатель|Отключено устройство|70|||
A|Датчик температуры|28|5|||
A|Датчик температуры|Не определено|4|||
A|Газовый датчик|Выключен|66|||
A|ИБП|Неисправен|25|||
A|Датчик температуры|15|4|||
A|КД АВ|Неисправен|12|||
A|Датчик температуры|-12|1|||
A|Состояние фазы|Обесточен|19|||
A|Газовый датчик|0.28|1|||
A|Датчик температуры|Температура ниже 3ºC|91|||
A|КД Люк|Выключен|1|||
A|Переключатель|Включен|56|||
A|Газовый датчик|0.02|4|||
A|(без типа)|Неисправен|4|||
A|Газовый датчик|Норма|58653|||
A|Датчик температуры|6|4|||
A|Датчик температуры|Температура выше 40ºC|14|||
A|Состояние УИР-Р|Разговор|6|||
A|Газовый датчик|0.01|47|||
A|Датчик движения|Движения нет|61|||
A|Ручной извещатель|Не замкнут|8|||
A|Датчик температуры|-31|1|||
A|Состояние вентилятора|Отключено устройство|55|||
A|9-секционный люк|Норма|153|||
A|Датчик температуры|18|7|||
A|Датчик затопления|Неисправен|1|||
A|Газовый датчик|0.07|1|||
A|Датчик дыма|Выключен|5|||
A|Состояние насоса|Отключено устройство|19|||
A|Датчик температуры|23|6|||
A|Тепловой датчик|Выключен|4|||
A|ИБП|Питание от батарей|16|||
A|Стекло|Норма|925|||
A|Датчик температуры|14|4|||
A|Датчик температуры|21|3|||
A|Датчик температуры|26|1|||
A|Датчик температуры|-1|1|||
A|Датчик температуры|22|5|||
A|Датчик температуры|13|4|||
A|Датчик затопления|Не замкнут|1|||
A|КД Дверь|Движения нет|4|||
A|Переключатель|Выключен|16|||
A|(без типа)|Отключено устройство|1|||
A|Газовый датчик|0.06|1|||
A|Ручной извещатель|Норма|3945|||
A|Стекло|Не замкнут|19|||
A|КД Люк|Не замкнут|15|||
A|КД Дверь|Не замкнут|538|||
A|КД Дверь|Неисправен|13|||
A|Датчик температуры|8|2|||
A|Состояние насоса|Включен|35|||
A|ИБП|4|3|||
A|Датчик движения|(конец окна)|1|||
A|Датчик температуры|96|1|||
A|КД Дверь|Выключен|10|||
A|Датчик температуры|32|1|||
A|Тепловой датчик|Не замкнут|271|||
A|Датчик движения|Неисправен|32|||
A|Датчик температуры|25|2|||
A|Датчик движения|Норма|25096|||
A|Датчик температуры|Неисправен|8|||
A|Датчик температуры|3|1|||
A|Датчик затопления|Норма|642|||
A|Состояние фазы|Отключено устройство|123|||
A|Газовый датчик|0.24|1|||
A|Газовый датчик|0.03|2|||
A|Газовый датчик|Неисправен|1979|||
A|Датчик температуры|12|4|||
A|Датчик температуры|7|4|||
A|Состояние насоса|Выключен|5|||
A|Состояние УИР-Р|Отключено устройство|137|||
A|Газовый датчик|0.18|1|||
A|Датчик температуры|Отключено устройство|7|||
A|Датчик температуры|11|5|||
A|Датчик температуры|117|1|||
A|Переключатель|Отключено устройство|98|||
A|Переключатель|Норма|117004|||
A|Датчик температуры|17|1|||
A|ИБП|Батарея неисправна|2|||
A|Датчик движения|Обнаружено движение|370|||
A|Датчик затопления|Выключен|1|||
A|Состояние УИР-Р|Рычаг норма|8|||
A|Датчик температуры|10|3|||
A|Состояние УИР-Р|(конец окна)|1|||
A|Датчик температуры|Норма|20884|||
A|Газовый датчик|0.08|4|||
A|Датчик дыма|Отключено устройство|429|||
A|Состояние фазы|Неисправен|370|||
A|КД Дверь|Обнаружено движение|10|||
A|Тепловой датчик|Неисправен|4|||
A|Датчик температуры|-3276|1|||
A|Состояние фазы|Есть питание|84|||
A|Тепловой датчик|Отключено устройство|5|||
A|Датчик дыма|Норма|209437|||
A|ИБП|Выключен|3|||
A|Состояние фазы|Выключен|4|||
A|КД АВ|Выключен|5|||
A|Датчик дыма|Неисправен|210|||
A|Датчик дыма|Дыма нет|23|||
A|Состояние вентилятора|Включен|20|||
A|Состояние вентилятора|Выключен|10|||
A|Состояние насоса|Норма|8084|||
A|ИБП|Норма|3081|||
A|Состояние УИР-Р|Выключен|57|||
A|Газовый датчик|Обнаружен газ|1|||
A|Ручной извещатель|Неисправен|280|||
A|Состояние вентилятора|Норма|61005|||
A|Состояние УИР-Р|Норма|339878|||
A|Газовый датчик|0.29|1|||
A|ИБП|6|1|||
A|Состояние вентилятора|Неисправен|221|||
A|Датчик движения|Отключено устройство|6|||
A|(без типа)|Норма|136|||
A|КД АВ|Норма|9170|||
A|КД Дверь|Норма|24500|||
A|Датчик температуры|В норме от +3 до +40|221|||
A|Датчик температуры|29|2|||
A|Состояние фазы|Норма|157765|||
A|Газовый датчик|Отключено устройство|14|||
A|Состояние насоса|Неисправен|146|||
A|Датчик температуры|33|1|||
A|Датчик температуры|5|2|||
A|Датчик температуры|9|6|||
A|ИБП|5|3|||
A|Газовый датчик|0.00|12|||
A|Датчик температуры|24|6|||
A|Состояние УИР-Р|Рычаг сдернут|1|||
A|(без типа)|Батарея неисправна|1|||
A|Состояние УИР-Р|Неисправен|1|||
A|КД Люк|Норма|2254|||
B|288171|Газовый датчик|0|0|57761|15
B|93583|Датчик температуры|92|0|450|0
B|96452|Состояние фазы|64|0|170|0
B|287164|Датчик дыма|64|0|76|0
B|98190|Датчик дыма|62|14|75|19
B|229366|Датчик дыма|35|0|51|2
B|214217|Состояние фазы|3|0|3|0
B|120675|Состояние УИР-Р|5|0|18|0
B|286962|Датчик движения|42|0|668|0
B|212425|КД Дверь|14|0|130|0
B|115725|Состояние вентилятора|6|0|251|19
B|115262|Датчик движения|0|0|36|0
B|305219|Переключатель|6|0|7|0
B|215808|Состояние фазы|17|0|219|0
B|197170|Переключатель|49|0|451|0
B|228774|Датчик дыма|39|0|54|0
B|116087|Газовый датчик|6|0|1147|0
B|230877|Датчик движения|13|0|701|0
B|287737|Датчик дыма|78|0|86|0
B|231785|КД АВ|0|0|14|0
B|287116|Датчик дыма|62|0|72|0
B|287433|Датчик дыма|73|0|83|0
B|179174|Состояние фазы|7|0|359|0
B|215861|Переключатель|16|0|112|0
B|51673|Состояние вентилятора|3|0|405|0
B|120256|Датчик температуры|14|0|137|0
B|77759|Датчик температуры|167|0|225|0
B|115652|Переключатель|6|0|66|0
B|229189|Датчик дыма|27|0|49|0
B|229064|Датчик дыма|36|0|45|0
B|288069|Состояние фазы|0|0|667|29
B|230845|КД Дверь|7|3|83|2
B|230818|КД Дверь|6|0|106|0
B|147812|Состояние фазы|3|0|77|0
B|333411|Состояние фазы|28|8|56|23
B|287865|Датчик дыма|80|0|88|0
B|95502|Переключатель|2|0|440|0
B|94839|Датчик дыма|110|75|158|93
B|229067|Датчик дыма|36|0|45|0
B|330592|(без типа)|6|0|7|0
B|269514|Датчик дыма|8|0|21|0
B|115634|Состояние фазы|9|0|22|0
B|95508|Переключатель|2|0|34|0
B|93485|Тепловой датчик|11|0|11|0
B|287820|Датчик дыма|80|0|92|0
B|331484|Газовый датчик|29|0|93|0
B|232004|КД АВ|3|0|375|0
B|278027|Переключатель|9|0|11|0
B|266790|КД Дверь|7|0|141|0
B|144763|Датчик движения|24|0|272|0
B|278545|Датчик дыма|13|0|21|0
B|215867|Состояние насоса|18|1|331|197
B|214125|Состояние фазы|5|3|700|29
B|334663|Датчик дыма|44|0|68|0
B|278535|Датчик дыма|13|0|19|0
B|278017|Переключатель|11|0|565|0
B|228391|КД Дверь|35|0|275|0
B|262627|Датчик дыма|8|0|18|0
B|232204|КД Дверь|0|0|18|0
B|135199|Датчик движения|13|0|279|0
B|229820|Состояние УИР-Р|22|0|105|0
B|135204|КД Дверь|20|0|186|0
B|267008|Переключатель|9|0|413|0
B|262520|Датчик дыма|10|0|16|0
B|144809|Датчик движения|14|0|2213|0
B|228692|Датчик дыма|25|0|33|0
B|230613|Газовый датчик|22|11|96|0
B|262705|Датчик дыма|7|0|13|0
B|268890|ИБП|23|0|95|0
B|230144|Состояние УИР-Р|31|0|40|0
B|287935|Состояние фазы|0|0|18|0
B|213794|Газовый датчик|12|2|18149|0
B|334676|Ручной извещатель|36|8|61|12
B|197033|Ручной извещатель|44|0|67|0
B|286521|Состояние УИР-Р|59|0|67|0
B|228606|Датчик движения|18|0|368|0
B|287086|Датчик дыма|44|3|59|8
B|262667|Датчик дыма|7|0|25|0
B|286071|Состояние УИР-Р|54|0|62|0
B|230840|Датчик движения|5|0|89|0
B|93901|Датчик движения|51|0|179|0
B|287570|Датчик дыма|76|0|94|0
B|227511|Состояние фазы|21|0|169|0
B|269583|Датчик дыма|8|0|20|0
B|197352|Состояние УИР-Р|4034|0|4064|0
B|287013|КД Дверь|55|0|281|0
B|269534|Датчик дыма|8|0|21|0
B|197278|Состояние УИР-Р|806|0|824|0
B|94846|Датчик дыма|122|82|205|139
B|228520|КД Дверь|17|0|27|0
B|2999|КД Дверь|10|0|120|0
B|287006|Датчик движения|54|0|652|0
B|9374|Датчик температуры|18|0|46|0
B|212364|Датчик дыма|12|0|20|0
B|278355|Датчик дыма|12|0|24|0
B|262650|Датчик дыма|8|0|18|0
B|287083|Датчик дыма|0|0|22|1
B|229814|Состояние УИР-Р|17|0|33|0
B|213356|Газовый датчик|7|0|12749|0
B|162846|КД АВ|5|0|103|0
B|286996|КД Дверь|52|0|126|0
B|230210|Состояние УИР-Р|22|0|34|0
B|269601|Датчик дыма|9|0|19|0
B|287342|Датчик дыма|73|0|83|0
B|96323|Состояние фазы|60|0|243|0
B|93839|Датчик движения|113|0|172|0
B|98221|Тепловой датчик|135|0|138|0
B|267433|Газовый датчик|12|0|217793|1339
B|269657|Датчик дыма|9|0|27|0
B|212580|Датчик дыма|19|0|28|1
B|196531|Датчик движения|21|0|18601|0
B|51682|Состояние фазы|3|0|83|0
B|287920|Состояние фазы|0|0|14|4
B|197362|Состояние УИР-Р|25|0|43|0
B|221468|Датчик движения|21|0|467|0
B|333436|Состояние насоса|29|13|340|231
B|334492|Датчик дыма|46|0|61|0
B|228888|Датчик дыма|30|0|46|0
B|334307|Датчик дыма|87|4|132|5
B|197179|Переключатель|49|0|473|0
B|334248|Датчик дыма|58|7|84|20
B|229682|Состояние фазы|40|13|240|127
B|113981|Датчик движения|23|0|167|0
B|330512|КД АВ|12|1|245|3
B|77830|Датчик температуры|32|0|478|0
B|3063|КД Дверь|18|0|54|0
B|278528|Датчик дыма|13|0|19|0
B|95465|Состояние вентилятора|2|0|482|0
B|77782|КД Дверь|10|0|282|0
B|334553|Датчик дыма|58|0|131|53
B|334408|Датчик дыма|46|0|61|0
B|230448|Газовый датчик|28|15|91|0
B|120564|Датчик температуры|14|0|37|0
B|96468|Состояние фазы|60|0|150|0
B|229642|Состояние вентилятора|53|28|495|206
B|2877|Датчик температуры|22|0|70|0
B|287195|Датчик дыма|64|0|76|0
B|212658|Датчик дыма|15|0|23|0
B|51141|Состояние фазы|3|0|311|0
B|196965|КД Дверь|22|0|143|0
B|196527|Датчик дыма|21|2|38|11
B|262019|Датчик дыма|10|0|17|0
B|230695|Датчик дыма|5|0|13|0
B|157284|КД Дверь|19|0|181|0
B|196735|Газовый датчик|36|0|570188|2333
B|213800|Газовый датчик|4|0|2754|0
B|278477|Датчик дыма|8|0|14|0
B|334550|Датчик дыма|56|0|70|0
B|212400|Датчик температуры|13|0|677|0
B|287218|Датчик дыма|65|0|80|0
B|93466|Тепловой датчик|8|0|8|0
B|267984|Состояние насоса|0|0|352|243
B|229539|Датчик дыма|50|0|62|0
B|230914|Состояние фазы|29|0|52|9
B|268983|КД Дверь|6|0|24|0
B|267721|Датчик дыма|9|0|15|0
B|287713|Датчик дыма|78|0|86|0
B|262642|Датчик дыма|8|0|14|0
B|228682|Датчик дыма|26|0|36|0
B|116138|Газовый датчик|5|0|7513|0
B|179158|Состояние вентилятора|7|0|733|0
B|213803|Газовый датчик|4|0|48979|0
B|269493|Датчик дыма|7|0|21|0
B|263353|КД Дверь|22|0|369|0
B|231886|Датчик дыма|1|0|9|0
B|262615|Датчик дыма|8|0|14|0
B|334200|Датчик дыма|58|7|75|13
B|197119|Газовый датчик|2|0|31|0
B|286257|Состояние УИР-Р|53|0|61|0
B|286881|Датчик движения|7|0|361|0
B|286984|КД Дверь|48|0|370|0
B|95509|Переключатель|2|0|26|0
B|229597|Состояние фазы|13|0|336|0
B|278002|Переключатель|13|0|581|0
B|212103|Датчик движения|6|0|4740|0
B|96336|Состояние вентилятора|60|0|402|0
B|93520|КД Дверь|72|0|288|0
B|143554|КД Дверь|13|0|25|0
B|230922|Состояние фазы|43|0|169|9
B|94823|Датчик дыма|92|62|118|76
B|287409|Датчик дыма|73|0|87|0
B|229693|Состояние фазы|26|0|71|0
B|230568|Газовый датчик|66|52|37977|5
B|115322|КД Дверь|2|0|132|0
B|229225|Датчик дыма|264|0|295|0
B|215880|Состояние фазы|22|0|222|0
B|269280|Состояние УИР-Р|6|0|18|0
B|269328|Состояние УИР-Р|6|0|20|0
B|143595|Датчик дыма|7|0|59|0
B|278475|Датчик дыма|8|0|14|0
B|330332|КД Дверь|8|0|52|0
B|286696|Датчик дыма|80|0|90|0
B|104022|Состояние фазы|0|0|183|15
B|288251|Газовый датчик|0|0|2461|0
B|287998|Переключатель|0|0|480|0
B|256104|Тепловой датчик|20|0|20|0
B|228627|Датчик дыма|14|0|31|0
B|262643|Датчик дыма|8|0|14|0
B|96361|Переключатель|60|0|409|0
B|278452|Датчик дыма|8|0|20|0
B|268081|Состояние фазы|0|0|43|17
B|228633|Датчик дыма|26|0|41|0
B|261993|Датчик дыма|10|0|16|0
B|287072|Датчик дыма|62|0|70|0
B|94164|Тепловой датчик|49|0|51|0
B|228232|Датчик движения|8|0|252|0
B|231808|КД АВ|0|0|54|0
B|334548|Датчик дыма|57|0|93|15
B|269623|Датчик дыма|8|0|22|0
B|255349|Состояние УИР-Р|16|0|28|0
B|287987|Состояние насоса|2|1|548|409
B|267841|Датчик дыма|9|0|15|0
B|267689|Датчик дыма|9|0|15|0
B|278449|Датчик дыма|8|0|18|0
B|228522|КД Дверь|17|0|133|0
B|77779|Датчик температуры|10|0|182|0
B|228786|Датчик дыма|39|0|54|0
B|334780|Датчик дыма|284|10|420|34
B|94180|Тепловой датчик|59|0|61|0
B|193134|Тепловой датчик|9|0|10|0
B|287015|Датчик движения|55|0|95|0
B|144791|Датчик движения|15|0|85|0
B|286269|Состояние УИР-Р|54|0|62|0
B|162775|КД АВ|2|0|56|0
B|230891|Датчик движения|11|0|209|0
B|93470|Датчик дыма|9|0|26|4
B|229540|Датчик дыма|50|0|66|0
B|159002|Состояние вентилятора|10|0|196|26
B|3100|Датчик движения|13|0|22617|0
B|229952|Состояние УИР-Р|22|0|106|0
B|229433|Датчик дыма|35|0|55|0
B|120269|Датчик дыма|42|6|56|12
B|289253|Датчик дыма|80|0|88|0
B|96284|Переключатель|61|0|467|0
B|8769|Состояние вентилятора|4251|0|4616|0
B|196510|КД Дверь|133|0|155|0
B|269552|Датчик дыма|8|0|19|0
B|287299|Датчик дыма|69|0|81|0
B|266702|Датчик движения|7|0|473|0
B|120473|Датчик температуры|8|0|119|0
B|230950|Состояние вентилятора|49|34|366|119
B|230150|Состояние УИР-Р|29|0|73|0
B|144885|Состояние УИР-Р|20|0|35|0
B|120278|Стекло|38|0|79|0
B|269138|КД Дверь|6|0|20|0
B|263348|Датчик движения|19|0|115967|0
B|212249|КД Дверь|9|0|573|0
B|8804|Переключатель|4255|0|4289|0
B|334437|Ручной извещатель|30|0|47|0
B|230693|Датчик дыма|159|0|167|0
B|334256|Ручной извещатель|45|8|74|11
B|261904|Датчик дыма|13|0|19|0
B|266621|Датчик температуры|6|0|315|0
B|288070|Переключатель|0|0|640|0
B|77755|Датчик температуры|169|0|225|0
B|93598|Тепловой датчик|94|0|110|0
B|228894|Датчик дыма|30|0|40|0
B|210643|Состояние насоса|6|0|23414|2316
B|229575|Датчик дыма|51|0|65|0
B|333906|Датчик дыма|122|0|151|0
B|262591|Датчик дыма|8|0|14|0
B|269684|Датчик дыма|7|0|19|0
B|227202|Переключатель|15|0|99|0
B|286539|Состояние УИР-Р|59|0|69|0
B|214253|Переключатель|3|0|17|0
B|197983|Датчик движения|8|0|787|0
B|197147|Состояние насоса|35|0|394|273
B|334621|Датчик дыма|63|0|77|0
B|269592|Датчик дыма|9|0|22|0
B|267065|Состояние фазы|10|0|15|0
B|196639|Состояние фазы|6|0|885|0
B|334494|Датчик дыма|46|0|59|0
B|95503|Переключатель|2|0|426|0
B|255375|Состояние УИР-Р|18|0|24|0
B|287883|Датчик дыма|80|0|88|0
B|120359|Датчик движения|8|0|378|0
B|297164|Датчик дыма|13|0|113|0
B|229054|Датчик дыма|36|0|45|0
B|93855|Датчик движения|54|0|644|0
B|162839|КД Дверь|6|0|42|0
B|278354|Датчик дыма|12|0|24|0
B|231736|КД АВ|0|0|102|0
B|229364|Датчик дыма|35|4|58|5
B|120699|Состояние УИР-Р|5|0|18|0
B|334354|Ручной извещатель|29|2|46|4
B|230706|КД Дверь|5|0|39|0
B|269466|Датчик дыма|6|0|16|0
B|268025|Состояние вентилятора|0|0|606|247
B|228906|Датчик дыма|28|0|38|0
B|287120|Датчик дыма|62|0|70|0
B|269555|Датчик дыма|8|0|19|0
B|213815|Газовый датчик|4|0|7562|0
B|287717|Датчик дыма|78|0|86|0
B|278441|Датчик дыма|8|0|18|0
B|179182|Газовый датчик|7|0|151|0
B|93911|Тепловой датчик|142|0|155|0
B|333491|Переключатель|36|0|103|0
B|278025|Состояние фазы|9|0|147|88
B|262688|Датчик дыма|7|0|13|0
B|230893|Датчик движения|8|0|256|0
B|287845|Датчик дыма|80|0|90|0
B|267749|Датчик дыма|10|0|24|0
B|266987|Состояние фазы|11|0|528|18
B|287293|Датчик дыма|69|0|77|0
B|287104|Датчик дыма|62|1|71|1
B|287473|Датчик дыма|73|0|81|0
B|213812|Газовый датчик|4|0|27359|0
B|266959|Состояние фазы|17|0|341|0
B|277874|КД АВ|11|0|275|0
B|268047|Состояние вентилятора|0|0|497|158
B|255379|Состояние УИР-Р|19|0|29|0
B|229832|Состояние УИР-Р|23|0|33|0
B|144861|Датчик температуры|14|0|141|0
B|93779|Датчик движения|99|0|1194|0
B|287735|Датчик дыма|78|0|88|0
B|287270|Датчик дыма|69|0|81|0
B|95392|Состояние фазы|2|0|72|0
B|278466|Датчик дыма|8|0|14|0
B|120241|Датчик температуры|17|0|34|0
B|267847|Датчик дыма|9|0|17|0
B|212155|Датчик температуры|4|0|64|0
B|143611|Датчик дыма|10|0|24|0
B|278508|Датчик дыма|13|0|19|0
B|278009|Состояние фазы|11|0|61|0
B|267746|Датчик дыма|10|0|16|0
B|287696|Датчик дыма|78|0|88|0
B|268057|Состояние фазы|0|0|254|0
B|147175|Переключатель|3|0|51|0
B|287602|Датчик дыма|76|0|84|0
B|333544|Состояние фазы|33|27|38|23
B|212771|Датчик температуры|17|0|102|0
B|103971|Переключатель|0|0|218|0
B|286113|Состояние УИР-Р|49|0|61|0
B|229139|Датчик дыма|27|0|73|0
B|121165|Переключатель|5|0|19|0
B|115758|Переключатель|7|0|439|0
B|268075|Состояние вентилятора|0|0|350|31
B|269522|Датчик дыма|8|0|35|3
B|215903|Переключатель|21|0|127|0
B|284869|Датчик дыма|9|0|15|0
B|284719|Тепловой датчик|6|0|8|0
B|277992|Датчик температуры|9|0|191|0
B|228203|Датчик движения|24|0|68|0
B|287700|Датчик дыма|78|0|92|0
B|143669|Датчик движения|11|0|79|0
B|333488|Состояние фазы|36|5|63|13
B|284693|Тепловой датчик|5|0|8|0
B|193136|КД Дверь|9|0|34|0
B|331414|Газовый датчик|32|0|62|0
B|230705|Датчик движения|159|0|3081|0
B|96426|Состояние вентилятора|64|0|494|0
B|230628|Газовый датчик|39|26|88|0
B|135223|Датчик температуры|16|0|82|0
B|334683|Датчик дыма|42|0|54|0
B|269589|Датчик дыма|9|0|22|0
B|287460|Датчик дыма|73|0|85|0
B|269420|Датчик дыма|6|0|18|0
B|334359|Датчик дыма|45|0|57|0
B|93799|Датчик движения|85|0|256|0
B|334764|Датчик дыма|282|6|421|24
B|96319|Состояние фазы|60|0|236|0
B|115414|Датчик движения|2|0|1468|0
B|284874|Датчик дыма|9|0|15|0
B|3044|КД Дверь|16|0|104|0
B|171540|КД Дверь|32|0|674|0
B|230258|Состояние УИР-Р|27|0|86|0
B|277984|Датчик затопления|12|0|29|0
B|334444|Датчик дыма|48|0|60|0
B|94075|КД АВ|114|0|208|0
B|267048|Переключатель|7|0|391|0
B|287493|Датчик дыма|77|0|87|0
B|230930|Состояние фазы|31|0|132|9
B|287178|Датчик дыма|64|0|74|0
B|269445|Датчик дыма|6|0|58|0
B|267096|Состояние фазы|11|0|389|0
B|120463|КД Дверь|7|0|371|0
B|333720|Переключатель|145|0|183|0
B|93937|КД АВ|104|0|362|0
B|93645|КД Дверь|89|0|269|0
B|196738|Газовый датчик|36|2|707007|5955
B|196470|Датчик дыма|19|3|39|12
B|3068|КД АВ|107|0|133|0
B|94086|Тепловой датчик|64|0|69|0
B|115765|Переключатель|7|0|41|0
B|230915|Состояние фазы|29|0|421|20
B|93623|Датчик температуры|107|0|380|0
B|266606|Датчик температуры|16|0|841|0
B|287477|Датчик дыма|73|0|83|0
B|287275|Датчик дыма|69|0|79|0
B|286515|Состояние УИР-Р|58|0|66|0
B|333958|Датчик дыма|29|0|39|0
B|230839|Датчик движения|5|0|205|0
B|331419|Газовый датчик|31|0|86|0
B|115254|Датчик движения|0|0|94|0
B|230855|Датчик движения|9|0|529|0
B|230883|Переключатель|14|0|112|0
B|212822|Датчик дыма|20|0|29|1
B|287752|Датчик дыма|78|0|86|0
B|267789|Датчик дыма|10|0|18|0
B|230413|Газовый датчик|65|51|87|0
B|229378|Датчик дыма|35|0|53|4
B|77855|Датчик температуры|125|0|180|0
B|227215|Состояние фазы|19|0|123|12
B|262164|Датчик дыма|15|0|21|0
B|287764|Датчик дыма|80|0|92|0
B|262540|Датчик дыма|10|0|16|0
B|103947|Состояние вентилятора|0|0|450|43
B|269573|Датчик дыма|9|0|26|0
B|212934|Состояние фазы|22|1|582|45
B|262601|Датчик дыма|8|0|16|0
B|287326|Датчик дыма|69|0|81|0
B|113994|КД АВ|8|0|81|0
B|50969|Ручной извещатель|2|0|12|0
B|269670|Датчик дыма|8|0|21|0
B|267304|Состояние УИР-Р|8|0|14|0
B|334348|Датчик дыма|49|0|143|80
B|288084|Состояние фазы|0|0|14|0
B|286023|Состояние УИР-Р|52|0|100|0
B|2879|Датчик температуры|19|0|1676|0
B|215820|Состояние насоса|16|2|373|260
B|334461|Датчик дыма|48|0|60|0
B|98169|Тепловой датчик|94|0|100|0
B|262617|Датчик дыма|8|0|14|0
B|143687|Датчик движения|6|0|116|0
B|278361|Датчик дыма|12|0|22|0
B|334612|Датчик дыма|63|0|76|0
B|228461|Датчик температуры|16|0|93|0
B|268069|Состояние фазы|0|0|4|0
B|143675|Датчик движения|8|0|62|0
B|93244|Датчик температуры|135|0|158|0
B|287011|Датчик температуры|55|0|486|0
B|286663|Датчик дыма|89|0|97|0
B|147135|Состояние фазы|5|0|15|0
B|147107|Переключатель|3|0|305|0
B|228684|Датчик дыма|25|0|33|0
B|278370|Датчик дыма|12|0|20|0
B|267738|Датчик дыма|10|0|16|0
B|287354|Датчик дыма|73|0|81|0
B|262096|Датчик дыма|16|4|23|5
B|287427|Датчик дыма|73|0|83|0
B|262074|Датчик дыма|17|4|28|7
B|115783|Состояние фазы|7|0|193|0
B|263363|Датчик дыма|20|0|43|0
B|212634|Датчик дыма|19|0|29|0
B|116096|Газовый датчик|6|0|8574|0
B|228973|Датчик дыма|388|0|400|0
B|94145|Тепловой датчик|84|0|92|0
B|230944|Состояние насоса|21|10|1997|261
B|144737|Датчик движения|15|0|141|0
B|267634|Датчик дыма|8|0|18|0
B|147017|Датчик движения|11|0|1235|0
B|268866|Датчик дыма|3|0|13|0
B|228993|Датчик дыма|386|0|397|0
B|278526|Датчик дыма|13|0|19|0
B|278432|Датчик дыма|8|0|16|0
B|120560|Тепловой датчик|13|0|14|0
B|216263|Датчик движения|8|0|277|0
B|287279|Датчик дыма|69|0|77|0
B|287444|Датчик дыма|73|0|81|0
B|147171|Переключатель|3|0|255|0
B|232226|Датчик движения|1|0|545|0
B|289247|Датчик дыма|80|0|88|0
B|120315|Датчик движения|118|0|11018|0
B|95365|Состояние фазы|2|0|20|0
B|229368|Датчик дыма|35|0|47|1
B|330596|КД Дверь|19|0|597|0
B|333656|Состояние фазы|85|27|101|12
B|267866|ИБП|2|0|33|0
B|193185|Датчик температуры|14|0|191|0
B|267724|Датчик дыма|9|0|15|0
B|95364|Состояние фазы|2|0|22|0
B|212644|КД Дверь|18|0|320|0
B|197159|Состояние фазы|32|0|368|0
B|120578|КД АВ|18|0|40|0
B|287591|Датчик дыма|76|0|98|0
B|330235|КД Дверь|9|0|484|0
B|2992|КД Дверь|23|0|204|0
B|330398|КД Дверь|8|0|1390|0
B|212560|Датчик дыма|17|0|25|0
B|93615|Тепловой датчик|92|0|94|0
B|262701|Датчик дыма|7|0|13|0
B|228239|Датчик температуры|8|0|107|0
B|212330|Датчик дыма|11|0|19|0
B|229251|Датчик дыма|261|0|272|0
B|179209|Состояние насоса|15|0|4518|893
B|93628|Датчик дыма|101|39|140|62
B|334236|Датчик дыма|58|7|84|16
B|229517|Датчик дыма|17|0|50|0
B|330645|КД Дверь|21|0|569|0
B|330609|ИБП|18|3|49|5
B|232214|КД Дверь|0|0|196|0
B|229160|Датчик дыма|27|0|61|0
B|286885|Датчик движения|8|0|650|0
B|135220|КД Люк|17|0|48|0
B|212844|Состояние фазы|22|4|758|145
B|120525|Тепловой датчик|8|0|9|0
B|262603|Датчик дыма|8|0|14|0
B|179167|Состояние фазы|7|0|511|0
B|196786|Газовый датчик|28|0|800025|2807
B|262546|Датчик дыма|10|0|16|0
B|228913|Датчик дыма|388|0|401|0
B|289248|Датчик дыма|80|0|88|0
B|215799|Переключатель|14|0|118|0
B|212566|КД АВ|17|0|271|0
B|179390|Переключатель|6|0|716|0
B|287028|КД Дверь|54|0|672|0
B|214266|Переключатель|3|0|167|0
B|228372|КД Дверь|26|0|42|0
B|333993|Датчик дыма|36|0|44|0
B|77770|Датчик движения|153|0|47556|0
B|144764|Датчик температуры|24|0|215|0
B|228647|Датчик дыма|26|0|45|0
B|278469|Датчик дыма|8|0|14|0
B|334761|Датчик дыма|280|38|406|60
B|229260|Датчик дыма|262|0|275|0
B|120524|Тепловой датчик|8|0|9|0
B|287837|Датчик дыма|80|0|88|0
B|267041|Переключатель|11|0|561|0
B|287382|Датчик дыма|73|0|89|0
B|229838|Состояние УИР-Р|21|0|36|0
B|232207|КД Дверь|0|0|8|0
B|115711|Переключатель|6|0|330|0
B|94203|Тепловой датчик|57|0|75|0
B|230548|Газовый датчик|23|13|75|0
B|196907|Датчик движения|37|0|423|0
B|98191|Датчик дыма|57|11|76|22
B|262572|Датчик дыма|10|0|16|0
B|330503|9-секционный люк|19|2|61|18
B|196648|Состояние вентилятора|6|0|569|0
B|229928|Состояние УИР-Р|19|0|31|0
B|115370|КД АВ|2|0|28|0
B|333755|Переключатель|85|0|136|0
B|334605|Датчик дыма|63|0|76|0
B|213007|Состояние УИР-Р|21|0|93|0
B|228764|Датчик дыма|39|0|80|0
B|287272|Датчик дыма|69|0|77|0
B|196897|Датчик движения|20|0|922|0
B|143505|Датчик дыма|19|0|143|0
B|286826|Датчик движения|4|0|2962|0
B|229666|Состояние фазы|108|2|328|132
B|287245|Датчик дыма|65|0|74|0
B|228193|Датчик температуры|161|0|359|0
B|286810|Датчик температуры|13|0|558|7
B|334536|Датчик дыма|58|0|73|0
B|120691|Состояние УИР-Р|6|0|19|0
B|333968|Датчик дыма|29|0|39|0
B|215910|Переключатель|21|0|129|0
B|120683|Состояние УИР-Р|11|0|26|0
B|289213|Датчик дыма|78|0|90|0
B|228640|Датчик дыма|21|0|57|2
B|115781|Переключатель|8|0|174|0
B|93475|Датчик температуры|11|0|239|0
B|93440|Тепловой датчик|6|0|10|0
B|333739|Переключатель|136|0|224|0
B|287032|Датчик движения|55|0|1125|0
B|278190|Состояние УИР-Р|7|0|13|0
B|120156|Датчик температуры|10|0|27|0
B|286868|Датчик движения|6|0|186|0
B|229464|Датчик дыма|49|3|105|46
B|262599|Датчик дыма|8|0|14|0
B|158954|Газовый датчик|0|0|1742291|0
B|287076|Датчик дыма|0|0|50|0
B|333762|Состояние фазы|76|0|333|0
B|267045|Состояние фазы|7|0|84|21
B|287729|Датчик дыма|78|0|88|0
B|77785|КД Дверь|13|0|945|0
B|286065|Состояние УИР-Р|52|0|64|0
B|273251|Переключатель|7|0|419|0
B|236734|Состояние вентилятора|13|3|965|212
B|213157|Состояние УИР-Р|21|0|52|0
B|333939|Датчик дыма|123|0|156|0
B|267653|Датчик дыма|8|0|20|0
B|116092|Газовый датчик|6|0|87|0
B|267709|Датчик дыма|9|0|15|0
B|193120|Датчик температуры|9|0|79|0
B|162801|КД АВ|43|41|86|42
B|3094|Датчик дыма|21|0|39|9
B|287265|Датчик дыма|69|0|81|0
B|197298|Состояние УИР-Р|1825|0|1840|0
B|115589|Переключатель|7|0|341|0
B|230772|Датчик движения|2|0|56|0
B|229270|Датчик дыма|259|0|274|0
B|228947|Датчик дыма|389|0|400|0
B|144816|КД Дверь|15|0|314|0
B|334264|Датчик дыма|87|2|103|3
B|287728|Датчик дыма|78|0|86|0
B|278046|Состояние фазы|11|0|547|0
B|228934|Датчик дыма|387|0|398|0
B|267328|Газовый датчик|20|0|54550|9
B|330331|ИБП|8|2|35|10
B|115995|Состояние УИР-Р|7|0|43|0
B|93502|Тепловой датчик|70|0|94|0
B|94106|КД АВ|110|0|292|0
B|287256|Датчик дыма|65|0|82|1
B|287333|Датчик дыма|69|0|77|0
B|215894|Состояние насоса|21|1|386|289
B|3124|Состояние УИР-Р|7|0|24|0
B|229970|Состояние УИР-Р|35|0|54|0
B|334389|Датчик дыма|45|0|61|0
B|215870|Переключатель|17|0|129|0
B|196777|Газовый датчик|28|0|752079|2484
B|333502|Переключатель|31|0|42|0
B|262636|Датчик дыма|8|0|14|0
B|288186|Газовый датчик|0|0|236077|18192
B|286323|Состояние УИР-Р|54|0|133|0
B|120368|Датчик температуры|20|0|640|0
B|115959|Состояние УИР-Р|6|0|18|0
B|93193|Датчик движения|7|0|489|0
B|286371|Состояние УИР-Р|52|0|60|0
B|263369|КД Дверь|22|0|69|0
B|269527|Датчик дыма|8|0|23|0
B|229154|Датчик дыма|27|0|81|0
B|334738|Датчик дыма|42|2|185|128
B|287020|Датчик температуры|54|0|471|0
B|143717|Датчик движения|5|0|27|0
B|256085|Тепловой датчик|13|0|13|0
B|93259|Датчик движения|109|0|193|0
B|228621|Датчик дыма|25|0|40|0
B|334455|Датчик дыма|48|0|60|0
B|333782|Состояние насоса|116|99|8942|4152
B|330518|КД АВ|12|5|230|10
B|212599|Датчик движения|19|0|455|0
B|143661|Датчик движения|10|0|32|0
B|98174|Датчик дыма|111|66|129|76
B|236745|Переключатель|0|0|678|0
B|228305|КД Дверь|10|0|54|0
B|212724|Датчик дыма|17|0|26|1
B|95376|Состояние насоса|2|1|329|265
B|196727|Газовый датчик|34|0|859153|1979
B|171616|Датчик движения|36|0|52560|0
B|144839|КД Люк|24|0|39|0
B|115559|Состояние фазы|8|0|150|0
B|334253|Ручной извещатель|42|10|62|15
B|278376|Датчик дыма|12|0|124|0
B|268110|Переключатель|0|0|326|0
B|209988|Стекло|16|0|76|0
B|232227|Датчик движения|1|0|25|0
B|231318|Датчик движения|4|0|24904|0
B|197274|Состояние УИР-Р|50|0|68|0
B|262083|Датчик дыма|16|4|23|5
B|231865|Датчик движения|1|0|63|0
B|157297|КД Дверь|17|0|41|0
B|229716|Переключатель|42|0|234|0
B|297165|Датчик дыма|13|0|44|0
B|135211|КД АВ|19|0|51|0
B|228178|Датчик движения|18|0|1046|0
B|212756|ИБП|19|0|37|0
B|289217|Датчик дыма|80|0|88|0
B|236781|Состояние фазы|0|0|442|0
B|287373|Датчик дыма|73|0|83|0
B|261979|Датчик дыма|10|0|16|0
B|266753|Датчик движения|3|0|753|0
B|262112|Датчик дыма|17|4|24|5
B|267613|Датчик дыма|8|0|14|0
B|229686|Состояние фазы|126|41|336|158
B|229477|Датчик дыма|50|3|102|38
B|154122|Датчик температуры|11|0|33|0
B|115310|Датчик движения|2|0|516|0
B|334234|Датчик дыма|58|7|83|19
B|334246|Датчик дыма|58|7|83|19
B|267214|Состояние УИР-Р|7|0|109|0
B|267780|Датчик дыма|10|0|16|0
B|267767|Датчик дыма|10|0|16|0
B|287491|Датчик дыма|77|0|87|0
B|278464|Датчик дыма|8|0|16|0
B|196906|Датчик температуры|21|0|93|0
B|196632|Состояние фазы|6|0|233|0
B|228339|КД АВ|10|0|46|0
B|277886|КД Дверь|11|0|477|0
B|278232|Состояние УИР-Р|11|0|21|0
B|268885|Состояние вентилятора|0|0|496|165
B|120678|Состояние УИР-Р|5|0|18|0
B|267837|Датчик дыма|9|0|15|0
B|179163|Состояние фазы|7|0|33|0
B|262687|Датчик дыма|7|0|13|0
B|287225|Датчик дыма|0|0|20|0
B|269483|Датчик дыма|7|0|19|0
B|261891|Датчик дыма|13|0|21|0
B|286997|Датчик температуры|37|0|868|0
B|285869|Стекло|54|0|96|0
B|147148|Переключатель|5|0|269|0
B|228967|Датчик дыма|389|0|400|0
B|268870|Датчик дыма|3|0|153|0
B|266649|Датчик температуры|4|0|724|0
B|287576|Датчик дыма|76|0|84|0
B|228707|Датчик дыма|26|0|40|0
B|287809|Датчик дыма|80|0|88|0
B|267748|Датчик дыма|10|0|32|0
B|287331|Датчик дыма|69|0|79|0
B|255332|КД Дверь|6|0|282|0
B|267812|Датчик дыма|9|0|15|0
B|94188|Датчик температуры|52|0|98|0
B|93928|Тепловой датчик|126|0|132|0
B|179386|Переключатель|6|0|628|0
B|120606|Тепловой датчик|9|0|10|0
B|262036|Датчик дыма|9|0|15|0
B|287595|Датчик дыма|76|0|84|0
B|267408|Газовый датчик|11|0|504|0
B|213169|Состояние УИР-Р|23|0|64|0
B|334313|Датчик дыма|86|3|198|47
B|277855|Датчик движения|9|0|221|0
B|262054|Датчик дыма|17|4|26|5
B|143511|КД Дверь|19|0|329|0
B|3092|Датчик движения|16|0|20118|0
B|278527|Датчик дыма|13|0|19|0
B|286233|Состояние УИР-Р|54|0|91|0
B|212500|Датчик дыма|18|0|92|11
B|213055|Состояние УИР-Р|22|0|457|0
B|267717|Датчик дыма|9|0|15|0
B|230270|Состояние УИР-Р|19|0|31|0
B|229440|Датчик дыма|47|2|205|60
B|269202|Состояние УИР-Р|6|0|247|0
B|93464|Тепловой датчик|8|0|8|0
B|229170|Датчик дыма|27|0|55|0
B|95480|Состояние фазы|2|0|112|0
B|267706|Датчик дыма|9|0|15|0
B|157322|Состояние УИР-Р|4|0|34|0
B|287228|Датчик дыма|65|0|80|0
B|116128|Газовый датчик|5|0|8651|0
B|96471|Состояние фазы|60|0|108|0
B|284722|Датчик дыма|6|0|12|0
B|267573|Датчик дыма|8|0|14|0
B|143493|Датчик дыма|16|4|32|5
B|77786|Датчик температуры|13|0|126|0
B|229558|Датчик дыма|50|0|60|0
B|230939|Состояние фазы|21|0|209|0
B|50965|Датчик температуры|6|0|30|0
B|196514|КД Дверь|22|0|152|0
B|95367|Состояние фазы|2|0|14|0
B|103973|Состояние фазы|0|0|382|0
B|94857|Датчик дыма|61|1|75|8
B|288206|Газовый датчик|0|0|5971|1
B|278042|Переключатель|10|0|435|0
B|93481|Датчик температуры|9|0|75|0
B|287365|Датчик дыма|73|0|83|0
B|96449|Состояние фазы|64|0|78|0
B|330711|Датчик температуры|28|0|357|0
B|196695|Состояние фазы|6|0|89|0
B|334187|Ручной извещатель|34|21|68|42
B|331474|Газовый датчик|29|0|84|0
B|267083|Состояние вентилятора|7|1|617|139
B|330488|КД Дверь|11|0|1480|0
B|269547|Датчик дыма|8|0|21|0
B|212592|Датчик дыма|19|0|28|2
B|117764|Состояние фазы|6|0|358|22
B|229663|Состояние вентилятора|29|9|465|178
B|212325|КД АВ|11|0|49|0
B|197255|Состояние УИР-Р|2|0|32|0
B|284681|Датчик дыма|3|0|9|0
B|230906|Состояние насоса|27|16|428|77
B|196903|Датчик движения|21|0|41|0
B|95356|Состояние фазы|13|0|14|0
B|333611|Состояние фазы|29|0|321|0
B|93805|Датчик движения|57|0|100|0
B|277948|КД Люк|10|0|28|9
B|268288|Газовый датчик|0|0|24927|0
B|228964|Датчик дыма|388|0|401|0
B|287738|Датчик дыма|78|0|86|0
B|287352|Датчик дыма|73|0|81|0
B|269685|Датчик дыма|8|0|18|0
B|231728|КД Дверь|0|0|224|0
B|228571|Датчик температуры|15|7|40772|40716
B|93982|Датчик дыма|91|49|127|69
B|143642|Датчик дыма|8|0|28|0
B|116091|Газовый датчик|6|0|7153|0
B|229439|Датчик дыма|45|2|193|57
B|158964|Газовый датчик|0|0|147959|0
B|330606|Датчик температуры|31|0|69|0
B|231796|Датчик дыма|0|0|8|0
B|228427|КД Дверь|20|0|340|0
B|115787|Состояние вентилятора|7|0|285|60
B|286998|Датчик движения|50|0|254|0
B|278500|Датчик дыма|13|0|19|0
B|171547|КД Дверь|30|0|138|0
B|230917|Переключатель|29|0|413|0
B|197254|Состояние УИР-Р|31|0|50|0
B|213163|Состояние УИР-Р|24|0|60|0
B|229588|Состояние насоса|37|10|175|103
B|262602|Датчик дыма|8|0|16|0
B|120365|Датчик движения|19|0|239|0
B|8819|Состояние вентилятора|4248|0|4727|0
B|196699|Состояние фазы|6|0|515|0
B|147804|Состояние вентилятора|3|0|333|0
B|334533|Датчик дыма|58|0|77|0
B|96279|Переключатель|61|0|481|0
B|287258|Датчик дыма|65|0|88|0
B|147180|Газовый датчик|6|0|8349|0
B|197125|Состояние вентилятора|54|0|468|0
B|231700|КД Дверь|0|0|342|0
B|229294|Датчик дыма|44|0|52|0
B|287517|Датчик дыма|77|0|85|0
B|229098|Датчик дыма|38|0|49|0
B|333988|Датчик дыма|35|0|43|0
B|196993|КД Люк|26|0|39|0
B|120521|Тепловой датчик|10|0|11|0
B|288065|Переключатель|0|0|662|0
B|289245|Датчик дыма|80|0|88|0
B|269553|Датчик дыма|8|0|18|0
B|230403|Газовый датчик|38|24|91|0
B|333987|Датчик дыма|35|0|43|0
B|93682|Тепловой датчик|86|0|92|0
B|197154|Состояние фазы|32|0|478|0
B|287478|Датчик дыма|73|0|81|0
B|228980|Датчик дыма|388|0|405|0
B|144846|КД АВ|15|0|204|0
B|120589|Тепловой датчик|9|0|10|0
B|236764|Переключатель|0|0|586|0
B|269666|Датчик дыма|7|0|23|0
B|268061|Состояние фазы|0|0|292|22
B|115947|Состояние УИР-Р|6|0|18|0
B|267615|Датчик дыма|8|0|16|0
B|135207|КД Дверь|20|0|338|0
B|333533|Состояние фазы|31|0|39|0
B|333701|Переключатель|60|0|95|0
B|269448|Датчик дыма|6|0|71|0
B|93567|КД АВ|111|0|187|0
B|268053|Состояние фазы|0|0|400|0
B|95505|Переключатель|2|0|32|0
B|196734|Газовый датчик|36|0|407001|3704
B|287434|Датчик дыма|73|0|81|0
B|278160|Состояние УИР-Р|7|0|19|0
B|287198|Датчик дыма|64|0|82|0
B|262088|Датчик дыма|16|4|25|6
B|147168|Переключатель|3|0|349|0
B|269127|ИБП|6|0|38|0
B|230651|Газовый датчик|71|56|277|2
B|229165|Датчик дыма|27|0|61|0
B|278507|Датчик дыма|13|0|21|0
B|103976|Переключатель|0|0|202|0
B|228782|Датчик дыма|27|0|59|0
B|287614|Датчик дыма|76|0|84|0
B|212477|Датчик дыма|15|0|23|0
B|278501|Датчик дыма|13|0|19|0
B|229473|Датчик дыма|50|3|106|49
B|214143|Переключатель|5|0|171|0
B|120413|Датчик движения|101|0|595|0
B|93825|Датчик движения|69|0|820|0
B|215794|Состояние вентилятора|14|1|272|97
B|269574|Датчик дыма|9|0|24|0
B|196741|Газовый датчик|36|1|244189|1863
B|261952|Датчик дыма|14|0|22|0
B|47840|Состояние фазы|4248|0|4265|0
B|268981|КД Дверь|6|0|178|0
B|212857|Состояние фазы|25|0|184|0
B|144755|Датчик движения|14|0|98|0
B|302192|Датчик дыма|14|0|20|0
B|3109|Состояние УИР-Р|3|0|48|0
B|269671|Датчик дыма|7|0|27|0
B|229078|Датчик дыма|36|0|47|0
B|196640|Состояние фазы|6|0|661|0
B|120263|Датчик температуры|11|0|36|0
B|278523|Датчик дыма|13|0|21|0
B|147157|Состояние вентилятора|3|0|355|0
B|287914|Состояние фазы|0|0|371|16
B|148865|Состояние фазы|3|0|149|0
B|193213|КД Дверь|19|0|68|0
B|104062|Газовый датчик|12|0|3281|0
B|120535|Датчик температуры|10|0|143|0
B|278474|Датчик дыма|8|0|14|0
B|51675|Состояние насоса|6|2|317|104
B|334405|Датчик дыма|46|0|59|0
B|267714|Датчик дыма|9|0|15|0
B|287884|Датчик дыма|80|0|88|0
B|267588|Датчик дыма|8|0|14|0
B|144769|Датчик движения|16|0|142|0
B|278398|Датчик дыма|12|0|26|0
B|115238|КД Дверь|0|0|164|0
B|144752|Датчик температуры|18|0|209|0
B|230833|Датчик движения|5|0|217|0
B|288306|Газовый датчик|0|0|876|0
B|212172|Датчик движения|5|0|603|0
B|50638|Состояние охраны|6|0|2710|0
B|116070|Газовый датчик|9|0|34511|0
B|333617|Переключатель|28|0|62|0
B|330622|(без типа)|7|0|8|0
B|193162|Тепловой датчик|9|0|10|0
B|212165|Датчик дыма|5|0|13|0
B|115674|Состояние фазы|6|0|146|0
B|330500|9-секционный люк|19|1|32|7
B|278566|Датчик дыма|13|0|21|0
B|267819|Датчик дыма|9|0|15|0
B|196950|КД АВ|42|0|193|0
B|334189|Ручной извещатель|38|26|774|746
B|278321|Газовый датчик|14|0|64673|9
B|229073|Датчик дыма|36|0|51|0
B|143613|Датчик температуры|10|0|211|0
B|230102|Состояние УИР-Р|80|0|112|0
B|77783|Датчик температуры|10|0|77|0
B|229438|Датчик дыма|47|2|200|46
B|289185|Датчик дыма|79|0|87|0
B|230864|КД Дверь|14|0|52|0
B|212148|Датчик дыма|4|0|16|2
B|268929|КД Дверь|6|0|114|0
B|287390|Датчик дыма|73|0|83|0
B|287770|Датчик дыма|80|0|88|0
B|230878|КД Дверь|13|0|175|0
B|287353|Датчик дыма|73|0|81|0
B|334691|Датчик дыма|42|0|65|0
B|212390|Датчик температуры|12|0|173|0
B|286814|Датчик движения|4|0|46|0
B|269618|Датчик дыма|9|0|20|0
B|144736|Датчик температуры|16|0|58|0
B|330590|Датчик движения|19|0|355|0
B|196905|Датчик движения|21|0|455|0
B|212372|Датчик дыма|12|1|21|2
B|121153|Состояние фазы|5|0|163|0
B|267612|Датчик дыма|8|0|14|0
B|289181|Датчик дыма|76|0|84|0
B|113998|КД Люк|11|0|28|0
B|230168|Состояние УИР-Р|27|0|79|0
B|288018|Переключатель|0|0|514|0
B|196683|Состояние вентилятора|6|0|451|0
B|93454|Тепловой датчик|9|0|19|0
B|277899|КД АВ|7|0|28|0
B|114046|Датчик движения|21|0|13411|0
B|278522|Датчик дыма|13|0|19|0
B|267792|Датчик дыма|10|0|16|0
B|287866|Датчик дыма|80|0|90|0
B|230884|Состояние фазы|14|0|176|0
B|212830|Датчик дыма|19|0|28|1
B|212926|Состояние вентилятора|22|1|502|64
B|120686|Состояние УИР-Р|5|0|18|0
B|94136|Тепловой датчик|77|0|83|0
B|212604|Датчик дыма|19|0|27|0
B|93191|Датчик движения|44|0|296|0
B|94016|Тепловой датчик|56|0|59|0
B|334748|Ручной извещатель|36|11|669|631
B|287091|Датчик дыма|62|0|70|0
B|286473|Состояние УИР-Р|58|0|70|0
B|94160|Тепловой датчик|57|0|61|0
B|197346|Состояние УИР-Р|16193|0|16234|0
B|287495|Датчик дыма|77|0|85|0
B|262041|Датчик дыма|9|0|15|0
B|147011|КД Дверь|15|0|47|0
B|334757|Датчик дыма|280|44|2135|1786
B|269653|Датчик дыма|10|0|20|0
B|214136|Переключатель|5|0|19|0
B|267755|Датчик дыма|10|0|16|0
B|267707|Датчик дыма|9|0|15|0
B|212946|Переключатель|21|0|45|0
B|287465|Датчик дыма|73|0|83|0
B|334643|Датчик дыма|43|0|57|0
B|261885|Датчик дыма|14|0|22|0
B|93498|Тепловой датчик|82|0|84|0
B|229353|Датчик дыма|43|0|54|0
B|287813|Датчик дыма|80|0|90|0
B|286587|Состояние УИР-Р|59|0|67|0
B|267671|Датчик дыма|9|0|15|0
B|261959|Датчик дыма|14|0|20|0
B|229066|Датчик дыма|36|0|45|0
B|212603|Датчик температуры|19|0|261|0
B|269608|Датчик дыма|9|0|22|0
B|268183|Газовый датчик|0|0|21385|0
B|262026|Датчик дыма|10|0|16|0
B|196756|Газовый датчик|29|2|841821|7187
B|333742|Состояние насоса|206|186|1796|1400
B|98141|КД Дверь|38|0|116|0
B|288286|Газовый датчик|0|0|108005|100
B|115390|КД АВ|2|0|30|0
B|231871|Датчик дыма|1|0|9|0
B|230508|Газовый датчик|19|9|78|2
B|94002|КД Дверь|129|0|210|0
B|334186|Ручной извещатель|33|21|70|46
B|269690|Датчик дыма|7|0|19|0
B|268008|Состояние фазы|0|0|185|53
B|266775|Датчик температуры|5|0|38|0
B|158949|Газовый датчик|0|0|284782|0
B|288301|Газовый датчик|0|0|59420|2
B|147036|Состояние УИР-Р|5|0|33|0
B|77534|Датчик дыма|27|1|42|5
B|334267|Датчик дыма|87|3|102|4
B|193093|Датчик движения|9|0|3006|0
B|228990|Датчик дыма|388|0|399|0
B|196467|Датчик температуры|234|0|289|0
B|287851|Датчик дыма|80|0|88|0
B|262556|Датчик дыма|10|0|18|0
B|228760|Датчик дыма|40|0|63|0
B|178332|Состояние охраны|23|0|71|0
B|214238|Состояние фазы|3|0|359|0
B|269694|Датчик дыма|8|0|23|0
B|230418|Газовый датчик|62|48|76|0
B|278547|Датчик дыма|13|0|21|0
B|93452|Датчик температуры|6|0|23|0
B|3009|КД АВ|19|0|183|0
B|196464|Датчик дыма|234|53|258|64
B|262648|Датчик дыма|8|0|18|0
B|179168|Состояние фазы|7|0|761|0
B|267604|Датчик дыма|8|0|14|0
B|171617|КД Дверь|36|0|598|0
B|284907|Датчик дыма|11|0|17|0
B|262111|Датчик дыма|16|4|25|5
B|262068|Датчик дыма|17|4|27|7
B|286699|Датчик дыма|80|0|88|0
B|213813|Газовый датчик|4|0|17782|0
B|193146|КД Дверь|9|0|86|0
B|212250|Датчик дыма|9|0|17|0
B|231925|КД Дверь|1|0|811|0
B|197175|Переключатель|49|0|445|0
B|228787|Датчик дыма|39|0|56|0
B|96455|Состояние насоса|60|2|250|99
B|96291|Переключатель|61|0|66|0
B|267761|Датчик дыма|10|0|16|0
B|267739|Датчик дыма|10|0|16|0
B|230383|Газовый датчик|86|71|109|0
B|287347|Датчик дыма|73|0|81|0
B|229451|Датчик дыма|46|3|258|64
B|286855|КД АВ|6|0|74|0
B|333769|Состояние вентилятора|29|14|281|112
B|284714|Тепловой датчик|5|0|7|0
B|120246|Ручной извещатель|16|0|35|0
B|286353|Состояние УИР-Р|56|0|65|0
B|287815|Датчик дыма|80|0|88|0
B|214214|Состояние фазы|3|0|15|0
B|98171|КД Дверь|118|0|170|0
B|267618|Датчик дыма|8|0|14|0
B|197366|Состояние УИР-Р|27|0|43|0
B|214131|Состояние вентилятора|5|2|220|28
B|96282|Переключатель|61|0|469|0
B|278220|Состояние УИР-Р|10|0|18|0
B|143527|КД Дверь|19|0|105|0
B|94045|Тепловой датчик|76|0|80|0
B|9366|Датчик температуры|107|0|123|0
B|334532|Датчик дыма|58|0|73|0
B|229515|Датчик дыма|41|0|58|0
B|334673|Ручной извещатель|36|8|61|12
B|286419|Состояние УИР-Р|55|0|67|0
B|261903|Датчик дыма|13|0|23|0
B|197335|Состояние УИР-Р|1101|0|1127|0
B|115320|КД АВ|2|0|164|0
B|96320|Состояние фазы|60|0|90|0
B|334417|Датчик дыма|46|0|59|0
B|278429|Датчик дыма|8|0|14|0
B|230832|КД Дверь|5|0|299|0
B|212739|КД Дверь|15|0|521|0
B|334600|Датчик дыма|63|8|81|13
B|287000|КД Дверь|49|0|72|0
B|2985|Датчик температуры|17|0|581|0
B|287768|Датчик дыма|80|0|88|0
B|268867|Датчик дыма|3|0|17|0
B|93721|(без типа)|63|23|88|27
B|231891|КД Дверь|1|0|625|0
B|154847|Датчик дыма|17|3|42|21
B|284897|Тепловой датчик|11|0|11|0
B|229379|Датчик дыма|35|0|51|4
B|77828|КД Дверь|33|0|193|0
B|77771|Датчик температуры|153|0|215|0
B|267502|Датчик дыма|8|0|18|0
B|261902|Датчик дыма|13|0|19|0
B|333424|Состояние вентилятора|30|12|311|157
B|287392|Датчик дыма|73|0|83|0
B|334292|Датчик дыма|87|3|687|544
B|287153|Датчик дыма|64|0|76|0
B|229606|Переключатель|13|0|465|0
B|144824|КД Дверь|15|0|409|0
B|228434|Датчик температуры|16|0|59|0
B|267579|Датчик дыма|8|0|14|0
B|212682|Датчик дыма|15|0|23|0
B|269675|Датчик дыма|8|0|20|0
B|228363|КД Дверь|12|0|492|0
B|268173|Газовый датчик|0|0|103027|0
B|229534|Датчик дыма|50|0|62|0
B|287151|Датчик дыма|64|0|74|0
B|285857|Датчик движения|54|0|52692|0
B|262072|Датчик дыма|17|4|25|6
B|334411|Датчик дыма|46|0|59|0
B|266662|КД Дверь|6|0|378|0
B|212075|КД Дверь|15|0|43|0
B|196750|Газовый датчик|40|0|410392|1850
B|213809|Газовый датчик|4|0|226|0
B|229178|Датчик дыма|27|0|53|0
B|284918|Тепловой датчик|18|0|18|0
B|229644|Состояние фазы|53|0|160|0
B|213289|Состояние УИР-Р|20|0|122|0
B|212510|Датчик движения|15|0|33|0
B|212357|Датчик движения|12|0|88|0
B|287197|Датчик дыма|64|0|74|0
B|229122|Датчик дыма|27|0|71|0
B|333485|Переключатель|31|0|102|0
B|289233|Датчик дыма|80|0|88|0
B|228929|Датчик дыма|386|0|397|0
B|286107|Состояние УИР-Р|50|0|60|0
B|144743|Датчик движения|16|0|270|0
B|269122|Датчик температуры|6|0|152|0
B|214135|Переключатель|5|0|677|0
B|212818|Датчик движения|20|0|36|0
B|268996|КД Дверь|7|0|23|0
B|196637|Состояние фазы|6|0|229|0
B|236775|Переключатель|0|0|8|0
B|96381|Переключатель|60|0|406|0
B|229177|Датчик дыма|27|0|53|0
B|228410|Датчик движения|15|0|101|0
B|212746|КД АВ|15|0|43|0
B|51693|Переключатель|3|0|395|0
B|284850|Тепловой датчик|10|0|10|0
B|269370|Состояние УИР-Р|7|0|59|0
B|96363|Переключатель|60|0|148|0
B|171558|Датчик движения|25|0|501277|0
B|334294|Датчик дыма|87|3|103|5
B|95371|Состояние фазы|2|0|8|0
B|229574|Датчик дыма|51|0|61|0
B|229038|Датчик дыма|37|0|46|0
B|143596|КД Дверь|7|0|185|0
B|116106|Газовый датчик|12|0|11616|0
B|212525|Датчик дыма|16|0|24|0
B|287630|Датчик дыма|79|0|87|0
B|229576|Датчик дыма|50|0|62|0
B|93530|Тепловой датчик|81|0|83|0
B|333567|Переключатель|29|0|135|0
B|77550|Датчик движения|11|0|931|0
B|94044|Тепловой датчик|76|0|80|0
B|143544|Датчик дыма|17|1|34|4
B|120257|Датчик дыма|14|0|29|6
B|116116|Газовый датчик|12|0|13640|0
B|120569|Тепловой датчик|16|0|17|0
B|93865|Датчик движения|59|0|409|0
B|147100|Состояние фазы|3|0|9|0
B|256120|Датчик дыма|13|0|22|1
B|334446|Датчик дыма|48|0|60|0
B|288281|Газовый датчик|0|0|67325|19
B|229283|Датчик дыма|43|0|55|0
B|231803|Датчик дыма|0|0|8|0
B|193151|Тепловой датчик|9|0|10|0
B|120595|Датчик дыма|16|0|29|6
B|268278|Газовый датчик|0|0|72791|0
B|212914|Состояние фазы|22|0|580|0
B|94028|Тепловой датчик|108|0|113|0
B|193150|Датчик температуры|9|0|75|0
B|268026|Переключатель|0|0|326|0
B|229131|Датчик дыма|27|0|71|0
B|268062|Переключатель|0|0|344|0
B|287965|Состояние фазы|0|0|166|0
B|334476|Датчик дыма|48|0|58|0
B|267566|Датчик дыма|8|0|14|0
B|197143|Состояние фазы|34|0|183|0
B|262002|Датчик дыма|10|0|16|0
B|229619|Состояние фазы|12|0|423|8
B|308170|КД АВ|8|0|64|0
B|98283|Состояние фазы|59|0|62|0
B|334345|Датчик дыма|48|0|83|0
B|289229|Датчик дыма|80|0|88|0
B|284882|Датчик дыма|9|0|15|0
B|268979|Датчик температуры|22|0|863|0
B|93819|Датчик движения|94|0|303|0
B|277916|Датчик температуры|11|0|1405|0
B|287560|Датчик дыма|77|0|85|0
B|90716|КД Люк|12|0|34|0
B|120169|Датчик движения|9|0|158|0
B|228943|Датчик дыма|386|0|397|0
B|289194|Датчик дыма|79|0|87|0
B|96377|Переключатель|60|0|134|0
B|267825|Датчик дыма|9|0|15|0
B|214903|КД Дверь|6|0|6866|0
B|116090|Газовый датчик|6|0|1896|0
B|230769|Датчик движения|2|0|1022|0
B|94835|Датчик дыма|132|108|156|123
B|287721|Датчик дыма|78|0|86|0
B|333684|Переключатель|148|0|313|0
B|288064|Переключатель|0|0|2|0
B|278531|Датчик дыма|13|0|21|0
B|330552|Датчик движения|12|0|1184|0
B|230393|Газовый датчик|371|317|166|6
B|231707|КД АВ|113|0|145|0
B|333476|Состояние фазы|31|1|409|63
B|277953|Датчик температуры|13|0|138|0
B|286503|Состояние УИР-Р|57|0|69|0
B|228732|Датчик дыма|41|0|68|0
B|228975|Датчик дыма|388|0|399|0
B|115536|КД Дверь|14|0|34|0
B|286884|Датчик температуры|8|0|225|0
B|267030|Состояние фазы|10|0|55|0
B|330475|КД Дверь|12|0|825|0
B|228641|Датчик дыма|25|0|46|0
B|228944|Датчик дыма|386|0|397|0
B|230940|Переключатель|21|0|213|0
B|267007|Переключатель|9|0|67|0
B|269594|Датчик дыма|9|0|20|0
B|267737|Датчик дыма|10|0|16|0
B|196522|Датчик температуры|21|0|159|0
B|334193|Датчик дыма|58|7|75|12
B|93542|Тепловой датчик|84|0|86|0
B|333737|Состояние фазы|136|119|182|153
B|135197|Датчик движения|13|0|8507|0
B|308076|Состояние насоса|6|0|334|240
B|255387|Состояние УИР-Р|21|0|27|0
B|331394|Газовый датчик|31|0|61|0
B|287905|Состояние фазы|0|0|821|62
B|115754|Состояние фазы|7|0|27|0
B|333450|Состояние фазы|28|0|304|0
B|116079|Газовый датчик|8|0|6658|0
B|213434|Состояние вентилятора|22|1|490|46
B|333503|Переключатель|31|0|87|0
B|333996|Датчик дыма|37|0|45|0
B|215864|Состояние насоса|17|1|366|205
B|115893|Состояние УИР-Р|10|0|20|0
B|267701|Датчик дыма|9|0|15|0
B|263361|КД Дверь|20|0|579|0
B|287840|Датчик дыма|80|0|92|0
B|3096|Датчик дыма|15|2|27|9
B|229290|Датчик дыма|43|0|51|0
B|334326|Датчик дыма|49|0|62|0
B|213483|Состояние фазы|22|0|188|0
B|212773|Датчик дыма|17|0|51|0
B|330514|КД Дверь|12|0|25|0
B|262614|Датчик дыма|8|0|14|0
B|289197|Датчик дыма|79|0|87|0
B|147053|Состояние УИР-Р|8|0|35|0
B|287401|Датчик дыма|73|0|81|0
B|147052|Состояние УИР-Р|5|0|35|0
B|212135|КД Дверь|4|0|2832|0
B|179381|Переключатель|12|0|902|0
B|278438|Датчик дыма|8|0|34|0
B|77835|Датчик температуры|65|0|366|0
B|50733|Датчик температуры|3|0|3|0
B|95393|Состояние вентилятора|2|0|476|0
B|262644|Датчик дыма|8|0|14|0
B|334447|Датчик дыма|48|0|62|0
B|51139|Состояние фазы|6|0|300|0
B|286938|Датчик движения|32|0|1248|0
B|229168|Датчик дыма|27|0|65|0
B|93616|Тепловой датчик|92|0|94|0
B|266860|Датчик движения|7|0|18|0
B|230781|КД Дверь|2|0|36|0
B|196523|Датчик дыма|23|5|42|16
B|117765|Переключатель|6|0|330|0
B|215847|Состояние вентилятора|17|1|448|198
B|227487|Состояние фазы|13|0|147|20
B|334737|Датчик дыма|43|2|220|169
B|115797|Состояние насоса|6|0|82|35
B|193127|Тепловой датчик|9|0|10|0
B|120557|КД Дверь|14|0|168|0
B|229916|Состояние УИР-Р|26|0|34|0
B|196726|Газовый датчик|34|1|1341448|4114
B|120607|Тепловой датчик|9|0|10|0
B|286557|Состояние УИР-Р|59|0|67|0
B|115381|Датчик движения|2|0|206|0
B|229130|Датчик дыма|27|0|71|0
B|278448|Датчик дыма|8|0|18|0
B|229375|Датчик дыма|35|0|62|8
B|8832|Переключатель|4249|0|4590|0
B|196981|КД Дверь|28|0|419|0
B|267256|Состояние УИР-Р|7|0|15|0
B|196967|КД АВ|22|0|147|0
B|308187|КД АВ|42|0|112|0
B|278374|Датчик дыма|12|0|22|0
B|262672|Датчик дыма|7|0|13|0
B|262031|Датчик дыма|9|0|15|0
B|212349|Датчик дыма|11|0|19|0
B|286083|Состояние УИР-Р|55|0|85|0
B|96463|Состояние насоса|60|2|256|125
B|212622|Датчик дыма|18|0|30|0
B|267592|Датчик дыма|8|0|14|0
B|93557|Тепловой датчик|372|0|376|0
B|269550|Датчик дыма|7|0|19|0
B|96467|Состояние фазы|60|0|144|0
B|289225|Датчик дыма|80|0|90|0
B|262618|Датчик дыма|8|0|14|0
B|120398|Датчик температуры|9|0|55|0
B|93661|Тепловой датчик|102|0|108|0
B|267584|Датчик дыма|8|0|14|0
B|77705|Датчик температуры|128|0|262|0
B|287175|Датчик дыма|64|0|84|0
B|334310|Датчик дыма|84|2|188|3
B|229410|Датчик дыма|34|0|56|0
B|236728|ИБП|15|0|22|0
B|158991|Состояние фазы|0|0|270|6
B|333945|Ручной извещатель|31|6|40|6
B|120273|КД Дверь|18|0|99|0
B|267601|Датчик дыма|8|0|14|0
B|228560|Датчик температуры|18|0|75|0
B|196623|Состояние насоса|118|0|18574|1648
B|278326|Газовый датчик|12|0|34580|14
B|95391|Состояние фазы|2|0|84|0
B|230925|Переключатель|43|0|225|0
B|196509|Датчик дыма|24|1|46|12
B|77833|КД АВ|65|0|241|0
B|269088|Датчик температуры|6|0|1811|0
B|330610|ИБП|18|3|52|6
B|120346|Датчик температуры|9|0|112|0
B|212115|Датчик движения|5|0|1111|0
B|120245|Датчик дыма|16|1|33|8
B|229380|Датчик дыма|35|0|48|5
B|116127|Газовый датчик|5|0|1717|0
B|333592|Переключатель|28|0|76|0
B|228737|Датчик дыма|41|0|58|0
B|120379|Датчик движения|9|0|901|0
B|230054|Состояние УИР-Р|67|0|171|0
B|95401|Состояние вентилятора|2|0|460|0
B|228925|Датчик дыма|389|0|404|0
B|286670|Датчик дыма|80|0|88|0
B|333579|Состояние фазы|29|5|53|19
B|269641|Датчик дыма|9|0|19|0
B|120553|Тепловой датчик|12|0|13|0
B|334434|Ручной извещатель|29|4|45|7
B|334519|Датчик дыма|46|0|58|2
B|334439|Датчик дыма|48|0|58|0
B|330474|КД Дверь|12|0|218|0
B|287559|Датчик дыма|77|0|87|0
B|193175|Тепловой датчик|9|0|10|0
B|9329|Состояние охраны|16|0|1924|0
B|229702|Состояние фазы|32|0|183|0
B|196961|КД Дверь|42|0|275|0
B|334224|Датчик дыма|58|8|87|18
B|230787|КД Дверь|2|0|34|0
B|196998|Датчик температуры|25|0|97|0
B|51663|Состояние фазы|3|0|325|0
B|93700|Тепловой датчик|67|0|67|0
B|266908|Датчик температуры|6|0|1628|3
B|229447|Датчик дыма|27|4|119|29
B|115749|Состояние вентилятора|7|0|253|49
B|334535|Датчик дыма|58|0|74|0
B|228241|КД АВ|8|0|36|0
B|269447|Датчик дыма|6|0|46|0
B|196689|Состояние насоса|6|0|349|135
B|287574|Датчик дыма|76|0|88|0
B|179217|Состояние насоса|7|0|381|311
B|94001|Датчик дыма|129|100|145|105
B|268243|Газовый датчик|0|0|143|0
B|115260|Датчик движения|0|0|308|0
B|228860|Датчик дыма|29|0|39|0
B|284865|Тепловой датчик|9|0|9|0
B|214248|Переключатель|3|0|679|0
B|147811|Состояние насоса|3|0|265|119
B|228821|Датчик дыма|30|0|38|0
B|261984|Датчик дыма|10|0|16|0
B|212745|Датчик дыма|15|0|23|0
B|229056|Датчик дыма|36|0|45|0
B|212769|КД Дверь|17|0|83|0
B|266922|Датчик движения|29|1|274|0
B|143610|Датчик температуры|6|0|12|0
B|77753|Датчик температуры|158|0|219|0
B|77552|Датчик движения|15|0|1609|0
B|333634|Состояние фазы|32|17|61|35
B|261973|Датчик дыма|9|0|17|0
B|230829|Датчик движения|6|0|92|0
B|96302|Переключатель|63|0|187|0
B|116136|Газовый датчик|5|0|6347|0
B|93757|Датчик движения|126|0|435|0
B|229934|Состояние УИР-Р|19|0|29|0
B|269473|Датчик дыма|6|0|20|0
B|93787|Датчик движения|115|0|972|0
B|334382|Датчик дыма|45|0|73|0
B|268865|Датчик дыма|3|0|47|0
B|267494|Датчик дыма|8|0|16|0
B|268932|КД Дверь|6|0|408|0
B|171614|Датчик дыма|36|2|50|8
B|285868|КД Дверь|54|0|440|0
B|214247|Состояние фазы|3|0|3|0
B|278262|Состояние УИР-Р|10|0|92|0
B|267705|Датчик дыма|9|0|15|0
B|334682|Датчик дыма|42|0|54|0
B|229525|Датчик дыма|50|0|72|0
B|228968|Датчик дыма|389|0|404|0
B|120593|Тепловой датчик|10|0|11|0
B|229393|Датчик дыма|35|0|51|4
B|287234|Датчик дыма|65|0|80|0
B|94089|Датчик температуры|64|0|106|0
B|171584|КД Дверь|28|0|304|0
B|330669|КД Дверь|26|0|130|0
B|147209|Газовый датчик|6|1|1677|0
B|267980|Переключатель|0|0|328|0
B|214134|Переключатель|5|0|677|0
B|212208|Датчик дыма|7|1|31|6
B|179389|Переключатель|6|0|720|0
B|171606|Датчик движения|33|0|7391|0
B|229463|Датчик дыма|48|4|113|50
B|287107|Датчик дыма|62|0|70|0
B|285796|ИБП|62|1|151|21
B|287711|Датчик дыма|78|0|88|0
B|228727|Датчик дыма|41|0|68|0
B|143648|Датчик дыма|10|0|44|0
B|229571|Датчик дыма|50|0|60|0
B|334255|Ручной извещатель|45|7|67|11
B|93461|Датчик дыма|22|8|76|46
B|229850|Состояние УИР-Р|27|0|78|0
B|104011|Переключатель|0|0|476|0
B|268193|Газовый датчик|0|0|1258|0
B|148864|Состояние фазы|3|0|131|0
B|334626|Ручной извещатель|33|1|52|1
B|196974|КД Дверь|25|0|218|0
B|333467|Состояние фазы|25|0|287|0
B|285993|Состояние УИР-Р|52|0|74|0
B|287278|Датчик дыма|69|0|79|0
B|120490|Тепловой датчик|9|0|10|0
B|334618|Датчик дыма|63|0|76|0
B|228731|Датчик дыма|41|0|86|0
B|334503|Датчик дыма|39|0|47|0
B|179395|Переключатель|6|0|382|0
B|90699|КД Люк|125|0|151|0
B|334197|Датчик дыма|58|7|76|12
B|120171|Датчик движения|9|0|11340|0
B|334567|Ручной извещатель|42|21|60|27
B|268003|Переключатель|0|0|98|0
B|330207|КД Дверь|23|0|48|0
B|77537|КД Дверь|21|0|37365|0
B|2982|Датчик движения|18|0|298|0
B|93961|Тепловой датчик|152|0|157|0
B|262719|Состояние УИР-Р|17|0|40|0
B|269262|Состояние УИР-Р|6|0|20|0
B|269148|Состояние УИР-Р|23|0|35|0
B|263346|Датчик дыма|19|0|45|0
B|228768|Датчик дыма|39|0|56|0
B|103945|Состояние фазы|0|0|434|0
B|212767|Датчик движения|17|0|30|0
B|228513|Датчик температуры|20|0|151|0
B|212549|Датчик дыма|17|0|25|0
B|333976|Датчик дыма|32|0|40|0
B|334406|Датчик дыма|46|0|65|0
B|228691|Датчик дыма|25|0|41|0
B|143580|Датчик дыма|13|0|27|0
B|93639|Тепловой датчик|96|0|98|0
B|171635|КД Дверь|36|0|1976|0
B|147099|Состояние фазы|3|0|269|0
B|229125|Датчик дыма|27|0|67|0
B|212405|Датчик дыма|13|0|21|0
B|94013|Тепловой датчик|75|0|81|0
B|334771|Датчик дыма|284|8|413|26
B|286961|Датчик температуры|42|0|1434|0
B|231992|Датчик дыма|2|0|10|0
B|95358|Состояние фазы|2|0|160|0
B|269364|Состояние УИР-Р|7|0|156|0
B|230861|КД Дверь|14|0|182|0
B|230797|КД Дверь|4|0|92|0
B|230863|КД Дверь|14|0|36|0
B|95434|Переключатель|2|0|6|0
B|120610|Тепловой датчик|9|0|10|0
B|333773|Состояние фазы|83|57|90|53
B|262127|Датчик дыма|16|4|23|5
B|229491|Датчик дыма|46|3|220|162
B|193161|Тепловой датчик|9|0|10|0
B|269579|Датчик дыма|9|0|20|0
B|261895|Датчик дыма|13|0|19|0
B|228744|Датчик дыма|41|0|62|0
B|262680|Датчик дыма|7|0|13|0
B|115791|Переключатель|7|0|173|0
B|330462|КД Дверь|12|0|348|0
B|197037|Датчик температуры|24|0|115|0
B|147040|Состояние УИР-Р|5|0|33|0
B|115591|Состояние фазы|7|0|147|0
B|334400|Ручной извещатель|29|4|49|7
B|213145|Состояние УИР-Р|22|0|36|0
B|212545|КД АВ|17|0|195|0
B|115827|Состояние УИР-Р|9|0|21|0
B|115753|Состояние фазы|7|0|448|14
B|113980|Состояние охраны|21|0|1743|0
B|229077|Датчик дыма|36|0|45|0
B|197160|Состояние фазы|32|0|60|0
B|288071|Переключатель|0|0|644|0
B|116142|Газовый датчик|5|0|294|0
B|8793|Переключатель|4255|0|4623|0
B|268071|Переключатель|0|0|2|0
B|135188|Датчик температуры|13|0|84|0
B|50967|КД Дверь|2|0|12956|0
B|334652|Датчик дыма|44|1|58|2
B|147182|Газовый датчик|41|12|4637|216
B|93912|Тепловой датчик|142|0|149|0
B|2899|Датчик температуры|201|0|1339|0
B|287765|Датчик дыма|80|0|94|0
B|231352|Состояние охраны|155|0|1789|0
B|229527|Датчик дыма|50|0|66|0
B|269436|Датчик дыма|6|0|16|0
B|287246|Датчик дыма|65|0|78|0
B|316137|КД Дверь|10|0|26|0
B|287699|Датчик дыма|78|0|92|0
B|261989|Датчик дыма|10|0|18|0
B|93247|Датчик движения|142|0|232|0
B|231984|Датчик дыма|2|0|10|0
B|197031|ИБП|74|26|142|49
B|330234|КД Дверь|9|0|139|0
B|93292|Датчик температуры|186|0|213|0
B|268044|Переключатель|0|0|310|0
B|104035|Газовый датчик|11|0|5920|0
B|287529|Датчик дыма|77|0|85|0
B|334291|Датчик дыма|87|2|149|3
B|333687|Состояние фазы|55|0|94|15
B|287235|Датчик дыма|65|0|83|5
B|334765|Датчик дыма|282|0|409|14
B|197189|Переключатель|49|0|189|0
B|116132|Газовый датчик|5|0|111|0
B|287315|Датчик дыма|69|0|79|0
B|154110|КД Дверь|17|0|683|0
B|228505|Датчик температуры|17|0|52|0
B|120247|Датчик температуры|16|0|36|0
B|3060|КД Дверь|22|0|62|0
B|228716|Датчик дыма|41|0|55|2
B|179154|Состояние вентилятора|7|0|629|0
B|334551|Датчик дыма|57|0|76|1
B|196746|Газовый датчик|40|0|491159|1157
B|95387|Состояние насоса|2|1|251|166
B|2881|Датчик температуры|13|0|67|0
B|262668|Датчик дыма|7|0|15|0
B|227221|Переключатель|19|0|99|0
B|193159|КД Дверь|9|0|116|0
B|262166|Датчик дыма|15|0|21|0
B|147932|ИБП|8|0|78|0
B|120702|Состояние УИР-Р|5|0|16|0
B|261928|Датчик дыма|14|0|29|0
B|196528|КД Дверь|21|0|51|0
B|171367|Датчик движения|17|0|3605|0
B|331489|Газовый датчик|30|0|95|0
B|287972|Состояние вентилятора|0|0|1039|485
B|228209|Датчик движения|8|0|1374|0
B|228374|КД Дверь|26|0|48|0
B|230856|Датчик движения|9|0|197|0
B|266994|Состояние фазы|7|2|503|44
B|212804|Датчик дыма|20|0|28|0
B|93997|Тепловой датчик|123|0|129|0
B|262552|Датчик дыма|10|0|16|0
B|96299|Переключатель|63|0|149|0
B|230937|Состояние фазы|22|0|238|0
B|93704|Тепловой датчик|5637|0|5641|0
B|230909|Состояние фазы|23|0|315|0
B|196622|ИБП|126|0|188|0
B|334190|Ручной извещатель|38|24|778|750
B|116131|Газовый датчик|5|0|6729|0
B|179172|Состояние фазы|7|0|641|0
B|196744|Газовый датчик|36|0|231939|970
B|286946|КД Дверь|25|0|367|0
B|286125|Состояние УИР-Р|51|0|61|0
B|278565|Датчик дыма|13|0|22|3
B|95518|Переключатель|2|0|504|0
B|261947|Датчик дыма|14|0|20|0
B|51676|Состояние насоса|3|2|344|155
B|278549|Датчик дыма|13|0|19|0
B|96298|Переключатель|63|0|438|0
B|268995|КД Дверь|7|0|19|0
B|197283|Состояние УИР-Р|918|0|942|0
B|98182|Датчик дыма|52|9|120|70
B|267516|Датчик дыма|8|0|14|0
B|228938|Датчик дыма|389|0|400|0
B|93992|КД Люк|63|0|112|0
B|286944|ИБП|38|0|186|0
B|196664|Переключатель|7|0|166|0
B|286935|КД АВ|30|0|274|0
B|147123|Состояние вентилятора|5|0|325|0
B|287660|Датчик дыма|79|0|91|0
B|268049|Переключатель|0|0|316|0
B|266663|Датчик движения|6|0|40|0
B|284699|Тепловой датчик|43|41|46|40
B|266989|Переключатель|11|0|509|0
B|277955|Датчик движения|13|0|211|0
B|228991|Датчик дыма|387|0|398|0
B|95378|Состояние насоса|2|1|463|303
B|290855|Состояние фазы|64|0|224|0
B|229040|Датчик дыма|37|0|46|0
B|269634|Датчик дыма|9|0|20|0
B|96472|Состояние фазы|60|0|102|0
B|334192|Ручной извещатель|39|28|599|565
B|159014|Переключатель|1|0|145|0
B|267378|Газовый датчик|12|0|100980|48
B|266731|Датчик движения|7|0|4251|0
B|157285|КД АВ|18|0|60|0
B|196645|Состояние вентилятора|6|0|591|0
B|147806|Состояние насоса|7|0|135|53
B|334219|Датчик дыма|58|7|76|12
B|223567|КД Дверь|17|0|53|0
B|284125|Датчик движения|13|0|515|0
B|262161|Датчик дыма|15|0|21|0
B|267676|Датчик дыма|9|0|15|0
B|93669|Тепловой датчик|718|0|719|0
B|287340|Датчик дыма|73|0|81|0
B|262813|КД АВ|24|0|47|0
B|228920|Датчик дыма|391|0|402|0
B|286993|Датчик движения|52|0|836|0
B|286973|Датчик движения|46|0|84|0
B|196642|Состояние фазы|6|0|7|0
B|333971|Датчик дыма|30|0|39|0
B|120597|КД Дверь|16|0|54|0
B|143624|КД Дверь|7|0|25|0
B|196762|Газовый датчик|29|0|546538|1673
B|333902|Датчик дыма|122|0|155|0
B|212348|Датчик дыма|11|0|19|0
B|334581|Датчик дыма|62|3|77|5
B|120408|Датчик температуры|8|0|103|0
B|94182|КД Дверь|59|0|265|0
B|228797|Датчик дыма|37|0|68|0
B|230785|Датчик движения|2|0|42|0
B|8776|Состояние фазы|4272|0|4523|0
B|333700|Состояние фазы|60|1|177|48
B|228953|Датчик дыма|389|0|403|0
B|228485|КД АВ|15|0|25|0
B|287779|Датчик дыма|80|0|90|0
B|228419|Датчик температуры|30|0|76|0
B|302183|Переключатель|69|0|72|0
B|231930|Датчик движения|1|0|2761|0
B|227484|Переключатель|13|0|107|0
B|212747|Датчик движения|15|0|229|0
B|229557|Датчик дыма|51|0|65|0
B|227235|Состояние фазы|19|0|114|12
B|262699|Датчик дыма|7|0|13|0
B|277863|КД АВ|10|0|37|0
B|266699|КД Дверь|16|0|31|0
B|116083|Газовый датчик|8|0|5246|0
B|115285|КД Дверь|4|0|396|0
B|93238|Датчик температуры|397|0|609|0
B|266605|Датчик движения|16|0|737|0
B|288256|Газовый датчик|0|0|95390|950
B|262538|Датчик дыма|10|0|16|0
B|95368|Состояние фазы|2|0|16|0
B|278401|Датчик дыма|12|0|20|0
B|230759|КД Дверь|3|0|207|0
B|98160|Тепловой датчик|67|0|74|0
B|334529|Ручной извещатель|36|0|54|0
B|229400|Датчик дыма|34|0|50|0
B|93763|Датчик движения|140|0|201|0
B|197127|Состояние вентилятора|34|0|445|0
B|212287|Датчик дыма|10|0|24|2
B|212891|Переключатель|21|0|483|0
B|196518|Датчик дыма|21|2|40|13
B|330450|Датчик движения|15|0|229|0
B|120522|КД Дверь|9|0|279|0
B|120154|Датчик температуры|31|0|111|0
B|334456|Датчик дыма|48|0|60|0
B|229490|Датчик дыма|46|3|96|33
B|229671|Состояние фазы|84|2|539|87
B|196653|Состояние вентилятора|6|0|601|0
B|94852|КД Дверь|60|0|124|0
B|287550|Датчик дыма|52|0|70|0
B|96322|Состояние фазы|60|0|235|0
B|267649|Датчик дыма|8|0|14|0
B|215917|Состояние насоса|21|1|923|479
B|287513|Датчик дыма|77|0|89|0
B|333645|Состояние фазы|75|0|397|0
B|212387|ИБП|12|0|57|0
B|115740|Состояние насоса|7|0|311|115
B|229568|Датчик дыма|50|0|60|0
B|229041|Датчик дыма|37|0|46|0
B|263373|Стекло|22|0|35|0
B|287912|Состояние фазы|0|0|52|0
B|267838|Датчик дыма|9|0|17|0
B|116130|Газовый датчик|5|0|1878|0
B|287481|Датчик дыма|73|0|81|0
B|93620|Тепловой датчик|109|0|117|0
B|267852|Датчик дыма|9|0|19|0
B|147047|Состояние УИР-Р|5|0|35|0
B|8810|Газовый датчик|4243|0|4342|0
B|3120|Состояние УИР-Р|7|0|25|0
B|104065|Газовый датчик|12|0|102394|0
B|93596|Датчик температуры|92|0|167|0
B|261955|Датчик дыма|14|0|24|0
B|115389|Датчик движения|2|0|2338|0
B|147146|Переключатель|5|0|267|0
B|162769|КД Дверь|4|0|20|0
B|229319|Датчик дыма|44|0|56|0
B|334366|Датчик дыма|45|0|57|0
B|287566|Датчик дыма|77|0|93|0
B|212487|Датчик движения|15|0|153|0
B|278439|Датчик дыма|8|0|16|0
B|277878|Датчик температуры|11|0|1010|0
B|287960|Состояние вентилятора|0|0|1056|500
B|230120|Состояние УИР-Р|28|0|39|0
B|229320|Датчик дыма|44|0|52|0
B|229204|Датчик дыма|27|0|41|0
B|115977|Состояние УИР-Р|7|0|134|0
B|262168|Датчик дыма|15|0|25|0
B|228850|Датчик дыма|29|0|37|0
B|330527|КД АВ|11|0|43|4
B|287646|Датчик дыма|79|0|87|0
B|334662|Датчик дыма|45|0|60|0
B|93622|Тепловой датчик|109|0|115|0
B|143557|Датчик дыма|8|0|42|0
B|213799|Газовый датчик|4|0|8707|0
B|147032|Состояние УИР-Р|4|0|32|0
B|333972|Датчик дыма|29|0|38|0
B|143630|КД Дверь|9|0|27|0
B|262027|Датчик дыма|10|0|16|0
B|268907|КД АВ|23|0|565|0
B|267856|Датчик дыма|9|0|17|0
B|278366|Датчик дыма|12|0|20|0
B|333666|Переключатель|89|0|116|0
B|269642|Датчик дыма|9|0|20|0
B|334260|Ручной извещатель|42|16|67|22
B|286878|КД Дверь|7|0|31|0
B|267842|Датчик дыма|9|0|15|0
B|262559|Датчик дыма|10|0|16|0
B|193188|КД Дверь|12|0|43|0
B|287962|Переключатель|0|0|482|0
B|287741|Датчик дыма|78|0|86|0
B|255333|КД Дверь|6|0|284|0
B|333538|Состояние фазы|31|0|36|0
B|154123|Датчик дыма|9|0|20|4
B|143685|Датчик движения|14|0|732|0
B|288296|Газовый датчик|0|0|3431|0
B|287159|Датчик дыма|64|0|74|0
B|287254|Датчик дыма|65|0|82|0
B|214275|Переключатель|3|0|9|0
B|261966|Датчик дыма|9|0|17|0
B|215801|Состояние вентилятора|14|1|337|144
B|144850|КД АВ|14|0|81|0
B|287268|Датчик дыма|69|0|81|0
B|98179|Датчик дыма|51|17|126|81
B|116098|Газовый датчик|6|0|6793|0
B|96247|Состояние фазы|64|0|148|0
B|278400|Датчик дыма|12|0|24|0
B|262725|Состояние УИР-Р|6|0|12|0
B|212248|Датчик температуры|9|0|101|0
B|143691|Датчик движения|6|0|22|0
B|287233|Датчик дыма|65|0|78|0
B|193153|КД АВ|12|0|81|0
B|268014|Состояние фазы|0|0|252|89
B|287695|Датчик дыма|78|0|86|0
B|287249|Датчик дыма|65|0|78|0
B|3053|КД АВ|15|0|99|0
B|269599|Датчик дыма|9|0|19|0
B|77850|КД АВ|140|0|160|0
B|334471|Датчик дыма|48|0|58|0
B|330206|КД АВ|23|0|63|0
B|278478|Датчик дыма|8|0|16|0
B|229023|Датчик дыма|38|0|47|0
B|227466|Переключатель|13|0|383|0
B|269496|Датчик дыма|7|0|19|0
B|144869|Датчик температуры|17|0|40|0
B|334360|Датчик дыма|45|0|59|0
B|228809|Датчик дыма|39|0|56|0
B|334653|Датчик дыма|44|0|56|0
B|227472|Состояние фазы|13|0|110|7
B|193085|Датчик движения|9|0|126|0
B|120681|Состояние УИР-Р|7|0|22|0
B|267808|Датчик дыма|9|0|49|0
B|215862|Переключатель|16|0|116|0
B|330401|КД АВ|8|0|151|5
B|157288|КД Дверь|11|0|83|0
B|94195|Тепловой датчик|62|0|78|0
B|289226|Датчик дыма|80|0|90|0
B|278519|Датчик дыма|13|0|19|0
B|179164|Состояние фазы|7|0|43|0
B|229964|Состояние УИР-Р|70|0|82|0
B|267824|Датчик дыма|9|0|15|0
B|262681|Датчик дыма|7|0|13|0
B|334014|Датчик дыма|28|0|38|0
B|278567|Датчик дыма|13|0|21|0
B|261961|Датчик дыма|14|0|20|0
B|179160|Состояние вентилятора|7|0|743|0
B|120300|Датчик температуры|10|0|123|0
B|334552|Датчик дыма|58|0|75|0
B|143667|Датчик движения|6|0|58|0
B|287007|КД Дверь|54|0|138|0
B|287698|Датчик дыма|78|0|96|0
B|230096|Состояние УИР-Р|33|0|43|0
B|103961|Переключатель|0|0|222|0
B|313013|КД Дверь|16|0|274|0
B|212414|Датчик дыма|13|0|21|0
B|334558|Датчик дыма|58|0|73|0
B|284691|Датчик дыма|2|0|14|3
B|268298|Газовый датчик|0|0|42440|0
B|232098|Состояние УИР-Р|3|0|21|0
B|230006|Состояние УИР-Р|22|0|68|0
B|333932|Датчик дыма|122|0|151|0
B|261975|Датчик дыма|9|0|16|0
B|287176|Датчик дыма|64|0|74|0
B|333899|Ручной извещатель|23|8|35|10
B|120234|Датчик дыма|13|1|26|8
B|214213|Состояние фазы|3|0|87|0
B|278362|Датчик дыма|12|0|22|0
B|267537|Датчик дыма|8|0|14|0
B|144875|ИБП|17|0|195|0
B|334684|Датчик дыма|42|0|59|2
B|230748|Состояние охраны|155|0|1653|0
B|229664|Переключатель|29|0|216|0
B|266838|КД Дверь|8|0|99|0
B|135219|КД Дверь|16|0|240|0
B|120272|Ручной извещатель|42|0|58|0
B|115255|КД Дверь|0|0|6|0
B|268824|ИБП|2|0|8|0
B|228702|Датчик дыма|25|0|43|0
B|115340|КД Дверь|12|0|228|0
B|262595|Датчик дыма|8|0|14|0
B|9334|Датчик температуры|11|0|57|0
B|267684|Датчик дыма|9|0|15|0
B|94042|Тепловой датчик|103|0|109|0
B|103995|Состояние фазы|0|0|4|0
B|228725|Датчик дыма|41|0|78|0
B|333672|Переключатель|53|0|456|0
B|120458|КД Дверь|29|0|435|0
B|196506|Датчик дыма|129|2|154|11
B|268263|Газовый датчик|0|0|26497|0
B|229261|Датчик дыма|261|0|276|0
B|157307|КД Дверь|10|0|46|0
B|333580|Переключатель|29|0|79|0
B|278486|Датчик дыма|8|0|14|0
B|287408|Датчик дыма|73|0|81|0
B|262947|Состояние вентилятора|0|0|252|28
B|228742|Датчик дыма|41|0|56|0
B|334661|Датчик дыма|45|0|57|0
B|228388|Датчик температуры|35|0|359|0
B|229136|Датчик дыма|27|0|71|0
B|143532|Датчик дыма|13|0|43|0
B|269449|Датчик дыма|6|0|28|0
B|231810|Датчик движения|0|0|1300|0
B|230770|КД Дверь|2|0|344|0
B|196142|Газовый датчик|4460|0|4508|0
B|229289|Датчик дыма|43|0|51|0
B|287956|Состояние вентилятора|0|0|1055|496
B|261953|Датчик дыма|14|0|22|0
B|288102|Состояние вентилятора|0|0|1050|491
B|94172|КД АВ|60|0|118|0
B|196765|Газовый датчик|29|0|343734|2117
B|334337|Датчик дыма|49|0|76|0
B|196628|Состояние фазы|118|0|276|0
B|196883|Датчик температуры|39|0|252|0
B|196913|Датчик движения|23|0|1517|0
B|228613|Датчик дыма|26|0|37|0
B|334201|Датчик дыма|58|7|74|12
B|269125|КД Дверь|6|0|24|0
B|229754|Состояние УИР-Р|21|0|56|0
B|261900|Датчик дыма|13|0|19|0
B|213079|Состояние УИР-Р|21|0|29|0
B|267510|Датчик дыма|8|0|57|24
B|287439|Датчик дыма|73|0|83|0
B|267039|Состояние фазы|11|0|585|26
B|228748|Датчик дыма|41|0|60|0
B|286958|КД Люк|50|0|60|0
B|229654|Состояние фазы|25|0|159|0
B|214245|Состояние фазы|3|0|3|0
B|120228|Ручной извещатель|39|0|52|0
B|197276|Состояние УИР-Р|160|0|187|0
B|262024|Датчик дыма|10|0|16|0
B|8785|Состояние фазы|4252|0|4603|0
B|287782|Датчик дыма|80|0|92|0
B|212453|Датчик движения|13|0|1009|0
B|334343|Датчик дыма|49|0|73|0
B|228706|Датчик дыма|26|0|38|0
B|98177|КД Дверь|64|0|290|0
B|228287|Датчик движения|11|0|199|0
B|278417|Датчик дыма|8|0|14|0
B|269716|Датчик дыма|7|0|19|0
B|213773|Газовый датчик|9|0|7769|0
B|230513|Газовый датчик|20|9|94|2
B|154849|Датчик дыма|19|4|44|17
B|228726|Датчик дыма|31|0|82|0
B|212133|Датчик движения|4|0|11442|0
B|278529|Датчик дыма|13|0|21|0
B|229988|Состояние УИР-Р|20|0|31|0
B|115672|Переключатель|7|0|201|0
B|267541|Датчик дыма|8|0|14|0
B|286921|Датчик движения|24|0|68|0
B|269416|Датчик дыма|6|0|18|0
B|93979|Тепловой датчик|129|0|132|0
B|287429|Датчик дыма|73|0|83|0
B|230806|КД Дверь|6|0|300|0
B|228524|Датчик движения|17|0|327|0
B|2868|Датчик движения|14|0|1494|0
B|209991|Датчик дыма|16|1|27|6
B|229425|Датчик дыма|35|0|53|0
B|93503|Тепловой датчик|70|0|70|0
B|104033|Газовый датчик|11|0|35221|0
B|284710|Тепловой датчик|6|0|8|0
B|334299|Датчик дыма|87|4|127|6
B|215806|Состояние вентилятора|17|3|430|234
B|285870|Датчик движения|54|0|57180|0
B|228978|Датчик дыма|387|0|402|0
B|333671|Переключатель|53|0|462|0
B|196992|КД Дверь|26|0|279|0
B|193183|Датчик дыма|14|0|27|3
B|77704|Датчик движения|128|0|17712|0
B|334233|Датчик дыма|58|7|82|16
B|286676|Ручной извещатель|80|0|88|0
B|212118|КД Дверь|5|0|205|0
B|212923|Состояние вентилятора|22|1|634|230
B|98220|Датчик температуры|100|0|225|0
B|229886|Состояние УИР-Р|21|0|32|0
B|197281|Состояние УИР-Р|157|0|177|0
B|287834|Датчик дыма|80|0|98|0
B|267855|Датчик дыма|9|0|17|0
B|227498|Состояние фазы|13|0|222|44
B|266660|Датчик движения|5|0|26|0
B|193123|Датчик температуры|9|0|76|0
B|197722|КД Дверь|21|0|3230|0
B|331967|ИБП|17|0|64|0
B|230533|Газовый датчик|18|8|120|7
B|212820|КД Люк|20|0|30|0
B|228247|Датчик температуры|8|0|150|0
B|229329|Датчик дыма|44|0|52|0
B|215887|Состояние вентилятора|20|1|299|108
B|214244|Состояние фазы|3|0|3|0
B|228425|КД АВ|20|0|100|0
B|115286|Датчик температуры|4|0|424|0
B|330693|Датчик движения|24|0|1736|0
B|147098|Состояние фазы|3|0|269|0
B|212086|Датчик движения|4|0|1819|4
B|196502|Датчик дыма|23|4|41|14
B|196491|Датчик движения|26|0|39613|0
B|93467|КД Дверь|8|0|248|0
B|229090|Датчик дыма|36|0|51|0
B|287074|Датчик дыма|62|0|70|0
B|334357|Ручной извещатель|40|2|62|5
B|334442|Датчик дыма|48|0|60|0
B|227188|Состояние фазы|15|0|134|5
B|115567|Состояние фазы|7|0|27|0
B|196760|Газовый датчик|28|0|599108|1111
B|285897|Состояние УИР-Р|50|0|78|0
B|266865|КД Дверь|7|0|36|0
B|196989|КД Дверь|27|0|460|0
B|331379|Газовый датчик|31|0|83|0
B|262631|Датчик дыма|8|0|14|0
B|197113|Газовый датчик|10|0|35|0
B|196912|Датчик температуры|31|0|130|0
B|288161|Газовый датчик|0|0|86401|882
B|93613|Тепловой датчик|94|0|96|0
B|334740|Датчик дыма|43|2|250|195
B|158944|Газовый датчик|0|0|11934|0
B|115361|Датчик движения|2|0|88|0
B|229483|Датчик дыма|49|3|230|167
B|228248|КД Дверь|8|0|60|0
B|333986|Датчик дыма|34|0|42|0
B|98202|Тепловой датчик|83|0|88|0
B|261960|Датчик дыма|14|0|20|0
B|228783|Датчик дыма|39|0|54|0
B|94079|Тепловой датчик|118|0|126|0
B|287715|Датчик дыма|78|0|86|0
B|334516|Датчик дыма|46|0|57|0
B|266681|КД Дверь|7|0|333|0
B|144753|Датчик движения|15|0|1805|0
B|287468|Датчик дыма|73|0|81|0
B|94191|КД АВ|57|0|109|0
B|94090|КД АВ|115|0|170|0
B|96293|Переключатель|61|0|66|0
B|143494|КД АВ|20|0|48|0
B|197980|Датчик температуры|8|0|102|0
B|333664|Состояние фазы|89|0|128|3
B|262050|Датчик дыма|17|4|26|6
B|197308|Состояние УИР-Р|746|0|769|0
B|231862|КД Дверь|1|0|201|0
B|228743|Датчик дыма|41|0|60|0
B|333955|Датчик дыма|28|0|40|0
B|266774|Датчик движения|5|0|45|0
B|196823|Состояние охраны|37|0|1464|0
B|93207|Датчик движения|94|0|1364|0
B|229390|Датчик дыма|35|0|55|5
B|94017|Тепловой датчик|56|0|59|0
B|213789|Газовый датчик|12|2|1414|0
B|196515|КД Дверь|22|0|146|0
B|330352|КД Дверь|7|0|21|0
B|286840|Датчик движения|5|0|541|0
B|144871|КД Дверь|18|0|68|0
B|120495|Тепловой датчик|9|0|10|0
B|212847|Состояние вентилятора|33|4|761|202
B|154129|ИБП|14|0|195|4
B|96365|Переключатель|60|0|148|0
B|77765|Датчик температуры|150|0|272|0
B|147131|Состояние фазы|5|0|209|0
B|334733|Датчик дыма|44|2|233|177
B|120689|Состояние УИР-Р|5|0|20|0
B|288002|Состояние вентилятора|0|0|1038|481
B|287530|Датчик дыма|77|0|85|0
B|231999|Датчик дыма|2|0|10|0
B|144742|Датчик температуры|15|0|347|0
B|284708|Датчик дыма|6|0|16|2
B|178256|Переключатель|13|0|99|0
B|154121|Датчик движения|11|0|6397|0
B|9375|Датчик температуры|15|0|73|0
B|287877|Датчик дыма|80|0|98|0
B|285828|Датчик движения|53|0|158397|0
B|268060|Состояние фазы|0|0|356|13
B|93522|Датчик дыма|114|40|138|52
B|287554|Датчик дыма|62|0|80|0
B|212127|Датчик дыма|4|0|12|0
B|334640|Датчик дыма|35|12|91|52
B|212780|Датчик дыма|17|0|25|0
B|269721|Датчик дыма|8|0|20|0
B|196986|КД Люк|46|0|67|0
B|236749|Переключатель|0|0|6|0
B|229363|Датчик дыма|33|0|62|2
B|286870|КД АВ|6|0|40|0
B|278510|Датчик дыма|13|0|19|0
B|212559|Датчик дыма|17|0|26|2
B|262080|Датчик дыма|15|4|24|5
B|277926|Датчик температуры|11|0|108|0
B|333781|Состояние насоса|103|82|970|819
B|212598|КД АВ|19|0|27|0
B|267693|Датчик дыма|9|0|15|0
B|334630|Ручной извещатель|38|1|57|2
B|262081|Датчик дыма|15|4|25|5
B|288133|Переключатель|0|0|498|0
B|120515|Датчик температуры|9|0|60|0
B|193211|Датчик дыма|19|7|36|11
B|171632|Ручной извещатель|41|0|53|0
B|213211|Состояние УИР-Р|22|0|38|0
B|229032|Датчик дыма|38|0|47|0
B|228759|Датчик дыма|40|0|57|0
B|334543|Датчик дыма|58|0|73|0
B|263349|КД Дверь|19|0|24969|0
B|232071|Состояние УИР-Р|3|0|49|0
B|268798|Газовый датчик|35|2|25666|1679
B|284894|Датчик дыма|1|0|28|0
B|51703|Переключатель|3|0|5|0
B|144797|Датчик движения|14|0|3228|0
B|94139|КД АВ|82|0|158|0
B|268253|Газовый датчик|0|0|82680|0
B|144881|Состояние УИР-Р|29|0|95|0
B|93450|Тепловой датчик|6|0|6|0
B|287701|Датчик дыма|78|0|88|0
B|287073|Датчик дыма|62|0|77|1
B|255371|Состояние УИР-Р|19|0|31|0
B|212143|Датчик движения|4|0|4514|0
B|196493|Датчик дыма|19|2|48|13
B|268233|Газовый датчик|0|0|7854|0
B|288136|Газовый датчик|2|1|41258|34
B|334303|Датчик дыма|87|4|126|8
B|229404|Датчик дыма|34|0|46|0
B|94816|КД АВ|14|0|70|0
B|162866|КД Дверь|14|0|108|0
B|267605|Датчик дыма|8|0|14|0
B|286443|Состояние УИР-Р|58|0|66|0
B|197289|Состояние УИР-Р|6997|0|7017|0
B|116066|Газовый датчик|13|0|1508|0
B|334269|Датчик дыма|87|3|106|6
B|229253|Датчик дыма|260|0|279|0
B|262567|Датчик дыма|10|0|16|0
B|228836|Датчик дыма|29|0|41|0
B|228734|Датчик дыма|41|0|66|0
B|228319|Датчик температуры|12|0|125|0
B|267543|Датчик дыма|8|0|14|0
B|212424|Датчик дыма|14|0|22|0
B|230711|Датчик движения|5|0|3785|0
B|287108|Датчик дыма|62|0|70|0
B|334696|Датчик дыма|42|0|56|0
B|334226|Датчик дыма|58|7|81|17
B|228921|Датчик дыма|389|0|402|0
B|144767|Датчик движения|15|0|709|0
B|120326|Датчик температуры|9|0|38|0
B|333490|Переключатель|36|0|49|0
B|286895|КД Дверь|9|0|81|0
B|104056|Газовый датчик|12|0|1191|0
B|197128|Состояние вентилятора|34|0|443|0
B|229391|Датчик дыма|35|0|50|5
B|115566|Состояние фазы|8|0|440|26
B|227195|Переключатель|15|0|101|0
B|287251|Датчик дыма|66|0|86|0
B|210587|Датчик движения|11|0|34|0
B|268158|Газовый датчик|0|0|193018|277
B|77772|Датчик движения|153|0|9227|0
B|230788|КД Дверь|2|0|292|0
B|330620|Датчик движения|20|0|2810|0
B|115271|КД Дверь|0|0|40|0
B|93504|Тепловой датчик|68|0|80|0
B|267620|Датчик дыма|8|0|14|0
B|266721|КД АВ|7|0|201|0
B|229587|Состояние насоса|190|14|3950|313
B|287730|Датчик дыма|78|0|86|0
B|288211|Газовый датчик|0|0|10051|1
B|268007|Состояние фазы|0|0|282|83
B|269523|Датчик дыма|8|0|29|0
B|93458|Датчик дыма|14|3|34|9
B|285915|Состояние УИР-Р|51|0|239|0
B|212435|КД Дверь|15|0|359|0
B|179230|Состояние фазы|7|0|251|0
B|147195|Газовый датчик|6|0|12407|0
B|266625|КД Дверь|6|0|102|0
B|269717|Датчик дыма|8|0|25|0
B|144822|КД АВ|15|0|96|0
B|278564|Датчик дыма|13|0|23|0
B|215823|Состояние насоса|16|2|463|250
B|212665|КД Дверь|16|0|704|0
B|159006|Состояние насоса|11|0|2479|301
B|229703|Переключатель|32|0|217|0
B|229424|Датчик дыма|35|0|47|0
B|232208|КД Дверь|0|0|30|0
B|103938|Состояние насоса|0|0|280|200
B|261942|Датчик дыма|14|0|20|0
B|51140|Состояние фазы|3|0|321|0
B|196763|Газовый датчик|28|0|294409|1072
B|232034|Состояние УИР-Р|3|0|138|0
B|229563|Датчик дыма|51|0|63|0
B|316174|ИБП|13|0|290|4
B|267232|Состояние УИР-Р|7|0|17|0
B|196973|Датчик дыма|25|1|45|7
B|267818|Датчик дыма|9|0|15|0
B|215918|Состояние насоса|21|1|928|510
B|229309|Датчик дыма|43|0|51|0
B|229466|Датчик дыма|49|3|102|47
B|143565|Датчик дыма|13|0|27|0
B|77678|Датчик движения|20|0|400|0
B|229679|Переключатель|39|0|223|0
B|8783|Состояние фазы|4252|0|4695|0
B|96255|Состояние фазы|64|0|148|0
B|266988|Состояние фазы|11|0|520|18
B|51680|Состояние фазы|3|0|485|0
B|333559|Переключатель|30|0|140|0
B|333494|Состояние вентилятора|30|6|2383|119
B|93619|Датчик температуры|92|0|135|0
B|333928|Датчик дыма|122|0|151|0
B|286847|Датчик движения|6|0|86|0
B|287406|Датчик дыма|73|0|81|0
B|269495|Датчик дыма|7|0|21|0
B|232005|КД Дверь|3|0|159|0
B|229292|Датчик дыма|44|0|56|0
B|212977|Состояние УИР-Р|22|0|53|0
B|47586|Состояние фазы|4252|0|4265|0
B|334373|Датчик дыма|45|0|72|8
B|228675|Датчик дыма|26|0|42|0
B|229892|Состояние УИР-Р|20|0|31|0
B|284896|Тепловой датчик|11|0|11|0
B|278499|Датчик дыма|13|0|19|0
B|288017|Состояние фазы|0|0|214|0
B|196231|Состояние охраны|128|0|897|0
B|284849|Тепловой датчик|10|0|10|0
B|94206|Тепловой датчик|189|0|191|0
B|196649|Состояние вентилятора|6|0|583|0
B|269505|Датчик дыма|8|0|23|0
B|262066|Датчик дыма|17|4|25|6
B|287656|Датчик дыма|79|0|91|0
B|228910|Датчик дыма|387|0|402|0
B|266635|КД АВ|2|0|46|0
B|269513|Датчик дыма|8|0|21|0
B|284716|Датчик дыма|6|0|12|0
B|9365|Датчик температуры|16|0|46|0
B|171556|КД Дверь|29|0|43|0
B|267763|Датчик дыма|10|0|16|0
B|262077|Датчик дыма|17|4|25|6
B|268054|Переключатель|0|0|316|0
B|229784|Состояние УИР-Р|20|0|91|0
B|212413|Датчик дыма|13|0|21|0
B|96418|Состояние фазы|64|0|224|0
B|287113|Датчик дыма|62|0|74|0
B|120575|КД Дверь|25|0|260|0
B|229221|Датчик дыма|262|1|289|9
B|229086|Датчик дыма|36|0|57|0
B|115641|Состояние фазы|13|0|79|10
B|196759|Газовый датчик|28|0|323201|1996
B|230300|Состояние УИР-Р|18|0|467|0
B|266677|КД Дверь|7|0|103|0
B|227218|Переключатель|19|0|99|0
B|197373|Состояние УИР-Р|100|0|117|0
B|256168|КД АВ|8|0|36|0
B|213067|Состояние УИР-Р|24|0|43|0
B|120602|КД АВ|9|0|32|0
B|94071|Датчик температуры|94|0|137|0
B|115291|КД АВ|1|0|49|0
B|231328|КД Дверь|5|0|827|0
B|215838|Состояние насоса|16|5|1308|1122
B|229318|Датчик дыма|44|0|52|0
B|230935|Состояние фазы|21|0|25|0
B|228277|КД АВ|9|0|33|0
B|287095|Датчик дыма|62|0|70|0
B|197394|Состояние УИР-Р|24|0|44|0
B|94147|КД Дверь|84|0|122|0
B|230789|Датчик движения|2|0|142|0
B|94828|КД Дверь|117|0|353|0
B|96301|Переключатель|63|0|173|0
B|197000|Датчик дыма|27|1|43|9
B|77702|Датчик движения|146|0|6956|0
B|236789|Состояние насоса|13|5|14692|1539
B|3118|Состояние УИР-Р|7|0|46|0
B|330709|КД Дверь|28|0|245|0
B|228791|Датчик дыма|25|0|98|6
B|178249|Состояние фазы|15|0|456|2
B|278381|Датчик дыма|12|0|20|0
B|104020|Состояние фазы|0|0|191|13
B|287601|Датчик дыма|76|0|84|0
B|229307|Датчик дыма|44|0|52|0
B|143533|КД Дверь|13|0|69|0
B|334183|Ручной извещатель|26|15|85|58
B|287950|Переключатель|0|0|486|0
B|229431|Датчик дыма|35|0|52|1
B|221464|Датчик движения|7|0|32|0
B|330655|КД Дверь|21|0|33|0
B|228827|Датчик дыма|29|0|39|0
B|267735|Датчик дыма|10|0|18|0
B|231832|Датчик дыма|1|0|9|0
B|115621|Состояние вентилятора|8|0|272|56
B|269613|Датчик дыма|8|0|20|0
B|266924|КД Дверь|30|1|254|3
B|212117|Датчик дыма|5|0|13|0
B|93707|КД Дверь|71|0|153|0
B|333532|Состояние фазы|31|0|41|0
B|93958|КД Дверь|96|0|131|0
B|334249|Датчик дыма|58|7|77|12
B|286972|Датчик температуры|32|0|997|0
B|197365|Состояние УИР-Р|24|0|40|0
B|115857|Состояние УИР-Р|9|0|31|0
B|93439|Тепловой датчик|6|0|8|0
B|269446|Датчик дыма|6|0|79|0
B|196646|Состояние вентилятора|6|0|571|0
B|115338|КД АВ|12|0|60|0
B|196492|Датчик температуры|26|0|53|0
B|179229|Состояние фазы|7|0|255|0
B|334501|Датчик дыма|46|0|57|0
B|93632|Тепловой датчик|101|0|101|0
B|215914|Состояние насоса|21|1|493|391
B|287663|Датчик дыма|79|0|87|0
B|120274|КД Дверь|20|0|2645|0
B|214103|Состояние вентилятора|3|0|236|41
B|231754|Датчик дыма|0|0|10|1
B|262132|КД Дверь|9|0|56|0
B|212336|Датчик движения|11|0|33|0
B|286894|Датчик движения|9|0|203|0
B|229617|Переключатель|12|0|473|0
B|334633|Датчик дыма|39|0|49|0
B|98162|Тепловой датчик|61|0|66|0
B|284862|Датчик дыма|9|0|15|0
B|90726|КД Люк|123|0|139|0
B|93781|Датчик движения|62|0|1007|0
B|334426|Датчик дыма|46|0|59|0
B|214140|Переключатель|5|0|167|0
B|230453|Газовый датчик|25|12|103|0
B|147096|Состояние фазы|7|0|279|0
B|162874|КД АВ|10|0|56|0
B|93531|Тепловой датчик|81|0|83|0
B|212856|Состояние вентилятора|25|1|661|210
B|228530|КД Дверь|34|0|316|0
B|115644|Переключатель|13|0|55|0
B|334263|Датчик дыма|87|3|106|4
B|330431|КД АВ|10|1|183|21
B|330262|9-секционный люк|9|0|16|2
B|228587|КД Дверь|22|0|380|0
B|162830|КД АВ|7|0|91|0
B|115347|Датчик температуры|9|0|102|0
B|94117|Тепловой датчик|225|0|229|0
B|286029|Состояние УИР-Р|50|0|58|0
B|115798|Состояние насоса|6|0|83|38
B|287718|Датчик дыма|78|0|86|0
B|144786|Датчик температуры|14|0|162|0
B|120555|Тепловой датчик|15|0|16|0
B|287239|Датчик дыма|65|0|76|0
B|267348|Газовый датчик|9|0|6760|0
B|269123|КД Дверь|6|0|126|0
B|269700|Датчик дыма|8|0|23|0
B|333726|Состояние фазы|72|0|83|0
B|197295|Состояние УИР-Р|1892|0|1916|0
B|334508|Датчик дыма|46|0|55|0
B|262707|Датчик дыма|7|0|13|0
B|179231|Состояние фазы|7|0|275|0
B|94057|Тепловой датчик|71|0|73|0
B|287505|Датчик дыма|77|0|85|0
B|94097|Датчик температуры|79|0|212|0
B|269699|Датчик дыма|8|0|19|0
B|229262|Датчик дыма|261|0|276|0
B|269624|Датчик дыма|9|0|20|0
B|144758|Датчик температуры|15|0|502|0
B|262574|Датчик дыма|10|0|18|0
B|147056|Состояние УИР-Р|5|0|35|0
B|231777|Датчик дыма|0|0|27|16
B|93543|Датчик температуры|52|0|192|0
B|287068|Датчик дыма|57|8|111|41
B|229123|Датчик дыма|27|0|67|0
B|286920|Датчик температуры|24|0|348|0
B|267850|Датчик дыма|9|0|17|0
B|267550|Датчик дыма|8|0|14|0
B|228941|Датчик дыма|385|0|398|0
B|268845|Состояние УИР-Р|77|0|89|0
B|334472|Датчик дыма|48|0|58|0
B|267788|Датчик дыма|10|0|16|0
B|287794|Датчик дыма|80|0|88|0
B|196717|Переключатель|6|0|861|0
B|179213|Состояние насоса|7|0|3459|773
B|228741|Датчик дыма|41|0|58|0
B|212467|КД Дверь|17|0|775|0
B|213265|Состояние УИР-Р|19|0|27|0
B|158934|Газовый датчик|0|0|22501|0
B|93929|Тепловой датчик|126|0|132|0
B|287609|Датчик дыма|76|0|84|0
B|278536|Датчик дыма|13|0|19|0
B|143637|КД Дверь|11|0|115|0
B|267768|Датчик дыма|10|0|16|0
B|267742|Датчик дыма|10|0|18|0
B|147196|Газовый датчик|6|0|33320|0
B|289218|Датчик дыма|80|0|88|0
B|212388|КД АВ|12|0|256|0
B|231698|Датчик дыма|0|0|11|2
B|116085|Газовый датчик|8|0|1078|0
B|94081|Тепловой датчик|110|0|111|0
B|2952|Датчик движения|19|0|553|0
B|267519|Датчик дыма|8|0|14|0
B|96475|Состояние фазы|60|0|201|0
B|333714|Переключатель|92|0|501|0
B|143528|КД Дверь|19|0|73|0
B|230816|Датчик движения|5|0|119|0
B|236774|Состояние фазы|0|0|30|0
B|277884|КД Дверь|11|0|529|0
B|267059|Переключатель|10|0|63|0
B|120271|КД Дверь|42|0|85|0
B|229157|Датчик дыма|27|0|67|0
B|229120|Датчик дыма|27|0|69|0
B|229071|Датчик дыма|36|0|49|0
B|115618|Переключатель|6|0|200|0
B|115676|Переключатель|6|0|194|0
B|334308|Датчик дыма|85|3|371|72
B|261986|Датчик дыма|10|0|16|0
B|227471|Состояние фазы|13|0|379|3
B|143689|Датчик движения|6|0|74|0
B|228693|Датчик дыма|25|0|35|0
B|94211|КД АВ|74|0|260|0
B|228242|Датчик движения|8|0|92|0
B|197294|Состояние УИР-Р|936|0|956|0
B|197171|Переключатель|49|0|449|0
B|171996|Тепловой датчик|83|0|97|0
B|213313|Состояние УИР-Р|21|0|138|0
B|93674|Тепловой датчик|106|0|106|0
B|228776|Датчик дыма|39|0|52|0
B|229643|Состояние фазы|53|0|216|0
B|77834|КД Дверь|65|0|413|0
B|333586|Состояние фазы|28|0|400|0
B|147001|Состояние охраны|7|0|37|0
B|288047|Переключатель|0|0|14|0
B|333916|Датчик дыма|122|0|151|0
B|333895|Ручной извещатель|22|3|36|4
B|197146|Состояние насоса|54|9|549|291
B|77844|КД Дверь|16|0|156|0
B|278250|Состояние УИР-Р|11|0|76|0
B|287519|Датчик дыма|77|0|85|0
B|120468|Датчик температуры|8|0|89|0
B|287109|Датчик дыма|62|0|70|0
B|269498|Датчик дыма|7|0|21|0
B|284871|Тепловой датчик|9|0|9|0
B|120251|Ручной извещатель|13|0|24|0
B|269697|Датчик дыма|7|0|23|0
B|95483|Состояние фазы|2|0|172|0
B|262640|Датчик дыма|8|0|14|0
B|333717|Состояние фазы|145|0|629|25
B|231833|Датчик дыма|1|0|9|0
B|120533|Тепловой датчик|11|0|12|0
B|147162|Состояние фазы|3|0|51|0
B|144798|Датчик температуры|14|0|44|0
B|287685|Датчик дыма|79|0|91|0
B|120615|Тепловой датчик|9|0|10|0
B|147102|Состояние фазы|3|0|55|0
B|229092|Датчик дыма|36|0|51|0
B|266837|КД Дверь|8|0|328|0
B|231309|Ручной извещатель|5|0|26|2
B|287452|Датчик дыма|73|0|85|0
B|116109|Газовый датчик|12|0|737|0
B|287383|Датчик дыма|73|0|89|0
B|333994|Датчик дыма|36|0|44|0
B|333669|Состояние фазы|53|0|561|12
B|286359|Состояние УИР-Р|53|0|200|0
B|287645|Датчик дыма|79|0|87|0
B|229150|Датчик дыма|27|0|37|0
B|120261|Датчик дыма|11|0|23|6
B|267831|Датчик дыма|9|0|15|0
B|262620|Датчик дыма|8|0|14|0
B|228942|Датчик дыма|385|0|396|0
B|196631|Состояние фазы|6|0|217|0
B|278434|Датчик дыма|8|0|20|0
B|266700|ИБП|17|0|42|0
B|158909|Газовый датчик|0|0|29938|1035
B|228962|Датчик дыма|391|0|402|0
B|93587|Датчик дыма|94|49|116|54
B|3062|КД Дверь|18|0|312|0
B|287743|Датчик дыма|78|0|86|0
B|262151|Датчик дыма|15|0|21|0
B|231819|Датчик движения|1|1|1040|1
B|330485|Датчик движения|11|0|618|0
B|268967|КД АВ|6|0|320|0
B|263370|Датчик дыма|22|0|43|0
B|212949|Переключатель|21|0|31|0
B|51669|Состояние вентилятора|3|0|409|0
B|143713|Датчик движения|5|0|173|0
B|287681|Датчик дыма|79|0|87|0
B|330473|КД Дверь|12|0|23|0
B|212702|Датчик дыма|17|0|26|1
B|228853|Датчик дыма|29|0|39|0
B|227499|Состояние фазы|13|0|69|0
B|269124|Датчик движения|6|0|166|0
B|286886|КД Дверь|8|0|500|0
B|333724|Состояние фазы|72|0|85|0
B|115690|Состояние фазы|11|0|45|0
B|115611|Переключатель|12|0|208|0
B|287598|Датчик дыма|76|0|84|0
B|269506|Датчик дыма|8|0|21|0
B|197172|Переключатель|49|0|451|0
B|228854|Датчик дыма|29|0|39|0
B|197364|Состояние УИР-Р|24|0|40|0
B|267100|Состояние вентилятора|10|0|699|165
B|228683|Датчик дыма|25|0|39|0
B|120704|Состояние УИР-Р|5|0|18|0
B|287507|Датчик дыма|77|0|85|0
B|289244|Датчик дыма|80|0|90|0
B|287731|Датчик дыма|78|0|86|0
B|104017|Состояние фазы|0|0|34|0
B|286896|КД АВ|9|0|35|0
B|229445|Датчик дыма|26|3|207|25
B|269111|Датчик температуры|7|0|297|0
B|227461|Переключатель|13|0|97|0
B|229599|Состояние фазы|13|0|52|12
B|287516|Датчик дыма|77|0|85|0
B|277902|Датчик температуры|12|0|511|0
B|287778|Датчик дыма|80|0|92|0
B|287508|Датчик дыма|77|0|85|0
B|229389|Датчик дыма|35|0|48|3
B|229356|Датчик дыма|35|0|50|1
B|287321|Датчик дыма|69|0|77|0
B|334732|Датчик дыма|44|2|261|210
B|334515|Датчик дыма|46|0|55|0
B|287200|Датчик дыма|64|0|75|2
B|269610|Датчик дыма|9|0|20|0
B|267779|Датчик дыма|10|0|16|0
B|115629|Переключатель|8|0|178|0
B|95362|Состояние фазы|2|0|320|0
B|266638|Датчик движения|2|0|82|0
B|213816|Газовый датчик|4|0|428|0
B|171994|Тепловой датчик|83|0|95|0
B|267621|Датчик дыма|8|0|14|0
B|267546|Датчик дыма|8|0|14|0
B|135235|Состояние УИР-Р|1103|0|1114|0
B|212286|КД Дверь|10|0|257|0
B|261932|Датчик дыма|14|0|24|0
B|266675|Датчик движения|7|0|1823|0
B|230823|КД Дверь|7|0|57|0
B|95429|Переключатель|2|0|18|0
B|277935|Датчик температуры|11|0|957|0
B|289191|Датчик дыма|79|0|87|0
B|285879|Состояние УИР-Р|63|0|105|0
B|227208|Состояние фазы|16|0|449|35
B|98278|Газовый датчик|60|0|112|0
B|333917|Датчик дыма|122|0|151|0
B|96241|Состояние вентилятора|64|0|486|0
B|255347|Состояние УИР-Р|15|0|21|0
B|334642|Датчик дыма|41|3|55|3
B|212444|Датчик дыма|14|0|22|0
B|227214|Состояние фазы|18|0|133|15
B|197333|Состояние УИР-Р|4400|0|4424|0
B|193164|Тепловой датчик|9|0|10|0
B|120385|Датчик движения|10|0|426|0
B|229280|Датчик дыма|196|0|217|0
B|334448|Датчик дыма|48|0|60|0
B|330489|Датчик движения|11|0|873|0
B|287312|Датчик дыма|69|0|79|0
B|286924|Датчик температуры|22|0|191|0
B|269537|Датчик дыма|8|0|23|0
B|231739|Датчик дыма|0|0|32|0
B|236759|Переключатель|0|0|390|0
B|286806|Состояние охраны|9|0|1579|0
B|287534|Датчик дыма|77|0|85|0
B|228492|КД Дверь|20|0|65|0
B|193226|Датчик температуры|9|0|273|0
B|287075|Датчик дыма|62|0|70|0
B|333951|Датчик дыма|28|0|36|0
B|231699|Датчик движения|113|0|735|0
B|287090|Датчик дыма|62|0|70|0
B|284908|Датчик дыма|11|0|17|0
B|334706|Ручной извещатель|39|10|874|831
B|143634|КД Дверь|22|0|328|0
B|333464|Переключатель|28|0|106|0
B|230186|Состояние УИР-Р|17|0|74|0
B|229958|Состояние УИР-Р|28|0|55|0
B|213451|Состояние вентилятора|21|3|605|206
B|116147|Состояние охраны|7|0|837|0
B|269576|Датчик дыма|9|0|26|0
B|229246|Датчик дыма|261|0|280|9
B|229097|Датчик дыма|38|0|47|0
B|171581|КД Дверь|28|0|134|0
B|278244|Состояние УИР-Р|10|0|18|0
B|214267|Переключатель|3|0|119|0
B|144826|Датчик температуры|15|0|43|0
B|334287|Датчик дыма|87|3|103|5
B|278385|Датчик дыма|12|0|22|0
B|287811|Датчик дыма|80|0|88|0
B|287785|Датчик дыма|80|0|92|0
B|229029|Датчик дыма|38|0|47|0
B|212185|Датчик температуры|8|0|1010|0
B|334710|Датчик дыма|49|2|205|145
B|115881|Состояние УИР-Р|11|0|93|0
B|93678|Датчик температуры|101|0|234|0
B|333479|Переключатель|31|0|41|0
B|278372|Датчик дыма|12|0|22|0
B|115911|Состояние УИР-Р|10|0|105|0
B|269120|КД Дверь|6|0|24|0
B|334752|Датчик дыма|281|0|594|1
B|267820|Датчик дыма|9|0|15|0
B|212085|Датчик дыма|15|0|25|0
B|287162|Датчик дыма|64|0|78|0
B|278456|Датчик дыма|8|0|14|0
B|197310|Состояние УИР-Р|11054|0|11072|0
B|96329|Состояние вентилятора|60|0|154|0
B|269584|Датчик дыма|8|0|20|0
B|286689|Датчик дыма|80|0|88|0
B|287372|Датчик дыма|73|0|85|0
B|287590|Датчик дыма|76|0|86|0
B|147122|Состояние вентилятора|9|0|337|0
B|333629|Состояние фазы|30|0|324|0
B|212147|Датчик дыма|4|0|13|0
B|229426|Датчик дыма|35|0|51|0
B|267124|Состояние УИР-Р|8|0|52|0
B|228808|Датчик дыма|40|0|57|0
B|135195|Датчик движения|13|0|665|0
B|98203|Тепловой датчик|83|0|88|0
B|95437|Состояние фазы|2|0|348|0
B|267599|Датчик дыма|8|0|14|0
B|196997|КД Дверь|25|0|60|0
B|196694|Состояние фазы|6|0|213|0
B|3089|КД Дверь|18|0|2526|0
B|261893|Датчик дыма|13|0|19|0
B|93540|КД Дверь|84|0|328|0
B|147050|Состояние УИР-Р|9|0|47|0
B|93684|Тепловой датчик|63|0|63|0
B|269439|Датчик дыма|6|0|18|0
B|77682|Датчик движения|19|0|383|0
B|266934|КД АВ|7|0|279|0
B|212269|Датчик дыма|8|0|16|0
B|230817|Датчик движения|5|0|113|0
B|269543|Датчик дыма|8|0|18|0
B|227507|Состояние вентилятора|22|1|328|134
B|333675|Состояние фазы|92|0|188|5
B|287684|Датчик дыма|79|0|89|0
B|98194|Датчик дыма|67|29|130|40
B|197324|Состояние УИР-Р|1612|0|1632|0
B|287620|Датчик дыма|76|0|84|0
B|269431|Датчик дыма|6|0|34|0
B|287648|Датчик дыма|79|0|88|0
B|278511|Датчик дыма|13|0|21|0
B|277898|КД АВ|7|0|19|0
B|228674|Датчик дыма|26|0|42|0
B|229712|Состояние насоса|32|4|394|217
B|144862|КД АВ|14|0|86|0
B|227458|Состояние фазы|13|0|456|3
B|334278|Датчик дыма|86|2|100|3
B|278033|Состояние фазы|11|0|59|0
B|269059|КД АВ|5|0|39|0
B|227233|Переключатель|21|0|105|0
B|77851|Датчик температуры|140|0|313|0
B|232076|Состояние УИР-Р|3|0|1010|0
B|334206|Датчик дыма|58|7|81|17
B|93861|Датчик движения|59|0|239|0
B|196988|Датчик дыма|27|1|40|6
B|334454|Датчик дыма|48|0|60|0
B|302196|Датчик дыма|18|0|28|3
B|288093|Состояние вентилятора|0|0|1044|486
B|93617|Тепловой датчик|92|0|94|0
B|229134|Датчик дыма|27|0|71|0
B|197124|Газовый датчик|2|0|25|0
B|261917|Датчик дыма|14|0|22|0
B|267506|Датчик дыма|8|0|14|0
B|268815|КД АВ|8|1|295|25
B|212509|КД АВ|15|0|187|0
B|262063|Датчик дыма|16|4|26|5
B|229167|Датчик дыма|27|0|59|0
B|229486|Датчик дыма|47|3|145|90
B|255383|Состояние УИР-Р|25|0|31|0
B|93972|Тепловой датчик|160|0|164|0
B|8782|Состояние фазы|4252|0|4719|0
B|267493|Датчик дыма|8|0|16|0
B|228589|Датчик движения|22|0|299|0
B|267514|Датчик дыма|8|0|16|0
B|278052|Состояние вентилятора|11|0|485|53
B|231861|КД АВ|1|0|203|0
B|229176|Датчик дыма|27|0|59|0
B|120684|Состояние УИР-Р|5|0|18|0
B|330437|КД АВ|10|0|1679|3
B|227489|Переключатель|13|0|101|0
B|185904|КД Дверь|31|0|1085|0
B|267603|Датчик дыма|8|0|14|0
B|93695|КД Дверь|76|0|146|0
B|227473|Переключатель|13|0|373|0
B|158981|ИБП|12|0|12|0
B|287682|Датчик дыма|79|0|87|0
B|115216|КД АВ|0|0|86|0
B|287759|Датчик дыма|77|0|145|0
B|287906|Состояние фазы|0|0|401|40
B|116007|Состояние УИР-Р|10|0|62|0
B|268836|КД АВ|2|0|180|0
B|278532|Датчик дыма|13|0|19|0
B|93650|Датчик дыма|97|44|116|48
B|255393|Состояние УИР-Р|22|0|28|0
B|171634|Датчик дыма|36|5|48|11
B|95359|Состояние фазы|2|0|96|0
B|262613|Датчик дыма|8|0|14|0
B|262544|Датчик дыма|10|0|18|0
B|228717|Датчик дыма|41|0|56|0
B|334339|Датчик дыма|49|0|60|0
B|334546|Датчик дыма|58|0|73|0
B|277988|КД Люк|12|0|27|0
B|267561|Датчик дыма|8|0|14|0
B|197979|Датчик движения|8|0|747|0
B|229411|Датчик дыма|34|0|48|0
B|213253|Состояние УИР-Р|18|0|26|0
B|331399|Газовый датчик|31|0|85|0
B|115759|Переключатель|7|0|437|0
B|269046|Датчик движения|6|0|2148|0
B|333463|Состояние фазы|28|22|48|33
B|3117|Состояние УИР-Р|7|0|26|0
B|267106|Состояние фазы|11|0|453|0
B|278072|Состояние насоса|13|3|2325|704
B|120172|Датчик температуры|9|0|28|0
B|333785|Состояние насоса|174|147|1170|438
B|143679|Датчик движения|8|0|100|0
B|143625|Датчик температуры|7|0|22|0
B|147025|Состояние УИР-Р|8|0|34|0
B|287435|Датчик дыма|73|0|83|0
B|8814|Состояние фазы|4249|0|4458|0
B|95435|Состояние фазы|2|0|388|0
B|287558|Датчик дыма|77|0|85|0
B|278068|Состояние фазы|16|0|598|0
B|337554|ИБП|50|35|52|33
B|228619|Датчик дыма|26|0|39|0
B|330580|Датчик движения|15|0|106|0
B|267002|Переключатель|7|0|51|0
B|228502|КД Дверь|17|0|476|0
B|229287|Датчик дыма|43|0|55|0
B|230388|Газовый датчик|126|111|85|0
B|287683|Датчик дыма|79|0|89|0
B|231900|Датчик движения|1|0|377|0
B|269491|Датчик дыма|8|0|21|0
B|267998|Переключатель|1|0|127|0
B|115269|КД АВ|0|0|50|0
B|3000|КД АВ|4|0|116|0
B|334205|Датчик дыма|58|7|73|11
B|287277|Датчик дыма|69|0|79|0
B|143715|Датчик движения|5|0|35|0
B|162847|КД АВ|5|0|47|0
B|158999|Переключатель|0|0|72|0
B|287575|Датчик дыма|76|0|86|0
B|231929|Датчик затопления|1|0|13|0
B|267005|Состояние фазы|9|2|183|69
B|212087|Датчик дыма|4|0|12|0
B|334685|Датчик дыма|42|0|76|18
B|228511|КД АВ|20|0|30|0
B|212887|Переключатель|21|0|477|0
B|196679|Состояние фазы|6|0|233|0
B|104057|Газовый датчик|12|0|5910|0
B|287673|Датчик дыма|79|0|87|0
B|196484|КД Дверь|132|0|200|0
B|196629|Состояние фазы|6|0|179|0
B|147807|Состояние насоса|3|0|123|53
B|98187|Тепловой датчик|85|0|95|0
B|330329|КД Дверь|8|0|135|0
B|287726|Датчик дыма|78|0|86|0
B|267580|Датчик дыма|8|0|14|0
B|287405|Датчик дыма|73|0|81|0
B|93472|Датчик температуры|9|0|185|0
B|229430|Датчик дыма|35|0|57|0
B|147118|Состояние фазы|5|0|143|0
B|287874|Датчик дыма|80|0|96|0
B|256105|Тепловой датчик|20|0|20|0
B|144887|Состояние УИР-Р|21|0|35|0
B|334258|Ручной извещатель|45|13|81|21
B|230868|КД Дверь|10|0|48|0
B|212933|Состояние фазы|22|1|701|32
B|333676|Состояние фазы|92|0|170|9
B|278050|Состояние фазы|11|0|619|0
B|269481|Датчик дыма|8|0|19|0
B|227495|Состояние фазы|13|0|419|24
B|212240|Датчик дыма|8|1|44|6
B|3041|КД Дверь|16|0|88|0
B|269558|Датчик дыма|8|0|19|0
B|267423|Газовый датчик|9|0|4373|0
B|120701|Состояние УИР-Р|5|0|18|0
B|2943|Датчик температуры|17|0|4087|0
B|229162|Датчик дыма|27|0|67|0
B|334293|Датчик дыма|87|3|121|7
B|228632|Датчик дыма|26|0|47|0
B|93494|Тепловой датчик|76|0|78|0
B|229233|Датчик дыма|265|0|285|9
B|196684|Состояние вентилятора|6|0|453|0
B|334286|Датчик дыма|85|2|99|3
B|287098|Датчик дыма|62|0|70|0
B|93451|Тепловой датчик|6|0|6|0
B|267794|Датчик дыма|10|0|16|0
B|267827|Датчик дыма|9|0|15|0
B|269587|Датчик дыма|9|0|22|0
B|98284|Состояние фазы|59|0|60|0
B|147111|Переключатель|3|0|39|0
B|287483|Датчик дыма|73|0|81|0
B|229472|Датчик дыма|50|3|105|47
B|96321|Состояние фазы|60|0|227|0
B|286864|Датчик температуры|7|0|191|0
B|230853|КД Дверь|9|0|49|0
B|228813|Датчик дыма|30|0|38|0
B|334651|Датчик дыма|44|1|57|1
B|228992|Датчик дыма|387|1|404|5
B|287442|Датчик дыма|73|0|85|0
B|262530|Датчик дыма|10|0|18|0
B|2888|Датчик движения|8|0|858|0
B|333707|Переключатель|28|0|68|0
B|269415|Датчик дыма|6|0|18|0
B|227284|КД Дверь|22|0|233|0
B|228948|Датчик дыма|387|0|398|0
B|269471|Датчик дыма|6|0|22|0
B|115599|Состояние вентилятора|9|1|306|70
B|95348|Состояние вентилятора|2|0|550|0
B|334628|Ручной извещатель|37|1|56|2
B|229437|Датчик дыма|47|2|193|45
B|228917|Датчик дыма|388|0|399|0
B|193205|Тепловой датчик|9|0|10|0
B|229453|Датчик дыма|47|3|107|41
B|115658|Состояние фазы|6|0|180|0
B|197981|Датчик движения|8|0|2231|0
B|228709|Датчик дыма|26|0|34|0
B|228659|Датчик дыма|26|0|39|0
B|94098|Тепловой датчик|103|0|103|0
B|197020|Состояние УИР-Р|23|0|124|0
B|212957|Состояние насоса|18|3|256|164
B|334774|Датчик дыма|282|8|435|49
B|267581|Датчик дыма|8|0|14|0
B|3074|Датчик дыма|16|0|30|8
B|333554|Состояние фазы|34|8|53|16
B|245480|Датчик дыма|18|0|27|1
B|213438|Переключатель|19|0|345|0
B|3006|КД Дверь|482|0|920|0
B|193144|Тепловой датчик|9|0|10|0
B|334245|Датчик дыма|58|7|78|14
B|288089|Состояние вентилятора|0|0|1040|479
B|228468|Датчик движения|168|3|280|3
B|305217|Состояние фазы|6|0|9|0
B|287210|Датчик дыма|65|0|82|0
B|287101|Датчик дыма|62|0|70|0
B|95521|Переключатель|2|0|460|0
B|228763|Датчик дыма|35|0|126|0
B|227212|Состояние фазы|16|0|510|73
B|120336|Датчик температуры|8|0|996|0
B|287829|Датчик дыма|80|0|90|0
B|302182|Состояние фазы|0|0|20|0
B|287740|Датчик дыма|78|0|88|0
B|287404|Датчик дыма|73|0|81|0
B|333982|Датчик дыма|33|0|42|0
B|115631|Состояние фазы|12|1|482|27
B|103925|Состояние насоса|0|0|2424|419
B|229076|Датчик дыма|36|0|45|0
B|120501|Тепловой датчик|10|0|11|0
B|285840|Датчик движения|54|0|49688|0
B|334283|Датчик дыма|86|2|102|3
B|228851|Датчик дыма|29|0|37|0
B|147105|Переключатель|3|0|333|0
B|287012|Датчик движения|55|0|69|0
B|179397|Переключатель|6|0|492|0
B|286155|Состояние УИР-Р|51|0|63|0
B|287243|Датчик дыма|65|0|74|0
B|334517|Датчик дыма|46|0|58|1
B|228950|Датчик дыма|386|0|397|0
B|215783|Состояние вентилятора|14|1|384|129
B|269603|Датчик дыма|8|0|20|0
B|229650|Переключатель|21|0|203|0
B|330399|КД Дверь|8|0|268|0
B|268957|Датчик движения|23|0|53|0
B|196143|Газовый датчик|4460|0|4546|0
B|267629|Датчик дыма|8|0|16|0
B|262628|Датчик дыма|8|0|14|0
B|196789|Газовый датчик|28|0|711938|2907
B|93681|Тепловой датчик|86|0|90|0
B|158894|Газовый датчик|12|0|6375|0
B|287949|Состояние фазы|0|0|422|0
B|159003|Состояние фазы|0|0|150|0
B|98152|Тепловой датчик|3155|0|3203|0
B|213430|Состояние фазы|23|1|521|73
B|162761|КД АВ|3|0|75|0
B|93534|Тепловой датчик|119|0|121|0
B|268013|Состояние фазы|0|0|191|53
B|287099|Датчик дыма|62|0|70|0
B|228626|Датчик дыма|26|0|41|0
B|284684|Датчик дыма|0|0|86|0
B|229047|Датчик дыма|36|0|45|0
B|147045|Состояние УИР-Р|5|0|33|0
B|3126|ИБП|41|2|2093|5
B|230312|Состояние УИР-Р|19|0|44|0
B|334629|Ручной извещатель|38|1|57|2
B|212434|Датчик температуры|15|0|321|0
B|287298|Датчик дыма|69|0|77|0
B|228673|Датчик дыма|26|0|40|0
B|158914|Газовый датчик|0|0|3647|0
B|228823|Датчик дыма|29|0|37|0
B|269292|Состояние УИР-Р|6|0|20|0
B|229240|Датчик дыма|263|0|282|0
B|286407|Состояние УИР-Р|53|0|61|0
B|278514|Датчик дыма|13|0|19|0
B|229459|Датчик дыма|49|3|95|39
B|196650|Состояние вентилятора|6|0|577|0
B|94162|Датчик температуры|57|0|134|0
B|278420|Датчик дыма|8|0|14|0
B|193089|Датчик движения|9|0|32|0
B|212415|Датчик дыма|13|0|21|0
B|334779|Датчик дыма|284|10|3510|3124
B|231691|Датчик дыма|0|0|10|0
B|278445|Датчик дыма|8|0|20|0
B|262608|Датчик дыма|8|0|14|0
B|115726|Переключатель|6|0|184|0
B|334526|Ручной извещатель|36|0|54|1
B|287801|Датчик дыма|80|0|88|0
B|215727|Датчик дыма|133|78|153|86
B|51672|Состояние вентилятора|3|0|401|0
B|197396|Состояние УИР-Р|27|0|42|0
B|262677|Датчик дыма|7|0|13|0
B|261933|Датчик дыма|14|0|20|0
B|288116|Состояние насоса|0|0|4526|3574
B|96312|Состояние фазы|60|0|142|0
B|120614|Датчик температуры|9|0|56|0
B|212840|Состояние фазы|22|0|774|0
B|212590|Датчик дыма|19|0|27|0
B|197131|Состояние вентилятора|53|0|436|0
B|120556|КД Дверь|14|0|192|0
B|93209|Датчик движения|72|0|952|0
B|269669|Датчик дыма|7|0|25|0
B|212900|Переключатель|22|0|558|0
B|228331|Датчик движения|10|0|50|0
B|196481|Датчик температуры|21|0|55|0
B|267675|Датчик дыма|9|0|15|0
B|77839|КД Дверь|151|0|781|0
B|289237|Датчик дыма|80|0|90|0
B|289210|Датчик дыма|78|0|86|0
B|267648|Датчик дыма|8|0|14|0
B|212247|Датчик движения|9|0|385|0
B|330449|КД Дверь|15|0|236|0
B|266733|КД АВ|7|0|192|7
B|231723|Датчик дыма|0|0|8|0
B|267084|Переключатель|7|0|407|0
B|236794|Состояние насоса|0|0|560|502
B|334717|Датчик дыма|49|2|502|387
B|286941|ИБП|38|0|178|0
B|278100|Состояние УИР-Р|8|0|108|0
B|120367|Датчик движения|20|0|308|0
B|229455|Датчик дыма|48|3|109|53
B|267997|Состояние фазы|1|0|9|0
B|333933|Датчик дыма|122|0|151|0
B|229790|Состояние УИР-Р|26|0|38|0
B|96420|Состояние насоса|64|12|281|96
B|330529|КД Дверь|11|0|26|0
B|159017|Состояние фазы|0|0|162|0
B|120345|Датчик движения|9|0|169|0
B|287156|Датчик дыма|64|0|74|0
B|284883|Тепловой датчик|9|0|9|0
B|144833|КД АВ|14|0|39|0
B|228459|КД АВ|16|0|186|0
B|229328|Датчик дыма|44|0|60|0
B|262713|Состояние УИР-Р|18|0|24|0
B|278544|Датчик дыма|13|0|19|0
B|196736|Газовый датчик|36|0|620289|1286
B|268063|Переключатель|0|0|278|0
B|93482|Тепловой датчик|11|0|53|0
B|143665|Датчик движения|6|0|766|0
B|93548|Датчик температуры|80|0|127|0
B|262541|Датчик дыма|10|0|16|0
B|245555|Переключатель|2|0|436|0
B|287977|Состояние вентилятора|0|0|1055|514
B|115687|Состояние фазы|13|0|483|12
B|269485|Датчик дыма|8|0|18|0
B|287512|Датчик дыма|77|0|87|0
B|262117|Датчик дыма|17|4|24|5
B|95515|Переключатель|2|0|4|0
B|287828|Датчик дыма|80|0|90|0
B|230822|КД Дверь|7|0|215|0
B|287319|Датчик дыма|69|0|77|0
B|288086|Состояние фазы|0|0|16|0
B|287121|Датчик дыма|62|0|70|0
B|277880|Датчик движения|11|0|2461|0
B|116025|Состояние УИР-Р|21|0|35|0
B|120530|Тепловой датчик|9|0|10|0
B|197036|Ручной извещатель|24|0|41|0
B|94119|Тепловой датчик|225|0|227|0
B|333688|Состояние фазы|55|0|130|11
B|278065|Переключатель|11|0|403|0
B|267744|Датчик дыма|10|0|16|0
B|98181|КД Дверь|58|0|126|0
B|287687|Датчик дыма|79|0|89|0
B|277883|КД Дверь|7|0|693|0
B|228838|Датчик дыма|29|0|43|0
B|212810|Датчик дыма|20|0|28|0
B|287213|Датчик дыма|65|0|74|0
B|77718|Датчик движения|183|0|39959|0
B|267322|Состояние УИР-Р|8|0|34|0
B|2978|Датчик движения|18|0|78|0
B|333923|Датчик дыма|122|0|151|0
B|284725|Тепловой датчик|6|0|6|0
B|98166|КД Дверь|110|0|200|0
B|214222|Состояние фазы|0|0|690|0
B|212971|Состояние УИР-Р|21|0|112|0
B|230108|Состояние УИР-Р|111|0|125|0
B|93486|Тепловой датчик|11|0|11|0
B|267538|Датчик дыма|8|0|14|0
B|288132|Переключатель|0|0|494|0
B|286569|Состояние УИР-Р|61|0|96|0
B|90723|КД Люк|129|0|153|0
B|287332|Датчик дыма|69|0|81|0
B|229084|Датчик дыма|36|0|55|0
B|196718|Переключатель|6|0|743|0
B|333652|Состояние фазы|80|21|102|11
B|228875|Датчик дыма|29|0|37|0
B|93457|Датчик температуры|9|0|35|0
B|287608|Датчик дыма|76|0|84|0
B|230468|Газовый датчик|29|16|73|0
B|212199|Датчик дыма|6|0|14|0
B|230408|Газовый датчик|40|24|91|0
B|77829|КД Дверь|33|0|265|0
B|266925|КД Дверь|30|1|450|3
B|212275|КД Дверь|10|0|32|0
B|267338|Газовый датчик|11|0|41490|157
B|229507|Датчик дыма|45|2|210|95
B|197351|Состояние УИР-Р|6565|0|6604|0
B|228596|КД АВ|19|0|83|0
B|228862|Датчик дыма|29|0|39|0
B|213462|Состояние фазы|21|4|666|54
B|147144|Переключатель|5|0|333|0
B|143592|КД АВ|17|0|57|0
B|287799|Датчик дыма|80|0|90|0
B|94843|КД Дверь|69|0|252|0
B|229028|Датчик дыма|38|0|51|0
B|121147|Состояние насоса|5|2|227|99
B|334644|Датчик дыма|43|0|61|0
B|197307|Состояние УИР-Р|1067|0|1096|0
B|229493|Датчик дыма|46|3|141|84
B|197315|Состояние УИР-Р|972|0|994|0
B|287622|Датчик дыма|76|0|84|0
B|268168|Газовый датчик|0|0|5328|0
B|333648|Переключатель|76|0|186|0
B|266958|Состояние вентилятора|17|3|633|137
B|288181|Газовый датчик|0|0|12141|0
B|289246|Датчик дыма|80|0|88|0
B|267130|Состояние УИР-Р|7|0|13|0
B|93699|Тепловой датчик|67|0|67|0
B|116115|Газовый датчик|10|3|2906|16
B|96462|Состояние насоса|60|2|426|139
B|196771|Газовый датчик|28|0|1287085|2907
B|93553|Тепловой датчик|78|0|82|0
B|266604|КД АВ|16|0|165|0
B|262583|Датчик дыма|8|0|14|0
B|278484|Датчик дыма|8|0|14|0
B|255395|Состояние УИР-Р|21|0|50|0
B|179398|Переключатель|6|0|970|0
B|288120|Состояние вентилятора|0|0|1111|544
B|288103|Состояние фазы|0|0|174|0
B|229285|Датчик дыма|43|0|53|0
B|229159|Датчик дыма|27|0|63|0
B|232197|КД Дверь|22|0|133|0
B|135229|Датчик движения|22|0|1454|0
B|115681|Состояние фазы|7|0|145|0
B|196737|Газовый датчик|36|1|294058|2899
B|115651|Переключатель|6|0|90|0
B|115745|Переключатель|7|0|185|0
B|116075|Газовый датчик|9|0|7994|0
B|196474|Датчик дыма|20|2|37|12
B|262671|Датчик дыма|7|0|13|0
B|229304|Датчик дыма|44|0|52|0
B|267589|Датчик дыма|8|0|14|0
B|278455|Датчик дыма|8|0|14|0
B|196772|Газовый датчик|28|0|510151|7053
B|196630|Состояние фазы|6|0|197|0
B|267497|Датчик дыма|8|0|14|0
B|228355|Датчик движения|10|0|144|0
B|255373|Состояние УИР-Р|19|0|73|0
B|229427|Датчик дыма|35|0|49|0
B|230523|Газовый датчик|23|12|87|2
B|287592|Датчик дыма|76|0|86|0
B|215832|Состояние вентилятора|16|1|319|144
B|266610|КД Дверь|7|0|85|0
B|262519|Датчик дыма|10|0|16|0
B|262005|Датчик дыма|10|0|16|0
B|158919|Газовый датчик|0|0|63587|0
B|228995|Датчик дыма|388|0|407|0
B|287119|Датчик дыма|62|0|72|0
B|210589|Датчик движения|8|0|31|0
B|93181|Датчик движения|15|0|2987|0
B|157310|КД АВ|10|0|114|0
B|229412|Датчик дыма|34|0|52|0
B|115360|КД АВ|2|0|24|0
B|269630|Датчик дыма|8|0|20|0
B|278408|Датчик дыма|12|0|32|0
B|212983|Состояние УИР-Р|21|0|31|0
B|334522|Датчик дыма|46|0|63|0
B|269647|Датчик дыма|9|0|20|0
B|286862|КД Дверь|7|0|43|0
B|287880|Датчик дыма|80|0|96|0
B|212965|Состояние УИР-Р|33|0|354|0
B|197325|Состояние УИР-Р|1108|0|1131|0
B|103926|Состояние насоса|0|0|477|343
B|333415|Состояние фазы|30|0|239|0
B|268198|Газовый датчик|0|0|9424|0
B|230306|Состояние УИР-Р|40|0|199|0
B|334729|Датчик дыма|44|2|219|165
B|287838|Датчик дыма|80|0|92|0
B|334747|Ручной извещатель|39|7|788|741
B|115935|Состояние УИР-Р|6|0|14|0
B|262522|Датчик дыма|10|0|16|0
B|262106|Датчик дыма|16|4|24|6
B|120480|Тепловой датчик|9|0|10|0
B|285891|Состояние УИР-Р|50|0|77|0
B|229058|Датчик дыма|36|0|47|0
B|228215|КД Дверь|158|0|197|0
B|334410|Датчик дыма|46|0|59|0
B|215869|Состояние вентилятора|17|1|305|118
B|197261|Состояние УИР-Р|25|0|50|0
B|154126|Датчик движения|9|0|168301|0
B|267683|Датчик дыма|9|0|21|0
B|171594|Стекло|37|0|64|0
B|278351|Датчик дыма|12|0|30|0
B|277993|Датчик движения|9|0|855|0
B|228739|Датчик дыма|41|0|58|0
B|115694|Переключатель|13|0|463|0
B|212916|Переключатель|22|0|406|0
B|147126|Состояние вентилятора|5|0|333|0
B|120591|Датчик температуры|9|0|71|0
B|262557|Датчик дыма|10|0|18|0
B|171995|Тепловой датчик|83|0|95|0
B|287407|Датчик дыма|73|0|83|0
B|231305|Датчик дыма|5|0|15|0
B|229163|Датчик дыма|27|0|65|0
B|228549|КД Дверь|16|0|401|0
B|213247|Состояние УИР-Р|19|0|224|0
B|98204|Тепловой датчик|83|0|88|0
B|120549|Тепловой датчик|12|0|13|0
B|115415|КД АВ|2|0|70|0
B|115627|Состояние вентилятора|8|1|219|14
B|94819|Датчик дыма|128|84|175|106
B|286401|Состояние УИР-Р|55|0|229|0
B|94110|Тепловой датчик|51|0|55|0
B|212567|Датчик движения|17|0|1211|0
B|333512|Состояние фазы|29|5|70|13
B|266752|КД Дверь|3|0|319|0
B|212186|КД Люк|19|0|31|0
B|228890|Датчик дыма|30|0|40|0
B|228645|Датчик дыма|26|0|40|1
B|144856|КД АВ|15|0|119|0
B|287758|Датчик дыма|78|0|86|0
B|179242|Состояние фазы|6|0|424|0
B|333595|Состояние вентилятора|28|12|461|307
B|334486|Ручной извещатель|33|16|54|26
B|269582|Датчик дыма|9|0|20|0
B|147185|Газовый датчик|6|0|17798|0
B|266701|КД Дверь|7|0|85|0
B|261987|Датчик дыма|10|0|16|0
B|95492|Состояние вентилятора|2|0|486|0
B|147046|Состояние УИР-Р|5|0|33|0
B|120967|КД АВ|0|0|36|0
B|228657|Датчик дыма|26|0|37|0
B|284709|Датчик дыма|6|0|15|0
B|103904|Состояние вентилятора|3|0|326|30
B|213445|Переключатель|22|0|526|0
B|193200|КД Дверь|9|0|108|0
B|115863|Состояние УИР-Р|12|0|20|0
B|288043|Состояние фазы|0|0|77|28
B|212093|КД Дверь|4|0|2076|0
B|96380|Переключатель|60|0|398|0
B|333473|Переключатель|30|0|366|0
B|229052|Датчик дыма|36|0|45|0
B|228353|Датчик температуры|10|0|47|0
B|228881|Датчик дыма|30|0|38|0
B|229566|Датчик дыма|50|0|58|0
B|228804|Датчик дыма|40|0|57|0
B|93714|Тепловой датчик|472|0|476|0
B|262579|Датчик дыма|8|0|16|0
B|278437|Датчик дыма|8|0|40|0
B|262621|Датчик дыма|8|0|14|0
B|197288|Состояние УИР-Р|544|0|563|0
B|267745|Датчик дыма|10|0|20|0
B|267142|Состояние УИР-Р|7|0|18|0
B|196148|Состояние фазы|4460|0|4464|0
B|227224|Состояние фазы|20|0|475|20
B|197393|Состояние УИР-Р|2|0|30|0
B|197034|Датчик температуры|44|0|159|0
B|171375|Состояние охраны|24|0|1757|0
B|228835|Датчик дыма|29|0|45|0
B|227210|Переключатель|16|0|418|0
B|228579|Датчик движения|19|0|127|0
B|216265|КД Дверь|9|0|192|0
B|277956|Датчик движения|13|0|65|0
B|262062|Датчик дыма|16|4|26|5
B|9370|Датчик температуры|16|0|203|0
B|228728|Датчик дыма|41|0|66|0
B|212614|Датчик дыма|18|0|27|0
B|229691|Состояние фазы|26|9|410|92
B|228971|Датчик дыма|388|0|401|0
B|3110|Состояние УИР-Р|3|0|39|0
B|229403|Датчик дыма|33|0|46|0
B|193130|Датчик дыма|11|0|29|3
B|269047|Датчик движения|6|0|364|0
B|212897|Переключатель|22|0|154|0
B|229252|Датчик дыма|260|0|275|0
B|215845|Переключатель|16|0|154|0
B|262014|Датчик дыма|10|0|16|0
B|228373|Датчик движения|26|0|424|0
B|287573|Датчик дыма|76|0|92|0
B|212573|Датчик дыма|17|0|27|0
B|96259|Состояние фазы|64|0|76|0
B|196740|Газовый датчик|36|1|317108|3471
B|229387|Датчик дыма|35|0|51|2
B|196742|Газовый датчик|36|0|300112|955
B|333562|Состояние фазы|29|2|47|9
B|114011|Состояние УИР-Р|27|0|118|0
B|115738|Переключатель|6|0|186|0
B|268869|Датчик дыма|3|0|51|0
B|3082|Датчик движения|18|0|140112|0
B|287346|Датчик дыма|73|0|89|0
B|197022|Состояние УИР-Р|20|0|123|0
B|286365|Состояние УИР-Р|51|0|156|0
B|93251|Датчик движения|107|0|1257|0
B|196996|КД Люк|25|0|68|0
B|228642|Датчик дыма|15|0|48|0
B|267987|Состояние фазы|0|0|589|59
B|3113|Состояние УИР-Р|5|0|69|0
B|263350|КД Дверь|17|0|36|0
B|261918|Датчик дыма|14|0|20|0
B|8787|Состояние фазы|4252|0|4325|0
B|267587|Датчик дыма|8|0|14|0
B|267101|Переключатель|10|0|415|0
B|267708|Датчик дыма|9|0|15|0
B|229349|Датчик дыма|43|0|54|0
B|334440|Датчик дыма|48|0|60|0
B|269019|КД Люк|23|0|43|0
B|266960|Состояние вентилятора|7|0|631|67
B|228628|Датчик дыма|26|0|37|0
B|103955|Состояние насоса|0|0|818|70
B|228892|Датчик дыма|31|0|43|0
B|9372|Датчик температуры|21|0|63|0
B|228870|Датчик дыма|29|0|43|0
B|98167|Тепловой датчик|110|0|114|0
B|2962|Датчик движения|22|0|558|0
B|284878|Тепловой датчик|9|0|11|0
B|272684|Состояние фазы|0|0|391|57
B|269712|Датчик дыма|7|0|25|0
B|261909|Датчик дыма|13|0|19|0
B|93600|Тепловой датчик|94|0|96|0
B|334563|Датчик дыма|58|0|73|0
B|229172|Датчик дыма|27|0|55|0
B|196141|Газовый датчик|4460|0|4516|0
B|94101|Тепловой датчик|103|0|103|0
B|334727|Датчик дыма|44|2|252|197
B|262150|Датчик дыма|15|0|21|0
B|196526|Датчик температуры|23|0|82|0
B|147197|Газовый датчик|6|0|14392|0
B|278350|Датчик дыма|12|0|38|0
B|229396|Датчик дыма|35|0|45|0
B|278377|Датчик дыма|12|0|26|0
B|269032|Датчик движения|6|0|28|0
B|77845|Датчик температуры|131|0|497|0
B|286563|Состояние УИР-Р|58|0|66|0
B|95360|Состояние фазы|2|0|452|0
B|333508|Переключатель|32|0|43|0
B|144801|Датчик движения|13|0|1780|0
B|232066|Состояние УИР-Р|3|0|147|0
B|267358|Газовый датчик|10|0|3300|0
B|212433|Датчик движения|15|0|939|0
B|143626|КД АВ|9|0|49|0
B|262670|Датчик дыма|7|0|15|0
B|90698|КД Люк|151|0|169|0
B|267343|Газовый датчик|7|0|23935|34
B|333626|Переключатель|29|0|63|0
B|268203|Газовый датчик|0|0|41783|0
B|143492|Датчик дыма|16|4|34|7
B|287329|Датчик дыма|69|0|77|0
B|278020|Состояние фазы|7|0|7|0
B|196146|Газовый датчик|4460|0|4522|0
B|229025|Датчик дыма|38|0|47|0
B|144877|Состояние УИР-Р|23|0|39|0
B|262524|Датчик дыма|10|0|18|0
B|96416|Состояние фазы|64|0|212|0
B|93962|Тепловой датчик|152|0|157|0
B|288012|Состояние вентилятора|0|0|1036|479
B|334750|Ручной извещатель|43|11|665|617
B|302185|Датчик дыма|2|0|8|0
B|268886|Переключатель|0|0|304|0
B|262641|Датчик дыма|8|0|14|0
B|227198|Переключатель|15|0|101|0
B|212402|КД Дверь|13|0|455|0
B|197286|Состояние УИР-Р|583|0|603|0
B|232087|Состояние УИР-Р|3|0|97|0
B|269430|Датчик дыма|6|0|24|0
B|93658|КД Дверь|108|0|186|0
B|2875|Датчик температуры|25|0|52|0
B|227481|Состояние фазы|13|0|148|20
B|214104|Состояние вентилятора|3|0|166|23
B|268039|Переключатель|0|0|328|0
B|287690|Датчик дыма|79|0|89|0
B|143523|Датчик дыма|18|0|44|0
B|229856|Состояние УИР-Р|21|0|33|0
B|229128|Датчик дыма|27|0|69|0
B|115363|КД Дверь|2|0|192|0
B|287029|Датчик температуры|57|0|535|0
B|266732|Датчик температуры|7|0|826|0
B|77788|Датчик температуры|11|0|53|0
B|228201|КД АВ|22|0|49|0
B|334698|Датчик дыма|42|0|60|0
B|269598|Датчик дыма|9|0|20|0
B|231974|КД Дверь|1|0|815|0
B|229668|Переключатель|108|0|119|0
B|8820|Состояние вентилятора|4247|0|4736|0
B|197032|Датчик дыма|44|6|65|10
B|330260|9-секционный люк|22|0|33|2
B|228877|Датчик дыма|29|0|39|0
B|96265|Состояние фазы|64|0|485|0
B|93755|Датчик движения|183|0|834|0
B|330249|КД Дверь|9|0|615|0
B|286161|Состояние УИР-Р|54|0|64|0
B|261898|Датчик дыма|13|0|21|0
B|93544|Тепловой датчик|80|0|86|0
B|229085|Датчик дыма|36|0|49|0
B|196139|Газовый датчик|4467|0|4609|0
B|94033|Тепловой датчик|139|0|147|0
B|278061|Состояние фазы|12|0|542|0
B|268904|КД Дверь|23|0|87|0
B|212762|Датчик дыма|19|0|27|0
B|115348|КД Дверь|2|0|198|0
B|267499|Датчик дыма|8|0|14|0
B|120250|Датчик дыма|13|0|25|5
B|287528|Датчик дыма|77|0|85|0
B|278005|Состояние вентилятора|10|0|424|8
B|171588|КД Дверь|29|0|3927|0
B|228451|КД Дверь|28|0|212|0
B|229662|Состояние фазы|29|0|186|0
B|333631|Переключатель|29|0|135|0
B|266659|КД АВ|5|0|48|0
B|230841|Датчик движения|6|2|472|1
B|334512|Датчик дыма|46|3|60|4
B|334391|Датчик дыма|45|0|59|0
B|196704|Состояние фазы|6|0|11|0
B|143548|КД АВ|11|0|73|0
B|287676|Датчик дыма|79|0|89|0
B|230360|Состояние УИР-Р|43|0|52|0
B|230024|Состояние УИР-Р|36|0|90|0
B|268096|Состояние фазы|0|0|154|0
B|228784|Датчик дыма|22|0|111|0
B|227197|Состояние фазы|15|0|116|5
B|212176|КД Дверь|5|0|4709|0
B|230749|Состояние охраны|155|0|481|0
B|90696|КД Люк|168|0|276|0
B|77847|КД Дверь|17|0|706|0
B|334741|Датчик дыма|43|2|267|217
B|269561|Датчик дыма|8|0|19|0
B|197372|Состояние УИР-Р|119|0|138|0
B|334579|Датчик дыма|62|3|77|5
B|334415|Датчик дыма|46|0|59|0
B|287553|Датчик дыма|64|0|96|0
B|95410|Переключатель|2|0|438|0
B|230811|КД Дверь|6|0|110|0
B|287498|Датчик дыма|77|0|89|0
B|3127|ИБП|20|0|70|0
B|231308|Датчик движения|5|0|2269|0
B|333900|Датчик дыма|137|0|173|0
B|334347|Датчик дыма|48|0|106|0
B|267591|Датчик дыма|8|0|14|0
B|147013|Датчик дыма|10|0|104|0
B|334766|Датчик дыма|282|0|407|12
B|287174|Датчик дыма|64|0|74|0
B|269722|Датчик дыма|7|0|24|0
B|267777|Датчик дыма|10|0|16|0
B|262586|Датчик дыма|8|0|14|0
B|286005|Состояние УИР-Р|53|0|210|0
B|262101|Датчик дыма|16|4|23|5
B|197353|Состояние УИР-Р|5204|0|5238|0
B|147010|КД АВ|15|0|35|0
B|334777|Датчик дыма|284|10|2299|1913
B|228258|КД АВ|8|0|20|0
B|115795|Переключатель|7|0|189|0
B|284711|Тепловой датчик|6|0|8|0
B|287628|Датчик дыма|79|0|89|0
B|287389|Датчик дыма|73|0|83|0
B|229631|Состояние фазы|16|0|138|0
B|331499|Газовый датчик|31|0|91|0
B|144882|Состояние УИР-Р|21|0|40|0
B|96453|Состояние фазы|64|0|533|0
B|93562|Тепловой датчик|181|0|191|0
B|269588|Датчик дыма|9|0|22|0
B|115613|Состояние насоса|7|1|439|142
B|231869|КД Дверь|1|0|327|0
B|230880|Состояние фазы|14|0|330|0
B|229766|Состояние УИР-Р|20|0|57|0
B|103932|Переключатель|0|0|283|0
B|286509|Состояние УИР-Р|59|0|67|0
B|289203|Датчик дыма|78|0|86|0
B|334734|Датчик дыма|44|2|306|170
B|230066|Состояние УИР-Р|22|0|195|0
B|269538|Датчик дыма|8|0|21|0
B|95452|Состояние фазы|2|0|4|0
B|287173|Датчик дыма|64|0|74|0
B|157287|КД Дверь|18|0|82|0
B|334302|Датчик дыма|87|4|121|8
B|286693|Ручной извещатель|80|0|88|0
B|228806|Датчик дыма|40|0|55|0
B|287968|Состояние вентилятора|0|0|1059|502
B|262056|Датчик дыма|17|4|25|6
B|229367|Датчик дыма|35|0|50|2
B|287421|Датчик дыма|73|0|85|0
B|228615|Датчик дыма|26|0|39|0
B|147940|Состояние вентилятора|3|0|343|0
B|287387|Датчик дыма|1|0|16|1
B|288130|Состояние вентилятора|0|0|1179|599
B|230837|КД Дверь|5|0|37|0
B|115669|Переключатель|11|0|207|0
B|334576|Датчик дыма|62|0|78|0
B|94146|Тепловой датчик|84|0|90|0
B|94138|Датчик температуры|83|0|131|0
B|135217|КД Дверь|16|0|72|0
B|231863|Датчик движения|1|0|864|84
B|215906|Состояние насоса|21|1|497|310
B|333530|Состояние фазы|31|0|39|0
B|261967|Датчик дыма|9|0|15|0
B|334272|Датчик дыма|87|2|101|3
B|120472|Тепловой датчик|8|0|9|0
B|229660|Состояние насоса|27|1|464|288
B|77535|КД Дверь|27|0|114|0
B|334554|Датчик дыма|58|0|75|0
B|278112|Состояние УИР-Р|7|0|128|0
B|267570|Датчик дыма|8|0|14|0
B|287670|Датчик дыма|79|0|87|0
B|143514|КД АВ|12|0|186|0
B|331384|Газовый датчик|33|0|62|0
B|3038|КД Дверь|19|0|355|0
B|115605|Состояние фазы|13|0|163|0
B|212875|Состояние фазы|21|0|95|0
B|269596|Датчик дыма|9|0|20|0
B|268942|КД Дверь|6|0|418|0
B|143553|КД АВ|13|0|223|0
B|212862|Состояние вентилятора|23|4|677|258
B|115385|Датчик температуры|2|0|103|0
B|230836|КД Дверь|5|0|25|0
B|286930|Датчик движения|30|0|533|0
B|3002|КД Дверь|5|0|2563|0
B|263362|Датчик дыма|20|0|38|1
B|267973|Состояние вентилятора|17|3|618|227
B|229600|Состояние фазы|13|0|510|19
B|228680|Датчик дыма|26|0|40|0
B|229117|Датчик дыма|27|0|65|0
B|197322|Состояние УИР-Р|2445|0|2469|0
B|95430|Переключатель|2|0|8|0
B|266821|КД АВ|11|0|195|0
B|267583|Датчик дыма|8|0|14|0
B|197016|Состояние УИР-Р|39|0|89|0
B|333961|Датчик дыма|29|0|39|0
B|284729|Датчик дыма|0|0|8|0
B|287449|Датчик дыма|73|0|83|0
B|228887|Датчик дыма|30|0|38|0
B|269681|Датчик дыма|7|0|21|0
B|215900|Состояние вентилятора|21|1|328|131
B|267286|Состояние УИР-Р|8|0|49|0
B|212306|Датчик дыма|9|0|17|0
B|262521|Датчик дыма|10|0|16|0
B|94051|Тепловой датчик|107|0|112|0
B|193180|Тепловой датчик|9|0|10|0
B|287182|Датчик дыма|64|0|72|0
B|197390|Состояние УИР-Р|40|2|65|1
B|229183|Датчик дыма|27|0|53|0
B|212094|Датчик движения|4|0|31266|0
B|228932|Датчик дыма|388|0|399|0
B|114006|Ручной извещатель|22|0|36|0
B|212134|Датчик температуры|4|0|139|0
B|227196|Состояние фазы|15|0|1573|58
B|147117|Состояние фазы|5|0|145|0
B|287580|Датчик дыма|76|0|84|0
B|215856|Переключатель|16|0|114|0
B|224391|КД Дверь|3|0|63|0
B|157326|Состояние УИР-Р|4|0|36|0
B|289180|Датчик дыма|76|0|84|0
B|262946|Переключатель|0|0|64|0
B|93672|КД Дверь|106|0|164|0
B|287216|Датчик дыма|65|0|76|0
B|228646|Датчик дыма|26|0|39|0
B|213793|Газовый датчик|12|2|16892|14
B|94841|Датчик дыма|120|84|143|94
B|330208|КД АВ|9|0|20|2
B|267990|Переключатель|0|0|416|0
B|93241|Датчик движения|96|0|1491|0
B|289250|Датчик дыма|80|0|98|0
B|287797|Датчик дыма|80|0|88|0
B|333616|Состояние фазы|29|14|60|33
B|269087|Датчик движения|6|0|548|0
B|215781|Состояние насоса|14|1|401|315
B|212927|Состояние вентилятора|22|1|475|67
B|228588|КД АВ|22|0|77|0
B|213364|Газовый датчик|7|0|24169|0
B|229326|Датчик дыма|44|0|54|0
B|93231|Датчик движения|136|0|368|0
B|98151|Тепловой датчик|3155|0|3199|0
B|229012|Датчик дыма|38|0|55|0
B|287723|Датчик дыма|78|0|86|0
B|267769|Датчик дыма|10|0|18|0
B|268892|ИБП|6|0|34|0
B|287841|Датчик дыма|80|0|100|0
B|227190|Переключатель|15|0|101|0
B|192988|Переключатель|7|0|17|0
B|197149|Состояние насоса|33|0|437|320
B|77842|КД АВ|131|0|153|0
B|287191|Датчик дыма|64|0|72|0
B|196882|Датчик движения|39|0|784|0
B|143531|Датчик дыма|13|0|56|0
B|143693|Датчик движения|6|0|26|0
B|286179|Состояние УИР-Р|54|0|189|0
B|120609|Тепловой датчик|9|0|10|0
B|93594|КД Дверь|92|0|336|0
B|228800|Датчик дыма|39|0|60|0
B|256086|Тепловой датчик|13|0|13|0
B|93879|Датчик движения|193|0|997|0
B|94847|Датчик дыма|115|82|150|105
B|269614|Датчик дыма|9|0|19|0
B|228557|КД Дверь|18|0|44|0
B|333549|Состояние фазы|31|0|219|0
B|230824|Датчик движения|7|0|201|0
B|334544|Датчик дыма|58|0|120|45
B|334374|Датчик дыма|45|0|57|0
B|277877|Датчик температуры|11|0|62|0
B|196720|Переключатель|6|0|611|0
B|268993|ИБП|7|0|13|0
B|8768|Состояние вентилятора|4252|0|4617|0
B|269713|Датчик дыма|8|0|20|0
B|267636|Датчик дыма|8|0|20|0
B|262064|Датчик дыма|17|4|26|5
B|115719|Переключатель|7|0|179|0
B|232211|КД Дверь|0|0|24|0
B|229488|Датчик дыма|47|3|234|153
B|212125|Датчик дыма|4|0|12|0
B|288231|Газовый датчик|0|0|21898|0
B|157323|Состояние УИР-Р|5|0|31|0
B|269605|Датчик дыма|9|0|19|0
B|285824|КД Дверь|53|0|61|0
B|229458|Датчик дыма|48|3|116|58
B|114004|Датчик температуры|21|0|56|0
B|334721|Датчик дыма|45|2|242|185
B|197328|Состояние УИР-Р|4725|0|4749|0
B|2947|Датчик температуры|19|0|42|0
B|286035|Состояние УИР-Р|52|0|60|0
B|115777|Переключатель|7|0|349|0
B|333551|Переключатель|31|0|131|0
B|212219|КД Люк|6|0|20|0
B|267166|Состояние УИР-Р|7|0|17|0
B|95382|Состояние фазы|2|0|184|0
B|278453|Датчик дыма|8|0|14|0
B|267087|Состояние насоса|7|0|267|128
B|212116|Датчик температуры|4|0|87|0
B|286929|Датчик температуры|28|0|1620|11
B|228963|Датчик дыма|390|0|401|0
B|229072|Датчик дыма|36|0|45|0
B|302197|Датчик дыма|18|0|29|4
B|333513|Состояние фазы|29|5|59|8
B|8821|Состояние вентилятора|4247|0|4744|0
B|229034|Датчик дыма|38|0|47|0
B|278391|Датчик дыма|12|0|20|0
B|193206|КД Дверь|9|0|110|0
B|171537|Датчик дыма|36|0|57|10
B|212613|Датчик дыма|18|0|27|2
B|230949|Переключатель|27|0|224|0
B|215779|Состояние насоса|14|1|402|306
B|334306|Датчик дыма|87|9|217|10
B|197321|Состояние УИР-Р|3693|0|3722|0
B|266809|КД Дверь|8|0|350|0
B|213452|Состояние фазы|21|0|171|0
B|287229|Датчик дыма|65|0|76|0
B|215855|Состояние фазы|16|0|190|0
B|196824|Состояние охраны|39|0|147|0
B|3001|КД Дверь|4|0|104|0
B|262021|Датчик дыма|10|0|16|0
B|113990|КД АВ|8|0|83|0
B|285812|КД Дверь|54|0|970|0
B|229184|Датчик дыма|27|0|55|0
B|212757|КД Люк|19|0|33|0
B|288151|Газовый датчик|0|0|35151|1068
B|135190|Датчик температуры|14|0|221|0
B|114014|Состояние УИР-Р|9|0|112|0
B|334485|Ручной извещатель|34|17|55|27
B|278496|Датчик дыма|13|0|19|0
B|230583|Газовый датчик|52|40|61|0
B|179150|Состояние вентилятора|7|0|583|0
B|334580|Датчик дыма|62|3|77|5
B|103966|Переключатель|0|0|224|0
B|96407|Состояние фазы|64|0|239|0
B|228865|Датчик дыма|29|0|43|0
B|196149|Состояние фазы|4460|0|4462|0
B|302200|Датчик дыма|15|0|22|0
B|287281|Датчик дыма|69|0|79|0
B|267172|Состояние УИР-Р|7|0|17|0
B|120231|КД Дверь|39|0|456|0
B|227460|Состояние фазы|13|0|109|4
B|228718|Датчик дыма|41|0|64|0
B|287795|Датчик дыма|80|0|88|0
B|51148|Переключатель|6|0|412|0
B|229940|Состояние УИР-Р|24|0|35|0
B|179243|Состояние фазы|6|0|254|0
B|287171|Датчик дыма|64|0|74|0
B|197379|Состояние УИР-Р|19|0|44|0
B|94838|Датчик дыма|63|26|94|38
B|120332|Датчик температуры|9|0|216|0
B|94143|КД Дверь|75|0|146|0
B|93468|Тепловой датчик|8|0|8|0
B|51671|Состояние вентилятора|3|0|403|0
B|287539|Датчик дыма|77|0|85|0
B|266947|Датчик температуры|10|0|1720|0
B|212442|(без типа)|0|0|12|0
B|215814|Переключатель|16|0|114|0
B|197279|Состояние УИР-Р|382|0|406|0
B|197018|Состояние УИР-Р|22|0|144|0
B|196687|Состояние вентилятора|6|0|455|0
B|229705|Состояние вентилятора|75|33|518|215
B|229051|Датчик дыма|36|0|45|0
B|193222|Тепловой датчик|9|0|10|0
B|287126|Датчик дыма|62|0|70|0
B|334507|Датчик дыма|46|0|57|0
B|227282|Датчик движения|18|0|868|0
B|196790|Газовый датчик|28|0|954506|2897
B|144762|Датчик температуры|21|0|94|0
B|228275|Датчик температуры|9|0|91|0
B|196516|Датчик движения|22|0|9096|0
B|147127|Состояние вентилятора|5|0|333|0
B|117770|Переключатель|6|0|328|0
B|3007|КД Дверь|482|0|678|0
B|334665|Датчик дыма|45|0|95|0
B|267535|Датчик дыма|8|0|16|0
B|212863|Переключатель|23|0|433|0
B|147039|Состояние УИР-Р|5|0|37|0
B|96332|Состояние вентилятора|60|0|424|0
B|120380|Датчик температуры|10|0|112|0
B|8778|Состояние фазы|4252|0|4409|0
B|267560|Датчик дыма|8|0|14|0
B|8780|Состояние фазы|4252|0|4397|0
B|212490|Датчик затопления|15|0|25|0
B|95438|Состояние фазы|2|0|452|0
B|286837|Датчик движения|4|0|621|80
B|262651|Датчик дыма|8|0|14|0
B|3125|Состояние УИР-Р|7|0|32|0
B|277903|Датчик температуры|12|0|732|0
B|334650|Датчик дыма|44|1|57|1
B|330577|КД Дверь|15|0|730|0
B|287511|Датчик дыма|77|0|85|0
B|229560|Датчик дыма|50|0|62|0
B|228503|КД АВ|17|0|31|0
B|287831|Датчик дыма|80|0|88|0
B|104018|Переключатель|0|0|568|0
B|196910|Датчик температуры|25|0|194|0
B|266716|КД АВ|7|0|207|0
B|228614|Датчик дыма|26|0|43|0
B|227201|Состояние фазы|15|0|170|45
B|230842|Датчик движения|6|2|96|1
B|229541|Датчик дыма|51|0|61|0
B|286245|Состояние УИР-Р|54|0|64|0
B|93528|КД Дверь|85|0|151|0
B|93477|КД Дверь|9|0|221|0
B|269089|КД Дверь|6|0|318|0
B|115541|ИБП|7|0|20|0
B|228997|Датчик дыма|387|0|400|0
B|229334|Датчик дыма|44|0|56|0
B|288027|Переключатель|0|0|486|0
B|115810|Состояние насоса|7|0|174|105
B|230704|КД Дверь|159|0|181|0
B|269571|Датчик дыма|9|0|24|0
B|147108|Переключатель|3|0|297|0
B|115665|Состояние вентилятора|8|1|277|63
B|333983|Датчик дыма|34|0|42|0
B|278457|Датчик дыма|8|0|14|0
B|197375|Состояние УИР-Р|25|0|54|0
B|144771|Датчик движения|15|0|21929|0
B|287010|КД Дверь|54|0|368|0
B|230874|КД Дверь|13|0|67|0
B|147164|Переключатель|3|0|413|0
B|230907|Состояние насоса|23|12|108|47
B|228671|Датчик дыма|26|0|42|0
B|179234|Состояние фазы|7|0|171|0
B|228639|Датчик дыма|26|0|47|0
B|143633|Датчик дыма|22|8|46|15
B|115245|КД АВ|0|0|34|0
B|120281|КД Дверь|16|0|5859|0
B|214210|Состояние фазы|3|0|53|0
B|267066|Состояние фазы|10|0|35|0
B|228983|Датчик дыма|388|0|405|0
B|197269|Состояние УИР-Р|96|0|130|0
B|143503|КД Дверь|23|0|215|0
B|135237|Состояние УИР-Р|22|0|32|0
B|197021|Состояние УИР-Р|22|0|121|0
B|171646|Датчик дыма|69|15|83|17
B|287290|Датчик дыма|69|0|77|0
B|197142|Состояние фазы|34|0|177|0
B|229377|Датчик дыма|35|0|50|3
B|228216|КД Дверь|5|0|37|0
B|178336|ИБП|55|2|182|2
B|179156|Состояние вентилятора|7|0|641|0
B|334285|Датчик дыма|87|3|102|4
B|286131|Состояние УИР-Р|54|0|64|0
B|334473|Датчик дыма|48|0|60|0
B|212961|Состояние фазы|18|0|760|0
B|228833|Датчик дыма|29|0|43|0
B|213151|Состояние УИР-Р|21|0|100|0
B|135200|Датчик температуры|13|0|63|0
B|229652|Состояние вентилятора|25|13|458|176
B|212260|Датчик дыма|10|0|18|0
B|333897|Ручной извещатель|24|7|36|9
B|229198|Датчик дыма|27|0|51|0
B|212468|Датчик дыма|17|0|25|0
B|213439|Переключатель|19|0|349|0
B|196900|Датчик температуры|19|0|149|0
B|229714|Состояние вентилятора|42|19|448|165
B|277896|КД Люк|7|0|19|0
B|115717|Состояние вентилятора|7|0|263|20
B|268024|Состояние фазы|0|0|434|0
B|144789|Датчик движения|14|0|698|0
B|95475|Состояние насоса|2|1|450|387
B|209984|КД Дверь|19|0|201|0
B|268984|ИБП|6|0|57|0
B|267989|Переключатель|0|0|532|0
B|228904|Датчик дыма|30|0|40|0
B|228323|Датчик движения|12|0|160|0
B|230713|КД Дверь|5|0|27|0
B|267614|Датчик дыма|8|0|14|0
B|229321|Датчик дыма|44|0|52|0
B|334409|Датчик дыма|46|0|61|0
B|230942|Состояние фазы|56|0|242|0
B|229263|Датчик дыма|28|0|61|6
B|120547|Тепловой датчик|10|0|11|0
B|215872|Состояние вентилятора|23|5|321|131
B|286978|Датчик движения|45|0|761|0
B|120698|Состояние УИР-Р|5|0|20|0
B|143701|Датчик движения|7|0|191|0
B|261922|Датчик дыма|14|0|24|0
B|267734|Датчик дыма|10|0|16|0
B|333518|Состояние фазы|29|0|53|0
B|115556|Состояние насоса|14|0|368|51
B|277978|КД АВ|13|0|296|0
B|103949|Переключатель|0|0|290|0
B|287826|Датчик дыма|80|0|90|0
B|262143|Датчик дыма|15|0|23|0
B|269548|Датчик дыма|7|0|19|0
B|213785|Газовый датчик|11|1|69361|0
B|288050|Состояние фазы|0|0|390|43
B|288126|Состояние насоса|0|0|771|583
B|231940|Датчик дыма|1|0|9|0
B|334693|Датчик дыма|42|0|54|0
B|230847|КД Дверь|13|0|215|0
B|333612|Состояние вентилятора|29|17|305|161
B|334587|Датчик дыма|62|3|76|5
B|269437|Датчик дыма|6|0|16|0
B|334569|Ручной извещатель|41|22|60|26
B|334457|Датчик дыма|48|0|60|0
B|287649|Датчик дыма|79|0|87|0
B|144840|КД Дверь|24|0|331|0
B|227213|Переключатель|16|0|492|0
B|147113|Переключатель|3|0|3|0
B|268825|КД Дверь|2|0|18|0
B|193199|Тепловой датчик|9|0|10|0
B|334388|Датчик дыма|45|0|424|269
B|179166|Состояние фазы|7|0|959|0
B|95419|Переключатель|2|0|444|0
B|267638|Датчик дыма|8|0|14|0
B|287305|Датчик дыма|69|0|77|0
B|197309|Состояние УИР-Р|578|0|602|0
B|268293|Газовый датчик|0|0|82927|0
B|229701|Состояние вентилятора|32|10|452|169
B|269352|Состояние УИР-Р|6|0|20|0
B|230813|Датчик движения|6|0|712|0
B|96266|Состояние фазы|64|0|433|0
B|287096|Датчик дыма|62|0|70|0
B|143638|КД АВ|11|0|103|0
B|98172|КД Дверь|110|0|387|0
B|267574|Датчик дыма|8|0|14|0
B|286865|Датчик движения|7|0|33|0
B|268109|Состояние вентилятора|0|0|559|194
B|93679|Тепловой датчик|86|0|92|0
B|268968|КД Дверь|6|0|18|0
B|197348|Состояние УИР-Р|3210|0|3237|0
B|120585|Тепловой датчик|9|0|10|0
B|212913|Состояние вентилятора|22|1|653|239
B|267628|Датчик дыма|8|0|16|0
B|96372|Переключатель|60|0|150|0
B|262123|Датчик дыма|16|4|23|5
B|93975|Тепловой датчик|733|0|740|0
B|230830|КД Дверь|5|0|97|0
B|287163|Датчик дыма|64|0|78|0
B|284718|Тепловой датчик|6|0|8|0
B|266907|Датчик движения|6|0|752|0
B|267616|Датчик дыма|8|0|18|0
B|277915|Датчик температуры|11|0|1554|0
B|287746|Датчик дыма|78|0|86|0
B|94006|Датчик дыма|71|32|95|39
B|285921|Состояние УИР-Р|52|0|74|0
B|212791|Датчик дыма|19|0|27|0
B|289177|Датчик дыма|76|0|86|0
B|287742|Датчик дыма|78|0|86|0
B|277918|Датчик движения|11|0|266|0
B|93621|Тепловой датчик|109|0|119|0
B|115941|Состояние УИР-Р|6|0|18|0
B|262078|Датчик дыма|17|4|24|5
B|144835|Датчик температуры|14|0|497|0
B|196504|КД Дверь|23|0|1863|0
B|212476|Датчик температуры|15|0|79|0
B|333952|Датчик дыма|28|0|38|0
B|103991|Состояние фазы|0|0|502|5
B|229581|Датчик дыма|49|0|59|0
B|120242|Датчик дыма|20|7|51|27
B|93702|Датчик температуры|67|0|117|0
B|269545|Датчик дыма|7|0|19|0
B|162879|КД АВ|13|0|75|0
B|162822|КД АВ|5|0|61|0
B|334464|Датчик дыма|48|0|58|0
B|215802|Состояние фазы|14|0|162|0
B|96474|Состояние фазы|60|0|215|0
B|261888|Датчик дыма|13|0|21|0
B|230709|Датчик движения|5|0|5903|0
B|262607|Датчик дыма|8|0|14|0
B|230821|Датчик движения|6|0|96|0
B|212758|Датчик дыма|19|0|27|0
B|333944|Ручной извещатель|32|6|41|6
B|213241|Состояние УИР-Р|18|0|28|0
B|289179|Датчик дыма|76|0|84|0
B|2884|Датчик движения|5|0|4217|0
B|267729|Датчик дыма|9|0|15|0
B|98206|Тепловой датчик|83|0|88|0
B|287792|Датчик дыма|80|0|90|0
B|287526|Датчик дыма|77|0|85|0
B|286263|Состояние УИР-Р|53|0|98|0
B|228901|Датчик дыма|30|0|42|0
B|115762|Состояние фазы|7|0|77|17
B|93483|Тепловой датчик|11|0|11|0
B|213787|Газовый датчик|11|1|30|0
B|93239|Датчик движения|154|0|1168|0
B|334654|Датчик дыма|45|0|94|37
B|269604|Датчик дыма|9|0|20|0
B|115277|Датчик температуры|0|0|303|0
B|334506|Датчик дыма|46|0|57|0
B|286533|Состояние УИР-Р|58|0|70|0
B|267521|Датчик дыма|8|0|14|0
B|269453|Датчик дыма|6|0|24|0
B|143600|КД Дверь|5|0|43|0
B|334185|Ручной извещатель|34|20|77|51
B|262692|Датчик дыма|7|0|15|0
B|262561|Датчик дыма|10|0|18|0
B|116094|Газовый датчик|6|0|7578|0
B|269086|КД Дверь|6|0|242|0
B|302190|Датчик дыма|12|0|18|0
B|266888|Датчик движения|5|0|3393|0
B|120475|Датчик температуры|9|0|190|0
B|144766|Датчик температуры|16|0|426|0
B|77776|КД АВ|15|0|180|0
B|266786|ИБП|7|0|37|0
B|278517|Датчик дыма|13|0|19|0
B|287504|Датчик дыма|77|0|87|0
B|278286|Газовый датчик|11|0|276|0
B|278537|Датчик дыма|13|0|19|0
B|287784|Датчик дыма|80|0|88|0
B|212083|Датчик движения|15|0|19035|0
B|228525|ИБП|17|0|40|0
B|284913|Тепловой датчик|18|0|18|0
B|8812|Состояние насоса|4271|521|4637|837
B|115678|Состояние вентилятора|6|0|265|20
B|236769|Переключатель|0|0|8|0
B|229614|Состояние фазы|12|0|47|6
B|213199|Состояние УИР-Р|21|0|175|0
B|229124|Датчик дыма|27|0|69|0
B|278561|Датчик дыма|13|0|19|0
B|287769|Датчик дыма|80|0|90|0
B|286981|КД Дверь|45|0|139|0
B|230857|КД Дверь|12|0|202|0
B|228798|Датчик дыма|39|0|52|0
B|269454|Датчик дыма|6|0|22|0
B|262560|Датчик дыма|10|0|18|0
B|120511|Датчик температуры|9|0|162|0
B|93931|Датчик температуры|126|0|233|0
B|196774|Газовый датчик|18|0|156616|4956
B|117769|Состояние фазы|6|0|341|12
B|212591|Датчик дыма|19|0|27|0
B|232205|КД Дверь|0|0|254|0
B|93994|Тепловой датчик|69|0|76|0
B|212774|Датчик дыма|17|0|25|0
B|171631|Стекло|41|0|127|0
B|286684|Датчик дыма|80|0|88|0
B|95357|Состояние фазы|2|0|2|0
B|287982|Состояние вентилятора|0|0|1033|484
B|262103|Датчик дыма|16|4|23|5
B|212163|Датчик дыма|5|0|13|0
B|288331|Газовый датчик|0|0|11635|0
B|272688|КД АВ|5|0|401|0
B|269683|Датчик дыма|7|0|25|0
B|147808|Состояние насоса|3|0|1190|61
B|120312|Датчик температуры|8|0|167|0
B|287582|Датчик дыма|76|0|84|0
B|229096|Датчик дыма|39|0|50|0
B|228409|КД Дверь|15|0|301|0
B|334715|Датчик дыма|49|2|266|156
B|228655|Датчик дыма|26|0|41|0
B|135196|Датчик температуры|13|0|174|0
B|267006|Состояние вентилятора|9|2|528|80
B|261970|Датчик дыма|9|0|15|0
B|286842|КД АВ|5|0|107|0
B|212738|Датчик дыма|0|0|32|0
B|116111|Газовый датчик|12|0|10917|0
B|228495|Датчик температуры|20|0|160|0
B|278296|Газовый датчик|12|0|47974|95
B|230126|Состояние УИР-Р|557|0|895|0
B|193197|Тепловой датчик|9|0|10|0
B|94186|Тепловой датчик|52|0|52|0
B|287665|Датчик дыма|79|0|89|0
B|228337|Датчик движения|10|0|54|0
B|121145|Состояние насоса|17|2|29107|907
B|334582|Датчик дыма|62|4|1096|1021
B|262825|КД АВ|2|0|24|0
B|267736|Датчик дыма|10|0|16|0
B|229570|Датчик дыма|50|0|60|0
B|287830|Датчик дыма|80|0|92|0
B|113991|КД Дверь|8|0|579|0
B|287996|Состояние вентилятора|0|0|1038|479
B|229495|Датчик дыма|46|3|226|159
B|287287|Датчик дыма|69|0|79|0
B|216262|КД Дверь|15|0|98|0
B|287188|Датчик дыма|64|0|72|0
B|147194|Газовый датчик|6|0|1233|0
B|261983|Датчик дыма|10|0|16|0
B|228595|КД Дверь|19|0|101|1
B|93516|Тепловой датчик|72|0|90|0
B|287168|Датчик дыма|64|0|76|0
B|197297|Состояние УИР-Р|2037|0|2061|0
B|269709|Датчик дыма|7|0|21|0
B|171544|Датчик дыма|30|2|46|13
B|334658|Датчик дыма|45|0|57|0
B|269698|Датчик дыма|7|0|21|0
B|179152|Состояние вентилятора|7|0|925|0
B|228598|Датчик температуры|19|0|255|0
B|196968|КД АВ|22|0|65|0
B|266978|Состояние вентилятора|10|0|513|73
B|197314|Состояние УИР-Р|2123|0|2141|0
B|51692|Переключатель|3|0|397|0
B|230926|Состояние фазы|26|0|37|3
B|228664|Датчик дыма|25|0|37|0
B|287341|Датчик дыма|73|0|83|0
B|229532|Датчик дыма|50|0|64|0
B|229626|Состояние фазы|16|0|118|0
B|287911|Состояние фазы|0|0|375|16
B|287440|Датчик дыма|73|0|85|0
B|228266|Датчик движения|9|0|321|0
B|162809|КД АВ|6|0|52|0
B|232218|Датчик дыма|44|2|148|62
B|196673|Состояние фазы|6|0|169|0
B|95479|Состояние фазы|2|0|104|0
B|196894|Датчик движения|19|0|993|0
B|287202|Датчик дыма|64|0|74|0
B|229148|Датчик дыма|27|0|75|0
B|289199|Датчик дыма|78|0|86|0
B|227245|КД Дверь|11|0|439|0
B|288095|Переключатель|0|0|480|0
B|196680|Состояние вентилятора|6|0|465|0
B|334232|Датчик дыма|58|7|79|15
B|308077|Состояние насоса|6|0|1040|167
B|266808|КД Дверь|8|0|556|0
B|104024|Переключатель|0|0|154|0
B|94176|Тепловой датчик|61|0|63|0
B|197306|Состояние УИР-Р|770|0|786|0
B|135225|КД АВ|17|0|59|0
B|268861|Датчик дыма|3|0|67|0
B|230048|Состояние УИР-Р|60|0|74|0
B|334242|Датчик дыма|58|6|75|12
B|287763|Датчик дыма|80|0|88|0
B|93918|КД АВ|142|0|184|0
B|120544|КД АВ|27|0|116|0
B|268077|Переключатель|0|0|308|0
B|267826|Датчик дыма|9|0|15|0
B|148746|Состояние фазы|3|0|11|0
B|196716|Переключатель|6|0|71|0
B|147029|Состояние УИР-Р|4|0|33|0
B|196697|Состояние фазы|6|0|887|0
B|277977|Датчик движения|13|0|1384|0
B|229715|Состояние фазы|42|0|158|0
B|115418|КД Дверь|2|0|220|0
B|286897|КД Дверь|9|0|49|0
B|334530|Ручной извещатель|36|0|56|1
B|278444|Датчик дыма|8|0|18|0
B|261988|Датчик дыма|10|0|16|0
B|227193|Состояние фазы|15|0|132|5
B|215898|Переключатель|20|0|126|0
B|154127|КД Дверь|9|0|1803|0
B|333459|Состояние вентилятора|26|6|255|128
B|267057|Состояние фазы|10|0|197|94
B|229579|Датчик дыма|50|0|64|0
B|279899|КД АВ|11|0|277|0
B|267208|Состояние УИР-Р|8|0|24|0
B|94085|Тепловой датчик|64|0|67|0
B|212283|Датчик движения|10|0|2600|79
B|115773|Переключатель|7|0|73|0
B|8794|Переключатель|4256|0|4626|0
B|179173|Состояние фазы|7|0|351|0
B|228985|Датчик дыма|388|0|405|0
B|267668|Датчик дыма|9|0|15|0
B|230378|Газовый датчик|210|50|238|8
B|287587|Датчик дыма|76|0|86|0
B|334001|Ручной извещатель|27|7|36|8
B|144864|КД Дверь|19|0|40|0
B|333563|Переключатель|29|0|128|0
B|333914|Датчик дыма|122|0|151|0
B|121155|Состояние фазы|5|0|253|0
B|288311|Газовый датчик|0|0|66443|378
B|287773|Датчик дыма|80|0|90|0
B|278371|Датчик дыма|12|0|20|0
B|232024|Состояние УИР-Р|3|0|25|0
B|212276|ИБП|10|0|82|0
B|214129|Состояние вентилятора|5|2|260|40
B|197349|Состояние УИР-Р|3398|0|3437|0
B|287808|Датчик дыма|80|0|88|0
B|286960|Датчик движения|41|0|675|0
B|278051|Состояние вентилятора|11|0|652|64
B|229529|Датчик дыма|50|0|64|0
B|333694|Состояние фазы|39|0|116|15
B|268857|Датчик дыма|79|0|127|0
B|228354|КД АВ|10|0|112|0
B|267496|Датчик дыма|8|0|14|0
B|96461|Состояние насоса|60|2|452|141
B|284690|Датчик дыма|2|0|10|3
B|162795|КД АВ|2|0|36|0
B|287314|Датчик дыма|69|0|77|0
B|197355|Состояние УИР-Р|7213|0|7236|0
B|261887|Датчик дыма|14|0|20|0
B|287638|Датчик дыма|79|0|87|0
B|229468|Датчик дыма|50|3|107|45
B|193158|Тепловой датчик|9|0|10|0
B|287368|Датчик дыма|73|0|83|0
B|286964|КД АВ|42|0|140|0
B|287691|Датчик дыма|79|0|89|0
B|228922|Датчик дыма|390|0|401|0
B|229653|Состояние фазы|25|0|197|0
B|262159|Датчик дыма|15|0|21|0
B|230908|Состояние вентилятора|23|11|272|39
B|278356|Датчик дыма|12|0|22|0
B|212095|Датчик дыма|4|0|14|0
B|197155|Состояние фазы|32|0|450|0
B|277962|КД Люк|13|0|28|0
B|144859|КД АВ|14|0|32|0
B|196892|Датчик движения|20|0|570|0
B|213808|Газовый датчик|4|0|12508|0
B|213484|Переключатель|22|0|84|0
B|120590|Тепловой датчик|9|0|10|0
B|333621|Состояние вентилятора|31|14|256|119
B|171589|Датчик движения|29|0|19115|0
B|287306|Датчик дыма|69|0|81|0
B|278554|Датчик дыма|13|0|25|0
B|229862|Состояние УИР-Р|22|0|32|0
B|267047|Переключатель|7|0|47|0
B|93215|Датчик движения|81|0|671|0
B|197413|Переключатель|21|0|651|0
B|93525|Тепловой датчик|114|0|114|0
B|267531|Датчик дыма|8|0|18|0
B|278063|Состояние вентилятора|12|2|496|63
B|103948|Переключатель|0|0|286|0
B|263352|КД Дверь|22|0|259|0
B|229087|Датчик дыма|36|0|59|0
B|287667|Датчик дыма|79|0|87|0
B|287009|КД Дверь|54|0|186|0
B|193203|Тепловой датчик|9|0|10|0
B|287677|Датчик дыма|79|0|87|0
B|229611|Переключатель|15|0|23|0
B|287846|Датчик дыма|80|0|92|0
B|287085|Датчик дыма|62|0|72|0
B|268859|Датчик дыма|3|0|47|0
B|93579|Датчик температуры|113|0|151|0
B|287201|Датчик дыма|64|0|76|0
B|227478|Состояние фазы|13|0|33|0
B|197120|Газовый датчик|2|0|21|0
B|334315|Датчик дыма|86|3|238|4
B|230871|Датчик движения|10|0|76|0
B|212944|Состояние фазы|21|1|80|16
B|278390|Датчик дыма|12|0|20|0
B|269109|Датчик температуры|7|0|81|0
B|334265|Датчик дыма|87|3|115|5
B|262847|ИБП|12|0|118|0
B|262626|Датчик дыма|8|0|18|0
B|284727|Датчик дыма|5|0|18|0
B|115298|КД Дверь|9|0|19|0
B|120467|Тепловой датчик|8|0|9|0
B|114010|Датчик температуры|21|0|56|0
B|229904|Состояние УИР-Р|20|0|88|0
B|286903|Датчик температуры|12|0|662|0
B|230929|Переключатель|26|0|38|0
B|277864|КД АВ|10|0|52|4
B|286887|КД АВ|8|0|490|374
B|267747|Датчик дыма|10|0|26|0
B|287588|Датчик дыма|76|0|86|0
B|230911|Состояние вентилятора|29|18|245|20
B|236784|Состояние вентилятора|0|0|790|86
B|228773|Датчик дыма|38|0|85|0
B|334266|Датчик дыма|87|2|103|3
B|228899|Датчик дыма|30|0|44|0
B|287642|Датчик дыма|79|0|87|0
B|267413|Газовый датчик|11|0|179|0
B|217386|КД Дверь|9|0|38|0
B|116072|Газовый датчик|8|0|43450|0
B|77726|Датчик движения|178|0|90896|0
B|261921|Датчик дыма|14|0|20|0
B|229346|Датчик дыма|43|0|55|0
B|333751|Переключатель|162|0|314|0
B|98205|Тепловой датчик|83|0|89|0
B|287506|Датчик дыма|77|0|85|0
B|229220|Датчик дыма|262|0|281|4
B|115875|Состояние УИР-Р|12|0|64|0
B|215884|Переключатель|22|0|132|0
B|94125|КД АВ|51|0|83|0
B|267557|Датчик дыма|8|0|14|0
B|229344|Датчик дыма|44|0|56|0
B|287367|Датчик дыма|73|0|81|0
B|93487|Датчик температуры|11|0|103|0
B|334762|Датчик дыма|280|0|444|0
B|212522|Датчик движения|16|0|1548|0
B|197136|Состояние фазы|34|0|199|0
B|115398|Датчик движения|2|0|502|0
B|287902|Переключатель|0|0|826|0
B|262076|Датчик дыма|17|4|25|6
B|179187|Состояние фазы|7|0|25|0
B|277927|Датчик температуры|12|0|87|0
B|231789|Датчик дыма|0|0|8|0
B|278479|Датчик дыма|8|0|14|0
B|287112|Датчик дыма|62|0|72|0
B|96411|Состояние насоса|64|12|426|135
B|266948|КД Дверь|10|0|366|0
B|103998|Переключатель|0|0|452|0
B|103922|Состояние вентилятора|0|0|321|26
B|261982|Датчик дыма|10|0|16|0
B|286832|КД Дверь|4|0|522|0
B|267851|Датчик дыма|9|0|17|0
B|179387|Переключатель|6|0|620|0
B|285855|КД Дверь|54|0|76|0
B|278041|Переключатель|10|0|413|0
B|334317|Датчик дыма|85|2|253|3
B|269413|Датчик дыма|6|0|36|0
B|261935|Датчик дыма|13|0|19|0
B|93898|Датчик температуры|54|0|132|0
B|228221|КД АВ|7|0|23|0
B|50970|Датчик температуры|2|0|22|0
B|147026|Состояние УИР-Р|5|0|31|0
B|228676|Датчик дыма|26|0|52|11
B|334385|Датчик дыма|45|0|69|0
B|288046|Переключатель|0|0|328|0
B|193207|Датчик температуры|9|0|455|0
B|261925|Датчик дыма|14|0|26|0
B|287565|Датчик дыма|77|0|87|0
B|212748|Датчик дыма|15|0|24|1
B|331464|Газовый датчик|29|0|60|0
B|330668|КД Дверь|28|0|37|0
B|159013|Состояние фазы|1|0|147|0
B|288078|Состояние фазы|0|0|56|0
B|278422|Датчик дыма|8|0|14|0
B|94831|Датчик дыма|95|36|114|46
B|261996|Датчик дыма|10|0|16|0
B|230867|КД Дверь|10|0|174|0
B|228928|Датчик дыма|388|0|401|0
B|144756|Датчик температуры|14|0|49|0
B|267547|Датчик дыма|8|0|16|0
B|229620|Состояние фазы|12|0|22|0
B|269190|Состояние УИР-Р|6|0|16|0
B|94108|КД АВ|69|0|317|0
B|267015|Состояние фазы|10|0|119|0
B|212849|Состояние фазы|22|0|216|0
B|334340|Датчик дыма|49|0|63|1
B|334739|Датчик дыма|43|2|240|187
B|267994|Состояние фазы|1|0|65|0
B|229164|Датчик дыма|27|0|67|0
B|196674|Состояние фазы|6|0|207|0
B|266804|Датчик температуры|8|0|768|0
B|287858|Датчик дыма|80|0|88|0
B|267624|Датчик дыма|8|0|14|0
B|228476|КД Дверь|167|0|225|0
B|287540|Датчик дыма|77|0|85|0
B|334204|Датчик дыма|58|7|76|13
B|287659|Датчик дыма|79|0|87|0
B|262649|Датчик дыма|8|0|18|0
B|287081|Датчик дыма|62|0|73|0
B|147018|Датчик температуры|11|0|98|0
B|269627|Датчик дыма|9|0|19|0
B|212338|Датчик дыма|11|0|19|0
B|267632|Датчик дыма|8|0|20|0
B|289205|Датчик дыма|78|0|88|0
B|197270|Состояние УИР-Р|36|0|62|0
B|115354|КД АВ|2|0|30|0
B|262600|Датчик дыма|8|0|14|0
B|266965|Состояние вентилятора|9|0|519|70
B|278396|Датчик дыма|12|0|24|0
B|255355|Состояние УИР-Р|16|0|47|0
B|93919|КД Дверь|142|0|240|0
B|116133|Газовый датчик|5|0|1670|0
B|333912|Датчик дыма|122|0|151|0
B|333482|Состояние фазы|32|5|51|6
B|213429|Переключатель|22|0|404|0
B|212602|Датчик движения|19|0|5053|0
B|229340|Датчик дыма|44|0|54|0
B|229295|Датчик дыма|44|0|52|0
B|213807|Газовый датчик|4|0|51127|0
B|262704|Датчик дыма|7|0|13|0
B|94020|Тепловой датчик|117|0|133|0
B|230920|Переключатель|20|0|414|0
B|334462|Датчик дыма|48|0|60|0
B|269606|Датчик дыма|9|0|19|0
B|147938|Состояние фазы|3|0|139|0
B|267726|Датчик дыма|9|0|15|0
B|77553|Датчик температуры|21|0|79|0
B|229649|Состояние фазы|21|0|103|0
B|179176|Состояние фазы|7|0|293|0
B|262706|Датчик дыма|7|0|13|0
B|116037|Состояние УИР-Р|10|0|20|0
B|197369|Состояние УИР-Р|24|0|40|0
B|144847|КД Дверь|15|0|408|0
B|331449|Газовый датчик|30|0|85|0
B|287543|Датчик дыма|77|0|85|0
B|115371|Датчик движения|2|0|204|0
B|115600|Переключатель|9|0|209|0
B|333506|Состояние фазы|32|2|69|9
B|179407|Переключатель|6|0|264|0
B|98157|Тепловой датчик|112|0|117|0
B|231847|Датчик дыма|1|0|18|7
B|115315|Датчик температуры|2|0|124|0
B|215822|Состояние насоса|16|2|496|259
B|334466|Датчик дыма|48|0|58|0
B|287579|Датчик дыма|76|0|84|0
B|262084|Датчик дыма|16|4|27|5
B|228523|КД Дверь|17|0|27|0
B|197004|КД Дверь|26|0|1199|0
B|232044|Состояние УИР-Р|3|0|95|0
B|94094|Датчик дыма|79|38|101|44
B|2871|Датчик температуры|12|0|64|0
B|267383|Газовый датчик|7|0|57095|2
B|262113|Датчик дыма|17|4|25|6
B|278032|Состояние фазы|10|0|51|0
B|269432|Датчик дыма|6|0|18|0
B|229556|Датчик дыма|51|0|63|0
B|288146|Газовый датчик|0|0|129562|667
B|287170|Датчик дыма|64|0|72|0
B|330578|КД Дверь|15|0|27|0
B|115544|КД Дверь|7|0|57|0
B|269139|КД Дверь|6|0|34|0
B|287739|Датчик дыма|78|0|86|0
B|277941|КД АВ|10|0|126|0
B|302181|Состояние фазы|0|0|12|0
B|212680|Датчик дыма|15|0|24|1
B|94861|Датчик дыма|67|29|89|43
B|115235|Датчик движения|0|0|234|0
B|268881|Состояние охраны|62|0|976|0
B|171565|КД Дверь|25|0|253|0
B|120360|Датчик температуры|8|0|184|0
B|287631|Датчик дыма|79|0|93|0
B|333471|Состояние фазы|30|1|422|53
B|93519|Тепловой датчик|72|0|78|0
B|267711|Датчик дыма|9|0|15|0
B|212803|Датчик дыма|20|0|28|0
B|93817|Датчик движения|56|0|93|0
B|93285|Датчик движения|286|0|350|0
B|330667|Датчик движения|28|0|554|0
B|98208|КД Дверь|133|0|211|0
B|334478|Датчик дыма|48|0|60|0
B|229868|Состояние УИР-Р|21|0|104|0
B|278495|Датчик дыма|13|0|19|0
B|229523|Датчик дыма|49|0|59|0
B|228831|Датчик дыма|29|0|41|0
B|143537|Датчик температуры|13|0|183|0
B|197134|Состояние вентилятора|34|0|411|0
B|115815|Состояние УИР-Р|21|0|33|0
B|93500|КД Дверь|82|0|446|0
B|193170|КД АВ|13|0|42|0
B|262551|Датчик дыма|10|0|16|0
B|267154|Состояние УИР-Р|7|0|17|0
B|51701|Переключатель|3|0|77|0
B|287217|Датчик дыма|65|0|74|0
B|261941|Датчик дыма|14|0|20|0
B|231729|Датчик движения|0|0|590|0
B|287248|Датчик дыма|65|0|76|0
B|262156|Датчик дыма|15|0|21|0
B|330517|Датчик движения|12|0|2225|0
B|157320|Датчик движения|8|0|1472|0
B|287666|Датчик дыма|79|0|87|0
B|147121|Состояние фазы|5|0|131|0
B|266961|Переключатель|17|0|419|0
B|231705|КД Дверь|0|0|140|0
B|269572|Датчик дыма|10|0|22|0
B|143512|Датчик температуры|23|0|63|0
B|228785|Датчик дыма|16|0|68|0
B|267641|Датчик дыма|8|0|14|0
B|334268|Датчик дыма|87|3|102|4
B|2904|Датчик движения|31|0|2711|0
B|268851|Состояние УИР-Р|1|0|11|0
B|147939|Состояние фазы|3|0|143|0
B|95510|Переключатель|2|0|22|0
B|278490|Датчик дыма|8|0|20|0
B|231812|Датчик дыма|0|0|9|1
B|93642|Тепловой датчик|96|0|98|0
B|229039|Датчик дыма|37|0|46|0
B|193224|Тепловой датчик|9|0|10|0
B|8802|Переключатель|4254|0|4610|0
B|227483|Состояние фазы|13|0|155|22
B|93953|Тепловой датчик|3155|0|3231|0
B|278384|Датчик дыма|12|0|20|0
B|228801|Датчик дыма|39|0|60|0
B|227203|Переключатель|15|0|99|0
B|116078|Газовый датчик|8|0|1077|0
B|287657|Датчик дыма|79|0|89|0
B|229099|Датчик дыма|38|0|49|0
B|215892|Состояние насоса|20|1|844|374
B|229573|Датчик дыма|51|0|65|0
B|228474|Датчик температуры|14|0|77|0
B|261890|Датчик дыма|13|0|19|0
B|278416|Датчик дыма|8|0|16|0
B|268091|Состояние фазы|0|0|51|19
B|214211|Состояние фазы|3|0|21|0
B|278480|Датчик дыма|8|0|14|0
B|269482|Датчик дыма|8|0|25|0
B|228814|Датчик дыма|30|0|38|0
B|212693|Датчик дыма|15|0|24|1
B|96464|Состояние фазы|60|0|409|0
B|196682|Состояние вентилятора|6|0|447|0
B|179210|Состояние насоса|7|0|729|675
B|334322|Ручной извещатель|32|2|51|4
B|179241|Состояние фазы|6|0|440|0
B|269510|Датчик дыма|8|0|20|0
B|262046|Датчик дыма|17|4|30|9
B|197285|Состояние УИР-Р|834|0|859|0
B|93631|Тепловой датчик|101|0|101|0
B|8767|Состояние вентилятора|4272|0|4645|0
B|278450|Датчик дыма|8|0|16|0
B|143695|Датчик движения|6|0|26|0
B|229681|Состояние фазы|40|13|222|118
B|212426|Датчик дыма|14|0|24|1
B|196719|Переключатель|6|0|603|0
B|115246|Датчик движения|0|0|60|0
B|230947|Состояние вентилятора|27|15|357|117
B|135201|КД Дверь|26|0|227|0
B|278365|Датчик дыма|12|0|22|0
B|278019|Состояние фазы|7|0|58|0
B|267686|Датчик дыма|9|0|15|0
B|268138|Газовый датчик|0|0|201611|0
B|229565|Датчик дыма|50|0|58|0
B|278015|Состояние фазы|11|0|638|72
B|268980|Датчик движения|6|0|794|0
B|267785|Датчик дыма|10|0|16|0
B|229388|Датчик дыма|35|0|54|3
B|334502|Датчик дыма|46|0|55|0
B|285885|Состояние УИР-Р|52|0|71|0
B|143621|Датчик дыма|7|0|51|0
B|229333|Датчик дыма|44|0|52|0
B|334295|Датчик дыма|85|2|139|3
B|196625|Состояние насоса|6|0|15496|1165
B|93826|Датчик температуры|69|0|125|0
B|115803|Состояние насоса|13|2|160|93
B|115290|Датчик движения|1|0|591|0
B|95421|Переключатель|2|0|322|0
B|267014|Состояние фазы|10|0|115|0
B|231813|Датчик дыма|0|0|11|2
B|147008|КД Дверь|15|0|65|0
B|225832|КД Дверь|23|0|105|0
B|212511|Датчик температуры|15|0|84|0
B|95519|Переключатель|2|0|474|0
B|95414|Переключатель|2|0|463|0
B|197287|Состояние УИР-Р|1482|0|1503|0
B|229345|Датчик дыма|43|0|55|0
B|115640|Состояние фазы|13|0|71|8
B|266993|Состояние фазы|7|2|521|44
B|212920|Переключатель|23|0|407|0
B|154111|Ручной извещатель|22|0|34|0
B|267643|Датчик дыма|8|0|14|0
B|95448|Состояние фазы|2|0|10|0
B|334458|Датчик дыма|48|0|60|0
B|262673|Датчик дыма|7|0|15|0
B|286983|Датчик движения|48|0|698|0
B|162818|КД АВ|6|0|164|0
B|147051|Состояние УИР-Р|5|0|51|0
B|286949|Датчик движения|38|0|262|0
B|269458|Датчик дыма|6|0|18|0
B|289251|Датчик дыма|80|0|108|0
B|286907|Датчик температуры|9|0|953|0
B|93663|Тепловой датчик|102|0|108|0
B|93518|Тепловой датчик|72|0|88|0
B|333921|Датчик дыма|122|0|151|0
B|115624|Состояние фазы|8|0|200|0
B|267088|Состояние насоса|7|0|1683|221
B|212945|Переключатель|21|0|35|0
B|229413|Датчик дыма|34|0|46|0
B|196677|Состояние фазы|6|0|209|0
B|147165|Переключатель|3|0|347|0
B|268213|Газовый датчик|0|0|2970|0
B|94083|Датчик температуры|110|0|211|0
B|228417|КД АВ|30|0|50|0
B|158997|Состояние фазы|0|0|26|6
B|115311|КД АВ|2|0|56|0
B|104050|Газовый датчик|12|0|55471|0
B|96469|Состояние фазы|60|0|106|0
B|154117|Ручной извещатель|9|0|23|0
B|115231|Датчик движения|0|0|17610|0
B|334441|Датчик дыма|48|0|60|0
B|230318|Состояние УИР-Р|18|0|26|0
B|171621|Датчик дыма|36|6|48|11
B|162833|КД Дверь|7|0|35|0
B|8790|Переключатель|4278|0|4652|0
B|115668|Состояние вентилятора|10|0|259|25
B|103951|Состояние насоса|0|0|900|262
B|143510|КД Дверь|19|0|81|0
B|210644|Состояние насоса|6|2|11832|11576
B|229673|Переключатель|84|0|461|0
B|171610|КД Дверь|39|0|519|0
B|261980|Датчик дыма|10|0|16|0
B|230701|Ручной извещатель|159|0|187|19
B|334731|Датчик дыма|44|2|233|179
B|154114|Стекло|9|0|359|0
B|95451|Состояние фазы|2|0|2|0
B|288321|Газовый датчик|0|0|3148|10
B|228989|Датчик дыма|388|0|399|0
B|196778|Газовый датчик|28|1|331965|2189
B|229310|Датчик дыма|43|0|51|0
B|147208|Газовый датчик|6|1|26294|0
B|103970|Состояние вентилятора|0|0|292|39
B|197126|Состояние вентилятора|34|0|443|0
B|96263|Состояние фазы|64|0|82|0
B|228541|Датчик движения|20|0|80|0
B|228469|Датчик температуры|168|3|242|3
B|269625|Датчик дыма|9|0|20|0
B|267716|Датчик дыма|9|0|15|0
B|229243|Датчик дыма|262|0|282|8
B|93269|Датчик движения|99|0|283|0
B|212735|Датчик движения|15|0|75|0
B|94165|Тепловой датчик|49|0|51|0
B|116110|Газовый датчик|12|0|22801|0
B|262622|Датчик дыма|8|0|18|0
B|262536|Датчик дыма|10|0|16|0
B|334413|Датчик дыма|46|0|59|0
B|231853|Датчик дыма|2|1|40|7
B|193176|Тепловой датчик|9|0|10|0
B|286969|Датчик движения|44|0|96|0
B|255334|КД Дверь|6|0|174|0
B|228896|Датчик дыма|30|0|48|0
B|331469|Газовый датчик|29|0|86|0
B|278166|Состояние УИР-Р|7|0|13|0
B|158969|Газовый датчик|0|0|82911|126
B|287704|Датчик дыма|78|0|92|0
B|334451|Датчик дыма|48|0|60|0
B|287944|Состояние фазы|0|0|452|0
B|228970|Датчик дыма|386|0|397|0
B|120558|Датчик температуры|15|0|93|0
B|287679|Датчик дыма|79|0|87|0
B|93426|КД Дверь|20|0|68|0
B|227192|Состояние фазы|15|0|175|48
B|285797|КД Дверь|62|0|90|0
B|144852|КД Дверь|18|0|1414|0
B|286089|Состояние УИР-Р|52|0|220|0
B|120466|Датчик температуры|7|0|95|0
B|77838|КД АВ|151|0|173|0
B|116073|Газовый датчик|8|0|1807|0
B|286185|Состояние УИР-Р|52|0|171|0
B|230114|Состояние УИР-Р|28|0|60|0
B|212464|Датчик движения|17|0|1305|0
B|115346|КД АВ|2|0|104|0
B|115303|КД АВ|2|0|32|0
B|94122|Датчик температуры|225|0|292|0
B|197986|Датчик температуры|9|0|352|0
B|289252|Датчик дыма|80|0|96|0
B|147143|Переключатель|5|0|351|0
B|147134|Состояние фазы|5|0|15|0
B|196979|КД Дверь|28|0|285|0
B|287199|Датчик дыма|64|0|76|0
B|286967|КД Дверь|42|0|126|0
B|267115|Переключатель|7|0|403|0
B|334700|Датчик дыма|42|0|78|21
B|179233|Состояние фазы|7|0|237|0
B|94049|Тепловой датчик|107|0|112|0
B|230216|Состояние УИР-Р|18|0|30|0
B|135238|(без типа)|16|0|77|0
B|197718|Датчик движения|8|0|36071|0
B|278028|Переключатель|9|0|9|0
B|115568|Состояние фазы|7|0|21|0
B|334675|Ручной извещатель|36|8|57|12
B|8831|Переключатель|4250|0|4705|0
B|269411|Датчик дыма|6|0|26|0
B|269334|Состояние УИР-Р|6|0|20|0
B|286829|Датчик движения|4|0|776|0
B|286545|Состояние УИР-Р|57|0|166|0
B|115575|Состояние фазы|12|0|84|22
B|103940|Состояние насоса|0|0|291|211
B|3046|КД Дверь|16|0|436|0
B|229017|Датчик дыма|38|0|47|0
B|212107|Датчик движения|6|0|1336|0
B|269085|Датчик движения|6|0|1292|0
B|230792|КД Дверь|2|0|74|0
B|333599|Состояние фазы|29|13|59|35
B|245485|КД АВ|18|0|34|0
B|330631|Датчик затопления|34|0|41|0
B|228846|Датчик дыма|29|0|43|0
B|197253|Состояние УИР-Р|26|0|49|0
B|104064|Газовый датчик|12|0|1216|0
B|95496|Состояние вентилятора|2|0|484|0
B|196205|Состояние фазы|4460|0|4460|0
B|229242|Датчик дыма|263|0|279|4
B|286467|Состояние УИР-Р|58|0|68|0
B|288045|Состояние фазы|0|0|60|0
B|262581|Датчик дыма|8|0|16|0
B|171541|Датчик движения|36|0|1863|0
B|289214|Датчик дыма|80|0|88|0
B|143614|Датчик дыма|10|0|22|0
B|268208|Газовый датчик|0|0|110824|0
B|287260|Датчик дыма|65|0|76|0
B|333754|Состояние фазы|85|66|90|59
B|162829|КД АВ|7|0|41|0
B|197161|Состояние фазы|32|0|48|0
B|209990|Ручной извещатель|16|0|28|0
B|334719|Датчик дыма|46|2|254|195
B|288001|Состояние вентилятора|0|0|1038|481
B|157290|КД Дверь|13|0|41|0
B|228961|Датчик дыма|389|0|400|0
B|333555|Переключатель|34|0|134|0
B|284692|Датчик дыма|6|0|14|0
B|263357|Стекло|24|0|56|0
B|93473|КД АВ|11|0|85|0
B|269172|Состояние УИР-Р|6|0|18|0
B|229605|Состояние фазы|13|0|102|12
B|228251|Датчик движения|8|0|54|0
B|196978|Датчик дыма|28|1|45|8
B|230780|КД Дверь|2|0|172|0
B|212679|Датчик дыма|15|0|24|1
B|278530|Датчик дыма|13|0|19|0
B|115619|Переключатель|6|0|174|0
B|285866|КД Дверь|54|0|72|0
B|229452|Датчик дыма|47|3|110|48
B|171542|Датчик движения|32|0|16978|0
B|77831|КД Дверь|49|0|661|0
B|278424|Датчик дыма|8|0|14|0
B|286932|Датчик температуры|30|0|1297|0
B|267630|Датчик дыма|8|0|14|0
B|278343|Датчик дыма|12|0|20|0
B|334776|Датчик дыма|32|1|1055|1010
B|289241|Датчик дыма|80|0|88|0
B|278563|Датчик дыма|13|0|19|0
B|288056|Состояние фазы|0|0|49|22
B|286251|Состояние УИР-Р|57|0|71|0
B|231973|КД АВ|1|0|113|0
B|236748|Состояние фазы|0|0|78|33
B|305222|Переключатель|6|0|249|0
B|287398|Датчик дыма|73|0|81|0
B|93829|Датчик движения|57|0|362|0
B|197381|Состояние УИР-Р|1142|0|1168|0
B|230879|Датчик движения|8|0|294|0
B|144793|Датчик движения|27|0|989|0
B|262071|Датчик дыма|17|4|25|6
B|267672|Датчик дыма|9|0|15|0
B|262589|Датчик дыма|8|0|16|0
B|229232|Датчик дыма|263|0|281|8
B|227232|Состояние фазы|21|0|417|15
B|144744|Датчик температуры|16|0|207|0
B|261998|Датчик дыма|10|0|42|0
B|229036|Датчик дыма|37|0|46|0
B|232081|Состояние УИР-Р|3|0|22|0
B|96366|Переключатель|60|0|98|0
B|334318|Датчик дыма|86|3|241|4
B|229401|Датчик дыма|34|0|46|0
B|287005|Датчик температуры|54|0|1036|0
B|262527|Датчик дыма|10|0|16|0
B|228856|Датчик дыма|29|0|39|0
B|212104|Датчик температуры|17|0|526|0
B|287979|Переключатель|0|0|462|0
B|228909|Датчик дыма|387|0|406|0
B|334353|Ручной извещатель|29|2|48|3
B|212943|Состояние фазы|21|4|135|55
B|197163|Состояние фазы|32|0|192|0
B|77736|Датчик движения|175|0|38579|0
B|267533|Датчик дыма|8|0|16|0
B|330248|КД Дверь|9|0|227|0
B|261945|Датчик дыма|14|0|20|0
B|212319|Датчик дыма|10|0|18|0
B|147149|Переключатель|5|0|219|0
B|287080|Датчик дыма|62|0|74|0
B|103907|Состояние фазы|3|0|176|0
B|229199|Датчик дыма|27|0|51|0
B|287136|Датчик дыма|64|0|76|0
B|285903|Состояние УИР-Р|52|0|77|0
B|308179|КД АВ|52|0|124|0
B|267080|Переключатель|11|0|430|0
B|96430|Состояние вентилятора|64|0|534|0
B|228648|Датчик дыма|26|0|41|0
B|104044|Газовый датчик|11|0|12070|0
B|287371|Датчик дыма|73|0|87|0
B|93586|Датчик температуры|97|0|244|0
B|284853|Датчик дыма|9|0|15|0
B|115282|Датчик движения|3|0|3734|0
B|278022|Переключатель|7|0|47|0
B|269410|Датчик дыма|23|0|45|0
B|120594|Датчик температуры|10|0|54|0
B|287206|Датчик дыма|64|0|80|0
B|330607|КД Дверь|18|0|345|0
B|228775|Датчик дыма|39|0|56|0
B|96376|Переключатель|60|0|136|0
B|334296|Датчик дыма|86|3|101|4
B|229461|Датчик дыма|49|3|106|45
B|114012|Состояние УИР-Р|12|0|102|0
B|158899|Газовый датчик|0|0|62778|0
B|230902|Состояние насоса|41|3|413|218
B|228788|Датчик дыма|25|0|58|0
B|213366|Газовый датчик|7|0|12810|0
B|95501|Переключатель|2|0|390|0
B|212940|Переключатель|21|0|743|0
B|95516|Переключатель|2|0|474|0
B|2942|Датчик движения|17|0|1557|0
B|98164|КД Дверь|103|0|135|0
B|330671|Датчик движения|28|0|632|2
B|287916|Переключатель|0|0|330|0
B|215795|Состояние фазы|14|0|174|0
B|77827|КД АВ|33|0|139|0
B|196519|КД Дверь|21|0|2287|0
B|120500|Датчик температуры|9|0|585|0
B|286664|Датчик дыма|80|0|88|0
B|93527|Датчик дыма|85|42|119|57
B|96379|Переключатель|60|0|405|0
B|334367|Датчик дыма|45|0|59|0
B|278442|Датчик дыма|8|0|18|0
B|115293|КД Дверь|1|0|201|0
B|287537|Датчик дыма|77|0|85|0
B|103923|Переключатель|0|0|285|0
B|228977|Датчик дыма|387|0|398|0
B|229585|Переключатель|184|0|382|0
B|197332|Состояние УИР-Р|3234|0|3263|0
B|171624|Стекло|36|0|184|0
B|334631|Ручной извещатель|40|6|58|7
B|269438|Датчик дыма|6|0|18|0
B|287436|Датчик дыма|73|0|83|0
B|228418|Датчик движения|30|0|174|0
B|287093|Датчик дыма|62|0|70|0
B|120335|Датчик движения|8|0|426|0
B|286914|Датчик температуры|15|0|79|0
B|214240|Состояние фазы|3|0|389|0
B|147206|Газовый датчик|6|1|45294|0
B|115292|Датчик движения|1|0|215|0
B|286893|Датчик температуры|9|0|993|0
B|286875|ИБП|7|0|69|0
B|115230|КД АВ|0|0|220|0
B|104027|Газовый датчик|11|0|325|0
B|269474|Датчик дыма|6|0|20|0
B|197115|Газовый датчик|2|0|21|0
B|115572|Переключатель|8|0|422|0
B|269673|Датчик дыма|8|0|20|0
B|196715|Переключатель|6|0|71|0
B|115923|Состояние УИР-Р|6|0|26|0
B|334223|Датчик дыма|58|3|74|7
B|333723|Состояние фазы|72|0|87|0
B|278419|Датчик дыма|8|0|14|0
B|267598|Датчик дыма|8|0|16|0
B|113999|КД АВ|11|0|54|0
B|96419|Состояние фазы|64|0|228|0
B|287308|Датчик дыма|69|0|81|0
B|144857|КД Дверь|15|0|1291|0
B|222040|КД Дверь|17|0|357|0
B|144868|КД Дверь|17|0|35|0
B|267013|Состояние фазы|10|0|37|0
B|278516|Датчик дыма|13|0|19|0
B|333539|Состояние фазы|31|0|38|0
B|287204|Датчик дыма|64|0|78|0
B|287983|Состояние фазы|0|0|134|0
B|267772|Датчик дыма|10|0|18|0
B|267097|Состояние фазы|11|0|405|0
B|212145|Датчик дыма|4|0|14|0
B|333622|Переключатель|30|0|132|0
B|115563|Переключатель|7|0|208|0
B|120513|Датчик температуры|16|0|73|0
B|286197|Состояние УИР-Р|55|0|67|0
B|115839|Состояние УИР-Р|10|0|30|0
B|333998|Датчик дыма|37|0|45|0
B|8808|Газовый датчик|4265|0|4454|0
B|229627|Переключатель|16|0|202|0
B|213428|Состояние фазы|22|2|478|75
B|228766|Датчик дыма|39|0|56|0
B|212880|Состояние фазы|19|0|759|0
B|230276|Состояние УИР-Р|20|0|28|0
B|231977|Датчик движения|1|0|957|0
B|115319|Датчик движения|2|0|1070|0
B|93771|Датчик движения|122|0|307|0
B|266966|Состояние фазы|9|0|301|0
B|334428|Датчик дыма|46|0|59|0
B|104025|Переключатель|0|0|149|0
B|212737|Датчик дыма|15|0|24|1
B|333600|Переключатель|28|0|88|0
B|196768|Газовый датчик|28|0|967188|2233
B|96405|Состояние фазы|64|0|213|0
B|278393|Датчик дыма|12|0|24|0
B|212918|Состояние фазы|23|0|559|0
B|115779|Состояние фазы|8|0|152|0
B|330589|КД АВ|19|1|183|12
B|287067|Датчик дыма|62|0|73|2
B|96473|Состояние фазы|60|0|225|0
B|334641|Датчик дыма|40|0|52|0
B|262683|Датчик дыма|7|0|13|0
B|171627|Датчик дыма|41|7|54|13
B|115380|КД АВ|2|0|28|0
B|51667|Состояние вентилятора|6|0|428|0
B|287459|Датчик дыма|73|0|83|0
B|212792|КД АВ|19|0|51|0
B|50966|Датчик дыма|2|0|16|0
B|230761|КД Дверь|3|0|23|0
B|179216|Состояние насоса|7|0|553|359
B|286209|Состояние УИР-Р|58|0|68|0
B|267782|Датчик дыма|10|0|16|0
B|162791|КД АВ|2|0|44|0
B|215843|Состояние вентилятора|16|1|367|177
B|196982|КД АВ|28|0|153|0
B|147205|Газовый датчик|6|1|76|0
B|286836|Датчик затопления|13|0|25|0
B|266995|Переключатель|7|0|483|0
B|262518|Датчик дыма|10|0|16|0
B|193156|КД Дверь|11|0|78|0
B|95523|Переключатель|2|0|466|0
B|333959|Датчик дыма|29|0|37|0
B|93593|Тепловой датчик|92|0|94|0
B|287940|Переключатель|0|0|532|0
B|269597|Датчик дыма|9|0|19|0
B|286831|Датчик движения|4|0|202|0
B|120348|Датчик температуры|9|0|118|0
B|262167|Датчик дыма|15|0|21|0
B|214124|Состояние фазы|5|2|688|9
B|212648|Датчик движения|18|0|11936|0
B|229132|Датчик дыма|27|0|71|0
B|227219|Состояние фазы|19|0|122|9
B|147019|Датчик движения|5|0|73|0
B|228643|Датчик дыма|26|0|39|0
B|229360|Датчик дыма|22|0|162|0
B|120309|Датчик движения|9|0|5310|0
B|3122|Состояние УИР-Р|13|0|45|0
B|334282|Датчик дыма|86|2|100|3
B|267596|Датчик дыма|8|0|18|0
B|229420|Датчик дыма|35|0|47|0
B|229031|Датчик дыма|38|0|47|0
B|229323|Датчик дыма|44|0|52|0
B|120503|Тепловой датчик|10|0|11|0
B|120230|Датчик дыма|15|0|33|6
B|287854|Датчик дыма|80|0|88|0
B|171615|КД Дверь|36|0|4048|0
B|50962|Датчик движения|6|0|1391|0
B|277928|Датчик движения|11|0|24|0
B|287552|Датчик дыма|36|0|77|0
B|115845|Состояние УИР-Р|11|0|20|0
B|98158|КД Дверь|117|0|355|0
B|262537|Датчик дыма|10|0|18|0
B|262534|Датчик дыма|10|0|16|0
B|228848|Датчик дыма|29|0|37|0
B|93582|Тепловой датчик|91|0|123|0
B|197377|Состояние УИР-Р|22|0|54|0
B|262160|Датчик дыма|15|0|21|0
B|212760|КД АВ|19|0|83|0
B|162770|КД АВ|2|0|188|0
B|95374|Состояние насоса|13|1|611|288
B|267509|Датчик дыма|8|0|19|0
B|197265|Состояние УИР-Р|182|0|200|0
B|162813|КД АВ|6|0|58|0
B|287375|Датчик дыма|73|0|99|0
B|269340|Состояние УИР-Р|7|0|26|0
B|269691|Датчик дыма|8|0|22|0
B|230834|Датчик движения|5|0|363|0
B|162865|КД Дверь|14|0|22|0
B|267625|Датчик дыма|8|0|16|0
B|179406|Переключатель|6|0|740|0
B|212198|КД Дверь|6|0|584|0
B|179151|Состояние вентилятора|7|0|819|0
B|95439|Состояние фазы|2|0|222|0
B|229206|Датчик дыма|27|0|39|0
B|333507|Состояние фазы|32|6|103|27
B|93513|Тепловой датчик|77|0|81|0
B|333574|Состояние фазы|29|0|341|0
B|267829|Датчик дыма|9|0|15|0
B|228754|Датчик дыма|40|0|57|0
B|289206|Датчик дыма|78|0|88|0
B|115729|Переключатель|7|0|185|0
B|77679|Датчик температуры|20|0|76|0
B|285813|Стекло|54|0|164|0
B|262682|Датчик дыма|7|0|13|0
B|334386|Датчик дыма|45|0|63|0
B|261872|КД Дверь|18|0|56|0
B|144741|Датчик движения|15|0|575|0
B|262512|Датчик дыма|10|0|16|0
B|171570|КД Дверь|29|0|77|0
B|228269|Датчик температуры|9|0|94|0
B|212190|Датчик дыма|8|0|17|0
B|229312|Датчик дыма|43|0|51|0
B|147140|Переключатель|5|0|333|0
B|330448|КД Дверь|15|0|25|0
B|269021|Датчик движения|6|0|28166|0
B|8833|Переключатель|4248|0|4423|0
B|213091|Состояние УИР-Р|22|0|159|0
B|231960|Датчик дыма|1|0|9|0
B|94153|КД АВ|60|0|108|0
B|229465|Датчик дыма|49|3|103|44
B|96465|Состояние фазы|60|0|352|0
B|115905|Состояние УИР-Р|12|0|26|0
B|95412|Переключатель|2|0|511|0
B|267594|Датчик дыма|8|0|14|0
B|8835|Переключатель|4249|0|4580|0
B|229145|Датчик дыма|27|0|73|0
B|228249|КД АВ|8|0|48|0
B|229350|Датчик дыма|43|0|53|0
B|103984|Состояние фазы|0|0|70|0
B|229604|Состояние фазы|13|0|470|17
B|228873|Датчик дыма|29|0|39|0
B|93217|Датчик движения|84|0|274|0
B|229559|Датчик дыма|50|0|62|0
B|278357|Датчик дыма|12|0|22|0
B|269678|Датчик дыма|8|0|29|0
B|116095|Газовый датчик|6|0|3786|0
B|262647|Датчик дыма|8|0|16|0
B|229091|Датчик дыма|36|0|51|0
B|229496|Датчик дыма|46|3|216|143
B|144805|Датчик движения|14|0|239|0
B|333657|Переключатель|83|0|136|0
B|212282|КД АВ|10|1|221|5
B|121159|Состояние фазы|5|0|43|0
B|231809|КД Дверь|0|0|96|0
B|213235|Состояние УИР-Р|18|0|26|0
B|330389|КД Дверь|8|0|24|0
B|261937|Датчик дыма|13|0|19|0
B|230084|Состояние УИР-Р|36|0|109|0
B|286143|Состояние УИР-Р|53|0|202|0
B|278358|Датчик дыма|12|0|22|0
B|115417|КД АВ|2|0|106|0
B|269465|Датчик дыма|6|0|16|0
B|193166|Датчик температуры|9|0|120|0
B|286808|Датчик движения|12|0|12016|0
B|286823|КД АВ|4|0|219|0
B|228982|Датчик дыма|388|0|401|0
B|230872|Датчик движения|10|0|272|0
B|228620|Датчик дыма|26|0|47|0
B|228303|КД Дверь|10|0|344|0
B|288075|Состояние фазы|0|0|28|0
B|197317|Состояние УИР-Р|786|0|813|0
B|93676|КД Дверь|101|0|175|0
B|229405|Датчик дыма|34|0|52|0
B|287542|Датчик дыма|77|0|85|0
B|285939|Состояние УИР-Р|52|0|400|0
B|115561|Состояние вентилятора|7|0|307|70
B|3011|КД АВ|22|0|80|0
B|227207|Переключатель|16|0|160|0
B|144831|КД Дверь|19|0|478|0
B|229314|Датчик дыма|43|0|63|0
B|287644|Датчик дыма|79|0|87|0
B|229373|Датчик дыма|35|0|47|2
B|229149|Датчик дыма|27|0|75|0
B|334573|Датчик дыма|62|0|76|0
B|262526|Датчик дыма|10|0|18|0
B|278344|Датчик дыма|12|0|20|0
B|231920|ИБП|1|0|159|0
B|212589|Датчик дыма|19|0|28|1
B|93511|КД АВ|55|0|125|0
B|268902|Датчик температуры|23|0|389|0
B|334723|Датчик дыма|45|2|273|213
B|278498|Датчик дыма|13|0|19|0
B|144848|Датчик температуры|15|0|44|0
B|230336|Состояние УИР-Р|22|0|33|0
B|227226|Переключатель|20|0|450|0
B|212883|Состояние вентилятора|18|3|444|77
B|334445|Датчик дыма|48|0|60|0
B|287724|Датчик дыма|78|0|86|0
B|287003|Датчик затопления|50|0|157|0
B|228864|Датчик дыма|29|0|41|0
B|230843|КД Дверь|7|3|209|2
B|179240|Состояние фазы|6|0|378|0
B|193186|Датчик дыма|12|0|28|6
B|287672|Датчик дыма|79|0|87|0
B|115899|Состояние УИР-Р|12|0|22|0
B|227194|Переключатель|15|0|101|0
B|267504|Датчик дыма|8|0|14|0
B|334489|Ручной извещатель|33|9|50|15
B|98178|КД Дверь|74|0|273|0
B|285909|Состояние УИР-Р|52|0|68|0
B|103931|Состояние вентилятора|0|0|403|80
B|287457|Датчик дыма|73|0|85|0
B|197395|Состояние УИР-Р|23|0|52|0
B|120693|Состояние УИР-Р|5|0|20|0
B|94184|Тепловой датчик|52|0|52|0
B|333975|Датчик дыма|32|0|42|0
B|212734|Датчик температуры|15|0|504|0
B|229237|Датчик дыма|263|0|281|6
B|330221|КД Дверь|9|0|289|0
B|287348|Датчик дыма|73|0|87|0
B|267774|Датчик дыма|10|0|16|0
B|228223|КД Дверь|7|0|472|0
B|93245|Датчик движения|97|0|143|0
B|229474|Датчик дыма|50|3|98|37
B|143632|Датчик дыма|22|0|64|0
B|77832|Датчик температуры|49|0|110|0
B|266705|Датчик затопления|16|0|25|0
B|331479|Газовый датчик|30|0|89|0
B|278447|Датчик дыма|8|0|18|0
B|197376|Состояние УИР-Р|23|0|59|0
B|213097|Состояние УИР-Р|24|0|248|0
B|213443|Состояние фазы|22|0|603|89
B|269564|Датчик дыма|7|0|19|0
B|178333|(без типа)|21|0|24|0
B|115625|Состояние фазы|8|0|182|0
B|333613|Переключатель|28|0|138|0
B|93683|Датчик температуры|86|0|113|0
B|197185|Переключатель|49|0|69|0
B|286934|КД Дверь|30|0|216|0
B|285811|КД Дверь|54|0|1414|0
B|287008|КД АВ|54|0|110|0
B|196490|КД Дверь|26|0|641|0
B|77724|Датчик движения|183|0|2683|0
B|212392|КД Дверь|12|0|238|0
B|267775|Датчик дыма|10|0|16|0
B|120236|Датчик температуры|13|0|34|0
B|228460|Датчик движения|16|0|586|0
B|214144|Переключатель|5|0|13|0
B|230518|Газовый датчик|20|9|85|1
B|213073|Состояние УИР-Р|22|0|149|0
B|120583|КД Дверь|9|0|179|0
B|120528|Тепловой датчик|9|0|10|0
B|334603|Датчик дыма|63|3|127|3
B|147160|Состояние фазы|3|0|235|0
B|120248|Ручной извещатель|19|0|36|0
B|334598|Датчик дыма|60|10|99|26
B|287186|Датчик дыма|64|0|76|0
B|196698|Состояние фазы|6|0|775|0
B|3095|Ручной извещатель|21|0|69|0
B|8801|Переключатель|4255|0|4615|0
B|333653|Переключатель|78|0|131|0
B|278196|Состояние УИР-Р|7|0|100|0
B|333558|Состояние вентилятора|30|5|282|129
B|287394|Датчик дыма|73|0|85|0
B|230916|Переключатель|29|0|29|0
B|269126|КД Дверь|6|0|27|4
B|334344|Датчик дыма|49|0|83|0
B|115603|Переключатель|8|0|202|0
B|228634|Датчик дыма|26|0|35|0
B|115833|Состояние УИР-Р|11|0|19|0
B|287169|Датчик дыма|64|0|80|0
B|213423|Переключатель|22|0|462|0
B|212404|Датчик дыма|13|0|21|0
B|179405|Переключатель|6|0|614|0
B|179228|Состояние фазы|7|0|67|0
B|266962|Переключатель|7|0|415|0
B|115747|Состояние фазы|7|0|153|0
B|95442|Состояние фазы|2|0|54|0
B|287454|Датчик дыма|73|0|81|0
B|196635|Состояние фазы|6|0|447|0
B|267029|Состояние вентилятора|10|3|643|137
B|120464|Датчик температуры|7|0|126|0
B|93211|Датчик движения|75|0|421|0
B|120517|КД Дверь|10|0|268|0
B|212154|Датчик движения|4|0|588|0
B|147120|Состояние фазы|5|0|135|0
B|229126|Датчик дыма|27|0|67|0
B|94074|Датчик дыма|114|22|152|45
B|330593|КД Дверь|19|0|245|0
B|230204|Состояние УИР-Р|20|0|36|0
B|143571|Датчик дыма|16|5|35|8
B|171580|Ручной извещатель|28|1|43|4
B|115323|КД Дверь|2|0|196|0
B|229079|Датчик дыма|36|0|49|0
B|278497|Датчик дыма|13|0|19|0
B|94052|Тепловой датчик|107|0|112|0
B|267635|Датчик дыма|8|0|14|0
B|171602|Датчик движения|33|0|46837|0
B|289231|Датчик дыма|80|0|88|0
B|267666|Датчик дыма|9|0|17|0
B|212854|Переключатель|22|0|558|0
B|93541|Тепловой датчик|84|0|86|0
B|115622|Переключатель|8|0|178|0
B|9367|Датчик температуры|26|0|139|0
B|262531|Датчик дыма|10|0|20|0
B|197017|Состояние УИР-Р|22|0|121|0
B|93913|Тепловой датчик|140|0|202|0
B|269703|Датчик дыма|8|0|19|0
B|144799|Датчик движения|14|0|1636|0
B|3069|Датчик дыма|26|1|42|7
B|330706|КД АВ|28|2|364|26
B|147042|Состояние УИР-Р|5|0|33|0
B|196661|Переключатель|7|0|558|0
B|103930|Состояние фазы|0|0|230|0
B|266969|Переключатель|9|0|417|0
B|77548|Датчик движения|12|0|8442|0
B|287919|Состояние фазы|0|0|27|7
B|287932|Состояние фазы|0|0|6|0
B|267020|Состояние фазы|10|2|115|54
B|261905|Датчик дыма|13|0|21|0
B|287722|Датчик дыма|78|0|86|0
B|144883|Состояние УИР-Р|22|0|40|0
B|269480|Датчик дыма|8|0|21|0
B|196722|Переключатель|6|0|55|0
B|179222|Состояние насоса|7|1|676|553
B|269009|КД АВ|6|0|36|0
B|230649|Газовый датчик|27|15|88|0
B|115215|Датчик движения|0|0|1102|0
B|229293|Датчик дыма|44|0|54|0
B|333608|Переключатель|29|0|69|0
B|236739|Состояние вентилятора|1|0|793|79
B|212514|Датчик движения|15|0|167|0
B|95340|Состояние вентилятора|2|0|476|0
B|330591|КД Дверь|19|0|236|0
B|334583|Датчик дыма|62|3|77|5
B|263347|Датчик дыма|17|0|32|0
B|262040|Датчик дыма|9|0|15|0
B|229100|Датчик дыма|38|0|47|0
B|96297|Переключатель|63|0|436|0
B|333497|Переключатель|30|0|93|0
B|287267|Датчик дыма|69|1|110|8
B|286317|Состояние УИР-Р|54|0|110|0
B|262313|ИБП|21|0|67|0
B|113992|КД Дверь|8|0|109|0
B|229501|Датчик дыма|45|3|707|71
B|261991|Датчик дыма|10|0|16|0
B|77790|Датчик температуры|16|0|86|0
B|3087|Ручной извещатель|34|0|57|0
B|120703|Состояние УИР-Р|5|0|18|0
B|284898|Тепловой датчик|11|0|11|0
B|333432|Состояние фазы|26|0|334|0
B|229146|Датчик дыма|27|0|77|0
B|115632|Состояние фазы|12|1|474|22
B|321167|Состояние фазы|0|0|164|0
B|289234|Датчик дыма|80|0|90|0
B|171545|КД Дверь|30|0|912|0
B|231755|Датчик дыма|0|0|10|1
B|104032|Газовый датчик|11|0|1442|0
B|229121|Датчик дыма|27|0|69|0
B|267046|Состояние вентилятора|7|0|436|25
B|287843|Датчик дыма|80|0|92|0
B|228750|Датчик дыма|41|0|56|0
B|228407|КД Дверь|15|0|65|0
B|211784|Датчик затопления|36|0|47|0
B|93443|Датчик дыма|38|4|65|12
B|230835|КД Дверь|5|0|263|0
B|278539|Датчик дыма|13|0|19|0
B|330501|9-секционный люк|19|1|40|5
B|287583|Датчик дыма|76|0|88|0
B|227477|Состояние фазы|13|0|25|0
B|334607|Датчик дыма|63|0|76|0
B|334692|Датчик дыма|42|2|25592|25536
B|215891|Состояние насоса|20|1|817|378
B|212326|Датчик движения|11|0|225|0
B|94163|Тепловой датчик|49|0|51|0
B|93603|Тепловой датчик|91|0|93|0
B|193215|Тепловой датчик|9|0|10|0
B|231737|КД Дверь|0|0|122|0
B|196500|КД Дверь|22|0|1020|0
B|212671|Датчик движения|15|0|373|0
B|268958|КД Дверь|6|0|30|0
B|289209|Датчик дыма|78|0|86|0
B|266787|КД Дверь|7|0|131|0
B|147156|Состояние вентилятора|3|0|351|0
B|266923|Датчик температуры|29|1|2580|19
B|179215|Состояние насоса|7|0|899|385
B|334371|Датчик дыма|45|0|59|0
B|278467|Датчик дыма|8|0|14|0
B|267607|Датчик дыма|8|0|14|0
B|212389|Датчик движения|12|0|428|0
B|267667|Датчик дыма|9|0|15|0
B|197116|Газовый датчик|2|0|21|0
B|120117|Состояние охраны|41|0|1211|0
B|289212|Датчик дыма|78|0|88|0
B|193117|Тепловой датчик|9|0|10|0
B|214096|Состояние вентилятора|7|0|7|0
B|171618|Стекло|36|0|78|0
B|93965|Тепловой датчик|88|0|91|0
B|333428|Состояние фазы|28|12|63|34
B|215859|Состояние вентилятора|16|1|331|148
B|120510|Тепловой датчик|9|0|10|0
B|196529|КД Дверь|21|0|143|0
B|287878|Датчик дыма|80|0|102|0
B|228792|Датчик дыма|38|0|73|0
B|228443|Датчик температуры|24|0|70|0
B|289204|Датчик дыма|78|0|86|0
B|212896|Переключатель|22|0|42|0
B|171637|Стекло|36|0|58|0
B|286687|Датчик дыма|80|0|92|0
B|289242|Датчик дыма|80|0|90|0
B|268994|КД Дверь|7|0|23|0
B|261916|Датчик дыма|13|0|20|0
B|171654|КД Дверь|29|0|69|0
B|269435|Датчик дыма|6|0|16|0
B|287360|Датчик дыма|73|0|83|0
B|115648|Состояние фазы|6|1|97|14
B|93643|Датчик температуры|96|0|114|0
B|277922|КД АВ|12|0|76|0
B|93566|Датчик дыма|109|10|137|26
B|143653|Датчик температуры|10|0|27|0
B|95488|Состояние вентилятора|2|0|498|0
B|143677|Датчик движения|11|0|44|0
B|193107|Датчик движения|9|0|296|0
B|268148|Газовый датчик|0|0|20101|0
B|287271|Датчик дыма|69|0|81|0
B|197982|Датчик температуры|8|0|131|0
B|98282|Газовый датчик|59|0|154|0
B|334404|Датчик дыма|46|0|59|0
B|333992|Датчик дыма|36|0|44|0
B|197300|Состояние УИР-Р|1297|0|1321|0
B|120604|Тепловой датчик|9|0|10|0
B|193194|КД Дверь|9|0|36|0
B|278082|Состояние УИР-Р|9|0|24|0
B|51694|Переключатель|3|0|395|0
B|261883|Датчик дыма|14|0|29|0
B|229197|Датчик дыма|27|0|49|0
B|286880|КД АВ|7|0|41|0
B|95440|Состояние фазы|2|0|32|0
B|333620|Состояние фазы|31|0|335|0
B|213001|Состояние УИР-Р|22|0|99|0
B|193165|Тепловой датчик|9|0|10|0
B|212672|Датчик температуры|15|0|768|0
B|197313|Состояние УИР-Р|2001|0|2029|0
B|3098|Датчик движения|15|0|33499|0
B|227503|Состояние фазы|16|0|36|0
B|286854|КД Дверь|6|0|50|0
B|212768|Датчик затопления|17|0|27|0
B|287158|Датчик дыма|64|0|82|0
B|212503|Датчик дыма|18|0|34|0
B|287289|Датчик дыма|69|0|93|0
B|268889|КД Дверь|23|0|89|0
B|308171|КД АВ|9|0|35|0
B|212297|Датчик дыма|9|0|33|10
B|286982|Датчик температуры|34|0|831|0
B|269034|КД Дверь|6|0|404|0
B|93701|Тепловой датчик|67|0|67|0
B|330611|КД Дверь|18|0|63|0
B|262943|Состояние фазы|0|0|69|1
B|229229|Датчик дыма|264|0|295|20
B|96278|Переключатель|62|0|490|0
B|8829|Переключатель|4248|0|4719|0
B|93987|Тепловой датчик|90|0|121|0
B|8772|Состояние вентилятора|4251|0|4638|0
B|266909|КД АВ|6|0|98|0
B|77781|КД Дверь|10|0|346|0
B|269626|Датчик дыма|8|0|20|0
B|269529|Датчик дыма|8|0|21|0
B|212645|КД АВ|18|0|176|0
B|267975|Переключатель|17|0|357|0
B|95514|Переключатель|2|0|6|0
B|262653|Датчик дыма|8|0|14|0
B|278473|Датчик дыма|8|0|16|0
B|333730|Состояние фазы|98|0|126|0
B|228636|Датчик дыма|26|0|37|0
B|215770|Состояние фазы|15|0|233|0
B|121164|Переключатель|5|0|195|0
B|143538|Датчик дыма|18|0|28|0
B|269569|Датчик дыма|9|0|22|0
B|288077|Состояние фазы|0|0|22|0
B|285842|КД Дверь|54|0|810|0
B|245484|Датчик движения|18|0|256|0
B|96375|Переключатель|60|0|144|0
B|268951|Датчик температуры|6|0|49|0
B|9379|Датчик температуры|13|0|41|0
B|287280|Датчик дыма|69|0|79|0
B|245476|Состояние вентилятора|23|1|590|198
B|147110|Переключатель|3|0|269|0
B|228542|Датчик температуры|20|0|206|0
B|287378|Датчик дыма|73|0|101|0
B|267802|Датчик дыма|10|0|16|0
B|261951|Датчик дыма|13|0|20|0
B|120543|Датчик дыма|27|4|45|8
B|115597|Переключатель|7|0|207|0
B|98156|Тепловой датчик|112|0|117|0
B|278154|Состояние УИР-Р|8|0|18|0
B|269006|Датчик температуры|6|0|190|0
B|229255|Датчик дыма|259|0|280|0
B|278406|Датчик дыма|12|0|22|0
B|230773|Датчик движения|2|0|1180|0
B|228700|Датчик дыма|25|0|43|0
B|93950|Тепловой датчик|141|0|147|0
B|77727|Датчик температуры|178|0|541|0
B|287973|Состояние фазы|0|0|168|0
B|115409|Датчик температуры|2|0|215|0
B|93925|КД Дверь|108|0|281|0
B|8823|Состояние фазы|4248|0|4582|0
B|116093|Газовый датчик|6|0|220|0
B|213259|Состояние УИР-Р|18|0|175|0
B|236773|Состояние фазы|0|0|41|0
B|115217|Датчик движения|0|0|632|0
B|287160|Датчик дыма|64|0|74|0
B|334648|Датчик дыма|44|1|61|2
B|95520|Переключатель|2|0|552|0
B|334541|Датчик дыма|58|0|75|0
B|269611|Датчик дыма|9|0|20|0
B|162757|КД АВ|3|0|59|0
B|8813|Состояние фазы|4246|0|4427|0
B|229298|Датчик дыма|44|0|54|0
B|287593|Датчик дыма|76|0|84|0
B|147145|Переключатель|5|0|333|0
B|229050|Датчик дыма|36|0|49|0
B|228321|КД АВ|12|0|60|0
B|334375|Датчик дыма|45|0|118|58
B|287114|Датчик дыма|62|0|70|0
B|147191|Газовый датчик|6|0|1335|0
B|144759|Датчик движения|14|0|4498|0
B|230633|Газовый датчик|23|11|86|0
B|229081|Датчик дыма|36|0|47|0
B|267022|Переключатель|10|0|19|0
B|213437|Состояние вентилятора|19|3|489|98
B|267033|Переключатель|10|0|55|0
B|47838|Газовый датчик|4247|0|4346|0
B|334270|Датчик дыма|87|2|103|3
B|262008|Датчик дыма|10|0|16|0
B|196767|Газовый датчик|28|0|696699|1083
B|143602|Датчик дыма|6|0|36|0
B|333501|Состояние фазы|31|2|114|34
B|261949|Датчик дыма|14|0|20|0
B|115581|Состояние фазы|11|0|67|22
B|263354|Датчик дыма|22|0|36|0
B|95344|Состояние вентилятора|2|0|518|0
B|278462|Датчик дыма|8|0|14|0
B|229239|Датчик дыма|262|0|278|4
B|287296|Датчик дыма|69|0|81|0
B|262554|Датчик дыма|10|0|16|0
B|116102|Газовый датчик|6|0|8055|0
B|278435|Датчик дыма|8|0|20|0
B|228623|Датчик дыма|17|0|103|0
B|330435|КД Дверь|10|0|773|0
B|289182|Датчик дыма|76|0|84|0
B|267373|Газовый датчик|10|0|12310|27
B|229544|Датчик дыма|49|0|140|0
B|278433|Датчик дыма|8|0|16|0
B|261968|Датчик дыма|9|0|15|0
B|144777|Датчик движения|15|0|459|0
B|334586|Датчик дыма|62|3|79|5
B|104029|Газовый датчик|11|0|15963|0
B|115790|Переключатель|7|0|191|0
B|96454|Состояние фазы|64|0|429|0
B|267585|Датчик дыма|8|0|14|0
B|9337|Датчик температуры|5|0|88|0
B|212480|Датчик дыма|15|0|27|0
B|116081|Газовый датчик|8|0|11850|0
B|90720|КД Люк|129|0|147|0
B|262053|Датчик дыма|17|4|28|6
B|229181|Датчик дыма|27|0|57|0
B|94039|КД АВ|57|0|91|0
B|230904|Переключатель|23|0|221|0
B|135234|Состояние УИР-Р|12|0|24|0
B|269650|Датчик дыма|9|0|22|0
B|302180|Состояние фазы|0|0|10|0
B|93677|Тепловой датчик|101|0|101|0
B|196755|Газовый датчик|29|0|478233|1094
B|277870|КД Дверь|11|0|20|0
B|269544|Датчик дыма|7|0|19|0
B|230766|КД Дверь|3|1|355|2
B|267513|Датчик дыма|8|0|16|0
B|287882|Датчик дыма|80|0|88|0
B|287790|Датчик дыма|80|0|88|0
B|286888|Датчик движения|7|0|369|0
B|96328|Состояние вентилятора|60|0|152|0
B|262588|Датчик дыма|8|0|16|0
B|278073|Состояние насоса|13|3|2244|449
B|103908|Состояние фазы|0|0|168|0
B|330261|9-секционный люк|9|0|20|2
B|278509|Датчик дыма|13|0|19|0
B|267713|Датчик дыма|9|0|15|0
B|287754|Датчик дыма|78|0|88|0
B|229520|Датчик дыма|48|0|87|0
B|266664|Датчик температуры|6|0|945|0
B|213779|Газовый датчик|11|1|10022|0
B|215836|Переключатель|16|0|154|0
B|196820|Состояние охраны|37|0|1056|0
B|262666|Датчик дыма|7|0|13|0
B|262529|Датчик дыма|10|0|18|0
B|268163|Газовый датчик|0|0|2677|0
B|287586|Датчик дыма|76|0|90|0
B|229196|Датчик дыма|27|0|47|0
B|144854|Датчик температуры|18|0|177|0
B|94817|Датчик дыма|93|64|253|208
B|116141|Газовый датчик|5|0|11157|0
B|287023|КД АВ|54|0|236|0
B|228972|Датчик дыма|387|0|398|0
B|287187|Датчик дыма|64|0|72|0
B|120523|Датчик температуры|10|0|377|0
B|193182|Датчик температуры|9|0|81|0
B|93945|КД Дверь|87|0|118|0
B|229369|Датчик дыма|35|0|52|2
B|228807|Датчик дыма|40|0|57|0
B|228746|Датчик дыма|33|0|83|0
B|287259|Датчик дыма|65|0|78|0
B|286926|Датчик температуры|26|0|502|0
B|2898|Датчик движения|201|0|1993|0
B|230791|Датчик движения|2|0|549|84
B|289198|Датчик дыма|79|0|87|0
B|261999|Датчик дыма|10|0|46|0
B|334240|Датчик дыма|58|7|82|18
B|229042|Датчик дыма|36|0|47|0
B|333963|Датчик дыма|29|0|39|0
B|212876|Состояние фазы|21|0|95|0
B|287939|Состояние фазы|0|0|458|0
B|278512|Датчик дыма|13|0|21|0
B|330532|Датчик движения|11|0|1006|0
B|277968|КД АВ|13|0|59|4
B|230348|Состояние УИР-Р|20|0|52|0
B|286906|КД Дверь|12|0|222|0
B|120277|КД Дверь|17|0|31692|0
B|94208|Тепловой датчик|67|0|83|0
B|77854|КД АВ|125|0|157|0
B|179392|Переключатель|6|0|716|0
B|213810|Газовый датчик|4|0|1167|0
B|330222|КД Дверь|9|0|307|0
B|95380|Состояние фазы|2|0|190|0
B|267846|Датчик дыма|9|0|17|0
B|261892|Датчик дыма|13|0|21|0
B|333625|Состояние фазы|31|17|60|35
B|162826|КД Дверь|6|0|244|0
B|96459|Состояние насоса|60|2|452|107
B|229045|Датчик дыма|36|0|49|0
B|213792|Газовый датчик|12|2|1564|0
B|334720|Датчик дыма|46|2|225|168
B|330232|КД АВ|9|0|36|2
B|266730|КД АВ|7|0|171|0
B|98188|Датчик дыма|60|23|81|29
B|268019|Состояние фазы|0|0|197|75
B|3086|КД Дверь|22|0|25640|0
B|212959|Переключатель|18|0|352|0
B|171551|КД Дверь|29|0|119|0
B|115283|КД АВ|4|0|54|0
B|269560|Датчик дыма|8|0|23|0
B|287276|Датчик дыма|69|0|79|0
B|229602|Переключатель|13|0|515|0
B|278088|Состояние УИР-Р|7|0|15|0
B|96296|Переключатель|63|0|488|0
B|267524|Датчик дыма|8|0|14|0
B|287938|Состояние вентилятора|2|1|1101|507
B|143508|КД Дверь|19|0|77|0
B|93690|КД АВ|78|0|156|0
B|287523|Датчик дыма|77|0|87|0
B|228715|Датчик дыма|42|0|60|0
B|261940|Датчик дыма|13|0|22|0
B|143498|Датчик дыма|19|2|38|6
B|334513|Датчик дыма|46|0|57|0
B|214242|Состояние фазы|3|0|3|0
B|93967|Тепловой датчик|88|0|91|0
B|330621|(без типа)|7|0|8|0
B|334227|Датчик дыма|58|7|79|15
B|196970|КД АВ|28|0|89|0
B|120563|Тепловой датчик|14|0|15|0
B|229441|Датчик дыма|47|3|155|98
B|268031|Переключатель|0|0|122|0
B|230240|Состояние УИР-Р|29|0|70|0
B|229689|Переключатель|124|0|456|0
B|228484|КД Дверь|15|0|526|0
B|197361|Состояние УИР-Р|26|0|40|0
B|162765|КД АВ|3|0|42|0
B|269643|Датчик дыма|9|0|20|0
B|269595|Датчик дыма|8|0|20|0
B|228225|Датчик температуры|7|0|63|0
B|98155|Тепловой датчик|112|0|118|0
B|278268|Состояние УИР-Р|10|0|219|0
B|229296|Датчик дыма|44|0|54|0
B|147193|Газовый датчик|6|0|1277|0
B|228504|Датчик движения|17|0|327|0
B|287853|Датчик дыма|80|0|94|0
B|334430|Датчик дыма|46|0|59|0
B|236780|Состояние вентилятора|0|0|778|76
B|278404|Датчик дыма|12|0|26|0
B|268997|КД Дверь|7|0|163|0
B|236785|Состояние фазы|0|0|540|0
B|229173|Датчик дыма|27|0|61|0
B|267542|Датчик дыма|8|0|14|0
B|267333|Газовый датчик|11|0|79223|44
B|287030|Датчик движения|57|0|1545|0
B|2984|Датчик движения|17|0|317|0
B|3119|Состояние УИР-Р|9|0|35|0
B|286989|Датчик температуры|51|0|379|0
B|288003|Состояние фазы|0|0|178|0
B|230869|КД Дверь|10|0|46|0
B|144890|Состояние УИР-Р|20|0|45|0
B|267644|Датчик дыма|8|0|14|0
B|230036|Состояние УИР-Р|31|0|100|0
B|229224|Датчик дыма|262|0|309|0
B|135216|КД АВ|16|0|50|0
B|229415|Датчик дыма|34|0|61|0
B|212422|Датчик движения|14|0|402|0
B|147814|Состояние фазы|3|0|19|0
B|287855|Датчик дыма|80|0|88|0
B|286680|Датчик дыма|80|0|90|0
B|284682|Датчик дыма|3|0|9|0
B|212499|Датчик затопления|18|0|44|0
B|77777|Датчик температуры|9|0|214|0
B|262514|Датчик дыма|10|0|16|0
B|262703|Датчик дыма|7|0|13|0
B|197357|Состояние УИР-Р|6888|0|6910|0
B|212684|Датчик движения|15|0|307|0
B|231329|КД Дверь|5|0|509|0
B|3067|КД АВ|16|0|320|0
B|267109|Состояние вентилятора|7|0|818|279
B|115305|КД Дверь|2|0|224|0
B|114003|КД Дверь|21|0|153|0
B|333425|Переключатель|30|0|135|0
B|229456|Датчик дыма|48|3|99|38
B|269121|Датчик движения|6|0|1028|0
B|287323|Датчик дыма|69|0|77|0
B|269488|Датчик дыма|7|0|19|0
B|135213|Датчик температуры|19|0|272|0
B|334395|Датчик дыма|45|0|61|0
B|334387|Датчик дыма|45|0|59|0
B|228849|Датчик дыма|29|0|41|0
B|230858|КД Дверь|12|0|90|0
B|229550|Датчик дыма|51|0|61|0
B|330486|КД Дверь|11|0|26|0
B|212478|КД Дверь|15|0|167|0
B|96409|Состояние фазы|64|0|235|0
B|267593|Датчик дыма|8|0|14|0
B|334620|Датчик дыма|63|0|76|0
B|228651|Датчик дыма|26|0|41|0
B|143705|Датчик движения|5|0|463|0
B|287789|Датчик дыма|80|0|92|0
B|268891|КД Дверь|6|0|60|0
B|287179|Датчик дыма|64|0|72|0
B|287821|Датчик дыма|80|0|88|0
B|228998|Датчик дыма|378|1|396|8
B|212215|КД АВ|6|0|66|0
B|289200|Датчик дыма|78|0|88|0
B|269521|Датчик дыма|7|0|21|0
B|104060|Газовый датчик|12|0|1108|0
B|287309|Датчик дыма|69|0|79|0
B|286824|КД Дверь|4|0|394|0
B|256109|Датчик дыма|20|0|28|0
B|77737|Датчик температуры|175|0|281|0
B|215877|Состояние вентилятора|22|5|336|144
B|143699|Датчик движения|13|0|133|0
B|120506|Тепловой датчик|10|0|11|0
B|230951|Состояние фазы|49|0|278|0
B|228191|КД АВ|159|0|174|0
B|120505|Датчик температуры|10|0|380|0
B|269504|Датчик дыма|8|0|21|0
B|230252|Состояние УИР-Р|21|0|248|0
B|287024|Датчик затопления|54|0|66|0
B|229065|Датчик дыма|36|0|45|0
B|334474|Датчик дыма|48|0|60|0
B|286866|КД Дверь|7|0|269|0
B|228869|Датчик дыма|29|0|41|0
B|334667|Датчик дыма|47|0|254|178
B|121152|Состояние фазы|5|0|171|0
B|256108|Датчик дыма|20|0|28|0
B|286041|Состояние УИР-Р|51|0|73|0
B|158890|КД Дверь|12|0|36|0
B|93199|Датчик движения|7|0|171|0
B|231880|Датчик дыма|2|0|12|0
B|215796|Переключатель|14|0|112|0
B|147028|Состояние УИР-Р|3|0|29|0
B|228918|Датчик дыма|390|0|401|0
B|171557|КД Дверь|25|0|971|0
B|115663|Состояние насоса|8|1|959|115
B|269575|Датчик дыма|9|0|24|0
B|9333|Датчик температуры|10|0|70|0
B|305212|Состояние фазы|6|0|9|0
B|277881|Датчик движения|10|0|1047|0
B|287627|Датчик дыма|79|0|87|0
B|228939|Датчик дыма|386|0|399|0
B|266607|КД Дверь|16|0|219|0
B|228889|Датчик дыма|30|0|40|0
B|267508|Датчик дыма|8|0|17|0
B|228886|Датчик дыма|30|0|38|0
B|286215|Состояние УИР-Р|54|0|64|0
B|93222|Датчик температуры|2996|0|3052|0
B|267995|Состояние фазы|1|0|67|0
B|93698|Тепловой датчик|67|0|67|0
B|277921|КД Дверь|11|0|108|0
B|287524|Датчик дыма|77|0|85|0
B|213772|Газовый датчик|7|0|2083|0
B|267692|Датчик дыма|9|0|15|0
B|120317|Датчик движения|8|0|1083|0
B|147167|Переключатель|3|0|345|0
B|262144|Датчик дыма|15|0|21|0
B|231879|Датчик дыма|2|1|13|3
B|116120|Газовый датчик|11|0|11953|0
B|120680|Состояние УИР-Р|4|0|17|0
B|333588|Переключатель|28|0|148|0
B|333566|Состояние вентилятора|29|5|264|111
B|120161|Датчик движения|10|0|1333|0
B|286843|Датчик температуры|5|0|190|0
B|266676|Датчик температуры|7|0|616|0
B|229226|Датчик дыма|263|0|294|0
B|154125|Стекло|9|0|267|0
B|193119|Тепловой датчик|9|0|10|0
B|267797|Датчик дыма|10|0|18|0
B|227501|Переключатель|13|0|157|0
B|212228|Датчик дыма|6|0|30|0
B|262637|Датчик дыма|8|0|14|0
B|196501|Датчик температуры|22|0|75|0
B|267759|Датчик дыма|10|0|16|0
B|228818|Датчик дыма|30|0|38|0
B|196995|Датчик дыма|25|1|39|7
B|229778|Состояние УИР-Р|19|0|106|0
B|120258|КД Дверь|14|0|1302|0
B|229048|Датчик дыма|36|0|49|0
B|179214|Состояние насоса|7|0|778|706
B|229259|Датчик дыма|261|0|276|0
B|277994|КД АВ|9|0|55|0
B|267074|Переключатель|11|0|24|0
B|93638|Датчик температуры|102|0|334|0
B|277971|Датчик движения|13|0|120|0
B|269682|Датчик дыма|8|0|19|0
B|263359|Стекло|22|0|33|0
B|147198|Газовый датчик|6|0|19284|0
B|262696|Датчик дыма|7|0|13|0
B|228893|Датчик дыма|30|0|40|0
B|287448|Датчик дыма|73|0|81|0
B|262073|Датчик дыма|17|4|24|5
B|278382|Датчик дыма|12|0|20|0
B|261929|Датчик дыма|14|0|26|0
B|284914|Тепловой датчик|18|0|18|0
B|212721|Датчик движения|17|0|111|0
B|287913|Состояние фазы|0|0|52|0
B|93551|КД АВ|181|0|257|0
B|196779|Газовый датчик|28|1|476905|1545
B|196489|КД Дверь|26|0|378|0
B|334025|Датчик дыма|28|0|38|0
B|230838|КД Дверь|5|0|43|0
B|93837|Датчик движения|56|0|224|0
B|9369|Датчик температуры|13|0|153|0
B|334589|Датчик дыма|62|3|77|5
B|229624|Состояние вентилятора|16|7|770|510
B|267762|Датчик дыма|10|0|16|0
B|212370|Датчик движения|12|0|458|0
B|267816|Датчик дыма|9|0|15|0
B|116114|Газовый датчик|8|2|7251|106
B|230578|Газовый датчик|20|9|77|0
B|267512|Датчик дыма|8|0|18|0
B|120259|КД Дверь|14|0|210|0
B|143696|Датчик температуры|6|0|476|0
B|285969|Состояние УИР-Р|53|0|61|0
B|135228|КД АВ|22|0|394|0
B|236768|Состояние фазы|0|0|63|9
B|262598|Датчик дыма|8|0|14|0
B|262012|Датчик дыма|10|0|16|0
B|193163|Тепловой датчик|9|0|10|0
B|94103|Датчик дыма|96|10|113|18
B|285827|Стекло|53|0|129|0
B|334636|Датчик дыма|39|0|53|0
B|287266|Датчик дыма|69|0|79|0
B|230354|Состояние УИР-Р|75|0|136|0
B|333926|Датчик дыма|122|0|151|0
B|330233|Датчик движения|9|4|22|3
B|269208|Состояние УИР-Р|6|0|18|0
B|262691|Датчик дыма|7|0|13|0
B|228295|Датчик движения|41|0|115|0
B|115256|Датчик температуры|0|0|60|0
B|115626|Состояние вентилятора|8|1|273|63
B|333451|Состояние вентилятора|28|6|279|139
B|115261|КД АВ|0|0|40|0
B|287237|Датчик дыма|65|0|74|0
B|94833|КД Дверь|108|0|143|0
B|77780|КД Дверь|16|0|953|0
B|212296|КД Дверь|9|0|459|0
B|77533|Состояние охраны|16|0|1768|0
B|228532|Датчик движения|34|0|201|0
B|115821|Состояние УИР-Р|10|0|24|0
B|262048|Датчик дыма|17|4|26|5
B|230888|Состояние фазы|16|0|208|0
B|229088|Датчик дыма|36|0|47|0
B|333978|Датчик дыма|32|0|40|0
B|231708|Датчик дыма|0|0|8|0
B|261990|Датчик дыма|10|0|16|0
B|213788|Газовый датчик|12|2|251|0
B|213013|Состояние УИР-Р|22|0|504|0
B|230881|Состояние фазы|14|0|204|0
B|214111|Состояние фазы|10|0|15|0
B|331444|Газовый датчик|30|3|1493|10
B|115240|Датчик температуры|0|0|53|0
B|333406|Состояние фазы|40|0|250|0
B|120491|Датчик температуры|9|0|66|0
B|287555|Датчик дыма|42|0|56|0
B|98175|Датчик дыма|70|1|86|8
B|94124|Датчик температуры|74|0|239|0
B|196972|Датчик температуры|28|0|122|0
B|287117|Датчик дыма|62|0|70|0
B|196700|Состояние фазы|6|0|641|0
B|143590|КД Дверь|17|0|129|0
B|143526|КД АВ|19|0|243|0
B|330553|КД Дверь|12|0|3043|9
B|144845|КД Люк|15|0|36|0
B|266637|Датчик температуры|2|0|2171|0
B|229697|Состояние вентилятора|37|15|474|193
B|287089|Датчик дыма|62|0|70|0
B|227496|Переключатель|13|0|397|0
B|288191|Газовый датчик|0|0|18037|20
B|334781|Датчик дыма|284|10|3844|3455
B|232198|КД Дверь|14|0|199|0
B|287304|Датчик дыма|69|0|77|0
B|147179|Газовый датчик|11|0|2634|0
B|286816|КД Дверь|4|0|180|0
B|115555|Состояние фазы|14|0|150|0
B|278395|Датчик дыма|12|0|28|0
B|287300|Датчик дыма|69|0|83|0
B|287563|Датчик дыма|77|0|87|0
B|287634|Датчик дыма|79|0|87|0
B|229487|Датчик дыма|47|3|147|90
B|262690|Датчик дыма|7|0|13|0
B|289195|Датчик дыма|79|0|89|0
B|231918|КД Дверь|1|0|23|0
B|159000|Переключатель|0|0|4|0
B|334363|Датчик дыма|45|0|59|0
B|120239|Датчик температуры|17|0|43|0
B|196963|КД АВ|23|0|200|0
B|229676|Состояние фазы|39|2|310|117
B|193449|ИБП|448|0|493|0
B|212931|Переключатель|22|0|372|0
B|147933|ИБП|7|0|111|0
B|287791|Датчик дыма|80|0|88|0
B|143649|Датчик дыма|10|1|98|42
B|262087|Датчик дыма|16|4|27|5
B|269668|Датчик дыма|7|0|23|0
B|229524|Датчик дыма|50|0|64|0
B|147183|Газовый датчик|5|0|26045|0
B|93785|Датчик движения|70|0|2167|0
B|278550|Датчик дыма|13|0|19|0
B|215787|Состояние фазы|14|0|166|0
B|2976|Датчик движения|19|0|247|0
B|268001|Состояние фазы|0|0|185|51
B|287123|Датчик дыма|62|0|70|0
B|215788|Переключатель|14|0|110|0
B|334262|Датчик дыма|87|3|106|5
B|115302|Датчик движения|2|0|230|0
B|286867|Датчик температуры|6|0|545|0
B|228649|Датчик дыма|26|0|50|0
B|95484|Состояние фазы|2|0|180|0
B|287285|Датчик дыма|69|0|79|0
B|288099|Переключатель|0|0|480|0
B|228390|КД АВ|35|0|75|0
B|230784|Датчик движения|2|0|94|0
B|93930|Тепловой датчик|126|0|132|0
B|196496|Датчик температуры|19|0|221|0
B|147174|Переключатель|3|0|72|0
B|95388|Состояние фазы|2|0|92|0
B|215886|Состояние фазы|20|0|192|0
B|115813|Состояние насоса|7|0|267|201
B|98154|КД Дверь|88|0|279|0
B|269519|Датчик дыма|7|0|43|0
B|193216|Тепловой датчик|9|0|10|0
B|269692|Датчик дыма|8|0|21|0
B|288025|Состояние вентилятора|0|0|1041|476
B|278274|Состояние УИР-Р|11|0|59|0
B|197301|Состояние УИР-Р|848|0|875|0
B|171550|Датчик дыма|29|0|45|7
B|333416|Состояние вентилятора|30|5|276|116
B|269478|Датчик дыма|7|0|23|0
B|334646|Датчик дыма|43|0|71|0
B|334637|Датчик дыма|39|0|60|8
B|267622|Датчик дыма|8|0|14|0
B|229144|Датчик дыма|27|0|76|0
B|197188|Переключатель|49|0|197|0
B|286697|Датчик дыма|80|0|90|0
B|286911|КД Дверь|12|0|64|0
B|334369|Датчик дыма|45|0|57|0
B|278336|Газовый датчик|14|0|33606|20
B|179179|Газовый датчик|7|0|199|0
B|286975|Датчик температуры|45|0|220|0
B|95386|Состояние насоса|2|1|255|158
B|96441|Состояние вентилятора|64|0|476|0
B|93604|КД Дверь|91|0|125|0
B|288201|Газовый датчик|0|0|452952|2627
B|261901|Датчик дыма|13|0|19|0
B|287351|Датчик дыма|73|0|81|0
B|263408|КД Дверь|22|0|45|0
B|115264|Датчик температуры|0|0|102|0
B|196730|Газовый датчик|34|0|855877|6774
B|286479|Состояние УИР-Р|59|0|77|0
B|8825|Состояние фазы|4245|0|4328|0
B|3045|КД Дверь|16|0|128|0
B|333519|Состояние фазы|29|0|71|0
B|212848|Состояние фазы|22|0|216|0
B|8828|Переключатель|4250|0|4713|0
B|93580|Тепловой датчик|91|0|147|0
B|212356|КД АВ|12|0|112|0
B|120238|Ручной извещатель|17|0|34|0
B|196987|Датчик температуры|27|0|107|0
B|94855|Датчик дыма|65|1|83|10
B|93565|Датчик температуры|181|0|315|0
B|9351|Датчик температуры|19|0|38|0
B|213804|Газовый датчик|4|0|41436|0
B|94149|КД Дверь|85|0|346|0
B|330646|Датчик движения|21|0|2523|0
B|103911|Состояние насоса|0|0|291|217
B|267651|Датчик дыма|8|0|14|0
B|144807|Датчик движения|15|0|2390|0
B|229736|Состояние УИР-Р|194|0|469|0
B|104037|Газовый датчик|11|0|1884|0
B|228868|Датчик дыма|29|0|49|0
B|2886|Датчик движения|10|0|2118|0
B|334772|Датчик дыма|284|8|468|81
B|8797|Переключатель|4255|0|4673|0
B|287399|Датчик дыма|73|0|81|0
B|267498|Датчик дыма|8|0|16|0
B|197139|Состояние фазы|34|0|181|0
B|334568|Ручной извещатель|42|21|59|25
B|278280|Состояние УИР-Р|10|0|143|0
B|267262|Состояние УИР-Р|7|0|279|0
B|2885|Датчик температуры|5|0|89|0
B|286937|Датчик температуры|28|0|247|0
B|288032|Переключатель|0|0|2|0
B|120270|КД Дверь|43|0|18708|0
B|267611|Датчик дыма|8|0|18|0
B|267515|Датчик дыма|8|0|14|0
B|158980|КД Дверь|12|0|46|0
B|266919|Датчик температуры|30|1|931|15
B|230819|КД Дверь|6|0|92|0
B|269232|Состояние УИР-Р|6|0|915|0
B|287415|Датчик дыма|73|0|83|0
B|171363|КД Дверь|12|0|56|0
B|229141|Датчик дыма|27|0|73|0
B|143497|Датчик дыма|19|0|35|0
B|93237|Датчик движения|409|0|5298|0
B|230443|Газовый датчик|56|43|77|0
B|277879|Датчик движения|11|0|649|0
B|267790|Датчик дыма|10|0|16|0
B|262037|Датчик дыма|9|0|15|0
B|212699|Датчик температуры|17|0|560|0
B|267681|Датчик дыма|9|0|19|0
B|277936|Датчик температуры|11|0|1612|0
B|334328|Датчик дыма|49|0|76|0
B|287366|Датчик дыма|73|0|81|0
B|285927|Состояние УИР-Р|52|0|523|0
B|231967|Датчик дыма|1|0|9|0
B|330434|КД Дверь|10|0|302|0
B|104026|Газовый датчик|11|0|14422|0
B|277967|КД АВ|13|0|116|27
B|285814|Датчик движения|54|0|99826|0
B|212727|Датчик дыма|17|0|25|0
B|262120|Датчик дыма|16|4|28|7
B|229546|Датчик дыма|50|0|70|0
B|215810|Переключатель|17|0|117|0
B|268029|Состояние фазы|0|0|105|14
B|266763|Датчик движения|3|0|99|0
B|229223|Датчик дыма|263|0|294|13
B|268143|Газовый датчик|0|0|68960|0
B|267663|Датчик дыма|9|0|15|0
B|96280|Переключатель|61|0|484|0
B|331409|Газовый датчик|31|0|3104|0
B|120151|Датчик движения|31|0|428|0
B|330605|КД Дверь|18|0|54|0
B|266878|КД АВ|11|0|42|0
B|93435|Датчик температуры|7|0|26|0
B|333646|Состояние вентилятора|75|3|305|104
B|330515|КД Дверь|12|0|410|0
B|95383|Состояние фазы|2|0|172|0
B|96262|Состояние фазы|64|0|78|0
B|267576|Датчик дыма|8|0|14|0
B|120338|Датчик температуры|9|0|478|0
B|267740|Датчик дыма|10|0|16|0
B|333924|Датчик дыма|122|0|151|0
B|267571|Датчик дыма|8|0|14|0
B|197296|Состояние УИР-Р|1992|0|2011|0
B|287335|Датчик дыма|69|0|79|0
B|229418|Датчик дыма|35|0|49|0
B|269441|Датчик дыма|6|0|18|0
B|196994|Датчик температуры|26|0|396|0
B|267835|Датчик дыма|9|0|17|0
B|148745|Состояние фазы|3|0|121|0
B|144849|КД Дверь|14|0|583|0
B|287945|Переключатель|0|0|502|0
B|334690|Датчик дыма|42|1|159|105
B|263372|Датчик движения|22|0|26173|0
B|94842|КД Дверь|83|0|121|0
B|268858|Датчик дыма|3|0|60|9
B|93536|КД Дверь|119|0|167|0
B|287907|Переключатель|0|0|782|0
B|268930|Датчик движения|6|0|10697|147
B|267110|Состояние фазы|7|0|377|0
B|113979|Состояние охраны|22|0|422|0
B|267793|Датчик дыма|10|0|18|0
B|287520|Датчик дыма|77|0|85|0
B|268218|Газовый датчик|0|0|9219|0
B|278301|Газовый датчик|26|0|105441|50
B|330707|Датчик движения|28|0|2938|0
B|229398|Датчик дыма|34|0|44|0
B|228347|Датчик температуры|10|0|101|0
B|229049|Датчик дыма|36|0|51|0
B|231771|Датчик дыма|0|0|19|9
B|50961|КД Дверь|6|0|813|0
B|269516|Датчик дыма|8|0|24|1
B|268248|Газовый датчик|0|0|1360|0
B|262597|Датчик дыма|8|0|14|0
B|196914|Датчик температуры|23|0|113|0
B|334679|Датчик дыма|41|0|64|0
B|334469|Датчик дыма|48|0|58|0
B|321855|КД Дверь|18|0|3836|0
B|231740|Датчик дыма|0|0|11|1
B|262126|Датчик дыма|16|4|22|4
B|196964|Датчик температуры|23|0|233|0
B|333974|Датчик дыма|31|0|39|0
B|262121|Датчик дыма|16|4|28|6
B|157289|КД Дверь|11|0|89|0
B|330541|КД АВ|12|0|49|5
B|197358|Состояние УИР-Р|47|0|63|0
B|120565|Тепловой датчик|16|0|17|0
B|94116|Датчик температуры|64|0|166|0
B|143546|КД Дверь|17|0|297|0
B|104009|Состояние фазы|0|0|467|4
B|115558|Состояние фазы|8|0|140|0
B|93655|КД Дверь|104|0|176|0
B|269695|Датчик дыма|8|0|33|0
B|278524|Датчик дыма|13|0|19|0
B|229222|Датчик дыма|262|0|288|11
B|287847|Датчик дыма|80|0|94|0
B|267368|Газовый датчик|10|0|17727|0
B|230936|Переключатель|21|0|363|0
B|302189|Датчик дыма|12|0|18|0
B|287129|Датчик дыма|62|0|70|0
B|267226|Состояние УИР-Р|7|0|19|0
B|287557|Датчик дыма|77|0|85|0
B|154103|КД Дверь|11|0|49|0
B|228919|Датчик дыма|389|0|402|0
B|144760|Датчик температуры|14|0|806|0
B|333985|Датчик дыма|34|0|42|0
B|331404|Газовый датчик|32|1|117|2
B|197293|Состояние УИР-Р|423|0|441|0
B|193172|Тепловой датчик|11|0|12|0
B|333429|Переключатель|28|0|90|0
B|267696|Датчик дыма|9|0|17|0
B|96360|Переключатель|60|0|385|0
B|230798|Датчик движения|4|0|236|0
B|229500|Датчик дыма|45|2|211|90
B|267220|Состояние УИР-Р|7|0|19|0
B|197002|КД Дверь|45|0|13852|0
B|286925|Датчик движения|22|0|314|0
B|94167|Тепловой датчик|53|0|63|0
B|286815|КД АВ|13|0|47|0
B|93720|Датчик температуры|50|0|69|0
B|287334|Датчик дыма|69|0|77|0
B|212403|КД Люк|13|0|21|0
B|287103|Датчик дыма|62|0|72|0
B|120705|Состояние УИР-Р|5|0|18|0
B|287385|Датчик дыма|73|0|83|0
B|287154|Датчик дыма|64|0|80|0
B|196761|Газовый датчик|28|0|622520|2028
B|143644|КД Дверь|8|0|30|0
B|96257|Состояние фазы|64|0|148|0
B|287403|Датчик дыма|73|0|81|0
B|197176|Переключатель|49|0|423|0
B|171582|Датчик движения|28|0|22636|0
B|268931|Датчик температуры|6|0|1104|0
B|77849|КД Дверь|140|0|346|0
B|277979|КД АВ|13|0|284|0
B|120551|КД Дверь|9|0|47|0
B|94825|Датчик дыма|103|66|123|76
B|285810|Датчик движения|54|0|85826|0
B|334452|Датчик дыма|48|0|60|0
B|95914|КД Дверь|260|0|271|0
B|284704|Датчик дыма|4|0|25|2
B|288013|Переключатель|0|0|478|0
B|268952|Датчик затопления|23|0|35|0
B|236735|Переключатель|13|0|698|0
B|228540|КД АВ|20|0|32|0
B|115735|Состояние фазы|6|0|166|0
B|230330|Состояние УИР-Р|55|0|65|0
B|197186|Переключатель|49|0|53|0
B|197350|Состояние УИР-Р|4056|0|4089|0
B|179244|Состояние фазы|6|0|252|0
B|115276|КД Дверь|0|0|224|0
B|193219|Тепловой датчик|9|0|10|0
B|230618|Газовый датчик|62|49|86|0
B|197290|Состояние УИР-Р|440|0|465|0
B|212078|ИБП|4|0|118|0
B|286341|Состояние УИР-Р|52|0|60|0
B|77569|Датчик температуры|10|0|42|0
B|147210|Газовый датчик|6|0|4774|0
B|269708|Датчик дыма|7|0|23|0
B|213223|Состояние УИР-Р|18|0|26|0
B|230870|КД Дверь|10|0|68|0
B|229494|Датчик дыма|44|3|208|137
B|289193|Датчик дыма|79|0|91|0
B|228276|Датчик движения|10|0|60|0
B|193124|Тепловой датчик|9|0|10|0
B|104041|Газовый датчик|11|0|1184|0
B|93667|Тепловой датчик|718|0|719|0
B|104052|Газовый датчик|12|0|583|0
B|267597|Датчик дыма|8|0|16|0
B|286227|Состояние УИР-Р|55|0|65|0
B|266680|КД Дверь|7|0|127|0
B|196473|Датчик температуры|19|0|75|0
B|269450|Датчик дыма|6|0|30|0
B|228617|Датчик дыма|26|0|41|0
B|262510|Датчик дыма|10|0|16|0
B|229519|Датчик дыма|50|0|62|0
B|196969|Датчик дыма|47|6|64|15
B|334540|Датчик дыма|58|0|75|0
B|267719|Датчик дыма|9|0|15|0
B|93794|Датчик температуры|57|0|192|0
B|334424|Датчик дыма|46|0|59|0
B|147202|Газовый датчик|6|1|1324|0
B|147112|Переключатель|3|0|3|0
B|230696|Датчик дыма|5|0|13|0
B|334564|Датчик дыма|58|0|73|0
B|286963|КД Дверь|42|0|182|0
B|278521|Датчик дыма|13|0|21|0
B|334352|Ручной извещатель|29|0|46|0
B|228858|Датчик дыма|29|0|43|0
B|94158|Датчик дыма|55|1|71|10
B|333738|Переключатель|136|0|222|0
B|277947|КД Люк|10|0|16|0
B|229101|Датчик дыма|38|0|55|0
B|228842|Датчик дыма|29|0|41|0
B|212570|Датчик температуры|17|0|351|0
B|268791|Состояние насоса|69|3|449|168
B|120504|Тепловой датчик|10|0|11|0
B|334012|Датчик дыма|28|0|36|0
B|287466|Датчик дыма|73|0|81|0
B|262569|Датчик дыма|10|0|18|0
B|115384|Датчик температуры|2|0|499|0
B|288113|Переключатель|0|0|482|0
B|193187|КД АВ|12|0|61|0
B|269711|Датчик дыма|8|0|22|0
B|96480|Состояние вентилятора|60|0|408|0
B|228830|Датчик дыма|29|0|37|0
B|144749|Датчик движения|14|0|1410|0
B|196688|Состояние вентилятора|6|0|447|0
B|230946|Состояние насоса|23|12|221|150
B|287551|Датчик дыма|52|0|68|0
B|333442|Состояние вентилятора|29|5|257|120
B|96374|Переключатель|60|0|154|0
B|212770|КД Дверь|17|0|567|0
B|95427|Переключатель|2|0|18|0
B|229267|Датчик дыма|261|0|276|0
B|229203|Датчик дыма|27|0|43|0
B|77789|КД Дверь|16|0|9044|0
B|212516|Датчик дыма|15|0|23|0
B|287241|Датчик дыма|65|0|74|0
B|262093|Датчик дыма|16|4|24|6
B|256087|Тепловой датчик|13|0|13|0
B|278360|Датчик дыма|12|0|24|0
B|229286|Датчик дыма|43|0|51|0
B|287428|Датчик дыма|73|0|83|0
B|221466|Датчик движения|19|0|57|0
B|267682|Датчик дыма|9|0|21|0
B|230198|Состояние УИР-Р|18|0|67|0
B|120487|Тепловой датчик|8|0|9|0
B|116139|Газовый датчик|5|0|2344|0
B|231926|Датчик дыма|1|0|10|0
B|277894|КД Люк|16|2|42|17
B|197137|Состояние фазы|34|0|181|0
B|51691|Переключатель|3|0|397|0
B|268188|Газовый датчик|0|0|45731|0
B|229235|Датчик дыма|263|0|280|5
B|287849|Датчик дыма|80|0|90|0
B|286889|КД Дверь|7|0|16|0
B|229552|Датчик дыма|51|0|59|0
B|93546|Тепловой датчик|80|0|86|0
B|94197|Тепловой датчик|58|0|58|0
B|115744|Переключатель|7|0|169|0
B|228805|Датчик дыма|40|0|59|0
B|334222|Датчик дыма|58|7|75|12
B|288098|Состояние вентилятора|0|0|1038|479
B|230180|Состояние УИР-Р|17|0|83|0
B|229188|Датчик дыма|27|0|53|0
B|3051|КД АВ|15|0|105|0
B|284728|Тепловой датчик|5|0|7|0
B|94844|Датчик дыма|84|38|121|65
B|94185|Тепловой датчик|52|0|52|0
B|229103|Датчик дыма|38|0|49|0
B|120116|Состояние охраны|43|0|1073|0
B|286275|Состояние УИР-Р|53|0|61|0
B|196908|Датчик температуры|37|0|439|0
B|212789|КД Дверь|19|0|331|0
B|212173|Датчик дыма|5|0|13|0
B|302179|Состояние фазы|0|0|15|0
B|333759|Переключатель|150|0|216|0
B|229336|Датчик дыма|44|0|56|0
B|179181|Газовый датчик|7|0|61|0
B|333927|Датчик дыма|122|0|151|0
B|162805|КД АВ|4|0|76|0
B|334218|Датчик дыма|58|7|77|13
B|278460|Датчик дыма|8|0|14|0
B|3129|ИБП|23|0|173|0
B|96289|Переключатель|61|0|70|0
B|229480|Датчик дыма|50|3|211|148
B|231327|КД Дверь|5|0|29|0
B|197268|Состояние УИР-Р|33|0|68|0
B|236757|Состояние фазы|0|0|413|14
B|288166|Газовый датчик|0|0|106449|925
B|157311|КД Дверь|10|0|182|0
B|287395|Датчик дыма|73|0|83|0
B|229706|Состояние фазы|75|0|235|0
B|231113|Датчик движения|19|0|219|0
B|289216|Датчик дыма|80|0|88|0
B|193149|Тепловой датчик|9|0|10|0
B|287240|Датчик дыма|65|0|74|0
B|287643|Датчик дыма|79|0|89|0
B|284712|Датчик дыма|5|0|11|0
B|229008|Датчик дыма|39|0|50|0
B|212207|Датчик дыма|7|0|15|0
B|334237|Датчик дыма|58|7|116|16
B|229238|Датчик дыма|263|0|280|7
B|2906|Датчик движения|21|0|1209|0
B|229449|Датчик дыма|46|2|175|38
B|212865|Состояние фазы|22|0|590|0
B|228745|Датчик дыма|41|0|60|0
B|287547|Датчик дыма|52|0|64|0
B|287733|Датчик дыма|78|0|86|0
B|231795|Датчик дыма|0|0|8|0
B|267540|Датчик дыма|8|0|14|0
B|269433|Датчик дыма|6|0|18|0
B|227494|Состояние фазы|13|0|421|21
B|267575|Датчик дыма|8|0|14|0
B|98279|Газовый датчик|59|0|122|0
B|229143|Датчик дыма|27|0|75|0
B|116122|Газовый датчик|11|0|5420|0
B|236767|Состояние фазы|0|0|65|11
B|158904|Газовый датчик|0|0|28150|0
B|261915|Датчик дыма|13|0|20|0
B|104045|Газовый датчик|12|0|37122|0
B|287461|Датчик дыма|73|0|83|0
B|120243|Ручной извещатель|20|0|31|0
B|333749|Состояние фазы|162|0|488|0
B|104000|Состояние фазы|0|0|30|8
B|212465|Датчик температуры|17|0|145|0
B|147212|Газовый датчик|6|0|3031|0
B|286575|Состояние УИР-Р|59|0|108|0
B|334746|Ручной извещатель|36|11|1072|1026
B|334212|Датчик дыма|58|7|76|13
B|288090|Переключатель|0|0|482|0
B|228756|Датчик дыма|40|0|61|0
B|171620|КД Дверь|36|0|54|0
B|287753|Датчик дыма|78|0|88|0
B|196887|Датчик движения|19|0|117|0
B|115610|Состояние вентилятора|13|0|302|54
B|330516|КД Дверь|12|0|1747|0
B|269649|Датчик дыма|9|0|22|0
B|93572|Тепловой датчик|147|0|151|0
B|135212|КД Дверь|19|0|183|0
B|8824|Состояние фазы|4246|0|4423|0
B|278363|Датчик дыма|12|0|22|0
B|213805|Газовый датчик|4|0|22953|0
B|115775|Состояние фазы|7|0|364|9
B|229635|Состояние фазы|17|0|179|0
B|229760|Состояние УИР-Р|29|0|45|0
B|197257|Состояние УИР-Р|26|0|48|0
B|334376|Датчик дыма|45|0|61|0
B|103952|Состояние насоса|0|0|6734|1127
B|144747|Датчик движения|16|0|70|0
B|93656|Тепловой датчик|104|0|106|0
B|261920|Датчик дыма|14|0|24|0
B|116071|Газовый датчик|8|0|18640|0
B|267753|Датчик дыма|10|0|16|0
B|262664|Датчик дыма|7|0|13|0
B|230222|Состояние УИР-Р|17|0|27|0
B|229521|Датчик дыма|50|0|60|0
B|93585|КД АВ|97|0|346|0
B|278476|Датчик дыма|8|0|14|0
B|229174|Датчик дыма|27|0|55|0
B|171601|КД Дверь|33|0|4713|0
B|115728|Состояние вентилятора|7|0|249|22
B|334228|Датчик дыма|58|7|76|13
B|230030|Состояние УИР-Р|26|0|39|0
B|196480|Датчик движения|21|0|143943|0
B|93687|Тепловой датчик|63|0|63|0
B|286672|Датчик дыма|80|0|90|0
B|144888|Состояние УИР-Р|29|0|65|0
B|269110|Датчик движения|7|0|571|0
B|215775|Переключатель|14|0|190|0
B|157299|КД Дверь|17|0|207|0
B|212922|Состояние фазы|22|0|596|0
B|154112|Датчик температуры|22|0|75|0
B|103974|Состояние вентилятора|0|0|258|33
B|334220|Датчик дыма|58|7|76|13
B|334759|Датчик дыма|282|0|411|15
B|147116|Состояние фазы|5|0|129|0
B|287422|Датчик дыма|73|0|83|0
B|287016|Датчик температуры|53|0|1020|0
B|171993|Тепловой датчик|83|0|101|0
B|334742|Датчик дыма|49|2|204|144
B|230763|Датчик движения|3|0|61|0
B|116123|Газовый датчик|11|0|7902|0
B|103913|Состояние фазы|0|0|164|0
B|287533|Датчик дыма|77|0|85|0
B|231690|Датчик дыма|113|0|125|0
B|228401|Датчик температуры|35|0|72|0
B|288051|Состояние фазы|0|0|385|41
B|287783|Датчик дыма|80|0|90|0
B|212783|Датчик дыма|17|0|25|0
B|288042|Состояние фазы|0|0|419|51
B|262108|Датчик дыма|16|4|25|5
B|77775|Датчик температуры|156|0|212|0
B|227463|Состояние фазы|13|0|128|5
B|286395|Состояние УИР-Р|54|0|62|0
B|231991|Датчик дыма|2|0|10|0
B|171563|КД Дверь|25|0|167|0
B|212177|Датчик дыма|5|0|13|0
B|196703|Состояние фазы|6|0|9|0
B|266674|КД АВ|6|0|67|0
B|98222|Тепловой датчик|135|0|140|0
B|269045|КД Дверь|6|0|50|0
B|267001|Переключатель|7|0|49|0
B|231979|Датчик дыма|1|0|8|0
B|197001|КД Дверь|45|0|106|0
B|262566|Датчик дыма|10|0|16|0
B|214259|Переключатель|3|0|15|0
B|158992|Переключатель|0|0|260|0
B|287077|Датчик дыма|0|0|35|0
B|333630|Состояние вентилятора|30|14|266|124
B|227209|Состояние фазы|16|0|451|36
B|197391|Состояние УИР-Р|287|0|325|0
B|228701|Датчик дыма|25|0|43|0
B|93429|Тепловой датчик|23|0|25|0
B|212795|КД Дверь|19|0|49|0
B|193181|Тепловой датчик|9|0|10|0
B|267702|Датчик дыма|9|0|17|0
B|230825|Датчик движения|7|0|245|0
B|212646|Датчик движения|18|0|8632|0
B|262665|Датчик дыма|7|0|13|0
B|213817|Газовый датчик|4|0|11355|0
B|196949|КД Дверь|42|0|433|0
B|287943|Состояние вентилятора|0|0|1107|526
B|287603|Датчик дыма|76|0|84|0
B|334290|Датчик дыма|87|4|119|10
B|196634|Состояние фазы|6|0|363|0
B|289184|Датчик дыма|79|0|87|0
B|250735|КД Дверь|168|0|184|0
B|193113|Датчик дыма|18|0|34|4
B|179218|Состояние насоса|7|1|2966|1488
B|334714|Датчик дыма|49|2|288|214
B|286904|Датчик движения|12|0|26|0
B|334217|Датчик дыма|58|7|75|12
B|278559|Датчик дыма|13|0|67|4
B|193138|Тепловой датчик|9|0|10|0
B|230859|Датчик движения|12|0|252|0
B|287374|Датчик дыма|73|0|87|0
B|120687|Состояние УИР-Р|5|0|18|0
B|286901|Датчик температуры|10|0|1034|0
B|147176|Переключатель|3|0|7|0
B|262016|Датчик дыма|10|0|16|0
B|255377|Состояние УИР-Р|18|0|43|0
B|3042|КД АВ|16|0|98|0
B|262145|Датчик дыма|15|0|21|0
B|154124|КД Дверь|9|0|1081|0
B|287652|Датчик дыма|79|0|89|0
B|228629|Датчик дыма|26|0|41|0
B|229193|Датчик дыма|27|0|49|0
B|147035|Состояние УИР-Р|4|0|40|0
B|193097|Датчик движения|9|0|982|0
B|229684|Переключатель|40|0|60|0
B|2945|Датчик температуры|22|0|41|0
B|287244|Датчик дыма|65|0|74|0
B|93917|Датчик дыма|142|90|171|98
B|287212|Датчик дыма|65|0|76|0
B|287066|Датчик дыма|62|0|70|0
B|115416|Датчик движения|2|0|690|0
B|212794|Датчик дыма|19|0|29|0
B|115362|КД Дверь|2|0|8|0
B|93532|КД Дверь|81|0|125|0
B|268082|Переключатель|0|0|226|0
B|228686|Датчик дыма|25|0|33|0
B|171647|КД Дверь|69|0|1739|0
B|93940|КД АВ|123|0|214|0
B|228885|Датчик дыма|30|1|41|4
B|288022|Состояние насоса|0|0|757|569
B|229580|Датчик дыма|50|0|58|0
B|267398|Газовый датчик|11|0|4346|0
B|171649|Датчик движения|69|0|169|0
B|287948|Состояние вентилятора|0|0|1091|525
B|286828|Датчик температуры|4|0|146|0
B|266839|Датчик затопления|7|0|22|0
B|147106|Переключатель|3|0|339|0
B|267160|Состояние УИР-Р|7|0|17|0
B|261976|Датчик дыма|9|0|18|0
B|94161|Тепловой датчик|57|0|61|0
B|334372|Датчик дыма|45|0|57|0
B|334013|Датчик дыма|28|0|40|0
B|330263|Датчик движения|9|0|117|0
B|287637|Датчик дыма|79|0|87|0
B|263405|КД Дверь|20|0|35|0
B|287302|Датчик дыма|69|0|79|0
B|135208|Датчик температуры|20|0|86|0
B|287167|Датчик дыма|64|0|76|0
B|212872|Состояние вентилятора|21|4|464|64
B|93719|Тепловой датчик|50|0|54|0
B|229339|Датчик дыма|44|0|52|0
B|255341|Состояние УИР-Р|15|0|26|0
B|287142|Датчик дыма|64|0|76|0
B|229553|Датчик дыма|51|0|61|0
B|8771|Состояние вентилятора|4252|0|4627|0
B|334341|Датчик дыма|49|0|60|0
B|262047|Датчик дыма|17|4|30|7
B|228781|Датчик дыма|39|0|58|0
B|215854|Состояние вентилятора|16|1|345|129
B|287750|Датчик дыма|78|0|86|0
B|229922|Состояние УИР-Р|21|0|89|0
B|228930|Датчик дыма|388|0|399|0
B|143545|Датчик дыма|17|1|33|3
B|278375|Датчик дыма|12|0|40|0
B|120697|Состояние УИР-Р|5|0|18|0
B|287236|Датчик дыма|65|0|86|0
B|267679|Датчик дыма|9|0|17|0
B|93983|КД АВ|91|0|150|0
B|197264|Состояние УИР-Р|51|0|81|0
B|277973|КД Люк|13|0|32|0
B|288005|Переключатель|0|0|478|0
B|93501|Датчик температуры|82|0|240|0
B|212878|Состояние фазы|18|0|778|0
B|104813|КД Дверь|151|0|1003|0
B|267778|Датчик дыма|10|0|16|0
B|159021|Состояние фазы|0|0|170|0
B|236765|Переключатель|0|0|594|0
B|333689|Переключатель|55|0|73|0
B|229105|Датчик дыма|38|0|49|0
B|212457|Датчик дыма|13|0|24|1
B|196792|Газовый датчик|29|0|366058|3396
B|120508|Датчик температуры|10|0|40|0
B|267803|Датчик дыма|10|0|16|0
B|212512|Датчик дыма|15|0|23|0
B|289239|Датчик дыма|80|0|94|0
B|269463|Датчик дыма|6|0|22|0
B|228822|Датчик дыма|29|0|39|0
B|330413|КД Дверь|9|0|1256|0
B|287189|Датчик дыма|64|0|74|0
B|197174|Переключатель|49|0|415|0
B|143513|Датчик дыма|12|0|22|0
B|179186|Состояние фазы|7|0|19|0
B|267619|Датчик дыма|8|0|14|0
B|269637|Датчик дыма|9|0|20|0
B|286857|Датчик температуры|7|0|136|0
B|171600|Датчик дыма|33|4|46|9
B|286838|КД Дверь|4|0|76|0
B|278558|Датчик дыма|13|0|31|0
B|268068|Состояние фазы|0|0|30|0
B|196657|Переключатель|7|0|550|0
B|269489|Датчик дыма|9|0|21|0
B|286698|Датчик дыма|80|0|88|0
B|196775|Газовый датчик|29|0|888934|8245
B|268273|Газовый датчик|0|0|7841|0
B|93590|Датчик дыма|93|11|106|14
B|143671|Датчик движения|6|0|78|0
B|212711|Датчик движения|15|0|253|0
B|288121|Состояние фазы|0|0|208|0
B|232199|КД Дверь|15|0|170|0
B|212305|Датчик дыма|9|0|25|3
B|94194|Датчик температуры|59|0|140|0
B|230885|Состояние вентилятора|16|2|323|136
B|287584|Датчик дыма|76|0|90|0
B|212197|Датчик дыма|6|0|14|0
B|212222|Датчик дыма|6|0|30|0
B|287621|Датчик дыма|76|0|90|0
B|334487|Ручной извещатель|33|16|64|25
B|287384|Датчик дыма|73|0|94|0
B|272683|Состояние фазы|0|0|417|43
B|93478|Тепловой датчик|9|0|9|0
B|269310|Состояние УИР-Р|6|0|26|0
B|228719|Датчик дыма|41|0|58|0
B|330288|КД Дверь|3|0|16|0
B|267784|Датчик дыма|10|0|16|0
B|230923|Состояние вентилятора|43|0|251|9
B|284857|Тепловой датчик|9|0|9|0
B|284876|Тепловой датчик|9|0|9|0
B|230913|Переключатель|29|0|219|0
B|147150|Переключатель|5|0|5|0
B|115633|Состояние фазы|10|0|30|0
B|334590|Датчик дыма|62|3|79|5
B|269226|Состояние УИР-Р|6|0|18|0
B|229186|Датчик дыма|27|0|51|0
B|77713|Датчик температуры|189|0|366|0
B|287084|Датчик дыма|62|0|72|0
B|334711|Датчик дыма|49|2|219|159
B|104051|Газовый датчик|12|0|32708|0
B|228866|Датчик дыма|29|0|41|0
B|227211|Переключатель|16|0|418|0
B|286898|Датчик температуры|11|0|273|0
B|269497|Датчик дыма|7|0|27|4
B|212621|Датчик дыма|18|0|26|0
B|9363|Датчик температуры|18|0|544|0
B|268015|Переключатель|0|0|98|0
B|94151|Тепловой датчик|85|0|93|0
B|287310|Датчик дыма|69|0|79|0
B|228738|Датчик дыма|41|0|52|0
B|228677|Датчик дыма|26|0|38|0
B|197386|Состояние УИР-Р|298|0|319|0
B|287274|Датчик дыма|69|0|77|0
B|287328|Датчик дыма|69|0|79|0
B|269616|Датчик дыма|9|0|17|0
B|267539|Датчик дыма|8|0|18|0
B|115391|Датчик движения|2|0|242|0
B|120255|Ручной извещатель|14|0|31|0
B|115703|Состояние фазы|6|0|102|12
B|231689|КД Дверь|113|0|317|0
B|278548|Датчик дыма|13|0|19|0
B|197150|Состояние насоса|33|0|419|308
B|232221|Переключатель|31|0|366|0
B|3050|КД АВ|13|0|77|0
B|287165|Датчик дыма|64|0|78|0
B|262616|Датчик дыма|8|0|14|0
B|116129|Газовый датчик|5|0|6269|0
B|289192|Датчик дыма|79|0|89|0
B|262098|Датчик дыма|16|4|26|6
B|230588|Газовый датчик|23|12|95|0
B|121150|Состояние вентилятора|5|0|133|0
B|228984|Датчик дыма|389|0|402|0
B|171648|КД Дверь|69|0|119|0
B|333520|Состояние фазы|29|1|433|34
B|266719|КД Дверь|7|0|419|0
B|120462|Тепловой датчик|7|0|8|0
B|286872|Датчик движения|6|0|62|0
B|147054|Состояние УИР-Р|4|0|32|0
B|287969|Переключатель|0|0|480|0
B|227480|Переключатель|13|0|237|0
B|229370|Датчик дыма|35|0|49|1
B|196228|Состояние охраны|128|0|2133|0
B|197389|Состояние УИР-Р|29|0|56|0
B|94821|Датчик дыма|140|46|166|58
B|96300|Переключатель|63|0|149|0
B|278443|Датчик дыма|8|0|18|0
B|93685|КД Дверь|63|0|245|0
B|267771|Датчик дыма|10|0|16|0
B|266650|КД Дверь|4|0|356|0
B|94215|Датчик температуры|67|0|201|0
B|120570|Датчик температуры|16|0|42|0
B|229055|Датчик дыма|36|0|45|0
B|212358|Датчик дыма|12|0|20|0
B|287767|Датчик дыма|80|0|90|0
B|196656|Переключатель|7|0|558|0
B|210314|КД Дверь|17|0|70|0
B|227470|Переключатель|13|0|95|0
B|95370|Состояние фазы|2|0|10|0
B|287899|Состояние фазы|2|0|720|24
B|229104|Датчик дыма|38|0|47|0
B|227253|КД Дверь|11|0|247|0
B|230563|Газовый датчик|31|20|71|2
B|227230|Переключатель|19|0|227|0
B|304354|Состояние фазы|12|0|123|0
B|262004|Датчик дыма|10|0|16|0
B|229910|Состояние УИР-Р|25|0|127|0
B|116013|Состояние УИР-Р|8|0|51|0
B|334707|Ручной извещатель|38|9|1333|1290
B|230697|Датчик дыма|5|0|15|0
B|267136|Состояние УИР-Р|7|0|130|0
B|334527|Ручной извещатель|36|0|82|17
B|93999|Датчик температуры|123|0|168|0
B|269414|Датчик дыма|6|0|30|0
B|228622|Датчик дыма|26|0|39|0
B|116125|Газовый датчик|5|0|8254|0
B|230924|Переключатель|43|0|145|0
B|269530|Датчик дыма|8|0|23|0
B|171583|КД Дверь|28|0|1456|0
B|228988|Датчик дыма|389|0|406|0
B|179171|Состояние фазы|7|0|429|0
B|179159|Состояние вентилятора|7|0|747|0
B|120674|Состояние УИР-Р|30|0|49|0
B|116082|Газовый датчик|8|0|5140|0
B|267016|Переключатель|10|0|13|0
B|230012|Состояние УИР-Р|22|0|75|0
B|222042|ИБП|214|2|360|4
B|143622|Датчик дыма|7|0|75|0
B|93223|Датчик движения|97|0|205|0
B|330247|Датчик движения|9|0|169|0
B|196710|Переключатель|6|0|445|0
B|230831|КД Дверь|5|0|341|0
B|262660|Датчик дыма|7|0|13|0
B|171368|Датчик температуры|17|0|1979|0
B|286287|Состояние УИР-Р|54|0|64|0
B|143520|Датчик дыма|15|0|41|0
B|93902|Датчик температуры|51|0|95|0
B|333718|Состояние фазы|145|1|197|9
B|261995|Датчик дыма|10|0|34|0
B|215776|Переключатель|14|0|162|0
B|77846|КД Дверь|17|0|443|0
B|334468|Датчик дыма|48|0|58|0
B|212266|КД Дверь|8|0|520|0
B|147172|Переключатель|3|0|231|0
B|2887|Датчик температуры|10|0|97|0
B|288008|Состояние вентилятора|0|0|1036|478
B|255351|Состояние УИР-Р|16|0|22|0
B|103989|Переключатель|0|0|4|0
B|212082|КД Дверь|4|0|530|0
B|228946|Датчик дыма|388|0|399|0
B|51668|Состояние вентилятора|3|0|409|0
B|229632|Переключатель|16|0|212|0
B|286918|Датчик движения|21|0|31|0
B|267626|Датчик дыма|8|0|15|0
B|262944|Состояние фазы|0|0|6|0
B|262619|Датчик дыма|8|0|14|0
B|333642|Состояние насоса|33|16|7228|1476
B|285799|Датчик движения|62|0|2802|0
B|193125|Тепловой датчик|9|0|10|0
B|96378|Переключатель|60|0|268|0
B|261981|Датчик дыма|10|0|16|0
B|193228|ИБП|335|0|498|0
B|288271|Газовый датчик|0|0|4654|6
B|121157|Состояние фазы|5|0|41|0
B|287697|Датчик дыма|78|0|92|0
B|228923|Датчик дыма|388|0|399|0
B|228839|Датчик дыма|29|0|37|0
B|212294|Датчик температуры|9|0|110|0
B|229020|Датчик дыма|38|0|49|0
B|330542|Датчик движения|12|0|2496|0
B|330220|Датчик движения|9|4|101|3
B|269425|Датчик дыма|6|0|24|0
B|96423|Состояние вентилятора|64|0|478|0
B|269585|Датчик дыма|7|0|23|0
B|267725|Датчик дыма|9|0|15|0
B|334257|Ручной извещатель|45|13|75|19
B|334770|Датчик дыма|284|8|401|15
B|228644|Датчик дыма|19|0|55|12
B|193148|Тепловой датчик|9|0|10|0
B|212858|Состояние фазы|25|0|192|0
B|334610|Датчик дыма|63|0|76|0
B|269511|Датчик дыма|8|0|21|0
B|9336|Датчик температуры|4|0|49|0
B|287479|Датчик дыма|73|0|83|0
B|331519|Состояние охраны|13|0|738|0
B|115372|КД Дверь|2|0|10|0
B|213786|Газовый датчик|11|1|13148|0
B|196733|Газовый датчик|34|0|635566|1299
B|147119|Состояние фазы|5|0|143|0
B|231307|Ручной извещатель|5|0|15|0
B|230933|Состояние фазы|21|0|371|9
B|288004|Переключатель|0|0|478|0
B|287931|Состояние фазы|0|0|6|0
B|212952|Переключатель|21|0|363|0
B|286673|Датчик дыма|80|0|88|0
B|115374|Датчик температуры|2|0|323|0
B|287819|Датчик дыма|80|0|90|0
B|94048|Тепловой датчик|107|0|112|0
B|214114|Переключатель|3|0|203|0
B|288221|Газовый датчик|0|0|66263|31
B|197272|Состояние УИР-Р|35|0|62|0
B|103965|Состояние вентилятора|0|0|471|228
B|333550|Состояние вентилятора|31|8|290|153
B|286527|Состояние УИР-Р|57|0|67|0
B|116126|Газовый датчик|5|0|2665|0
B|228202|КД Дверь|25|0|88|0
B|115743|Состояние вентилятора|7|0|287|63
B|229504|Датчик дыма|43|3|231|164
B|334617|Датчик дыма|63|0|78|0
B|231978|Датчик движения|1|0|1335|0
B|269178|Состояние УИР-Р|6|0|18|0
B|178331|Состояние охраны|19|0|73|0
B|215875|Переключатель|23|0|133|0
B|278208|Состояние УИР-Р|8|0|14|0
B|120573|Датчик дыма|25|0|39|6
B|267718|Датчик дыма|9|0|15|0
B|121168|Переключатель|5|0|127|0
B|288021|Состояние насоса|0|0|2720|1572
B|289235|Датчик дыма|80|0|90|0
B|330643|КД Дверь|21|0|34|0
B|262686|Датчик дыма|7|0|13|0
B|98277|Газовый датчик|2|0|114|0
B|278001|Переключатель|13|0|585|0
B|286939|КД АВ|32|0|230|0
B|159022|Переключатель|0|0|146|0
B|269136|ИБП|6|0|14|0
B|269419|Датчик дыма|6|0|22|0
B|287441|Датчик дыма|73|0|83|0
B|278394|Датчик дыма|12|0|24|0
B|269662|Датчик дыма|7|0|38|0
B|171603|КД Дверь|33|0|1047|0
B|213776|Газовый датчик|7|0|11392|0
B|269470|Датчик дыма|6|0|16|0
B|93688|Тепловой датчик|63|0|63|0
B|229545|Датчик дыма|50|0|62|0
B|262162|Датчик дыма|15|0|21|0
B|93998|Тепловой датчик|123|0|129|0
B|231738|Датчик движения|0|0|27638|0
B|193208|Датчик дыма|12|0|31|4
B|228902|Датчик дыма|30|0|40|0
B|229672|Состояние фазы|84|2|356|137
B|104053|Газовый датчик|12|0|645|0
B|286948|Датчик температуры|38|0|1508|0
B|284698|Тепловой датчик|43|41|44|40
B|114013|Состояние УИР-Р|10|0|100|0
B|214128|Состояние вентилятора|5|2|210|30
B|333950|Датчик дыма|28|0|36|0
B|162838|КД АВ|6|0|44|0
B|229538|Датчик дыма|50|0|68|0
B|196702|Состояние фазы|6|0|89|0
B|286844|Датчик движения|5|0|99|0
B|267552|Датчик дыма|8|0|20|0
B|288037|Состояние фазы|0|0|515|54
B|287872|Датчик дыма|80|0|88|0
B|278006|Переключатель|10|0|61|0
B|267673|Датчик дыма|9|0|15|0
B|96212|Состояние насоса|64|12|285|98
B|334480|Датчик дыма|48|0|60|0
B|93462|КД Дверь|22|0|84|0
B|2956|Датчик движения|16|0|328|0
B|93797|Датчик движения|52|0|271|0
B|286101|Состояние УИР-Р|52|0|62|0
B|287674|Датчик дыма|79|0|87|0
B|269609|Датчик дыма|9|0|20|0
B|230783|Датчик движения|2|0|236|0
B|278341|Датчик дыма|12|0|22|0
B|212581|Датчик дыма|19|0|27|0
B|228552|Датчик температуры|16|0|39|0
B|178261|Переключатель|15|0|469|0
B|228663|Датчик дыма|22|0|38|0
B|334615|Датчик дыма|63|0|76|0
B|229044|Датчик дыма|36|0|47|0
B|147109|Переключатель|3|0|269|0
B|115407|КД Дверь|2|0|14|0
B|144803|Датчик движения|15|0|3658|0
B|115769|Состояние фазы|7|0|113|20
B|98275|Газовый датчик|13|0|102|0
B|196507|Датчик движения|130|0|99866|0
B|269591|Датчик дыма|9|0|22|0
B|288052|Переключатель|0|0|330|0
B|229476|Датчик дыма|49|3|111|53
B|229306|Датчик дыма|44|0|52|0
B|229133|Датчик дыма|27|0|71|0
B|278392|Датчик дыма|12|0|20|0
B|215784|Переключатель|14|0|194|0
B|196647|Состояние вентилятора|6|0|561|0
B|144810|Датчик температуры|14|0|52|0
B|96304|Переключатель|63|0|149|0
B|267765|Датчик дыма|10|0|16|0
B|227238|Переключатель|19|0|89|0
B|255385|Состояние УИР-Р|23|0|45|0
B|255353|Состояние УИР-Р|17|0|142|0
B|96246|Состояние фазы|64|0|148|0
B|268901|Датчик движения|23|0|945|0
B|196709|Переключатель|6|0|439|0
B|197266|Состояние УИР-Р|24|0|50|0
B|268052|Состояние вентилятора|0|0|494|151
B|212910|Состояние вентилятора|22|5|787|250
B|212643|Датчик дыма|18|0|26|0
B|147038|Состояние УИР-Р|5|0|31|0
B|213109|Состояние УИР-Р|23|0|117|0
B|94111|Тепловой датчик|51|0|55|0
B|229508|Датчик дыма|45|2|192|86
B|287812|Датчик дыма|80|0|88|0
B|229341|Датчик дыма|44|0|52|0
B|333677|Переключатель|92|0|181|0
B|214249|Переключатель|3|0|89|0
B|212845|Переключатель|33|0|653|0
B|143651|КД Дверь|10|0|230|0
B|115661|Переключатель|6|0|188|0
B|3080|КД Дверь|18|0|44|0
B|230927|Состояние фазы|26|0|54|9
B|8798|Переключатель|4254|0|4686|0
B|93949|Тепловой датчик|141|0|147|0
B|334728|Датчик дыма|44|2|263|210
B|159020|Состояние вентилятора|0|0|215|54
B|144739|Датчик движения|14|0|468|0
B|286077|Состояние УИР-Р|52|0|60|0
B|117767|Состояние фазы|7|0|357|15
B|230503|Газовый датчик|20|9|88|2
B|229069|Датчик дыма|36|0|49|0
B|144817|Датчик температуры|15|0|47|0
B|229639|Состояние вентилятора|15|7|490|211
B|143552|Датчик дыма|13|0|39|0
B|228730|Датчик дыма|41|0|64|0
B|269434|Датчик дыма|6|0|16|0
B|262170|Датчик дыма|15|0|21|0
B|115696|Состояние фазы|6|0|41|8
B|143711|Датчик движения|5|0|23|0
B|143681|Датчик движения|12|0|210|0
B|333957|Датчик дыма|29|0|37|0
B|286413|Состояние УИР-Р|54|0|64|0
B|227513|Состояние вентилятора|21|1|301|120
B|162889|ИБП|8|0|52|8
B|103954|Состояние насоса|0|0|4520|162
B|287177|Датчик дыма|64|0|77|0
B|212526|Датчик дыма|16|0|24|0
B|93984|КД Дверь|91|0|144|0
B|334419|Датчик дыма|46|0|61|0
B|162867|ИБП|14|0|42|0
B|287678|Датчик дыма|79|0|87|0
B|230943|Переключатель|56|0|254|0
B|212076|ИБП|15|0|47|0
B|228895|Датчик дыма|30|0|46|0
B|193145|Тепловой датчик|9|0|10|0
B|287252|Датчик дыма|65|0|82|0
B|267051|Состояние фазы|7|0|621|87
B|230866|Датчик движения|14|0|148|0
B|215860|Состояние фазы|16|0|282|0
B|212108|Датчик дыма|6|0|14|0
B|236750|Переключатель|0|0|6|0
B|278136|Состояние УИР-Р|9|0|65|0
B|93570|КД Дверь|118|0|206|0
B|261923|Датчик дыма|14|0|22|0
B|334521|Датчик дыма|46|0|56|1
B|212938|Состояние фазы|21|4|782|54
B|115675|Состояние вентилятора|6|0|272|29
B|278440|Датчик дыма|8|0|20|0
B|95336|Состояние вентилятора|2|0|440|0
B|287183|Датчик дыма|64|0|78|0
B|278387|Датчик дыма|12|0|22|0
B|230433|Газовый датчик|65|52|93|0
B|115660|Состояние вентилятора|6|1|277|60
B|93664|Датчик температуры|102|0|178|0
B|269501|Датчик дыма|7|0|21|0
B|231331|КД Дверь|5|0|8213|0
B|193118|Тепловой датчик|9|0|10|0
B|287766|Датчик дыма|80|0|88|0
B|115761|Состояние фазы|7|0|66|13
B|285945|Состояние УИР-Р|52|0|77|0
B|262708|Датчик дыма|7|0|13|0
B|334288|Датчик дыма|87|3|149|6
B|287825|Датчик дыма|80|0|92|0
B|213127|Состояние УИР-Р|23|0|529|0
B|286053|Состояние УИР-Р|53|0|276|0
B|115700|Переключатель|6|0|15|0
B|104030|Газовый датчик|12|0|498|0
B|157306|КД Дверь|10|0|32|0
B|269467|Датчик дыма|6|0|16|0
B|287720|Датчик дыма|78|0|92|0
B|269517|Датчик дыма|7|0|24|2
B|229158|Датчик дыма|27|0|65|0
B|334773|Датчик дыма|282|8|704|318
B|287707|Датчик дыма|78|0|90|0
B|287692|Датчик дыма|79|0|89|0
B|93279|Датчик движения|109|0|425|0
B|213425|Переключатель|22|0|462|0
B|308188|КД АВ|45|0|91|0
B|9359|Датчик температуры|15|0|44|0
B|287807|Датчик дыма|80|0|88|0
B|120297|Датчик движения|8|0|382|0
B|94826|Датчик дыма|95|61|118|71
B|94850|Датчик дыма|82|40|102|50
B|230774|Датчик движения|2|0|22|0
B|285800|КД Дверь|53|0|375|11
B|115679|Переключатель|6|0|196|0
B|93425|КД АВ|20|0|44|0
B|93576|Тепловой датчик|113|0|115|0
B|212347|Датчик дыма|11|0|19|0
B|115369|Датчик движения|2|0|246|0
B|115379|Датчик движения|2|0|438|0
B|94070|Тепловой датчик|94|0|100|0
B|285999|Состояние УИР-Р|54|0|124|0
B|212328|КД Дверь|11|0|69|0
B|269484|Датчик дыма|8|0|19|0
B|230760|КД Дверь|3|0|65|0
B|8830|Переключатель|4251|0|4738|0
B|47585|Состояние фазы|4252|0|4265|0
B|236778|Переключатель|0|0|2|0
B|229217|Датчик дыма|262|0|278|5
B|287755|Датчик дыма|78|0|88|0
B|267654|Датчик дыма|8|0|18|0
B|262013|Датчик дыма|10|0|16|0
B|197985|Датчик движения|9|0|284|0
B|212654|Датчик движения|15|0|339|0
B|286690|Датчик дыма|80|0|88|0
B|287255|Датчик дыма|65|0|88|0
B|267664|Датчик дыма|9|0|15|0
B|179211|Состояние насоса|7|0|738|680
B|93197|Датчик движения|7|0|509|0
B|277949|КД Люк|10|0|17|2
B|334199|Датчик дыма|58|7|75|13
B|228312|КД АВ|13|1|27|0
B|269640|Датчик дыма|9|0|24|0
B|212572|КД Дверь|17|0|1171|0
B|116068|Газовый датчик|8|0|40484|0
B|288058|Переключатель|0|0|2|0
B|287640|Датчик дыма|79|0|87|0
B|171569|Ручной извещатель|33|0|55|2
B|94104|КД Дверь|96|0|150|0
B|115609|Состояние фазы|14|0|178|0
B|278503|Датчик дыма|13|0|19|0
B|262645|Датчик дыма|8|0|14|0
B|178330|Состояние охраны|16|0|60|0
B|171572|Датчик движения|29|0|5263|0
B|278461|Датчик дыма|8|0|14|0
B|212119|Датчик дыма|5|0|13|0
B|266707|КД Дверь|6|0|17|0
B|286431|Состояние УИР-Р|56|0|66|0
B|196971|КД Дверь|28|0|251|0
B|267268|Состояние УИР-Р|8|0|14|0
B|229444|Датчик дыма|26|3|420|87
B|288104|Переключатель|0|0|480|0
B|229551|Датчик дыма|51|0|61|0
B|212194|КД АВ|6|0|168|0
B|93428|Датчик дыма|13|0|25|3
B|286203|Состояние УИР-Р|55|0|65|0
B|229358|Датчик дыма|16|0|73|8
B|287463|Датчик дыма|73|0|81|0
B|115615|Состояние вентилятора|6|0|294|60
B|334584|Датчик дыма|62|3|79|5
B|287611|Датчик дыма|76|0|86|0
B|230921|Переключатель|20|0|46|0
B|268956|КД Дверь|23|0|39|0
B|334534|Датчик дыма|58|0|73|0
B|193126|Тепловой датчик|9|0|10|0
B|147016|ИБП|20|2|279|21
B|333521|Переключатель|29|0|397|0
B|262023|Датчик дыма|10|0|16|0
B|262102|Датчик дыма|16|4|24|6
B|229645|Переключатель|53|0|232|0
B|95423|Переключатель|2|0|156|0
B|288033|Переключатель|0|0|618|0
B|268048|Состояние фазы|0|0|343|0
B|197343|Состояние УИР-Р|4887|0|4912|0
B|267813|Датчик дыма|9|0|17|0
B|288063|Состояние фазы|0|0|691|37
B|229844|Состояние УИР-Р|20|0|28|0
B|334281|Датчик дыма|87|3|102|4
B|285837|КД Дверь|54|0|15022|0
B|269532|Датчик дыма|7|0|23|0
B|269184|Состояние УИР-Р|6|0|20|0
B|95389|Состояние фазы|2|0|88|0
B|93547|Тепловой датчик|80|0|86|0
B|227236|Состояние фазы|19|0|39|0
B|171641|КД Дверь|39|0|849|0
B|288196|Газовый датчик|0|0|11065|15
B|316173|ИБП|262|0|522|0
B|333946|Ручной извещатель|29|6|38|6
B|287510|Датчик дыма|77|0|87|0
B|228713|Датчик дыма|40|0|55|0
B|262133|ИБП|9|0|32|0
B|227469|Переключатель|13|0|95|0
B|268860|Датчик дыма|3|0|68|1
B|212905|Состояние фазы|22|0|608|0
B|157261|ИБП|9|0|88|0
B|197385|Состояние УИР-Р|23|0|44|0
B|228670|Датчик дыма|26|0|42|0
B|333525|Состояние фазы|29|2|67|21
B|166955|Датчик движения|18|0|42|0
B|286665|Ручной извещатель|89|0|97|0
B|229305|Датчик дыма|44|0|54|0
B|228825|Датчик дыма|29|0|37|0
B|230694|Датчик дыма|5|0|13|0
B|228840|Датчик дыма|29|0|37|0
B|286347|Состояние УИР-Р|55|0|63|0
B|231976|КД Дверь|1|0|179|0
B|121166|Переключатель|5|0|71|0
B|262100|Датчик дыма|16|4|24|5
B|227485|Переключатель|13|0|107|0
B|3071|КД Дверь|24|0|431|0
B|333587|Состояние вентилятора|28|4|275|122
B|287514|Датчик дыма|77|0|87|0
B|144874|ИБП|15|0|102|0
B|330554|КД Дверь|12|0|57|0
B|287447|Датчик дыма|73|0|85|0
B|95482|Состояние фазы|2|0|136|0
B|229009|Датчик дыма|39|0|52|0
B|334321|Ручной извещатель|32|4|70|9
B|196497|Датчик дыма|22|2|41|13
B|228724|Датчик дыма|41|0|68|0
B|231892|Датчик движения|1|0|251|0
B|144823|Датчик температуры|15|0|67|0
B|115707|Переключатель|6|0|76|0
B|269701|Датчик дыма|8|0|18|0
B|154120|Стекло|11|0|43|0
B|228477|Датчик движения|14|0|170|0
B|120298|Датчик температуры|8|0|405|0
B|147142|Переключатель|5|0|327|0
B|267722|Датчик дыма|9|0|15|0
B|269580|Датчик дыма|9|0|20|0
B|213360|Газовый датчик|7|0|19312|0
B|171599|КД Дверь|33|0|49|0
B|120488|КД АВ|8|0|29|0
B|287019|КД Дверь|53|0|437|0
B|213353|Газовый датчик|7|0|58708|0
B|287327|Датчик дыма|69|0|77|0
B|98276|Газовый датчик|2|0|74|0
B|287928|Состояние фазы|0|0|36|0
B|227500|Состояние фазы|13|0|71|0
B|227250|КД Дверь|8|0|286|0
B|228752|Датчик дыма|41|0|60|0
B|154116|КД Дверь|9|0|1375|0
B|231899|КД АВ|1|0|23|0
B|196520|КД Дверь|21|0|10815|0
B|330692|КД АВ|24|2|129|8
B|269639|Датчик дыма|9|0|19|0
B|104039|Газовый датчик|12|0|40863|0
B|228926|Датчик дыма|387|0|404|0
B|287727|Датчик дыма|78|0|86|0
B|8774|Состояние вентилятора|4252|0|4677|0
B|333777|Состояние фазы|45|24|51|14
B|267796|Датчик дыма|10|0|20|0
B|261912|Датчик дыма|13|0|19|0
B|215889|Переключатель|20|0|132|0
B|285854|Датчик движения|54|0|118338|0
B|334611|Датчик дыма|63|0|76|0
B|229489|Датчик дыма|47|3|89|35
B|284904|Тепловой датчик|12|0|12|0
B|228736|Датчик дыма|41|0|62|0
B|77532|Состояние охраны|16|0|1548|0
B|287993|Переключатель|0|0|480|0
B|93974|Тепловой датчик|733|0|738|0
B|147173|Переключатель|3|0|237|0
B|94062|Тепловой датчик|83|0|87|0
B|287426|Датчик дыма|73|0|87|0
B|227468|Состояние фазы|13|0|123|8
B|287497|Датчик дыма|77|0|85|0
B|229266|Датчик дыма|261|0|276|0
B|197144|Состояние фазы|34|0|325|0
B|196813|КД Дверь|16|0|512|0
B|212763|КД Дверь|19|0|109|0
B|212164|Датчик дыма|5|0|13|0
B|284713|Датчик дыма|5|0|11|0
B|287777|Датчик дыма|80|0|90|0
B|287568|Датчик дыма|76|0|88|0
B|262017|Датчик дыма|9|0|16|0
B|116055|Состояние УИР-Р|13|0|21|0
B|93545|КД Дверь|80|0|304|0
B|286959|Датчик температуры|41|0|704|0
B|267728|Датчик дыма|9|0|15|0
B|196140|Газовый датчик|4460|0|4510|0
B|333638|Состояние фазы|30|0|412|0
B|229590|Состояние насоса|39|14|179|108
B|154109|Датчик движения|22|0|142010|0
B|267848|Датчик дыма|9|0|17|0
B|230174|Состояние УИР-Р|39|0|231|0
B|95500|Переключатель|2|0|382|0
B|147201|Газовый датчик|6|0|55827|0
B|179180|Газовый датчик|7|0|195|0
B|277910|КД АВ|11|0|56|0
B|228330|КД АВ|10|0|38|0
B|197347|Состояние УИР-Р|12810|0|12837|0
B|213295|Состояние УИР-Р|21|0|29|0
B|333531|Состояние фазы|31|0|39|0
B|255361|Состояние УИР-Р|19|0|44|0
B|289243|Датчик дыма|80|0|90|0
B|287224|Датчик дыма|65|0|78|0
B|262702|Датчик дыма|7|0|13|0
B|212859|Переключатель|25|0|405|0
B|212915|Состояние фазы|22|0|562|0
B|196624|Состояние насоса|6|0|18407|1601
B|334271|Датчик дыма|87|2|101|3
B|334214|Датчик дыма|58|7|80|16
B|288059|Переключатель|0|0|2|0
B|287220|Датчик дыма|65|0|80|0
B|135191|Датчик движения|13|0|351|0
B|147033|Состояние УИР-Р|7|0|39|0
B|229636|Состояние фазы|17|0|51|0
B|267801|Датчик дыма|10|0|16|0
B|289178|Датчик дыма|76|0|86|0
B|269531|Датчик дыма|8|0|27|0
B|193155|Датчик дыма|11|0|30|5
B|267830|Датчик дыма|9|0|15|0
B|213424|Состояние вентилятора|22|12|826|298
B|143568|Датчик дыма|10|2|634|539
B|229555|Датчик дыма|51|0|63|0
B|286685|Датчик дыма|80|0|88|0
B|262542|Датчик дыма|10|0|16|0
B|209987|КД Дверь|16|0|254|0
B|287376|Датчик дыма|73|0|91|0
B|229371|Датчик дыма|35|0|47|2
B|213205|Состояние УИР-Р|21|0|170|0
B|278399|Датчик дыма|12|0|22|0
B|267503|Датчик дыма|8|0|14|0
B|212893|Состояние фазы|22|5|329|176
B|212174|КД Дверь|5|0|237|0
B|230000|Состояние УИР-Р|31|0|43|0
B|333447|Переключатель|28|0|81|0
B|287654|Датчик дыма|79|0|89|0
B|333949|Датчик дыма|28|0|38|0
B|289232|Датчик дыма|80|0|88|0
B|143652|КД Дверь|10|0|46|0
B|93793|Датчик движения|57|0|504|0
B|269440|Датчик дыма|6|0|16|0
B|262025|Датчик дыма|10|0|16|0
B|228799|Датчик дыма|39|0|56|0
B|229423|Датчик дыма|35|0|47|0
B|196525|Датчик движения|23|0|20003|0
B|287396|Датчик дыма|73|0|81|0
B|278418|Датчик дыма|8|0|14|0
B|232206|КД Дверь|0|0|180|0
B|267823|Датчик дыма|9|0|15|0
B|115209|КД АВ|11|0|159|0
B|213784|Газовый датчик|12|5|62046|2035
B|120527|Тепловой датчик|9|0|10|0
B|334280|Датчик дыма|87|2|160|5
B|231902|Датчик дыма|1|0|9|0
B|196651|Состояние вентилятора|6|0|577|0
B|334311|Датчик дыма|84|2|368|3
B|287393|Датчик дыма|73|0|83|0
B|263364|Датчик движения|20|0|301697|0
B|197380|Состояние УИР-Р|1363|0|1391|0
B|286691|Датчик дыма|80|0|90|0
B|212360|Датчик движения|12|0|422|0
B|230931|Состояние фазы|31|0|372|9
B|287166|Датчик дыма|64|0|76|0
B|230018|Состояние УИР-Р|76|0|154|0
B|228723|Датчик дыма|41|0|60|0
B|214246|Состояние фазы|3|0|3|0
B|115971|Состояние УИР-Р|6|0|106|0
B|262001|Датчик дыма|10|0|16|0
B|267600|Датчик дыма|8|0|14|0
B|115229|Датчик движения|0|0|1978|0
B|93783|Датчик движения|103|0|582|0
B|269468|Датчик дыма|6|0|16|0
B|3058|КД АВ|22|0|208|0
B|334453|Датчик дыма|48|0|60|0
B|334335|Датчик дыма|49|0|72|0
B|269680|Датчик дыма|8|0|21|0
B|333920|Датчик дыма|122|0|151|0
B|229247|Датчик дыма|261|0|285|10
B|228710|Датчик дыма|26|0|34|0
B|196478|Датчик дыма|21|1|40|9
B|120337|Датчик движения|9|0|377|0
B|98168|Тепловой датчик|67|0|70|0
B|287863|Датчик дыма|80|0|90|0
B|228954|Датчик дыма|390|0|402|0
B|285957|Состояние УИР-Р|53|0|260|0
B|212329|Датчик дыма|11|0|19|0
B|103943|Переключатель|0|0|264|0
B|120600|Тепловой датчик|9|0|10|0
B|77562|Датчик движения|10|0|12050|0
B|212647|КД Дверь|18|0|470|0
B|213359|Газовый датчик|7|0|2937|0
B|236770|Переключатель|0|0|14|0
B|229190|Датчик дыма|27|0|51|0
B|193192|Тепловой датчик|9|0|10|0
B|104031|Газовый датчик|11|0|727|0
B|229018|Датчик дыма|38|0|49|0
B|212873|Переключатель|21|0|363|0
B|94092|Датчик температуры|61|0|212|0
B|196665|Переключатель|7|0|158|0
B|120266|КД АВ|12|0|39|0
B|93221|Датчик движения|2996|0|3300|0
B|334209|Датчик дыма|58|7|79|17
B|93673|КД АВ|106|0|204|0
B|50960|Датчик дыма|6|0|23|0
B|228905|Датчик дыма|30|0|40|0
B|196643|Состояние фазы|6|0|9|0
B|96253|Состояние фазы|64|0|148|0
B|96324|Состояние фазы|60|0|215|0
B|230090|Состояние УИР-Р|34|0|47|0
B|262545|Датчик дыма|10|0|20|0
B|135198|Датчик температуры|13|0|116|0
B|116086|Газовый датчик|6|0|8528|0
B|267567|Датчик дыма|8|0|14|0
B|231782|Датчик дыма|0|0|10|1
B|93977|Тепловой датчик|733|0|738|0
B|93838|Датчик температуры|56|0|297|0
B|94837|КД Дверь|57|0|87|0
B|278016|Переключатель|10|0|13|0
B|120279|Ручной извещатель|15|0|28|0
B|267988|Состояние фазы|0|0|496|67
B|193220|Тепловой датчик|9|0|10|0
B|94827|Датчик дыма|75|37|97|46
B|95487|Состояние фазы|2|0|182|0
B|278064|Переключатель|11|0|401|0
B|262115|Датчик дыма|17|4|26|6
B|215851|Состояние фазы|17|0|201|0
B|229432|Датчик дыма|35|0|47|0
B|196468|Датчик дыма|20|4|41|15
B|278557|Датчик дыма|13|0|23|0
B|267040|Состояние фазы|11|0|599|28
B|143570|Датчик дыма|16|0|30|0
B|288316|Газовый датчик|0|0|19837|1
B|228653|Датчик дыма|26|0|43|0
B|232220|Датчик дыма|43|2|192|34
B|197719|Датчик дыма|8|0|24|3
B|269687|Датчик дыма|8|0|19|0
B|103959|Состояние вентилятора|0|0|283|35
B|269663|Датчик дыма|8|0|27|0
B|228740|Датчик дыма|41|0|54|0
B|115733|Переключатель|6|0|186|0
B|93649|Датчик температуры|89|0|182|0
B|333733|Состояние фазы|98|0|132|0
B|262629|Датчик дыма|8|0|14|0
B|143635|Датчик температуры|22|0|67|0
B|196686|Состояние вентилятора|6|0|529|0
B|213133|Состояние УИР-Р|21|0|429|0
B|288038|Переключатель|0|0|618|0
B|236760|Переключатель|0|0|390|0
B|51678|Состояние фазы|3|0|425|0
B|103905|Переключатель|3|0|281|0
B|289196|Датчик дыма|79|0|89|0
B|287400|Датчик дыма|73|0|81|0
B|269654|Датчик дыма|9|0|20|0
B|287420|Датчик дыма|73|0|85|0
B|267536|Датчик дыма|8|0|14|0
B|228382|Датчик движения|14|0|82|0
B|196721|Переключатель|6|0|55|0
B|229218|Датчик дыма|262|0|287|8
B|229138|Датчик дыма|27|0|71|0
B|236753|Состояние фазы|0|0|84|0
B|229547|Датчик дыма|50|0|63|2
B|196678|Состояние фазы|6|0|175|0
B|269512|Датчик дыма|7|0|21|0
B|213431|Переключатель|23|0|609|0
B|269098|КД АВ|6|0|312|0
B|228780|Датчик дыма|39|0|54|0
B|178257|Переключатель|13|0|97|0
B|104002|Состояние фазы|0|0|37|15
B|212502|Датчик дыма|18|0|49|8
B|334754|Датчик дыма|282|0|407|11
B|262513|Датчик дыма|10|0|16|0
B|228231|КД АВ|7|0|27|0
B|212136|Датчик дыма|4|0|12|0
B|197177|Переключатель|49|0|479|0
B|287330|Датчик дыма|69|0|83|0
B|286915|Датчик движения|15|0|3277|0
B|2964|Датчик движения|19|0|823|0
B|144837|КД АВ|14|0|131|0
B|285987|Состояние УИР-Р|52|0|84|0
B|213782|Газовый датчик|11|1|7231|0
B|197305|Состояние УИР-Р|633|0|652|0
B|287127|Датчик дыма|62|0|72|0
B|179236|Состояние фазы|7|0|293|0
B|287805|Датчик дыма|80|0|88|0
B|277995|КД АВ|9|0|101|5
B|2946|Датчик движения|19|0|451|0
B|212612|Датчик дыма|18|0|32|4
B|215858|Состояние вентилятора|16|1|402|197
B|120599|Датчик температуры|16|0|60|0
B|144773|Датчик движения|16|0|194|0
B|230708|КД Дверь|5|0|3327|0
B|228551|Датчик движения|16|0|454|0
B|228426|КД Дверь|20|0|98|0
B|212701|КД Дверь|17|0|461|0
B|261882|Датчик дыма|21|0|31|0
B|268076|Переключатель|0|0|92|0
B|267148|Состояние УИР-Р|7|0|79|0
B|255389|Состояние УИР-Р|22|0|30|0
B|135230|Ручной извещатель|23|0|42|0
B|115208|Датчик движения|11|0|385|0
B|284854|Датчик дыма|0|0|6|0
B|212781|Датчик дыма|17|0|29|0
B|94200|Тепловой датчик|151|0|153|0
B|229531|Датчик дыма|49|0|63|0
B|227479|Переключатель|13|0|95|0
B|120165|Датчик движения|7|0|908|0
B|115688|Состояние фазы|13|0|475|13
B|286852|Датчик температуры|5|0|558|0
B|267685|Датчик дыма|9|0|17|0
B|143594|Датчик дыма|7|0|29|0
B|333911|Датчик дыма|122|0|153|0
B|288291|Газовый датчик|0|0|23665|0
B|121154|Состояние фазы|5|0|209|0
B|143539|КД АВ|18|0|76|0
B|334753|Датчик дыма|281|0|399|1
B|288241|Газовый датчик|0|0|204067|1510
B|333543|Состояние фазы|33|23|61|40
B|287082|Датчик дыма|62|0|70|0
B|120618|Датчик температуры|9|0|50|0
B|93807|Датчик движения|102|0|453|0
B|286850|Датчик движения|6|0|470|0
B|286947|Датчик температуры|38|0|2093|0
B|158974|Газовый датчик|0|0|186580|0
B|229035|Датчик дыма|37|0|46|0
B|287425|Датчик дыма|73|0|83|0
B|267500|Датчик дыма|8|0|14|0
B|228815|Датчик дыма|31|0|39|0
B|229408|Датчик дыма|34|0|46|0
B|147133|Состояние фазы|5|0|21|0
B|8800|Переключатель|4254|0|4694|0
B|278481|Датчик дыма|8|0|14|0
B|229325|Датчик дыма|44|0|60|0
B|228735|Датчик дыма|41|0|62|0
B|334498|Датчик дыма|46|0|56|0
B|93484|Тепловой датчик|11|0|11|0
B|307925|КД АВ|15|0|155|0
B|230779|Датчик движения|2|0|148|0
B|286909|КД Дверь|12|0|56|0
B|287719|Датчик дыма|78|0|90|0
B|268038|Состояние вентилятора|0|0|566|202
B|262110|Датчик дыма|16|4|24|5
B|115755|Состояние фазы|7|0|9|0
B|284889|Датчик дыма|10|0|19|0
B|266639|КД АВ|2|0|42|0
B|262029|Датчик дыма|9|0|15|0
B|269082|Датчик температуры|6|0|500|0
B|334368|Датчик дыма|45|0|57|0
B|171559|КД Дверь|25|0|979|0
B|269646|Датчик дыма|8|0|20|0
B|229195|Датчик дыма|27|0|47|0
B|267238|Состояние УИР-Р|7|0|17|0
B|267756|Датчик дыма|10|0|16|0
B|269665|Датчик дыма|8|0|23|0
B|236788|Состояние вентилятора|0|0|833|76
B|289189|Датчик дыма|79|0|87|0
B|334649|Датчик дыма|44|0|56|0
B|262523|Датчик дыма|10|0|16|0
B|196991|Датчик дыма|26|0|41|9
B|120550|Датчик температуры|11|0|890|0
B|2870|Датчик движения|12|0|1002|0
B|330528|Датчик движения|11|0|584|10
B|215803|Переключатель|14|0|118|0
B|331439|Газовый датчик|33|0|93|0
B|262737|Состояние УИР-Р|7|0|13|0
B|334332|Датчик дыма|49|0|70|0
B|229434|Датчик дыма|32|0|46|0
B|171596|КД Дверь|33|0|135|0
B|333495|Состояние фазы|30|2|115|29
B|269621|Датчик дыма|9|0|22|0
B|268803|Газовый датчик|0|0|10397|0
B|287069|Датчик дыма|52|8|105|20
B|144865|КД Дверь|17|0|95|0
B|278226|Состояние УИР-Р|11|0|85|0
B|308173|КД АВ|7|0|37|0
B|116119|Газовый датчик|11|0|3329|0
B|334726|Датчик дыма|45|2|265|209
B|262067|Датчик дыма|17|4|27|7
B|212811|Датчик дыма|20|0|32|0
B|229191|Датчик дыма|27|0|49|0
B|197340|Состояние УИР-Р|4103|0|4133|0
B|287860|Датчик дыма|80|0|88|0
B|215829|Состояние фазы|17|0|199|0
B|229510|Датчик дыма|36|2|137|38
B|196732|Газовый датчик|34|0|776781|2369
B|287832|Датчик дыма|80|0|90|0
B|212401|КД Люк|13|0|27|0
B|333786|Состояние вентилятора|174|142|478|293
B|287736|Датчик дыма|78|0|86|0
B|278364|Датчик дыма|12|0|22|0
B|267662|Датчик дыма|9|0|15|0
B|212221|Датчик дыма|6|0|20|0
B|229361|Датчик дыма|35|0|49|2
B|229625|Состояние фазы|16|0|232|0
B|334356|Ручной извещатель|30|2|52|4
B|93442|Датчик температуры|6|0|35|0
B|93549|Датчик дыма|181|134|213|148
B|120260|Датчик температуры|14|0|135|0
B|115595|Состояние фазы|7|0|143|0
B|333758|Состояние фазы|151|115|159|108
B|287871|Датчик дыма|80|0|90|0
B|93921|Датчик дыма|123|76|158|91
B|212399|Датчик движения|13|0|77|0
B|287957|Переключатель|0|0|484|0
B|179153|Состояние вентилятора|7|0|621|0
B|229192|Датчик дыма|27|0|47|0
B|262091|Датчик дыма|16|4|24|5
B|94133|Тепловой датчик|81|0|91|0
B|229594|Состояние фазы|32|0|236|0
B|267568|Датчик дыма|8|0|14|0
B|228661|Датчик дыма|25|0|39|0
B|115325|Датчик температуры|2|0|176|0
B|212454|Датчик температуры|13|0|306|0
B|286952|КД Дверь|33|0|165|0
B|115345|Датчик движения|2|0|42|0
B|93765|Датчик движения|77|0|320|0
B|236782|Переключатель|0|0|674|0
B|213777|Газовый датчик|11|0|687|0
B|333935|Датчик дыма|122|0|151|0
B|115400|Датчик движения|2|0|914|0
B|197368|Состояние УИР-Р|24|0|48|0
B|287781|Датчик дыма|80|0|88|0
B|278485|Датчик дыма|8|0|14|0
B|269600|Датчик дыма|8|0|20|0
B|115682|Состояние фазы|7|0|145|0
B|334769|Датчик дыма|284|8|863|476
B|196666|Переключатель|7|0|806|0
B|77539|Стекло|27|0|54|0
B|333908|Датчик дыма|122|0|151|0
B|330672|КД Дверь|26|0|101|0
B|229457|Датчик дыма|48|3|110|52
B|278409|Датчик дыма|12|0|20|0
B|213802|Газовый датчик|5|0|12195|0
B|212700|Датчик температуры|17|0|783|0
B|193184|КД АВ|14|0|161|0
B|212882|Состояние фазы|18|0|618|0
B|162911|КД Дверь|8|0|330|0
B|95397|Состояние вентилятора|2|0|742|0
B|229216|Датчик дыма|262|0|282|7
B|262678|Датчик дыма|7|0|13|0
B|229013|Датчик дыма|39|0|48|0
B|94053|Датчик температуры|107|0|148|0
B|96313|Состояние фазы|60|0|102|0
B|333460|Переключатель|26|0|112|0
B|267974|Состояние фазы|17|0|357|0
B|230794|Датчик движения|2|0|3177|249
B|93606|Датчик дыма|98|30|145|64
B|334383|Датчик дыма|45|0|69|0
B|120331|Датчик движения|8|0|136|0
B|266835|Датчик движения|8|0|621|10
B|215915|Переключатель|21|0|127|0
B|93203|Датчик движения|10|0|852|0
B|256171|Состояние УИР-Р|5|0|17|0
B|8827|Переключатель|4249|0|4718|0
B|229612|Переключатель|15|0|369|0
B|231854|Датчик дыма|2|1|23|12
B|288125|Состояние насоса|0|0|1058|756
B|288108|Переключатель|0|0|484|0
B|230903|Состояние вентилятора|23|12|246|21
B|196714|Переключатель|6|0|449|0
B|93491|Датчик дыма|17|5|36|11
B|236763|Состояние фазы|0|0|597|8
B|229742|Состояние УИР-Р|41|0|171|0
B|286461|Состояние УИР-Р|58|0|68|0
B|212456|КД Дверь|13|0|127|0
B|93556|Тепловой датчик|372|0|376|0
B|212550|Датчик дыма|17|0|25|0
B|143650|Датчик дыма|10|0|92|0
B|212491|Датчик дыма|15|0|23|0
B|196884|Датчик движения|19|0|3461|0
B|196660|Переключатель|7|0|570|0
B|287827|Датчик дыма|80|0|88|0
B|333711|Состояние фазы|90|0|117|0
B|228180|Датчик движения|16|0|196|0
B|120493|КД Дверь|8|0|267|0
B|333940|Датчик дыма|63|0|79|0
B|162899|Состояние охраны|2|0|934|0
B|212935|Переключатель|22|0|664|0
B|267353|Газовый датчик|12|0|1852125|6468
B|334538|Датчик дыма|58|0|72|0
B|228956|Датчик дыма|389|0|400|0
B|196658|Переключатель|7|0|552|0
B|120562|Тепловой датчик|14|0|15|0
B|147936|Состояние фазы|3|0|129|0
B|212657|Датчик дыма|15|0|28|1
B|93759|Датчик движения|138|0|555|0
B|77691|Датчик температуры|19|0|410|0
B|103986|Состояние фазы|0|0|38|0
B|334399|Ручной извещатель|29|2|50|8
B|286551|Состояние УИР-Р|59|0|67|0
B|334336|Датчик дыма|49|0|82|0
B|288112|Состояние фазы|0|0|188|0
B|262090|Датчик дыма|16|4|24|5
B|251516|КД Дверь|0|0|62|0
B|229142|Датчик дыма|27|0|71|0
B|269633|Датчик дыма|8|0|20|0
B|120534|КД Дверь|11|0|196|0
B|224475|КД АВ|16|0|42|0
B|179400|Переключатель|6|0|24|0
B|269428|Датчик дыма|6|0|18|0
B|120612|Датчик температуры|9|0|155|0
B|286674|Датчик дыма|80|0|90|0
B|93651|КД АВ|97|0|145|0
B|262092|Датчик дыма|16|4|26|6
B|333910|Датчик дыма|122|0|153|0
B|268074|Состояние фазы|0|0|126|26
B|286825|Датчик температуры|4|0|110|0
B|278483|Датчик дыма|8|0|14|0
B|330594|КД Дверь|19|0|788|0
B|261914|Датчик дыма|13|0|19|0
B|179752|Датчик затопления|21|0|60|0
B|334401|Ручной извещатель|29|3|51|5
B|229478|Датчик дыма|50|3|98|41
B|229655|Переключатель|25|0|201|0
B|226809|Датчик движения|9|0|59|0
B|278555|Датчик дыма|13|0|21|0
B|333954|Датчик дыма|28|0|36|0
B|284723|Датчик дыма|6|0|12|0
B|277939|КД Дверь|10|0|646|0
B|228381|КД АВ|14|0|114|0
B|262646|Датчик дыма|8|0|14|0
B|228389|КД Дверь|35|0|149|0
B|278505|Датчик дыма|13|0|19|0
B|147200|Газовый датчик|6|0|243|0
B|287430|Датчик дыма|73|0|81|0
B|286931|КД Дверь|30|0|137|0
B|269486|Датчик дыма|8|0|23|0
B|277989|КД Люк|12|0|21|0
B|287131|Датчик дыма|62|0|70|0
B|267757|Датчик дыма|10|0|38|0
B|230945|Состояние насоса|21|10|192|127
B|93859|Датчик движения|56|0|432|0
B|229610|Состояние фазы|15|0|382|6
B|228494|Датчик движения|20|0|101|0
B|157286|КД Дверь|18|0|88|0
B|262065|Датчик дыма|17|4|27|6
B|147128|Состояние фазы|5|0|269|0
B|287806|Датчик дыма|80|0|88|0
B|334735|Датчик дыма|44|2|264|207
B|193157|Тепловой датчик|9|0|10|0
B|333918|Датчик дыма|122|0|151|0
B|98196|Датчик движения|92|0|273|0
B|334346|Датчик дыма|48|0|72|0
B|269214|Состояние УИР-Р|6|0|58|0
B|212106|Датчик затопления|17|0|27|0
B|287494|Датчик дыма|77|0|85|0
B|228182|Датчик движения|18|0|436|0
B|93666|КД Дверь|718|0|869|0
B|262119|Датчик дыма|16|4|24|5
B|334775|Датчик дыма|282|8|2960|2574
B|228802|Датчик дыма|32|0|75|0
B|229352|Датчик дыма|42|0|55|0
B|334414|Датчик дыма|46|0|59|0
B|228847|Датчик дыма|29|0|37|0
B|8777|Состояние фазы|4252|0|4503|0
B|228912|Датчик дыма|387|0|410|0
B|120966|КД АВ|11|0|28|0
B|96451|Состояние фазы|64|0|78|0
B|268066|Состояние фазы|0|0|36|21
B|229281|Датчик дыма|43|0|53|0
B|197329|Состояние УИР-Р|3210|0|3240|0
B|278423|Датчик дыма|8|0|18|0
B|228570|Датчик движения|17|1|180|1
B|212257|КД Люк|10|0|28|0
B|193099|Датчик движения|9|0|2536|0
B|115638|Переключатель|12|0|458|0
B|94832|Тепловой датчик|95|0|101|0
B|287500|Датчик дыма|77|0|85|0
B|262158|Датчик дыма|15|0|21|0
B|147941|Состояние вентилятора|3|0|347|0
B|215778|Состояние насоса|16|1|1028|370
B|330565|КД Дверь|16|0|253|0
B|287774|Датчик дыма|80|0|90|0
B|269719|Датчик дыма|8|0|25|0
B|227474|Переключатель|13|0|95|0
B|115579|Переключатель|12|0|56|0
B|94069|Тепловой датчик|94|0|100|0
B|120574|Тепловой датчик|26|0|28|0
B|120362|Датчик температуры|10|0|719|0
B|115720|Переключатель|7|0|195|0
B|334559|Датчик дыма|58|0|73|0
B|229302|Датчик дыма|44|0|52|0
B|197277|Состояние УИР-Р|485|0|507|0
B|51684|Состояние фазы|3|0|9|0
B|330673|КД Дверь|28|0|336|0
B|287716|Датчик дыма|78|0|86|0
B|193173|КД Дверь|11|0|48|0
B|267843|Датчик дыма|9|0|15|0
B|213139|Состояние УИР-Р|22|0|76|0
B|330219|КД АВ|9|0|186|41
B|230342|Состояние УИР-Р|18|0|31|0
B|93187|Датчик движения|8|0|1772|0
B|267645|Датчик дыма|8|0|14|0
B|269525|Датчик дыма|8|0|25|0
B|115553|Переключатель|14|0|148|0
B|334358|Датчик дыма|45|0|73|0
B|228569|КД Дверь|17|0|65|0
B|197323|Состояние УИР-Р|1566|0|1587|0
B|229616|Переключатель|12|0|34|0
B|196739|Газовый датчик|36|0|525725|2620
B|214221|Состояние фазы|3|0|720|22
B|268128|Газовый датчик|0|0|14588|0
B|267754|Датчик дыма|10|0|16|0
B|196145|Газовый датчик|4460|0|4524|0
B|330696|КД Дверь|24|0|500|0
B|147152|Переключатель|5|0|327|0
B|286581|Состояние УИР-Р|58|0|86|0
B|147935|Состояние фазы|3|0|131|0
B|334756|Датчик дыма|280|0|402|1
B|262548|Датчик дыма|10|0|16|0
B|278472|Датчик дыма|8|0|14|0
B|236737|Состояние фазы|13|0|591|0
B|120383|Датчик движения|9|0|30|0
B|287639|Датчик дыма|79|0|87|0
B|95436|Состояние фазы|2|0|392|0
B|266802|КД АВ|8|0|196|0
B|3012|КД Дверь|22|0|544|0
B|232212|КД Дверь|0|0|112|0
B|93689|Датчик температуры|63|0|471|0
B|230941|Состояние вентилятора|56|41|379|135
B|278470|Датчик дыма|8|0|14|0
B|103969|Состояние фазы|0|0|392|0
B|286957|КД Дверь|23|0|161|0
B|229258|Датчик дыма|261|0|278|0
B|158985|Состояние фазы|10|0|353|7
B|212725|Датчик дыма|17|0|26|1
B|333768|Состояние фазы|29|0|297|0
B|268178|Газовый датчик|0|0|465|0
B|230860|Датчик движения|12|0|34|0
B|228758|Датчик дыма|40|0|59|0
B|262547|Датчик дыма|10|0|18|0
B|93665|Тепловой датчик|718|0|729|0
B|287079|Датчик дыма|0|0|24|0
B|120619|Тепловой датчик|9|0|10|0
B|334491|Датчик дыма|47|0|64|0
B|230905|Состояние насоса|27|16|2553|60
B|213175|Состояние УИР-Р|21|0|76|0
B|334496|Датчик дыма|46|0|57|0
B|212285|Датчик дыма|10|0|27|0
B|196712|Переключатель|6|0|537|0
B|2876|Датчик движения|22|0|1530|0
B|196784|Газовый датчик|28|0|902385|2173
B|278454|Датчик дыма|8|0|14|0
B|261899|Датчик дыма|13|0|19|0
B|269672|Датчик дыма|8|0|21|0
B|267518|Датчик дыма|8|0|18|0
B|212664|Датчик температуры|16|0|750|0
B|287518|Датчик дыма|77|0|85|0
B|287867|Датчик дыма|80|0|88|0
B|213049|Состояние УИР-Р|22|0|157|0
B|267715|Датчик дыма|9|0|15|0
B|277911|КД АВ|11|0|53|0
B|334422|Датчик дыма|46|0|59|0
B|230901|Состояние насоса|25|1|418|262
B|228803|Датчик дыма|39|0|58|0
B|96237|Состояние вентилятора|64|0|488|0
B|236740|Состояние фазы|1|0|529|0
B|262109|Датчик дыма|16|4|23|5
B|334230|Датчик дыма|58|7|80|16
B|334238|Датчик дыма|58|7|80|12
B|8815|Состояние фазы|4247|0|4472|0
B|96367|Переключатель|60|0|106|0
B|269706|Датчик дыма|7|0|25|0
B|120252|Датчик температуры|13|0|40|0
B|334365|Датчик дыма|45|0|57|0
B|277999|Состояние фазы|13|0|670|90
B|96303|Переключатель|63|0|151|0
B|93243|Датчик движения|135|0|633|0
B|269166|Состояние УИР-Р|6|0|18|0
B|266608|КД Дверь|7|0|21|0
B|230246|Состояние УИР-Р|15|0|158|0
B|287714|Датчик дыма|78|0|86|0
B|255337|Состояние УИР-Р|19|0|65|0
B|266984|Состояние насоса|10|2|293|180
B|214254|Переключатель|3|0|16|0
B|115562|Переключатель|7|0|142|0
B|9340|Датчик температуры|18|0|273|0
B|334402|Ручной извещатель|29|2|51|4
B|287313|Датчик дыма|69|0|77|0
B|236719|КД Дверь|19|0|470|0
B|212318|Датчик дыма|10|0|18|0
B|330567|ИБП|16|6|25|6
B|193193|Тепловой датчик|9|0|10|0
B|277942|КД Дверь|6|0|254|0
B|334297|Датчик дыма|87|4|149|8
B|269469|Датчик дыма|6|0|16|0
B|255365|Состояние УИР-Р|18|0|112|0
B|333750|Состояние вентилятора|163|148|428|280
B|289240|Датчик дыма|80|0|88|0
B|262146|Датчик дыма|15|0|21|0
B|229392|Датчик дыма|35|1|59|6
B|94113|Тепловой датчик|52|0|54|0
B|334549|Датчик дыма|57|0|127|0
B|120582|Тепловой датчик|9|0|10|0
B|267758|Датчик дыма|10|0|16|0
B|267602|Датчик дыма|8|0|14|0
B|334730|Датчик дыма|44|2|289|234
B|229694|Состояние фазы|26|0|191|0
B|154850|Датчик дыма|13|0|27|7
B|120233|Датчик температуры|15|0|64|0
B|334725|Датчик дыма|45|2|235|180
B|115724|Состояние фазы|6|0|152|0
B|228257|Датчик температуры|8|0|171|0
B|230875|Датчик движения|13|0|151|0
B|267704|Датчик дыма|9|0|15|0
B|230324|Состояние УИР-Р|21|0|71|0
B|334247|Датчик дыма|58|7|80|14
B|215841|Состояние насоса|16|2|599|445
B|278487|Датчик дыма|8|0|14|0
B|214133|Состояние вентилятора|5|2|261|28
B|93636|Тепловой датчик|102|0|102|0
B|287810|Датчик дыма|80|0|88|0
B|267608|Датчик дыма|8|0|14|0
B|196728|Газовый датчик|35|0|843068|1343
B|278402|Датчик дыма|12|0|22|0
B|196707|Переключатель|6|0|451|0
B|197717|Датчик движения|8|0|18201|0
B|229688|Переключатель|124|0|154|0
B|305220|Переключатель|6|0|7|0
B|228654|Датчик дыма|26|0|48|1
B|197263|Состояние УИР-Р|170|0|559|0
B|262596|Датчик дыма|8|0|14|0
B|98183|Датчик дыма|51|14|75|26
B|267609|Датчик дыма|8|0|14|0
B|262517|Датчик дыма|10|0|16|0
B|120474|Тепловой датчик|9|0|10|0
B|215812|Состояние вентилятора|16|2|325|138
B|267733|Датчик дыма|10|0|16|0
B|162882|КД АВ|13|0|217|0
B|278386|Датчик дыма|12|0|20|0
B|268023|Состояние фазы|0|0|360|0
B|287105|Датчик дыма|62|1|71|1
B|334574|Датчик дыма|62|0|93|14
B|262659|Датчик дыма|7|0|13|0
B|229802|Состояние УИР-Р|20|0|50|0
B|103982|Состояние фазы|0|0|246|0
B|147170|Переключатель|3|0|259|0
B|228976|Датчик дыма|388|0|401|0
B|193128|Датчик дыма|15|2|32|7
B|286449|Состояние УИР-Р|57|0|69|0
B|269648|Датчик дыма|8|0|20|0
B|93578|Тепловой датчик|69|0|133|0
B|331424|Газовый датчик|32|0|87|0
B|268928|Датчик движения|6|0|98|20
B|212238|Датчик движения|8|1|6317|20
B|287359|Датчик дыма|73|0|85|0
B|262082|Датчик дыма|16|4|26|6
B|95415|Переключатель|2|0|457|0
B|229083|Датчик дыма|36|0|49|0
B|115965|Состояние УИР-Р|6|0|56|0
B|266921|КД АВ|29|1|220|5
B|147125|Состояние вентилятора|5|0|351|0
B|305215|Состояние фазы|6|0|7|0
B|147204|Газовый датчик|6|1|9713|0
B|196780|Газовый датчик|28|1|1249413|6156
B|287776|Датчик дыма|80|0|88|0
B|287623|Датчик дыма|76|0|84|0
B|333712|Состояние фазы|93|0|130|0
B|334243|Датчик дыма|58|7|81|17
B|278379|Датчик дыма|12|0|22|0
B|228936|Датчик дыма|387|0|399|0
B|178267|Переключатель|18|0|106|0
B|104038|Газовый датчик|13|0|154561|0
B|333973|Датчик дыма|31|0|41|0
B|115278|КД Дверь|0|0|234|0
B|93626|КД АВ|100|0|212|0
B|334277|Датчик дыма|86|2|100|3
B|278347|Датчик дыма|12|0|20|0
B|230862|КД Дверь|14|0|32|0
B|316138|ИБП|10|0|30|1
B|286818|Датчик температуры|4|0|208|0
B|334593|Датчик дыма|62|3|79|7
B|230912|Состояние фазы|29|0|287|0
B|228721|Датчик дыма|39|0|77|0
B|287606|Датчик дыма|76|0|84|0
B|278389|Датчик дыма|12|0|20|0
B|229026|Датчик дыма|38|0|49|0
B|93610|КД Дверь|92|0|128|0
B|287556|Датчик дыма|77|0|85|0
B|231941|Датчик дыма|1|0|9|0
B|333693|Состояние фазы|39|0|120|14
B|115392|КД Дверь|2|0|8|0
B|94029|Тепловой датчик|108|0|113|0
B|230865|Датчик движения|14|0|276|0
B|193101|Датчик движения|9|0|154|0
B|198148|КД АВ|2|0|56|0
B|212339|Датчик дыма|11|0|19|0
B|256106|Тепловой датчик|20|0|20|0
B|147103|Переключатель|7|0|337|0
B|287022|КД Дверь|54|0|246|0
B|269559|Датчик дыма|7|0|19|0
B|228945|Датчик дыма|386|0|397|0
B|286980|КД АВ|45|0|103|0
B|287803|Датчик дыма|80|0|88|0
B|212954|Состояние насоса|29|3|4800|820
B|144891|Состояние УИР-Р|19|0|52|0
B|116049|Состояние УИР-Р|14|0|24|0
B|267720|Датчик дыма|9|0|15|0
B|230820|Датчик движения|6|0|176|0
B|212361|Датчик затопления|12|0|20|0
B|213357|Газовый датчик|7|0|27972|0
B|162787|КД Дверь|2|0|352|0
B|115299|КД Люк|16|0|22|0
B|158929|Газовый датчик|0|0|15828|0
B|93601|Датчик температуры|94|0|124|0
B|144880|Состояние УИР-Р|22|0|60|0
B|98173|Датчик дыма|121|83|135|89
B|287386|Датчик дыма|73|0|83|0
B|8791|Переключатель|4254|0|4620|0
B|229205|Датчик дыма|27|0|39|0
B|214209|Состояние фазы|3|0|89|0
B|171369|Датчик движения|18|0|506|0
B|147130|Состояние фазы|5|0|273|0
B|230848|КД Дверь|13|0|115|0
B|214212|Состояние фазы|3|0|27|0
B|171628|КД Дверь|41|0|31569|0
B|104014|Состояние фазы|0|0|595|32
B|285853|Стекло|54|0|110|0
B|229475|Датчик дыма|49|3|96|34
B|287138|Датчик дыма|64|0|82|0
B|266806|Датчик движения|7|0|1220|0
B|269714|Датчик дыма|7|0|19|0
B|197360|Состояние УИР-Р|37|0|53|0
B|334655|Датчик дыма|45|0|59|0
B|215908|Состояние фазы|21|0|165|0
B|158939|Газовый датчик|0|0|5170|0
B|214113|Переключатель|10|0|210|0
B|333907|Датчик дыма|122|0|151|0
B|287292|Датчик дыма|69|0|77|0
B|278094|Состояние УИР-Р|8|0|16|0
B|333764|Состояние вентилятора|77|63|332|179
B|287868|Датчик дыма|80|0|90|0
B|227189|Состояние фазы|15|0|127|4
B|213801|Газовый датчик|4|0|2509|0
B|162798|КД АВ|6|0|56|0
B|8816|Состояние фазы|4249|0|4450|0
B|144740|Датчик температуры|14|0|50|0
B|278378|Датчик дыма|12|0|20|0
B|212853|Состояние фазы|22|0|620|0
B|228400|Датчик движения|35|0|104|0
B|267688|Датчик дыма|9|0|15|0
B|266785|КД Дверь|6|0|17|0
B|120507|КД Люк|34|0|65|0
B|286821|Датчик температуры|4|0|473|0
B|267665|Датчик дыма|9|0|15|0
B|269696|Датчик дыма|8|0|24|0
B|228580|Датчик температуры|19|0|351|0
B|287749|Датчик дыма|78|0|86|0
B|272686|Переключатель|0|0|314|0
B|115801|Состояние насоса|12|1|185|126
B|286137|Состояние УИР-Р|48|0|103|0
B|267558|Датчик дыма|8|0|14|0
B|229640|Переключатель|15|0|195|0
B|98170|КД Дверь|84|0|153|0
B|229324|Датчик дыма|44|0|52|0
B|267795|Датчик дыма|10|0|16|0
B|228304|КД АВ|10|0|22|0
B|8826|Состояние фазы|4246|0|4573|0
B|262679|Датчик дыма|7|0|15|0
B|262611|Датчик дыма|8|0|14|0
B|51688|Газовый датчик|6|0|64|0
B|269068|Датчик движения|6|0|46|0
B|333699|Состояние фазы|60|1|105|16
B|3123|Состояние УИР-Р|7|0|28|0
B|278184|Состояние УИР-Р|7|0|13|0
B|267743|Датчик дыма|10|0|18|0
B|197130|Состояние вентилятора|34|0|439|0
B|94198|Тепловой датчик|58|0|60|0
B|261924|Датчик дыма|14|0|22|0
B|196466|Датчик движения|234|0|14512|0
B|8822|Состояние фазы|4248|0|4701|0
B|231864|Датчик температуры|114|0|145|0
B|197121|Газовый датчик|2|0|13|0
B|171607|Датчик дыма|39|5|53|10
B|120397|Датчик движения|9|0|116|0
B|334254|Ручной извещатель|45|7|66|10
B|333607|Состояние фазы|31|15|63|36
B|278034|Состояние фазы|10|0|49|0
B|8795|Переключатель|4256|0|4658|0
B|143541|КД АВ|18|0|58|0
B|115659|Состояние фазы|6|0|148|0
B|104007|Состояние фазы|0|0|372|12
B|162778|КД АВ|2|0|24|0
B|334694|Датчик дыма|42|0|56|0
B|287804|Датчик дыма|80|0|88|0
B|231915|КД АВ|1|0|235|0
B|2979|Датчик температуры|18|0|79|0
B|212105|КД Дверь|6|0|4444|0
B|116148|КД Дверь|7|0|59|0
B|269638|Датчик дыма|8|0|22|0
B|212307|Датчик дыма|9|0|59|27
B|212189|Датчик дыма|8|0|16|0
B|116084|Газовый датчик|8|0|1522|0
B|115806|Состояние насоса|6|0|198|134
B|115788|Состояние вентилятора|7|0|259|53
B|262147|Датчик дыма|15|0|21|0
B|214138|Переключатель|5|0|177|0
B|287802|Датчик дыма|80|0|88|0
B|284855|Тепловой датчик|9|0|9|0
B|197262|Состояние УИР-Р|28|0|53|0
B|93595|Тепловой датчик|92|0|94|0
B|232200|КД Дверь|14|0|144|0
B|197152|Состояние фазы|33|0|505|0
B|287502|Датчик дыма|77|0|87|0
B|229256|Датчик дыма|259|0|272|0
B|334207|Датчик дыма|58|7|76|13
B|228338|КД Дверь|10|0|88|0
B|94152|Датчик температуры|85|0|205|0
B|330432|Датчик движения|10|0|96|0
B|287273|Датчик дыма|69|0|81|0
B|268953|Датчик температуры|6|0|99|0
B|196662|Переключатель|7|0|560|0
B|93710|КД АВ|76|0|174|0
B|113987|КД Дверь|23|0|461|0
B|262152|Датчик дыма|15|0|23|0
B|212412|Датчик дыма|13|0|24|1
B|120706|Состояние УИР-Р|5|0|18|0
B|334380|Датчик дыма|45|0|73|0
B|286953|Датчик температуры|39|0|1486|0
B|147192|Газовый датчик|7|0|110432|0
B|287269|Датчик дыма|69|0|83|0
B|287221|Датчик дыма|65|0|74|0
B|228672|Датчик дыма|26|0|38|0
B|230438|Газовый датчик|54|40|94|0
B|298485|Состояние фазы|21|0|35|0
B|269479|Датчик дыма|8|0|19|0
B|144821|КД Дверь|15|0|272|0
B|229428|Датчик дыма|35|0|51|0
B|334276|Датчик дыма|87|4|101|5
B|267815|Датчик дыма|9|0|15|0
B|179238|Состояние фазы|7|0|317|0
B|287320|Датчик дыма|69|0|79|0
B|227459|Состояние фазы|13|0|113|4
B|334510|Датчик дыма|46|0|55|0
B|261913|Датчик дыма|13|0|19|0
B|196711|Переключатель|6|0|543|0
B|104004|Переключатель|0|0|6|0
B|229595|Переключатель|32|0|216|0
B|147184|Газовый датчик|4|0|24384|0
B|147203|Газовый датчик|6|1|22539|0
B|269464|Датчик дыма|6|0|16|0
B|278407|Датчик дыма|12|0|48|0
B|267522|Датчик дыма|8|0|17|4
B|135206|КД Дверь|20|0|214|0
B|334709|Датчик дыма|49|2|205|145
B|269250|Состояние УИР-Р|6|0|22|0
B|95432|Переключатель|2|0|6|0
B|277861|Датчик движения|11|0|739|0
B|77672|Датчик движения|19|0|161|0
B|144785|Датчик движения|14|0|1050|0
B|120267|Ручной извещатель|12|0|25|0
B|267595|Датчик дыма|8|0|14|0
B|289188|Датчик дыма|79|0|89|0
B|212963|Переключатель|18|0|354|0
B|255367|Состояние УИР-Р|18|0|160|0
B|120572|Датчик температуры|17|0|87|0
B|284927|Тепловой датчик|15|0|17|0
B|196885|Датчик движения|23|0|439|0
B|116108|Газовый датчик|12|0|8564|0
B|95416|Переключатель|2|0|454|0
B|213775|Газовый датчик|8|0|66709|0
B|269577|Датчик дыма|9|0|20|0
B|230892|КД Дверь|8|0|190|0
B|333571|Переключатель|30|0|76|0
B|95384|Состояние фазы|2|0|176|0
B|230873|КД Дверь|13|0|147|0
B|197311|Состояние УИР-Р|2147|0|2171|0
B|115224|Датчик температуры|0|0|354|0
B|98159|Тепловой датчик|65|0|68|0
B|287531|Датчик дыма|77|0|85|0
B|330499|9-секционный люк|19|1|42|5
B|196984|Датчик температуры|28|0|93|0
B|115571|Переключатель|8|0|352|0
B|334459|Датчик дыма|48|0|60|0
B|227200|Состояние фазы|15|0|171|46
B|171571|КД Дверь|29|0|753|0
B|267053|Переключатель|7|0|535|0
B|94088|Тепловой датчик|64|0|67|0
B|286311|Состояние УИР-Р|54|0|214|0
B|197132|Состояние вентилятора|34|0|401|0
B|229316|Датчик дыма|44|0|52|0
B|334555|Датчик дыма|58|0|77|0
B|228590|Датчик температуры|22|0|52|0
B|115616|Состояние вентилятора|6|0|258|49
B|287800|Датчик дыма|80|0|88|0
B|269451|Датчик дыма|6|0|24|0
B|196893|Датчик движения|18|0|136|0
B|262058|Датчик дыма|17|4|28|5
B|228625|Датчик дыма|26|0|45|0
B|96215|Состояние насоса|64|12|284|97
B|229234|Датчик дыма|263|0|281|8
B|286950|Датчик температуры|40|0|1113|0
B|3097|КД Дверь|15|0|1135|0
B|171636|Датчик движения|36|0|5700|0
B|212488|Датчик температуры|15|0|429|0
B|277940|КД Дверь|6|0|122|0
B|267118|Состояние УИР-Р|18|0|251|0
B|217384|Датчик движения|13|0|1969|0
B|143703|Датчик движения|6|0|148|0
B|267694|Датчик дыма|9|0|15|0
B|115752|Состояние фазы|7|0|453|16
B|261907|Датчик дыма|13|0|19|0
B|287410|Датчик дыма|73|0|83|0
B|215882|Состояние фазы|22|0|254|0
B|287362|Датчик дыма|73|0|81|0
B|230573|Газовый датчик|87|62|93|0
B|230826|Датчик движения|7|0|1681|0
B|197140|Состояние фазы|34|0|253|0
B|157305|КД АВ|10|0|40|0
B|77544|ИБП|29|6|296|24
B|262165|Датчик дыма|15|0|21|0
B|143690|Датчик температуры|6|0|105|0
B|9368|Датчик температуры|12|0|81|0
B|229674|Переключатель|84|0|132|0
B|287589|Датчик дыма|76|0|92|0
B|334420|Датчик дыма|46|0|59|0
B|285933|Состояние УИР-Р|53|0|449|0
B|147132|Состояние фазы|5|0|21|0
B|266849|КД АВ|8|0|51|0
B|213449|Состояние насоса|21|8|510|364
B|95379|Состояние насоса|2|1|417|345
B|179157|Состояние вентилятора|7|0|737|0
B|171630|КД Дверь|41|0|581|0
B|2997|КД Дверь|10|0|432|0
B|96288|Переключатель|61|0|533|0
B|330530|КД Дверь|11|0|211|0
B|193225|Тепловой датчик|9|0|10|0
B|96290|Переключатель|61|0|72|0
B|269615|Датчик дыма|9|0|20|0
B|3073|Датчик движения|25|0|334204|0
B|333489|Состояние фазы|36|1|118|32
B|284731|Тепловой датчик|12|0|12|0
B|287025|Датчик температуры|54|0|598|0
B|93989|Тепловой датчик|90|0|107|0
B|95445|Состояние фазы|2|0|22|0
B|267832|Датчик дыма|9|0|15|0
B|228322|КД Дверь|12|0|400|0
B|196475|Датчик температуры|20|0|42|0
B|93652|Тепловой датчик|97|0|103|0
B|115337|Датчик движения|11|2|608|66
B|228424|Датчик температуры|20|0|284|0
B|334556|Датчик дыма|58|0|75|0
B|285975|Состояние УИР-Р|52|0|116|0
B|116067|Газовый датчик|9|0|37508|0
B|228704|Датчик дыма|26|0|48|0
B|197331|Состояние УИР-Р|1977|0|2007|0
B|287572|Датчик дыма|76|0|88|0
B|115887|Состояние УИР-Р|11|0|17|0
B|229062|Датчик дыма|36|0|47|0
B|212941|Переключатель|21|0|99|0
B|159009|Состояние вентилятора|0|0|179|17
B|267077|Состояние фазы|11|0|52|0
B|95409|Переключатель|13|0|444|0
B|267244|Состояние УИР-Р|7|0|19|0
B|228949|Датчик дыма|387|0|398|0
B|334511|Датчик дыма|46|0|55|0
B|212903|Переключатель|22|0|498|0
B|255339|Состояние УИР-Р|17|0|25|0
B|229609|Состояние фазы|15|0|36|6
B|228940|Датчик дыма|385|0|400|0
B|212733|Датчик движения|15|0|91|0
B|231846|Датчик дыма|1|0|17|0
B|228722|Датчик дыма|38|0|64|0
B|96415|Состояние фазы|64|0|226|0
B|263356|Датчик движения|22|0|103395|0
B|214142|Переключатель|5|0|175|0
B|334043|Датчик дыма|28|0|38|0
B|287145|Датчик дыма|64|1|76|2
B|229074|Датчик дыма|36|0|53|0
B|147158|Состояние фазы|3|0|259|0
B|115602|Состояние вентилятора|9|1|290|52
B|287128|Датчик дыма|62|1|73|1
B|262693|Датчик дыма|7|0|13|0
B|212995|Состояние УИР-Р|22|0|30|0
B|120539|Датчик температуры|10|0|53|0
B|228952|Датчик дыма|389|0|400|0
B|285823|КД Дверь|53|0|61|0
B|334184|Ручной извещатель|34|20|97|73
B|287633|Датчик дыма|79|0|91|0
B|229518|Датчик дыма|50|0|62|0
B|95478|Состояние насоса|2|1|450|387
B|334304|Датчик дыма|87|2|205|3
B|212458|Датчик дыма|13|0|21|0
B|196144|Газовый датчик|4460|0|4500|0
B|334024|Датчик дыма|28|0|40|0
B|228755|Датчик дыма|40|0|57|0
B|286830|Датчик температуры|4|0|127|0
B|334460|Датчик дыма|48|0|58|0
B|286954|Датчик движения|39|0|241|0
B|3078|Датчик дыма|18|1|34|11
B|261930|Датчик дыма|14|0|22|0
B|51142|Состояние фазы|3|0|197|0
B|286986|Датчик движения|51|0|431|0
B|228515|КД Дверь|20|0|84|0
B|51699|Переключатель|3|0|467|0
B|288246|Газовый датчик|0|0|124415|32
B|214243|Состояние фазы|3|0|3|0
B|104016|Состояние фазы|0|0|34|0
B|287788|Датчик дыма|80|0|92|4
B|115693|Переключатель|13|0|471|0
B|228284|КД Дверь|11|0|59|0
B|287377|Датчик дыма|73|0|83|0
B|334657|Датчик дыма|45|0|57|0
B|277868|КД Дверь|11|0|26|0
B|267202|Состояние УИР-Р|7|0|17|0
B|232055|Состояние УИР-Р|3|0|11|0
B|287569|Датчик дыма|65|0|87|0
B|120478|Тепловой датчик|9|0|10|0
B|9357|Датчик температуры|15|0|1078|0
B|334547|Датчик дыма|58|0|75|0
B|262624|Датчик дыма|8|0|16|0
B|287870|Датчик дыма|80|0|88|0
B|262606|Датчик дыма|8|0|14|0
B|115800|Состояние насоса|12|1|181|126
B|333515|Переключатель|29|0|44|0
B|196485|КД Дверь|22|0|58|0
B|193095|Датчик движения|9|0|54|0
B|228371|КД Дверь|26|0|122|0
B|93424|Датчик дыма|20|0|34|3
B|96311|Состояние фазы|60|0|407|0
B|268238|Газовый датчик|0|0|412|0
B|334572|Ручной извещатель|40|22|75|40
B|93713|Тепловой датчик|472|0|476|0
B|232050|Состояние УИР-Р|2|0|10|0
B|171577|Датчик движения|31|0|22215|0
B|96364|Переключатель|60|0|146|0
B|287397|Датчик дыма|73|0|81|0
B|93969|КД АВ|140|0|213|0
B|96373|Переключатель|60|0|154|0
B|334724|Датчик дыма|45|2|275|213
B|334588|Датчик дыма|62|3|79|5
B|267274|Состояние УИР-Р|7|0|13|0
B|229269|Датчик дыма|262|0|277|0
B|120532|Датчик температуры|8|0|57|0
B|196667|Переключатель|7|0|654|0
B|143588|Датчик дыма|16|7|324|116
B|193100|Датчик температуры|9|0|206|0
B|213426|Состояние фазы|22|0|682|0
B|230882|Состояние фазы|14|0|158|0
B|229479|Датчик дыма|47|3|113|49
B|171552|Датчик движения|29|0|631|0
B|261926|Датчик дыма|14|0|27|0
B|268905|КД Дверь|6|0|450|0
B|144795|Датчик движения|15|0|2387|0
B|286329|Состояние УИР-Р|53|0|61|0
B|261978|Датчик дыма|10|0|16|0
B|2988|Датчик движения|24|0|568|0
B|262000|Датчик дыма|10|0|16|0
B|330209|Датчик движения|23|5|166|3
B|94216|Датчик температуры|69|0|179|0
B|286827|КД Дверь|4|0|820|0
B|261927|Датчик дыма|14|1|31|3
B|227234|Переключатель|21|0|397|0
B|171597|КД Дверь|33|0|19047|0
B|227505|Переключатель|16|0|118|0
B|286940|КД Дверь|38|0|50|0
B|147803|Состояние вентилятора|3|0|333|0
B|77690|Датчик движения|19|0|3287|0
B|334198|Датчик дыма|58|7|73|11
B|228267|КД Дверь|9|0|301|0
B|287725|Датчик дыма|78|0|86|0
B|334602|Датчик дыма|63|6|7851|7772
B|278553|Датчик дыма|13|0|21|0
B|286971|КД Дверь|44|0|242|0
B|120541|Тепловой датчик|11|0|12|0
B|286669|Датчик дыма|80|0|92|0
B|196681|Состояние вентилятора|6|0|451|0
B|286899|Датчик движения|11|0|677|0
B|330484|КД АВ|11|0|47|4
B|268872|Датчик дыма|3|0|49|0
B|228568|КД АВ|17|1|31|2
B|334301|Датчик дыма|87|4|107|10
B|196476|Датчик дыма|22|2|44|10
B|277961|КД Люк|13|0|34|0
B|334488|Ручной извещатель|33|17|60|32
B|267776|Датчик дыма|10|0|16|0
B|334592|Датчик дыма|62|3|83|5
B|236786|Переключатель|0|0|674|0
B|228294|КД АВ|41|0|61|0
B|334520|Датчик дыма|46|0|56|1
B|197356|Состояние УИР-Р|5883|0|5908|0
B|334418|Датчик дыма|38|0|50|0
B|269546|Датчик дыма|8|0|19|0
B|228286|КД Дверь|11|0|303|0
B|197291|Состояние УИР-Р|506|0|524|0
B|120361|Датчик движения|10|0|8902|0
B|268954|КД АВ|6|0|328|0
B|96345|Состояние фазы|60|0|64|0
B|94064|Тепловой датчик|69|0|72|0
B|284912|Тепловой датчик|18|0|18|0
B|278353|Датчик дыма|12|0|24|0
B|277860|Датчик температуры|11|0|292|0
B|262555|Датчик дыма|10|0|16|0
B|228441|КД АВ|24|0|64|0
B|115211|КД Дверь|11|0|25|0
B|287152|Датчик дыма|64|0|74|0
B|334659|Датчик дыма|45|0|57|0
B|227289|Датчик движения|21|0|1117|0
B|196513|Датчик дыма|22|2|40|11
B|2944|Датчик движения|22|0|1190|0
B|215912|Состояние вентилятора|21|1|286|97
B|215813|Состояние фазы|16|0|206|0
B|278039|Состояние вентилятора|11|0|511|59
B|228966|Датчик дыма|389|0|402|0
B|302193|Датчик дыма|18|0|25|0
B|269322|Состояние УИР-Р|7|0|39|0
B|333583|Состояние фазы|29|0|279|0
B|278026|Состояние фазы|9|0|24|0
B|334305|Датчик дыма|45|20|318|73
B|262124|Датчик дыма|16|4|24|4
B|269704|Датчик дыма|8|0|25|0
B|229033|Датчик дыма|38|0|47|0
B|267822|Датчик дыма|9|0|15|0
B|229497|Датчик дыма|46|3|177|106
B|213115|Состояние УИР-Р|22|0|35|0
B|213103|Состояние УИР-Р|23|0|165|0
B|269429|Датчик дыма|6|0|18|0
B|267680|Датчик дыма|9|0|19|0
B|230603|Газовый датчик|26|15|88|0
B|213355|Газовый датчик|7|0|12271|0
B|178254|Состояние фазы|13|0|147|14
B|267979|Состояние фазы|0|0|456|0
B|144818|КД Дверь|17|0|278|0
B|285839|Стекло|54|0|118|0
B|267699|Датчик дыма|9|0|15|0
B|9328|Состояние охраны|17|0|67|0
B|212630|КД Дверь|19|0|2807|0
B|95477|Состояние насоса|2|1|547|400
B|334443|Датчик дыма|48|0|60|0
B|212423|Датчик температуры|14|0|320|0
B|197387|Состояние УИР-Р|27|0|52|0
B|269528|Датчик дыма|7|0|23|0
B|334330|Датчик дыма|49|0|79|0
B|261974|Датчик дыма|9|0|15|0
B|96359|Переключатель|60|0|367|0
B|228408|КД АВ|15|0|41|0
B|330472|Датчик движения|12|0|38|0
B|267687|Датчик дыма|9|0|15|0
B|262731|Состояние УИР-Р|6|0|12|0
B|228816|Датчик дыма|30|0|38|0
B|196904|Датчик температуры|21|0|83|0
B|213031|Состояние УИР-Р|23|0|112|0
B|286923|КД Дверь|24|0|236|0
B|231820|Датчик дыма|1|1|27|3
B|93869|Датчик движения|55|0|293|0
B|261997|Датчик дыма|10|0|16|0
B|229406|Датчик дыма|34|0|54|0
B|115731|Состояние фазы|6|0|150|0
B|262153|Датчик дыма|15|0|21|0
B|269524|Датчик дыма|8|0|21|0
B|288266|Газовый датчик|0|0|81555|159
B|154108|Стекло|22|0|154|0
B|115983|Состояние УИР-Р|7|0|23|0
B|95431|Переключатель|2|0|6|0
B|231948|Датчик дыма|1|0|9|0
B|229506|Датчик дыма|45|2|199|91
B|287146|Датчик дыма|64|1|83|1
B|229407|Датчик дыма|34|0|50|0
B|120347|Датчик движения|9|0|26|0
B|93508|КД Дверь|73|0|121|0
B|2957|Датчик температуры|16|0|1660|0
B|333725|Состояние фазы|72|0|87|0
B|269108|Датчик движения|7|0|649|0
B|334259|Ручной извещатель|45|13|75|20
B|287002|Датчик температуры|49|0|300|79
B|212890|Состояние вентилятора|21|12|872|346
B|334284|Датчик дыма|86|2|100|3
B|231747|Датчик дыма|0|0|8|0
B|193140|КД Дверь|9|0|62|0
B|268873|Датчик дыма|3|0|65|0
B|286822|Датчик движения|4|0|5738|0
B|229264|Датчик дыма|261|0|278|0
B|215798|Состояние вентилятора|14|1|416|211
B|229382|Датчик дыма|35|0|51|3
B|230078|Состояние УИР-Р|67|0|126|0
B|227223|Состояние фазы|20|0|492|27
B|96330|Состояние вентилятора|60|0|160|0
B|278342|Датчик дыма|12|0|20|0
B|229446|Датчик дыма|14|1|183|13
B|120253|Датчик температуры|13|0|49|0
B|229542|Датчик дыма|51|0|69|0
B|120262|КД АВ|11|0|32|0
B|245479|Датчик дыма|18|0|27|1
B|213440|Состояние фазы|18|0|754|0
B|147181|Газовый датчик|6|0|23356|0
B|230810|КД Дверь|6|0|234|0
B|96294|Переключатель|61|0|72|0
B|229046|Датчик дыма|36|0|45|0
B|287316|Датчик дыма|69|0|79|0
B|179170|Состояние фазы|7|0|507|0
B|228955|Датчик дыма|389|0|400|0
B|287469|Датчик дыма|73|0|83|0
B|333536|Состояние фазы|31|0|40|0
B|212884|Переключатель|18|0|324|0
B|287211|Датчик дыма|65|0|74|0
B|266920|КД Дверь|29|1|286|115
B|231927|КД Дверь|1|0|131|0
B|286999|КД Дверь|50|0|390|0
B|302194|Датчик дыма|18|0|25|0
B|278012|Переключатель|10|0|39|0
B|230398|Газовый датчик|76|60|98|0
B|334760|Датчик дыма|281|0|413|15
B|287668|Датчик дыма|79|0|87|0
B|196990|Датчик температуры|27|0|95|0
B|143534|КД Дверь|13|0|241|0
B|267052|Состояние фазы|7|0|739|209
B|262528|Датчик дыма|10|0|18|0
B|96476|Состояние вентилятора|60|0|150|0
B|277917|Датчик движения|12|0|858|0
B|334660|Датчик дыма|46|0|58|0
B|287934|Состояние фазы|0|0|22|0
B|94102|Датчик температуры|103|0|171|0
B|8781|Состояние фазы|4252|0|4397|0
B|267530|Датчик дыма|8|0|14|0
B|228697|Датчик дыма|25|0|41|0
B|93261|Датчик движения|134|0|692|0
B|104054|Газовый датчик|12|0|54921|0
B|229748|Состояние УИР-Р|39|0|66|0
B|333545|Переключатель|33|0|174|0
B|331429|Газовый датчик|30|0|82|0
B|287708|Датчик дыма|78|0|86|0
B|193171|КД Дверь|13|0|110|0
B|193114|КД АВ|18|0|61|0
B|333934|Датчик дыма|122|0|151|0
B|103960|Состояние вентилятора|0|0|291|41
B|334596|Датчик дыма|62|7|77|7
B|115592|Состояние вентилятора|7|0|310|70
B|266789|Датчик температуры|6|0|511|0
B|284696|Датчик дыма|2|1|141|129
B|162779|КД АВ|2|0|26|0
B|94834|КД Дверь|67|0|242|0
B|116074|Газовый датчик|8|0|10780|0
B|334490|Датчик дыма|47|0|58|0
B|289221|Датчик дыма|80|0|88|0
B|269031|Датчик температуры|6|0|272|0
B|143530|Датчик дыма|13|1|34|11
B|116080|Газовый датчик|8|0|1697|0
B|268812|Датчик движения|82|1|1704|82
B|229061|Датчик дыма|36|0|45|0
B|197337|Состояние УИР-Р|2557|0|2581|0
B|196753|Газовый датчик|29|0|389975|5673
B|212867|Состояние вентилятора|22|3|660|260
B|168535|КД АВ|2|0|42|0
B|228911|Датчик дыма|387|0|398|0
B|115582|Состояние вентилятора|12|2|262|85
B|157316|Датчик движения|5|0|75|0
B|115252|Датчик движения|0|0|622|0
B|333706|Состояние фазы|28|0|85|27
B|287001|ИБП|49|0|219|0
B|93769|Датчик движения|81|0|392|0
B|93607|КД АВ|98|0|156|0
B|334384|Датчик дыма|45|0|63|0
B|96346|Состояние фазы|60|0|64|0
B|287541|Датчик дыма|77|0|85|0
B|229442|Датчик дыма|45|2|336|74
B|287527|Датчик дыма|77|0|85|0
B|93291|Датчик движения|186|0|234|0
B|287536|Датчик дыма|77|0|85|0
B|287193|Датчик дыма|64|0|74|0
B|104012|Переключатель|0|0|458|0
B|334229|Датчик дыма|58|7|79|15
B|262568|Датчик дыма|10|0|18|0
B|212726|Датчик дыма|17|0|25|0
B|262142|Датчик дыма|15|0|21|0
B|227504|Состояние фазы|16|0|28|0
B|267316|Состояние УИР-Р|7|0|15|0
B|287852|Датчик дыма|80|0|88|0
B|269655|Датчик дыма|9|0|20|0
B|96281|Переключатель|61|0|485|0
B|178264|Состояние фазы|18|0|135|14
B|334477|Датчик дыма|48|0|60|0
B|197341|Состояние УИР-Р|2191|0|2216|0
B|228685|Датчик дыма|25|0|43|0
B|262612|Датчик дыма|8|0|14|0
B|287662|Датчик дыма|79|0|87|0
B|269578|Датчик дыма|9|0|22|0
B|333524|Состояние фазы|30|2|436|81
B|269533|Датчик дыма|8|0|25|0
B|116097|Газовый датчик|6|0|6787|0
B|94118|Тепловой датчик|225|0|227|0
B|287501|Датчик дыма|77|0|85|0
B|287470|Датчик дыма|73|0|81|0
B|267993|Состояние фазы|1|0|282|101
B|333443|Переключатель|29|0|133|0
B|288082|Состояние фазы|0|0|10|0
B|229037|Датчик дыма|37|0|48|0
B|228859|Датчик дыма|29|0|39|0
B|154107|КД Дверь|22|0|462|0
B|268009|Переключатель|0|0|146|0
B|144879|Состояние УИР-Р|24|0|50|0
B|268908|Датчик температуры|6|0|698|0
B|229030|Датчик дыма|38|0|47|0
B|50968|КД Дверь|2|0|488|0
B|144745|Датчик движения|15|0|257|0
B|94196|Датчик температуры|62|0|140|0
B|229182|Датчик дыма|27|0|55|0
B|147097|Состояние фазы|3|0|287|0
B|212515|Датчик дыма|15|0|23|0
B|215773|Состояние вентилятора|14|1|453|164
B|334312|Датчик дыма|86|2|249|3
B|77752|Датчик движения|158|0|30804|0
B|228605|КД АВ|18|0|166|0
B|213271|Состояние УИР-Р|19|0|44|0
B|267799|Датчик дыма|10|0|16|0
B|230876|Датчик движения|13|0|63|0
B|269551|Датчик дыма|7|0|19|0
B|3121|Состояние УИР-Р|7|0|31|0
B|213307|Состояние УИР-Р|19|0|59|0
B|212948|Состояние фазы|21|1|66|16
B|93618|КД Дверь|92|0|266|0
B|228559|Датчик движения|18|0|78|0
B|121163|Переключатель|18|0|261|0
B|286853|Датчик движения|6|0|130|0
B|116076|Газовый датчик|8|0|20161|0
B|215865|Состояние насоса|17|1|350|206
B|286861|Датчик движения|7|0|99|0
B|94824|КД Дверь|129|0|322|0
B|330656|Датчик движения|21|0|379|0
B|287214|Датчик дыма|65|0|78|0
B|231731|Датчик дыма|0|0|8|0
B|229395|Датчик дыма|35|0|49|2
B|135205|КД АВ|20|0|46|0
B|287364|Датчик дыма|73|0|83|0
B|93229|Датчик движения|99|0|119|0
B|267104|Состояние фазы|11|0|403|0
B|212314|КД Люк|10|0|22|0
B|334479|Датчик дыма|48|0|64|0
B|286149|Состояние УИР-Р|56|0|119|0
B|135221|КД Дверь|16|0|204|0
B|179188|Состояние фазы|7|0|23|0
B|334261|Датчик дыма|87|3|106|4
B|334195|Датчик дыма|58|7|75|13
B|228793|Датчик дыма|39|0|58|0
B|144812|Датчик температуры|14|0|70|0
B|115359|Датчик движения|2|0|212|0
B|287358|Датчик дыма|73|0|83|0
B|197129|Состояние вентилятора|35|0|436|0
B|143491|Датчик дыма|20|0|32|0
B|114002|КД Дверь|21|0|89|0
B|158998|Состояние фазы|0|0|184|0
B|103980|Состояние насоса|0|0|119|90
B|94091|Датчик температуры|115|0|236|0
B|287453|Датчик дыма|73|0|83|0
B|267723|Датчик дыма|9|0|15|0
B|228729|Датчик дыма|31|0|91|0
B|115275|Датчик движения|0|0|86|0
B|287862|Датчик дыма|80|0|88|0
B|262856|ИБП|68|0|219|0
B|147802|Состояние вентилятора|3|0|333|0
B|284705|Датчик дыма|4|0|25|2
B|77686|Датчик движения|27|0|7351|0
B|104036|Газовый датчик|11|0|164266|0
B|269346|Состояние УИР-Р|6|0|26|0
B|214130|Состояние вентилятора|5|2|221|30
B|266611|КД Дверь|6|0|50|18
B|277983|Датчик температуры|12|0|44|0
B|3107|Состояние УИР-Р|18|0|34|0
B|287751|Датчик дыма|78|0|86|0
B|287143|Датчик дыма|64|1|92|6
B|261896|Датчик дыма|13|0|19|0
B|229648|Состояние фазы|21|0|125|0
B|267250|Состояние УИР-Р|7|0|19|0
B|229303|Датчик дыма|44|0|52|0
B|333604|Переключатель|30|0|153|0
B|213811|Газовый датчик|6|0|28705|0
B|286883|Датчик затопления|8|0|24|0
B|197370|Состояние УИР-Р|26|0|44|0
B|230558|Газовый датчик|61|44|151|3
B|196669|Состояние насоса|6|0|347|207
B|287655|Датчик дыма|79|0|87|0
B|278021|Состояние фазы|7|0|9|0
B|333509|Переключатель|32|0|83|0
B|230854|КД Дверь|9|0|183|0
B|94004|КД АВ|129|0|248|0
B|227482|Состояние фазы|13|1|167|38
B|229119|Датчик дыма|27|0|65|0
B|267606|Датчик дыма|8|0|14|0
B|287908|Переключатель|0|0|326|0
B|287545|Датчик дыма|77|0|87|0
B|333695|Переключатель|39|0|104|0
B|228399|КД АВ|35|0|430|0
B|212236|Датчик движения|8|1|3527|24
B|268795|Состояние фазы|69|0|183|0
B|277931|КД АВ|11|0|20|0
B|93712|КД Дверь|472|0|678|0
B|334705|Ручной извещатель|39|10|76|34
B|286667|Датчик дыма|80|0|92|0
B|228751|Датчик дыма|39|0|76|0
B|143597|КД Дверь|7|0|47|0
B|263413|ИБП|35|2|63|3
B|93539|Тепловой датчик|84|0|86|0
B|287991|Состояние вентилятора|0|0|1029|480
B|93455|Тепловой датчик|9|0|9|0
B|330436|Датчик движения|10|4|496|31
B|120592|Тепловой датчик|10|0|11|0
B|212188|КД Люк|8|0|36|0
B|266742|Датчик движения|7|0|47|0
B|256119|Датчик дыма|13|0|75|0
B|197326|Состояние УИР-Р|3782|0|3810|0
B|144836|КД Дверь|14|0|413|0
B|278214|Состояние УИР-Р|11|0|19|0
B|333478|Переключатель|31|0|356|0
B|266967|Состояние фазы|9|0|61|0
B|286686|Датчик дыма|80|0|90|0
B|222047|ИБП|27|6|122|16
B|262685|Датчик дыма|7|0|13|0
B|144876|Состояние УИР-Р|23|0|46|0
B|115785|Состояние насоса|7|0|317|211
B|262663|Датчик дыма|7|0|13|0
B|333546|Переключатель|33|0|177|0
B|196469|Датчик температуры|20|0|53|0
B|286992|Датчик температуры|52|0|709|0
B|287369|Датчик дыма|73|0|91|0
B|267639|Датчик дыма|8|0|16|0
B|115689|Состояние фазы|11|0|51|0
B|278562|Датчик дыма|13|0|19|0
B|93980|Тепловой датчик|129|0|132|0
B|147934|Состояние фазы|3|0|129|0
B|115223|Датчик движения|0|0|306|0
B|143517|Датчик дыма|11|0|71|0
B|171595|Датчик движения|33|0|20375|0
B|314387|ИБП|3|0|17|0
B|288079|Переключатель|0|0|472|0
B|269044|Датчик температуры|6|0|2480|0
B|104034|Газовый датчик|11|0|328|0
B|267996|Состояние фазы|1|0|9|0
B|262533|Датчик дыма|10|0|18|0
B|231706|Датчик движения|0|0|624|0
B|147037|Состояние УИР-Р|5|0|33|0
B|3035|КД Дверь|19|0|183|0
B|278316|Газовый датчик|12|0|110009|1168
B|334449|Датчик дыма|48|0|60|0
B|287732|Датчик дыма|78|0|86|0
B|268808|ИБП|80|1|111|0
B|229011|Датчик дыма|39|0|52|0
B|212362|Датчик температуры|12|0|118|0
B|178252|Переключатель|13|0|451|0
B|305218|Состояние фазы|6|0|11|0
B|286882|Датчик температуры|8|0|406|0
B|286335|Состояние УИР-Р|57|0|65|0
B|236743|Состояние вентилятора|0|0|791|82
B|266999|Состояние фазы|7|0|86|21
B|157302|КД Дверь|5|0|35|0
B|179162|Состояние фазы|19|0|65|0
B|213025|Состояние УИР-Р|23|0|309|0
B|230850|Датчик движения|13|0|75|0
B|93560|Датчик температуры|372|0|464|0
B|302198|Датчик дыма|18|0|28|0
B|143707|Датчик движения|5|0|141|0
B|287538|Датчик дыма|77|0|85|0
B|95485|Состояние фазы|2|0|194|0
B|266867|Датчик движения|7|0|126|0
B|193221|Тепловой датчик|9|0|10|0
B|197173|Переключатель|68|0|440|0
B|114009|Ручной извещатель|21|0|36|0
B|94150|Тепловой датчик|85|0|95|0
B|286675|Датчик дыма|80|0|90|0
B|289186|Датчик дыма|79|0|87|0
B|230894|Датчик движения|8|0|108|0
B|93988|Тепловой датчик|90|0|145|0
B|287618|Датчик дыма|76|0|84|0
B|272690|Датчик движения|8|0|1224|0
B|95474|Состояние насоса|2|1|453|386
B|229155|Датчик дыма|27|0|71|0
B|287088|Датчик дыма|62|0|70|0
B|269590|Датчик дыма|9|0|20|0
B|268043|Состояние фазы|0|0|279|0
B|94189|КД Дверь|62|0|174|0
B|267021|Переключатель|10|0|19|0
B|213391|Состояние охраны|12|0|1432|0
B|278426|Датчик дыма|8|0|14|0
B|287141|Датчик дыма|64|0|78|0
B|120620|Датчик температуры|9|0|48|0
B|95433|Переключатель|2|0|6|0
B|231908|Датчик дыма|1|0|9|0
B|115263|КД Дверь|0|0|248|0
B|268099|Состояние фазы|0|0|152|0
B|230786|Датчик движения|2|0|1456|0
B|229530|Датчик дыма|50|0|60|0
B|334396|Датчик дыма|45|0|75|0
B|334273|Датчик дыма|87|3|103|5
B|286849|Датчик затопления|6|0|16|0
B|286951|Датчик движения|40|0|442|0
B|228616|Датчик дыма|26|0|41|0
B|227237|Состояние фазы|19|0|39|0
B|120694|Состояние УИР-Р|5|0|18|0
B|212371|КД Дверь|12|0|22|0
B|288062|Состояние фазы|0|0|29|10
B|287900|Состояние фазы|0|0|873|112
B|267114|Состояние вентилятора|7|0|655|197
B|93517|Тепловой датчик|72|0|74|0
B|267637|Датчик дыма|8|0|14|0
B|228652|Датчик дыма|26|0|45|0
B|262593|Датчик дыма|8|0|14|0
B|143674|Датчик температуры|6|0|151|0
B|120596|Тепловой датчик|16|0|17|0
B|144779|Датчик движения|14|0|1238|0
B|115349|КД Дверь|2|0|8|0
B|267710|Датчик дыма|9|0|15|0
B|213444|Переключатель|22|0|176|0
B|120264|Датчик температуры|13|0|40|0
B|231983|Датчик дыма|2|0|13|2
B|261954|Датчик дыма|14|0|20|0
B|93447|Датчик дыма|14|2|37|14
B|120285|Состояние охраны|31|0|1093|0
B|228843|Датчик дыма|29|0|39|0
B|333936|Датчик дыма|122|0|151|0
B|286988|КД АВ|51|0|117|0
B|269459|Датчик дыма|6|0|18|0
B|287132|Датчик дыма|62|0|70|0
B|262543|Датчик дыма|10|0|16|0
B|212710|КД АВ|15|0|79|0
B|262580|Датчик дыма|8|0|14|0
B|212466|Датчик движения|17|0|707|0
B|94217|Датчик дыма|69|33|103|56
B|228200|КД Дверь|178|0|692|0
B|284847|Датчик дыма|10|0|18|0
B|229513|Датчик дыма|50|0|70|0
B|93205|Датчик движения|17|0|1789|0
B|229227|Датчик дыма|262|0|301|0
B|95453|Состояние вентилятора|2|0|478|0
B|93976|Тепловой датчик|733|0|738|0
B|228767|Датчик дыма|39|0|50|0
B|334329|Датчик дыма|49|0|62|0
B|305223|Состояние фазы|6|0|9|0
B|2977|Датчик температуры|19|0|49|0
B|77542|Стекло|19|0|105|0
B|287140|Датчик дыма|64|0|72|0
B|93499|Тепловой датчик|82|0|84|0
B|229554|Датчик дыма|51|0|59|0
B|228981|Датчик дыма|389|0|410|0
B|267674|Датчик дыма|9|0|15|0
B|228714|Датчик дыма|40|0|53|0
B|147188|Газовый датчик|6|0|2539|0
B|77735|Датчик температуры|163|0|230|0
B|334639|Датчик дыма|40|0|52|0
B|94199|Датчик температуры|58|0|239|0
B|230928|Переключатель|26|0|30|0
B|212761|Датчик движения|19|0|261|0
B|229429|Датчик дыма|35|0|51|0
B|147147|Переключатель|5|0|223|0
B|286936|Датчик затопления|30|0|46|0
B|266861|Датчик температуры|8|0|887|0
B|213814|Газовый датчик|4|0|162|0
B|286977|Датчик температуры|32|0|1004|0
B|197273|Состояние УИР-Р|46|0|63|0
B|95449|Состояние фазы|2|0|8|0
B|278331|Газовый датчик|15|0|1514|1
B|262038|Датчик дыма|9|0|19|0
B|229299|Датчик дыма|44|0|54|0
B|197187|Переключатель|49|0|53|0
B|287596|Датчик дыма|76|0|84|0
B|229471|Датчик дыма|50|3|107|48
B|228915|Датчик дыма|387|0|398|0
B|334334|Датчик дыма|49|0|78|0
B|196633|Состояние фазы|6|0|215|0
B|261943|Датчик дыма|14|0|20|0
B|209982|Газовый датчик|59|0|102|0
B|212930|Переключатель|22|0|408|0
B|120283|ИБП|29|0|140|0
B|287418|Датчик дыма|73|0|83|0
B|228694|Датчик дыма|25|0|33|0
B|115666|Переключатель|7|0|178|0
B|287144|Датчик дыма|64|1|85|1
B|236795|Переключатель|0|0|26|0
B|196977|Датчик температуры|25|0|80|0
B|334427|Датчик дыма|46|0|61|0
B|213780|Газовый датчик|12|1|4784|0
B|120561|Датчик температуры|12|0|72|0
B|269540|Датчик дыма|7|0|23|0
B|115321|Датчик движения|2|0|222|0
B|289219|Датчик дыма|80|0|88|0
B|286912|Датчик температуры|15|0|140|0
B|113996|КД Дверь|8|0|355|0
B|287222|Датчик дыма|65|0|76|0
B|268092|Переключатель|0|0|10|0
B|287953|Состояние фазы|0|0|146|0
B|120290|Датчик температуры|32|0|112|0
B|154848|Датчик дыма|17|2|35|13
B|115537|ИБП|14|0|23|0
B|287476|Датчик дыма|73|0|83|0
B|287322|Датчик дыма|69|0|77|0
B|334674|Ручной извещатель|36|8|91|38
B|229059|Датчик дыма|36|0|45|0
B|90715|КД Люк|12|0|48|0
B|287424|Датчик дыма|73|0|85|0
B|197133|Состояние вентилятора|34|0|439|0
B|144776|Датчик температуры|14|0|58|0
B|215791|Состояние фазы|14|0|170|0
B|212293|Датчик движения|9|0|623|0
B|90722|КД Люк|129|0|145|0
B|229516|Датчик дыма|41|0|82|0
B|228837|Датчик дыма|29|0|39|0
B|196745|Газовый датчик|39|4|502556|16378
B|330451|КД Дверь|15|0|622|0
B|120244|Датчик температуры|20|0|43|0
B|333470|Состояние фазы|30|1|484|109
B|229095|Датчик дыма|36|0|45|0
B|227206|Переключатель|16|0|242|0
B|229118|Датчик дыма|27|0|65|0
B|230844|КД Дверь|7|3|57|2
B|284732|Тепловой датчик|13|0|15|0
B|262060|Датчик дыма|17|4|27|6
B|334342|Датчик дыма|49|0|69|0
B|262034|Датчик дыма|9|0|15|0
B|228826|Датчик дыма|29|0|39|0
B|94851|Датчик дыма|75|29|98|43
B|267544|Датчик дыма|8|0|14|0
B|212380|Датчик дыма|12|0|20|0
B|120608|Датчик температуры|9|0|260|0
B|286845|КД Дверь|5|0|325|0
B|262582|Датчик дыма|8|0|14|0
B|193091|Датчик движения|9|0|1298|0
B|333540|Состояние фазы|31|0|36|0
B|287215|Датчик дыма|65|0|74|0
B|212363|Датчик дыма|12|0|20|0
B|120396|Датчик температуры|9|0|211|0
B|278534|Датчик дыма|13|0|19|0
B|262625|Датчик дыма|8|0|16|0
B|196627|Состояние насоса|6|0|20885|1044
B|269586|Датчик дыма|9|0|22|0
B|231697|Датчик дыма|0|0|8|0
B|171638|КД Дверь|36|0|108|0
B|287632|Датчик дыма|79|0|87|0
B|197316|Состояние УИР-Р|1031|0|1052|0
B|120356|Датчик температуры|38|0|70|0
B|231786|Датчик движения|0|0|172|0
B|213019|Состояние УИР-Р|22|0|154|0
B|284707|Тепловой датчик|4|0|6|0
B|284695|Датчик дыма|6|0|14|0
B|287190|Датчик дыма|64|0|76|0
B|262570|Датчик дыма|10|0|18|0
B|231860|КД Дверь|1|0|91|0
B|229976|Состояние УИР-Р|38|0|48|0
B|197721|Датчик движения|9|0|3760|0
B|267646|Датчик дыма|8|0|14|0
B|154102|Состояние охраны|9|0|39|0
B|285795|КД Дверь|62|0|84|0
B|268933|Датчик температуры|6|0|1502|0
B|229537|Датчик дыма|50|0|68|0
B|213796|Газовый датчик|10|1|2998|0
B|228979|Датчик дыма|388|0|403|0
B|228771|Датчик дыма|39|0|54|0
B|286668|Датчик дыма|80|0|90|0
B|121148|Состояние насоса|5|2|155|95
B|333526|Переключатель|31|0|387|0
B|215771|Переключатель|15|0|199|0
B|104049|Газовый датчик|12|0|18652|0
B|286059|Состояние УИР-Р|52|0|60|0
B|215830|Переключатель|17|0|155|0
B|267582|Датчик дыма|8|0|14|0
B|287600|Датчик дыма|76|0|84|0
B|120155|Датчик движения|10|0|2547|0
B|229301|Датчик дыма|44|0|52|0
B|287864|Датчик дыма|80|0|88|0
B|3111|Состояние УИР-Р|4|0|61|0
B|228486|Датчик движения|15|0|213|0
B|286851|КД Дверь|6|0|174|0
B|212836|Состояние фазы|33|0|731|0
B|120366|Датчик температуры|19|0|57|0
B|289207|Датчик дыма|78|0|86|0
B|94135|Тепловой датчик|77|0|81|0
B|267783|Датчик дыма|10|0|16|0
B|143558|КД Дверь|8|0|260|0
B|266983|Состояние насоса|20|2|5037|544
B|120554|Датчик температуры|12|0|165|0
B|115552|Состояние вентилятора|14|0|236|57
B|269256|Состояние УИР-Р|6|0|20|0
B|212235|КД АВ|8|1|382|67
B|267845|Датчик дыма|9|0|15|0
B|120546|Тепловой датчик|10|0|11|0
B|230887|Состояние фазы|16|0|226|0
B|3084|Датчик движения|21|0|62499|0
B|334216|Датчик дыма|58|7|73|10
B|212218|Датчик движения|6|0|4768|0
B|114015|Состояние УИР-Р|8|0|103|0
B|120580|Тепловой датчик|22|0|23|0
B|268034|Состояние насоса|0|0|422|271
B|285963|Состояние УИР-Р|51|0|74|0
B|287734|Датчик дыма|78|0|86|0
B|284123|Датчик движения|13|0|3225|0
B|162774|КД Дверь|4|0|196|0
B|8803|Переключатель|4252|0|4278|0
B|93535|Тепловой датчик|119|0|121|0
B|287578|Датчик дыма|76|0|84|0
B|228898|Датчик дыма|30|0|42|0
B|229245|Датчик дыма|261|0|283|10
B|288016|Состояние вентилятора|0|0|1077|484
B|287616|Датчик дыма|76|0|84|0
B|229194|Датчик дыма|27|0|47|0
B|212309|Датчик дыма|9|0|17|0
B|287122|Датчик дыма|62|0|72|0
B|269656|Датчик дыма|8|0|20|0
B|255391|Состояние УИР-Р|22|0|34|0
B|115654|Состояние фазы|6|0|335|10
B|262312|КД Дверь|21|0|43|0
B|115225|КД Дверь|0|0|170|0
B|95517|Переключатель|2|0|536|0
B|268123|Газовый датчик|0|0|1264|0
B|154113|Датчик дыма|9|2|66|51
B|143627|КД Дверь|9|0|43|0
B|93272|Датчик температуры|146|0|615|0
B|277972|КД Люк|13|0|24|0
B|93624|Датчик дыма|100|14|119|21
B|93198|Датчик температуры|17|0|285|0
B|287933|Состояние фазы|0|0|10|0
B|262610|Датчик дыма|8|0|14|0
B|269503|Датчик дыма|8|0|21|0
B|103937|Состояние насоса|0|0|9246|755
B|267095|Состояние фазы|11|0|207|0
B|120305|Датчик движения|8|0|11073|0
B|93646|Тепловой датчик|89|0|93|0
B|334325|Датчик дыма|49|0|68|0
B|214126|Состояние фазы|5|2|48|15
B|197035|Датчик дыма|24|1|57|4
B|334537|Датчик дыма|58|0|73|0
B|267060|Переключатель|10|0|37|0
B|255381|Состояние УИР-Р|24|0|34|0
B|228834|Датчик дыма|29|0|41|0
B|284863|Тепловой датчик|9|0|9|0
B|115917|Состояние УИР-Р|6|0|26|0
B|197345|Состояние УИР-Р|17735|0|17765|0
B|135194|Датчик температуры|13|0|175|0
B|269557|Датчик дыма|7|0|19|0
B|262125|Датчик дыма|16|4|25|7
B|245482|Датчик дыма|18|0|26|0
B|159010|Переключатель|0|0|142|0
B|334475|Датчик дыма|48|0|58|0
B|334225|Датчик дыма|58|7|83|17
B|114007|Датчик температуры|9|0|44|0
B|245477|Переключатель|23|0|349|0
B|196654|Переключатель|119|0|716|0
B|287607|Датчик дыма|76|0|84|0
B|285825|ИБП|53|0|143|0
B|333682|Состояние вентилятора|154|0|5699|18
B|269556|Датчик дыма|7|0|19|0
B|269563|Датчик дыма|8|0|18|0
B|120237|Датчик дыма|17|1|35|10
B|232279|КД Дверь|15|1|460|1
B|286902|Датчик движения|11|0|391|0
B|262638|Датчик дыма|8|0|14|0
B|116140|Газовый датчик|5|0|3777|0
B|269107|КД Дверь|7|0|477|0
B|331389|Газовый датчик|31|0|106|0
B|115697|Состояние фазы|6|0|37|8
B|286869|КД Дверь|6|0|42|0
B|229166|Датчик дыма|27|0|61|0
B|104046|Газовый датчик|11|0|22097|0
B|330697|Датчик движения|24|0|130|0
B|227464|Состояние фазы|13|0|499|112
B|268083|Переключатель|0|0|4|0
B|267019|Состояние фазы|10|0|31|7
B|258302|Датчик движения|15|0|931|0
B|228753|Датчик дыма|40|0|53|0
B|287492|Датчик дыма|77|0|85|0
B|267631|Датчик дыма|8|0|18|0
B|144825|КД АВ|15|0|171|0
B|334625|Ручной извещатель|33|1|57|1
B|116135|Газовый датчик|5|0|7575|0
B|196985|Датчик дыма|27|1|42|7
B|268258|Газовый датчик|0|0|49867|0
B|287605|Датчик дыма|76|0|84|0
B|115382|КД Дверь|2|0|22|0
B|334338|Датчик дыма|49|0|68|0
B|286860|Датчик температуры|7|0|597|8
B|212663|Датчик движения|16|0|338|0
B|333660|Состояние фазы|62|0|362|0
B|267428|Газовый датчик|12|0|4241|4
B|287822|Датчик дыма|80|0|88|0
B|277946|КД Люк|10|0|51|2
B|95405|Состояние вентилятора|2|0|460|0
B|215805|Состояние вентилятора|17|3|533|241
B|261946|Датчик дыма|14|0|20|0
B|147937|Состояние фазы|3|0|137|0
B|262039|Датчик дыма|9|0|15|0
B|287594|Датчик дыма|76|0|84|0
B|286873|КД Дверь|6|0|316|0
B|333403|КД Дверь|3|0|9|0
B|121161|Газовый датчик|18|0|85|0
B|288039|Переключатель|0|0|420|0
B|267700|Датчик дыма|9|0|15|0
B|266977|Состояние фазы|11|0|281|0
B|171539|КД Дверь|32|0|296|0
B|98163|КД Дверь|61|0|110|0
B|96285|Переключатель|61|0|473|0
B|158959|Газовый датчик|0|0|9143|0
B|269619|Датчик дыма|9|0|20|0
B|2994|КД АВ|22|0|91|0
B|287297|Датчик дыма|69|0|77|0
B|287532|Датчик дыма|77|0|85|0
B|93889|Датчик движения|69|0|923|0
B|334608|Датчик дыма|63|0|76|0
B|196503|Датчик движения|23|0|94142|0
B|287227|Датчик дыма|65|0|76|0
B|212175|Датчик движения|5|0|10659|0
B|287745|Датчик дыма|78|0|88|0
B|278367|Датчик дыма|12|0|20|0
B|278291|Газовый датчик|10|0|44431|0
B|179404|Переключатель|6|0|22|0
B|287445|Датчик дыма|73|0|81|0
B|230805|Датчик движения|6|1|70|0
B|229669|Переключатель|108|0|477|0
B|269033|КД Дверь|6|0|448|0
B|278506|Датчик дыма|13|0|19|0
B|289238|Датчик дыма|80|0|88|0
B|3099|Датчик дыма|12|1|27|8
B|333731|Состояние фазы|98|0|112|0
B|230498|Газовый датчик|25|13|64|2
B|228567|КД Дверь|17|1|401|9
B|302199|Датчик дыма|15|0|24|0
B|120118|Состояние охраны|39|0|137|0
B|212195|Датчик движения|6|0|7476|0
B|229343|Датчик дыма|44|0|56|0
B|333647|Состояние вентилятора|75|59|335|196
B|144782|Датчик температуры|14|0|53|0
B|212393|КД Дверь|12|0|136|0
B|93465|Тепловой датчик|8|0|8|0
B|330579|Датчик движения|15|0|5722|0
B|287017|Датчик движения|3|2|244|11
B|196495|КД Дверь|19|0|3819|0
B|278410|Датчик дыма|12|0|26|0
B|93488|Датчик дыма|10|3|34|8
B|255357|Состояние УИР-Р|16|0|40|0
B|2960|Датчик движения|19|0|4425|0
B|231763|Датчик дыма|0|0|17|10
B|334300|Датчик дыма|87|3|145|7
B|302178|Состояние фазы|0|0|13|0
B|334221|Датчик дыма|58|7|76|13
B|334695|Датчик дыма|42|0|54|0
B|284875|Датчик дыма|9|0|15|0
B|98213|Тепловой датчик|125|0|126|0
B|229230|Датчик дыма|265|0|291|10
B|261911|Датчик дыма|13|0|19|0
B|171609|Датчик движения|39|0|42595|0
B|269593|Датчик дыма|9|0|22|0
B|227490|Состояние фазы|13|0|440|20
B|95361|Состояние фазы|2|0|442|0
B|334768|Датчик дыма|284|0|409|13
B|330568|(без типа)|9|4|10|4
B|287664|Датчик дыма|79|0|87|0
B|115656|Переключатель|6|0|322|0
B|8775|Состояние вентилятора|4252|0|4685|0
B|236777|Состояние фазы|0|0|20|0
B|193115|Датчик дыма|13|0|29|4
B|228749|Датчик дыма|41|0|54|0
B|334431|Датчик дыма|46|0|59|0
B|93947|Тепловой датчик|141|0|147|0
B|162786|КД АВ|2|0|68|0
B|229089|Датчик дыма|36|0|55|0
B|196785|Газовый датчик|28|0|883952|10336
B|93563|Тепловой датчик|181|0|189|0
B|278346|Датчик дыма|12|0|20|0
B|212157|Датчик движения|4|0|7632|0
B|267934|Состояние охраны|10|0|1406|0
B|230886|Переключатель|16|0|112|0
B|228450|КД АВ|28|0|60|0
B|229016|Датчик дыма|38|0|47|0
B|330695|КД Дверь|24|0|236|0
B|330566|ИБП|16|6|38|6
B|232014|Датчик дыма|3|0|14|0
B|287619|Датчик дыма|76|0|86|0
B|269286|Состояние УИР-Р|6|0|16|0
B|196909|Датчик движения|25|0|561|0
B|269766|Состояние охраны|17|0|225|0
B|147129|Состояние фазы|5|0|223|0
B|158924|Газовый датчик|0|0|1247|0
B|147044|Состояние УИР-Р|5|0|33|0
B|9361|Датчик температуры|22|0|243|0
B|333635|Переключатель|30|0|66|0
B|278349|Датчик дыма|12|0|26|0
B|94010|КД АВ|120|0|166|0
B|143616|КД Дверь|10|0|164|0
B|103921|Состояние фазы|0|0|336|0
B|94858|Датчик дыма|70|17|90|26
B|228329|Датчик температуры|10|0|45|0
B|261931|Датчик дыма|14|0|24|0
B|212583|Датчик дыма|19|0|31|0
B|262948|Переключатель|0|0|216|0
B|197720|Стекло|22|0|294|0
B|77758|Датчик движения|167|0|21584|0
B|120577|Тепловой датчик|18|0|20|0
B|2965|Датчик температуры|19|0|60|0
B|267811|Датчик дыма|9|0|23|0
B|77568|Датчик движения|10|0|12792|0
B|147813|Состояние фазы|3|0|19|0
B|213442|Состояние фазы|22|0|407|151
B|229068|Датчик дыма|36|0|47|0
B|120624|КД Дверь|9|0|20|0
B|267025|Состояние фазы|11|0|435|0
B|229057|Датчик дыма|36|0|45|0
B|286491|Состояние УИР-Р|56|0|74|0
B|278552|Датчик дыма|13|0|19|0
B|228259|Датчик движения|8|0|142|0
B|334191|Ручной извещатель|39|28|540|514
B|120470|КД Дверь|8|0|438|0
B|116117|Газовый датчик|11|0|935|0
B|228986|Датчик дыма|389|0|406|0
B|94853|Датчик дыма|63|14|84|28
B|229022|Датчик дыма|38|0|47|0
B|330657|Датчик движения|21|0|1857|0
B|278060|Состояние фазы|11|0|599|0
B|212666|Датчик дыма|16|0|25|1
B|120482|Тепловой датчик|8|0|9|0
B|120414|Датчик температуры|101|0|249|0
B|104058|Газовый датчик|12|0|1766|0
B|93569|Датчик дыма|117|60|178|84
B|330237|КД Дверь|15|0|27|0
B|115244|Датчик движения|0|0|176|0
B|214218|Состояние фазы|3|0|3|0
B|334656|Датчик дыма|44|0|56|0
B|334403|Ручной извещатель|29|2|48|4
B|115578|Переключатель|12|0|58|0
B|267565|Датчик дыма|8|0|14|0
B|93635|Тепловой датчик|102|0|102|0
B|278142|Состояние УИР-Р|10|0|18|0
B|135185|Состояние охраны|17|0|651|0
B|93670|Датчик температуры|135|0|2710|0
B|267623|Датчик дыма|8|0|14|0
B|98281|Газовый датчик|59|0|88|0
B|143683|Датчик движения|7|0|161|0
B|228428|Датчик движения|20|0|102|0
B|267527|Датчик дыма|8|0|16|0
B|262114|Датчик дыма|17|4|25|6
B|287844|Датчик дыма|80|0|90|0
B|267741|Датчик дыма|10|0|20|0
B|228487|Датчик температуры|15|0|35|0
B|228812|Датчик дыма|30|0|38|0
B|255329|Тепловой датчик|5|0|5|0
B|93696|Тепловой датчик|76|0|82|0
B|231325|КД Дверь|5|0|71|0
B|287458|Датчик дыма|73|0|85|0
B|278352|Датчик дыма|12|0|26|0
B|330326|КД Дверь|8|0|23|0
B|273250|Переключатель|10|0|413|0
B|171608|КД Дверь|39|0|10421|0
B|268903|Датчик движения|6|0|1208|0
B|229288|Датчик дыма|43|0|55|0
B|93581|Тепловой датчик|91|0|93|0
B|214132|Состояние вентилятора|5|2|250|37
B|209986|Ручной извещатель|25|0|36|0
B|230699|Датчик дыма|5|0|13|0
B|334244|Датчик дыма|58|7|85|17
B|269274|Состояние УИР-Р|6|0|18|0
B|287486|Датчик дыма|77|0|87|0
B|287344|Датчик дыма|73|0|85|0
B|266626|КД Дверь|6|0|342|0
B|197354|Состояние УИР-Р|468|0|499|0
B|286692|Датчик дыма|80|0|88|0
B|212406|Датчик дыма|13|0|21|0
B|115789|Состояние фазы|7|0|199|0
B|230758|Датчик движения|5|0|739|0
B|116105|Газовый датчик|6|0|6383|0
B|268969|КД Дверь|6|0|28|0
B|229282|Датчик дыма|43|0|53|0
B|196668|Переключатель|7|0|22|0
B|266834|КД АВ|7|0|50|0
B|269412|Датчик дыма|6|0|32|0
B|302184|Переключатель|0|0|20|0
B|267669|Датчик дыма|9|0|19|0
B|120494|Датчик температуры|11|0|224|0
B|158891|ИБП|12|0|22|0
B|287757|Датчик дыма|78|0|86|0
B|230938|Состояние вентилятора|21|9|353|116
B|197252|Состояние УИР-Р|23|0|47|0
B|9378|Датчик температуры|12|0|26|0
B|93718|Тепловой датчик|50|0|52|0
B|289190|Датчик дыма|79|0|89|0
B|96305|Переключатель|63|0|149|0
B|308185|КД АВ|12|0|34|0
B|115772|Переключатель|7|0|115|0
B|228705|Датчик дыма|26|0|38|0
B|196641|Состояние фазы|6|0|57|0
B|261971|Датчик дыма|9|0|15|0
B|266946|Датчик движения|10|0|624|0
B|93954|Тепловой датчик|3155|0|3205|0
B|267388|Газовый датчик|12|0|151026|260
B|269050|Датчик температуры|6|0|1609|0
B|228897|Датчик дыма|30|0|42|0
B|212436|Датчик дыма|15|0|23|0
B|266979|Переключатель|10|0|399|0
B|334638|Датчик дыма|40|0|52|0
B|267298|Состояние УИР-Р|7|0|228|0
B|212828|КД АВ|19|0|509|0
B|269689|Датчик дыма|8|0|27|0
B|255335|Датчик движения|6|0|332|0
B|262573|Датчик дыма|10|0|18|0
B|287546|Датчик дыма|52|0|64|0
B|212600|Датчик температуры|19|0|227|0
B|197158|Состояние фазы|32|0|374|0
B|115869|Состояние УИР-Р|14|0|22|0
B|214216|Состояние фазы|3|0|3|0
B|269500|Датчик дыма|8|0|21|0
B|268113|Газовый датчик|9|0|52623|0
B|287417|Датчик дыма|73|0|81|0
B|120548|Датчик температуры|10|0|68|0
B|229021|Датчик дыма|38|0|51|0
B|228364|Датчик движения|12|0|88|0
B|229249|Датчик дыма|261|0|274|0
B|147027|Состояние УИР-Р|4|0|34|0
B|115394|Датчик температуры|2|0|58|0
B|269617|Датчик дыма|9|0|20|0
B|267695|Датчик дыма|9|0|17|0
B|231954|Датчик дыма|1|0|9|0
B|212475|Датчик движения|15|0|1321|0
B|230765|КД Дверь|3|1|108|3
B|143535|КД Дверь|13|0|105|0
B|115851|Состояние УИР-Р|12|0|26|0
B|268093|Переключатель|0|0|10|0
B|288276|Газовый датчик|0|0|96593|34
B|230138|Состояние УИР-Р|82|0|198|0
B|196483|Датчик движения|22|0|2397|0
B|193147|Тепловой датчик|9|0|10|0
B|95422|Переключатель|2|0|318|0
B|77728|Датчик движения|158|0|41636|0
B|3037|КД АВ|19|0|77|0
B|287786|Датчик дыма|80|0|96|0
B|162855|КД АВ|13|0|59|0
B|288044|Состояние фазы|0|0|60|0
B|334562|Датчик дыма|58|0|86|10
B|228689|Датчик дыма|25|0|35|0
B|231931|Датчик температуры|1|0|307|2
B|95352|Состояние вентилятора|2|0|454|0
B|334514|Датчик дыма|46|0|55|0
B|171554|КД Дверь|29|0|263|0
B|334194|Датчик дыма|58|7|77|12
B|334438|Ручной извещатель|30|0|50|0
B|144761|Датчик движения|21|0|807|0
B|144774|Датчик температуры|16|0|40|0
B|286892|КД Дверь|9|0|197|0
B|287756|Датчик дыма|78|0|86|0
B|212620|Датчик дыма|18|0|26|0
B|286970|КД Дверь|44|0|256|0
B|115718|Состояние фазы|7|0|209|0
B|269452|Датчик дыма|6|0|24|0
B|269083|КД Дверь|6|0|238|0
B|51664|Состояние фазы|3|0|319|0
B|331459|Газовый датчик|29|0|60|0
B|266970|Переключатель|9|0|53|0
B|330410|Датчик движения|9|0|2024|0
B|229409|Датчик дыма|34|0|46|0
B|229156|Датчик дыма|27|0|71|0
B|236755|Переключатель|0|0|666|0
B|231928|(без типа)|0|0|5|0
B|77837|Датчик температуры|168|0|422|0
B|228924|Датчик дыма|387|0|404|0
B|185838|КД Дверь|16|0|576|0
B|197729|Датчик движения|39|0|158845|0
B|120509|Тепловой датчик|9|0|10|0
B|228845|Датчик дыма|29|0|37|0
B|94067|Тепловой датчик|94|0|100|0
B|333665|Переключатель|89|0|116|0
B|147161|Состояние фазы|3|0|269|0
B|230473|Газовый датчик|66|53|85|0
B|193121|Тепловой датчик|9|0|10|0
B|3043|КД Дверь|16|0|42|0
B|227256|КД Дверь|17|0|245|0
B|331374|Газовый датчик|38|0|2493|0
B|287651|Датчик дыма|79|0|89|0
B|212350|Датчик дыма|11|0|19|0
B|196691|Состояние фазы|6|0|211|0
B|287350|Датчик дыма|73|0|83|0
B|143587|Датчик температуры|13|0|13|0
B|287669|Датчик дыма|79|0|87|0
B|94854|Датчик дыма|85|23|102|30
B|330460|КД АВ|12|0|28734|2
B|269238|Состояние УИР-Р|6|0|50|0
B|8792|Переключатель|4254|0|4618|0
B|143567|Датчик дыма|10|0|64|0
B|120265|Датчик дыма|12|0|25|5
B|104061|Газовый датчик|12|0|24986|0
B|330683|КД Дверь|27|0|506|0
B|330258|Датчик движения|9|0|117|0
B|94849|Датчик дыма|67|21|87|29
B|287184|Датчик дыма|64|0|72|0
B|266973|Состояние фазы|11|0|307|0
B|95481|Состояние фазы|2|0|116|0
B|262594|Датчик дыма|8|0|14|0
B|228658|Датчик дыма|26|0|39|0
B|334619|Датчик дыма|63|0|76|0
B|104043|Газовый датчик|11|0|14394|0
B|229248|Датчик дыма|261|0|274|0
B|196723|Газовый датчик|149|0|989537|11578
B|334231|Датчик дыма|58|7|80|16
B|93574|КД Дверь|147|0|355|0
B|267534|Датчик дыма|8|0|14|0
B|287686|Датчик дыма|79|0|91|0
B|95424|Переключатель|2|0|98|0
B|93430|КД Дверь|13|0|465|0
B|334210|Датчик дыма|58|7|79|16
B|228392|Датчик движения|35|0|233|0
B|228250|КД Дверь|8|0|341|0
B|8784|Состояние фазы|4251|0|4606|0
B|288141|Газовый датчик|0|0|54346|254
B|287219|Датчик дыма|65|0|78|0
B|269048|КД Дверь|6|0|64|0
B|179383|Переключатель|6|0|633|0
B|268004|Переключатель|0|0|300|0
B|334708|Ручной извещатель|33|11|60|20
B|77719|Датчик температуры|182|0|238|0
B|230852|КД Дверь|9|0|43|0
B|93923|Тепловой датчик|108|0|109|0
B|334606|Датчик дыма|63|0|76|0
B|330317|КД Дверь|9|0|19|0
B|263358|Датчик движения|22|0|137339|0
B|262632|Датчик дыма|8|0|14|0
B|120240|Ручной извещатель|17|0|34|0
B|197304|Состояние УИР-Р|374|0|392|0
B|77536|КД Дверь|27|0|100|0
B|2892|Датчик движения|17|0|735|0
B|334680|Датчик дыма|42|0|56|0
B|229421|Датчик дыма|35|0|51|0
B|228863|Датчик дыма|29|0|47|0
B|215905|Состояние насоса|21|1|524|306
B|120483|КД Дверь|8|0|357|0
B|268016|Переключатель|0|0|120|0
B|143564|КД АВ|12|0|50|0
B|287209|Датчик дыма|65|0|90|0
B|227228|Состояние фазы|19|0|258|15
B|284717|Датчик дыма|6|0|12|0
B|333913|Датчик дыма|122|0|151|0
B|197292|Состояние УИР-Р|517|0|534|0
B|287155|Датчик дыма|64|0|74|0
B|229102|Датчик дыма|38|0|53|0
B|288031|Состояние фазы|0|0|659|60
B|287238|Датчик дыма|65|0|96|0
B|256170|Состояние УИР-Р|15|0|34|0
B|231760|КД Дверь|0|0|440|0
B|268871|Датчик дыма|3|0|33|0
B|287675|Датчик дыма|79|0|87|0
B|268228|Газовый датчик|0|0|21843|0
B|268868|Датчик дыма|3|0|69|0
B|197319|Состояние УИР-Р|2236|0|2259|0
B|230890|Датчик движения|11|0|77|0
B|229384|Датчик дыма|35|0|54|3
B|269718|Датчик дыма|8|0|28|0
B|212327|Датчик дыма|11|0|19|0
B|266810|КД Дверь|8|0|328|0
B|212692|Датчик дыма|15|0|23|0
B|77764|Датчик движения|150|0|34424|0
B|229082|Датчик дыма|36|0|45|0
B|120512|Датчик дыма|40|0|53|6
B|333732|Состояние фазы|98|0|112|0
B|333729|Состояние фазы|98|0|124|0
B|197312|Состояние УИР-Р|1585|0|1608|0
B|228958|Датчик дыма|389|0|404|0
B|228937|Датчик дыма|388|0|400|0
B|96327|Состояние вентилятора|60|0|172|0
B|228872|Датчик дыма|29|0|37|0
B|232105|Состояние охраны|113|0|1587|0
B|214224|Состояние фазы|3|0|53|20
B|330513|Датчик движения|12|0|73|0
B|269071|КД Дверь|6|0|206|0
B|94170|Тепловой датчик|53|0|63|0
B|286281|Состояние УИР-Р|56|0|66|0
B|51697|Переключатель|3|0|423|0
B|267670|Датчик дыма|9|0|15|0
B|93995|Датчик температуры|69|0|114|0
B|286678|Датчик дыма|80|0|92|0
B|228550|КД АВ|16|0|32|0
B|171587|Датчик дыма|29|1|50|17
B|117773|Переключатель|7|0|347|0
B|229094|Датчик дыма|36|0|45|0
B|334407|Датчик дыма|46|0|60|0
B|77744|Датчик движения|171|0|3041|0
B|330531|КД Дверь|11|0|1643|0
B|268813|Датчик температуры|81|1|236|7
B|196898|Датчик температуры|20|0|96|0
B|103919|Переключатель|0|0|279|0
B|93934|КД Дверь|89|0|270|0
B|262169|Датчик дыма|15|0|23|0
B|162854|КД Дверь|13|0|51|0
B|96287|Переключатель|61|0|543|0
B|266793|КД Дверь|6|0|17|0
B|266976|Состояние вентилятора|10|0|507|76
B|93479|Тепловой датчик|9|0|9|0
B|334495|Датчик дыма|46|0|61|0
B|287857|Датчик дыма|80|0|88|0
B|231768|КД АВ|0|0|24|0
B|267781|Датчик дыма|10|0|18|0
B|93496|КД Дверь|76|0|112|0
B|143620|Датчик дыма|7|0|35|0
B|212481|КД Дверь|15|0|305|0
B|96370|Переключатель|60|0|86|0
B|228448|Датчик температуры|28|0|409|2
B|286812|Датчик температуры|4|0|630|0
B|289176|Датчик дыма|76|0|86|0
B|115793|Состояние фазы|7|0|147|0
B|334213|Датчик дыма|58|7|74|11
B|144781|Датчик движения|14|0|1822|0
B|334377|Датчик дыма|45|0|59|0
B|333953|Датчик дыма|28|0|36|0
B|262075|Датчик дыма|17|4|28|5
B|229365|Датчик дыма|35|0|47|1
B|267786|Датчик дыма|10|0|16|0
B|278359|Датчик дыма|12|0|22|0
B|262700|Датчик дыма|7|0|13|0
B|171553|КД Дверь|29|0|55|0
B|144841|Датчик температуры|24|0|48|0
B|262511|Датчик дыма|10|0|16|0
B|289230|Датчик дыма|80|0|88|0
B|8818|Состояние вентилятора|4247|0|4720|0
B|162782|КД АВ|2|0|30|0
B|334528|Ручной извещатель|36|0|60|0
B|115732|Состояние вентилятора|6|0|290|65
B|103964|Состояние фазы|0|0|260|0
B|289224|Датчик дыма|80|0|90|0
B|120679|Состояние УИР-Р|5|0|22|0
B|278348|Датчик дыма|12|0|18|0
B|284864|Тепловой датчик|9|0|9|0
B|334614|Датчик дыма|63|0|81|4
B|267042|Переключатель|11|0|573|0
B|267642|Датчик дыма|8|0|14|0
B|267703|Датчик дыма|9|0|17|0
B|289211|Датчик дыма|78|0|86|0
B|143719|Датчик движения|5|0|393|0
B|277908|Датчик температуры|12|0|495|0
B|266679|Датчик температуры|7|0|1525|0
B|262116|Датчик дыма|17|4|27|6
B|229070|Датчик дыма|36|0|47|0
B|278311|Газовый датчик|13|0|364|0
B|287070|Датчик дыма|51|0|93|0
B|215769|Состояние вентилятора|17|2|377|101
B|286820|КД Дверь|4|0|1090|0
B|278368|Датчик дыма|12|0|20|0
B|154100|Состояние охраны|9|0|1199|0
B|197383|Состояние УИР-Р|1286|0|1306|0
B|269664|Датчик дыма|8|0|21|0
B|114005|Датчик дыма|22|0|44|0
B|330433|КД Дверь|10|0|21|0
B|120571|Тепловой датчик|17|0|18|0
B|93847|Датчик движения|117|0|2960|0
B|212096|Датчик дыма|4|0|15|1
B|287388|Датчик дыма|64|0|120|2
B|228852|Датчик дыма|29|0|39|0
B|278031|Состояние фазы|11|0|59|0
B|287833|Датчик дыма|80|0|92|0
B|229448|Датчик дыма|27|3|95|27
B|213420|Состояние вентилятора|22|13|831|306
B|121146|Состояние насоса|5|2|169|105
B|287705|Датчик дыма|78|0|86|0
B|287419|Датчик дыма|73|0|85|0
B|116112|Газовый датчик|12|0|8277|0
B|287226|Датчик дыма|65|0|78|0
B|230458|Газовый датчик|23|10|95|0
B|197414|Состояние вентилятора|20|0|644|0
B|287842|Датчик дыма|80|0|92|0
B|287499|Датчик дыма|77|0|85|0
B|268030|Состояние фазы|0|0|76|0
B|95450|Состояние фазы|2|0|4|0
B|269073|Датчик температуры|6|0|519|0
B|230815|КД Дверь|5|0|215|0
B|212886|Состояние вентилятора|21|13|848|304
B|278345|Датчик дыма|12|0|26|0
B|287703|Датчик дыма|78|0|90|0
B|287710|Датчик дыма|78|0|88|0
B|214139|Переключатель|5|0|179|0
B|287544|Датчик дыма|77|0|85|0
B|228577|КД Дверь|19|0|59|0
B|115742|Состояние вентилятора|7|0|270|63
B|193227|Тепловой датчик|11|0|12|0
B|269632|Датчик дыма|8|0|20|0
B|287522|Датчик дыма|77|0|85|0
B|115645|Переключатель|13|0|59|0
B|287814|Датчик дыма|80|0|88|0
B|196517|Датчик температуры|22|0|69|0
B|96456|Состояние насоса|60|2|242|99
B|135192|Датчик температуры|13|0|62|0
B|334635|Датчик дыма|39|0|55|0
B|162878|КД Дверь|13|0|167|0
B|144783|Датчик движения|13|0|197|0
B|334609|Датчик дыма|63|1|134|55
B|231818|КД Дверь|1|1|253|0
B|229417|Датчик дыма|35|0|51|0
B|212852|Состояние фазы|22|2|633|135
B|229313|Датчик дыма|43|0|53|0
B|333452|Переключатель|28|0|130|0
B|229402|Датчик дыма|34|0|44|0
B|262032|Датчик дыма|9|0|15|0
B|196512|Датчик температуры|24|0|80|0
B|266866|КД АВ|7|0|34|0
B|212359|КД Дверь|12|0|154|0
B|334604|Датчик дыма|63|0|76|0
B|229332|Датчик дыма|44|0|52|0
B|228375|ИБП|26|0|26|0
B|212641|КД Дверь|18|0|28|0
B|289236|Датчик дыма|80|0|90|0
B|287135|Датчик дыма|64|0|80|0
B|287087|Датчик дыма|62|0|72|0
B|286877|Датчик температуры|7|0|34|0
B|286859|КД Дверь|7|0|245|0
B|267770|Датчик дыма|10|0|16|0
B|196487|Датчик дыма|26|3|66|18
B|115596|Состояние вентилятора|7|2|321|83
B|333905|Датчик дыма|122|0|153|0
B|228320|КД Дверь|12|0|70|0
B|215834|Состояние фазы|16|0|220|0
B|209989|Датчик движения|16|0|165708|0
B|269196|Состояние УИР-Р|7|0|22|0
B|236758|Состояние фазы|0|0|415|16
B|333774|Переключатель|83|0|133|0
B|104048|Газовый датчик|12|0|772|0
B|212955|Состояние насоса|18|3|262|160
B|262155|Датчик дыма|15|0|21|0
B|159016|Состояние вентилятора|0|0|183|17
B|262585|Датчик дыма|8|0|16|0
B|147211|Газовый датчик|6|0|872|0
B|96408|Состояние фазы|64|0|229|0
B|269705|Датчик дыма|8|0|22|0
B|333956|Датчик дыма|28|0|39|0
B|162835|ИБП|7|0|53|0
B|103946|Состояние вентилятора|0|0|332|32
B|3036|КД Дверь|19|0|119|0
B|269084|КД АВ|6|0|322|0
B|229351|Датчик дыма|43|0|53|0
B|115587|Состояние фазы|7|0|353|15
B|51143|Состояние фазы|3|0|349|0
B|143556|Датчик дыма|8|0|40|0
B|261969|Датчик дыма|9|0|15|0
B|213790|Газовый датчик|12|2|72351|0
B|197342|Состояние УИР-Р|97470|0|97503|0
B|96368|Переключатель|60|0|104|0
B|93644|Тепловой датчик|89|0|93|0
B|334647|Датчик дыма|42|2|84|26
B|229257|Датчик дыма|261|0|272|0
B|262030|Датчик дыма|9|0|17|0
B|3128|ИБП|49|0|151|0
B|272685|Переключатель|0|0|360|0
B|288068|Состояние фазы|0|0|663|29
B|232106|Состояние охраны|113|0|373|0
B|77560|Датчик движения|11|0|3737|0
B|212759|КД Дверь|19|0|51|0
B|262104|Датчик дыма|16|4|25|7
B|212703|Датчик дыма|17|0|25|0
B|229584|Состояние вентилятора|185|24|443|48
B|95413|Переключатель|2|0|512|0
B|334239|Датчик дыма|58|7|83|18
B|278306|Газовый датчик|7|0|1738|0
B|287194|Датчик дыма|64|0|78|0
B|213354|Газовый датчик|7|0|17301|0
B|269674|Датчик дыма|8|0|20|0
B|286011|Состояние УИР-Р|54|0|62|0
B|287180|Датчик дыма|64|0|72|0
B|77538|Датчик движения|27|0|520632|0
B|77734|Датчик движения|163|0|38583|0
B|266906|КД АВ|6|0|100|0
B|262079|Датчик дыма|17|4|25|5
B|115383|КД Дверь|2|0|186|0
B|229695|Переключатель|26|0|339|0
B|227220|Состояние фазы|19|0|125|12
B|229678|Переключатель|39|0|115|0
B|287489|Датчик дыма|77|0|85|0
B|212889|Состояние фазы|21|0|781|0
B|197280|Состояние УИР-Р|11|0|30|0
B|196751|Газовый датчик|40|0|363844|897
B|147101|Состояние фазы|3|0|9|0
B|287712|Датчик дыма|78|0|88|0
B|267523|Датчик дыма|8|0|14|0
B|196508|Датчик температуры|129|0|356|0
B|287230|Датчик дыма|65|0|85|2
B|231769|Датчик движения|0|0|520|0
B|116069|Газовый датчик|8|0|20680|0
B|94038|Тепловой датчик|57|0|59|0
B|144873|Датчик температуры|20|0|47|0
B|287706|Датчик дыма|78|0|86|0
B|230162|Состояние УИР-Р|102|0|263|0
B|96362|Переключатель|60|0|409|0
B|94820|Датчик дыма|96|65|120|78
B|93671|Датчик дыма|106|25|221|128
B|267532|Датчик дыма|8|0|16|0
B|94054|КД АВ|63|0|106|0
B|229015|Датчик дыма|38|0|51|0
B|193209|КД АВ|12|0|39|0
B|287927|Состояние фазы|0|0|18|0
B|93437|Тепловой датчик|6|0|6|0
B|230846|Датчик дыма|7|2|39|3
B|193135|Тепловой датчик|9|0|10|0
B|267036|Состояние фазы|12|0|310|0
B|197284|Состояние УИР-Р|630|0|654|0
B|3075|КД Дверь|16|0|998|0
B|95428|Переключатель|2|0|18|0
B|287787|Датчик дыма|80|0|90|0
B|229772|Состояние УИР-Р|21|0|237|0
B|94023|Тепловой датчик|65|0|68|0
B|333472|Переключатель|30|0|372|0
B|147030|Состояние УИР-Р|4|0|32|0
B|268834|КД АВ|2|0|178|0
B|93843|Датчик движения|114|0|3840|0
B|278551|Датчик дыма|13|0|19|0
B|197260|Состояние УИР-Р|36|0|58|0
B|179382|Переключатель|6|0|884|0
B|262057|Датчик дыма|17|4|26|5
B|212443|Датчик дыма|14|0|22|0
B|267787|Датчик дыма|10|0|16|0
B|267292|Состояние УИР-Р|7|0|15|0
B|334599|Датчик дыма|41|22|100|68
B|266862|КД Дверь|8|0|374|0
B|267559|Датчик дыма|8|0|14|0
B|263367|Датчик дыма|22|0|37|0
B|287709|Датчик дыма|78|0|86|0
B|162754|КД АВ|5|0|211|0
B|154851|Датчик дыма|13|0|25|5
B|267418|Газовый датчик|12|0|6657|0
B|267834|Датчик дыма|9|0|15|0
B|334634|Датчик дыма|39|0|49|0
B|229231|Датчик дыма|263|0|288|11
B|267507|Датчик дыма|8|0|17|0
B|229080|Датчик дыма|36|0|49|0
B|116061|Состояние УИР-Р|11|0|23|0
B|277909|Датчик движения|11|0|950|0
B|212962|Состояние вентилятора|18|0|407|48
B|143615|Датчик дыма|10|0|54|0
B|333743|Состояние насоса|206|186|676|418
B|269644|Датчик дыма|8|0|20|0
B|115794|Состояние вентилятора|7|0|277|56
B|96445|Состояние вентилятора|64|0|468|0
B|302188|Датчик дыма|7|0|13|0
B|232006|Датчик движения|3|0|1845|0
B|286979|КД Дверь|45|0|157|0
B|333696|Переключатель|39|0|98|0
B|230762|Датчик движения|3|0|175|0
B|229381|Датчик дыма|32|0|82|7
B|213797|Газовый датчик|10|0|2870|0
B|171629|Датчик движения|41|0|71833|0
B|93524|Тепловой датчик|114|0|114|0
B|262550|Датчик дыма|10|0|16|0
B|95420|Переключатель|2|0|442|0
B|212469|Датчик дыма|17|0|25|0
B|212084|КД Дверь|4|0|162|0
B|286945|Датчик температуры|35|0|953|0
B|231788|Датчик дыма|0|0|8|0
B|212829|Датчик движения|19|0|1013|0
B|144733|Состояние охраны|18|0|1110|0
B|229522|Датчик дыма|50|0|60|0
B|262097|Датчик дыма|16|4|26|6
B|269444|Датчик дыма|6|0|21|0
B|261906|Датчик дыма|13|0|21|0
B|289227|Датчик дыма|80|0|88|0
B|269645|Датчик дыма|9|0|19|0
B|268035|Состояние насоса|0|0|354|256
B|230793|КД Дверь|2|0|204|0
B|212601|КД Дверь|19|0|2445|0
B|171576|КД Дверь|31|0|147|0
B|268133|Газовый датчик|0|0|1297|0
B|268283|Газовый датчик|0|0|50502|0
B|154106|Датчик дыма|22|3|40|12
B|171538|КД Дверь|36|0|1167|0
B|93897|Датчик движения|54|0|538|0
B|268106|Состояние насоса|0|0|364|267
B|103988|Переключатель|0|0|66|0
B|267627|Датчик дыма|8|0|20|0
B|261934|Датчик дыма|14|0|20|0
B|278000|Состояние фазы|13|0|666|88
B|120381|Датчик движения|9|0|437|0
B|212838|Состояние фазы|22|0|710|0
B|212142|КД АВ|4|0|128|0
B|287480|Датчик дыма|73|0|83|0
B|93584|Датчик дыма|97|49|123|59
B|267073|Переключатель|11|0|14|0
B|267712|Датчик дыма|9|0|15|0
B|227462|Переключатель|13|0|97|0
B|334712|Датчик дыма|49|2|299|239
B|262009|Датчик дыма|10|0|18|0
B|3056|КД Дверь|22|0|194|0
B|267000|Состояние фазы|7|2|159|69
B|196983|КД Дверь|28|0|79|0
B|93554|КД Дверь|78|0|148|0
B|104047|Газовый датчик|12|0|92651|0
B|3112|Состояние УИР-Р|3|0|123|0
B|278458|Датчик дыма|8|0|14|0
B|287856|Датчик дыма|80|0|88|0
B|144901|КД Дверь|29|0|61|0
B|267836|Датчик дыма|9|0|15|0
B|209985|Датчик движения|19|0|12431|0
B|115549|ИБП|8|0|18|0
B|266887|КД АВ|5|0|409|0
B|267698|Датчик дыма|9|0|17|0
B|229075|Датчик дыма|36|0|47|0
B|196505|Датчик температуры|23|0|55|0
B|96417|Состояние фазы|64|0|234|0
B|212209|Датчик дыма|7|1|44|21
B|287336|Датчик дыма|69|0|77|0
B|262558|Датчик дыма|10|0|18|0
B|261972|Датчик дыма|9|0|17|0
B|228708|Датчик дыма|26|0|38|0
B|245483|Датчик температуры|18|0|46|0
B|284724|Тепловой датчик|6|0|6|0
B|212184|Датчик движения|8|0|2438|0
B|261958|Датчик дыма|14|0|20|0
B|268070|Состояние фазы|0|0|6|0
B|197303|Состояние УИР-Р|448|0|469|0
B|143506|КД АВ|19|0|93|0
B|193131|КД Дверь|11|0|168|0
B|278560|Датчик дыма|13|0|29|0
B|227199|Переключатель|15|0|101|0
B|261956|Датчик дыма|14|0|22|0
B|147207|Газовый датчик|6|1|35726|0
B|333967|Датчик дыма|30|0|38|0
B|135189|Датчик движения|14|0|507|0
B|196472|Датчик дыма|19|2|37|12
B|269686|Датчик дыма|7|0|19|0
B|334585|Датчик дыма|62|3|78|6
B|278542|Датчик дыма|13|0|19|0
B|308186|КД АВ|15|0|121|0
B|115219|Датчик температуры|7|0|502|0
B|267697|Датчик дыма|9|0|17|0
B|120576|Датчик температуры|25|0|157|0
B|120232|Ручной извещатель|15|0|36|0
B|104059|Газовый датчик|12|0|1912|0
B|228512|Датчик движения|20|0|122|0
B|117768|Переключатель|7|0|345|0
B|197302|Состояние УИР-Р|649|0|670|0
B|333514|Переключатель|29|0|54|0
B|8796|Переключатель|4256|0|4652|0
B|115628|Переключатель|8|0|178|0
B|287021|Датчик движения|54|0|2744|0
B|230782|КД Дверь|2|0|32|0
B|267196|Состояние УИР-Р|7|0|19|0
B|278468|Датчик дыма|8|0|14|0
B|287490|Датчик дыма|77|0|85|0
B|229250|Датчик дыма|262|0|278|4
B|262105|Датчик дыма|16|4|26|5
B|286917|Датчик температуры|21|0|456|0
B|232013|Датчик дыма|3|0|11|0
B|334745|Ручной извещатель|39|7|940|892
B|287295|Датчик дыма|69|0|77|0
B|262118|Датчик дыма|17|4|24|5
B|269022|КД Люк|6|0|24|0
B|178334|Состояние охраны|7|0|61|0
B|228665|Датчик дыма|24|0|52|0
B|95418|Переключатель|2|0|456|0
B|269443|Датчик дыма|6|0|16|0
B|230776|КД Дверь|2|0|24|0
B|262149|Датчик дыма|15|0|21|0
B|215728|Датчик дыма|90|45|107|50
B|333965|Датчик дыма|29|0|41|0
B|287250|Датчик дыма|65|0|78|0
B|229492|Датчик дыма|43|3|261|188
B|284182|КД АВ|12|0|76|0
B|287157|Датчик дыма|64|0|94|0
B|286681|Датчик дыма|80|0|88|0
B|268002|Состояние вентилятора|0|0|389|65
B|93813|Датчик движения|56|0|673|0
B|148747|Состояние фазы|3|0|11|0
B|289215|Датчик дыма|80|0|88|0
B|268020|Переключатель|0|0|62|0
B|120485|Тепловой датчик|9|0|10|0
B|333663|Состояние фазы|89|0|129|3
B|333649|Переключатель|75|0|193|0
B|287102|Датчик дыма|62|0|70|0
B|2878|Датчик движения|19|0|1235|0
B|269715|Датчик дыма|7|0|21|0
B|197374|Состояние УИР-Р|31|0|50|0
B|157308|КД Дверь|10|0|192|0
B|215878|Переключатель|22|0|132|0
B|330641|КД АВ|21|2|92|7
B|143577|Датчик дыма|12|0|36|0
B|287474|Датчик дыма|73|0|89|0
B|193198|Тепловой датчик|9|0|10|0
B|193141|Датчик температуры|9|0|134|0
B|228844|Датчик дыма|29|0|39|0
B|94034|Тепловой датчик|139|0|147|0
B|330246|КД АВ|9|0|488|3
B|287835|Датчик дыма|80|0|88|0
B|333770|Переключатель|29|0|141|0
B|230463|Газовый датчик|35|22|53|0
B|286682|Датчик дыма|80|0|90|0
B|229385|Датчик дыма|35|0|50|3
B|179388|Переключатель|6|0|634|0
B|266863|Датчик движения|7|0|36|0
B|230827|КД Дверь|6|0|192|0
B|286905|КД Дверь|12|0|232|0
B|334686|Датчик дыма|42|0|54|0
B|267280|Состояние УИР-Р|7|0|15|0
B|93915|Тепловой датчик|142|0|150|0
B|50973|ИБП|5|0|132|0
B|267501|Датчик дыма|8|0|16|0
B|115809|Состояние насоса|7|0|178|107
B|266678|Датчик движения|7|0|11485|0
B|305221|Состояние фазы|6|0|249|0
B|196465|КД Дверь|234|0|5725|0
B|287301|Датчик дыма|69|0|81|0
B|93456|Тепловой датчик|9|0|9|0
B|95373|Состояние фазы|2|0|6|0
B|333990|Датчик дыма|35|0|43|0
B|197723|КД Дверь|21|0|452|0
B|197181|Переключатель|49|0|367|0
B|229014|Датчик дыма|39|0|48|0
B|213229|Состояние УИР-Р|19|0|27|0
B|94192|Тепловой датчик|57|0|59|0
B|229372|Датчик дыма|35|0|50|1
B|98142|Тепловой датчик|9|0|9|0
B|334632|Датчик дыма|40|0|58|0
B|227229|Переключатель|19|0|391|0
B|286956|Датчик движения|41|0|519|0
B|286879|КД Дверь|7|0|169|0
B|286908|Датчик движения|12|0|196|0
B|286919|КД Дверь|21|0|343|0
B|229485|Датчик дыма|48|3|226|164
B|266665|КД АВ|5|0|66|0
B|286047|Состояние УИР-Р|52|0|60|0
B|196477|Датчик температуры|22|0|33|0
B|212989|Состояние УИР-Р|22|0|164|0
B|269010|КД АВ|6|0|34|0
B|286497|Состояние УИР-Р|57|0|284|0
B|266807|Датчик температуры|5|0|756|0
B|229499|Датчик дыма|46|3|141|60
B|228230|КД Дверь|7|0|63|0
B|230228|Состояние УИР-Р|17|0|27|0
B|278388|Датчик дыма|12|0|20|0
B|334767|Датчик дыма|282|0|407|12
B|96477|Состояние вентилятора|60|0|160|0
B|287796|Датчик дыма|80|0|88|0
B|287247|Датчик дыма|65|0|76|0
B|93505|Тепловой датчик|70|0|70|0
B|287192|Датчик дыма|64|0|72|0
B|269508|Датчик дыма|7|0|21|0
B|94859|Тепловой датчик|59|0|61|0
B|267577|Датчик дыма|8|0|14|0
B|197023|Состояние УИР-Р|23|0|134|0
B|93777|Датчик движения|72|0|144|0
B|116144|Газовый датчик|5|0|18000|0
B|104042|Газовый датчик|11|0|16485|0
B|157295|КД Дверь|12|0|200|0
B|284868|Датчик дыма|9|0|15|0
B|286455|Состояние УИР-Р|56|0|66|0
B|285798|Стекло|62|0|132|0
B|213361|Газовый датчик|7|0|3787|0
B|262592|Датчик дыма|8|0|14|0
B|287391|Датчик дыма|73|0|87|0
B|94008|Датчик дыма|120|91|136|98
B|93941|КД Дверь|124|0|184|0
B|288176|Газовый датчик|0|0|8769|0
B|287624|Датчик дыма|76|0|92|0
B|277930|КД АВ|11|0|20|0
B|229874|Состояние УИР-Р|23|0|33|0
B|229337|Датчик дыма|44|0|56|0
B|115617|Состояние фазы|6|0|156|0
B|308178|КД АВ|51|0|101|0
B|277938|Датчик движения|11|0|167|0
B|267691|Датчик дыма|9|0|15|0
B|269020|КД Дверь|6|0|272|0
B|232019|Состояние УИР-Р|115|0|612|0
B|269070|Датчик движения|6|0|398|0
B|93550|КД Дверь|181|0|269|0
B|143555|Датчик температуры|13|0|105|0
B|212379|Датчик дыма|12|0|20|0
B|120280|КД Дверь|15|0|28|0
B|334938|КД Дверь|10|0|282|0
B|287859|Датчик дыма|80|0|92|0
B|231748|Датчик дыма|0|0|8|0
B|103942|Состояние вентилятора|0|0|311|29
B|287139|Датчик дыма|0|0|34|12
B|98195|Датчик дыма|74|28|104|47
B|212713|КД Дверь|15|0|63|0
B|286955|Датчик температуры|41|0|1401|0
B|268863|Датчик дыма|0|0|41|2
B|262094|Датчик дыма|16|4|26|6
B|231685|ИБП|113|0|211|0
B|95363|Состояние фазы|2|0|318|0
B|229386|Датчик дыма|35|0|48|3
B|8809|Газовый датчик|4246|0|4369|0
B|179178|Газовый датчик|7|0|129|0
B|262086|Датчик дыма|16|4|23|5
B|214276|Переключатель|3|0|7|0
B|212793|Датчик движения|19|0|79|0
B|269072|Датчик движения|6|0|32|0
B|228679|Датчик дыма|26|0|42|0
B|96458|Состояние насоса|60|2|488|113
B|115929|Состояние УИР-Р|6|0|20|0
B|93287|Датчик движения|119|0|677|0
B|278488|Датчик дыма|8|0|14|0
B|230372|Состояние УИР-Р|21|0|117|0
B|196675|Состояние фазы|6|0|185|0
B|267864|КД Дверь|2|0|56|0
B|330447|Датчик движения|15|0|293|0
B|267857|Датчик дыма|9|0|15|0
B|262007|Датчик дыма|10|0|16|0
B|333922|Датчик дыма|122|0|151|0
B|143623|КД Дверь|7|0|195|0
B|93558|Тепловой датчик|372|0|376|0
B|230698|Датчик дыма|5|0|13|0
B|333412|Переключатель|29|0|89|0
B|278451|Датчик дыма|8|0|18|0
B|228493|КД АВ|20|0|39|0
B|286191|Состояние УИР-Р|53|0|65|0
B|229994|Состояние УИР-Р|40|0|52|0
B|143636|Датчик дыма|11|0|71|0
B|330564|КД Дверь|16|0|211|0
B|288009|Переключатель|0|0|478|0
B|334613|Датчик дыма|63|0|76|0
B|93564|Тепловой датчик|181|0|189|0
B|334578|Датчик дыма|62|3|86|9
B|334570|Ручной извещатель|41|22|60|26
B|228695|Датчик дыма|25|0|33|0
B|228637|Датчик дыма|26|0|45|0
B|213363|Газовый датчик|7|0|34271|0
B|266980|Переключатель|10|0|413|0
B|334275|Датчик дыма|87|3|102|4
B|333995|Датчик дыма|37|0|45|0
B|77754|Датчик движения|169|0|23178|0
B|228855|Датчик дыма|29|0|41|0
B|94084|Тепловой датчик|64|0|69|0
B|77710|Датчик движения|40|0|92300|0
B|94046|Тепловой датчик|76|0|80|0
B|94836|Датчик дыма|57|1|75|9
B|330378|КД Дверь|7|0|23|0
B|287771|Датчик дыма|80|0|88|0
B|269702|Датчик дыма|8|0|18|0
B|197271|Состояние УИР-Р|36|0|58|0
B|196147|Состояние фазы|4467|0|4469|0
B|236747|Состояние фазы|0|0|118|72
B|333765|Переключатель|76|0|189|0
B|267190|Состояние УИР-Р|7|0|17|0
B|228777|Датчик дыма|39|0|50|0
B|115685|Переключатель|9|0|200|0
B|229362|Датчик дыма|14|0|146|0
B|197167|Переключатель|69|0|472|0
B|228380|Датчик температуры|14|0|45|0
B|197363|Состояние УИР-Р|25|0|39|0
B|330210|(без типа)|14|0|16|0
B|94032|Тепловой датчик|139|0|147|0
B|3018|КД Дверь|27|0|54|0
B|267011|Состояние фазы|10|2|132|72
B|278256|Состояние УИР-Р|10|0|44|0
B|278465|Датчик дыма|8|0|16|0
B|215790|Состояние вентилятора|14|1|304|130
B|168445|КД Люк|25|0|45|0
B|330411|Датчик движения|9|0|1336|0
B|228996|Датчик дыма|388|0|399|0
B|96406|Состояние фазы|64|0|223|0
B|229687|Состояние фазы|126|41|525|118
B|231914|КД Дверь|1|0|193|0
B|229698|Состояние фазы|37|0|190|0
B|120567|Датчик температуры|15|0|46|0
B|94036|Тепловой датчик|132|0|140|0
B|228667|Датчик дыма|25|0|39|0
B|157309|Датчик дыма|10|1|71|18
B|3088|Датчик дыма|18|0|32|8
B|287118|Датчик дыма|62|0|72|0
B|159004|Переключатель|0|0|140|0
B|115593|Переключатель|7|0|211|0
B|115716|Состояние вентилятора|7|0|241|17
B|334689|Датчик дыма|42|0|54|0
B|115584|Переключатель|11|0|34|0
B|263365|Стекло|20|0|69|0
B|212178|Датчик дыма|5|0|28|12
B|334531|Датчик дыма|58|0|79|2
B|334509|Датчик дыма|46|0|57|0
B|120613|Тепловой датчик|9|0|10|0
B|279900|КД Дверь|10|0|275|0
B|2880|Датчик движения|13|0|671|0
B|334664|Датчик дыма|45|0|62|0
B|230767|Датчик движения|3|1|327|2
B|144866|КД АВ|17|0|39|0
B|228747|Датчик дыма|31|0|68|0
B|213447|Состояние насоса|22|8|681|382
B|230808|Датчик движения|6|0|18|0
B|287482|Датчик дыма|73|0|83|0
B|193204|Тепловой датчик|9|0|10|0
B|269268|Состояние УИР-Р|6|0|20|0
B|197318|Состояние УИР-Р|1601|0|1623|0
B|228703|Датчик дыма|26|0|46|0
B|278546|Датчик дыма|13|0|19|0
B|334393|Датчик дыма|45|0|63|0
B|229244|Датчик дыма|262|0|282|10
B|2989|Датчик температуры|24|0|60|0
B|278504|Датчик дыма|13|0|19|0
B|213085|Состояние УИР-Р|22|0|99|0
B|228668|Датчик дыма|21|0|63|0
B|287525|Датчик дыма|77|0|85|0
B|229342|Датчик дыма|44|0|54|0
B|94065|Тепловой датчик|69|0|74|0
B|2907|Датчик температуры|21|0|259|0
B|286694|Датчик дыма|80|0|88|0
B|196706|Переключатель|6|0|501|0
B|197164|Состояние фазы|32|0|188|0
B|287702|Датчик дыма|78|0|88|0
B|266918|Датчик движения|30|1|2658|70
B|143543|Датчик дыма|17|0|51|0
B|213783|Газовый датчик|12|1|86242|0
B|286695|Датчик дыма|80|0|88|0
B|197251|Состояние УИР-Р|84|0|105|0
B|269651|Датчик дыма|9|0|20|0
B|115989|Состояние УИР-Р|7|0|19|0
B|212635|Датчик дыма|19|0|27|0
B|229338|Датчик дыма|44|0|52|0
B|193090|Датчик температуры|9|0|76|0
B|286299|Состояние УИР-Р|55|0|97|0
B|262623|Датчик дыма|8|0|18|0
B|213791|Газовый датчик|12|2|24765|118
B|213043|Состояние УИР-Р|24|0|32|0
B|227216|Состояние фазы|19|0|122|9
B|285838|КД Дверь|54|0|84|0
B|229629|Состояние вентилятора|16|8|803|540
B|330461|Датчик движения|12|0|802|0
B|227475|Состояние фазы|13|0|124|3
B|144834|КД Дверь|14|0|363|0
B|93559|Тепловой датчик|372|0|506|0
B|267012|Состояние фазы|10|0|11|0
B|227465|Переключатель|13|0|97|0
B|197299|Состояние УИР-Р|874|0|895|0
B|116089|Газовый датчик|6|0|4881|0
B|228900|Датчик дыма|30|0|42|0
B|147000|Состояние охраны|7|0|1109|0
B|229322|Датчик дыма|44|0|52|0
B|333894|Ручной извещатель|37|8|60|11
B|212870|Состояние фазы|21|0|659|0
B|228927|Датчик дыма|385|0|398|0
B|115766|Переключатель|7|0|47|0
B|277890|Датчик движения|7|0|739|0
B|262565|Датчик дыма|10|0|16|0
B|278130|Состояние УИР-Р|8|0|14|0
B|287597|Датчик дыма|76|0|84|0
B|229637|Переключатель|17|0|199|0
B|214225|Состояние фазы|0|0|13|0
B|96470|Состояние фазы|60|0|116|0
B|278403|Датчик дыма|12|0|22|0
B|231422|Состояние охраны|155|0|973|0
B|287772|Датчик дыма|80|0|88|0
B|269499|Датчик дыма|8|0|21|0
B|227227|Состояние фазы|19|0|408|8
B|287471|Датчик дыма|73|0|83|0
B|212513|КД Дверь|15|0|81|0
B|120465|Тепловой датчик|7|0|8|0
B|284885|Тепловой датчик|9|0|9|0
B|267072|Состояние фазы|11|0|102|41
B|262148|Датчик дыма|15|0|21|0
B|230366|Состояние УИР-Р|22|0|48|0
B|228891|Датчик дыма|30|0|48|0
B|287661|Датчик дыма|79|0|87|0
B|284715|Тепловой датчик|5|0|7|0
B|266718|Датчик температуры|7|0|343|0
B|231872|Датчик затопления|114|0|124|0
B|266788|Датчик движения|7|0|2227|0
B|228969|Датчик дыма|389|0|400|0
B|268090|Состояние фазы|0|0|44|21
B|115585|Переключатель|11|0|148|0
B|287610|Датчик дыма|76|0|84|0
B|268811|КД АВ|80|1|355|6
B|212474|КД АВ|15|0|121|0
B|333407|Состояние вентилятора|38|7|303|132
B|287475|Датчик дыма|73|0|83|0
B|287379|Датчик дыма|73|0|89|0
B|115606|Состояние вентилятора|12|0|301|56
B|267563|Датчик дыма|8|0|14|0
B|267068|Переключатель|10|0|21|0
B|228778|Датчик дыма|39|0|56|0
B|197256|Состояние УИР-Р|19|0|42|0
B|93648|Тепловой датчик|89|0|93|0
B|121162|Состояние фазы|5|0|9|0
B|287509|Датчик дыма|77|0|85|0
B|287437|Датчик дыма|73|0|81|0
B|115807|Состояние насоса|6|0|175|132
B|287018|КД Дверь|53|0|289|0
B|231909|Датчик дыма|1|0|9|0
B|287455|Датчик дыма|73|0|83|0
B|228762|Датчик дыма|39|0|56|0
B|196150|Состояние фазы|4460|0|4462|0
B|262069|Датчик дыма|17|4|26|6
B|179408|Переключатель|6|0|18|0
B|95469|Состояние вентилятора|2|0|588|0
B|93271|Датчик движения|146|0|238|0
B|98153|Тепловой датчик|152|0|157|0
B|212144|Датчик температуры|4|0|137|0
B|120519|КД АВ|8|0|25|0
B|120459|Датчик температуры|5|0|91|0
B|212911|Переключатель|22|0|462|0
B|135227|КД Дверь|21|0|62|0
B|334463|Датчик дыма|48|3|95|35
B|231961|Датчик дыма|1|0|9|0
B|230849|КД Дверь|13|0|77|0
B|93789|Датчик движения|65|0|740|0
B|278425|Датчик дыма|8|0|14|0
B|277960|КД Люк|13|0|42|10
B|212216|Датчик движения|6|0|728|0
B|277966|КД АВ|13|0|40|0
B|213217|Состояние УИР-Р|23|0|190|0
B|269418|Датчик дыма|6|0|20|0
B|196494|Датчик движения|19|0|40615|0
B|179239|Состояние фазы|7|0|379|0
B|77852|КД Дверь|130|0|298|0
B|269316|Состояние УИР-Р|6|0|32|0
B|334561|Датчик дыма|57|0|72|0
B|213781|Газовый датчик|11|1|22809|0
B|229416|Датчик дыма|35|0|49|0
B|214239|Состояние фазы|3|0|377|0
B|230264|Состояние УИР-Р|37|0|171|0
B|94050|Тепловой датчик|107|0|112|0
B|193169|Датчик дыма|13|0|33|7
B|289222|Датчик дыма|80|0|90|0
B|269652|Датчик дыма|8|0|22|0
B|228696|Датчик дыма|25|0|37|0
B|333446|Состояние фазы|28|4|57|22
B|94127|Тепловой датчик|67|0|73|0
B|229060|Датчик дыма|36|0|45|0
B|228285|КД АВ|11|0|29|0
B|2996|КД Люк|23|0|38|0
B|228879|Датчик дыма|30|0|38|0
B|287873|Датчик дыма|80|0|98|0
B|334778|Датчик дыма|284|10|707|319
B|263368|Датчик дыма|22|0|35|0
B|179175|Состояние фазы|7|0|173|0
B|193177|Тепловой датчик|9|0|10|0
B|267844|Датчик дыма|9|0|15|0
B|212391|Датчик дыма|12|0|20|0
B|93756|Датчик температуры|183|0|420|0
B|144855|КД Люк|15|0|27|0
B|267690|Датчик дыма|9|0|15|0
B|287875|Датчик дыма|80|0|98|0
B|227225|Переключатель|20|0|464|0
B|286991|КД Дверь|51|0|327|0
B|228597|Датчик движения|19|4|1198|96
B|269562|Датчик дыма|8|0|18|0
B|196498|КД Дверь|22|0|16906|0
B|104066|Газовый датчик|12|0|1672|0
B|93514|КД Дверь|77|0|123|0
B|261936|Датчик дыма|13|0|19|0
B|278172|Состояние УИР-Р|8|0|16|0
B|229397|Датчик дыма|34|0|48|0
B|287205|Датчик дыма|64|0|74|0
B|228531|КД АВ|34|0|45|0
B|212156|Датчик дыма|4|0|40|0
B|334758|Датчик дыма|282|0|397|2
B|334669|Датчик дыма|47|0|59|0
B|262605|Датчик дыма|8|0|14|0
B|179391|Переключатель|6|0|714|0
B|212437|Датчик дыма|15|0|23|0
B|333596|Переключатель|28|0|142|0
B|267026|Состояние фазы|11|0|379|0
B|286167|Состояние УИР-Р|52|0|60|0
B|196783|Газовый датчик|28|0|685757|1213
B|334361|Датчик дыма|45|0|63|0
B|212842|Состояние фазы|22|0|774|0
B|228311|Датчик температуры|13|1|86|0
B|120526|Датчик температуры|8|0|53|0
B|286928|КД Дверь|26|0|230|0
B|3091|Ручной извещатель|18|0|30|0
B|286856|КД Дверь|6|0|236|0
B|95369|Состояние фазы|2|0|6|0
B|93833|Датчик движения|378|0|1125|0
B|269607|Датчик дыма|9|0|20|0
B|93280|Датчик температуры|109|0|424|0
B|212906|Состояние вентилятора|22|4|802|265
B|197169|Переключатель|49|0|457|0
B|287115|Датчик дыма|62|0|72|0
B|3077|Датчик движения|16|0|233382|0
B|267853|Датчик дыма|9|0|17|0
B|196659|Переключатель|7|0|556|0
B|230483|Газовый датчик|20|8|105|1
B|262516|Датчик дыма|10|0|16|0
B|116088|Газовый датчик|6|0|2277|0
B|114008|Датчик дыма|21|0|36|0
B|213778|Газовый датчик|11|1|619|0
B|214112|Состояние фазы|3|0|7|0
B|230288|Состояние УИР-Р|37|0|45|0
B|93476|Тепловой датчик|9|0|9|0
B|278446|Датчик дыма|8|0|20|0
B|228795|Датчик дыма|39|0|56|0
B|286846|Датчик температуры|6|0|451|0
B|267590|Датчик дыма|8|0|14|0
B|120325|Датчик движения|9|0|40770|0
B|334378|Датчик дыма|45|0|95|0
B|262698|Датчик дыма|7|0|13|0
B|284870|Тепловой датчик|9|0|9|0
B|230647|Газовый датчик|25|13|85|0
B|144784|Датчик температуры|13|0|40|0
B|229200|Датчик дыма|27|0|43|0
B|255363|Состояние УИР-Р|19|0|44|0
B|334668|Датчик дыма|47|1|63|1
B|229010|Датчик дыма|39|0|48|0
B|159018|Переключатель|0|0|146|0
B|229201|Датчик дыма|27|0|41|0
B|196976|Датчик дыма|25|1|39|7
B|94822|КД Дверь|140|0|227|0
B|269007|Датчик затопления|6|0|20|0
B|94829|Датчик дыма|187|96|206|106
B|266720|КД Дверь|7|0|327|0
B|120516|Тепловой датчик|11|0|12|0
B|267403|Газовый датчик|9|0|47650|6
B|212628|Датчик температуры|19|0|670|0
B|228794|Датчик дыма|27|0|80|0
B|334333|Датчик дыма|49|0|60|0
B|228660|Датчик дыма|26|0|38|0
B|115247|КД Дверь|0|0|196|0
B|286305|Состояние УИР-Р|54|0|62|0
B|228635|Датчик дыма|26|0|37|0
B|228467|КД АВ|168|3|192|3
B|94205|Тепловой датчик|189|0|191|0
B|228217|ИБП|159|0|253|0
B|215807|Состояние фазы|17|0|231|0
B|103928|Состояние фазы|0|0|354|0
B|269677|Датчик дыма|7|0|19|0
B|104005|Переключатель|0|0|10|0
B|229622|Переключатель|12|0|428|0
B|197180|Переключатель|49|0|461|0
B|287680|Датчик дыма|79|0|87|0
B|135203|Датчик температуры|25|0|84|0
B|287647|Датчик дыма|79|0|91|0
B|193167|Датчик дыма|13|0|31|5
B|287456|Датчик дыма|73|0|81|0
B|284856|Тепловой датчик|9|0|9|0
B|334370|Датчик дыма|45|0|59|0
B|120476|Тепловой датчик|8|0|9|0
B|212126|Датчик дыма|4|0|12|0
B|197320|Состояние УИР-Р|2311|0|2330|0
B|147151|Переключатель|5|0|5|0
B|94121|Тепловой датчик|225|0|227|0
B|286833|Датчик температуры|4|0|498|0
B|284921|Тепловой датчик|18|0|18|0
B|229019|Датчик дыма|38|0|51|0
B|213358|Газовый датчик|7|0|41728|0
B|147810|Состояние насоса|3|0|526|150
B|287636|Датчик дыма|79|0|91|0
B|267078|Состояние фазы|11|0|58|0
B|93510|Датчик дыма|55|14|78|18
B|267661|Датчик дыма|9|0|17|0
B|229308|Датчик дыма|43|0|57|0
B|196696|Состояние фазы|6|0|89|0
B|95443|Состояние фазы|2|0|42|0
B|334577|Датчик дыма|62|0|76|0
B|96318|Состояние фазы|60|0|208|0
B|278405|Датчик дыма|12|0|22|0
B|212936|Переключатель|22|0|534|0
B|278520|Датчик дыма|13|0|21|0
B|120688|Состояние УИР-Р|5|0|18|0
B|96413|Состояние насоса|64|12|339|134
B|268118|Газовый датчик|0|0|1610|0
B|267551|Датчик дыма|8|0|16|0
B|171623|Датчик движения|36|0|133148|0
B|287599|Датчик дыма|76|0|84|0
B|213454|Переключатель|21|0|349|0
B|147159|Состояние фазы|3|0|259|0
B|267814|Датчик дыма|9|0|17|0
B|212712|Датчик дыма|15|0|23|0
B|334645|Датчик дыма|42|0|59|1
B|289183|Датчик дыма|76|0|84|0
B|308175|КД АВ|54|0|198|0
B|135233|Состояние УИР-Р|12|0|22|0
B|287196|Датчик дыма|64|0|76|0
B|98185|Датчик дыма|61|20|84|35
B|197336|Состояние УИР-Р|1984|0|2010|0
B|103975|Состояние вентилятора|0|0|258|33
B|266805|КД Дверь|8|0|104|0
B|115714|Состояние фазы|6|0|7|0
B|115373|КД Дверь|2|0|184|0
B|229548|Датчик дыма|50|0|64|0
B|94120|Тепловой датчик|225|0|227|0
B|93692|Тепловой датчик|77|0|81|0
B|104028|Газовый датчик|16|0|43126|0
B|3076|Стекло|16|0|168|0
B|229634|Состояние вентилятора|17|8|781|525
B|269304|Состояние УИР-Р|6|0|79|0
B|284846|Датчик дыма|10|0|18|0
B|269008|Датчик движения|6|0|210|0
B|266864|Датчик температуры|8|0|3063|0
B|262035|Датчик дыма|9|0|15|0
B|287065|Датчик дыма|71|0|79|0
B|278010|Состояние фазы|10|0|172|95
B|284884|Тепловой датчик|9|0|9|0
B|287978|Состояние фазы|0|0|266|0
B|212081|КД Дверь|15|0|16069|0
B|93573|КД Дверь|147|0|239|0
B|229180|Датчик дыма|27|0|59|0
B|230423|Газовый датчик|125|111|97|0
B|287097|Датчик дыма|62|0|70|0
B|116143|Газовый датчик|5|0|10129|0
B|120399|Датчик движения|13|0|72|0
B|278421|Датчик дыма|8|0|14|0
B|212479|Датчик дыма|15|0|23|0
B|147169|Переключатель|3|0|353|0
B|196895|Датчик температуры|19|0|226|0
B|144878|Состояние УИР-Р|22|0|35|0
B|330710|Датчик затопления|28|0|35|0
B|267817|Датчик дыма|9|0|15|0
B|278011|Переключатель|10|0|57|0
B|162825|КД АВ|6|0|58|0
B|229311|Датчик дыма|43|0|51|0
B|269549|Датчик дыма|8|0|18|0
B|330644|КД Дверь|21|0|273|0
B|94840|Датчик дыма|71|1|89|10
B|268917|КД Дверь|6|0|46|0
B|286858|Датчик движения|7|0|99|0
B|93856|Датчик температуры|54|0|113|0
B|287635|Датчик дыма|79|0|87|0
B|267633|Датчик дыма|8|0|14|0
B|286095|Состояние УИР-Р|55|0|65|0
B|213818|Газовый датчик|4|0|6444|0
B|267840|Датчик дыма|9|0|15|0
B|121160|Состояние фазы|5|0|149|0
B|93782|Датчик температуры|62|0|105|0
B|262675|Датчик дыма|7|0|13|0
B|267071|Состояние фазы|11|0|53|21
B|333901|Датчик дыма|122|0|153|0
B|229982|Состояние УИР-Р|24|0|34|0
B|93933|Тепловой датчик|89|0|92|0
B|135193|Датчик движения|13|0|289|0
B|215774|Состояние вентилятора|14|1|316|111
B|103962|Переключатель|0|0|224|0
B|94218|КД Дверь|69|0|103|0
B|230060|Состояние УИР-Р|24|0|118|0
B|115408|КД Дверь|2|0|290|0
B|104063|Газовый датчик|12|0|1927|0
B|94068|Тепловой датчик|94|0|100|0
B|333896|Ручной извещатель|24|7|35|8
B|212187|КД Дверь|8|0|2218|0
B|284858|Тепловой датчик|9|0|9|0
B|333641|Состояние насоса|32|17|39393|4227
B|94026|КД АВ|95|0|137|0
B|286874|КД Дверь|7|0|19|0
B|231968|Датчик дыма|1|0|9|0
B|287137|Датчик дыма|64|0|75|0
B|287094|Датчик дыма|62|0|70|0
B|230795|Датчик движения|2|0|80|0
B|268087|Переключатель|0|0|2|0
B|228638|Датчик дыма|26|0|37|0
B|330412|КД Дверь|9|0|17|0
B|266703|Датчик температуры|7|0|30|0
B|212205|КД Люк|7|0|19|0
B|144735|Датчик движения|16|0|329|0
B|305214|Состояние фазы|6|0|19|0
B|228192|Датчик движения|161|0|439|0
B|120518|Датчик температуры|11|0|280|0
B|103910|Состояние насоса|3|0|14578|777
B|193132|КД АВ|11|0|102|0
B|334327|Датчик дыма|49|0|62|0
B|228931|Датчик дыма|388|0|399|0
B|214215|Состояние фазы|3|0|99|0
B|94848|Датчик дыма|61|29|86|44
B|8811|Состояние фазы|4248|0|4271|0
B|144889|Состояние УИР-Р|20|0|54|0
B|262630|Датчик дыма|8|0|14|0
B|94818|Датчик дыма|124|96|156|116
B|120692|Состояние УИР-Р|5|0|18|0
B|213422|Состояние вентилятора|22|12|840|310
B|288111|Состояние вентилятора|0|0|1091|530
B|288053|Переключатель|0|0|328|0
B|147199|Газовый датчик|6|0|48155|0
B|135215|КД Дверь|16|0|172|0
B|287848|Датчик дыма|80|0|90|0
B|278004|Состояние фазы|11|0|74|0
B|230919|Состояние фазы|20|0|67|6
B|77836|КД АВ|168|0|12997|0
B|229615|Состояние фазы|12|0|463|8
B|333960|Датчик дыма|29|0|37|0
B|287161|Датчик дыма|64|0|76|0
B|229692|Состояние фазы|26|0|87|0
B|267562|Датчик дыма|8|0|14|0
B|115364|Датчик температуры|2|0|212|0
B|229543|Датчик дыма|43|0|68|0
B|267578|Датчик дыма|8|0|14|0
B|228362|КД АВ|12|0|28|0
B|229394|Датчик дыма|35|0|48|5
B|229331|Датчик дыма|44|0|56|0
B|121151|Состояние фазы|18|0|185|0
B|262022|Датчик дыма|10|0|16|0
B|333408|Переключатель|39|0|141|0
B|289223|Датчик дыма|80|0|90|0
B|231717|Датчик дыма|0|0|8|0
B|115709|Состояние фазы|6|0|359|23
B|8817|Состояние фазы|4248|0|4417|0
B|284877|Тепловой датчик|9|0|9|0
B|278502|Датчик дыма|13|0|19|0
B|232210|КД Дверь|0|0|100|0
B|226815|Датчик движения|9|0|289|0
B|120586|Датчик температуры|9|0|66|0
B|94210|КД Дверь|74|0|128|0
B|120162|Датчик температуры|10|0|44|0
B|269455|Датчик дыма|6|0|20|0
B|267363|Газовый датчик|7|0|274925|963
B|229533|Датчик дыма|50|0|60|0
B|266968|Состояние фазы|9|0|55|0
B|229207|Датчик дыма|27|0|41|0
B|120311|Датчик движения|8|0|12812|0
B|213352|Газовый датчик|21|0|10924|0
B|229683|Переключатель|40|0|52|0
B|228199|Датчик температуры|22|0|240|0
B|286221|Состояние УИР-Р|54|0|294|0
B|269757|Состояние охраны|17|0|973|0
B|267517|Датчик дыма|8|0|14|0
B|262587|Датчик дыма|8|0|14|0
B|229330|Датчик дыма|44|0|52|0
B|94082|Тепловой датчик|110|0|111|0
B|197339|Состояние УИР-Р|644|0|669|0
B|334688|Датчик дыма|41|0|70|0
B|212427|Датчик дыма|14|0|22|0
B|333989|Датчик дыма|35|0|43|0
B|334002|Ручной извещатель|27|7|36|8
B|93588|КД АВ|94|0|305|0
B|120587|Тепловой датчик|9|0|10|0
B|288131|Состояние фазы|0|0|242|0
B|228933|Датчик дыма|386|0|397|0
B|269707|Датчик дыма|7|0|19|0
B|333898|Ручной извещатель|24|7|42|12
B|287363|Датчик дыма|73|0|81|0
B|178251|Переключатель|15|0|447|0
B|120469|Тепловой датчик|8|0|9|0
B|333591|Состояние фазы|28|5|52|18
B|50963|Ручной извещатель|6|0|17|0
B|268105|Состояние насоса|0|0|606|304
B|95375|Состояние насоса|2|1|564|287
B|229419|Датчик дыма|35|0|47|0
B|229169|Датчик дыма|27|0|61|0
B|287411|Датчик дыма|73|0|83|0
B|284720|Датчик дыма|7|0|13|0
B|262684|Датчик дыма|7|0|13|0
B|261957|Датчик дыма|14|0|20|0
B|157324|Состояние УИР-Р|4|0|34|0
B|143663|Датчик движения|6|0|356|0
B|334392|Датчик дыма|45|0|61|0
B|268042|Состояние вентилятора|0|0|487|152
B|179399|Переключатель|6|0|350|0
B|262049|Датчик дыма|17|4|27|7
B|94201|Тепловой датчик|151|0|153|0
B|229536|Датчик дыма|50|0|60|0
B|286942|КД Дверь|38|0|48|0
B|267800|Датчик дыма|10|0|16|0
B|98189|Датчик дыма|60|9|83|23
B|8786|Состояние фазы|4251|0|4280|0
B|228313|Датчик движения|13|1|210|47
B|121158|Состояние фазы|5|0|47|0
B|278556|Датчик дыма|13|0|26|0
B|261992|Датчик дыма|10|0|16|0
B|115737|Состояние вентилятора|6|0|290|63
B|228293|Датчик температуры|41|0|109|0
B|155051|КД АВ|14|0|62|0
B|93277|Датчик движения|104|0|152|0
B|115401|КД Дверь|2|0|282|0
B|266996|Переключатель|7|0|463|0
B|333570|Состояние фазы|30|9|50|17
B|120457|Тепловой датчик|30|0|31|0
B|144751|Датчик движения|18|0|402|0
B|3114|Состояние УИР-Р|11|0|53|0
B|229514|Датчик дыма|50|0|66|0
B|287203|Датчик дыма|0|0|34|0
B|231939|Датчик дыма|1|0|11|1
B|115253|КД АВ|0|0|36|0
B|95513|Переключатель|2|0|12|0
B|334681|Датчик дыма|41|1|153|97
B|263407|Датчик движения|21|0|253231|0
B|262661|Датчик дыма|7|0|13|0
B|197141|Состояние фазы|54|0|184|0
B|268862|Датчик дыма|3|0|42|0
B|230814|КД Дверь|5|0|49|0
B|116145|Состояние охраны|7|0|877|0
B|94148|Датчик температуры|84|0|172|0
B|215786|Состояние вентилятора|14|1|306|132
B|171625|КД Дверь|36|0|996|0
B|94100|Тепловой датчик|103|0|103|0
B|178259|Состояние фазы|15|0|482|70
B|333919|Датчик дыма|122|0|151|0
B|120225|Датчик температуры|17|0|161|0
B|179155|Состояние вентилятора|7|0|659|0
B|334505|Датчик дыма|46|0|55|0
B|286485|Состояние УИР-Р|58|0|72|0
B|94087|Тепловой датчик|64|0|67|0
B|269581|Датчик дыма|9|0|20|0
B|333977|Датчик дыма|33|0|43|0
B|267854|Датчик дыма|9|0|19|0
B|215839|Состояние насоса|16|5|1843|1182
B|116107|Газовый датчик|12|0|13904|0
B|286119|Состояние УИР-Р|53|0|144|0
B|226811|Датчик движения|9|0|197|0
B|135222|КД АВ|16|0|238|0
B|287839|Датчик дыма|80|0|94|0
B|286671|Датчик дыма|80|0|96|0
B|333456|Переключатель|26|0|74|0
B|90695|КД Люк|174|0|211|0
B|213283|Состояние УИР-Р|21|0|53|0
B|286239|Состояние УИР-Р|53|0|61|0
B|269628|Датчик дыма|9|0|20|0
B|214145|Переключатель|5|0|17|0
B|94187|Тепловой датчик|52|0|52|0
B|262694|Датчик дыма|7|0|13|0
B|96295|Переключатель|63|0|536|0
B|278513|Датчик дыма|13|0|19|0
B|115780|Состояние вентилятора|8|1|259|58
B|94166|Датчик температуры|49|0|148|0
B|179384|Переключатель|6|0|808|0
B|193139|Тепловой датчик|9|0|10|0
B|9371|Датчик температуры|18|0|74|0
B|227204|Состояние фазы|16|0|272|47
B|213301|Состояние УИР-Р|21|0|58|0
B|213798|Газовый датчик|10|0|1952|0
B|179232|Состояние фазы|7|0|255|0
B|287181|Датчик дыма|64|0|72|0
B|197378|Состояние УИР-Р|22|0|41|0
B|231761|Датчик движения|0|0|554|0
B|144851|Датчик температуры|14|0|108|0
B|287148|Датчик дыма|64|0|74|0
B|277965|КД АВ|13|0|124|32
B|171546|КД Дверь|30|0|158|0
B|287974|Переключатель|0|0|484|0
B|212284|Датчик температуры|10|0|134|0
B|262553|Датчик дыма|10|0|16|0
B|114000|КД АВ|11|0|76|0
B|268955|КД Дверь|6|0|188|0
B|104040|Газовый датчик|11|0|51066|0
B|93873|Датчик движения|61|0|457|0
B|266990|Переключатель|11|0|503|0
B|286683|Датчик дыма|80|0|90|0
B|333937|Датчик дыма|123|0|154|0
B|230528|Газовый датчик|41|31|174|44
B|229808|Состояние УИР-Р|17|0|116|0
B|287567|Датчик дыма|76|0|96|0
B|229462|Датчик дыма|49|3|100|42
B|94019|Тепловой датчик|117|0|121|0
B|261894|Датчик дыма|13|0|19|0
B|287147|Датчик дыма|64|0|74|0
B|278428|Датчик дыма|8|0|16|0
B|278427|Датчик дыма|8|0|14|0
B|267849|Датчик дыма|9|0|17|0
B|267586|Датчик дыма|8|0|14|0
B|230918|Состояние фазы|20|0|427|19
B|3115|Состояние УИР-Р|6|0|55|0
B|96292|Переключатель|61|0|66|0
B|144830|КД АВ|19|0|968|0
B|48121|Состояние фазы|4248|0|4265|0
B|278543|Датчик дыма|13|0|19|0
B|262033|Датчик дыма|9|0|15|0
B|330682|КД Дверь|27|0|196|0
B|269426|Датчик дыма|6|0|18|0
B|330487|КД Дверь|11|0|155|0
B|228817|Датчик дыма|30|0|38|0
B|287381|Датчик дыма|73|0|87|0
B|262662|Датчик дыма|7|0|15|0
B|229179|Датчик дыма|27|0|51|0
B|333970|Датчик дыма|30|0|38|0
B|277919|КД Дверь|12|0|2270|0
B|230234|Состояние УИР-Р|24|0|208|0
B|334235|Датчик дыма|58|2|69|2
B|287317|Датчик дыма|69|0|89|0
B|103957|Состояние фазы|0|0|196|0
B|144813|КД Дверь|24|0|244|0
B|157293|КД Дверь|12|0|66|0
B|196663|Переключатель|7|0|566|0
B|334298|Датчик дыма|87|4|106|7
B|333670|Состояние фазы|54|0|581|12
B|268153|Газовый датчик|0|0|95625|0
B|286848|КД АВ|6|0|20|0
B|144765|Датчик движения|16|0|734|0
B|95417|Переключатель|2|0|448|0
B|229598|Состояние фазы|13|0|291|0
B|120696|Состояние УИР-Р|5|0|16|0
B|196471|Датчик температуры|19|0|47|0
B|115353|Датчик движения|2|0|382|0
B|287031|КД Дверь|55|0|203|0
B|236762|Состояние фазы|0|0|593|8
B|197388|Состояние УИР-Р|29|0|47|0
B|278482|Датчик дыма|8|0|14|0
B|212924|Переключатель|22|0|394|0
B|3003|КД АВ|5|0|65|0
B|287303|Датчик дыма|69|0|81|0
B|120407|Датчик движения|8|0|21|0
B|115248|Датчик температуры|0|0|77|0
B|8770|Состояние вентилятора|4252|0|4621|0
B|305216|Состояние фазы|6|0|13|0
B|287861|Датчик дыма|80|0|88|0
B|9330|Состояние охраны|16|0|1448|0
B|269635|Датчик дыма|8|0|22|0
B|302191|Датчик дыма|14|0|20|0
B|262562|Датчик дыма|10|0|16|0
B|228270|КД Дверь|9|0|298|0
B|215873|Состояние фазы|23|0|177|0
B|262590|Датчик дыма|8|0|14|0
B|212642|ИБП|18|0|80|7
B|261994|Датчик дыма|10|0|46|0
B|193179|Тепловой датчик|9|0|10|0
B|334465|Датчик дыма|48|0|58|0
B|154118|Датчик температуры|9|0|33|0
B|334364|Датчик дыма|45|0|57|0
B|289202|Датчик дыма|78|0|88|0
B|278471|Датчик дыма|8|0|14|0
B|197367|Состояние УИР-Р|26|0|42|0
B|120538|Тепловой датчик|11|0|12|0
B|120598|КД Дверь|16|0|170|0
B|262532|Датчик дыма|10|0|18|0
B|197003|Датчик движения|45|0|2582|0
B|255359|Состояние УИР-Р|18|0|169|0
B|287650|Датчик дыма|79|0|89|0
B|229502|Датчик дыма|34|2|160|92
B|212259|Датчик дыма|10|0|18|0
B|171612|Стекло|39|0|65|0
B|230790|Датчик движения|2|0|96|0
B|261977|Датчик дыма|10|0|16|0
B|94035|Датчик температуры|139|0|194|0
B|284922|Тепловой датчик|18|0|18|0
B|287915|Переключатель|0|0|328|0
B|197114|Газовый датчик|2|0|25|0
B|330563|КД Дверь|16|0|144|0
B|267393|Газовый датчик|12|0|6188|17
B|93441|КД Дверь|6|0|42|0
B|267727|Датчик дыма|9|0|17|0
B|333439|Состояние насоса|29|6|303|224
B|269661|Датчик дыма|8|0|49|0
B|103918|Переключатель|0|0|294|0
B|334500|Датчик дыма|46|0|55|0
B|212546|Датчик движения|17|0|951|0
B|231716|Датчик дыма|0|0|9|0
B|269298|Состояние УИР-Р|6|0|18|0
B|287747|Датчик дыма|78|0|86|0
B|287130|Датчик дыма|62|0|72|0
B|228406|Датчик температуры|12|0|258|0
B|269602|Датчик дыма|8|0|20|0
B|228302|Датчик движения|10|0|70|0
B|196713|Переключатель|6|0|455|0
B|284890|Тепловой датчик|10|0|13|0
B|143721|Датчик движения|5|0|69|0
B|120477|Датчик температуры|8|0|275|0
B|286017|Состояние УИР-Р|52|0|66|0
B|262122|Датчик дыма|16|4|23|5
B|212790|КД Дверь|19|0|41|0
B|286425|Состояние УИР-Р|55|0|65|0
B|262945|Состояние фазы|0|0|22|0
B|285856|Стекло|54|0|132|0
B|229796|Состояние УИР-Р|20|0|35|0
B|96207|Состояние фазы|64|0|68|0
B|287926|Состояние фазы|0|0|18|0
B|227246|КД Дверь|11|0|61|0
B|95372|Состояние фазы|2|0|8|0
B|286987|КД Дверь|51|0|229|0
B|115607|Переключатель|11|0|209|0
B|333500|Состояние фазы|31|6|66|9
B|333904|Датчик дыма|122|0|155|0
B|93434|Тепловой датчик|7|0|7|0
B|334362|Датчик дыма|45|0|74|2
B|120249|Датчик температуры|19|0|56|0
B|269622|Датчик дыма|9|0|22|0
B|230072|Состояние УИР-Р|42|0|85|0
B|333938|Датчик дыма|122|0|153|0
B|232060|Состояние УИР-Р|3|0|16|0
B|229484|Датчик дыма|46|3|226|158
B|212939|Состояние фазы|21|4|195|66
B|193143|Тепловой датчик|9|0|10|0
B|147104|Переключатель|3|0|333|0
B|95522|Переключатель|2|0|460|0
B|229481|Датчик дыма|49|3|149|94
B|334331|Датчик дыма|49|0|82|0
B|230777|КД Дверь|2|0|42|0
B|228820|Датчик дыма|29|0|57|0
B|287671|Датчик дыма|79|0|87|0
B|93654|Датчик дыма|104|18|127|20
B|144787|Датчик движения|14|0|308|0
B|284903|Тепловой датчик|12|0|12|0
B|278238|Состояние УИР-Р|12|0|20|0
B|228630|Датчик дыма|26|0|37|0
B|115239|Датчик температуры|0|0|428|0
B|333719|Переключатель|145|0|561|0
B|287071|Датчик дыма|48|0|72|0
B|287450|Датчик дыма|73|0|81|0
B|197282|Состояние УИР-Р|14|0|33|0
B|93489|КД АВ|10|0|78|0
B|228678|Датчик дыма|26|0|36|0
B|269154|Состояние УИР-Р|7|0|23|0
B|267764|Датчик дыма|10|0|16|0
B|229578|Датчик дыма|51|0|63|0
B|196899|Датчик движения|19|0|495|0
B|263355|Датчик дыма|22|0|41|0
B|229567|Датчик дыма|50|0|58|0
B|333930|Датчик дыма|122|0|151|0
B|269710|Датчик дыма|7|0|19|0
B|116137|Газовый датчик|5|0|14777|0
B|268067|Состояние фазы|0|0|28|0
B|278373|Датчик дыма|12|0|18|0
B|228233|Датчик температуры|7|0|122|0
B|298484|Состояние фазы|26|0|139|0
B|287232|Датчик дыма|65|0|78|0
B|269507|Датчик дыма|7|0|21|0
B|268102|Состояние фазы|0|0|118|0
B|228301|Датчик температуры|10|0|128|0
B|103979|Состояние насоса|0|0|8708|278
B|144800|Датчик температуры|14|0|409|0
B|287472|Датчик дыма|73|0|81|0
B|266717|Датчик движения|7|0|1901|0
B|113985|КД АВ|23|0|45|0
B|334274|Датчик дыма|87|2|101|3
B|278106|Состояние УИР-Р|7|0|13|0
B|196524|КД Дверь|23|0|1171|0
B|212551|Датчик дыма|17|0|25|0
B|236741|Переключатель|1|0|675|0
B|229826|Состояние УИР-Р|19|0|53|0
B|269069|Датчик температуры|6|0|1987|0
B|120514|Тепловой датчик|10|0|11|0
B|213187|Состояние УИР-Р|22|0|141|0
B|262099|Датчик дыма|16|4|26|6
B|287564|Датчик дыма|77|0|91|0
B|228607|Датчик температуры|18|0|49|0
B|334425|Датчик дыма|46|0|59|0
B|269520|Датчик дыма|8|0|23|0
B|227231|Состояние фазы|21|2|127|13
B|269554|Датчик дыма|8|0|18|0
B|77545|ИБП|24|0|136|0
B|287818|Датчик дыма|80|0|88|0
B|196701|Состояние фазы|6|0|91|0
B|334241|Датчик дыма|58|7|80|16
B|213774|Газовый датчик|7|0|1054|0
B|278383|Датчик дыма|12|0|20|0
B|228612|Датчик дыма|179|1|194|1
B|333997|Датчик дыма|37|0|45|0
B|94003|КД Дверь|129|0|240|0
B|284881|Датчик дыма|9|0|16|0
B|267549|Датчик дыма|8|0|16|0
B|227492|Переключатель|13|0|419|0
B|230478|Газовый датчик|46|33|105|0
B|230800|КД Дверь|6|1|342|0
B|144802|Датчик температуры|13|0|227|0
B|231839|Датчик дыма|1|0|17|0
B|229572|Датчик дыма|50|0|62|0
B|230593|Газовый датчик|32|20|79|0
B|228883|Датчик дыма|30|0|40|0
B|267760|Датчик дыма|10|0|16|0
B|305213|Состояние фазы|6|0|9|0
B|229219|Датчик дыма|262|0|279|6
B|286377|Состояние УИР-Р|52|0|131|0
B|120617|Тепловой датчик|9|0|10|0
B|269417|Датчик дыма|6|0|20|0
B|8834|Переключатель|4249|0|4318|0
B|157294|КД АВ|12|0|38|0
B|228828|Датчик дыма|29|0|39|0
B|334215|Датчик дыма|58|7|78|13
B|236727|КД Дверь|15|0|92|0
B|268792|Состояние насоса|0|0|4271|235
B|269461|Датчик дыма|6|0|16|0
B|94845|Датчик дыма|84|39|138|81
B|268927|КД Дверь|6|0|98|0
B|228861|Датчик дыма|29|0|39|0
B|193078|Датчик движения|9|0|66|0
B|93561|Тепловой датчик|52|0|75|0
B|144734|Состояние охраны|18|0|3294|0
B|77541|Датчик дыма|19|1|29|4
B|162885|КД АВ|8|0|36|0
B|287451|Датчик дыма|73|0|83|0
B|334196|Датчик дыма|58|7|75|12
B|278489|Датчик дыма|8|0|18|0
B|288085|Состояние фазы|0|0|30|0
B|214241|Состояние фазы|3|0|3|0
B|277950|КД АВ|10|2|84|33
B|212452|КД АВ|13|0|95|0
B|162843|КД АВ|5|0|87|0
B|287345|Датчик дыма|73|0|83|0
B|269539|Датчик дыма|8|0|21|0
B|93495|Тепловой датчик|76|0|78|0
B|255369|Состояние УИР-Р|18|0|55|0
B|334355|Ручной извещатель|30|2|46|4
B|262654|Датчик дыма|8|0|14|0
B|284891|Тепловой датчик|10|0|15|0
B|288156|Газовый датчик|0|0|29030|0
B|93705|Тепловой датчик|5637|0|5641|0
B|197344|Состояние УИР-Р|6143|0|6169|0
B|334542|Датчик дыма|58|0|73|0
B|103996|Состояние фазы|0|0|4|0
B|268906|Датчик движения|6|0|3406|0
B|77840|КД Дверь|151|0|539|0
B|334678|Датчик дыма|41|0|54|0
B|269502|Датчик дыма|8|0|21|0
B|330543|КД Дверь|12|0|47|0
B|267063|Состояние фазы|10|0|50|21
B|269541|Датчик дыма|8|0|20|0
B|197330|Состояние УИР-Р|4560|0|4598|0
B|212821|Датчик дыма|20|0|28|0
B|288030|Состояние фазы|0|0|66|29
B|230799|Датчик движения|4|0|290|0
B|228650|Датчик дыма|26|0|39|0
B|287325|Датчик дыма|69|0|77|0
B|267526|Датчик дыма|8|0|14|0
B|115237|Датчик движения|0|0|84|0
B|286293|Состояние УИР-Р|55|0|65|0
B|95444|Состояние фазы|2|0|28|0
B|230771|КД Дверь|2|0|42|0
B|262563|Датчик дыма|10|0|18|0
B|214141|Переключатель|5|0|145|0
B|116043|Состояние УИР-Р|9|0|21|0
B|230809|Датчик движения|6|0|166|0
B|115313|КД Дверь|2|0|160|0
B|115548|КД Дверь|8|0|22|0
B|228631|Датчик дыма|26|0|43|0
B|3090|Датчик движения|18|0|5362|0
B|228618|Датчик дыма|26|0|41|0
B|93716|Тепловой датчик|81|0|85|0
B|227467|Состояние фазы|13|0|127|8
B|214251|Переключатель|3|0|681|0
B|230801|КД Дверь|6|1|80|0
B|2866|Датчик движения|26|0|2209|0
B|197338|Состояние УИР-Р|2511|0|2535|0
B|333496|Переключатель|30|0|116|0
B|157300|Датчик дыма|7|0|57|0
B|286834|Датчик движения|4|0|58|0
B|162766|КД АВ|3|1|153|2
B|236754|Состояние фазы|0|0|84|0
B|267105|Состояние фазы|11|0|359|0
B|120386|Датчик температуры|10|0|367|0
B|278178|Состояние УИР-Р|7|0|13|0
B|269636|Датчик дыма|9|0|21|0
B|212850|Переключатель|22|0|472|0
B|193142|Тепловой датчик|9|0|10|0
B|287294|Датчик дыма|69|0|82|4
B|228761|Датчик дыма|39|0|58|0
B|115560|Состояние вентилятора|7|0|246|63
B|269358|Состояние УИР-Р|6|0|22|0
B|286922|КД Дверь|24|0|304|0
B|287869|Датчик дыма|80|0|88|0
B|230952|Переключатель|49|0|252|0
B|95366|Состояние фазы|2|0|20|0
B|287615|Датчик дыма|76|0|84|0
B|103997|Переключатель|0|0|498|0
B|212241|Датчик дыма|8|1|169|15
B|212736|Датчик дыма|15|0|23|0
B|230764|КД Дверь|3|1|273|2
B|230042|Состояние УИР-Р|24|0|48|0
B|162858|КД АВ|9|0|47|0
B|278568|Датчик дыма|13|0|23|0
B|179177|Газовый датчик|19|0|273|0
B|232029|Состояние УИР-Р|3|0|13|0
B|268268|Газовый датчик|0|0|1343|0
B|287689|Датчик дыма|79|0|87|0
B|267750|Датчик дыма|10|0|16|0
B|262525|Датчик дыма|10|0|16|0
B|287744|Датчик дыма|78|0|86|0
B|298483|Состояние фазы|12|0|26|0
B|229946|Состояние УИР-Р|50|0|60|0
B|212704|Датчик дыма|17|0|27|0
B|103968|Состояние фазы|0|0|434|0
B|262697|Датчик дыма|7|0|13|0
B|93633|КД Дверь|101|0|131|0
B|289187|Датчик дыма|79|0|87|0
B|289228|Датчик дыма|80|0|88|0
B|212755|КД Дверь|19|0|27|0
B|77773|Датчик температуры|153|0|209|0
B|284888|Датчик дыма|10|0|20|0
B|262006|Датчик дыма|10|0|16|0
B|230493|Газовый датчик|29|16|31569|1
B|287318|Датчик дыма|69|0|79|0
B|333683|Переключатель|148|0|294|0
B|229470|Датчик дыма|49|3|125|53
B|147155|Состояние вентилятора|3|0|347|0
B|93895|Датчик движения|95|0|223|0
B|228965|Датчик дыма|389|0|403|0
B|93775|Датчик движения|128|0|367|0
B|229335|Датчик дыма|44|0|58|0
B|286871|Датчик температуры|6|0|102|0
B|267751|Датчик дыма|10|0|20|0
B|334591|Датчик дыма|62|3|77|5
B|196889|Датчик движения|18|0|1016|0
B|212568|Датчик дыма|17|0|25|0
B|230796|КД Дверь|4|0|366|0
B|228935|Датчик дыма|389|0|400|0
B|98223|КД Дверь|135|0|302|0
B|286809|КД Дверь|12|0|780|0
B|230828|Датчик движения|6|0|22|0
B|228796|Датчик дыма|39|0|53|0
B|135187|Датчик движения|13|0|88|0
B|284848|Тепловой датчик|10|0|10|0
B|193116|Тепловой датчик|13|0|14|0
B|268918|КД АВ|6|0|530|0
B|144820|КД Люк|17|0|39|0
B|287748|Датчик дыма|78|0|86|0
B|267677|Датчик дыма|9|0|15|0
B|267640|Датчик дыма|8|0|14|0
B|93749|Датчик движения|383|0|626|0
B|261985|Датчик дыма|10|0|16|0
B|231330|Датчик движения|5|0|8279|0
B|116118|Газовый датчик|11|0|10542|0
B|77712|Датчик движения|190|0|102674|0
B|334429|Датчик дыма|46|0|59|0
B|228666|Датчик дыма|25|0|39|0
B|228884|Датчик дыма|30|0|38|0
B|228698|Датчик дыма|25|0|41|0
B|115953|Состояние УИР-Р|6|0|16|0
B|212605|Датчик дыма|19|0|27|0
B|287992|Состояние фазы|0|0|156|0
B|261910|Датчик дыма|13|0|21|0
B|144886|Состояние УИР-Р|19|0|35|0
B|104814|КД Дверь|55|0|669|0
B|287150|Датчик дыма|64|0|74|0
B|287816|Датчик дыма|80|0|88|0
B|287658|Датчик дыма|79|0|89|0
B|267773|Датчик дыма|10|0|16|0
B|3048|КД Дверь|11|0|77|0
B|115304|Датчик движения|2|0|274|0
B|96283|Переключатель|61|0|469|0
B|288026|Состояние фазы|0|0|160|0
B|227222|Переключатель|19|0|99|0
B|196793|Газовый датчик|28|0|693808|1925
B|287581|Датчик дыма|76|0|86|0
B|147024|Состояние УИР-Р|9|0|35|0
B|334188|Ручной извещатель|39|26|475|448
B|229593|Состояние фазы|185|0|425|0
B|197267|Состояние УИР-Р|62|0|87|0
B|196488|КД Дверь|26|0|1136|0
B|334687|Датчик дыма|42|0|54|0
B|162870|КД АВ|14|0|52|0
B|287503|Датчик дыма|77|0|87|0
B|287780|Датчик дыма|80|0|92|0
B|115565|Состояние фазы|8|0|377|33
B|93138|Состояние охраны|17|0|1541|0
B|231684|КД Дверь|113|0|145|0
B|120584|Датчик температуры|9|0|308|0
B|284706|Тепловой датчик|4|0|6|0
B|143603|Датчик дыма|6|0|58|0
B|171604|Стекло|33|0|95|0
B|286688|Датчик дыма|80|0|88|0
B|229228|Датчик дыма|28|0|68|0
B|228829|Датчик дыма|28|0|42|2
B|231821|Датчик дыма|1|1|15|5
B|269244|Состояние УИР-Р|6|0|20|0
B|287172|Датчик дыма|64|0|72|0
B|193223|Датчик температуры|9|0|74|0
B|287925|Состояние фазы|0|0|18|0
B|267810|Датчик дыма|9|0|23|0
B|230707|Датчик движения|5|0|1281|0
B|330608|КД Дверь|18|0|92|0
B|333455|Состояние фазы|26|4|54|22
B|115410|Датчик температуры|2|0|188|0
B|215827|Состояние вентилятора|17|1|417|169
B|144829|Датчик температуры|15|0|342|0
B|266792|Датчик температуры|7|0|1073|0
B|229140|Датчик дыма|27|0|75|0
B|334316|Датчик дыма|87|2|101|3
B|236790|Переключатель|0|0|730|0
B|212749|Датчик дыма|15|0|25|3
B|229348|Датчик дыма|43|0|58|0
B|228914|Датчик дыма|387|0|398|0
B|116077|Газовый датчик|8|0|17027|0
B|98176|КД Дверь|51|0|127|0
B|288117|Состояние насоса|0|0|927|670
B|103917|Состояние вентилятора|0|0|306|19
B|158987|Состояние фазы|0|0|26|0
B|147043|Состояние УИР-Р|5|0|31|0
B|229592|Состояние вентилятора|33|15|268|39
B|267650|Датчик дыма|8|0|14|0
B|229607|Переключатель|13|0|71|0
B|95390|Состояние фазы|2|0|88|0
B|178266|Переключатель|18|0|100|0
B|120299|Датчик движения|9|0|821|0
B|115804|Состояние насоса|13|2|158|89
B|334323|Ручной извещатель|32|3|55|9
B|231845|Датчик дыма|1|0|23|0
B|212077|КД Дверь|4|0|38|0
B|266791|Датчик движения|7|0|615|0
B|285843|Датчик движения|54|0|13156|0
B|267978|Состояние вентилятора|0|0|964|223
B|229509|Датчик дыма|45|2|214|95
B|103941|Состояние фазы|0|0|170|0
B|229161|Датчик дыма|27|0|65|0
B|228656|Датчик дыма|26|0|37|0
B|261897|Датчик дыма|13|0|19|0
B|278459|Датчик дыма|8|0|16|0
B|267310|Состояние УИР-Р|7|0|15|0
B|228681|Датчик дыма|26|0|38|0
B|228770|Датчик дыма|27|0|74|0
B|334435|Ручной извещатель|29|4|55|9
B|278076|Состояние УИР-Р|7|0|13|0
B|212114|КД АВ|16|0|150|0
B|333417|Переключатель|29|0|132|0
B|330498|9-секционный люк|19|1|36|5
B|228342|Датчик температуры|10|0|51|0
B|287496|Датчик дыма|77|0|87|0
B|287288|Датчик дыма|69|0|97|0
B|263371|Датчик дыма|22|0|45|0
B|212681|Датчик дыма|15|0|23|0
B|93927|Тепловой датчик|126|0|132|0
B|286383|Состояние УИР-Р|53|0|137|0
B|334289|Датчик дыма|87|4|147|8
B|229482|Датчик дыма|49|3|152|95
B|213435|Переключатель|22|0|402|0
B|288216|Газовый датчик|0|0|9385|8
B|229880|Состояние УИР-Р|21|0|60|0
B|288326|Газовый датчик|0|0|78566|969
B|147163|Состояние фазы|3|0|11|0
B|193174|Тепловой датчик|9|0|10|0
B|267791|Датчик дыма|10|0|18|0
B|263345|Ручной извещатель|19|0|33|0
B|120235|Ручной извещатель|13|0|26|0
B|256122|Тепловой датчик|13|0|13|0
B|212929|Состояние фазы|22|0|852|0
B|286910|КД АВ|12|0|36|0
B|214250|Переключатель|3|0|691|0
B|287488|Датчик дыма|77|0|85|0
B|334677|Датчик дыма|42|0|58|0
B|179212|Состояние насоса|7|0|3457|767
B|287817|Датчик дыма|80|0|88|0
B|277937|Датчик движения|11|0|331|0
B|2874|Датчик движения|25|0|985|0
B|115671|Состояние вентилятора|7|0|256|23
B|229707|Переключатель|75|0|261|0
B|229454|Датчик дыма|48|3|109|51
B|334755|Датчик дыма|281|3|636|142
B|266622|КД Дверь|6|0|82|0
B|287262|Датчик дыма|65|0|78|0
B|120289|Датчик движения|32|0|2682|0
B|120542|Датчик температуры|11|0|41|0
B|288076|Состояние фазы|0|0|22|0
B|212146|КД Дверь|4|0|632|0
B|48120|Состояние фазы|4248|0|4265|0
B|333991|Датчик дыма|36|0|44|0
B|228361|Датчик температуры|11|0|342|0
B|94168|Тепловой датчик|53|0|63|0
B|213806|Газовый датчик|4|0|33618|0
B|267178|Состояние УИР-Р|7|0|17|0
B|120566|Тепловой датчик|16|0|17|0
B|334412|Датчик дыма|46|0|61|0
B|143709|Датчик движения|5|0|69|0
B|93668|Тепловой датчик|718|0|719|0
B|197024|Состояние УИР-Р|26|0|121|0
B|278538|Датчик дыма|13|0|19|0
B|287092|Датчик дыма|62|0|72|0
B|116019|Состояние УИР-Р|21|0|61|0
B|90700|КД Люк|125|0|147|0
B|212445|Датчик дыма|14|0|22|0
B|193083|Датчик движения|9|0|70|0
B|229469|Датчик дыма|49|3|128|52
B|93538|Тепловой датчик|84|0|86|0
B|229677|Состояние вентилятора|39|0|437|142
B|197184|Переключатель|49|0|385|0
B|229236|Датчик дыма|264|0|286|12
B|261939|Датчик дыма|13|0|20|0
B|120552|Датчик температуры|9|0|703|0
B|96466|Состояние фазы|60|0|389|0
B|197359|Состояние УИР-Р|132|0|152|0
B|287356|Датчик дыма|73|0|81|0
B|269494|Датчик дыма|7|0|21|0
B|197168|Переключатель|49|0|453|0
B|229024|Датчик дыма|38|0|49|0
B|212386|КД Дверь|12|0|50|0
B|197183|Переключатель|49|0|387|0
B|147187|Газовый датчик|6|0|9358|0
B|157292|КД АВ|10|0|40|0
B|278054|Переключатель|10|0|405|0
B|93686|Тепловой датчик|63|0|65|0
B|93438|Датчик температуры|6|0|33|0
B|196479|КД Дверь|21|0|2163|0
B|330223|Датчик движения|9|4|1259|3
B|228449|КД Дверь|28|0|76|0
B|229505|Датчик дыма|34|2|229|88
B|228790|Датчик дыма|39|0|58|0
B|213061|Состояние УИР-Р|24|0|40|0
B|212782|Датчик дыма|17|0|25|0
B|230488|Газовый датчик|21|10|72|1
B|287078|Датчик дыма|62|0|149|0
B|268080|Состояние фазы|0|0|260|21
B|120537|Тепловой датчик|11|0|12|0
B|229053|Датчик дыма|36|0|45|0
B|287462|Датчик дыма|73|0|83|0
B|286900|КД Дверь|11|0|259|0
B|230598|Газовый датчик|34|21|95|0
B|120685|Состояние УИР-Р|5|0|20|0
B|267804|Датчик дыма|10|0|16|0
B|287901|Переключатель|2|0|702|0
B|212714|Датчик движения|15|0|51|0
B|287111|Датчик дыма|62|0|72|0
B|286677|Датчик дыма|80|0|90|0
B|255343|Состояние УИР-Р|17|0|23|0
B|231916|КД Дверь|1|0|229|0
B|269693|Датчик дыма|9|0|23|0
B|135236|Состояние УИР-Р|13|0|26|0
B|77683|Датчик температуры|0|0|1|0
B|287291|Датчик дыма|69|0|77|0
B|333929|Датчик дыма|122|0|151|0
B|147141|Переключатель|5|0|325|0
B|215833|Состояние вентилятора|16|1|375|147
B|331434|Газовый датчик|32|0|85|0
B|98225|Датчик температуры|135|0|212|0
B|334379|Датчик дыма|45|0|97|0
B|77787|КД Дверь|11|0|447|0
B|193196|Тепловой датчик|9|0|10|0
B|115647|Состояние фазы|6|1|121|13
B|227191|Переключатель|15|0|101|0
B|287881|Датчик дыма|80|0|90|0
B|229898|Состояние УИР-Р|20|0|29|0
B|143599|КД АВ|5|0|29|0
B|266690|КД АВ|3|0|71|0
B|229175|Датчик дыма|27|0|59|0
B|229151|Датчик дыма|27|0|77|0
B|288107|Состояние вентилятора|0|0|1048|488
B|116104|Газовый датчик|6|0|5044|0
B|196655|Переключатель|7|0|568|0
B|135210|КД Дверь|19|0|75|0
B|93612|КД Дверь|94|0|126|0
B|93948|Тепловой датчик|141|0|147|0
B|286811|КД Дверь|4|0|530|0
B|228974|Датчик дыма|388|0|401|0
B|93680|Тепловой датчик|86|0|92|0
B|212378|Датчик дыма|12|0|20|0
B|212819|Датчик движения|20|0|2502|0
B|262669|Датчик дыма|7|0|13|0
B|229300|Датчик дыма|44|0|52|0
B|269472|Датчик дыма|6|0|18|0
B|230294|Состояние УИР-Р|21|0|217|0
B|287106|Датчик дыма|62|0|72|0
B|266704|Датчик температуры|7|0|35|0
B|286968|Датчик температуры|44|0|1317|0
B|230700|Датчик дыма|5|0|13|0
B|269422|Датчик дыма|6|0|18|0
B|269442|Датчик дыма|6|0|16|0
B|228687|Датчик дыма|25|0|35|0
B|96331|Состояние вентилятора|60|0|262|0
B|267495|Датчик дыма|8|0|16|0
B|333690|Переключатель|55|0|119|0
B|213037|Состояние УИР-Р|24|0|766|0
B|333420|Состояние фазы|30|9|52|21
B|330708|КД Дверь|28|0|61|0
B|196796|Газовый датчик|28|0|345985|878
B|262676|Датчик дыма|7|0|15|0
B|334716|Датчик дыма|49|2|290|189
B|231710|Датчик дыма|0|0|11|2
B|330666|КД АВ|28|2|110|5
B|228772|Датчик дыма|39|0|52|0
B|147041|Состояние УИР-Р|5|0|31|0
B|331494|Газовый датчик|30|0|90|32
B|334718|Датчик дыма|46|2|188|131
B|51695|Переключатель|3|0|401|0
B|93944|Тепловой датчик|87|0|90|0
B|334749|Ручной извещатель|39|7|550|504
B|334571|Ручной извещатель|41|22|62|27
B|262539|Датчик дыма|10|0|16|0
B|287257|Датчик дыма|66|0|112|26
B|116101|Газовый датчик|6|0|1015|0
B|334557|Датчик дыма|58|0|73|0
B|230802|КД Дверь|6|1|34|0
B|94137|Датчик температуры|77|0|160|0
B|77853|Датчик температуры|130|0|240|0
B|267505|Датчик дыма|8|0|14|0
B|196896|Датчик движения|19|0|189|0
B|231859|Датчик дыма|1|0|9|0
B|228871|Датчик дыма|29|0|37|0
B|196708|Переключатель|6|0|443|0
B|269536|Датчик дыма|8|0|26|1
B|197250|Состояние УИР-Р|38|0|61|0
B|269629|Датчик дыма|9|0|20|0
B|117772|Состояние фазы|7|0|371|18
B|229549|Датчик дыма|51|0|59|0
B|193108|Датчик движения|9|0|290|0
B|330471|КД АВ|12|0|28|2
B|103915|Состояние фазы|0|0|182|0
B|93991|Тепловой датчик|55|0|79|0
B|93659|Тепловой датчик|108|0|118|0
B|228957|Датчик дыма|390|0|402|0
B|113983|Датчик движения|8|0|1453|0
B|267564|Датчик дыма|8|0|16|0
B|121149|Состояние вентилятора|18|0|143|0
B|330632|Датчик температуры|21|0|97|0
B|193152|Датчик дыма|12|0|30|6
B|334314|Датчик дыма|86|3|117|5
B|287629|Датчик дыма|79|0|93|0
B|277963|КД Люк|13|0|30|0
B|212268|Датчик дыма|8|0|16|0
B|229621|Состояние фазы|12|0|16|0
B|120682|Состояние УИР-Р|5|0|18|0
B|96286|Переключатель|61|0|470|0
B|115236|КД АВ|0|0|28|0
B|330422|Датчик движения|8|0|724|0
B|333681|Состояние фазы|148|0|292|5
B|287110|Датчик дыма|62|0|72|0
B|171590|Датчик движения|29|0|51867|0
B|269526|Датчик дыма|7|0|31|0
B|96369|Переключатель|60|0|100|0
B|228720|Датчик дыма|41|0|70|0
B|231326|Датчик движения|5|0|37368|0
B|286173|Состояние УИР-Р|53|0|63|0
B|333713|Состояние фазы|93|2|529|65
B|261938|Датчик дыма|13|0|21|0
B|284721|Датчик дыма|7|0|13|0
B|267067|Переключатель|10|0|11|0
B|333915|Датчик дыма|122|0|151|0
B|267839|Датчик дыма|9|0|17|0
B|330330|ИБП|22|3|64|12
B|269457|Датчик дыма|6|0|16|0
B|262584|Датчик дыма|8|0|14|0
B|197392|Состояние УИР-Р|27|0|48|0
B|8799|Переключатель|4255|0|4719|0
B|229127|Датчик дыма|27|0|69|0
B|93602|Тепловой датчик|91|0|93|0
B|230553|Газовый датчик|19|9|46|0
B|287355|Датчик дыма|73|0|85|0
B|3085|Датчик дыма|22|0|37|7
B|157325|Состояние УИР-Р|4|0|32|0
B|121167|Переключатель|5|0|123|0
B|278430|Датчик дыма|8|0|14|0
B|120695|Состояние УИР-Р|5|0|18|0
B|95425|Переключатель|2|0|24|0
B|288083|Состояние фазы|0|0|12|0
B|266624|Датчик температуры|6|0|1128|0
B|228841|Датчик дыма|29|0|41|0
B|96264|Состояние фазы|64|0|184|0
B|333705|Состояние фазы|28|0|149|77
B|115574|Состояние фазы|12|0|80|16
B|94860|КД Дверь|58|0|272|0
B|287876|Датчик дыма|80|0|92|0
B|334470|Датчик дыма|48|0|60|0
B|333969|Датчик дыма|29|0|37|0
B|287357|Датчик дыма|73|0|81|0
B|262003|Датчик дыма|10|0|16|0
B|229657|Состояние насоса|25|1|1139|431
B|330502|9-секционный люк|19|1|40|5
B|287585|Датчик дыма|76|0|84|0
B|212337|КД Дверь|11|0|251|0
B|95473|Состояние насоса|2|1|453|386
B|116100|Газовый датчик|6|0|796|0
B|193202|Тепловой датчик|9|0|10|0
B|261873|ИБП|18|0|745|0
B|287349|Датчик дыма|73|0|81|0
B|288261|Газовый датчик|0|0|618|108
B|287961|Состояние фазы|0|0|494|0
B|171622|КД Дверь|36|0|4094|0
B|262061|Датчик дыма|17|4|29|6
B|120471|Датчик температуры|8|0|153|0
B|93959|КД АВ|96|0|143|0
B|261886|Датчик дыма|14|0|20|0
B|212237|КД Дверь|8|1|334|3
B|262059|Датчик дыма|17|4|29|6
B|120605|Датчик температуры|9|0|788|0
B|256139|КД АВ|19|0|137|0
B|230192|Состояние УИР-Р|167|0|262|0
B|77784|КД АВ|13|0|65|0
B|162850|КД АВ|7|3|79|2
B|231947|Датчик дыма|1|0|9|0
B|212446|Датчик дыма|14|0|24|0
B|120529|Датчик температуры|9|0|46|0
B|196764|Газовый датчик|29|0|661470|1828
B|121156|Состояние фазы|5|0|97|0
B|213121|Состояние УИР-Р|21|0|47|0
B|116121|Газовый датчик|11|0|35999|0
B|334309|Датчик дыма|84|3|414|4
B|302195|Датчик дыма|18|0|28|3
B|196672|Состояние насоса|6|0|8105|910
B|255345|Состояние УИР-Р|15|0|27|0
B|277862|Датчик затопления|10|0|17|0
B|229535|Датчик дыма|50|0|58|0
B|116103|Газовый датчик|6|0|8149|0
B|285826|КД Дверь|53|0|477|0
B|212812|Датчик дыма|20|0|36|0
B|115637|Переключатель|12|0|460|0
B|269518|Датчик дыма|8|0|27|0
B|197162|Состояние фазы|32|0|48|0
B|96460|Состояние насоса|60|2|240|95
B|9338|Датчик температуры|8|0|264|0
B|287521|Датчик дыма|77|0|85|0
B|230948|Состояние фазы|27|0|238|0
B|278397|Датчик дыма|12|0|24|0
B|333909|Датчик дыма|122|0|153|0
B|229265|Датчик дыма|261|0|278|0
B|262695|Датчик дыма|7|0|13|0
B|286389|Состояние УИР-Р|55|0|63|0
B|196486|Датчик температуры|22|0|57|0
B|266661|Датчик температуры|6|0|1007|0
B|333603|Состояние вентилятора|31|18|364|210
B|196530|КД Дверь|21|0|1627|0
B|334211|Датчик дыма|57|7|78|15
B|228578|КД АВ|19|0|27|0
B|115812|Состояние насоса|7|0|336|266
B|196752|Газовый датчик|41|0|635084|1055
B|330264|КД Дверь|3|0|22|0
B|213463|Переключатель|21|0|603|0
B|120479|Датчик температуры|9|0|266|0
B|236752|Состояние вентилятора|0|0|799|97
B|196692|Состояние фазы|6|0|223|0
B|93693|КД Дверь|77|0|147|0
B|287416|Датчик дыма|73|0|81|0
B|262609|Датчик дыма|8|0|14|0
B|333903|Датчик дыма|122|1|152|2
B|333736|Состояние фазы|136|119|181|151
B|262154|Датчик дыма|15|0|21|0
B|179402|Переключатель|6|0|500|0
B|288036|Состояние фазы|0|0|664|63
B|228903|Датчик дыма|30|0|40|0
B|269160|Состояние УИР-Р|6|0|18|0
B|147049|Состояние УИР-Р|5|0|31|0
B|214023|Состояние фазы|21|0|201|0
B|197384|Состояние УИР-Р|1395|0|1414|0
B|90718|КД Люк|121|0|143|0
B|331454|Газовый датчик|30|0|110|0
B|93448|КД АВ|14|0|62|0
B|162861|КД АВ|12|0|224|0
B|228876|Датчик дыма|29|0|39|0
B|231802|Датчик дыма|0|0|8|0
B|333527|Переключатель|29|0|46|0
B|229202|Датчик дыма|27|0|45|0
B|267032|Переключатель|10|0|451|0
B|77570|Датчик движения|10|0|38448|0
B|267572|Датчик дыма|8|0|14|0
B|267525|Датчик дыма|8|0|16|0
B|115750|Переключатель|7|0|169|0
B|268814|Датчик затопления|80|1|1085|1
B|287402|Датчик дыма|73|0|83|0
B|95486|Состояние фазы|2|0|178|0
B|261889|Датчик дыма|13|0|19|0
B|286974|КД Дверь|46|0|398|0
B|278540|Датчик дыма|13|0|19|0
B|120492|Тепловой датчик|12|0|15|0
B|212673|Датчик дыма|15|0|23|0
B|269535|Датчик дыма|7|0|25|0
B|179149|Состояние вентилятора|20|0|820|0
B|135202|КД АВ|26|0|69|0
B|334324|Ручной извещатель|32|2|49|2
B|193217|КД Дверь|9|0|32|0
B|229577|Датчик дыма|50|0|58|0
B|287548|Датчик дыма|52|0|60|0
B|197019|Состояние УИР-Р|20|0|123|0
B|157298|КД Дверь|17|0|47|0
B|278518|Датчик дыма|13|0|23|0
B|115312|Датчик движения|2|0|3002|0
B|334597|Датчик дыма|62|7|77|7
B|334594|Датчик дыма|62|3|77|5
B|232039|Состояние УИР-Р|3|0|150|0
B|230623|Газовый датчик|38|25|11413|0
B|116099|Газовый датчик|6|0|4962|0
B|212229|Датчик дыма|6|0|31|8
B|197984|Датчик температуры|8|0|188|0
B|93909|Датчик движения|156|0|2122|0
B|334497|Датчик дыма|34|3|334|289
B|212569|КД Дверь|17|0|171|0
B|162834|КД АВ|7|0|241|0
B|115545|ИБП|7|0|21|3
B|278062|Состояние вентилятора|12|2|489|61
B|284917|Тепловой датчик|18|0|18|0
B|212899|Состояние фазы|22|4|677|138
B|262018|Датчик дыма|9|0|16|0
B|330259|КД Дверь|9|0|310|0
B|262633|Датчик дыма|8|0|14|0
B|262095|Датчик дыма|16|4|23|5
B|171611|Ручной извещатель|39|0|57|0
B|236792|Состояние фазы|0|0|58|22
B|144768|Датчик температуры|15|0|140|0
B|334279|Датчик дыма|87|2|101|3
B|144757|Датчик движения|15|0|3339|0
B|120568|Тепловой датчик|16|0|17|0
B|104055|Газовый датчик|12|0|7708|0
B|212928|Состояние фазы|22|0|672|0
B|227497|Переключатель|13|0|393|0
B|285981|Состояние УИР-Р|52|0|163|0
B|287641|Датчик дыма|79|0|89|0
B|230804|Датчик движения|6|1|162|0
B|289201|Датчик дыма|78|0|86|0
B|278533|Датчик дыма|13|0|19|0
B|215848|Состояние фазы|17|0|269|0
B|287446|Датчик дыма|73|0|81|0
B|287414|Датчик дыма|73|0|81|0
B|287515|Датчик дыма|77|0|85|0
B|287361|Датчик дыма|73|0|81|0
B|278049|Состояние фазы|11|0|631|0
B|212206|Датчик дыма|7|0|15|0
B|232209|КД Дверь|0|0|42|0
B|334616|Датчик дыма|63|0|76|0
B|171593|Ручной извещатель|33|0|50|1
B|286666|Датчик дыма|80|0|90|0
B|93951|Тепловой датчик|141|0|147|0
B|287879|Датчик дыма|80|0|90|0
B|278045|Состояние фазы|11|0|573|0
B|98214|Тепловой датчик|125|0|126|0
B|98224|Тепловой датчик|136|0|139|0
B|267511|Датчик дыма|8|0|16|0
B|287124|Датчик дыма|62|0|70|0
B|94115|Тепловой датчик|64|0|66|0
B|262535|Датчик дыма|10|0|16|0
B|115701|Переключатель|6|0|15|0
B|77546|Датчик движения|18|0|22084|0
B|230889|Состояние фазы|22|0|212|0
B|262157|Датчик дыма|15|0|21|0
B|262564|Датчик дыма|10|0|16|0
B|98184|КД Дверь|51|0|101|0
B|287261|Датчик дыма|65|0|80|0
B|135209|КД Дверь|19|0|181|0
B|171564|Датчик движения|25|0|1199|0
B|334499|Датчик дыма|46|0|57|0
B|267766|Датчик дыма|10|0|16|0
B|229185|Датчик дыма|27|0|47|0
B|116134|Газовый датчик|5|0|793|0
B|115393|КД Дверь|2|0|322|0
B|236744|Состояние фазы|0|0|452|0
B|277882|КД Дверь|7|0|675|0
B|278148|Состояние УИР-Р|9|0|15|0
B|267058|Состояние фазы|10|0|167|89
B|212907|Переключатель|22|0|466|0
B|267798|Датчик дыма|10|0|16|0
B|229467|Датчик дыма|50|3|114|55
B|144902|Датчик температуры|29|0|54|0
B|288129|Состояние вентилятора|0|0|1176|596
B|3059|КД Дверь|22|0|164|0
B|229043|Датчик дыма|36|0|45|0
B|229374|Датчик дыма|35|0|64|11
B|262674|Датчик дыма|7|0|15|0
B|144814|КД АВ|24|0|96|0
B|287535|Датчик дыма|77|0|85|0
B|230608|Газовый датчик|22|11|93|0
B|98165|КД Дверь|76|0|254|0
B|120460|КД АВ|32|0|49|0
B|287432|Датчик дыма|73|0|81|0
B|269424|Датчик дыма|6|0|20|0
B|278053|Переключатель|10|0|423|0
B|8773|Состояние вентилятора|4252|0|4653|0
B|284697|Датчик дыма|2|1|85|54
B|227508|Состояние фазы|20|0|198|0
B|95332|Состояние вентилятора|13|0|451|0
B|212574|Датчик дыма|17|0|25|0
B|333787|Переключатель|171|0|316|0
B|304353|Состояние фазы|12|0|115|0
B|229450|Датчик дыма|48|17|150|103
B|302186|Датчик дыма|2|0|8|0
B|213365|Газовый датчик|7|0|126|0
B|95507|Переключатель|2|0|48|0
B|333964|Датчик дыма|29|0|37|0
B|267528|Датчик дыма|8|0|16|0
B|334421|Датчик дыма|46|0|59|0
B|267752|Датчик дыма|10|0|16|0
B|228960|Датчик дыма|388|0|399|0
B|267652|Датчик дыма|8|0|14|0
B|267064|Состояние фазы|10|0|151|89
B|229443|Датчик дыма|27|2|319|67
B|227491|Состояние фазы|13|0|444|18
B|159007|Состояние насоса|1|0|224|137
B|231975|КД Дверь|1|0|99|0
B|162771|ИБП|4|0|32|0
B|288122|Переключатель|0|0|482|0
B|120166|Датчик температуры|8|0|111|0
B|333979|Датчик дыма|33|0|41|0
B|229498|Датчик дыма|46|3|172|109
B|268835|Датчик движения|2|0|30|0
B|227509|Состояние фазы|20|0|170|0
B|94177|Датчик температуры|61|0|617|0
B|287762|Датчик дыма|80|0|92|0
B|115339|Датчик движения|5|0|104|4
B|93703|Тепловой датчик|5637|0|5641|0
B|269043|КД Дверь|6|0|304|0
B|228533|Датчик температуры|34|0|57|0
B|230778|Датчик движения|2|0|294|0
B|96437|Состояние вентилятора|64|0|484|0
B|334751|Датчик дыма|281|0|438|17
B|179401|Переключатель|6|0|394|0
B|269620|Датчик дыма|9|0|21|0
B|231332|Датчик движения|5|0|12377|0
B|269460|Датчик дыма|6|0|16|0
B|228779|Датчик дыма|39|0|50|0
B|287307|Датчик дыма|69|0|77|0
B|269492|Датчик дыма|8|0|21|0
B|261948|Датчик дыма|14|0|22|0
B|334763|Датчик дыма|282|0|407|14
B|229297|Датчик дыма|44|0|52|0
B|277954|Датчик температуры|13|0|167|0
B|93662|Тепловой датчик|102|0|108|0
B|215809|Переключатель|17|0|167|0
B|269421|Датчик дыма|6|0|16|0
B|115722|Состояние насоса|6|0|188|119
B|330642|Датчик движения|21|0|850|0
B|285951|Состояние УИР-Р|50|0|90|0
B|228769|Датчик дыма|39|0|50|0
B|287253|Датчик дыма|65|0|82|0
B|286819|Датчик движения|4|0|108|0
B|197153|Состояние фазы|33|0|453|0
B|262689|Датчик дыма|7|0|13|0
B|266609|КД АВ|7|0|147|0
B|334627|Ручной извещатель|35|1|56|1
B|330446|КД АВ|15|0|40|7
B|278118|Состояние УИР-Р|7|0|15|0
B|147809|Состояние насоса|3|0|540|150
B|287612|Датчик дыма|76|0|84|0
B|230775|КД Дверь|2|0|222|0
B|95377|Состояние насоса|2|1|497|309
B|77571|Датчик температуры|10|0|135|0
B|278494|Датчик дыма|13|0|19|0
B|120499|КД Дверь|9|0|180|0
B|120520|Датчик температуры|8|0|646|0
B|93956|Тепловой датчик|128|0|132|0
B|287100|Датчик дыма|62|0|70|0
B|197334|Состояние УИР-Р|652|0|673|0
B|229327|Датчик дыма|44|0|54|0
B|267184|Состояние УИР-Р|7|0|34|0
B|229376|Датчик дыма|35|0|49|4
B|269509|Датчик дыма|8|0|21|0
B|278014|Состояние фазы|10|0|148|86
B|96410|Состояние фазы|64|0|237|0
B|51670|Состояние вентилятора|3|0|405|0
B|285852|КД Дверь|54|0|1208|0
B|95381|Состояние фазы|2|0|184|0
B|287688|Датчик дыма|79|0|87|0
B|230282|Состояние УИР-Р|28|0|38|0
B|213795|Газовый датчик|12|1|83|0
B|162783|КД АВ|2|0|20|0
B|115768|Состояние фазы|7|0|140|13
B|284902|Датчик дыма|12|0|18|0
B|287242|Датчик дыма|65|0|78|0
B|330400|Датчик движения|8|0|298|0
B|262634|Датчик дыма|8|0|14|0
B|232092|Состояние УИР-Р|3|0|11|0
B|228757|Датчик дыма|40|0|55|0
B|115540|КД Дверь|7|0|19|0
B|229359|Датчик дыма|35|0|58|1
B|9335|Датчик температуры|10|0|444|0
B|269679|Датчик дыма|8|0|19|0
B|229414|Датчик дыма|34|0|46|0
B|143499|КД АВ|19|0|183|0
B|212196|Датчик температуры|6|0|321|0
B|278369|Датчик дыма|12|0|20|0
B|267031|Состояние фазы|10|0|57|0
B|330694|КД Дверь|24|0|31|0
B|120254|Датчик дыма|14|1|30|8
B|278069|Состояние фазы|16|0|572|0
B|212492|Датчик дыма|15|0|23|0
B|96217|Состояние вентилятора|64|0|472|0
B|286943|КД Дверь|38|0|52|0
B|228699|Датчик дыма|25|0|41|0
B|230538|Газовый датчик|16|6|78|0
B|94128|КД Дверь|67|0|219|0
B|287324|Датчик дыма|69|0|81|0
B|333435|Состояние насоса|38|14|443|222
B|230851|Датчик движения|13|0|145|0
B|267678|Датчик дыма|9|0|15|0
B|98161|Тепловой датчик|139|0|147|0
B|93597|Тепловой датчик|94|0|96|0
B|116031|Состояние УИР-Р|8|0|24|0
B|212547|КД Дверь|17|0|977|0
B|334493|Датчик дыма|46|0|57|0
B|278541|Датчик дыма|13|0|19|0
B|120690|Состояние УИР-Р|5|0|18|0
B|333943|Ручной извещатель|34|6|65|18
B|267821|Датчик дыма|9|0|15|0
B|267617|Датчик дыма|8|0|16|0
B|95504|Переключатель|2|0|196|0
B|212670|КД АВ|15|0|35|0
B|287311|Датчик дыма|69|0|77|0
B|287798|Датчик дыма|80|0|90|0
B|197178|Переключатель|49|0|459|0
B|261919|Датчик дыма|14|0|20|0
B|288236|Газовый датчик|0|0|170211|1564
B|158988|Переключатель|10|0|332|0
B|93507|Датчик дыма|73|31|99|41
B|228874|Датчик дыма|29|0|37|0
B|287997|Состояние фазы|0|0|232|0
B|262010|Датчик дыма|10|0|16|0
B|196743|Газовый датчик|36|0|540968|544
B|287380|Датчик дыма|73|0|89|0
B|229569|Датчик дыма|50|0|60|0
B|158986|Состояние фазы|0|0|26|0
B|113997|Датчик температуры|21|0|133|0
B|115218|КД Дверь|0|0|164|0
B|231998|Датчик дыма|2|0|10|0
B|229709|Состояние насоса|41|4|442|239
B|228857|Датчик дыма|29|0|45|0
B|120540|Тепловой датчик|11|0|12|0
B|231870|Датчик дыма|1|0|9|0
B|120559|Тепловой датчик|13|0|14|0
B|228824|Датчик дыма|29|0|37|0
B|103916|Состояние вентилятора|0|0|346|55
B|267610|Датчик дыма|8|0|16|0
B|262515|Датчик дыма|10|0|16|0
B|229291|Датчик дыма|44|0|52|0
B|197259|Состояние УИР-Р|30|0|46|0
B|287464|Датчик дыма|73|0|81|0
B|212796|Датчик движения|19|0|33|0
B|286990|Датчик движения|51|0|69|0
B|334208|Датчик дыма|58|7|75|12
B|268086|Состояние фазы|0|0|43|18
B|330595|Датчик движения|19|0|283|0
B|215825|Состояние фазы|17|0|261|0
B|93964|Тепловой датчик|88|0|91|0
B|3057|КД Дверь|22|0|306|0
B|287125|Датчик дыма|62|0|70|0
B|229357|Датчик дыма|35|0|52|0
B|120227|КД АВ|39|0|60|0
B|143515|КД Дверь|16|0|40|0
B|334666|Датчик дыма|47|0|73|0
B|286437|Состояние УИР-Р|58|0|68|0
B|2869|Датчик температуры|26|0|182|0
B|334699|Датчик дыма|42|0|56|0
B|231917|Датчик движения|1|0|2995|0
B|171640|КД Дверь|39|0|9665|0
B|267520|Датчик дыма|8|0|14|0
B|263406|КД Дверь|20|0|31|0
B|278436|Датчик дыма|8|0|16|0
B|77563|Датчик температуры|10|0|83|0
B|212571|Датчик температуры|17|0|470|0
B|212421|КД АВ|14|0|60|0
B|228733|Датчик дыма|41|0|62|0
B|284730|Тепловой датчик|12|0|12|0
B|277904|Датчик движения|11|0|206|0
B|95476|Состояние насоса|2|1|525|394
B|229630|Состояние фазы|16|0|208|0
B|229093|Датчик дыма|36|0|53|0
B|9377|Датчик температуры|15|0|120|0
B|230910|Переключатель|23|0|228|0
B|171575|Датчик дыма|31|3|60|26
B|266648|Датчик движения|4|0|28|0
B|229147|Датчик дыма|27|0|77|0
B|228880|Датчик дыма|30|0|38|0
B|286995|КД АВ|52|0|138|0
B|334450|Датчик дыма|48|0|60|0
B|228878|Датчик дыма|29|0|37|0
B|228224|Датчик движения|8|0|160|0
B|334575|Датчик дыма|62|0|78|0
B|286817|КД Дверь|4|0|44|0
B|229399|Датчик дыма|34|0|48|0
B|144775|Датчик движения|14|0|318|0
B|287284|Датчик дыма|69|0|81|0
B|287149|Датчик дыма|64|0|76|0
B|269462|Датчик дыма|6|0|16|0
B|212171|КД АВ|5|0|37|0
B|215852|Состояние фазы|17|0|195|0
B|287549|Датчик дыма|52|0|64|0
B|228283|Датчик температуры|11|0|109|0
B|144853|КД АВ|18|0|768|0
B|77843|КД Дверь|123|0|255|0
B|334484|Ручной извещатель|34|17|57|28
B|228789|Датчик дыма|39|0|60|0
B|267079|Состояние вентилятора|11|1|534|76
B|196644|Состояние вентилятора|118|0|750|0
B|269612|Датчик дыма|8|0|20|0
B|288057|Состояние фазы|0|0|29|10
B|286890|Датчик температуры|9|0|153|0
B|3072|Стекло|24|0|289|0
B|333421|Переключатель|30|0|81|0
B|262085|Датчик дыма|16|4|23|5
B|228662|Датчик дыма|24|0|51|0
B|334394|Датчик дыма|45|0|57|0
B|228442|Датчик движения|24|0|206|0
B|269667|Датчик дыма|8|0|31|0
B|278431|Датчик дыма|8|0|16|0
B|267660|Датчик дыма|9|0|17|0
B|120588|Датчик температуры|9|0|144|0
B|96220|Состояние вентилятора|64|0|534|0
B|229383|Датчик дыма|35|0|52|3
B|154115|Датчик движения|9|0|19351|0
B|193190|Датчик дыма|12|0|30|6
B|267983|Состояние насоса|17|2|1164|291
B|261950|Датчик дыма|13|0|20|0
B|229460|Датчик дыма|48|3|113|48
B|212557|Датчик затопления|17|0|27|0
B|228558|КД АВ|18|0|32|0
B|278515|Датчик дыма|13|0|21|0
B|196962|КД АВ|42|0|65|0
B|334518|Датчик дыма|46|0|55|0
B|288226|Газовый датчик|0|0|22896|0
B|261884|Датчик дыма|14|0|20|0
B|228832|Датчик дыма|29|0|39|0
B|333947|Ручной извещатель|28|6|41|6
B|94022|Тепловой датчик|65|0|68|0
B|197145|Состояние фазы|34|0|183|0
B|94099|КД Дверь|103|0|294|0
B|196966|КД АВ|22|0|121|0
B|212251|Датчик дыма|9|0|17|0
B|286835|КД АВ|4|0|48|0
B|284726|Датчик дыма|5|0|15|0
B|284694|Тепловой датчик|5|0|9|1
B|77708|Датчик движения|42|0|8706|0
B|93966|Тепловой датчик|88|0|91|0
B|267054|Переключатель|7|0|577|0
B|268810|КД Дверь|80|1|117|5
B|171645|КД Дверь|43|0|64|0
B|179235|Состояние фазы|7|0|181|0
B|98210|КД АВ|90|0|173|0
B|287836|Датчик дыма|80|0|90|0
B|212802|Датчик дыма|20|0|28|0
B|93591|КД Дверь|93|0|235|0
B|93943|Тепловой датчик|87|0|90|0
B|267492|Датчик дыма|19|0|25|0
B|147034|Состояние УИР-Р|4|0|36|0
B|262051|Датчик дыма|17|4|24|5
B|228539|КД Дверь|20|0|56|0
B|287653|Датчик дыма|79|0|89|0
B|103993|Состояние фазы|0|0|476|22
B|267569|Датчик дыма|8|0|16|0
B|144860|КД Дверь|14|0|1228|0
B|287577|Датчик дыма|76|0|86|0
B|229171|Датчик дыма|27|0|57|0
B|228624|Датчик дыма|25|0|90|13
B|196911|Датчик движения|31|0|476|0
B|269220|Состояние УИР-Р|6|0|1528|0
B|232219|Датчик дыма|29|1|403|75
B|333966|Датчик дыма|29|0|40|0
B|302187|Датчик дыма|7|0|13|0
B|158995|Состояние фазы|0|0|103|0
B|266623|Датчик движения|6|0|638|0
B|229562|Датчик дыма|50|0|60|0
B|262015|Датчик дыма|10|0|16|0
B|93747|Датчик движения|104|0|461|0
B|212455|Датчик дыма|13|0|21|0
B|143647|Датчик температуры|8|0|79|0
B|227205|Состояние фазы|16|0|238|50
B|228452|Датчик движения|28|0|356|0
B|286913|Датчик движения|16|0|48|0
B|135232|Состояние УИР-Р|13|0|32|0
B|333575|Состояние вентилятора|29|4|291|133
B|197258|Состояние УИР-Р|21|0|51|0
B|115284|Датчик движения|3|0|1224|0
B|334545|Датчик дыма|58|0|77|0
B|229561|Датчик дыма|50|0|60|0
B|287617|Датчик дыма|76|0|84|0
B|287370|Датчик дыма|73|0|87|0
B|269542|Датчик дыма|8|0|21|0
B|334467|Датчик дыма|48|0|58|0
B|266636|Датчик движения|2|0|56|0
B|228882|Датчик дыма|30|0|40|0
B|179385|Переключатель|6|0|632|0
B|96412|Состояние насоса|64|12|402|129
B|196636|Состояние фазы|6|0|287|0
B|287467|Датчик дыма|73|0|81|0
B|3070|КД Дверь|12|0|92|0
B|286994|КД Дверь|52|0|190|0
B|308172|КД АВ|6|0|32|0
B|287850|Датчик дыма|80|0|88|0
B|213181|Состояние УИР-Р|21|0|176|0
B|278202|Состояние УИР-Р|8|0|14|0
B|334595|Датчик дыма|62|3|79|5
B|147048|Состояние УИР-Р|5|0|31|0
B|287438|Датчик дыма|73|0|83|0
B|228994|Датчик дыма|387|1|403|6
B|115748|Состояние фазы|7|0|149|0
B|278525|Датчик дыма|13|0|19|0
B|287571|Датчик дыма|76|0|88|0
B|262639|Датчик дыма|8|0|14|0
B|215896|Состояние вентилятора|20|1|295|122
B|267809|Датчик дыма|9|0|29|0
B|263404|Датчик дыма|17|0|38|0
B|286891|Датчик движения|9|0|43|0
B|197275|Состояние УИР-Р|92|0|109|0
B|77778|КД АВ|10|0|134|0
B|333925|Датчик дыма|122|0|151|0
B|215819|Состояние вентилятора|16|2|395|206
B|95426|Переключатель|2|0|24|0
B|214219|Состояние фазы|3|0|689|5
B|287988|Состояние насоса|0|0|537|400
B|212582|Датчик дыма|19|0|34|1
B|284683|Датчик дыма|3|0|12|4
B|333763|Состояние фазы|76|0|355|0
B|262011|Датчик дыма|10|0|16|0
B|212895|Состояние фазы|22|3|314|160
B|278380|Датчик дыма|12|0|20|0
B|229315|Датчик дыма|43|0|53|0
B|334670|Датчик дыма|40|0|56|0
B|334539|Датчик дыма|58|0|78|2
B|179221|Состояние насоса|7|1|1704|699
B|262107|Датчик дыма|16|4|26|8
B|269631|Датчик дыма|9|0|19|0
B|262089|Датчик дыма|16|4|24|5
B|229135|Датчик дыма|27|0|73|0
B|278040|Состояние вентилятора|11|0|534|61
B|266764|Датчик температуры|3|0|311|0
B|266620|Датчик движения|6|0|16380|0
B|95385|Состояние насоса|2|1|259|162
B|334390|Датчик дыма|45|0|61|0
B|120616|Датчик температуры|9|0|35|0
B|334713|Датчик дыма|49|2|226|159
B|231826|Датчик дыма|1|0|19|1
B|212868|Переключатель|22|0|404|0
B|144884|Состояние УИР-Р|4|0|151|0
B|94830|КД Дверь|187|0|229|0
B|229129|Датчик дыма|27|0|69|0
B|120677|Состояние УИР-Р|5|0|18|0
B|334202|Датчик дыма|58|7|80|17
B|334416|Датчик дыма|46|0|59|0
B|269456|Датчик дыма|6|0|18|0
B|116124|Газовый датчик|11|0|16241|0
B|229601|Переключатель|13|0|21|0
B|2902|Датчик движения|21|0|1357|0
B|230812|Датчик движения|6|0|204|0
B|94856|Тепловой датчик|65|0|65|0
B|334381|Датчик дыма|45|0|63|0
B|286985|Датчик температуры|51|0|263|0
B|333702|Переключатель|60|0|137|0
B|212902|Состояние вентилятора|22|5|934|382
B|286813|Датчик движения|4|0|93|16
B|77774|Датчик движения|156|0|1831|0
B|286933|Датчик движения|30|0|1784|0
B|196652|Состояние вентилятора|6|0|579|0
B|120276|Датчик дыма|15|0|31|6
B|230934|Состояние фазы|21|0|27|0
B|228340|КД Дверь|10|0|280|0
B|228916|Датчик дыма|389|0|400|0
B|277869|ИБП|20|0|249|0
B|267529|Датчик дыма|8|0|14|0
B|333931|Датчик дыма|122|0|151|0
B|197156|Состояние фазы|32|0|360|0
B|2896|Датчик движения|37|0|707|0
B|229667|Состояние фазы|108|2|553|84
B|267833|Датчик дыма|9|0|15|0
B|196482|Датчик дыма|22|1|40|7
B|179237|Состояние фазы|7|0|237|0
B|230803|КД Дверь|6|1|342|0
B|236731|КД Дверь|2|0|14|0
B|334722|Датчик дыма|45|2|212|157
B|269049|КД АВ|6|0|66|0
B|229254|Датчик дыма|259|0|282|0
B|94095|КД Дверь|79|0|135|0
B|213436|Состояние вентилятора|19|3|494|107
B|94060|КД Дверь|67|0|100|0
B|213193|Состояние УИР-Р|22|0|71|0
B|113995|КД Дверь|8|0|87|0
B|93924|Тепловой датчик|108|0|111|0
B|154119|Датчик дыма|11|0|22|4
B|227217|Переключатель|19|0|97|0
B|262052|Датчик дыма|17|4|28|7
B|179403|Переключатель|6|0|178|0
B|278007|Переключатель|10|0|409|0
B|231306|Датчик дыма|5|0|17|0
B|228987|Датчик дыма|389|0|400|0
B|196499|Датчик движения|22|0|65857|0
B|330236|Датчик движения|9|4|626|3
B|287343|Датчик дыма|73|0|81|0
B|334704|Ручной извещатель|42|13|130|86
B|231894|Датчик дыма|1|0|9|0
B|230768|Датчик движения|3|1|280|3
B|157303|КД Дверь|10|0|60|0
B|262571|Датчик дыма|10|0|18|0
B|196725|Газовый датчик|34|0|764515|3577
B|287185|Датчик дыма|64|0|74|0
B|256121|Тепловой датчик|13|0|13|0
B|3083|Датчик дыма|21|1|36|10
B|120700|Состояние УИР-Р|5|0|18|0
B|212261|Датчик дыма|10|0|21|4
B|93492|КД Дверь|17|0|91|0
B|334736|Датчик дыма|43|2|253|200
B|287793|Датчик дыма|80|0|90|0
B|229699|Переключатель|37|0|222|0
B|93936|Датчик дыма|105|75|124|85
B|226813|Датчик движения|9|0|243|0
B|193103|Датчик движения|9|0|122|0
B|120545|Датчик температуры|26|0|57|0
B|94174|КД Дверь|65|0|169|0
B|333778|Переключатель|45|0|84|0
B|94181|Тепловой датчик|59|0|61|0
B|196511|КД Дверь|24|0|2436|0
B|96450|Состояние фазы|64|0|78|0
B|196532|Датчик температуры|21|0|163|0
B|269487|Датчик дыма|8|0|23|0
B|287604|Датчик дыма|76|0|84|0
B|334697|Датчик дыма|42|0|78|21
B|333948|Ручной извещатель|27|10|67|32
B|288074|Состояние вентилятора|0|0|529|35
B|287487|Датчик дыма|77|0|87|0
B|333678|Переключатель|92|0|157|0
B|286805|Состояние охраны|9|0|1724|0
B|269570|Датчик дыма|9|0|22|0
B|229422|Датчик дыма|35|0|47|0
B|197382|Состояние УИР-Р|10|0|29|0
B|286679|Датчик дыма|80|0|92|0
B|333981|Датчик дыма|33|0|42|0
B|269423|Датчик дыма|6|0|22|0
B|115684|Состояние вентилятора|9|0|269|23
B|262635|Датчик дыма|8|0|14|0
B|287423|Датчик дыма|73|0|85|0
B|334436|Ручной извещатель|30|0|45|0
B|267091|Состояние вентилятора|10|0|509|75
B|330670|КД Дверь|28|0|497|0
B|227476|Состояние фазы|13|0|249|6
B|93640|Тепловой датчик|96|0|98|0
B|334601|Датчик дыма|54|3|301|235
B|51690|Переключатель|3|0|403|0
B|147136|Состояние вентилятора|5|0|329|0
B|147189|Газовый датчик|6|0|2265|0
B|8779|Состояние фазы|4251|0|4406|0
B|114016|Состояние УИР-Р|9|0|98|0
B|269427|Датчик дыма|6|0|18|0
B|229564|Датчик дыма|50|0|68|0
B|269490|Датчик дыма|7|0|19|0
B|196999|Датчик температуры|27|0|93|0
B|262509|Датчик дыма|17|0|23|0
B|230807|КД Дверь|6|0|58|0
B|308174|КД АВ|54|0|104|0
B|94123|Тепловой датчик|74|0|80|0
B|215835|Переключатель|16|0|154|0
B|144872|КД Дверь|18|0|86|0
B|117771|Состояние фазы|6|0|158|0
B|262028|Датчик дыма|10|0|16|0
B|197135|Состояние фазы|54|0|212|0
B|228688|Датчик дыма|25|0|35|0
B|289220|Датчик дыма|80|0|88|0
B|262070|Датчик дыма|17|4|24|5
B|95457|Состояние вентилятора|2|0|654|0
B|93881|Датчик движения|234|0|1106|0
B|266743|Датчик температуры|7|0|505|0
B|230932|Переключатель|31|0|114|0
B|197371|Состояние УИР-Р|25|0|41|0
B|120226|Датчик дыма|39|1|54|7
B|213362|Газовый датчик|7|0|78823|0
B|212501|Датчик дыма|18|0|27|1
B|269676|Датчик дыма|8|0|23|0
B|212217|КД Дверь|6|0|2178|0
B|229268|Датчик дыма|260|0|273|0
B|231938|Датчик дыма|1|0|7|0
B|147031|Состояние УИР-Р|4|0|32|0
B|277964|КД Дверь|14|0|342|0
B|287984|Переключатель|0|0|480|0
B|334504|Датчик дыма|46|0|55|0
B|333576|Переключатель|29|0|135|0
B|231324|КД Дверь|5|0|105|0
B|277929|Датчик движения|11|0|527|65
B|229027|Датчик дыма|38|0|47|0
B|228669|Датчик дыма|25|0|49|0
B|103977|Переключатель|0|0|202|0
B|286841|КД Дверь|5|0|253|0
B|227510|Состояние насоса|21|1|385|296
B|284895|Датчик дыма|11|0|21|3
B|120676|Состояние УИР-Р|5|0|18|0
B|115268|Датчик движения|0|0|62|0
B|230543|Газовый датчик|23|10|109026|0
B|213421|Переключатель|22|0|458|0
B|261908|Датчик дыма|13|0|19|0
B|287775|Датчик дыма|80|0|90|0
B|144811|Датчик движения|14|0|6693|0
B|95461|Состояние вентилятора|2|0|502|0
B|143593|Датчик температуры|17|0|214|0
B|196685|Состояние вентилятора|6|0|521|0
B|116001|Состояние УИР-Р|9|0|15|0
B|93647|Тепловой датчик|89|0|94|0
B|143521|Датчик дыма|15|3|33|7
B|284861|Датчик дыма|9|0|16|2
B|268223|Газовый датчик|0|0|2299|0
B|93433|Тепловой датчик|7|0|7|0
B|215849|Переключатель|17|0|159|0
B|147805|Состояние вентилятора|3|0|333|0
B|148866|Состояние фазы|3|0|133|0
B|9376|Датчик температуры|21|0|87|0
B|262549|Датчик дыма|10|0|16|0
B|120531|Тепловой датчик|9|0|10|0
B|159012|Состояние вентилятора|1|0|206|46
B|229241|Датчик дыма|263|0|283|8
B|333477|Состояние фазы|31|5|57|8
B|229647|Состояние вентилятора|21|7|460|179
B|120153|Датчик движения|8|0|4805|0
B|120355|Датчик движения|38|0|539|0
B|287231|Датчик дыма|65|0|74|0
B|94169|Тепловой датчик|53|0|61|0
B|196731|Газовый датчик|34|0|790847|3323
B|229153|Датчик дыма|27|0|75|0
B|269688|Датчик дыма|8|0|19|0
B|197138|Состояние фазы|34|0|209|0
B|284923|Тепловой датчик|18|0|18|0
B|196729|Газовый датчик|35|0|725701|3410
B|143643|КД АВ|8|0|190|0
B|115736|Состояние фазы|6|0|164|0
B|93996|Тепловой датчик|123|0|129|0
B|285867|Датчик движения|54|0|7996|0
B|333537|Состояние фазы|31|0|38|0
B|287026|Датчик температуры|54|0|708|0
B|289208|Датчик дыма|78|0|86|0
B|333962|Датчик дыма|29|0|37|0
B|227493|Переключатель|13|0|423|0
B|93907|Датчик движения|52|0|1514|0
B|261944|Датчик дыма|14|0|20|0
B|229187|Датчик дыма|27|0|49|0
B|120395|Датчик движения|8|0|424|0
B|120291|Датчик движения|10|0|576|0
B|333708|Переключатель|28|0|54|0
B|196638|Состояние фазы|6|0|221|0
B|267647|Датчик дыма|8|0|14|0
B|229106|Датчик дыма|33|0|44|0
B|197148|Состояние насоса|34|0|507|391
B|267545|Датчик дыма|8|0|14|0
B|212629|Датчик температуры|19|0|973|0
B|228765|Датчик дыма|39|0|54|0
B|333483|Состояние фазы|32|1|123|30
B|262020|Датчик дыма|10|0|16|0
B|147055|Состояние УИР-Р|4|0|45|0
B|115355|Датчик температуры|2|0|52|0
B|333484|Переключатель|31|0|42|0
B|262604|Датчик дыма|8|0|14|0
B|333746|Состояние насоса|142|135|4702|2536
B|3039|КД АВ|19|0|123|0
B|287223|Датчик дыма|65|0|74|0
B|120318|Датчик температуры|9|0|561|0
B|286976|Датчик движения|45|0|111|0
B|269515|Датчик дыма|7|0|26|1
B|230428|Газовый датчик|44|31|80|0
B|229152|Датчик дыма|27|0|75|0
B|286839|Датчик температуры|5|0|611|0
B|333980|Датчик дыма|33|0|41|0
B|284928|Тепловой датчик|15|0|17|0
B|286863|КД АВ|7|0|35|0
B|228959|Датчик дыма|389|0|400|0
B|213277|Состояние УИР-Р|20|0|101|0
B|147124|Состояние вентилятора|5|0|327|0
B|90724|КД Люк|123|0|139|0
B|334560|Датчик дыма|58|0|75|0
B|147190|Газовый датчик|6|0|55873|0
B|287283|Датчик дыма|69|0|77|0
B|287282|Датчик дыма|69|0|79|0
B|267828|Датчик дыма|9|0|15|0
B|287613|Датчик дыма|76|0|86|0
B|286927|Датчик движения|26|0|520|0
B|228819|Датчик дыма|30|0|38|0
B|262652|Датчик дыма|8|0|14|0
B|284901|Датчик дыма|12|0|18|0
B|287431|Датчик дыма|73|0|85|0
B|289249|Датчик дыма|80|0|88|0
B|115406|Датчик движения|2|0|460|0
B|98198|Датчик движения|97|0|1340|0
B|267548|Датчик дыма|8|0|14|0
B|228475|КД АВ|14|0|28|0
B|93253|Датчик движения|148|0|524|0
B|3064|КД АВ|18|0|44|0
B|269720|Датчик дыма|7|0|27|0
B|228268|КД АВ|9|0|53|0
B|334203|Датчик дыма|58|3|73|8
B|228951|Датчик дыма|388|0|399|0
B|2995|КД АВ|10|0|22|0
B|212951|Состояние вентилятора|21|4|482|86
B|143518|Датчик дыма|11|0|45|0
B|334423|Датчик дыма|46|0|61|0
B|268010|Переключатель|0|0|92|0
B|229116|Датчик дыма|27|0|69|0
B|278124|Состояние УИР-Р|7|0|33|0
B|229137|Датчик дыма|27|0|71|0
B|196521|Датчик движения|21|0|26223|0
B|287286|Датчик дыма|69|0|81|0
B|116113|Газовый датчик|8|2|12930|0
B|93932|Тепловой датчик|89|0|92|0
B|212919|Состояние вентилятора|23|1|648|233
B|120497|КД АВ|10|0|1129|0
B|229063|Датчик дыма|36|0|45|0
B|212097|Датчик дыма|4|0|16|0
B|113988|КД Люк|23|0|43|0
B|333984|Датчик дыма|34|0|42|0
B|143673|Датчик движения|6|0|402|0
B|278463|Датчик дыма|8|0|14|0
B|96414|Состояние фазы|64|0|68|0
B|262055|Датчик дыма|17|4|25|6
B|3108|Состояние УИР-Р|5|0|30|0
B|93845|Датчик движения|56|0|1278|0
B|228867|Датчик дыма|29|0|45|0
B|2961|Датчик температуры|19|0|1527|0
B|262163|Датчик дыма|15|0|21|0
B|229503|Датчик дыма|43|3|221|158
B|228690|Датчик дыма|25|0|33|0
B|93523|КД АВ|114|0|170|0
B|268864|Датчик дыма|3|0|17|0
B|266836|Датчик температуры|7|0|398|0
B|96457|Состояние насоса|60|2|240|98
B|77766|Датчик движения|157|0|4642|0
B|93908|Датчик температуры|52|0|345|0
B|228510|КД Дверь|20|0|30|0
B|287443|Датчик дыма|73|0|83|0
B|96236|Состояние вентилятора|64|0|492|0
B|3116|Состояние УИР-Р|8|0|67|0
B|147186|Газовый датчик|4|0|1984|0
B|229284|Датчик дыма|43|0|53|0
B|144828|КД Дверь|15|0|876|0
B|212958|Состояние вентилятора|18|0|396|41
B|285809|КД Дверь|54|0|80|0
B|269137|КД Дверь|6|0|18|0
B|197327|Состояние УИР-Р|784|0|798|0
B|287027|Датчик движения|54|0|2144|0
B|229526|Датчик дыма|36|0|121|0
Time: 327402.785 ms (05:27.403)
