channel_id,section_id,smvu_key
2866,532,16:506
2868,531,16:498
2869,531,16:498
2870,530,16:484
2871,530,16:484
2874,529,16:483
2875,529,16:483
2876,528,16:469
2877,528,16:469
2878,527,16:457
2879,527,16:457
2880,526,16:451
2881,526,16:451
2884,526,16:451
2885,526,16:451
2886,525,16:428
2887,525,16:428
2888,524,16:424
2892,523,16:414
2896,520,16:410
2898,519,16:399
2899,519,16:399
2902,518,16:389
2904,517,16:378
2906,516,16:377
2907,516,16:377
2942,515,16:366
2943,515,16:366
2944,511,16:349
2945,511,16:349
2946,510,16:339
2947,510,16:339
2952,507,16:312
2956,506,16:300
2957,506,16:300
2960,504,16:296
2961,504,16:296
2962,503,16:282
2964,501,16:274
2965,501,16:274
2976,496,16:227
2977,496,16:227
2978,495,16:223
2979,495,16:223
2982,493,16:192
2984,492,16:186
2985,492,16:186
2988,491,16:177
2989,491,16:177
2992,532,16:506
2994,530,16:484
2995,530,16:484
2996,528,16:469
2997,527,16:457
2999,527,16:457
3000,526,16:451
3001,526,16:451
3002,526,16:451
3003,526,16:451
3006,520,16:410
3007,520,16:410
3009,519,16:399
3011,517,16:378
3012,516,16:377
3018,498,16:24
3035,515,16:366
3036,515,16:366
3037,515,16:366
3038,515,16:366
3039,511,16:349
3041,509,16:321
3042,509,16:321
3043,509,16:321
3044,507,16:312
3045,507,16:312
3046,507,16:312
3048,506,16:300
3050,506,16:300
3051,504,16:296
3053,501,16:274
3056,500,16:254
3057,500,16:254
3058,500,16:254
3059,500,16:254
3060,500,16:254
3062,493,16:192
3063,493,16:192
3064,493,16:192
3067,491,16:177
3068,489,16:169
3107,532,16:506
3108,530,16:484
3109,526,16:451
3110,526,16:451
3111,524,16:424
3112,520,16:410
3113,519,16:399
3114,517,16:378
3115,515,16:366
3116,512,16:350
3117,509,16:321
3118,507,16:312
3119,506,16:300
3120,504,16:296
3121,502,16:275
3122,500,16:254
3123,494,16:217
3124,493,16:192
3125,491,16:177
3126,498,16:24
3128,509,16:321
3129,500,16:254
8767,404,15:102
8768,470,15:91
8769,466,15:87
8770,466,15:87
8771,459,15:77
8772,434,15:48
8773,433,15:47
8774,420,15:28
8775,408,15:11
8776,466,15:87
8777,448,15:63
8778,434,15:48
8779,434,15:48
8780,420,15:28
8781,408,15:11
8782,442,15:58
8783,442,15:58
8784,442,15:58
8785,442,15:58
8786,442,15:58
8787,442,15:58
8790,404,15:102
8791,470,15:91
8792,466,15:87
8793,466,15:87
8794,459,15:77
8795,434,15:48
8796,432,15:46
8797,420,15:28
8798,408,15:11
8799,442,15:58
8800,442,15:58
8801,442,15:58
8802,442,15:58
8803,442,15:58
8804,442,15:58
8808,414,15:2
8809,414,15:2
8810,449,15:65
8812,438,15:51
8813,420,15:28
8814,420,15:28
8815,418,15:25
8816,418,15:25
8817,436,15:5
8818,420,15:28
8819,417,15:24
8820,417,15:24
8821,411,15:14
8822,420,15:28
8823,420,15:28
8824,420,15:28
8825,420,15:28
8826,420,15:28
8827,420,15:28
8828,417,15:24
8829,417,15:24
8830,411,15:14
8831,420,15:28
8832,420,15:28
8833,420,15:28
8834,420,15:28
8835,420,15:28
9333,530,16:484
9334,528,16:469
9335,527,16:457
9336,526,16:451
9337,526,16:451
9338,524,16:424
9340,519,16:399
9351,511,16:349
9357,504,16:296
9359,501,16:274
9361,500,16:254
9363,493,16:192
9365,491,16:177
9366,489,16:169
47585,442,15:58
47586,442,15:58
47838,414,15:2
48120,420,15:28
48121,420,15:28
50733,484,163:790
51139,476,163:0
51140,480,163:24
51141,480,163:24
51142,482,163:53
51143,486,163:84
51148,480,163:24
51663,481,163:42
51664,483,163:63
51667,480,163:24
51668,481,163:42
51669,483,163:63
51670,485,163:83
51671,477,163:104
51672,479,163:112
51673,482,163:53
51675,478,163:109
51676,478,163:109
51690,481,163:42
51691,483,163:63
51692,485,163:83
51693,477,163:104
51694,479,163:112
51695,482,163:53
77546,538,217:501
77548,539,217:505
77550,541,217:507
77552,541,217:507
77553,541,217:507
77560,543,217:526
77562,543,217:526
77563,544,217:527
77568,548,217:540
77569,548,217:540
77570,549,217:541
77571,549,217:541
77672,552,217:708
77678,556,217:720
77679,556,217:720
77682,556,217:720
77683,556,217:720
77686,557,217:722
77690,557,217:722
77691,557,217:722
77702,562,217:753
77704,562,217:753
77705,562,217:753
77708,565,217:765
77710,565,217:765
77712,565,217:765
77713,565,217:765
77718,566,217:773
77719,566,217:773
77724,569,217:785
77726,569,217:785
77727,569,217:785
77728,569,217:785
77734,571,217:799
77735,571,217:799
77736,571,217:799
77737,571,217:799
77744,573,217:815
77752,576,217:826
77753,576,217:826
77754,576,217:826
77755,576,217:826
77758,578,217:834
77759,578,217:834
77764,580,217:842
77765,580,217:842
77766,580,217:842
77770,582,217:848
77771,582,217:848
77772,585,217:851
77773,585,217:851
77774,586,217:852
77775,586,217:852
77776,537,217:500
77777,537,217:500
77778,541,217:507
77779,539,217:505
77780,542,217:508
77781,542,217:508
77782,542,217:508
77783,542,217:508
77784,543,217:526
77785,543,217:526
77786,543,217:526
77787,543,217:526
77788,545,217:529
77789,549,217:541
77790,549,217:541
77827,557,217:722
77828,558,217:723
77829,558,217:723
77830,558,217:723
77831,563,217:754
77832,561,217:749
77833,562,217:753
77834,563,217:754
77835,563,217:754
77836,565,217:765
77837,565,217:765
77838,569,217:785
77839,569,217:785
77840,569,217:785
77842,573,217:815
77843,573,217:815
77844,573,217:815
77845,573,217:815
77846,573,217:815
77847,573,217:815
77849,580,217:842
77850,580,217:842
77851,580,217:842
77852,580,217:842
77853,581,217:844
77854,586,217:852
77855,584,217:850
90695,565,217:765
90696,565,217:765
90698,569,217:785
90699,583,217:849
90700,585,217:851
90715,556,217:720
90716,556,217:720
90718,566,217:773
90720,571,217:799
90722,571,217:799
90723,572,217:800
90724,575,217:825
90726,575,217:825
93181,785,257:510
93187,785,257:510
93191,776,257:491
93193,776,257:491
93197,769,257:473
93198,769,257:473
93199,769,257:473
93203,763,257:459
93205,763,257:459
93207,762,257:458
93209,757,257:447
93211,757,257:447
93215,752,257:432
93217,752,257:432
93221,746,257:419
93222,746,257:419
93223,746,257:419
93229,734,257:391
93231,734,257:391
93237,725,257:371
93238,725,257:371
93239,725,257:371
93241,725,257:371
93243,724,257:370
93244,724,257:370
93245,718,257:355
93247,718,257:355
93251,710,257:340
93253,710,257:340
93259,699,257:319
93261,699,257:319
93269,692,257:304
93271,692,257:304
93272,692,257:304
93277,684,257:287
93279,684,257:287
93280,684,257:287
93285,674,257:269
93287,674,257:269
93291,674,257:269
93292,674,257:269
93424,785,257:510
93425,785,257:510
93426,785,257:510
93428,785,257:510
93429,785,257:510
93430,785,257:510
93433,785,257:510
93434,785,257:510
93435,785,257:510
93437,785,257:510
93438,785,257:510
93439,785,257:510
93440,785,257:510
93441,785,257:510
93442,785,257:510
93443,785,257:510
93447,785,257:510
93448,785,257:510
93450,782,257:508
93451,781,257:505
93452,785,257:510
93454,777,257:492
93455,778,257:498
93456,780,257:501
93457,777,257:492
93458,776,257:491
93461,776,257:491
93462,776,257:491
93464,774,257:489
93465,773,257:486
93466,772,257:483
93467,776,257:491
93468,776,257:491
93470,769,257:473
93472,769,257:473
93473,770,257:474
93475,769,257:473
93476,769,257:473
93477,770,257:474
93478,770,257:474
93479,771,257:477
93481,769,257:473
93482,763,257:459
93483,764,257:462
93484,765,257:465
93485,766,257:468
93486,768,257:471
93487,763,257:459
93488,763,257:459
93489,763,257:459
93491,763,257:459
93492,763,257:459
93494,763,257:459
93495,763,257:459
93496,763,257:459
93498,763,257:459
93499,763,257:459
93500,763,257:459
93501,763,257:459
93502,758,257:448
93503,759,257:451
93504,760,257:454
93505,761,257:457
93507,757,257:447
93508,757,257:447
93510,757,257:447
93511,757,257:447
93513,757,257:447
93514,757,257:447
93516,755,257:445
93517,754,257:442
93518,757,257:447
93519,757,257:447
93520,757,257:447
93522,752,257:432
93523,752,257:432
93524,752,257:432
93525,753,257:434
93527,752,257:432
93528,752,257:432
93530,752,257:432
93531,752,257:432
93532,752,257:432
93534,752,257:432
93535,752,257:432
93536,752,257:432
93538,752,257:432
93539,752,257:432
93540,752,257:432
93541,749,257:428
93542,748,257:425
93543,751,257:431
93544,746,257:419
93545,746,257:419
93546,746,257:419
93547,747,257:422
93548,746,257:419
93549,746,257:419
93550,746,257:419
93551,746,257:419
93553,746,257:419
93554,746,257:419
93556,743,257:415
93557,742,257:411
93558,741,257:408
93559,740,257:403
93560,744,257:417
93561,734,257:391
93562,736,257:394
93563,737,257:397
93564,739,257:401
93565,734,257:391
93566,734,257:391
93567,734,257:391
93569,734,257:391
93570,734,257:391
93572,733,257:390
93573,734,257:391
93574,734,257:391
93576,731,257:387
93578,729,257:380
93579,733,257:390
93580,725,257:371
93581,727,257:374
93582,728,257:377
93583,725,257:371
93584,725,257:371
93585,725,257:371
93586,725,257:371
93587,725,257:371
93588,725,257:371
93590,725,257:371
93591,725,257:371
93593,725,257:371
93594,725,257:371
93595,725,257:371
93596,725,257:371
93597,721,257:367
93598,720,257:364
93600,719,257:358
93601,722,257:369
93602,718,257:355
93603,718,257:355
93604,718,257:355
93606,718,257:355
93607,718,257:355
93610,718,257:355
93612,718,257:355
93613,718,257:355
93615,716,257:352
93616,715,257:349
93617,713,257:345
93618,718,257:355
93619,717,257:354
93620,711,257:341
93621,712,257:343
93622,714,257:346
93623,711,257:341
93624,710,257:340
93626,710,257:340
93628,710,257:340
93631,710,257:340
93632,710,257:340
93633,710,257:340
93635,710,257:340
93636,710,257:340
93638,710,257:340
93639,707,257:334
93640,706,257:331
93642,708,257:338
93643,706,257:331
93644,701,257:321
93645,699,257:319
93646,704,257:329
93647,703,257:326
93648,702,257:322
93649,702,257:322
93650,699,257:319
93651,699,257:319
93652,701,257:321
93654,699,257:319
93655,699,257:319
93656,701,257:321
93658,699,257:319
93659,701,257:321
93661,698,257:318
93662,697,257:315
93663,696,257:313
93664,696,257:313
93665,692,257:304
93666,692,257:304
93667,693,257:305
93668,694,257:307
93669,695,257:309
93670,693,257:305
93671,692,257:304
93672,692,257:304
93673,692,257:304
93674,692,257:304
93676,692,257:304
93677,692,257:304
93678,692,257:304
93679,687,257:296
93680,688,257:299
93681,691,257:302
93682,686,257:293
93683,687,257:296
93684,684,257:287
93685,684,257:287
93686,683,257:284
93687,684,257:287
93688,685,257:290
93689,684,257:287
93690,684,257:287
93692,684,257:287
93693,684,257:287
93695,684,257:287
93696,684,257:287
93698,683,257:284
93699,682,257:281
93700,680,257:278
93701,678,257:275
93702,679,257:277
93703,678,257:275
93704,677,257:272
93705,674,257:269
93707,674,257:269
93710,674,257:269
93712,674,257:269
93713,674,257:269
93714,674,257:269
93716,674,257:269
93718,674,257:269
93719,674,257:269
93720,674,257:269
93747,660,257:238
93749,660,257:238
93755,653,257:228
93756,653,257:228
93757,653,257:228
93759,652,257:227
93763,642,257:209
93765,642,257:209
93769,635,257:196
93771,635,257:196
93775,629,257:183
93777,629,257:183
93779,624,257:174
93781,624,257:174
93782,624,257:174
93783,619,257:167
93785,618,257:166
93787,619,257:167
93789,619,257:167
93793,619,257:167
93794,619,257:167
93797,615,257:155
93799,615,257:155
93805,608,257:144
93807,608,257:144
93813,608,257:144
93817,599,257:123
93819,599,257:123
93825,599,257:123
93826,599,257:123
93829,591,257:106
93833,591,257:106
93837,849,257:86
93838,849,257:86
93839,848,257:85
93843,842,257:76
93845,843,257:77
93847,843,257:77
93855,841,257:75
93856,841,257:75
93859,836,257:66
93861,836,257:66
93865,835,257:65
93869,779,257:50
93873,779,257:50
93879,732,257:39
93881,732,257:39
93889,670,257:26
93895,593,257:11
93897,588,257:10
93898,588,257:10
93901,738,257:4
93902,738,257:4
93907,637,257:2
93908,637,257:2
93909,587,257:0
93911,660,257:238
93912,662,257:241
93913,663,257:245
93915,664,257:251
93917,660,257:238
93918,659,257:237
93919,659,257:237
93921,660,257:238
93923,660,257:238
93924,660,257:238
93925,659,257:237
93927,658,257:235
93928,657,257:233
93929,656,257:231
93930,654,257:229
93931,659,257:237
93932,653,257:228
93933,653,257:228
93934,653,257:228
93936,653,257:228
93937,653,257:228
93940,652,257:227
93941,653,257:228
93943,653,257:228
93944,653,257:228
93945,653,257:228
93947,651,257:225
93948,650,257:223
93949,649,257:220
93950,647,257:217
93951,646,257:215
93953,640,257:206
93954,640,257:206
93956,640,257:206
93958,642,257:209
93959,642,257:209
93961,639,257:204
93962,638,257:201
93964,635,257:196
93965,636,257:198
93966,634,257:195
93967,634,257:195
93969,634,257:195
93972,634,257:195
93974,633,257:193
93975,632,257:190
93976,631,257:188
93977,630,257:184
93979,629,257:183
93980,629,257:183
93982,629,257:183
93983,629,257:183
93984,629,257:183
93987,627,257:180
93988,626,257:177
93989,625,257:175
93991,624,257:174
93992,624,257:174
93994,624,257:174
93995,624,257:174
93996,622,257:171
93997,620,257:168
93998,624,257:174
93999,623,257:173
94001,618,257:166
94002,619,257:167
94003,619,257:167
94004,618,257:166
94006,619,257:167
94008,619,257:167
94010,619,257:167
94013,619,257:167
94016,619,257:167
94017,619,257:167
94019,620,257:168
94020,619,257:167
94022,615,257:155
94023,617,257:159
94026,615,257:155
94028,615,257:155
94029,615,257:155
94032,611,257:148
94033,613,257:151
94034,614,257:154
94035,609,257:145
94036,608,257:144
94038,608,257:144
94039,608,257:144
94042,608,257:144
94044,608,257:144
94045,607,257:141
94046,606,257:139
94048,600,257:124
94049,601,257:127
94050,602,257:130
94051,604,257:133
94052,605,257:136
94053,603,257:132
94054,599,257:123
94057,599,257:123
94060,599,257:123
94062,599,257:123
94064,598,257:121
94065,599,257:123
94067,592,257:109
94068,594,257:112
94069,595,257:114
94070,596,257:117
94071,594,257:112
94074,591,257:106
94075,591,257:106
94079,591,257:106
94081,590,257:103
94082,591,257:106
94083,591,257:106
94084,849,257:86
94085,850,257:89
94086,845,257:82
94087,853,257:96
94088,589,257:100
94089,852,257:92
94090,849,257:86
94091,849,257:86
94092,848,257:85
94094,848,257:85
94095,848,257:85
94097,848,257:85
94098,848,257:85
94099,848,257:85
94100,846,257:83
94101,844,257:80
94102,848,257:85
94103,842,257:76
94104,842,257:76
94106,843,257:77
94108,843,257:77
94110,842,257:76
94111,842,257:76
94113,842,257:76
94115,842,257:76
94116,842,257:76
94117,836,257:66
94118,837,257:69
94119,839,257:72
94120,840,257:74
94121,842,257:76
94122,841,257:75
94123,836,257:66
94124,836,257:66
94125,836,257:66
94127,836,257:66
94128,836,257:66
94133,836,257:66
94135,836,257:66
94136,834,257:63
94137,835,257:65
94138,813,257:57
94139,779,257:50
94143,779,257:50
94145,779,257:50
94146,779,257:50
94147,779,257:50
94148,779,257:50
94149,779,257:50
94150,767,257:47
94151,784,257:51
94152,779,257:50
94153,732,257:39
94158,732,257:39
94160,732,257:39
94161,732,257:39
94162,732,257:39
94163,732,257:39
94164,732,257:39
94165,750,257:43
94166,732,257:39
94167,705,257:33
94168,723,257:37
94169,690,257:30
94170,681,257:28
94172,670,257:26
94174,675,257:27
94176,675,257:27
94177,675,257:27
94180,675,257:27
94181,675,257:27
94182,675,257:27
94184,643,257:21
94185,621,257:17
94186,612,257:15
94187,597,257:12
94188,621,257:17
94189,588,257:10
94191,593,257:11
94192,588,257:10
94194,588,257:10
94195,588,257:10
94196,588,257:10
94197,851,257:9
94198,838,257:7
94199,851,257:9
94200,689,257:3
94201,637,257:2
94203,637,257:2
94205,637,257:2
94206,637,257:2
94208,637,257:2
94210,637,257:2
94211,637,257:2
94215,587,257:0
94216,587,257:0
94217,587,257:0
94218,587,257:0
94816,776,257:491
94817,653,257:228
94818,652,257:227
94819,640,257:206
94820,640,257:206
94821,634,257:195
94822,634,257:195
94823,634,257:195
94824,629,257:183
94825,629,257:183
94826,619,257:167
94827,619,257:167
94828,619,257:167
94829,615,257:155
94830,615,257:155
94831,615,257:155
94832,615,257:155
94833,615,257:155
94834,615,257:155
94835,608,257:144
94836,608,257:144
94837,608,257:144
94838,599,257:123
94839,599,257:123
94840,599,257:123
94841,599,257:123
94842,599,257:123
94843,599,257:123
94844,591,257:106
94845,591,257:106
94846,591,257:106
94847,849,257:86
94848,848,257:85
94849,836,257:66
94850,779,257:50
94851,779,257:50
94852,732,257:39
94853,732,257:39
94854,732,257:39
94855,675,257:27
94856,675,257:27
94857,675,257:27
94858,675,257:27
94859,655,257:23
94860,588,257:10
94861,587,257:0
95332,763,257:459
95336,770,257:474
95340,776,257:491
95344,776,257:491
95348,785,257:510
95352,792,257:526
95356,800,257:541
95357,800,257:541
95358,770,257:474
95359,822,257:585
95362,800,257:541
95363,800,257:541
95380,757,257:447
95381,763,257:459
95382,770,257:474
95383,776,257:491
95384,783,257:509
95388,792,257:526
95389,800,257:541
95390,807,257:557
95391,816,257:572
95392,822,257:585
95393,807,257:557
95397,816,257:572
95401,822,257:585
95405,822,257:585
95409,763,257:459
95410,770,257:474
95412,776,257:491
95413,785,257:510
95414,792,257:526
95415,807,257:557
95416,816,257:572
95417,822,257:585
95418,822,257:585
95421,800,257:541
95422,800,257:541
95423,770,257:474
95424,822,257:585
95435,725,257:371
95436,725,257:371
95439,711,257:341
95451,725,257:371
95452,725,257:371
95453,700,257:320
95457,710,257:340
95461,710,257:340
95465,718,257:355
95469,725,257:371
95479,693,257:305
95480,700,257:320
95481,710,257:340
95482,718,257:355
95483,725,257:371
95484,730,257:381
95485,734,257:391
95486,746,257:419
95487,752,257:432
95488,746,257:419
95492,752,257:432
95496,756,257:446
95500,725,257:371
95501,725,257:371
95504,711,257:341
95516,700,257:320
95517,710,257:340
95518,710,257:340
95519,718,257:355
95520,725,257:371
95521,746,257:419
95522,752,257:432
95523,756,257:446
96207,652,257:227
96217,653,257:228
96220,684,257:287
96236,615,257:155
96237,618,257:166
96241,628,257:182
96264,623,257:173
96266,653,257:228
96278,615,257:155
96279,618,257:166
96280,618,257:166
96281,628,257:182
96282,634,257:195
96283,653,257:228
96284,653,257:228
96285,659,257:237
96286,667,257:256
96287,674,257:269
96288,684,257:287
96297,653,257:228
96298,653,257:228
96318,587,257:0
96319,593,257:11
96320,670,257:26
96321,732,257:39
96322,779,257:50
96323,843,257:77
96324,591,257:106
96327,670,257:26
96328,779,257:50
96329,836,257:66
96330,836,257:66
96331,843,257:77
96332,591,257:106
96336,591,257:106
96345,843,257:77
96346,843,257:77
96359,587,257:0
96360,843,257:77
96364,670,257:26
96365,591,257:106
96372,593,257:11
96373,670,257:26
96374,732,257:39
96375,779,257:50
96376,836,257:66
96377,836,257:66
96378,843,257:77
96379,591,257:106
96380,591,257:106
96381,599,257:123
96405,608,257:144
96406,616,257:156
96407,619,257:167
96408,623,257:173
96409,629,257:183
96410,634,257:195
96414,652,257:227
96415,642,257:209
96416,653,257:228
96417,668,257:257
96418,668,257:257
96419,674,257:269
96423,659,257:237
96426,667,257:256
96430,674,257:269
96437,618,257:166
96441,634,257:195
96445,653,257:228
96452,667,257:256
96454,653,257:228
96465,843,257:77
96466,843,257:77
96467,670,257:26
96468,591,257:106
96473,836,257:66
96474,849,257:86
96475,599,257:123
96476,593,257:11
96477,732,257:39
96480,599,257:123
98141,785,257:510
98142,777,257:492
98151,644,257:210
98152,645,257:212
98153,641,257:207
98154,634,257:195
98155,619,257:167
98156,619,257:167
98157,619,257:167
98158,619,257:167
98159,615,257:155
98160,615,257:155
98161,609,257:145
98162,608,257:144
98163,608,257:144
98164,608,257:144
98165,608,257:144
98166,599,257:123
98167,599,257:123
98168,599,257:123
98169,591,257:106
98170,591,257:106
98171,591,257:106
98172,591,257:106
98173,848,257:85
98174,843,257:77
98175,843,257:77
98176,842,257:76
98177,842,257:76
98178,836,257:66
98179,836,257:66
98181,836,257:66
98182,836,257:66
98183,779,257:50
98184,779,257:50
98185,779,257:50
98187,779,257:50
98188,732,257:39
98189,670,257:26
98190,588,257:10
98191,593,257:11
98194,637,257:2
98195,637,257:2
98196,666,257:255
98198,666,257:255
98202,666,257:255
98203,669,257:258
98204,671,257:261
98205,672,257:264
98206,673,257:267
98208,667,257:256
98210,667,257:256
98213,666,257:255
98214,666,257:255
98220,666,257:255
98221,666,257:255
98222,666,257:255
98223,667,257:256
98224,665,257:252
98225,666,257:255
98275,786,257:511
98276,758,257:448
98277,726,257:372
98278,587,257:0
98279,847,257:84
98281,635,257:196
98282,676,257:270
103904,897,360:3
103905,897,360:3
103907,854,360:0
103908,876,360:20
103910,903,360:47
103911,903,360:47
103913,903,360:47
103915,905,360:57
103916,905,360:57
103917,905,360:57
103918,905,360:57
103919,905,360:57
103921,909,360:85
103922,909,360:85
103923,909,360:85
103925,855,360:104
103926,855,360:104
103928,855,360:104
103930,860,360:121
103931,860,360:121
103932,860,360:121
103937,867,360:161
103938,867,360:161
103940,867,360:161
103941,868,360:162
103942,868,360:162
103943,868,360:162
103945,869,360:172
103946,870,360:173
103947,870,360:173
103948,870,360:173
103949,870,360:173
103951,872,360:186
103952,872,360:186
103954,878,360:205
103955,878,360:205
103957,875,360:194
103959,879,360:210
103960,879,360:210
103961,879,360:210
103962,879,360:210
103964,879,360:210
103965,882,360:230
103966,882,360:230
103968,882,360:230
103969,885,360:247
103970,885,360:247
103971,885,360:247
103973,887,360:265
103974,890,360:281
103975,891,360:282
103976,890,360:281
103977,891,360:282
103979,894,360:293
103980,894,360:293
103982,892,360:283
103984,899,360:300
103986,899,360:300
103988,899,360:300
103989,899,360:300
103991,899,360:300
103993,899,360:300
103995,899,360:300
103996,899,360:300
103997,899,360:300
103998,899,360:300
104000,876,360:20
104002,876,360:20
104004,876,360:20
104005,876,360:20
104007,876,360:20
104009,876,360:20
104011,876,360:20
104012,876,360:20
104014,876,360:20
104016,876,360:20
104017,876,360:20
104018,876,360:20
104020,876,360:20
104022,876,360:20
104024,876,360:20
104025,876,360:20
104026,900,360:4
104027,876,360:20
104028,889,360:28
104029,898,360:30
104030,901,360:43
104031,902,360:45
104032,904,360:56
104033,906,360:58
104034,907,360:71
104035,908,360:83
104036,909,360:85
104037,910,360:87
104038,911,360:96
104039,856,360:108
104040,857,360:110
104041,858,360:111
104042,859,360:120
104043,861,360:122
104044,862,360:134
104045,864,360:145
104046,865,360:157
104047,866,360:159
104048,868,360:162
104049,869,360:172
104050,871,360:174
104051,873,360:191
104052,874,360:193
104053,877,360:200
104054,877,360:200
104055,879,360:210
104056,880,360:212
104057,881,360:229
104058,883,360:231
104059,884,360:246
104060,886,360:248
104061,887,360:265
104062,888,360:268
104063,892,360:283
104064,893,360:284
104065,895,360:294
104066,896,360:298
104813,568,217:784
104814,580,217:842
113981,913,414:14
113983,915,414:42
113985,912,414:0
113987,919,414:8
113988,920,414:9
113990,913,414:14
113991,913,414:14
113992,913,414:14
113994,915,414:42
113995,915,414:42
113996,915,414:42
113997,915,414:42
113998,916,414:68
113999,917,414:72
114000,918,414:78
114011,912,414:0
114012,920,414:9
114013,913,414:14
114014,915,414:42
114015,917,414:72
114016,918,414:78
115208,921,418:0
115209,921,418:0
115211,921,418:0
115215,953,418:13
115216,953,418:13
115217,953,418:13
115218,953,418:13
115219,953,418:13
115223,1027,418:28
115224,1027,418:28
115225,1027,418:28
115229,1027,418:28
115230,1027,418:28
115231,1027,418:28
115235,1132,418:42
115236,1132,418:42
115237,1143,418:43
115238,1143,418:43
115239,1132,418:42
115240,1143,418:43
115244,1164,418:55
115245,1164,418:55
115246,1165,418:56
115247,1164,418:55
115248,1165,418:56
115252,1181,418:70
115253,1179,418:69
115254,1181,418:70
115255,1181,418:70
115256,1181,418:70
115260,1193,418:81
115261,1193,418:81
115262,1193,418:81
115263,1193,418:81
115264,1194,418:82
115268,1206,418:93
115269,1206,418:93
115271,1206,418:93
115275,1207,418:94
115276,1207,418:94
115277,1207,418:94
115278,1206,418:93
115282,930,418:106
115283,930,418:106
115284,930,418:106
115285,930,418:106
115286,930,418:106
115290,947,418:122
115291,947,418:122
115292,947,418:122
115293,947,418:122
115298,951,418:128
115299,951,418:128
115302,962,418:138
115303,962,418:138
115304,962,418:138
115305,962,418:138
115310,972,418:147
115311,972,418:147
115312,972,418:147
115313,972,418:147
115315,972,418:147
115319,983,418:157
115320,983,418:157
115321,983,418:157
115322,983,418:157
115323,983,418:157
115325,983,418:157
115337,1136,418:423
115338,1136,418:423
115339,1136,418:423
115340,1137,418:424
115345,1126,418:414
115346,1126,418:414
115347,1126,418:414
115348,1126,418:414
115349,1126,418:414
115353,1126,418:414
115354,1126,418:414
115355,1126,418:414
115359,1114,418:403
115360,1115,418:404
115361,1115,418:404
115362,1115,418:404
115363,1115,418:404
115364,1115,418:404
115369,1103,418:394
115370,1103,418:394
115371,1104,418:395
115372,1104,418:395
115373,1104,418:395
115374,1104,418:395
115379,1093,418:385
115380,1092,418:384
115381,1092,418:384
115382,1092,418:384
115383,1092,418:384
115384,1092,418:384
115385,1093,418:385
115389,1080,418:373
115390,1080,418:373
115391,1082,418:375
115392,1083,418:376
115393,1083,418:376
115394,1083,418:376
115398,1060,418:355
115400,1060,418:355
115401,1060,418:355
115406,1061,418:356
115407,1061,418:356
115408,1061,418:356
115409,1060,418:355
115410,1061,418:356
115414,1048,418:344
115415,1048,418:344
115416,1048,418:344
115417,1048,418:344
115418,1048,418:344
115536,1027,418:28
115537,1027,418:28
115540,983,418:157
115541,983,418:157
115544,1060,418:355
115545,1060,418:355
115548,1020,418:260
115549,1020,418:260
115552,921,418:0
115553,921,418:0
115555,953,418:13
115556,953,418:13
115558,1027,418:28
115559,1031,418:29
115560,1027,418:28
115561,1027,418:28
115562,1027,418:28
115563,1027,418:28
115567,1027,418:28
115568,1027,418:28
115571,1027,418:28
115572,1027,418:28
115578,1027,418:28
115579,1027,418:28
115581,953,418:13
115582,1027,418:28
115584,1027,418:28
115585,1027,418:28
115587,921,418:0
115589,1027,418:28
115591,1165,418:56
115592,1164,418:55
115593,1164,418:55
115595,1182,418:71
115596,1179,418:69
115597,1179,418:69
115599,1193,418:81
115600,1193,418:81
115602,1206,418:93
115603,1206,418:93
115605,930,418:106
115606,930,418:106
115607,930,418:106
115609,948,418:123
115610,947,418:122
115611,947,418:122
115613,952,418:129
115615,962,418:138
115616,962,418:138
115617,963,418:139
115618,962,418:138
115619,962,418:138
115621,972,418:147
115622,972,418:147
115624,983,418:157
115625,983,418:157
115626,983,418:157
115627,983,418:157
115628,983,418:157
115629,983,418:157
115633,983,418:157
115634,983,418:157
115637,983,418:157
115638,983,418:157
115644,983,418:157
115645,983,418:157
115647,951,418:128
115648,1147,418:433
115651,983,418:157
115652,983,418:157
115654,1194,418:82
115656,983,418:157
115658,988,418:171
115659,988,418:171
115660,988,418:171
115661,988,418:171
115663,1147,418:433
115665,1136,418:423
115666,1136,418:423
115668,1136,418:423
115669,1136,418:423
115671,1126,418:414
115672,1126,418:414
115674,1115,418:404
115675,1115,418:404
115676,1115,418:404
115678,1103,418:394
115679,1103,418:394
115681,1092,418:384
115682,1092,418:384
115684,1080,418:373
115685,1080,418:373
115689,1060,418:355
115690,1060,418:355
115693,1060,418:355
115694,1060,418:355
115700,1060,418:355
115701,1060,418:355
115703,1048,418:344
115707,1060,418:355
115709,1060,418:355
115711,1060,418:355
115714,1061,418:356
115716,1060,418:355
115717,1060,418:355
115718,1060,418:355
115719,1060,418:355
115720,1060,418:355
115722,1048,418:344
115724,1043,418:327
115725,1043,418:327
115726,1043,418:327
115728,1039,418:316
115729,1039,418:316
115731,1035,418:302
115732,1035,418:302
115733,1035,418:302
115735,1029,418:287
115736,1029,418:287
115737,1029,418:287
115738,1029,418:287
115740,1026,418:276
115742,1023,418:273
115743,1024,418:274
115744,1023,418:273
115745,1024,418:274
115747,1020,418:260
115748,1020,418:260
115749,1020,418:260
115750,1020,418:260
115754,1020,418:260
115755,1020,418:260
115758,1020,418:260
115759,1020,418:260
115765,1020,418:260
115766,1020,418:260
115768,1005,418:223
115769,1026,418:276
115772,1020,418:260
115773,1020,418:260
115775,1020,418:260
115777,1020,418:260
115779,1014,418:246
115780,1014,418:246
115781,1014,418:246
115783,1009,418:232
115785,1005,418:223
115787,1001,418:218
115788,1001,418:218
115789,1002,418:219
115790,1001,418:218
115791,1001,418:218
115793,993,418:187
115794,992,418:186
115795,992,418:186
115797,953,418:13
115798,953,418:13
115800,952,418:129
115801,952,418:129
115803,1147,418:433
115804,1147,418:433
115806,1048,418:344
115807,1048,418:344
115809,1026,418:276
115810,1026,418:276
115812,1005,418:223
115813,1005,418:223
115815,921,418:0
115821,953,418:13
115827,953,418:13
115833,1027,418:28
115839,1027,418:28
115845,1132,418:42
115851,1164,418:55
115857,1181,418:70
115863,1193,418:81
115869,1207,418:94
115875,929,418:105
115881,947,418:122
115887,951,418:128
115893,962,418:138
115899,972,418:147
115905,983,418:157
115911,983,418:157
115917,988,418:171
115923,1147,418:433
115929,1136,418:423
115935,1126,418:414
115941,1115,418:404
115947,1104,418:395
115953,1092,418:384
115959,1082,418:375
115965,1060,418:355
115971,1060,418:355
115977,1048,418:344
115983,1043,418:327
115989,1039,418:316
115995,1035,418:302
116001,1029,418:287
116007,1026,418:276
116013,1024,418:274
116019,1020,418:260
116025,1020,418:260
116031,1014,418:246
116037,1008,418:231
116043,1005,418:223
116049,1002,418:219
116055,998,418:203
116061,993,418:187
116066,922,418:1
116067,945,418:12
116068,964,418:14
116069,1022,418:27
116070,1031,418:29
116071,1121,418:41
116072,1152,418:44
116073,1163,418:54
116074,1165,418:56
116075,1167,418:58
116076,1170,418:60
116077,1179,418:69
116078,1182,418:71
116079,1188,418:77
116080,1193,418:81
116081,1194,418:82
116082,1205,418:92
116083,1208,418:95
116084,929,418:105
116085,931,418:107
116086,991,418:185
116087,993,418:187
116088,997,418:202
116089,998,418:203
116090,1001,418:218
116091,1004,418:220
116092,1006,418:229
116093,1009,418:232
116094,1010,418:238
116095,1012,418:244
116096,1013,418:245
116097,1015,418:247
116098,1017,418:251
116099,1018,418:259
116100,1021,418:261
116101,1023,418:273
116102,1025,418:275
116103,1028,418:286
116104,1030,418:288
116105,1034,418:301
116106,1061,418:356
116107,1079,418:372
116108,1083,418:376
116109,1091,418:383
116110,1093,418:385
116111,1097,418:389
116112,1100,418:391
116113,1102,418:393
116114,1104,418:395
116115,1106,418:397
116116,1114,418:403
116117,1116,418:405
116118,1125,418:413
116119,1126,418:414
116120,1127,418:415
116121,1131,418:419
116122,1135,418:422
116123,1138,418:425
116124,1150,418:436
116125,946,418:120
116126,948,418:123
116127,961,418:137
116128,963,418:139
116129,970,418:145
116130,973,418:148
116131,981,418:155
116132,984,418:159
116133,986,418:169
116134,989,418:172
116135,1036,418:303
116136,1038,418:315
116137,1040,418:317
116138,1042,418:326
116139,1044,418:328
116140,1047,418:343
116141,1047,418:343
116142,1049,418:345
116143,1058,418:353
116144,1060,418:355
116148,1060,418:355
117764,1039,418:316
117765,1060,418:355
117767,1027,418:28
117768,1027,418:28
117769,983,418:157
117770,983,418:157
117771,1061,418:356
117772,999,418:204
117773,1020,418:260
120151,409,15:12
120153,409,15:12
120154,409,15:12
120155,409,15:12
120156,409,15:12
120161,414,15:2
120162,414,15:2
120165,436,15:5
120166,436,15:5
120169,422,15:3
120171,401,15:0
120172,401,15:0
120225,409,15:12
120226,409,15:12
120227,409,15:12
120228,409,15:12
120230,409,15:12
120231,409,15:12
120232,409,15:12
120233,409,15:12
120234,409,15:12
120235,409,15:12
120236,409,15:12
120237,409,15:12
120238,409,15:12
120239,409,15:12
120240,409,15:12
120241,409,15:12
120242,453,15:7
120243,408,15:11
120244,408,15:11
120245,453,15:7
120246,453,15:7
120247,453,15:7
120248,422,15:3
120249,422,15:3
120250,414,15:2
120251,414,15:2
120252,422,15:3
120253,402,15:1
120254,401,15:0
120255,401,15:0
120256,401,15:0
120257,401,15:0
120258,401,15:0
120259,401,15:0
120260,401,15:0
120261,401,15:0
120262,401,15:0
120263,401,15:0
120264,401,15:0
120265,401,15:0
120266,401,15:0
120267,401,15:0
120289,407,15:106
120290,407,15:106
120291,406,15:105
120297,467,15:88
120298,467,15:88
120299,467,15:88
120300,467,15:88
120305,469,15:90
120309,469,15:90
120311,470,15:91
120312,470,15:91
120315,466,15:87
120317,465,15:86
120318,465,15:86
120325,463,15:82
120326,463,15:82
120331,460,15:78
120332,460,15:78
120335,459,15:77
120336,459,15:77
120337,458,15:76
120338,458,15:76
120345,448,15:63
120346,448,15:63
120347,447,15:62
120348,447,15:62
120355,442,15:58
120356,442,15:58
120359,437,15:50
120360,437,15:50
120361,435,15:49
120362,435,15:49
120365,433,15:47
120366,433,15:47
120367,433,15:47
120368,433,15:47
120379,423,15:30
120380,423,15:30
120381,421,15:29
120383,420,15:28
120385,420,15:28
120386,420,15:28
120395,410,15:13
120396,410,15:13
120397,410,15:13
120398,410,15:13
120399,408,15:11
120407,436,15:5
120408,436,15:5
120413,401,15:0
120414,401,15:0
120457,407,15:106
120458,407,15:106
120459,407,15:106
120460,406,15:105
120462,405,15:103
120463,405,15:103
120464,405,15:103
120465,404,15:102
120466,405,15:103
120467,403,15:100
120468,403,15:100
120469,474,15:98
120470,475,15:99
120471,475,15:99
120472,473,15:97
120473,473,15:97
120474,472,15:94
120475,472,15:94
120476,472,15:94
120477,472,15:94
120478,471,15:92
120479,471,15:92
120480,469,15:90
120482,469,15:90
120483,469,15:90
120485,469,15:90
120487,469,15:90
120488,469,15:90
120490,469,15:90
120491,469,15:90
120492,466,15:87
120493,466,15:87
120494,466,15:87
120495,466,15:87
120497,466,15:87
120499,466,15:87
120500,466,15:87
120501,466,15:87
120503,465,15:86
120504,465,15:86
120505,465,15:86
120506,464,15:83
120507,464,15:83
120508,464,15:83
120509,462,15:81
120510,463,15:82
120511,463,15:82
120512,461,15:79
120513,461,15:79
120514,461,15:79
120515,461,15:79
120516,460,15:78
120517,460,15:78
120518,460,15:78
120519,459,15:77
120520,458,15:76
120521,459,15:77
120522,459,15:77
120523,459,15:77
120524,457,15:74
120525,457,15:74
120526,457,15:74
120527,455,15:71
120528,454,15:70
120529,455,15:71
120530,451,15:67
120531,450,15:66
120532,451,15:67
120533,448,15:63
120534,448,15:63
120535,448,15:63
120537,443,15:59
120538,445,15:60
120539,445,15:60
120540,441,15:55
120541,441,15:55
120542,441,15:55
120543,442,15:58
120544,442,15:58
120545,442,15:58
120546,438,15:51
120547,439,15:52
120548,439,15:52
120549,435,15:49
120550,435,15:49
120551,435,15:49
120552,435,15:49
120553,434,15:48
120554,434,15:48
120555,434,15:48
120556,434,15:48
120557,434,15:48
120558,434,15:48
120559,431,15:44
120560,430,15:43
120561,431,15:44
120562,429,15:40
120563,429,15:40
120564,429,15:40
120565,428,15:39
120566,428,15:39
120567,428,15:39
120568,427,15:36
120569,426,15:34
120570,427,15:36
120571,424,15:31
120572,424,15:31
120573,421,15:29
120574,421,15:29
120575,421,15:29
120576,421,15:29
120577,421,15:29
120578,420,15:28
120580,421,15:29
120582,421,15:29
120583,421,15:29
120584,421,15:29
120585,416,15:23
120586,415,15:20
120587,415,15:20
120588,415,15:20
120589,413,15:19
120590,413,15:19
120591,413,15:19
120592,411,15:14
120593,411,15:14
120594,411,15:14
120595,409,15:12
120596,409,15:12
120597,409,15:12
120598,409,15:12
120599,409,15:12
120600,409,15:12
120602,408,15:11
120604,408,15:11
120605,408,15:11
120606,468,15:9
120607,468,15:9
120608,468,15:9
120609,444,15:6
120610,444,15:6
120612,444,15:6
120613,436,15:5
120614,436,15:5
120615,422,15:3
120616,422,15:3
120617,414,15:2
120618,414,15:2
120619,401,15:0
120620,401,15:0
120624,420,15:28
120674,407,15:106
120675,403,15:100
120676,475,15:99
120677,472,15:94
120678,470,15:91
120679,469,15:90
120680,469,15:90
120681,467,15:88
120682,466,15:87
120683,466,15:87
120684,463,15:82
120685,460,15:78
120686,459,15:77
120687,456,15:72
120688,452,15:69
120689,447,15:62
120690,442,15:58
120691,442,15:58
120692,440,15:54
120693,435,15:49
120694,433,15:47
120695,428,15:39
120696,425,15:33
120697,423,15:30
120698,421,15:29
120699,419,15:26
120700,416,15:23
120701,412,15:17
120702,409,15:12
120703,409,15:12
120704,468,15:9
120705,444,15:6
120706,422,15:3
120966,448,15:63
120967,1143,418:43
121145,920,414:9
121146,920,414:9
121147,917,414:72
121148,917,414:72
121149,913,414:14
121150,915,414:42
121151,912,414:0
121152,913,414:14
121153,915,414:42
121160,917,414:72
121161,914,414:2
121167,913,414:14
121168,915,414:42
135187,1214,477:1
135188,1214,477:1
135189,1220,477:4
135190,1220,477:4
135191,1220,477:4
135192,1220,477:4
135193,1219,477:36
135194,1219,477:36
135195,1221,477:51
135196,1221,477:51
135197,1222,477:72
135198,1222,477:72
135199,1223,477:84
135200,1223,477:84
135201,1216,477:2
135202,1220,477:4
135203,1220,477:4
135204,1215,477:19
135205,1217,477:20
135206,1217,477:20
135207,1217,477:20
135208,1217,477:20
135209,1218,477:35
135210,1219,477:36
135211,1219,477:36
135212,1219,477:36
135213,1219,477:36
135215,1221,477:51
135216,1221,477:51
135217,1221,477:51
135219,1222,477:72
135220,1222,477:72
135221,1222,477:72
135222,1222,477:72
135223,1222,477:72
135225,1225,477:92
135228,1213,477:0
135232,1213,477:0
135233,1217,477:20
135234,1219,477:36
135235,1221,477:51
135236,1222,477:72
135237,1225,477:92
143491,1274,505:73
143492,1273,505:70
143493,1273,505:70
143494,1274,505:73
143497,1268,505:61
143498,1268,505:61
143499,1268,505:61
143503,1268,505:61
143505,1263,505:43
143506,1263,505:43
143508,1263,505:43
143510,1263,505:43
143511,1263,505:43
143512,1263,505:43
143513,1263,505:43
143514,1263,505:43
143515,1263,505:43
143517,1262,505:40
143518,1262,505:40
143520,1246,505:19
143521,1246,505:19
143523,1245,505:18
143526,1245,505:18
143527,1245,505:18
143528,1245,505:18
143530,1243,505:172
143531,1243,505:172
143532,1226,505:0
143533,1243,505:172
143534,1243,505:172
143535,1243,505:172
143537,1243,505:172
143538,1243,505:172
143539,1243,505:172
143541,1243,505:172
143543,1247,505:192
143544,1247,505:192
143545,1247,505:192
143546,1249,505:195
143548,1249,505:195
143552,1247,505:192
143553,1247,505:192
143554,1247,505:192
143555,1247,505:192
143556,1255,505:211
143557,1255,505:211
143558,1255,505:211
143564,1255,505:211
143565,1255,505:211
143567,1258,505:230
143568,1258,505:230
143570,1237,505:148
143571,1237,505:148
143577,1237,505:148
143580,1233,505:128
143587,1233,505:128
143588,1231,505:124
143590,1231,505:124
143592,1231,505:124
143593,1231,505:124
143594,1228,505:110
143595,1228,505:110
143596,1228,505:110
143597,1228,505:110
143599,1228,505:110
143600,1228,505:110
143602,1278,505:88
143603,1278,505:88
143610,1278,505:88
143611,1276,505:83
143613,1276,505:83
143614,1272,505:68
143615,1272,505:68
143616,1270,505:66
143620,1266,505:50
143621,1266,505:50
143622,1266,505:50
143623,1266,505:50
143624,1266,505:50
143625,1266,505:50
143626,1266,505:50
143627,1266,505:50
143630,1266,505:50
143632,1261,505:34
143633,1261,505:34
143634,1261,505:34
143635,1261,505:34
143636,1261,505:34
143637,1261,505:34
143638,1261,505:34
143642,1261,505:34
143643,1261,505:34
143644,1261,505:34
143647,1261,505:34
143648,1240,505:16
143649,1240,505:16
143650,1240,505:16
143651,1240,505:16
143652,1240,505:16
143653,1240,505:16
143661,1274,505:73
143663,1274,505:73
143665,1268,505:61
143667,1268,505:61
143669,1263,505:43
143671,1263,505:43
143673,1263,505:43
143674,1263,505:43
143675,1245,505:18
143677,1245,505:18
143679,1243,505:172
143681,1243,505:172
143683,1243,505:172
143685,1249,505:195
143687,1249,505:195
143689,1247,505:192
143690,1247,505:192
143691,1255,505:211
143693,1255,505:211
143695,1258,505:230
143696,1258,505:230
143699,1237,505:148
143701,1237,505:148
143703,1231,505:124
143705,1231,505:124
143707,1228,505:110
143709,1228,505:110
143711,1276,505:83
143713,1276,505:83
143715,1266,505:50
143717,1266,505:50
143719,1261,505:34
143721,1261,505:34
144735,1279,508:0
144736,1279,508:0
144737,1305,508:3
144739,1290,508:20
144740,1290,508:20
144741,1298,508:28
144742,1298,508:28
144743,1302,508:29
144744,1302,508:29
144745,1307,508:47
144747,1309,508:57
144749,1309,508:57
144751,1310,508:85
144752,1310,508:85
144753,1310,508:85
144755,1280,508:104
144756,1280,508:104
144757,1281,508:109
144758,1281,508:109
144759,1282,508:110
144760,1282,508:110
144761,1283,508:121
144762,1283,508:121
144763,1283,508:121
144764,1283,508:121
144765,1284,508:161
144766,1284,508:161
144767,1285,508:162
144768,1285,508:162
144769,1286,508:173
144771,1286,508:173
144773,1288,508:186
144774,1288,508:186
144775,1289,508:192
144776,1289,508:192
144777,1289,508:192
144779,1291,508:200
144781,1291,508:200
144782,1291,508:200
144783,1292,508:205
144784,1292,508:205
144785,1293,508:210
144786,1293,508:210
144787,1293,508:210
144789,1294,508:230
144791,1294,508:230
144793,1295,508:247
144795,1295,508:247
144797,1296,508:265
144798,1296,508:265
144799,1297,508:268
144800,1297,508:268
144801,1297,508:268
144802,1297,508:268
144803,1301,508:285
144805,1301,508:285
144807,1303,508:293
144809,1304,508:294
144810,1304,508:294
144811,1306,508:300
144812,1306,508:300
144813,1305,508:3
144814,1305,508:3
144816,1290,508:20
144817,1290,508:20
144818,1302,508:29
144820,1307,508:47
144821,1309,508:57
144822,1309,508:57
144823,1309,508:57
144824,1310,508:85
144825,1310,508:85
144826,1310,508:85
144828,1282,508:110
144829,1282,508:110
144830,1283,508:121
144831,1283,508:121
144833,1285,508:162
144834,1285,508:162
144835,1284,508:161
144836,1286,508:173
144837,1286,508:173
144839,1288,508:186
144840,1289,508:192
144841,1288,508:186
144845,1292,508:205
144846,1293,508:210
144847,1293,508:210
144848,1293,508:210
144849,1294,508:230
144850,1294,508:230
144851,1294,508:230
144852,1295,508:247
144853,1295,508:247
144854,1295,508:247
144855,1296,508:265
144856,1296,508:265
144857,1297,508:268
144859,1301,508:285
144860,1301,508:285
144861,1299,508:282
144862,1304,508:294
144864,1306,508:300
144865,1306,508:300
144866,1306,508:300
144868,1306,508:300
144869,1306,508:300
144871,1308,508:5
144872,1308,508:5
144873,1290,508:20
144874,1308,508:5
144875,1287,508:180
144876,1305,508:3
144877,1290,508:20
144878,1307,508:47
144879,1309,508:57
144880,1310,508:85
144881,1283,508:121
144882,1284,508:161
144883,1286,508:173
144884,1288,508:186
144885,1292,508:205
144886,1293,508:210
144887,1294,508:230
144888,1295,508:247
144889,1299,508:282
144890,1304,508:294
144891,1306,508:300
147008,1240,505:16
147010,1240,505:16
147011,1240,505:16
147013,1226,505:0
147016,1263,505:43
147017,1261,505:34
147018,1261,505:34
147019,1240,505:16
147024,1274,505:73
147025,1273,505:70
147026,1273,505:70
147027,1268,505:61
147028,1268,505:61
147029,1263,505:43
147030,1263,505:43
147031,1263,505:43
147032,1243,505:172
147033,1245,505:18
147034,1245,505:18
147035,1243,505:172
147036,1243,505:172
147037,1249,505:195
147038,1249,505:195
147039,1247,505:192
147040,1255,505:211
147041,1255,505:211
147042,1258,505:230
147043,1258,505:230
147044,1237,505:148
147045,1237,505:148
147046,1237,505:148
147047,1231,505:124
147048,1231,505:124
147049,1228,505:110
147050,1276,505:83
147051,1276,505:83
147052,1228,505:110
147053,1266,505:50
147054,1266,505:50
147055,1261,505:34
147056,1261,505:34
147096,1243,505:172
147097,1243,505:172
147098,1243,505:172
147099,1243,505:172
147100,1243,505:172
147101,1243,505:172
147102,1243,505:172
147103,1243,505:172
147104,1243,505:172
147105,1243,505:172
147106,1243,505:172
147107,1243,505:172
147108,1243,505:172
147109,1243,505:172
147110,1243,505:172
147111,1243,505:172
147112,1243,505:172
147113,1243,505:172
147116,1255,505:211
147117,1249,505:195
147118,1243,505:172
147119,1236,505:147
147120,1231,505:124
147121,1228,505:110
147122,1243,505:172
147123,1243,505:172
147124,1231,505:124
147125,1228,505:110
147126,1249,505:195
147127,1255,505:211
147128,1249,505:195
147129,1249,505:195
147130,1249,505:195
147131,1249,505:195
147132,1249,505:195
147133,1249,505:195
147134,1249,505:195
147135,1249,505:195
147136,1237,505:148
147140,1243,505:172
147141,1243,505:172
147142,1231,505:124
147143,1228,505:110
147144,1249,505:195
147145,1255,505:211
147146,1249,505:195
147147,1249,505:195
147148,1249,505:195
147149,1249,505:195
147150,1249,505:195
147151,1249,505:195
147152,1237,505:148
147155,1261,505:34
147156,1261,505:34
147157,1240,505:16
147158,1261,505:34
147159,1261,505:34
147160,1261,505:34
147161,1261,505:34
147162,1261,505:34
147163,1261,505:34
147164,1276,505:83
147165,1271,505:67
147167,1261,505:34
147168,1261,505:34
147169,1240,505:16
147170,1261,505:34
147171,1261,505:34
147172,1261,505:34
147173,1261,505:34
147174,1261,505:34
147175,1261,505:34
147176,1261,505:34
147179,1243,505:172
147180,1243,505:172
147181,1243,505:172
147182,1243,505:172
147183,1243,505:172
147184,1243,505:172
147185,1243,505:172
147186,1243,505:172
147187,1257,505:228
147188,1256,505:212
147189,1254,505:209
147190,1253,505:207
147191,1252,505:206
147192,1250,505:197
147193,1248,505:193
147194,1244,505:174
147195,1242,505:171
147196,1238,505:149
147197,1235,505:145
147198,1232,505:125
147199,1230,505:122
147200,1229,505:111
147201,1227,505:108
147202,1277,505:85
147203,1275,505:82
147204,1272,505:68
147205,1269,505:65
147206,1267,505:51
147207,1264,505:48
147208,1261,505:34
147209,1259,505:31
147210,1241,505:17
147211,1234,505:14
147212,1251,505:2
147802,1243,505:172
147803,1243,505:172
147804,1243,505:172
147805,1243,505:172
147806,1243,505:172
147807,1243,505:172
147808,1243,505:172
147812,1261,505:34
147813,1261,505:34
147814,1261,505:34
147932,1247,505:192
147933,1261,505:34
147934,1276,505:83
147935,1271,505:67
147936,1265,505:49
147937,1260,505:33
147938,1239,505:15
147939,1226,505:0
147940,1276,505:83
147941,1271,505:67
148745,1274,505:73
148746,1243,505:172
148747,1243,505:172
148864,1268,505:61
148865,1263,505:43
148866,1241,505:17
154847,409,15:12
154848,409,15:12
154849,422,15:3
154850,401,15:0
154851,401,15:0
155051,433,15:47
157261,420,15:28
157284,1245,505:18
157285,1243,505:172
157286,1243,505:172
157287,1243,505:172
157288,1249,505:195
157289,1249,505:195
157290,1255,505:211
157292,1258,505:230
157293,1237,505:148
157294,1237,505:148
157295,1237,505:148
157297,1231,505:124
157298,1231,505:124
157299,1231,505:124
157300,1228,505:110
157302,1228,505:110
157303,1276,505:83
157305,1276,505:83
157306,1276,505:83
157307,1276,505:83
157308,1276,505:83
157309,1226,505:0
157310,1226,505:0
157311,1226,505:0
157316,1240,505:16
157320,1226,505:0
157322,1261,505:34
157323,1240,505:16
157324,1240,505:16
157325,1226,505:0
157326,1226,505:0
158894,1321,618:2
158899,1326,618:4
158904,1326,618:4
158909,1319,618:10
158914,1320,618:19
158919,1322,618:21
158924,1323,618:28
158929,1324,618:35
158934,1325,618:37
158939,1327,618:44
158944,1328,618:50
158949,1329,618:52
158954,1330,618:61
158959,1331,618:71
158964,1332,618:73
158969,1333,618:82
158974,1334,618:92
158985,1335,619:0
158986,1335,619:0
158987,1335,619:0
158988,1335,619:0
158991,1335,619:0
158992,1335,619:0
158995,1335,619:0
158997,1335,619:0
158998,1335,619:0
158999,1335,619:0
159000,1335,619:0
159002,1336,619:20
159003,1336,619:20
159004,1336,619:20
159006,1336,619:20
159007,1336,619:20
159009,1336,619:20
159010,1336,619:20
159012,1337,619:36
159013,1337,619:36
159014,1337,619:36
159016,1338,619:51
159017,1338,619:51
159018,1338,619:51
159020,1339,619:72
159021,1339,619:72
159022,1339,619:72
162754,1340,645:0
162757,1350,645:15
162761,1380,645:34
162765,1413,645:55
162766,1413,645:55
162769,1413,645:55
162770,1413,645:55
162771,1413,645:55
162774,1416,645:74
162775,1416,645:74
162778,1420,645:93
162779,1420,645:93
162782,1342,645:103
162783,1342,645:103
162786,1344,645:116
162787,1344,645:116
162791,1347,645:136
162795,1351,645:154
162798,1353,645:168
162801,1355,645:185
162805,1359,645:213
162809,1362,645:227
162813,1366,645:248
162818,1369,645:262
162822,1371,645:276
162825,1373,645:291
162826,1373,645:291
162829,1376,645:305
162830,1376,645:305
162833,1376,645:305
162834,1376,645:305
162835,1376,645:305
162838,1379,645:324
162839,1379,645:324
162843,1381,645:341
162846,1384,645:359
162847,1384,645:359
162850,1385,645:373
162854,1390,645:400
162855,1390,645:400
162858,1395,645:423
162861,1397,645:440
162865,1397,645:440
162866,1397,645:440
162867,1397,645:440
162870,1400,645:464
162874,1403,645:481
162878,1407,645:502
162879,1407,645:502
162882,1411,645:522
162885,1353,645:168
162889,1353,645:168
162911,1353,645:168
166955,494,16:217
168445,1220,477:4
168535,1351,645:154
171367,500,16:254
171368,500,16:254
171369,497,16:228
171993,779,257:50
171994,794,257:53
171995,809,257:56
171996,830,257:60
178249,1413,645:55
178251,1413,645:55
178252,1413,645:55
178254,1353,645:168
178256,1353,645:168
178257,1353,645:168
178259,1376,645:305
178261,1376,645:305
178264,1397,645:440
178266,1397,645:440
178267,1397,645:440
179149,507,16:312
179150,507,16:312
179151,515,16:366
179152,515,16:366
179153,498,16:24
179154,498,16:24
179155,535,16:80
179156,535,16:80
179157,521,16:411
179158,521,16:411
179159,527,16:457
179160,527,16:457
179162,509,16:321
179163,498,16:24
179164,526,16:451
179166,509,16:321
179167,498,16:24
179168,526,16:451
179170,509,16:321
179171,498,16:24
179172,526,16:451
179173,506,16:300
179174,509,16:321
179175,498,16:24
179176,526,16:451
179177,490,16:170
179178,508,16:313
179179,514,16:354
179180,522,16:412
179181,487,16:1
179182,499,16:25
179209,506,16:300
179210,506,16:300
179211,506,16:300
179212,515,16:366
179213,515,16:366
179214,515,16:366
179215,534,16:64
179216,534,16:64
179217,534,16:64
179218,524,16:424
179221,524,16:424
179222,524,16:424
179228,505,16:297
179229,509,16:321
179230,513,16:351
179231,515,16:366
179232,517,16:378
179233,498,16:24
179234,533,16:51
179235,535,16:80
179236,517,16:378
179237,519,16:399
179238,519,16:399
179239,524,16:424
179240,524,16:424
179241,526,16:451
179242,526,16:451
179243,528,16:469
179244,530,16:484
179381,515,16:366
179382,515,16:366
179383,507,16:312
179384,507,16:312
179385,535,16:80
179386,535,16:80
179387,498,16:24
179388,498,16:24
179389,527,16:457
179390,527,16:457
179391,521,16:411
179392,521,16:411
179395,506,16:300
179397,509,16:321
179398,509,16:321
179399,509,16:321
179400,509,16:321
179401,498,16:24
179402,498,16:24
179403,498,16:24
179404,498,16:24
179405,526,16:451
179406,526,16:451
179407,526,16:451
179408,526,16:451
179752,1217,477:20
185838,546,217:536
193078,832,257:601
193083,822,257:585
193085,822,257:585
193089,817,257:573
193090,817,257:573
193091,817,257:573
193093,817,257:573
193095,807,257:557
193097,807,257:557
193099,800,257:541
193100,800,257:541
193101,800,257:541
193103,800,257:541
193107,792,257:526
193108,792,257:526
193113,832,257:601
193114,832,257:601
193115,832,257:601
193116,832,257:601
193117,832,257:601
193118,829,257:599
193119,828,257:597
193120,831,257:600
193121,828,257:597
193123,828,257:597
193124,826,257:594
193125,824,257:588
193126,825,257:591
193127,823,257:586
193128,822,257:585
193130,822,257:585
193131,822,257:585
193132,822,257:585
193134,822,257:585
193135,822,257:585
193136,822,257:585
193138,822,257:585
193139,822,257:585
193140,822,257:585
193141,822,257:585
193142,820,257:582
193143,819,257:579
193144,822,257:585
193145,821,257:584
193146,822,257:585
193147,817,257:573
193148,818,257:576
193149,817,257:573
193150,805,257:554
193151,817,257:573
193152,817,257:573
193153,816,257:572
193155,817,257:573
193156,816,257:572
193157,817,257:573
193158,817,257:573
193159,816,257:572
193161,808,257:558
193162,810,257:561
193163,811,257:564
193164,812,257:567
193165,814,257:570
193166,808,257:558
193167,807,257:557
193169,807,257:557
193170,807,257:557
193171,807,257:557
193172,807,257:557
193173,807,257:557
193174,804,257:553
193175,803,257:549
193176,807,257:557
193177,807,257:557
193179,800,257:541
193180,801,257:544
193181,802,257:547
193182,800,257:541
193183,800,257:541
193184,800,257:541
193185,800,257:541
193186,800,257:541
193187,800,257:541
193188,800,257:541
193190,800,257:541
193192,800,257:541
193193,800,257:541
193194,800,257:541
193196,798,257:538
193197,797,257:535
193198,800,257:541
193199,800,257:541
193200,800,257:541
193202,793,257:527
193203,795,257:530
193204,796,257:533
193205,792,257:526
193206,792,257:526
193207,793,257:527
193208,792,257:526
193209,792,257:526
193211,792,257:526
193213,792,257:526
193215,792,257:526
193216,792,257:526
193217,792,257:526
193219,790,257:523
193220,789,257:520
193221,788,257:517
193222,792,257:526
193223,791,257:525
193224,786,257:511
193225,787,257:514
193226,786,257:511
193227,785,257:510
193449,800,257:541
196139,1311,553:0
196140,1318,553:55
196141,1312,553:115
196142,1313,553:168
196143,1314,553:213
196144,1315,553:305
196145,1316,553:359
196146,1317,553:440
196623,1436,797:137
196624,1436,797:137
196625,1436,797:137
196627,1425,797:100
196628,1462,797:26
196629,1474,797:63
196630,1474,797:63
196631,1436,797:137
196632,1436,797:137
196633,1436,797:137
196634,1443,797:154
196635,1452,797:181
196636,1460,797:206
196637,1452,797:181
196638,1452,797:181
196639,1452,797:181
196640,1452,797:181
196641,1452,797:181
196642,1452,797:181
196643,1452,797:181
196644,1458,797:202
196645,1448,797:177
196646,1443,797:154
196647,1436,797:137
196648,1431,797:116
196649,1487,797:94
196650,1478,797:72
196651,1472,797:54
196652,1466,797:37
196653,1450,797:18
196654,1458,797:202
196655,1448,797:177
196656,1443,797:154
196657,1436,797:137
196658,1431,797:116
196659,1487,797:94
196660,1478,797:72
196661,1472,797:54
196662,1466,797:37
196663,1450,797:18
196664,1452,797:181
196665,1452,797:181
196666,1452,797:181
196667,1452,797:181
196668,1452,797:181
196669,1429,797:112
196672,1461,797:231
196673,1461,797:231
196674,1422,797:0
196675,1464,797:29
196677,1483,797:81
196678,1469,797:50
196679,1429,797:112
196680,1452,797:181
196681,1440,797:148
196682,1439,797:147
196683,1429,797:112
196684,1428,797:111
196685,1482,797:80
196686,1464,797:29
196687,1485,797:9
196688,1440,797:148
196689,1440,797:148
196691,1440,797:148
196692,1440,797:148
196694,1452,797:181
196695,1429,797:112
196696,1440,797:148
196697,1440,797:148
196698,1440,797:148
196699,1422,797:0
196700,1440,797:148
196701,1440,797:148
196702,1440,797:148
196703,1440,797:148
196704,1440,797:148
196706,1452,797:181
196707,1440,797:148
196708,1439,797:147
196709,1429,797:112
196710,1428,797:111
196711,1482,797:80
196712,1464,797:29
196713,1485,797:9
196714,1440,797:148
196715,1440,797:148
196716,1440,797:148
196717,1440,797:148
196718,1440,797:148
196719,1440,797:148
196720,1440,797:148
196721,1440,797:148
196722,1440,797:148
196723,1457,797:200
196725,1452,797:181
196726,1449,797:178
196727,1447,797:175
196728,1441,797:149
196729,1438,797:146
196730,1437,797:140
196731,1434,797:132
196732,1433,797:128
196733,1432,797:123
196734,1430,797:113
196735,1427,797:110
196736,1426,797:101
196737,1489,797:97
196738,1487,797:94
196739,1484,797:84
196740,1480,797:79
196741,1475,797:66
196742,1474,797:63
196743,1470,797:51
196744,1468,797:48
196745,1464,797:29
196746,1463,797:27
196750,1424,797:10
196751,1476,797:7
196752,1456,797:2
196753,1461,797:231
196755,1481,797:8
196756,1461,797:231
196759,1459,797:204
196760,1457,797:200
196761,1455,797:196
196762,1453,797:183
196763,1451,797:180
196764,1449,797:178
196765,1446,797:173
196767,1444,797:155
196768,1442,797:152
196771,1436,797:137
196772,1481,797:8
196774,1445,797:16
196775,1435,797:134
196777,1429,797:112
196778,1426,797:101
196779,1488,797:95
196780,1486,797:92
196783,1479,797:73
196784,1477,797:70
196785,1473,797:55
196786,1471,797:52
196789,1467,797:38
196790,1465,797:35
196792,1454,797:19
196793,1445,797:16
196796,1423,797:1
196813,547,217:539
196882,1490,798:0
196883,1490,798:0
196884,1490,798:0
196885,1490,798:0
196887,1493,798:20
196889,1493,798:20
196892,1497,798:35
196893,1500,798:56
196894,1500,798:56
196895,1500,798:56
196896,1500,798:56
196897,1500,798:56
196898,1500,798:56
196899,1509,798:67
196900,1509,798:67
196903,1505,798:62
196904,1505,798:62
196905,1510,798:68
196906,1510,798:68
196907,1511,798:69
196908,1511,798:69
196909,1512,798:71
196910,1512,798:71
196911,1512,798:71
196912,1512,798:71
196913,1512,798:71
196914,1512,798:71
196949,1512,798:71
196950,1512,798:71
196961,1490,798:0
196962,1490,798:0
196963,1490,798:0
196964,1490,798:0
196965,1493,798:20
196966,1493,798:20
196967,1497,798:35
196968,1500,798:56
196969,1501,798:57
196970,1500,798:56
196971,1500,798:56
196972,1499,798:55
196973,1500,798:56
196974,1500,798:56
196976,1503,798:60
196977,1506,798:64
196978,1507,798:65
196979,1509,798:67
196981,1508,798:66
196982,1510,798:68
196983,1511,798:69
196984,1511,798:69
196985,1501,798:57
196986,1505,798:62
196987,1503,798:60
196988,1504,798:61
196989,1509,798:67
196990,1507,798:65
196991,1508,798:66
196992,1511,798:69
196993,1511,798:69
196994,1511,798:69
196995,1512,798:71
196996,1512,798:71
196997,1512,798:71
196998,1512,798:71
196999,1512,798:71
197000,1512,798:71
197016,1490,798:0
197017,1493,798:20
197018,1497,798:35
197019,1500,798:56
197020,1500,798:56
197021,1509,798:67
197022,1503,798:60
197023,1512,798:71
197024,1512,798:71
197113,1491,798:1
197114,1494,798:22
197115,1498,798:50
197116,1507,798:65
197119,1497,798:35
197120,1500,798:56
197121,1510,798:68
197124,1512,798:71
197125,1490,798:0
197126,1490,798:0
197127,1493,798:20
197128,1497,798:35
197129,1508,798:66
197130,1508,798:66
197131,1514,798:96
197132,1514,798:96
197133,1492,798:11
197134,1495,798:3
197135,1493,798:20
197136,1497,798:35
197137,1497,798:35
197138,1500,798:56
197139,1500,798:56
197140,1512,798:71
197141,1490,798:0
197142,1514,798:96
197143,1513,798:81
197144,1490,798:0
197145,1514,798:96
197146,1497,798:35
197147,1497,798:35
197148,1497,798:35
197149,1497,798:35
197150,1497,798:35
197167,1490,798:0
197168,1490,798:0
197169,1493,798:20
197170,1497,798:35
197171,1508,798:66
197172,1508,798:66
197173,1514,798:96
197174,1514,798:96
197175,1492,798:11
197176,1490,798:0
197250,745,257:418
197251,735,257:392
197252,734,257:391
197253,734,257:391
197254,733,257:390
197255,725,257:371
197256,725,257:371
197257,725,257:371
197258,725,257:371
197259,724,257:370
197260,718,257:355
197261,717,257:354
197262,710,257:340
197263,710,257:340
197264,709,257:339
197265,701,257:321
197266,700,257:320
197267,700,257:320
197268,693,257:305
197269,692,257:304
197270,692,257:304
197271,684,257:287
197272,684,257:287
197273,684,257:287
197274,676,257:270
197275,674,257:269
197276,674,257:269
197277,674,257:269
197278,667,257:256
197279,667,257:256
197280,667,257:256
197281,667,257:256
197282,667,257:256
197283,659,257:237
197284,659,257:237
197285,659,257:237
197286,653,257:228
197287,652,257:227
197288,652,257:227
197289,652,257:227
197290,642,257:209
197291,642,257:209
197292,642,257:209
197293,634,257:195
197294,634,257:195
197295,634,257:195
197296,629,257:183
197297,629,257:183
197298,629,257:183
197299,623,257:173
197300,623,257:173
197301,623,257:173
197302,587,257:0
197303,587,257:0
197304,587,257:0
197305,593,257:11
197306,851,257:9
197307,618,257:166
197308,615,257:155
197309,615,257:155
197310,615,257:155
197311,615,257:155
197312,608,257:144
197313,608,257:144
197314,608,257:144
197315,608,257:144
197316,608,257:144
197317,599,257:123
197318,599,257:123
197319,599,257:123
197320,599,257:123
197321,599,257:123
197322,591,257:106
197323,591,257:106
197324,591,257:106
197325,591,257:106
197326,848,257:85
197327,848,257:85
197328,848,257:85
197329,843,257:77
197330,843,257:77
197331,843,257:77
197332,843,257:77
197333,843,257:77
197334,841,257:75
197335,836,257:66
197336,836,257:66
197337,836,257:66
197338,836,257:66
197339,835,257:65
197340,779,257:50
197341,775,257:49
197342,732,257:39
197343,732,257:39
197344,732,257:39
197345,670,257:26
197346,648,257:22
197347,661,257:24
197348,588,257:10
197349,588,257:10
197350,689,257:3
197351,637,257:2
197352,587,257:0
197353,738,257:4
197354,587,257:0
197355,833,257:602
197356,832,257:601
197357,827,257:596
197358,822,257:585
197359,822,257:585
197360,821,257:584
197361,817,257:573
197362,816,257:572
197363,816,257:572
197364,815,257:571
197365,807,257:557
197366,807,257:557
197367,806,257:556
197368,800,257:541
197369,800,257:541
197370,799,257:540
197371,792,257:526
197372,792,257:526
197373,792,257:526
197374,791,257:525
197375,689,257:3
197376,689,257:3
197377,637,257:2
197378,637,257:2
197379,783,257:509
197380,783,257:509
197381,777,257:492
197382,777,257:492
197383,776,257:491
197384,770,257:474
197385,770,257:474
197386,769,257:473
197387,763,257:459
197388,763,257:459
197389,762,257:458
197390,757,257:447
197391,757,257:447
197392,756,257:446
197393,752,257:432
197394,752,257:432
197395,751,257:431
197396,746,257:419
197413,488,16:107
197414,488,16:107
197979,916,414:68
197980,916,414:68
197981,917,414:72
197982,917,414:72
197983,918,414:78
197984,918,414:78
197985,912,414:0
197986,912,414:0
198148,983,418:157
209982,610,257:147
210314,1287,508:180
210587,474,15:98
210589,475,15:99
210643,1461,797:231
210644,1461,797:231
211784,401,15:0
212081,1633,813:396
212082,1633,813:396
212083,1633,813:396
212084,1633,813:396
212085,1633,813:396
212086,1633,813:396
212087,1633,813:396
212093,1633,813:396
212094,1633,813:396
212095,1633,813:396
212096,1631,813:392
212097,1634,813:397
212103,1549,813:2
212104,1516,813:1
212105,1549,813:2
212106,1515,813:0
212107,1632,813:394
212108,1515,813:0
212114,1549,813:2
212115,1516,813:1
212116,1549,813:2
212117,1549,813:2
212118,1549,813:2
212119,1549,813:2
212125,1691,813:5
212126,1721,813:9
212127,1532,813:13
212133,1550,813:20
212134,1550,813:20
212135,1550,813:20
212136,1547,813:16
212142,1551,813:21
212143,1551,813:21
212144,1551,813:21
212145,1551,813:21
212146,1551,813:21
212147,1551,813:21
212148,1558,813:24
212154,1569,813:26
212155,1569,813:26
212156,1569,813:26
212157,1569,813:26
212163,1582,813:29
212164,1569,813:26
212165,1603,813:33
212171,1630,813:39
212172,1630,813:39
212173,1630,813:39
212174,1630,813:39
212175,1625,813:38
212176,1630,813:39
212177,1612,813:35
212178,1630,813:39
212184,1686,813:49
212185,1686,813:49
212186,1655,813:44
212187,1692,813:50
212188,1662,813:45
212189,1668,813:46
212190,1650,813:43
212194,1692,813:50
212195,1692,813:50
212196,1692,813:50
212197,1692,813:50
212198,1692,813:50
212199,1692,813:50
212205,1708,813:63
212206,1705,813:57
212207,1704,813:54
212208,1706,813:60
212209,1708,813:63
212215,1711,813:72
212216,1711,813:72
212217,1711,813:72
212218,1712,813:73
212219,1713,813:74
212221,1709,813:67
212222,1711,813:72
212228,1714,813:75
212229,1715,813:79
212235,1718,813:86
212236,1718,813:86
212237,1718,813:86
212238,1717,813:85
212240,1718,813:86
212241,1716,813:83
212247,1719,813:87
212248,1719,813:87
212249,1718,813:86
212250,1718,813:86
212251,1720,813:89
212257,1517,813:101
212259,1723,813:94
212260,1722,813:91
212261,1726,813:98
212266,1519,813:106
212268,1518,813:103
212269,1519,813:106
212275,1519,813:106
212276,1519,813:106
212282,1521,813:108
212283,1521,813:108
212284,1521,813:108
212285,1521,813:108
212286,1521,813:108
212287,1520,813:107
212293,1522,813:109
212294,1522,813:109
212296,1522,813:109
212297,1522,813:109
212305,1526,813:115
212306,1525,813:112
212307,1528,813:118
212309,1527,813:117
212314,1530,813:126
212318,1529,813:122
212319,1530,813:126
212325,1534,813:133
212326,1534,813:133
212327,1534,813:133
212328,1534,813:133
212329,1531,813:129
212330,1534,813:133
212336,1535,813:134
212337,1535,813:134
212338,1535,813:134
212339,1537,813:136
212347,1539,813:142
212348,1538,813:139
212349,1540,813:145
212350,1541,813:147
212356,1546,813:156
212357,1546,813:156
212358,1546,813:156
212359,1545,813:155
212360,1545,813:155
212361,1545,813:155
212362,1545,813:155
212363,1543,813:153
212364,1542,813:150
212370,1553,813:231
212371,1553,813:231
212372,1553,813:231
212378,1555,813:234
212379,1556,813:238
212380,1559,813:241
212386,1563,813:249
212387,1563,813:249
212388,1563,813:249
212389,1563,813:249
212390,1563,813:249
212391,1563,813:249
212392,1563,813:249
212393,1563,813:249
212399,1562,813:248
212400,1563,813:249
212401,1566,813:253
212402,1563,813:249
212403,1565,813:252
212404,1560,813:245
212405,1563,813:249
212406,1565,813:252
212412,1568,813:257
212413,1567,813:255
212414,1570,813:261
212415,1571,813:263
212421,1575,813:272
212422,1575,813:272
212423,1575,813:272
212424,1575,813:272
212425,1575,813:272
212426,1573,813:269
212427,1572,813:266
212433,1575,813:272
212434,1575,813:272
212435,1575,813:272
212436,1575,813:272
212437,1577,813:275
212443,1579,813:281
212444,1578,813:278
212445,1580,813:284
212446,1581,813:288
212452,1586,813:296
212453,1586,813:296
212454,1585,813:295
212455,1586,813:296
212456,1586,813:296
212457,1584,813:294
212458,1583,813:291
212464,1586,813:296
212465,1587,813:297
212466,1588,813:298
212467,1587,813:297
212468,1586,813:296
212469,1589,813:299
212474,1592,813:305
212475,1592,813:305
212476,1592,813:305
212477,1592,813:305
212478,1592,813:305
212479,1592,813:305
212480,1590,813:302
212481,1592,813:305
212487,1592,813:305
212488,1592,813:305
212490,1592,813:305
212491,1592,813:305
212492,1592,813:305
212499,1592,813:305
212500,1592,813:305
212501,1592,813:305
212502,1592,813:305
212503,1592,813:305
212509,1592,813:305
212510,1592,813:305
212511,1592,813:305
212512,1592,813:305
212513,1592,813:305
212514,1592,813:305
212515,1592,813:305
212516,1592,813:305
212522,1592,813:305
212525,1592,813:305
212526,1592,813:305
212545,1593,813:307
212546,1593,813:307
212547,1593,813:307
212549,1593,813:307
212550,1595,813:310
212551,1592,813:305
212557,1597,813:316
212559,1596,813:313
212560,1598,813:317
212566,1601,813:326
212567,1601,813:326
212568,1601,813:326
212569,1601,813:326
212570,1601,813:326
212571,1602,813:327
212572,1601,813:326
212573,1599,813:322
212574,1601,813:326
212580,1605,813:333
212581,1604,813:331
212582,1607,813:336
212583,1608,813:340
212589,1610,813:345
212590,1609,813:342
212591,1611,813:347
212592,1613,813:351
212598,1615,813:358
212599,1616,813:359
212600,1615,813:358
212601,1615,813:358
212602,1615,813:358
212603,1616,813:359
212604,1614,813:353
212605,1615,813:358
212612,1618,813:365
212613,1617,813:362
212614,1620,813:368
212620,1623,813:375
212621,1622,813:372
212622,1624,813:378
212628,1628,813:386
212629,1629,813:387
212630,1628,813:386
212634,1626,813:383
212635,1629,813:387
212641,1627,813:385
212642,1627,813:385
212643,1627,813:385
212644,1627,813:385
212645,1627,813:385
212646,1627,813:385
212647,1629,813:387
212648,1629,813:387
212654,1637,813:402
212657,1636,813:401
212658,1638,813:405
212663,1643,813:415
212664,1641,813:413
212665,1642,813:414
212666,1639,813:409
212670,1643,813:415
212671,1642,813:414
212672,1642,813:414
212673,1642,813:414
212679,1645,813:421
212680,1644,813:418
212681,1646,813:424
212682,1648,813:427
212684,1649,813:428
212692,1651,813:430
212693,1653,813:434
212699,1656,813:440
212700,1657,813:441
212701,1657,813:441
212702,1654,813:437
212703,1657,813:441
212704,1659,813:444
212710,1657,813:441
212711,1657,813:441
212712,1657,813:441
212713,1657,813:441
212714,1657,813:441
212721,1661,813:449
212724,1663,813:450
212725,1660,813:447
212726,1665,813:453
212727,1666,813:456
212733,1670,813:464
212734,1670,813:464
212735,1679,813:476
212736,1669,813:463
212737,1667,813:459
212738,1672,813:466
212739,1672,813:466
212745,1677,813:474
212746,1678,813:475
212747,1678,813:475
212748,1677,813:474
212749,1675,813:472
212755,1679,813:476
212756,1679,813:476
212757,1679,813:476
212758,1679,813:476
212759,1679,813:476
212760,1679,813:476
212761,1679,813:476
212762,1679,813:476
212763,1679,813:476
212767,1679,813:476
212768,1679,813:476
212769,1679,813:476
212770,1679,813:476
212771,1679,813:476
212773,1679,813:476
212774,1681,813:479
212780,1684,813:484
212781,1683,813:482
212782,1685,813:488
212783,1687,813:490
212789,1690,813:498
212790,1690,813:498
212791,1690,813:498
212792,1690,813:498
212793,1690,813:498
212794,1690,813:498
212795,1690,813:498
212796,1690,813:498
212802,1688,813:493
212803,1690,813:498
212804,1693,813:500
212810,1695,813:506
212811,1694,813:503
212812,1696,813:509
212818,1699,813:515
212819,1698,813:514
212820,1698,813:514
212821,1697,813:512
212822,1699,813:515
212828,1702,813:519
212829,1702,813:519
212830,1700,813:517
212836,1551,813:21
212838,1630,813:39
212840,1692,813:50
212842,1711,813:72
212844,1519,813:106
212845,1519,813:106
212847,1519,813:106
212848,1519,813:106
212849,1519,813:106
212850,1519,813:106
212852,1519,813:106
212853,1519,813:106
212854,1519,813:106
212856,1563,813:249
212857,1563,813:249
212858,1563,813:249
212859,1563,813:249
212862,1592,813:305
212863,1592,813:305
212865,1593,813:307
212867,1601,813:326
212868,1601,813:326
212870,1615,813:358
212872,1627,813:385
212873,1627,813:385
212875,1627,813:385
212876,1627,813:385
212878,1642,813:414
212880,1657,813:441
212882,1673,813:467
212883,1673,813:467
212884,1673,813:467
212886,1549,813:2
212887,1549,813:2
212889,1711,813:72
212890,1718,813:86
212891,1718,813:86
212893,1519,813:106
212895,1519,813:106
212896,1519,813:106
212897,1519,813:106
212899,1519,813:106
212900,1519,813:106
212902,1521,813:108
212903,1521,813:108
212905,1534,813:133
212906,1534,813:133
212907,1534,813:133
212910,1546,813:156
212911,1546,813:156
212913,1563,813:249
212914,1563,813:249
212915,1563,813:249
212916,1563,813:249
212918,1575,813:272
212919,1575,813:272
212920,1575,813:272
212922,1586,813:296
212923,1586,813:296
212924,1586,813:296
212926,1627,813:385
212927,1627,813:385
212928,1615,813:358
212929,1627,813:385
212930,1627,813:385
212931,1627,813:385
212933,1627,813:385
212934,1627,813:385
212935,1627,813:385
212936,1627,813:385
212938,1627,813:385
212939,1627,813:385
212940,1627,813:385
212941,1627,813:385
212943,1627,813:385
212944,1627,813:385
212945,1627,813:385
212946,1627,813:385
212948,1627,813:385
212949,1627,813:385
212951,1633,813:396
212952,1633,813:396
212954,1679,813:476
212955,1679,813:476
212957,1679,813:476
212958,1679,813:476
212959,1679,813:476
212961,1690,813:498
212962,1690,813:498
212963,1690,813:498
212965,1515,813:0
212971,1515,813:0
212977,1549,813:2
212983,1523,813:11
212989,1551,813:21
212995,1569,813:26
213001,1603,813:33
213007,1630,813:39
213013,1692,813:50
213019,1707,813:61
213025,1711,813:72
213031,1715,813:79
213037,1718,813:86
213043,1725,813:97
213049,1519,813:106
213055,1521,813:108
213061,1528,813:118
213067,1530,813:126
213073,1534,813:133
213079,1540,813:145
213085,1546,813:156
213091,1553,813:231
213097,1557,813:239
213103,1563,813:249
213109,1570,813:261
213115,1575,813:272
213121,1580,813:284
213127,1586,813:296
213133,1592,813:305
213139,1592,813:305
213145,1592,813:305
213151,1592,813:305
213157,1592,813:305
213163,1592,813:305
213169,1593,813:307
213175,1598,813:317
213181,1601,813:326
213187,1607,813:336
213193,1611,813:347
213199,1615,813:358
213205,1620,813:368
213211,1624,813:378
213217,1629,813:387
213223,1638,813:405
213229,1642,813:414
213235,1646,813:424
213241,1653,813:434
213247,1657,813:441
213253,1664,813:452
213259,1671,813:465
213265,1678,813:475
213271,1679,813:476
213277,1679,813:476
213283,1685,813:488
213289,1690,813:498
213295,1690,813:498
213301,1696,813:509
213307,1699,813:515
213313,1702,813:519
213352,1629,813:387
213353,1515,813:0
213354,1633,813:396
213355,1638,813:405
213356,1641,813:413
213357,1643,813:415
213358,1647,813:425
213359,1652,813:433
213360,1656,813:440
213361,1658,813:442
213362,1665,813:453
213363,1670,813:464
213364,1672,813:466
213365,1674,813:469
213366,1676,813:473
213420,1551,813:21
213421,1551,813:21
213422,1630,813:39
213423,1630,813:39
213424,1692,813:50
213425,1692,813:50
213426,1519,813:106
213428,1519,813:106
213429,1519,813:106
213430,1563,813:249
213431,1563,813:249
213434,1601,813:326
213435,1601,813:326
213436,1657,813:441
213437,1657,813:441
213438,1657,813:441
213439,1657,813:441
213440,1672,813:466
213442,1563,813:249
213443,1563,813:249
213444,1563,813:249
213445,1563,813:249
213447,1592,813:305
213449,1592,813:305
213451,1592,813:305
213452,1592,813:305
213454,1592,813:305
213462,1627,813:385
213463,1627,813:385
213483,1563,813:249
213484,1563,813:249
213772,1680,813:477
213773,1689,813:497
213774,1693,813:500
213775,1697,813:512
213776,1701,813:518
213777,1635,813:4
213778,1548,813:19
213779,1552,813:23
213780,1569,813:26
213781,1569,813:26
213782,1621,813:37
213783,1640,813:41
213784,1682,813:48
213785,1703,813:52
213786,1710,813:70
213787,1713,813:74
213788,1716,813:83
213789,1722,813:91
213790,1724,813:95
213791,1519,813:106
213792,1524,813:111
213793,1527,813:117
213794,1529,813:122
213795,1533,813:131
213796,1536,813:135
213797,1544,813:154
213798,1546,813:156
213799,1627,813:385
213800,1619,813:367
213801,1613,813:351
213802,1606,813:335
213803,1604,813:331
213804,1600,813:324
213805,1594,813:308
213806,1591,813:304
213807,1589,813:299
213808,1584,813:294
213809,1576,813:274
213810,1574,813:270
213811,1564,813:251
213812,1561,813:247
213813,1554,813:232
213814,1592,813:305
213815,1592,813:305
213816,1592,813:305
213817,1592,813:305
213818,1592,813:305
214023,1592,813:305
214096,548,217:540
214103,540,217:506
214104,543,217:526
214118,559,217:734
214119,564,217:755
214120,567,217:775
214121,570,217:795
214122,574,217:816
214123,579,217:840
214128,557,217:722
214129,562,217:753
214130,568,217:784
214131,573,217:815
214132,573,217:815
214133,580,217:842
214195,538,217:501
214196,540,217:506
214197,543,217:526
214198,547,217:539
214208,554,217:714
214238,536,217:499
214239,541,217:507
214240,543,217:526
214241,550,217:688
214242,551,217:693
214243,555,217:716
214244,560,217:739
214245,565,217:765
214246,572,217:800
214247,577,217:827
215727,666,257:255
215728,666,257:255
215769,1350,645:15
215770,1350,645:15
215771,1350,645:15
215773,1380,645:34
215774,1380,645:34
215775,1380,645:34
215776,1380,645:34
215778,1380,645:34
215779,1380,645:34
215781,1380,645:34
215783,1413,645:55
215784,1413,645:55
215786,1416,645:74
215787,1417,645:75
215788,1416,645:74
215790,1420,645:93
215791,1420,645:93
215794,1342,645:103
215795,1342,645:103
215796,1342,645:103
215798,1347,645:136
215799,1347,645:136
215801,1351,645:154
215802,1351,645:154
215803,1351,645:154
215805,1353,645:168
215806,1353,645:168
215807,1353,645:168
215808,1353,645:168
215809,1353,645:168
215810,1353,645:168
215812,1355,645:185
215813,1355,645:185
215814,1355,645:185
215819,1359,645:213
215820,1359,645:213
215822,1359,645:213
215823,1359,645:213
215825,1363,645:228
215827,1366,645:248
215829,1366,645:248
215830,1366,645:248
215832,1369,645:262
215833,1369,645:262
215834,1369,645:262
215835,1369,645:262
215836,1369,645:262
215838,1369,645:262
215839,1369,645:262
215841,1369,645:262
215843,1371,645:276
215845,1371,645:276
215847,1373,645:291
215848,1373,645:291
215849,1373,645:291
215851,1376,645:305
215852,1376,645:305
215854,1379,645:324
215855,1379,645:324
215856,1379,645:324
215858,1381,645:341
215859,1381,645:341
215860,1381,645:341
215861,1381,645:341
215862,1381,645:341
215864,1381,645:341
215865,1381,645:341
215867,1381,645:341
215869,1384,645:359
215870,1384,645:359
215872,1385,645:373
215873,1386,645:374
215875,1385,645:373
215877,1387,645:388
215878,1387,645:388
215880,1390,645:400
215882,1395,645:423
215884,1395,645:423
215886,1397,645:440
215887,1397,645:440
215889,1397,645:440
215891,1397,645:440
215892,1397,645:440
215894,1397,645:440
215896,1400,645:464
215898,1400,645:464
215900,1403,645:481
215903,1403,645:481
215905,1403,645:481
215906,1403,645:481
215908,1407,645:502
215910,1407,645:502
215912,1410,645:521
215914,1411,645:522
215915,1410,645:521
215917,1411,645:522
215918,1411,645:522
216262,409,15:12
216263,409,15:12
216265,466,15:87
217384,1217,477:20
221464,409,15:12
221466,1512,798:71
221468,1511,798:69
222040,553,217:713
222042,565,217:765
222047,1306,508:300
223567,552,217:708
224475,507,16:312
226809,446,15:61
226811,431,15:44
226813,427,15:36
226815,415,15:20
227188,1376,645:305
227189,1376,645:305
227190,1376,645:305
227191,1376,645:305
227192,1376,645:305
227193,1376,645:305
227194,1376,645:305
227195,1376,645:305
227196,1376,645:305
227197,1376,645:305
227198,1376,645:305
227199,1376,645:305
227200,1376,645:305
227201,1376,645:305
227202,1376,645:305
227203,1376,645:305
227204,1376,645:305
227205,1376,645:305
227206,1376,645:305
227207,1376,645:305
227208,1376,645:305
227209,1376,645:305
227210,1376,645:305
227211,1376,645:305
227212,1376,645:305
227213,1376,645:305
227214,1397,645:440
227215,1397,645:440
227216,1397,645:440
227217,1397,645:440
227218,1397,645:440
227219,1397,645:440
227220,1397,645:440
227221,1397,645:440
227222,1397,645:440
227223,1397,645:440
227224,1397,645:440
227225,1397,645:440
227226,1397,645:440
227227,1397,645:440
227228,1397,645:440
227229,1397,645:440
227230,1397,645:440
227231,1397,645:440
227232,1397,645:440
227233,1397,645:440
227234,1397,645:440
227235,1397,645:440
227236,1397,645:440
227237,1397,645:440
227238,1397,645:440
227245,1355,645:185
227246,1355,645:185
227250,1382,645:35
227253,1356,645:197
227256,1388,645:389
227282,1497,798:35
227284,1493,798:20
227289,1496,798:32
227458,1413,645:55
227459,1413,645:55
227460,1413,645:55
227461,1413,645:55
227462,1413,645:55
227463,1413,645:55
227464,1413,645:55
227465,1413,645:55
227466,1413,645:55
227467,1413,645:55
227468,1413,645:55
227469,1413,645:55
227470,1413,645:55
227471,1413,645:55
227472,1413,645:55
227473,1413,645:55
227474,1413,645:55
227475,1413,645:55
227476,1413,645:55
227477,1413,645:55
227478,1413,645:55
227479,1413,645:55
227480,1413,645:55
227481,1353,645:168
227482,1353,645:168
227483,1353,645:168
227484,1353,645:168
227485,1353,645:168
227487,1353,645:168
227489,1353,645:168
227490,1353,645:168
227491,1353,645:168
227492,1353,645:168
227493,1353,645:168
227494,1353,645:168
227495,1353,645:168
227496,1353,645:168
227497,1353,645:168
227498,1353,645:168
227499,1353,645:168
227500,1353,645:168
227501,1353,645:168
227503,1376,645:305
227504,1376,645:305
227505,1359,645:213
227507,1395,645:423
227508,1397,645:440
227509,1400,645:464
227510,1403,645:481
227511,1403,645:481
227513,1407,645:502
228178,519,16:399
228180,515,16:366
228182,509,16:321
228191,1830,847:191
228192,1830,847:191
228193,1830,847:191
228199,1829,847:190
228200,1829,847:190
228201,1829,847:190
228202,1830,847:191
228203,1829,847:190
228209,1824,847:186
228215,1825,847:187
228216,1825,847:187
228217,1825,847:187
228221,1813,847:176
228223,1813,847:176
228224,1813,847:176
228225,1813,847:176
228230,1812,847:175
228231,1812,847:175
228232,1812,847:175
228233,1812,847:175
228239,1789,847:154
228241,1788,847:153
228242,1788,847:153
228247,1787,847:152
228248,1788,847:153
228249,1788,847:153
228250,1788,847:153
228251,1788,847:153
228257,1839,847:2
228258,1950,847:3
228259,1950,847:3
228266,1774,847:140
228267,1772,847:139
228268,1774,847:140
228269,1774,847:140
228270,1774,847:140
228275,1759,847:127
228276,1758,847:126
228277,1758,847:126
228283,1757,847:125
228284,1758,847:126
228285,1758,847:126
228286,1758,847:126
228287,1758,847:126
228293,1839,847:2
228294,1950,847:3
228295,1950,847:3
228301,1741,847:110
228302,1741,847:110
228303,1745,847:114
228304,1741,847:110
228305,1741,847:110
228311,1839,847:2
228312,1950,847:3
228313,1950,847:3
228319,2028,847:98
228320,2028,847:98
228321,2028,847:98
228322,2028,847:98
228323,2028,847:98
228329,1964,847:4
228330,1975,847:5
228331,1975,847:5
228337,2015,847:86
228338,2015,847:86
228339,2015,847:86
228340,2015,847:86
228342,2015,847:86
228347,2014,847:85
228353,1999,847:71
228354,1999,847:71
228355,1999,847:71
228361,1999,847:71
228362,1999,847:71
228363,1999,847:71
228364,1999,847:71
228371,1987,847:60
228372,1987,847:60
228373,1987,847:60
228374,1987,847:60
228375,1987,847:60
228380,1982,847:56
228381,1982,847:56
228382,1982,847:56
228388,1982,847:56
228389,1982,847:56
228390,1982,847:56
228391,1982,847:56
228392,1982,847:56
228399,1966,847:41
228400,1966,847:41
228401,1967,847:42
228406,1966,847:41
228407,1966,847:41
228408,1966,847:41
228409,1966,847:41
228410,1966,847:41
228417,1884,847:24
228418,1884,847:24
228419,1884,847:24
228424,1873,847:23
228425,1873,847:23
228426,1873,847:23
228427,1873,847:23
228428,1873,847:23
228434,1828,847:19
228441,1729,847:10
228442,1729,847:10
228443,1729,847:10
228448,2019,847:9
228449,2019,847:9
228450,2019,847:9
228451,2019,847:9
228452,2019,847:9
228459,1727,847:0
228460,1727,847:0
228461,1727,847:0
228467,1844,847:203
228468,1844,847:203
228469,1844,847:203
228474,1845,847:204
228475,1846,847:205
228476,1846,847:205
228477,1846,847:205
228484,1859,847:217
228485,1859,847:217
228486,1859,847:217
228487,1858,847:216
228492,1859,847:217
228493,1859,847:217
228494,1859,847:217
228495,1859,847:217
228502,1876,847:232
228503,1876,847:232
228504,1876,847:232
228505,1875,847:231
228510,1876,847:232
228511,1876,847:232
228512,1876,847:232
228513,1876,847:232
228515,1876,847:232
228520,1889,847:244
228522,1889,847:244
228523,1889,847:244
228524,1889,847:244
228525,1889,847:244
228530,1892,847:247
228531,1892,847:247
228532,1892,847:247
228533,1891,847:246
228539,1892,847:247
228540,1892,847:247
228541,1892,847:247
228542,1892,847:247
228549,1909,847:262
228550,1909,847:262
228551,1909,847:262
228552,1908,847:261
228557,1910,847:263
228558,1910,847:263
228559,1910,847:263
228560,1910,847:263
228567,1924,847:276
228568,1924,847:276
228569,1924,847:276
228570,1924,847:276
228571,1923,847:275
228577,1924,847:276
228578,1924,847:276
228579,1924,847:276
228580,1925,847:277
228587,1941,847:291
228588,1941,847:291
228589,1941,847:291
228590,1940,847:290
228595,1941,847:291
228596,1941,847:291
228597,1941,847:291
228598,1942,847:292
228605,1954,847:302
228606,1954,847:302
228607,1953,847:301
228612,1813,847:176
228613,1813,847:176
228614,1812,847:175
228615,1813,847:176
228616,1814,847:177
228617,1815,847:178
228618,1815,847:178
228619,1816,847:179
228620,1816,847:179
228621,1818,847:180
228622,1819,847:181
228623,1819,847:181
228624,1820,847:182
228625,1821,847:183
228626,1821,847:183
228627,1822,847:184
228628,1823,847:185
228629,1823,847:185
228630,1824,847:186
228631,1825,847:187
228632,1825,847:187
228633,1826,847:188
228634,1826,847:188
228635,1827,847:189
228636,1829,847:190
228637,1829,847:190
228638,1829,847:190
228639,1829,847:190
228640,1830,847:191
228641,1830,847:191
228642,1830,847:191
228643,1830,847:191
228644,1830,847:191
228645,1830,847:191
228646,1830,847:191
228647,1830,847:191
228648,1829,847:190
228649,1829,847:190
228650,1827,847:189
228651,1826,847:188
228652,1826,847:188
228653,1826,847:188
228654,1826,847:188
228655,1825,847:187
228656,1824,847:186
228657,1824,847:186
228658,1823,847:185
228659,1822,847:184
228660,1822,847:184
228661,1821,847:183
228662,1820,847:182
228663,1821,847:183
228664,1820,847:182
228665,1820,847:182
228666,1819,847:181
228667,1818,847:180
228668,1818,847:180
228669,1816,847:179
228670,1815,847:178
228671,1815,847:178
228672,1814,847:177
228673,1813,847:176
228674,1813,847:176
228675,1812,847:175
228676,1812,847:175
228677,1811,847:174
228678,1810,847:173
228679,1810,847:173
228680,1809,847:172
228681,1808,847:171
228682,1808,847:171
228683,1807,847:170
228684,1807,847:170
228685,1805,847:169
228686,1804,847:168
228687,1804,847:168
228688,1803,847:167
228689,1802,847:166
228690,1802,847:166
228691,1801,847:165
228692,1801,847:165
228693,1802,847:166
228694,1803,847:167
228695,1803,847:167
228696,1804,847:168
228697,1805,847:169
228698,1805,847:169
228699,1807,847:170
228700,1807,847:170
228701,1808,847:171
228702,1809,847:172
228703,1809,847:172
228704,1810,847:173
228705,1810,847:173
228706,1811,847:174
228707,1811,847:174
228708,1812,847:175
228709,1812,847:175
228710,1812,847:175
228713,1788,847:153
228714,1788,847:153
228715,1788,847:153
228716,1788,847:153
228717,1788,847:153
228718,1789,847:154
228719,1790,847:155
228720,1790,847:155
228721,1791,847:156
228722,1792,847:157
228723,1792,847:157
228724,1793,847:158
228725,1793,847:158
228726,1794,847:159
228727,1794,847:159
228728,1794,847:159
228729,1794,847:159
228730,1796,847:160
228731,1797,847:161
228732,1797,847:161
228733,1798,847:162
228734,1799,847:163
228735,1800,847:164
228736,1801,847:165
228737,1800,847:164
228738,1800,847:164
228739,1799,847:163
228740,1798,847:162
228741,1798,847:162
228742,1798,847:162
228743,1798,847:162
228744,1797,847:161
228745,1796,847:160
228746,1796,847:160
228747,1794,847:159
228748,1793,847:158
228749,1793,847:158
228750,1792,847:157
228751,1791,847:156
228752,1791,847:156
228753,1790,847:155
228754,1789,847:154
228755,1789,847:154
228756,1788,847:153
228757,1788,847:153
228758,1787,847:152
228759,1786,847:151
228760,1785,847:150
228761,1785,847:150
228762,1783,847:149
228763,1782,847:148
228764,1782,847:148
228765,1781,847:147
228766,1780,847:146
228767,1780,847:146
228768,1779,847:145
228769,1778,847:144
228770,1778,847:144
228771,1777,847:143
228772,1776,847:142
228773,1776,847:142
228774,1727,847:0
228775,1727,847:0
228776,1728,847:1
228777,1839,847:2
228778,1950,847:3
228779,1950,847:3
228780,1950,847:3
228781,1776,847:142
228782,1776,847:142
228783,1775,847:141
228784,1774,847:140
228785,1774,847:140
228786,1772,847:139
228787,1772,847:139
228788,1772,847:139
228789,1772,847:139
228790,1774,847:140
228791,1775,847:141
228792,1775,847:141
228793,1776,847:142
228794,1777,847:143
228795,1777,847:143
228796,1778,847:144
228797,1778,847:144
228798,1779,847:145
228799,1780,847:146
228800,1781,847:147
228801,1781,847:147
228802,1782,847:148
228803,1783,847:149
228804,1783,847:149
228805,1785,847:150
228806,1786,847:151
228807,1786,847:151
228808,1787,847:152
228809,1788,847:153
228812,1758,847:126
228813,1758,847:126
228814,1759,847:127
228815,1759,847:127
228816,1760,847:128
228817,1761,847:129
228818,1761,847:129
228819,1763,847:130
228820,1764,847:131
228821,1765,847:132
228822,1765,847:132
228823,1766,847:133
228824,1767,847:134
228825,1767,847:134
228826,1768,847:135
228827,1768,847:135
228828,1769,847:136
228829,1769,847:136
228830,1770,847:137
228831,1771,847:138
228832,1771,847:138
228833,1772,847:139
228834,1772,847:139
228835,1771,847:138
228836,1771,847:138
228837,1770,847:137
228838,1769,847:136
228839,1769,847:136
228840,1768,847:135
228841,1768,847:135
228842,1767,847:134
228843,1766,847:133
228844,1766,847:133
228845,1765,847:132
228846,1764,847:131
228847,1764,847:131
228848,1763,847:130
228849,1761,847:129
228850,1760,847:128
228851,1760,847:128
228852,1759,847:127
228853,1758,847:126
228854,1758,847:126
228855,1757,847:125
228856,1757,847:125
228857,1756,847:124
228858,1755,847:123
228859,1755,847:123
228860,1754,847:122
228861,1753,847:121
228862,1753,847:121
228863,1752,847:120
228864,1750,847:119
228865,1749,847:118
228866,1749,847:118
228867,1748,847:117
228868,1747,847:116
228869,1747,847:116
228870,1746,847:115
228871,1745,847:114
228872,1745,847:114
228873,1745,847:114
228874,1727,847:0
228875,1727,847:0
228876,1728,847:1
228877,1839,847:2
228878,1839,847:2
228879,1950,847:3
228880,1950,847:3
228881,1745,847:114
228882,1744,847:113
228883,1744,847:113
228884,1744,847:113
228885,1745,847:114
228886,1745,847:114
228887,1746,847:115
228888,1746,847:115
228889,1747,847:116
228890,1748,847:117
228891,1748,847:117
228892,1749,847:118
228893,1750,847:119
228894,1750,847:119
228895,1752,847:120
228896,1753,847:121
228897,1754,847:122
228898,1754,847:122
228899,1755,847:123
228900,1756,847:124
228901,1756,847:124
228902,1757,847:125
228903,1758,847:126
228904,1758,847:126
228905,1758,847:126
228906,1758,847:126
228909,2028,847:98
228910,2028,847:98
228911,2029,847:99
228912,2029,847:99
228913,1730,847:100
228914,1730,847:100
228915,1731,847:101
228916,1732,847:102
228917,1733,847:103
228918,1733,847:103
228919,1734,847:104
228920,1735,847:105
228921,1735,847:105
228922,1736,847:106
228923,1737,847:107
228924,1737,847:107
228925,1738,847:108
228926,1739,847:109
228927,1741,847:110
228928,1741,847:110
228929,1741,847:110
228930,1741,847:110
228931,1742,847:111
228932,1743,847:112
228933,1743,847:112
228934,1743,847:112
228935,1742,847:111
228936,1742,847:111
228937,1741,847:110
228938,1739,847:109
228939,1739,847:109
228940,1738,847:108
228941,1738,847:108
228942,1737,847:107
228943,1736,847:106
228944,1736,847:106
228945,1735,847:105
228946,1734,847:104
228947,1734,847:104
228948,1733,847:103
228949,1732,847:102
228950,1731,847:101
228951,1731,847:101
228952,1730,847:100
228953,2029,847:99
228954,1730,847:100
228955,1727,847:0
228956,1727,847:0
228957,1728,847:1
228958,1839,847:2
228959,1839,847:2
228960,1950,847:3
228961,1950,847:3
228962,2029,847:99
228963,2029,847:99
228964,2028,847:98
228965,2028,847:98
228966,2027,847:97
228967,2027,847:97
228968,2026,847:96
228969,2026,847:96
228970,2025,847:95
228971,2025,847:95
228972,2024,847:94
228973,2023,847:93
228974,2023,847:93
228975,2022,847:92
228976,2021,847:91
228977,2021,847:91
228978,2020,847:90
228979,2018,847:89
228980,2017,847:88
228981,2017,847:88
228982,2017,847:88
228983,2018,847:89
228984,2018,847:89
228985,2020,847:90
228986,2021,847:91
228987,2022,847:92
228988,2022,847:92
228989,2023,847:93
228990,2024,847:94
228991,2024,847:94
228992,2025,847:95
228993,2025,847:95
228994,2026,847:96
228995,2027,847:97
228996,2027,847:97
228997,2028,847:98
228998,2028,847:98
229008,1999,847:71
229009,1999,847:71
229010,1999,847:71
229011,1999,847:71
229012,1999,847:71
229013,2000,847:72
229014,2000,847:72
229015,2001,847:73
229016,2001,847:73
229017,2002,847:74
229018,2002,847:74
229019,2003,847:75
229020,2003,847:75
229021,2004,847:76
229022,2004,847:76
229023,2005,847:77
229024,2005,847:77
229025,2006,847:78
229026,2006,847:78
229027,2006,847:78
229028,2007,847:79
229029,2007,847:79
229030,2009,847:80
229031,2009,847:80
229032,2010,847:81
229033,2010,847:81
229034,2011,847:82
229035,2011,847:82
229036,2012,847:83
229037,2012,847:83
229038,2012,847:83
229039,2013,847:84
229040,2013,847:84
229041,2014,847:85
229042,2014,847:85
229043,2014,847:85
229044,2014,847:85
229045,2015,847:86
229046,2015,847:86
229047,2015,847:86
229048,2015,847:86
229049,2016,847:87
229050,2016,847:87
229051,2015,847:86
229052,2016,847:87
229053,2016,847:87
229054,2015,847:86
229055,2016,847:87
229056,2016,847:87
229057,1727,847:0
229058,1727,847:0
229059,1728,847:1
229060,1728,847:1
229061,1839,847:2
229062,1950,847:3
229063,1950,847:3
229064,1964,847:4
229065,1964,847:4
229066,1975,847:5
229067,1975,847:5
229068,1999,847:71
229069,1999,847:71
229070,1998,847:70
229071,1998,847:70
229072,1996,847:69
229073,1996,847:69
229074,1995,847:68
229075,1995,847:68
229076,1994,847:67
229077,1994,847:67
229078,1993,847:66
229079,1993,847:66
229080,1992,847:65
229081,1992,847:65
229082,1991,847:64
229083,1991,847:64
229084,1991,847:64
229085,1990,847:63
229086,1990,847:63
229087,1989,847:62
229088,1989,847:62
229089,1988,847:61
229090,1988,847:61
229091,1987,847:60
229092,1987,847:60
229093,1987,847:60
229094,1987,847:60
229095,1987,847:60
229096,1987,847:60
229097,1987,847:60
229098,1985,847:59
229099,1985,847:59
229100,1984,847:58
229101,1984,847:58
229102,1983,847:57
229103,1983,847:57
229104,1983,847:57
229105,1982,847:56
229106,1982,847:56
229116,1966,847:41
229117,1966,847:41
229118,1966,847:41
229119,1966,847:41
229120,1966,847:41
229121,1966,847:41
229122,1967,847:42
229123,1967,847:42
229124,1968,847:43
229125,1968,847:43
229126,1969,847:44
229127,1969,847:44
229128,1970,847:45
229129,1970,847:45
229130,1971,847:46
229131,1971,847:46
229132,1972,847:47
229133,1972,847:47
229134,1973,847:48
229135,1973,847:48
229136,1973,847:48
229137,1974,847:49
229138,1974,847:49
229139,1976,847:50
229140,1976,847:50
229141,1977,847:51
229142,1977,847:51
229143,1978,847:52
229144,1978,847:52
229145,1978,847:52
229146,1979,847:53
229147,1979,847:53
229148,1980,847:54
229149,1980,847:54
229150,1981,847:55
229151,1981,847:55
229152,1981,847:55
229153,1982,847:56
229154,1982,847:56
229155,1982,847:56
229156,1982,847:56
229157,1965,847:40
229158,1965,847:40
229159,1963,847:39
229160,1963,847:39
229161,1962,847:38
229162,1962,847:38
229163,1961,847:37
229164,1961,847:37
229165,1960,847:36
229166,1960,847:36
229167,1959,847:35
229168,1959,847:35
229169,1958,847:34
229170,1958,847:34
229171,1958,847:34
229172,1957,847:33
229173,1957,847:33
229174,1956,847:32
229175,1956,847:32
229176,1955,847:31
229177,1955,847:31
229178,1951,847:30
229179,1951,847:30
229180,1951,847:30
229181,1939,847:29
229182,1939,847:29
229183,1928,847:28
229184,1928,847:28
229185,1917,847:27
229186,1917,847:27
229187,1906,847:26
229188,1906,847:26
229189,1906,847:26
229190,1895,847:25
229191,1895,847:25
229192,1884,847:24
229193,1884,847:24
229194,1884,847:24
229195,1884,847:24
229196,1873,847:23
229197,1873,847:23
229198,1873,847:23
229199,1873,847:23
229200,1862,847:22
229201,1862,847:22
229202,1851,847:21
229203,1851,847:21
229204,1840,847:20
229205,1840,847:20
229206,1840,847:20
229207,1840,847:20
229216,2019,847:9
229217,2019,847:9
229218,2019,847:9
229219,1729,847:10
229220,1729,847:10
229221,1729,847:10
229222,1740,847:11
229223,1740,847:11
229224,1751,847:12
229225,1751,847:12
229226,1762,847:13
229227,1762,847:13
229228,1773,847:14
229229,1773,847:14
229230,1784,847:15
229231,1784,847:15
229232,1795,847:16
229233,1795,847:16
229234,1795,847:16
229235,1806,847:17
229236,1806,847:17
229237,1817,847:18
229238,1817,847:18
229239,1828,847:19
229240,1828,847:19
229241,1828,847:19
229242,1828,847:19
229243,1828,847:19
229244,1840,847:20
229245,1840,847:20
229246,1851,847:21
229247,1851,847:21
229248,2019,847:9
229249,2019,847:9
229250,2019,847:9
229251,2019,847:9
229252,2008,847:8
229253,2008,847:8
229254,1997,847:7
229255,1997,847:7
229256,1997,847:7
229257,1986,847:6
229258,1986,847:6
229259,1975,847:5
229260,1975,847:5
229261,1964,847:4
229262,1964,847:4
229263,1964,847:4
229264,1950,847:3
229265,1950,847:3
229266,1839,847:2
229267,1839,847:2
229268,1728,847:1
229269,1728,847:1
229270,1727,847:0
229280,1844,847:203
229281,1844,847:203
229282,1844,847:203
229283,1844,847:203
229284,1843,847:202
229285,1843,847:202
229286,1843,847:202
229287,1843,847:202
229288,1842,847:201
229289,1841,847:200
229290,1841,847:200
229291,1838,847:199
229292,1838,847:199
229293,1837,847:198
229294,1836,847:197
229295,1836,847:197
229296,1835,847:196
229297,1834,847:195
229298,1834,847:195
229299,1833,847:194
229300,1832,847:193
229301,1832,847:193
229302,1831,847:192
229303,1831,847:192
229304,1832,847:193
229305,1832,847:193
229306,1833,847:194
229307,1834,847:195
229308,1834,847:195
229309,1835,847:196
229310,1836,847:197
229311,1836,847:197
229312,1837,847:198
229313,1838,847:199
229314,1838,847:199
229315,1841,847:200
229316,1841,847:200
229318,1844,847:203
229319,1845,847:204
229320,1845,847:204
229321,1846,847:205
229322,1846,847:205
229323,1846,847:205
229324,1846,847:205
229325,1847,847:206
229326,1847,847:206
229327,1847,847:206
229328,1848,847:207
229329,1848,847:207
229330,1849,847:208
229331,1849,847:208
229332,1850,847:209
229333,1850,847:209
229334,1852,847:210
229335,1852,847:210
229336,1852,847:210
229337,1853,847:211
229338,1853,847:211
229339,1854,847:212
229340,1854,847:212
229341,1855,847:213
229342,1855,847:213
229343,1856,847:214
229344,1856,847:214
229345,1857,847:215
229346,1857,847:215
229348,1857,847:215
229349,1857,847:215
229350,1858,847:216
229351,1858,847:216
229352,1859,847:217
229353,1859,847:217
229356,1876,847:232
229357,1876,847:232
229358,1876,847:232
229359,1876,847:232
229360,1875,847:231
229361,1875,847:231
229362,1875,847:231
229363,1874,847:230
229364,1874,847:230
229365,1872,847:229
229366,1872,847:229
229367,1872,847:229
229368,1871,847:228
229369,1871,847:228
229370,1870,847:227
229371,1870,847:227
229372,1869,847:226
229373,1869,847:226
229374,1868,847:225
229375,1868,847:225
229376,1867,847:224
229377,1867,847:224
229378,1867,847:224
229379,1866,847:223
229380,1866,847:223
229381,1865,847:222
229382,1865,847:222
229383,1864,847:221
229384,1864,847:221
229385,1863,847:220
229386,1863,847:220
229387,1863,847:220
229388,1861,847:219
229389,1861,847:219
229390,1860,847:218
229391,1860,847:218
229392,1859,847:217
229393,1859,847:217
229394,1859,847:217
229395,1877,847:233
229396,1877,847:233
229397,1877,847:233
229398,1877,847:233
229399,1878,847:234
229400,1878,847:234
229401,1879,847:235
229402,1879,847:235
229403,1880,847:236
229404,1880,847:236
229405,1880,847:236
229406,1881,847:237
229407,1881,847:237
229408,1882,847:238
229409,1882,847:238
229410,1883,847:239
229411,1883,847:239
229412,1885,847:240
229413,1885,847:240
229414,1885,847:240
229415,1886,847:241
229416,1886,847:241
229417,1887,847:242
229418,1887,847:242
229419,1888,847:243
229420,1888,847:243
229421,1888,847:243
229422,1889,847:244
229423,1889,847:244
229424,1889,847:244
229425,1889,847:244
229426,1889,847:244
229427,1889,847:244
229428,1890,847:245
229429,1890,847:245
229430,1891,847:246
229431,1891,847:246
229432,1892,847:247
229433,1891,847:246
229434,1891,847:246
229437,1908,847:261
229438,1908,847:261
229439,1908,847:261
229440,1908,847:261
229441,1907,847:260
229442,1907,847:260
229443,1907,847:260
229444,1905,847:259
229445,1905,847:259
229446,1904,847:258
229447,1904,847:258
229448,1904,847:258
229449,1903,847:257
229450,1903,847:257
229451,1902,847:256
229452,1902,847:256
229453,1902,847:256
229454,1901,847:255
229455,1901,847:255
229456,1900,847:254
229457,1900,847:254
229458,1899,847:253
229459,1899,847:253
229460,1899,847:253
229461,1898,847:252
229462,1898,847:252
229463,1897,847:251
229464,1897,847:251
229465,1897,847:251
229466,1896,847:250
229467,1896,847:250
229468,1894,847:249
229469,1894,847:249
229470,1893,847:248
229471,1893,847:248
229472,1893,847:248
229473,1892,847:247
229474,1892,847:247
229475,1892,847:247
229476,1909,847:262
229477,1910,847:263
229478,1910,847:263
229479,1910,847:263
229480,1910,847:263
229481,1910,847:263
229482,1911,847:264
229483,1911,847:264
229484,1912,847:265
229485,1912,847:265
229486,1913,847:266
229487,1913,847:266
229488,1913,847:266
229489,1914,847:267
229490,1914,847:267
229491,1914,847:267
229492,1914,847:267
229493,1915,847:268
229494,1915,847:268
229495,1916,847:269
229496,1916,847:269
229497,1918,847:270
229498,1918,847:270
229499,1918,847:270
229500,1919,847:271
229501,1919,847:271
229502,1920,847:272
229503,1920,847:272
229504,1921,847:273
229505,1921,847:273
229506,1921,847:273
229507,1922,847:274
229508,1922,847:274
229509,1923,847:275
229510,1923,847:275
229513,1941,847:291
229514,1940,847:290
229515,1941,847:291
229516,1940,847:290
229517,1940,847:290
229518,1938,847:289
229519,1938,847:289
229520,1937,847:288
229521,1937,847:288
229522,1937,847:288
229523,1936,847:287
229524,1936,847:287
229525,1935,847:286
229526,1935,847:286
229527,1935,847:286
229529,1934,847:285
229530,1933,847:284
229531,1933,847:284
229532,1932,847:283
229533,1932,847:283
229534,1932,847:283
229535,1931,847:282
229536,1931,847:282
229537,1930,847:281
229538,1930,847:281
229539,1930,847:281
229540,1929,847:280
229541,1929,847:280
229542,1927,847:279
229543,1927,847:279
229544,1926,847:278
229545,1925,847:277
229546,1926,847:278
229547,1925,847:277
229548,1925,847:277
229549,1924,847:276
229550,1924,847:276
229551,1924,847:276
229552,1941,847:291
229553,1941,847:291
229554,1941,847:291
229555,1942,847:292
229556,1942,847:292
229557,1943,847:293
229558,1944,847:294
229559,1943,847:293
229560,1944,847:294
229561,1944,847:294
229562,1945,847:295
229563,1945,847:295
229564,1945,847:295
229565,1946,847:296
229566,1946,847:296
229567,1947,847:297
229568,1947,847:297
229569,1947,847:297
229570,1948,847:298
229571,1948,847:298
229572,1949,847:299
229573,1949,847:299
229574,1949,847:299
229575,1952,847:300
229576,1952,847:300
229577,1953,847:301
229578,1953,847:301
229579,1953,847:301
229580,1954,847:302
229581,1954,847:302
229584,1831,847:192
229585,1831,847:192
229587,1831,847:192
229588,1831,847:192
229590,1831,847:192
229592,1829,847:190
229593,1831,847:192
229594,1831,847:192
229595,1829,847:190
229597,1825,847:187
229598,1825,847:187
229599,1825,847:187
229600,1825,847:187
229601,1825,847:187
229602,1825,847:187
229604,1825,847:187
229605,1825,847:187
229606,1825,847:187
229607,1825,847:187
229609,1825,847:187
229610,1825,847:187
229611,1825,847:187
229612,1825,847:187
229614,1825,847:187
229615,1825,847:187
229616,1825,847:187
229617,1825,847:187
229619,1825,847:187
229620,1825,847:187
229621,1825,847:187
229622,1825,847:187
229624,1811,847:174
229625,1812,847:175
229626,1812,847:175
229627,1811,847:174
229629,1788,847:153
229630,1789,847:154
229631,1789,847:154
229632,1788,847:153
229634,1772,847:139
229635,1774,847:140
229636,1774,847:140
229637,1772,847:139
229639,1758,847:126
229640,1758,847:126
229642,1741,847:110
229643,1744,847:113
229644,1744,847:113
229645,1741,847:110
229647,2028,847:98
229648,2029,847:99
229649,2029,847:99
229650,2028,847:98
229652,2015,847:86
229653,2015,847:86
229654,2015,847:86
229655,2015,847:86
229657,2014,847:85
229660,2014,847:85
229662,1999,847:71
229663,1998,847:70
229664,1998,847:70
229666,1987,847:60
229667,1987,847:60
229668,1987,847:60
229669,1987,847:60
229671,1987,847:60
229672,1987,847:60
229673,1987,847:60
229674,1987,847:60
229676,1987,847:60
229677,1987,847:60
229678,1987,847:60
229679,1987,847:60
229681,1987,847:60
229682,1987,847:60
229683,1987,847:60
229684,1987,847:60
229686,1987,847:60
229687,1987,847:60
229688,1987,847:60
229689,1987,847:60
229691,1987,847:60
229692,1987,847:60
229693,1987,847:60
229694,1987,847:60
229695,1987,847:60
229697,1982,847:56
229698,1982,847:56
229699,1982,847:56
229701,1966,847:41
229702,1966,847:41
229703,1966,847:41
229705,1873,847:23
229706,1884,847:24
229707,1873,847:23
229709,1828,847:19
229712,1828,847:19
229714,2019,847:9
229715,2019,847:9
229716,2019,847:9
229736,1830,847:191
229742,1830,847:191
229748,1829,847:190
229754,1824,847:186
229760,1819,847:181
229766,1819,847:181
229772,1813,847:176
229778,1812,847:175
229784,1805,847:169
229790,1805,847:169
229796,1800,847:164
229802,1800,847:164
229808,1794,847:159
229814,1793,847:158
229820,1793,847:158
229826,1788,847:153
229832,1788,847:153
229838,1782,847:148
229844,1782,847:148
229850,1777,847:143
229856,1777,847:143
229862,1950,847:3
229868,1774,847:140
229874,1767,847:134
229880,1767,847:134
229886,1763,847:130
229892,1763,847:130
229898,1758,847:126
229904,1758,847:126
229910,1754,847:122
229916,1754,847:122
229922,1747,847:116
229928,1747,847:116
229934,1950,847:3
229940,1727,847:0
229946,1741,847:110
229952,1736,847:106
229958,1736,847:106
229964,1730,847:100
229970,1730,847:100
229976,1950,847:3
229982,2028,847:98
229988,2024,847:94
229994,2024,847:94
230000,2018,847:89
230006,2018,847:89
230012,1727,847:0
230018,1975,847:5
230024,2015,847:86
230030,2014,847:85
230036,2011,847:82
230042,2004,847:76
230048,1999,847:71
230054,1999,847:71
230060,1993,847:66
230066,1987,847:60
230072,1982,847:56
230078,1982,847:56
230084,1976,847:50
230090,1971,847:46
230096,1966,847:41
230102,1966,847:41
230108,1960,847:36
230114,1955,847:31
230120,1906,847:26
230126,1884,847:24
230138,1840,847:20
230144,1828,847:19
230150,1773,847:14
230162,2019,847:9
230168,1964,847:4
230174,1727,847:0
230180,1835,847:196
230186,1835,847:196
230192,1844,847:203
230198,1846,847:205
230204,1849,847:208
230210,1855,847:213
230216,1857,847:215
230222,1859,847:217
230228,1859,847:217
230234,1860,847:218
230240,1866,847:223
230246,1872,847:229
230252,1876,847:232
230258,1877,847:233
230264,1881,847:237
230270,1887,847:242
230276,1889,847:244
230282,1892,847:247
230288,1892,847:247
230294,1897,847:251
230300,1902,847:256
230306,1909,847:262
230312,1910,847:263
230318,1914,847:267
230324,1919,847:271
230330,1924,847:276
230336,1924,847:276
230342,1930,847:281
230348,1935,847:286
230354,1941,847:291
230360,1941,847:291
230366,1946,847:296
230372,1954,847:302
230378,1728,847:1
230383,2008,847:8
230388,1729,847:10
230393,1873,847:23
230398,1895,847:25
230403,1963,847:39
230408,1967,847:42
230413,1980,847:54
230418,1983,847:57
230423,1996,847:69
230428,1999,847:71
230433,2013,847:84
230438,2015,847:86
230443,2015,847:86
230448,2027,847:97
230453,2029,847:99
230458,1730,847:100
230463,1743,847:112
230468,1744,847:113
230473,1745,847:114
230478,1757,847:125
230483,1760,847:128
230488,1770,847:137
230493,1776,847:142
230498,1776,847:142
230503,1786,847:151
230508,1789,847:154
230513,1797,847:161
230518,1809,847:172
230523,1814,847:177
230528,1826,847:188
230533,1831,847:192
230538,1842,847:201
230543,1846,847:205
230548,1849,847:208
230553,1858,847:216
230558,1860,847:218
230563,1864,847:221
230568,1870,847:227
230573,1875,847:231
230578,1878,847:234
230583,1886,847:241
230588,1891,847:246
230593,1893,847:248
230598,1899,847:253
230603,1908,847:261
230608,1911,847:264
230613,1915,847:268
230618,1923,847:275
230623,1925,847:277
230628,1931,847:282
230633,1940,847:290
230647,1942,847:292
230649,1947,847:297
230651,1953,847:301
230748,1727,847:0
230758,1340,645:0
230759,1350,645:15
230760,1350,645:15
230761,1350,645:15
230762,1350,645:15
230763,1350,645:15
230764,1413,645:55
230765,1413,645:55
230766,1412,645:54
230767,1413,645:55
230768,1413,645:55
230769,1413,645:55
230770,1417,645:75
230772,1416,645:74
230773,1416,645:74
230774,1417,645:75
230775,1420,645:93
230776,1420,645:93
230777,1420,645:93
230778,1420,645:93
230779,1420,645:93
230780,1342,645:103
230781,1342,645:103
230782,1342,645:103
230783,1342,645:103
230784,1342,645:103
230785,1344,645:116
230786,1344,645:116
230787,1347,645:136
230788,1347,645:136
230789,1347,645:136
230790,1347,645:136
230791,1351,645:154
230792,1351,645:154
230793,1351,645:154
230794,1351,645:154
230795,1351,645:154
230796,1359,645:213
230797,1359,645:213
230798,1359,645:213
230799,1359,645:213
230800,1362,645:227
230801,1362,645:227
230802,1362,645:227
230803,1362,645:227
230804,1362,645:227
230805,1362,645:227
230806,1366,645:248
230807,1366,645:248
230808,1366,645:248
230809,1366,645:248
230810,1369,645:262
230811,1369,645:262
230812,1369,645:262
230813,1369,645:262
230814,1371,645:276
230815,1371,645:276
230816,1371,645:276
230817,1371,645:276
230818,1373,645:291
230819,1373,645:291
230820,1373,645:291
230821,1373,645:291
230822,1376,645:305
230823,1376,645:305
230824,1376,645:305
230825,1376,645:305
230826,1376,645:305
230827,1379,645:324
230828,1379,645:324
230829,1379,645:324
230830,1381,645:341
230831,1381,645:341
230832,1381,645:341
230833,1381,645:341
230834,1381,645:341
230835,1384,645:359
230836,1384,645:359
230837,1384,645:359
230838,1384,645:359
230839,1384,645:359
230840,1384,645:359
230841,1385,645:373
230842,1385,645:373
230843,1385,645:373
230844,1385,645:373
230845,1385,645:373
230846,1385,645:373
230847,1390,645:400
230848,1390,645:400
230849,1390,645:400
230850,1390,645:400
230851,1390,645:400
230852,1395,645:423
230853,1395,645:423
230854,1395,645:423
230855,1395,645:423
230856,1395,645:423
230857,1397,645:440
230858,1397,645:440
230859,1397,645:440
230860,1397,645:440
230861,1400,645:464
230862,1400,645:464
230863,1400,645:464
230864,1400,645:464
230865,1400,645:464
230866,1400,645:464
230867,1403,645:481
230868,1403,645:481
230869,1403,645:481
230870,1403,645:481
230871,1403,645:481
230872,1403,645:481
230873,1407,645:502
230874,1407,645:502
230875,1407,645:502
230876,1407,645:502
230877,1411,645:522
230878,1411,645:522
230879,1353,645:168
230880,1382,645:35
230881,1413,645:55
230882,1413,645:55
230883,1420,645:93
230884,1347,645:136
230885,1357,645:198
230886,1357,645:198
230887,1356,645:197
230888,1371,645:276
230889,1386,645:374
230890,1355,645:185
230892,1382,645:35
230893,1382,645:35
230894,1380,645:34
230901,2014,847:85
230902,1828,847:19
230903,1846,847:205
230904,1846,847:205
230905,1857,847:215
230906,1857,847:215
230907,1857,847:215
230908,1859,847:217
230909,1859,847:217
230910,1859,847:217
230911,1876,847:232
230912,1876,847:232
230913,1876,847:232
230914,1889,847:244
230915,1889,847:244
230916,1889,847:244
230917,1889,847:244
230918,1889,847:244
230919,1889,847:244
230920,1889,847:244
230921,1889,847:244
230922,1889,847:244
230923,1889,847:244
230924,1889,847:244
230925,1889,847:244
230926,1889,847:244
230927,1889,847:244
230928,1889,847:244
230929,1889,847:244
230930,1889,847:244
230931,1889,847:244
230932,1889,847:244
230933,1889,847:244
230934,1889,847:244
230935,1889,847:244
230936,1889,847:244
230937,1889,847:244
230938,1892,847:247
230939,1892,847:247
230940,1892,847:247
230941,1910,847:263
230942,1910,847:263
230943,1910,847:263
230944,1914,847:267
230945,1914,847:267
230946,1914,847:267
230947,1924,847:276
230948,1924,847:276
230949,1924,847:276
230950,1941,847:291
230951,1941,847:291
230952,1941,847:291
231113,1502,798:6
231422,1843,847:202
231689,2030,849:0
231690,2056,849:3
231691,2056,849:3
231697,2070,849:9
231698,2031,849:10
231699,2070,849:9
231700,2070,849:9
231705,2031,849:10
231706,2070,849:9
231707,2070,849:9
231708,2031,849:10
231710,2031,849:10
231716,2043,849:16
231717,2043,849:16
231723,2053,849:21
231728,2055,849:29
231729,2055,849:29
231731,2055,849:29
231736,2055,849:29
231737,2055,849:29
231738,2055,849:29
231739,2055,849:29
231740,2055,849:29
231747,2057,849:35
231748,2057,849:35
231754,2059,849:42
231755,2059,849:42
231760,2060,849:50
231761,2060,849:50
231763,2060,849:50
231768,2060,849:50
231769,2060,849:50
231771,2061,849:51
231777,2062,849:58
231782,2063,849:61
231785,2064,849:65
231786,2064,849:65
231788,2064,849:65
231789,2064,849:65
231795,2065,849:71
231796,2065,849:71
231802,2066,849:76
231803,2066,849:76
231808,2068,849:81
231809,2068,849:81
231810,2068,849:81
231812,2067,849:80
231813,2067,849:80
231818,2068,849:81
231819,2068,849:81
231820,2068,849:81
231821,2067,849:80
231826,2069,849:84
231832,2071,849:90
231833,2071,849:90
231839,2072,849:95
231845,2073,849:99
231846,2073,849:99
231847,2073,849:99
231853,2032,849:107
231854,2032,849:107
231859,2034,849:112
231860,2033,849:111
231861,2034,849:112
231862,2034,849:112
231863,2034,849:112
231864,2035,849:113
231865,2034,849:112
231869,2034,849:112
231870,2033,849:111
231871,2034,849:112
231872,2034,849:112
231879,2036,849:119
231880,2036,849:119
231886,2037,849:122
231891,2038,849:130
231892,2038,849:130
231894,2038,849:130
231899,2038,849:130
231900,2038,849:130
231902,2038,849:130
231908,2039,849:139
231909,2039,849:139
231914,2040,849:148
231915,2040,849:148
231916,2040,849:148
231917,2040,849:148
231918,2040,849:148
231920,2040,849:148
231925,2040,849:148
231926,2040,849:148
231927,2040,849:148
231929,2040,849:148
231930,2041,849:149
231931,2041,849:149
231938,2040,849:148
231939,2040,849:148
231940,2040,849:148
231941,2040,849:148
231947,2042,849:156
231948,2042,849:156
231954,2044,849:163
231960,2045,849:166
231961,2045,849:166
231967,2046,849:174
231968,2046,849:174
231973,2047,849:181
231974,2047,849:181
231975,2047,849:181
231976,2047,849:181
231977,2047,849:181
231978,2047,849:181
231979,2047,849:181
231983,2047,849:181
231984,2047,849:181
231991,2048,849:187
231992,2048,849:187
231998,2050,849:193
231999,2050,849:193
232004,2052,849:200
232005,2052,849:200
232006,2052,849:200
232013,2051,849:198
232014,2051,849:198
232019,2030,849:0
232024,2031,849:10
232029,2054,849:24
232034,2055,849:29
232039,2058,849:40
232044,2061,849:51
232050,2064,849:65
232055,2068,849:81
232060,2072,849:95
232066,2034,849:112
232071,2038,849:130
232076,2040,849:148
232081,2044,849:163
232087,2047,849:181
232092,2049,849:190
232098,2052,849:200
232197,1305,508:3
232198,1286,508:173
232199,1293,508:210
232200,1300,508:283
232204,1027,418:28
232205,1027,418:28
232206,1027,418:28
232207,1132,418:42
232208,1164,418:55
232209,1164,418:55
232210,1179,418:69
232211,1194,418:82
232212,1194,418:82
232214,1179,418:69
232218,1923,847:275
232219,1924,847:276
232220,1924,847:276
232221,1889,847:244
232226,2072,849:95
232227,2046,849:174
232279,1845,847:204
236719,1283,508:121
236727,2080,854:451
236728,2080,854:451
236731,2077,854:254
236734,2079,854:294
236735,2079,854:294
236737,2078,854:274
236739,2077,854:254
236740,2077,854:254
236741,2077,854:254
236743,2077,854:254
236744,2077,854:254
236745,2077,854:254
236747,2077,854:254
236748,2077,854:254
236749,2077,854:254
236750,2077,854:254
236752,2077,854:254
236753,2077,854:254
236754,2077,854:254
236755,2077,854:254
236757,2077,854:254
236758,2077,854:254
236759,2077,854:254
236760,2077,854:254
236762,2077,854:254
236763,2077,854:254
236764,2077,854:254
236765,2077,854:254
236767,2077,854:254
236768,2077,854:254
236769,2077,854:254
236770,2077,854:254
236772,2077,854:254
236773,2077,854:254
236774,2077,854:254
236775,2077,854:254
236777,2077,854:254
236778,2077,854:254
236780,2076,854:192
236781,2076,854:192
236782,2076,854:192
236784,2076,854:192
236785,2076,854:192
236786,2076,854:192
236788,2074,854:175
236789,2075,854:177
236790,2074,854:175
236792,2074,854:175
236793,2074,854:175
236794,2075,854:177
236795,2074,854:175
245476,1592,813:305
245477,1592,813:305
245479,1592,813:305
245480,1592,813:305
245482,1592,813:305
245483,1592,813:305
245484,1592,813:305
245485,1592,813:305
245555,776,257:491
250735,565,217:765
251516,2061,849:51
255329,1341,645:1
255332,1353,645:168
255333,1353,645:168
255334,1353,645:168
255335,1353,645:168
255337,1340,645:0
255339,1350,645:15
255341,1380,645:34
255343,1413,645:55
255345,1416,645:74
255347,1420,645:93
255349,1342,645:103
255351,1344,645:116
255353,1347,645:136
255355,1351,645:154
255357,1353,645:168
255359,1355,645:185
255361,1359,645:213
255363,1362,645:227
255365,1366,645:248
255367,1369,645:262
255369,1371,645:276
255371,1373,645:291
255373,1376,645:305
255375,1379,645:324
255377,1381,645:341
255379,1384,645:359
255381,1385,645:373
255383,1390,645:400
255385,1395,645:423
255387,1397,645:440
255389,1400,645:464
255391,1403,645:481
255393,1407,645:502
255395,1411,645:522
256085,1377,645:311
256086,1376,645:305
256087,1375,645:298
256104,1389,645:392
256105,1391,645:401
256106,1392,645:408
256108,1390,645:400
256109,1390,645:400
256119,1384,645:359
256120,1384,645:359
256121,1384,645:359
256122,1383,645:350
256139,519,16:399
256168,524,16:424
256170,519,16:399
256171,524,16:424
258302,1673,813:467
261872,1027,418:28
261873,1027,418:28
261882,921,418:0
261883,921,418:0
261884,921,418:0
261885,921,418:0
261886,922,418:1
261887,922,418:1
261888,995,418:2
261889,1032,418:3
261890,1109,418:4
261891,1158,418:5
261892,1169,418:6
261893,1180,418:7
261894,1180,418:7
261895,1191,418:8
261896,1202,418:9
261897,923,418:10
261898,934,418:11
261899,945,418:12
261900,953,418:13
261901,953,418:13
261902,953,418:13
261903,953,418:13
261904,953,418:13
261905,964,418:14
261906,975,418:15
261907,975,418:15
261908,985,418:16
261909,987,418:17
261910,990,418:18
261911,994,418:19
261912,996,418:20
261913,1000,418:21
261914,1000,418:21
261915,1003,418:22
261916,1007,418:23
261917,1011,418:24
261918,1016,418:25
261919,1019,418:26
261920,1019,418:26
261921,1022,418:27
261922,1027,418:28
261923,1027,418:28
261924,1027,418:28
261925,1027,418:28
261926,1027,418:28
261927,1027,418:28
261928,1027,418:28
261929,1031,418:29
261930,1031,418:29
261931,1031,418:29
261932,1031,418:29
261933,1031,418:29
261934,1033,418:30
261935,1033,418:30
261936,1037,418:31
261937,1041,418:32
261938,1045,418:33
261939,1046,418:34
261940,1054,418:35
261941,1054,418:35
261942,1065,418:36
261943,1076,418:37
261944,1087,418:38
261945,1098,418:39
261946,1110,418:40
261947,1121,418:41
261948,1132,418:42
261949,1132,418:42
261950,1132,418:42
261951,1132,418:42
261952,1132,418:42
261953,1132,418:42
261954,1132,418:42
261955,1152,418:44
261956,1152,418:44
261957,1153,418:45
261958,1154,418:46
261959,1155,418:47
261960,1156,418:48
261961,1157,418:49
261966,1157,418:49
261967,1159,418:50
261968,1160,418:51
261969,1161,418:52
261970,1162,418:53
261971,1163,418:54
261972,1164,418:55
261973,1164,418:55
261974,1164,418:55
261975,1164,418:55
261976,1164,418:55
261977,1164,418:55
261978,1164,418:55
261979,1164,418:55
261980,1165,418:56
261981,1166,418:57
261982,1166,418:57
261983,1167,418:58
261984,1168,418:59
261985,1170,418:60
261986,1171,418:61
261987,1172,418:62
261988,1172,418:62
261989,1173,418:63
261990,1174,418:64
261991,1175,418:65
261992,1176,418:66
261993,1177,418:67
261994,1178,418:68
261995,1178,418:68
261996,1179,418:69
261997,1179,418:69
261998,1179,418:69
261999,1179,418:69
262000,1179,418:69
262001,1179,418:69
262002,1179,418:69
262003,1179,418:69
262004,1179,418:69
262005,1179,418:69
262006,1179,418:69
262007,1182,418:71
262008,1183,418:72
262009,1183,418:72
262010,1184,418:73
262011,1185,418:74
262012,1186,418:75
262013,1187,418:76
262014,1188,418:77
262015,1188,418:77
262016,1189,418:78
262017,1190,418:79
262018,1192,418:80
262019,1193,418:81
262020,1193,418:81
262021,1193,418:81
262022,1193,418:81
262023,1193,418:81
262024,1193,418:81
262025,1194,418:82
262026,1194,418:82
262027,1194,418:82
262028,1194,418:82
262029,1195,418:83
262030,1196,418:84
262031,1196,418:84
262032,1197,418:85
262033,1198,418:86
262034,1199,418:87
262035,1200,418:88
262036,1201,418:89
262037,1201,418:89
262038,1203,418:90
262039,1204,418:91
262040,1205,418:92
262041,1206,418:93
262046,1206,418:93
262047,1206,418:93
262048,1206,418:93
262049,1206,418:93
262050,1206,418:93
262051,1207,418:94
262052,1208,418:95
262053,1208,418:95
262054,1209,418:96
262055,1210,418:97
262056,1211,418:98
262057,1212,418:99
262058,924,418:100
262059,925,418:101
262060,926,418:102
262061,926,418:102
262062,927,418:103
262063,928,418:104
262064,929,418:105
262065,930,418:106
262066,930,418:106
262067,930,418:106
262068,930,418:106
262069,930,418:106
262070,930,418:106
262071,930,418:106
262072,930,418:106
262073,931,418:107
262074,932,418:108
262075,932,418:108
262076,933,418:109
262077,935,418:110
262078,936,418:111
262079,937,418:112
262080,938,418:113
262081,938,418:113
262082,939,418:114
262083,940,418:115
262084,941,418:116
262085,942,418:117
262086,943,418:118
262087,944,418:119
262088,944,418:119
262089,946,418:120
262090,947,418:122
262091,947,418:122
262092,947,418:122
262093,947,418:122
262094,947,418:122
262095,947,418:122
262096,947,418:122
262097,947,418:122
262098,948,418:123
262099,949,418:124
262100,949,418:124
262101,950,418:125
262102,948,418:123
262103,951,418:128
262104,951,418:128
262105,951,418:128
262106,951,418:128
262107,951,418:128
262108,952,418:129
262109,952,418:129
262110,954,418:130
262111,955,418:131
262112,956,418:132
262113,957,418:133
262114,958,418:134
262115,958,418:134
262116,959,418:135
262117,960,418:136
262118,961,418:137
262119,961,418:137
262120,962,418:138
262121,962,418:138
262122,962,418:138
262123,962,418:138
262124,962,418:138
262125,962,418:138
262126,962,418:138
262127,962,418:138
262132,983,418:157
262133,983,418:157
262142,962,418:138
262143,963,418:139
262144,965,418:140
262145,965,418:140
262146,966,418:141
262147,967,418:142
262148,968,418:143
262149,969,418:144
262150,970,418:145
262151,971,418:146
262152,972,418:147
262153,972,418:147
262154,972,418:147
262155,972,418:147
262156,972,418:147
262157,972,418:147
262158,972,418:147
262159,972,418:147
262160,973,418:148
262161,974,418:149
262162,974,418:149
262163,976,418:150
262164,977,418:151
262165,978,418:152
262166,979,418:153
262167,980,418:154
262168,980,418:154
262169,981,418:155
262170,982,418:156
262312,1020,418:260
262313,1020,418:260
262509,1047,418:343
262510,1047,418:343
262511,1047,418:343
262512,1047,418:343
262513,1047,418:343
262514,1047,418:343
262515,1047,418:343
262516,1048,418:344
262517,1048,418:344
262518,1048,418:344
262519,1048,418:344
262520,1048,418:344
262521,1048,418:344
262522,1048,418:344
262523,1049,418:345
262524,1050,418:346
262525,1051,418:347
262526,1052,418:348
262527,1053,418:349
262528,1053,418:349
262529,1055,418:350
262530,1056,418:351
262531,1057,418:352
262532,1058,418:353
262533,1059,418:354
262534,1060,418:355
262535,1060,418:355
262536,1060,418:355
262537,1060,418:355
262538,1060,418:355
262539,1060,418:355
262540,1060,418:355
262541,1060,418:355
262542,1060,418:355
262543,1060,418:355
262544,1060,418:355
262545,1061,418:356
262546,1062,418:357
262547,1062,418:357
262548,1063,418:358
262549,1064,418:359
262550,1066,418:360
262551,1067,418:361
262552,1068,418:362
262553,1068,418:362
262554,1069,418:363
262555,1070,418:364
262556,1071,418:365
262557,1071,418:365
262558,1071,418:365
262559,1071,418:365
262560,1072,418:366
262561,1073,418:367
262562,1074,418:368
262563,1074,418:368
262564,1075,418:369
262565,1077,418:370
262566,1078,418:371
262567,1079,418:372
262568,1080,418:373
262569,1080,418:373
262570,1080,418:373
262571,1080,418:373
262572,1080,418:373
262573,1080,418:373
262574,1080,418:373
262579,1081,418:374
262580,1082,418:375
262581,1083,418:376
262582,1083,418:376
262583,1084,418:377
262584,1085,418:378
262585,1086,418:379
262586,1088,418:380
262587,1089,418:381
262588,1089,418:381
262589,1090,418:382
262590,1091,418:383
262591,1092,418:384
262592,1093,418:385
262593,1093,418:385
262594,1093,418:385
262595,1093,418:385
262596,1093,418:385
262597,1093,418:385
262598,1093,418:385
262599,1093,418:385
262600,1094,418:386
262601,1094,418:386
262602,1095,418:387
262603,1096,418:388
262604,1097,418:389
262605,1099,418:390
262606,1100,418:391
262607,1101,418:392
262608,1101,418:392
262609,1103,418:394
262610,1103,418:394
262611,1103,418:394
262612,1103,418:394
262613,1103,418:394
262614,1103,418:394
262615,1103,418:394
262616,1103,418:394
262617,1104,418:395
262618,1105,418:396
262619,1105,418:396
262620,1106,418:397
262621,1107,418:398
262622,1108,418:399
262623,1111,418:400
262624,1112,418:401
262625,1112,418:401
262626,1113,418:402
262627,1114,418:403
262628,1114,418:403
262629,1114,418:403
262630,1114,418:403
262631,1115,418:404
262632,1115,418:404
262633,1115,418:404
262634,1115,418:404
262635,1116,418:405
262636,1117,418:406
262637,1117,418:406
262638,1118,418:407
262639,1119,418:408
262640,1120,418:409
262641,1122,418:410
262642,1123,418:411
262643,1124,418:412
262644,1124,418:412
262645,1125,418:413
262646,1125,418:413
262647,1125,418:413
262648,1126,418:414
262649,1126,418:414
262650,1126,418:414
262651,1126,418:414
262652,1126,418:414
262653,1126,418:414
262654,1126,418:414
262659,1150,418:436
262660,1126,418:414
262661,1127,418:415
262662,1127,418:415
262663,1128,418:416
262664,1129,418:417
262665,1130,418:418
262666,1131,418:419
262667,1131,418:419
262668,1131,418:419
262669,1131,418:419
262670,1133,418:420
262671,1134,418:421
262672,1134,418:421
262673,1135,418:422
262674,1135,418:422
262675,1136,418:423
262676,1136,418:423
262677,1136,418:423
262678,1136,418:423
262679,1136,418:423
262680,1136,418:423
262681,1136,418:423
262682,1136,418:423
262683,1137,418:424
262684,1137,418:424
262685,1137,418:424
262686,1138,418:425
262687,1139,418:426
262688,1139,418:426
262689,1140,418:427
262690,1141,418:428
262691,1142,418:429
262692,1144,418:430
262693,1145,418:431
262694,1146,418:432
262695,1146,418:432
262696,1146,418:432
262697,1147,418:433
262698,1147,418:433
262699,1147,418:433
262700,1147,418:433
262701,1148,418:434
262702,1149,418:435
262703,1150,418:436
262704,1151,418:437
262705,1151,418:437
262706,1151,418:437
262707,1151,418:437
262708,1151,418:437
262713,1181,418:70
262719,988,418:171
262725,1137,418:424
262731,1126,418:414
262737,1047,418:343
262813,1289,508:192
262825,1060,418:355
262856,652,257:227
262943,899,360:300
262944,899,360:300
262945,899,360:300
262946,899,360:300
262947,899,360:300
262948,899,360:300
266604,2083,884:507
266605,2083,884:507
266606,2083,884:507
266607,2083,884:507
266608,2083,884:507
266609,2083,884:507
266610,2083,884:507
266611,2083,884:507
266620,2087,884:511
266621,2087,884:511
266622,2087,884:511
266623,2087,884:511
266624,2087,884:511
266625,2087,884:511
266626,2087,884:511
266635,2097,884:521
266636,2097,884:521
266637,2097,884:521
266638,2097,884:521
266639,2097,884:521
266648,2104,884:528
266649,2104,884:528
266650,2104,884:528
266659,2118,884:543
266660,2118,884:543
266661,2118,884:543
266662,2118,884:543
266663,2118,884:543
266664,2118,884:543
266665,2118,884:543
266674,2140,884:566
266675,2140,884:566
266676,2140,884:566
266677,2140,884:566
266678,2140,884:566
266679,2140,884:566
266680,2140,884:566
266681,2140,884:566
266690,2140,884:566
266699,2157,884:583
266700,2157,884:583
266701,2157,884:583
266702,2157,884:583
266703,2157,884:583
266704,2157,884:583
266705,2157,884:583
266707,2157,884:583
266716,2157,884:583
266717,2157,884:583
266718,2157,884:583
266719,2157,884:583
266720,2157,884:583
266721,2157,884:583
266730,2157,884:583
266731,2157,884:583
266732,2157,884:583
266733,2157,884:583
266742,2157,884:583
266743,2157,884:583
266752,2171,884:597
266753,2171,884:597
266763,2178,884:605
266764,2178,884:605
266774,2193,884:620
266775,2193,884:620
266785,2204,884:632
266786,2204,884:632
266787,2204,884:632
266788,2204,884:632
266789,2204,884:632
266790,2204,884:632
266791,2204,884:632
266792,2204,884:632
266793,2204,884:632
266802,2204,884:632
266804,2204,884:632
266805,2204,884:632
266806,2204,884:632
266807,2204,884:632
266808,2204,884:632
266809,2204,884:632
266810,2204,884:632
266821,2204,884:632
266834,2204,884:632
266835,2204,884:632
266836,2204,884:632
266837,2204,884:632
266838,2204,884:632
266839,2204,884:632
266849,2204,884:632
266860,2225,884:653
266861,2225,884:653
266862,2225,884:653
266863,2224,884:652
266864,2225,884:653
266865,2225,884:653
266866,2227,884:655
266867,2225,884:653
266878,2224,884:652
266887,2242,884:672
266888,2242,884:672
266906,2242,884:672
266907,2242,884:672
266908,2242,884:672
266909,2242,884:672
266918,2253,884:683
266919,2253,884:683
266920,2253,884:683
266921,2253,884:683
266922,2253,884:683
266923,2253,884:683
266924,2253,884:683
266925,2253,884:683
266934,2253,884:683
266946,2278,884:708
266947,2278,884:708
266948,2278,884:708
266958,2087,884:511
266959,2087,884:511
266960,2087,884:511
266961,2087,884:511
266962,2087,884:511
266965,2104,884:528
266966,2104,884:528
266967,2104,884:528
266968,2104,884:528
266969,2104,884:528
266970,2104,884:528
266973,2118,884:543
266976,2140,884:566
266977,2140,884:566
266978,2140,884:566
266979,2140,884:566
266980,2140,884:566
266983,2157,884:583
266984,2157,884:583
266987,2157,884:583
266988,2157,884:583
266989,2157,884:583
266990,2157,884:583
266993,2157,884:583
266994,2157,884:583
266995,2157,884:583
266996,2157,884:583
266999,2157,884:583
267000,2157,884:583
267001,2157,884:583
267002,2157,884:583
267005,2157,884:583
267006,2157,884:583
267007,2157,884:583
267008,2157,884:583
267011,2157,884:583
267012,2157,884:583
267013,2157,884:583
267014,2157,884:583
267015,2157,884:583
267016,2157,884:583
267019,2157,884:583
267020,2157,884:583
267021,2157,884:583
267022,2157,884:583
267025,2157,884:583
267026,2157,884:583
267029,2171,884:597
267030,2171,884:597
267031,2171,884:597
267032,2171,884:597
267033,2171,884:597
267036,2193,884:620
267039,2204,884:632
267040,2204,884:632
267041,2204,884:632
267042,2204,884:632
267045,2204,884:632
267046,2204,884:632
267047,2204,884:632
267048,2204,884:632
267051,2204,884:632
267052,2204,884:632
267053,2204,884:632
267054,2204,884:632
267057,2204,884:632
267058,2204,884:632
267059,2204,884:632
267060,2204,884:632
267063,2204,884:632
267064,2204,884:632
267065,2204,884:632
267066,2204,884:632
267067,2204,884:632
267068,2204,884:632
267071,2204,884:632
267072,2204,884:632
267073,2204,884:632
267074,2204,884:632
267077,2204,884:632
267078,2204,884:632
267079,2204,884:632
267080,2204,884:632
267083,2204,884:632
267084,2204,884:632
267087,2204,884:632
267088,2204,884:632
267091,2204,884:632
267095,2204,884:632
267096,2204,884:632
267097,2204,884:632
267100,2224,884:652
267101,2224,884:652
267104,2242,884:672
267105,2242,884:672
267106,2242,884:672
267109,2253,884:683
267110,2253,884:683
267114,2253,884:683
267115,2253,884:683
267118,2083,884:507
267124,2087,884:511
267130,2092,884:516
267136,2097,884:521
267142,2097,884:521
267148,2104,884:528
267154,2109,884:533
267160,2113,884:538
267166,2118,884:543
267172,2124,884:550
267178,2129,884:555
267184,2134,884:560
267190,2140,884:566
267196,2145,884:571
267202,2150,884:576
267208,2155,884:581
267214,2157,884:583
267220,2157,884:583
267226,2157,884:583
267232,2162,884:588
267238,2167,884:593
267244,2171,884:597
267250,2183,884:610
267256,2193,884:620
267262,2204,884:632
267268,2204,884:632
267274,2204,884:632
267280,2214,884:642
267286,2225,884:653
267292,2233,884:662
267298,2242,884:672
267304,2242,884:672
267310,2253,884:683
267316,2265,884:695
267322,2278,884:708
267328,2084,884:508
267333,2097,884:521
267338,2103,884:527
267343,2105,884:529
267348,2117,884:542
267353,2119,884:544
267358,2141,884:567
267363,2157,884:583
267368,2157,884:583
267373,2159,884:585
267378,2177,884:604
267383,2179,884:606
267388,2196,884:624
267393,2198,884:626
267398,2204,884:632
267403,2204,884:632
267408,2204,884:632
267413,2222,884:650
267418,2240,884:670
267423,2242,884:672
267428,2243,884:673
267433,2277,884:706
267492,2097,884:521
267493,2097,884:521
267494,2097,884:521
267495,2096,884:520
267496,2095,884:519
267497,2094,884:518
267498,2093,884:517
267499,2093,884:517
267500,2092,884:516
267501,2092,884:516
267502,2091,884:515
267503,2090,884:514
267504,2089,884:513
267505,2088,884:512
267506,2087,884:511
267507,2087,884:511
267508,2087,884:511
267509,2086,884:510
267510,2086,884:510
267511,2086,884:510
267512,2086,884:510
267513,2085,884:509
267514,2084,884:508
267515,2083,884:507
267516,2082,884:506
267517,2082,884:506
267518,2083,884:507
267519,2083,884:507
267520,2083,884:507
267521,2082,884:506
267522,2097,884:521
267523,2097,884:521
267524,2098,884:522
267525,2099,884:523
267526,2100,884:524
267527,2101,884:525
267528,2102,884:526
267529,2103,884:527
267530,2103,884:527
267531,2105,884:529
267532,2105,884:529
267533,2106,884:530
267534,2107,884:531
267535,2108,884:532
267536,2109,884:533
267537,2109,884:533
267538,2110,884:534
267539,2109,884:533
267540,2110,884:534
267541,2111,884:535
267542,2112,884:537
267543,2112,884:537
267544,2113,884:538
267545,2114,884:539
267546,2115,884:540
267547,2116,884:541
267548,2117,884:542
267549,2117,884:542
267550,2118,884:543
267551,2097,884:521
267552,2097,884:521
267557,2119,884:544
267558,2120,884:545
267559,2121,884:546
267560,2121,884:546
267561,2122,884:548
267562,2123,884:549
267563,2124,884:550
267564,2125,884:551
267565,2125,884:551
267566,2125,884:551
267567,2126,884:552
267568,2127,884:553
267569,2128,884:554
267570,2129,884:555
267571,2129,884:555
267572,2130,884:556
267573,2131,884:557
267574,2132,884:558
267575,2132,884:558
267576,2132,884:558
267577,2133,884:559
267578,2133,884:559
267579,2133,884:559
267580,2134,884:560
267581,2135,884:561
267582,2136,884:562
267583,2137,884:563
267584,2138,884:564
267585,2139,884:565
267586,2140,884:566
267587,2140,884:566
267588,2140,884:566
267589,2140,884:566
267590,2140,884:566
267591,2141,884:567
267592,2142,884:568
267593,2143,884:569
267594,2144,884:570
267595,2145,884:571
267596,2146,884:572
267597,2146,884:572
267598,2147,884:573
267599,2147,884:573
267600,2147,884:573
267601,2148,884:574
267602,2149,884:575
267603,2150,884:576
267604,2151,884:577
267605,2151,884:577
267606,2152,884:578
267607,2153,884:579
267608,2154,884:580
267609,2155,884:581
267610,2156,884:582
267611,2156,884:582
267612,2156,884:582
267613,2156,884:582
267614,2156,884:582
267615,2156,884:582
267616,2156,884:582
267617,2156,884:582
267618,2157,884:583
267619,2157,884:583
267620,2157,884:583
267621,2157,884:583
267622,2157,884:583
267623,2157,884:583
267624,2157,884:583
267625,2157,884:583
267626,2157,884:583
267627,2157,884:583
267628,2157,884:583
267629,2157,884:583
267630,2157,884:583
267631,2157,884:583
267632,2157,884:583
267633,2157,884:583
267634,2157,884:583
267635,2157,884:583
267636,2157,884:583
267637,2158,884:584
267638,2158,884:584
267639,2159,884:585
267640,2160,884:586
267641,2160,884:586
267642,2161,884:587
267643,2162,884:588
267644,2163,884:589
267645,2164,884:590
267646,2165,884:591
267647,2166,884:592
267648,2167,884:593
267649,2168,884:594
267650,2169,884:595
267651,2169,884:595
267652,2170,884:596
267653,2157,884:583
267654,2157,884:583
267660,2204,884:632
267661,2204,884:632
267662,2204,884:632
267663,2204,884:632
267664,2204,884:632
267665,2204,884:632
267666,2204,884:632
267667,2204,884:632
267668,2204,884:632
267669,2204,884:632
267670,2204,884:632
267671,2204,884:632
267672,2204,884:632
267673,2204,884:632
267674,2204,884:632
267675,2204,884:632
267676,2204,884:632
267677,2204,884:632
267678,2204,884:632
267679,2204,884:632
267680,2204,884:632
267681,2204,884:632
267682,2204,884:632
267683,2204,884:632
267684,2204,884:632
267685,2204,884:632
267686,2203,884:631
267687,2203,884:631
267688,2202,884:630
267689,2201,884:629
267690,2200,884:628
267691,2199,884:627
267692,2198,884:626
267693,2197,884:625
267694,2196,884:624
267695,2195,884:622
267696,2195,884:622
267697,2195,884:622
267698,2194,884:621
267699,2193,884:620
267700,2193,884:620
267701,2193,884:620
267702,2193,884:620
267703,2193,884:620
267704,2193,884:620
267705,2192,884:619
267706,2191,884:618
267707,2190,884:617
267708,2189,884:616
267709,2189,884:616
267710,2188,884:615
267711,2187,884:614
267712,2186,884:613
267713,2185,884:612
267714,2184,884:611
267715,2184,884:611
267716,2183,884:610
267717,2182,884:609
267718,2181,884:608
267719,2180,884:607
267720,2180,884:607
267721,2178,884:605
267722,2177,884:604
267723,2176,884:603
267724,2175,884:602
267725,2174,884:601
267726,2173,884:599
267727,2172,884:598
267728,2172,884:598
267729,2171,884:597
267733,2242,884:672
267734,2242,884:672
267735,2242,884:672
267736,2242,884:672
267737,2242,884:672
267738,2242,884:672
267739,2242,884:672
267740,2242,884:672
267741,2242,884:672
267742,2242,884:672
267743,2242,884:672
267744,2242,884:672
267745,2242,884:672
267746,2242,884:672
267747,2241,884:671
267748,2241,884:671
267749,2241,884:671
267750,2240,884:670
267751,2239,884:669
267752,2238,884:668
267753,2237,884:667
267754,2236,884:666
267755,2235,884:664
267756,2234,884:663
267757,2232,884:661
267758,2232,884:661
267759,2231,884:659
267760,2230,884:658
267761,2229,884:657
267762,2229,884:657
267763,2228,884:656
267764,2227,884:655
267765,2226,884:654
267766,2225,884:653
267767,2225,884:653
267768,2224,884:652
267769,2223,884:651
267770,2223,884:651
267771,2223,884:651
267772,2223,884:651
267773,2222,884:650
267774,2221,884:649
267775,2220,884:648
267776,2219,884:647
267777,2219,884:647
267778,2218,884:646
267779,2217,884:645
267780,2216,884:644
267781,2215,884:643
267782,2215,884:643
267783,2214,884:642
267784,2213,884:641
267785,2212,884:640
267786,2211,884:639
267787,2210,884:638
267788,2209,884:637
267789,2209,884:637
267790,2208,884:636
267791,2207,884:635
267792,2206,884:634
267793,2205,884:633
267794,2205,884:633
267795,2204,884:632
267796,2204,884:632
267797,2204,884:632
267798,2205,884:633
267799,2205,884:633
267800,2205,884:633
267801,2205,884:633
267802,2205,884:633
267803,2205,884:633
267804,2205,884:633
267808,2277,884:706
267809,2276,884:705
267810,2276,884:705
267811,2275,884:704
267812,2274,884:703
267813,2273,884:702
267814,2272,884:701
267815,2271,884:700
267816,2269,884:699
267817,2268,884:698
267818,2267,884:697
267819,2267,884:697
267820,2266,884:696
267821,2265,884:695
267822,2264,884:694
267823,2263,884:693
267824,2263,884:693
267825,2262,884:692
267826,2261,884:691
267827,2260,884:690
267828,2260,884:690
267829,2259,884:689
267830,2258,884:688
267831,2257,884:687
267832,2256,884:686
267833,2255,884:685
267834,2254,884:684
267835,2253,884:683
267836,2253,884:683
267837,2253,884:683
267838,2253,884:683
267839,2252,884:682
267840,2252,884:682
267841,2252,884:682
267842,2252,884:682
267843,2251,884:681
267844,2251,884:681
267845,2250,884:680
267846,2250,884:680
267847,2249,884:679
267848,2248,884:678
267849,2247,884:677
267850,2246,884:676
267851,2245,884:675
267852,2244,884:674
267853,2243,884:673
267854,2242,884:672
267855,2242,884:672
267856,2242,884:672
267857,2241,884:671
267973,2451,885:23
267974,2451,885:23
267975,2451,885:23
267978,2451,885:23
267979,2451,885:23
267980,2451,885:23
267983,2459,885:48
267984,2459,885:48
267987,2459,885:48
267988,2459,885:48
267989,2459,885:48
267990,2459,885:48
267993,2459,885:48
267994,2459,885:48
267995,2459,885:48
267996,2459,885:48
267997,2459,885:48
267998,2459,885:48
268001,2459,885:48
268002,2459,885:48
268003,2459,885:48
268004,2459,885:48
268007,2459,885:48
268008,2459,885:48
268009,2459,885:48
268010,2459,885:48
268013,2459,885:48
268014,2459,885:48
268015,2459,885:48
268016,2459,885:48
268019,2459,885:48
268020,2459,885:48
268023,2461,885:52
268024,2461,885:52
268025,2462,885:53
268026,2462,885:53
268029,2462,885:53
268030,2462,885:53
268031,2462,885:53
268034,2462,885:53
268035,2462,885:53
268038,2469,885:81
268039,2469,885:81
268042,2469,885:81
268043,2470,885:82
268044,2470,885:82
268047,2439,885:132
268048,2439,885:132
268049,2439,885:132
268052,2439,885:132
268053,2439,885:132
268054,2439,885:132
268057,2441,885:142
268060,2446,885:169
268061,2446,885:169
268062,2446,885:169
268063,2446,885:169
268066,2446,885:169
268067,2446,885:169
268068,2446,885:169
268069,2446,885:169
268070,2446,885:169
268071,2446,885:169
268074,2446,885:169
268075,2446,885:169
268076,2446,885:169
268077,2446,885:169
268080,2447,885:177
268081,2446,885:169
268082,2447,885:177
268083,2446,885:169
268086,2446,885:169
268087,2446,885:169
268090,2446,885:169
268091,2446,885:169
268092,2446,885:169
268093,2446,885:169
268096,2430,885:0
268099,2449,885:20
268102,2456,885:38
268105,2464,885:55
268106,2464,885:55
268109,2464,885:55
268110,2464,885:55
268113,2431,885:1
268118,2453,885:3
268123,2437,885:13
268128,2450,885:22
268133,2452,885:24
268138,2454,885:34
268143,2458,885:44
268148,2459,885:48
268153,2462,885:53
268158,2462,885:53
268163,2463,885:54
268168,2465,885:56
268173,2466,885:70
268178,2467,885:72
268183,2468,885:80
268188,2471,885:83
268193,2472,885:93
268198,2433,885:107
268203,2434,885:110
268208,2435,885:116
268213,2436,885:118
268218,2438,885:131
268223,2440,885:133
268228,2442,885:143
268233,2443,885:145
268238,2444,885:162
268243,2445,885:164
268248,2446,885:169
268253,2430,885:0
268258,2432,885:10
268263,2449,885:20
268268,2455,885:37
268273,2460,885:49
268278,2464,885:55
268283,2457,885:4
268288,2448,885:2
268293,2431,885:1
268298,2430,885:0
268791,2473,888:0
268792,2473,888:0
268795,2473,888:0
268798,2474,888:1
268803,2475,888:8
268808,2476,889:0
268810,2476,889:0
268811,2476,889:0
268812,2476,889:0
268813,2476,889:0
268814,2476,889:0
268815,2476,889:0
268824,2476,889:0
268825,2476,889:0
268834,2484,889:8
268835,2484,889:8
268836,2484,889:8
268845,2476,889:0
268851,2484,889:8
268857,2476,889:0
268858,2476,889:0
268859,2476,889:0
268860,2476,889:0
268861,2476,889:0
268862,2477,889:1
268863,2478,889:2
268864,2478,889:2
268865,2479,889:3
268866,2480,889:4
268867,2481,889:5
268868,2482,889:6
268869,2483,889:7
268870,2484,889:8
268871,2484,889:8
268872,2484,889:8
268873,2484,889:8
268885,2446,885:169
268886,2446,885:169
268901,2566,890:2
268902,2566,890:2
268903,2485,890:0
268904,2485,890:0
268905,2566,890:2
268906,2566,890:2
268907,2566,890:2
268908,2566,890:2
268917,2485,890:0
268918,2566,890:2
268927,2570,890:23
268928,2570,890:23
268929,2570,890:23
268930,2570,890:23
268931,2570,890:23
268932,2570,890:23
268933,2570,890:23
268942,2599,890:50
268951,2596,890:48
268952,2596,890:48
268953,2596,890:48
268954,2596,890:48
268955,2596,890:48
268956,2596,890:48
268957,2596,890:48
268958,2596,890:48
268967,2596,890:48
268968,2596,890:48
268969,2596,890:48
268979,2596,890:48
268980,2596,890:48
268981,2596,890:48
268983,2598,890:5
268984,2598,890:5
268993,2598,890:5
268994,2598,890:5
268995,2598,890:5
268996,2596,890:48
268997,2596,890:48
269006,2601,890:52
269007,2601,890:52
269008,2601,890:52
269009,2601,890:52
269010,2601,890:52
269019,2602,890:53
269020,2602,890:53
269021,2602,890:53
269022,2602,890:53
269031,2621,890:70
269032,2621,890:70
269033,2621,890:70
269034,2621,890:70
269043,2634,890:82
269044,2634,890:82
269045,2634,890:82
269046,2634,890:82
269047,2633,890:81
269048,2634,890:82
269049,2633,890:81
269050,2634,890:82
269059,2633,890:81
269068,2496,890:108
269069,2496,890:108
269070,2493,890:105
269071,2496,890:108
269072,2496,890:108
269073,2496,890:108
269082,2523,890:132
269083,2523,890:132
269084,2523,890:132
269085,2523,890:132
269086,2523,890:132
269087,2523,890:132
269088,2523,890:132
269089,2523,890:132
269098,2523,890:132
269107,2555,890:163
269108,2555,890:163
269109,2555,890:163
269110,2555,890:163
269111,2555,890:163
269120,2561,890:169
269121,2561,890:169
269122,2561,890:169
269123,2561,890:169
269124,2561,890:169
269125,2561,890:169
269126,2561,890:169
269127,2561,890:169
269136,2561,890:169
269137,2561,890:169
269138,2561,890:169
269139,2563,890:170
269148,2566,890:2
269154,2620,890:7
269160,2509,890:12
269166,2562,890:17
269172,2570,890:23
269178,2575,890:29
269184,2582,890:35
269190,2589,890:41
269196,2596,890:48
269202,2598,890:5
269208,2598,890:5
269214,2598,890:5
269220,2600,890:51
269226,2587,890:4
269232,2487,890:10
269238,2605,890:56
269244,2611,890:61
269250,2617,890:67
269256,2623,890:72
269262,2628,890:77
269268,2634,890:82
269274,2639,890:87
269280,2646,890:93
269286,2652,890:99
269292,2493,890:105
269298,2499,890:110
269304,2504,890:115
269310,2510,890:120
269316,2516,890:126
269322,2523,890:132
269328,2528,890:137
269334,2533,890:142
269340,2538,890:147
269346,2543,890:151
269352,2548,890:157
269358,2555,890:163
269364,2561,890:169
269370,2561,890:169
269410,2485,890:0
269411,2485,890:0
269412,2485,890:0
269413,2486,890:1
269414,2486,890:1
269415,2566,890:2
269416,2576,890:3
269417,2587,890:4
269418,2598,890:5
269419,2609,890:6
269420,2620,890:7
269421,2631,890:8
269422,2631,890:8
269423,2642,890:9
269424,2487,890:10
269425,2498,890:11
269426,2509,890:12
269427,2520,890:13
269428,2530,890:14
269429,2541,890:15
269430,2541,890:15
269431,2551,890:16
269432,2562,890:17
269433,2564,890:18
269434,2565,890:19
269435,2565,890:19
269436,2567,890:20
269437,2568,890:21
269438,2569,890:22
269439,2570,890:23
269440,2570,890:23
269441,2570,890:23
269442,2570,890:23
269443,2570,890:23
269444,2571,890:24
269445,2572,890:25
269446,2572,890:25
269447,2573,890:27
269448,2573,890:27
269449,2574,890:28
269450,2575,890:29
269451,2577,890:30
269452,2578,890:31
269453,2579,890:32
269454,2580,890:33
269455,2581,890:34
269456,2582,890:35
269457,2583,890:36
269458,2583,890:36
269459,2584,890:37
269460,2585,890:38
269461,2586,890:39
269462,2588,890:40
269463,2589,890:41
269464,2590,890:42
269465,2591,890:43
269466,2592,890:44
269467,2593,890:45
269468,2593,890:45
269469,2594,890:46
269470,2595,890:47
269471,2596,890:48
269472,2596,890:48
269473,2596,890:48
269474,2596,890:48
269478,2596,890:48
269479,2596,890:48
269480,2596,890:48
269481,2596,890:48
269482,2596,890:48
269483,2596,890:48
269484,2596,890:48
269485,2596,890:48
269486,2596,890:48
269487,2596,890:48
269488,2596,890:48
269489,2596,890:48
269490,2596,890:48
269491,2596,890:48
269492,2596,890:48
269493,2596,890:48
269494,2596,890:48
269495,2596,890:48
269496,2596,890:48
269497,2596,890:48
269498,2596,890:48
269499,2596,890:48
269500,2596,890:48
269501,2596,890:48
269502,2596,890:48
269503,2596,890:48
269504,2596,890:48
269505,2596,890:48
269506,2596,890:48
269507,2596,890:48
269508,2596,890:48
269509,2596,890:48
269510,2596,890:48
269511,2596,890:48
269512,2596,890:48
269513,2597,890:49
269514,2597,890:49
269515,2599,890:50
269516,2600,890:51
269517,2600,890:51
269518,2601,890:52
269519,2601,890:52
269520,2601,890:52
269521,2601,890:52
269522,2601,890:52
269523,2601,890:52
269524,2601,890:52
269525,2601,890:52
269526,2601,890:52
269527,2601,890:52
269528,2601,890:52
269529,2601,890:52
269530,2601,890:52
269531,2601,890:52
269532,2601,890:52
269533,2601,890:52
269534,2601,890:52
269535,2601,890:52
269536,2601,890:52
269537,2602,890:53
269538,2603,890:54
269539,2603,890:54
269540,2604,890:55
269541,2604,890:55
269542,2606,890:57
269543,2607,890:58
269544,2607,890:58
269545,2607,890:58
269546,2607,890:58
269547,2607,890:58
269548,2607,890:58
269549,2608,890:59
269550,2610,890:60
269551,2611,890:61
269552,2612,890:62
269553,2613,890:63
269554,2614,890:64
269555,2615,890:65
269556,2616,890:66
269557,2617,890:67
269558,2618,890:68
269559,2619,890:69
269560,2621,890:70
269561,2622,890:71
269562,2622,890:71
269563,2622,890:71
269564,2622,890:71
269569,2622,890:71
269570,2622,890:71
269571,2623,890:72
269572,2624,890:73
269573,2625,890:74
269574,2625,890:74
269575,2626,890:75
269576,2627,890:76
269577,2628,890:77
269578,2629,890:78
269579,2630,890:79
269580,2632,890:80
269581,2633,890:81
269582,2633,890:81
269583,2633,890:81
269584,2633,890:81
269585,2633,890:81
269586,2634,890:82
269587,2634,890:82
269588,2633,890:81
269589,2634,890:82
269590,2634,890:82
269591,2634,890:82
269592,2634,890:82
269593,2634,890:82
269594,2634,890:82
269595,2635,890:83
269596,2636,890:84
269597,2637,890:85
269598,2638,890:86
269599,2639,890:87
269600,2639,890:87
269601,2640,890:88
269602,2641,890:89
269603,2641,890:89
269604,2643,890:90
269605,2643,890:90
269606,2644,890:91
269607,2645,890:92
269608,2646,890:93
269609,2647,890:94
269610,2648,890:95
269611,2649,890:96
269612,2650,890:97
269613,2651,890:98
269614,2651,890:98
269615,2652,890:99
269616,2488,890:100
269617,2489,890:101
269618,2490,890:102
269619,2491,890:103
269620,2492,890:104
269621,2493,890:105
269622,2493,890:105
269623,2493,890:105
269624,2493,890:105
269625,2494,890:106
269626,2495,890:107
269627,2495,890:107
269628,2496,890:108
269629,2497,890:109
269630,2499,890:110
269631,2500,890:111
269632,2501,890:112
269633,2502,890:113
269634,2503,890:114
269635,2504,890:115
269636,2505,890:116
269637,2506,890:117
269638,2507,890:118
269639,2508,890:119
269640,2510,890:120
269641,2510,890:120
269642,2510,890:120
269643,2511,890:121
269644,2512,890:122
269645,2513,890:123
269646,2513,890:123
269647,2513,890:123
269648,2513,890:123
269649,2514,890:124
269650,2515,890:125
269651,2516,890:126
269652,2517,890:127
269653,2518,890:128
269654,2519,890:129
269655,2521,890:130
269656,2522,890:131
269657,2523,890:132
269661,2524,890:133
269662,2524,890:133
269663,2524,890:133
269664,2524,890:133
269665,2524,890:133
269666,2524,890:133
269667,2524,890:133
269668,2524,890:133
269669,2525,890:134
269670,2526,890:135
269671,2527,890:136
269672,2527,890:136
269673,2528,890:137
269674,2529,890:138
269675,2531,890:140
269676,2532,890:141
269677,2533,890:142
269678,2534,890:143
269679,2534,890:143
269680,2534,890:143
269681,2535,890:144
269682,2535,890:144
269683,2536,890:145
269684,2536,890:145
269685,2537,890:146
269686,2538,890:147
269687,2538,890:147
269688,2539,890:148
269689,2540,890:149
269690,2542,890:150
269691,2543,890:151
269692,2543,890:151
269693,2543,890:151
269694,2543,890:151
269695,2543,890:151
269696,2543,890:151
269697,2544,890:152
269698,2545,890:153
269699,2546,890:154
269700,2547,890:155
269701,2547,890:155
269702,2548,890:157
269703,2549,890:158
269704,2550,890:159
269705,2550,890:159
269706,2552,890:160
269707,2553,890:161
269708,2554,890:162
269709,2555,890:163
269710,2556,890:164
269711,2557,890:165
269712,2558,890:166
269713,2559,890:167
269714,2559,890:167
269715,2560,890:168
269716,2561,890:169
269717,2561,890:169
269718,2561,890:169
269719,2561,890:169
269720,2561,890:169
269721,2561,890:169
269722,2561,890:169
269766,2596,890:48
272683,2459,885:48
272684,2459,885:48
272685,2459,885:48
272686,2459,885:48
272688,2242,884:672
272690,2204,884:632
273250,2204,884:632
273251,2253,884:683
277855,2278,884:708
277860,2298,884:728
277861,2298,884:728
277862,2298,884:728
277863,2298,884:728
277864,2298,884:728
277868,2300,884:730
277869,2300,884:730
277870,2300,884:730
277874,2300,884:730
277877,2300,884:730
277878,2300,884:730
277879,2300,884:730
277880,2300,884:730
277881,2300,884:730
277882,2300,884:730
277883,2300,884:730
277884,2300,884:730
277886,2300,884:730
277890,2306,884:736
277894,2314,884:745
277896,2314,884:745
277898,2314,884:745
277899,2314,884:745
277902,2314,884:745
277903,2314,884:745
277904,2314,884:745
277908,2325,884:756
277909,2325,884:756
277910,2325,884:756
277911,2325,884:756
277915,2342,884:774
277916,2342,884:774
277917,2342,884:774
277918,2342,884:774
277919,2342,884:774
277921,2342,884:774
277922,2342,884:774
277926,2373,884:805
277927,2372,884:804
277928,2372,884:804
277929,2372,884:804
277930,2372,884:804
277931,2372,884:804
277935,2394,884:827
277936,2394,884:827
277937,2394,884:827
277938,2394,884:827
277939,2394,884:827
277940,2394,884:827
277941,2394,884:827
277942,2394,884:827
277946,2394,884:827
277947,2394,884:827
277948,2394,884:827
277949,2394,884:827
277950,2394,884:827
277953,2415,884:848
277954,2415,884:848
277955,2415,884:848
277956,2415,884:848
277960,2415,884:848
277961,2415,884:848
277962,2415,884:848
277963,2415,884:848
277964,2415,884:848
277965,2415,884:848
277966,2415,884:848
277967,2415,884:848
277968,2415,884:848
277971,2429,884:863
277972,2429,884:863
277973,2429,884:863
277977,2429,884:863
277978,2429,884:863
277979,2429,884:863
277983,2429,884:863
277984,2429,884:863
277988,2429,884:863
277989,2429,884:863
277992,2429,884:863
277993,2429,884:863
277994,2429,884:863
277995,2429,884:863
277999,2300,884:730
278000,2300,884:730
278001,2300,884:730
278002,2300,884:730
278004,2300,884:730
278005,2300,884:730
278006,2300,884:730
278007,2300,884:730
278009,2300,884:730
278010,2300,884:730
278011,2300,884:730
278012,2300,884:730
278014,2300,884:730
278015,2300,884:730
278016,2300,884:730
278017,2300,884:730
278019,2300,884:730
278020,2300,884:730
278021,2300,884:730
278022,2300,884:730
278025,2300,884:730
278026,2300,884:730
278027,2300,884:730
278028,2300,884:730
278031,2300,884:730
278032,2300,884:730
278033,2300,884:730
278034,2300,884:730
278039,2300,884:730
278040,2300,884:730
278041,2300,884:730
278042,2300,884:730
278045,2300,884:730
278046,2300,884:730
278049,2342,884:774
278050,2342,884:774
278051,2342,884:774
278052,2342,884:774
278053,2342,884:774
278054,2342,884:774
278060,2394,884:827
278061,2394,884:827
278062,2394,884:827
278063,2394,884:827
278064,2394,884:827
278065,2394,884:827
278068,2429,884:863
278069,2429,884:863
278072,2429,884:863
278073,2429,884:863
278076,2280,884:710
278082,2285,884:715
278088,2290,884:720
278094,2295,884:725
278100,2300,884:730
278106,2300,884:730
278112,2306,884:736
278118,2311,884:741
278124,2315,884:746
278130,2320,884:751
278136,2325,884:756
278142,2327,884:759
278148,2332,884:764
278154,2337,884:769
278160,2342,884:774
278166,2347,884:779
278172,2352,884:784
278178,2357,884:789
278184,2362,884:794
278190,2367,884:799
278196,2372,884:804
278202,2375,884:807
278208,2379,884:812
278214,2384,884:817
278220,2389,884:822
278226,2394,884:827
278232,2400,884:833
278238,2405,884:838
278244,2410,884:843
278250,2415,884:848
278256,2420,884:853
278262,2424,884:858
278268,2429,884:863
278274,2270,884:7
278280,2081,884:10
278286,2279,884:709
278291,2298,884:728
278296,2313,884:744
278301,2315,884:746
278306,2325,884:756
278311,2371,884:803
278316,2373,884:805
278321,2414,884:847
278326,2416,884:849
278331,2424,884:858
278336,2425,884:859
278341,2300,884:730
278342,2300,884:730
278343,2300,884:730
278344,2300,884:730
278345,2300,884:730
278346,2300,884:730
278347,2300,884:730
278348,2300,884:730
278349,2299,884:729
278350,2298,884:728
278351,2297,884:727
278352,2297,884:727
278353,2296,884:726
278354,2295,884:725
278355,2294,884:724
278356,2294,884:724
278357,2293,884:723
278358,2292,884:722
278359,2292,884:722
278360,2291,884:721
278361,2290,884:720
278362,2289,884:719
278363,2288,884:718
278364,2288,884:718
278365,2287,884:717
278366,2286,884:716
278367,2285,884:715
278368,2285,884:715
278369,2284,884:714
278370,2283,884:713
278371,2282,884:712
278372,2281,884:711
278373,2280,884:710
278374,2280,884:710
278375,2279,884:709
278376,2278,884:708
278377,2300,884:730
278378,2300,884:730
278379,2301,884:731
278380,2302,884:732
278381,2303,884:733
278382,2304,884:734
278383,2305,884:735
278384,2305,884:735
278385,2306,884:736
278386,2307,884:737
278387,2308,884:738
278388,2309,884:739
278389,2310,884:740
278390,2311,884:741
278391,2312,884:742
278392,2312,884:742
278393,2313,884:744
278394,2313,884:744
278395,2314,884:745
278396,2315,884:746
278397,2316,884:747
278398,2317,884:748
278399,2318,884:749
278400,2319,884:750
278401,2319,884:750
278402,2320,884:751
278403,2321,884:752
278404,2322,884:753
278405,2323,884:754
278406,2324,884:755
278407,2325,884:756
278408,2326,884:758
278409,2327,884:759
278410,2327,884:759
278416,2356,884:788
278417,2355,884:787
278418,2354,884:786
278419,2353,884:785
278420,2352,884:784
278421,2351,884:783
278422,2351,884:783
278423,2350,884:782
278424,2349,884:781
278425,2348,884:780
278426,2347,884:779
278427,2346,884:778
278428,2346,884:778
278429,2345,884:777
278430,2344,884:776
278431,2344,884:776
278432,2343,884:775
278433,2342,884:774
278434,2343,884:775
278435,2343,884:775
278436,2342,884:774
278437,2341,884:773
278438,2340,884:772
278439,2340,884:772
278440,2339,884:771
278441,2338,884:770
278442,2337,884:769
278443,2336,884:768
278444,2335,884:767
278445,2335,884:767
278446,2334,884:766
278447,2333,884:765
278448,2332,884:764
278449,2331,884:763
278450,2330,884:762
278451,2329,884:761
278452,2328,884:760
278453,2356,884:788
278454,2357,884:789
278455,2358,884:790
278456,2359,884:791
278457,2360,884:792
278458,2361,884:793
278459,2362,884:794
278460,2363,884:795
278461,2363,884:795
278462,2364,884:796
278463,2365,884:797
278464,2365,884:797
278465,2366,884:798
278466,2367,884:799
278467,2368,884:800
278468,2368,884:800
278469,2369,884:801
278470,2370,884:802
278471,2371,884:803
278472,2372,884:804
278473,2373,884:805
278474,2374,884:806
278475,2375,884:807
278476,2376,884:808
278477,2376,884:808
278478,2377,884:809
278479,2377,884:809
278480,2378,884:811
278481,2379,884:812
278482,2380,884:813
278483,2381,884:814
278484,2382,884:815
278485,2383,884:816
278486,2384,884:817
278487,2384,884:817
278488,2385,884:818
278489,2342,884:774
278490,2342,884:774
278494,2413,884:846
278495,2412,884:845
278496,2411,884:844
278497,2411,884:844
278498,2410,884:843
278499,2409,884:842
278500,2408,884:841
278501,2407,884:840
278502,2406,884:839
278503,2406,884:839
278504,2405,884:838
278505,2404,884:837
278506,2403,884:836
278507,2402,884:835
278508,2401,884:834
278509,2400,884:833
278510,2400,884:833
278511,2399,884:832
278512,2398,884:831
278513,2397,884:830
278514,2396,884:829
278515,2395,884:828
278516,2394,884:827
278517,2394,884:827
278518,2394,884:827
278519,2393,884:826
278520,2393,884:826
278521,2393,884:826
278522,2392,884:825
278523,2391,884:824
278524,2390,884:823
278525,2389,884:822
278526,2388,884:821
278527,2387,884:820
278528,2387,884:820
278529,2386,884:819
278530,2414,884:847
278531,2414,884:847
278532,2415,884:848
278533,2416,884:849
278534,2417,884:850
278535,2418,884:851
278536,2418,884:851
278537,2419,884:852
278538,2420,884:853
278539,2421,884:855
278540,2422,884:856
278541,2423,884:857
278542,2424,884:858
278543,2425,884:859
278544,2425,884:859
278545,2426,884:860
278546,2427,884:861
278547,2427,884:861
278548,2428,884:862
278549,2428,884:862
278550,2429,884:863
278551,2429,884:863
278552,2429,884:863
278553,2429,884:863
278554,2429,884:863
278555,2429,884:863
278556,2429,884:863
278557,2429,884:863
278558,2429,884:863
278559,2429,884:863
278560,2429,884:863
278561,2429,884:863
278562,2429,884:863
278563,2429,884:863
278564,2429,884:863
278565,2429,884:863
278566,2429,884:863
278567,2429,884:863
278568,2429,884:863
279899,2300,884:730
279900,2300,884:730
284123,1224,477:91
284125,1219,477:36
284182,2342,884:774
284681,1340,645:0
284682,1340,645:0
284683,1380,645:34
284684,1380,645:34
284690,1344,645:116
284691,1344,645:116
284692,1353,645:168
284693,1353,645:168
284694,1352,645:162
284695,1353,645:168
284696,1355,645:185
284697,1355,645:185
284698,1354,645:177
284699,1355,645:185
284704,1359,645:213
284705,1359,645:213
284706,1358,645:205
284707,1359,645:213
284708,1369,645:262
284709,1369,645:262
284710,1369,645:262
284711,1368,645:255
284712,1371,645:276
284713,1371,645:276
284714,1371,645:276
284715,1370,645:267
284716,1373,645:291
284717,1373,645:291
284718,1374,645:292
284719,1372,645:284
284720,1376,645:305
284721,1376,645:305
284722,1379,645:324
284723,1379,645:324
284724,1378,645:317
284725,1379,645:324
284726,1381,645:341
284727,1381,645:341
284728,1381,645:341
284729,1385,645:373
284730,1397,645:440
284731,1397,645:440
284732,1409,645:512
284846,1350,645:15
284847,1350,645:15
284848,1350,645:15
284849,1360,645:22
284850,1360,645:22
284853,1413,645:55
284854,1413,645:55
284855,1402,645:48
284856,1394,645:42
284857,1402,645:48
284858,1414,645:60
284861,1416,645:74
284862,1416,645:74
284863,1415,645:67
284864,1416,645:74
284865,1418,645:80
284868,1420,645:93
284869,1420,645:93
284870,1419,645:86
284871,1420,645:93
284874,1342,645:103
284875,1342,645:103
284876,1343,645:105
284877,1342,645:103
284878,1421,645:98
284881,1347,645:136
284882,1347,645:136
284883,1346,645:130
284884,1347,645:136
284885,1348,645:141
284888,1351,645:154
284889,1351,645:154
284890,1349,645:146
284891,1351,645:154
284894,1362,645:227
284895,1362,645:227
284896,1361,645:220
284897,1363,645:228
284898,1364,645:235
284901,1367,645:249
284902,1367,645:249
284903,1365,645:242
284904,1367,645:249
284907,1345,645:124
284908,1345,645:124
284912,1398,645:449
284913,1399,645:456
284914,1400,645:464
284917,1401,645:472
284918,1403,645:481
284921,1405,645:489
284922,1406,645:496
284923,1408,645:503
284927,1393,645:415
284928,1396,645:424
285879,2653,914:0
285885,3052,914:5
285891,2655,914:10
285897,2709,914:15
285903,2719,914:17
285909,2745,914:22
285915,2799,914:27
285921,2855,914:32
285927,2910,914:37
285933,2966,914:42
285939,3019,914:47
285945,3056,914:52
285951,3060,914:56
285957,3065,914:60
285963,3066,914:61
285969,3066,914:61
285975,3066,914:61
285981,3066,914:61
285987,3070,914:65
285993,3076,914:70
285999,3080,914:74
286005,3083,914:77
286011,3083,914:77
286017,3083,914:77
286023,3084,914:78
286029,3090,914:83
286035,3095,914:88
286041,3101,914:93
286047,3106,914:98
286053,2657,914:101
286059,2661,914:106
286065,2667,914:111
286071,2672,914:116
286077,2678,914:121
286083,2680,914:123
286089,2685,914:128
286095,2691,914:133
286101,2696,914:138
286107,2702,914:143
286113,2705,914:146
286119,2705,914:146
286125,2707,914:148
286131,2713,914:153
286137,2716,914:157
286143,3051,914:499
286149,3048,914:496
286155,3044,914:492
286161,3040,914:489
286167,3035,914:484
286173,3029,914:479
286179,3024,914:474
286185,3020,914:470
286191,3014,914:465
286197,3009,914:460
286203,3007,914:459
286209,3003,914:455
286215,2999,914:451
286221,2994,914:446
286227,2991,914:443
286233,2985,914:438
286239,2980,914:433
286245,2978,914:430
286251,2976,914:429
286257,2971,914:424
286263,2967,914:420
286269,2961,914:415
286275,2956,914:410
286281,2950,914:405
286287,2946,914:401
286293,2942,914:399
286299,2942,914:399
286305,2942,914:399
286311,2939,914:396
286317,2934,914:391
286323,2928,914:386
286329,2923,914:381
286335,2916,914:375
286341,2913,914:372
286347,2908,914:368
286353,2903,914:363
286359,2897,914:358
286365,2892,914:353
286371,2886,914:348
286377,2882,914:344
286383,2878,914:340
286389,2875,914:338
286395,2870,914:333
286401,2864,914:328
286407,2859,914:323
286413,2854,914:319
286419,2849,914:314
286425,2845,914:310
286431,2840,914:306
286437,2835,914:301
286443,2831,914:299
286449,2826,914:294
286455,2820,914:289
286461,2815,914:284
286467,2811,914:280
286473,2805,914:275
286479,2800,914:270
286485,2800,914:270
286491,2798,914:269
286497,2793,914:264
286503,2791,914:262
286509,2785,914:257
286515,2780,914:252
286521,2775,914:247
286527,2770,914:242
286533,2764,914:237
286539,2759,914:232
286545,2757,914:230
286551,2753,914:227
286557,2748,914:222
286563,2742,914:217
286569,2738,914:213
286575,2733,914:209
286581,2728,914:204
286587,2724,914:200
286808,2653,914:0
286809,2653,914:0
286810,2718,914:16
286811,2719,914:17
286812,2720,914:18
286813,2719,914:17
286814,2719,914:17
286815,2719,914:17
286816,2719,914:17
286817,2719,914:17
286818,2888,914:35
286819,2899,914:36
286820,2899,914:36
286821,2921,914:38
286822,2910,914:37
286823,2910,914:37
286824,2910,914:37
286825,3059,914:55
286826,3060,914:56
286827,3060,914:56
286828,3062,914:58
286829,3061,914:57
286830,3066,914:61
286831,3066,914:61
286832,3066,914:61
286833,3066,914:61
286834,3066,914:61
286835,3066,914:61
286836,3066,914:61
286837,3066,914:61
286838,3066,914:61
286839,3079,914:73
286840,3080,914:74
286841,3080,914:74
286842,3080,914:74
286843,3082,914:76
286844,3081,914:75
286845,3081,914:75
286846,3083,914:77
286847,3083,914:77
286848,3083,914:77
286849,3083,914:77
286850,3083,914:77
286851,3083,914:77
286852,3087,914:80
286853,3085,914:79
286854,3085,914:79
286855,3085,914:79
286856,3084,914:78
286857,3107,914:99
286858,2656,914:100
286859,2656,914:100
286860,2658,914:102
286861,2657,914:101
286862,2657,914:101
286863,2657,914:101
286864,2679,914:122
286865,2680,914:123
286866,2680,914:123
286867,2680,914:123
286868,2680,914:123
286869,2680,914:123
286870,2680,914:123
286871,2702,914:143
286872,2703,914:144
286873,2703,914:144
286874,2705,914:146
286875,2705,914:146
286877,2705,914:146
286878,2705,914:146
286879,2705,914:146
286880,2704,914:145
286881,2704,914:145
286882,2706,914:147
286883,2705,914:146
286884,2715,914:155
286885,2716,914:157
286886,2716,914:157
286887,2716,914:157
286888,3054,914:500
286889,3054,914:500
286890,3042,914:490
286891,3040,914:489
286892,3040,914:489
286893,3039,914:488
286894,3040,914:489
286895,3040,914:489
286896,3040,914:489
286897,3040,914:489
286898,3021,914:471
286899,3020,914:470
286900,3020,914:470
286901,3018,914:469
286902,3020,914:470
286903,3010,914:461
286904,3009,914:460
286905,3009,914:460
286906,3009,914:460
286907,3006,914:458
286908,3007,914:459
286909,3007,914:459
286910,3007,914:459
286911,3007,914:459
286912,2996,914:448
286913,2995,914:447
286914,2994,914:446
286915,2994,914:446
286917,2978,914:430
286918,2978,914:430
286919,2978,914:430
286920,2975,914:428
286921,2976,914:429
286922,2976,914:429
286923,2976,914:429
286924,2969,914:422
286925,2968,914:421
286926,2967,914:420
286927,2967,914:420
286928,2967,914:420
286929,2945,914:400
286930,2942,914:399
286931,2942,914:399
286932,2942,914:399
286933,2942,914:399
286934,2942,914:399
286935,2942,914:399
286936,2942,914:399
286937,2942,914:399
286938,2942,914:399
286939,2942,914:399
286940,2942,914:399
286941,2942,914:399
286942,2942,914:399
286943,2942,914:399
286944,2942,914:399
286945,2941,914:398
286946,2942,914:399
286947,2930,914:388
286948,2928,914:386
286949,2929,914:387
286950,2915,914:374
286951,2914,914:373
286952,2914,914:373
286953,2912,914:371
286954,2913,914:372
286955,2894,914:355
286956,2893,914:354
286957,2893,914:354
286958,2894,914:355
286959,2892,914:353
286960,2892,914:353
286961,2879,914:341
286962,2878,914:340
286963,2878,914:340
286964,2878,914:340
286967,2878,914:340
286968,2874,914:337
286969,2876,914:339
286970,2875,914:338
286971,2876,914:339
286972,2863,914:327
286973,2862,914:326
286974,2861,914:325
286975,2860,914:324
286976,2861,914:325
286977,2846,914:311
286978,2845,914:310
286979,2845,914:310
286980,2845,914:310
286981,2845,914:310
286982,2843,914:309
286983,2845,914:310
286984,2845,914:310
286985,2834,914:300
286986,2831,914:299
286987,2831,914:299
286988,2831,914:299
286989,2829,914:297
286990,2830,914:298
286991,2830,914:298
286992,2816,914:285
286993,2814,914:283
286994,2815,914:284
286995,2814,914:283
286996,2815,914:284
286997,2813,914:282
286998,2814,914:283
286999,2814,914:283
287000,2800,914:270
287001,2800,914:270
287002,2800,914:270
287003,2800,914:270
287005,2794,914:265
287006,2793,914:264
287007,2793,914:264
287008,2793,914:264
287009,2793,914:264
287010,2793,914:264
287011,2790,914:261
287012,2791,914:262
287013,2791,914:262
287015,2792,914:263
287016,2758,914:231
287017,2757,914:230
287018,2757,914:230
287019,2757,914:230
287020,2757,914:230
287021,2755,914:229
287022,2757,914:230
287023,2755,914:229
287024,2757,914:230
287025,2755,914:229
287026,2729,914:205
287027,2729,914:205
287028,2728,914:204
287029,2727,914:203
287030,2728,914:204
287031,2724,914:200
287032,2724,914:200
287065,2653,914:0
287066,2653,914:0
287067,2653,914:0
287068,2654,914:1
287069,2722,914:2
287070,2722,914:2
287071,2722,914:2
287072,2722,914:2
287073,2832,914:3
287074,2943,914:4
287075,2943,914:4
287076,3052,914:5
287077,3052,914:5
287078,3052,914:5
287079,3052,914:5
287080,3052,914:5
287081,3052,914:5
287082,3052,914:5
287083,3064,914:6
287084,3075,914:7
287085,3086,914:8
287086,3086,914:8
287087,3097,914:9
287088,2655,914:10
287089,2665,914:11
287090,2676,914:12
287091,2687,914:13
287092,2698,914:14
287093,2709,914:15
287094,2709,914:15
287095,2718,914:16
287096,2718,914:16
287097,2719,914:17
287098,2718,914:16
287099,2718,914:16
287100,2719,914:17
287101,2719,914:17
287102,2719,914:17
287103,2719,914:17
287104,2719,914:17
287105,2719,914:17
287106,2719,914:17
287107,2719,914:17
287108,2720,914:18
287109,2721,914:19
287110,2721,914:19
287111,2723,914:20
287112,2734,914:21
287113,2745,914:22
287114,2756,914:23
287115,2767,914:24
287116,2778,914:25
287117,2778,914:25
287118,2778,914:25
287119,2788,914:26
287120,2799,914:27
287121,2799,914:27
287122,2810,914:28
287123,2821,914:29
287124,2833,914:30
287125,2844,914:31
287126,2855,914:32
287127,2866,914:33
287128,2877,914:34
287129,2888,914:35
287130,2899,914:36
287131,2899,914:36
287132,2899,914:36
287135,2910,914:37
287136,2910,914:37
287137,2910,914:37
287138,2910,914:37
287139,2910,914:37
287140,2910,914:37
287141,2899,914:36
287142,2910,914:37
287143,2921,914:38
287144,2932,914:39
287145,2932,914:39
287146,2944,914:40
287147,2955,914:41
287148,2966,914:42
287149,2977,914:43
287150,2977,914:43
287151,2977,914:43
287152,2977,914:43
287153,2977,914:43
287154,2977,914:43
287155,2977,914:43
287156,2987,914:44
287157,2997,914:45
287158,3008,914:46
287159,3008,914:46
287160,3019,914:47
287161,3030,914:48
287162,3041,914:49
287163,3053,914:50
287164,3055,914:51
287165,3056,914:52
287166,3057,914:53
287167,3058,914:54
287168,3059,914:55
287169,3060,914:56
287170,3061,914:57
287171,3061,914:57
287172,3062,914:58
287173,3063,914:59
287174,3065,914:60
287175,3065,914:60
287176,3066,914:61
287177,3066,914:61
287178,3066,914:61
287179,3066,914:61
287180,3066,914:61
287181,3066,914:61
287182,3066,914:61
287183,3066,914:61
287184,3066,914:61
287185,3066,914:61
287186,3066,914:61
287187,3066,914:61
287188,3066,914:61
287189,3066,914:61
287190,3066,914:61
287191,3066,914:61
287192,3066,914:61
287193,3066,914:61
287194,3066,914:61
287195,3066,914:61
287196,3066,914:61
287197,3066,914:61
287198,3066,914:61
287199,3066,914:61
287200,3066,914:61
287201,3066,914:61
287202,3066,914:61
287203,3066,914:61
287204,3066,914:61
287205,3066,914:61
287206,3066,914:61
287209,3066,914:61
287210,3067,914:62
287211,3067,914:62
287212,3068,914:63
287213,3069,914:64
287214,3070,914:65
287215,3071,914:66
287216,3072,914:67
287217,3073,914:68
287218,3074,914:69
287219,3076,914:70
287220,3077,914:71
287221,3078,914:72
287222,3079,914:73
287223,3079,914:73
287224,3079,914:73
287225,3079,914:73
287226,3080,914:74
287227,3080,914:74
287228,3080,914:74
287229,3080,914:74
287230,3080,914:74
287231,3081,914:75
287232,3081,914:75
287233,3081,914:75
287234,3081,914:75
287235,3081,914:75
287236,3082,914:76
287237,3082,914:76
287238,3083,914:77
287239,3083,914:77
287240,3084,914:78
287241,3083,914:77
287242,3083,914:77
287243,3083,914:77
287244,3083,914:77
287245,3083,914:77
287246,3083,914:77
287247,3083,914:77
287248,3083,914:77
287249,3083,914:77
287250,3083,914:77
287251,3083,914:77
287252,3083,914:77
287253,3083,914:77
287254,3083,914:77
287255,3083,914:77
287256,3083,914:77
287257,3083,914:77
287258,3083,914:77
287259,3083,914:77
287260,3083,914:77
287261,3083,914:77
287262,3083,914:77
287265,3084,914:78
287266,3084,914:78
287267,3084,914:78
287268,3085,914:79
287269,3085,914:79
287270,3085,914:79
287271,3085,914:79
287272,3085,914:79
287273,3087,914:80
287274,3087,914:80
287275,3088,914:81
287276,3089,914:82
287277,3090,914:83
287278,3091,914:84
287279,3092,914:85
287280,3093,914:86
287281,3093,914:86
287282,3094,914:87
287283,3094,914:87
287284,3095,914:88
287285,3095,914:88
287286,3095,914:88
287287,3095,914:88
287288,3096,914:89
287289,3098,914:90
287290,3099,914:91
287291,3100,914:92
287292,3101,914:93
287293,3102,914:94
287294,3103,914:95
287295,3104,914:96
287296,3105,914:97
287297,3106,914:98
287298,3107,914:99
287299,2656,914:100
287300,2656,914:100
287301,2656,914:100
287302,2656,914:100
287303,2656,914:100
287304,2657,914:101
287305,2657,914:101
287306,2657,914:101
287307,2657,914:101
287308,2657,914:101
287309,2657,914:101
287310,2658,914:102
287311,2658,914:102
287312,2659,914:104
287313,2659,914:104
287314,2660,914:105
287315,2661,914:106
287316,2662,914:107
287317,2663,914:108
287318,2664,914:109
287319,2664,914:109
287320,2666,914:110
287321,2666,914:110
287322,2666,914:110
287323,2666,914:110
287324,2667,914:111
287325,2668,914:112
287326,2669,914:113
287327,2670,914:114
287328,2671,914:115
287329,2671,914:115
287330,2672,914:116
287331,2673,914:117
287332,2674,914:118
287333,2675,914:119
287334,2677,914:120
287335,2678,914:121
287336,2679,914:122
287340,2679,914:122
287341,2680,914:123
287342,2680,914:123
287343,2680,914:123
287344,2680,914:123
287345,2681,914:124
287346,2681,914:124
287347,2681,914:124
287348,2681,914:124
287349,2680,914:123
287350,2681,914:124
287351,2682,914:125
287352,2683,914:126
287353,2684,914:127
287354,2684,914:127
287355,2685,914:128
287356,2686,914:129
287357,2688,914:130
287358,2689,914:131
287359,2690,914:132
287360,2690,914:132
287361,2691,914:133
287362,2692,914:134
287363,2693,914:135
287364,2694,914:136
287365,2695,914:137
287366,2696,914:138
287367,2697,914:139
287368,2699,914:140
287369,2700,914:141
287370,2700,914:141
287371,2700,914:141
287372,2700,914:141
287373,2700,914:141
287374,2701,914:142
287375,2702,914:143
287376,2702,914:143
287377,2703,914:144
287378,2703,914:144
287379,2703,914:144
287380,2704,914:145
287381,2705,914:146
287382,2705,914:146
287383,2705,914:146
287384,2705,914:146
287385,2705,914:146
287386,2705,914:146
287387,2705,914:146
287388,2705,914:146
287389,2705,914:146
287390,2706,914:147
287391,2707,914:148
287392,2708,914:149
287393,2710,914:150
287394,2711,914:151
287395,2712,914:152
287396,2713,914:153
287397,2714,914:154
287398,2715,914:155
287399,2715,914:155
287400,2716,914:157
287401,2716,914:157
287402,2716,914:157
287403,2716,914:157
287404,2716,914:157
287405,2716,914:157
287406,2717,914:158
287407,2717,914:158
287408,2681,914:124
287409,2703,914:144
287410,2716,914:157
287411,2716,914:157
287414,3054,914:500
287415,3051,914:499
287416,3051,914:499
287417,3050,914:498
287418,3049,914:497
287419,3048,914:496
287420,3048,914:496
287421,3047,914:495
287422,3046,914:494
287423,3045,914:493
287424,3044,914:492
287425,3043,914:491
287426,3042,914:490
287427,3040,914:489
287428,3040,914:489
287429,3040,914:489
287430,3040,914:489
287431,3039,914:488
287432,3039,914:488
287433,3039,914:488
287434,3039,914:488
287435,3038,914:487
287436,3037,914:486
287437,3037,914:486
287438,3037,914:486
287439,3037,914:486
287440,3036,914:485
287441,3035,914:484
287442,3034,914:483
287443,3033,914:482
287444,3032,914:481
287445,3031,914:480
287446,3029,914:479
287447,3028,914:478
287448,3027,914:477
287449,3026,914:476
287450,3025,914:475
287451,3023,914:473
287452,3022,914:472
287453,3021,914:471
287454,3021,914:471
287455,3020,914:470
287456,3017,914:468
287457,3016,914:467
287458,3015,914:466
287459,3014,914:465
287460,3013,914:464
287461,3012,914:463
287462,3011,914:462
287463,3011,914:462
287464,3010,914:461
287465,3007,914:459
287466,3007,914:459
287467,3007,914:459
287468,3007,914:459
287469,3007,914:459
287470,3007,914:459
287471,3006,914:458
287472,3005,914:457
287473,3005,914:457
287474,3005,914:457
287475,3004,914:456
287476,3003,914:455
287477,3002,914:454
287478,3002,914:454
287479,3001,914:453
287480,3000,914:452
287481,2999,914:451
287482,2998,914:450
287483,2996,914:448
287486,2995,914:447
287487,2995,914:447
287488,2995,914:447
287489,2995,914:447
287490,2995,914:447
287491,2995,914:447
287492,2995,914:447
287493,2994,914:446
287494,2993,914:445
287495,2992,914:444
287496,2991,914:443
287497,2990,914:442
287498,2989,914:441
287499,2988,914:440
287500,2988,914:440
287501,2986,914:439
287502,2985,914:438
287503,2985,914:438
287504,2984,914:437
287505,2983,914:436
287506,2982,914:435
287507,2981,914:434
287508,2980,914:433
287509,2979,914:431
287510,2978,914:430
287511,2978,914:430
287512,2976,914:429
287513,2976,914:429
287514,2976,914:429
287515,2976,914:429
287516,2975,914:428
287517,2974,914:427
287518,2973,914:426
287519,2972,914:425
287520,2971,914:424
287521,2970,914:423
287522,2969,914:422
287523,2968,914:421
287524,2968,914:421
287525,2967,914:420
287526,2965,914:419
287527,2964,914:418
287528,2963,914:417
287529,2962,914:416
287530,2961,914:415
287531,2960,914:414
287532,2959,914:413
287533,2959,914:413
287534,2958,914:412
287535,2957,914:411
287536,2956,914:410
287537,2954,914:409
287538,2953,914:408
287539,2952,914:407
287540,2951,914:406
287541,2950,914:405
287542,2949,914:404
287543,2948,914:403
287544,2947,914:402
287545,2947,914:402
287546,2946,914:401
287547,2946,914:401
287548,2946,914:401
287549,2946,914:401
287550,2946,914:401
287551,2945,914:400
287552,2945,914:400
287553,2942,914:399
287554,2942,914:399
287555,2942,914:399
287556,2975,914:428
287557,2974,914:427
287558,2973,914:426
287559,2972,914:425
287560,2972,914:425
287563,2942,914:399
287564,2942,914:399
287565,2942,914:399
287566,2942,914:399
287567,2942,914:399
287568,2942,914:399
287569,2942,914:399
287570,2941,914:398
287571,2941,914:398
287572,2941,914:398
287573,2941,914:398
287574,2940,914:397
287575,2939,914:396
287576,2938,914:395
287577,2937,914:394
287578,2936,914:393
287579,2935,914:392
287580,2934,914:391
287581,2933,914:390
287582,2931,914:389
287583,2931,914:389
287584,2930,914:388
287585,2930,914:388
287586,2929,914:387
287587,2928,914:386
287588,2927,914:385
287589,2926,914:384
287590,2925,914:383
287591,2924,914:382
287592,2923,914:381
287593,2922,914:380
287594,2920,914:379
287595,2920,914:379
287596,2919,914:378
287597,2918,914:377
287598,2917,914:376
287599,2916,914:375
287600,2915,914:374
287601,2914,914:373
287602,2914,914:373
287603,2913,914:372
287604,2912,914:371
287605,2912,914:371
287606,2912,914:371
287607,2911,914:370
287608,2909,914:369
287609,2908,914:368
287610,2907,914:367
287611,2906,914:366
287612,2905,914:365
287613,2904,914:364
287614,2903,914:363
287615,2902,914:362
287616,2901,914:361
287617,2900,914:360
287618,2898,914:359
287619,2898,914:359
287620,2897,914:358
287621,2896,914:357
287622,2926,914:384
287623,2925,914:383
287624,2925,914:383
287627,2896,914:357
287628,2896,914:357
287629,2896,914:357
287630,2896,914:357
287631,2895,914:356
287632,2895,914:356
287633,2895,914:356
287634,2895,914:356
287635,2894,914:355
287636,2893,914:354
287637,2892,914:353
287638,2891,914:352
287639,2890,914:351
287640,2889,914:350
287641,2887,914:349
287642,2886,914:348
287643,2885,914:347
287644,2884,914:346
287645,2883,914:345
287646,2882,914:344
287647,2881,914:343
287648,2880,914:342
287649,2879,914:341
287650,2879,914:341
287651,2879,914:341
287652,2878,914:340
287653,2878,914:340
287654,2878,914:340
287655,2878,914:340
287656,2878,914:340
287657,2876,914:339
287658,2876,914:339
287659,2876,914:339
287660,2875,914:338
287661,2875,914:338
287662,2875,914:338
287663,2875,914:338
287664,2874,914:337
287665,2873,914:336
287666,2872,914:335
287667,2871,914:334
287668,2870,914:333
287669,2869,914:332
287670,2868,914:331
287671,2867,914:330
287672,2865,914:329
287673,2864,914:328
287674,2863,914:327
287675,2862,914:326
287676,2861,914:325
287677,2861,914:325
287678,2860,914:324
287679,2859,914:323
287680,2858,914:322
287681,2857,914:321
287682,2856,914:320
287683,2854,914:319
287684,2853,914:318
287685,2852,914:317
287686,2851,914:316
287687,2850,914:315
287688,2849,914:314
287689,2848,914:313
287690,2847,914:312
287691,2879,914:341
287692,2878,914:340
287695,2846,914:311
287696,2846,914:311
287697,2846,914:311
287698,2846,914:311
287699,2845,914:310
287700,2845,914:310
287701,2845,914:310
287702,2845,914:310
287703,2845,914:310
287704,2845,914:310
287705,2845,914:310
287706,2843,914:309
287707,2843,914:309
287708,2842,914:308
287709,2841,914:307
287710,2840,914:306
287711,2840,914:306
287712,2839,914:305
287713,2838,914:304
287714,2837,914:303
287715,2836,914:302
287716,2835,914:301
287717,2834,914:300
287718,2831,914:299
287719,2831,914:299
287720,2831,914:299
287721,2831,914:299
287722,2831,914:299
287723,2831,914:299
287724,2831,914:299
287725,2831,914:299
287726,2830,914:298
287727,2830,914:298
287728,2830,914:298
287729,2829,914:297
287730,2828,914:296
287731,2828,914:296
287732,2827,914:295
287733,2826,914:294
287734,2825,914:293
287735,2824,914:292
287736,2823,914:291
287737,2823,914:291
287738,2822,914:290
287739,2820,914:289
287740,2819,914:288
287741,2818,914:287
287742,2817,914:286
287743,2816,914:285
287744,2815,914:284
287745,2815,914:284
287746,2815,914:284
287747,2815,914:284
287748,2814,914:283
287749,2814,914:283
287750,2814,914:283
287751,2813,914:282
287752,2813,914:282
287753,2812,914:281
287754,2812,914:281
287755,2811,914:280
287756,2811,914:280
287757,2811,914:280
287758,2811,914:280
287759,2811,914:280
287762,2809,914:279
287763,2808,914:278
287764,2807,914:277
287765,2806,914:276
287766,2805,914:275
287767,2804,914:274
287768,2804,914:274
287769,2803,914:273
287770,2802,914:272
287771,2801,914:271
287772,2800,914:270
287773,2800,914:270
287774,2798,914:269
287775,2798,914:269
287776,2798,914:269
287777,2798,914:269
287778,2797,914:268
287779,2797,914:268
287780,2796,914:267
287781,2795,914:266
287782,2794,914:265
287783,2793,914:264
287784,2793,914:264
287785,2793,914:264
287786,2793,914:264
287787,2793,914:264
287788,2793,914:264
287789,2793,914:264
287790,2792,914:263
287791,2792,914:263
287792,2792,914:263
287793,2791,914:262
287794,2791,914:262
287795,2791,914:262
287796,2791,914:262
287797,2791,914:262
287798,2790,914:261
287799,2789,914:260
287800,2789,914:260
287801,2787,914:259
287802,2786,914:258
287803,2785,914:257
287804,2784,914:256
287805,2783,914:255
287806,2782,914:254
287807,2781,914:253
287808,2780,914:252
287809,2780,914:252
287810,2779,914:250
287811,2777,914:249
287812,2777,914:249
287813,2776,914:248
287814,2775,914:247
287815,2774,914:246
287816,2773,914:245
287817,2772,914:244
287818,2771,914:243
287819,2770,914:242
287820,2770,914:242
287821,2769,914:241
287822,2768,914:240
287825,2766,914:239
287826,2765,914:238
287827,2765,914:238
287828,2765,914:238
287829,2765,914:238
287830,2764,914:237
287831,2763,914:236
287832,2763,914:236
287833,2762,914:235
287834,2761,914:234
287835,2760,914:233
287836,2759,914:232
287837,2758,914:231
287838,2758,914:231
287839,2758,914:231
287840,2758,914:231
287841,2758,914:231
287842,2757,914:230
287843,2757,914:230
287844,2757,914:230
287845,2757,914:230
287846,2757,914:230
287847,2757,914:230
287848,2755,914:229
287849,2754,914:228
287850,2753,914:227
287851,2752,914:226
287852,2751,914:225
287853,2750,914:224
287854,2749,914:223
287855,2749,914:223
287856,2748,914:222
287857,2747,914:221
287858,2746,914:220
287859,2746,914:220
287860,2744,914:219
287861,2743,914:218
287862,2742,914:217
287863,2741,914:216
287864,2740,914:215
287865,2740,914:215
287866,2739,914:214
287867,2739,914:214
287868,2739,914:214
287869,2738,914:213
287870,2737,914:212
287871,2737,914:212
287872,2736,914:211
287873,2735,914:210
287874,2733,914:209
287875,2732,914:208
287876,2731,914:207
287877,2730,914:206
287878,2730,914:206
287879,2729,914:205
287880,2728,914:204
287881,2727,914:203
287882,2726,914:202
287883,2725,914:201
287884,2724,914:200
287899,3108,915:0
287900,3108,915:0
287901,3108,915:0
287902,3108,915:0
287905,3108,915:0
287906,3108,915:0
287907,3108,915:0
287908,3108,915:0
287911,3108,915:0
287912,3108,915:0
287913,3108,915:0
287914,3108,915:0
287915,3108,915:0
287916,3108,915:0
287919,3108,915:0
287920,3108,915:0
287921,3108,915:0
287922,3108,915:0
287925,3108,915:0
287926,3108,915:0
287927,3108,915:0
287928,3108,915:0
287931,3108,915:0
287932,3108,915:0
287933,3108,915:0
287934,3108,915:0
287935,3108,915:0
287938,3116,915:17
287939,3116,915:17
287940,3116,915:17
287943,3116,915:17
287944,3116,915:17
287945,3116,915:17
287948,3139,915:37
287949,3139,915:37
287950,3139,915:37
287953,3168,915:60
287956,3168,915:60
287957,3168,915:60
287960,3169,915:74
287961,3169,915:74
287962,3169,915:74
287965,3171,915:77
287968,3171,915:77
287969,3171,915:77
287972,3172,915:79
287973,3172,915:79
287974,3172,915:79
287977,3109,915:101
287978,3109,915:101
287979,3109,915:101
287982,3111,915:124
287983,3111,915:124
287984,3111,915:124
287987,3114,915:146
287988,3114,915:146
287991,3113,915:145
287992,3114,915:146
287993,3113,915:145
287996,3163,915:489
287997,3163,915:489
287998,3163,915:489
288001,3159,915:459
288002,3160,915:460
288003,3160,915:460
288004,3159,915:459
288005,3160,915:460
288008,3156,915:430
288009,3156,915:430
288012,3155,915:429
288013,3155,915:429
288016,3144,915:399
288017,3144,915:399
288018,3144,915:399
288021,3144,915:399
288022,3144,915:399
288025,3143,915:398
288026,3144,915:399
288027,3143,915:398
288030,3144,915:399
288031,3144,915:399
288032,3144,915:399
288033,3144,915:399
288036,3144,915:399
288037,3144,915:399
288038,3144,915:399
288039,3144,915:399
288042,3144,915:399
288043,3144,915:399
288044,3144,915:399
288045,3144,915:399
288046,3144,915:399
288047,3144,915:399
288050,3144,915:399
288051,3144,915:399
288052,3144,915:399
288053,3144,915:399
288056,3144,915:399
288057,3144,915:399
288058,3144,915:399
288059,3144,915:399
288062,3144,915:399
288063,3144,915:399
288064,3144,915:399
288065,3144,915:399
288068,3144,915:399
288069,3144,915:399
288070,3144,915:399
288071,3144,915:399
288074,3144,915:399
288075,3144,915:399
288076,3144,915:399
288077,3144,915:399
288078,3144,915:399
288079,3144,915:399
288082,3144,915:399
288083,3144,915:399
288084,3144,915:399
288085,3144,915:399
288086,3144,915:399
288089,3137,915:355
288090,3137,915:355
288093,3135,915:340
288094,3135,915:340
288095,3135,915:340
288098,3134,915:338
288099,3134,915:338
288102,3131,915:310
288103,3131,915:310
288104,3131,915:310
288107,3129,915:299
288108,3129,915:299
288111,3127,915:284
288112,3127,915:284
288113,3127,915:284
288116,3125,915:270
288117,3125,915:270
288120,3124,915:264
288121,3124,915:264
288122,3124,915:264
288125,3120,915:230
288126,3120,915:230
288129,3119,915:229
288130,3121,915:231
288131,3120,915:230
288132,3119,915:229
288133,3121,915:231
288136,3108,915:0
288141,3145,915:4
288146,3165,915:5
288151,3138,915:36
288156,3166,915:55
288161,3167,915:57
288166,3168,915:60
288171,3170,915:76
288176,3173,915:99
288181,3110,915:122
288186,3112,915:144
288191,3115,915:155
288196,3164,915:490
288201,3162,915:471
288206,3161,915:470
288211,3158,915:448
288216,3157,915:446
288221,3154,915:422
288226,3153,915:420
288231,3152,915:416
288236,3151,915:414
288241,3150,915:411
288246,3149,915:406
288251,3148,915:404
288256,3147,915:402
288261,3146,915:400
288266,3143,915:398
288271,3142,915:388
288276,3141,915:374
288281,3140,915:372
288286,3136,915:353
288291,3133,915:326
288296,3132,915:324
288301,3130,915:308
288306,3128,915:297
288311,3126,915:282
288316,3123,915:263
288321,3122,915:262
288326,3118,915:206
288331,3117,915:203
289176,2925,914:383
289177,2924,914:382
289178,2924,914:382
289179,2922,914:380
289180,2920,914:379
289181,2919,914:378
289182,2918,914:377
289183,2917,914:376
289184,2887,914:349
289185,2886,914:348
289186,2885,914:347
289187,2884,914:346
289188,2883,914:345
289189,2882,914:344
289190,2881,914:343
289191,2880,914:342
289192,2873,914:336
289193,2872,914:335
289194,2871,914:334
289195,2870,914:333
289196,2869,914:332
289197,2868,914:331
289198,2867,914:330
289199,2841,914:307
289200,2840,914:306
289201,2839,914:305
289202,2838,914:304
289203,2837,914:303
289204,2836,914:302
289205,2835,914:301
289206,2834,914:300
289207,2828,914:296
289208,2826,914:294
289209,2825,914:293
289210,2824,914:292
289211,2823,914:291
289212,2820,914:289
289213,2819,914:288
289214,2807,914:277
289215,2806,914:276
289216,2805,914:275
289217,2804,914:274
289218,2803,914:273
289219,2802,914:272
289220,2801,914:271
289221,2796,914:267
289222,2795,914:266
289223,2794,914:265
289224,2792,914:263
289225,2790,914:261
289226,2789,914:260
289227,2787,914:259
289228,2786,914:258
289229,2786,914:258
289230,2785,914:257
289231,2784,914:256
289232,2783,914:255
289233,2782,914:254
289234,2762,914:235
289235,2762,914:235
289236,2761,914:234
289237,2760,914:233
289238,2755,914:229
289239,2754,914:228
289240,2752,914:226
289241,2751,914:225
289242,2750,914:224
289243,2748,914:222
289244,2747,914:221
289245,2746,914:220
289246,2744,914:219
289247,2743,914:218
289248,2742,914:217
289249,2741,914:216
289250,2740,914:215
289251,2736,914:211
289252,2735,914:210
289253,2733,914:209
290855,684,257:287
297164,1411,645:522
297165,1411,645:522
298483,1825,847:187
298484,1987,847:60
298485,1889,847:244
302178,2473,888:0
302179,2473,888:0
302180,2473,888:0
302181,2473,888:0
302182,2473,888:0
302183,2473,888:0
302184,2473,888:0
302185,1413,645:55
302186,1413,645:55
302187,1376,645:305
302188,1376,645:305
302189,1397,645:440
302190,1397,645:440
302191,1397,645:440
302192,1397,645:440
302193,1400,645:464
302194,1400,645:464
302195,1404,645:482
302196,1404,645:482
302197,1407,645:502
302198,1407,645:502
302199,1395,645:423
302200,1395,645:423
304353,2300,884:730
304354,2300,884:730
305221,1461,797:231
307925,2995,914:447
308076,1429,797:112
308077,1440,797:148
308170,2716,914:157
308171,3040,914:489
308172,2680,914:123
308173,2704,914:145
308174,2793,914:264
308175,2755,914:229
308178,2831,914:299
308179,2814,914:283
308185,3007,914:459
308186,2995,914:447
308187,2878,914:340
308188,2845,914:310
313013,495,16:223
316137,2429,884:863
316138,2429,884:863
316173,843,257:77
321167,863,360:140
330206,39,1044:864
330207,39,1044:864
330208,39,1044:864
330209,39,1044:864
330219,41,1044:867
330220,41,1044:867
330221,41,1044:867
330222,42,1044:868
330223,43,1044:869
330232,45,1044:885
330233,45,1044:885
330234,45,1044:885
330235,46,1044:886
330236,46,1044:886
330237,45,1044:885
330246,48,1044:906
330247,48,1044:906
330248,48,1044:906
330249,48,1044:906
330258,1,1044:0
330259,50,1044:908
330260,50,1044:908
330261,50,1044:908
330262,50,1044:908
330263,50,1044:908
330264,49,1044:907
330288,1,1044:0
330317,2,1044:10
330326,34,1044:28
330329,34,1044:28
330330,34,1044:28
330331,34,1044:28
330332,34,1044:28
330352,35,1044:29
330378,36,1044:44
330389,38,1044:54
330398,51,1044:909
330399,51,1044:909
330400,51,1044:909
330401,51,1044:909
330410,52,1044:929
330411,54,1044:931
330412,52,1044:929
330413,53,1044:930
330422,56,1044:935
330431,58,1044:946
330432,58,1044:946
330433,58,1044:946
330434,58,1044:946
330435,58,1044:946
330436,59,1044:947
330437,59,1044:947
330446,60,1044:963
330447,60,1044:963
330448,60,1044:963
330449,60,1044:963
330450,61,1044:964
330451,60,1044:963
330460,63,1044:981
330461,63,1044:981
330462,63,1044:981
330471,65,1044:985
330472,65,1044:985
330473,64,1044:984
330474,64,1044:984
330475,64,1044:984
330484,5,1044:1002
330485,5,1044:1002
330486,5,1044:1002
330487,5,1044:1002
330488,4,1044:1001
330489,3,1044:1000
330498,6,1044:1021
330499,6,1044:1021
330500,6,1044:1021
330501,6,1044:1021
330502,6,1044:1021
330503,6,1044:1021
330512,8,1044:1026
330513,8,1044:1026
330514,7,1044:1025
330515,7,1044:1025
330516,7,1044:1025
330517,7,1044:1025
330518,7,1044:1025
330527,10,1044:1045
330528,10,1044:1045
330529,10,1044:1045
330530,10,1044:1045
330531,10,1044:1045
330532,10,1044:1045
330541,11,1044:1050
330542,11,1044:1050
330543,11,1044:1050
330552,11,1044:1050
330553,11,1044:1050
330554,11,1044:1050
330577,13,1044:1065
330578,13,1044:1065
330579,14,1044:1066
330580,13,1044:1065
330589,16,1044:1086
330590,16,1044:1086
330591,17,1044:1087
330593,16,1044:1086
330594,17,1044:1087
330595,17,1044:1087
330596,18,1044:1088
330605,19,1044:1089
330606,19,1044:1089
330607,19,1044:1089
330608,19,1044:1089
330609,19,1044:1089
330610,19,1044:1089
330611,19,1044:1089
330620,19,1044:1089
330631,20,1044:1090
330632,20,1044:1090
330641,23,1044:1111
330642,23,1044:1111
330643,23,1044:1111
330644,22,1044:1110
330645,22,1044:1110
330646,22,1044:1110
330655,25,1044:1138
330656,25,1044:1138
330657,25,1044:1138
330666,27,1044:1153
330667,27,1044:1153
330668,27,1044:1153
330669,27,1044:1153
330670,27,1044:1153
330671,27,1044:1153
330672,27,1044:1153
330673,27,1044:1153
330682,27,1044:1153
330683,27,1044:1153
330692,30,1044:1172
330693,30,1044:1172
330694,29,1044:1171
330695,30,1044:1172
330696,30,1044:1172
330697,30,1044:1172
330706,32,1044:1195
330707,32,1044:1195
330708,32,1044:1195
330709,32,1044:1195
330710,32,1044:1195
330711,32,1044:1195
331374,40,1044:866
331379,44,1044:871
331384,47,1044:889
331389,49,1044:907
331394,1,1044:0
331399,33,1044:2
331404,34,1044:28
331409,36,1044:44
331414,37,1044:52
331419,52,1044:929
331424,55,1044:933
331429,57,1044:937
331434,59,1044:947
331439,62,1044:968
331444,66,1044:999
331449,7,1044:1025
331454,9,1044:1044
331459,11,1044:1050
331464,11,1044:1050
331469,12,1044:1064
331474,15,1044:1067
331479,21,1044:1108
331484,24,1044:1136
331489,26,1044:1139
331494,28,1044:1156
331499,31,1044:1174
333403,39,1044:864
333406,270,1051:867
333407,270,1051:867
333408,270,1051:867
333411,270,1051:867
333412,270,1051:867
333415,287,1051:885
333416,287,1051:885
333417,287,1051:885
333420,287,1051:885
333421,287,1051:885
333424,308,1051:906
333425,308,1051:906
333428,308,1051:906
333429,308,1051:906
333432,311,1051:909
333435,67,1051:0
333436,67,1051:0
333439,67,1051:0
333442,67,1051:0
333443,67,1051:0
333446,67,1051:0
333447,67,1051:0
333450,169,1051:11
333451,169,1051:11
333452,169,1051:11
333455,68,1051:10
333456,68,1051:10
333459,68,1051:10
333460,68,1051:10
333463,169,1051:11
333464,169,1051:11
333467,264,1051:28
333470,264,1051:28
333471,264,1051:28
333472,264,1051:28
333473,264,1051:28
333476,264,1051:28
333477,264,1051:28
333478,264,1051:28
333479,264,1051:28
333482,264,1051:28
333483,264,1051:28
333484,264,1051:28
333485,264,1051:28
333488,264,1051:28
333489,264,1051:28
333490,264,1051:28
333491,264,1051:28
333494,264,1051:28
333495,264,1051:28
333496,264,1051:28
333497,264,1051:28
333500,264,1051:28
333501,264,1051:28
333502,264,1051:28
333503,264,1051:28
333506,264,1051:28
333507,264,1051:28
333508,264,1051:28
333509,264,1051:28
333512,264,1051:28
333513,264,1051:28
333514,264,1051:28
333515,264,1051:28
333518,264,1051:28
333519,264,1051:28
333520,264,1051:28
333521,264,1051:28
333524,264,1051:28
333525,264,1051:28
333526,264,1051:28
333527,264,1051:28
333530,264,1051:28
333531,264,1051:28
333532,264,1051:28
333533,264,1051:28
333536,264,1051:28
333537,264,1051:28
333538,264,1051:28
333539,264,1051:28
333540,264,1051:28
333543,264,1051:28
333544,264,1051:28
333545,264,1051:28
333546,264,1051:28
333549,265,1051:29
333550,265,1051:29
333551,265,1051:29
333554,265,1051:29
333555,265,1051:29
333558,266,1051:44
333559,266,1051:44
333562,266,1051:44
333563,266,1051:44
333566,311,1051:909
333567,311,1051:909
333570,311,1051:909
333571,311,1051:909
333574,347,1051:946
333575,347,1051:946
333576,347,1051:946
333579,347,1051:946
333580,347,1051:946
333583,362,1051:961
333586,364,1051:963
333587,364,1051:963
333588,364,1051:963
333591,364,1051:963
333592,364,1051:963
333595,382,1051:981
333596,382,1051:981
333599,382,1051:981
333600,382,1051:981
333603,386,1051:985
333604,386,1051:985
333607,386,1051:985
333608,386,1051:985
333611,71,1051:1002
333612,71,1051:1002
333613,71,1051:1002
333616,71,1051:1002
333617,71,1051:1002
333620,94,1051:1025
333621,94,1051:1025
333622,94,1051:1025
333625,94,1051:1025
333626,94,1051:1025
333629,114,1051:1045
333630,114,1051:1045
333631,114,1051:1045
333634,114,1051:1045
333635,114,1051:1045
333638,119,1051:1050
333641,119,1051:1050
333642,119,1051:1050
333645,155,1051:1086
333646,155,1051:1086
333647,157,1051:1088
333648,155,1051:1086
333649,157,1051:1088
333652,155,1051:1086
333653,155,1051:1086
333656,157,1051:1088
333657,157,1051:1088
333660,157,1051:1088
333663,158,1051:1089
333664,158,1051:1089
333665,158,1051:1089
333666,158,1051:1089
333669,158,1051:1089
333670,158,1051:1089
333671,158,1051:1089
333672,158,1051:1089
333675,158,1051:1089
333676,158,1051:1089
333677,158,1051:1089
333678,158,1051:1089
333681,158,1051:1089
333682,158,1051:1089
333683,158,1051:1089
333684,158,1051:1089
333687,158,1051:1089
333688,158,1051:1089
333689,158,1051:1089
333690,158,1051:1089
333693,158,1051:1089
333694,158,1051:1089
333695,158,1051:1089
333696,158,1051:1089
333699,158,1051:1089
333700,158,1051:1089
333701,158,1051:1089
333702,158,1051:1089
333705,158,1051:1089
333706,158,1051:1089
333707,158,1051:1089
333708,158,1051:1089
333711,158,1051:1089
333712,158,1051:1089
333713,158,1051:1089
333714,158,1051:1089
333717,158,1051:1089
333718,158,1051:1089
333719,158,1051:1089
333720,158,1051:1089
333723,158,1051:1089
333724,158,1051:1089
333725,158,1051:1089
333726,158,1051:1089
333729,158,1051:1089
333730,158,1051:1089
333731,158,1051:1089
333732,158,1051:1089
333733,158,1051:1089
333736,158,1051:1089
333737,158,1051:1089
333738,158,1051:1089
333739,158,1051:1089
333742,159,1051:1090
333743,159,1051:1090
333746,159,1051:1090
333749,181,1051:1111
333750,181,1051:1111
333751,181,1051:1111
333754,181,1051:1111
333755,181,1051:1111
333758,223,1051:1153
333759,223,1051:1153
333762,223,1051:1153
333763,223,1051:1153
333764,223,1051:1153
333765,223,1051:1153
333768,240,1051:1172
333769,240,1051:1172
333770,240,1051:1172
333773,240,1051:1172
333774,240,1051:1172
333777,263,1051:1195
333778,263,1051:1195
333781,263,1051:1195
333782,263,1051:1195
333785,263,1051:1195
333786,263,1051:1195
333787,263,1051:1195
333894,267,1051:864
333895,271,1051:868
333896,274,1051:872
333897,279,1051:877
333898,288,1051:886
333899,283,1051:881
333900,267,1051:864
333901,267,1051:864
333902,267,1051:864
333903,267,1051:864
333904,268,1051:865
333905,269,1051:866
333906,270,1051:867
333907,270,1051:867
333908,270,1051:867
333909,270,1051:867
333910,270,1051:867
333911,271,1051:868
333912,271,1051:868
333913,271,1051:868
333914,271,1051:868
333915,271,1051:868
333916,272,1051:870
333917,272,1051:870
333918,273,1051:871
333919,274,1051:872
333920,275,1051:873
333921,276,1051:874
333922,277,1051:875
333923,278,1051:876
333924,279,1051:877
333925,279,1051:877
333926,280,1051:878
333927,281,1051:879
333928,282,1051:880
333929,283,1051:881
333930,284,1051:882
333931,284,1051:882
333932,285,1051:883
333933,286,1051:884
333934,287,1051:885
333935,287,1051:885
333936,287,1051:885
333937,287,1051:885
333938,287,1051:885
333939,287,1051:885
333940,287,1051:885
333943,292,1051:890
333944,297,1051:895
333945,301,1051:899
333946,306,1051:904
333947,308,1051:906
333948,310,1051:908
333949,309,1051:907
333950,309,1051:907
333951,309,1051:907
333952,309,1051:907
333953,309,1051:907
333954,309,1051:907
333955,309,1051:907
333956,309,1051:907
333957,309,1051:907
333958,309,1051:907
333959,309,1051:907
333960,309,1051:907
333961,309,1051:907
333962,309,1051:907
333963,309,1051:907
333964,309,1051:907
333965,309,1051:907
333966,309,1051:907
333967,308,1051:906
333968,308,1051:906
333969,308,1051:906
333970,308,1051:906
333971,308,1051:906
333972,308,1051:906
333973,307,1051:905
333974,306,1051:904
333975,305,1051:903
333976,304,1051:902
333977,303,1051:901
333978,302,1051:900
333979,301,1051:899
333980,300,1051:898
333981,299,1051:897
333982,299,1051:897
333983,298,1051:896
333984,297,1051:895
333985,296,1051:894
333986,295,1051:893
333987,294,1051:892
333988,294,1051:892
333989,293,1051:891
333990,292,1051:890
333991,291,1051:889
333992,290,1051:888
333993,289,1051:887
333994,288,1051:886
333995,289,1051:887
333996,289,1051:887
333997,288,1051:886
333998,288,1051:886
334001,310,1051:908
334002,310,1051:908
334012,310,1051:908
334013,310,1051:908
334014,310,1051:908
334024,310,1051:908
334025,310,1051:908
334043,310,1051:908
334183,311,1051:909
334184,315,1051:913
334185,320,1051:918
334186,324,1051:922
334187,329,1051:927
334188,333,1051:931
334189,338,1051:936
334190,341,1051:940
334191,346,1051:945
334192,347,1051:946
334193,310,1051:908
334194,311,1051:909
334195,311,1051:909
334196,311,1051:909
334197,311,1051:909
334198,311,1051:909
334199,312,1051:910
334200,313,1051:911
334201,314,1051:912
334202,315,1051:913
334203,316,1051:914
334204,316,1051:914
334205,316,1051:914
334206,317,1051:915
334207,318,1051:916
334208,319,1051:917
334209,320,1051:918
334210,321,1051:919
334211,321,1051:919
334212,322,1051:920
334213,323,1051:921
334214,323,1051:921
334215,324,1051:922
334216,324,1051:922
334217,325,1051:923
334218,326,1051:924
334219,327,1051:925
334220,328,1051:926
334221,329,1051:927
334222,330,1051:928
334223,330,1051:928
334224,331,1051:929
334225,332,1051:930
334226,333,1051:931
334227,334,1051:932
334228,334,1051:932
334229,335,1051:933
334230,336,1051:934
334231,337,1051:935
334232,338,1051:936
334233,339,1051:937
334234,339,1051:937
334235,324,1051:922
334236,340,1051:939
334237,341,1051:940
334238,342,1051:941
334239,343,1051:942
334240,344,1051:943
334241,345,1051:944
334242,346,1051:945
334243,346,1051:945
334244,346,1051:945
334245,347,1051:946
334246,347,1051:946
334247,347,1051:946
334248,347,1051:946
334249,311,1051:909
334253,352,1051:951
334254,356,1051:955
334255,361,1051:960
334256,364,1051:963
334257,369,1051:968
334258,373,1051:972
334259,377,1051:976
334260,382,1051:981
334261,348,1051:947
334262,348,1051:947
334263,349,1051:948
334264,350,1051:949
334265,351,1051:950
334266,352,1051:951
334267,353,1051:952
334268,354,1051:953
334269,355,1051:954
334270,356,1051:955
334271,357,1051:956
334272,357,1051:956
334273,358,1051:957
334274,359,1051:958
334275,360,1051:959
334276,361,1051:960
334277,361,1051:960
334278,361,1051:960
334279,361,1051:960
334280,362,1051:961
334281,362,1051:961
334282,362,1051:961
334283,363,1051:962
334284,364,1051:963
334285,364,1051:963
334286,364,1051:963
334287,364,1051:963
334288,365,1051:964
334289,366,1051:965
334290,367,1051:966
334291,368,1051:967
334292,369,1051:968
334293,369,1051:968
334294,370,1051:969
334295,371,1051:970
334296,372,1051:971
334297,373,1051:972
334298,374,1051:973
334299,374,1051:973
334300,375,1051:974
334301,376,1051:975
334302,377,1051:976
334303,378,1051:977
334304,379,1051:978
334305,379,1051:978
334306,380,1051:979
334307,381,1051:980
334308,382,1051:981
334309,382,1051:981
334310,382,1051:981
334311,382,1051:981
334312,383,1051:982
334313,384,1051:983
334314,384,1051:983
334315,384,1051:983
334316,348,1051:947
334317,384,1051:983
334318,384,1051:983
334321,385,1051:984
334322,390,1051:989
334323,396,1051:995
334324,399,1051:998
334325,69,1051:1000
334326,400,1051:999
334327,399,1051:998
334328,399,1051:998
334329,398,1051:997
334330,397,1051:996
334331,396,1051:995
334332,395,1051:994
334333,394,1051:993
334334,394,1051:993
334335,393,1051:992
334336,392,1051:991
334337,391,1051:990
334338,390,1051:989
334339,389,1051:988
334340,388,1051:987
334341,387,1051:986
334342,386,1051:985
334343,386,1051:985
334344,386,1051:985
334345,385,1051:984
334346,385,1051:984
334347,385,1051:984
334348,70,1051:1001
334352,71,1051:1002
334353,76,1051:1007
334354,80,1051:1011
334355,85,1051:1016
334356,89,1051:1020
334357,94,1051:1025
334358,70,1051:1001
334359,71,1051:1002
334360,71,1051:1002
334361,71,1051:1002
334362,71,1051:1002
334363,72,1051:1003
334364,73,1051:1004
334365,74,1051:1005
334366,75,1051:1006
334367,76,1051:1007
334368,77,1051:1008
334369,77,1051:1008
334370,77,1051:1008
334371,77,1051:1008
334372,78,1051:1009
334373,79,1051:1010
334374,80,1051:1011
334375,80,1051:1011
334376,81,1051:1012
334377,82,1051:1013
334378,82,1051:1013
334379,83,1051:1014
334380,84,1051:1015
334381,85,1051:1016
334382,86,1051:1017
334383,87,1051:1018
334384,88,1051:1019
334385,89,1051:1020
334386,89,1051:1020
334387,90,1051:1021
334388,90,1051:1021
334389,90,1051:1021
334390,91,1051:1022
334391,92,1051:1023
334392,93,1051:1024
334393,93,1051:1024
334394,94,1051:1025
334395,94,1051:1025
334396,70,1051:1001
334399,94,1051:1025
334400,100,1051:1031
334401,104,1051:1035
334402,109,1051:1040
334403,113,1051:1044
334404,94,1051:1025
334405,94,1051:1025
334406,94,1051:1025
334407,95,1051:1026
334408,95,1051:1026
334409,96,1051:1027
334410,96,1051:1027
334411,97,1051:1028
334412,98,1051:1029
334413,99,1051:1030
334414,100,1051:1031
334415,101,1051:1032
334416,102,1051:1033
334417,103,1051:1034
334418,104,1051:1035
334419,105,1051:1036
334420,105,1051:1036
334421,106,1051:1037
334422,107,1051:1038
334423,108,1051:1039
334424,109,1051:1040
334425,109,1051:1040
334426,110,1051:1041
334427,111,1051:1042
334428,112,1051:1043
334429,113,1051:1044
334430,114,1051:1045
334431,114,1051:1045
334434,115,1051:1046
334435,119,1051:1050
334436,123,1051:1054
334437,128,1051:1059
334438,132,1051:1063
334439,119,1051:1050
334440,120,1051:1051
334441,120,1051:1051
334442,121,1051:1052
334443,122,1051:1053
334444,123,1051:1054
334445,124,1051:1055
334446,125,1051:1056
334447,126,1051:1057
334448,127,1051:1058
334449,127,1051:1058
334450,128,1051:1059
334451,129,1051:1060
334452,130,1051:1061
334453,131,1051:1062
334454,131,1051:1062
334455,132,1051:1063
334456,132,1051:1063
334457,132,1051:1063
334458,133,1051:1064
334459,134,1051:1065
334460,119,1051:1050
334461,119,1051:1050
334462,119,1051:1050
334463,119,1051:1050
334464,119,1051:1050
334465,119,1051:1050
334466,119,1051:1050
334467,119,1051:1050
334468,119,1051:1050
334469,119,1051:1050
334470,118,1051:1049
334471,118,1051:1049
334472,117,1051:1048
334473,116,1051:1047
334474,115,1051:1046
334475,115,1051:1046
334476,115,1051:1046
334477,115,1051:1046
334478,115,1051:1046
334479,115,1051:1046
334480,134,1051:1065
334484,119,1051:1050
334485,119,1051:1050
334486,119,1051:1050
334487,119,1051:1050
334488,119,1051:1050
334489,119,1051:1050
334490,119,1051:1050
334491,119,1051:1050
334492,119,1051:1050
334493,119,1051:1050
334494,119,1051:1050
334495,119,1051:1050
334496,119,1051:1050
334497,119,1051:1050
334498,119,1051:1050
334499,119,1051:1050
334500,119,1051:1050
334501,119,1051:1050
334502,119,1051:1050
334503,119,1051:1050
334504,119,1051:1050
334505,119,1051:1050
334506,119,1051:1050
334507,119,1051:1050
334508,119,1051:1050
334509,119,1051:1050
334510,119,1051:1050
334511,119,1051:1050
334512,119,1051:1050
334513,119,1051:1050
334514,119,1051:1050
334515,119,1051:1050
334516,119,1051:1050
334517,119,1051:1050
334518,119,1051:1050
334519,119,1051:1050
334520,119,1051:1050
334521,119,1051:1050
334522,119,1051:1050
334526,136,1051:1067
334527,141,1051:1072
334528,146,1051:1077
334529,150,1051:1081
334530,155,1051:1086
334531,145,1051:1076
334532,146,1051:1077
334533,147,1051:1078
334534,148,1051:1079
334535,148,1051:1079
334536,149,1051:1080
334537,150,1051:1081
334538,150,1051:1081
334539,151,1051:1082
334540,151,1051:1082
334541,152,1051:1083
334542,153,1051:1084
334543,154,1051:1085
334544,155,1051:1086
334545,155,1051:1086
334546,155,1051:1086
334547,145,1051:1076
334548,144,1051:1075
334549,143,1051:1074
334550,142,1051:1073
334551,142,1051:1073
334552,141,1051:1072
334553,140,1051:1071
334554,139,1051:1070
334555,138,1051:1069
334556,137,1051:1068
334557,136,1051:1067
334558,136,1051:1067
334559,135,1051:1066
334560,135,1051:1066
334561,135,1051:1066
334562,156,1051:1087
334563,156,1051:1087
334564,134,1051:1065
334567,158,1051:1089
334568,159,1051:1090
334569,165,1051:1096
334570,170,1051:1100
334571,173,1051:1103
334572,178,1051:1108
334573,161,1051:1092
334574,161,1051:1092
334575,161,1051:1092
334576,161,1051:1092
334577,161,1051:1092
334578,161,1051:1092
334579,160,1051:1091
334580,160,1051:1091
334581,159,1051:1090
334582,159,1051:1090
334583,159,1051:1090
334584,159,1051:1090
334585,158,1051:1089
334586,158,1051:1089
334587,158,1051:1089
334588,158,1051:1089
334589,158,1051:1089
334590,158,1051:1089
334591,157,1051:1088
334592,157,1051:1088
334593,157,1051:1088
334594,156,1051:1087
334595,161,1051:1092
334596,161,1051:1092
334597,161,1051:1092
334598,161,1051:1092
334599,161,1051:1092
334600,162,1051:1093
334601,163,1051:1094
334602,164,1051:1095
334603,165,1051:1096
334604,166,1051:1097
334605,167,1051:1098
334606,167,1051:1098
334607,168,1051:1099
334608,170,1051:1100
334609,171,1051:1101
334610,172,1051:1102
334611,173,1051:1103
334612,174,1051:1104
334613,175,1051:1105
334614,176,1051:1106
334615,177,1051:1107
334616,177,1051:1107
334617,178,1051:1108
334618,179,1051:1109
334619,180,1051:1110
334620,180,1051:1110
334621,163,1051:1094
334625,180,1051:1110
334626,185,1051:1115
334627,189,1051:1119
334628,194,1051:1124
334629,198,1051:1128
334630,202,1051:1132
334631,207,1051:1137
334632,180,1051:1110
334633,181,1051:1111
334634,181,1051:1111
334635,181,1051:1111
334636,181,1051:1111
334637,181,1051:1111
334638,182,1051:1112
334639,182,1051:1112
334640,183,1051:1113
334641,184,1051:1114
334642,185,1051:1115
334643,186,1051:1116
334644,186,1051:1116
334645,187,1051:1117
334646,188,1051:1118
334647,189,1051:1119
334648,190,1051:1120
334649,191,1051:1121
334650,192,1051:1122
334651,193,1051:1123
334652,194,1051:1124
334653,194,1051:1124
334654,195,1051:1125
334655,196,1051:1126
334656,197,1051:1127
334657,198,1051:1128
334658,199,1051:1129
334659,200,1051:1130
334660,201,1051:1131
334661,202,1051:1132
334662,203,1051:1133
334663,204,1051:1134
334664,204,1051:1134
334665,205,1051:1135
334666,206,1051:1136
334667,207,1051:1137
334668,208,1051:1138
334669,208,1051:1138
334670,180,1051:1110
334673,211,1051:1141
334674,216,1051:1146
334675,221,1051:1151
334676,223,1051:1153
334677,208,1051:1138
334678,209,1051:1139
334679,209,1051:1139
334680,210,1051:1140
334681,211,1051:1141
334682,212,1051:1142
334683,213,1051:1143
334684,214,1051:1144
334685,215,1051:1145
334686,216,1051:1146
334687,217,1051:1147
334688,218,1051:1148
334689,218,1051:1148
334690,219,1051:1149
334691,219,1051:1149
334692,219,1051:1149
334693,220,1051:1150
334694,220,1051:1150
334695,221,1051:1151
334696,222,1051:1152
334697,223,1051:1153
334698,223,1051:1153
334699,223,1051:1153
334700,223,1051:1153
334704,227,1051:1157
334705,232,1051:1162
334706,235,1051:1166
334707,239,1051:1171
334708,240,1051:1172
334709,223,1051:1153
334710,223,1051:1153
334711,223,1051:1153
334712,224,1051:1154
334713,225,1051:1155
334714,226,1051:1156
334715,226,1051:1156
334716,227,1051:1157
334717,228,1051:1158
334718,229,1051:1159
334719,230,1051:1160
334720,231,1051:1161
334721,232,1051:1162
334722,232,1051:1162
334723,233,1051:1163
334724,234,1051:1165
334725,234,1051:1165
334726,235,1051:1166
334727,236,1051:1168
334728,237,1051:1169
334729,238,1051:1170
334730,239,1051:1171
334731,239,1051:1171
334732,239,1051:1171
334733,240,1051:1172
334734,240,1051:1172
334735,240,1051:1172
334736,240,1051:1172
334737,240,1051:1172
334738,240,1051:1172
334739,240,1051:1172
334740,240,1051:1172
334741,240,1051:1172
334742,223,1051:1153
334745,244,1051:1176
334746,249,1051:1181
334747,253,1051:1185
334748,258,1051:1190
334749,262,1051:1194
334750,263,1051:1195
334751,241,1051:1173
334752,242,1051:1174
334753,243,1051:1175
334754,244,1051:1176
334755,244,1051:1176
334756,245,1051:1177
334757,246,1051:1178
334758,247,1051:1179
334759,248,1051:1180
334760,249,1051:1181
334761,250,1051:1182
334762,251,1051:1183
334763,252,1051:1184
334764,253,1051:1185
334765,253,1051:1185
334766,254,1051:1186
334767,255,1051:1187
334768,256,1051:1188
334769,257,1051:1189
334770,258,1051:1190
334771,259,1051:1191
334772,260,1051:1192
334773,261,1051:1193
334774,261,1051:1193
334775,262,1051:1194
334776,263,1051:1195
334777,263,1051:1195
334778,263,1051:1195
334779,263,1051:1195
334780,263,1051:1195
334781,263,1051:1195
334938,25,1044:1138
337554,725,257:371
