дата,уровень,узел,ид_узла,строк,строк_газ,активных_каналов,активных_газ,строк_Неисправен,каналов_Неисправен,строк_Неисправен_газ,каналов_Неисправен_газ
2026-01-01,коллектор,объект Альфа,5,95029,94089,71,52,0,0,0,0
2026-01-01,коллектор,объект Бета,6,15,0,8,0,0,0,0,0
2026-01-01,коллектор,объект Гамма,7,335,0,4,0,143,1,0,0
2026-01-01,коллектор,Комплекс объект Дельта,8,863,721,34,5,33,16,0,0
2026-01-01,коллектор,объект Вита,9,3988,0,28,0,0,0,0,0
2026-01-01,коллектор,объект Эпсилон,11,5138,4076,42,19,0,0,0,0
2026-01-01,коллектор,объект Зита,12,4625,4590,44,29,0,0,0,0
2026-01-01,коллектор,объект Каппа,15,10174,10049,46,20,0,0,0,0
2026-01-01,коллектор,объект Йота,3218,1005,0,136,0,1,1,0,0
2026-01-01,коллектор,объект Тау,3355,21,0,12,0,0,0,0,0
2026-01-01,коллектор,объект Омикрон,3359,4459,3733,20,9,0,0,0,0
2026-01-01,коллектор,объект Мю,3828,10870,6555,343,25,546,34,0,0
2026-01-01,коллектор,объект Сигма,4068,97,0,7,0,0,0,0,0
2026-01-01,коллектор,ПС объект Ро,4356,260,211,9,4,0,0,0,0
2026-01-01,коллектор,ПС объект Омега,4573,346,192,26,8,4,4,0,0
2026-01-01,коллектор,объект Кси,5327,2059,50,35,4,941,4,0,0
2026-01-01,листовой объект,объект Фита,20,15,0,8,0,0,0,0,0
2026-01-01,листовой объект,объект Вита,28,44,0,14,0,0,0,0,0
2026-01-01,листовой объект,объект Каппа ОС,42,115,0,23,0,0,0,0,0
2026-01-01,листовой объект,ДП объект Вита,99,3932,0,10,0,0,0,0,0
2026-01-01,листовой объект,ДП ПС объект Ро,108,44,0,3,0,0,0,0,0
2026-01-01,листовой объект,объект Йота,3215,253,0,115,0,0,0,0,0
2026-01-01,листовой объект,ДП объект Йота,3216,738,0,16,0,0,0,0,0
2026-01-01,листовой объект,Шкаф ОПС объект Йота,3250,14,0,5,0,1,1,0,0
2026-01-01,листовой объект,ПС объект Тау,3356,21,0,12,0,0,0,0,0
2026-01-01,листовой объект,ДУ объект Омикрон,3360,3763,3733,12,9,0,0,0,0
2026-01-01,листовой объект,ДП объект Эпсилон,3902,2215,1165,19,5,0,0,0,0
2026-01-01,листовой объект,объект Эпсилон ОС,3904,6,0,4,0,0,0,0,0
2026-01-01,листовой объект,объект Пси ОС,3905,4,0,4,0,0,0,0,0
2026-01-01,листовой объект,объект Сигма,4069,5,0,2,0,0,0,0,0
2026-01-01,листовой объект,ДП объект Сигма,4177,92,0,5,0,0,0,0,0
2026-01-01,листовой объект,ДУ ПС объект Ро,4369,211,211,4,4,0,0,0,0
2026-01-01,листовой объект,объект Ро,4370,5,0,2,0,0,0,0,0
2026-01-01,листовой объект,объект Омикрон,4391,2,0,1,0,0,0,0,0
2026-01-01,листовой объект,ДП объект Омикрон,4392,694,0,7,0,0,0,0,0
2026-01-01,листовой объект,ДУ объект Хи,4543,2913,2911,15,14,0,0,0,0
2026-01-01,листовой объект,Шкаф ОПС ПС объект Омега,4577,2,0,1,0,0,0,0,0
2026-01-01,листовой объект,ДУ объект Дельта,4610,859,721,30,5,33,16,0,0
2026-01-01,листовой объект,ДУ ПС объект Омега,5003,344,192,25,8,4,4,0,0
2026-01-01,листовой объект,ДУ объект Вита,5011,12,0,4,0,0,0,0,0
2026-01-01,листовой объект,объект Дельта,5113,4,0,4,0,0,0,0,0
2026-01-01,листовой объект,ДУ объект Альфа,5122,94328,94089,60,52,0,0,0,0
2026-01-01,листовой объект,ДП объект Альфа,5123,701,0,11,0,0,0,0,0
2026-01-01,листовой объект,объект Фита,5129,4,0,4,0,0,0,0,0
2026-01-01,листовой объект,ДП объект Зита,5132,2,0,1,0,0,0,0,0
2026-01-01,листовой объект,объект Кси ПК0-ПК202,5332,23,0,5,0,0,0,0,0
2026-01-01,листовой объект,ДУ объект Кси,5333,150,50,23,4,12,3,0,0
2026-01-01,листовой объект,ДП объект Кси,5336,28,0,6,0,0,0,0,0
2026-01-01,листовой объект,объект Кси ПК202-ПК302,5343,1858,0,1,0,929,1,0,0
2026-01-01,листовой объект,объект Дзета ДУ,5578,4565,4565,28,28,0,0,0,0
2026-01-01,листовой объект,объект Дзета ОС,5580,29,0,10,0,0,0,0,0
2026-01-01,листовой объект,объект Зита ДУ,5591,25,25,1,1,0,0,0,0
2026-01-01,листовой объект,объект Каппа ДУ,5657,10059,10049,23,20,0,0,0,0
2026-01-01,листовой объект,объект Мю ДП,5674,826,0,43,0,0,0,0,0
2026-01-01,листовой объект,объект Мю ДУ,5675,9531,6555,88,25,546,34,0,0
2026-01-01,листовой объект,объект Мю ОС,5676,155,0,48,0,0,0,0,0
2026-01-01,листовой объект,объект Мю ПС,5677,355,0,162,0,0,0,0,0
2026-01-01,листовой объект,объект Мю шкафы,5678,3,0,2,0,0,0,0,0
2026-01-01,листовой объект,объект Гамма ПС,5962,285,0,1,0,143,1,0,0
2026-01-01,листовой объект,объект Гамма ДУ,5963,50,0,3,0,0,0,0,0
2026-01-02,коллектор,объект Альфа,5,95218,94346,72,52,0,0,0,0
2026-01-02,коллектор,объект Бета,6,31,0,19,0,0,0,0,0
2026-01-02,коллектор,объект Гамма,7,495,0,88,0,89,1,0,0
2026-01-02,коллектор,Комплекс объект Дельта,8,1563,1465,39,6,10,5,0,0
2026-01-02,коллектор,объект Вита,9,2899,0,47,0,36,2,0,0
2026-01-02,коллектор,объект Эпсилон,11,5988,4655,36,18,0,0,0,0
2026-01-02,коллектор,объект Зита,12,4278,4205,45,27,0,0,0,0
2026-01-02,коллектор,объект Каппа,15,10509,10246,43,21,0,0,0,0
2026-01-02,коллектор,объект Йота,3218,1090,0,55,0,0,0,0,0
2026-01-02,коллектор,объект Тау,3355,278,0,126,0,0,0,0,0
2026-01-02,коллектор,объект Омикрон,3359,5850,4712,20,9,0,0,0,0
2026-01-02,коллектор,объект Мю,3828,7467,6454,82,23,16,16,0,0
2026-01-02,коллектор,объект Сигма,4068,315,0,23,0,0,0,0,0
2026-01-02,коллектор,ПС объект Ро,4356,788,743,7,2,0,0,0,0
2026-01-02,коллектор,ПС объект Омега,4573,444,272,14,8,0,0,0,0
2026-01-02,коллектор,объект Кси,5327,2138,42,48,4,985,15,0,0
2026-01-02,листовой объект,объект Фита,20,19,0,15,0,0,0,0,0
2026-01-02,листовой объект,объект Вита,28,133,0,18,0,0,0,0,0
2026-01-02,листовой объект,объект Каппа ОС,42,255,0,20,0,0,0,0,0
2026-01-02,листовой объект,ДП объект Вита,99,2578,0,8,0,0,0,0,0
2026-01-02,листовой объект,ДП ПС объект Ро,108,45,0,5,0,0,0,0,0
2026-01-02,листовой объект,ДП объект Бета,111,12,0,4,0,0,0,0,0
2026-01-02,листовой объект,объект Йота,3215,210,0,36,0,0,0,0,0
2026-01-02,листовой объект,ДП объект Йота,3216,850,0,4,0,0,0,0,0
2026-01-02,листовой объект,Шкаф ОПС объект Йота,3250,2,0,1,0,0,0,0,0
2026-01-02,листовой объект,ПС объект Тау,3356,146,0,60,0,0,0,0,0
2026-01-02,листовой объект,ДУ объект Омикрон,3360,4738,4712,12,9,0,0,0,0
2026-01-02,листовой объект,ДУ объект Тау,3388,132,0,66,0,0,0,0,0
2026-01-02,листовой объект,ДП объект Эпсилон,3902,2209,905,13,4,0,0,0,0
2026-01-02,листовой объект,объект Эпсилон ОС,3904,6,0,4,0,0,0,0,0
2026-01-02,листовой объект,объект Пси ОС,3905,19,0,3,0,0,0,0,0
2026-01-02,листовой объект,объект Сигма,4069,35,0,7,0,0,0,0,0
2026-01-02,листовой объект,объект Хи,4095,2,0,1,0,0,0,0,0
2026-01-02,листовой объект,ДП объект Сигма,4177,280,0,16,0,0,0,0,0
2026-01-02,листовой объект,ДУ ПС объект Ро,4369,743,743,2,2,0,0,0,0
2026-01-02,листовой объект,объект Омикрон,4391,2,0,2,0,0,0,0,0
2026-01-02,листовой объект,ДП объект Омикрон,4392,1110,0,6,0,0,0,0,0
2026-01-02,листовой объект,ДУ объект Хи,4543,3752,3750,15,14,0,0,0,0
2026-01-02,листовой объект,ДУ объект Дельта,4610,1543,1465,30,6,10,5,0,0
2026-01-02,листовой объект,ДУ ПС объект Омега,5003,444,272,14,8,0,0,0,0
2026-01-02,листовой объект,ДУ объект Вита,5011,188,0,21,0,36,2,0,0
2026-01-02,листовой объект,объект Дельта,5113,20,0,9,0,0,0,0,0
2026-01-02,листовой объект,ДУ объект Альфа,5122,94567,94346,57,52,0,0,0,0
2026-01-02,листовой объект,ДП объект Альфа,5123,648,0,13,0,0,0,0,0
2026-01-02,листовой объект,объект Фита,5129,3,0,3,0,0,0,0,0
2026-01-02,листовой объект,объект Йота ДУ,5218,28,0,14,0,0,0,0,0
2026-01-02,листовой объект,объект Кси ПК0-ПК202,5332,16,0,7,0,0,0,0,0
2026-01-02,листовой объект,ДУ объект Кси,5333,170,42,26,4,28,14,0,0
2026-01-02,листовой объект,ДП объект Кси,5336,12,0,5,0,0,0,0,0
2026-01-02,листовой объект,"Шкаф ОПС, ДУ объект Кси",5338,6,0,2,0,0,0,0,0
2026-01-02,листовой объект,объект Пси,5339,1,0,1,0,0,0,0,0
2026-01-02,листовой объект,объект Пси шкаф ОПС,5340,2,0,1,0,0,0,0,0
2026-01-02,листовой объект,объект Кси ПК202-ПК302,5343,1934,0,8,0,957,1,0,0
2026-01-02,листовой объект,объект Дзета ДУ,5578,4183,4183,26,26,0,0,0,0
2026-01-02,листовой объект,объект Дзета ОС,5580,47,0,10,0,0,0,0,0
2026-01-02,листовой объект,объект Зита ДУ,5591,22,22,1,1,0,0,0,0
2026-01-02,листовой объект,объект Дзета щит. ПК48 Г1 ПК5,5594,23,0,5,0,0,0,0,0
2026-01-02,листовой объект,объект Каппа ДУ,5657,10254,10246,23,21,0,0,0,0
2026-01-02,листовой объект,объект Мю ДП,5674,680,0,7,0,0,0,0,0
2026-01-02,листовой объект,объект Мю ДУ,5675,6523,6454,42,23,16,16,0,0
2026-01-02,листовой объект,объект Мю ОС,5676,258,0,31,0,0,0,0,0
2026-01-02,листовой объект,объект Мю шкафы,5678,6,0,2,0,0,0,0,0
2026-01-02,листовой объект,объект Гамма ОС,5961,189,0,46,0,0,0,0,0
2026-01-02,листовой объект,объект Гамма ПС,5962,178,0,1,0,89,1,0,0
2026-01-02,листовой объект,объект Гамма ДУ,5963,128,0,41,0,0,0,0,0
2026-01-03,коллектор,объект Альфа,5,93308,92592,69,52,0,0,0,0
2026-01-03,коллектор,объект Бета,6,9,0,6,0,0,0,0,0
2026-01-03,коллектор,объект Гамма,7,207,2,8,2,63,1,0,0
2026-01-03,коллектор,Комплекс объект Дельта,8,964,852,39,6,6,2,0,0
2026-01-03,коллектор,объект Вита,9,740,0,15,0,0,0,0,0
2026-01-03,коллектор,объект Эпсилон,11,7353,5724,75,18,18,6,0,0
2026-01-03,коллектор,объект Зита,12,4234,4088,58,29,24,12,0,0
2026-01-03,коллектор,объект Каппа,15,10950,10707,66,21,36,18,0,0
2026-01-03,коллектор,объект Йота,3218,702,0,9,0,0,0,0,0
2026-01-03,коллектор,объект Тау,3355,24,0,8,0,0,0,0,0
2026-01-03,коллектор,объект Омикрон,3359,4022,2602,17,7,0,0,0,0
2026-01-03,коллектор,объект Мю,3828,8081,7405,56,22,0,0,0,0
2026-01-03,коллектор,объект Сигма,4068,62,0,5,0,0,0,0,0
2026-01-03,коллектор,ПС объект Ро,4356,334,267,6,3,0,0,0,0
2026-01-03,коллектор,ПС объект Омега,4573,316,192,15,8,0,0,0,0
2026-01-03,коллектор,объект Кси,5327,2095,46,10,3,1007,1,0,0
2026-01-03,листовой объект,объект Фита,20,9,0,6,0,0,0,0,0
2026-01-03,листовой объект,объект Вита,28,6,0,5,0,0,0,0,0
2026-01-03,листовой объект,объект Каппа ОС,42,86,0,23,0,0,0,0,0
2026-01-03,листовой объект,ДП объект Вита,99,724,0,7,0,0,0,0,0
2026-01-03,листовой объект,ДП ПС объект Ро,108,64,0,2,0,0,0,0,0
2026-01-03,листовой объект,объект Йота,3215,4,0,3,0,0,0,0,0
2026-01-03,листовой объект,ДП объект Йота,3216,698,0,6,0,0,0,0,0
2026-01-03,листовой объект,ПС объект Тау,3356,24,0,8,0,0,0,0,0
2026-01-03,листовой объект,ДУ объект Омикрон,3360,2630,2602,10,7,0,0,0,0
2026-01-03,листовой объект,ДП объект Эпсилон,3902,3091,1499,48,5,18,6,0,0
2026-01-03,листовой объект,объект Эпсилон ОС,3904,18,0,7,0,0,0,0,0
2026-01-03,листовой объект,объект Пси ОС,3905,15,0,6,0,0,0,0,0
2026-01-03,листовой объект,ДП объект Сигма,4177,62,0,5,0,0,0,0,0
2026-01-03,листовой объект,ДУ ПС объект Ро,4369,267,267,3,3,0,0,0,0
2026-01-03,листовой объект,объект Ро,4370,3,0,1,0,0,0,0,0
2026-01-03,листовой объект,объект Омикрон,4391,2,0,1,0,0,0,0,0
2026-01-03,листовой объект,ДП объект Омикрон,4392,1390,0,6,0,0,0,0,0
2026-01-03,листовой объект,ДУ объект Хи,4543,4229,4225,14,13,0,0,0,0
2026-01-03,листовой объект,ДУ объект Дельта,4610,934,852,27,6,6,2,0,0
2026-01-03,листовой объект,ДУ ПС объект Омега,5003,316,192,15,8,0,0,0,0
2026-01-03,листовой объект,ДУ объект Вита,5011,10,0,3,0,0,0,0,0
2026-01-03,листовой объект,объект Дельта,5113,30,0,12,0,0,0,0,0
2026-01-03,листовой объект,ДУ объект Альфа,5122,92827,92592,58,52,0,0,0,0
2026-01-03,листовой объект,ДП объект Альфа,5123,481,0,11,0,0,0,0,0
2026-01-03,листовой объект,объект Фита,5129,4,0,4,0,0,0,0,0
2026-01-03,листовой объект,ДП объект Зита,5132,36,0,4,0,0,0,0,0
2026-01-03,листовой объект,объект Кси ПК0-ПК202,5332,1,0,1,0,0,0,0,0
2026-01-03,листовой объект,ДУ объект Кси,5333,58,46,5,3,0,0,0,0
2026-01-03,листовой объект,ДП объект Кси,5336,18,0,3,0,0,0,0,0
2026-01-03,листовой объект,объект Кси ПК202-ПК302,5343,2018,0,1,0,1007,1,0,0
2026-01-03,листовой объект,объект Дзета ДУ,5578,4165,4076,39,27,24,12,0,0
2026-01-03,листовой объект,объект Дзета ОС,5580,15,0,7,0,0,0,0,0
2026-01-03,листовой объект,объект Зита ОС,5582,1,0,1,0,0,0,0,0
2026-01-03,листовой объект,объект Зита ДУ,5591,12,12,2,2,0,0,0,0
2026-01-03,листовой объект,объект Дзета щит. ПК48 Г1 ПК5,5594,1,0,1,0,0,0,0,0
2026-01-03,листовой объект,объект Каппа ДУ,5657,10864,10707,43,21,36,18,0,0
2026-01-03,листовой объект,объект Мю ДП,5674,614,0,7,0,0,0,0,0
2026-01-03,листовой объект,объект Мю ДУ,5675,7411,7405,23,22,0,0,0,0
2026-01-03,листовой объект,объект Мю ОС,5676,54,0,25,0,0,0,0,0
2026-01-03,листовой объект,объект Мю шкафы,5678,2,0,1,0,0,0,0,0
2026-01-03,листовой объект,объект Гамма ОС,5961,2,0,1,0,0,0,0,0
2026-01-03,листовой объект,объект Гамма ПС,5962,161,0,2,0,63,1,0,0
2026-01-03,листовой объект,объект Гамма ДУ,5963,44,2,5,2,0,0,0,0
2026-01-04,коллектор,объект Альфа,5,97945,96241,84,53,86,8,3,1
2026-01-04,коллектор,объект Бета,6,2,0,2,0,0,0,0,0
2026-01-04,коллектор,объект Гамма,7,74,0,12,0,3,1,0,0
2026-01-04,коллектор,Комплекс объект Дельта,8,1756,1515,43,4,30,15,0,0
2026-01-04,коллектор,объект Вита,9,910,0,13,0,0,0,0,0
2026-01-04,коллектор,объект Эпсилон,11,5784,3459,102,18,2,2,0,0
2026-01-04,коллектор,объект Зита,12,5141,5036,42,27,0,0,0,0
2026-01-04,коллектор,объект Каппа,15,10791,10685,36,21,0,0,0,0
2026-01-04,коллектор,объект Йота,3218,1288,0,9,0,0,0,0,0
2026-01-04,коллектор,объект Тау,3355,30,0,12,0,0,0,0,0
2026-01-04,коллектор,объект Омикрон,3359,5012,3481,46,9,27,10,0,0
2026-01-04,коллектор,объект Мю,3828,10946,8364,926,22,0,0,0,0
2026-01-04,коллектор,объект Сигма,4068,224,4,29,1,8,4,0,0
2026-01-04,коллектор,ПС объект Ро,4356,246,150,8,3,0,0,0,0
2026-01-04,коллектор,ПС объект Омега,4573,522,320,14,8,0,0,0,0
2026-01-04,коллектор,объект Кси,5327,2238,48,6,2,1087,1,0,0
2026-01-04,листовой объект,объект Фита,20,2,0,2,0,0,0,0,0
2026-01-04,листовой объект,объект Вита,28,5,0,3,0,0,0,0,0
2026-01-04,листовой объект,объект Каппа ОС,42,100,0,13,0,0,0,0,0
2026-01-04,листовой объект,ДП объект Вита,99,893,0,7,0,0,0,0,0
2026-01-04,листовой объект,ДП ПС объект Ро,108,94,0,4,0,0,0,0,0
2026-01-04,листовой объект,объект Йота,3215,4,0,4,0,0,0,0,0
2026-01-04,листовой объект,ДП объект Йота,3216,1284,0,5,0,0,0,0,0
2026-01-04,листовой объект,ПС объект Тау,3356,28,0,11,0,0,0,0,0
2026-01-04,листовой объект,ДУ объект Омикрон,3360,3650,3481,32,9,27,10,0,0
2026-01-04,листовой объект,ДУ объект Тау,3388,2,0,1,0,0,0,0,0
2026-01-04,листовой объект,ДП объект Эпсилон,3902,1916,220,17,4,0,0,0,0
2026-01-04,листовой объект,объект Эпсилон ОС,3904,3,0,3,0,0,0,0,0
2026-01-04,листовой объект,объект Пси ОС,3905,4,0,4,0,0,0,0,0
2026-01-04,листовой объект,объект Хи,4095,552,0,51,0,0,0,0,0
2026-01-04,листовой объект,ДП объект Сигма,4177,222,4,28,1,8,4,0,0
2026-01-04,листовой объект,ДУ ПС объект Ро,4369,150,150,3,3,0,0,0,0
2026-01-04,листовой объект,объект Омикрон,4391,56,0,8,0,0,0,0,0
2026-01-04,листовой объект,ДП объект Омикрон,4392,1306,0,6,0,0,0,0,0
2026-01-04,листовой объект,Шкаф ОПС объект Хи,4541,40,0,6,0,0,0,0,0
2026-01-04,листовой объект,ДУ объект Хи,4543,3269,3239,21,14,2,2,0,0
2026-01-04,листовой объект,Шкаф ОПС ПС объект Ро,4569,2,0,1,0,0,0,0,0
2026-01-04,листовой объект,ДУ объект Дельта,4610,1657,1515,33,4,30,15,0,0
2026-01-04,листовой объект,Шкаф ОПС объект Сигма,4768,2,0,1,0,0,0,0,0
2026-01-04,листовой объект,ДУ ПС объект Омега,5003,522,320,14,8,0,0,0,0
2026-01-04,листовой объект,ДУ объект Вита,5011,12,0,3,0,0,0,0,0
2026-01-04,листовой объект,объект Дельта,5113,99,0,10,0,0,0,0,0
2026-01-04,листовой объект,ДУ объект Альфа,5122,97028,96241,71,53,86,8,3,1
2026-01-04,листовой объект,ДП объект Альфа,5123,917,0,13,0,0,0,0,0
2026-01-04,листовой объект,ДП объект Зита,5132,40,0,4,0,0,0,0,0
2026-01-04,листовой объект,ДУ объект Кси,5333,60,48,5,2,0,0,0,0
2026-01-04,листовой объект,объект Кси ПК202-ПК302,5343,2178,0,1,0,1087,1,0,0
2026-01-04,листовой объект,объект Дзета ДУ,5578,5012,5012,26,26,0,0,0,0
2026-01-04,листовой объект,объект Дзета ОС,5580,63,0,10,0,0,0,0,0
2026-01-04,листовой объект,объект Зита ДУ,5591,24,24,1,1,0,0,0,0
2026-01-04,листовой объект,объект Дзета щит. ПК48 Г1 ПК5,5594,2,0,1,0,0,0,0,0
2026-01-04,листовой объект,объект Каппа ДУ,5657,10691,10685,23,21,0,0,0,0
2026-01-04,листовой объект,объект Мю ДП,5674,818,0,47,0,0,0,0,0
2026-01-04,листовой объект,объект Мю ДУ,5675,8370,8364,23,22,0,0,0,0
2026-01-04,листовой объект,объект Мю ОС,5676,116,0,38,0,0,0,0,0
2026-01-04,листовой объект,объект Мю ПС,5677,1628,0,814,0,0,0,0,0
2026-01-04,листовой объект,объект Мю шкафы,5678,14,0,4,0,0,0,0,0
2026-01-04,листовой объект,объект Гамма ОС,5961,16,0,2,0,0,0,0,0
2026-01-04,листовой объект,объект Гамма ПС,5962,6,0,1,0,3,1,0,0
2026-01-04,листовой объект,объект Гамма ДУ,5963,52,0,9,0,0,0,0,0
2026-01-05,коллектор,объект Альфа,5,97854,96764,76,53,0,0,0,0
2026-01-05,коллектор,объект Гамма,7,369,0,87,0,47,1,0,0
2026-01-05,коллектор,Комплекс объект Дельта,8,1681,1198,94,4,28,7,0,0
2026-01-05,коллектор,объект Вита,9,2527,0,15,0,0,0,0,0
2026-01-05,коллектор,объект Эпсилон,11,5536,3714,33,18,0,0,0,0
2026-01-05,коллектор,объект Зита,12,4151,4085,37,28,0,0,0,0
2026-01-05,коллектор,объект Каппа,15,10285,10190,38,21,0,0,0,0
2026-01-05,коллектор,объект Йота,3218,837,0,47,0,0,0,0,0
2026-01-05,коллектор,объект Тау,3355,31,0,11,0,0,0,0,0
2026-01-05,коллектор,объект Омикрон,3359,4754,4081,38,8,5,4,0,0
2026-01-05,коллектор,объект Мю,3828,9829,7854,729,22,21,21,0,0
2026-01-05,коллектор,объект Сигма,4068,315,0,24,0,0,0,0,0
2026-01-05,коллектор,ПС объект Ро,4356,248,206,6,2,0,0,0,0
2026-01-05,коллектор,ПС объект Омега,4573,305,160,24,8,8,6,0,0
2026-01-05,коллектор,объект Кси,5327,2522,26,30,3,1066,13,0,0
2026-01-05,листовой объект,объект Вита,28,7,0,4,0,0,0,0,0
2026-01-05,листовой объект,объект Каппа ОС,42,87,0,15,0,0,0,0,0
2026-01-05,листовой объект,ДП объект Вита,99,2506,0,7,0,0,0,0,0
2026-01-05,листовой объект,ДП ПС объект Ро,108,40,0,3,0,0,0,0,0
2026-01-05,листовой объект,объект Йота,3215,167,0,29,0,0,0,0,0
2026-01-05,листовой объект,ДП объект Йота,3216,642,0,4,0,0,0,0,0
2026-01-05,листовой объект,ПС объект Тау,3356,31,0,11,0,0,0,0,0
2026-01-05,листовой объект,ДУ объект Омикрон,3360,4141,4081,25,8,5,4,0,0
2026-01-05,листовой объект,ДП объект Эпсилон,3902,2315,505,14,4,0,0,0,0
2026-01-05,листовой объект,объект Эпсилон ОС,3904,3,0,1,0,0,0,0,0
2026-01-05,листовой объект,объект Пси ОС,3905,4,0,2,0,0,0,0,0
2026-01-05,листовой объект,объект Сигма,4069,67,0,9,0,0,0,0,0
2026-01-05,листовой объект,ДП объект Сигма,4177,248,0,15,0,0,0,0,0
2026-01-05,листовой объект,ДУ ПС объект Ро,4369,206,206,2,2,0,0,0,0
2026-01-05,листовой объект,объект Ро,4370,2,0,1,0,0,0,0,0
2026-01-05,листовой объект,объект Омикрон,4391,21,0,7,0,0,0,0,0
2026-01-05,листовой объект,ДП объект Омикрон,4392,592,0,6,0,0,0,0,0
2026-01-05,листовой объект,Шкаф ОПС объект Хи,4541,1,0,1,0,0,0,0,0
2026-01-05,листовой объект,ДУ объект Хи,4543,3213,3209,15,14,0,0,0,0
2026-01-05,листовой объект,ДУ объект Дельта,4610,1438,1198,55,4,28,7,0,0
2026-01-05,листовой объект,ПС объект Омега,4648,2,0,1,0,0,0,0,0
2026-01-05,листовой объект,ДУ ПС объект Омега,5003,303,160,23,8,8,6,0,0
2026-01-05,листовой объект,ДУ объект Вита,5011,14,0,4,0,0,0,0,0
2026-01-05,листовой объект,объект Дельта,5113,243,0,39,0,0,0,0,0
2026-01-05,листовой объект,ДУ объект Альфа,5122,96996,96764,63,53,0,0,0,0
2026-01-05,листовой объект,ДП объект Альфа,5123,858,0,13,0,0,0,0,0
2026-01-05,листовой объект,объект Йота ДУ,5218,28,0,14,0,0,0,0,0
2026-01-05,листовой объект,ДУ объект Кси,5333,134,26,22,3,25,12,0,0
2026-01-05,листовой объект,ДП объект Кси,5336,290,0,7,0,0,0,0,0
2026-01-05,листовой объект,объект Кси ПК202-ПК302,5343,2098,0,1,0,1041,1,0,0
2026-01-05,листовой объект,объект Дзета ДУ,5578,4053,4053,26,26,0,0,0,0
2026-01-05,листовой объект,объект Дзета ОС,5580,66,0,9,0,0,0,0,0
2026-01-05,листовой объект,объект Зита ДУ,5591,32,32,2,2,0,0,0,0
2026-01-05,листовой объект,объект Каппа ДУ,5657,10198,10190,23,21,0,0,0,0
2026-01-05,листовой объект,объект Мю ДП,5674,572,0,45,0,0,0,0,0
2026-01-05,листовой объект,объект Мю ДУ,5675,7936,7854,45,22,21,21,0,0
2026-01-05,листовой объект,объект Мю ОС,5676,106,0,31,0,0,0,0,0
2026-01-05,листовой объект,объект Мю ПС,5677,1214,0,607,0,0,0,0,0
2026-01-05,листовой объект,объект Мю шкафы,5678,1,0,1,0,0,0,0,0
2026-01-05,листовой объект,объект Гамма ОС,5961,157,0,46,0,0,0,0,0
2026-01-05,листовой объект,объект Гамма ПС,5962,94,0,1,0,47,1,0,0
2026-01-05,листовой объект,объект Гамма ДУ,5963,118,0,40,0,0,0,0,0
2026-01-06,коллектор,объект Альфа,5,94880,93425,110,53,40,7,0,0
2026-01-06,коллектор,объект Бета,6,2,0,1,0,0,0,0,0
2026-01-06,коллектор,объект Гамма,7,163,55,37,26,28,1,0,0
2026-01-06,коллектор,Комплекс объект Дельта,8,1112,933,37,4,33,20,0,0
2026-01-06,коллектор,объект Вита,9,2790,0,93,0,0,0,0,0
2026-01-06,коллектор,объект Эпсилон,11,5196,3771,35,15,0,0,0,0
2026-01-06,коллектор,объект Зита,12,4216,4173,39,28,0,0,0,0
2026-01-06,коллектор,объект Каппа,15,10638,10483,42,21,0,0,0,0
2026-01-06,коллектор,объект Йота,3218,799,0,14,0,0,0,0,0
2026-01-06,коллектор,объект Тау,3355,43,0,13,0,0,0,0,0
2026-01-06,коллектор,объект Омикрон,3359,4211,3310,44,8,11,9,0,0
2026-01-06,коллектор,объект Мю,3828,9228,7815,148,22,0,0,0,0
2026-01-06,коллектор,объект Сигма,4068,1921,8,75,1,0,0,0,0
2026-01-06,коллектор,ПС объект Ро,4356,248,46,78,2,0,0,0,0
2026-01-06,коллектор,ПС объект Омега,4573,458,256,27,8,0,0,0,0
2026-01-06,коллектор,объект Кси,5327,3147,87,99,2,1193,1,0,0
2026-01-06,листовой объект,объект Вита,28,155,0,35,0,0,0,0,0
2026-01-06,листовой объект,объект Каппа ОС,42,151,0,20,0,0,0,0,0
2026-01-06,листовой объект,ДП объект Вита,99,2543,0,14,0,0,0,0,0
2026-01-06,листовой объект,ДП ПС объект Ро,108,50,0,5,0,0,0,0,0
2026-01-06,листовой объект,объект Йота,3215,25,0,4,0,0,0,0,0
2026-01-06,листовой объект,ДП объект Йота,3216,762,0,4,0,0,0,0,0
2026-01-06,листовой объект,ПС объект Тау,3356,27,0,10,0,0,0,0,0
2026-01-06,листовой объект,ДУ объект Омикрон,3360,3432,3310,31,8,11,9,0,0
2026-01-06,листовой объект,ДУ объект Тау,3388,2,0,1,0,0,0,0,0
2026-01-06,листовой объект,ДП объект Эпсилон,3902,1501,111,14,2,0,0,0,0
2026-01-06,листовой объект,объект Эпсилон ОС,3904,3,0,3,0,0,0,0,0
2026-01-06,листовой объект,объект Пси ОС,3905,30,0,4,0,0,0,0,0
2026-01-06,листовой объект,объект Сигма,4069,301,0,30,0,0,0,0,0
2026-01-06,листовой объект,ДП объект Сигма,4177,1504,8,41,1,0,0,0,0
2026-01-06,листовой объект,ДУ ПС объект Ро,4369,148,46,53,2,0,0,0,0
2026-01-06,листовой объект,объект Ро,4370,50,0,20,0,0,0,0,0
2026-01-06,листовой объект,объект Омикрон,4391,41,0,7,0,0,0,0,0
2026-01-06,листовой объект,ДП объект Омикрон,4392,738,0,6,0,0,0,0,0
2026-01-06,листовой объект,ДУ объект Хи,4543,3662,3660,14,13,0,0,0,0
2026-01-06,листовой объект,ДП ПС объект Омега,4574,2,0,1,0,0,0,0,0
2026-01-06,листовой объект,ДУ объект Дельта,4610,1109,933,35,4,33,20,0,0
2026-01-06,листовой объект,ПС объект Омега,4648,24,0,5,0,0,0,0,0
2026-01-06,листовой объект,Шкаф ОПС объект Бета,4765,2,0,1,0,0,0,0,0
2026-01-06,листовой объект,Шкаф ОПС объект Сигма,4768,116,0,4,0,0,0,0,0
2026-01-06,листовой объект,ДУ ПС объект Омега,5003,432,256,21,8,0,0,0,0
2026-01-06,листовой объект,Шкаф ОПС ПС объект Тау,5009,14,0,2,0,0,0,0,0
2026-01-06,листовой объект,ДУ объект Вита,5011,92,0,44,0,0,0,0,0
2026-01-06,листовой объект,объект Дельта,5113,3,0,2,0,0,0,0,0
2026-01-06,листовой объект,ДУ объект Альфа,5122,94040,93425,93,53,40,7,0,0
2026-01-06,листовой объект,ДП объект Альфа,5123,830,0,14,0,0,0,0,0
2026-01-06,листовой объект,объект Йота ДУ,5218,12,0,6,0,0,0,0,0
2026-01-06,листовой объект,объект Кси ПК0-ПК202,5332,68,0,22,0,0,0,0,0
2026-01-06,листовой объект,ДУ объект Кси,5333,197,87,53,2,0,0,0,0
2026-01-06,листовой объект,ДП объект Кси,5336,430,0,9,0,0,0,0,0
2026-01-06,листовой объект,объект Пси,5339,10,0,3,0,0,0,0,0
2026-01-06,листовой объект,объект Кси ПК202-ПК302,5343,2452,0,15,0,1193,1,0,0
2026-01-06,листовой объект,объект Дзета ДУ,5578,4145,4145,27,27,0,0,0,0
2026-01-06,листовой объект,объект Дзета ОС,5580,42,0,10,0,0,0,0,0
2026-01-06,листовой объект,объект Зита ДУ,5591,28,28,1,1,0,0,0,0
2026-01-06,листовой объект,объект Дзета щит. ПК48 Г1 ПК5,5594,1,0,1,0,0,0,0,0
2026-01-06,листовой объект,объект Каппа ДУ,5657,10487,10483,22,21,0,0,0,0
2026-01-06,листовой объект,объект Мю ДП,5674,1066,0,13,0,0,0,0,0
2026-01-06,листовой объект,объект Мю ДУ,5675,7887,7815,56,22,0,0,0,0
2026-01-06,листовой объект,объект Мю ОС,5676,275,0,79,0,0,0,0,0
2026-01-06,листовой объект,объект Гамма ОС,5961,12,0,6,0,0,0,0,0
2026-01-06,листовой объект,объект Гамма ПС,5962,56,0,1,0,28,1,0,0
2026-01-06,листовой объект,объект Гамма ДУ,5963,93,55,29,26,0,0,0,0
2026-01-06,листовой объект,объект Гамма шкафы,5966,2,0,1,0,0,0,0,0
2026-01-07,коллектор,объект Альфа,5,93339,92456,71,52,0,0,0,0
2026-01-07,коллектор,объект Бета,6,6,0,4,0,0,0,0,0
2026-01-07,коллектор,объект Гамма,7,34,0,3,0,0,0,0,0
2026-01-07,коллектор,Комплекс объект Дельта,8,709,701,11,4,0,0,0,0
2026-01-07,коллектор,объект Вита,9,667,0,16,0,0,0,0,0
2026-01-07,коллектор,объект Эпсилон,11,5864,4095,30,17,0,0,0,0
2026-01-07,коллектор,объект Зита,12,4824,4734,44,27,0,0,0,0
2026-01-07,коллектор,объект Каппа,15,10029,9898,47,20,0,0,0,0
2026-01-07,коллектор,объект Йота,3218,499,0,5,0,0,0,0,0
2026-01-07,коллектор,объект Тау,3355,32,0,12,0,0,0,0,0
2026-01-07,коллектор,объект Омикрон,3359,4648,3520,23,8,5,4,0,0
2026-01-07,коллектор,объект Мю,3828,10266,7338,1093,24,0,0,0,0
2026-01-07,коллектор,объект Сигма,4068,70,0,7,0,0,0,0,0
2026-01-07,коллектор,ПС объект Ро,4356,383,331,5,1,0,0,0,0
2026-01-07,коллектор,ПС объект Омега,4573,530,256,40,8,12,6,0,0
2026-01-07,коллектор,объект Кси,5327,2685,100,26,3,1184,4,0,0
2026-01-07,листовой объект,объект Фита,20,5,0,3,0,0,0,0,0
2026-01-07,листовой объект,объект Вита,28,12,0,6,0,0,0,0,0
2026-01-07,листовой объект,объект Каппа ОС,42,125,0,25,0,0,0,0,0
2026-01-07,листовой объект,ДП объект Вита,99,643,0,7,0,0,0,0,0
2026-01-07,листовой объект,ДП ПС объект Ро,108,50,0,3,0,0,0,0,0
2026-01-07,листовой объект,ДП объект Бета,111,1,0,1,0,0,0,0,0
2026-01-07,листовой объект,объект Йота,3215,1,0,1,0,0,0,0,0
2026-01-07,листовой объект,ДП объект Йота,3216,498,0,4,0,0,0,0,0
2026-01-07,листовой объект,ПС объект Тау,3356,32,0,12,0,0,0,0,0
2026-01-07,листовой объект,ДУ объект Омикрон,3360,3571,3520,16,8,5,4,0,0
2026-01-07,листовой объект,ДП объект Эпсилон,3902,1869,135,12,3,0,0,0,0
2026-01-07,листовой объект,объект Пси ОС,3905,33,0,3,0,0,0,0,0
2026-01-07,листовой объект,ДП объект Сигма,4177,70,0,7,0,0,0,0,0
2026-01-07,листовой объект,ДУ ПС объект Ро,4369,333,331,2,1,0,0,0,0
2026-01-07,листовой объект,объект Омикрон,4391,1,0,1,0,0,0,0,0
2026-01-07,листовой объект,ДП объект Омикрон,4392,1076,0,6,0,0,0,0,0
2026-01-07,листовой объект,ДУ объект Хи,4543,3962,3960,15,14,0,0,0,0
2026-01-07,листовой объект,ДП ПС объект Омега,4574,2,0,1,0,0,0,0,0
2026-01-07,листовой объект,ДУ объект Дельта,4610,701,701,4,4,0,0,0,0
2026-01-07,листовой объект,ПС объект Омега,4648,24,0,5,0,0,0,0,0
2026-01-07,листовой объект,ДУ ПС объект Омега,5003,504,256,34,8,12,6,0,0
2026-01-07,листовой объект,ДУ объект Вита,5011,12,0,3,0,0,0,0,0
2026-01-07,листовой объект,объект Дельта,5113,8,0,7,0,0,0,0,0
2026-01-07,листовой объект,ДУ объект Альфа,5122,92767,92456,58,52,0,0,0,0
2026-01-07,листовой объект,ДП объект Альфа,5123,572,0,13,0,0,0,0,0
2026-01-07,листовой объект,объект Фита,5129,2,0,2,0,0,0,0,0
2026-01-07,листовой объект,ДП объект Зита,5132,54,0,3,0,0,0,0,0
2026-01-07,листовой объект,объект Кси ПК0-ПК202,5332,47,0,5,0,0,0,0,0
2026-01-07,листовой объект,ДУ объект Кси,5333,354,100,20,3,42,3,0,0
2026-01-07,листовой объект,объект Кси ПК202-ПК302,5343,2284,0,1,0,1142,1,0,0
2026-01-07,листовой объект,объект Дзета ДУ,5578,4716,4716,26,26,0,0,0,0
2026-01-07,листовой объект,объект Дзета ОС,5580,34,0,12,0,0,0,0,0
2026-01-07,листовой объект,объект Зита ДУ,5591,18,18,1,1,0,0,0,0
2026-01-07,листовой объект,объект Каппа ДУ,5657,9904,9898,22,20,0,0,0,0
2026-01-07,листовой объект,объект Мю ДП,5674,812,0,65,0,0,0,0,0
2026-01-07,листовой объект,объект Мю ДУ,5675,7344,7338,25,24,0,0,0,0
2026-01-07,листовой объект,объект Мю ОС,5676,208,0,53,0,0,0,0,0
2026-01-07,листовой объект,объект Мю ПС,5677,1894,0,947,0,0,0,0,0
2026-01-07,листовой объект,объект Мю шкафы,5678,8,0,3,0,0,0,0,0
2026-01-07,листовой объект,объект Гамма ДУ,5963,34,0,3,0,0,0,0,0
2026-01-08,коллектор,объект Альфа,5,94115,93179,70,52,0,0,0,0
2026-01-08,коллектор,объект Бета,6,584,0,89,0,0,0,0,0
2026-01-08,коллектор,объект Гамма,7,164,53,65,26,5,2,0,0
2026-01-08,коллектор,Комплекс объект Дельта,8,1493,1341,35,4,18,7,0,0
2026-01-08,коллектор,объект Вита,9,838,0,14,0,0,0,0,0
2026-01-08,коллектор,объект Эпсилон,11,6251,4380,150,17,0,0,0,0
2026-01-08,коллектор,объект Зита,12,4529,3624,167,30,0,0,0,0
2026-01-08,коллектор,объект Каппа,15,9929,9841,40,21,0,0,0,0
2026-01-08,коллектор,объект Йота,3218,687,0,6,0,0,0,0,0
2026-01-08,коллектор,объект Тау,3355,19,0,8,0,0,0,0,0
2026-01-08,коллектор,объект Омикрон,3359,7399,5552,89,9,5,4,0,0
2026-01-08,коллектор,объект Мю,3828,7203,6517,53,22,0,0,0,0
2026-01-08,коллектор,объект Сигма,4068,61,0,5,0,0,0,0,0
2026-01-08,коллектор,ПС объект Ро,4356,420,368,6,2,0,0,0,0
2026-01-08,коллектор,ПС объект Омега,4573,993,256,126,8,0,0,0,0
2026-01-08,коллектор,объект Кси,5327,2337,80,24,3,1070,4,0,0
2026-01-08,листовой объект,объект Фита,20,152,0,41,0,0,0,0,0
2026-01-08,листовой объект,объект Вита,28,7,0,4,0,0,0,0,0
2026-01-08,листовой объект,объект Каппа ОС,42,82,0,18,0,0,0,0,0
2026-01-08,листовой объект,ДП объект Вита,99,821,0,7,0,0,0,0,0
2026-01-08,листовой объект,ДП ПС объект Ро,108,50,0,2,0,0,0,0,0
2026-01-08,листовой объект,ДП объект Бета,111,224,0,35,0,0,0,0,0
2026-01-08,листовой объект,объект Бета,165,208,0,13,0,0,0,0,0
2026-01-08,листовой объект,объект Йота,3215,3,0,3,0,0,0,0,0
2026-01-08,листовой объект,ДП объект Йота,3216,684,0,3,0,0,0,0,0
2026-01-08,листовой объект,ПС объект Тау,3356,17,0,7,0,0,0,0,0
2026-01-08,листовой объект,ДУ объект Омикрон,3360,5655,5552,43,9,5,4,0,0
2026-01-08,листовой объект,ДУ объект Тау,3388,2,0,1,0,0,0,0,0
2026-01-08,листовой объект,ДП объект Эпсилон,3902,2202,398,105,3,0,0,0,0
2026-01-08,листовой объект,объект Эпсилон ОС,3904,22,0,11,0,0,0,0,0
2026-01-08,листовой объект,объект Пси ОС,3905,40,0,18,0,0,0,0,0
2026-01-08,листовой объект,объект Сигма,4069,3,0,1,0,0,0,0,0
2026-01-08,листовой объект,объект Хи,4095,1,0,1,0,0,0,0,0
2026-01-08,листовой объект,ДП объект Сигма,4177,58,0,4,0,0,0,0,0
2026-01-08,листовой объект,ДУ ПС объект Ро,4369,368,368,2,2,0,0,0,0
2026-01-08,листовой объект,объект Ро,4370,2,0,2,0,0,0,0,0
2026-01-08,листовой объект,объект Омикрон,4391,114,0,39,0,0,0,0,0
2026-01-08,листовой объект,ДП объект Омикрон,4392,1630,0,7,0,0,0,0,0
2026-01-08,листовой объект,ДУ объект Хи,4543,3986,3982,15,14,0,0,0,0
2026-01-08,листовой объект,ДП ПС объект Омега,4574,292,0,8,0,0,0,0,0
2026-01-08,листовой объект,Шкаф ОПС ПС объект Омега,4577,1,0,1,0,0,0,0,0
2026-01-08,листовой объект,ДУ объект Дельта,4610,1461,1341,28,4,18,7,0,0
2026-01-08,листовой объект,ПС объект Омега,4648,160,0,43,0,0,0,0,0
2026-01-08,листовой объект,ДУ ПС объект Омега,5003,540,256,74,8,0,0,0,0
2026-01-08,листовой объект,ДУ объект Вита,5011,10,0,3,0,0,0,0,0
2026-01-08,листовой объект,объект Дельта,5113,32,0,7,0,0,0,0,0
2026-01-08,листовой объект,ДУ объект Альфа,5122,93474,93179,58,52,0,0,0,0
2026-01-08,листовой объект,ДП объект Альфа,5123,640,0,11,0,0,0,0,0
2026-01-08,листовой объект,ДП объект Альфа 2 этаж,5124,1,0,1,0,0,0,0,0
2026-01-08,листовой объект,объект Фита,5129,24,0,9,0,0,0,0,0
2026-01-08,листовой объект,ДП объект Зита,5132,96,0,17,0,0,0,0,0
2026-01-08,листовой объект,объект Кси ПК0-ПК202,5332,25,0,5,0,0,0,0,0
2026-01-08,листовой объект,ДУ объект Кси,5333,208,80,18,3,18,3,0,0
2026-01-08,листовой объект,объект Кси ПК202-ПК302,5343,2104,0,1,0,1052,1,0,0
2026-01-08,листовой объект,объект Дзета ДУ,5578,3686,3598,70,29,0,0,0,0
2026-01-08,листовой объект,объект Дзета шкафы,5579,6,0,4,0,0,0,0,0
2026-01-08,листовой объект,объект Дзета ОС,5580,631,0,48,0,0,0,0,0
2026-01-08,листовой объект,объект Дзета ПС,5581,4,0,2,0,0,0,0,0
2026-01-08,листовой объект,объект Зита ОС,5582,12,0,5,0,0,0,0,0
2026-01-08,листовой объект,объект Зита ДУ,5591,36,26,5,1,0,0,0,0
2026-01-08,листовой объект,объект Дзета щит. ПК48 Г1 ПК5,5594,34,0,7,0,0,0,0,0
2026-01-08,листовой объект,объект Каппа ДУ,5657,9847,9841,22,21,0,0,0,0
2026-01-08,листовой объект,объект Мю ДП,5674,620,0,7,0,0,0,0,0
2026-01-08,листовой объект,объект Мю ДУ,5675,6523,6517,23,22,0,0,0,0
2026-01-08,листовой объект,объект Мю ОС,5676,60,0,23,0,0,0,0,0
2026-01-08,листовой объект,объект Гамма ОС,5961,59,0,29,0,0,0,0,0
2026-01-08,листовой объект,объект Гамма ПС,5962,10,0,2,0,5,2,0,0
2026-01-08,листовой объект,объект Гамма ДУ,5963,85,53,29,26,0,0,0,0
2026-01-08,листовой объект,объект Гамма шкафы,5966,10,0,5,0,0,0,0,0
2026-01-09,коллектор,объект Альфа,5,96945,95033,124,52,0,0,0,0
2026-01-09,коллектор,объект Бета,6,18,0,14,0,0,0,0,0
2026-01-09,коллектор,объект Гамма,7,280,0,85,0,1,1,0,0
2026-01-09,коллектор,Комплекс объект Дельта,8,1031,965,30,4,0,0,0,0
2026-01-09,коллектор,объект Вита,9,3325,0,42,0,0,0,0,0
2026-01-09,коллектор,объект Эпсилон,11,5602,4000,65,17,0,0,0,0
2026-01-09,коллектор,объект Зита,12,4497,4370,61,30,0,0,0,0
2026-01-09,коллектор,объект Каппа,15,10383,9944,140,21,6,6,0,0
2026-01-09,коллектор,объект Йота,3218,757,0,52,0,0,0,0,0
2026-01-09,коллектор,объект Тау,3355,269,0,119,0,0,0,0,0
2026-01-09,коллектор,объект Омикрон,3359,5776,4671,27,9,10,4,0,0
2026-01-09,коллектор,объект Мю,3828,8718,6608,788,22,3,1,3,1
2026-01-09,коллектор,объект Сигма,4068,178,0,18,0,8,4,0,0
2026-01-09,коллектор,ПС объект Ро,4356,131,84,13,2,0,0,0,0
2026-01-09,коллектор,ПС объект Омега,4573,386,208,19,8,0,0,0,0
2026-01-09,коллектор,объект Кси,5327,2427,66,16,2,1001,1,0,0
2026-01-09,листовой объект,объект Фита,20,17,0,13,0,0,0,0,0
2026-01-09,листовой объект,объект Вита,28,51,0,15,0,0,0,0,0
2026-01-09,листовой объект,объект Каппа ОС,42,283,0,62,0,0,0,0,0
2026-01-09,листовой объект,ДП объект Вита,99,3244,0,16,0,0,0,0,0
2026-01-09,листовой объект,ДП ПС объект Ро,108,32,0,4,0,0,0,0,0
2026-01-09,листовой объект,ДП объект Бета,111,1,0,1,0,0,0,0,0
2026-01-09,листовой объект,объект Йота,3215,167,0,34,0,0,0,0,0
2026-01-09,листовой объект,ДП объект Йота,3216,564,0,5,0,0,0,0,0
2026-01-09,листовой объект,ПС объект Тау,3356,137,0,53,0,0,0,0,0
2026-01-09,листовой объект,ДУ объект Омикрон,3360,4751,4671,17,9,10,4,0,0
2026-01-09,листовой объект,ДУ объект Тау,3388,132,0,66,0,0,0,0,0
2026-01-09,листовой объект,ДП объект Эпсилон,3902,1881,381,18,3,0,0,0,0
2026-01-09,листовой объект,объект Эпсилон ОС,3904,5,0,1,0,0,0,0,0
2026-01-09,листовой объект,объект Пси ОС,3905,8,0,4,0,0,0,0,0
2026-01-09,листовой объект,объект Сигма,4069,4,0,1,0,0,0,0,0
2026-01-09,листовой объект,объект Хи,4095,69,0,18,0,0,0,0,0
2026-01-09,листовой объект,ДП объект Сигма,4177,174,0,17,0,8,4,0,0
2026-01-09,листовой объект,ДУ ПС объект Ро,4369,98,84,8,2,0,0,0,0
2026-01-09,листовой объект,объект Ро,4370,1,0,1,0,0,0,0,0
2026-01-09,листовой объект,объект Омикрон,4391,5,0,3,0,0,0,0,0
2026-01-09,листовой объект,ДП объект Омикрон,4392,1020,0,7,0,0,0,0,0
2026-01-09,листовой объект,ДУ объект Хи,4543,3639,3619,24,14,0,0,0,0
2026-01-09,листовой объект,ДП ПС объект Омега,4574,46,0,5,0,0,0,0,0
2026-01-09,листовой объект,ДУ объект Дельта,4610,1007,965,21,4,0,0,0,0
2026-01-09,листовой объект,ПС объект Омега,4648,2,0,1,0,0,0,0,0
2026-01-09,листовой объект,ДУ ПС объект Омега,5003,338,208,13,8,0,0,0,0
2026-01-09,листовой объект,ДУ объект Вита,5011,30,0,11,0,0,0,0,0
2026-01-09,листовой объект,объект Дельта,5113,24,0,9,0,0,0,0,0
2026-01-09,листовой объект,ДУ объект Альфа,5122,95373,95033,87,52,0,0,0,0
2026-01-09,листовой объект,ДП объект Альфа,5123,1530,0,19,0,0,0,0,0
2026-01-09,листовой объект,объект Йота ДУ,5218,26,0,13,0,0,0,0,0
2026-01-09,листовой объект,ДУ объект Кси,5333,84,66,8,2,0,0,0,0
2026-01-09,листовой объект,ДП объект Кси,5336,340,0,6,0,0,0,0,0
2026-01-09,листовой объект,объект Пси,5339,42,0,18,0,0,0,0,0
2026-01-09,листовой объект,объект Кси ПК202-ПК302,5343,2003,0,2,0,1001,1,0,0
2026-01-09,листовой объект,объект Дзета ДУ,5578,4364,4336,40,28,0,0,0,0
2026-01-09,листовой объект,объект Дзета ОС,5580,99,0,19,0,0,0,0,0
2026-01-09,листовой объект,объект Зита ДУ,5591,34,34,2,2,0,0,0,0
2026-01-09,листовой объект,объект Каппа ДУ,5657,10100,9944,78,21,6,6,0,0
2026-01-09,листовой объект,объект Мю ДП,5674,636,0,47,0,0,0,0,0
2026-01-09,листовой объект,объект Мю ДУ,5675,6614,6608,23,22,3,1,3,1
2026-01-09,листовой объект,объект Мю ОС,5676,104,0,36,0,0,0,0,0
2026-01-09,листовой объект,объект Мю ПС,5677,1358,0,679,0,0,0,0,0
2026-01-09,листовой объект,объект Мю шкафы,5678,6,0,3,0,0,0,0,0
2026-01-09,листовой объект,объект Гамма ОС,5961,162,0,44,0,0,0,0,0
2026-01-09,листовой объект,объект Гамма ПС,5962,2,0,1,0,1,1,0,0
2026-01-09,листовой объект,объект Гамма ДУ,5963,116,0,40,0,0,0,0,0
2026-01-10,коллектор,объект Альфа,5,94413,93534,71,52,0,0,0,0
2026-01-10,коллектор,объект Бета,6,10,0,8,0,0,0,0,0
2026-01-10,коллектор,объект Гамма,7,40,0,4,0,1,1,0,0
2026-01-10,коллектор,Комплекс объект Дельта,8,1015,1007,7,4,0,0,0,0
2026-01-10,коллектор,объект Вита,9,3636,0,14,0,0,0,0,0
2026-01-10,коллектор,объект Эпсилон,11,4743,4319,43,17,8,8,0,0
2026-01-10,коллектор,объект Зита,12,4440,4404,38,29,0,0,0,0
2026-01-10,коллектор,объект Каппа,15,10378,10224,44,21,0,0,0,0
2026-01-10,коллектор,объект Йота,3218,603,0,9,0,0,0,0,0
2026-01-10,коллектор,объект Тау,3355,3792,0,82,0,0,0,0,0
2026-01-10,коллектор,объект Омикрон,3359,4304,3557,19,5,5,4,0,0
2026-01-10,коллектор,объект Мю,3828,7769,6489,142,23,78,38,0,0
2026-01-10,коллектор,объект Сигма,4068,164,2,28,1,0,0,0,0
2026-01-10,коллектор,ПС объект Ро,4356,280,231,7,2,0,0,0,0
2026-01-10,коллектор,ПС объект Омега,4573,266,160,16,8,0,0,0,0
2026-01-10,коллектор,объект Кси,5327,1494,56,49,4,570,13,0,0
2026-01-10,листовой объект,объект Фита,20,10,0,8,0,0,0,0,0
2026-01-10,листовой объект,объект Вита,28,64,0,5,0,0,0,0,0
2026-01-10,листовой объект,объект Каппа ОС,42,148,0,22,0,0,0,0,0
2026-01-10,листовой объект,ДП объект Вита,99,3562,0,6,0,0,0,0,0
2026-01-10,листовой объект,ДП ПС объект Ро,108,48,0,4,0,0,0,0,0
2026-01-10,листовой объект,объект Йота,3215,5,0,5,0,0,0,0,0
2026-01-10,листовой объект,ДП объект Йота,3216,596,0,3,0,0,0,0,0
2026-01-10,листовой объект,Шкаф ОПС объект Йота,3250,2,0,1,0,0,0,0,0
2026-01-10,листовой объект,ПС объект Тау,3356,3760,0,66,0,0,0,0,0
2026-01-10,листовой объект,ДУ объект Омикрон,3360,3610,3557,13,5,5,4,0,0
2026-01-10,листовой объект,ДУ объект Тау,3388,32,0,16,0,0,0,0,0
2026-01-10,листовой объект,ДП объект Эпсилон,3902,1103,713,21,3,8,8,0,0
2026-01-10,листовой объект,объект Эпсилон ОС,3904,4,0,2,0,0,0,0,0
2026-01-10,листовой объект,объект Пси ОС,3905,28,0,5,0,0,0,0,0
2026-01-10,листовой объект,объект Сигма,4069,18,0,8,0,0,0,0,0
2026-01-10,листовой объект,ДП объект Сигма,4177,138,2,17,1,0,0,0,0
2026-01-10,листовой объект,ДУ ПС объект Ро,4369,231,231,2,2,0,0,0,0
2026-01-10,листовой объект,объект Ро,4370,1,0,1,0,0,0,0,0
2026-01-10,листовой объект,ДП объект Омикрон,4392,694,0,6,0,0,0,0,0
2026-01-10,листовой объект,ДУ объект Хи,4543,3608,3606,15,14,0,0,0,0
2026-01-10,листовой объект,ДУ объект Дельта,4610,1011,1007,5,4,0,0,0,0
2026-01-10,листовой объект,Шкаф ОПС объект Сигма,4768,8,0,3,0,0,0,0,0
2026-01-10,листовой объект,ДУ ПС объект Омега,5003,266,160,16,8,0,0,0,0
2026-01-10,листовой объект,ДУ объект Вита,5011,10,0,3,0,0,0,0,0
2026-01-10,листовой объект,объект Дельта,5113,4,0,2,0,0,0,0,0
2026-01-10,листовой объект,ДУ объект Альфа,5122,93845,93534,58,52,0,0,0,0
2026-01-10,листовой объект,ДП объект Альфа,5123,454,0,10,0,0,0,0,0
2026-01-10,листовой объект,ДП объект Альфа 2 этаж,5124,114,0,3,0,0,0,0,0
2026-01-10,листовой объект,объект Фита,5129,2,0,1,0,0,0,0,0
2026-01-10,листовой объект,объект Кси ПК0-ПК202,5332,24,0,7,0,0,0,0,0
2026-01-10,листовой объект,ДУ объект Кси,5333,181,56,23,4,29,12,0,0
2026-01-10,листовой объект,ДП объект Кси,5336,174,0,9,0,0,0,0,0
2026-01-10,листовой объект,"Шкаф ОПС, ДУ объект Кси",5338,9,0,2,0,0,0,0,0
2026-01-10,листовой объект,объект Кси ПК202-ПК302,5343,1106,0,8,0,541,1,0,0
2026-01-10,листовой объект,объект Дзета ДУ,5578,4386,4386,28,28,0,0,0,0
2026-01-10,листовой объект,объект Дзета ОС,5580,34,0,8,0,0,0,0,0
2026-01-10,листовой объект,объект Зита ДУ,5591,18,18,1,1,0,0,0,0
2026-01-10,листовой объект,объект Каппа ДУ,5657,10230,10224,22,21,0,0,0,0
2026-01-10,листовой объект,объект Мю ДП,5674,662,0,10,0,0,0,0,0
2026-01-10,листовой объект,объект Мю ДУ,5675,6934,6489,93,23,78,38,0,0
2026-01-10,листовой объект,объект Мю ОС,5676,156,0,35,0,0,0,0,0
2026-01-10,листовой объект,объект Мю ПС,5677,4,0,1,0,0,0,0,0
2026-01-10,листовой объект,объект Мю шкафы,5678,13,0,3,0,0,0,0,0
2026-01-10,листовой объект,объект Гамма ПС,5962,2,0,1,0,1,1,0,0
2026-01-10,листовой объект,объект Гамма ДУ,5963,38,0,3,0,0,0,0,0
2026-01-11,коллектор,объект Альфа,5,93054,92163,72,54,0,0,0,0
2026-01-11,коллектор,объект Бета,6,12,0,7,0,0,0,0,0
2026-01-11,коллектор,объект Гамма,7,145,52,31,26,28,2,0,0
2026-01-11,коллектор,Комплекс объект Дельта,8,575,469,19,3,24,12,0,0
2026-01-11,коллектор,объект Вита,9,920,0,13,0,0,0,0,0
2026-01-11,коллектор,объект Эпсилон,11,3750,3734,25,17,0,0,0,0
2026-01-11,коллектор,объект Зита,12,4507,4387,51,28,10,10,0,0
2026-01-11,коллектор,объект Каппа,15,10100,9835,80,21,19,19,0,0
2026-01-11,коллектор,объект Йота,3218,1206,0,6,0,0,0,0,0
2026-01-11,коллектор,объект Тау,3355,27,0,9,0,0,0,0,0
2026-01-11,коллектор,объект Омикрон,3359,5498,4179,22,6,5,4,0,0
2026-01-11,коллектор,объект Мю,3828,8354,5925,909,21,0,0,0,0
2026-01-11,коллектор,объект Сигма,4068,60,0,7,0,0,0,0,0
2026-01-11,коллектор,ПС объект Ро,4356,97,43,4,1,0,0,0,0
2026-01-11,коллектор,ПС объект Омега,4573,184,112,14,8,0,0,0,0
2026-01-11,листовой объект,объект Фита,20,10,0,6,0,0,0,0,0
2026-01-11,листовой объект,объект Вита,28,24,0,4,0,0,0,0,0
2026-01-11,листовой объект,объект Каппа ОС,42,152,0,25,0,0,0,0,0
2026-01-11,листовой объект,ДП объект Вита,99,884,0,6,0,0,0,0,0
2026-01-11,листовой объект,ДП ПС объект Ро,108,54,0,3,0,0,0,0,0
2026-01-11,листовой объект,объект Йота,3215,2,0,2,0,0,0,0,0
2026-01-11,листовой объект,ДП объект Йота,3216,1204,0,4,0,0,0,0,0
2026-01-11,листовой объект,ПС объект Тау,3356,15,0,6,0,0,0,0,0
2026-01-11,листовой объект,ДУ объект Омикрон,3360,4231,4179,14,6,5,4,0,0
2026-01-11,листовой объект,ДП объект Эпсилон,3902,536,536,4,4,0,0,0,0
2026-01-11,листовой объект,объект Эпсилон ОС,3904,5,0,3,0,0,0,0,0
2026-01-11,листовой объект,объект Пси ОС,3905,6,0,3,0,0,0,0,0
2026-01-11,листовой объект,объект Хи,4095,1,0,1,0,0,0,0,0
2026-01-11,листовой объект,ДП объект Сигма,4177,60,0,7,0,0,0,0,0
2026-01-11,листовой объект,ДУ ПС объект Ро,4369,43,43,1,1,0,0,0,0
2026-01-11,листовой объект,объект Омикрон,4391,1,0,1,0,0,0,0,0
2026-01-11,листовой объект,ДП объект Омикрон,4392,1266,0,7,0,0,0,0,0
2026-01-11,листовой объект,ДУ объект Хи,4543,3202,3198,14,13,0,0,0,0
2026-01-11,листовой объект,ДУ объект Дельта,4610,568,469,17,3,24,12,0,0
2026-01-11,листовой объект,Шкаф ОПС объект Бета,4765,2,0,1,0,0,0,0,0
2026-01-11,листовой объект,ДУ ПС объект Омега,5003,184,112,14,8,0,0,0,0
2026-01-11,листовой объект,Шкаф ОПС ПС объект Тау,5009,12,0,3,0,0,0,0,0
2026-01-11,листовой объект,ДУ объект Вита,5011,12,0,3,0,0,0,0,0
2026-01-11,листовой объект,объект Дельта,5113,1,0,1,0,0,0,0,0
2026-01-11,листовой объект,Шкаф ОПС объект Дельта,5114,6,0,1,0,0,0,0,0
2026-01-11,листовой объект,ДУ объект Альфа,5122,92422,92163,60,54,0,0,0,0
2026-01-11,листовой объект,ДП объект Альфа,5123,594,0,10,0,0,0,0,0
2026-01-11,листовой объект,ДП объект Альфа 2 этаж,5124,38,0,2,0,0,0,0,0
2026-01-11,листовой объект,ДП объект Зита,5132,50,0,3,0,0,0,0,0
2026-01-11,листовой объект,объект Каппа шкафы,5574,2,0,1,0,0,0,0,0
2026-01-11,листовой объект,объект Дзета ДУ,5578,4407,4369,37,27,10,10,0,0
2026-01-11,листовой объект,объект Дзета ОС,5580,28,0,9,0,0,0,0,0
2026-01-11,листовой объект,объект Зита ДУ,5591,22,18,2,1,0,0,0,0
2026-01-11,листовой объект,объект Каппа ДУ,5657,9946,9835,54,21,19,19,0,0
2026-01-11,листовой объект,объект Мю ДП,5674,710,0,47,0,0,0,0,0
2026-01-11,листовой объект,объект Мю ДУ,5675,5931,5925,22,21,0,0,0,0
2026-01-11,листовой объект,объект Мю ОС,5676,98,0,32,0,0,0,0,0
2026-01-11,листовой объект,объект Мю ПС,5677,1614,0,807,0,0,0,0,0
2026-01-11,листовой объект,объект Мю шкафы,5678,1,0,1,0,0,0,0,0
2026-01-11,листовой объект,объект Гамма ПС,5962,55,0,2,0,28,2,0,0
2026-01-11,листовой объект,объект Гамма ДУ,5963,90,52,29,26,0,0,0,0
2026-01-12,коллектор,объект Альфа,5,94257,91729,126,51,0,0,0,0
2026-01-12,коллектор,объект Бета,6,465,0,80,0,0,0,0,0
2026-01-12,коллектор,объект Гамма,7,404,0,68,0,52,3,0,0
2026-01-12,коллектор,Комплекс объект Дельта,8,753,620,29,4,14,7,0,0
2026-01-12,коллектор,объект Вита,9,2553,0,91,0,0,0,0,0
2026-01-12,коллектор,объект Эпсилон,11,7226,3696,143,17,0,0,0,0
2026-01-12,коллектор,объект Зита,12,6573,5669,82,30,0,0,0,0
2026-01-12,коллектор,объект Каппа,15,10468,9708,303,29,0,0,0,0
2026-01-12,коллектор,объект Йота,3218,3836,0,58,0,1,1,0,0
2026-01-12,коллектор,объект Тау,3355,37,0,12,0,0,0,0,0
2026-01-12,коллектор,объект Омикрон,3359,5520,4000,46,8,7,4,0,0
2026-01-12,коллектор,объект Мю,3828,7400,6574,57,22,0,0,0,0
2026-01-12,коллектор,объект Сигма,4068,835,1,28,1,0,0,0,0
2026-01-12,коллектор,ПС объект Ро,4356,202,136,7,2,0,0,0,0
2026-01-12,коллектор,ПС объект Омега,4573,599,160,47,8,39,23,0,0
2026-01-12,коллектор,объект Кси,5327,8,0,4,0,0,0,0,0
2026-01-12,листовой объект,объект Фита,20,87,0,28,0,0,0,0,0
2026-01-12,листовой объект,объект Вита,28,98,0,28,0,0,0,0,0
2026-01-12,листовой объект,объект Каппа ОС,42,482,0,156,0,0,0,0,0
2026-01-12,листовой объект,ДП объект Вита,99,2355,0,18,0,0,0,0,0
2026-01-12,листовой объект,ДП ПС объект Ро,108,64,0,3,0,0,0,0,0
2026-01-12,листовой объект,ДП объект Бета,111,332,0,43,0,0,0,0,0
2026-01-12,листовой объект,объект Бета,165,44,0,8,0,0,0,0,0
2026-01-12,листовой объект,объект Йота,3215,1173,0,38,0,0,0,0,0
2026-01-12,листовой объект,ДП объект Йота,3216,2634,0,6,0,0,0,0,0
2026-01-12,листовой объект,Шкаф ОПС объект Йота,3250,3,0,1,0,1,1,0,0
2026-01-12,листовой объект,ПС объект Тау,3356,33,0,10,0,0,0,0,0
2026-01-12,листовой объект,ДУ объект Омикрон,3360,4100,4000,30,8,7,4,0,0
2026-01-12,листовой объект,ДУ объект Тау,3388,4,0,2,0,0,0,0,0
2026-01-12,листовой объект,ДП объект Эпсилон,3902,3803,389,91,3,0,0,0,0
2026-01-12,листовой объект,объект Эпсилон ОС,3904,23,0,10,0,0,0,0,0
2026-01-12,листовой объект,объект Пси ОС,3905,79,0,22,0,0,0,0,0
2026-01-12,листовой объект,объект Сигма,4069,29,0,8,0,0,0,0,0
2026-01-12,листовой объект,объект Хи,4095,4,0,1,0,0,0,0,0
2026-01-12,листовой объект,ДП объект Сигма,4177,802,1,18,1,0,0,0,0
2026-01-12,листовой объект,ДУ ПС объект Ро,4369,136,136,2,2,0,0,0,0
2026-01-12,листовой объект,объект Ро,4370,2,0,2,0,0,0,0,0
2026-01-12,листовой объект,объект Омикрон,4391,90,0,7,0,0,0,0,0
2026-01-12,листовой объект,ДП объект Омикрон,4392,1328,0,8,0,0,0,0,0
2026-01-12,листовой объект,ДУ объект Хи,4543,3317,3307,19,14,0,0,0,0
2026-01-12,листовой объект,ДП ПС объект Омега,4574,182,0,8,0,0,0,0,0
2026-01-12,листовой объект,Шкаф ОПС ПС объект Омега,4577,2,0,1,0,0,0,0,0
2026-01-12,листовой объект,ДУ объект Дельта,4610,696,620,24,4,14,7,0,0
2026-01-12,листовой объект,Шкаф ОПС объект Омикрон,4763,2,0,1,0,0,0,0,0
2026-01-12,листовой объект,Шкаф ОПС объект Бета,4765,2,0,1,0,0,0,0,0
2026-01-12,листовой объект,Шкаф ОПС объект Сигма,4768,4,0,2,0,0,0,0,0
2026-01-12,листовой объект,ДУ ПС объект Омега,5003,415,160,38,8,39,23,0,0
2026-01-12,листовой объект,ДУ объект Вита,5011,100,0,45,0,0,0,0,0
2026-01-12,листовой объект,объект Дельта,5113,57,0,5,0,0,0,0,0
2026-01-12,листовой объект,ДУ объект Альфа,5122,92077,91729,85,51,0,0,0,0
2026-01-12,листовой объект,ДП объект Альфа,5123,1815,0,17,0,0,0,0,0
2026-01-12,листовой объект,ДП объект Альфа 2 этаж,5124,327,0,9,0,0,0,0,0
2026-01-12,листовой объект,объект Фита,5129,4,0,1,0,0,0,0,0
2026-01-12,листовой объект,ДП объект Зита,5132,136,0,4,0,0,0,0,0
2026-01-12,листовой объект,объект Йота ДУ,5218,26,0,13,0,0,0,0,0
2026-01-12,листовой объект,объект Кси ПК0-ПК202,5332,5,0,3,0,0,0,0,0
2026-01-12,листовой объект,объект Пси,5339,38,0,15,0,0,0,0,0
2026-01-12,листовой объект,объект Кси ПК202-ПК302,5343,3,0,1,0,0,0,0,0
2026-01-12,листовой объект,объект Каппа шкафы,5574,13,0,6,0,0,0,0,0
2026-01-12,листовой объект,объект Дзета ДУ,5578,5707,5663,39,29,0,0,0,0
2026-01-12,листовой объект,объект Дзета шкафы,5579,1,0,1,0,0,0,0,0
2026-01-12,листовой объект,объект Дзета ОС,5580,679,0,22,0,0,0,0,0
2026-01-12,листовой объект,объект Дзета ПС,5581,6,0,1,0,0,0,0,0
2026-01-12,листовой объект,объект Зита ОС,5582,16,0,5,0,0,0,0,0
2026-01-12,листовой объект,объект Зита ПС,5583,4,0,2,0,0,0,0,0
2026-01-12,листовой объект,объект Зита ДУ,5591,12,6,4,1,0,0,0,0
2026-01-12,листовой объект,объект Зита шкафы,5593,4,0,2,0,0,0,0,0
2026-01-12,листовой объект,объект Дзета щит. ПК48 Г1 ПК5,5594,4,0,1,0,0,0,0,0
2026-01-12,листовой объект,объект Каппа ДУ,5657,9973,9708,141,29,0,0,0,0
2026-01-12,листовой объект,объект Мю ДП,5674,742,0,11,0,0,0,0,0
2026-01-12,листовой объект,объект Мю ДУ,5675,6582,6574,23,22,0,0,0,0
2026-01-12,листовой объект,объект Мю ОС,5676,76,0,23,0,0,0,0,0
2026-01-12,листовой объект,объект Гамма ОС,5961,189,0,43,0,0,0,0,0
2026-01-12,листовой объект,объект Гамма ПС,5962,105,0,3,0,52,3,0,0
2026-01-12,листовой объект,объект Гамма ДУ,5963,110,0,22,0,0,0,0,0
2026-01-13,коллектор,объект Альфа,5,92609,90136,101,52,0,0,0,0
2026-01-13,коллектор,объект Бета,6,137,0,10,0,0,0,0,0
2026-01-13,коллектор,объект Гамма,7,182,0,25,0,46,2,0,0
2026-01-13,коллектор,Комплекс объект Дельта,8,3368,616,68,4,1,1,0,0
2026-01-13,коллектор,объект Вита,9,2243,0,14,0,0,0,0,0
2026-01-13,коллектор,объект Эпсилон,11,8127,4444,51,17,0,0,0,0
2026-01-13,коллектор,объект Зита,12,6045,5992,42,29,0,0,0,0
2026-01-13,коллектор,объект Каппа,15,9993,9839,69,20,0,0,0,0
2026-01-13,коллектор,объект Йота,3218,3187,0,44,0,0,0,0,0
2026-01-13,коллектор,объект Тау,3355,144,0,18,0,0,0,0,0
2026-01-13,коллектор,объект Омикрон,3359,4971,3934,29,6,0,0,0,0
2026-01-13,коллектор,объект Мю,3828,9735,6704,973,21,35,35,1,1
2026-01-13,коллектор,объект Сигма,4068,1244,0,28,0,0,0,0,0
2026-01-13,коллектор,ПС объект Ро,4356,510,282,83,2,0,0,0,0
2026-01-13,коллектор,ПС объект Омега,4573,1114,208,140,8,42,4,0,0
2026-01-13,коллектор,объект Кси,5327,1572,10,89,4,571,1,0,0
2026-01-13,листовой объект,объект Фита,20,7,0,4,0,0,0,0,0
2026-01-13,листовой объект,объект Вита,28,8,0,4,0,0,0,0,0
2026-01-13,листовой объект,объект Каппа ОС,42,96,0,22,0,0,0,0,0
2026-01-13,листовой объект,ДП объект Вита,99,2225,0,7,0,0,0,0,0
2026-01-13,листовой объект,ДП ПС объект Ро,108,56,0,5,0,0,0,0,0
2026-01-13,листовой объект,ДП объект Бета,111,126,0,5,0,0,0,0,0
2026-01-13,листовой объект,объект Бета,165,4,0,1,0,0,0,0,0
2026-01-13,листовой объект,объект Йота,3215,897,0,29,0,0,0,0,0
2026-01-13,листовой объект,ДП объект Йота,3216,2270,0,5,0,0,0,0,0
2026-01-13,листовой объект,ПС объект Тау,3356,143,0,17,0,0,0,0,0
2026-01-13,листовой объект,ДУ объект Омикрон,3360,3978,3934,20,6,0,0,0,0
2026-01-13,листовой объект,ДУ объект Тау,3388,1,0,1,0,0,0,0,0
2026-01-13,листовой объект,ДП объект Эпсилон,3902,3847,169,34,3,0,0,0,0
2026-01-13,листовой объект,объект Эпсилон ОС,3904,1,0,1,0,0,0,0,0
2026-01-13,листовой объект,объект Пси ОС,3905,2,0,1,0,0,0,0,0
2026-01-13,листовой объект,объект Сигма,4069,174,0,11,0,0,0,0,0
2026-01-13,листовой объект,ДП объект Сигма,4177,1062,0,16,0,0,0,0,0
2026-01-13,листовой объект,ДУ ПС объект Ро,4369,382,282,52,2,0,0,0,0
2026-01-13,листовой объект,объект Ро,4370,72,0,26,0,0,0,0,0
2026-01-13,листовой объект,объект Омикрон,4391,7,0,3,0,0,0,0,0
2026-01-13,листовой объект,ДП объект Омикрон,4392,986,0,6,0,0,0,0,0
2026-01-13,листовой объект,ДУ объект Хи,4543,4277,4275,15,14,0,0,0,0
2026-01-13,листовой объект,ДП ПС объект Омега,4574,308,0,6,0,0,0,0,0
2026-01-13,листовой объект,ДУ объект Дельта,4610,724,616,48,4,1,1,0,0
2026-01-13,листовой объект,ПС объект Омега,4648,198,0,51,0,18,1,0,0
2026-01-13,листовой объект,Шкаф ОПС объект Сигма,4768,8,0,1,0,0,0,0,0
2026-01-13,листовой объект,ДУ ПС объект Омега,5003,608,208,83,8,24,3,0,0
2026-01-13,листовой объект,ДУ объект Вита,5011,10,0,3,0,0,0,0,0
2026-01-13,листовой объект,объект Дельта,5113,2644,0,20,0,0,0,0,0
2026-01-13,листовой объект,ДУ объект Альфа,5122,90452,90136,73,52,0,0,0,0
2026-01-13,листовой объект,ДП объект Альфа,5123,1635,0,15,0,0,0,0,0
2026-01-13,листовой объект,ДП объект Альфа 2 этаж,5124,513,0,9,0,0,0,0,0
2026-01-13,листовой объект,объект Фита,5129,1,0,1,0,0,0,0,0
2026-01-13,листовой объект,ДП объект Зита,5132,24,0,2,0,0,0,0,0
2026-01-13,листовой объект,объект Йота ДУ,5218,20,0,10,0,0,0,0,0
2026-01-13,листовой объект,объект Кси ПК0-ПК202,5332,54,0,18,0,0,0,0,0
2026-01-13,листовой объект,ДУ объект Кси,5333,108,10,48,4,0,0,0,0
2026-01-13,листовой объект,ДП объект Кси,5336,232,0,13,0,0,0,0,0
2026-01-13,листовой объект,объект Пси,5339,7,0,3,0,0,0,0,0
2026-01-13,листовой объект,объект Пси шкаф ОПС,5340,2,0,1,0,0,0,0,0
2026-01-13,листовой объект,объект Кси ПК202-ПК302,5343,1178,0,10,0,571,1,0,0
2026-01-13,листовой объект,объект Дзета ДУ,5578,5976,5976,28,28,0,0,0,0
2026-01-13,листовой объект,объект Дзета ОС,5580,28,0,10,0,0,0,0,0
2026-01-13,листовой объект,объект Зита ДУ,5591,16,16,1,1,0,0,0,0
2026-01-13,листовой объект,объект Каппа ДУ,5657,9897,9839,47,20,0,0,0,0
2026-01-13,листовой объект,объект Мю ДП,5674,1114,0,51,0,0,0,0,0
2026-01-13,листовой объект,объект Мю ДУ,5675,6895,6704,79,21,35,35,1,1
2026-01-13,листовой объект,объект Мю ОС,5676,103,0,32,0,0,0,0,0
2026-01-13,листовой объект,объект Мю ПС,5677,1621,0,810,0,0,0,0,0
2026-01-13,листовой объект,объект Мю шкафы,5678,2,0,1,0,0,0,0,0
2026-01-13,листовой объект,объект Гамма ОС,5961,10,0,2,0,0,0,0,0
2026-01-13,листовой объект,объект Гамма ПС,5962,92,0,2,0,46,2,0,0
2026-01-13,листовой объект,объект Гамма ДУ,5963,80,0,21,0,0,0,0,0
2026-01-14,коллектор,объект Альфа,5,94503,92175,87,52,0,0,0,0
2026-01-14,коллектор,объект Бета,6,123,0,8,0,0,0,0,0
2026-01-14,коллектор,объект Гамма,7,2260,53,1002,26,33,3,0,0
2026-01-14,коллектор,Комплекс объект Дельта,8,4953,773,511,5,10,5,0,0
2026-01-14,коллектор,объект Вита,9,2621,0,38,0,0,0,0,0
2026-01-14,коллектор,объект Эпсилон,11,8103,4387,88,17,0,0,0,0
2026-01-14,коллектор,объект Зита,12,4726,4647,57,30,0,0,0,0
2026-01-14,коллектор,объект Каппа,15,9621,9257,118,20,0,0,0,0
2026-01-14,коллектор,объект Йота,3218,4620,0,56,0,0,0,0,0
2026-01-14,коллектор,объект Тау,3355,79,0,40,0,0,0,0,0
2026-01-14,коллектор,объект Омикрон,3359,4523,3420,18,7,0,0,0,0
2026-01-14,коллектор,объект Мю,3828,7132,5724,103,22,34,18,1,1
2026-01-14,коллектор,объект Сигма,4068,86,0,6,0,0,0,0,0
2026-01-14,коллектор,ПС объект Ро,4356,126,62,12,1,0,0,0,0
2026-01-14,коллектор,ПС объект Омега,4573,250,128,24,8,0,0,0,0
2026-01-14,коллектор,объект Кси,5327,2401,19,44,4,989,27,0,0
2026-01-14,листовой объект,объект Фита,20,5,0,2,0,0,0,0,0
2026-01-14,листовой объект,объект Вита,28,59,0,12,0,0,0,0,0
2026-01-14,листовой объект,объект Каппа ОС,42,258,0,51,0,0,0,0,0
2026-01-14,листовой объект,ДП объект Вита,99,2536,0,15,0,0,0,0,0
2026-01-14,листовой объект,ДП ПС объект Ро,108,52,0,5,0,0,0,0,0
2026-01-14,листовой объект,ДП объект Бета,111,114,0,5,0,0,0,0,0
2026-01-14,листовой объект,объект Бета,165,4,0,1,0,0,0,0,0
2026-01-14,листовой объект,объект Йота,3215,998,0,37,0,0,0,0,0
2026-01-14,листовой объект,ДП объект Йота,3216,3594,0,5,0,0,0,0,0
2026-01-14,листовой объект,Шкаф ОПС объект Йота,3250,2,0,1,0,0,0,0,0
2026-01-14,листовой объект,ПС объект Тау,3356,50,0,29,0,0,0,0,0
2026-01-14,листовой объект,ДУ объект Омикрон,3360,3444,3420,10,7,0,0,0,0
2026-01-14,листовой объект,ДУ объект Тау,3388,17,0,9,0,0,0,0,0
2026-01-14,листовой объект,ДП объект Эпсилон,3902,3761,59,68,3,0,0,0,0
2026-01-14,листовой объект,объект Эпсилон ОС,3904,5,0,2,0,0,0,0,0
2026-01-14,листовой объект,объект Пси ОС,3905,7,0,3,0,0,0,0,0
2026-01-14,листовой объект,ДП объект Сигма,4177,86,0,6,0,0,0,0,0
2026-01-14,листовой объект,ДУ ПС объект Ро,4369,74,62,7,1,0,0,0,0
2026-01-14,листовой объект,объект Омикрон,4391,11,0,1,0,0,0,0,0
2026-01-14,листовой объект,ДП объект Омикрон,4392,1068,0,7,0,0,0,0,0
2026-01-14,листовой объект,ДУ объект Хи,4543,4330,4328,15,14,0,0,0,0
2026-01-14,листовой объект,ДП ПС объект Омега,4574,38,0,8,0,0,0,0,0
2026-01-14,листовой объект,Шкаф ОПС ПС объект Омега,4577,2,0,2,0,0,0,0,0
2026-01-14,листовой объект,ДУ объект Дельта,4610,1405,773,129,5,10,5,0,0
2026-01-14,листовой объект,ПС объект Омега,4648,2,0,1,0,0,0,0,0
2026-01-14,листовой объект,ДУ ПС объект Омега,5003,208,128,13,8,0,0,0,0
2026-01-14,листовой объект,Шкаф ОПС ПС объект Тау,5009,12,0,2,0,0,0,0,0
2026-01-14,листовой объект,ДУ объект Вита,5011,26,0,11,0,0,0,0,0
2026-01-14,листовой объект,объект Дельта,5113,3513,0,373,0,0,0,0,0
2026-01-14,листовой объект,Шкаф ОПС объект Дельта,5114,35,0,9,0,0,0,0,0
2026-01-14,листовой объект,ДУ объект Альфа,5122,92509,92175,64,52,0,0,0,0
2026-01-14,листовой объект,ДП объект Альфа,5123,1556,0,16,0,0,0,0,0
2026-01-14,листовой объект,ДП объект Альфа 2 этаж,5124,438,0,7,0,0,0,0,0
2026-01-14,листовой объект,объект Фита,5129,1,0,1,0,0,0,0,0
2026-01-14,листовой объект,ДП объект Зита,5132,6,0,2,0,0,0,0,0
2026-01-14,листовой объект,объект Йота ДУ,5218,26,0,13,0,0,0,0,0
2026-01-14,листовой объект,объект Кси ПК0-ПК202,5332,2,0,2,0,0,0,0,0
2026-01-14,листовой объект,ДУ объект Кси,5333,221,19,34,4,50,26,0,0
2026-01-14,листовой объект,ДП объект Кси,5336,300,0,7,0,0,0,0,0
2026-01-14,листовой объект,объект Кси ПК202-ПК302,5343,1878,0,1,0,939,1,0,0
2026-01-14,листовой объект,объект Дзета ДУ,5578,4627,4627,28,28,0,0,0,0
2026-01-14,листовой объект,объект Дзета ОС,5580,24,0,8,0,0,0,0,0
2026-01-14,листовой объект,объект Зита ОС,5582,12,0,5,0,0,0,0,0
2026-01-14,листовой объект,объект Зита ПС,5583,4,0,2,0,0,0,0,0
2026-01-14,листовой объект,объект Зита ДУ,5591,26,20,5,2,0,0,0,0
2026-01-14,листовой объект,объект Зита шкафы,5593,4,0,2,0,0,0,0,0
2026-01-14,листовой объект,объект Дзета щит. ПК48 Г1 ПК5,5594,22,0,4,0,0,0,0,0
2026-01-14,листовой объект,объект Каппа ДУ,5657,9363,9257,67,20,0,0,0,0
2026-01-14,листовой объект,объект Мю ДП,5674,1062,0,15,0,0,0,0,0
2026-01-14,листовой объект,объект Мю ДУ,5675,5914,5724,54,22,33,17,1,1
2026-01-14,листовой объект,объект Мю ОС,5676,144,0,31,0,0,0,0,0
2026-01-14,листовой объект,объект Мю ПС,5677,2,0,1,0,1,1,0,0
2026-01-14,листовой объект,объект Мю шкафы,5678,10,0,2,0,0,0,0,0
2026-01-14,листовой объект,объект Гамма ОС,5961,199,0,61,0,0,0,0,0
2026-01-14,листовой объект,объект Гамма ПС,5962,1428,0,680,0,32,2,0,0
2026-01-14,листовой объект,объект Гамма ДУ,5963,611,53,250,26,1,1,0,0
2026-01-14,листовой объект,объект Гамма шкафы,5966,22,0,11,0,0,0,0,0
2026-01-15,коллектор,объект Альфа,5,93095,91264,106,52,8,2,0,0
2026-01-15,коллектор,объект Бета,6,111,0,7,0,0,0,0,0
2026-01-15,коллектор,объект Гамма,7,261,0,69,0,0,0,0,0
2026-01-15,коллектор,Комплекс объект Дельта,8,2870,958,105,3,36,20,0,0
2026-01-15,коллектор,объект Вита,9,1706,0,37,0,0,0,0,0
2026-01-15,коллектор,объект Эпсилон,11,11225,4080,79,15,0,0,0,0
2026-01-15,коллектор,объект Зита,12,6022,5615,115,28,0,0,0,0
2026-01-15,коллектор,объект Каппа,15,9650,9506,70,21,0,0,0,0
2026-01-15,коллектор,объект Йота,3218,3525,0,146,0,0,0,0,0
2026-01-15,коллектор,объект Тау,3355,2076,0,54,0,0,0,0,0
2026-01-15,коллектор,объект Омикрон,3359,6166,4565,76,8,0,0,0,0
2026-01-15,коллектор,объект Мю,3828,8736,5628,1103,23,2,2,0,0
2026-01-15,коллектор,объект Сигма,4068,110,0,6,0,0,0,0,0
2026-01-15,коллектор,ПС объект Ро,4356,1650,136,253,1,13,9,0,0
2026-01-15,коллектор,ПС объект Омега,4573,402,176,24,8,0,0,0,0
2026-01-15,коллектор,объект Кси,5327,2485,19,68,3,907,13,0,0
2026-01-15,листовой объект,объект Фита,20,3,0,2,0,0,0,0,0
2026-01-15,листовой объект,объект Вита,28,18,0,7,0,0,0,0,0
2026-01-15,листовой объект,объект Каппа ОС,42,79,0,19,0,0,0,0,0
2026-01-15,листовой объект,ДП объект Вита,99,1632,0,6,0,0,0,0,0
2026-01-15,листовой объект,ДП ПС объект Ро,108,76,0,9,0,0,0,0,0
2026-01-15,листовой объект,ДП объект Бета,111,108,0,5,0,0,0,0,0
2026-01-15,листовой объект,объект Йота,3215,1511,0,115,0,0,0,0,0
2026-01-15,листовой объект,ДП объект Йота,3216,1974,0,16,0,0,0,0,0
2026-01-15,листовой объект,Шкаф ОПС объект Йота,3250,12,0,5,0,0,0,0,0
2026-01-15,листовой объект,ПС объект Тау,3356,1992,0,28,0,0,0,0,0
2026-01-15,листовой объект,ДУ объект Омикрон,3360,4641,4565,37,8,0,0,0,0
2026-01-15,листовой объект,ДУ объект Тау,3388,58,0,23,0,0,0,0,0
2026-01-15,листовой объект,ДП объект Эпсилон,3902,5082,226,32,1,0,0,0,0
2026-01-15,листовой объект,объект Эпсилон ОС,3904,3,0,2,0,0,0,0,0
2026-01-15,листовой объект,объект Пси ОС,3905,4,0,2,0,0,0,0,0
2026-01-15,листовой объект,объект Хи,4095,2260,0,19,0,0,0,0,0
2026-01-15,листовой объект,ДП объект Сигма,4177,110,0,6,0,0,0,0,0
2026-01-15,листовой объект,ДУ ПС объект Ро,4369,214,136,40,1,0,0,0,0
2026-01-15,листовой объект,объект Ро,4370,1316,0,195,0,13,9,0,0
2026-01-15,листовой объект,объект Омикрон,4391,83,0,33,0,0,0,0,0
2026-01-15,листовой объект,ДП объект Омикрон,4392,1442,0,6,0,0,0,0,0
2026-01-15,листовой объект,ДУ объект Хи,4543,3876,3854,24,14,0,0,0,0
2026-01-15,листовой объект,Шкаф ОПС ПС объект Ро,4569,44,0,9,0,0,0,0,0
2026-01-15,листовой объект,ДП ПС объект Омега,4574,40,0,6,0,0,0,0,0
2026-01-15,листовой объект,ДУ объект Дельта,4610,1225,958,65,3,36,20,0,0
2026-01-15,листовой объект,ПС объект Омега,4648,76,0,5,0,0,0,0,0
2026-01-15,листовой объект,ДУ ПС объект Омега,5003,286,176,13,8,0,0,0,0
2026-01-15,листовой объект,Шкаф ОПС ПС объект Тау,5009,26,0,3,0,0,0,0,0
2026-01-15,листовой объект,ДУ объект Вита,5011,56,0,24,0,0,0,0,0
2026-01-15,листовой объект,объект Дельта,5113,1645,0,40,0,0,0,0,0
2026-01-15,листовой объект,ДУ объект Альфа,5122,91629,91264,75,52,0,0,0,0
2026-01-15,листовой объект,ДП объект Альфа,5123,844,0,12,0,0,0,0,0
2026-01-15,листовой объект,ДП объект Альфа 2 этаж,5124,416,0,9,0,0,0,0,0
2026-01-15,листовой объект,объект Фита,5129,31,0,10,0,0,0,0,0
2026-01-15,листовой объект,ДП объект Зита,5132,82,0,15,0,0,0,0,0
2026-01-15,листовой объект,объект Йота ДУ,5218,28,0,10,0,0,0,0,0
2026-01-15,листовой объект,объект Кси ПК0-ПК202,5332,14,0,3,0,0,0,0,0
2026-01-15,листовой объект,ДУ объект Кси,5333,297,19,47,3,48,12,0,0
2026-01-15,листовой объект,ДП объект Кси,5336,386,0,8,0,0,0,0,0
2026-01-15,листовой объект,объект Пси,5339,206,0,10,0,8,2,0,0
2026-01-15,листовой объект,объект Кси ПК202-ПК302,5343,1788,0,10,0,859,1,0,0
2026-01-15,листовой объект,объект Дзета ДУ,5578,5623,5583,46,26,0,0,0,0
2026-01-15,листовой объект,объект Дзета ОС,5580,116,0,28,0,0,0,0,0
2026-01-15,листовой объект,объект Зита ОС,5582,68,0,7,0,0,0,0,0
2026-01-15,листовой объект,объект Зита ПС,5583,20,0,2,0,0,0,0,0
2026-01-15,листовой объект,объект Зита ДУ,5591,62,32,5,2,0,0,0,0
2026-01-15,листовой объект,объект Зита шкафы,5593,20,0,2,0,0,0,0,0
2026-01-15,листовой объект,объект Каппа ДУ,5657,9571,9506,51,21,0,0,0,0
2026-01-15,листовой объект,объект Мю ДП,5674,936,0,53,0,0,0,0,0
2026-01-15,листовой объект,объект Мю ДУ,5675,5705,5628,58,23,1,1,0,0
2026-01-15,листовой объект,объект Мю ОС,5676,291,0,91,0,0,0,0,0
2026-01-15,листовой объект,объект Мю ПС,5677,1798,0,898,0,1,1,0,0
2026-01-15,листовой объект,объект Мю шкафы,5678,6,0,3,0,0,0,0,0
2026-01-15,листовой объект,объект Гамма ОС,5961,141,0,29,0,0,0,0,0
2026-01-15,листовой объект,объект Гамма ДУ,5963,120,0,40,0,0,0,0,0
2026-01-16,коллектор,объект Альфа,5,91093,89136,117,52,5,5,0,0
2026-01-16,коллектор,объект Бета,6,287,0,34,0,0,0,0,0
2026-01-16,коллектор,объект Гамма,7,664,53,141,26,0,0,0,0
2026-01-16,коллектор,Комплекс объект Дельта,8,5681,1304,501,3,49,29,0,0
2026-01-16,коллектор,объект Вита,9,3732,0,15,0,0,0,0,0
2026-01-16,коллектор,объект Эпсилон,11,8063,4073,67,16,0,0,0,0
2026-01-16,коллектор,объект Зита,12,6176,5858,163,26,0,0,0,0
2026-01-16,коллектор,объект Каппа,15,10150,9910,73,21,0,0,0,0
2026-01-16,коллектор,объект Йота,3218,3717,0,36,0,0,0,0,0
2026-01-16,коллектор,объект Тау,3355,431,0,119,0,0,0,0,0
2026-01-16,коллектор,объект Омикрон,3359,4299,3110,22,10,0,0,0,0
2026-01-16,коллектор,объект Мю,3828,7752,6366,61,24,2,1,0,0
2026-01-16,коллектор,объект Сигма,4068,45,0,5,0,0,0,0,0
2026-01-16,коллектор,ПС объект Ро,4356,883,824,6,2,0,0,0,0
2026-01-16,коллектор,ПС объект Омега,4573,236,144,14,8,0,0,0,0
2026-01-16,коллектор,объект Кси,5327,2240,23,17,3,958,1,0,0
2026-01-16,листовой объект,объект Фита,20,5,0,4,0,0,0,0,0
2026-01-16,листовой объект,объект Вита,28,7,0,3,0,0,0,0,0
2026-01-16,листовой объект,объект Каппа ОС,42,190,0,28,0,0,0,0,0
2026-01-16,листовой объект,ДП объект Вита,99,3715,0,9,0,0,0,0,0
2026-01-16,листовой объект,ДП ПС объект Ро,108,58,0,3,0,0,0,0,0
2026-01-16,листовой объект,ДП объект Бета,111,282,0,30,0,0,0,0,0
2026-01-16,листовой объект,объект Йота,3215,1571,0,21,0,0,0,0,0
2026-01-16,листовой объект,ДП объект Йота,3216,2126,0,5,0,0,0,0,0
2026-01-16,листовой объект,ПС объект Тау,3356,297,0,52,0,0,0,0,0
2026-01-16,листовой объект,ДУ объект Омикрон,3360,3132,3110,13,10,0,0,0,0
2026-01-16,листовой объект,ДУ объект Тау,3388,134,0,67,0,0,0,0,0
2026-01-16,листовой объект,ДП объект Эпсилон,3902,3773,333,32,3,0,0,0,0
2026-01-16,листовой объект,объект Эпсилон ОС,3904,2,0,2,0,0,0,0,0
2026-01-16,листовой объект,объект Пси ОС,3905,6,0,4,0,0,0,0,0
2026-01-16,листовой объект,объект Сигма,4069,1,0,1,0,0,0,0,0
2026-01-16,листовой объект,объект Хи,4095,534,0,9,0,0,0,0,0
2026-01-16,листовой объект,ДП объект Сигма,4177,44,0,4,0,0,0,0,0
2026-01-16,листовой объект,ДУ ПС объект Ро,4369,824,824,2,2,0,0,0,0
2026-01-16,листовой объект,объект Ро,4370,1,0,1,0,0,0,0,0
2026-01-16,листовой объект,объект Омикрон,4391,7,0,3,0,0,0,0,0
2026-01-16,листовой объект,ДП объект Омикрон,4392,1160,0,6,0,0,0,0,0
2026-01-16,листовой объект,ДУ объект Хи,4543,3748,3740,20,13,0,0,0,0
2026-01-16,листовой объект,ДУ объект Дельта,4610,1556,1304,77,3,19,16,0,0
2026-01-16,листовой объект,Шкаф ОПС объект Зита,4770,8,0,3,0,0,0,0,0
2026-01-16,листовой объект,ДУ ПС объект Омега,5003,236,144,14,8,0,0,0,0
2026-01-16,листовой объект,ДУ объект Вита,5011,10,0,3,0,0,0,0,0
2026-01-16,листовой объект,объект Дельта,5113,4088,0,414,0,29,12,0,0
2026-01-16,листовой объект,Шкаф ОПС объект Дельта,5114,37,0,10,0,1,1,0,0
2026-01-16,листовой объект,ДУ объект Альфа,5122,89518,89136,87,52,5,5,0,0
2026-01-16,листовой объект,ДП объект Альфа,5123,1046,0,14,0,0,0,0,0
2026-01-16,листовой объект,ДП объект Альфа 2 этаж,5124,508,0,9,0,0,0,0,0
2026-01-16,листовой объект,объект Фита,5129,164,0,81,0,0,0,0,0
2026-01-16,листовой объект,ДП объект Зита,5132,134,0,45,0,0,0,0,0
2026-01-16,листовой объект,объект Йота ДУ,5218,20,0,10,0,0,0,0,0
2026-01-16,листовой объект,объект Кси ПК0-ПК202,5332,2,0,2,0,0,0,0,0
2026-01-16,листовой объект,ДУ объект Кси,5333,35,23,5,3,0,0,0,0
2026-01-16,листовой объект,ДП объект Кси,5336,284,0,9,0,0,0,0,0
2026-01-16,листовой объект,объект Пси,5339,19,0,6,0,0,0,0,0
2026-01-16,листовой объект,объект Пси шкаф ОПС,5340,2,0,1,0,0,0,0,0
2026-01-16,листовой объект,объект Кси ПК202-ПК302,5343,1919,0,1,0,958,1,0,0
2026-01-16,листовой объект,объект Дзета ДУ,5578,5832,5832,25,25,0,0,0,0
2026-01-16,листовой объект,объект Дзета ОС,5580,12,0,8,0,0,0,0,0
2026-01-16,листовой объект,объект Зита ДУ,5591,26,26,1,1,0,0,0,0
2026-01-16,листовой объект,объект Каппа ДУ,5657,9960,9910,45,21,0,0,0,0
2026-01-16,листовой объект,объект Мю ДП,5674,1154,0,13,0,0,0,0,0
2026-01-16,листовой объект,объект Мю ДУ,5675,6380,6366,25,24,2,1,0,0
2026-01-16,листовой объект,объект Мю ОС,5676,216,0,22,0,0,0,0,0
2026-01-16,листовой объект,объект Мю шкафы,5678,2,0,1,0,0,0,0,0
2026-01-16,листовой объект,объект Гамма ОС,5961,501,0,79,0,0,0,0,0
2026-01-16,листовой объект,объект Гамма ДУ,5963,115,53,38,26,0,0,0,0
2026-01-16,листовой объект,объект Гамма шкафы,5966,48,0,24,0,0,0,0,0
2026-01-17,коллектор,объект Альфа,5,92233,91532,88,52,0,0,0,0
2026-01-17,коллектор,объект Бета,6,8,0,8,0,0,0,0,0
2026-01-17,коллектор,объект Гамма,7,35,0,4,0,0,0,0,0
2026-01-17,коллектор,Комплекс объект Дельта,8,987,982,7,3,0,0,0,0
2026-01-17,коллектор,объект Вита,9,1189,0,12,0,0,0,0,0
2026-01-17,коллектор,объект Эпсилон,11,6084,3298,748,16,0,0,0,0
2026-01-17,коллектор,объект Зита,12,5253,5234,37,27,0,0,0,0
2026-01-17,коллектор,объект Каппа,15,9938,9882,36,21,0,0,0,0
2026-01-17,коллектор,объект Йота,3218,2980,0,35,0,0,0,0,0
2026-01-17,коллектор,объект Тау,3355,11,0,6,0,0,0,0,0
2026-01-17,коллектор,объект Омикрон,3359,3526,2693,18,7,0,0,0,0
2026-01-17,коллектор,объект Мю,3828,10154,6609,1126,24,0,0,0,0
2026-01-17,коллектор,объект Сигма,4068,40,0,5,0,0,0,0,0
2026-01-17,коллектор,ПС объект Ро,4356,773,736,6,2,0,0,0,0
2026-01-17,коллектор,ПС объект Омега,4573,581,288,29,8,41,9,0,0
2026-01-17,коллектор,объект Кси,5327,1870,22,6,2,918,1,0,0
2026-01-17,листовой объект,объект Фита,20,8,0,8,0,0,0,0,0
2026-01-17,листовой объект,объект Вита,28,4,0,2,0,0,0,0,0
2026-01-17,листовой объект,объект Каппа ОС,42,50,0,14,0,0,0,0,0
2026-01-17,листовой объект,ДП объект Вита,99,1175,0,7,0,0,0,0,0
2026-01-17,листовой объект,ДП ПС объект Ро,108,36,0,3,0,0,0,0,0
2026-01-17,листовой объект,объект Йота,3215,1478,0,21,0,0,0,0,0
2026-01-17,листовой объект,ДП объект Йота,3216,1482,0,4,0,0,0,0,0
2026-01-17,листовой объект,ПС объект Тау,3356,11,0,6,0,0,0,0,0
2026-01-17,листовой объект,ДУ объект Омикрон,3360,2713,2693,10,7,0,0,0,0
2026-01-17,листовой объект,ДП объект Эпсилон,3902,1985,345,239,2,0,0,0,0
2026-01-17,листовой объект,Шкафы ОС объект Эпсилон,3903,19,0,9,0,0,0,0,0
2026-01-17,листовой объект,объект Эпсилон ОС,3904,4,0,2,0,0,0,0,0
2026-01-17,листовой объект,объект Пси ОС,3905,9,0,7,0,0,0,0,0
2026-01-17,листовой объект,ДП объект Сигма,4177,40,0,5,0,0,0,0,0
2026-01-17,листовой объект,ДУ ПС объект Ро,4369,736,736,2,2,0,0,0,0
2026-01-17,листовой объект,объект Ро,4370,1,0,1,0,0,0,0,0
2026-01-17,листовой объект,объект Омикрон,4391,9,0,2,0,0,0,0,0
2026-01-17,листовой объект,ДП объект Омикрон,4392,804,0,6,0,0,0,0,0
2026-01-17,листовой объект,ДУ объект Хи,4543,2961,2953,21,14,0,0,0,0
2026-01-17,листовой объект,ДУ объект Дельта,4610,984,982,4,3,0,0,0,0
2026-01-17,листовой объект,ПС объект Омега,4648,65,0,1,0,33,1,0,0
2026-01-17,листовой объект,ДУ ПС объект Омега,5003,516,288,28,8,8,8,0,0
2026-01-17,листовой объект,ДУ объект Вита,5011,10,0,3,0,0,0,0,0
2026-01-17,листовой объект,объект Дельта,5113,3,0,3,0,0,0,0,0
2026-01-17,листовой объект,ДУ объект Альфа,5122,91844,91532,74,52,0,0,0,0
2026-01-17,листовой объект,ДП объект Альфа,5123,386,0,13,0,0,0,0,0
2026-01-17,листовой объект,ДП объект Зита,5132,2,0,1,0,0,0,0,0
2026-01-17,листовой объект,объект Йота ДУ,5218,20,0,10,0,0,0,0,0
2026-01-17,листовой объект,объект Кси ПК0-ПК202,5332,1,0,1,0,0,0,0,0
2026-01-17,листовой объект,ДУ объект Кси,5333,32,22,4,2,0,0,0,0
2026-01-17,листовой объект,объект Пси,5339,3,0,1,0,0,0,0,0
2026-01-17,листовой объект,объект Кси ПК202-ПК302,5343,1837,0,1,0,918,1,0,0
2026-01-17,листовой объект,объект Пси ПС,5537,696,0,268,0,0,0,0,0
2026-01-17,листовой объект,объект Эпсилон ПС,5539,392,0,196,0,0,0,0,0
2026-01-17,листовой объект,Шкафы ПС объект Эпсилон,5540,18,0,6,0,0,0,0,0
2026-01-17,листовой объект,объект Дзета ДУ,5578,5208,5206,27,26,0,0,0,0
2026-01-17,листовой объект,объект Дзета ОС,5580,13,0,7,0,0,0,0,0
2026-01-17,листовой объект,объект Зита ДУ,5591,30,28,2,1,0,0,0,0
2026-01-17,листовой объект,объект Каппа ДУ,5657,9888,9882,22,21,0,0,0,0
2026-01-17,листовой объект,объект Мю ДП,5674,1404,0,68,0,0,0,0,0
2026-01-17,листовой объект,объект Мю ДУ,5675,6615,6609,25,24,0,0,0,0
2026-01-17,листовой объект,объект Мю ОС,5676,190,0,61,0,0,0,0,0
2026-01-17,листовой объект,объект Мю ПС,5677,1930,0,965,0,0,0,0,0
2026-01-17,листовой объект,объект Мю шкафы,5678,15,0,7,0,0,0,0,0
2026-01-17,листовой объект,объект Гамма ОС,5961,1,0,1,0,0,0,0,0
2026-01-17,листовой объект,объект Гамма ДУ,5963,34,0,3,0,0,0,0,0
2026-01-18,коллектор,объект Альфа,5,92708,91021,74,52,0,0,0,0
2026-01-18,коллектор,объект Бета,6,6,0,6,0,0,0,0,0
2026-01-18,коллектор,объект Гамма,7,1739,0,850,0,2,2,0,0
2026-01-18,коллектор,Комплекс объект Дельта,8,1338,1069,15,3,65,7,0,0
2026-01-18,коллектор,объект Вита,9,1282,0,21,0,0,0,0,0
2026-01-18,коллектор,объект Эпсилон,11,5636,3843,97,17,1,1,0,0
2026-01-18,коллектор,объект Зита,12,5572,5541,38,30,0,0,0,0
2026-01-18,коллектор,объект Каппа,15,10460,10295,55,21,8,8,0,0
2026-01-18,коллектор,объект Йота,3218,472,0,7,0,0,0,0,0
2026-01-18,коллектор,объект Тау,3355,5,0,4,0,0,0,0,0
2026-01-18,коллектор,объект Омикрон,3359,2229,1581,17,7,0,0,0,0
2026-01-18,коллектор,объект Мю,3828,8864,7008,118,23,102,34,0,0
2026-01-18,коллектор,объект Сигма,4068,347,0,7,0,0,0,0,0
2026-01-18,коллектор,ПС объект Ро,4356,809,759,11,3,0,0,0,0
2026-01-18,коллектор,ПС объект Омега,4573,2435,160,578,8,22,10,0,0
2026-01-18,коллектор,объект Кси,5327,2268,33,62,3,962,4,0,0
2026-01-18,листовой объект,объект Фита,20,5,0,5,0,0,0,0,0
2026-01-18,листовой объект,объект Вита,28,12,0,9,0,0,0,0,0
2026-01-18,листовой объект,объект Каппа ОС,42,121,0,21,0,0,0,0,0
2026-01-18,листовой объект,ДП объект Вита,99,1258,0,8,0,0,0,0,0
2026-01-18,листовой объект,ДП ПС объект Ро,108,40,0,4,0,0,0,0,0
2026-01-18,листовой объект,объект Бета,165,1,0,1,0,0,0,0,0
2026-01-18,листовой объект,объект Йота,3215,4,0,4,0,0,0,0,0
2026-01-18,листовой объект,ДП объект Йота,3216,468,0,3,0,0,0,0,0
2026-01-18,листовой объект,ПС объект Тау,3356,5,0,4,0,0,0,0,0
2026-01-18,листовой объект,ДУ объект Омикрон,3360,1605,1581,10,7,0,0,0,0
2026-01-18,листовой объект,ДП объект Эпсилон,3902,1918,420,14,3,1,1,0,0
2026-01-18,листовой объект,объект Эпсилон ОС,3904,7,0,2,0,0,0,0,0
2026-01-18,листовой объект,объект Пси ОС,3905,4,0,4,0,0,0,0,0
2026-01-18,листовой объект,объект Сигма,4069,1,0,1,0,0,0,0,0
2026-01-18,листовой объект,объект Хи,4095,208,0,51,0,0,0,0,0
2026-01-18,листовой объект,ДП объект Сигма,4177,346,0,6,0,0,0,0,0
2026-01-18,листовой объект,ДУ ПС объект Ро,4369,759,759,3,3,0,0,0,0
2026-01-18,листовой объект,объект Ро,4370,6,0,3,0,0,0,0,0
2026-01-18,листовой объект,объект Омикрон,4391,2,0,1,0,0,0,0,0
2026-01-18,листовой объект,ДП объект Омикрон,4392,622,0,6,0,0,0,0,0
2026-01-18,листовой объект,Шкаф ОПС объект Хи,4541,42,0,6,0,0,0,0,0
2026-01-18,листовой объект,ДУ объект Хи,4543,3457,3423,20,14,0,0,0,0
2026-01-18,листовой объект,Шкаф ОПС ПС объект Ро,4569,4,0,1,0,0,0,0,0
2026-01-18,листовой объект,Шкаф ОПС ПС объект Омега,4577,28,0,7,0,0,0,0,0
2026-01-18,листовой объект,ДУ объект Дельта,4610,1335,1069,13,3,65,7,0,0
2026-01-18,листовой объект,ПС объект Омега,4648,1269,0,338,0,14,8,0,0
2026-01-18,листовой объект,ДУ ПС объект Омега,5003,1138,160,233,8,8,2,0,0
2026-01-18,листовой объект,ДУ объект Вита,5011,12,0,4,0,0,0,0,0
2026-01-18,листовой объект,объект Дельта,5113,3,0,2,0,0,0,0,0
2026-01-18,листовой объект,ДУ объект Альфа,5122,91322,91021,58,52,0,0,0,0
2026-01-18,листовой объект,ДП объект Альфа,5123,1100,0,11,0,0,0,0,0
2026-01-18,листовой объект,ДП объект Альфа 2 этаж,5124,286,0,5,0,0,0,0,0
2026-01-18,листовой объект,объект Кси ПК0-ПК202,5332,51,0,8,0,0,0,0,0
2026-01-18,листовой объект,ДУ объект Кси,5333,253,33,37,3,24,3,0,0
2026-01-18,листовой объект,ДП объект Кси,5336,28,0,6,0,0,0,0,0
2026-01-18,листовой объект,объект Кси ПК202-ПК302,5343,1936,0,11,0,938,1,0,0
2026-01-18,листовой объект,объект Дзета ДУ,5578,5515,5515,28,28,0,0,0,0
2026-01-18,листовой объект,объект Дзета ОС,5580,31,0,8,0,0,0,0,0
2026-01-18,листовой объект,объект Зита ДУ,5591,26,26,2,2,0,0,0,0
2026-01-18,листовой объект,объект Каппа ДУ,5657,10339,10295,34,21,8,8,0,0
2026-01-18,листовой объект,объект Мю ДП,5674,1190,0,12,0,0,0,0,0
2026-01-18,листовой объект,объект Мю ДУ,5675,7588,7008,85,23,102,34,0,0
2026-01-18,листовой объект,объект Мю ОС,5676,80,0,20,0,0,0,0,0
2026-01-18,листовой объект,объект Мю ПС,5677,6,0,1,0,0,0,0,0
2026-01-18,листовой объект,объект Гамма ПС,5962,1362,0,680,0,1,1,0,0
2026-01-18,листовой объект,объект Гамма ДУ,5963,377,0,170,0,1,1,0,0
2026-01-19,коллектор,объект Альфа,5,96531,92847,128,52,0,0,0,0
2026-01-19,коллектор,объект Бета,6,2081,0,229,0,30,22,0,0
2026-01-19,коллектор,объект Гамма,7,632,52,184,26,1,1,0,0
2026-01-19,коллектор,Комплекс объект Дельта,8,3560,1256,89,4,0,0,0,0
2026-01-19,коллектор,объект Вита,9,2514,0,81,0,0,0,0,0
2026-01-19,коллектор,объект Эпсилон,11,8767,4410,80,17,0,0,0,0
2026-01-19,коллектор,объект Зита,12,5778,5685,44,27,0,0,0,0
2026-01-19,коллектор,объект Каппа,15,10962,10612,71,21,0,0,0,0
2026-01-19,коллектор,объект Йота,3218,4015,0,53,0,0,0,0,0
2026-01-19,коллектор,объект Тау,3355,13,0,6,0,0,0,0,0
2026-01-19,коллектор,объект Омикрон,3359,5757,1539,82,9,0,0,0,0
2026-01-19,коллектор,объект Мю,3828,9878,6791,1148,22,3,2,0,0
2026-01-19,коллектор,объект Сигма,4068,34,0,5,0,0,0,0,0
2026-01-19,коллектор,ПС объект Ро,4356,843,771,10,2,0,0,0,0
2026-01-19,коллектор,ПС объект Омега,4573,301,176,21,8,0,0,0,0
2026-01-19,коллектор,объект Кси,5327,2348,23,50,4,1017,1,0,0
2026-01-19,листовой объект,объект Фита,20,491,0,115,0,5,4,0,0
2026-01-19,листовой объект,объект Вита,28,94,0,24,0,0,0,0,0
2026-01-19,листовой объект,объект Каппа ОС,42,272,0,22,0,0,0,0,0
2026-01-19,листовой объект,ДП объект Вита,99,2328,0,13,0,0,0,0,0
2026-01-19,листовой объект,ДП ПС объект Ро,108,64,0,4,0,0,0,0,0
2026-01-19,листовой объект,ДП объект Бета,111,986,0,49,0,2,2,0,0
2026-01-19,листовой объект,объект Бета,165,576,0,59,0,23,16,0,0
2026-01-19,листовой объект,объект Йота,3215,1423,0,36,0,0,0,0,0
2026-01-19,листовой объект,ДП объект Йота,3216,2566,0,4,0,0,0,0,0
2026-01-19,листовой объект,ПС объект Тау,3356,11,0,5,0,0,0,0,0
2026-01-19,листовой объект,ДУ объект Омикрон,3360,1615,1539,38,9,0,0,0,0
2026-01-19,листовой объект,ДУ объект Тау,3388,2,0,1,0,0,0,0,0
2026-01-19,листовой объект,ДП объект Эпсилон,3902,4216,740,41,3,0,0,0,0
2026-01-19,листовой объект,объект Эпсилон ОС,3904,3,0,3,0,0,0,0,0
2026-01-19,листовой объект,объект Пси ОС,3905,5,0,4,0,0,0,0,0
2026-01-19,листовой объект,объект Хи,4095,855,0,9,0,0,0,0,0
2026-01-19,листовой объект,ДП объект Сигма,4177,34,0,5,0,0,0,0,0
2026-01-19,листовой объект,ДУ ПС объект Ро,4369,775,771,4,2,0,0,0,0
2026-01-19,листовой объект,объект Ро,4370,2,0,1,0,0,0,0,0
2026-01-19,листовой объект,объект Омикрон,4391,170,0,36,0,0,0,0,0
2026-01-19,листовой объект,ДП объект Омикрон,4392,3972,0,8,0,0,0,0,0
2026-01-19,листовой объект,Шкаф ОПС объект Хи,4541,4,0,2,0,0,0,0,0
2026-01-19,листовой объект,ДУ объект Хи,4543,3684,3670,21,14,0,0,0,0
2026-01-19,листовой объект,Шкаф ОПС ПС объект Ро,4569,2,0,1,0,0,0,0,0
2026-01-19,листовой объект,Шкаф ОПС ПС объект Омега,4577,3,0,3,0,0,0,0,0
2026-01-19,листовой объект,ДУ объект Дельта,4610,1348,1256,46,4,0,0,0,0
2026-01-19,листовой объект,ПС объект Омега,4648,4,0,1,0,0,0,0,0
2026-01-19,листовой объект,Шкаф ОПС объект Бета,4765,28,0,6,0,0,0,0,0
2026-01-19,листовой объект,ДУ ПС объект Омега,5003,294,176,17,8,0,0,0,0
2026-01-19,листовой объект,ДУ объект Вита,5011,92,0,44,0,0,0,0,0
2026-01-19,листовой объект,объект Дельта,5113,2212,0,43,0,0,0,0,0
2026-01-19,листовой объект,ДУ объект Альфа,5122,93193,92847,83,52,0,0,0,0
2026-01-19,листовой объект,ДП объект Альфа,5123,1376,0,14,0,0,0,0,0
2026-01-19,листовой объект,ДП объект Альфа 2 этаж,5124,1848,0,11,0,0,0,0,0
2026-01-19,листовой объект,объект Фита,5129,4,0,1,0,0,0,0,0
2026-01-19,листовой объект,ДП объект Зита,5132,48,0,3,0,0,0,0,0
2026-01-19,листовой объект,объект Йота ДУ,5218,26,0,13,0,0,0,0,0
2026-01-19,листовой объект,объект Кси ПК0-ПК202,5332,12,0,9,0,0,0,0,0
2026-01-19,листовой объект,ДУ объект Кси,5333,54,23,19,4,0,0,0,0
2026-01-19,листовой объект,ДП объект Кси,5336,236,0,11,0,0,0,0,0
2026-01-19,листовой объект,"Шкаф ОПС, ДУ объект Кси",5338,3,0,2,0,0,0,0,0
2026-01-19,листовой объект,объект Пси,5339,114,0,20,0,0,0,0,0
2026-01-19,листовой объект,объект Кси ПК202-ПК302,5343,2043,0,9,0,1017,1,0,0
2026-01-19,листовой объект,объект Дзета ДУ,5578,5681,5667,32,26,0,0,0,0
2026-01-19,листовой объект,объект Дзета ОС,5580,23,0,6,0,0,0,0,0
2026-01-19,листовой объект,объект Зита ОС,5582,4,0,1,0,0,0,0,0
2026-01-19,листовой объект,объект Зита ДУ,5591,18,18,1,1,0,0,0,0
2026-01-19,листовой объект,объект Каппа ДУ,5657,10690,10612,49,21,0,0,0,0
2026-01-19,листовой объект,объект Мю ДП,5674,862,0,68,0,0,0,0,0
2026-01-19,листовой объект,объект Мю ДУ,5675,6803,6791,23,22,2,1,0,0
2026-01-19,листовой объект,объект Мю ОС,5676,242,0,77,0,0,0,0,0
2026-01-19,листовой объект,объект Мю ПС,5677,1949,0,974,0,1,1,0,0
2026-01-19,листовой объект,объект Мю шкафы,5678,22,0,6,0,0,0,0,0
2026-01-19,листовой объект,объект Гамма ОС,5961,404,0,91,0,0,0,0,0
2026-01-19,листовой объект,объект Гамма ПС,5962,2,0,1,0,1,1,0,0
2026-01-19,листовой объект,объект Гамма ДУ,5963,174,52,66,26,0,0,0,0
2026-01-19,листовой объект,объект Гамма шкафы,5966,52,0,26,0,0,0,0,0
2026-01-20,коллектор,объект Альфа,5,95147,92369,99,52,0,0,0,0
2026-01-20,коллектор,объект Бета,6,270,0,18,0,0,0,0,0
2026-01-20,коллектор,объект Гамма,7,419,0,83,0,21,12,0,0
2026-01-20,коллектор,Комплекс объект Дельта,8,3497,830,355,3,0,0,0,0
2026-01-20,коллектор,объект Вита,9,4168,0,68,0,0,0,0,0
2026-01-20,коллектор,объект Эпсилон,11,8728,3780,191,18,0,0,0,0
2026-01-20,коллектор,объект Зита,12,7228,5202,603,29,5,3,0,0
2026-01-20,коллектор,объект Каппа,15,10559,10333,80,21,1,1,0,0
2026-01-20,коллектор,объект Йота,3218,3764,0,39,0,0,0,0,0
2026-01-20,коллектор,объект Тау,3355,15,0,10,0,0,0,0,0
2026-01-20,коллектор,объект Омикрон,3359,5299,2549,51,10,0,0,0,0
2026-01-20,коллектор,объект Мю,3828,8427,7044,111,22,0,0,0,0
2026-01-20,коллектор,объект Сигма,4068,1684,1,45,1,12,4,0,0
2026-01-20,коллектор,ПС объект Ро,4356,391,329,5,2,0,0,0,0
2026-01-20,коллектор,ПС объект Омега,4573,422,256,16,8,0,0,0,0
2026-01-20,коллектор,объект Кси,5327,2869,27,99,3,1113,4,0,0
2026-01-20,листовой объект,объект Фита,20,6,0,3,0,0,0,0,0
2026-01-20,листовой объект,объект Вита,28,115,0,19,0,0,0,0,0
2026-01-20,листовой объект,объект Каппа ОС,42,143,0,25,0,0,0,0,0
2026-01-20,листовой объект,ДП объект Вита,99,3979,0,15,0,0,0,0,0
2026-01-20,листовой объект,ДП ПС объект Ро,108,62,0,3,0,0,0,0,0
2026-01-20,листовой объект,ДП объект Бета,111,258,0,13,0,0,0,0,0
2026-01-20,листовой объект,объект Бета,165,4,0,1,0,0,0,0,0
2026-01-20,листовой объект,объект Йота,3215,2082,0,24,0,0,0,0,0
2026-01-20,листовой объект,ДП объект Йота,3216,1662,0,5,0,0,0,0,0
2026-01-20,листовой объект,ПС объект Тау,3356,15,0,10,0,0,0,0,0
2026-01-20,листовой объект,ДУ объект Омикрон,3360,2605,2549,28,10,0,0,0,0
2026-01-20,листовой объект,ДП объект Эпсилон,3902,4747,197,133,4,0,0,0,0
2026-01-20,листовой объект,объект Эпсилон ОС,3904,5,0,2,0,0,0,0,0
2026-01-20,листовой объект,объект Пси ОС,3905,75,0,14,0,0,0,0,0
2026-01-20,листовой объект,объект Сигма,4069,102,0,12,0,0,0,0,0
2026-01-20,листовой объект,объект Хи,4095,292,0,16,0,0,0,0,0
2026-01-20,листовой объект,ДП объект Сигма,4177,1578,1,32,1,12,4,0,0
2026-01-20,листовой объект,ДУ ПС объект Ро,4369,329,329,2,2,0,0,0,0
2026-01-20,листовой объект,объект Омикрон,4391,340,0,14,0,0,0,0,0
2026-01-20,листовой объект,ДП объект Омикрон,4392,2352,0,8,0,0,0,0,0
2026-01-20,листовой объект,ДУ объект Хи,4543,3605,3583,24,14,0,0,0,0
2026-01-20,листовой объект,ДУ объект Дельта,4610,1166,830,127,3,0,0,0,0
2026-01-20,листовой объект,ПС объект Омега,4648,4,0,2,0,0,0,0,0
2026-01-20,листовой объект,Шкаф ОПС объект Омикрон,4763,2,0,1,0,0,0,0,0
2026-01-20,листовой объект,Шкаф ОПС объект Бета,4765,2,0,1,0,0,0,0,0
2026-01-20,листовой объект,Шкаф ОПС объект Сигма,4768,4,0,1,0,0,0,0,0
2026-01-20,листовой объект,Шкаф ОПС объект Зита,4770,2,0,2,0,0,0,0,0
2026-01-20,листовой объект,ДУ ПС объект Омега,5003,418,256,14,8,0,0,0,0
2026-01-20,листовой объект,ДУ объект Вита,5011,74,0,34,0,0,0,0,0
2026-01-20,листовой объект,объект Дельта,5113,2322,0,223,0,0,0,0,0
2026-01-20,листовой объект,Шкаф ОПС объект Дельта,5114,9,0,5,0,0,0,0,0
2026-01-20,листовой объект,ДУ объект Альфа,5122,92638,92369,73,52,0,0,0,0
2026-01-20,листовой объект,ДП объект Альфа,5123,946,0,14,0,0,0,0,0
2026-01-20,листовой объект,ДП объект Альфа 2 этаж,5124,1559,0,11,0,0,0,0,0
2026-01-20,листовой объект,объект Фита,5129,83,0,60,0,0,0,0,0
2026-01-20,листовой объект,ДП объект Зита,5132,89,0,21,0,0,0,0,0
2026-01-20,листовой объект,объект Йота ДУ,5218,20,0,10,0,0,0,0,0
2026-01-20,листовой объект,объект Кси ПК0-ПК202,5332,86,0,20,0,0,0,0,0
2026-01-20,листовой объект,ДУ объект Кси,5333,349,27,59,3,33,3,0,0
2026-01-20,листовой объект,ДП объект Кси,5336,228,0,8,0,0,0,0,0
2026-01-20,листовой объект,объект Пси,5339,4,0,1,0,0,0,0,0
2026-01-20,листовой объект,объект Кси ПК202-ПК302,5343,2206,0,12,0,1080,1,0,0
2026-01-20,листовой объект,Шкафы ПС объект Эпсилон,5540,4,0,2,0,0,0,0,0
2026-01-20,листовой объект,объект Дзета ДУ,5578,5244,5182,49,28,0,0,0,0
2026-01-20,листовой объект,объект Дзета шкафы,5579,52,0,13,0,0,0,0,0
2026-01-20,листовой объект,объект Дзета ОС,5580,765,0,73,0,4,2,0,0
2026-01-20,листовой объект,объект Дзета ПС,5581,780,0,341,0,0,0,0,0
2026-01-20,листовой объект,объект Зита ОС,5582,60,0,9,0,0,0,0,0
2026-01-20,листовой объект,объект Зита ПС,5583,68,0,19,0,1,1,0,0
2026-01-20,листовой объект,объект Зита ДУ,5591,28,20,4,1,0,0,0,0
2026-01-20,листовой объект,объект Зита шкафы,5593,16,0,4,0,0,0,0,0
2026-01-20,листовой объект,объект Дзета щит. ПК48 Г1 ПК5,5594,41,0,8,0,0,0,0,0
2026-01-20,листовой объект,объект Каппа ДУ,5657,10416,10333,55,21,1,1,0,0
2026-01-20,листовой объект,объект Мю ДП,5674,410,0,9,0,0,0,0,0
2026-01-20,листовой объект,объект Мю ДУ,5675,7128,7044,49,22,0,0,0,0
2026-01-20,листовой объект,объект Мю ОС,5676,888,0,52,0,0,0,0,0
2026-01-20,листовой объект,объект Мю ПС,5677,1,0,1,0,0,0,0,0
2026-01-20,листовой объект,объект Гамма ОС,5961,202,0,35,0,0,0,0,0
2026-01-20,листовой объект,объект Гамма ПС,5962,2,0,1,0,1,1,0,0
2026-01-20,листовой объект,объект Гамма ДУ,5963,215,0,47,0,20,11,0,0
2026-01-21,коллектор,объект Альфа,5,95782,93602,152,52,9,5,0,0
2026-01-21,коллектор,объект Бета,6,154,0,14,0,0,0,0,0
2026-01-21,коллектор,объект Гамма,7,730,0,78,0,13,4,0,0
2026-01-21,коллектор,Комплекс объект Дельта,8,2895,869,94,4,21,13,0,0
2026-01-21,коллектор,объект Вита,9,5989,0,46,0,3,3,0,0
2026-01-21,коллектор,объект Эпсилон,11,8869,3534,197,17,2,2,0,0
2026-01-21,коллектор,объект Зита,12,5783,5371,119,26,22,11,0,0
2026-01-21,коллектор,объект Каппа,15,15253,10571,979,33,7,5,0,0
2026-01-21,коллектор,объект Йота,3218,3908,0,43,0,0,0,0,0
2026-01-21,коллектор,объект Тау,3355,274,0,113,0,0,0,0,0
2026-01-21,коллектор,объект Омикрон,3359,12799,4037,252,41,12,12,0,0
2026-01-21,коллектор,объект Мю,3828,9341,6629,792,22,1,1,0,0
2026-01-21,коллектор,объект Сигма,4068,46,0,5,0,0,0,0,0
2026-01-21,коллектор,ПС объект Ро,4356,352,140,76,3,0,0,0,0
2026-01-21,коллектор,ПС объект Омега,4573,389,160,29,8,5,3,0,0
2026-01-21,коллектор,объект Кси,5327,1818,22,40,3,620,4,0,0
2026-01-21,листовой объект,объект Фита,20,12,0,8,0,0,0,0,0
2026-01-21,листовой объект,объект Вита,28,60,0,11,0,0,0,0,0
2026-01-21,листовой объект,объект Каппа ОС,42,2922,0,146,0,0,0,0,0
2026-01-21,листовой объект,ДП объект Вита,99,5880,0,18,0,0,0,0,0
2026-01-21,листовой объект,ДП ПС объект Ро,108,52,0,4,0,0,0,0,0
2026-01-21,листовой объект,ДП объект Бета,111,138,0,5,0,0,0,0,0
2026-01-21,листовой объект,объект Бета,165,4,0,1,0,0,0,0,0
2026-01-21,листовой объект,объект Йота,3215,1942,0,29,0,0,0,0,0
2026-01-21,листовой объект,ДП объект Йота,3216,1946,0,4,0,0,0,0,0
2026-01-21,листовой объект,ПС объект Тау,3356,140,0,46,0,0,0,0,0
2026-01-21,листовой объект,ДУ объект Омикрон,3360,4189,4037,80,41,12,12,0,0
2026-01-21,листовой объект,ДУ объект Тау,3388,132,0,66,0,0,0,0,0
2026-01-21,листовой объект,ДП объект Эпсилон,3902,5221,79,143,3,1,1,0,0
2026-01-21,листовой объект,объект Эпсилон ОС,3904,23,0,11,0,0,0,0,0
2026-01-21,листовой объект,объект Пси ОС,3905,158,0,26,0,0,0,0,0
2026-01-21,листовой объект,объект Хи,4095,4,0,1,0,0,0,0,0
2026-01-21,листовой объект,ДП объект Сигма,4177,46,0,5,0,0,0,0,0
2026-01-21,листовой объект,ДУ ПС объект Ро,4369,246,140,53,3,0,0,0,0
2026-01-21,листовой объект,объект Ро,4370,54,0,19,0,0,0,0,0
2026-01-21,листовой объект,объект Омикрон,4391,1466,0,128,0,0,0,0,0
2026-01-21,листовой объект,ДП объект Омикрон,4392,7056,0,33,0,0,0,0,0
2026-01-21,листовой объект,Шкаф ОПС объект Хи,4541,2,0,1,0,0,0,0,0
2026-01-21,листовой объект,ДУ объект Хи,4543,3461,3455,15,14,1,1,0,0
2026-01-21,листовой объект,ДП ПС объект Омега,4574,30,0,5,0,0,0,0,0
2026-01-21,листовой объект,ДУ объект Дельта,4610,1059,869,62,4,21,13,0,0
2026-01-21,листовой объект,ПС объект Омега,4648,68,0,4,0,0,0,0,0
2026-01-21,листовой объект,Шкаф ОПС объект Омикрон,4763,88,0,11,0,0,0,0,0
2026-01-21,листовой объект,Шкаф ОПС объект Вита,4767,2,0,1,0,0,0,0,0
2026-01-21,листовой объект,ДУ ПС объект Омега,5003,291,160,20,8,5,3,0,0
2026-01-21,листовой объект,Шкаф ОПС ПС объект Тау,5009,2,0,1,0,0,0,0,0
2026-01-21,листовой объект,ДУ объект Вита,5011,47,0,16,0,3,3,0,0
2026-01-21,листовой объект,объект Дельта,5113,1836,0,32,0,0,0,0,0
2026-01-21,листовой объект,ДУ объект Альфа,5122,93991,93602,106,52,9,5,0,0
2026-01-21,листовой объект,ДП объект Альфа,5123,1083,0,15,0,0,0,0,0
2026-01-21,листовой объект,ДП объект Альфа 2 этаж,5124,496,0,9,0,0,0,0,0
2026-01-21,листовой объект,ДП объект Зита,5132,2,0,1,0,0,0,0,0
2026-01-21,листовой объект,объект Йота ДУ,5218,20,0,10,0,0,0,0,0
2026-01-21,листовой объект,объект Кси ПК0-ПК202,5332,55,0,7,0,0,0,0,0
2026-01-21,листовой объект,ДУ объект Кси,5333,358,22,26,3,51,3,0,0
2026-01-21,листовой объект,ДП объект Кси,5336,242,0,6,0,0,0,0,0
2026-01-21,листовой объект,объект Пси,5339,212,0,22,0,0,0,0,0
2026-01-21,листовой объект,объект Кси ПК202-ПК302,5343,1163,0,1,0,569,1,0,0
2026-01-21,листовой объект,объект Каппа ПС,5567,1283,0,641,0,0,0,0,0
2026-01-21,листовой объект,объект Каппа шкафы,5574,6,0,4,0,0,0,0,0
2026-01-21,листовой объект,объект Дзета ДУ,5578,5482,5350,51,25,22,11,0,0
2026-01-21,листовой объект,объект Дзета ОС,5580,148,0,11,0,0,0,0,0
2026-01-21,листовой объект,объект Дзета ПС,5581,124,0,53,0,0,0,0,0
2026-01-21,листовой объект,объект Зита ПС,5583,6,0,2,0,0,0,0,0
2026-01-21,листовой объект,объект Зита ДУ,5591,21,21,1,1,0,0,0,0
2026-01-21,листовой объект,объект Каппа ДУ,5657,11042,10571,188,33,7,5,0,0
2026-01-21,листовой объект,объект Мю ДП,5674,1184,0,52,0,0,0,0,0
2026-01-21,листовой объект,объект Мю ДУ,5675,6707,6629,57,22,1,1,0,0
2026-01-21,листовой объект,объект Мю ОС,5676,237,0,76,0,0,0,0,0
2026-01-21,листовой объект,объект Мю ПС,5677,1212,0,606,0,0,0,0,0
2026-01-21,листовой объект,объект Мю шкафы,5678,1,0,1,0,0,0,0,0
2026-01-21,листовой объект,объект Гамма ОС,5961,573,0,40,0,1,1,0,0
2026-01-21,листовой объект,объект Гамма ПС,5962,8,0,3,0,1,1,0,0
2026-01-21,листовой объект,объект Гамма ДУ,5963,141,0,34,0,11,2,0,0
2026-01-21,листовой объект,объект Гамма шкафы,5966,8,0,1,0,0,0,0,0
2026-01-22,коллектор,объект Альфа,5,95297,92985,107,52,16,2,8,1
2026-01-22,коллектор,объект Бета,6,674,0,60,0,0,0,0,0
2026-01-22,коллектор,объект Гамма,7,143,1,35,1,0,0,0,0
2026-01-22,коллектор,Комплекс объект Дельта,8,2520,992,75,6,0,0,0,0
2026-01-22,коллектор,объект Вита,9,5073,0,96,0,1,1,0,0
2026-01-22,коллектор,объект Эпсилон,11,8062,3986,97,17,2,2,0,0
2026-01-22,коллектор,объект Зита,12,4738,3197,532,29,10,7,0,0
2026-01-22,коллектор,объект Каппа,15,10023,9517,122,21,0,0,0,0
2026-01-22,коллектор,объект Йота,3218,7785,0,152,0,4,3,0,0
2026-01-22,коллектор,объект Тау,3355,31,0,8,0,0,0,0,0
2026-01-22,коллектор,объект Омикрон,3359,8379,5241,44,8,0,0,0,0
2026-01-22,коллектор,объект Мю,3828,11369,6485,1257,23,0,0,0,0
2026-01-22,коллектор,объект Сигма,4068,890,0,51,0,0,0,0,0
2026-01-22,коллектор,ПС объект Ро,4356,229,49,44,1,0,0,0,0
2026-01-22,коллектор,ПС объект Омега,4573,728,176,113,8,0,0,0,0
2026-01-22,коллектор,объект Кси,5327,237,10,13,2,0,0,0,0
2026-01-22,листовой объект,объект Фита,20,200,0,21,0,0,0,0,0
2026-01-22,листовой объект,объект Вита,28,288,0,35,0,0,0,0,0
2026-01-22,листовой объект,объект Каппа ОС,42,374,0,56,0,0,0,0,0
2026-01-22,листовой объект,ДП объект Вита,99,4653,0,17,0,0,0,0,0
2026-01-22,листовой объект,ДП ПС объект Ро,108,58,0,4,0,0,0,0,0
2026-01-22,листовой объект,ДП объект Бета,111,414,0,32,0,0,0,0,0
2026-01-22,листовой объект,объект Бета,165,60,0,7,0,0,0,0,0
2026-01-22,листовой объект,объект Йота,3215,3743,0,115,0,0,0,0,0
2026-01-22,листовой объект,ДП объект Йота,3216,3938,0,16,0,3,2,0,0
2026-01-22,листовой объект,Шкаф ОПС объект Йота,3250,72,0,5,0,1,1,0,0
2026-01-22,листовой объект,ПС объект Тау,3356,31,0,8,0,0,0,0,0
2026-01-22,листовой объект,ДУ объект Омикрон,3360,5283,5241,19,8,0,0,0,0
2026-01-22,листовой объект,ДП объект Эпсилон,3902,4185,327,59,3,2,2,0,0
2026-01-22,листовой объект,объект Эпсилон ОС,3904,5,0,2,0,0,0,0,0
2026-01-22,листовой объект,объект Пси ОС,3905,211,0,21,0,0,0,0,0
2026-01-22,листовой объект,объект Сигма,4069,162,0,25,0,0,0,0,0
2026-01-22,листовой объект,ДП объект Сигма,4177,708,0,23,0,0,0,0,0
2026-01-22,листовой объект,ДУ ПС объект Ро,4369,121,49,34,1,0,0,0,0
2026-01-22,листовой объект,объект Ро,4370,48,0,5,0,0,0,0,0
2026-01-22,листовой объект,объект Омикрон,4391,140,0,17,0,0,0,0,0
2026-01-22,листовой объект,ДП объект Омикрон,4392,2956,0,8,0,0,0,0,0
2026-01-22,листовой объект,ДУ объект Хи,4543,3661,3659,15,14,0,0,0,0
2026-01-22,листовой объект,Шкаф ОПС ПС объект Ро,4569,2,0,1,0,0,0,0,0
2026-01-22,листовой объект,ДП ПС объект Омега,4574,196,0,5,0,0,0,0,0
2026-01-22,листовой объект,ДУ объект Дельта,4610,1080,992,46,6,0,0,0,0
2026-01-22,листовой объект,ПС объект Омега,4648,120,0,36,0,0,0,0,0
2026-01-22,листовой объект,Шкаф ОПС объект Сигма,4768,20,0,3,0,0,0,0,0
2026-01-22,листовой объект,ДУ ПС объект Омега,5003,412,176,72,8,0,0,0,0
2026-01-22,листовой объект,ДУ объект Вита,5011,132,0,44,0,1,1,0,0
2026-01-22,листовой объект,объект Дельта,5113,1440,0,29,0,0,0,0,0
2026-01-22,листовой объект,ДУ объект Альфа,5122,93388,92985,76,52,16,2,8,1
2026-01-22,листовой объект,ДП объект Альфа,5123,938,0,15,0,0,0,0,0
2026-01-22,листовой объект,ДП объект Альфа 2 этаж,5124,945,0,10,0,0,0,0,0
2026-01-22,листовой объект,ДП объект Зита,5132,130,4,35,1,8,5,0,0
2026-01-22,листовой объект,объект Йота ДУ,5218,32,0,16,0,0,0,0,0
2026-01-22,листовой объект,объект Кси ПК0-ПК202,5332,5,0,2,0,0,0,0,0
2026-01-22,листовой объект,ДУ объект Кси,5333,22,10,5,2,0,0,0,0
2026-01-22,листовой объект,ДП объект Кси,5336,210,0,6,0,0,0,0,0
2026-01-22,листовой объект,объект Пси,5339,26,0,6,0,0,0,0,0
2026-01-22,листовой объект,объект Дзета ДУ,5578,3291,3173,56,27,2,2,0,0
2026-01-22,листовой объект,объект Дзета шкафы,5579,34,0,14,0,0,0,0,0
2026-01-22,листовой объект,объект Дзета ОС,5580,382,0,77,0,0,0,0,0
2026-01-22,листовой объект,объект Дзета ПС,5581,862,0,341,0,0,0,0,0
2026-01-22,листовой объект,объект Зита ОС,5582,4,0,1,0,0,0,0,0
2026-01-22,листовой объект,объект Зита ДУ,5591,20,20,1,1,0,0,0,0
2026-01-22,листовой объект,объект Дзета щит. ПК48 Г1 ПК5,5594,15,0,7,0,0,0,0,0
2026-01-22,листовой объект,объект Каппа ДУ,5657,9649,9517,66,21,0,0,0,0
2026-01-22,листовой объект,объект Мю ДП,5674,1966,0,68,0,0,0,0,0
2026-01-22,листовой объект,объект Мю ДУ,5675,6525,6485,35,23,0,0,0,0
2026-01-22,листовой объект,объект Мю ОС,5676,707,0,222,0,0,0,0,0
2026-01-22,листовой объект,объект Мю ПС,5677,2138,0,918,0,0,0,0,0
2026-01-22,листовой объект,объект Мю шкафы,5678,33,0,14,0,0,0,0,0
2026-01-22,листовой объект,объект Гамма ОС,5961,54,0,9,0,0,0,0,0
2026-01-22,листовой объект,объект Гамма ДУ,5963,89,1,26,1,0,0,0,0
2026-01-23,коллектор,объект Альфа,5,90622,88016,146,54,9,4,9,4
2026-01-23,коллектор,объект Бета,6,203,0,17,0,0,0,0,0
2026-01-23,коллектор,объект Гамма,7,280,0,75,0,2,2,0,0
2026-01-23,коллектор,Комплекс объект Дельта,8,2430,735,91,5,7,7,0,0
2026-01-23,коллектор,объект Вита,9,4487,0,74,0,0,0,0,0
2026-01-23,коллектор,объект Эпсилон,11,11703,4383,864,17,3,3,0,0
2026-01-23,коллектор,объект Зита,12,1883,1381,90,29,24,12,0,0
2026-01-23,коллектор,объект Каппа,15,10095,9685,92,21,4,4,0,0
2026-01-23,коллектор,объект Йота,3218,4494,0,36,0,0,0,0,0
2026-01-23,коллектор,объект Тау,3355,1034,0,391,0,0,0,0,0
2026-01-23,коллектор,объект Омикрон,3359,4658,2295,44,7,15,9,0,0
2026-01-23,коллектор,объект Мю,3828,7443,6356,60,22,1,1,0,0
2026-01-23,коллектор,объект Сигма,4068,1228,26,36,1,52,4,0,0
2026-01-23,коллектор,ПС объект Ро,4356,728,522,32,3,0,0,0,0
2026-01-23,коллектор,ПС объект Омега,4573,396,224,18,8,0,0,0,0
2026-01-23,коллектор,объект Кси,5327,561,36,32,3,23,12,0,0
2026-01-23,листовой объект,объект Фита,20,14,0,10,0,0,0,0,0
2026-01-23,листовой объект,объект Вита,28,284,0,22,0,0,0,0,0
2026-01-23,листовой объект,объект Каппа ОС,42,312,0,33,0,0,0,0,0
2026-01-23,листовой объект,ДП объект Вита,99,4089,0,17,0,0,0,0,0
2026-01-23,листовой объект,ДП ПС объект Ро,108,82,0,3,0,0,0,0,0
2026-01-23,листовой объект,ДП объект Бета,111,184,0,5,0,0,0,0,0
2026-01-23,листовой объект,объект Бета,165,5,0,2,0,0,0,0,0
2026-01-23,листовой объект,объект Йота,3215,2376,0,21,0,0,0,0,0
2026-01-23,листовой объект,ДП объект Йота,3216,2098,0,5,0,0,0,0,0
2026-01-23,листовой объект,ПС объект Тау,3356,1026,0,387,0,0,0,0,0
2026-01-23,листовой объект,ДУ объект Омикрон,3360,2409,2295,32,7,15,9,0,0
2026-01-23,листовой объект,ДУ объект Тау,3388,2,0,1,0,0,0,0,0
2026-01-23,листовой объект,ДП объект Эпсилон,3902,5384,246,263,3,3,3,0,0
2026-01-23,листовой объект,Шкафы ОС объект Эпсилон,3903,36,0,9,0,0,0,0,0
2026-01-23,листовой объект,объект Эпсилон ОС,3904,112,0,52,0,0,0,0,0
2026-01-23,листовой объект,объект Пси ОС,3905,291,0,49,0,0,0,0,0
2026-01-23,листовой объект,объект Сигма,4069,48,0,10,0,0,0,0,0
2026-01-23,листовой объект,объект Хи,4095,8,0,2,0,0,0,0,0
2026-01-23,листовой объект,ДП объект Сигма,4177,1180,26,26,1,52,4,0,0
2026-01-23,листовой объект,ДУ ПС объект Ро,4369,564,522,21,3,0,0,0,0
2026-01-23,листовой объект,объект Ро,4370,78,0,7,0,0,0,0,0
2026-01-23,листовой объект,объект Омикрон,4391,9,0,4,0,0,0,0,0
2026-01-23,листовой объект,ДП объект Омикрон,4392,2240,0,8,0,0,0,0,0
2026-01-23,листовой объект,ДУ объект Хи,4543,4149,4137,19,14,0,0,0,0
2026-01-23,листовой объект,Шкаф ОПС ПС объект Ро,4569,4,0,1,0,0,0,0,0
2026-01-23,листовой объект,ДП ПС объект Омега,4574,32,0,5,0,0,0,0,0
2026-01-23,листовой объект,ДУ объект Дельта,4610,845,735,48,5,7,7,0,0
2026-01-23,листовой объект,Шкаф ОПС объект Вита,4767,24,0,1,0,0,0,0,0
2026-01-23,листовой объект,Шкаф ОПС объект Зита,4770,1,0,1,0,0,0,0,0
2026-01-23,листовой объект,ДУ ПС объект Омега,5003,364,224,13,8,0,0,0,0
2026-01-23,листовой объект,Шкаф ОПС ПС объект Тау,5009,6,0,3,0,0,0,0,0
2026-01-23,листовой объект,ДУ объект Вита,5011,90,0,34,0,0,0,0,0
2026-01-23,листовой объект,объект Дельта,5113,1585,0,43,0,0,0,0,0
2026-01-23,листовой объект,ДУ объект Альфа,5122,88389,88016,72,54,9,4,9,4
2026-01-23,листовой объект,ДП объект Альфа,5123,1098,0,41,0,0,0,0,0
2026-01-23,листовой объект,ДП объект Альфа 2 этаж,5124,1123,0,28,0,0,0,0,0
2026-01-23,листовой объект,ДП объект Зита,5132,2,0,1,0,0,0,0,0
2026-01-23,листовой объект,объект Йота ДУ,5218,20,0,10,0,0,0,0,0
2026-01-23,листовой объект,объект Кси ПК0-ПК202,5332,5,0,2,0,0,0,0,0
2026-01-23,листовой объект,ДУ объект Кси,5333,136,36,19,3,23,12,0,0
2026-01-23,листовой объект,ДП объект Кси,5336,420,0,11,0,0,0,0,0
2026-01-23,листовой объект,объект Пси,5339,6,0,2,0,0,0,0,0
2026-01-23,листовой объект,объект Пси шкаф ОПС,5340,6,0,3,0,0,0,0,0
2026-01-23,листовой объект,объект Пси ПС,5537,914,0,268,0,0,0,0,0
2026-01-23,листовой объект,объект Эпсилон ПС,5539,776,0,196,0,0,0,0,0
2026-01-23,листовой объект,Шкафы ПС объект Эпсилон,5540,33,0,6,0,0,0,0,0
2026-01-23,листовой объект,объект Дзета ДУ,5578,1541,1355,58,28,24,12,0,0
2026-01-23,листовой объект,объект Дзета ОС,5580,303,0,25,0,0,0,0,0
2026-01-23,листовой объект,объект Дзета ПС,5581,6,0,3,0,0,0,0,0
2026-01-23,листовой объект,объект Зита ОС,5582,4,0,1,0,0,0,0,0
2026-01-23,листовой объект,объект Зита ДУ,5591,26,26,1,1,0,0,0,0
2026-01-23,листовой объект,объект Каппа ДУ,5657,9783,9685,59,21,4,4,0,0
2026-01-23,листовой объект,объект Мю ДП,5674,946,0,10,0,0,0,0,0
2026-01-23,листовой объект,объект Мю ДУ,5675,6362,6356,23,22,0,0,0,0
2026-01-23,листовой объект,объект Мю ОС,5676,133,0,26,0,0,0,0,0
2026-01-23,листовой объект,объект Мю ПС,5677,2,0,1,0,1,1,0,0
2026-01-23,листовой объект,объект Гамма ОС,5961,155,0,35,0,0,0,0,0
2026-01-23,листовой объект,объект Гамма ПС,5962,2,0,1,0,1,1,0,0
2026-01-23,листовой объект,объект Гамма ДУ,5963,123,0,39,0,1,1,0,0
2026-01-24,коллектор,объект Альфа,5,93202,92778,85,51,0,0,0,0
2026-01-24,коллектор,объект Бета,6,64,0,34,0,0,0,0,0
2026-01-24,коллектор,объект Гамма,7,259,54,84,26,1,1,0,0
2026-01-24,коллектор,Комплекс объект Дельта,8,687,683,7,4,0,0,0,0
2026-01-24,коллектор,объект Вита,9,1249,0,40,0,0,0,0,0
2026-01-24,коллектор,объект Эпсилон,11,5846,4513,31,14,0,0,0,0
2026-01-24,коллектор,объект Зита,12,1750,1600,69,29,22,11,0,0
2026-01-24,коллектор,объект Каппа,15,11328,11175,46,20,31,1,0,0
2026-01-24,коллектор,объект Йота,3218,5306,0,43,0,0,0,0,0
2026-01-24,коллектор,объект Тау,3355,18,0,11,0,0,0,0,0
2026-01-24,коллектор,объект Омикрон,3359,3190,1653,18,5,0,0,0,0
2026-01-24,коллектор,объект Мю,3828,9640,6545,922,22,11,11,0,0
2026-01-24,коллектор,объект Сигма,4068,29,0,6,0,0,0,0,0
2026-01-24,коллектор,ПС объект Ро,4356,1210,1121,10,4,0,0,0,0
2026-01-24,коллектор,ПС объект Омега,4573,248,128,27,8,6,6,0,0
2026-01-24,коллектор,объект Кси,5327,198,16,32,3,0,0,0,0
2026-01-24,листовой объект,объект Фита,20,16,0,10,0,0,0,0,0
2026-01-24,листовой объект,объект Вита,28,45,0,16,0,0,0,0,0
2026-01-24,листовой объект,объект Каппа ОС,42,141,0,17,0,31,1,0,0
2026-01-24,листовой объект,ДП объект Вита,99,1182,0,15,0,0,0,0,0
2026-01-24,листовой объект,ДП ПС объект Ро,108,86,0,3,0,0,0,0,0
2026-01-24,листовой объект,ДП объект Бета,111,18,0,18,0,0,0,0,0
2026-01-24,листовой объект,объект Бета,165,30,0,6,0,0,0,0,0
2026-01-24,листовой объект,объект Йота,3215,2140,0,25,0,0,0,0,0
2026-01-24,листовой объект,ДП объект Йота,3216,3140,0,5,0,0,0,0,0
2026-01-24,листовой объект,Шкаф ОПС объект Йота,3250,2,0,1,0,0,0,0,0
2026-01-24,листовой объект,ПС объект Тау,3356,18,0,11,0,0,0,0,0
2026-01-24,листовой объект,ДУ объект Омикрон,3360,1675,1653,8,5,0,0,0,0
2026-01-24,листовой объект,ДП объект Эпсилон,3902,1326,0,13,0,0,0,0,0
2026-01-24,листовой объект,объект Пси ОС,3905,4,0,2,0,0,0,0,0
2026-01-24,листовой объект,объект Сигма,4069,1,0,1,0,0,0,0,0
2026-01-24,листовой объект,объект Хи,4095,1,0,1,0,0,0,0,0
2026-01-24,листовой объект,ДП объект Сигма,4177,28,0,5,0,0,0,0,0
2026-01-24,листовой объект,ДУ ПС объект Ро,4369,1121,1121,4,4,0,0,0,0
2026-01-24,листовой объект,объект Ро,4370,3,0,3,0,0,0,0,0
2026-01-24,листовой объект,объект Омикрон,4391,3,0,2,0,0,0,0,0
2026-01-24,листовой объект,ДП объект Омикрон,4392,1512,0,8,0,0,0,0,0
2026-01-24,листовой объект,ДУ объект Хи,4543,4515,4513,15,14,0,0,0,0
2026-01-24,листовой объект,ДП ПС объект Омега,4574,1,0,1,0,0,0,0,0
2026-01-24,листовой объект,Шкаф ОПС ПС объект Омега,4577,2,0,1,0,0,0,0,0
2026-01-24,листовой объект,ДУ объект Дельта,4610,685,683,5,4,0,0,0,0
2026-01-24,листовой объект,ПС объект Омега,4648,2,0,1,0,0,0,0,0
2026-01-24,листовой объект,ДУ ПС объект Омега,5003,243,128,24,8,6,6,0,0
2026-01-24,листовой объект,ДУ объект Вита,5011,22,0,9,0,0,0,0,0
2026-01-24,листовой объект,объект Дельта,5113,2,0,2,0,0,0,0,0
2026-01-24,листовой объект,ДУ объект Альфа,5122,93118,92778,65,51,0,0,0,0
2026-01-24,листовой объект,ДП объект Альфа,5123,73,0,16,0,0,0,0,0
2026-01-24,листовой объект,объект Фита,5129,2,0,1,0,0,0,0,0
2026-01-24,листовой объект,ДП объект Зита,5132,19,0,8,0,0,0,0,0
2026-01-24,листовой объект,объект Йота ДУ,5218,24,0,12,0,0,0,0,0
2026-01-24,листовой объект,объект Кси ПК0-ПК202,5332,44,0,4,0,0,0,0,0
2026-01-24,листовой объект,ДУ объект Кси,5333,56,16,19,3,0,0,0,0
2026-01-24,листовой объект,ДП объект Кси,5336,96,0,8,0,0,0,0,0
2026-01-24,листовой объект,объект Пси,5339,11,0,4,0,0,0,0,0
2026-01-24,листовой объект,объект Кси ПК202-ПК302,5343,2,0,1,0,0,0,0,0
2026-01-24,листовой объект,объект Дзета ДУ,5578,1678,1590,41,28,22,11,0,0
2026-01-24,листовой объект,объект Дзета ОС,5580,15,0,6,0,0,0,0,0
2026-01-24,листовой объект,объект Зита ОС,5582,12,0,5,0,0,0,0,0
2026-01-24,листовой объект,объект Зита ПС,5583,4,0,2,0,0,0,0,0
2026-01-24,листовой объект,объект Зита ДУ,5591,16,10,4,1,0,0,0,0
2026-01-24,листовой объект,объект Зита шкафы,5593,4,0,2,0,0,0,0,0
2026-01-24,листовой объект,объект Каппа ДУ,5657,11187,11175,29,20,0,0,0,0
2026-01-24,листовой объект,объект Мю ДП,5674,1352,0,47,0,0,0,0,0
2026-01-24,листовой объект,объект Мю ДУ,5675,6592,6545,34,22,11,11,0,0
2026-01-24,листовой объект,объект Мю ОС,5676,94,0,40,0,0,0,0,0
2026-01-24,листовой объект,объект Мю ПС,5677,1602,0,801,0,0,0,0,0
2026-01-24,листовой объект,объект Гамма ОС,5961,141,0,38,0,0,0,0,0
2026-01-24,листовой объект,объект Гамма ПС,5962,2,0,1,0,1,1,0,0
2026-01-24,листовой объект,объект Гамма ДУ,5963,94,54,34,26,0,0,0,0
2026-01-24,листовой объект,объект Гамма шкафы,5966,22,0,11,0,0,0,0,0
2026-01-25,коллектор,объект Альфа,5,92166,91860,63,51,0,0,0,0
2026-01-25,коллектор,объект Бета,6,9,0,7,0,0,0,0,0
2026-01-25,коллектор,объект Гамма,7,27,0,4,0,0,0,0,0
2026-01-25,коллектор,Комплекс объект Дельта,8,380,376,7,3,0,0,0,0
2026-01-25,коллектор,объект Вита,9,1397,0,18,0,0,0,0,0
2026-01-25,коллектор,объект Эпсилон,11,7290,5793,32,14,0,0,0,0
2026-01-25,коллектор,объект Зита,12,2661,2643,37,30,0,0,0,0
2026-01-25,коллектор,объект Каппа,15,12070,12037,35,21,0,0,0,0
2026-01-25,коллектор,объект Йота,3218,408,0,18,0,0,0,0,0
2026-01-25,коллектор,объект Тау,3355,25,0,11,0,0,0,0,0
2026-01-25,коллектор,объект Омикрон,3359,2644,1921,18,6,0,0,0,0
2026-01-25,коллектор,объект Мю,3828,7980,7264,52,25,0,0,0,0
2026-01-25,коллектор,объект Сигма,4068,88,0,5,0,0,0,0,0
2026-01-25,коллектор,ПС объект Ро,4356,1486,1444,10,3,0,0,0,0
2026-01-25,коллектор,ПС объект Омега,4573,1465,176,408,8,79,3,0,0
2026-01-25,коллектор,объект Кси,5327,81,26,16,2,6,3,0,0
2026-01-25,листовой объект,объект Фита,20,8,0,6,0,0,0,0,0
2026-01-25,листовой объект,объект Вита,28,11,0,9,0,0,0,0,0
2026-01-25,листовой объект,объект Каппа ОС,42,27,0,13,0,0,0,0,0
2026-01-25,листовой объект,ДП объект Вита,99,1378,0,6,0,0,0,0,0
2026-01-25,листовой объект,ДП ПС объект Ро,108,38,0,3,0,0,0,0,0
2026-01-25,листовой объект,объект Бета,165,1,0,1,0,0,0,0,0
2026-01-25,листовой объект,объект Йота,3215,18,0,11,0,0,0,0,0
2026-01-25,листовой объект,ДП объект Йота,3216,382,0,3,0,0,0,0,0
2026-01-25,листовой объект,ПС объект Тау,3356,25,0,11,0,0,0,0,0
2026-01-25,листовой объект,ДУ объект Омикрон,3360,1943,1921,9,6,0,0,0,0
2026-01-25,листовой объект,ДП объект Эпсилон,3902,1486,0,12,0,0,0,0,0
2026-01-25,листовой объект,объект Эпсилон ОС,3904,3,0,3,0,0,0,0,0
2026-01-25,листовой объект,объект Пси ОС,3905,6,0,2,0,0,0,0,0
2026-01-25,листовой объект,ДП объект Сигма,4177,88,0,5,0,0,0,0,0
2026-01-25,листовой объект,ДУ ПС объект Ро,4369,1444,1444,3,3,0,0,0,0
2026-01-25,листовой объект,объект Ро,4370,4,0,4,0,0,0,0,0
2026-01-25,листовой объект,объект Омикрон,4391,3,0,3,0,0,0,0,0
2026-01-25,листовой объект,ДП объект Омикрон,4392,698,0,6,0,0,0,0,0
2026-01-25,листовой объект,ДУ объект Хи,4543,5795,5793,15,14,0,0,0,0
2026-01-25,листовой объект,Шкаф ОПС ПС объект Омега,4577,9,0,4,0,0,0,0,0
2026-01-25,листовой объект,ДУ объект Дельта,4610,376,376,3,3,0,0,0,0
2026-01-25,листовой объект,ПС объект Омега,4648,352,0,171,0,0,0,0,0
2026-01-25,листовой объект,ДУ ПС объект Омега,5003,1104,176,233,8,79,3,0,0
2026-01-25,листовой объект,ДУ объект Вита,5011,8,0,3,0,0,0,0,0
2026-01-25,листовой объект,объект Дельта,5113,4,0,4,0,0,0,0,0
2026-01-25,листовой объект,ДУ объект Альфа,5122,92159,91860,57,51,0,0,0,0
2026-01-25,листовой объект,ДП объект Альфа,5123,2,0,2,0,0,0,0,0
2026-01-25,листовой объект,ДП объект Альфа 2 этаж,5124,5,0,4,0,0,0,0,0
2026-01-25,листовой объект,объект Йота ДУ,5218,8,0,4,0,0,0,0,0
2026-01-25,листовой объект,объект Кси ПК0-ПК202,5332,7,0,3,0,0,0,0,0
2026-01-25,листовой объект,ДУ объект Кси,5333,74,26,13,2,6,3,0,0
2026-01-25,листовой объект,объект Дзета ДУ,5578,2611,2611,28,28,0,0,0,0
2026-01-25,листовой объект,объект Дзета ОС,5580,18,0,7,0,0,0,0,0
2026-01-25,листовой объект,объект Зита ДУ,5591,32,32,2,2,0,0,0,0
2026-01-25,листовой объект,объект Каппа ДУ,5657,12043,12037,22,21,0,0,0,0
2026-01-25,листовой объект,объект Мю ДП,5674,684,0,10,0,0,0,0,0
2026-01-25,листовой объект,объект Мю ДУ,5675,7270,7264,26,25,0,0,0,0
2026-01-25,листовой объект,объект Мю ОС,5676,26,0,16,0,0,0,0,0
2026-01-25,листовой объект,объект Гамма ОС,5961,1,0,1,0,0,0,0,0
2026-01-25,листовой объект,объект Гамма ДУ,5963,26,0,3,0,0,0,0,0
2026-01-26,коллектор,объект Альфа,5,101820,94195,382,54,15,2,0,0
2026-01-26,коллектор,объект Бета,6,203,0,41,0,0,0,0,0
2026-01-26,коллектор,объект Гамма,7,387,0,89,0,48,5,0,0
2026-01-26,коллектор,Комплекс объект Дельта,8,2680,307,391,4,0,0,0,0
2026-01-26,коллектор,объект Вита,9,6231,0,55,0,1,1,0,0
2026-01-26,коллектор,объект Эпсилон,11,9204,4378,68,14,0,0,0,0
2026-01-26,коллектор,объект Зита,12,3502,2839,65,28,2,2,0,0
2026-01-26,коллектор,объект Каппа,15,12477,12326,71,22,0,0,0,0
2026-01-26,коллектор,объект Йота,3218,5938,0,70,0,1,1,0,0
2026-01-26,коллектор,объект Тау,3355,95,0,41,0,6,6,0,0
2026-01-26,коллектор,объект Омикрон,3359,5388,1073,24,6,0,0,0,0
2026-01-26,коллектор,объект Мю,3828,12692,7747,1323,24,45,36,9,1
2026-01-26,коллектор,объект Сигма,4068,8,0,2,0,0,0,0,0
2026-01-26,коллектор,ПС объект Ро,4356,949,896,12,5,0,0,0,0
2026-01-26,коллектор,ПС объект Омега,4573,1499,176,129,8,53,17,0,0
2026-01-26,коллектор,объект Кси,5327,1601,16,99,3,12,1,0,0
2026-01-26,листовой объект,объект Фита,20,43,0,17,0,0,0,0,0
2026-01-26,листовой объект,объект Вита,28,51,0,7,0,0,0,0,0
2026-01-26,листовой объект,объект Каппа ОС,42,89,0,19,0,0,0,0,0
2026-01-26,листовой объект,ДП объект Вита,99,6108,0,18,0,0,0,0,0
2026-01-26,листовой объект,ДП ПС объект Ро,108,50,0,4,0,0,0,0,0
2026-01-26,листовой объект,ДП объект Бета,111,156,0,23,0,0,0,0,0
2026-01-26,листовой объект,объект Бета,165,4,0,1,0,0,0,0,0
2026-01-26,листовой объект,объект Йота,3215,2813,0,51,0,0,0,0,0
2026-01-26,листовой объект,ДП объект Йота,3216,3090,0,5,0,0,0,0,0
2026-01-26,листовой объект,Шкаф ОПС объект Йота,3250,3,0,1,0,1,1,0,0
2026-01-26,листовой объект,ПС объект Тау,3356,35,0,20,0,0,0,0,0
2026-01-26,листовой объект,ДУ объект Омикрон,3360,1093,1073,9,6,0,0,0,0
2026-01-26,листовой объект,ДУ объект Тау,3388,58,0,20,0,6,6,0,0
2026-01-26,листовой объект,ДП объект Эпсилон,3902,4792,0,42,0,0,0,0,0
2026-01-26,листовой объект,объект Эпсилон ОС,3904,11,0,4,0,0,0,0,0
2026-01-26,листовой объект,объект Пси ОС,3905,21,0,7,0,0,0,0,0
2026-01-26,листовой объект,объект Сигма,4069,2,0,1,0,0,0,0,0
2026-01-26,листовой объект,ДП объект Сигма,4177,6,0,1,0,0,0,0,0
2026-01-26,листовой объект,ДУ ПС объект Ро,4369,896,896,5,5,0,0,0,0
2026-01-26,листовой объект,объект Ро,4370,3,0,3,0,0,0,0,0
2026-01-26,листовой объект,объект Омикрон,4391,17,0,7,0,0,0,0,0
2026-01-26,листовой объект,ДП объект Омикрон,4392,4278,0,8,0,0,0,0,0
2026-01-26,листовой объект,ДУ объект Хи,4543,4380,4378,15,14,0,0,0,0
2026-01-26,листовой объект,ДП ПС объект Омега,4574,512,0,9,0,0,0,0,0
2026-01-26,листовой объект,ДУ объект Дельта,4610,643,307,128,4,0,0,0,0
2026-01-26,листовой объект,ПС объект Омега,4648,277,0,32,0,0,0,0,0
2026-01-26,листовой объект,ДУ ПС объект Омега,5003,710,176,88,8,53,17,0,0
2026-01-26,листовой объект,Шкаф ОПС ПС объект Тау,5009,2,0,1,0,0,0,0,0
2026-01-26,листовой объект,ДУ объект Вита,5011,72,0,30,0,1,1,0,0
2026-01-26,листовой объект,объект Дельта,5113,2026,0,258,0,0,0,0,0
2026-01-26,листовой объект,Шкаф ОПС объект Дельта,5114,11,0,5,0,0,0,0,0
2026-01-26,листовой объект,ДУ объект Альфа,5122,95079,94195,163,54,14,1,0,0
2026-01-26,листовой объект,ДП объект Альфа,5123,4296,0,41,0,0,0,0,0
2026-01-26,листовой объект,ДП объект Альфа 2 этаж,5124,1679,0,28,0,0,0,0,0
2026-01-26,листовой объект,ДП объект Зита,5132,7,0,7,0,0,0,0,0
2026-01-26,листовой объект,объект Йота ДУ,5218,32,0,13,0,0,0,0,0
2026-01-26,листовой объект,объект Кси ПК0-ПК202,5332,57,0,21,0,0,0,0,0
2026-01-26,листовой объект,ДУ объект Кси,5333,156,16,54,3,0,0,0,0
2026-01-26,листовой объект,ДП объект Кси,5336,1294,0,10,0,0,0,0,0
2026-01-26,листовой объект,"Шкаф ОПС, ДУ объект Кси",5338,2,0,1,0,0,0,0,0
2026-01-26,листовой объект,объект Пси,5339,688,0,142,0,1,1,0,0
2026-01-26,листовой объект,объект Пси шкаф ОПС,5340,78,0,8,0,0,0,0,0
2026-01-26,листовой объект,объект Кси ПК202-ПК302,5343,92,0,13,0,12,1,0,0
2026-01-26,листовой объект,объект Дзета ДУ,5578,2899,2819,43,26,2,2,0,0
2026-01-26,листовой объект,объект Дзета ОС,5580,51,0,11,0,0,0,0,0
2026-01-26,листовой объект,объект Дзета ПС,5581,523,0,1,0,0,0,0,0
2026-01-26,листовой объект,объект Зита ДУ,5591,20,20,2,2,0,0,0,0
2026-01-26,листовой объект,объект Дзета щит. ПК48 Г1 ПК5,5594,2,0,1,0,0,0,0,0
2026-01-26,листовой объект,объект Каппа ДУ,5657,12388,12326,52,22,0,0,0,0
2026-01-26,листовой объект,объект Мю ДП,5674,2142,0,68,0,0,0,0,0
2026-01-26,листовой объект,объект Мю ДУ,5675,7979,7747,90,24,45,36,9,1
2026-01-26,листовой объект,объект Мю ОС,5676,570,0,167,0,0,0,0,0
2026-01-26,листовой объект,объект Мю ПС,5677,1970,0,984,0,0,0,0,0
2026-01-26,листовой объект,объект Мю шкафы,5678,31,0,14,0,0,0,0,0
2026-01-26,листовой объект,объект Гамма ОС,5961,150,0,39,0,0,0,0,0
2026-01-26,листовой объект,объект Гамма ПС,5962,92,0,2,0,44,1,0,0
2026-01-26,листовой объект,объект Гамма ДУ,5963,141,0,46,0,4,4,0,0
2026-01-26,листовой объект,объект Гамма шкафы,5966,4,0,2,0,0,0,0,0
2026-01-27,коллектор,объект Альфа,5,95830,93496,98,51,1,1,0,0
2026-01-27,коллектор,объект Бета,6,353,0,85,0,0,0,0,0
2026-01-27,коллектор,объект Гамма,7,1025,105,118,26,101,4,0,0
2026-01-27,коллектор,Комплекс объект Дельта,8,5292,1439,85,6,33,21,0,0
2026-01-27,коллектор,объект Вита,9,2518,0,61,0,0,0,0,0
2026-01-27,коллектор,объект Эпсилон,11,9687,4292,114,16,25,18,0,0
2026-01-27,коллектор,объект Зита,12,2336,2273,45,26,0,0,0,0
2026-01-27,коллектор,объект Каппа,15,14858,12611,980,33,30,10,0,0
2026-01-27,коллектор,объект Йота,3218,7542,0,72,0,0,0,0,0
2026-01-27,коллектор,объект Тау,3355,151,0,54,0,9,9,0,0
2026-01-27,коллектор,объект Омикрон,3359,3402,671,100,5,11,11,0,0
2026-01-27,коллектор,объект Мю,3828,8282,6736,147,22,1,1,0,0
2026-01-27,коллектор,объект Сигма,4068,94,0,5,0,0,0,0,0
2026-01-27,коллектор,ПС объект Ро,4356,600,481,30,4,3,3,0,0
2026-01-27,коллектор,ПС объект Омега,4573,5712,208,594,8,24,16,0,0
2026-01-27,коллектор,объект Кси,5327,338,12,15,3,0,0,0,0
2026-01-27,листовой объект,объект Фита,20,79,0,34,0,0,0,0,0
2026-01-27,листовой объект,объект Вита,28,67,0,18,0,0,0,0,0
2026-01-27,листовой объект,объект Каппа ОС,42,418,0,148,0,0,0,0,0
2026-01-27,листовой объект,ДП объект Вита,99,2389,0,15,0,0,0,0,0
2026-01-27,листовой объект,ДП ПС объект Ро,108,62,0,4,0,0,0,0,0
2026-01-27,листовой объект,ДП объект Бета,111,236,0,43,0,0,0,0,0
2026-01-27,листовой объект,объект Бета,165,38,0,8,0,0,0,0,0
2026-01-27,листовой объект,объект Йота,3215,3234,0,54,0,0,0,0,0
2026-01-27,листовой объект,ДП объект Йота,3216,4278,0,5,0,0,0,0,0
2026-01-27,листовой объект,ПС объект Тау,3356,36,0,16,0,0,0,0,0
2026-01-27,листовой объект,ДУ объект Омикрон,3360,802,671,45,5,11,11,0,0
2026-01-27,листовой объект,ДУ объект Тау,3388,101,0,36,0,9,9,0,0
2026-01-27,листовой объект,ДП объект Эпсилон,3902,5481,166,67,2,25,18,0,0
2026-01-27,листовой объект,объект Эпсилон ОС,3904,8,0,3,0,0,0,0,0
2026-01-27,листовой объект,объект Пси ОС,3905,14,0,5,0,0,0,0,0
2026-01-27,листовой объект,объект Хи,4095,36,0,15,0,0,0,0,0
2026-01-27,листовой объект,ДП объект Сигма,4177,94,0,5,0,0,0,0,0
2026-01-27,листовой объект,ДУ ПС объект Ро,4369,525,481,22,4,3,3,0,0
2026-01-27,листовой объект,объект Ро,4370,9,0,3,0,0,0,0,0
2026-01-27,листовой объект,объект Омикрон,4391,396,0,47,0,0,0,0,0
2026-01-27,листовой объект,ДП объект Омикрон,4392,2202,0,7,0,0,0,0,0
2026-01-27,листовой объект,ДУ объект Хи,4543,4148,4126,24,14,0,0,0,0
2026-01-27,листовой объект,Шкаф ОПС ПС объект Ро,4569,4,0,1,0,0,0,0,0
2026-01-27,листовой объект,ДП ПС объект Омега,4574,2236,0,9,0,0,0,0,0
2026-01-27,листовой объект,Шкаф ОПС ПС объект Омега,4577,42,0,9,0,0,0,0,0
2026-01-27,листовой объект,ДУ объект Дельта,4610,1683,1439,54,6,33,21,0,0
2026-01-27,листовой объект,ПС объект Омега,4648,2480,0,343,0,16,8,0,0
2026-01-27,листовой объект,Шкаф ОПС объект Омикрон,4763,2,0,1,0,0,0,0,0
2026-01-27,листовой объект,ДУ ПС объект Омега,5003,954,208,233,8,8,8,0,0
2026-01-27,листовой объект,Шкаф ОПС ПС объект Тау,5009,14,0,2,0,0,0,0,0
2026-01-27,листовой объект,ДУ объект Вита,5011,62,0,28,0,0,0,0,0
2026-01-27,листовой объект,объект Дельта,5113,3605,0,30,0,0,0,0,0
2026-01-27,листовой объект,Шкаф ОПС объект Дельта,5114,4,0,1,0,0,0,0,0
2026-01-27,листовой объект,ДУ объект Альфа,5122,93868,93496,70,51,1,1,0,0
2026-01-27,листовой объект,ДП объект Альфа,5123,1050,0,13,0,0,0,0,0
2026-01-27,листовой объект,ДП объект Альфа 2 этаж,5124,900,0,11,0,0,0,0,0
2026-01-27,листовой объект,ДП объект Зита,5132,14,0,2,0,0,0,0,0
2026-01-27,листовой объект,объект Йота ДУ,5218,30,0,13,0,0,0,0,0
2026-01-27,листовой объект,объект Кси ПК0-ПК202,5332,5,0,2,0,0,0,0,0
2026-01-27,листовой объект,ДУ объект Кси,5333,28,12,6,3,0,0,0,0
2026-01-27,листовой объект,ДП объект Кси,5336,304,0,6,0,0,0,0,0
2026-01-27,листовой объект,объект Пси,5339,10,0,3,0,0,0,0,0
2026-01-27,листовой объект,объект Пси шкаф ОПС,5340,2,0,1,0,0,0,0,0
2026-01-27,листовой объект,объект Кси ПК202-ПК302,5343,1,0,1,0,0,0,0,0
2026-01-27,листовой объект,объект Каппа ПС,5567,1282,0,641,0,0,0,0,0
2026-01-27,листовой объект,объект Каппа шкафы,5574,6,0,3,0,0,0,0,0
2026-01-27,листовой объект,объект Дзета ДУ,5578,2261,2249,31,25,0,0,0,0
2026-01-27,листовой объект,объект Дзета ОС,5580,33,0,10,0,0,0,0,0
2026-01-27,листовой объект,объект Зита ОС,5582,4,0,1,0,0,0,0,0
2026-01-27,листовой объект,объект Зита ДУ,5591,24,24,1,1,0,0,0,0
2026-01-27,листовой объект,объект Каппа ДУ,5657,13152,12611,188,33,30,10,0,0
2026-01-27,листовой объект,объект Мю ДП,5674,890,0,14,0,0,0,0,0
2026-01-27,листовой объект,объект Мю ДУ,5675,6826,6736,57,22,1,1,0,0
2026-01-27,листовой объект,объект Мю ОС,5676,566,0,76,0,0,0,0,0
2026-01-27,листовой объект,объект Гамма ОС,5961,320,0,53,0,0,0,0,0
2026-01-27,листовой объект,объект Гамма ДУ,5963,675,105,53,26,101,4,0,0
2026-01-27,листовой объект,объект Гамма шкафы,5966,30,0,12,0,0,0,0,0
2026-01-28,коллектор,объект Альфа,5,94230,91294,163,54,7,3,0,0
2026-01-28,коллектор,объект Бета,6,1980,0,92,0,0,0,0,0
2026-01-28,коллектор,объект Гамма,7,677,1,121,1,11,3,0,0
2026-01-28,коллектор,Комплекс объект Дельта,8,2698,809,99,5,40,18,0,0
2026-01-28,коллектор,объект Вита,9,2430,0,78,0,0,0,0,0
2026-01-28,коллектор,объект Эпсилон,11,9581,4665,188,16,8,8,0,0
2026-01-28,коллектор,объект Зита,12,2331,2045,106,27,2,2,0,0
2026-01-28,коллектор,объект Каппа,15,15442,13104,1013,33,1,1,0,0
2026-01-28,коллектор,объект Йота,3218,5606,0,59,0,0,0,0,0
2026-01-28,коллектор,объект Тау,3355,168,0,43,0,9,9,0,0
2026-01-28,коллектор,объект Омикрон,3359,2713,512,67,4,9,9,0,0
2026-01-28,коллектор,объект Мю,3828,9554,6585,1150,23,1,1,0,0
2026-01-28,коллектор,объект Сигма,4068,2113,26,36,1,52,4,0,0
2026-01-28,коллектор,ПС объект Ро,4356,1832,1555,78,4,0,0,0,0
2026-01-28,коллектор,ПС объект Омега,4573,2846,256,494,8,231,53,0,0
2026-01-28,коллектор,объект Кси,5327,242,14,27,3,0,0,0,0
2026-01-28,листовой объект,объект Фита,20,1546,0,61,0,0,0,0,0
2026-01-28,листовой объект,объект Вита,28,82,0,26,0,0,0,0,0
2026-01-28,листовой объект,объект Каппа ОС,42,638,0,175,0,1,1,0,0
2026-01-28,листовой объект,ДП объект Вита,99,2258,0,16,0,0,0,0,0
2026-01-28,листовой объект,ДП ПС объект Ро,108,90,0,4,0,0,0,0,0
2026-01-28,листовой объект,ДП объект Бета,111,330,0,24,0,0,0,0,0
2026-01-28,листовой объект,объект Бета,165,104,0,7,0,0,0,0,0
2026-01-28,листовой объект,объект Йота,3215,2017,0,41,0,0,0,0,0
2026-01-28,листовой объект,ДП объект Йота,3216,3538,0,4,0,0,0,0,0
2026-01-28,листовой объект,ПС объект Тау,3356,89,0,21,0,0,0,0,0
2026-01-28,листовой объект,ДУ объект Омикрон,3360,603,512,30,4,9,9,0,0
2026-01-28,листовой объект,ДУ объект Тау,3388,77,0,21,0,9,9,0,0
2026-01-28,листовой объект,ДП объект Эпсилон,3902,4934,195,117,2,8,8,0,0
2026-01-28,листовой объект,объект Эпсилон ОС,3904,38,0,13,0,0,0,0,0
2026-01-28,листовой объект,объект Пси ОС,3905,82,0,19,0,0,0,0,0
2026-01-28,листовой объект,объект Сигма,4069,173,0,10,0,0,0,0,0
2026-01-28,листовой объект,объект Хи,4095,45,0,19,0,0,0,0,0
2026-01-28,листовой объект,ДП объект Сигма,4177,1940,26,26,1,52,4,0,0
2026-01-28,листовой объект,ДУ ПС объект Ро,4369,1645,1555,49,4,0,0,0,0
2026-01-28,листовой объект,объект Ро,4370,97,0,25,0,0,0,0,0
2026-01-28,листовой объект,объект Омикрон,4391,66,0,31,0,0,0,0,0
2026-01-28,листовой объект,ДП объект Омикрон,4392,2044,0,6,0,0,0,0,0
2026-01-28,листовой объект,ДУ объект Хи,4543,4482,4470,20,14,0,0,0,0
2026-01-28,листовой объект,ДП ПС объект Омега,4574,48,0,23,0,0,0,0,0
2026-01-28,листовой объект,Шкаф ОПС ПС объект Омега,4577,15,0,6,0,0,0,0,0
2026-01-28,листовой объект,ДУ объект Дельта,4610,1170,809,66,5,40,18,0,0
2026-01-28,листовой объект,ПС объект Омега,4648,482,0,232,0,1,1,0,0
2026-01-28,листовой объект,ДУ ПС объект Омега,5003,2301,256,233,8,230,52,0,0
2026-01-28,листовой объект,Шкаф ОПС ПС объект Тау,5009,2,0,1,0,0,0,0,0
2026-01-28,листовой объект,ДУ объект Вита,5011,90,0,36,0,0,0,0,0
2026-01-28,листовой объект,объект Дельта,5113,1528,0,33,0,0,0,0,0
2026-01-28,листовой объект,ДУ объект Альфа,5122,91711,91294,78,54,7,3,0,0
2026-01-28,листовой объект,ДП объект Альфа,5123,1354,0,41,0,0,0,0,0
2026-01-28,листовой объект,ДП объект Альфа 2 этаж,5124,1111,0,28,0,0,0,0,0
2026-01-28,листовой объект,объект Фита,5129,18,0,9,0,0,0,0,0
2026-01-28,листовой объект,ДП объект Зита,5132,44,0,13,0,0,0,0,0
2026-01-28,листовой объект,объект Йота ДУ,5218,51,0,14,0,0,0,0,0
2026-01-28,листовой объект,объект Кси ПК0-ПК202,5332,7,0,3,0,0,0,0,0
2026-01-28,листовой объект,ДУ объект Кси,5333,42,14,13,3,0,0,0,0
2026-01-28,листовой объект,ДП объект Кси,5336,174,0,7,0,0,0,0,0
2026-01-28,листовой объект,объект Пси,5339,26,0,10,0,0,0,0,0
2026-01-28,листовой объект,объект Пси шкаф ОПС,5340,28,0,6,0,0,0,0,0
2026-01-28,листовой объект,объект Кси ПК202-ПК302,5343,19,0,4,0,0,0,0,0
2026-01-28,листовой объект,объект Каппа ПС,5567,1284,0,641,0,0,0,0,0
2026-01-28,листовой объект,объект Каппа шкафы,5574,22,0,9,0,0,0,0,0
2026-01-28,листовой объект,объект Дзета ДУ,5578,2058,2002,50,25,2,2,0,0
2026-01-28,листовой объект,объект Дзета ОС,5580,160,0,29,0,0,0,0,0
2026-01-28,листовой объект,объект Зита ОС,5582,8,0,3,0,0,0,0,0
2026-01-28,листовой объект,объект Зита ДУ,5591,43,43,2,2,0,0,0,0
2026-01-28,листовой объект,объект Каппа ДУ,5657,13498,13104,188,33,0,0,0,0
2026-01-28,листовой объект,объект Мю ДП,5674,784,0,66,0,0,0,0,0
2026-01-28,листовой объект,объект Мю ДУ,5675,6615,6585,36,23,0,0,0,0
2026-01-28,листовой объект,объект Мю ОС,5676,178,0,61,0,0,0,0,0
2026-01-28,листовой объект,объект Мю ПС,5677,1966,0,982,0,1,1,0,0
2026-01-28,листовой объект,объект Мю шкафы,5678,11,0,5,0,0,0,0,0
2026-01-28,листовой объект,объект Гамма ОС,5961,503,0,71,0,0,0,0,0
2026-01-28,листовой объект,объект Гамма ПС,5962,2,0,1,0,1,1,0,0
2026-01-28,листовой объект,объект Гамма ДУ,5963,147,1,42,1,10,2,0,0
2026-01-28,листовой объект,объект Гамма шкафы,5966,25,0,7,0,0,0,0,0
2026-01-29,коллектор,объект Альфа,5,94860,92719,95,51,27,1,0,0
2026-01-29,коллектор,объект Бета,6,2289,0,62,0,0,0,0,0
2026-01-29,коллектор,объект Гамма,7,84,0,15,0,10,3,0,0
2026-01-29,коллектор,Комплекс объект Дельта,8,2801,776,214,62,14,14,7,7
2026-01-29,коллектор,объект Вита,9,6287,0,199,0,10,9,0,0
2026-01-29,коллектор,объект Эпсилон,11,8567,4581,112,16,29,27,0,0
2026-01-29,коллектор,объект Зита,12,1974,1811,61,28,22,11,0,0
2026-01-29,коллектор,объект Каппа,15,11343,11159,71,20,0,0,0,0
2026-01-29,коллектор,объект Йота,3218,4320,0,53,0,0,0,0,0
2026-01-29,коллектор,объект Тау,3355,273,0,125,0,0,0,0,0
2026-01-29,коллектор,объект Омикрон,3359,3748,2195,44,5,12,12,0,0
2026-01-29,коллектор,объект Мю,3828,8225,7458,52,23,0,0,0,0
2026-01-29,коллектор,объект Сигма,4068,225,0,7,0,0,0,0,0
2026-01-29,коллектор,ПС объект Ро,4356,563,479,22,3,3,3,0,0
2026-01-29,коллектор,ПС объект Омега,4573,1057,272,140,8,14,6,0,0
2026-01-29,коллектор,объект Кси,5327,468,17,50,4,0,0,0,0
2026-01-29,листовой объект,объект Фита,20,1593,0,29,0,0,0,0,0
2026-01-29,листовой объект,объект Вита,28,636,0,105,0,0,0,0,0
2026-01-29,листовой объект,объект Каппа ОС,42,109,0,18,0,0,0,0,0
2026-01-29,листовой объект,ДП объект Вита,99,5501,0,40,0,10,9,0,0
2026-01-29,листовой объект,ДП ПС объект Ро,108,38,0,2,0,0,0,0,0
2026-01-29,листовой объект,ДП объект Бета,111,334,0,24,0,0,0,0,0
2026-01-29,листовой объект,объект Бета,165,362,0,9,0,0,0,0,0
2026-01-29,листовой объект,объект Йота,3215,2324,0,38,0,0,0,0,0
2026-01-29,листовой объект,ДП объект Йота,3216,1976,0,5,0,0,0,0,0
2026-01-29,листовой объект,ПС объект Тау,3356,149,0,59,0,0,0,0,0
2026-01-29,листовой объект,ДУ объект Омикрон,3360,2292,2195,28,5,12,12,0,0
2026-01-29,листовой объект,ДУ объект Тау,3388,124,0,66,0,0,0,0,0
2026-01-29,листовой объект,ДП объект Эпсилон,3902,4119,175,79,2,28,26,0,0
2026-01-29,листовой объект,объект Эпсилон ОС,3904,11,0,7,0,0,0,0,0
2026-01-29,листовой объект,объект Пси ОС,3905,22,0,8,0,0,0,0,0
2026-01-29,листовой объект,объект Сигма,4069,5,0,1,0,0,0,0,0
2026-01-29,листовой объект,ДП объект Сигма,4177,220,0,6,0,0,0,0,0
2026-01-29,листовой объект,ДУ ПС объект Ро,4369,513,479,15,3,3,3,0,0
2026-01-29,листовой объект,объект Ро,4370,2,0,2,0,0,0,0,0
2026-01-29,листовой объект,объект Омикрон,4391,44,0,7,0,0,0,0,0
2026-01-29,листовой объект,ДП объект Омикрон,4392,1410,0,8,0,0,0,0,0
2026-01-29,листовой объект,ДУ объект Хи,4543,4412,4406,16,14,1,1,0,0
2026-01-29,листовой объект,Шкаф ОПС ПС объект Ро,4569,10,0,3,0,0,0,0,0
2026-01-29,листовой объект,ДП ПС объект Омега,4574,272,0,7,0,0,0,0,0
2026-01-29,листовой объект,Шкаф ОПС ПС объект Омега,4577,2,0,2,0,0,0,0,0
2026-01-29,листовой объект,ДУ объект Дельта,4610,1160,776,151,62,14,14,7,7
2026-01-29,листовой объект,ПС объект Омега,4648,148,0,43,0,0,0,0,0
2026-01-29,листовой объект,Шкаф ОПС объект Омикрон,4763,2,0,1,0,0,0,0,0
2026-01-29,листовой объект,Шкаф ОПС объект Вита,4767,48,0,11,0,0,0,0,0
2026-01-29,листовой объект,ДУ ПС объект Омега,5003,635,272,88,8,14,6,0,0
2026-01-29,листовой объект,ДУ объект Вита,5011,102,0,43,0,0,0,0,0
2026-01-29,листовой объект,объект Дельта,5113,1641,0,63,0,0,0,0,0
2026-01-29,листовой объект,ДУ объект Альфа,5122,93196,92719,73,51,27,1,0,0
2026-01-29,листовой объект,ДП объект Альфа,5123,1448,0,16,0,0,0,0,0
2026-01-29,листовой объект,ДП объект Альфа 2 этаж,5124,216,0,6,0,0,0,0,0
2026-01-29,листовой объект,ДП объект Зита,5132,8,0,2,0,0,0,0,0
2026-01-29,листовой объект,объект Йота ДУ,5218,20,0,10,0,0,0,0,0
2026-01-29,листовой объект,объект Кси ПК0-ПК202,5332,14,0,4,0,0,0,0,0
2026-01-29,листовой объект,ДУ объект Кси,5333,73,17,28,4,0,0,0,0
2026-01-29,листовой объект,ДП объект Кси,5336,320,0,8,0,0,0,0,0
2026-01-29,листовой объект,объект Кси ПК202-ПК302,5343,61,0,10,0,0,0,0,0
2026-01-29,листовой объект,Шкафы ПС объект Эпсилон,5540,3,0,2,0,0,0,0,0
2026-01-29,листовой объект,объект Каппа шкафы,5574,8,0,1,0,0,0,0,0
2026-01-29,листовой объект,объект Дзета ДУ,5578,1919,1803,47,26,22,11,0,0
2026-01-29,листовой объект,объект Дзета ОС,5580,39,0,10,0,0,0,0,0
2026-01-29,листовой объект,объект Зита ДУ,5591,8,8,2,2,0,0,0,0
2026-01-29,листовой объект,объект Каппа ДУ,5657,11226,11159,52,20,0,0,0,0
2026-01-29,листовой объект,объект Мю ДП,5674,686,0,10,0,0,0,0,0
2026-01-29,листовой объект,объект Мю ДУ,5675,7464,7458,24,23,0,0,0,0
2026-01-29,листовой объект,объект Мю ОС,5676,75,0,18,0,0,0,0,0
2026-01-29,листовой объект,объект Гамма ОС,5961,18,0,9,0,0,0,0,0
2026-01-29,листовой объект,объект Гамма ПС,5962,4,0,1,0,2,1,0,0
2026-01-29,листовой объект,объект Гамма ДУ,5963,60,0,4,0,8,2,0,0
2026-01-29,листовой объект,объект Гамма шкафы,5966,2,0,1,0,0,0,0,0
2026-01-30,коллектор,объект Альфа,5,94300,92705,92,51,3,2,0,0
2026-01-30,коллектор,объект Бета,6,2850,0,60,0,0,0,0,0
2026-01-30,коллектор,объект Гамма,7,329,0,85,0,8,2,0,0
2026-01-30,коллектор,Комплекс объект Дельта,8,1396,1,77,1,0,0,0,0
2026-01-30,коллектор,объект Вита,9,4529,0,32,0,1,1,0,0
2026-01-30,коллектор,объект Эпсилон,11,7950,4701,72,16,0,0,0,0
2026-01-30,коллектор,объект Зита,12,1733,1714,40,30,0,0,0,0
2026-01-30,коллектор,объект Каппа,15,11723,11441,82,20,1,1,0,0
2026-01-30,коллектор,объект Йота,3218,4932,0,59,0,0,0,0,0
2026-01-30,коллектор,объект Тау,3355,137,6,51,3,0,0,0,0
2026-01-30,коллектор,объект Омикрон,3359,4166,3054,22,10,1,1,0,0
2026-01-30,коллектор,объект Мю,3828,12765,7691,1249,24,374,34,0,0
2026-01-30,коллектор,объект Сигма,4068,285,0,8,0,0,0,0,0
2026-01-30,коллектор,ПС объект Ро,4356,500,447,8,3,0,0,0,0
2026-01-30,коллектор,ПС объект Омега,4573,427,128,58,8,24,11,0,0
2026-01-30,коллектор,объект Кси,5327,3239,124,1328,55,30,14,0,0
2026-01-30,листовой объект,объект Фита,20,1975,0,28,0,0,0,0,0
2026-01-30,листовой объект,объект Вита,28,28,0,12,0,0,0,0,0
2026-01-30,листовой объект,объект Каппа ОС,42,214,0,31,0,1,1,0,0
2026-01-30,листовой объект,ДП объект Вита,99,4484,0,16,0,0,0,0,0
2026-01-30,листовой объект,ДП ПС объект Ро,108,52,0,4,0,0,0,0,0
2026-01-30,листовой объект,ДП объект Бета,111,440,0,24,0,0,0,0,0
2026-01-30,листовой объект,объект Бета,165,435,0,8,0,0,0,0,0
2026-01-30,листовой объект,объект Йота,3215,2708,0,41,0,0,0,0,0
2026-01-30,листовой объект,ДП объект Йота,3216,2198,0,5,0,0,0,0,0
2026-01-30,листовой объект,ПС объект Тау,3356,47,0,14,0,0,0,0,0
2026-01-30,листовой объект,ДУ объект Омикрон,3360,3080,3054,14,10,1,1,0,0
2026-01-30,листовой объект,ДУ объект Тау,3388,90,6,37,3,0,0,0,0
2026-01-30,листовой объект,ДП объект Эпсилон,3902,3753,525,48,2,0,0,0,0
2026-01-30,листовой объект,объект Эпсилон ОС,3904,10,0,3,0,0,0,0,0
2026-01-30,листовой объект,объект Пси ОС,3905,9,0,6,0,0,0,0,0
2026-01-30,листовой объект,объект Сигма,4069,3,0,1,0,0,0,0,0
2026-01-30,листовой объект,ДП объект Сигма,4177,282,0,7,0,0,0,0,0
2026-01-30,листовой объект,ДУ ПС объект Ро,4369,447,447,3,3,0,0,0,0
2026-01-30,листовой объект,объект Ро,4370,1,0,1,0,0,0,0,0
2026-01-30,листовой объект,объект Омикрон,4391,2,0,2,0,0,0,0,0
2026-01-30,листовой объект,ДП объект Омикрон,4392,1084,0,6,0,0,0,0,0
2026-01-30,листовой объект,ДУ объект Хи,4543,4178,4176,15,14,0,0,0,0
2026-01-30,листовой объект,ДП ПС объект Омега,4574,34,0,5,0,0,0,0,0
2026-01-30,листовой объект,ДУ объект Дельта,4610,85,1,43,1,0,0,0,0
2026-01-30,листовой объект,ПС объект Омега,4648,30,0,5,0,0,0,0,0
2026-01-30,листовой объект,Шкаф ОПС объект Вита,4767,3,0,1,0,1,1,0,0
2026-01-30,листовой объект,ДУ ПС объект Омега,5003,363,128,48,8,24,11,0,0
2026-01-30,листовой объект,ДУ объект Вита,5011,14,0,3,0,0,0,0,0
2026-01-30,листовой объект,объект Дельта,5113,1311,0,34,0,0,0,0,0
2026-01-30,листовой объект,ДУ объект Альфа,5122,93104,92705,71,51,3,2,0,0
2026-01-30,листовой объект,ДП объект Альфа,5123,986,0,14,0,0,0,0,0
2026-01-30,листовой объект,ДП объект Альфа 2 этаж,5124,208,0,6,0,0,0,0,0
2026-01-30,листовой объект,объект Йота ДУ,5218,26,0,13,0,0,0,0,0
2026-01-30,листовой объект,объект Кси ПК0-ПК202,5332,1485,0,743,0,0,0,0,0
2026-01-30,листовой объект,ДУ объект Кси,5333,627,124,214,55,30,14,0,0
2026-01-30,листовой объект,ДП объект Кси,5336,350,0,11,0,0,0,0,0
2026-01-30,листовой объект,"Шкаф ОПС, ДУ объект Кси",5338,12,0,5,0,0,0,0,0
2026-01-30,листовой объект,объект Пси шкаф ОПС,5340,2,0,1,0,0,0,0,0
2026-01-30,листовой объект,объект Кси ПК202-ПК302,5343,765,0,355,0,0,0,0,0
2026-01-30,листовой объект,объект Дзета ДУ,5578,1676,1676,28,28,0,0,0,0
2026-01-30,листовой объект,объект Дзета ОС,5580,19,0,10,0,0,0,0,0
2026-01-30,листовой объект,объект Зита ДУ,5591,38,38,2,2,0,0,0,0
2026-01-30,листовой объект,объект Каппа ДУ,5657,11509,11441,51,20,0,0,0,0
2026-01-30,листовой объект,объект Мю ДП,5674,709,0,68,0,0,0,0,0
2026-01-30,листовой объект,объект Мю ДУ,5675,9745,7691,86,24,374,34,0,0
2026-01-30,листовой объект,объект Мю ОС,5676,289,0,99,0,0,0,0,0
2026-01-30,листовой объект,объект Мю ПС,5677,1993,0,984,0,0,0,0,0
2026-01-30,листовой объект,объект Мю шкафы,5678,29,0,12,0,0,0,0,0
2026-01-30,листовой объект,объект Гамма ОС,5961,153,0,44,0,0,0,0,0
2026-01-30,листовой объект,объект Гамма ПС,5962,2,0,1,0,0,0,0,0
2026-01-30,листовой объект,объект Гамма ДУ,5963,174,0,40,0,8,2,0,0
2026-01-31,коллектор,объект Альфа,5,95187,94344,72,51,2,1,0,0
2026-01-31,коллектор,объект Бета,6,486,0,71,0,0,0,0,0
2026-01-31,коллектор,объект Гамма,7,82,1,9,1,11,3,0,0
2026-01-31,коллектор,Комплекс объект Дельта,8,8,0,6,0,0,0,0,0
2026-01-31,коллектор,объект Вита,9,3307,0,183,0,0,0,0,0
2026-01-31,коллектор,объект Эпсилон,11,7207,5600,55,17,0,0,0,0
2026-01-31,коллектор,объект Зита,12,1677,1574,56,26,0,0,0,0
2026-01-31,коллектор,объект Каппа,15,13745,13711,36,20,0,0,0,0
2026-01-31,коллектор,объект Йота,3218,5598,0,40,0,0,0,0,0
2026-01-31,коллектор,объект Тау,3355,91,0,41,0,6,6,0,0
2026-01-31,коллектор,объект Омикрон,3359,3783,2236,19,7,0,0,0,0
2026-01-31,коллектор,объект Мю,3828,7241,4929,121,22,204,34,0,0
2026-01-31,коллектор,объект Сигма,4068,41,0,7,0,0,0,0,0
2026-01-31,коллектор,ПС объект Ро,4356,534,485,9,3,0,0,0,0
2026-01-31,коллектор,ПС объект Омега,4573,224,112,19,8,0,0,0,0
2026-01-31,коллектор,объект Кси,5327,23,7,8,1,0,0,0,0
2026-01-31,листовой объект,объект Фита,20,109,0,32,0,0,0,0,0
2026-01-31,листовой объект,объект Вита,28,1642,0,127,0,0,0,0,0
2026-01-31,листовой объект,объект Каппа ОС,42,28,0,15,0,0,0,0,0
2026-01-31,листовой объект,ДП объект Вита,99,1473,0,42,0,0,0,0,0
2026-01-31,листовой объект,ДП ПС объект Ро,108,46,0,3,0,0,0,0,0
2026-01-31,листовой объект,ДП объект Бета,111,256,0,28,0,0,0,0,0
2026-01-31,листовой объект,объект Бета,165,121,0,11,0,0,0,0,0
2026-01-31,листовой объект,объект Йота,3215,2730,0,24,0,0,0,0,0
2026-01-31,листовой объект,ДП объект Йота,3216,2848,0,6,0,0,0,0,0
2026-01-31,листовой объект,ПС объект Тау,3356,27,0,20,0,0,0,0,0
2026-01-31,листовой объект,ДУ объект Омикрон,3360,2260,2236,10,7,0,0,0,0
2026-01-31,листовой объект,ДУ объект Тау,3388,58,0,20,0,6,6,0,0
2026-01-31,листовой объект,ДП объект Эпсилон,3902,1881,299,31,3,0,0,0,0
2026-01-31,листовой объект,объект Эпсилон ОС,3904,4,0,2,0,0,0,0,0
2026-01-31,листовой объект,объект Пси ОС,3905,16,0,6,0,0,0,0,0
2026-01-31,листовой объект,объект Сигма,4069,3,0,2,0,0,0,0,0
2026-01-31,листовой объект,объект Хи,4095,1,0,1,0,0,0,0,0
2026-01-31,листовой объект,ДП объект Сигма,4177,38,0,5,0,0,0,0,0
2026-01-31,листовой объект,ДУ ПС объект Ро,4369,485,485,3,3,0,0,0,0
2026-01-31,листовой объект,объект Ро,4370,3,0,3,0,0,0,0,0
2026-01-31,листовой объект,объект Омикрон,4391,23,0,2,0,0,0,0,0
2026-01-31,листовой объект,ДП объект Омикрон,4392,1500,0,7,0,0,0,0,0
2026-01-31,листовой объект,ДУ объект Хи,4543,5305,5301,15,14,0,0,0,0
2026-01-31,листовой объект,ДП ПС объект Омега,4574,42,0,6,0,0,0,0,0
2026-01-31,листовой объект,Шкаф ОПС объект Вита,4767,136,0,9,0,0,0,0,0
2026-01-31,листовой объект,ДУ ПС объект Омега,5003,182,112,13,8,0,0,0,0
2026-01-31,листовой объект,Шкаф ОПС ПС объект Тау,5009,6,0,1,0,0,0,0,0
2026-01-31,листовой объект,ДУ объект Вита,5011,56,0,5,0,0,0,0,0
2026-01-31,листовой объект,объект Дельта,5113,8,0,6,0,0,0,0,0
2026-01-31,листовой объект,ДУ объект Альфа,5122,94682,94344,58,51,2,1,0,0
2026-01-31,листовой объект,ДП объект Альфа,5123,501,0,12,0,0,0,0,0
2026-01-31,листовой объект,ДП объект Альфа 2 этаж,5124,4,0,2,0,0,0,0,0
2026-01-31,листовой объект,объект Фита,5129,2,0,1,0,0,0,0,0
2026-01-31,листовой объект,ДП объект Зита,5132,8,0,3,0,0,0,0,0
2026-01-31,листовой объект,объект Йота ДУ,5218,20,0,10,0,0,0,0,0
2026-01-31,листовой объект,объект Кси ПК0-ПК202,5332,3,0,3,0,0,0,0,0
2026-01-31,листовой объект,ДУ объект Кси,5333,19,7,4,1,0,0,0,0
2026-01-31,листовой объект,объект Кси ПК202-ПК302,5343,1,0,1,0,0,0,0,0
2026-01-31,листовой объект,объект Дзета ДУ,5578,1563,1541,32,25,0,0,0,0
2026-01-31,листовой объект,объект Дзета ОС,5580,50,0,17,0,0,0,0,0
2026-01-31,листовой объект,объект Дзета ПС,5581,21,0,2,0,0,0,0,0
2026-01-31,листовой объект,объект Зита ДУ,5591,33,33,1,1,0,0,0,0
2026-01-31,листовой объект,объект Каппа ДУ,5657,13717,13711,21,20,0,0,0,0
2026-01-31,листовой объект,объект Мю ДП,5674,1040,0,9,0,0,0,0,0
2026-01-31,листовой объект,объект Мю ДУ,5675,6056,4929,85,22,204,34,0,0
2026-01-31,листовой объект,объект Мю ОС,5676,129,0,22,0,0,0,0,0
2026-01-31,листовой объект,объект Мю ПС,5677,14,0,4,0,0,0,0,0
2026-01-31,листовой объект,объект Мю шкафы,5678,2,0,1,0,0,0,0,0
2026-01-31,листовой объект,объект Гамма ОС,5961,3,0,3,0,0,0,0,0
2026-01-31,листовой объект,объект Гамма ПС,5962,2,0,1,0,1,1,0,0
2026-01-31,листовой объект,объект Гамма ДУ,5963,77,1,5,1,10,2,0,0
2026-02-01,коллектор,объект Альфа,5,97357,96297,73,51,2,1,0,0
2026-02-01,коллектор,объект Бета,6,28,0,16,0,0,0,0,0
2026-02-01,коллектор,объект Гамма,7,63,0,4,0,8,2,0,0
2026-02-01,коллектор,Комплекс объект Дельта,8,306,2,155,1,0,0,0,0
2026-02-01,коллектор,объект Вита,9,1652,0,56,0,0,0,0,0
2026-02-01,коллектор,объект Эпсилон,11,5588,4209,39,17,0,0,0,0
2026-02-01,коллектор,объект Зита,12,2654,1697,152,26,2,1,0,0
2026-02-01,коллектор,объект Каппа,15,13344,13292,38,20,0,0,0,0
2026-02-01,коллектор,объект Йота,3218,934,0,8,0,0,0,0,0
2026-02-01,коллектор,объект Тау,3355,75,0,26,0,0,0,0,0
2026-02-01,коллектор,объект Омикрон,3359,3883,2270,21,8,0,0,0,0
2026-02-01,коллектор,объект Мю,3828,8868,4916,1269,26,104,35,0,0
2026-02-01,коллектор,объект Сигма,4068,47,0,7,0,0,0,0,0
2026-02-01,коллектор,ПС объект Ро,4356,545,451,11,4,0,0,0,0
2026-02-01,коллектор,ПС объект Омега,4573,629,240,43,8,43,12,0,0
2026-02-01,коллектор,объект Кси,5327,2351,124,1165,55,0,0,0,0
2026-02-01,листовой объект,объект Фита,20,21,0,12,0,0,0,0,0
2026-02-01,листовой объект,объект Вита,28,70,0,17,0,0,0,0,0
2026-02-01,листовой объект,объект Каппа ОС,42,48,0,17,0,0,0,0,0
2026-02-01,листовой объект,ДП объект Вита,99,1498,0,14,0,0,0,0,0
2026-02-01,листовой объект,ДП ПС объект Ро,108,80,0,3,0,0,0,0,0
2026-02-01,листовой объект,ДП объект Бета,111,6,0,3,0,0,0,0,0
2026-02-01,листовой объект,объект Бета,165,1,0,1,0,0,0,0,0
2026-02-01,листовой объект,объект Йота,3215,4,0,4,0,0,0,0,0
2026-02-01,листовой объект,ДП объект Йота,3216,930,0,4,0,0,0,0,0
2026-02-01,листовой объект,ПС объект Тау,3356,67,0,18,0,0,0,0,0
2026-02-01,листовой объект,ДУ объект Омикрон,3360,2294,2270,11,8,0,0,0,0
2026-02-01,листовой объект,ДУ объект Тау,3388,8,0,8,0,0,0,0,0
2026-02-01,листовой объект,ДП объект Эпсилон,3902,1789,447,14,3,0,0,0,0
2026-02-01,листовой объект,объект Эпсилон ОС,3904,3,0,3,0,0,0,0,0
2026-02-01,листовой объект,объект Пси ОС,3905,32,0,7,0,0,0,0,0
2026-02-01,листовой объект,объект Сигма,4069,1,0,1,0,0,0,0,0
2026-02-01,листовой объект,ДП объект Сигма,4177,46,0,6,0,0,0,0,0
2026-02-01,листовой объект,ДУ ПС объект Ро,4369,451,451,4,4,0,0,0,0
2026-02-01,листовой объект,объект Ро,4370,14,0,4,0,0,0,0,0
2026-02-01,листовой объект,объект Омикрон,4391,3,0,3,0,0,0,0,0
2026-02-01,листовой объект,ДП объект Омикрон,4392,1586,0,7,0,0,0,0,0
2026-02-01,листовой объект,ДУ объект Хи,4543,3764,3762,15,14,0,0,0,0
2026-02-01,листовой объект,ДП ПС объект Омега,4574,1,0,1,0,0,0,0,0
2026-02-01,листовой объект,Шкаф ОПС ПС объект Омега,4577,2,0,1,0,0,0,0,0
2026-02-01,листовой объект,ДУ объект Дельта,4610,128,2,63,1,0,0,0,0
2026-02-01,листовой объект,ПС объект Омега,4648,16,0,4,0,0,0,0,0
2026-02-01,листовой объект,Шкаф ОПС объект Вита,4767,4,0,1,0,0,0,0,0
2026-02-01,листовой объект,Шкаф ОПС объект Зита,4770,33,0,3,0,2,1,0,0
2026-02-01,листовой объект,ДУ ПС объект Омега,5003,610,240,37,8,43,12,0,0
2026-02-01,листовой объект,ДУ объект Вита,5011,80,0,24,0,0,0,0,0
2026-02-01,листовой объект,объект Дельта,5113,173,0,89,0,0,0,0,0
2026-02-01,листовой объект,Шкаф ОПС объект Дельта,5114,5,0,3,0,0,0,0,0
2026-02-01,листовой объект,ДУ объект Альфа,5122,96668,96297,58,51,2,1,0,0
2026-02-01,листовой объект,ДП объект Альфа,5123,686,0,13,0,0,0,0,0
2026-02-01,листовой объект,ДП объект Альфа 2 этаж,5124,2,0,1,0,0,0,0,0
2026-02-01,листовой объект,объект Фита,5129,686,0,81,0,0,0,0,0
2026-02-01,листовой объект,ДП объект Зита,5132,130,0,16,0,0,0,0,0
2026-02-01,листовой объект,объект Кси ПК0-ПК202,5332,1439,0,723,0,0,0,0,0
2026-02-01,листовой объект,ДУ объект Кси,5333,330,124,151,55,0,0,0,0
2026-02-01,листовой объект,объект Пси,5339,1,0,1,0,0,0,0,0
2026-02-01,листовой объект,объект Кси ПК202-ПК302,5343,582,0,291,0,0,0,0,0
2026-02-01,листовой объект,объект Дзета ДУ,5578,1699,1691,32,25,0,0,0,0
2026-02-01,листовой объект,объект Дзета ОС,5580,80,0,18,0,0,0,0,0
2026-02-01,листовой объект,объект Дзета ПС,5581,20,0,1,0,0,0,0,0
2026-02-01,листовой объект,объект Зита ДУ,5591,6,6,1,1,0,0,0,0
2026-02-01,листовой объект,объект Каппа ДУ,5657,13296,13292,21,20,0,0,0,0
2026-02-01,листовой объект,объект Мю ДП,5674,1018,0,68,0,0,0,0,0
2026-02-01,листовой объект,объект Мю ДУ,5675,5493,4916,88,26,103,34,0,0
2026-02-01,листовой объект,объект Мю ОС,5676,367,0,123,0,0,0,0,0
2026-02-01,листовой объект,объект Мю ПС,5677,1965,0,978,0,1,1,0,0
2026-02-01,листовой объект,объект Мю шкафы,5678,25,0,12,0,0,0,0,0
2026-02-01,листовой объект,объект Гамма ДУ,5963,63,0,4,0,8,2,0,0
2026-02-02,коллектор,объект Альфа,5,96961,94208,89,51,6,1,0,0
2026-02-02,коллектор,объект Бета,6,4520,0,88,0,0,0,0,0
2026-02-02,коллектор,объект Гамма,7,309,0,76,0,4,3,0,0
2026-02-02,коллектор,Комплекс объект Дельта,8,1571,0,112,0,2,1,0,0
2026-02-02,коллектор,объект Вита,9,3780,0,104,0,0,0,0,0
2026-02-02,коллектор,объект Эпсилон,11,9049,4990,148,17,0,0,0,0
2026-02-02,коллектор,объект Зита,12,2439,1856,42,28,0,0,0,0
2026-02-02,коллектор,объект Каппа,15,15397,15150,73,20,6,1,0,0
2026-02-02,коллектор,объект Йота,3218,7553,0,74,0,2,2,0,0
2026-02-02,коллектор,объект Тау,3355,8312,0,494,0,57,36,0,0
2026-02-02,коллектор,объект Омикрон,3359,3582,2232,18,6,0,0,0,0
2026-02-02,коллектор,объект Мю,3828,10235,6778,1276,25,0,0,0,0
2026-02-02,коллектор,объект Сигма,4068,1029,0,17,0,0,0,0,0
2026-02-02,коллектор,ПС объект Ро,4356,673,636,8,4,0,0,0,0
2026-02-02,коллектор,ПС объект Омега,4573,571,192,51,8,35,6,0,0
2026-02-02,коллектор,объект Кси,5327,514,13,31,5,24,12,0,0
2026-02-02,листовой объект,объект Фита,20,2972,0,52,0,0,0,0,0
2026-02-02,листовой объект,объект Вита,28,160,0,41,0,0,0,0,0
2026-02-02,листовой объект,объект Каппа ОС,42,177,0,20,0,6,1,0,0
2026-02-02,листовой объект,ДП объект Вита,99,3496,0,19,0,0,0,0,0
2026-02-02,листовой объект,ДП ПС объект Ро,108,36,0,3,0,0,0,0,0
2026-02-02,листовой объект,ДП объект Бета,111,638,0,28,0,0,0,0,0
2026-02-02,листовой объект,объект Бета,165,910,0,8,0,0,0,0,0
2026-02-02,листовой объект,объект Йота,3215,3063,0,41,0,0,0,0,0
2026-02-02,листовой объект,ДП объект Йота,3216,4406,0,5,0,0,0,0,0
2026-02-02,листовой объект,Шкаф ОПС объект Йота,3250,12,0,2,0,0,0,0,0
2026-02-02,листовой объект,ПС объект Тау,3356,8186,0,436,0,57,36,0,0
2026-02-02,листовой объект,ДУ объект Омикрон,3360,2252,2232,9,6,0,0,0,0
2026-02-02,листовой объект,ДУ объект Тау,3388,120,0,55,0,0,0,0,0
2026-02-02,листовой объект,ДП объект Эпсилон,3902,4206,254,98,3,0,0,0,0
2026-02-02,листовой объект,объект Эпсилон ОС,3904,56,0,14,0,0,0,0,0
2026-02-02,листовой объект,объект Пси ОС,3905,49,0,21,0,0,0,0,0
2026-02-02,листовой объект,объект Сигма,4069,33,0,4,0,0,0,0,0
2026-02-02,листовой объект,ДП объект Сигма,4177,996,0,13,0,0,0,0,0
2026-02-02,листовой объект,ДУ ПС объект Ро,4369,636,636,4,4,0,0,0,0
2026-02-02,листовой объект,объект Ро,4370,1,0,1,0,0,0,0,0
2026-02-02,листовой объект,объект Омикрон,4391,18,0,3,0,0,0,0,0
2026-02-02,листовой объект,ДП объект Омикрон,4392,1312,0,6,0,0,0,0,0
2026-02-02,листовой объект,ДУ объект Хи,4543,4738,4736,15,14,0,0,0,0
2026-02-02,листовой объект,ДП ПС объект Омега,4574,5,0,2,0,0,0,0,0
2026-02-02,листовой объект,ДУ объект Дельта,4610,106,0,46,0,2,1,0,0
2026-02-02,листовой объект,ПС объект Омега,4648,24,0,5,0,0,0,0,0
2026-02-02,листовой объект,Шкаф ОПС объект Зита,4770,2,0,1,0,0,0,0,0
2026-02-02,листовой объект,ДУ ПС объект Омега,5003,542,192,44,8,35,6,0,0
2026-02-02,листовой объект,Шкаф ОПС ПС объект Тау,5009,6,0,3,0,0,0,0,0
2026-02-02,листовой объект,ДУ объект Вита,5011,124,0,44,0,0,0,0,0
2026-02-02,листовой объект,объект Дельта,5113,1465,0,66,0,0,0,0,0
2026-02-02,листовой объект,ДУ объект Альфа,5122,94629,94208,58,51,6,1,0,0
2026-02-02,листовой объект,ДП объект Альфа,5123,1185,0,15,0,0,0,0,0
2026-02-02,листовой объект,ДП объект Альфа 2 этаж,5124,1146,0,15,0,0,0,0,0
2026-02-02,листовой объект,объект Фита,5129,1,0,1,0,0,0,0,0
2026-02-02,листовой объект,объект Йота ДУ,5218,72,0,26,0,2,2,0,0
2026-02-02,листовой объект,объект Кси ПК0-ПК202,5332,6,0,3,0,0,0,0,0
2026-02-02,листовой объект,ДУ объект Кси,5333,118,13,21,5,24,12,0,0
2026-02-02,листовой объект,ДП объект Кси,5336,390,0,7,0,0,0,0,0
2026-02-02,листовой объект,объект Пси,5339,1,0,1,0,0,0,0,0
2026-02-02,листовой объект,объект Дзета ДУ,5578,1852,1850,28,26,0,0,0,0
2026-02-02,листовой объект,объект Дзета ОС,5580,29,0,9,0,0,0,0,0
2026-02-02,листовой объект,объект Зита ДУ,5591,6,6,2,2,0,0,0,0
2026-02-02,листовой объект,объект Дзета щит. ПК48 Г1 ПК5,5594,549,0,1,0,0,0,0,0
2026-02-02,листовой объект,объект Каппа ДУ,5657,15220,15150,53,20,0,0,0,0
2026-02-02,листовой объект,объект Мю ДП,5674,876,0,68,0,0,0,0,0
2026-02-02,листовой объект,объект Мю ДУ,5675,6808,6778,37,25,0,0,0,0
2026-02-02,листовой объект,объект Мю ОС,5676,565,0,180,0,0,0,0,0
2026-02-02,листовой объект,объект Мю ПС,5677,1954,0,977,0,0,0,0,0
2026-02-02,листовой объект,объект Мю шкафы,5678,32,0,14,0,0,0,0,0
2026-02-02,листовой объект,объект Гамма ОС,5961,174,0,33,0,0,0,0,0
2026-02-02,листовой объект,объект Гамма ПС,5962,14,0,2,0,0,0,0,0
2026-02-02,листовой объект,объект Гамма ДУ,5963,121,0,41,0,4,3,0,0
2026-02-03,коллектор,объект Альфа,5,101581,96818,118,51,19,1,0,0
2026-02-03,коллектор,объект Бета,6,1452,0,109,0,0,0,0,0
2026-02-03,коллектор,объект Гамма,7,762,10,19,5,104,3,0,0
2026-02-03,коллектор,Комплекс объект Дельта,8,9656,6365,193,62,82,60,67,48
2026-02-03,коллектор,объект Вита,9,5621,0,38,0,6,6,0,0
2026-02-03,коллектор,объект Эпсилон,11,9082,4570,96,16,2,2,0,0
2026-02-03,коллектор,объект Зита,12,1939,1779,56,29,2,2,0,0
2026-02-03,коллектор,объект Каппа,15,15375,14727,292,26,0,0,0,0
2026-02-03,коллектор,объект Йота,3218,3759,0,44,0,0,0,0,0
2026-02-03,коллектор,объект Тау,3355,12748,0,590,0,213,53,0,0
2026-02-03,коллектор,объект Омикрон,3359,9517,2743,99,6,0,0,0,0
2026-02-03,коллектор,объект Мю,3828,10669,7084,1183,24,16,16,0,0
2026-02-03,коллектор,объект Сигма,4068,239,0,22,0,0,0,0,0
2026-02-03,коллектор,ПС объект Ро,4356,844,509,119,5,0,0,0,0
2026-02-03,коллектор,ПС объект Омега,4573,408,240,20,8,2,2,0,0
2026-02-03,коллектор,объект Кси,5327,2990,124,1246,55,0,0,0,0
2026-02-03,листовой объект,объект Фита,20,619,0,55,0,0,0,0,0
2026-02-03,листовой объект,объект Вита,28,502,0,10,0,0,0,0,0
2026-02-03,листовой объект,объект Каппа ОС,42,366,0,148,0,0,0,0,0
2026-02-03,листовой объект,ДП объект Вита,99,5013,0,16,0,0,0,0,0
2026-02-03,листовой объект,ДП ПС объект Ро,108,54,0,5,0,0,0,0,0
2026-02-03,листовой объект,ДП объект Бета,111,292,0,43,0,0,0,0,0
2026-02-03,листовой объект,объект Бета,165,539,0,10,0,0,0,0,0
2026-02-03,листовой объект,объект Йота,3215,1613,0,29,0,0,0,0,0
2026-02-03,листовой объект,ДП объект Йота,3216,2124,0,4,0,0,0,0,0
2026-02-03,листовой объект,Шкаф ОПС объект Йота,3250,2,0,1,0,0,0,0,0
2026-02-03,листовой объект,ПС объект Тау,3356,12598,0,518,0,213,53,0,0
2026-02-03,листовой объект,ДУ объект Омикрон,3360,2821,2743,33,6,0,0,0,0
2026-02-03,листовой объект,ДУ объект Тау,3388,134,0,67,0,0,0,0,0
2026-02-03,листовой объект,ДП объект Эпсилон,3902,4262,314,54,2,2,2,0,0
2026-02-03,листовой объект,объект Эпсилон ОС,3904,11,0,7,0,0,0,0,0
2026-02-03,листовой объект,объект Пси ОС,3905,551,0,20,0,0,0,0,0
2026-02-03,листовой объект,объект Сигма,4069,51,0,8,0,0,0,0,0
2026-02-03,листовой объект,ДП объект Сигма,4177,188,0,14,0,0,0,0,0
2026-02-03,листовой объект,ДУ ПС объект Ро,4369,609,509,55,5,0,0,0,0
2026-02-03,листовой объект,объект Ро,4370,175,0,57,0,0,0,0,0
2026-02-03,листовой объект,объект Омикрон,4391,904,0,58,0,0,0,0,0
2026-02-03,листовой объект,ДП объект Омикрон,4392,5792,0,8,0,0,0,0,0
2026-02-03,листовой объект,ДУ объект Хи,4543,4258,4256,15,14,0,0,0,0
2026-02-03,листовой объект,Шкаф ОПС ПС объект Ро,4569,6,0,2,0,0,0,0,0
2026-02-03,листовой объект,Шкаф ОПС ПС объект Омега,4577,2,0,1,0,0,0,0,0
2026-02-03,листовой объект,ДУ объект Дельта,4610,6587,6365,121,62,82,60,67,48
2026-02-03,листовой объект,ПС объект Омега,4648,2,0,1,0,0,0,0,0
2026-02-03,листовой объект,Шкаф ОПС объект Бета,4765,2,0,1,0,0,0,0,0
2026-02-03,листовой объект,Шкаф ОПС объект Вита,4767,8,0,2,0,0,0,0,0
2026-02-03,листовой объект,ДУ ПС объект Омега,5003,404,240,18,8,2,2,0,0
2026-02-03,листовой объект,Шкаф ОПС ПС объект Тау,5009,16,0,5,0,0,0,0,0
2026-02-03,листовой объект,ДУ объект Вита,5011,98,0,10,0,6,6,0,0
2026-02-03,листовой объект,объект Дельта,5113,3069,0,72,0,0,0,0,0
2026-02-03,листовой объект,ДУ объект Альфа,5122,97329,96818,75,51,19,1,0,0
2026-02-03,листовой объект,ДП объект Альфа,5123,2219,0,19,0,0,0,0,0
2026-02-03,листовой объект,ДП объект Альфа 2 этаж,5124,1169,0,14,0,0,0,0,0
2026-02-03,листовой объект,объект Фита,5129,6,0,3,0,2,2,0,0
2026-02-03,листовой объект,ДП объект Зита,5132,118,0,10,0,0,0,0,0
2026-02-03,листовой объект,объект Йота ДУ,5218,20,0,10,0,0,0,0,0
2026-02-03,листовой объект,объект Кси ПК0-ПК202,5332,1551,0,748,0,0,0,0,0
2026-02-03,листовой объект,ДУ объект Кси,5333,439,124,182,55,0,0,0,0
2026-02-03,листовой объект,ДП объект Кси,5336,372,0,8,0,0,0,0,0
2026-02-03,листовой объект,объект Пси,5339,864,0,10,0,0,0,0,0
2026-02-03,листовой объект,объект Кси ПК202-ПК302,5343,628,0,308,0,0,0,0,0
2026-02-03,листовой объект,объект Каппа шкафы,5574,16,0,7,0,0,0,0,0
2026-02-03,листовой объект,объект Дзета ДУ,5578,1765,1747,36,27,0,0,0,0
2026-02-03,листовой объект,объект Дзета ОС,5580,18,0,5,0,0,0,0,0
2026-02-03,листовой объект,объект Зита ДУ,5591,32,32,2,2,0,0,0,0
2026-02-03,листовой объект,объект Каппа ДУ,5657,14993,14727,137,26,0,0,0,0
2026-02-03,листовой объект,объект Мю ДП,5674,1278,0,68,0,0,0,0,0
2026-02-03,листовой объект,объект Мю ДУ,5675,7155,7084,43,24,16,16,0,0
2026-02-03,листовой объект,объект Мю ОС,5676,262,0,86,0,0,0,0,0
2026-02-03,листовой объект,объект Мю ПС,5677,1954,0,977,0,0,0,0,0
2026-02-03,листовой объект,объект Мю шкафы,5678,20,0,9,0,0,0,0,0
2026-02-03,листовой объект,объект Гамма ОС,5961,133,0,5,0,0,0,0,0
2026-02-03,листовой объект,объект Гамма ДУ,5963,629,10,14,5,104,3,0,0
2026-02-04,коллектор,объект Альфа,5,100068,94771,191,51,82,29,0,0
2026-02-04,коллектор,объект Бета,6,1471,0,59,0,0,0,0,0
2026-02-04,коллектор,объект Гамма,7,56,0,4,0,8,2,0,0
2026-02-04,коллектор,Комплекс объект Дельта,8,18300,16508,147,47,0,0,0,0
2026-02-04,коллектор,объект Вита,9,3664,0,47,0,0,0,0,0
2026-02-04,коллектор,объект Эпсилон,11,10153,5509,112,16,12,12,0,0
2026-02-04,коллектор,объект Зита,12,2896,2454,123,27,0,0,0,0
2026-02-04,коллектор,объект Каппа,15,18273,14424,1034,33,20,10,0,0
2026-02-04,коллектор,объект Йота,3218,4859,0,49,0,0,0,0,0
2026-02-04,коллектор,объект Тау,3355,9,0,5,0,0,0,0,0
2026-02-04,коллектор,объект Омикрон,3359,6365,2172,43,7,12,12,0,0
2026-02-04,коллектор,объект Мю,3828,10754,7611,1201,24,1,1,0,0
2026-02-04,коллектор,объект Сигма,4068,104,0,5,0,0,0,0,0
2026-02-04,коллектор,ПС объект Ро,4356,360,271,20,3,0,0,0,0
2026-02-04,коллектор,ПС объект Омега,4573,809,272,197,8,0,0,0,0
2026-02-04,коллектор,объект Кси,5327,615,7,62,2,0,0,0,0
2026-02-04,листовой объект,объект Фита,20,750,0,27,0,0,0,0,0
2026-02-04,листовой объект,объект Вита,28,52,0,17,0,0,0,0,0
2026-02-04,листовой объект,объект Каппа ОС,42,757,0,195,0,0,0,0,0
2026-02-04,листовой объект,ДП объект Вита,99,3526,0,17,0,0,0,0,0
2026-02-04,листовой объект,ДП ПС объект Ро,108,65,0,5,0,0,0,0,0
2026-02-04,листовой объект,ДП объект Бета,111,226,0,24,0,0,0,0,0
2026-02-04,листовой объект,объект Бета,165,495,0,8,0,0,0,0,0
2026-02-04,листовой объект,объект Йота,3215,1917,0,31,0,0,0,0,0
2026-02-04,листовой объект,ДП объект Йота,3216,2932,0,8,0,0,0,0,0
2026-02-04,листовой объект,ПС объект Тау,3356,9,0,5,0,0,0,0,0
2026-02-04,листовой объект,ДУ объект Омикрон,3360,2267,2172,32,7,12,12,0,0
2026-02-04,листовой объект,ДП объект Эпсилон,3902,4961,375,81,2,11,11,0,0
2026-02-04,листовой объект,объект Эпсилон ОС,3904,37,0,10,0,0,0,0,0
2026-02-04,листовой объект,объект Пси ОС,3905,13,0,4,0,0,0,0,0
2026-02-04,листовой объект,ДП объект Сигма,4177,104,0,5,0,0,0,0,0
2026-02-04,листовой объект,ДУ ПС объект Ро,4369,293,271,14,3,0,0,0,0
2026-02-04,листовой объект,объект Ро,4370,2,0,1,0,0,0,0,0
2026-02-04,листовой объект,объект Омикрон,4391,10,0,2,0,0,0,0,0
2026-02-04,листовой объект,ДП объект Омикрон,4392,4084,0,8,0,0,0,0,0
2026-02-04,листовой объект,ДУ объект Хи,4543,5140,5134,16,14,1,1,0,0
2026-02-04,листовой объект,Шкаф ОПС ПС объект Омега,4577,3,0,3,0,0,0,0,0
2026-02-04,листовой объект,ДУ объект Дельта,4610,16593,16508,91,47,0,0,0,0
2026-02-04,листовой объект,ПС объект Омега,4648,62,0,31,0,0,0,0,0
2026-02-04,листовой объект,Шкаф ОПС объект Омикрон,4763,4,0,1,0,0,0,0,0
2026-02-04,листовой объект,ДУ ПС объект Омега,5003,744,272,163,8,0,0,0,0
2026-02-04,листовой объект,ДУ объект Вита,5011,86,0,13,0,0,0,0,0
2026-02-04,листовой объект,объект Дельта,5113,1707,0,56,0,0,0,0,0
2026-02-04,листовой объект,ДУ объект Альфа,5122,95550,94771,105,51,64,11,0,0
2026-02-04,листовой объект,ДП объект Альфа,5123,2911,0,41,0,12,12,0,0
2026-02-04,листовой объект,ДП объект Альфа 2 этаж,5124,1491,0,27,0,6,6,0,0
2026-02-04,листовой объект,объект Фита,5129,22,0,9,0,0,0,0,0
2026-02-04,листовой объект,ДП объект Зита,5132,106,0,16,0,0,0,0,0
2026-02-04,листовой объект,объект Йота ДУ,5218,10,0,10,0,0,0,0,0
2026-02-04,листовой объект,объект Кси ПК0-ПК202,5332,28,0,4,0,0,0,0,0
2026-02-04,листовой объект,ДУ объект Кси,5333,113,7,40,2,0,0,0,0
2026-02-04,листовой объект,ДП объект Кси,5336,436,0,9,0,0,0,0,0
2026-02-04,листовой объект,объект Пси,5339,100,0,15,0,0,0,0,0
2026-02-04,листовой объект,объект Пси шкаф ОПС,5340,16,0,3,0,0,0,0,0
2026-02-04,листовой объект,объект Кси ПК202-ПК302,5343,38,0,9,0,0,0,0,0
2026-02-04,листовой объект,Шкафы ПС объект Эпсилон,5540,2,0,1,0,0,0,0,0
2026-02-04,листовой объект,объект Каппа ПС,5567,2266,0,641,0,0,0,0,0
2026-02-04,листовой объект,объект Каппа шкафы,5574,27,0,10,0,0,0,0,0
2026-02-04,листовой объект,объект Дзета ДУ,5578,2441,2405,46,26,0,0,0,0
2026-02-04,листовой объект,объект Дзета шкафы,5579,4,0,1,0,0,0,0,0
2026-02-04,листовой объект,объект Дзета ОС,5580,108,0,30,0,0,0,0,0
2026-02-04,листовой объект,объект Зита ОС,5582,24,0,8,0,0,0,0,0
2026-02-04,листовой объект,объект Зита ПС,5583,4,0,2,0,0,0,0,0
2026-02-04,листовой объект,объект Зита ДУ,5591,57,49,4,1,0,0,0,0
2026-02-04,листовой объект,объект Зита шкафы,5593,4,0,2,0,0,0,0,0
2026-02-04,листовой объект,объект Дзета щит. ПК48 Г1 ПК5,5594,126,0,5,0,0,0,0,0
2026-02-04,листовой объект,объект Каппа ДУ,5657,15223,14424,188,33,20,10,0,0
2026-02-04,листовой объект,объект Мю ДП,5674,710,0,68,0,0,0,0,0
2026-02-04,листовой объект,объект Мю ДУ,5675,7636,7611,33,24,1,1,0,0
2026-02-04,листовой объект,объект Мю ОС,5676,430,0,111,0,0,0,0,0
2026-02-04,листовой объект,объект Мю ПС,5677,1954,0,977,0,0,0,0,0
2026-02-04,листовой объект,объект Мю шкафы,5678,24,0,12,0,0,0,0,0
2026-02-04,листовой объект,объект Гамма ДУ,5963,56,0,4,0,8,2,0,0
2026-02-05,коллектор,объект Альфа,5,96870,94454,96,50,49,1,0,0
2026-02-05,коллектор,объект Бета,6,259,0,18,0,0,0,0,0
2026-02-05,коллектор,объект Гамма,7,381,3,88,3,9,3,0,0
2026-02-05,коллектор,Комплекс объект Дельта,8,16017,14087,112,42,16,3,0,0
2026-02-05,коллектор,объект Вита,9,3231,0,32,0,0,0,0,0
2026-02-05,коллектор,объект Эпсилон,11,11582,5338,144,16,0,0,0,0
2026-02-05,коллектор,объект Зита,12,2297,2204,46,25,0,0,0,0
2026-02-05,коллектор,объект Каппа,15,15586,15460,71,19,0,0,0,0
2026-02-05,коллектор,объект Йота,3218,5080,0,60,0,0,0,0,0
2026-02-05,коллектор,объект Тау,3355,57,0,26,0,0,0,0,0
2026-02-05,коллектор,объект Омикрон,3359,5015,2913,31,7,0,0,0,0
2026-02-05,коллектор,объект Мю,3828,9457,7724,75,24,0,0,0,0
2026-02-05,коллектор,объект Сигма,4068,40,0,4,0,0,0,0,0
2026-02-05,коллектор,ПС объект Ро,4356,172,10,35,2,0,0,0,0
2026-02-05,коллектор,ПС объект Омега,4573,1908,144,159,8,33,10,0,0
2026-02-05,коллектор,объект Кси,5327,2662,135,1170,55,0,0,0,0
2026-02-05,листовой объект,объект Фита,20,22,0,9,0,0,0,0,0
2026-02-05,листовой объект,объект Вита,28,21,0,4,0,0,0,0,0
2026-02-05,листовой объект,объект Каппа ОС,42,50,0,13,0,0,0,0,0
2026-02-05,листовой объект,ДП объект Вита,99,3130,0,16,0,0,0,0,0
2026-02-05,листовой объект,ДП ПС объект Ро,108,102,0,4,0,0,0,0,0
2026-02-05,листовой объект,ДП объект Бета,111,230,0,5,0,0,0,0,0
2026-02-05,листовой объект,объект Бета,165,7,0,4,0,0,0,0,0
2026-02-05,листовой объект,объект Йота,3215,3108,0,41,0,0,0,0,0
2026-02-05,листовой объект,ДП объект Йота,3216,1936,0,6,0,0,0,0,0
2026-02-05,листовой объект,ПС объект Тау,3356,48,0,17,0,0,0,0,0
2026-02-05,листовой объект,ДУ объект Омикрон,3360,2953,2913,20,7,0,0,0,0
2026-02-05,листовой объект,ДУ объект Тау,3388,9,0,9,0,0,0,0,0
2026-02-05,листовой объект,ДП объект Эпсилон,3902,4991,233,56,2,0,0,0,0
2026-02-05,листовой объект,объект Эпсилон ОС,3904,10,0,4,0,0,0,0,0
2026-02-05,листовой объект,объект Пси ОС,3905,5,0,5,0,0,0,0,0
2026-02-05,листовой объект,объект Хи,4095,1433,0,51,0,0,0,0,0
2026-02-05,листовой объект,ДП объект Сигма,4177,40,0,4,0,0,0,0,0
2026-02-05,листовой объект,ДУ ПС объект Ро,4369,66,10,30,2,0,0,0,0
2026-02-05,листовой объект,объект Ро,4370,4,0,1,0,0,0,0,0
2026-02-05,листовой объект,объект Омикрон,4391,18,0,5,0,0,0,0,0
2026-02-05,листовой объект,ДП объект Омикрон,4392,2044,0,6,0,0,0,0,0
2026-02-05,листовой объект,Шкаф ОПС объект Хи,4541,18,0,4,0,0,0,0,0
2026-02-05,листовой объект,ДУ объект Хи,4543,5125,5105,24,14,0,0,0,0
2026-02-05,листовой объект,ДП ПС объект Омега,4574,1070,0,24,0,4,4,0,0
2026-02-05,листовой объект,Шкаф ОПС ПС объект Омега,4577,2,0,1,0,0,0,0,0
2026-02-05,листовой объект,ДУ объект Дельта,4610,14255,14087,72,42,16,3,0,0
2026-02-05,листовой объект,ПС объект Омега,4648,235,0,49,0,0,0,0,0
2026-02-05,листовой объект,ДУ ПС объект Омега,5003,601,144,85,8,29,6,0,0
2026-02-05,листовой объект,ДУ объект Вита,5011,80,0,12,0,0,0,0,0
2026-02-05,листовой объект,объект Дельта,5113,1762,0,40,0,0,0,0,0
2026-02-05,листовой объект,ДУ объект Альфа,5122,95004,94454,69,50,49,1,0,0
2026-02-05,листовой объект,ДП объект Альфа,5123,1047,0,14,0,0,0,0,0
2026-02-05,листовой объект,ДП объект Альфа 2 этаж,5124,815,0,12,0,0,0,0,0
2026-02-05,листовой объект,объект Фита,5129,3,0,3,0,0,0,0,0
2026-02-05,листовой объект,ДП объект Зита,5132,47,0,6,0,0,0,0,0
2026-02-05,листовой объект,объект Йота ДУ,5218,36,0,13,0,0,0,0,0
2026-02-05,листовой объект,объект Кси ПК0-ПК202,5332,1453,0,727,0,0,0,0,0
2026-02-05,листовой объект,ДУ объект Кси,5333,318,135,142,55,0,0,0,0
2026-02-05,листовой объект,ДП объект Кси,5336,304,0,6,0,0,0,0,0
2026-02-05,листовой объект,объект Пси,5339,4,0,1,0,0,0,0,0
2026-02-05,листовой объект,объект Кси ПК202-ПК302,5343,587,0,295,0,0,0,0,0
2026-02-05,листовой объект,объект Дзета ДУ,5578,2208,2200,25,23,0,0,0,0
2026-02-05,листовой объект,объект Дзета шкафы,5579,2,0,1,0,0,0,0,0
2026-02-05,листовой объект,объект Дзета ОС,5580,26,0,7,0,0,0,0,0
2026-02-05,листовой объект,объект Дзета ПС,5581,6,0,1,0,0,0,0,0
2026-02-05,листовой объект,объект Зита ДУ,5591,4,4,2,2,0,0,0,0
2026-02-05,листовой объект,объект Дзета щит. ПК48 Г1 ПК5,5594,1,0,1,0,0,0,0,0
2026-02-05,листовой объект,объект Каппа ДУ,5657,15536,15460,58,19,0,0,0,0
2026-02-05,листовой объект,объект Мю ДП,5674,1584,0,13,0,0,0,0,0
2026-02-05,листовой объект,объект Мю ДУ,5675,7752,7724,36,24,0,0,0,0
2026-02-05,листовой объект,объект Мю ОС,5676,121,0,26,0,0,0,0,0
2026-02-05,листовой объект,объект Гамма ОС,5961,186,0,39,0,0,0,0,0
2026-02-05,листовой объект,объект Гамма ДУ,5963,193,3,48,3,9,3,0,0
2026-02-05,листовой объект,объект Гамма шкафы,5966,2,0,1,0,0,0,0,0
2026-02-06,коллектор,объект Альфа,5,96950,94665,101,50,53,1,0,0
2026-02-06,коллектор,объект Бета,6,171,0,13,0,0,0,0,0
2026-02-06,коллектор,объект Гамма,7,190,0,48,0,9,4,0,0
2026-02-06,коллектор,Комплекс объект Дельта,8,15867,13975,122,41,24,12,0,0
2026-02-06,коллектор,объект Вита,9,5106,0,39,0,0,0,0,0
2026-02-06,коллектор,объект Эпсилон,11,13048,6325,149,17,0,0,0,0
2026-02-06,коллектор,объект Зита,12,3081,2817,55,27,1,1,0,0
2026-02-06,коллектор,объект Каппа,15,15690,15555,64,19,0,0,0,0
2026-02-06,коллектор,объект Йота,3218,5423,0,46,0,0,0,0,0
2026-02-06,коллектор,объект Тау,3355,27,0,15,0,0,0,0,0
2026-02-06,коллектор,объект Омикрон,3359,4783,2734,20,7,0,0,0,0
2026-02-06,коллектор,объект Мю,3828,10741,7511,1243,23,0,0,0,0
2026-02-06,коллектор,объект Сигма,4068,39,0,5,0,0,0,0,0
2026-02-06,коллектор,ПС объект Ро,4356,725,692,8,5,0,0,0,0
2026-02-06,коллектор,ПС объект Омега,4573,1020,272,36,8,174,5,0,0
2026-02-06,коллектор,объект Кси,5327,382,2,14,1,0,0,0,0
2026-02-06,листовой объект,объект Фита,20,47,0,7,0,0,0,0,0
2026-02-06,листовой объект,объект Вита,28,23,0,10,0,0,0,0,0
2026-02-06,листовой объект,объект Каппа ОС,42,71,0,14,0,0,0,0,0
2026-02-06,листовой объект,ДП объект Вита,99,5043,0,15,0,0,0,0,0
2026-02-06,листовой объект,ДП ПС объект Ро,108,32,0,2,0,0,0,0,0
2026-02-06,листовой объект,ДП объект Бета,111,120,0,5,0,0,0,0,0
2026-02-06,листовой объект,объект Бета,165,4,0,1,0,0,0,0,0
2026-02-06,листовой объект,объект Йота,3215,2179,0,31,0,0,0,0,0
2026-02-06,листовой объект,ДП объект Йота,3216,3224,0,5,0,0,0,0,0
2026-02-06,листовой объект,ПС объект Тау,3356,8,0,4,0,0,0,0,0
2026-02-06,листовой объект,ДУ объект Омикрон,3360,2756,2734,10,7,0,0,0,0
2026-02-06,листовой объект,ДУ объект Тау,3388,9,0,9,0,0,0,0,0
2026-02-06,листовой объект,ДП объект Эпсилон,3902,5972,528,58,3,0,0,0,0
2026-02-06,листовой объект,объект Эпсилон ОС,3904,26,0,5,0,0,0,0,0
2026-02-06,листовой объект,объект Пси ОС,3905,27,0,3,0,0,0,0,0
2026-02-06,листовой объект,объект Сигма,4069,1,0,1,0,0,0,0,0
2026-02-06,листовой объект,объект Хи,4095,1120,0,51,0,0,0,0,0
2026-02-06,листовой объект,ДП объект Сигма,4177,38,0,4,0,0,0,0,0
2026-02-06,листовой объект,ДУ ПС объект Ро,4369,692,692,5,5,0,0,0,0
2026-02-06,листовой объект,объект Ро,4370,1,0,1,0,0,0,0,0
2026-02-06,листовой объект,объект Омикрон,4391,11,0,3,0,0,0,0,0
2026-02-06,листовой объект,ДП объект Омикрон,4392,2016,0,7,0,0,0,0,0
2026-02-06,листовой объект,Шкаф ОПС объект Хи,4541,50,0,6,0,0,0,0,0
2026-02-06,листовой объект,ДУ объект Хи,4543,5843,5797,25,14,0,0,0,0
2026-02-06,листовой объект,Шкаф ОПС ПС объект Омега,4577,2,0,1,0,0,0,0,0
2026-02-06,листовой объект,ДУ объект Дельта,4610,14193,13975,94,41,24,12,0,0
2026-02-06,листовой объект,ПС объект Омега,4648,244,0,6,0,106,1,0,0
2026-02-06,листовой объект,Шкаф ОПС объект Зита,4770,3,0,1,0,1,1,0,0
2026-02-06,листовой объект,ДУ ПС объект Омега,5003,774,272,29,8,68,4,0,0
2026-02-06,листовой объект,Шкаф ОПС ПС объект Тау,5009,10,0,2,0,0,0,0,0
2026-02-06,листовой объект,ДУ объект Вита,5011,40,0,14,0,0,0,0,0
2026-02-06,листовой объект,объект Дельта,5113,1667,0,27,0,0,0,0,0
2026-02-06,листовой объект,Шкаф ОПС объект Дельта,5114,7,0,1,0,0,0,0,0
2026-02-06,листовой объект,ДУ объект Альфа,5122,95247,94665,73,50,53,1,0,0
2026-02-06,листовой объект,ДП объект Альфа,5123,1413,0,16,0,0,0,0,0
2026-02-06,листовой объект,ДП объект Альфа 2 этаж,5124,270,0,8,0,0,0,0,0
2026-02-06,листовой объект,объект Фита,5129,6,0,3,0,0,0,0,0
2026-02-06,листовой объект,ДП объект Зита,5132,42,0,15,0,0,0,0,0
2026-02-06,листовой объект,объект Йота ДУ,5218,20,0,10,0,0,0,0,0
2026-02-06,листовой объект,объект Кси ПК0-ПК202,5332,2,0,2,0,0,0,0,0
2026-02-06,листовой объект,ДУ объект Кси,5333,15,2,3,1,0,0,0,0
2026-02-06,листовой объект,ДП объект Кси,5336,364,0,8,0,0,0,0,0
2026-02-06,листовой объект,объект Пси,5339,20,0,4,0,0,0,0,0
2026-02-06,листовой объект,объект Кси ПК202-ПК302,5343,1,0,1,0,0,0,0,0
2026-02-06,листовой объект,объект Эпсилон ПС,5539,10,0,1,0,0,0,0,0
2026-02-06,листовой объект,объект Дзета ДУ,5578,2797,2797,26,26,0,0,0,0
2026-02-06,листовой объект,объект Дзета шкафы,5579,1,0,1,0,0,0,0,0
2026-02-06,листовой объект,объект Дзета ОС,5580,23,0,7,0,0,0,0,0
2026-02-06,листовой объект,объект Зита ДУ,5591,20,20,1,1,0,0,0,0
2026-02-06,листовой объект,объект Дзета щит. ПК48 Г1 ПК5,5594,189,0,1,0,0,0,0,0
2026-02-06,листовой объект,объект Каппа ДУ,5657,15619,15555,50,19,0,0,0,0
2026-02-06,листовой объект,объект Мю ДП,5674,1158,0,68,0,0,0,0,0
2026-02-06,листовой объект,объект Мю ДУ,5675,7585,7511,58,23,0,0,0,0
2026-02-06,листовой объект,объект Мю ОС,5676,526,0,128,0,0,0,0,0
2026-02-06,листовой объект,объект Мю ПС,5677,1443,0,977,0,0,0,0,0
2026-02-06,листовой объект,объект Мю шкафы,5678,29,0,12,0,0,0,0,0
2026-02-06,листовой объект,объект Гамма ОС,5961,70,0,16,0,0,0,0,0
2026-02-06,листовой объект,объект Гамма ПС,5962,4,0,1,0,2,1,0,0
2026-02-06,листовой объект,объект Гамма ДУ,5963,116,0,31,0,7,3,0,0
2026-02-07,коллектор,объект Альфа,5,95461,94370,80,50,56,1,0,0
2026-02-07,коллектор,объект Бета,6,8,0,8,0,0,0,0,0
2026-02-07,коллектор,объект Гамма,7,41,0,7,0,4,2,0,0
2026-02-07,коллектор,Комплекс объект Дельта,8,11932,11876,65,45,0,0,0,0
2026-02-07,коллектор,объект Вита,9,2048,0,14,0,0,0,0,0
2026-02-07,коллектор,объект Эпсилон,11,7758,6379,32,17,0,0,0,0
2026-02-07,коллектор,объект Зита,12,2992,2980,31,26,0,0,0,0
2026-02-07,коллектор,объект Каппа,15,13734,13678,33,19,0,0,0,0
2026-02-07,коллектор,объект Йота,3218,4129,0,41,0,0,0,0,0
2026-02-07,коллектор,объект Тау,3355,49,0,22,0,0,0,0,0
2026-02-07,коллектор,объект Омикрон,3359,4561,3388,33,7,0,0,0,0
2026-02-07,коллектор,объект Мю,3828,7722,6308,557,25,0,0,0,0
2026-02-07,коллектор,объект Сигма,4068,30,0,6,0,0,0,0,0
2026-02-07,коллектор,ПС объект Ро,4356,1590,1546,10,4,0,0,0,0
2026-02-07,коллектор,ПС объект Омега,4573,3321,176,168,8,316,53,0,0
2026-02-07,коллектор,объект Кси,5327,3065,121,1332,55,50,5,0,0
2026-02-07,листовой объект,объект Фита,20,8,0,8,0,0,0,0,0
2026-02-07,листовой объект,объект Вита,28,5,0,4,0,0,0,0,0
2026-02-07,листовой объект,объект Каппа ОС,42,52,0,13,0,0,0,0,0
2026-02-07,листовой объект,ДП объект Вита,99,2025,0,8,0,0,0,0,0
2026-02-07,листовой объект,ДП ПС объект Ро,108,42,0,4,0,0,0,0,0
2026-02-07,листовой объект,объект Йота,3215,2483,0,25,0,0,0,0,0
2026-02-07,листовой объект,ДП объект Йота,3216,1604,0,5,0,0,0,0,0
2026-02-07,листовой объект,ПС объект Тау,3356,29,0,12,0,0,0,0,0
2026-02-07,листовой объект,ДУ объект Омикрон,3360,3426,3388,19,7,0,0,0,0
2026-02-07,листовой объект,ДУ объект Тау,3388,20,0,10,0,0,0,0,0
2026-02-07,листовой объект,ДП объект Эпсилон,3902,2141,773,13,3,0,0,0,0
2026-02-07,листовой объект,объект Эпсилон ОС,3904,4,0,1,0,0,0,0,0
2026-02-07,листовой объект,объект Пси ОС,3905,3,0,2,0,0,0,0,0
2026-02-07,листовой объект,объект Сигма,4069,2,0,2,0,0,0,0,0
2026-02-07,листовой объект,ДП объект Сигма,4177,28,0,4,0,0,0,0,0
2026-02-07,листовой объект,ДУ ПС объект Ро,4369,1546,1546,4,4,0,0,0,0
2026-02-07,листовой объект,объект Ро,4370,2,0,2,0,0,0,0,0
2026-02-07,листовой объект,объект Омикрон,4391,25,0,7,0,0,0,0,0
2026-02-07,листовой объект,ДП объект Омикрон,4392,1110,0,7,0,0,0,0,0
2026-02-07,листовой объект,ДУ объект Хи,4543,5608,5606,15,14,0,0,0,0
2026-02-07,листовой объект,ДП ПС объект Омега,4574,100,0,7,0,0,0,0,0
2026-02-07,листовой объект,ДУ объект Дельта,4610,11908,11876,61,45,0,0,0,0
2026-02-07,листовой объект,ПС объект Омега,4648,38,0,8,0,0,0,0,0
2026-02-07,листовой объект,ДУ ПС объект Омега,5003,3183,176,153,8,316,53,0,0
2026-02-07,листовой объект,ДУ объект Вита,5011,18,0,2,0,0,0,0,0
2026-02-07,листовой объект,объект Дельта,5113,24,0,4,0,0,0,0,0
2026-02-07,листовой объект,ДУ объект Альфа,5122,94958,94370,69,50,56,1,0,0
2026-02-07,листовой объект,ДП объект Альфа,5123,502,0,10,0,0,0,0,0
2026-02-07,листовой объект,объект Йота ДУ,5218,42,0,11,0,0,0,0,0
2026-02-07,листовой объект,объект Кси ПК0-ПК202,5332,1540,0,756,0,0,0,0,0
2026-02-07,листовой объект,ДУ объект Кси,5333,743,121,214,55,50,5,0,0
2026-02-07,листовой объект,ДП объект Кси,5336,36,0,6,0,0,0,0,0
2026-02-07,листовой объект,"Шкаф ОПС, ДУ объект Кси",5338,6,0,3,0,0,0,0,0
2026-02-07,листовой объект,объект Пси,5339,1,0,1,0,0,0,0,0
2026-02-07,листовой объект,объект Кси ПК202-ПК302,5343,740,0,353,0,0,0,0,0
2026-02-07,листовой объект,объект Эпсилон ПС,5539,2,0,1,0,0,0,0,0
2026-02-07,листовой объект,объект Дзета ДУ,5578,2972,2972,25,25,0,0,0,0
2026-02-07,листовой объект,объект Дзета ОС,5580,12,0,5,0,0,0,0,0
2026-02-07,листовой объект,объект Зита ДУ,5591,8,8,1,1,0,0,0,0
2026-02-07,листовой объект,объект Каппа ДУ,5657,13682,13678,20,19,0,0,0,0
2026-02-07,листовой объект,объект Мю ДП,5674,864,0,10,0,0,0,0,0
2026-02-07,листовой объект,объект Мю ДУ,5675,6314,6308,26,25,0,0,0,0
2026-02-07,листовой объект,объект Мю ОС,5676,33,0,10,0,0,0,0,0
2026-02-07,листовой объект,объект Мю ПС,5677,511,0,511,0,0,0,0,0
2026-02-07,листовой объект,объект Гамма ПС,5962,7,0,2,0,4,2,0,0
2026-02-07,листовой объект,объект Гамма ДУ,5963,34,0,5,0,0,0,0,0
2026-02-08,коллектор,объект Альфа,5,94218,93370,68,50,69,1,0,0
2026-02-08,коллектор,объект Бета,6,13,0,12,0,0,0,0,0
2026-02-08,коллектор,объект Гамма,7,37,4,9,4,0,0,0,0
2026-02-08,коллектор,Комплекс объект Дельта,8,10309,10207,96,47,0,0,0,0
2026-02-08,коллектор,объект Вита,9,845,0,23,0,2,2,0,0
2026-02-08,коллектор,объект Эпсилон,11,10198,8270,33,18,0,0,0,0
2026-02-08,коллектор,объект Зита,12,2138,2076,39,28,0,0,0,0
2026-02-08,коллектор,объект Каппа,15,12626,12580,42,20,0,0,0,0
2026-02-08,коллектор,объект Йота,3218,2095,0,88,0,0,0,0,0
2026-02-08,коллектор,объект Тау,3355,12833,0,108,0,0,0,0,0
2026-02-08,коллектор,объект Омикрон,3359,5326,4040,17,7,0,0,0,0
2026-02-08,коллектор,объект Мю,3828,10683,7661,1205,25,21,21,0,0
2026-02-08,коллектор,объект Сигма,4068,22,0,4,0,0,0,0,0
2026-02-08,коллектор,ПС объект Ро,4356,1260,1193,8,4,0,0,0,0
2026-02-08,коллектор,ПС объект Омега,4573,352,128,25,8,0,0,0,0
2026-02-08,коллектор,объект Кси,5327,24,8,4,1,0,0,0,0
2026-02-08,листовой объект,объект Фита,20,11,0,10,0,0,0,0,0
2026-02-08,листовой объект,объект Вита,28,12,0,11,0,0,0,0,0
2026-02-08,листовой объект,объект Каппа ОС,42,40,0,20,0,0,0,0,0
2026-02-08,листовой объект,ДП объект Вита,99,803,0,7,0,0,0,0,0
2026-02-08,листовой объект,ДП ПС объект Ро,108,66,0,3,0,0,0,0,0
2026-02-08,листовой объект,объект Бета,165,2,0,2,0,0,0,0,0
2026-02-08,листовой объект,объект Йота,3215,391,0,78,0,0,0,0,0
2026-02-08,листовой объект,ДП объект Йота,3216,1694,0,5,0,0,0,0,0
2026-02-08,листовой объект,Шкаф ОПС объект Йота,3250,2,0,1,0,0,0,0,0
2026-02-08,листовой объект,ПС объект Тау,3356,12509,0,106,0,0,0,0,0
2026-02-08,листовой объект,ДУ объект Омикрон,3360,4064,4040,10,7,0,0,0,0
2026-02-08,листовой объект,ДП объект Эпсилон,3902,3484,1572,13,4,0,0,0,0
2026-02-08,листовой объект,объект Пси ОС,3905,13,0,4,0,0,0,0,0
2026-02-08,листовой объект,объект Хи,4095,1,0,1,0,0,0,0,0
2026-02-08,листовой объект,ДП объект Сигма,4177,22,0,4,0,0,0,0,0
2026-02-08,листовой объект,ДУ ПС объект Ро,4369,1193,1193,4,4,0,0,0,0
2026-02-08,листовой объект,объект Ро,4370,1,0,1,0,0,0,0,0
2026-02-08,листовой объект,ДП объект Омикрон,4392,1262,0,7,0,0,0,0,0
2026-02-08,листовой объект,ДУ объект Хи,4543,6700,6698,15,14,0,0,0,0
2026-02-08,листовой объект,ДП ПС объект Омега,4574,64,0,6,0,0,0,0,0
2026-02-08,листовой объект,ДУ объект Дельта,4610,10247,10207,67,47,0,0,0,0
2026-02-08,листовой объект,ПС объект Омега,4648,78,0,5,0,0,0,0,0
2026-02-08,листовой объект,ДУ ПС объект Омега,5003,210,128,14,8,0,0,0,0
2026-02-08,листовой объект,Шкаф ОПС ПС объект Тау,5009,324,0,2,0,0,0,0,0
2026-02-08,листовой объект,ДУ объект Вита,5011,30,0,5,0,2,2,0,0
2026-02-08,листовой объект,объект Дельта,5113,61,0,28,0,0,0,0,0
2026-02-08,листовой объект,Шкаф ОПС объект Дельта,5114,1,0,1,0,0,0,0,0
2026-02-08,листовой объект,ДУ объект Альфа,5122,94005,93370,58,50,69,1,0,0
2026-02-08,листовой объект,ДП объект Альфа,5123,212,0,9,0,0,0,0,0
2026-02-08,листовой объект,ДП объект Альфа 2 этаж,5124,1,0,1,0,0,0,0,0
2026-02-08,листовой объект,объект Фита,5129,2,0,2,0,0,0,0,0
2026-02-08,листовой объект,ДП объект Зита,5132,48,0,3,0,0,0,0,0
2026-02-08,листовой объект,объект Йота ДУ,5218,8,0,4,0,0,0,0,0
2026-02-08,листовой объект,ДУ объект Кси,5333,24,8,4,1,0,0,0,0
2026-02-08,листовой объект,объект Дзета ДУ,5578,2046,2046,27,27,0,0,0,0
2026-02-08,листовой объект,объект Дзета ОС,5580,12,0,6,0,0,0,0,0
2026-02-08,листовой объект,объект Зита ДУ,5591,30,30,1,1,0,0,0,0
2026-02-08,листовой объект,объект Каппа ДУ,5657,12586,12580,22,20,0,0,0,0
2026-02-08,листовой объект,объект Мю ДП,5674,710,0,68,0,0,0,0,0
2026-02-08,листовой объект,объект Мю ДУ,5675,7743,7661,48,25,21,21,0,0
2026-02-08,листовой объект,объект Мю ОС,5676,250,0,100,0,0,0,0,0
2026-02-08,листовой объект,объект Мю ПС,5677,1954,0,977,0,0,0,0,0
2026-02-08,листовой объект,объект Мю шкафы,5678,26,0,12,0,0,0,0,0
2026-02-08,листовой объект,объект Гамма ОС,5961,1,0,1,0,0,0,0,0
2026-02-08,листовой объект,объект Гамма ДУ,5963,36,4,8,4,0,0,0,0
2026-02-09,коллектор,объект Альфа,5,94197,91464,129,50,123,1,0,0
2026-02-09,коллектор,объект Бета,6,362,0,93,0,0,0,0,0
2026-02-09,коллектор,объект Гамма,7,287,0,84,0,12,7,0,0
2026-02-09,коллектор,Комплекс объект Дельта,8,10526,6884,220,55,104,12,0,0
2026-02-09,коллектор,объект Вита,9,5442,0,55,0,0,0,0,0
2026-02-09,коллектор,объект Эпсилон,11,13560,7279,182,18,7,4,0,0
2026-02-09,коллектор,объект Зита,12,1591,1445,38,22,0,0,0,0
2026-02-09,коллектор,объект Каппа,15,13608,12840,89,19,1,1,0,0
2026-02-09,коллектор,объект Йота,3218,5948,0,108,0,28,10,0,0
2026-02-09,коллектор,объект Тау,3355,1104,0,68,0,0,0,0,0
2026-02-09,коллектор,объект Омикрон,3359,6738,3685,34,10,0,0,0,0
2026-02-09,коллектор,объект Мю,3828,8366,7425,60,26,0,0,0,0
2026-02-09,коллектор,объект Сигма,4068,20,0,4,0,0,0,0,0
2026-02-09,коллектор,ПС объект Ро,4356,438,381,8,3,0,0,0,0
2026-02-09,коллектор,ПС объект Омега,4573,1226,208,453,8,4,2,0,0
2026-02-09,коллектор,объект Кси,5327,3068,137,1342,55,9,9,0,0
2026-02-09,листовой объект,объект Фита,20,94,0,40,0,0,0,0,0
2026-02-09,листовой объект,объект Вита,28,61,0,15,0,0,0,0,0
2026-02-09,листовой объект,объект Каппа ОС,42,690,0,34,0,0,0,0,0
2026-02-09,листовой объект,ДП объект Вита,99,5315,0,16,0,0,0,0,0
2026-02-09,листовой объект,ДП ПС объект Ро,108,56,0,4,0,0,0,0,0
2026-02-09,листовой объект,ДП объект Бета,111,234,0,43,0,0,0,0,0
2026-02-09,листовой объект,объект Бета,165,34,0,10,0,0,0,0,0
2026-02-09,листовой объект,объект Йота,3215,3172,0,40,0,0,0,0,0
2026-02-09,листовой объект,ДП объект Йота,3216,2470,0,6,0,0,0,0,0
2026-02-09,листовой объект,Шкаф ОПС объект Йота,3250,3,0,1,0,1,1,0,0
2026-02-09,листовой объект,ПС объект Тау,3356,1082,0,58,0,0,0,0,0
2026-02-09,листовой объект,ДУ объект Омикрон,3360,3729,3685,24,10,0,0,0,0
2026-02-09,листовой объект,ДУ объект Тау,3388,18,0,9,0,0,0,0,0
2026-02-09,листовой объект,ДП объект Эпсилон,3902,6502,883,81,4,7,4,0,0
2026-02-09,листовой объект,объект Эпсилон ОС,3904,4,0,1,0,0,0,0,0
2026-02-09,листовой объект,объект Пси ОС,3905,334,0,18,0,0,0,0,0
2026-02-09,листовой объект,объект Хи,4095,263,0,51,0,0,0,0,0
2026-02-09,листовой объект,ДП объект Сигма,4177,20,0,4,0,0,0,0,0
2026-02-09,листовой объект,ДУ ПС объект Ро,4369,381,381,3,3,0,0,0,0
2026-02-09,листовой объект,объект Ро,4370,1,0,1,0,0,0,0,0
2026-02-09,листовой объект,объект Омикрон,4391,5,0,2,0,0,0,0,0
2026-02-09,листовой объект,ДП объект Омикрон,4392,3004,0,8,0,0,0,0,0
2026-02-09,листовой объект,Шкаф ОПС объект Хи,4541,21,0,6,0,0,0,0,0
2026-02-09,листовой объект,ДУ объект Хи,4543,6436,6396,25,14,0,0,0,0
2026-02-09,листовой объект,Шкаф ОПС ПС объект Омега,4577,14,0,6,0,0,0,0,0
2026-02-09,листовой объект,ДУ объект Дельта,4610,9083,6884,146,55,104,12,0,0
2026-02-09,листовой объект,ПС объект Омега,4648,427,0,214,0,0,0,0,0
2026-02-09,листовой объект,ДУ ПС объект Омега,5003,785,208,233,8,4,2,0,0
2026-02-09,листовой объект,Шкаф ОПС ПС объект Тау,5009,4,0,1,0,0,0,0,0
2026-02-09,листовой объект,ДУ объект Вита,5011,66,0,24,0,0,0,0,0
2026-02-09,листовой объект,объект Дельта,5113,1441,0,73,0,0,0,0,0
2026-02-09,листовой объект,Шкаф ОПС объект Дельта,5114,2,0,1,0,0,0,0,0
2026-02-09,листовой объект,ДУ объект Альфа,5122,92374,91464,85,50,123,1,0,0
2026-02-09,листовой объект,ДП объект Альфа,5123,1029,0,16,0,0,0,0,0
2026-02-09,листовой объект,ДП объект Альфа 2 этаж,5124,684,0,10,0,0,0,0,0
2026-02-09,листовой объект,объект Фита,5129,5,0,2,0,0,0,0,0
2026-02-09,листовой объект,ДП объект Зита,5132,48,0,3,0,0,0,0,0
2026-02-09,листовой объект,объект Йота ДУ,5218,303,0,61,0,27,9,0,0
2026-02-09,листовой объект,объект Кси ПК0-ПК202,5332,1530,0,760,0,0,0,0,0
2026-02-09,листовой объект,ДУ объект Кси,5333,543,137,215,55,9,9,0,0
2026-02-09,листовой объект,ДП объект Кси,5336,276,0,9,0,0,0,0,0
2026-02-09,листовой объект,"Шкаф ОПС, ДУ объект Кси",5338,10,0,5,0,0,0,0,0
2026-02-09,листовой объект,объект Пси,5339,110,0,18,0,0,0,0,0
2026-02-09,листовой объект,объект Кси ПК202-ПК302,5343,709,0,353,0,0,0,0,0
2026-02-09,листовой объект,объект Дзета ДУ,5578,1425,1425,21,21,0,0,0,0
2026-02-09,листовой объект,объект Дзета ОС,5580,89,0,10,0,0,0,0,0
2026-02-09,листовой объект,объект Зита ОС,5582,4,0,1,0,0,0,0,0
2026-02-09,листовой объект,объект Зита ДУ,5591,20,20,1,1,0,0,0,0
2026-02-09,листовой объект,объект Каппа ДУ,5657,12918,12840,55,19,1,1,0,0
2026-02-09,листовой объект,объект Мю ДП,5674,830,0,8,0,0,0,0,0
2026-02-09,листовой объект,объект Мю ДУ,5675,7431,7425,27,26,0,0,0,0
2026-02-09,листовой объект,объект Мю ОС,5676,105,0,25,0,0,0,0,0
2026-02-09,листовой объект,объект Гамма ОС,5961,148,0,39,0,0,0,0,0
2026-02-09,листовой объект,объект Гамма ПС,5962,25,0,7,0,12,7,0,0
2026-02-09,листовой объект,объект Гамма ДУ,5963,114,0,38,0,0,0,0,0
2026-02-10,коллектор,объект Альфа,5,95257,91939,110,50,138,2,5,1
2026-02-10,коллектор,объект Бета,6,93,0,8,0,0,0,0,0
2026-02-10,коллектор,объект Гамма,7,3919,0,934,0,247,73,0,0
2026-02-10,коллектор,Комплекс объект Дельта,8,5502,2198,127,25,0,0,0,0
2026-02-10,коллектор,объект Вита,9,4070,0,40,0,0,0,0,0
2026-02-10,коллектор,объект Эпсилон,11,19125,8378,230,18,66,25,0,0
2026-02-10,коллектор,объект Зита,12,1574,1519,33,26,0,0,0,0
2026-02-10,коллектор,объект Каппа,15,13151,12567,120,19,2,2,0,0
2026-02-10,коллектор,объект Йота,3218,6488,0,52,0,6,6,0,0
2026-02-10,коллектор,объект Тау,3355,18,0,7,0,0,0,0,0
2026-02-10,коллектор,объект Омикрон,3359,8330,3876,93,10,0,0,0,0
2026-02-10,коллектор,объект Мю,3828,9888,7364,1192,26,0,0,0,0
2026-02-10,коллектор,объект Сигма,4068,324,0,20,0,0,0,0,0
2026-02-10,коллектор,ПС объект Ро,4356,486,284,75,1,0,0,0,0
2026-02-10,коллектор,ПС объект Омега,4573,1850,160,133,8,0,0,0,0
2026-02-10,коллектор,объект Кси,5327,365,10,22,2,0,0,0,0
2026-02-10,листовой объект,объект Фита,20,3,0,3,0,0,0,0,0
2026-02-10,листовой объект,объект Вита,28,36,0,11,0,0,0,0,0
2026-02-10,листовой объект,объект Каппа ОС,42,462,0,53,0,0,0,0,0
2026-02-10,листовой объект,ДП объект Вита,99,3996,0,18,0,0,0,0,0
2026-02-10,листовой объект,ДП ПС объект Ро,108,48,0,4,0,0,0,0,0
2026-02-10,листовой объект,ДП объект Бета,111,90,0,5,0,0,0,0,0
2026-02-10,листовой объект,объект Йота,3215,3478,0,29,0,0,0,0,0
2026-02-10,листовой объект,ДП объект Йота,3216,2956,0,5,0,0,0,0,0
2026-02-10,листовой объект,ПС объект Тау,3356,16,0,6,0,0,0,0,0
2026-02-10,листовой объект,ДУ объект Омикрон,3360,3982,3876,40,10,0,0,0,0
2026-02-10,листовой объект,ДУ объект Тау,3388,2,0,1,0,0,0,0,0
2026-02-10,листовой объект,ДП объект Эпсилон,3902,8775,1126,127,4,66,25,0,0
2026-02-10,листовой объект,Шкафы ОС объект Эпсилон,3903,4,0,2,0,0,0,0,0
2026-02-10,листовой объект,объект Эпсилон ОС,3904,12,0,8,0,0,0,0,0
2026-02-10,листовой объект,объект Пси ОС,3905,2776,0,22,0,0,0,0,0
2026-02-10,листовой объект,объект Сигма,4069,38,0,6,0,0,0,0,0
2026-02-10,листовой объект,объект Хи,4095,260,0,42,0,0,0,0,0
2026-02-10,листовой объект,ДП объект Сигма,4177,286,0,14,0,0,0,0,0
2026-02-10,листовой объект,ДУ ПС объект Ро,4369,386,284,52,1,0,0,0,0
2026-02-10,листовой объект,объект Ро,4370,52,0,19,0,0,0,0,0
2026-02-10,листовой объект,объект Омикрон,4391,320,0,45,0,0,0,0,0
2026-02-10,листовой объект,ДП объект Омикрон,4392,4028,0,8,0,0,0,0,0
2026-02-10,листовой объект,Шкаф ОПС объект Хи,4541,25,0,4,0,0,0,0,0
2026-02-10,листовой объект,ДУ объект Хи,4543,7272,7252,24,14,0,0,0,0
2026-02-10,листовой объект,ДП ПС объект Омега,4574,1226,0,7,0,0,0,0,0
2026-02-10,листовой объект,ДУ объект Дельта,4610,3636,2198,85,25,0,0,0,0
2026-02-10,листовой объект,ПС объект Омега,4648,228,0,48,0,0,0,0,0
2026-02-10,листовой объект,ДУ ПС объект Омега,5003,396,160,78,8,0,0,0,0
2026-02-10,листовой объект,ДУ объект Вита,5011,38,0,11,0,0,0,0,0
2026-02-10,листовой объект,объект Дельта,5113,1866,0,42,0,0,0,0,0
2026-02-10,листовой объект,ДУ объект Альфа,5122,93055,91939,79,50,138,2,5,1
2026-02-10,листовой объект,ДП объект Альфа,5123,1170,0,16,0,0,0,0,0
2026-02-10,листовой объект,ДП объект Альфа 2 этаж,5124,990,0,5,0,0,0,0,0
2026-02-10,листовой объект,объект Фита,5129,1,0,1,0,0,0,0,0
2026-02-10,листовой объект,объект Йота ДУ,5218,54,0,18,0,6,6,0,0
2026-02-10,листовой объект,объект Кси ПК0-ПК202,5332,13,0,3,0,0,0,0,0
2026-02-10,листовой объект,ДУ объект Кси,5333,38,10,12,2,0,0,0,0
2026-02-10,листовой объект,ДП объект Кси,5336,314,0,7,0,0,0,0,0
2026-02-10,листовой объект,объект Пси,5339,40,0,9,0,0,0,0,0
2026-02-10,листовой объект,объект Пси шкаф ОПС,5340,2,0,1,0,0,0,0,0
2026-02-10,листовой объект,Шкафы ПС объект Эпсилон,5540,1,0,1,0,0,0,0,0
2026-02-10,листовой объект,объект Дзета ДУ,5578,1498,1498,25,25,0,0,0,0
2026-02-10,листовой объект,объект Дзета ОС,5580,54,0,6,0,0,0,0,0
2026-02-10,листовой объект,объект Зита ДУ,5591,21,21,1,1,0,0,0,0
2026-02-10,листовой объект,объект Каппа ДУ,5657,12689,12567,67,19,2,2,0,0
2026-02-10,листовой объект,объект Мю ДП,5674,1034,0,68,0,0,0,0,0
2026-02-10,листовой объект,объект Мю ДУ,5675,7408,7364,46,26,0,0,0,0
2026-02-10,листовой объект,объект Мю ОС,5676,224,0,89,0,0,0,0,0
2026-02-10,листовой объект,объект Мю ПС,5677,1196,0,977,0,0,0,0,0
2026-02-10,листовой объект,объект Мю шкафы,5678,26,0,12,0,0,0,0,0
2026-02-10,листовой объект,объект Гамма ОС,5961,156,0,23,0,0,0,0,0
2026-02-10,листовой объект,объект Гамма ПС,5962,3187,0,680,0,245,72,0,0
2026-02-10,листовой объект,объект Гамма ДУ,5963,548,0,224,0,2,1,0,0
2026-02-10,листовой объект,объект Гамма шкафы,5966,28,0,7,0,0,0,0,0
2026-02-11,коллектор,объект Альфа,5,97299,93302,133,50,154,1,0,0
2026-02-11,коллектор,объект Бета,6,116,0,18,0,0,0,0,0
2026-02-11,коллектор,объект Гамма,7,218,4,83,4,0,0,0,0
2026-02-11,коллектор,Комплекс объект Дельта,8,3600,2131,65,7,0,0,0,0
2026-02-11,коллектор,объект Вита,9,4401,0,100,0,0,0,0,0
2026-02-11,коллектор,объект Эпсилон,11,16538,7325,198,17,34,10,0,0
2026-02-11,коллектор,объект Зита,12,1606,1525,41,26,0,0,0,0
2026-02-11,коллектор,объект Каппа,15,15617,14177,664,25,0,0,0,0
2026-02-11,коллектор,объект Йота,3218,5330,0,48,0,0,0,0,0
2026-02-11,коллектор,объект Тау,3355,1134,0,177,0,0,0,0,0
2026-02-11,коллектор,объект Омикрон,3359,5887,2766,38,9,0,0,0,0
2026-02-11,коллектор,объект Мю,3828,9305,7375,901,25,0,0,0,0
2026-02-11,коллектор,объект Сигма,4068,44,0,5,0,0,0,0,0
2026-02-11,коллектор,ПС объект Ро,4356,1114,1080,6,3,0,0,0,0
2026-02-11,коллектор,ПС объект Омега,4573,929,192,80,8,25,6,0,0
2026-02-11,коллектор,объект Кси,5327,5020,114,1415,55,4,3,0,0
2026-02-11,листовой объект,объект Фита,20,15,0,11,0,0,0,0,0
2026-02-11,листовой объект,объект Вита,28,189,0,38,0,0,0,0,0
2026-02-11,листовой объект,объект Каппа ОС,42,262,0,69,0,0,0,0,0
2026-02-11,листовой объект,ДП объект Вита,99,4102,0,18,0,0,0,0,0
2026-02-11,листовой объект,ДП ПС объект Ро,108,34,0,3,0,0,0,0,0
2026-02-11,листовой объект,ДП объект Бета,111,100,0,6,0,0,0,0,0
2026-02-11,листовой объект,объект Бета,165,1,0,1,0,0,0,0,0
2026-02-11,листовой объект,объект Йота,3215,3534,0,34,0,0,0,0,0
2026-02-11,листовой объект,ДП объект Йота,3216,1776,0,4,0,0,0,0,0
2026-02-11,листовой объект,ПС объект Тау,3356,946,0,110,0,0,0,0,0
2026-02-11,листовой объект,ДУ объект Омикрон,3360,2788,2766,12,9,0,0,0,0
2026-02-11,листовой объект,ДУ объект Тау,3388,168,0,65,0,0,0,0,0
2026-02-11,листовой объект,ДП объект Эпсилон,3902,9026,1730,121,3,24,8,0,0
2026-02-11,листовой объект,Шкафы ОС объект Эпсилон,3903,4,0,2,0,0,0,0,0
2026-02-11,листовой объект,объект Эпсилон ОС,3904,374,0,28,0,10,2,0,0
2026-02-11,листовой объект,объект Пси ОС,3905,1524,0,30,0,0,0,0,0
2026-02-11,листовой объект,объект Сигма,4069,2,0,1,0,0,0,0,0
2026-02-11,листовой объект,ДП объект Сигма,4177,42,0,4,0,0,0,0,0
2026-02-11,листовой объект,ДУ ПС объект Ро,4369,1080,1080,3,3,0,0,0,0
2026-02-11,листовой объект,объект Омикрон,4391,37,0,18,0,0,0,0,0
2026-02-11,листовой объект,ДП объект Омикрон,4392,3062,0,8,0,0,0,0,0
2026-02-11,листовой объект,ДУ объект Хи,4543,5597,5595,15,14,0,0,0,0
2026-02-11,листовой объект,ДП ПС объект Омега,4574,188,0,9,0,0,0,0,0
2026-02-11,листовой объект,ДУ объект Дельта,4610,2195,2131,39,7,0,0,0,0
2026-02-11,листовой объект,ПС объект Омега,4648,206,0,12,0,0,0,0,0
2026-02-11,листовой объект,ДУ ПС объект Омега,5003,535,192,59,8,25,6,0,0
2026-02-11,листовой объект,Шкаф ОПС ПС объект Тау,5009,20,0,2,0,0,0,0,0
2026-02-11,листовой объект,ДУ объект Вита,5011,110,0,44,0,0,0,0,0
2026-02-11,листовой объект,объект Дельта,5113,1405,0,26,0,0,0,0,0
2026-02-11,листовой объект,ДУ объект Альфа,5122,94366,93302,81,50,154,1,0,0
2026-02-11,листовой объект,ДП объект Альфа,5123,1744,0,17,0,0,0,0,0
2026-02-11,листовой объект,ДП объект Альфа 2 этаж,5124,1077,0,10,0,0,0,0,0
2026-02-11,листовой объект,ДП объект Зита,5132,12,0,2,0,0,0,0,0
2026-02-11,листовой объект,объект Йота ДУ,5218,20,0,10,0,0,0,0,0
2026-02-11,листовой объект,объект Кси ПК0-ПК202,5332,2837,0,822,0,0,0,0,0
2026-02-11,листовой объект,ДУ объект Кси,5333,847,114,215,55,4,3,0,0
2026-02-11,листовой объект,ДП объект Кси,5336,236,0,17,0,0,0,0,0
2026-02-11,листовой объект,"Шкаф ОПС, ДУ объект Кси",5338,20,0,8,0,0,0,0,0
2026-02-11,листовой объект,объект Пси,5339,112,0,25,0,0,0,0,0
2026-02-11,листовой объект,объект Кси ПК202-ПК302,5343,1080,0,353,0,0,0,0,0
2026-02-11,листовой объект,Шкафы ПС объект Эпсилон,5540,13,0,2,0,0,0,0,0
2026-02-11,листовой объект,объект Каппа ПС,5567,1042,0,521,0,0,0,0,0
2026-02-11,листовой объект,объект Каппа шкафы,5574,2,0,2,0,0,0,0,0
2026-02-11,листовой объект,объект Дзета ДУ,5578,1519,1519,25,25,0,0,0,0
2026-02-11,листовой объект,объект Дзета ОС,5580,29,0,9,0,0,0,0,0
2026-02-11,листовой объект,объект Зита ДУ,5591,6,6,1,1,0,0,0,0
2026-02-11,листовой объект,объект Дзета щит. ПК48 Г1 ПК5,5594,40,0,4,0,0,0,0,0
2026-02-11,листовой объект,объект Каппа ДУ,5657,14311,14177,72,25,0,0,0,0
2026-02-11,листовой объект,объект Мю ДП,5674,866,0,14,0,0,0,0,0
2026-02-11,листовой объект,объект Мю ДУ,5675,7449,7375,60,25,0,0,0,0
2026-02-11,листовой объект,объект Мю ОС,5676,232,0,69,0,0,0,0,0
2026-02-11,листовой объект,объект Мю ПС,5677,758,0,758,0,0,0,0,0
2026-02-11,листовой объект,объект Гамма ОС,5961,114,0,39,0,0,0,0,0
2026-02-11,листовой объект,объект Гамма ДУ,5963,104,4,44,4,0,0,0,0
2026-02-12,коллектор,объект Альфа,5,95239,91776,103,50,191,1,0,0
2026-02-12,коллектор,объект Бета,6,1264,0,68,0,0,0,0,0
2026-02-12,коллектор,объект Гамма,7,28,0,4,0,2,1,0,0
2026-02-12,коллектор,Комплекс объект Дельта,8,7799,2558,237,62,81,12,0,0
2026-02-12,коллектор,объект Вита,9,5774,0,86,0,0,0,0,0
2026-02-12,коллектор,объект Эпсилон,11,15892,8140,156,17,2,1,0,0
2026-02-12,коллектор,объект Зита,12,1948,1504,154,26,5,5,0,0
2026-02-12,коллектор,объект Каппа,15,14197,13841,91,19,41,10,0,0
2026-02-12,коллектор,объект Йота,3218,6589,0,65,0,0,0,0,0
2026-02-12,коллектор,объект Тау,3355,167,0,37,0,0,0,0,0
2026-02-12,коллектор,объект Омикрон,3359,3699,1884,33,9,0,0,0,0
2026-02-12,коллектор,объект Мю,3828,12010,8653,1210,27,0,0,0,0
2026-02-12,коллектор,объект Сигма,4068,384,0,15,0,0,0,0,0
2026-02-12,коллектор,ПС объект Ро,4356,984,935,16,3,0,0,0,0
2026-02-12,коллектор,ПС объект Омега,4573,1003,160,142,8,3,2,0,0
2026-02-12,коллектор,объект Кси,5327,1053,36,415,21,0,0,0,0
2026-02-12,листовой объект,объект Фита,20,435,0,30,0,0,0,0,0
2026-02-12,листовой объект,объект Вита,28,115,0,28,0,0,0,0,0
2026-02-12,листовой объект,объект Каппа ОС,42,115,0,28,0,0,0,0,0
2026-02-12,листовой объект,ДП объект Вита,99,5545,0,20,0,0,0,0,0
2026-02-12,листовой объект,ДП ПС объект Ро,108,28,0,3,0,0,0,0,0
2026-02-12,листовой объект,ДП объект Бета,111,306,0,27,0,0,0,0,0
2026-02-12,листовой объект,объект Бета,165,521,0,10,0,0,0,0,0
2026-02-12,листовой объект,объект Йота,3215,3515,0,43,0,0,0,0,0
2026-02-12,листовой объект,ДП объект Йота,3216,3040,0,5,0,0,0,0,0
2026-02-12,листовой объект,Шкаф ОПС объект Йота,3250,4,0,2,0,0,0,0,0
2026-02-12,листовой объект,ПС объект Тау,3356,125,0,17,0,0,0,0,0
2026-02-12,листовой объект,ДУ объект Омикрон,3360,1930,1884,23,9,0,0,0,0
2026-02-12,листовой объект,ДУ объект Тау,3388,38,0,19,0,0,0,0,0
2026-02-12,листовой объект,ДП объект Эпсилон,3902,7051,1467,75,3,0,0,0,0
2026-02-12,листовой объект,Шкафы ОС объект Эпсилон,3903,4,0,2,0,0,0,0,0
2026-02-12,листовой объект,объект Эпсилон ОС,3904,994,0,31,0,2,1,0,0
2026-02-12,листовой объект,объект Пси ОС,3905,1128,0,22,0,0,0,0,0
2026-02-12,листовой объект,объект Сигма,4069,16,0,3,0,0,0,0,0
2026-02-12,листовой объект,объект Хи,4095,10,0,4,0,0,0,0,0
2026-02-12,листовой объект,ДП объект Сигма,4177,368,0,12,0,0,0,0,0
2026-02-12,листовой объект,ДУ ПС объект Ро,4369,935,935,3,3,0,0,0,0
2026-02-12,листовой объект,объект Ро,4370,21,0,10,0,0,0,0,0
2026-02-12,листовой объект,объект Омикрон,4391,11,0,3,0,0,0,0,0
2026-02-12,листовой объект,ДП объект Омикрон,4392,1758,0,7,0,0,0,0,0
2026-02-12,листовой объект,Шкаф ОПС объект Хи,4541,2,0,1,0,0,0,0,0
2026-02-12,листовой объект,ДУ объект Хи,4543,6685,6673,19,14,0,0,0,0
2026-02-12,листовой объект,ДП ПС объект Омега,4574,349,0,7,0,0,0,0,0
2026-02-12,листовой объект,Шкаф ОПС ПС объект Омега,4577,4,0,1,0,0,0,0,0
2026-02-12,листовой объект,ДУ объект Дельта,4610,5810,2558,170,62,81,12,0,0
2026-02-12,листовой объект,ПС объект Омега,4648,220,0,58,0,0,0,0,0
2026-02-12,листовой объект,Шкаф ОПС объект Бета,4765,2,0,1,0,0,0,0,0
2026-02-12,листовой объект,Шкаф ОПС объект Зита,4770,17,0,3,0,0,0,0,0
2026-02-12,листовой объект,ДУ ПС объект Омега,5003,430,160,76,8,3,2,0,0
2026-02-12,листовой объект,Шкаф ОПС ПС объект Тау,5009,4,0,1,0,0,0,0,0
2026-02-12,листовой объект,ДУ объект Вита,5011,114,0,38,0,0,0,0,0
2026-02-12,листовой объект,объект Дельта,5113,1989,0,67,0,0,0,0,0
2026-02-12,листовой объект,ДУ объект Альфа,5122,92930,91776,72,50,191,1,0,0
2026-02-12,листовой объект,ДП объект Альфа,5123,1246,0,18,0,0,0,0,0
2026-02-12,листовой объект,ДП объект Альфа 2 этаж,5124,1053,0,10,0,0,0,0,0
2026-02-12,листовой объект,объект Фита,5129,68,0,21,0,0,0,0,0
2026-02-12,листовой объект,ДП объект Зита,5132,197,2,42,1,5,5,0,0
2026-02-12,листовой объект,объект Йота ДУ,5218,30,0,15,0,0,0,0,0
2026-02-12,листовой объект,объект Кси ПК0-ПК202,5332,27,0,8,0,0,0,0,0
2026-02-12,листовой объект,ДУ объект Кси,5333,126,36,84,21,0,0,0,0
2026-02-12,листовой объект,ДП объект Кси,5336,524,0,16,0,0,0,0,0
2026-02-12,листовой объект,"Шкаф ОПС, ДУ объект Кси",5338,6,0,5,0,0,0,0,0
2026-02-12,листовой объект,объект Пси,5339,10,0,3,0,0,0,0,0
2026-02-12,листовой объект,объект Кси ПК202-ПК302,5343,370,0,302,0,0,0,0,0
2026-02-12,листовой объект,Шкафы ПС объект Эпсилон,5540,18,0,2,0,0,0,0,0
2026-02-12,листовой объект,объект Дзета ДУ,5578,1512,1462,46,24,0,0,0,0
2026-02-12,листовой объект,объект Дзета шкафы,5579,1,0,1,0,0,0,0,0
2026-02-12,листовой объект,объект Дзета ОС,5580,102,0,36,0,0,0,0,0
2026-02-12,листовой объект,объект Зита ОС,5582,8,0,3,0,0,0,0,0
2026-02-12,листовой объект,объект Зита ДУ,5591,40,40,1,1,0,0,0,0
2026-02-12,листовой объект,объект Дзета щит. ПК48 Г1 ПК5,5594,3,0,1,0,0,0,0,0
2026-02-12,листовой объект,объект Каппа ДУ,5657,14082,13841,63,19,41,10,0,0
2026-02-12,листовой объект,объект Мю ДП,5674,1294,0,68,0,0,0,0,0
2026-02-12,листовой объект,объект Мю ДУ,5675,8721,8653,49,27,0,0,0,0
2026-02-12,листовой объект,объект Мю ОС,5676,384,0,104,0,0,0,0,0
2026-02-12,листовой объект,объект Мю ПС,5677,1581,0,977,0,0,0,0,0
2026-02-12,листовой объект,объект Мю шкафы,5678,30,0,12,0,0,0,0,0
2026-02-12,листовой объект,объект Гамма ПС,5962,4,0,1,0,2,1,0,0
2026-02-12,листовой объект,объект Гамма ДУ,5963,24,0,3,0,0,0,0,0
2026-02-13,коллектор,объект Альфа,5,94792,91803,93,51,205,1,0,0
2026-02-13,коллектор,объект Бета,6,237,0,22,0,0,0,0,0
2026-02-13,коллектор,объект Гамма,7,31,1,5,1,1,1,0,0
2026-02-13,коллектор,Комплекс объект Дельта,8,2882,1299,72,5,16,8,0,0
2026-02-13,коллектор,объект Вита,9,4383,0,39,0,1,1,0,0
2026-02-13,коллектор,объект Эпсилон,11,13544,6647,192,18,36,20,0,0
2026-02-13,коллектор,объект Зита,12,1615,1525,48,27,0,0,0,0
2026-02-13,коллектор,объект Каппа,15,13744,13562,71,19,18,9,0,0
2026-02-13,коллектор,объект Йота,3218,4169,0,47,0,0,0,0,0
2026-02-13,коллектор,объект Тау,3355,113,0,15,0,0,0,0,0
2026-02-13,коллектор,объект Омикрон,3359,8598,4503,110,41,36,17,0,0
2026-02-13,коллектор,объект Мю,3828,11329,8774,487,27,50,21,0,0
2026-02-13,коллектор,объект Сигма,4068,14,0,3,0,0,0,0,0
2026-02-13,коллектор,ПС объект Ро,4356,920,882,13,4,0,0,0,0
2026-02-13,коллектор,ПС объект Омега,4573,516,176,65,8,3,1,0,0
2026-02-13,коллектор,объект Кси,5327,778,2,67,1,0,0,0,0
2026-02-13,листовой объект,объект Фита,20,14,0,14,0,0,0,0,0
2026-02-13,листовой объект,объект Вита,28,19,0,13,0,0,0,0,0
2026-02-13,листовой объект,объект Каппа ОС,42,38,0,13,0,0,0,0,0
2026-02-13,листовой объект,ДП объект Вита,99,4165,0,18,0,0,0,0,0
2026-02-13,листовой объект,ДП ПС объект Ро,108,32,0,4,0,0,0,0,0
2026-02-13,листовой объект,ДП объект Бета,111,218,0,5,0,0,0,0,0
2026-02-13,листовой объект,объект Бета,165,1,0,1,0,0,0,0,0
2026-02-13,листовой объект,объект Йота,3215,2287,0,31,0,0,0,0,0
2026-02-13,листовой объект,ДП объект Йота,3216,1862,0,6,0,0,0,0,0
2026-02-13,листовой объект,ПС объект Тау,3356,109,0,13,0,0,0,0,0
2026-02-13,листовой объект,ДУ объект Омикрон,3360,4818,4503,88,41,36,17,0,0
2026-02-13,листовой объект,ДП объект Эпсилон,3902,6637,989,104,4,33,17,0,0
2026-02-13,листовой объект,объект Эпсилон ОС,3904,11,0,5,0,0,0,0,0
2026-02-13,листовой объект,объект Пси ОС,3905,1196,0,52,0,0,0,0,0
2026-02-13,листовой объект,объект Хи,4095,14,0,3,0,0,0,0,0
2026-02-13,листовой объект,ДП объект Сигма,4177,14,0,3,0,0,0,0,0
2026-02-13,листовой объект,ДУ ПС объект Ро,4369,882,882,4,4,0,0,0,0
2026-02-13,листовой объект,объект Ро,4370,4,0,4,0,0,0,0,0
2026-02-13,листовой объект,объект Омикрон,4391,28,0,10,0,0,0,0,0
2026-02-13,листовой объект,ДП объект Омикрон,4392,3740,0,8,0,0,0,0,0
2026-02-13,листовой объект,Шкаф ОПС объект Хи,4541,2,0,1,0,0,0,0,0
2026-02-13,листовой объект,ДУ объект Хи,4543,5670,5658,20,14,0,0,0,0
2026-02-13,листовой объект,Шкаф ОПС ПС объект Ро,4569,2,0,1,0,0,0,0,0
2026-02-13,листовой объект,ДП ПС объект Омега,4574,60,0,8,0,0,0,0,0
2026-02-13,листовой объект,ДУ объект Дельта,4610,1443,1299,48,5,16,8,0,0
2026-02-13,листовой объект,ПС объект Омега,4648,90,0,10,0,0,0,0,0
2026-02-13,листовой объект,Шкаф ОПС объект Омикрон,4763,12,0,4,0,0,0,0,0
2026-02-13,листовой объект,Шкаф ОПС объект Бета,4765,4,0,2,0,0,0,0,0
2026-02-13,листовой объект,Шкаф ОПС объект Вита,4767,7,0,2,0,1,1,0,0
2026-02-13,листовой объект,ДУ ПС объект Омега,5003,366,176,47,8,3,1,0,0
2026-02-13,листовой объект,Шкаф ОПС ПС объект Тау,5009,4,0,2,0,0,0,0,0
2026-02-13,листовой объект,ДУ объект Вита,5011,192,0,6,0,0,0,0,0
2026-02-13,листовой объект,объект Дельта,5113,1439,0,24,0,0,0,0,0
2026-02-13,листовой объект,ДУ объект Альфа,5122,92998,91803,63,51,205,1,0,0
2026-02-13,листовой объект,ДП объект Альфа,5123,1149,0,17,0,0,0,0,0
2026-02-13,листовой объект,ДП объект Альфа 2 этаж,5124,642,0,11,0,0,0,0,0
2026-02-13,листовой объект,объект Фита,5129,14,0,9,0,0,0,0,0
2026-02-13,листовой объект,ДП объект Зита,5132,56,0,5,0,0,0,0,0
2026-02-13,листовой объект,объект Йота ДУ,5218,20,0,10,0,0,0,0,0
2026-02-13,листовой объект,объект Кси ПК0-ПК202,5332,131,0,16,0,0,0,0,0
2026-02-13,листовой объект,ДУ объект Кси,5333,117,2,39,1,0,0,0,0
2026-02-13,листовой объект,ДП объект Кси,5336,530,0,12,0,0,0,0,0
2026-02-13,листовой объект,объект Пси,5339,1,0,1,0,0,0,0,0
2026-02-13,листовой объект,объект Пси шкаф ОПС,5340,2,0,1,0,0,0,0,0
2026-02-13,листовой объект,объект Пси ПС,5537,10,0,5,0,3,3,0,0
2026-02-13,листовой объект,Шкафы ПС объект Эпсилон,5540,4,0,2,0,0,0,0,0
2026-02-13,листовой объект,объект Дзета ДУ,5578,1509,1509,26,26,0,0,0,0
2026-02-13,листовой объект,объект Дзета шкафы,5579,2,0,1,0,0,0,0,0
2026-02-13,листовой объект,объект Дзета ОС,5580,10,0,4,0,0,0,0,0
2026-02-13,листовой объект,объект Зита ОС,5582,4,0,1,0,0,0,0,0
2026-02-13,листовой объект,объект Зита ДУ,5591,16,16,1,1,0,0,0,0
2026-02-13,листовой объект,объект Дзета щит. ПК48 Г1 ПК5,5594,4,0,1,0,0,0,0,0
2026-02-13,листовой объект,объект Каппа ДУ,5657,13706,13562,58,19,18,9,0,0
2026-02-13,листовой объект,объект Мю ДП,5674,1678,0,9,0,0,0,0,0
2026-02-13,листовой объект,объект Мю ДУ,5675,9010,8774,69,27,50,21,0,0
2026-02-13,листовой объект,объект Мю ОС,5676,191,0,34,0,0,0,0,0
2026-02-13,листовой объект,объект Мю ПС,5677,448,0,374,0,0,0,0,0
2026-02-13,листовой объект,объект Мю шкафы,5678,2,0,1,0,0,0,0,0
2026-02-13,листовой объект,объект Гамма ОС,5961,1,0,1,0,0,0,0,0
2026-02-13,листовой объект,объект Гамма ДУ,5963,30,1,4,1,1,1,0,0
2026-02-14,коллектор,объект Альфа,5,90500,89318,62,51,209,1,0,0
2026-02-14,коллектор,объект Бета,6,15,0,11,0,0,0,0,0
2026-02-14,коллектор,объект Гамма,7,59,0,4,0,17,1,0,0
2026-02-14,коллектор,Комплекс объект Дельта,8,1419,1288,64,6,0,0,0,0
2026-02-14,коллектор,объект Вита,9,300,0,18,0,0,0,0,0
2026-02-14,коллектор,объект Эпсилон,11,8405,7115,77,19,0,0,0,0
2026-02-14,коллектор,объект Зита,12,1515,1495,37,26,0,0,0,0
2026-02-14,коллектор,объект Каппа,15,13996,13800,80,20,18,18,0,0
2026-02-14,коллектор,объект Йота,3218,2098,0,33,0,0,0,0,0
2026-02-14,коллектор,объект Тау,3355,192,0,44,0,0,0,0,0
2026-02-14,коллектор,объект Омикрон,3359,4050,3157,17,7,0,0,0,0
2026-02-14,коллектор,объект Мю,3828,15277,8159,1238,27,759,38,0,0
2026-02-14,коллектор,объект Сигма,4068,48,0,1,0,0,0,0,0
2026-02-14,коллектор,ПС объект Ро,4356,897,896,5,4,0,0,0,0
2026-02-14,коллектор,ПС объект Омега,4573,392,240,14,8,0,0,0,0
2026-02-14,коллектор,объект Кси,5327,83,9,31,3,0,0,0,0
2026-02-14,листовой объект,объект Фита,20,13,0,10,0,0,0,0,0
2026-02-14,листовой объект,объект Вита,28,58,0,11,0,0,0,0,0
2026-02-14,листовой объект,объект Каппа ОС,42,38,0,11,0,0,0,0,0
2026-02-14,листовой объект,ДП объект Вита,99,2,0,2,0,0,0,0,0
2026-02-14,листовой объект,объект Йота,3215,1247,0,17,0,0,0,0,0
2026-02-14,листовой объект,ДП объект Йота,3216,838,0,4,0,0,0,0,0
2026-02-14,листовой объект,Шкаф ОПС объект Йота,3250,2,0,1,0,0,0,0,0
2026-02-14,листовой объект,ПС объект Тау,3356,172,0,34,0,0,0,0,0
2026-02-14,листовой объект,ДУ объект Омикрон,3360,3181,3157,10,7,0,0,0,0
2026-02-14,листовой объект,ДУ объект Тау,3388,20,0,10,0,0,0,0,0
2026-02-14,листовой объект,ДП объект Эпсилон,3902,2522,1250,57,5,0,0,0,0
2026-02-14,листовой объект,объект Эпсилон ОС,3904,2,0,2,0,0,0,0,0
2026-02-14,листовой объект,объект Пси ОС,3905,4,0,3,0,0,0,0,0
2026-02-14,листовой объект,ДП объект Сигма,4177,48,0,1,0,0,0,0,0
2026-02-14,листовой объект,ДУ ПС объект Ро,4369,896,896,4,4,0,0,0,0
2026-02-14,листовой объект,объект Ро,4370,1,0,1,0,0,0,0,0
2026-02-14,листовой объект,объект Омикрон,4391,1,0,1,0,0,0,0,0
2026-02-14,листовой объект,ДП объект Омикрон,4392,868,0,6,0,0,0,0,0
2026-02-14,листовой объект,ДУ объект Хи,4543,5877,5865,15,14,0,0,0,0
2026-02-14,листовой объект,Шкаф ОПС ПС объект Омега,4577,2,0,1,0,0,0,0,0
2026-02-14,листовой объект,ДУ объект Дельта,4610,1314,1288,19,6,0,0,0,0
2026-02-14,листовой объект,Шкаф ОПС объект Бета,4765,2,0,1,0,0,0,0,0
2026-02-14,листовой объект,ДУ ПС объект Омега,5003,390,240,13,8,0,0,0,0
2026-02-14,листовой объект,ДУ объект Вита,5011,240,0,5,0,0,0,0,0
2026-02-14,листовой объект,объект Дельта,5113,99,0,41,0,0,0,0,0
2026-02-14,листовой объект,Шкаф ОПС объект Дельта,5114,6,0,4,0,0,0,0,0
2026-02-14,листовой объект,ДУ объект Альфа,5122,90497,89318,59,51,209,1,0,0
2026-02-14,листовой объект,ДП объект Альфа,5123,1,0,1,0,0,0,0,0
2026-02-14,листовой объект,ДП объект Альфа 2 этаж,5124,2,0,2,0,0,0,0,0
2026-02-14,листовой объект,объект Фита,5129,3,0,3,0,0,0,0,0
2026-02-14,листовой объект,ДП объект Зита,5132,2,0,1,0,0,0,0,0
2026-02-14,листовой объект,объект Йота ДУ,5218,11,0,11,0,0,0,0,0
2026-02-14,листовой объект,объект Кси ПК0-ПК202,5332,16,0,7,0,0,0,0,0
2026-02-14,листовой объект,ДУ объект Кси,5333,33,9,10,3,0,0,0,0
2026-02-14,листовой объект,ДП объект Кси,5336,12,0,5,0,0,0,0,0
2026-02-14,листовой объект,"Шкаф ОПС, ДУ объект Кси",5338,6,0,2,0,0,0,0,0
2026-02-14,листовой объект,объект Кси ПК202-ПК302,5343,16,0,7,0,0,0,0,0
2026-02-14,листовой объект,объект Каппа ПС,5567,2,0,1,0,0,0,0,0
2026-02-14,листовой объект,объект Дзета ДУ,5578,1478,1478,25,25,0,0,0,0
2026-02-14,листовой объект,объект Дзета ОС,5580,15,0,7,0,0,0,0,0
2026-02-14,листовой объект,объект Зита ДУ,5591,17,17,1,1,0,0,0,0
2026-02-14,листовой объект,объект Каппа ДУ,5657,13956,13800,68,20,18,18,0,0
2026-02-14,листовой объект,объект Мю ДП,5674,734,0,68,0,0,0,0,0
2026-02-14,листовой объект,объект Мю ДУ,5675,12305,8159,95,27,759,38,0,0
2026-02-14,листовой объект,объект Мю ОС,5676,217,0,89,0,0,0,0,0
2026-02-14,листовой объект,объект Мю ПС,5677,1996,0,977,0,0,0,0,0
2026-02-14,листовой объект,объект Мю шкафы,5678,25,0,9,0,0,0,0,0
2026-02-14,листовой объект,объект Гамма ПС,5962,35,0,1,0,17,1,0,0
2026-02-14,листовой объект,объект Гамма ДУ,5963,24,0,3,0,0,0,0,0
2026-02-15,коллектор,объект Альфа,5,91597,90248,74,51,196,1,0,0
2026-02-15,коллектор,объект Бета,6,22,0,14,0,0,0,0,0
2026-02-15,коллектор,объект Гамма,7,51,0,14,0,1,1,0,0
2026-02-15,коллектор,Комплекс объект Дельта,8,1198,1186,14,6,0,0,0,0
2026-02-15,коллектор,объект Вита,9,60,0,13,0,0,0,0,0
2026-02-15,коллектор,объект Эпсилон,11,25911,23875,51,19,0,0,0,0
2026-02-15,коллектор,объект Зита,12,1603,1469,36,26,0,0,0,0
2026-02-15,коллектор,объект Каппа,15,13495,13423,45,19,0,0,0,0
2026-02-15,коллектор,объект Йота,3218,65,0,11,0,0,0,0,0
2026-02-15,коллектор,объект Тау,3355,157,0,19,0,0,0,0,0
2026-02-15,коллектор,объект Омикрон,3359,5179,4035,20,9,0,0,0,0
2026-02-15,коллектор,объект Мю,3828,11393,9627,135,28,106,35,0,0
2026-02-15,коллектор,объект Сигма,4068,107,0,6,0,0,0,0,0
2026-02-15,коллектор,ПС объект Ро,4356,608,605,5,3,0,0,0,0
2026-02-15,коллектор,ПС объект Омега,4573,1042,304,286,8,0,0,0,0
2026-02-15,коллектор,объект Кси,5327,18,6,4,2,0,0,0,0
2026-02-15,листовой объект,объект Фита,20,19,0,11,0,0,0,0,0
2026-02-15,листовой объект,объект Вита,28,12,0,9,0,0,0,0,0
2026-02-15,листовой объект,объект Каппа ОС,42,58,0,23,0,0,0,0,0
2026-02-15,листовой объект,объект Бета,165,3,0,3,0,0,0,0,0
2026-02-15,листовой объект,объект Йота,3215,65,0,11,0,0,0,0,0
2026-02-15,листовой объект,ПС объект Тау,3356,157,0,19,0,0,0,0,0
2026-02-15,листовой объект,ДУ объект Омикрон,3360,4055,4035,12,9,0,0,0,0
2026-02-15,листовой объект,ДП объект Эпсилон,3902,3123,1139,18,5,0,0,0,0
2026-02-15,листовой объект,объект Эпсилон ОС,3904,11,0,7,0,0,0,0,0
2026-02-15,листовой объект,объект Пси ОС,3905,34,0,10,0,0,0,0,0
2026-02-15,листовой объект,объект Сигма,4069,1,0,1,0,0,0,0,0
2026-02-15,листовой объект,объект Хи,4095,1,0,1,0,0,0,0,0
2026-02-15,листовой объект,ДП объект Сигма,4177,106,0,5,0,0,0,0,0
2026-02-15,листовой объект,ДУ ПС объект Ро,4369,605,605,3,3,0,0,0,0
2026-02-15,листовой объект,объект Ро,4370,1,0,1,0,0,0,0,0
2026-02-15,листовой объект,объект Омикрон,4391,2,0,2,0,0,0,0,0
2026-02-15,листовой объект,ДП объект Омикрон,4392,1122,0,6,0,0,0,0,0
2026-02-15,листовой объект,ДУ объект Хи,4543,22742,22736,15,14,0,0,0,0
2026-02-15,листовой объект,Шкаф ОПС ПС объект Ро,4569,2,0,1,0,0,0,0,0
2026-02-15,листовой объект,ДУ объект Дельта,4610,1188,1186,7,6,0,0,0,0
2026-02-15,листовой объект,ПС объект Омега,4648,106,0,53,0,0,0,0,0
2026-02-15,листовой объект,ДУ ПС объект Омега,5003,936,304,233,8,0,0,0,0
2026-02-15,листовой объект,ДУ объект Вита,5011,48,0,4,0,0,0,0,0
2026-02-15,листовой объект,объект Дельта,5113,10,0,7,0,0,0,0,0
2026-02-15,листовой объект,ДУ объект Альфа,5122,91365,90248,58,51,196,1,0,0
2026-02-15,листовой объект,ДП объект Альфа,5123,226,0,14,0,0,0,0,0
2026-02-15,листовой объект,ДП объект Альфа 2 этаж,5124,6,0,2,0,0,0,0,0
2026-02-15,листовой объект,объект Фита,5129,2,0,2,0,0,0,0,0
2026-02-15,листовой объект,ДУ объект Кси,5333,18,6,4,2,0,0,0,0
2026-02-15,листовой объект,объект Дзета ДУ,5578,1445,1443,26,25,0,0,0,0
2026-02-15,листовой объект,объект Дзета ОС,5580,130,0,7,0,0,0,0,0
2026-02-15,листовой объект,объект Зита ДУ,5591,26,26,1,1,0,0,0,0
2026-02-15,листовой объект,объект Каппа ДУ,5657,13437,13423,22,19,0,0,0,0
2026-02-15,листовой объект,объект Мю ДП,5674,910,0,8,0,0,0,0,0
2026-02-15,листовой объект,объект Мю ДУ,5675,10215,9627,91,28,102,34,0,0
2026-02-15,листовой объект,объект Мю ОС,5676,258,0,34,0,4,1,0,0
2026-02-15,листовой объект,объект Мю ПС,5677,10,0,2,0,0,0,0,0
2026-02-15,листовой объект,объект Гамма ПС,5962,3,0,1,0,1,1,0,0
2026-02-15,листовой объект,объект Гамма ДУ,5963,48,0,13,0,0,0,0,0
2026-02-16,коллектор,объект Альфа,5,96077,92113,89,51,234,1,0,0
2026-02-16,коллектор,объект Бета,6,378,0,97,0,0,0,0,0
2026-02-16,коллектор,объект Гамма,7,241,1,90,1,0,0,0,0
2026-02-16,коллектор,Комплекс объект Дельта,8,3595,1699,146,7,71,27,0,0
2026-02-16,коллектор,объект Вита,9,3484,0,27,0,0,0,0,0
2026-02-16,коллектор,объект Эпсилон,11,34425,26649,194,18,38,21,0,0
2026-02-16,коллектор,объект Зита,12,1506,1378,51,24,4,4,0,0
2026-02-16,коллектор,объект Каппа,15,13804,13550,74,19,1,1,0,0
2026-02-16,коллектор,объект Йота,3218,4222,0,70,0,8,8,0,0
2026-02-16,коллектор,объект Тау,3355,372,0,84,0,30,15,0,0
2026-02-16,коллектор,объект Омикрон,3359,9858,5303,58,8,0,0,0,0
2026-02-16,коллектор,объект Мю,3828,12819,9149,1229,29,10,10,0,0
2026-02-16,коллектор,объект Сигма,4068,163,0,7,0,0,0,0,0
2026-02-16,коллектор,ПС объект Ро,4356,411,372,9,4,0,0,0,0
2026-02-16,коллектор,ПС объект Омега,4573,356,176,23,8,0,0,0,0
2026-02-16,коллектор,объект Кси,5327,518,16,91,1,0,0,0,0
2026-02-16,листовой объект,объект Фита,20,83,0,41,0,0,0,0,0
2026-02-16,листовой объект,объект Вита,28,12,0,8,0,0,0,0,0
2026-02-16,листовой объект,объект Каппа ОС,42,182,0,28,0,0,0,0,0
2026-02-16,листовой объект,ДП объект Вита,99,3438,0,15,0,0,0,0,0
2026-02-16,листовой объект,ДП ПС объект Ро,108,35,0,3,0,0,0,0,0
2026-02-16,листовой объект,ДП объект Бета,111,256,0,43,0,0,0,0,0
2026-02-16,листовой объект,объект Бета,165,33,0,11,0,0,0,0,0
2026-02-16,листовой объект,объект Йота,3215,2693,0,43,0,0,0,0,0
2026-02-16,листовой объект,ДП объект Йота,3216,1470,0,5,0,0,0,0,0
2026-02-16,листовой объект,Шкаф ОПС объект Йота,3250,6,0,1,0,0,0,0,0
2026-02-16,листовой объект,ПС объект Тау,3356,66,0,33,0,0,0,0,0
2026-02-16,листовой объект,ДУ объект Омикрон,3360,5367,5303,31,8,0,0,0,0
2026-02-16,листовой объект,ДУ объект Тау,3388,270,0,48,0,30,15,0,0
2026-02-16,листовой объект,ДП объект Эпсилон,3902,6896,1380,118,4,34,17,0,0
2026-02-16,листовой объект,Шкафы ОС объект Эпсилон,3903,4,0,2,0,0,0,0,0
2026-02-16,листовой объект,объект Эпсилон ОС,3904,22,0,11,0,0,0,0,0
2026-02-16,листовой объект,объект Пси ОС,3905,2210,0,38,0,0,0,0,0
2026-02-16,листовой объект,объект Сигма,4069,1,0,1,0,0,0,0,0
2026-02-16,листовой объект,объект Хи,4095,6,0,4,0,0,0,0,0
2026-02-16,листовой объект,ДП объект Сигма,4177,162,0,6,0,0,0,0,0
2026-02-16,листовой объект,ДУ ПС объект Ро,4369,372,372,4,4,0,0,0,0
2026-02-16,листовой объект,объект Ро,4370,4,0,2,0,0,0,0,0
2026-02-16,листовой объект,объект Омикрон,4391,101,0,18,0,0,0,0,0
2026-02-16,листовой объект,ДП объект Омикрон,4392,4386,0,8,0,0,0,0,0
2026-02-16,листовой объект,ДУ объект Хи,4543,25271,25269,15,14,0,0,0,0
2026-02-16,листовой объект,ДП ПС объект Омега,4574,62,0,6,0,0,0,0,0
2026-02-16,листовой объект,ДУ объект Дельта,4610,2181,1699,75,7,71,27,0,0
2026-02-16,листовой объект,Шкаф ОПС объект Омикрон,4763,4,0,1,0,0,0,0,0
2026-02-16,листовой объект,Шкаф ОПС объект Бета,4765,6,0,2,0,0,0,0,0
2026-02-16,листовой объект,ДУ ПС объект Омега,5003,294,176,17,8,0,0,0,0
2026-02-16,листовой объект,Шкаф ОПС ПС объект Тау,5009,36,0,3,0,0,0,0,0
2026-02-16,листовой объект,ДУ объект Вита,5011,34,0,4,0,0,0,0,0
2026-02-16,листовой объект,объект Дельта,5113,1406,0,68,0,0,0,0,0
2026-02-16,листовой объект,Шкаф ОПС объект Дельта,5114,8,0,3,0,0,0,0,0
2026-02-16,листовой объект,ДУ объект Альфа,5122,93399,92113,65,51,234,1,0,0
2026-02-16,листовой объект,ДП объект Альфа,5123,1570,0,15,0,0,0,0,0
2026-02-16,листовой объект,ДП объект Альфа 2 этаж,5124,1108,0,9,0,0,0,0,0
2026-02-16,листовой объект,объект Фита,5129,5,0,2,0,0,0,0,0
2026-02-16,листовой объект,ДП объект Зита,5132,50,0,3,0,0,0,0,0
2026-02-16,листовой объект,объект Йота ДУ,5218,53,0,21,0,8,8,0,0
2026-02-16,листовой объект,объект Кси ПК0-ПК202,5332,50,0,18,0,0,0,0,0
2026-02-16,листовой объект,ДУ объект Кси,5333,126,16,52,1,0,0,0,0
2026-02-16,листовой объект,ДП объект Кси,5336,302,0,11,0,0,0,0,0
2026-02-16,листовой объект,объект Кси ПК202-ПК302,5343,40,0,10,0,0,0,0,0
2026-02-16,листовой объект,объект Пси ПС,5537,8,0,4,0,4,4,0,0
2026-02-16,листовой объект,Шкафы ПС объект Эпсилон,5540,8,0,2,0,0,0,0,0
2026-02-16,листовой объект,объект Дзета ДУ,5578,1386,1356,33,23,4,4,0,0
2026-02-16,листовой объект,объект Дзета ОС,5580,39,0,11,0,0,0,0,0
2026-02-16,листовой объект,объект Зита ОС,5582,4,0,1,0,0,0,0,0
2026-02-16,листовой объект,объект Зита ДУ,5591,22,22,1,1,0,0,0,0
2026-02-16,листовой объект,объект Каппа ДУ,5657,13622,13550,46,19,1,1,0,0
2026-02-16,листовой объект,объект Мю ДП,5674,1136,0,68,0,0,0,0,0
2026-02-16,листовой объект,объект Мю ДУ,5675,9280,9149,66,29,10,10,0,0
2026-02-16,листовой объект,объект Мю ОС,5676,427,0,109,0,0,0,0,0
2026-02-16,листовой объект,объект Мю ПС,5677,1948,0,974,0,0,0,0,0
2026-02-16,листовой объект,объект Мю шкафы,5678,28,0,12,0,0,0,0,0
2026-02-16,листовой объект,объект Гамма ОС,5961,105,0,37,0,0,0,0,0
2026-02-16,листовой объект,объект Гамма ДУ,5963,136,1,53,1,0,0,0,0
2026-02-17,коллектор,объект Альфа,5,94536,91066,136,51,238,1,0,0
2026-02-17,коллектор,объект Бета,6,109,0,21,0,0,0,0,0
2026-02-17,коллектор,объект Гамма,7,71,0,25,0,0,0,0,0
2026-02-17,коллектор,Комплекс объект Дельта,8,2810,1787,68,9,0,0,0,0
2026-02-17,коллектор,объект Вита,9,3223,0,102,0,0,0,0,0
2026-02-17,коллектор,объект Эпсилон,11,36124,26524,309,93,6,4,0,0
2026-02-17,коллектор,объект Зита,12,1805,1543,104,24,0,0,0,0
2026-02-17,коллектор,объект Каппа,15,14857,14152,77,19,18,1,0,0
2026-02-17,коллектор,объект Йота,3218,3650,0,44,0,0,0,0,0
2026-02-17,коллектор,объект Тау,3355,70,0,28,0,0,0,0,0
2026-02-17,коллектор,объект Омикрон,3359,4431,2971,34,8,0,0,0,0
2026-02-17,коллектор,объект Мю,3828,11414,9348,183,25,170,34,0,0
2026-02-17,коллектор,объект Сигма,4068,68,0,5,0,0,0,0,0
2026-02-17,коллектор,ПС объект Ро,4356,726,545,78,2,0,0,0,0
2026-02-17,коллектор,ПС объект Омега,4573,364,224,13,8,0,0,0,0
2026-02-17,коллектор,объект Кси,5327,425,19,16,2,0,0,0,0
2026-02-17,листовой объект,объект Фита,20,16,0,12,0,0,0,0,0
2026-02-17,листовой объект,объект Вита,28,159,0,39,0,0,0,0,0
2026-02-17,листовой объект,объект Каппа ОС,42,527,0,29,0,0,0,0,0
2026-02-17,листовой объект,ДП объект Вита,99,2942,0,19,0,0,0,0,0
2026-02-17,листовой объект,ДП ПС объект Ро,108,30,0,3,0,0,0,0,0
2026-02-17,листовой объект,ДП объект Бета,111,88,0,5,0,0,0,0,0
2026-02-17,листовой объект,объект Бета,165,3,0,3,0,0,0,0,0
2026-02-17,листовой объект,объект Йота,3215,2378,0,30,0,0,0,0,0
2026-02-17,листовой объект,ДП объект Йота,3216,1252,0,4,0,0,0,0,0
2026-02-17,листовой объект,ПС объект Тау,3356,50,0,18,0,0,0,0,0
2026-02-17,листовой объект,ДУ объект Омикрон,3360,3015,2971,23,8,0,0,0,0
2026-02-17,листовой объект,ДУ объект Тау,3388,20,0,10,0,0,0,0,0
2026-02-17,листовой объект,ДП объект Эпсилон,3902,10669,1532,218,79,5,3,0,0
2026-02-17,листовой объект,Шкафы ОС объект Эпсилон,3903,120,0,9,0,1,1,0,0
2026-02-17,листовой объект,объект Эпсилон ОС,3904,72,0,16,0,0,0,0,0
2026-02-17,листовой объект,объект Пси ОС,3905,179,0,17,0,0,0,0,0
2026-02-17,листовой объект,объект Хи,4095,46,0,18,0,0,0,0,0
2026-02-17,листовой объект,ДП объект Сигма,4177,68,0,5,0,0,0,0,0
2026-02-17,листовой объект,ДУ ПС объект Ро,4369,647,545,53,2,0,0,0,0
2026-02-17,листовой объект,объект Ро,4370,47,0,21,0,0,0,0,0
2026-02-17,листовой объект,объект Омикрон,4391,6,0,3,0,0,0,0,0
2026-02-17,листовой объект,ДП объект Омикрон,4392,1404,0,7,0,0,0,0,0
2026-02-17,листовой объект,ДУ объект Хи,4543,25012,24992,24,14,0,0,0,0
2026-02-17,листовой объект,Шкаф ОПС ПС объект Ро,4569,2,0,1,0,0,0,0,0
2026-02-17,листовой объект,ДУ объект Дельта,4610,1871,1787,38,9,0,0,0,0
2026-02-17,листовой объект,Шкаф ОПС объект Омикрон,4763,6,0,1,0,0,0,0,0
2026-02-17,листовой объект,Шкаф ОПС объект Бета,4765,2,0,1,0,0,0,0,0
2026-02-17,листовой объект,ДУ ПС объект Омега,5003,364,224,13,8,0,0,0,0
2026-02-17,листовой объект,ДУ объект Вита,5011,122,0,44,0,0,0,0,0
2026-02-17,листовой объект,объект Дельта,5113,939,0,30,0,0,0,0,0
2026-02-17,листовой объект,ДУ объект Альфа,5122,92403,91066,86,51,238,1,0,0
2026-02-17,листовой объект,ДП объект Альфа,5123,1337,0,17,0,0,0,0,0
2026-02-17,листовой объект,ДП объект Альфа 2 этаж,5124,732,0,12,0,0,0,0,0
2026-02-17,листовой объект,объект Фита,5129,30,0,14,0,0,0,0,0
2026-02-17,листовой объект,ДП объект Зита,5132,88,0,16,0,0,0,0,0
2026-02-17,листовой объект,объект Йота ДУ,5218,20,0,10,0,0,0,0,0
2026-02-17,листовой объект,объект Кси ПК0-ПК202,5332,4,0,1,0,0,0,0,0
2026-02-17,листовой объект,ДУ объект Кси,5333,31,19,4,2,0,0,0,0
2026-02-17,листовой объект,ДП объект Кси,5336,390,0,11,0,0,0,0,0
2026-02-17,листовой объект,объект Пси,5339,64,0,21,0,0,0,0,0
2026-02-17,листовой объект,объект Пси ПС,5537,8,0,2,0,0,0,0,0
2026-02-17,листовой объект,объект Эпсилон ПС,5539,8,0,2,0,0,0,0,0
2026-02-17,листовой объект,Шкафы ПС объект Эпсилон,5540,10,0,3,0,0,0,0,0
2026-02-17,листовой объект,объект Дзета ДУ,5578,1572,1522,44,23,0,0,0,0
2026-02-17,листовой объект,объект Дзета ОС,5580,86,0,26,0,0,0,0,0
2026-02-17,листовой объект,объект Зита ОС,5582,8,0,3,0,0,0,0,0
2026-02-17,листовой объект,объект Зита ДУ,5591,21,21,1,1,0,0,0,0
2026-02-17,листовой объект,объект Каппа ДУ,5657,14330,14152,48,19,18,1,0,0
2026-02-17,листовой объект,объект Мю ДП,5674,860,0,12,0,0,0,0,0
2026-02-17,листовой объект,объект Мю ДУ,5675,10326,9348,107,25,170,34,0,0
2026-02-17,листовой объект,объект Мю ОС,5676,218,0,63,0,0,0,0,0
2026-02-17,листовой объект,объект Мю ПС,5677,10,0,1,0,0,0,0,0
2026-02-17,листовой объект,объект Гамма ОС,5961,24,0,8,0,0,0,0,0
2026-02-17,листовой объект,объект Гамма ДУ,5963,47,0,17,0,0,0,0,0
2026-02-18,коллектор,объект Альфа,5,96295,92887,156,54,206,4,0,0
2026-02-18,коллектор,объект Бета,6,132,0,10,0,0,0,0,0
2026-02-18,коллектор,объект Гамма,7,166,0,58,0,23,23,0,0
2026-02-18,коллектор,Комплекс объект Дельта,8,4382,1785,99,9,12,12,0,0
2026-02-18,коллектор,объект Вита,9,4068,0,39,0,0,0,0,0
2026-02-18,коллектор,объект Эпсилон,11,35166,24771,720,18,7,3,0,0
2026-02-18,коллектор,объект Зита,12,1711,1679,35,23,0,0,0,0
2026-02-18,коллектор,объект Каппа,15,16551,15339,131,19,7,3,0,0
2026-02-18,коллектор,объект Йота,3218,7366,0,61,0,0,0,0,0
2026-02-18,коллектор,объект Тау,3355,2860,0,333,0,6,6,0,0
2026-02-18,коллектор,объект Омикрон,3359,6054,4502,38,7,2,1,0,0
2026-02-18,коллектор,объект Мю,3828,11809,8989,1189,27,0,0,0,0
2026-02-18,коллектор,объект Сигма,4068,71,0,6,0,0,0,0,0
2026-02-18,коллектор,ПС объект Ро,4356,117,75,5,2,0,0,0,0
2026-02-18,коллектор,ПС объект Омега,4573,780,208,128,8,1,1,0,0
2026-02-18,коллектор,объект Кси,5327,544,24,36,4,0,0,0,0
2026-02-18,листовой объект,объект Фита,20,7,0,4,0,0,0,0,0
2026-02-18,листовой объект,объект Вита,28,39,0,12,0,0,0,0,0
2026-02-18,листовой объект,объект Каппа ОС,42,1078,0,63,0,0,0,0,0
2026-02-18,листовой объект,ДП объект Вита,99,3991,0,17,0,0,0,0,0
2026-02-18,листовой объект,ДП ПС объект Ро,108,42,0,3,0,0,0,0,0
2026-02-18,листовой объект,ДП объект Бета,111,124,0,5,0,0,0,0,0
2026-02-18,листовой объект,объект Бета,165,1,0,1,0,0,0,0,0
2026-02-18,листовой объект,объект Йота,3215,4388,0,43,0,0,0,0,0
2026-02-18,листовой объект,ДП объект Йота,3216,2948,0,4,0,0,0,0,0
2026-02-18,листовой объект,Шкаф ОПС объект Йота,3250,4,0,1,0,0,0,0,0
2026-02-18,листовой объект,ПС объект Тау,3356,2656,0,256,0,0,0,0,0
2026-02-18,листовой объект,ДУ объект Омикрон,3360,4558,4502,25,7,2,1,0,0
2026-02-18,листовой объект,ДУ объект Тау,3388,202,0,76,0,6,6,0,0
2026-02-18,листовой объект,ДП объект Эпсилон,3902,8414,1222,142,4,7,3,0,0
2026-02-18,листовой объект,Шкафы ОС объект Эпсилон,3903,16,0,5,0,0,0,0,0
2026-02-18,листовой объект,объект Эпсилон ОС,3904,472,0,52,0,0,0,0,0
2026-02-18,листовой объект,объект Пси ОС,3905,1087,0,33,0,0,0,0,0
2026-02-18,листовой объект,объект Сигма,4069,1,0,1,0,0,0,0,0
2026-02-18,листовой объект,объект Хи,4095,2,0,2,0,0,0,0,0
2026-02-18,листовой объект,ДП объект Сигма,4177,70,0,5,0,0,0,0,0
2026-02-18,листовой объект,ДУ ПС объект Ро,4369,75,75,2,2,0,0,0,0
2026-02-18,листовой объект,объект Омикрон,4391,136,0,6,0,0,0,0,0
2026-02-18,листовой объект,ДП объект Омикрон,4392,1358,0,6,0,0,0,0,0
2026-02-18,листовой объект,Шкаф ОПС объект Хи,4541,1,0,1,0,0,0,0,0
2026-02-18,листовой объект,ДУ объект Хи,4543,23553,23549,15,14,0,0,0,0
2026-02-18,листовой объект,ДП ПС объект Омега,4574,152,0,7,0,0,0,0,0
2026-02-18,листовой объект,ДУ объект Дельта,4610,1973,1785,53,9,12,12,0,0
2026-02-18,листовой объект,ПС объект Омега,4648,150,0,44,0,0,0,0,0
2026-02-18,листовой объект,Шкаф ОПС объект Омикрон,4763,2,0,1,0,0,0,0,0
2026-02-18,листовой объект,ДУ ПС объект Омега,5003,478,208,77,8,1,1,0,0
2026-02-18,листовой объект,Шкаф ОПС ПС объект Тау,5009,2,0,1,0,0,0,0,0
2026-02-18,листовой объект,ДУ объект Вита,5011,38,0,10,0,0,0,0,0
2026-02-18,листовой объект,объект Дельта,5113,2409,0,46,0,0,0,0,0
2026-02-18,листовой объект,ДУ объект Альфа,5122,94055,92887,82,54,206,4,0,0
2026-02-18,листовой объект,ДП объект Альфа,5123,1347,0,41,0,0,0,0,0
2026-02-18,листовой объект,ДП объект Альфа 2 этаж,5124,879,0,28,0,0,0,0,0
2026-02-18,листовой объект,объект Фита,5129,4,0,4,0,0,0,0,0
2026-02-18,листовой объект,ДП объект Зита,5132,6,0,2,0,0,0,0,0
2026-02-18,листовой объект,объект Йота ДУ,5218,26,0,13,0,0,0,0,0
2026-02-18,листовой объект,объект Кси ПК0-ПК202,5332,36,0,7,0,0,0,0,0
2026-02-18,листовой объект,ДУ объект Кси,5333,56,24,10,4,0,0,0,0
2026-02-18,листовой объект,ДП объект Кси,5336,408,0,10,0,0,0,0,0
2026-02-18,листовой объект,"Шкаф ОПС, ДУ объект Кси",5338,12,0,2,0,0,0,0,0
2026-02-18,листовой объект,объект Пси,5339,6,0,2,0,0,0,0,0
2026-02-18,листовой объект,объект Пси шкаф ОПС,5340,8,0,3,0,0,0,0,0
2026-02-18,листовой объект,объект Кси ПК202-ПК302,5343,32,0,7,0,0,0,0,0
2026-02-18,листовой объект,объект Пси ПС,5537,738,0,268,0,0,0,0,0
2026-02-18,листовой объект,объект Эпсилон ПС,5539,850,0,196,0,0,0,0,0
2026-02-18,листовой объект,Шкафы ПС объект Эпсилон,5540,33,0,6,0,0,0,0,0
2026-02-18,листовой объект,объект Дзета ДУ,5578,1679,1679,23,23,0,0,0,0
2026-02-18,листовой объект,объект Дзета ОС,5580,22,0,6,0,0,0,0,0
2026-02-18,листовой объект,объект Каппа ДУ,5657,15473,15339,68,19,7,3,0,0
2026-02-18,листовой объект,объект Мю ДП,5674,574,0,68,0,0,0,0,0
2026-02-18,листовой объект,объект Мю ДУ,5675,8999,8989,29,27,0,0,0,0
2026-02-18,листовой объект,объект Мю ОС,5676,265,0,107,0,0,0,0,0
2026-02-18,листовой объект,объект Мю ПС,5677,1946,0,973,0,0,0,0,0
2026-02-18,листовой объект,объект Мю шкафы,5678,25,0,12,0,0,0,0,0
2026-02-18,листовой объект,объект Гамма ОС,5961,18,0,5,0,0,0,0,0
2026-02-18,листовой объект,объект Гамма ДУ,5963,144,0,51,0,23,23,0,0
2026-02-18,листовой объект,объект Гамма шкафы,5966,4,0,2,0,0,0,0,0
2026-02-19,коллектор,объект Альфа,5,93954,92021,77,51,194,1,0,0
2026-02-19,коллектор,объект Бета,6,142,0,11,0,0,0,0,0
2026-02-19,коллектор,объект Гамма,7,207,1,80,1,0,0,0,0
2026-02-19,коллектор,Комплекс объект Дельта,8,4677,2574,80,9,0,0,0,0
2026-02-19,коллектор,объект Вита,9,4755,0,45,0,0,0,0,0
2026-02-19,коллектор,объект Эпсилон,11,34470,25720,389,17,3,2,0,0
2026-02-19,коллектор,объект Зита,12,2073,2038,34,23,0,0,0,0
2026-02-19,коллектор,объект Каппа,15,14804,14564,86,19,0,0,0,0
2026-02-19,коллектор,объект Йота,3218,5789,0,48,0,0,0,0,0
2026-02-19,коллектор,объект Тау,3355,21,0,14,0,0,0,0,0
2026-02-19,коллектор,объект Омикрон,3359,8587,4635,91,5,0,0,0,0
2026-02-19,коллектор,объект Мю,3828,9931,8053,134,28,34,34,0,0
2026-02-19,коллектор,объект Сигма,4068,414,0,23,0,0,0,0,0
2026-02-19,коллектор,ПС объект Ро,4356,212,138,16,2,0,0,0,0
2026-02-19,коллектор,ПС объект Омега,4573,790,240,58,8,26,2,0,0
2026-02-19,коллектор,объект Кси,5327,320,20,9,1,0,0,0,0
2026-02-19,листовой объект,объект Фита,20,8,0,6,0,0,0,0,0
2026-02-19,листовой объект,объект Вита,28,68,0,9,0,0,0,0,0
2026-02-19,листовой объект,объект Каппа ОС,42,158,0,27,0,0,0,0,0
2026-02-19,листовой объект,ДП объект Вита,99,4613,0,17,0,0,0,0,0
2026-02-19,листовой объект,ДП ПС объект Ро,108,42,0,4,0,0,0,0,0
2026-02-19,листовой объект,ДП объект Бета,111,134,0,5,0,0,0,0,0
2026-02-19,листовой объект,объект Йота,3215,3799,0,33,0,0,0,0,0
2026-02-19,листовой объект,ДП объект Йота,3216,1970,0,5,0,0,0,0,0
2026-02-19,листовой объект,ПС объект Тау,3356,21,0,14,0,0,0,0,0
2026-02-19,листовой объект,ДУ объект Омикрон,3360,4733,4635,35,5,0,0,0,0
2026-02-19,листовой объект,ДП объект Эпсилон,3902,8753,1096,108,3,0,0,0,0
2026-02-19,листовой объект,Шкафы ОС объект Эпсилон,3903,50,0,8,0,0,0,0,0
2026-02-19,листовой объект,объект Эпсилон ОС,3904,9,0,5,0,0,0,0,0
2026-02-19,листовой объект,объект Пси ОС,3905,581,0,64,0,0,0,0,0
2026-02-19,листовой объект,объект Сигма,4069,36,0,8,0,0,0,0,0
2026-02-19,листовой объект,объект Хи,4095,41,0,6,0,0,0,0,0
2026-02-19,листовой объект,ДП объект Сигма,4177,378,0,15,0,0,0,0,0
2026-02-19,листовой объект,ДУ ПС объект Ро,4369,168,138,10,2,0,0,0,0
2026-02-19,листовой объект,объект Ро,4370,2,0,2,0,0,0,0,0
2026-02-19,листовой объект,объект Омикрон,4391,700,0,47,0,0,0,0,0
2026-02-19,листовой объект,ДП объект Омикрон,4392,3154,0,9,0,0,0,0,0
2026-02-19,листовой объект,ДУ объект Хи,4543,24626,24624,15,14,0,0,0,0
2026-02-19,листовой объект,ДП ПС объект Омега,4574,32,0,5,0,0,0,0,0
2026-02-19,листовой объект,ДУ объект Дельта,4610,2686,2574,39,9,0,0,0,0
2026-02-19,листовой объект,ПС объект Омега,4648,208,0,16,0,0,0,0,0
2026-02-19,листовой объект,ДУ ПС объект Омега,5003,550,240,37,8,26,2,0,0
2026-02-19,листовой объект,ДУ объект Вита,5011,74,0,19,0,0,0,0,0
2026-02-19,листовой объект,объект Дельта,5113,1991,0,41,0,0,0,0,0
2026-02-19,листовой объект,ДУ объект Альфа,5122,93150,92021,58,51,194,1,0,0
2026-02-19,листовой объект,ДП объект Альфа,5123,580,0,12,0,0,0,0,0
2026-02-19,листовой объект,ДП объект Альфа 2 этаж,5124,224,0,7,0,0,0,0,0
2026-02-19,листовой объект,объект Фита,5129,1,0,1,0,0,0,0,0
2026-02-19,листовой объект,объект Йота ДУ,5218,20,0,10,0,0,0,0,0
2026-02-19,листовой объект,ДУ объект Кси,5333,34,20,3,1,0,0,0,0
2026-02-19,листовой объект,ДП объект Кси,5336,286,0,6,0,0,0,0,0
2026-02-19,листовой объект,объект Пси ПС,5537,378,0,179,0,3,2,0,0
2026-02-19,листовой объект,Шкафы ПС объект Эпсилон,5540,32,0,4,0,0,0,0,0
2026-02-19,листовой объект,объект Дзета ДУ,5578,1997,1997,22,22,0,0,0,0
2026-02-19,листовой объект,объект Дзета ОС,5580,34,0,10,0,0,0,0,0
2026-02-19,листовой объект,объект Зита ДУ,5591,41,41,1,1,0,0,0,0
2026-02-19,листовой объект,объект Каппа ДУ,5657,14646,14564,59,19,0,0,0,0
2026-02-19,листовой объект,объект Мю ДП,5674,1432,0,15,0,0,0,0,0
2026-02-19,листовой объект,объект Мю ДУ,5675,8262,8053,91,28,34,34,0,0
2026-02-19,листовой объект,объект Мю ОС,5676,235,0,27,0,0,0,0,0
2026-02-19,листовой объект,объект Мю ПС,5677,2,0,1,0,0,0,0,0
2026-02-19,листовой объект,объект Гамма ОС,5961,106,0,38,0,0,0,0,0
2026-02-19,листовой объект,объект Гамма ДУ,5963,101,1,42,1,0,0,0,0
2026-02-20,коллектор,объект Альфа,5,94154,91431,80,51,219,1,0,0
2026-02-20,коллектор,объект Бета,6,3580,0,63,0,0,0,0,0
2026-02-20,коллектор,объект Гамма,7,30,0,5,0,1,1,0,0
2026-02-20,коллектор,Комплекс объект Дельта,8,5431,2115,99,10,44,15,0,0
2026-02-20,коллектор,объект Вита,9,2452,0,16,0,0,0,0,0
2026-02-20,коллектор,объект Эпсилон,11,27248,23755,53,18,0,0,0,0
2026-02-20,коллектор,объект Зита,12,1692,1565,43,24,1,1,0,0
2026-02-20,коллектор,объект Каппа,15,15421,15178,74,19,0,0,0,0
2026-02-20,коллектор,объект Йота,3218,6025,0,51,0,0,0,0,0
2026-02-20,коллектор,объект Тау,3355,286,0,85,0,0,0,0,0
2026-02-20,коллектор,объект Омикрон,3359,4448,2764,32,7,0,0,0,0
2026-02-20,коллектор,объект Мю,3828,12237,9754,775,29,0,0,0,0
2026-02-20,коллектор,объект Сигма,4068,72,0,7,0,0,0,0,0
2026-02-20,коллектор,ПС объект Ро,4356,742,715,4,1,0,0,0,0
2026-02-20,коллектор,ПС объект Омега,4573,316,192,15,8,0,0,0,0
2026-02-20,коллектор,объект Кси,5327,498,12,31,2,7,5,0,0
2026-02-20,листовой объект,объект Фита,20,2189,0,24,0,0,0,0,0
2026-02-20,листовой объект,объект Вита,28,26,0,5,0,0,0,0,0
2026-02-20,листовой объект,объект Каппа ОС,42,173,0,22,0,0,0,0,0
2026-02-20,листовой объект,ДП объект Вита,99,2402,0,8,0,0,0,0,0
2026-02-20,листовой объект,ДП ПС объект Ро,108,27,0,3,0,0,0,0,0
2026-02-20,листовой объект,ДП объект Бета,111,588,0,31,0,0,0,0,0
2026-02-20,листовой объект,объект Бета,165,803,0,8,0,0,0,0,0
2026-02-20,листовой объект,объект Йота,3215,3433,0,36,0,0,0,0,0
2026-02-20,листовой объект,ДП объект Йота,3216,2568,0,5,0,0,0,0,0
2026-02-20,листовой объект,ПС объект Тау,3356,236,0,59,0,0,0,0,0
2026-02-20,листовой объект,ДУ объект Омикрон,3360,2810,2764,22,7,0,0,0,0
2026-02-20,листовой объект,ДУ объект Тау,3388,50,0,26,0,0,0,0,0
2026-02-20,листовой объект,ДП объект Эпсилон,3902,3902,508,28,4,0,0,0,0
2026-02-20,листовой объект,объект Эпсилон ОС,3904,5,0,3,0,0,0,0,0
2026-02-20,листовой объект,объект Пси ОС,3905,7,0,5,0,0,0,0,0
2026-02-20,листовой объект,объект Хи,4095,85,0,2,0,0,0,0,0
2026-02-20,листовой объект,ДП объект Сигма,4177,72,0,7,0,0,0,0,0
2026-02-20,листовой объект,ДУ ПС объект Ро,4369,715,715,1,1,0,0,0,0
2026-02-20,листовой объект,объект Омикрон,4391,6,0,3,0,0,0,0,0
2026-02-20,листовой объект,ДП объект Омикрон,4392,1632,0,7,0,0,0,0,0
2026-02-20,листовой объект,ДУ объект Хи,4543,23249,23247,15,14,0,0,0,0
2026-02-20,листовой объект,ДУ объект Дельта,4610,2489,2115,53,10,44,15,0,0
2026-02-20,листовой объект,Шкаф ОПС объект Зита,4770,3,0,1,0,1,1,0,0
2026-02-20,листовой объект,ДУ ПС объект Омега,5003,316,192,15,8,0,0,0,0
2026-02-20,листовой объект,ДУ объект Вита,5011,24,0,3,0,0,0,0,0
2026-02-20,листовой объект,объект Дельта,5113,2939,0,45,0,0,0,0,0
2026-02-20,листовой объект,Шкаф ОПС объект Дельта,5114,3,0,1,0,0,0,0,0
2026-02-20,листовой объект,ДУ объект Альфа,5122,92659,91431,59,51,219,1,0,0
2026-02-20,листовой объект,ДП объект Альфа,5123,1079,0,14,0,0,0,0,0
2026-02-20,листовой объект,ДП объект Альфа 2 этаж,5124,416,0,7,0,0,0,0,0
2026-02-20,листовой объект,объект Фита,5129,4,0,1,0,0,0,0,0
2026-02-20,листовой объект,ДП объект Зита,5132,50,0,3,0,0,0,0,0
2026-02-20,листовой объект,объект Йота ДУ,5218,24,0,10,0,0,0,0,0
2026-02-20,листовой объект,объект Кси ПК0-ПК202,5332,12,0,3,0,0,0,0,0
2026-02-20,листовой объект,ДУ объект Кси,5333,72,12,19,2,7,5,0,0
2026-02-20,листовой объект,ДП объект Кси,5336,414,0,9,0,0,0,0,0
2026-02-20,листовой объект,объект Дзета ДУ,5578,1563,1563,23,23,0,0,0,0
2026-02-20,листовой объект,объект Дзета ОС,5580,62,0,11,0,0,0,0,0
2026-02-20,листовой объект,объект Зита ОС,5582,4,0,1,0,0,0,0,0
2026-02-20,листовой объект,объект Зита ДУ,5591,6,2,3,1,0,0,0,0
2026-02-20,листовой объект,объект Каппа ДУ,5657,15248,15178,52,19,0,0,0,0
2026-02-20,листовой объект,объект Мю ДП,5674,924,0,43,0,0,0,0,0
2026-02-20,листовой объект,объект Мю ДУ,5675,9762,9754,31,29,0,0,0,0
2026-02-20,листовой объект,объект Мю ОС,5676,214,0,32,0,0,0,0,0
2026-02-20,листовой объект,объект Мю ПС,5677,1336,0,668,0,0,0,0,0
2026-02-20,листовой объект,объект Мю шкафы,5678,1,0,1,0,0,0,0,0
2026-02-20,листовой объект,объект Гамма ПС,5962,2,0,1,0,1,1,0,0
2026-02-20,листовой объект,объект Гамма ДУ,5963,28,0,4,0,0,0,0,0
2026-02-21,коллектор,объект Альфа,5,92989,91731,61,51,229,1,0,0
2026-02-21,коллектор,объект Бета,6,8,0,8,0,0,0,0,0
2026-02-21,коллектор,объект Гамма,7,38,0,6,0,2,1,0,0
2026-02-21,коллектор,Комплекс объект Дельта,8,3121,3112,14,8,0,0,0,0
2026-02-21,коллектор,объект Вита,9,86,0,13,0,0,0,0,0
2026-02-21,коллектор,объект Эпсилон,11,24866,23821,55,17,11,11,0,0
2026-02-21,коллектор,объект Зита,12,1594,1516,40,26,0,0,0,0
2026-02-21,коллектор,объект Каппа,15,15258,15227,29,18,0,0,0,0
2026-02-21,коллектор,объект Йота,3218,4,0,3,0,0,0,0,0
2026-02-21,коллектор,объект Тау,3355,155,0,56,0,6,6,0,0
2026-02-21,коллектор,объект Омикрон,3359,5573,4570,19,6,0,0,0,0
2026-02-21,коллектор,объект Мю,3828,11330,10153,61,29,1,1,0,0
2026-02-21,коллектор,объект Сигма,4068,50,0,5,0,0,0,0,0
2026-02-21,коллектор,ПС объект Ро,4356,677,676,3,2,0,0,0,0
2026-02-21,коллектор,ПС объект Омега,4573,338,208,13,8,0,0,0,0
2026-02-21,коллектор,объект Кси,5327,306,10,72,3,9,3,0,0
2026-02-21,листовой объект,объект Фита,20,8,0,8,0,0,0,0,0
2026-02-21,листовой объект,объект Вита,28,64,0,9,0,0,0,0,0
2026-02-21,листовой объект,объект Каппа ОС,42,23,0,8,0,0,0,0,0
2026-02-21,листовой объект,объект Йота,3215,4,0,3,0,0,0,0,0
2026-02-21,листовой объект,ПС объект Тау,3356,67,0,21,0,0,0,0,0
2026-02-21,листовой объект,ДУ объект Омикрон,3360,4588,4570,9,6,0,0,0,0
2026-02-21,листовой объект,ДУ объект Тау,3388,80,0,31,0,6,6,0,0
2026-02-21,листовой объект,ДП объект Эпсилон,3902,1393,373,32,3,11,11,0,0
2026-02-21,листовой объект,объект Эпсилон ОС,3904,5,0,2,0,0,0,0,0
2026-02-21,листовой объект,объект Пси ОС,3905,9,0,4,0,0,0,0,0
2026-02-21,листовой объект,объект Хи,4095,9,0,2,0,0,0,0,0
2026-02-21,листовой объект,ДП объект Сигма,4177,50,0,5,0,0,0,0,0
2026-02-21,листовой объект,ДУ ПС объект Ро,4369,676,676,2,2,0,0,0,0
2026-02-21,листовой объект,объект Ро,4370,1,0,1,0,0,0,0,0
2026-02-21,листовой объект,объект Омикрон,4391,5,0,4,0,0,0,0,0
2026-02-21,листовой объект,ДП объект Омикрон,4392,980,0,6,0,0,0,0,0
2026-02-21,листовой объект,ДУ объект Хи,4543,23450,23448,15,14,0,0,0,0
2026-02-21,листовой объект,ДУ объект Дельта,4610,3114,3112,9,8,0,0,0,0
2026-02-21,листовой объект,ДУ ПС объект Омега,5003,338,208,13,8,0,0,0,0
2026-02-21,листовой объект,Шкаф ОПС ПС объект Тау,5009,8,0,4,0,0,0,0,0
2026-02-21,листовой объект,ДУ объект Вита,5011,22,0,4,0,0,0,0,0
2026-02-21,листовой объект,объект Дельта,5113,7,0,5,0,0,0,0,0
2026-02-21,листовой объект,ДУ объект Альфа,5122,92986,91731,58,51,229,1,0,0
2026-02-21,листовой объект,ДП объект Альфа,5123,2,0,2,0,0,0,0,0
2026-02-21,листовой объект,ДП объект Альфа 2 этаж,5124,1,0,1,0,0,0,0,0
2026-02-21,листовой объект,объект Фита,5129,3,0,3,0,0,0,0,0
2026-02-21,листовой объект,ДП объект Зита,5132,32,0,3,0,0,0,0,0
2026-02-21,листовой объект,объект Кси ПК0-ПК202,5332,44,0,12,0,0,0,0,0
2026-02-21,листовой объект,ДУ объект Кси,5333,138,10,36,3,9,3,0,0
2026-02-21,листовой объект,ДП объект Кси,5336,84,0,10,0,0,0,0,0
2026-02-21,листовой объект,"Шкаф ОПС, ДУ объект Кси",5338,6,0,2,0,0,0,0,0
2026-02-21,листовой объект,объект Кси ПК202-ПК302,5343,34,0,12,0,0,0,0,0
2026-02-21,листовой объект,объект Дзета ДУ,5578,1516,1516,26,26,0,0,0,0
2026-02-21,листовой объект,объект Дзета ОС,5580,43,0,8,0,0,0,0,0
2026-02-21,листовой объект,объект Каппа ДУ,5657,15235,15227,21,18,0,0,0,0
2026-02-21,листовой объект,объект Мю ДП,5674,990,0,7,0,0,0,0,0
2026-02-21,листовой объект,объект Мю ДУ,5675,10164,10153,30,29,1,1,0,0
2026-02-21,листовой объект,объект Мю ОС,5676,176,0,24,0,0,0,0,0
2026-02-21,листовой объект,объект Гамма ПС,5962,4,0,1,0,2,1,0,0
2026-02-21,листовой объект,объект Гамма ДУ,5963,34,0,5,0,0,0,0,0
2026-02-22,коллектор,объект Альфа,5,91385,89993,71,51,221,1,0,0
2026-02-22,коллектор,объект Бета,6,21,0,19,0,0,0,0,0
2026-02-22,коллектор,объект Гамма,7,65,2,9,2,1,1,0,0
2026-02-22,коллектор,Комплекс объект Дельта,8,2918,2906,19,10,0,0,0,0
2026-02-22,коллектор,объект Вита,9,75,0,12,0,0,0,0,0
2026-02-22,коллектор,объект Эпсилон,11,24545,24522,31,18,0,0,0,0
2026-02-22,коллектор,объект Зита,12,1792,1737,37,26,0,0,0,0
2026-02-22,коллектор,объект Каппа,15,14980,14944,34,19,0,0,0,0
2026-02-22,коллектор,объект Йота,3218,48,0,7,0,0,0,0,0
2026-02-22,коллектор,объект Тау,3355,9,0,9,0,0,0,0,0
2026-02-22,коллектор,объект Омикрон,3359,6714,5921,18,7,0,0,0,0
2026-02-22,коллектор,объект Мю,3828,13252,10839,980,29,0,0,0,0
2026-02-22,коллектор,объект Сигма,4068,32,0,4,0,0,0,0,0
2026-02-22,коллектор,ПС объект Ро,4356,981,980,3,2,0,0,0,0
2026-02-22,коллектор,ПС объект Омега,4573,410,224,20,8,0,0,0,0
2026-02-22,коллектор,объект Кси,5327,366,27,42,3,24,3,0,0
2026-02-22,листовой объект,объект Фита,20,20,0,18,0,0,0,0,0
2026-02-22,листовой объект,объект Вита,28,50,0,8,0,0,0,0,0
2026-02-22,листовой объект,объект Каппа ОС,42,26,0,12,0,0,0,0,0
2026-02-22,листовой объект,ДП объект Вита,99,1,0,1,0,0,0,0,0
2026-02-22,листовой объект,объект Бета,165,1,0,1,0,0,0,0,0
2026-02-22,листовой объект,объект Йота,3215,4,0,4,0,0,0,0,0
2026-02-22,листовой объект,ДП объект Йота,3216,44,0,3,0,0,0,0,0
2026-02-22,листовой объект,ПС объект Тау,3356,7,0,7,0,0,0,0,0
2026-02-22,листовой объект,ДУ объект Омикрон,3360,5945,5921,10,7,0,0,0,0
2026-02-22,листовой объект,ДУ объект Тау,3388,2,0,2,0,0,0,0,0
2026-02-22,листовой объект,ДП объект Эпсилон,3902,1147,1145,5,4,0,0,0,0
2026-02-22,листовой объект,объект Эпсилон ОС,3904,3,0,3,0,0,0,0,0
2026-02-22,листовой объект,объект Пси ОС,3905,13,0,6,0,0,0,0,0
2026-02-22,листовой объект,объект Хи,4095,3,0,2,0,0,0,0,0
2026-02-22,листовой объект,ДП объект Сигма,4177,32,0,4,0,0,0,0,0
2026-02-22,листовой объект,ДУ ПС объект Ро,4369,980,980,2,2,0,0,0,0
2026-02-22,листовой объект,объект Ро,4370,1,0,1,0,0,0,0,0
2026-02-22,листовой объект,объект Омикрон,4391,3,0,1,0,0,0,0,0
2026-02-22,листовой объект,ДП объект Омикрон,4392,766,0,7,0,0,0,0,0
2026-02-22,листовой объект,ДУ объект Хи,4543,23379,23377,15,14,0,0,0,0
2026-02-22,листовой объект,ДП ПС объект Омега,4574,44,0,6,0,0,0,0,0
2026-02-22,листовой объект,ДУ объект Дельта,4610,2908,2906,11,10,0,0,0,0
2026-02-22,листовой объект,ДУ ПС объект Омега,5003,366,224,14,8,0,0,0,0
2026-02-22,листовой объект,ДУ объект Вита,5011,24,0,3,0,0,0,0,0
2026-02-22,листовой объект,объект Дельта,5113,10,0,8,0,0,0,0,0
2026-02-22,листовой объект,ДУ объект Альфа,5122,91164,89993,58,51,221,1,0,0
2026-02-22,листовой объект,ДП объект Альфа,5123,47,0,7,0,0,0,0,0
2026-02-22,листовой объект,ДП объект Альфа 2 этаж,5124,172,0,5,0,0,0,0,0
2026-02-22,листовой объект,объект Фита,5129,2,0,2,0,0,0,0,0
2026-02-22,листовой объект,объект Кси ПК0-ПК202,5332,34,0,9,0,0,0,0,0
2026-02-22,листовой объект,ДУ объект Кси,5333,183,27,18,3,24,3,0,0
2026-02-22,листовой объект,ДП объект Кси,5336,12,0,5,0,0,0,0,0
2026-02-22,листовой объект,"Шкаф ОПС, ДУ объект Кси",5338,6,0,2,0,0,0,0,0
2026-02-22,листовой объект,объект Пси,5339,2,0,1,0,0,0,0,0
2026-02-22,листовой объект,объект Кси ПК202-ПК302,5343,131,0,8,0,0,0,0,0
2026-02-22,листовой объект,объект Дзета ДУ,5578,1707,1707,25,25,0,0,0,0
2026-02-22,листовой объект,объект Дзета ОС,5580,53,0,9,0,0,0,0,0
2026-02-22,листовой объект,объект Зита ДУ,5591,30,30,1,1,0,0,0,0
2026-02-22,листовой объект,объект Каппа ДУ,5657,14954,14944,22,19,0,0,0,0
2026-02-22,листовой объект,объект Мю ДП,5674,574,0,45,0,0,0,0,0
2026-02-22,листовой объект,объект Мю ДУ,5675,10847,10839,31,29,0,0,0,0
2026-02-22,листовой объект,объект Мю ОС,5676,89,0,33,0,0,0,0,0
2026-02-22,листовой объект,объект Мю ПС,5677,1742,0,871,0,0,0,0,0
2026-02-22,листовой объект,объект Гамма ОС,5961,1,0,1,0,0,0,0,0
2026-02-22,листовой объект,объект Гамма ПС,5962,2,0,1,0,1,1,0,0
2026-02-22,листовой объект,объект Гамма ДУ,5963,62,2,7,2,0,0,0,0
2026-02-23,коллектор,объект Альфа,5,91030,89518,69,51,261,1,0,0
2026-02-23,коллектор,объект Бета,6,638,34,41,1,12,1,0,0
2026-02-23,коллектор,объект Гамма,7,36,0,6,0,2,1,0,0
2026-02-23,коллектор,Комплекс объект Дельта,8,3676,3668,17,11,0,0,0,0
2026-02-23,коллектор,объект Вита,9,49,0,13,0,0,0,0,0
2026-02-23,коллектор,объект Эпсилон,11,22539,22509,29,17,0,0,0,0
2026-02-23,коллектор,объект Зита,12,1959,1916,35,25,0,0,0,0
2026-02-23,коллектор,объект Каппа,15,14172,14129,36,20,0,0,0,0
2026-02-23,коллектор,объект Йота,3218,4,0,2,0,1,1,0,0
2026-02-23,коллектор,объект Тау,3355,34,0,11,0,0,0,0,0
2026-02-23,коллектор,объект Омикрон,3359,4790,4084,16,7,0,0,0,0
2026-02-23,коллектор,объект Мю,3828,12028,11328,58,29,1,1,0,0
2026-02-23,коллектор,объект Сигма,4068,24,0,1,0,0,0,0,0
2026-02-23,коллектор,ПС объект Ро,4356,1000,978,14,3,0,0,0,0
2026-02-23,коллектор,ПС объект Омега,4573,468,256,28,8,12,12,0,0
2026-02-23,коллектор,объект Кси,5327,590,17,17,3,90,3,0,0
2026-02-23,листовой объект,объект Фита,20,6,0,6,0,0,0,0,0
2026-02-23,листовой объект,объект Вита,28,13,0,5,0,0,0,0,0
2026-02-23,листовой объект,объект Каппа ОС,42,35,0,13,0,0,0,0,0
2026-02-23,листовой объект,ДП объект Бета,111,626,34,32,1,12,1,0,0
2026-02-23,листовой объект,объект Бета,165,2,0,2,0,0,0,0,0
2026-02-23,листовой объект,объект Йота,3215,1,0,1,0,0,0,0,0
2026-02-23,листовой объект,Шкаф ОПС объект Йота,3250,3,0,1,0,1,1,0,0
2026-02-23,листовой объект,ПС объект Тау,3356,34,0,11,0,0,0,0,0
2026-02-23,листовой объект,ДУ объект Омикрон,3360,4106,4084,10,7,0,0,0,0
2026-02-23,листовой объект,ДП объект Эпсилон,3902,325,325,4,4,0,0,0,0
2026-02-23,листовой объект,объект Эпсилон ОС,3904,2,0,2,0,0,0,0,0
2026-02-23,листовой объект,объект Пси ОС,3905,12,0,8,0,0,0,0,0
2026-02-23,листовой объект,объект Хи,4095,12,0,1,0,0,0,0,0
2026-02-23,листовой объект,ДП объект Сигма,4177,24,0,1,0,0,0,0,0
2026-02-23,листовой объект,ДУ ПС объект Ро,4369,992,978,10,3,0,0,0,0
2026-02-23,листовой объект,объект Ро,4370,2,0,2,0,0,0,0,0
2026-02-23,листовой объект,ДП объект Омикрон,4392,684,0,6,0,0,0,0,0
2026-02-23,листовой объект,ДУ объект Хи,4543,22188,22184,14,13,0,0,0,0
2026-02-23,листовой объект,Шкаф ОПС ПС объект Ро,4569,6,0,2,0,0,0,0,0
2026-02-23,листовой объект,ДУ объект Дельта,4610,3670,3668,12,11,0,0,0,0
2026-02-23,листовой объект,Шкаф ОПС объект Бета,4765,4,0,1,0,0,0,0,0
2026-02-23,листовой объект,ДУ ПС объект Омега,5003,468,256,28,8,12,12,0,0
2026-02-23,листовой объект,ДУ объект Вита,5011,36,0,8,0,0,0,0,0
2026-02-23,листовой объект,объект Дельта,5113,6,0,5,0,0,0,0,0
2026-02-23,листовой объект,ДУ объект Альфа,5122,90886,89518,58,51,261,1,0,0
2026-02-23,листовой объект,ДП объект Альфа,5123,34,0,6,0,0,0,0,0
2026-02-23,листовой объект,ДП объект Альфа 2 этаж,5124,110,0,5,0,0,0,0,0
2026-02-23,листовой объект,объект Фита,5129,1,0,1,0,0,0,0,0
2026-02-23,листовой объект,объект Кси ПК0-ПК202,5332,65,0,3,0,0,0,0,0
2026-02-23,листовой объект,ДУ объект Кси,5333,525,17,14,3,90,3,0,0
2026-02-23,листовой объект,объект Дзета ДУ,5578,1896,1896,24,24,0,0,0,0
2026-02-23,листовой объект,объект Дзета ОС,5580,42,0,9,0,0,0,0,0
2026-02-23,листовой объект,объект Зита ДУ,5591,20,20,1,1,0,0,0,0
2026-02-23,листовой объект,объект Каппа ДУ,5657,14137,14129,23,20,0,0,0,0
2026-02-23,листовой объект,объект Мю ДП,5674,602,0,9,0,0,0,0,0
2026-02-23,листовой объект,объект Мю ДУ,5675,11339,11328,31,29,1,1,0,0
2026-02-23,листовой объект,объект Мю ОС,5676,87,0,18,0,0,0,0,0
2026-02-23,листовой объект,объект Гамма ПС,5962,4,0,1,0,2,1,0,0
2026-02-23,листовой объект,объект Гамма ДУ,5963,32,0,5,0,0,0,0,0
2026-02-24,коллектор,объект Альфа,5,94528,91705,100,51,214,1,0,0
2026-02-24,коллектор,объект Бета,6,3306,0,75,0,0,0,0,0
2026-02-24,коллектор,объект Гамма,7,273,2,92,2,0,0,0,0
2026-02-24,коллектор,Комплекс объект Дельта,8,6461,3846,136,13,8,2,0,0
2026-02-24,коллектор,объект Вита,9,4015,0,59,0,3,3,0,0
2026-02-24,коллектор,объект Эпсилон,11,29586,23020,130,15,0,0,0,0
2026-02-24,коллектор,объект Зита,12,2245,1962,111,28,0,0,0,0
2026-02-24,коллектор,объект Каппа,15,14013,13821,70,21,0,0,0,0
2026-02-24,коллектор,объект Йота,3218,7646,0,66,0,0,0,0,0
2026-02-24,коллектор,объект Тау,3355,52,0,23,0,0,0,0,0
2026-02-24,коллектор,объект Омикрон,3359,4190,2819,37,5,5,5,0,0
2026-02-24,коллектор,объект Мю,3828,12501,9432,1143,29,0,0,0,0
2026-02-24,коллектор,объект Сигма,4068,124,0,6,0,0,0,0,0
2026-02-24,коллектор,ПС объект Ро,4356,1783,1751,7,3,0,0,0,0
2026-02-24,коллектор,ПС объект Омега,4573,2044,160,163,8,226,52,0,0
2026-02-24,коллектор,объект Кси,5327,505,21,28,3,0,0,0,0
2026-02-24,листовой объект,объект Фита,20,2427,0,24,0,0,0,0,0
2026-02-24,листовой объект,объект Вита,28,71,0,14,0,0,0,0,0
2026-02-24,листовой объект,объект Каппа ОС,42,116,0,15,0,0,0,0,0
2026-02-24,листовой объект,ДП объект Вита,99,3857,0,16,0,0,0,0,0
2026-02-24,листовой объект,ДП ПС объект Ро,108,28,0,3,0,0,0,0,0
2026-02-24,листовой объект,ДП объект Бета,111,336,0,43,0,0,0,0,0
2026-02-24,листовой объект,объект Бета,165,543,0,8,0,0,0,0,0
2026-02-24,листовой объект,объект Йота,3215,5572,0,49,0,0,0,0,0
2026-02-24,листовой объект,ДП объект Йота,3216,2048,0,4,0,0,0,0,0
2026-02-24,листовой объект,ПС объект Тау,3356,36,0,15,0,0,0,0,0
2026-02-24,листовой объект,ДУ объект Омикрон,3360,2891,2819,26,5,5,5,0,0
2026-02-24,листовой объект,ДУ объект Тау,3388,16,0,8,0,0,0,0,0
2026-02-24,листовой объект,ДП объект Эпсилон,3902,5795,67,82,1,0,0,0,0
2026-02-24,листовой объект,объект Эпсилон ОС,3904,95,0,13,0,0,0,0,0
2026-02-24,листовой объект,объект Пси ОС,3905,97,0,19,0,0,0,0,0
2026-02-24,листовой объект,объект Хи,4095,644,0,1,0,0,0,0,0
2026-02-24,листовой объект,ДП объект Сигма,4177,124,0,6,0,0,0,0,0
2026-02-24,листовой объект,ДУ ПС объект Ро,4369,1751,1751,3,3,0,0,0,0
2026-02-24,листовой объект,объект Омикрон,4391,7,0,3,0,0,0,0,0
2026-02-24,листовой объект,ДП объект Омикрон,4392,1290,0,7,0,0,0,0,0
2026-02-24,листовой объект,ДУ объект Хи,4543,22955,22953,15,14,0,0,0,0
2026-02-24,листовой объект,Шкаф ОПС ПС объект Ро,4569,4,0,1,0,0,0,0,0
2026-02-24,листовой объект,ДП ПС объект Омега,4574,12,0,3,0,0,0,0,0
2026-02-24,листовой объект,ДУ объект Дельта,4610,3996,3846,57,13,0,0,0,0
2026-02-24,листовой объект,ПС объект Омега,4648,34,0,8,0,0,0,0,0
2026-02-24,листовой объект,Шкаф ОПС объект Омикрон,4763,2,0,1,0,0,0,0,0
2026-02-24,листовой объект,ДУ ПС объект Омега,5003,1998,160,152,8,226,52,0,0
2026-02-24,листовой объект,ДУ объект Вита,5011,87,0,29,0,3,3,0,0
2026-02-24,листовой объект,объект Дельта,5113,2463,0,77,0,8,2,0,0
2026-02-24,листовой объект,Шкаф ОПС объект Дельта,5114,2,0,2,0,0,0,0,0
2026-02-24,листовой объект,ДУ объект Альфа,5122,92910,91705,72,51,214,1,0,0
2026-02-24,листовой объект,ДП объект Альфа,5123,1049,0,15,0,0,0,0,0
2026-02-24,листовой объект,ДП объект Альфа 2 этаж,5124,563,0,11,0,0,0,0,0
2026-02-24,листовой объект,объект Фита,5129,37,0,11,0,0,0,0,0
2026-02-24,листовой объект,ДП объект Зита,5132,87,0,17,0,0,0,0,0
2026-02-24,листовой объект,объект Йота ДУ,5218,26,0,13,0,0,0,0,0
2026-02-24,листовой объект,объект Кси ПК0-ПК202,5332,44,0,4,0,0,0,0,0
2026-02-24,листовой объект,ДУ объект Кси,5333,49,21,16,3,0,0,0,0
2026-02-24,листовой объект,ДП объект Кси,5336,412,0,8,0,0,0,0,0
2026-02-24,листовой объект,объект Пси,5339,4,0,1,0,0,0,0,0
2026-02-24,листовой объект,объект Пси шкаф ОПС,5340,2,0,1,0,0,0,0,0
2026-02-24,листовой объект,объект Дзета ДУ,5578,1994,1942,48,27,0,0,0,0
2026-02-24,листовой объект,объект Дзета ОС,5580,87,0,27,0,0,0,0,0
2026-02-24,листовой объект,объект Зита ОС,5582,8,0,3,0,0,0,0,0
2026-02-24,листовой объект,объект Зита ДУ,5591,20,20,1,1,0,0,0,0
2026-02-24,листовой объект,объект Дзета щит. ПК48 Г1 ПК5,5594,12,0,4,0,0,0,0,0
2026-02-24,листовой объект,объект Каппа ДУ,5657,13897,13821,55,21,0,0,0,0
2026-02-24,листовой объект,объект Мю ДП,5674,796,0,68,0,0,0,0,0
2026-02-24,листовой объект,объект Мю ДУ,5675,9468,9432,43,29,0,0,0,0
2026-02-24,листовой объект,объект Мю ОС,5676,291,0,62,0,0,0,0,0
2026-02-24,листовой объект,объект Мю ПС,5677,1918,0,959,0,0,0,0,0
2026-02-24,листовой объект,объект Мю шкафы,5678,28,0,11,0,0,0,0,0
2026-02-24,листовой объект,объект Гамма ОС,5961,103,0,36,0,0,0,0,0
2026-02-24,листовой объект,объект Гамма ДУ,5963,170,2,56,2,0,0,0,0
2026-02-25,коллектор,объект Альфа,5,94846,91022,137,51,108,6,0,0
2026-02-25,коллектор,объект Бета,6,4531,0,99,0,0,0,0,0
2026-02-25,коллектор,объект Гамма,7,146,0,44,0,0,0,0,0
2026-02-25,коллектор,Комплекс объект Дельта,8,7571,4455,90,10,16,8,0,0
2026-02-25,коллектор,объект Вита,9,3419,0,88,0,0,0,0,0
2026-02-25,коллектор,объект Эпсилон,11,28597,23544,74,16,0,0,0,0
2026-02-25,коллектор,объект Зита,12,2863,2787,37,25,0,0,0,0
2026-02-25,коллектор,объект Каппа,15,14564,14335,71,19,0,0,0,0
2026-02-25,коллектор,объект Йота,3218,7067,0,43,0,0,0,0,0
2026-02-25,коллектор,объект Тау,3355,326,0,99,0,0,0,0,0
2026-02-25,коллектор,объект Омикрон,3359,5002,2890,70,41,0,0,0,0
2026-02-25,коллектор,объект Мю,3828,10325,8839,88,29,1,1,0,0
2026-02-25,коллектор,объект Сигма,4068,575,0,24,0,0,0,0,0
2026-02-25,коллектор,ПС объект Ро,4356,1846,1385,100,3,0,0,0,0
2026-02-25,коллектор,ПС объект Омега,4573,263,160,15,8,0,0,0,0
2026-02-25,коллектор,объект Кси,5327,211,15,13,3,0,0,0,0
2026-02-25,листовой объект,объект Фита,20,3190,0,39,0,0,0,0,0
2026-02-25,листовой объект,объект Вита,28,147,0,31,0,0,0,0,0
2026-02-25,листовой объект,объект Каппа ОС,42,153,0,18,0,0,0,0,0
2026-02-25,листовой объект,ДП объект Вита,99,3166,0,16,0,0,0,0,0
2026-02-25,листовой объект,ДП ПС объект Ро,108,90,0,5,0,0,0,0,0
2026-02-25,листовой объект,ДП объект Бета,111,554,0,51,0,0,0,0,0
2026-02-25,листовой объект,объект Бета,165,787,0,9,0,0,0,0,0
2026-02-25,листовой объект,объект Йота,3215,4483,0,23,0,0,0,0,0
2026-02-25,листовой объект,ДП объект Йота,3216,2544,0,4,0,0,0,0,0
2026-02-25,листовой объект,Шкаф ОПС объект Йота,3250,6,0,1,0,0,0,0,0
2026-02-25,листовой объект,ПС объект Тау,3356,252,0,62,0,0,0,0,0
2026-02-25,листовой объект,ДУ объект Омикрон,3360,2940,2890,60,41,0,0,0,0
2026-02-25,листовой объект,ДУ объект Тау,3388,74,0,37,0,0,0,0,0
2026-02-25,листовой объект,ДП объект Эпсилон,3902,3972,58,43,2,0,0,0,0
2026-02-25,листовой объект,объект Пси ОС,3905,1105,0,8,0,0,0,0,0
2026-02-25,листовой объект,объект Сигма,4069,83,0,8,0,0,0,0,0
2026-02-25,листовой объект,объект Хи,4095,22,0,3,0,0,0,0,0
2026-02-25,листовой объект,ДП объект Сигма,4177,492,0,16,0,0,0,0,0
2026-02-25,листовой объект,ДУ ПС объект Ро,4369,1551,1385,52,3,0,0,0,0
2026-02-25,листовой объект,объект Ро,4370,205,0,43,0,0,0,0,0
2026-02-25,листовой объект,объект Омикрон,4391,6,0,2,0,0,0,0,0
2026-02-25,листовой объект,ДП объект Омикрон,4392,2056,0,8,0,0,0,0,0
2026-02-25,листовой объект,ДУ объект Хи,4543,23498,23486,20,14,0,0,0,0
2026-02-25,листовой объект,ДУ объект Дельта,4610,4583,4455,52,10,16,8,0,0
2026-02-25,листовой объект,ПС объект Омега,4648,1,0,1,0,0,0,0,0
2026-02-25,листовой объект,ДУ ПС объект Омега,5003,262,160,14,8,0,0,0,0
2026-02-25,листовой объект,ДУ объект Вита,5011,106,0,41,0,0,0,0,0
2026-02-25,листовой объект,объект Дельта,5113,2988,0,38,0,0,0,0,0
2026-02-25,листовой объект,ДУ объект Альфа,5122,91864,91022,92,51,108,6,0,0
2026-02-25,листовой объект,ДП объект Альфа,5123,1978,0,16,0,0,0,0,0
2026-02-25,листовой объект,ДП объект Альфа 2 этаж,5124,934,0,8,0,0,0,0,0
2026-02-25,листовой объект,объект Фита,5129,5,0,2,0,0,0,0,0
2026-02-25,листовой объект,ДП объект Зита,5132,48,0,3,0,0,0,0,0
2026-02-25,листовой объект,объект Йота ДУ,5218,34,0,15,0,0,0,0,0
2026-02-25,листовой объект,объект Кси ПК0-ПК202,5332,4,0,1,0,0,0,0,0
2026-02-25,листовой объект,ДУ объект Кси,5333,29,15,6,3,0,0,0,0
2026-02-25,листовой объект,ДП объект Кси,5336,178,0,6,0,0,0,0,0
2026-02-25,листовой объект,объект Пси,5339,70,0,21,0,0,0,0,0
2026-02-25,листовой объект,объект Дзета ДУ,5578,2775,2775,24,24,0,0,0,0
2026-02-25,листовой объект,объект Дзета ОС,5580,19,0,6,0,0,0,0,0
2026-02-25,листовой объект,объект Зита ОС,5582,4,0,1,0,0,0,0,0
2026-02-25,листовой объект,объект Зита ДУ,5591,12,12,1,1,0,0,0,0
2026-02-25,листовой объект,объект Каппа ДУ,5657,14411,14335,53,19,0,0,0,0
2026-02-25,листовой объект,объект Мю ДП,5674,1268,0,12,0,0,0,0,0
2026-02-25,листовой объект,объект Мю ДУ,5675,8904,8839,54,29,1,1,0,0
2026-02-25,листовой объект,объект Мю ОС,5676,153,0,22,0,0,0,0,0
2026-02-25,листовой объект,объект Гамма ОС,5961,52,0,15,0,0,0,0,0
2026-02-25,листовой объект,объект Гамма ДУ,5963,94,0,29,0,0,0,0,0
2026-02-26,коллектор,объект Альфа,5,91489,90026,180,51,0,0,0,0
2026-02-26,коллектор,объект Бета,6,2490,0,61,0,0,0,0,0
2026-02-26,коллектор,объект Гамма,7,86,0,30,0,3,3,0,0
2026-02-26,коллектор,Комплекс объект Дельта,8,5894,3719,88,9,0,0,0,0
2026-02-26,коллектор,объект Вита,9,2181,0,23,0,12,2,0,0
2026-02-26,коллектор,объект Эпсилон,11,28322,23353,64,16,0,0,0,0
2026-02-26,коллектор,объект Зита,12,2363,2356,30,27,0,0,0,0
2026-02-26,коллектор,объект Каппа,15,14735,14696,34,19,0,0,0,0
2026-02-26,коллектор,объект Йота,3218,7082,0,41,0,2,2,0,0
2026-02-26,коллектор,объект Тау,3355,43,0,19,0,0,0,0,0
2026-02-26,коллектор,объект Омикрон,3359,7241,3276,94,9,7,5,0,0
2026-02-26,коллектор,объект Мю,3828,15472,9445,1163,29,148,42,0,0
2026-02-26,коллектор,объект Сигма,4068,62,0,5,0,0,0,0,0
2026-02-26,коллектор,ПС объект Ро,4356,1218,1177,10,4,0,0,0,0
2026-02-26,коллектор,ПС объект Омега,4573,276,160,20,8,0,0,0,0
2026-02-26,коллектор,объект Кси,5327,437,31,88,2,0,0,0,0
2026-02-26,листовой объект,объект Фита,20,1853,0,19,0,0,0,0,0
2026-02-26,листовой объект,объект Вита,28,6,0,2,0,0,0,0,0
2026-02-26,листовой объект,объект Каппа ОС,42,28,0,11,0,0,0,0,0
2026-02-26,листовой объект,ДП объект Вита,99,2051,0,11,0,0,0,0,0
2026-02-26,листовой объект,ДП ПС объект Ро,108,34,0,3,0,0,0,0,0
2026-02-26,листовой объект,ДП объект Бета,111,256,0,34,0,0,0,0,0
2026-02-26,листовой объект,объект Бета,165,381,0,8,0,0,0,0,0
2026-02-26,листовой объект,объект Йота,3215,4514,0,25,0,0,0,0,0
2026-02-26,листовой объект,ДП объект Йота,3216,2530,0,4,0,0,0,0,0
2026-02-26,листовой объект,Шкаф ОПС объект Йота,3250,4,0,1,0,0,0,0,0
2026-02-26,листовой объект,ПС объект Тау,3356,19,0,7,0,0,0,0,0
2026-02-26,листовой объект,ДУ объект Омикрон,3360,3384,3276,43,9,7,5,0,0
2026-02-26,листовой объект,ДУ объект Тау,3388,24,0,12,0,0,0,0,0
2026-02-26,листовой объект,ДП объект Эпсилон,3902,3981,25,31,2,0,0,0,0
2026-02-26,листовой объект,объект Эпсилон ОС,3904,5,0,5,0,0,0,0,0
2026-02-26,листовой объект,объект Пси ОС,3905,15,0,9,0,0,0,0,0
2026-02-26,листовой объект,объект Хи,4095,988,0,1,0,0,0,0,0
2026-02-26,листовой объект,ДП объект Сигма,4177,62,0,5,0,0,0,0,0
2026-02-26,листовой объект,ДУ ПС объект Ро,4369,1177,1177,4,4,0,0,0,0
2026-02-26,листовой объект,объект Ро,4370,1,0,1,0,0,0,0,0
2026-02-26,листовой объект,объект Омикрон,4391,641,0,43,0,0,0,0,0
2026-02-26,листовой объект,ДП объект Омикрон,4392,3216,0,8,0,0,0,0,0
2026-02-26,листовой объект,ДУ объект Хи,4543,23330,23328,15,14,0,0,0,0
2026-02-26,листовой объект,Шкаф ОПС ПС объект Ро,4569,6,0,2,0,0,0,0,0
2026-02-26,листовой объект,ДУ объект Дельта,4610,3801,3719,51,9,0,0,0,0
2026-02-26,листовой объект,ПС объект Омега,4648,12,0,5,0,0,0,0,0
2026-02-26,листовой объект,Шкаф ОПС объект Вита,4767,18,0,1,0,0,0,0,0
2026-02-26,листовой объект,ДУ ПС объект Омега,5003,264,160,15,8,0,0,0,0
2026-02-26,листовой объект,ДУ объект Вита,5011,106,0,9,0,12,2,0,0
2026-02-26,листовой объект,объект Дельта,5113,2093,0,37,0,0,0,0,0
2026-02-26,листовой объект,ДУ объект Альфа,5122,90382,90026,73,51,0,0,0,0
2026-02-26,листовой объект,ДП объект Альфа,5123,776,0,10,0,0,0,0,0
2026-02-26,листовой объект,ДП объект Альфа 2 этаж,5124,119,0,6,0,0,0,0,0
2026-02-26,листовой объект,ДП объект Зита,5132,2,0,1,0,0,0,0,0
2026-02-26,листовой объект,объект Йота ДУ,5218,34,0,11,0,2,2,0,0
2026-02-26,листовой объект,объект Кси ПК0-ПК202,5332,76,0,18,0,0,0,0,0
2026-02-26,листовой объект,ДУ объект Кси,5333,149,31,53,2,0,0,0,0
2026-02-26,листовой объект,ДП объект Кси,5336,180,0,9,0,0,0,0,0
2026-02-26,листовой объект,объект Пси,5339,208,0,89,0,0,0,0,0
2026-02-26,листовой объект,объект Пси шкаф ОПС,5340,4,0,2,0,0,0,0,0
2026-02-26,листовой объект,объект Кси ПК202-ПК302,5343,32,0,8,0,0,0,0,0
2026-02-26,листовой объект,Шкафы ПС объект Эпсилон,5540,3,0,3,0,0,0,0,0
2026-02-26,листовой объект,объект Дзета ДУ,5578,2309,2309,26,26,0,0,0,0
2026-02-26,листовой объект,объект Дзета ОС,5580,5,0,2,0,0,0,0,0
2026-02-26,листовой объект,объект Зита ДУ,5591,47,47,1,1,0,0,0,0
2026-02-26,листовой объект,объект Каппа ДУ,5657,14707,14696,23,19,0,0,0,0
2026-02-26,листовой объект,объект Мю ДП,5674,2622,0,54,0,0,0,0,0
2026-02-26,листовой объект,объект Мю ДУ,5675,10250,9445,103,29,137,34,0,0
2026-02-26,листовой объект,объект Мю ОС,5676,719,0,81,0,1,1,0,0
2026-02-26,листовой объект,объект Мю ПС,5677,1865,0,919,0,10,7,0,0
2026-02-26,листовой объект,объект Мю шкафы,5678,16,0,6,0,0,0,0,0
2026-02-26,листовой объект,объект Гамма ОС,5961,4,0,1,0,0,0,0,0
2026-02-26,листовой объект,объект Гамма ДУ,5963,80,0,28,0,3,3,0,0
2026-02-26,листовой объект,объект Гамма шкафы,5966,2,0,1,0,0,0,0,0
2026-02-27,коллектор,объект Альфа,5,92488,90630,95,51,0,0,0,0
2026-02-27,коллектор,объект Бета,6,4050,0,58,0,0,0,0,0
2026-02-27,коллектор,объект Гамма,7,239,53,109,26,0,0,0,0
2026-02-27,коллектор,Комплекс объект Дельта,8,4429,2659,99,11,0,0,0,0
2026-02-27,коллектор,объект Вита,9,2913,0,49,0,1,1,0,0
2026-02-27,коллектор,объект Эпсилон,11,28649,23782,74,16,0,0,0,0
2026-02-27,коллектор,объект Зита,12,1458,1415,35,26,0,0,0,0
2026-02-27,коллектор,объект Каппа,15,14546,14178,109,21,0,0,0,0
2026-02-27,коллектор,объект Йота,3218,8456,0,62,0,0,0,0,0
2026-02-27,коллектор,объект Тау,3355,444,0,151,0,0,0,0,0
2026-02-27,коллектор,объект Омикрон,3359,8867,2684,39,7,12,5,0,0
2026-02-27,коллектор,объект Мю,3828,13642,9260,223,29,105,37,0,0
2026-02-27,коллектор,объект Сигма,4068,16,0,2,0,0,0,0,0
2026-02-27,коллектор,ПС объект Ро,4356,1712,1677,9,4,0,0,0,0
2026-02-27,коллектор,ПС объект Омега,4573,834,192,137,8,14,14,0,0
2026-02-27,коллектор,объект Кси,5327,520,24,35,3,0,0,0,0
2026-02-27,листовой объект,объект Фита,20,3208,0,27,0,0,0,0,0
2026-02-27,листовой объект,объект Вита,28,418,0,21,0,0,0,0,0
2026-02-27,листовой объект,объект Каппа ОС,42,270,0,41,0,0,0,0,0
2026-02-27,листовой объект,ДП объект Вита,99,2436,0,12,0,0,0,0,0
2026-02-27,листовой объект,ДП ПС объект Ро,108,34,0,4,0,0,0,0,0
2026-02-27,листовой объект,ДП объект Бета,111,356,0,24,0,0,0,0,0
2026-02-27,листовой объект,объект Бета,165,486,0,7,0,0,0,0,0
2026-02-27,листовой объект,объект Йота,3215,5178,0,44,0,0,0,0,0
2026-02-27,листовой объект,ДП объект Йота,3216,3252,0,5,0,0,0,0,0
2026-02-27,листовой объект,ПС объект Тау,3356,312,0,85,0,0,0,0,0
2026-02-27,листовой объект,ДУ объект Омикрон,3360,2780,2684,24,7,12,5,0,0
2026-02-27,листовой объект,ДУ объект Тау,3388,132,0,66,0,0,0,0,0
2026-02-27,листовой объект,ДП объект Эпсилон,3902,4592,218,28,2,0,0,0,0
2026-02-27,листовой объект,объект Эпсилон ОС,3904,3,0,2,0,0,0,0,0
2026-02-27,листовой объект,объект Пси ОС,3905,4,0,3,0,0,0,0,0
2026-02-27,листовой объект,объект Сигма,4069,2,0,1,0,0,0,0,0
2026-02-27,листовой объект,объект Хи,4095,466,0,17,0,0,0,0,0
2026-02-27,листовой объект,ДП объект Сигма,4177,14,0,1,0,0,0,0,0
2026-02-27,листовой объект,ДУ ПС объект Ро,4369,1677,1677,4,4,0,0,0,0
2026-02-27,листовой объект,объект Ро,4370,1,0,1,0,0,0,0,0
2026-02-27,листовой объект,объект Омикрон,4391,65,0,7,0,0,0,0,0
2026-02-27,листовой объект,ДП объект Омикрон,4392,6022,0,8,0,0,0,0,0
2026-02-27,листовой объект,ДУ объект Хи,4543,23584,23564,24,14,0,0,0,0
2026-02-27,листовой объект,ДП ПС объект Омега,4574,230,0,7,0,0,0,0,0
2026-02-27,листовой объект,ДУ объект Дельта,4610,2747,2659,54,11,0,0,0,0
2026-02-27,листовой объект,ПС объект Омега,4648,130,0,45,0,0,0,0,0
2026-02-27,листовой объект,Шкаф ОПС объект Вита,4767,3,0,1,0,1,1,0,0
2026-02-27,листовой объект,ДУ ПС объект Омега,5003,474,192,85,8,14,14,0,0
2026-02-27,листовой объект,ДУ объект Вита,5011,56,0,15,0,0,0,0,0
2026-02-27,листовой объект,объект Дельта,5113,1682,0,45,0,0,0,0,0
2026-02-27,листовой объект,ДУ объект Альфа,5122,90989,90630,69,51,0,0,0,0
2026-02-27,листовой объект,ДП объект Альфа,5123,1039,0,15,0,0,0,0,0
2026-02-27,листовой объект,ДП объект Альфа 2 этаж,5124,450,0,7,0,0,0,0,0
2026-02-27,листовой объект,объект Фита,5129,1,0,1,0,0,0,0,0
2026-02-27,листовой объект,объект Йота ДУ,5218,26,0,13,0,0,0,0,0
2026-02-27,листовой объект,объект Кси ПК0-ПК202,5332,52,0,7,0,0,0,0,0
2026-02-27,листовой объект,ДУ объект Кси,5333,72,24,9,3,0,0,0,0
2026-02-27,листовой объект,ДП объект Кси,5336,330,0,10,0,0,0,0,0
2026-02-27,листовой объект,"Шкаф ОПС, ДУ объект Кси",5338,18,0,2,0,0,0,0,0
2026-02-27,листовой объект,объект Пси,5339,8,0,3,0,0,0,0,0
2026-02-27,листовой объект,объект Пси шкаф ОПС,5340,2,0,1,0,0,0,0,0
2026-02-27,листовой объект,объект Кси ПК202-ПК302,5343,48,0,7,0,0,0,0,0
2026-02-27,листовой объект,объект Дзета ДУ,5578,1381,1381,24,24,0,0,0,0
2026-02-27,листовой объект,объект Дзета ОС,5580,41,0,7,0,0,0,0,0
2026-02-27,листовой объект,объект Зита ДУ,5591,34,34,2,2,0,0,0,0
2026-02-27,листовой объект,объект Дзета щит. ПК48 Г1 ПК5,5594,1,0,1,0,0,0,0,0
2026-02-27,листовой объект,объект Каппа ДУ,5657,14276,14178,68,21,0,0,0,0
2026-02-27,листовой объект,объект Мю ДП,5674,2830,0,15,0,0,0,0,0
2026-02-27,листовой объект,объект Мю ДУ,5675,9927,9260,111,29,102,34,0,0
2026-02-27,листовой объект,объект Мю ОС,5676,775,0,88,0,1,1,0,0
2026-02-27,листовой объект,объект Мю ПС,5677,108,0,8,0,2,2,0,0
2026-02-27,листовой объект,объект Мю шкафы,5678,2,0,1,0,0,0,0,0
2026-02-27,листовой объект,объект Гамма ОС,5961,100,0,49,0,0,0,0,0
2026-02-27,листовой объект,объект Гамма ДУ,5963,113,53,47,26,0,0,0,0
2026-02-27,листовой объект,объект Гамма шкафы,5966,26,0,13,0,0,0,0,0
2026-02-28,коллектор,объект Альфа,5,88325,87364,76,51,0,0,0,0
2026-02-28,коллектор,объект Бета,6,6,0,6,0,0,0,0,0
2026-02-28,коллектор,объект Гамма,7,222,0,75,0,0,0,0,0
2026-02-28,коллектор,Комплекс объект Дельта,8,4353,4340,18,10,0,0,0,0
2026-02-28,коллектор,объект Вита,9,1117,0,21,0,0,0,0,0
2026-02-28,коллектор,объект Эпсилон,11,25589,24272,35,18,0,0,0,0
2026-02-28,коллектор,объект Зита,12,1583,1499,37,23,0,0,0,0
2026-02-28,коллектор,объект Каппа,15,13848,13811,34,21,1,1,0,0
2026-02-28,коллектор,объект Йота,3218,6647,0,45,0,0,0,0,0
2026-02-28,коллектор,объект Тау,3355,33,0,20,0,0,0,0,0
2026-02-28,коллектор,объект Омикрон,3359,4678,3389,20,7,0,0,0,0
2026-02-28,коллектор,объект Мю,3828,8919,8323,53,29,0,0,0,0
2026-02-28,коллектор,объект Сигма,4068,14,0,1,0,0,0,0,0
2026-02-28,коллектор,ПС объект Ро,4356,2163,2074,14,6,0,0,0,0
2026-02-28,коллектор,ПС объект Омега,4573,338,208,13,8,0,0,0,0
2026-02-28,коллектор,объект Кси,5327,40,22,6,4,0,0,0,0
2026-02-28,листовой объект,объект Фита,20,5,0,5,0,0,0,0,0
2026-02-28,листовой объект,объект Вита,28,9,0,8,0,0,0,0,0
2026-02-28,листовой объект,объект Каппа ОС,42,21,0,9,0,0,0,0,0
2026-02-28,листовой объект,ДП объект Вита,99,814,0,6,0,0,0,0,0
2026-02-28,листовой объект,ДП ПС объект Ро,108,82,0,4,0,0,0,0,0
2026-02-28,листовой объект,объект Бета,165,1,0,1,0,0,0,0,0
2026-02-28,листовой объект,объект Йота,3215,4429,0,29,0,0,0,0,0
2026-02-28,листовой объект,ДП объект Йота,3216,2190,0,4,0,0,0,0,0
2026-02-28,листовой объект,ПС объект Тау,3356,21,0,10,0,0,0,0,0
2026-02-28,листовой объект,ДУ объект Омикрон,3360,3411,3389,10,7,0,0,0,0
2026-02-28,листовой объект,ДУ объект Тау,3388,10,0,9,0,0,0,0,0
2026-02-28,листовой объект,ДП объект Эпсилон,3902,1668,364,14,4,0,0,0,0
2026-02-28,листовой объект,объект Эпсилон ОС,3904,2,0,2,0,0,0,0,0
2026-02-28,листовой объект,объект Пси ОС,3905,3,0,3,0,0,0,0,0
2026-02-28,листовой объект,ДП объект Сигма,4177,14,0,1,0,0,0,0,0
2026-02-28,листовой объект,ДУ ПС объект Ро,4369,2076,2074,7,6,0,0,0,0
2026-02-28,листовой объект,объект Ро,4370,1,0,1,0,0,0,0,0
2026-02-28,листовой объект,объект Омикрон,4391,5,0,2,0,0,0,0,0
2026-02-28,листовой объект,ДП объект Омикрон,4392,1260,0,7,0,0,0,0,0
2026-02-28,листовой объект,Шкаф ОПС объект Хи,4541,2,0,1,0,0,0,0,0
2026-02-28,листовой объект,ДУ объект Хи,4543,23914,23908,15,14,0,0,0,0
2026-02-28,листовой объект,Шкаф ОПС ПС объект Ро,4569,4,0,2,0,0,0,0,0
2026-02-28,листовой объект,ДУ объект Дельта,4610,4342,4340,11,10,0,0,0,0
2026-02-28,листовой объект,Шкаф ОПС объект Омикрон,4763,2,0,1,0,0,0,0,0
2026-02-28,листовой объект,ДУ ПС объект Омега,5003,338,208,13,8,0,0,0,0
2026-02-28,листовой объект,Шкаф ОПС ПС объект Тау,5009,2,0,1,0,0,0,0,0
2026-02-28,листовой объект,ДУ объект Вита,5011,294,0,7,0,0,0,0,0
2026-02-28,листовой объект,объект Дельта,5113,11,0,7,0,0,0,0,0
2026-02-28,листовой объект,ДУ объект Альфа,5122,87677,87364,57,51,0,0,0,0
2026-02-28,листовой объект,ДП объект Альфа,5123,516,0,12,0,0,0,0,0
2026-02-28,листовой объект,ДП объект Альфа 2 этаж,5124,132,0,7,0,0,0,0,0
2026-02-28,листовой объект,объект Фита,5129,3,0,3,0,0,0,0,0
2026-02-28,листовой объект,ДП объект Зита,5132,46,0,3,0,0,0,0,0
2026-02-28,листовой объект,объект Йота ДУ,5218,28,0,12,0,0,0,0,0
2026-02-28,листовой объект,ДУ объект Кси,5333,40,22,6,4,0,0,0,0
2026-02-28,листовой объект,объект Дзета ДУ,5578,1475,1475,22,22,0,0,0,0
2026-02-28,листовой объект,объект Дзета ОС,5580,35,0,8,0,0,0,0,0
2026-02-28,листовой объект,объект Зита ДУ,5591,24,24,1,1,0,0,0,0
2026-02-28,листовой объект,объект Каппа ДУ,5657,13827,13811,25,21,1,1,0,0
2026-02-28,листовой объект,объект Мю ДП,5674,530,0,7,0,0,0,0,0
2026-02-28,листовой объект,объект Мю ДУ,5675,8329,8323,30,29,0,0,0,0
2026-02-28,листовой объект,объект Мю ОС,5676,52,0,13,0,0,0,0,0
2026-02-28,листовой объект,объект Мю шкафы,5678,8,0,3,0,0,0,0,0
2026-02-28,листовой объект,объект Гамма ОС,5961,82,0,34,0,0,0,0,0
2026-02-28,листовой объект,объект Гамма ДУ,5963,140,0,41,0,0,0,0,0
2026-03-01,коллектор,объект Альфа,5,86017,85211,79,54,0,0,0,0
2026-03-01,коллектор,объект Бета,6,11,0,10,0,0,0,0,0
2026-03-01,коллектор,объект Гамма,7,46,0,10,0,4,3,0,0
2026-03-01,коллектор,Комплекс объект Дельта,8,2365,2352,18,11,0,0,0,0
2026-03-01,коллектор,объект Вита,9,1453,0,26,0,5,2,0,0
2026-03-01,коллектор,объект Эпсилон,11,25467,23764,45,18,10,10,0,0
2026-03-01,коллектор,объект Зита,12,1409,1325,41,25,0,0,0,0
2026-03-01,коллектор,объект Каппа,15,14421,14381,35,21,0,0,0,0
2026-03-01,коллектор,объект Йота,3218,22,0,11,0,0,0,0,0
2026-03-01,коллектор,объект Тау,3355,1719,0,86,0,6,6,0,0
2026-03-01,коллектор,объект Омикрон,3359,4876,3628,16,5,0,0,0,0
2026-03-01,коллектор,объект Мю,3828,8733,8024,46,27,0,0,0,0
2026-03-01,коллектор,объект Сигма,4068,38,0,7,0,0,0,0,0
2026-03-01,коллектор,ПС объект Ро,4356,2120,2037,15,4,0,0,0,0
2026-03-01,коллектор,ПС объект Омега,4573,230,128,23,8,1,1,0,0
2026-03-01,коллектор,объект Кси,5327,54,34,4,2,0,0,0,0
2026-03-01,листовой объект,объект Фита,20,6,0,6,0,0,0,0,0
2026-03-01,листовой объект,объект Вита,28,7,0,7,0,0,0,0,0
2026-03-01,листовой объект,объект Каппа ОС,42,20,0,10,0,0,0,0,0
2026-03-01,листовой объект,ДП объект Вита,99,918,0,6,0,0,0,0,0
2026-03-01,листовой объект,ДП ПС объект Ро,108,70,0,3,0,0,0,0,0
2026-03-01,листовой объект,объект Бета,165,3,0,3,0,0,0,0,0
2026-03-01,листовой объект,объект Йота,3215,14,0,7,0,0,0,0,0
2026-03-01,листовой объект,ПС объект Тау,3356,1641,0,52,0,0,0,0,0
2026-03-01,листовой объект,ДУ объект Омикрон,3360,3650,3628,8,5,0,0,0,0
2026-03-01,листовой объект,ДУ объект Тау,3388,70,0,30,0,6,6,0,0
2026-03-01,листовой объект,ДП объект Эпсилон,3902,2504,827,24,4,10,10,0,0
2026-03-01,листовой объект,объект Эпсилон ОС,3904,2,0,2,0,0,0,0,0
2026-03-01,листовой объект,объект Пси ОС,3905,4,0,3,0,0,0,0,0
2026-03-01,листовой объект,ДП объект Сигма,4177,38,0,7,0,0,0,0,0
2026-03-01,листовой объект,ДУ ПС объект Ро,4369,2047,2037,9,4,0,0,0,0
2026-03-01,листовой объект,объект Ро,4370,3,0,3,0,0,0,0,0
2026-03-01,листовой объект,объект Омикрон,4391,8,0,1,0,0,0,0,0
2026-03-01,листовой объект,ДП объект Омикрон,4392,1214,0,6,0,0,0,0,0
2026-03-01,листовой объект,ДУ объект Хи,4543,22955,22937,15,14,0,0,0,0
2026-03-01,листовой объект,Шкаф ОПС ПС объект Омега,4577,2,0,1,0,0,0,0,0
2026-03-01,листовой объект,ДУ объект Дельта,4610,2358,2352,12,11,0,0,0,0
2026-03-01,листовой объект,ПС объект Омега,4648,2,0,1,0,0,0,0,0
2026-03-01,листовой объект,Шкаф ОПС объект Омикрон,4763,4,0,1,0,0,0,0,0
2026-03-01,листовой объект,Шкаф ОПС объект Бета,4765,2,0,1,0,0,0,0,0
2026-03-01,листовой объект,Шкаф ОПС объект Вита,4767,10,0,1,0,0,0,0,0
2026-03-01,листовой объект,ДУ ПС объект Омега,5003,226,128,21,8,1,1,0,0
2026-03-01,листовой объект,Шкаф ОПС ПС объект Тау,5009,8,0,4,0,0,0,0,0
2026-03-01,листовой объект,ДУ объект Вита,5011,518,0,12,0,5,2,0,0
2026-03-01,листовой объект,объект Дельта,5113,7,0,6,0,0,0,0,0
2026-03-01,листовой объект,ДУ объект Альфа,5122,85524,85211,63,54,0,0,0,0
2026-03-01,листовой объект,ДП объект Альфа,5123,486,0,11,0,0,0,0,0
2026-03-01,листовой объект,ДП объект Альфа 2 этаж,5124,2,0,2,0,0,0,0,0
2026-03-01,листовой объект,объект Фита,5129,6,0,6,0,0,0,0,0
2026-03-01,листовой объект,ДП объект Зита,5132,44,0,3,0,0,0,0,0
2026-03-01,листовой объект,объект Йота ДУ,5218,8,0,4,0,0,0,0,0
2026-03-01,листовой объект,ДУ объект Кси,5333,54,34,4,2,0,0,0,0
2026-03-01,листовой объект,объект Пси,5339,1,0,1,0,0,0,0,0
2026-03-01,листовой объект,объект Пси шкаф ОПС,5340,4,0,2,0,0,0,0,0
2026-03-01,листовой объект,Шкафы ПС объект Эпсилон,5540,2,0,1,0,0,0,0,0
2026-03-01,листовой объект,объект Дзета ДУ,5578,1297,1297,24,24,0,0,0,0
2026-03-01,листовой объект,объект Дзета ОС,5580,25,0,5,0,0,0,0,0
2026-03-01,листовой объект,объект Зита ДУ,5591,37,28,3,1,0,0,0,0
2026-03-01,листовой объект,объект Каппа ДУ,5657,14401,14381,25,21,0,0,0,0
2026-03-01,листовой объект,объект Мю ДП,5674,668,0,7,0,0,0,0,0
2026-03-01,листовой объект,объект Мю ДУ,5675,8034,8024,29,27,0,0,0,0
2026-03-01,листовой объект,объект Мю ОС,5676,31,0,10,0,0,0,0,0
2026-03-01,листовой объект,объект Гамма ПС,5962,4,0,1,0,2,1,0,0
2026-03-01,листовой объект,объект Гамма ДУ,5963,42,0,9,0,2,2,0,0
2026-03-02,коллектор,объект Альфа,5,86593,84011,131,51,0,0,0,0
2026-03-02,коллектор,объект Бета,6,1838,0,92,0,0,0,0,0
2026-03-02,коллектор,объект Гамма,7,413,54,144,26,0,0,0,0
2026-03-02,коллектор,Комплекс объект Дельта,8,5266,3270,91,12,0,0,0,0
2026-03-02,коллектор,объект Вита,9,4492,0,73,0,3,3,0,0
2026-03-02,коллектор,объект Эпсилон,11,31097,24294,145,20,4,3,0,0
2026-03-02,коллектор,объект Зита,12,1481,1444,36,25,0,0,0,0
2026-03-02,коллектор,объект Каппа,15,14936,14764,68,21,1,1,0,0
2026-03-02,коллектор,объект Йота,3218,8951,0,134,0,4,4,0,0
2026-03-02,коллектор,объект Тау,3355,347,8,150,8,0,0,0,0
2026-03-02,коллектор,объект Омикрон,3359,4379,2849,57,6,12,12,0,0
2026-03-02,коллектор,объект Мю,3828,8223,8037,76,28,2,1,0,0
2026-03-02,коллектор,объект Сигма,4068,114,0,5,0,0,0,0,0
2026-03-02,коллектор,ПС объект Ро,4356,1263,1000,44,2,0,0,0,0
2026-03-02,коллектор,ПС объект Омега,4573,265,160,16,8,0,0,0,0
2026-03-02,коллектор,объект Кси,5327,725,24,97,3,0,0,0,0
2026-03-02,листовой объект,объект Фита,20,1101,0,42,0,0,0,0,0
2026-03-02,листовой объект,объект Вита,28,285,0,23,0,0,0,0,0
2026-03-02,листовой объект,объект Каппа ОС,42,55,0,9,0,0,0,0,0
2026-03-02,листовой объект,ДП объект Вита,99,3684,0,17,0,0,0,0,0
2026-03-02,листовой объект,ДП ПС объект Ро,108,84,0,5,0,0,0,0,0
2026-03-02,листовой объект,ДП объект Бета,111,470,0,37,0,0,0,0,0
2026-03-02,листовой объект,объект Бета,165,267,0,13,0,0,0,0,0
2026-03-02,листовой объект,объект Йота,3215,4873,0,101,0,0,0,0,0
2026-03-02,листовой объект,ДП объект Йота,3216,4029,0,16,0,3,3,0,0
2026-03-02,листовой объект,Шкаф ОПС объект Йота,3250,23,0,4,0,1,1,0,0
2026-03-02,листовой объект,ПС объект Тау,3356,214,0,71,0,0,0,0,0
2026-03-02,листовой объект,ДУ объект Омикрон,3360,2962,2849,35,6,12,12,0,0
2026-03-02,листовой объект,ДУ объект Тау,3388,133,8,79,8,0,0,0,0
2026-03-02,листовой объект,ДП объект Эпсилон,3902,7046,638,110,6,4,3,0,0
2026-03-02,листовой объект,объект Эпсилон ОС,3904,39,0,7,0,0,0,0,0
2026-03-02,листовой объект,объект Пси ОС,3905,341,0,12,0,0,0,0,0
2026-03-02,листовой объект,объект Хи,4095,1,0,1,0,0,0,0,0
2026-03-02,листовой объект,ДП объект Сигма,4177,114,0,5,0,0,0,0,0
2026-03-02,листовой объект,ДУ ПС объект Ро,4369,1062,1000,32,2,0,0,0,0
2026-03-02,листовой объект,объект Ро,4370,117,0,7,0,0,0,0,0
2026-03-02,листовой объект,объект Омикрон,4391,175,0,15,0,0,0,0,0
2026-03-02,листовой объект,ДП объект Омикрон,4392,1240,0,6,0,0,0,0,0
2026-03-02,листовой объект,ДУ объект Хи,4543,23670,23656,15,14,0,0,0,0
2026-03-02,листовой объект,Шкаф ОПС ПС объект Омега,4577,1,0,1,0,0,0,0,0
2026-03-02,листовой объект,ДУ объект Дельта,4610,3358,3270,53,12,0,0,0,0
2026-03-02,листовой объект,ПС объект Омега,4648,2,0,1,0,0,0,0,0
2026-03-02,листовой объект,Шкаф ОПС объект Омикрон,4763,2,0,1,0,0,0,0,0
2026-03-02,листовой объект,ДУ ПС объект Омега,5003,262,160,14,8,0,0,0,0
2026-03-02,листовой объект,ДУ объект Вита,5011,523,0,33,0,3,3,0,0
2026-03-02,листовой объект,объект Дельта,5113,1908,0,38,0,0,0,0,0
2026-03-02,листовой объект,ДУ объект Альфа,5122,84335,84011,90,51,0,0,0,0
2026-03-02,листовой объект,ДП объект Альфа,5123,1470,0,16,0,0,0,0,0
2026-03-02,листовой объект,ДП объект Альфа 2 этаж,5124,742,0,6,0,0,0,0,0
2026-03-02,листовой объект,объект Фита,5129,2,0,2,0,0,0,0,0
2026-03-02,листовой объект,объект Йота ДУ,5218,26,0,13,0,0,0,0,0
2026-03-02,листовой объект,объект Кси ПК0-ПК202,5332,92,0,20,0,0,0,0,0
2026-03-02,листовой объект,ДУ объект Кси,5333,146,24,55,3,0,0,0,0
2026-03-02,листовой объект,ДП объект Кси,5336,426,0,10,0,0,0,0,0
2026-03-02,листовой объект,объект Пси,5339,46,0,19,0,0,0,0,0
2026-03-02,листовой объект,объект Кси ПК202-ПК302,5343,61,0,12,0,0,0,0,0
2026-03-02,листовой объект,объект Дзета ДУ,5578,1426,1426,24,24,0,0,0,0
2026-03-02,листовой объект,объект Дзета ОС,5580,24,0,7,0,0,0,0,0
2026-03-02,листовой объект,объект Зита ДУ,5591,29,18,3,1,0,0,0,0
2026-03-02,листовой объект,объект Каппа ДУ,5657,14881,14764,59,21,1,1,0,0
2026-03-02,листовой объект,объект Мю ДУ,5675,8082,8037,43,28,2,1,0,0
2026-03-02,листовой объект,объект Мю ОС,5676,141,0,33,0,0,0,0,0
2026-03-02,листовой объект,объект Гамма ОС,5961,189,0,66,0,0,0,0,0
2026-03-02,листовой объект,объект Гамма ДУ,5963,202,54,67,26,0,0,0,0
2026-03-02,листовой объект,объект Гамма шкафы,5966,22,0,11,0,0,0,0,0
2026-03-03,коллектор,объект Альфа,5,87982,85745,116,51,0,0,0,0
2026-03-03,коллектор,объект Бета,6,1082,0,54,0,0,0,0,0
2026-03-03,коллектор,объект Гамма,7,221,3,37,2,0,0,0,0
2026-03-03,коллектор,Комплекс объект Дельта,8,6290,3389,403,12,0,0,0,0
2026-03-03,коллектор,объект Вита,9,4524,0,95,0,0,0,0,0
2026-03-03,коллектор,объект Эпсилон,11,30420,23833,191,20,2,2,0,0
2026-03-03,коллектор,объект Зита,12,1630,1581,33,23,0,0,0,0
2026-03-03,коллектор,объект Каппа,15,15404,15260,65,21,0,0,0,0
2026-03-03,коллектор,объект Йота,3218,9196,0,47,0,0,0,0,0
2026-03-03,коллектор,объект Тау,3355,276,0,124,0,0,0,0,0
2026-03-03,коллектор,объект Омикрон,3359,9816,3887,182,9,0,0,0,0
2026-03-03,коллектор,объект Мю,3828,8741,7337,142,30,0,0,0,0
2026-03-03,коллектор,объект Сигма,4068,90,0,5,0,0,0,0,0
2026-03-03,коллектор,ПС объект Ро,4356,1181,906,88,2,0,0,0,0
2026-03-03,коллектор,ПС объект Омега,4573,326,112,37,8,12,3,0,0
2026-03-03,коллектор,объект Кси,5327,291,18,17,3,0,0,0,0
2026-03-03,листовой объект,объект Фита,20,793,0,21,0,0,0,0,0
2026-03-03,листовой объект,объект Вита,28,112,0,31,0,0,0,0,0
2026-03-03,листовой объект,объект Каппа ОС,42,46,0,12,0,0,0,0,0
2026-03-03,листовой объект,ДП объект Вита,99,3742,0,14,0,0,0,0,0
2026-03-03,листовой объект,ДП ПС объект Ро,108,84,0,5,0,0,0,0,0
2026-03-03,листовой объект,ДП объект Бета,111,220,0,24,0,0,0,0,0
2026-03-03,листовой объект,объект Бета,165,67,0,8,0,0,0,0,0
2026-03-03,листовой объект,объект Йота,3215,5496,0,32,0,0,0,0,0
2026-03-03,листовой объект,ДП объект Йота,3216,3678,0,4,0,0,0,0,0
2026-03-03,листовой объект,Шкаф ОПС объект Йота,3250,2,0,1,0,0,0,0,0
2026-03-03,листовой объект,ПС объект Тау,3356,147,0,51,0,0,0,0,0
2026-03-03,листовой объект,ДУ объект Омикрон,3360,3993,3887,39,9,0,0,0,0
2026-03-03,листовой объект,ДУ объект Тау,3388,127,0,72,0,0,0,0,0
2026-03-03,листовой объект,ДП объект Эпсилон,3902,7245,871,136,6,2,2,0,0
2026-03-03,листовой объект,Шкафы ОС объект Эпсилон,3903,4,0,2,0,0,0,0,0
2026-03-03,листовой объект,объект Эпсилон ОС,3904,24,0,11,0,0,0,0,0
2026-03-03,листовой объект,объект Пси ОС,3905,166,0,26,0,0,0,0,0
2026-03-03,листовой объект,объект Хи,4095,1,0,1,0,0,0,0,0
2026-03-03,листовой объект,ДП объект Сигма,4177,90,0,5,0,0,0,0,0
2026-03-03,листовой объект,ДУ ПС объект Ро,4369,1010,906,54,2,0,0,0,0
2026-03-03,листовой объект,объект Ро,4370,87,0,29,0,0,0,0,0
2026-03-03,листовой объект,объект Омикрон,4391,619,0,101,0,0,0,0,0
2026-03-03,листовой объект,ДП объект Омикрон,4392,5168,0,32,0,0,0,0,0
2026-03-03,листовой объект,ДУ объект Хи,4543,22980,22962,15,14,0,0,0,0
2026-03-03,листовой объект,Шкаф ОПС ПС объект Омега,4577,2,0,1,0,0,0,0,0
2026-03-03,листовой объект,ДУ объект Дельта,4610,3729,3389,136,12,0,0,0,0
2026-03-03,листовой объект,ПС объект Омега,4648,20,0,4,0,0,0,0,0
2026-03-03,листовой объект,Шкаф ОПС объект Омикрон,4763,36,0,10,0,0,0,0,0
2026-03-03,листовой объект,Шкаф ОПС объект Бета,4765,2,0,1,0,0,0,0,0
2026-03-03,листовой объект,ДУ ПС объект Омега,5003,304,112,32,8,12,3,0,0
2026-03-03,листовой объект,Шкаф ОПС ПС объект Тау,5009,2,0,1,0,0,0,0,0
2026-03-03,листовой объект,ДУ объект Вита,5011,670,0,50,0,0,0,0,0
2026-03-03,листовой объект,объект Дельта,5113,2553,0,263,0,0,0,0,0
2026-03-03,листовой объект,Шкаф ОПС объект Дельта,5114,8,0,4,0,0,0,0,0
2026-03-03,листовой объект,ДУ объект Альфа,5122,86104,85745,74,51,0,0,0,0
2026-03-03,листовой объект,ДП объект Альфа,5123,790,0,17,0,0,0,0,0
2026-03-03,листовой объект,ДП объект Альфа 2 этаж,5124,717,0,10,0,0,0,0,0
2026-03-03,листовой объект,объект Фита,5129,1,0,1,0,0,0,0,0
2026-03-03,листовой объект,объект Йота ДУ,5218,20,0,10,0,0,0,0,0
2026-03-03,листовой объект,объект Кси ПК0-ПК202,5332,7,0,3,0,0,0,0,0
2026-03-03,листовой объект,ДУ объект Кси,5333,38,18,6,3,0,0,0,0
2026-03-03,листовой объект,ДП объект Кси,5336,246,0,8,0,0,0,0,0
2026-03-03,листовой объект,объект Пси,5339,371,0,15,0,0,0,0,0
2026-03-03,листовой объект,объект Дзета ДУ,5578,1509,1509,22,22,0,0,0,0
2026-03-03,листовой объект,объект Дзета ОС,5580,24,0,7,0,0,0,0,0
2026-03-03,листовой объект,объект Зита ДУ,5591,96,72,3,1,0,0,0,0
2026-03-03,листовой объект,объект Каппа ДУ,5657,15358,15260,53,21,0,0,0,0
2026-03-03,листовой объект,объект Мю ДП,5674,1082,0,14,0,0,0,0,0
2026-03-03,листовой объект,объект Мю ДУ,5675,7409,7337,65,30,0,0,0,0
2026-03-03,листовой объект,объект Мю ОС,5676,250,0,63,0,0,0,0,0
2026-03-03,листовой объект,объект Гамма ОС,5961,22,0,8,0,0,0,0,0
2026-03-03,листовой объект,объект Гамма ДУ,5963,193,3,26,2,0,0,0,0
2026-03-03,листовой объект,объект Гамма шкафы,5966,6,0,3,0,0,0,0,0
2026-03-04,коллектор,объект Альфа,5,86178,84866,104,51,0,0,0,0
2026-03-04,коллектор,объект Бета,6,1829,0,122,0,0,0,0,0
2026-03-04,коллектор,объект Гамма,7,191,53,41,26,0,0,0,0
2026-03-04,коллектор,Комплекс объект Дельта,8,6344,2674,126,12,16,8,0,0
2026-03-04,коллектор,объект Вита,9,3896,0,68,0,0,0,0,0
2026-03-04,коллектор,объект Эпсилон,11,30501,24487,110,20,0,0,0,0
2026-03-04,коллектор,объект Зита,12,1976,1862,36,23,0,0,0,0
2026-03-04,коллектор,объект Каппа,15,15307,14981,114,21,1,1,0,0
2026-03-04,коллектор,объект Йота,3218,11436,0,49,0,0,0,0,0
2026-03-04,коллектор,объект Тау,3355,148,0,23,0,3,1,0,0
2026-03-04,коллектор,объект Омикрон,3359,7175,4177,84,8,0,0,0,0
2026-03-04,коллектор,объект Мю,3828,9111,6757,815,28,0,0,0,0
2026-03-04,коллектор,объект Сигма,4068,393,0,23,0,0,0,0,0
2026-03-04,коллектор,ПС объект Ро,4356,2318,896,251,2,15,9,0,0
2026-03-04,коллектор,ПС объект Омега,4573,534,160,116,8,0,0,0,0
2026-03-04,коллектор,объект Кси,5327,287,41,13,3,0,0,0,0
2026-03-04,листовой объект,объект Фита,20,1031,0,65,0,0,0,0,0
2026-03-04,листовой объект,объект Вита,28,117,0,16,0,0,0,0,0
2026-03-04,листовой объект,объект Каппа ОС,42,187,0,44,0,0,0,0,0
2026-03-04,листовой объект,ДП объект Вита,99,3511,0,17,0,0,0,0,0
2026-03-04,листовой объект,ДП ПС объект Ро,108,86,0,9,0,0,0,0,0
2026-03-04,листовой объект,ДП объект Бета,111,506,0,43,0,0,0,0,0
2026-03-04,листовой объект,объект Бета,165,292,0,14,0,0,0,0,0
2026-03-04,листовой объект,объект Йота,3215,7640,0,33,0,0,0,0,0
2026-03-04,листовой объект,ДП объект Йота,3216,3776,0,6,0,0,0,0,0
2026-03-04,листовой объект,ПС объект Тау,3356,146,0,22,0,3,1,0,0
2026-03-04,листовой объект,ДУ объект Омикрон,3360,4291,4177,38,8,0,0,0,0
2026-03-04,листовой объект,ДП объект Эпсилон,3902,6627,685,75,6,0,0,0,0
2026-03-04,листовой объект,объект Эпсилон ОС,3904,4,0,1,0,0,0,0,0
2026-03-04,листовой объект,объект Пси ОС,3905,36,0,10,0,0,0,0,0
2026-03-04,листовой объект,объект Сигма,4069,48,0,6,0,0,0,0,0
2026-03-04,листовой объект,объект Хи,4095,16,0,5,0,0,0,0,0
2026-03-04,листовой объект,ДП объект Сигма,4177,345,0,17,0,0,0,0,0
2026-03-04,листовой объект,ДУ ПС объект Ро,4369,970,896,39,2,0,0,0,0
2026-03-04,листовой объект,объект Ро,4370,1234,0,194,0,15,9,0,0
2026-03-04,листовой объект,объект Омикрон,4391,594,0,39,0,0,0,0,0
2026-03-04,листовой объект,ДП объект Омикрон,4392,2290,0,7,0,0,0,0,0
2026-03-04,листовой объект,ДУ объект Хи,4543,23818,23802,19,14,0,0,0,0
2026-03-04,листовой объект,Шкаф ОПС ПС объект Ро,4569,28,0,9,0,0,0,0,0
2026-03-04,листовой объект,ДП ПС объект Омега,4574,76,0,6,0,0,0,0,0
2026-03-04,листовой объект,ДУ объект Дельта,4610,2836,2674,62,12,16,8,0,0
2026-03-04,листовой объект,ПС объект Омега,4648,82,0,36,0,0,0,0,0
2026-03-04,листовой объект,ДУ ПС объект Омега,5003,376,160,74,8,0,0,0,0
2026-03-04,листовой объект,Шкаф ОПС ПС объект Тау,5009,2,0,1,0,0,0,0,0
2026-03-04,листовой объект,ДУ объект Вита,5011,268,0,35,0,0,0,0,0
2026-03-04,листовой объект,объект Дельта,5113,3508,0,64,0,0,0,0,0
2026-03-04,листовой объект,ДУ объект Альфа,5122,85176,84866,72,51,0,0,0,0
2026-03-04,листовой объект,ДП объект Альфа,5123,497,0,14,0,0,0,0,0
2026-03-04,листовой объект,ДП объект Альфа 2 этаж,5124,451,0,11,0,0,0,0,0
2026-03-04,листовой объект,объект Фита,5129,4,0,1,0,0,0,0,0
2026-03-04,листовой объект,ДП объект Зита,5132,70,0,3,0,0,0,0,0
2026-03-04,листовой объект,объект Йота ДУ,5218,20,0,10,0,0,0,0,0
2026-03-04,листовой объект,объект Кси ПК0-ПК202,5332,4,0,1,0,0,0,0,0
2026-03-04,листовой объект,ДУ объект Кси,5333,55,41,5,3,0,0,0,0
2026-03-04,листовой объект,ДП объект Кси,5336,228,0,7,0,0,0,0,0
2026-03-04,листовой объект,объект Пси,5339,54,0,7,0,0,0,0,0
2026-03-04,листовой объект,объект Дзета ДУ,5578,1775,1773,23,22,0,0,0,0
2026-03-04,листовой объект,объект Дзета ОС,5580,34,0,7,0,0,0,0,0
2026-03-04,листовой объект,объект Зита ОС,5582,4,0,1,0,0,0,0,0
2026-03-04,листовой объект,объект Зита ДУ,5591,89,89,1,1,0,0,0,0
2026-03-04,листовой объект,объект Каппа ДУ,5657,15120,14981,70,21,1,1,0,0
2026-03-04,листовой объект,объект Мю ДП,5674,770,0,48,0,0,0,0,0
2026-03-04,листовой объект,объект Мю ДУ,5675,6807,6757,51,28,0,0,0,0
2026-03-04,листовой объект,объект Мю ОС,5676,194,0,45,0,0,0,0,0
2026-03-04,листовой объект,объект Мю ПС,5677,1339,0,670,0,0,0,0,0
2026-03-04,листовой объект,объект Мю шкафы,5678,1,0,1,0,0,0,0,0
2026-03-04,листовой объект,объект Гамма ДУ,5963,191,53,41,26,0,0,0,0
2026-03-05,коллектор,объект Альфа,5,84762,83453,101,51,0,0,0,0
2026-03-05,коллектор,объект Бета,6,1047,0,67,0,0,0,0,0
2026-03-05,коллектор,объект Гамма,7,441,0,76,0,1,1,0,0
2026-03-05,коллектор,Комплекс объект Дельта,8,5010,2652,114,11,0,0,0,0
2026-03-05,коллектор,объект Вита,9,2467,0,47,0,20,8,0,0
2026-03-05,коллектор,объект Эпсилон,11,29352,23662,127,20,4,4,0,0
2026-03-05,коллектор,объект Зита,12,3071,2744,110,23,0,0,0,0
2026-03-05,коллектор,объект Каппа,15,14668,14551,64,21,0,0,0,0
2026-03-05,коллектор,объект Йота,3218,10407,0,53,0,0,0,0,0
2026-03-05,коллектор,объект Тау,3355,307,0,54,0,0,0,0,0
2026-03-05,коллектор,объект Омикрон,3359,6082,3454,36,10,1,1,0,0
2026-03-05,коллектор,объект Мю,3828,8149,7541,51,29,0,0,0,0
2026-03-05,коллектор,объект Сигма,4068,670,0,18,0,0,0,0,0
2026-03-05,коллектор,ПС объект Ро,4356,923,850,9,3,0,0,0,0
2026-03-05,коллектор,ПС объект Омега,4573,416,256,13,8,0,0,0,0
2026-03-05,коллектор,объект Кси,5327,9976,60,1178,10,561,83,0,0
2026-03-05,листовой объект,объект Фита,20,781,0,34,0,0,0,0,0
2026-03-05,листовой объект,объект Вита,28,5,0,2,0,0,0,0,0
2026-03-05,листовой объект,объект Каппа ОС,42,21,0,9,0,0,0,0,0
2026-03-05,листовой объект,ДП объект Вита,99,2118,0,7,0,0,0,0,0
2026-03-05,листовой объект,ДП ПС объект Ро,108,70,0,4,0,0,0,0,0
2026-03-05,листовой объект,ДП объект Бета,111,191,0,25,0,0,0,0,0
2026-03-05,листовой объект,объект Бета,165,75,0,8,0,0,0,0,0
2026-03-05,листовой объект,объект Йота,3215,6341,0,34,0,0,0,0,0
2026-03-05,листовой объект,ДП объект Йота,3216,4040,0,6,0,0,0,0,0
2026-03-05,листовой объект,ПС объект Тау,3356,255,0,34,0,0,0,0,0
2026-03-05,листовой объект,ДУ объект Омикрон,3360,3518,3454,27,10,1,1,0,0
2026-03-05,листовой объект,ДУ объект Тау,3388,52,0,20,0,0,0,0,0
2026-03-05,листовой объект,ДП объект Эпсилон,3902,6340,754,77,6,4,4,0,0
2026-03-05,листовой объект,объект Эпсилон ОС,3904,4,0,1,0,0,0,0,0
2026-03-05,листовой объект,объект Пси ОС,3905,33,0,8,0,0,0,0,0
2026-03-05,листовой объект,объект Сигма,4069,14,0,5,0,0,0,0,0
2026-03-05,листовой объект,объект Хи,4095,37,0,17,0,0,0,0,0
2026-03-05,листовой объект,ДП объект Сигма,4177,656,0,13,0,0,0,0,0
2026-03-05,листовой объект,ДУ ПС объект Ро,4369,852,850,4,3,0,0,0,0
2026-03-05,листовой объект,объект Ро,4370,1,0,1,0,0,0,0,0
2026-03-05,листовой объект,объект Омикрон,4391,4,0,1,0,0,0,0,0
2026-03-05,листовой объект,ДП объект Омикрон,4392,2560,0,8,0,0,0,0,0
2026-03-05,листовой объект,ДУ объект Хи,4543,22938,22908,24,14,0,0,0,0
2026-03-05,листовой объект,ДУ объект Дельта,4610,2738,2652,48,11,0,0,0,0
2026-03-05,листовой объект,ДУ ПС объект Омега,5003,416,256,13,8,0,0,0,0
2026-03-05,листовой объект,ДУ объект Вита,5011,344,0,38,0,20,8,0,0
2026-03-05,листовой объект,объект Дельта,5113,2272,0,66,0,0,0,0,0
2026-03-05,листовой объект,ДУ объект Альфа,5122,83795,83453,73,51,0,0,0,0
2026-03-05,листовой объект,ДП объект Альфа,5123,762,0,16,0,0,0,0,0
2026-03-05,листовой объект,ДП объект Альфа 2 этаж,5124,200,0,10,0,0,0,0,0
2026-03-05,листовой объект,объект Фита,5129,28,0,12,0,0,0,0,0
2026-03-05,листовой объект,ДП объект Зита,5132,96,0,16,0,0,0,0,0
2026-03-05,листовой объект,объект Йота ДУ,5218,26,0,13,0,0,0,0,0
2026-03-05,листовой объект,объект Кси ПК0-ПК202,5332,2503,0,749,0,11,7,0,0
2026-03-05,листовой объект,ДУ объект Кси,5333,203,60,68,10,0,0,0,0
2026-03-05,листовой объект,ДП объект Кси,5336,980,0,10,0,0,0,0,0
2026-03-05,листовой объект,"Шкаф ОПС, ДУ объект Кси",5338,20,0,4,0,0,0,0,0
2026-03-05,листовой объект,объект Пси,5339,5,0,2,0,0,0,0,0
2026-03-05,листовой объект,объект Кси ПК202-ПК302,5343,6270,0,347,0,550,76,0,0
2026-03-05,листовой объект,объект Дзета ДУ,5578,2756,2698,43,22,0,0,0,0
2026-03-05,листовой объект,объект Дзета ОС,5580,115,0,27,0,0,0,0,0
2026-03-05,листовой объект,объект Зита ОС,5582,14,0,6,0,0,0,0,0
2026-03-05,листовой объект,объект Зита ДУ,5591,48,46,2,1,0,0,0,0
2026-03-05,листовой объект,объект Дзета щит. ПК48 Г1 ПК5,5594,14,0,4,0,0,0,0,0
2026-03-05,листовой объект,объект Каппа ДУ,5657,14647,14551,55,21,0,0,0,0
2026-03-05,листовой объект,объект Мю ДП,5674,552,0,6,0,0,0,0,0
2026-03-05,листовой объект,объект Мю ДУ,5675,7545,7541,30,29,0,0,0,0
2026-03-05,листовой объект,объект Мю ОС,5676,52,0,15,0,0,0,0,0
2026-03-05,листовой объект,объект Гамма ОС,5961,124,0,33,0,0,0,0,0
2026-03-05,листовой объект,объект Гамма ПС,5962,103,0,2,0,1,1,0,0
2026-03-05,листовой объект,объект Гамма ДУ,5963,214,0,41,0,0,0,0,0
2026-03-06,коллектор,объект Альфа,5,86825,85281,82,51,0,0,0,0
2026-03-06,коллектор,объект Бета,6,1213,0,87,0,0,0,0,0
2026-03-06,коллектор,объект Гамма,7,196,0,32,0,0,0,0,0
2026-03-06,коллектор,Комплекс объект Дельта,8,3174,1188,86,11,0,0,0,0
2026-03-06,коллектор,объект Вита,9,3918,0,29,0,0,0,0,0
2026-03-06,коллектор,объект Эпсилон,11,30122,23817,99,19,5,5,0,0
2026-03-06,коллектор,объект Зита,12,2821,2809,32,26,1,1,0,0
2026-03-06,коллектор,объект Каппа,15,15692,15624,33,22,0,0,0,0
2026-03-06,коллектор,объект Йота,3218,10773,0,45,0,0,0,0,0
2026-03-06,коллектор,объект Тау,3355,2907,29,184,8,0,0,0,0
2026-03-06,коллектор,объект Омикрон,3359,5310,3299,47,9,0,0,0,0
2026-03-06,коллектор,объект Мю,3828,7101,6571,53,28,1,1,0,0
2026-03-06,коллектор,объект Сигма,4068,60,0,7,0,0,0,0,0
2026-03-06,коллектор,ПС объект Ро,4356,1480,1429,9,4,0,0,0,0
2026-03-06,коллектор,ПС объект Омега,4573,440,256,21,8,0,0,0,0
2026-03-06,коллектор,объект Кси,5327,6030,52,733,7,21,18,0,0
2026-03-06,листовой объект,объект Фита,20,623,0,29,0,0,0,0,0
2026-03-06,листовой объект,объект Вита,28,5,0,2,0,0,0,0,0
2026-03-06,листовой объект,объект Каппа ОС,42,24,0,7,0,0,0,0,0
2026-03-06,листовой объект,ДП объект Вита,99,3749,0,14,0,0,0,0,0
2026-03-06,листовой объект,ДП ПС объект Ро,108,48,0,3,0,0,0,0,0
2026-03-06,листовой объект,ДП объект Бета,111,485,0,46,0,0,0,0,0
2026-03-06,листовой объект,объект Бета,165,105,0,12,0,0,0,0,0
2026-03-06,листовой объект,объект Йота,3215,5853,0,28,0,0,0,0,0
2026-03-06,листовой объект,ДП объект Йота,3216,4900,0,7,0,0,0,0,0
2026-03-06,листовой объект,ПС объект Тау,3356,2718,0,100,0,0,0,0,0
2026-03-06,листовой объект,ДУ объект Омикрон,3360,3365,3299,27,9,0,0,0,0
2026-03-06,листовой объект,ДУ объект Тау,3388,177,29,82,8,0,0,0,0
2026-03-06,листовой объект,ДП объект Эпсилон,3902,6537,267,75,5,5,5,0,0
2026-03-06,листовой объект,объект Эпсилон ОС,3904,5,0,2,0,0,0,0,0
2026-03-06,листовой объект,объект Пси ОС,3905,26,0,7,0,0,0,0,0
2026-03-06,листовой объект,ДП объект Сигма,4177,60,0,7,0,0,0,0,0
2026-03-06,листовой объект,ДУ ПС объект Ро,4369,1431,1429,5,4,0,0,0,0
2026-03-06,листовой объект,объект Ро,4370,1,0,1,0,0,0,0,0
2026-03-06,листовой объект,объект Омикрон,4391,69,0,12,0,0,0,0,0
2026-03-06,листовой объект,ДП объект Омикрон,4392,1876,0,8,0,0,0,0,0
2026-03-06,листовой объект,ДУ объект Хи,4543,23554,23550,15,14,0,0,0,0
2026-03-06,листовой объект,ДП ПС объект Омега,4574,18,0,5,0,0,0,0,0
2026-03-06,листовой объект,ДУ объект Дельта,4610,1266,1188,44,11,0,0,0,0
2026-03-06,листовой объект,Шкаф ОПС объект Зита,4770,1,0,1,0,1,1,0,0
2026-03-06,листовой объект,ДУ ПС объект Омега,5003,422,256,16,8,0,0,0,0
2026-03-06,листовой объект,Шкаф ОПС ПС объект Тау,5009,12,0,2,0,0,0,0,0
2026-03-06,листовой объект,ДУ объект Вита,5011,164,0,13,0,0,0,0,0
2026-03-06,листовой объект,объект Дельта,5113,1908,0,42,0,0,0,0,0
2026-03-06,листовой объект,ДУ объект Альфа,5122,85475,85281,60,51,0,0,0,0
2026-03-06,листовой объект,ДП объект Альфа,5123,1088,0,12,0,0,0,0,0
2026-03-06,листовой объект,ДП объект Альфа 2 этаж,5124,261,0,9,0,0,0,0,0
2026-03-06,листовой объект,объект Йота ДУ,5218,20,0,10,0,0,0,0,0
2026-03-06,листовой объект,объект Кси ПК0-ПК202,5332,4024,0,571,0,5,2,0,0
2026-03-06,листовой объект,ДУ объект Кси,5333,270,52,83,7,15,15,0,0
2026-03-06,листовой объект,ДП объект Кси,5336,1386,0,32,0,0,0,0,0
2026-03-06,листовой объект,"Шкаф ОПС, ДУ объект Кси",5338,22,0,7,0,0,0,0,0
2026-03-06,листовой объект,объект Пси,5339,1,0,1,0,0,0,0,0
2026-03-06,листовой объект,объект Кси ПК202-ПК302,5343,328,0,40,0,1,1,0,0
2026-03-06,листовой объект,объект Дзета ДУ,5578,2778,2778,25,25,0,0,0,0
2026-03-06,листовой объект,объект Дзета ОС,5580,11,0,5,0,0,0,0,0
2026-03-06,листовой объект,объект Зита ДУ,5591,31,31,1,1,0,0,0,0
2026-03-06,листовой объект,объект Каппа ДУ,5657,15668,15624,26,22,0,0,0,0
2026-03-06,листовой объект,объект Мю ДП,5674,502,0,9,0,0,0,0,0
2026-03-06,листовой объект,объект Мю ДУ,5675,6577,6571,30,28,1,1,0,0
2026-03-06,листовой объект,объект Мю ОС,5676,22,0,14,0,0,0,0,0
2026-03-06,листовой объект,объект Гамма ОС,5961,47,0,6,0,0,0,0,0
2026-03-06,листовой объект,объект Гамма ПС,5962,1,0,1,0,0,0,0,0
2026-03-06,листовой объект,объект Гамма ДУ,5963,148,0,25,0,0,0,0,0
2026-03-07,коллектор,объект Альфа,5,83706,82768,69,51,0,0,0,0
2026-03-07,коллектор,объект Бета,6,13,0,11,0,0,0,0,0
2026-03-07,коллектор,объект Гамма,7,188,52,44,25,3,1,0,0
2026-03-07,коллектор,Комплекс объект Дельта,8,1768,1748,18,11,0,0,0,0
2026-03-07,коллектор,объект Вита,9,1741,0,17,0,0,0,0,0
2026-03-07,коллектор,объект Эпсилон,11,27717,25136,57,18,0,0,0,0
2026-03-07,коллектор,объект Зита,12,2923,2863,33,25,0,0,0,0
2026-03-07,коллектор,объект Каппа,15,14968,14905,35,22,0,0,0,0
2026-03-07,коллектор,объект Йота,3218,769,0,6,0,0,0,0,0
2026-03-07,коллектор,объект Тау,3355,9532,0,45,0,0,0,0,0
2026-03-07,коллектор,объект Омикрон,3359,4546,3747,20,8,0,0,0,0
2026-03-07,коллектор,объект Мю,3828,7966,7382,58,27,1,1,0,0
2026-03-07,коллектор,объект Сигма,4068,84,0,6,0,0,0,0,0
2026-03-07,коллектор,ПС объект Ро,4356,773,769,5,3,0,0,0,0
2026-03-07,коллектор,ПС объект Омега,4573,364,224,13,8,0,0,0,0
2026-03-07,коллектор,объект Кси,5327,70,44,11,5,0,0,0,0
2026-03-07,листовой объект,объект Фита,20,12,0,10,0,0,0,0,0
2026-03-07,листовой объект,объект Вита,28,11,0,5,0,0,0,0,0
2026-03-07,листовой объект,объект Каппа ОС,42,19,0,9,0,0,0,0,0
2026-03-07,листовой объект,ДП объект Вита,99,1612,0,6,0,0,0,0,0
2026-03-07,листовой объект,объект Бета,165,1,0,1,0,0,0,0,0
2026-03-07,листовой объект,объект Йота,3215,3,0,3,0,0,0,0,0
2026-03-07,листовой объект,ДП объект Йота,3216,766,0,3,0,0,0,0,0
2026-03-07,листовой объект,ПС объект Тау,3356,9498,0,42,0,0,0,0,0
2026-03-07,листовой объект,ДУ объект Омикрон,3360,3783,3747,12,8,0,0,0,0
2026-03-07,листовой объект,ДУ объект Тау,3388,2,0,1,0,0,0,0,0
2026-03-07,листовой объект,ДП объект Эпсилон,3902,3349,789,31,5,0,0,0,0
2026-03-07,листовой объект,объект Эпсилон ОС,3904,3,0,3,0,0,0,0,0
2026-03-07,листовой объект,объект Пси ОС,3905,12,0,7,0,0,0,0,0
2026-03-07,листовой объект,ДП объект Сигма,4177,84,0,6,0,0,0,0,0
2026-03-07,листовой объект,ДУ ПС объект Ро,4369,769,769,3,3,0,0,0,0
2026-03-07,листовой объект,объект Ро,4370,4,0,2,0,0,0,0,0
2026-03-07,листовой объект,объект Омикрон,4391,3,0,2,0,0,0,0,0
2026-03-07,листовой объект,ДП объект Омикрон,4392,760,0,6,0,0,0,0,0
2026-03-07,листовой объект,ДУ объект Хи,4543,24351,24347,14,13,0,0,0,0
2026-03-07,листовой объект,ДУ объект Дельта,4610,1754,1748,12,11,0,0,0,0
2026-03-07,листовой объект,Шкаф ОПС объект Зита,4770,2,0,1,0,0,0,0,0
2026-03-07,листовой объект,ДУ ПС объект Омега,5003,364,224,13,8,0,0,0,0
2026-03-07,листовой объект,Шкаф ОПС ПС объект Тау,5009,32,0,2,0,0,0,0,0
2026-03-07,листовой объект,ДУ объект Вита,5011,118,0,6,0,0,0,0,0
2026-03-07,листовой объект,объект Дельта,5113,14,0,6,0,0,0,0,0
2026-03-07,листовой объект,ДУ объект Альфа,5122,82912,82768,57,51,0,0,0,0
2026-03-07,листовой объект,ДП объект Альфа,5123,794,0,12,0,0,0,0,0
2026-03-07,листовой объект,объект Фита,5129,1,0,1,0,0,0,0,0
2026-03-07,листовой объект,ДУ объект Кси,5333,58,44,7,5,0,0,0,0
2026-03-07,листовой объект,ДП объект Кси,5336,12,0,4,0,0,0,0,0
2026-03-07,листовой объект,Шкафы ПС объект Эпсилон,5540,2,0,2,0,0,0,0,0
2026-03-07,листовой объект,объект Дзета ДУ,5578,2823,2823,24,24,0,0,0,0
2026-03-07,листовой объект,объект Дзета ОС,5580,57,0,6,0,0,0,0,0
2026-03-07,листовой объект,объект Зита ДУ,5591,40,40,1,1,0,0,0,0
2026-03-07,листовой объект,объект Каппа ДУ,5657,14949,14905,26,22,0,0,0,0
2026-03-07,листовой объект,объект Мю ДП,5674,472,0,8,0,0,0,0,0
2026-03-07,листовой объект,объект Мю ДУ,5675,7390,7382,29,27,1,1,0,0
2026-03-07,листовой объект,объект Мю ОС,5676,104,0,21,0,0,0,0,0
2026-03-07,листовой объект,объект Гамма ОС,5961,24,0,5,0,0,0,0,0
2026-03-07,листовой объект,объект Гамма ПС,5962,8,0,2,0,3,1,0,0
2026-03-07,листовой объект,объект Гамма ДУ,5963,156,52,37,25,0,0,0,0
2026-03-08,коллектор,объект Альфа,5,82154,81463,88,51,0,0,0,0
2026-03-08,коллектор,объект Бета,6,10,0,9,0,0,0,0,0
2026-03-08,коллектор,объект Гамма,7,131,0,6,0,0,0,0,0
2026-03-08,коллектор,Комплекс объект Дельта,8,3310,3183,34,11,26,13,0,0
2026-03-08,коллектор,объект Вита,9,584,0,18,0,0,0,0,0
2026-03-08,коллектор,объект Эпсилон,11,26039,23950,44,18,4,4,0,0
2026-03-08,коллектор,объект Зита,12,3231,3155,35,26,0,0,0,0
2026-03-08,коллектор,объект Каппа,15,15914,15750,52,22,20,10,0,0
2026-03-08,коллектор,объект Йота,3218,304,0,7,0,0,0,0,0
2026-03-08,коллектор,объект Тау,3355,16334,0,75,0,0,0,0,0
2026-03-08,коллектор,объект Омикрон,3359,4381,3004,20,7,0,0,0,0
2026-03-08,коллектор,объект Мю,3828,6598,5864,61,30,3,2,0,0
2026-03-08,коллектор,объект Сигма,4068,78,0,7,0,0,0,0,0
2026-03-08,коллектор,ПС объект Ро,4356,711,706,5,3,0,0,0,0
2026-03-08,коллектор,ПС объект Омега,4573,266,160,16,8,0,0,0,0
2026-03-08,коллектор,объект Кси,5327,61,46,6,3,0,0,0,0
2026-03-08,листовой объект,объект Фита,20,10,0,9,0,0,0,0,0
2026-03-08,листовой объект,объект Вита,28,6,0,4,0,0,0,0,0
2026-03-08,листовой объект,объект Каппа ОС,42,38,0,14,0,0,0,0,0
2026-03-08,листовой объект,ДП объект Вита,99,487,0,7,0,0,0,0,0
2026-03-08,листовой объект,объект Йота,3215,2,0,2,0,0,0,0,0
2026-03-08,листовой объект,ДП объект Йота,3216,302,0,5,0,0,0,0,0
2026-03-08,листовой объект,ПС объект Тау,3356,16278,0,72,0,0,0,0,0
2026-03-08,листовой объект,ДУ объект Омикрон,3360,3036,3004,11,7,0,0,0,0
2026-03-08,листовой объект,ДУ объект Тау,3388,2,0,1,0,0,0,0,0
2026-03-08,листовой объект,ДП объект Эпсилон,3902,2432,390,16,5,0,0,0,0
2026-03-08,листовой объект,объект Эпсилон ОС,3904,1,0,1,0,0,0,0,0
2026-03-08,листовой объект,объект Пси ОС,3905,20,0,6,0,0,0,0,0
2026-03-08,листовой объект,объект Хи,4095,1,0,1,0,0,0,0,0
2026-03-08,листовой объект,ДП объект Сигма,4177,78,0,7,0,0,0,0,0
2026-03-08,листовой объект,ДУ ПС объект Ро,4369,706,706,3,3,0,0,0,0
2026-03-08,листовой объект,объект Ро,4370,3,0,1,0,0,0,0,0
2026-03-08,листовой объект,объект Омикрон,4391,3,0,2,0,0,0,0,0
2026-03-08,листовой объект,ДП объект Омикрон,4392,1342,0,7,0,0,0,0,0
2026-03-08,листовой объект,Шкаф ОПС объект Хи,4541,4,0,1,0,0,0,0,0
2026-03-08,листовой объект,ДУ объект Хи,4543,23581,23560,19,13,4,4,0,0
2026-03-08,листовой объект,Шкаф ОПС ПС объект Ро,4569,2,0,1,0,0,0,0,0
2026-03-08,листовой объект,ДУ объект Дельта,4610,3295,3183,28,11,26,13,0,0
2026-03-08,листовой объект,Шкаф ОПС объект Вита,4767,2,0,1,0,0,0,0,0
2026-03-08,листовой объект,ДУ ПС объект Омега,5003,266,160,16,8,0,0,0,0
2026-03-08,листовой объект,Шкаф ОПС ПС объект Тау,5009,54,0,2,0,0,0,0,0
2026-03-08,листовой объект,ДУ объект Вита,5011,89,0,6,0,0,0,0,0
2026-03-08,листовой объект,объект Дельта,5113,15,0,6,0,0,0,0,0
2026-03-08,листовой объект,ДУ объект Альфа,5122,81615,81463,56,51,0,0,0,0
2026-03-08,листовой объект,ДП объект Альфа,5123,496,0,10,0,0,0,0,0
2026-03-08,листовой объект,ДП объект Зита,5132,52,0,3,0,0,0,0,0
2026-03-08,листовой объект,ДУ объект Кси,5333,60,46,5,3,0,0,0,0
2026-03-08,листовой объект,объект Пси,5339,43,0,22,0,0,0,0,0
2026-03-08,листовой объект,объект Кси ПК202-ПК302,5343,1,0,1,0,0,0,0,0
2026-03-08,листовой объект,объект Дзета ДУ,5578,3107,3107,25,25,0,0,0,0
2026-03-08,листовой объект,объект Дзета ОС,5580,24,0,6,0,0,0,0,0
2026-03-08,листовой объект,объект Зита ДУ,5591,48,48,1,1,0,0,0,0
2026-03-08,листовой объект,объект Каппа ДУ,5657,15876,15750,38,22,20,10,0,0
2026-03-08,листовой объект,объект Мю ДП,5674,608,0,10,0,0,0,0,0
2026-03-08,листовой объект,объект Мю ДУ,5675,5870,5864,32,30,1,1,0,0
2026-03-08,листовой объект,объект Мю ОС,5676,120,0,19,0,2,1,0,0
2026-03-08,листовой объект,объект Гамма ПС,5962,51,0,1,0,0,0,0,0
2026-03-08,листовой объект,объект Гамма ДУ,5963,80,0,5,0,0,0,0,0
2026-03-09,коллектор,объект Альфа,5,83589,82734,75,54,0,0,0,0
2026-03-09,коллектор,объект Бета,6,9,0,8,0,0,0,0,0
2026-03-09,коллектор,объект Гамма,7,215,54,61,26,7,7,0,0
2026-03-09,коллектор,Комплекс объект Дельта,8,3019,2561,240,13,0,0,0,0
2026-03-09,коллектор,объект Вита,9,1172,0,20,0,0,0,0,0
2026-03-09,коллектор,объект Эпсилон,11,27199,24716,40,18,0,0,0,0
2026-03-09,коллектор,объект Зита,12,3257,3186,33,24,0,0,0,0
2026-03-09,коллектор,объект Каппа,15,14617,14523,37,21,0,0,0,0
2026-03-09,коллектор,объект Йота,3218,650,0,7,0,0,0,0,0
2026-03-09,коллектор,объект Тау,3355,2623,0,79,0,18,12,0,0
2026-03-09,коллектор,объект Омикрон,3359,3325,2216,21,8,0,0,0,0
2026-03-09,коллектор,объект Мю,3828,9823,6774,1039,29,10,2,0,0
2026-03-09,коллектор,объект Сигма,4068,84,0,6,0,0,0,0,0
2026-03-09,коллектор,ПС объект Ро,4356,779,778,5,4,0,0,0,0
2026-03-09,коллектор,ПС объект Омега,4573,308,176,19,8,0,0,0,0
2026-03-09,коллектор,объект Кси,5327,59,33,8,3,0,0,0,0
2026-03-09,листовой объект,объект Фита,20,5,0,5,0,0,0,0,0
2026-03-09,листовой объект,объект Вита,28,18,0,6,0,0,0,0,0
2026-03-09,листовой объект,объект Каппа ОС,42,46,0,12,0,0,0,0,0
2026-03-09,листовой объект,ДП объект Вита,99,1071,0,7,0,0,0,0,0
2026-03-09,листовой объект,объект Бета,165,4,0,3,0,0,0,0,0
2026-03-09,листовой объект,объект Йота,3215,2,0,2,0,0,0,0,0
2026-03-09,листовой объект,ДП объект Йота,3216,648,0,5,0,0,0,0,0
2026-03-09,листовой объект,ПС объект Тау,3356,2433,0,37,0,0,0,0,0
2026-03-09,листовой объект,ДУ объект Омикрон,3360,2250,2216,12,8,0,0,0,0
2026-03-09,листовой объект,ДУ объект Тау,3388,172,0,38,0,18,12,0,0
2026-03-09,листовой объект,ДП объект Эпсилон,3902,3124,672,18,5,0,0,0,0
2026-03-09,листовой объект,объект Эпсилон ОС,3904,4,0,2,0,0,0,0,0
2026-03-09,листовой объект,объект Пси ОС,3905,20,0,5,0,0,0,0,0
2026-03-09,листовой объект,объект Хи,4095,1,0,1,0,0,0,0,0
2026-03-09,листовой объект,ДП объект Сигма,4177,84,0,6,0,0,0,0,0
2026-03-09,листовой объект,ДУ ПС объект Ро,4369,778,778,4,4,0,0,0,0
2026-03-09,листовой объект,объект Ро,4370,1,0,1,0,0,0,0,0
2026-03-09,листовой объект,объект Омикрон,4391,3,0,2,0,0,0,0,0
2026-03-09,листовой объект,ДП объект Омикрон,4392,1068,0,6,0,0,0,0,0
2026-03-09,листовой объект,ДУ объект Хи,4543,24050,24044,14,13,0,0,0,0
2026-03-09,листовой объект,ДП ПС объект Омега,4574,20,0,5,0,0,0,0,0
2026-03-09,листовой объект,ДУ объект Дельта,4610,2817,2561,137,13,0,0,0,0
2026-03-09,листовой объект,Шкаф ОПС объект Омикрон,4763,4,0,1,0,0,0,0,0
2026-03-09,листовой объект,ДУ ПС объект Омега,5003,288,176,14,8,0,0,0,0
2026-03-09,листовой объект,Шкаф ОПС ПС объект Тау,5009,18,0,4,0,0,0,0,0
2026-03-09,листовой объект,ДУ объект Вита,5011,83,0,7,0,0,0,0,0
2026-03-09,листовой объект,объект Дельта,5113,200,0,101,0,0,0,0,0
2026-03-09,листовой объект,Шкаф ОПС объект Дельта,5114,2,0,2,0,0,0,0,0
2026-03-09,листовой объект,ДУ объект Альфа,5122,82898,82734,61,54,0,0,0,0
2026-03-09,листовой объект,ДП объект Альфа,5123,687,0,12,0,0,0,0,0
2026-03-09,листовой объект,ДП объект Альфа 2 этаж,5124,1,0,1,0,0,0,0,0
2026-03-09,листовой объект,ДП объект Зита,5132,40,0,3,0,0,0,0,0
2026-03-09,листовой объект,ДУ объект Кси,5333,49,33,5,3,0,0,0,0
2026-03-09,листовой объект,ДП объект Кси,5336,10,0,3,0,0,0,0,0
2026-03-09,листовой объект,объект Пси,5339,3,0,1,0,0,0,0,0
2026-03-09,листовой объект,объект Дзета ДУ,5578,3092,3092,23,23,0,0,0,0
2026-03-09,листовой объект,объект Дзета ОС,5580,31,0,6,0,0,0,0,0
2026-03-09,листовой объект,объект Зита ДУ,5591,94,94,1,1,0,0,0,0
2026-03-09,листовой объект,объект Каппа ДУ,5657,14571,14523,25,21,0,0,0,0
2026-03-09,листовой объект,объект Мю ДП,5674,722,0,50,0,0,0,0,0
2026-03-09,листовой объект,объект Мю ДУ,5675,6812,6774,48,29,0,0,0,0
2026-03-09,листовой объект,объект Мю ОС,5676,482,0,39,0,8,1,0,0
2026-03-09,листовой объект,объект Мю ПС,5677,1807,0,902,0,2,1,0,0
2026-03-09,листовой объект,объект Гамма ОС,5961,29,0,14,0,0,0,0,0
2026-03-09,листовой объект,объект Гамма ДУ,5963,182,54,45,26,7,7,0,0
2026-03-09,листовой объект,объект Гамма шкафы,5966,4,0,2,0,0,0,0,0
2026-03-10,коллектор,объект Альфа,5,84319,82355,144,51,1,1,0,0
2026-03-10,коллектор,объект Бета,6,4550,0,362,0,23,21,0,0
2026-03-10,коллектор,объект Гамма,7,946,0,145,0,49,28,0,0
2026-03-10,коллектор,Комплекс объект Дельта,8,6774,4533,111,16,0,0,0,0
2026-03-10,коллектор,объект Вита,9,2366,0,33,0,0,0,0,0
2026-03-10,коллектор,объект Эпсилон,11,28239,24124,55,19,0,0,0,0
2026-03-10,коллектор,объект Зита,12,3266,3090,73,25,0,0,0,0
2026-03-10,коллектор,объект Каппа,15,19037,14156,67,21,0,0,0,0
2026-03-10,коллектор,объект Йота,3218,8073,0,68,0,0,0,0,0
2026-03-10,коллектор,объект Тау,3355,8311,0,85,0,0,0,0,0
2026-03-10,коллектор,объект Омикрон,3359,5984,2758,99,11,0,0,0,0
2026-03-10,коллектор,объект Мю,3828,8015,7599,57,29,2,2,0,0
2026-03-10,коллектор,объект Сигма,4068,77,0,8,0,0,0,0,0
2026-03-10,коллектор,ПС объект Ро,4356,1024,954,21,3,0,0,0,0
2026-03-10,коллектор,ПС объект Омега,4573,375,192,30,8,0,0,0,0
2026-03-10,коллектор,объект Кси,5327,1028,48,143,9,0,0,0,0
2026-03-10,листовой объект,объект Фита,20,1949,0,243,0,3,3,0,0
2026-03-10,листовой объект,объект Вита,28,16,0,8,0,0,0,0,0
2026-03-10,листовой объект,объект Каппа ОС,42,4745,0,14,0,0,0,0,0
2026-03-10,листовой объект,ДП объект Вита,99,2178,0,10,0,0,0,0,0
2026-03-10,листовой объект,ДП ПС объект Ро,108,36,0,2,0,0,0,0,0
2026-03-10,листовой объект,ДП объект Бета,111,1858,0,49,0,2,2,0,0
2026-03-10,листовой объект,объект Бета,165,685,0,64,0,18,16,0,0
2026-03-10,листовой объект,объект Йота,3215,4608,0,44,0,0,0,0,0
2026-03-10,листовой объект,ДП объект Йота,3216,3430,0,5,0,0,0,0,0
2026-03-10,листовой объект,Шкаф ОПС объект Йота,3250,2,0,1,0,0,0,0,0
2026-03-10,листовой объект,ПС объект Тау,3356,8243,0,51,0,0,0,0,0
2026-03-10,листовой объект,ДУ объект Омикрон,3360,2864,2758,41,11,0,0,0,0
2026-03-10,листовой объект,ДУ объект Тау,3388,68,0,34,0,0,0,0,0
2026-03-10,листовой объект,ДП объект Эпсилон,3902,4751,653,36,5,0,0,0,0
2026-03-10,листовой объект,объект Эпсилон ОС,3904,2,0,1,0,0,0,0,0
2026-03-10,листовой объект,объект Пси ОС,3905,3,0,3,0,0,0,0,0
2026-03-10,листовой объект,объект Сигма,4069,1,0,1,0,0,0,0,0
2026-03-10,листовой объект,ДП объект Сигма,4177,76,0,7,0,0,0,0,0
2026-03-10,листовой объект,ДУ ПС объект Ро,4369,976,954,12,3,0,0,0,0
2026-03-10,листовой объект,объект Ро,4370,12,0,7,0,0,0,0,0
2026-03-10,листовой объект,объект Омикрон,4391,804,0,49,0,0,0,0,0
2026-03-10,листовой объект,ДП объект Омикрон,4392,2316,0,9,0,0,0,0,0
2026-03-10,листовой объект,ДУ объект Хи,4543,23483,23471,15,14,0,0,0,0
2026-03-10,листовой объект,ДП ПС объект Омега,4574,1,0,1,0,0,0,0,0
2026-03-10,листовой объект,ДУ объект Дельта,4610,4681,4533,62,16,0,0,0,0
2026-03-10,листовой объект,ПС объект Омега,4648,42,0,6,0,0,0,0,0
2026-03-10,листовой объект,Шкаф ОПС объект Бета,4765,58,0,6,0,0,0,0,0
2026-03-10,листовой объект,ДУ ПС объект Омега,5003,332,192,23,8,0,0,0,0
2026-03-10,листовой объект,ДУ объект Вита,5011,172,0,15,0,0,0,0,0
2026-03-10,листовой объект,объект Дельта,5113,2093,0,49,0,0,0,0,0
2026-03-10,листовой объект,ДУ объект Альфа,5122,82686,82355,90,51,1,1,0,0
2026-03-10,листовой объект,ДП объект Альфа,5123,1304,0,16,0,0,0,0,0
2026-03-10,листовой объект,ДП объект Альфа 2 этаж,5124,236,0,12,0,0,0,0,0
2026-03-10,листовой объект,объект Фита,5129,4,0,1,0,0,0,0,0
2026-03-10,листовой объект,ДП объект Зита,5132,24,0,8,0,0,0,0,0
2026-03-10,листовой объект,объект Йота ДУ,5218,33,0,18,0,0,0,0,0
2026-03-10,листовой объект,объект Кси ПК0-ПК202,5332,242,0,41,0,0,0,0,0
2026-03-10,листовой объект,ДУ объект Кси,5333,170,48,63,9,0,0,0,0
2026-03-10,листовой объект,ДП объект Кси,5336,462,0,11,0,0,0,0,0
2026-03-10,листовой объект,объект Пси,5339,91,0,25,0,0,0,0,0
2026-03-10,листовой объект,объект Пси шкаф ОПС,5340,2,0,1,0,0,0,0,0
2026-03-10,листовой объект,объект Кси ПК202-ПК302,5343,154,0,28,0,0,0,0,0
2026-03-10,листовой объект,объект Дзета ДУ,5578,3061,3025,42,24,0,0,0,0
2026-03-10,листовой объект,объект Дзета ОС,5580,62,0,12,0,0,0,0,0
2026-03-10,листовой объект,объект Зита ОС,5582,18,0,4,0,0,0,0,0
2026-03-10,листовой объект,объект Зита ДУ,5591,85,65,3,1,0,0,0,0
2026-03-10,листовой объект,объект Дзета щит. ПК48 Г1 ПК5,5594,12,0,3,0,0,0,0,0
2026-03-10,листовой объект,объект Каппа ДУ,5657,14292,14156,53,21,0,0,0,0
2026-03-10,листовой объект,объект Мю ДП,5674,336,0,9,0,0,0,0,0
2026-03-10,листовой объект,объект Мю ДУ,5675,7616,7599,31,29,1,1,0,0
2026-03-10,листовой объект,объект Мю ОС,5676,63,0,17,0,1,1,0,0
2026-03-10,листовой объект,объект Гамма ОС,5961,418,0,61,0,0,0,0,0
2026-03-10,листовой объект,объект Гамма ДУ,5963,520,0,82,0,49,28,0,0
2026-03-10,листовой объект,объект Гамма шкафы,5966,8,0,2,0,0,0,0,0
2026-03-11,коллектор,объект Альфа,5,83023,80717,112,51,0,0,0,0
2026-03-11,коллектор,объект Бета,6,2008,22,83,1,11,1,0,0
2026-03-11,коллектор,объект Гамма,7,1172,0,106,0,58,25,0,0
2026-03-11,коллектор,Комплекс объект Дельта,8,11582,4358,514,14,11,9,0,0
2026-03-11,коллектор,объект Вита,9,9633,24,304,6,20,19,0,0
2026-03-11,коллектор,объект Эпсилон,11,29094,23218,85,16,0,0,0,0
2026-03-11,коллектор,объект Зита,12,2002,1802,56,26,0,0,0,0
2026-03-11,коллектор,объект Каппа,15,20424,13235,129,20,1,1,0,0
2026-03-11,коллектор,объект Йота,3218,6459,0,56,0,0,0,0,0
2026-03-11,коллектор,объект Тау,3355,16450,0,209,0,0,0,0,0
2026-03-11,коллектор,объект Омикрон,3359,5610,4280,27,11,0,0,0,0
2026-03-11,коллектор,объект Мю,3828,7314,6749,61,29,4,2,0,0
2026-03-11,коллектор,объект Сигма,4068,269,0,23,0,0,0,0,0
2026-03-11,коллектор,ПС объект Ро,4356,760,571,70,4,0,0,0,0
2026-03-11,коллектор,ПС объект Омега,4573,684,208,129,8,0,0,0,0
2026-03-11,коллектор,объект Кси,5327,812,89,101,3,1,1,0,0
2026-03-11,листовой объект,объект Фита,20,1173,0,30,0,0,0,0,0
2026-03-11,листовой объект,объект Вита,28,1316,0,134,0,0,0,0,0
2026-03-11,листовой объект,объект Каппа ОС,42,6915,0,66,0,0,0,0,0
2026-03-11,листовой объект,ДП объект Вита,99,7099,0,42,0,9,9,0,0
2026-03-11,листовой объект,ДП ПС объект Ро,108,44,0,4,0,0,0,0,0
2026-03-11,листовой объект,ДП объект Бета,111,753,22,46,1,11,1,0,0
2026-03-11,листовой объект,объект Бета,165,82,0,7,0,0,0,0,0
2026-03-11,листовой объект,объект Йота,3215,3991,0,35,0,0,0,0,0
2026-03-11,листовой объект,ДП объект Йота,3216,2428,0,4,0,0,0,0,0
2026-03-11,листовой объект,Шкаф ОПС объект Йота,3250,4,0,1,0,0,0,0,0
2026-03-11,листовой объект,ПС объект Тау,3356,16140,0,137,0,0,0,0,0
2026-03-11,листовой объект,ДУ объект Омикрон,3360,4392,4280,16,11,0,0,0,0
2026-03-11,листовой объект,ДУ объект Тау,3388,142,0,70,0,0,0,0,0
2026-03-11,листовой объект,ДП объект Эпсилон,3902,6508,730,42,3,0,0,0,0
2026-03-11,листовой объект,объект Эпсилон ОС,3904,3,0,2,0,0,0,0,0
2026-03-11,листовой объект,объект Пси ОС,3905,3,0,2,0,0,0,0,0
2026-03-11,листовой объект,объект Сигма,4069,38,0,6,0,0,0,0,0
2026-03-11,листовой объект,объект Хи,4095,56,0,16,0,0,0,0,0
2026-03-11,листовой объект,ДП объект Сигма,4177,231,0,17,0,0,0,0,0
2026-03-11,листовой объект,ДУ ПС объект Ро,4369,667,571,46,4,0,0,0,0
2026-03-11,листовой объект,объект Ро,4370,49,0,20,0,0,0,0,0
2026-03-11,листовой объект,объект Омикрон,4391,8,0,5,0,0,0,0,0
2026-03-11,листовой объект,ДП объект Омикрон,4392,1210,0,6,0,0,0,0,0
2026-03-11,листовой объект,ДУ объект Хи,4543,22524,22488,23,13,0,0,0,0
2026-03-11,листовой объект,ДП ПС объект Омега,4574,76,0,5,0,0,0,0,0
2026-03-11,листовой объект,ДУ объект Дельта,4610,6219,4358,138,14,11,9,0,0
2026-03-11,листовой объект,ПС объект Омега,4648,132,0,44,0,0,0,0,0
2026-03-11,листовой объект,Шкаф ОПС объект Вита,4767,130,0,13,0,0,0,0,0
2026-03-11,листовой объект,ДУ ПС объект Омега,5003,476,208,80,8,0,0,0,0
2026-03-11,листовой объект,Шкаф ОПС ПС объект Тау,5009,168,0,2,0,0,0,0,0
2026-03-11,листовой объект,ДУ объект Вита,5011,1088,24,115,6,11,10,0,0
2026-03-11,листовой объект,объект Дельта,5113,5291,0,368,0,0,0,0,0
2026-03-11,листовой объект,Шкаф ОПС объект Дельта,5114,72,0,8,0,0,0,0,0
2026-03-11,листовой объект,ДУ объект Альфа,5122,81149,80717,78,51,0,0,0,0
2026-03-11,листовой объект,ДП объект Альфа,5123,1620,0,16,0,0,0,0,0
2026-03-11,листовой объект,ДП объект Альфа 2 этаж,5124,240,0,13,0,0,0,0,0
2026-03-11,листовой объект,объект Фита,5129,1,0,1,0,0,0,0,0
2026-03-11,листовой объект,объект Йота ДУ,5218,36,0,16,0,0,0,0,0
2026-03-11,листовой объект,объект Кси ПК0-ПК202,5332,99,0,24,0,0,0,0,0
2026-03-11,листовой объект,ДУ объект Кси,5333,205,89,54,3,0,0,0,0
2026-03-11,листовой объект,ДП объект Кси,5336,450,0,12,0,0,0,0,0
2026-03-11,листовой объект,объект Пси,5339,10,0,3,0,0,0,0,0
2026-03-11,листовой объект,объект Пси шкаф ОПС,5340,4,0,2,0,0,0,0,0
2026-03-11,листовой объект,объект Кси ПК202-ПК302,5343,58,0,11,0,1,1,0,0
2026-03-11,листовой объект,объект Каппа ПС,5567,4,0,2,0,0,0,0,0
2026-03-11,листовой объект,объект Каппа шкафы,5574,9,0,4,0,0,0,0,0
2026-03-11,листовой объект,объект Дзета ДУ,5578,1767,1759,26,25,0,0,0,0
2026-03-11,листовой объект,объект Дзета ОС,5580,126,0,21,0,0,0,0,0
2026-03-11,листовой объект,объект Зита ОС,5582,1,0,1,0,0,0,0,0
2026-03-11,листовой объект,объект Зита ДУ,5591,77,43,3,1,0,0,0,0
2026-03-11,листовой объект,объект Дзета щит. ПК48 Г1 ПК5,5594,30,0,4,0,0,0,0,0
2026-03-11,листовой объект,объект Каппа ДУ,5657,13496,13235,57,20,1,1,0,0
2026-03-11,листовой объект,объект Мю ДП,5674,430,0,9,0,0,0,0,0
2026-03-11,листовой объект,объект Мю ДУ,5675,6808,6749,32,29,3,1,0,0
2026-03-11,листовой объект,объект Мю ОС,5676,74,0,19,0,0,0,0,0
2026-03-11,листовой объект,объект Мю ПС,5677,2,0,1,0,1,1,0,0
2026-03-11,листовой объект,объект Гамма ОС,5961,208,0,27,0,0,0,0,0
2026-03-11,листовой объект,объект Гамма ПС,5962,2,0,1,0,1,1,0,0
2026-03-11,листовой объект,объект Гамма ДУ,5963,958,0,77,0,57,24,0,0
2026-03-11,листовой объект,объект Гамма шкафы,5966,4,0,1,0,0,0,0,0
2026-03-12,коллектор,объект Альфа,5,82732,80392,104,51,0,0,0,0
2026-03-12,коллектор,объект Бета,6,647,0,69,0,0,0,0,0
2026-03-12,коллектор,объект Гамма,7,2155,106,176,26,315,51,0,0
2026-03-12,коллектор,Комплекс объект Дельта,8,8856,4013,569,43,9,5,0,0
2026-03-12,коллектор,объект Вита,9,5912,12,157,6,0,0,0,0
2026-03-12,коллектор,объект Эпсилон,11,29811,25094,150,19,0,0,0,0
2026-03-12,коллектор,объект Зита,12,2566,1894,125,26,1,1,0,0
2026-03-12,коллектор,объект Каппа,15,18658,14861,888,21,17,11,0,0
2026-03-12,коллектор,объект Йота,3218,6793,0,56,0,0,0,0,0
2026-03-12,коллектор,объект Тау,3355,6432,137,421,6,318,21,0,0
2026-03-12,коллектор,объект Омикрон,3359,7293,5106,25,8,1,1,0,0
2026-03-12,коллектор,объект Мю,3828,7689,6571,146,30,6,4,0,0
2026-03-12,коллектор,объект Сигма,4068,235,0,6,0,0,0,0,0
2026-03-12,коллектор,ПС объект Ро,4356,1042,559,65,5,0,0,0,0
2026-03-12,коллектор,ПС объект Омега,4573,1098,80,97,8,0,0,0,0
2026-03-12,коллектор,объект Кси,5327,714,59,16,3,0,0,0,0
2026-03-12,листовой объект,объект Фита,20,381,0,29,0,0,0,0,0
2026-03-12,листовой объект,объект Вита,28,140,0,31,0,0,0,0,0
2026-03-12,листовой объект,объект Каппа ОС,42,1628,0,167,0,16,10,0,0
2026-03-12,листовой объект,ДП объект Вита,99,4440,0,17,0,0,0,0,0
2026-03-12,листовой объект,ДП ПС объект Ро,108,52,0,3,0,0,0,0,0
2026-03-12,листовой объект,ДП объект Бета,111,210,0,33,0,0,0,0,0
2026-03-12,листовой объект,объект Бета,165,56,0,7,0,0,0,0,0
2026-03-12,листовой объект,объект Йота,3215,3568,0,34,0,0,0,0,0
2026-03-12,листовой объект,ДП объект Йота,3216,3166,0,6,0,0,0,0,0
2026-03-12,листовой объект,Шкаф ОПС объект Йота,3250,6,0,1,0,0,0,0,0
2026-03-12,листовой объект,ПС объект Тау,3356,1433,0,234,0,0,0,0,0
2026-03-12,листовой объект,ДУ объект Омикрон,3360,5422,5106,14,8,1,1,0,0
2026-03-12,листовой объект,ДУ объект Тау,3388,4997,137,186,6,318,21,0,0
2026-03-12,листовой объект,ДП объект Эпсилон,3902,5630,1066,101,6,0,0,0,0
2026-03-12,листовой объект,объект Эпсилон ОС,3904,21,0,10,0,0,0,0,0
2026-03-12,листовой объект,объект Пси ОС,3905,102,0,25,0,0,0,0,0
2026-03-12,листовой объект,ДП объект Сигма,4177,235,0,6,0,0,0,0,0
2026-03-12,листовой объект,ДУ ПС объект Ро,4369,704,559,43,5,0,0,0,0
2026-03-12,листовой объект,объект Ро,4370,286,0,19,0,0,0,0,0
2026-03-12,листовой объект,объект Омикрон,4391,7,0,3,0,0,0,0,0
2026-03-12,листовой объект,ДП объект Омикрон,4392,1864,0,8,0,0,0,0,0
2026-03-12,листовой объект,ДУ объект Хи,4543,24058,24028,14,13,0,0,0,0
2026-03-12,листовой объект,ДП ПС объект Омега,4574,518,0,9,0,0,0,0,0
2026-03-12,листовой объект,ДУ объект Дельта,4610,4711,4013,167,43,9,5,0,0
2026-03-12,листовой объект,ПС объект Омега,4648,376,0,39,0,0,0,0,0
2026-03-12,листовой объект,Шкаф ОПС объект Вита,4767,16,0,4,0,0,0,0,0
2026-03-12,листовой объект,ДУ ПС объект Омега,5003,204,80,49,8,0,0,0,0
2026-03-12,листовой объект,Шкаф ОПС ПС объект Тау,5009,2,0,1,0,0,0,0,0
2026-03-12,листовой объект,ДУ объект Вита,5011,1316,12,105,6,0,0,0,0
2026-03-12,листовой объект,объект Дельта,5113,4103,0,394,0,0,0,0,0
2026-03-12,листовой объект,Шкаф ОПС объект Дельта,5114,42,0,8,0,0,0,0,0
2026-03-12,листовой объект,ДУ объект Альфа,5122,81155,80392,75,51,0,0,0,0
2026-03-12,листовой объект,ДП объект Альфа,5123,993,0,15,0,0,0,0,0
2026-03-12,листовой объект,ДП объект Альфа 2 этаж,5124,576,0,11,0,0,0,0,0
2026-03-12,листовой объект,объект Фита,5129,37,0,13,0,0,0,0,0
2026-03-12,листовой объект,ДП объект Зита,5132,80,0,16,0,0,0,0,0
2026-03-12,листовой объект,объект Йота ДУ,5218,53,0,15,0,0,0,0,0
2026-03-12,листовой объект,объект Кси ПК0-ПК202,5332,4,0,1,0,0,0,0,0
2026-03-12,листовой объект,ДУ объект Кси,5333,77,59,5,3,0,0,0,0
2026-03-12,листовой объект,ДП объект Кси,5336,632,0,9,0,0,0,0,0
2026-03-12,листовой объект,объект Пси,5339,8,0,3,0,0,0,0,0
2026-03-12,листовой объект,объект Кси ПК202-ПК302,5343,1,0,1,0,0,0,0,0
2026-03-12,листовой объект,объект Каппа ПС,5567,1583,0,641,0,1,1,0,0
2026-03-12,листовой объект,объект Каппа шкафы,5574,25,0,9,0,0,0,0,0
2026-03-12,листовой объект,объект Дзета ДУ,5578,1978,1836,50,25,1,1,0,0
2026-03-12,листовой объект,объект Дзета ОС,5580,321,0,35,0,0,0,0,0
2026-03-12,листовой объект,объект Дзета ПС,5581,22,0,5,0,0,0,0,0
2026-03-12,листовой объект,объект Зита ОС,5582,8,0,3,0,0,0,0,0
2026-03-12,листовой объект,объект Зита ДУ,5591,120,58,3,1,0,0,0,0
2026-03-12,листовой объект,объект Каппа ДУ,5657,15422,14861,71,21,0,0,0,0
2026-03-12,листовой объект,объект Мю ДП,5674,708,0,18,0,0,0,0,0
2026-03-12,листовой объект,объект Мю ДУ,5675,6769,6571,67,30,6,4,0,0
2026-03-12,листовой объект,объект Мю ОС,5676,194,0,60,0,0,0,0,0
2026-03-12,листовой объект,объект Мю ПС,5677,18,0,1,0,0,0,0,0
2026-03-12,листовой объект,объект Гамма ОС,5961,401,0,55,0,0,0,0,0
2026-03-12,листовой объект,объект Гамма ПС,5962,624,0,49,0,312,49,0,0
2026-03-12,листовой объект,объект Гамма ДУ,5963,1072,106,68,26,3,2,0,0
2026-03-12,листовой объект,объект Гамма шкафы,5966,58,0,4,0,0,0,0,0
2026-03-13,коллектор,объект Альфа,5,82531,80532,113,54,3,3,0,0
2026-03-13,коллектор,объект Бета,6,167,0,12,0,0,0,0,0
2026-03-13,коллектор,объект Гамма,7,1641,0,113,0,24,14,0,0
2026-03-13,коллектор,Комплекс объект Дельта,8,7158,2978,186,11,86,6,0,0
2026-03-13,коллектор,объект Вита,9,3616,0,42,0,4,4,0,0
2026-03-13,коллектор,объект Эпсилон,11,29210,23296,93,17,1,1,0,0
2026-03-13,коллектор,объект Зита,12,1927,1679,40,25,0,0,0,0
2026-03-13,коллектор,объект Каппа,15,14895,14173,97,20,1,1,0,0
2026-03-13,коллектор,объект Йота,3218,8392,0,65,0,1,1,0,0
2026-03-13,коллектор,объект Тау,3355,4164,92,193,3,341,15,0,0
2026-03-13,коллектор,объект Омикрон,3359,5345,3727,45,11,0,0,0,0
2026-03-13,коллектор,объект Мю,3828,8982,8167,63,29,8,5,0,0
2026-03-13,коллектор,объект Сигма,4068,3835,0,51,0,0,0,0,0
2026-03-13,коллектор,ПС объект Ро,4356,464,195,58,2,0,0,0,0
2026-03-13,коллектор,ПС объект Омега,4573,1500,192,84,8,1,1,0,0
2026-03-13,коллектор,объект Кси,5327,745,97,16,4,0,0,0,0
2026-03-13,листовой объект,объект Фита,20,11,0,7,0,0,0,0,0
2026-03-13,листовой объект,объект Вита,28,9,0,5,0,0,0,0,0
2026-03-13,листовой объект,объект Каппа ОС,42,175,0,31,0,0,0,0,0
2026-03-13,листовой объект,ДП объект Вита,99,2412,0,6,0,0,0,0,0
2026-03-13,листовой объект,ДП ПС объект Ро,108,35,0,6,0,0,0,0,0
2026-03-13,листовой объект,ДП объект Бета,111,156,0,5,0,0,0,0,0
2026-03-13,листовой объект,объект Йота,3215,4986,0,37,0,0,0,0,0
2026-03-13,листовой объект,ДП объект Йота,3216,3262,0,6,0,0,0,0,0
2026-03-13,листовой объект,Шкаф ОПС объект Йота,3250,22,0,1,0,0,0,0,0
2026-03-13,листовой объект,ПС объект Тау,3356,459,0,71,0,0,0,0,0
2026-03-13,листовой объект,ДУ объект Омикрон,3360,4279,3727,29,11,0,0,0,0
2026-03-13,листовой объект,ДУ объект Тау,3388,3705,92,122,3,341,15,0,0
2026-03-13,листовой объект,ДП объект Эпсилон,3902,6222,407,69,4,1,1,0,0
2026-03-13,листовой объект,объект Эпсилон ОС,3904,10,0,5,0,0,0,0,0
2026-03-13,листовой объект,объект Пси ОС,3905,65,0,5,0,0,0,0,0
2026-03-13,листовой объект,объект Сигма,4069,1358,0,26,0,0,0,0,0
2026-03-13,листовой объект,ДП объект Сигма,4177,2455,0,22,0,0,0,0,0
2026-03-13,листовой объект,ДУ ПС объект Ро,4369,336,195,40,2,0,0,0,0
2026-03-13,листовой объект,объект Ро,4370,93,0,12,0,0,0,0,0
2026-03-13,листовой объект,объект Омикрон,4391,24,0,8,0,0,0,0,0
2026-03-13,листовой объект,ДП объект Омикрон,4392,1040,0,7,0,0,0,0,0
2026-03-13,листовой объект,ДУ объект Хи,4543,22913,22889,14,13,0,0,0,0
2026-03-13,листовой объект,ДП ПС объект Омега,4574,152,0,8,0,0,0,0,0
2026-03-13,листовой объект,Шкаф ОПС ПС объект Омега,4577,1,0,1,0,0,0,0,0
2026-03-13,листовой объект,ДУ объект Дельта,4610,3950,2978,70,11,86,6,0,0
2026-03-13,листовой объект,ПС объект Омега,4648,972,0,36,0,0,0,0,0
2026-03-13,листовой объект,Шкаф ОПС объект Омикрон,4763,2,0,1,0,0,0,0,0
2026-03-13,листовой объект,Шкаф ОПС объект Вита,4767,9,0,2,0,1,1,0,0
2026-03-13,листовой объект,Шкаф ОПС объект Сигма,4768,22,0,3,0,0,0,0,0
2026-03-13,листовой объект,ДУ ПС объект Омега,5003,375,192,39,8,1,1,0,0
2026-03-13,листовой объект,ДУ объект Вита,5011,1186,0,29,0,3,3,0,0
2026-03-13,листовой объект,объект Дельта,5113,3204,0,114,0,0,0,0,0
2026-03-13,листовой объект,Шкаф ОПС объект Дельта,5114,4,0,2,0,0,0,0,0
2026-03-13,листовой объект,ДУ объект Альфа,5122,81104,80532,76,54,3,3,0,0
2026-03-13,листовой объект,ДП объект Альфа,5123,929,0,23,0,0,0,0,0
2026-03-13,листовой объект,ДП объект Альфа 2 этаж,5124,492,0,12,0,0,0,0,0
2026-03-13,листовой объект,объект Фита,5129,8,0,4,0,0,0,0,0
2026-03-13,листовой объект,ДП объект Зита,5132,44,0,3,0,0,0,0,0
2026-03-13,листовой объект,объект Йота ДУ,5218,122,0,21,0,1,1,0,0
2026-03-13,листовой объект,объект Кси ПК0-ПК202,5332,4,0,1,0,0,0,0,0
2026-03-13,листовой объект,ДУ объект Кси,5333,123,97,6,4,0,0,0,0
2026-03-13,листовой объект,ДП объект Кси,5336,618,0,9,0,0,0,0,0
2026-03-13,листовой объект,объект Пси,5339,4,0,1,0,0,0,0,0
2026-03-13,листовой объект,объект Пси шкаф ОПС,5340,2,0,1,0,0,0,0,0
2026-03-13,листовой объект,объект Дзета ДУ,5578,1750,1631,26,24,0,0,0,0
2026-03-13,листовой объект,объект Дзета ОС,5580,29,0,5,0,0,0,0,0
2026-03-13,листовой объект,объект Зита ДУ,5591,96,48,2,1,0,0,0,0
2026-03-13,листовой объект,объект Каппа ДУ,5657,14720,14173,66,20,1,1,0,0
2026-03-13,листовой объект,объект Мю ДП,5674,626,0,13,0,0,0,0,0
2026-03-13,листовой объект,объект Мю ДУ,5675,8316,8167,33,29,6,4,0,0
2026-03-13,листовой объект,объект Мю ОС,5676,34,0,15,0,0,0,0,0
2026-03-13,листовой объект,объект Мю ПС,5677,4,0,1,0,2,1,0,0
2026-03-13,листовой объект,объект Мю шкафы,5678,2,0,1,0,0,0,0,0
2026-03-13,листовой объект,объект Гамма ОС,5961,302,0,45,0,0,0,0,0
2026-03-13,листовой объект,объект Гамма ДУ,5963,1320,0,64,0,24,14,0,0
2026-03-13,листовой объект,объект Гамма шкафы,5966,19,0,4,0,0,0,0,0
2026-03-14,коллектор,объект Альфа,5,79702,77390,82,51,0,0,0,0
2026-03-14,коллектор,объект Бета,6,12,0,10,0,0,0,0,0
2026-03-14,коллектор,объект Гамма,7,1332,0,37,0,2,2,0,0
2026-03-14,коллектор,Комплекс объект Дельта,8,3047,2865,37,12,24,12,0,0
2026-03-14,коллектор,объект Вита,9,2535,0,22,0,0,0,0,0
2026-03-14,коллектор,объект Эпсилон,11,23797,21181,30,15,1,1,0,0
2026-03-14,коллектор,объект Зита,12,1592,1391,38,22,0,0,0,0
2026-03-14,коллектор,объект Каппа,15,14367,13911,39,22,3,3,0,0
2026-03-14,коллектор,объект Йота,3218,6736,0,47,0,0,0,0,0
2026-03-14,коллектор,объект Тау,3355,34,0,17,0,0,0,0,0
2026-03-14,коллектор,объект Омикрон,3359,5397,4125,24,10,0,0,0,0
2026-03-14,коллектор,объект Мю,3828,8378,8221,52,27,2,2,0,0
2026-03-14,коллектор,объект Сигма,4068,207,0,15,0,0,0,0,0
2026-03-14,коллектор,ПС объект Ро,4356,570,484,10,2,0,0,0,0
2026-03-14,коллектор,ПС объект Омега,4573,511,288,25,8,3,3,0,0
2026-03-14,коллектор,объект Кси,5327,149,111,6,3,0,0,0,0
2026-03-14,листовой объект,объект Фита,20,11,0,9,0,0,0,0,0
2026-03-14,листовой объект,объект Вита,28,43,0,3,0,0,0,0,0
2026-03-14,листовой объект,объект Каппа ОС,42,31,0,12,0,0,0,0,0
2026-03-14,листовой объект,ДП объект Вита,99,1463,0,12,0,0,0,0,0
2026-03-14,листовой объект,ДП ПС объект Ро,108,1,0,1,0,0,0,0,0
2026-03-14,листовой объект,объект Бета,165,1,0,1,0,0,0,0,0
2026-03-14,листовой объект,объект Йота,3215,4260,0,29,0,0,0,0,0
2026-03-14,листовой объект,ДП объект Йота,3216,2412,0,4,0,0,0,0,0
2026-03-14,листовой объект,Шкаф ОПС объект Йота,3250,4,0,2,0,0,0,0,0
2026-03-14,листовой объект,ПС объект Тау,3356,6,0,5,0,0,0,0,0
2026-03-14,листовой объект,ДУ объект Омикрон,3360,4823,4125,15,10,0,0,0,0
2026-03-14,листовой объект,ДУ объект Тау,3388,26,0,11,0,0,0,0,0
2026-03-14,листовой объект,ДП объект Эпсилон,3902,2720,126,14,2,1,1,0,0
2026-03-14,листовой объект,объект Эпсилон ОС,3904,1,0,1,0,0,0,0,0
2026-03-14,листовой объект,объект Пси ОС,3905,1,0,1,0,0,0,0,0
2026-03-14,листовой объект,ДП объект Сигма,4177,207,0,15,0,0,0,0,0
2026-03-14,листовой объект,ДУ ПС объект Ро,4369,565,484,7,2,0,0,0,0
2026-03-14,листовой объект,объект Ро,4370,4,0,2,0,0,0,0,0
2026-03-14,листовой объект,объект Омикрон,4391,6,0,3,0,0,0,0,0
2026-03-14,листовой объект,ДП объект Омикрон,4392,568,0,6,0,0,0,0,0
2026-03-14,листовой объект,ДУ объект Хи,4543,21075,21055,14,13,0,0,0,0
2026-03-14,листовой объект,ДП ПС объект Омега,4574,1,0,1,0,0,0,0,0
2026-03-14,листовой объект,ДУ объект Дельта,4610,3011,2865,27,12,24,12,0,0
2026-03-14,листовой объект,ДУ ПС объект Омега,5003,510,288,24,8,3,3,0,0
2026-03-14,листовой объект,Шкаф ОПС ПС объект Тау,5009,2,0,1,0,0,0,0,0
2026-03-14,листовой объект,ДУ объект Вита,5011,1029,0,7,0,0,0,0,0
2026-03-14,листовой объект,объект Дельта,5113,30,0,9,0,0,0,0,0
2026-03-14,листовой объект,Шкаф ОПС объект Дельта,5114,6,0,1,0,0,0,0,0
2026-03-14,листовой объект,ДУ объект Альфа,5122,78225,77390,65,51,0,0,0,0
2026-03-14,листовой объект,ДП объект Альфа,5123,1473,0,15,0,0,0,0,0
2026-03-14,листовой объект,ДП объект Альфа 2 этаж,5124,4,0,2,0,0,0,0,0
2026-03-14,листовой объект,объект Фита,5129,2,0,2,0,0,0,0,0
2026-03-14,листовой объект,ДП объект Зита,5132,6,0,2,0,0,0,0,0
2026-03-14,листовой объект,объект Йота ДУ,5218,60,0,12,0,0,0,0,0
2026-03-14,листовой объект,ДУ объект Кси,5333,149,111,6,3,0,0,0,0
2026-03-14,листовой объект,объект Каппа ПС,5567,2,0,1,0,1,1,0,0
2026-03-14,листовой объект,объект Дзета ДУ,5578,1501,1375,23,21,0,0,0,0
2026-03-14,листовой объект,объект Дзета ОС,5580,15,0,5,0,0,0,0,0
2026-03-14,листовой объект,объект Зита ДУ,5591,48,16,3,1,0,0,0,0
2026-03-14,листовой объект,объект Дзета щит. ПК48 Г1 ПК5,5594,20,0,3,0,0,0,0,0
2026-03-14,листовой объект,объект Каппа ДУ,5657,14334,13911,26,22,2,2,0,0
2026-03-14,листовой объект,объект Мю ДУ,5675,8336,8221,31,27,2,2,0,0
2026-03-14,листовой объект,объект Мю ОС,5676,38,0,19,0,0,0,0,0
2026-03-14,листовой объект,объект Мю шкафы,5678,4,0,2,0,0,0,0,0
2026-03-14,листовой объект,объект Гамма ОС,5961,84,0,11,0,0,0,0,0
2026-03-14,листовой объект,объект Гамма ДУ,5963,1248,0,26,0,2,2,0,0
2026-03-15,коллектор,объект Альфа,5,79747,77793,96,51,5,3,0,0
2026-03-15,коллектор,объект Бета,6,13,0,9,0,0,0,0,0
2026-03-15,коллектор,объект Гамма,7,1162,42,28,21,2,1,0,0
2026-03-15,коллектор,Комплекс объект Дельта,8,2839,2713,46,13,0,0,0,0
2026-03-15,коллектор,объект Вита,9,2468,0,24,0,0,0,0,0
2026-03-15,коллектор,объект Эпсилон,11,24503,22010,49,14,12,11,0,0
2026-03-15,коллектор,объект Зита,12,1999,1870,31,23,0,0,0,0
2026-03-15,коллектор,объект Каппа,15,14895,14548,32,22,0,0,0,0
2026-03-15,коллектор,объект Йота,3218,1189,0,35,0,0,0,0,0
2026-03-15,коллектор,объект Тау,3355,287,0,102,0,0,0,0,0
2026-03-15,коллектор,объект Омикрон,3359,5966,4555,24,9,0,0,0,0
2026-03-15,коллектор,объект Мю,3828,9891,8707,556,29,5,3,0,0
2026-03-15,коллектор,объект Сигма,4068,185,0,7,0,0,0,0,0
2026-03-15,коллектор,ПС объект Ро,4356,678,605,10,3,0,0,0,0
2026-03-15,коллектор,ПС объект Омега,4573,484,256,30,8,11,11,0,0
2026-03-15,коллектор,объект Кси,5327,176,122,8,3,0,0,0,0
2026-03-15,листовой объект,объект Фита,20,12,0,8,0,0,0,0,0
2026-03-15,листовой объект,объект Вита,28,27,0,7,0,0,0,0,0
2026-03-15,листовой объект,объект Каппа ОС,42,40,0,6,0,0,0,0,0
2026-03-15,листовой объект,ДП объект Вита,99,1557,0,10,0,0,0,0,0
2026-03-15,листовой объект,объект Бета,165,1,0,1,0,0,0,0,0
2026-03-15,листовой объект,объект Йота,3215,191,0,18,0,0,0,0,0
2026-03-15,листовой объект,ДП объект Йота,3216,942,0,4,0,0,0,0,0
2026-03-15,листовой объект,ПС объект Тау,3356,245,0,91,0,0,0,0,0
2026-03-15,листовой объект,ДУ объект Омикрон,3360,5390,4555,14,9,0,0,0,0
2026-03-15,листовой объект,ДУ объект Тау,3388,30,0,9,0,0,0,0,0
2026-03-15,листовой объект,ДП объект Эпсилон,3902,2547,84,29,1,12,11,0,0
2026-03-15,листовой объект,объект Эпсилон ОС,3904,3,0,2,0,0,0,0,0
2026-03-15,листовой объект,объект Пси ОС,3905,7,0,4,0,0,0,0,0
2026-03-15,листовой объект,объект Сигма,4069,1,0,1,0,0,0,0,0
2026-03-15,листовой объект,ДП объект Сигма,4177,184,0,6,0,0,0,0,0
2026-03-15,листовой объект,ДУ ПС объект Ро,4369,675,605,8,3,0,0,0,0
2026-03-15,листовой объект,объект Ро,4370,3,0,2,0,0,0,0,0
2026-03-15,листовой объект,объект Омикрон,4391,8,0,4,0,0,0,0,0
2026-03-15,листовой объект,ДП объект Омикрон,4392,568,0,6,0,0,0,0,0
2026-03-15,листовой объект,ДУ объект Хи,4543,21946,21926,14,13,0,0,0,0
2026-03-15,листовой объект,ДУ объект Дельта,4610,2795,2713,31,13,0,0,0,0
2026-03-15,листовой объект,ДУ ПС объект Омега,5003,484,256,30,8,11,11,0,0
2026-03-15,листовой объект,Шкаф ОПС ПС объект Тау,5009,12,0,2,0,0,0,0,0
2026-03-15,листовой объект,ДУ объект Вита,5011,884,0,7,0,0,0,0,0
2026-03-15,листовой объект,объект Дельта,5113,44,0,15,0,0,0,0,0
2026-03-15,листовой объект,ДУ объект Альфа,5122,78789,77793,73,51,1,1,0,0
2026-03-15,листовой объект,ДП объект Альфа,5123,920,0,12,0,0,0,0,0
2026-03-15,листовой объект,ДП объект Альфа 2 этаж,5124,4,0,2,0,0,0,0,0
2026-03-15,листовой объект,объект Фита,5129,1,0,1,0,0,0,0,0
2026-03-15,листовой объект,объект Йота ДУ,5218,56,0,13,0,0,0,0,0
2026-03-15,листовой объект,объект Кси ПК0-ПК202,5332,2,0,1,0,0,0,0,0
2026-03-15,листовой объект,ДУ объект Кси,5333,174,122,7,3,0,0,0,0
2026-03-15,листовой объект,объект Пси,5339,34,0,9,0,4,2,0,0
2026-03-15,листовой объект,объект Дзета ДУ,5578,1935,1824,23,22,0,0,0,0
2026-03-15,листовой объект,объект Дзета ОС,5580,11,0,5,0,0,0,0,0
2026-03-15,листовой объект,объект Зита ДУ,5591,52,46,2,1,0,0,0,0
2026-03-15,листовой объект,объект Каппа ДУ,5657,14855,14548,26,22,0,0,0,0
2026-03-15,листовой объект,объект Мю ДП,5674,74,0,37,0,0,0,0,0
2026-03-15,листовой объект,объект Мю ДУ,5675,8842,8707,32,29,4,2,0,0
2026-03-15,листовой объект,объект Мю ОС,5676,63,0,31,0,1,1,0,0
2026-03-15,листовой объект,объект Мю ПС,5677,912,0,456,0,0,0,0,0
2026-03-15,листовой объект,объект Гамма ОС,5961,1,0,1,0,0,0,0,0
2026-03-15,листовой объект,объект Гамма ДУ,5963,1161,42,27,21,2,1,0,0
2026-03-16,коллектор,объект Альфа,5,78782,75256,112,51,0,0,0,0
2026-03-16,коллектор,объект Бета,6,1600,0,94,0,0,0,0,0
2026-03-16,коллектор,объект Гамма,7,1474,0,87,0,1,1,0,0
2026-03-16,коллектор,Комплекс объект Дельта,8,5506,3017,120,12,0,0,0,0
2026-03-16,коллектор,объект Вита,9,3765,0,84,0,0,0,0,0
2026-03-16,коллектор,объект Эпсилон,11,29691,22711,804,17,0,0,0,0
2026-03-16,коллектор,объект Зита,12,4752,1969,219,28,33,14,0,0
2026-03-16,коллектор,объект Каппа,15,14727,14106,107,22,0,0,0,0
2026-03-16,коллектор,объект Йота,3218,9063,0,78,0,1,1,0,0
2026-03-16,коллектор,объект Тау,3355,6057,0,328,0,11,11,0,0
2026-03-16,коллектор,объект Омикрон,3359,7792,4754,40,9,1,1,0,0
2026-03-16,коллектор,объект Мю,3828,11933,9343,103,25,6,3,0,0
2026-03-16,коллектор,объект Сигма,4068,150,0,6,0,0,0,0,0
2026-03-16,коллектор,ПС объект Ро,4356,859,288,67,4,3,3,0,0
2026-03-16,коллектор,ПС объект Омега,4573,286,160,19,8,0,0,0,0
2026-03-16,коллектор,объект Кси,5327,924,92,61,3,19,19,0,0
2026-03-16,листовой объект,объект Фита,20,790,0,39,0,0,0,0,0
2026-03-16,листовой объект,объект Вита,28,171,0,32,0,0,0,0,0
2026-03-16,листовой объект,объект Каппа ОС,42,278,0,40,0,0,0,0,0
2026-03-16,листовой объект,ДП объект Вита,99,2794,0,14,0,0,0,0,0
2026-03-16,листовой объект,ДП ПС объект Ро,108,18,0,4,0,0,0,0,0
2026-03-16,листовой объект,ДП объект Бета,111,430,0,46,0,0,0,0,0
2026-03-16,листовой объект,объект Бета,165,378,0,8,0,0,0,0,0
2026-03-16,листовой объект,объект Йота,3215,5837,0,57,0,0,0,0,0
2026-03-16,листовой объект,ДП объект Йота,3216,3162,0,6,0,0,0,0,0
2026-03-16,листовой объект,ПС объект Тау,3356,5790,0,248,0,10,10,0,0
2026-03-16,листовой объект,ДУ объект Омикрон,3360,5571,4754,27,9,1,1,0,0
2026-03-16,листовой объект,ДУ объект Тау,3388,175,0,78,0,1,1,0,0
2026-03-16,листовой объект,ДП объект Эпсилон,3902,6018,699,264,4,0,0,0,0
2026-03-16,листовой объект,Шкафы ОС объект Эпсилон,3903,18,0,9,0,0,0,0,0
2026-03-16,листовой объект,объект Эпсилон ОС,3904,23,0,12,0,0,0,0,0
2026-03-16,листовой объект,объект Пси ОС,3905,115,0,24,0,0,0,0,0
2026-03-16,листовой объект,объект Хи,4095,14,0,7,0,0,0,0,0
2026-03-16,листовой объект,ДП объект Сигма,4177,150,0,6,0,0,0,0,0
2026-03-16,листовой объект,ДУ ПС объект Ро,4369,460,288,41,4,3,3,0,0
2026-03-16,листовой объект,объект Ро,4370,381,0,22,0,0,0,0,0
2026-03-16,листовой объект,объект Омикрон,4391,23,0,5,0,0,0,0,0
2026-03-16,листовой объект,ДП объект Омикрон,4392,2198,0,8,0,0,0,0,0
2026-03-16,листовой объект,ДУ объект Хи,4543,22038,22012,18,13,0,0,0,0
2026-03-16,листовой объект,Шкаф ОПС ПС объект Омега,4577,2,0,1,0,0,0,0,0
2026-03-16,листовой объект,ДУ объект Дельта,4610,3165,3017,64,12,0,0,0,0
2026-03-16,листовой объект,Шкаф ОПС объект Бета,4765,2,0,1,0,0,0,0,0
2026-03-16,листовой объект,Шкаф ОПС объект Зита,4770,69,0,3,0,5,1,0,0
2026-03-16,листовой объект,ДУ ПС объект Омега,5003,284,160,18,8,0,0,0,0
2026-03-16,листовой объект,Шкаф ОПС ПС объект Тау,5009,92,0,2,0,0,0,0,0
2026-03-16,листовой объект,ДУ объект Вита,5011,800,0,38,0,0,0,0,0
2026-03-16,листовой объект,объект Дельта,5113,2341,0,56,0,0,0,0,0
2026-03-16,листовой объект,ДУ объект Альфа,5122,76343,75256,76,51,0,0,0,0
2026-03-16,листовой объект,ДП объект Альфа,5123,1161,0,15,0,0,0,0,0
2026-03-16,листовой объект,ДП объект Альфа 2 этаж,5124,395,0,12,0,0,0,0,0
2026-03-16,листовой объект,объект Фита,5129,1295,0,81,0,19,9,0,0
2026-03-16,листовой объект,ДП объект Зита,5132,495,0,45,0,4,2,0,0
2026-03-16,листовой объект,объект Йота ДУ,5218,64,0,15,0,1,1,0,0
2026-03-16,листовой объект,объект Кси ПК0-ПК202,5332,5,0,2,0,0,0,0,0
2026-03-16,листовой объект,ДУ объект Кси,5333,274,92,48,3,19,19,0,0
2026-03-16,листовой объект,ДП объект Кси,5336,642,0,9,0,0,0,0,0
2026-03-16,листовой объект,объект Пси,5339,883,0,9,0,0,0,0,0
2026-03-16,листовой объект,объект Кси ПК202-ПК302,5343,3,0,2,0,0,0,0,0
2026-03-16,листовой объект,объект Пси ПС,5537,1052,0,268,0,0,0,0,0
2026-03-16,листовой объект,объект Эпсилон ПС,5539,392,0,196,0,0,0,0,0
2026-03-16,листовой объект,Шкафы ПС объект Эпсилон,5540,21,0,6,0,0,0,0,0
2026-03-16,листовой объект,объект Дзета ДУ,5578,2042,1933,37,26,0,0,0,0
2026-03-16,листовой объект,объект Дзета ОС,5580,49,0,14,0,0,0,0,0
2026-03-16,листовой объект,объект Зита ОС,5582,69,0,8,0,0,0,0,0
2026-03-16,листовой объект,объект Зита ПС,5583,630,0,18,0,0,0,0,0
2026-03-16,листовой объект,объект Зита ДУ,5591,95,36,11,2,5,2,0,0
2026-03-16,листовой объект,объект Зита шкафы,5593,8,0,2,0,0,0,0,0
2026-03-16,листовой объект,объект Каппа ДУ,5657,14449,14106,67,22,0,0,0,0
2026-03-16,листовой объект,объект Мю ДП,5674,1842,0,13,0,0,0,0,0
2026-03-16,листовой объект,объект Мю ДУ,5675,9510,9343,50,25,3,2,0,0
2026-03-16,листовой объект,объект Мю ОС,5676,576,0,39,0,0,0,0,0
2026-03-16,листовой объект,объект Мю ПС,5677,5,0,1,0,3,1,0,0
2026-03-16,листовой объект,объект Гамма ОС,5961,396,0,45,0,0,0,0,0
2026-03-16,листовой объект,объект Гамма ДУ,5963,1078,0,42,0,1,1,0,0
2026-03-17,коллектор,объект Альфа,5,74878,72641,138,54,0,0,0,0
2026-03-17,коллектор,объект Бета,6,4250,0,98,0,0,0,0,0
2026-03-17,коллектор,объект Гамма,7,1729,53,205,26,17,10,0,0
2026-03-17,коллектор,Комплекс объект Дельта,8,4427,2503,134,10,7,7,0,0
2026-03-17,коллектор,объект Вита,9,3531,0,125,0,0,0,0,0
2026-03-17,коллектор,объект Эпсилон,11,29590,23079,125,18,4,3,0,0
2026-03-17,коллектор,объект Зита,12,3443,3057,86,27,0,0,0,0
2026-03-17,коллектор,объект Каппа,15,13261,12863,84,21,1,1,0,0
2026-03-17,коллектор,объект Йота,3218,8019,0,69,0,0,0,0,0
2026-03-17,коллектор,объект Тау,3355,2294,0,252,0,21,15,0,0
2026-03-17,коллектор,объект Омикрон,3359,7236,3812,42,11,1,1,0,0
2026-03-17,коллектор,объект Мю,3828,13272,11770,82,26,5,3,0,0
2026-03-17,коллектор,объект Сигма,4068,3512,0,53,0,0,0,0,0
2026-03-17,коллектор,ПС объект Ро,4356,1441,651,134,4,0,0,0,0
2026-03-17,коллектор,ПС объект Омега,4573,548,208,27,8,0,0,0,0
2026-03-17,коллектор,объект Кси,5327,1107,62,118,3,19,19,0,0
2026-03-17,листовой объект,объект Фита,20,3026,0,45,0,0,0,0,0
2026-03-17,листовой объект,объект Вита,28,426,0,30,0,0,0,0,0
2026-03-17,листовой объект,объект Каппа ОС,42,68,0,19,0,0,0,0,0
2026-03-17,листовой объект,ДП объект Вита,99,2336,0,16,0,0,0,0,0
2026-03-17,листовой объект,ДП ПС объект Ро,108,36,0,3,0,0,0,0,0
2026-03-17,листовой объект,ДП объект Бета,111,486,0,43,0,0,0,0,0
2026-03-17,листовой объект,объект Бета,165,736,0,9,0,0,0,0,0
2026-03-17,листовой объект,объект Йота,3215,4805,0,51,0,0,0,0,0
2026-03-17,листовой объект,ДП объект Йота,3216,3188,0,5,0,0,0,0,0
2026-03-17,листовой объект,ПС объект Тау,3356,1961,0,177,0,0,0,0,0
2026-03-17,листовой объект,ДУ объект Омикрон,3360,4658,3812,29,11,1,1,0,0
2026-03-17,листовой объект,ДУ объект Тау,3388,307,0,72,0,21,15,0,0
2026-03-17,листовой объект,ДП объект Эпсилон,3902,7250,863,91,5,4,3,0,0
2026-03-17,листовой объект,объект Эпсилон ОС,3904,9,0,3,0,0,0,0,0
2026-03-17,листовой объект,объект Пси ОС,3905,95,0,15,0,0,0,0,0
2026-03-17,листовой объект,объект Сигма,4069,318,0,26,0,0,0,0,0
2026-03-17,листовой объект,объект Хи,4095,4,0,2,0,0,0,0,0
2026-03-17,листовой объект,ДП объект Сигма,4177,3174,0,24,0,0,0,0,0
2026-03-17,листовой объект,ДУ ПС объект Ро,4369,789,651,54,4,0,0,0,0
2026-03-17,листовой объект,объект Ро,4370,616,0,77,0,0,0,0,0
2026-03-17,листовой объект,объект Омикрон,4391,8,0,3,0,0,0,0,0
2026-03-17,листовой объект,ДП объект Омикрон,4392,2564,0,9,0,0,0,0,0
2026-03-17,листовой объект,ДУ объект Хи,4543,22232,22216,14,13,0,0,0,0
2026-03-17,листовой объект,ДП ПС объект Омега,4574,186,0,9,0,0,0,0,0
2026-03-17,листовой объект,ДУ объект Дельта,4610,2727,2503,78,10,7,7,0,0
2026-03-17,листовой объект,Шкаф ОПС объект Омикрон,4763,6,0,1,0,0,0,0,0
2026-03-17,листовой объект,Шкаф ОПС объект Бета,4765,2,0,1,0,0,0,0,0
2026-03-17,листовой объект,Шкаф ОПС объект Сигма,4768,20,0,3,0,0,0,0,0
2026-03-17,листовой объект,ДУ ПС объект Омега,5003,362,208,18,8,0,0,0,0
2026-03-17,листовой объект,Шкаф ОПС ПС объект Тау,5009,26,0,3,0,0,0,0,0
2026-03-17,листовой объект,ДУ объект Вита,5011,769,0,79,0,0,0,0,0
2026-03-17,листовой объект,объект Дельта,5113,1700,0,56,0,0,0,0,0
2026-03-17,листовой объект,ДУ объект Альфа,5122,73375,72641,93,54,0,0,0,0
2026-03-17,листовой объект,ДП объект Альфа,5123,1133,0,19,0,0,0,0,0
2026-03-17,листовой объект,ДП объект Альфа 2 этаж,5124,286,0,10,0,0,0,0,0
2026-03-17,листовой объект,объект Фита,5129,18,0,5,0,0,0,0,0
2026-03-17,листовой объект,ДП объект Зита,5132,80,0,9,0,0,0,0,0
2026-03-17,листовой объект,объект Йота ДУ,5218,26,0,13,0,0,0,0,0
2026-03-17,листовой объект,объект Кси ПК0-ПК202,5332,74,0,21,0,0,0,0,0
2026-03-17,листовой объект,ДУ объект Кси,5333,347,62,72,3,19,19,0,0
2026-03-17,листовой объект,ДП объект Кси,5336,502,0,9,0,0,0,0,0
2026-03-17,листовой объект,объект Пси,5339,84,0,16,0,0,0,0,0
2026-03-17,листовой объект,объект Кси ПК202-ПК302,5343,184,0,16,0,0,0,0,0
2026-03-17,листовой объект,объект Каппа ПС,5567,24,0,6,0,1,1,0,0
2026-03-17,листовой объект,объект Дзета ДУ,5578,3054,2936,42,25,0,0,0,0
2026-03-17,листовой объект,объект Дзета ОС,5580,103,0,17,0,0,0,0,0
2026-03-17,листовой объект,объект Зита ОС,5582,60,0,7,0,0,0,0,0
2026-03-17,листовой объект,объект Зита ДУ,5591,128,121,6,2,0,0,0,0
2026-03-17,листовой объект,объект Каппа ДУ,5657,13169,12863,59,21,0,0,0,0
2026-03-17,листовой объект,объект Мю ДП,5674,1286,0,13,0,0,0,0,0
2026-03-17,листовой объект,объект Мю ДУ,5675,11898,11770,39,26,2,1,0,0
2026-03-17,листовой объект,объект Мю ОС,5676,83,0,29,0,1,1,0,0
2026-03-17,листовой объект,объект Мю ПС,5677,5,0,1,0,2,1,0,0
2026-03-17,листовой объект,объект Гамма ОС,5961,498,0,89,0,5,1,0,0
2026-03-17,листовой объект,объект Гамма ПС,5962,76,0,12,0,0,0,0,0
2026-03-17,листовой объект,объект Гамма ДУ,5963,1092,53,81,26,12,9,0,0
2026-03-17,листовой объект,объект Гамма шкафы,5966,63,0,23,0,0,0,0,0
2026-03-18,коллектор,объект Альфа,5,72888,70760,94,49,0,0,0,0
2026-03-18,коллектор,объект Бета,6,3010,0,57,0,0,0,0,0
2026-03-18,коллектор,объект Гамма,7,1359,0,86,0,10,5,0,0
2026-03-18,коллектор,Комплекс объект Дельта,8,7577,3266,159,14,0,0,0,0
2026-03-18,коллектор,объект Вита,9,4222,0,82,0,1,1,0,0
2026-03-18,коллектор,объект Эпсилон,11,27085,23253,53,18,0,0,0,0
2026-03-18,коллектор,объект Зита,12,5569,4769,84,28,0,0,0,0
2026-03-18,коллектор,объект Каппа,15,12857,12215,122,22,0,0,0,0
2026-03-18,коллектор,объект Йота,3218,7904,0,70,0,0,0,0,0
2026-03-18,коллектор,объект Тау,3355,10939,6,750,3,0,0,0,0
2026-03-18,коллектор,объект Омикрон,3359,5625,3312,103,11,8,3,0,0
2026-03-18,коллектор,объект Мю,3828,13688,9901,207,27,11,6,0,0
2026-03-18,коллектор,объект Сигма,4068,873,0,28,0,0,0,0,0
2026-03-18,коллектор,ПС объект Ро,4356,980,624,77,5,0,0,0,0
2026-03-18,коллектор,ПС объект Омега,4573,1909,208,308,8,5,1,0,0
2026-03-18,коллектор,объект Кси,5327,859,72,49,3,0,0,0,0
2026-03-18,листовой объект,объект Фита,20,2112,0,26,0,0,0,0,0
2026-03-18,листовой объект,объект Вита,28,334,0,25,0,0,0,0,0
2026-03-18,листовой объект,объект Каппа ОС,42,325,0,47,0,0,0,0,0
2026-03-18,листовой объект,ДП объект Вита,99,3277,0,15,0,0,0,0,0
2026-03-18,листовой объект,ДП ПС объект Ро,108,48,0,4,0,0,0,0,0
2026-03-18,листовой объект,ДП объект Бета,111,374,0,24,0,0,0,0,0
2026-03-18,листовой объект,объект Бета,165,524,0,7,0,0,0,0,0
2026-03-18,листовой объект,объект Йота,3215,4047,0,54,0,0,0,0,0
2026-03-18,листовой объект,ДП объект Йота,3216,3840,0,4,0,0,0,0,0
2026-03-18,листовой объект,Шкаф ОПС объект Йота,3250,2,0,1,0,0,0,0,0
2026-03-18,листовой объект,ПС объект Тау,3356,10339,0,549,0,0,0,0,0
2026-03-18,листовой объект,ДУ объект Омикрон,3360,4300,3312,45,11,8,3,0,0
2026-03-18,листовой объект,ДУ объект Тау,3388,544,6,198,3,0,0,0,0
2026-03-18,листовой объект,ДП объект Эпсилон,3902,4261,452,34,4,0,0,0,0
2026-03-18,листовой объект,объект Эпсилон ОС,3904,2,0,1,0,0,0,0,0
2026-03-18,листовой объект,объект Пси ОС,3905,5,0,3,0,0,0,0,0
2026-03-18,листовой объект,объект Сигма,4069,74,0,12,0,0,0,0,0
2026-03-18,листовой объект,ДП объект Сигма,4177,799,0,16,0,0,0,0,0
2026-03-18,листовой объект,ДУ ПС объект Ро,4369,744,624,52,5,0,0,0,0
2026-03-18,листовой объект,объект Ро,4370,188,0,21,0,0,0,0,0
2026-03-18,листовой объект,объект Омикрон,4391,261,0,49,0,0,0,0,0
2026-03-18,листовой объект,ДП объект Омикрон,4392,1064,0,9,0,0,0,0,0
2026-03-18,листовой объект,ДУ объект Хи,4543,22817,22801,15,14,0,0,0,0
2026-03-18,листовой объект,ДП ПС объект Омега,4574,728,0,10,0,0,0,0,0
2026-03-18,листовой объект,Шкаф ОПС ПС объект Омега,4577,1,0,1,0,0,0,0,0
2026-03-18,листовой объект,ДУ объект Дельта,4610,3458,3266,84,14,0,0,0,0
2026-03-18,листовой объект,ПС объект Омега,4648,332,0,64,0,0,0,0,0
2026-03-18,листовой объект,ДУ ПС объект Омега,5003,848,208,233,8,5,1,0,0
2026-03-18,листовой объект,Шкаф ОПС ПС объект Тау,5009,56,0,3,0,0,0,0,0
2026-03-18,листовой объект,ДУ объект Вита,5011,611,0,42,0,1,1,0,0
2026-03-18,листовой объект,объект Дельта,5113,4119,0,75,0,0,0,0,0
2026-03-18,листовой объект,ДУ объект Альфа,5122,71353,70760,62,49,0,0,0,0
2026-03-18,листовой объект,ДП объект Альфа,5123,1271,0,23,0,0,0,0,0
2026-03-18,листовой объект,ДП объект Альфа 2 этаж,5124,250,0,6,0,0,0,0,0
2026-03-18,листовой объект,объект Фита,5129,496,0,28,0,0,0,0,0
2026-03-18,листовой объект,ДП объект Зита,5132,42,0,8,0,0,0,0,0
2026-03-18,листовой объект,объект Йота ДУ,5218,15,0,11,0,0,0,0,0
2026-03-18,листовой объект,объект Кси ПК0-ПК202,5332,42,0,10,0,0,0,0,0
2026-03-18,листовой объект,ДУ объект Кси,5333,195,72,24,3,0,0,0,0
2026-03-18,листовой объект,ДП объект Кси,5336,588,0,9,0,0,0,0,0
2026-03-18,листовой объект,объект Пси,5339,14,0,3,0,0,0,0,0
2026-03-18,листовой объект,объект Кси ПК202-ПК302,5343,34,0,6,0,0,0,0,0
2026-03-18,листовой объект,объект Каппа ПС,5567,20,0,5,0,0,0,0,0
2026-03-18,листовой объект,объект Дзета ДУ,5578,4694,4637,28,26,0,0,0,0
2026-03-18,листовой объект,объект Дзета ОС,5580,12,0,3,0,0,0,0,0
2026-03-18,листовой объект,объект Зита ОС,5582,163,0,8,0,0,0,0,0
2026-03-18,листовой объект,объект Зита ПС,5583,8,0,2,0,0,0,0,0
2026-03-18,листовой объект,объект Зита ДУ,5591,141,132,5,2,0,0,0,0
2026-03-18,листовой объект,объект Зита шкафы,5593,13,0,2,0,0,0,0,0
2026-03-18,листовой объект,объект Каппа ДУ,5657,12512,12215,70,22,0,0,0,0
2026-03-18,листовой объект,объект Мю ДП,5674,2276,0,14,0,0,0,0,0
2026-03-18,листовой объект,объект Мю ДУ,5675,10096,9901,64,27,4,2,0,0
2026-03-18,листовой объект,объект Мю ОС,5676,1283,0,117,0,2,1,0,0
2026-03-18,листовой объект,объект Мю ПС,5677,16,0,6,0,5,3,0,0
2026-03-18,листовой объект,объект Мю шкафы,5678,17,0,6,0,0,0,0,0
2026-03-18,листовой объект,объект Гамма ОС,5961,264,0,32,0,0,0,0,0
2026-03-18,листовой объект,объект Гамма ПС,5962,62,0,10,0,0,0,0,0
2026-03-18,листовой объект,объект Гамма ДУ,5963,1021,0,43,0,10,5,0,0
2026-03-18,листовой объект,объект Гамма шкафы,5966,12,0,1,0,0,0,0,0
2026-03-19,коллектор,объект Альфа,5,73675,70718,97,49,0,0,0,0
2026-03-19,коллектор,объект Бета,6,2454,0,59,0,0,0,0,0
2026-03-19,коллектор,объект Гамма,7,1405,39,149,14,3,1,0,0
2026-03-19,коллектор,Комплекс объект Дельта,8,8319,3451,111,11,38,9,0,0
2026-03-19,коллектор,объект Вита,9,4615,0,147,0,12,6,0,0
2026-03-19,коллектор,объект Эпсилон,11,30337,23901,168,19,6,5,0,0
2026-03-19,коллектор,объект Зита,12,4317,4219,40,26,2,2,0,0
2026-03-19,коллектор,объект Каппа,15,13654,13083,97,20,24,10,0,0
2026-03-19,коллектор,объект Йота,3218,7100,0,81,0,0,0,0,0
2026-03-19,коллектор,объект Тау,3355,8169,206,331,8,598,30,0,0
2026-03-19,коллектор,объект Омикрон,3359,7431,4118,69,12,10,2,0,0
2026-03-19,коллектор,объект Мю,3828,19183,15858,157,26,80,38,0,0
2026-03-19,коллектор,объект Сигма,4068,320,0,7,0,0,0,0,0
2026-03-19,коллектор,ПС объект Ро,4356,848,727,18,4,0,0,0,0
2026-03-19,коллектор,ПС объект Омега,4573,1358,144,47,8,10,3,0,0
2026-03-19,коллектор,объект Кси,5327,1132,49,61,3,0,0,0,0
2026-03-19,листовой объект,объект Фита,20,1829,0,27,0,0,0,0,0
2026-03-19,листовой объект,объект Вита,28,297,0,44,0,0,0,0,0
2026-03-19,листовой объект,объект Каппа ОС,42,172,0,24,0,0,0,0,0
2026-03-19,листовой объект,ДП объект Вита,99,3608,0,16,0,0,0,0,0
2026-03-19,листовой объект,ДП ПС объект Ро,108,80,0,4,0,0,0,0,0
2026-03-19,листовой объект,ДП объект Бета,111,272,0,24,0,0,0,0,0
2026-03-19,листовой объект,объект Бета,165,353,0,8,0,0,0,0,0
2026-03-19,листовой объект,объект Йота,3215,4198,0,62,0,0,0,0,0
2026-03-19,листовой объект,ДП объект Йота,3216,2862,0,5,0,0,0,0,0
2026-03-19,листовой объект,Шкаф ОПС объект Йота,3250,2,0,1,0,0,0,0,0
2026-03-19,листовой объект,ПС объект Тау,3356,976,0,116,0,0,0,0,0
2026-03-19,листовой объект,ДУ объект Омикрон,3360,5260,4118,37,12,10,2,0,0
2026-03-19,листовой объект,ДУ объект Тау,3388,7182,206,212,8,598,30,0,0
2026-03-19,листовой объект,ДП объект Эпсилон,3902,6648,429,107,5,4,3,0,0
2026-03-19,листовой объект,объект Эпсилон ОС,3904,30,0,5,0,0,0,0,0
2026-03-19,листовой объект,объект Пси ОС,3905,43,0,10,0,0,0,0,0
2026-03-19,листовой объект,объект Сигма,4069,1,0,1,0,0,0,0,0
2026-03-19,листовой объект,объект Хи,4095,88,0,18,0,0,0,0,0
2026-03-19,листовой объект,ДП объект Сигма,4177,319,0,6,0,0,0,0,0
2026-03-19,листовой объект,ДУ ПС объект Ро,4369,762,727,8,4,0,0,0,0
2026-03-19,листовой объект,объект Ро,4370,6,0,6,0,0,0,0,0
2026-03-19,листовой объект,объект Омикрон,4391,309,0,24,0,0,0,0,0
2026-03-19,листовой объект,ДП объект Омикрон,4392,1862,0,8,0,0,0,0,0
2026-03-19,листовой объект,Шкаф ОПС объект Хи,4541,6,0,2,0,0,0,0,0
2026-03-19,листовой объект,ДУ объект Хи,4543,23513,23472,25,14,2,2,0,0
2026-03-19,листовой объект,ДП ПС объект Омега,4574,916,0,9,0,0,0,0,0
2026-03-19,листовой объект,ДУ объект Дельта,4610,3645,3451,54,11,16,8,0,0
2026-03-19,листовой объект,ПС объект Омега,4648,108,0,7,0,0,0,0,0
2026-03-19,листовой объект,Шкаф ОПС объект Вита,4767,10,0,1,0,0,0,0,0
2026-03-19,листовой объект,Шкаф ОПС объект Зита,4770,2,0,1,0,0,0,0,0
2026-03-19,листовой объект,ДУ ПС объект Омега,5003,334,144,31,8,10,3,0,0
2026-03-19,листовой объект,Шкаф ОПС ПС объект Тау,5009,11,0,3,0,0,0,0,0
2026-03-19,листовой объект,ДУ объект Вита,5011,700,0,86,0,12,6,0,0
2026-03-19,листовой объект,объект Дельта,5113,4674,0,57,0,22,1,0,0
2026-03-19,листовой объект,ДУ объект Альфа,5122,71473,70718,69,49,0,0,0,0
2026-03-19,листовой объект,ДП объект Альфа,5123,1846,0,17,0,0,0,0,0
2026-03-19,листовой объект,ДП объект Альфа 2 этаж,5124,352,0,10,0,0,0,0,0
2026-03-19,листовой объект,объект Фита,5129,3,0,1,0,0,0,0,0
2026-03-19,листовой объект,объект Йота ДУ,5218,38,0,13,0,0,0,0,0
2026-03-19,листовой объект,объект Кси ПК0-ПК202,5332,16,0,5,0,0,0,0,0
2026-03-19,листовой объект,ДУ объект Кси,5333,216,49,35,3,0,0,0,0
2026-03-19,листовой объект,ДП объект Кси,5336,454,0,9,0,0,0,0,0
2026-03-19,листовой объект,объект Пси,5339,4,0,1,0,0,0,0,0
2026-03-19,листовой объект,объект Кси ПК202-ПК302,5343,446,0,12,0,0,0,0,0
2026-03-19,листовой объект,объект Эпсилон ПС,5539,9,0,1,0,0,0,0,0
2026-03-19,листовой объект,объект Дзета ДУ,5578,4168,4108,27,24,2,2,0,0
2026-03-19,листовой объект,объект Дзета ОС,5580,31,0,8,0,0,0,0,0
2026-03-19,листовой объект,объект Зита ОС,5582,2,0,1,0,0,0,0,0
2026-03-19,листовой объект,объект Зита ДУ,5591,111,111,2,2,0,0,0,0
2026-03-19,листовой объект,объект Каппа ДУ,5657,13482,13083,73,20,24,10,0,0
2026-03-19,листовой объект,объект Мю ДП,5674,2516,0,19,0,0,0,0,0
2026-03-19,листовой объект,объект Мю ДУ,5675,16392,15858,96,26,75,34,0,0
2026-03-19,листовой объект,объект Мю ОС,5676,261,0,36,0,0,0,0,0
2026-03-19,листовой объект,объект Мю ПС,5677,14,0,6,0,5,4,0,0
2026-03-19,листовой объект,объект Гамма ОС,5961,304,0,71,0,0,0,0,0
2026-03-19,листовой объект,объект Гамма ПС,5962,40,0,6,0,0,0,0,0
2026-03-19,листовой объект,объект Гамма ДУ,5963,1025,39,56,14,3,1,0,0
2026-03-19,листовой объект,объект Гамма шкафы,5966,36,0,16,0,0,0,0,0
2026-03-20,коллектор,объект Альфа,5,73979,72288,94,50,0,0,0,0
2026-03-20,коллектор,объект Бета,6,2487,0,59,0,0,0,0,0
2026-03-20,коллектор,объект Гамма,7,2041,1,138,1,12,4,0,0
2026-03-20,коллектор,Комплекс объект Дельта,8,7060,4260,161,12,4,1,0,0
2026-03-20,коллектор,объект Вита,9,4619,0,77,0,0,0,0,0
2026-03-20,коллектор,объект Эпсилон,11,29058,23285,155,18,0,0,0,0
2026-03-20,коллектор,объект Зита,12,5187,4503,136,27,0,0,0,0
2026-03-20,коллектор,объект Каппа,15,12116,11182,126,21,3,3,0,0
2026-03-20,коллектор,объект Йота,3218,8396,0,70,0,0,0,0,0
2026-03-20,коллектор,объект Тау,3355,3887,0,331,0,0,0,0,0
2026-03-20,коллектор,объект Омикрон,3359,8841,4940,39,11,0,0,0,0
2026-03-20,коллектор,объект Мю,3828,27454,22692,1293,25,141,35,0,0
2026-03-20,коллектор,объект Сигма,4068,282,0,6,0,0,0,0,0
2026-03-20,коллектор,ПС объект Ро,4356,1447,1202,58,5,0,0,0,0
2026-03-20,коллектор,ПС объект Омега,4573,1136,288,71,8,5,3,0,0
2026-03-20,коллектор,объект Кси,5327,718,55,26,3,0,0,0,0
2026-03-20,листовой объект,объект Фита,20,1813,0,28,0,0,0,0,0
2026-03-20,листовой объект,объект Вита,28,88,0,14,0,0,0,0,0
2026-03-20,листовой объект,объект Каппа ОС,42,646,0,54,0,0,0,0,0
2026-03-20,листовой объект,ДП объект Вита,99,4047,0,15,0,0,0,0,0
2026-03-20,листовой объект,ДП ПС объект Ро,108,68,0,4,0,0,0,0,0
2026-03-20,листовой объект,ДП объект Бета,111,356,0,24,0,0,0,0,0
2026-03-20,листовой объект,объект Бета,165,318,0,7,0,0,0,0,0
2026-03-20,листовой объект,объект Йота,3215,4432,0,52,0,0,0,0,0
2026-03-20,листовой объект,ДП объект Йота,3216,3938,0,5,0,0,0,0,0
2026-03-20,листовой объект,ПС объект Тау,3356,3734,0,268,0,0,0,0,0
2026-03-20,листовой объект,ДУ объект Омикрон,3360,6078,4940,29,11,0,0,0,0
2026-03-20,листовой объект,ДУ объект Тау,3388,132,0,58,0,0,0,0,0
2026-03-20,листовой объект,ДП объект Эпсилон,3902,5952,424,106,5,0,0,0,0
2026-03-20,листовой объект,объект Эпсилон ОС,3904,182,0,14,0,0,0,0,0
2026-03-20,листовой объект,объект Пси ОС,3905,37,0,17,0,0,0,0,0
2026-03-20,листовой объект,объект Хи,4095,12,0,4,0,0,0,0,0
2026-03-20,листовой объект,ДП объект Сигма,4177,282,0,6,0,0,0,0,0
2026-03-20,листовой объект,ДУ ПС объект Ро,4369,1307,1202,42,5,0,0,0,0
2026-03-20,листовой объект,объект Ро,4370,72,0,12,0,0,0,0,0
2026-03-20,листовой объект,объект Омикрон,4391,5,0,2,0,0,0,0,0
2026-03-20,листовой объект,ДП объект Омикрон,4392,2758,0,8,0,0,0,0,0
2026-03-20,листовой объект,ДУ объект Хи,4543,22875,22861,14,13,0,0,0,0
2026-03-20,листовой объект,ДП ПС объект Омега,4574,412,0,8,0,0,0,0,0
2026-03-20,листовой объект,ДУ объект Дельта,4610,4638,4260,100,12,4,1,0,0
2026-03-20,листовой объект,ПС объект Омега,4648,142,0,7,0,0,0,0,0
2026-03-20,листовой объект,Шкаф ОПС объект Вита,4767,2,0,1,0,0,0,0,0
2026-03-20,листовой объект,ДУ ПС объект Омега,5003,582,288,56,8,5,3,0,0
2026-03-20,листовой объект,Шкаф ОПС ПС объект Тау,5009,21,0,5,0,0,0,0,0
2026-03-20,листовой объект,ДУ объект Вита,5011,482,0,47,0,0,0,0,0
2026-03-20,листовой объект,объект Дельта,5113,2422,0,61,0,0,0,0,0
2026-03-20,листовой объект,ДУ объект Альфа,5122,73005,72288,70,50,0,0,0,0
2026-03-20,листовой объект,ДП объект Альфа,5123,758,0,17,0,0,0,0,0
2026-03-20,листовой объект,ДП объект Альфа 2 этаж,5124,212,0,6,0,0,0,0,0
2026-03-20,листовой объект,объект Фита,5129,77,0,21,0,0,0,0,0
2026-03-20,листовой объект,ДП объект Зита,5132,84,0,17,0,0,0,0,0
2026-03-20,листовой объект,объект Йота ДУ,5218,26,0,13,0,0,0,0,0
2026-03-20,листовой объект,объект Кси ПК0-ПК202,5332,12,0,6,0,0,0,0,0
2026-03-20,листовой объект,ДУ объект Кси,5333,176,55,8,3,0,0,0,0
2026-03-20,листовой объект,ДП объект Кси,5336,522,0,9,0,0,0,0,0
2026-03-20,листовой объект,объект Пси,5339,4,0,1,0,0,0,0,0
2026-03-20,листовой объект,объект Кси ПК202-ПК302,5343,8,0,3,0,0,0,0,0
2026-03-20,листовой объект,объект Каппа ПС,5567,1,0,1,0,1,1,0,0
2026-03-20,листовой объект,объект Дзета ДУ,5578,4530,4431,51,26,0,0,0,0
2026-03-20,листовой объект,объект Дзета ОС,5580,414,0,41,0,0,0,0,0
2026-03-20,листовой объект,объект Зита ОС,5582,9,0,4,0,0,0,0,0
2026-03-20,листовой объект,объект Зита ДУ,5591,73,72,2,1,0,0,0,0
2026-03-20,листовой объект,объект Каппа ДУ,5657,11469,11182,71,21,2,2,0,0
2026-03-20,листовой объект,объект Мю ДП,5674,1416,0,68,0,0,0,0,0
2026-03-20,листовой объект,объект Мю ДУ,5675,23588,22692,95,25,140,34,0,0
2026-03-20,листовой объект,объект Мю ОС,5676,465,0,143,0,0,0,0,0
2026-03-20,листовой объект,объект Мю ПС,5677,1960,0,975,0,1,1,0,0
2026-03-20,листовой объект,объект Мю шкафы,5678,25,0,12,0,0,0,0,0
2026-03-20,листовой объект,объект Гамма ОС,5961,186,0,28,0,0,0,0,0
2026-03-20,листовой объект,объект Гамма ПС,5962,842,0,66,0,12,4,0,0
2026-03-20,листовой объект,объект Гамма ДУ,5963,1013,1,44,1,0,0,0,0
2026-03-21,коллектор,объект Альфа,5,74075,72873,71,50,0,0,0,0
2026-03-21,коллектор,объект Бета,6,4,0,3,0,0,0,0,0
2026-03-21,коллектор,объект Гамма,7,1373,0,79,0,12,7,0,0
2026-03-21,коллектор,Комплекс объект Дельта,8,3243,3121,35,13,0,0,0,0
2026-03-21,коллектор,объект Вита,9,1354,0,17,0,0,0,0,0
2026-03-21,коллектор,объект Эпсилон,11,25384,23744,41,18,0,0,0,0
2026-03-21,коллектор,объект Зита,12,4915,4810,42,27,0,0,0,0
2026-03-21,коллектор,объект Каппа,15,9182,9005,34,21,3,2,0,0
2026-03-21,коллектор,объект Йота,3218,11893,0,126,0,0,0,0,0
2026-03-21,коллектор,объект Тау,3355,770,0,22,0,0,0,0,0
2026-03-21,коллектор,объект Омикрон,3359,6619,4055,21,8,0,0,0,0
2026-03-21,коллектор,объект Мю,3828,22420,22255,51,27,8,5,0,0
2026-03-21,коллектор,объект Сигма,4068,324,0,8,0,0,0,0,0
2026-03-21,коллектор,ПС объект Ро,4356,737,696,9,3,0,0,0,0
2026-03-21,коллектор,ПС объект Омега,4573,262,144,20,8,0,0,0,0
2026-03-21,коллектор,объект Кси,5327,352,53,49,3,12,11,0,0
2026-03-21,листовой объект,объект Фита,20,4,0,3,0,0,0,0,0
2026-03-21,листовой объект,объект Вита,28,8,0,2,0,0,0,0,0
2026-03-21,листовой объект,объект Каппа ОС,42,14,0,6,0,0,0,0,0
2026-03-21,листовой объект,ДП объект Вита,99,1032,0,8,0,0,0,0,0
2026-03-21,листовой объект,объект Йота,3215,6057,0,92,0,0,0,0,0
2026-03-21,листовой объект,ДП объект Йота,3216,5774,0,7,0,0,0,0,0
2026-03-21,листовой объект,Шкаф ОПС объект Йота,3250,2,0,1,0,0,0,0,0
2026-03-21,листовой объект,ПС объект Тау,3356,740,0,14,0,0,0,0,0
2026-03-21,листовой объект,ДУ объект Омикрон,3360,5148,4055,14,8,0,0,0,0
2026-03-21,листовой объект,ДУ объект Тау,3388,30,0,8,0,0,0,0,0
2026-03-21,листовой объект,ДП объект Эпсилон,3902,2148,528,22,5,0,0,0,0
2026-03-21,листовой объект,объект Эпсилон ОС,3904,3,0,2,0,0,0,0,0
2026-03-21,листовой объект,объект Пси ОС,3905,5,0,3,0,0,0,0,0
2026-03-21,листовой объект,объект Сигма,4069,1,0,1,0,0,0,0,0
2026-03-21,листовой объект,ДП объект Сигма,4177,323,0,7,0,0,0,0,0
2026-03-21,листовой объект,ДУ ПС объект Ро,4369,730,696,7,3,0,0,0,0
2026-03-21,листовой объект,объект Ро,4370,1,0,1,0,0,0,0,0
2026-03-21,листовой объект,объект Омикрон,4391,3,0,1,0,0,0,0,0
2026-03-21,листовой объект,ДП объект Омикрон,4392,1468,0,6,0,0,0,0,0
2026-03-21,листовой объект,ДУ объект Хи,4543,23228,23216,14,13,0,0,0,0
2026-03-21,листовой объект,Шкаф ОПС ПС объект Ро,4569,6,0,1,0,0,0,0,0
2026-03-21,листовой объект,ДУ объект Дельта,4610,3202,3121,24,13,0,0,0,0
2026-03-21,листовой объект,ДУ ПС объект Омега,5003,262,144,20,8,0,0,0,0
2026-03-21,листовой объект,ДУ объект Вита,5011,314,0,7,0,0,0,0,0
2026-03-21,листовой объект,объект Дельта,5113,41,0,11,0,0,0,0,0
2026-03-21,листовой объект,ДУ объект Альфа,5122,73360,72873,57,50,0,0,0,0
2026-03-21,листовой объект,ДП объект Альфа,5123,711,0,12,0,0,0,0,0
2026-03-21,листовой объект,ДП объект Альфа 2 этаж,5124,2,0,1,0,0,0,0,0
2026-03-21,листовой объект,объект Фита,5129,1,0,1,0,0,0,0,0
2026-03-21,листовой объект,ДП объект Зита,5132,52,0,3,0,0,0,0,0
2026-03-21,листовой объект,объект Йота ДУ,5218,60,0,26,0,0,0,0,0
2026-03-21,листовой объект,объект Кси ПК0-ПК202,5332,23,0,6,0,0,0,0,0
2026-03-21,листовой объект,ДУ объект Кси,5333,260,53,32,3,12,11,0,0
2026-03-21,листовой объект,ДП объект Кси,5336,60,0,8,0,0,0,0,0
2026-03-21,листовой объект,объект Пси,5339,2,0,1,0,0,0,0,0
2026-03-21,листовой объект,объект Кси ПК202-ПК302,5343,9,0,3,0,0,0,0,0
2026-03-21,листовой объект,объект Каппа ПС,5567,7,0,2,0,3,2,0,0
2026-03-21,листовой объект,объект Дзета ДУ,5578,4787,4762,29,26,0,0,0,0
2026-03-21,листовой объект,объект Дзета ОС,5580,27,0,8,0,0,0,0,0
2026-03-21,листовой объект,объект Зита ДУ,5591,48,48,1,1,0,0,0,0
2026-03-21,листовой объект,объект Каппа ДУ,5657,9161,9005,26,21,0,0,0,0
2026-03-21,листовой объект,объект Мю ДУ,5675,22366,22255,31,27,5,3,0,0
2026-03-21,листовой объект,объект Мю ОС,5676,48,0,18,0,0,0,0,0
2026-03-21,листовой объект,объект Мю ПС,5677,6,0,2,0,3,2,0,0
2026-03-21,листовой объект,объект Гамма ОС,5961,191,0,15,0,3,1,0,0
2026-03-21,листовой объект,объект Гамма ПС,5962,80,0,19,0,0,0,0,0
2026-03-21,листовой объект,объект Гамма ДУ,5963,1102,0,45,0,9,6,0,0
2026-03-22,коллектор,объект Альфа,5,74027,73009,71,50,0,0,0,0
2026-03-22,коллектор,объект Бета,6,4,0,4,0,0,0,0,0
2026-03-22,коллектор,объект Гамма,7,920,1,56,1,1,1,0,0
2026-03-22,коллектор,Комплекс объект Дельта,8,2759,2600,49,9,0,0,0,0
2026-03-22,коллектор,объект Вита,9,1965,0,18,0,0,0,0,0
2026-03-22,коллектор,объект Эпсилон,11,25712,23813,44,19,1,1,0,0
2026-03-22,коллектор,объект Зита,12,5277,5227,41,29,0,0,0,0
2026-03-22,коллектор,объект Каппа,15,9057,8872,35,21,0,0,0,0
2026-03-22,коллектор,объект Йота,3218,1217,0,35,0,0,0,0,0
2026-03-22,коллектор,объект Тау,3355,726,0,24,0,0,0,0,0
2026-03-22,коллектор,объект Омикрон,3359,6209,4468,34,9,0,0,0,0
2026-03-22,коллектор,объект Мю,3828,22966,22818,51,27,5,3,0,0
2026-03-22,коллектор,объект Сигма,4068,380,0,8,0,0,0,0,0
2026-03-22,коллектор,ПС объект Ро,4356,539,485,13,5,0,0,0,0
2026-03-22,коллектор,ПС объект Омега,4573,855,128,139,8,15,10,0,0
2026-03-22,коллектор,объект Кси,5327,238,80,16,3,0,0,0,0
2026-03-22,листовой объект,объект Фита,20,4,0,4,0,0,0,0,0
2026-03-22,листовой объект,объект Вита,28,5,0,3,0,0,0,0,0
2026-03-22,листовой объект,объект Каппа ОС,42,39,0,10,0,0,0,0,0
2026-03-22,листовой объект,ДП объект Вита,99,1708,0,8,0,0,0,0,0
2026-03-22,листовой объект,ДП ПС объект Ро,108,24,0,2,0,0,0,0,0
2026-03-22,листовой объект,объект Йота,3215,155,0,19,0,0,0,0,0
2026-03-22,листовой объект,ДП объект Йота,3216,1038,0,4,0,0,0,0,0
2026-03-22,листовой объект,Шкаф ОПС объект Йота,3250,2,0,1,0,0,0,0,0
2026-03-22,листовой объект,ПС объект Тау,3356,694,0,15,0,0,0,0,0
2026-03-22,листовой объект,ДУ объект Омикрон,3360,5615,4468,22,9,0,0,0,0
2026-03-22,листовой объект,ДУ объект Тау,3388,32,0,9,0,0,0,0,0
2026-03-22,листовой объект,ДП объект Эпсилон,3902,2703,833,23,6,1,1,0,0
2026-03-22,листовой объект,объект Эпсилон ОС,3904,4,0,1,0,0,0,0,0
2026-03-22,листовой объект,объект Пси ОС,3905,7,0,4,0,0,0,0,0
2026-03-22,листовой объект,объект Хи,4095,6,0,2,0,0,0,0,0
2026-03-22,листовой объект,ДП объект Сигма,4177,380,0,8,0,0,0,0,0
2026-03-22,листовой объект,ДУ ПС объект Ро,4369,511,485,9,5,0,0,0,0
2026-03-22,листовой объект,объект Ро,4370,4,0,2,0,0,0,0,0
2026-03-22,листовой объект,объект Омикрон,4391,22,0,6,0,0,0,0,0
2026-03-22,листовой объект,ДП объект Омикрон,4392,572,0,6,0,0,0,0,0
2026-03-22,листовой объект,ДУ объект Хи,4543,22992,22980,14,13,0,0,0,0
2026-03-22,листовой объект,ДП ПС объект Омега,4574,328,0,8,0,0,0,0,0
2026-03-22,листовой объект,Шкаф ОПС ПС объект Омега,4577,2,0,1,0,0,0,0,0
2026-03-22,листовой объект,ДУ объект Дельта,4610,2715,2600,36,9,0,0,0,0
2026-03-22,листовой объект,ПС объект Омега,4648,113,0,41,0,0,0,0,0
2026-03-22,листовой объект,ДУ ПС объект Омега,5003,412,128,89,8,15,10,0,0
2026-03-22,листовой объект,ДУ объект Вита,5011,252,0,7,0,0,0,0,0
2026-03-22,листовой объект,объект Дельта,5113,44,0,13,0,0,0,0,0
2026-03-22,листовой объект,ДУ объект Альфа,5122,73494,73009,57,50,0,0,0,0
2026-03-22,листовой объект,ДП объект Альфа,5123,528,0,11,0,0,0,0,0
2026-03-22,листовой объект,ДП объект Альфа 2 этаж,5124,5,0,3,0,0,0,0,0
2026-03-22,листовой объект,объект Йота ДУ,5218,22,0,11,0,0,0,0,0
2026-03-22,листовой объект,объект Кси ПК0-ПК202,5332,18,0,6,0,0,0,0,0
2026-03-22,листовой объект,ДУ объект Кси,5333,218,80,9,3,0,0,0,0
2026-03-22,листовой объект,объект Кси ПК202-ПК302,5343,2,0,1,0,0,0,0,0
2026-03-22,листовой объект,объект Дзета ДУ,5578,5149,5129,30,27,0,0,0,0
2026-03-22,листовой объект,объект Дзета ОС,5580,28,0,8,0,0,0,0,0
2026-03-22,листовой объект,объект Зита ОС,5582,2,0,1,0,0,0,0,0
2026-03-22,листовой объект,объект Зита ДУ,5591,98,98,2,2,0,0,0,0
2026-03-22,листовой объект,объект Каппа ДУ,5657,9018,8872,25,21,0,0,0,0
2026-03-22,листовой объект,объект Мю ДУ,5675,22908,22818,30,27,0,0,0,0
2026-03-22,листовой объект,объект Мю ОС,5676,46,0,17,0,0,0,0,0
2026-03-22,листовой объект,объект Мю ПС,5677,10,0,3,0,5,3,0,0
2026-03-22,листовой объект,объект Мю шкафы,5678,2,0,1,0,0,0,0,0
2026-03-22,листовой объект,объект Гамма ОС,5961,51,0,9,0,0,0,0,0
2026-03-22,листовой объект,объект Гамма ПС,5962,22,0,7,0,0,0,0,0
2026-03-22,листовой объект,объект Гамма ДУ,5963,847,1,40,1,1,1,0,0
2026-03-23,коллектор,объект Альфа,5,76045,73536,113,50,2,2,0,0
2026-03-23,коллектор,объект Бета,6,1847,0,72,0,0,0,0,0
2026-03-23,коллектор,объект Гамма,7,964,2,63,1,2,2,0,0
2026-03-23,коллектор,Комплекс объект Дельта,8,3341,2819,177,12,0,0,0,0
2026-03-23,коллектор,объект Вита,9,3999,0,103,0,0,0,0,0
2026-03-23,коллектор,объект Эпсилон,11,30297,24585,157,18,0,0,0,0
2026-03-23,коллектор,объект Зита,12,5113,5073,40,28,0,0,0,0
2026-03-23,коллектор,объект Каппа,15,10268,9005,141,21,0,0,0,0
2026-03-23,коллектор,объект Йота,3218,8449,0,62,0,0,0,0,0
2026-03-23,коллектор,объект Тау,3355,966,0,29,0,0,0,0,0
2026-03-23,коллектор,объект Омикрон,3359,8678,5120,55,10,0,0,0,0
2026-03-23,коллектор,объект Мю,3828,25534,22094,824,27,12,6,0,0
2026-03-23,коллектор,объект Сигма,4068,321,0,7,0,0,0,0,0
2026-03-23,коллектор,ПС объект Ро,4356,933,206,133,35,0,0,0,0
2026-03-23,коллектор,ПС объект Омега,4573,784,192,51,8,5,3,0,0
2026-03-23,коллектор,объект Кси,5327,816,116,98,3,2,1,0,0
2026-03-23,листовой объект,объект Фита,20,956,0,29,0,0,0,0,0
2026-03-23,листовой объект,объект Вита,28,255,0,20,0,0,0,0,0
2026-03-23,листовой объект,объект Каппа ОС,42,955,0,31,0,0,0,0,0
2026-03-23,листовой объект,ДП объект Вита,99,3406,0,17,0,0,0,0,0
2026-03-23,листовой объект,ДП ПС объект Ро,108,136,0,5,0,0,0,0,0
2026-03-23,листовой объект,ДП объект Бета,111,436,0,33,0,0,0,0,0
2026-03-23,листовой объект,объект Бета,165,455,0,10,0,0,0,0,0
2026-03-23,листовой объект,объект Йота,3215,5319,0,44,0,0,0,0,0
2026-03-23,листовой объект,ДП объект Йота,3216,3100,0,5,0,0,0,0,0
2026-03-23,листовой объект,ПС объект Тау,3356,934,0,19,0,0,0,0,0
2026-03-23,листовой объект,ДУ объект Омикрон,3360,6334,5120,31,10,0,0,0,0
2026-03-23,листовой объект,ДУ объект Тау,3388,32,0,10,0,0,0,0,0
2026-03-23,листовой объект,ДП объект Эпсилон,3902,6276,696,110,4,0,0,0,0
2026-03-23,листовой объект,объект Эпсилон ОС,3904,39,0,13,0,0,0,0,0
2026-03-23,листовой объект,объект Пси ОС,3905,76,0,17,0,0,0,0,0
2026-03-23,листовой объект,объект Хи,4095,5,0,2,0,0,0,0,0
2026-03-23,листовой объект,ДП объект Сигма,4177,321,0,7,0,0,0,0,0
2026-03-23,листовой объект,ДУ ПС объект Ро,4369,336,206,90,35,0,0,0,0
2026-03-23,листовой объект,объект Ро,4370,461,0,38,0,0,0,0,0
2026-03-23,листовой объект,объект Омикрон,4391,847,0,16,0,0,0,0,0
2026-03-23,листовой объект,ДП объект Омикрон,4392,1497,0,8,0,0,0,0,0
2026-03-23,листовой объект,ДУ объект Хи,4543,23901,23889,15,14,0,0,0,0
2026-03-23,листовой объект,ДП ПС объект Омега,4574,352,0,9,0,0,0,0,0
2026-03-23,листовой объект,ДУ объект Дельта,4610,3093,2819,110,12,0,0,0,0
2026-03-23,листовой объект,ПС объект Омега,4648,40,0,6,0,0,0,0,0
2026-03-23,листовой объект,ДУ ПС объект Омега,5003,392,192,36,8,5,3,0,0
2026-03-23,листовой объект,ДУ объект Вита,5011,338,0,66,0,0,0,0,0
2026-03-23,листовой объект,объект Дельта,5113,248,0,67,0,0,0,0,0
2026-03-23,листовой объект,ДУ объект Альфа,5122,74267,73536,76,50,0,0,0,0
2026-03-23,листовой объект,ДП объект Альфа,5123,1351,0,20,0,0,0,0,0
2026-03-23,листовой объект,ДП объект Альфа 2 этаж,5124,412,0,12,0,2,2,0,0
2026-03-23,листовой объект,объект Фита,5129,1,0,1,0,0,0,0,0
2026-03-23,листовой объект,объект Йота ДУ,5218,30,0,13,0,0,0,0,0
2026-03-23,листовой объект,объект Кси ПК0-ПК202,5332,66,0,20,0,0,0,0,0
2026-03-23,листовой объект,ДУ объект Кси,5333,384,116,58,3,0,0,0,0
2026-03-23,листовой объект,ДП объект Кси,5336,176,0,8,0,0,0,0,0
2026-03-23,листовой объект,объект Пси,5339,15,0,5,0,0,0,0,0
2026-03-23,листовой объект,объект Кси ПК202-ПК302,5343,190,0,12,0,2,1,0,0
2026-03-23,листовой объект,объект Каппа ПС,5567,2,0,1,0,0,0,0,0
2026-03-23,листовой объект,объект Дзета ДУ,5578,4957,4943,30,27,0,0,0,0
2026-03-23,листовой объект,объект Дзета ОС,5580,20,0,6,0,0,0,0,0
2026-03-23,листовой объект,объект Зита ОС,5582,3,0,1,0,0,0,0,0
2026-03-23,листовой объект,объект Зита ДУ,5591,132,130,2,1,0,0,0,0
2026-03-23,листовой объект,объект Каппа ДУ,5657,9311,9005,109,21,0,0,0,0
2026-03-23,листовой объект,объект Мю ДП,5674,1156,0,13,0,0,0,0,0
2026-03-23,листовой объект,объект Мю ДУ,5675,22282,22094,65,27,7,4,0,0
2026-03-23,листовой объект,объект Мю ОС,5676,707,0,141,0,0,0,0,0
2026-03-23,листовой объект,объект Мю ПС,5677,1372,0,597,0,5,2,0,0
2026-03-23,листовой объект,объект Мю шкафы,5678,17,0,8,0,0,0,0,0
2026-03-23,листовой объект,объект Гамма ОС,5961,82,0,14,0,0,0,0,0
2026-03-23,листовой объект,объект Гамма ПС,5962,36,0,8,0,1,1,0,0
2026-03-23,листовой объект,объект Гамма ДУ,5963,798,2,34,1,1,1,0,0
2026-03-23,листовой объект,объект Гамма шкафы,5966,48,0,7,0,0,0,0,0
2026-03-24,коллектор,объект Альфа,5,75231,73226,92,50,0,0,0,0
2026-03-24,коллектор,объект Бета,6,461,0,65,0,0,0,0,0
2026-03-24,коллектор,объект Гамма,7,1350,0,97,0,4,2,0,0
2026-03-24,коллектор,Комплекс объект Дельта,8,3674,3042,124,13,22,15,0,0
2026-03-24,коллектор,объект Вита,9,3996,0,133,0,0,0,0,0
2026-03-24,коллектор,объект Эпсилон,11,30344,24055,84,19,1,1,0,0
2026-03-24,коллектор,объект Зита,12,4957,4865,44,24,0,0,0,0
2026-03-24,коллектор,объект Каппа,15,9080,8709,91,21,1,1,0,0
2026-03-24,коллектор,объект Йота,3218,13379,0,56,0,0,0,0,0
2026-03-24,коллектор,объект Тау,3355,1498,0,28,0,0,0,0,0
2026-03-24,коллектор,объект Омикрон,3359,9561,5229,63,12,14,10,0,0
2026-03-24,коллектор,объект Мю,3828,27168,22041,659,27,8,4,0,0
2026-03-24,коллектор,объект Сигма,4068,566,0,23,0,0,0,0,0
2026-03-24,коллектор,ПС объект Ро,4356,326,0,56,0,0,0,0,0
2026-03-24,коллектор,ПС объект Омега,4573,459,176,87,8,0,0,0,0
2026-03-24,коллектор,объект Кси,5327,1008,80,92,4,17,16,0,0
2026-03-24,листовой объект,объект Фита,20,53,0,16,0,0,0,0,0
2026-03-24,листовой объект,объект Вита,28,276,0,36,0,0,0,0,0
2026-03-24,листовой объект,объект Каппа ОС,42,141,0,27,0,0,0,0,0
2026-03-24,листовой объект,ДП объект Вита,99,3388,0,17,0,0,0,0,0
2026-03-24,листовой объект,ДП ПС объект Ро,108,128,0,5,0,0,0,0,0
2026-03-24,листовой объект,ДП объект Бета,111,356,0,39,0,0,0,0,0
2026-03-24,листовой объект,объект Бета,165,52,0,10,0,0,0,0,0
2026-03-24,листовой объект,объект Йота,3215,8921,0,38,0,0,0,0,0
2026-03-24,листовой объект,ДП объект Йота,3216,4430,0,6,0,0,0,0,0
2026-03-24,листовой объект,ПС объект Тау,3356,1470,0,20,0,0,0,0,0
2026-03-24,листовой объект,ДУ объект Омикрон,3360,6564,5229,45,12,14,10,0,0
2026-03-24,листовой объект,ДУ объект Тау,3388,28,0,8,0,0,0,0,0
2026-03-24,листовой объект,ДП объект Эпсилон,3902,6835,582,62,5,1,1,0,0
2026-03-24,листовой объект,объект Эпсилон ОС,3904,2,0,1,0,0,0,0,0
2026-03-24,листовой объект,объект Пси ОС,3905,24,0,5,0,0,0,0,0
2026-03-24,листовой объект,объект Сигма,4069,34,0,6,0,0,0,0,0
2026-03-24,листовой объект,объект Хи,4095,2,0,1,0,0,0,0,0
2026-03-24,листовой объект,ДП объект Сигма,4177,532,0,17,0,0,0,0,0
2026-03-24,листовой объект,ДУ ПС объект Ро,4369,136,0,41,0,0,0,0,0
2026-03-24,листовой объект,объект Ро,4370,62,0,10,0,0,0,0,0
2026-03-24,листовой объект,объект Омикрон,4391,1062,0,11,0,0,0,0,0
2026-03-24,листовой объект,ДП объект Омикрон,4392,1935,0,7,0,0,0,0,0
2026-03-24,листовой объект,ДУ объект Хи,4543,23481,23473,15,14,0,0,0,0
2026-03-24,листовой объект,Шкаф ОПС ПС объект Омега,4577,3,0,2,0,0,0,0,0
2026-03-24,листовой объект,ДУ объект Дельта,4610,3428,3042,99,13,22,15,0,0
2026-03-24,листовой объект,ПС объект Омега,4648,58,0,29,0,0,0,0,0
2026-03-24,листовой объект,ДУ ПС объект Омега,5003,398,176,56,8,0,0,0,0
2026-03-24,листовой объект,ДУ объект Вита,5011,332,0,80,0,0,0,0,0
2026-03-24,листовой объект,объект Дельта,5113,237,0,23,0,0,0,0,0
2026-03-24,листовой объект,Шкаф ОПС объект Дельта,5114,9,0,2,0,0,0,0,0
2026-03-24,листовой объект,ДУ объект Альфа,5122,74001,73226,69,50,0,0,0,0
2026-03-24,листовой объект,ДП объект Альфа,5123,810,0,14,0,0,0,0,0
2026-03-24,листовой объект,ДП объект Альфа 2 этаж,5124,412,0,6,0,0,0,0,0
2026-03-24,листовой объект,объект Фита,5129,8,0,5,0,0,0,0,0
2026-03-24,листовой объект,ДП объект Зита,5132,40,0,4,0,0,0,0,0
2026-03-24,листовой объект,объект Йота ДУ,5218,28,0,12,0,0,0,0,0
2026-03-24,листовой объект,объект Кси ПК0-ПК202,5332,48,0,14,0,0,0,0,0
2026-03-24,листовой объект,ДУ объект Кси,5333,374,80,51,4,13,12,0,0
2026-03-24,листовой объект,ДП объект Кси,5336,320,0,10,0,0,0,0,0
2026-03-24,листовой объект,"Шкаф ОПС, ДУ объект Кси",5338,6,0,2,0,0,0,0,0
2026-03-24,листовой объект,объект Пси,5339,6,0,2,0,0,0,0,0
2026-03-24,листовой объект,объект Пси шкаф ОПС,5340,2,0,1,0,0,0,0,0
2026-03-24,листовой объект,объект Кси ПК202-ПК302,5343,260,0,15,0,4,4,0,0
2026-03-24,листовой объект,объект Дзета ДУ,5578,4784,4776,25,23,0,0,0,0
2026-03-24,листовой объект,объект Дзета ОС,5580,31,0,7,0,0,0,0,0
2026-03-24,листовой объект,объект Зита ОС,5582,5,0,2,0,0,0,0,0
2026-03-24,листовой объект,объект Зита ДУ,5591,89,89,1,1,0,0,0,0
2026-03-24,листовой объект,объект Каппа ДУ,5657,8939,8709,64,21,1,1,0,0
2026-03-24,листовой объект,объект Мю ДП,5674,2590,0,68,0,0,0,0,0
2026-03-24,листовой объект,объект Мю ДУ,5675,22199,22041,59,27,3,2,0,0
2026-03-24,листовой объект,объект Мю ОС,5676,646,0,116,0,0,0,0,0
2026-03-24,листовой объект,объект Мю ПС,5677,1717,0,412,0,5,2,0,0
2026-03-24,листовой объект,объект Мю шкафы,5678,16,0,4,0,0,0,0,0
2026-03-24,листовой объект,объект Гамма ОС,5961,390,0,44,0,0,0,0,0
2026-03-24,листовой объект,объект Гамма ПС,5962,68,0,9,0,0,0,0,0
2026-03-24,листовой объект,объект Гамма ДУ,5963,865,0,43,0,4,2,0,0
2026-03-24,листовой объект,объект Гамма шкафы,5966,27,0,1,0,0,0,0,0
2026-03-25,коллектор,объект Альфа,5,75528,73174,128,50,0,0,0,0
2026-03-25,коллектор,объект Бета,6,2093,0,64,0,0,0,0,0
2026-03-25,коллектор,объект Гамма,7,864,0,37,0,3,2,0,0
2026-03-25,коллектор,Комплекс объект Дельта,8,4535,4070,125,14,0,0,0,0
2026-03-25,коллектор,объект Вита,9,3294,0,91,0,0,0,0,0
2026-03-25,коллектор,объект Эпсилон,11,31384,24710,791,17,0,0,0,0
2026-03-25,коллектор,объект Зита,12,5042,4702,128,28,0,0,0,0
2026-03-25,коллектор,объект Каппа,15,9940,8978,167,21,0,0,0,0
2026-03-25,коллектор,объект Йота,3218,9837,0,51,0,0,0,0,0
2026-03-25,коллектор,объект Тау,3355,10979,0,362,0,7,7,0,0
2026-03-25,коллектор,объект Омикрон,3359,9168,5684,56,13,0,0,0,0
2026-03-25,коллектор,объект Мю,3828,22381,21585,124,27,35,33,0,0
2026-03-25,коллектор,объект Сигма,4068,394,4,20,1,8,4,0,0
2026-03-25,коллектор,ПС объект Ро,4356,164,0,14,0,0,0,0,0
2026-03-25,коллектор,ПС объект Омега,4573,298,128,36,8,9,9,0,0
2026-03-25,коллектор,объект Кси,5327,446,91,19,3,0,0,0,0
2026-03-25,листовой объект,объект Фита,20,1303,0,31,0,0,0,0,0
2026-03-25,листовой объект,объект Вита,28,98,0,20,0,0,0,0,0
2026-03-25,листовой объект,объект Каппа ОС,42,648,0,56,0,0,0,0,0
2026-03-25,листовой объект,ДП объект Вита,99,2950,0,16,0,0,0,0,0
2026-03-25,листовой объект,ДП ПС объект Ро,108,132,0,4,0,0,0,0,0
2026-03-25,листовой объект,ДП объект Бета,111,318,0,24,0,0,0,0,0
2026-03-25,листовой объект,объект Бета,165,472,0,9,0,0,0,0,0
2026-03-25,листовой объект,объект Йота,3215,6503,0,34,0,0,0,0,0
2026-03-25,листовой объект,ДП объект Йота,3216,3308,0,6,0,0,0,0,0
2026-03-25,листовой объект,Шкаф ОПС объект Йота,3250,6,0,1,0,0,0,0,0
2026-03-25,листовой объект,ПС объект Тау,3356,10795,0,293,0,1,1,0,0
2026-03-25,листовой объект,ДУ объект Омикрон,3360,6922,5684,35,13,0,0,0,0
2026-03-25,листовой объект,ДУ объект Тау,3388,164,0,65,0,6,6,0,0
2026-03-25,листовой объект,ДП объект Эпсилон,3902,6130,512,268,4,0,0,0,0
2026-03-25,листовой объект,Шкафы ОС объект Эпсилон,3903,18,0,9,0,0,0,0,0
2026-03-25,листовой объект,объект Эпсилон ОС,3904,3,0,2,0,0,0,0,0
2026-03-25,листовой объект,объект Пси ОС,3905,2,0,2,0,0,0,0,0
2026-03-25,листовой объект,объект Хи,4095,62,0,17,0,0,0,0,0
2026-03-25,листовой объект,ДП объект Сигма,4177,394,4,20,1,8,4,0,0
2026-03-25,листовой объект,ДУ ПС объект Ро,4369,18,0,5,0,0,0,0,0
2026-03-25,листовой объект,объект Ро,4370,14,0,5,0,0,0,0,0
2026-03-25,листовой объект,объект Омикрон,4391,704,0,15,0,0,0,0,0
2026-03-25,листовой объект,ДП объект Омикрон,4392,1542,0,6,0,0,0,0,0
2026-03-25,листовой объект,ДУ объект Хи,4543,24228,24198,23,13,0,0,0,0
2026-03-25,листовой объект,ДП ПС объект Омега,4574,26,0,5,0,0,0,0,0
2026-03-25,листовой объект,ДУ объект Дельта,4610,4376,4070,101,14,0,0,0,0
2026-03-25,листовой объект,Шкаф ОПС объект Зита,4770,2,0,1,0,0,0,0,0
2026-03-25,листовой объект,ДУ ПС объект Омега,5003,272,128,31,8,9,9,0,0
2026-03-25,листовой объект,Шкаф ОПС ПС объект Тау,5009,20,0,4,0,0,0,0,0
2026-03-25,листовой объект,ДУ объект Вита,5011,246,0,55,0,0,0,0,0
2026-03-25,листовой объект,объект Дельта,5113,157,0,23,0,0,0,0,0
2026-03-25,листовой объект,Шкаф ОПС объект Дельта,5114,2,0,1,0,0,0,0,0
2026-03-25,листовой объект,ДУ объект Альфа,5122,73965,73174,86,50,0,0,0,0
2026-03-25,листовой объект,ДП объект Альфа,5123,1114,0,15,0,0,0,0,0
2026-03-25,листовой объект,ДП объект Альфа 2 этаж,5124,287,0,6,0,0,0,0,0
2026-03-25,листовой объект,объект Фита,5129,108,0,25,0,0,0,0,0
2026-03-25,листовой объект,ДП объект Зита,5132,70,0,15,0,0,0,0,0
2026-03-25,листовой объект,объект Йота ДУ,5218,20,0,10,0,0,0,0,0
2026-03-25,листовой объект,объект Кси ПК0-ПК202,5332,10,0,4,0,0,0,0,0
2026-03-25,листовой объект,ДУ объект Кси,5333,233,91,8,3,0,0,0,0
2026-03-25,листовой объект,ДП объект Кси,5336,102,0,5,0,0,0,0,0
2026-03-25,листовой объект,объект Пси,5339,162,0,21,0,0,0,0,0
2026-03-25,листовой объект,объект Кси ПК202-ПК302,5343,101,0,2,0,0,0,0,0
2026-03-25,листовой объект,объект Пси ПС,5537,536,0,268,0,0,0,0,0
2026-03-25,листовой объект,объект Эпсилон ПС,5539,392,0,196,0,0,0,0,0
2026-03-25,листовой объект,Шкафы ПС объект Эпсилон,5540,13,0,6,0,0,0,0,0
2026-03-25,листовой объект,объект Дзета ДУ,5578,4689,4629,50,26,0,0,0,0
2026-03-25,листовой объект,объект Дзета ОС,5580,78,0,27,0,0,0,0,0
2026-03-25,листовой объект,объект Зита ОС,5582,10,0,4,0,0,0,0,0
2026-03-25,листовой объект,объект Зита ДУ,5591,73,73,2,2,0,0,0,0
2026-03-25,листовой объект,объект Дзета щит. ПК48 Г1 ПК5,5594,12,0,4,0,0,0,0,0
2026-03-25,листовой объект,объект Каппа ДУ,5657,9292,8978,111,21,0,0,0,0
2026-03-25,листовой объект,объект Мю ДП,5674,444,0,12,0,0,0,0,0
2026-03-25,листовой объект,объект Мю ДУ,5675,21829,21585,80,27,32,31,0,0
2026-03-25,листовой объект,объект Мю ОС,5676,86,0,27,0,0,0,0,0
2026-03-25,листовой объект,объект Мю ПС,5677,6,0,2,0,3,2,0,0
2026-03-25,листовой объект,объект Мю шкафы,5678,16,0,3,0,0,0,0,0
2026-03-25,листовой объект,объект Гамма ОС,5961,22,0,6,0,0,0,0,0
2026-03-25,листовой объект,объект Гамма ПС,5962,10,0,1,0,0,0,0,0
2026-03-25,листовой объект,объект Гамма ДУ,5963,801,0,29,0,3,2,0,0
2026-03-25,листовой объект,объект Гамма шкафы,5966,31,0,1,0,0,0,0,0
2026-03-26,коллектор,объект Альфа,5,76216,74246,97,50,0,0,0,0
2026-03-26,коллектор,объект Бета,6,4557,0,62,0,0,0,0,0
2026-03-26,коллектор,объект Гамма,7,1404,0,109,0,60,8,0,0
2026-03-26,коллектор,Комплекс объект Дельта,8,5699,5319,112,14,19,12,0,0
2026-03-26,коллектор,объект Вита,9,3752,0,75,0,0,0,0,0
2026-03-26,коллектор,объект Эпсилон,11,29422,24309,71,19,11,11,0,0
2026-03-26,коллектор,объект Зита,12,8401,4893,629,33,107,23,0,0
2026-03-26,коллектор,объект Каппа,15,9329,8595,122,19,0,0,0,0
2026-03-26,коллектор,объект Йота,3218,1405,0,16,0,0,0,0,0
2026-03-26,коллектор,объект Тау,3355,4440,0,294,0,0,0,0,0
2026-03-26,коллектор,объект Омикрон,3359,7303,4929,41,11,1,1,0,0
2026-03-26,коллектор,объект Мю,3828,23185,22301,99,27,2,2,0,0
2026-03-26,коллектор,объект Сигма,4068,390,0,9,0,0,0,0,0
2026-03-26,коллектор,ПС объект Ро,4356,376,2,52,1,0,0,0,0
2026-03-26,коллектор,ПС объект Омега,4573,1242,320,139,8,0,0,0,0
2026-03-26,коллектор,объект Кси,5327,514,62,22,3,2,2,0,0
2026-03-26,листовой объект,объект Фита,20,3757,0,25,0,0,0,0,0
2026-03-26,листовой объект,объект Вита,28,77,0,12,0,0,0,0,0
2026-03-26,листовой объект,объект Каппа ОС,42,481,0,25,0,0,0,0,0
2026-03-26,листовой объект,ДП объект Вита,99,3473,0,16,0,0,0,0,0
2026-03-26,листовой объект,ДП ПС объект Ро,108,88,0,5,0,0,0,0,0
2026-03-26,листовой объект,ДП объект Бета,111,362,0,27,0,0,0,0,0
2026-03-26,листовой объект,объект Бета,165,426,0,8,0,0,0,0,0
2026-03-26,листовой объект,объект Йота,3215,39,0,6,0,0,0,0,0
2026-03-26,листовой объект,ДП объект Йота,3216,1354,0,4,0,0,0,0,0
2026-03-26,листовой объект,ПС объект Тау,3356,4250,0,208,0,0,0,0,0
2026-03-26,листовой объект,ДУ объект Омикрон,3360,6132,4929,30,11,1,1,0,0
2026-03-26,листовой объект,ДУ объект Тау,3388,176,0,83,0,0,0,0,0
2026-03-26,листовой объект,ДП объект Эпсилон,3902,5631,535,53,6,11,11,0,0
2026-03-26,листовой объект,объект Эпсилон ОС,3904,2,0,1,0,0,0,0,0
2026-03-26,листовой объект,объект Пси ОС,3905,5,0,2,0,0,0,0,0
2026-03-26,листовой объект,объект Сигма,4069,4,0,2,0,0,0,0,0
2026-03-26,листовой объект,объект Хи,4095,2,0,1,0,0,0,0,0
2026-03-26,листовой объект,ДП объект Сигма,4177,386,0,7,0,0,0,0,0
2026-03-26,листовой объект,ДУ ПС объект Ро,4369,80,2,36,1,0,0,0,0
2026-03-26,листовой объект,объект Ро,4370,208,0,11,0,0,0,0,0
2026-03-26,листовой объект,объект Омикрон,4391,9,0,4,0,0,0,0,0
2026-03-26,листовой объект,ДП объект Омикрон,4392,1162,0,7,0,0,0,0,0
2026-03-26,листовой объект,ДУ объект Хи,4543,23782,23774,14,13,0,0,0,0
2026-03-26,листовой объект,ДП ПС объект Омега,4574,231,0,8,0,0,0,0,0
2026-03-26,листовой объект,ДУ объект Дельта,4610,5614,5319,95,14,19,12,0,0
2026-03-26,листовой объект,ПС объект Омега,4648,327,0,47,0,0,0,0,0
2026-03-26,листовой объект,Шкаф ОПС объект Бета,4765,12,0,2,0,0,0,0,0
2026-03-26,листовой объект,Шкаф ОПС объект Зита,4770,23,0,3,0,2,1,0,0
2026-03-26,листовой объект,ДУ ПС объект Омега,5003,684,320,84,8,0,0,0,0
2026-03-26,листовой объект,Шкаф ОПС ПС объект Тау,5009,14,0,3,0,0,0,0,0
2026-03-26,листовой объект,ДУ объект Вита,5011,202,0,47,0,0,0,0,0
2026-03-26,листовой объект,объект Дельта,5113,85,0,17,0,0,0,0,0
2026-03-26,листовой объект,ДУ объект Альфа,5122,74923,74246,71,50,0,0,0,0
2026-03-26,листовой объект,ДП объект Альфа,5123,908,0,14,0,0,0,0,0
2026-03-26,листовой объект,ДП объект Альфа 2 этаж,5124,379,0,10,0,0,0,0,0
2026-03-26,листовой объект,объект Фита,5129,245,0,46,0,0,0,0,0
2026-03-26,листовой объект,ДП объект Зита,5132,840,14,45,5,41,6,0,0
2026-03-26,листовой объект,объект Йота ДУ,5218,12,0,6,0,0,0,0,0
2026-03-26,листовой объект,объект Кси ПК0-ПК202,5332,5,0,2,0,0,0,0,0
2026-03-26,листовой объект,ДУ объект Кси,5333,196,62,8,3,0,0,0,0
2026-03-26,листовой объект,ДП объект Кси,5336,304,0,7,0,0,0,0,0
2026-03-26,листовой объект,объект Пси,5339,6,0,2,0,0,0,0,0
2026-03-26,листовой объект,объект Кси ПК202-ПК302,5343,9,0,5,0,2,2,0,0
2026-03-26,листовой объект,объект Дзета ДУ,5578,5403,4835,80,27,63,15,0,0
2026-03-26,листовой объект,объект Дзета шкафы,5579,58,0,14,0,0,0,0,0
2026-03-26,листовой объект,объект Дзета ОС,5580,262,0,79,0,0,0,0,0
2026-03-26,листовой объект,объект Дзета ПС,5581,1431,0,340,0,1,1,0,0
2026-03-26,листовой объект,объект Зита ОС,5582,40,0,6,0,0,0,0,0
2026-03-26,листовой объект,объект Зита ПС,5583,8,0,2,0,0,0,0,0
2026-03-26,листовой объект,объект Зита ДУ,5591,56,44,4,1,0,0,0,0
2026-03-26,листовой объект,объект Зита шкафы,5593,13,0,2,0,0,0,0,0
2026-03-26,листовой объект,объект Дзета щит. ПК48 Г1 ПК5,5594,22,0,8,0,0,0,0,0
2026-03-26,листовой объект,объект Каппа ДУ,5657,8848,8595,97,19,0,0,0,0
2026-03-26,листовой объект,объект Мю ДП,5674,634,0,11,0,0,0,0,0
2026-03-26,листовой объект,объект Мю ДУ,5675,22410,22301,45,27,1,1,0,0
2026-03-26,листовой объект,объект Мю ОС,5676,139,0,42,0,0,0,0,0
2026-03-26,листовой объект,объект Мю ПС,5677,2,0,1,0,1,1,0,0
2026-03-26,листовой объект,объект Гамма ОС,5961,198,0,39,0,0,0,0,0
2026-03-26,листовой объект,объект Гамма ПС,5962,264,0,15,0,48,3,0,0
2026-03-26,листовой объект,объект Гамма ДУ,5963,912,0,54,0,12,5,0,0
2026-03-26,листовой объект,объект Гамма шкафы,5966,30,0,1,0,0,0,0,0
2026-03-27,коллектор,объект Альфа,5,75940,73274,101,50,0,0,0,0
2026-03-27,коллектор,объект Бета,6,3379,0,67,0,0,0,0,0
2026-03-27,коллектор,объект Гамма,7,2346,0,162,0,21,4,0,0
2026-03-27,коллектор,Комплекс объект Дельта,8,4621,4151,117,14,52,25,0,0
2026-03-27,коллектор,объект Вита,9,4303,0,90,0,1,1,0,0
2026-03-27,коллектор,объект Эпсилон,11,29470,25624,73,21,0,0,0,0
2026-03-27,коллектор,объект Зита,12,4946,4754,58,26,11,3,0,0
2026-03-27,коллектор,объект Каппа,15,9411,8563,127,21,0,0,0,0
2026-03-27,коллектор,объект Йота,3218,10766,0,70,0,3,1,0,0
2026-03-27,коллектор,объект Тау,3355,1282,0,56,0,0,0,0,0
2026-03-27,коллектор,объект Омикрон,3359,7345,4928,92,13,0,0,0,0
2026-03-27,коллектор,объект Мю,3828,26230,22988,1210,26,9,4,0,0
2026-03-27,коллектор,объект Сигма,4068,325,0,2,0,0,0,0,0
2026-03-27,коллектор,ПС объект Ро,4356,3309,2852,174,35,32,24,32,24
2026-03-27,коллектор,ПС объект Омега,4573,1678,112,378,8,59,7,0,0
2026-03-27,коллектор,объект Кси,5327,557,69,19,3,0,0,0,0
2026-03-27,листовой объект,объект Фита,20,2543,0,28,0,0,0,0,0
2026-03-27,листовой объект,объект Вита,28,366,0,17,0,0,0,0,0
2026-03-27,листовой объект,объект Каппа ОС,42,614,0,31,0,0,0,0,0
2026-03-27,листовой объект,ДП объект Вита,99,3728,0,18,0,0,0,0,0
2026-03-27,листовой объект,ДП ПС объект Ро,108,133,0,6,0,0,0,0,0
2026-03-27,листовой объект,ДП объект Бета,111,450,0,30,0,0,0,0,0
2026-03-27,листовой объект,объект Бета,165,386,0,9,0,0,0,0,0
2026-03-27,листовой объект,объект Йота,3215,6380,0,48,0,0,0,0,0
2026-03-27,листовой объект,ДП объект Йота,3216,4324,0,5,0,0,0,0,0
2026-03-27,листовой объект,ПС объект Тау,3356,1174,0,12,0,0,0,0,0
2026-03-27,листовой объект,ДУ объект Омикрон,3360,6131,4928,45,13,0,0,0,0
2026-03-27,листовой объект,ДУ объект Тау,3388,88,0,40,0,0,0,0,0
2026-03-27,листовой объект,ДП объект Эпсилон,3902,4441,615,51,8,0,0,0,0
2026-03-27,листовой объект,Шкафы ОС объект Эпсилон,3903,2,0,1,0,0,0,0,0
2026-03-27,листовой объект,объект Эпсилон ОС,3904,3,0,2,0,0,0,0,0
2026-03-27,листовой объект,объект Пси ОС,3905,5,0,4,0,0,0,0,0
2026-03-27,листовой объект,объект Сигма,4069,1,0,1,0,0,0,0,0
2026-03-27,листовой объект,объект Хи,4095,2,0,1,0,0,0,0,0
2026-03-27,листовой объект,ДП объект Сигма,4177,324,0,1,0,0,0,0,0
2026-03-27,листовой объект,ДУ ПС объект Ро,4369,3066,2852,137,35,32,24,32,24
2026-03-27,листовой объект,объект Ро,4370,108,0,30,0,0,0,0,0
2026-03-27,листовой объект,объект Омикрон,4391,154,0,41,0,0,0,0,0
2026-03-27,листовой объект,ДП объект Омикрон,4392,1060,0,6,0,0,0,0,0
2026-03-27,листовой объект,ДУ объект Хи,4543,25017,25009,14,13,0,0,0,0
2026-03-27,листовой объект,Шкаф ОПС ПС объект Ро,4569,2,0,1,0,0,0,0,0
2026-03-27,листовой объект,ДП ПС объект Омега,4574,409,0,7,0,0,0,0,0
2026-03-27,листовой объект,Шкаф ОПС ПС объект Омега,4577,9,0,4,0,0,0,0,0
2026-03-27,листовой объект,ДУ объект Дельта,4610,4577,4151,100,14,52,25,0,0
2026-03-27,листовой объект,ПС объект Омега,4648,536,0,213,0,3,3,0,0
2026-03-27,листовой объект,Шкаф ОПС объект Вита,4767,3,0,1,0,1,1,0,0
2026-03-27,листовой объект,Шкаф ОПС объект Зита,4770,2,0,1,0,0,0,0,0
2026-03-27,листовой объект,ДУ ПС объект Омега,5003,724,112,154,8,56,4,0,0
2026-03-27,листовой объект,Шкаф ОПС ПС объект Тау,5009,20,0,4,0,0,0,0,0
2026-03-27,листовой объект,ДУ объект Вита,5011,206,0,54,0,0,0,0,0
2026-03-27,листовой объект,объект Дельта,5113,40,0,16,0,0,0,0,0
2026-03-27,листовой объект,Шкаф ОПС объект Дельта,5114,4,0,1,0,0,0,0,0
2026-03-27,листовой объект,ДУ объект Альфа,5122,73895,73274,73,50,0,0,0,0
2026-03-27,листовой объект,ДП объект Альфа,5123,1638,0,15,0,0,0,0,0
2026-03-27,листовой объект,ДП объект Альфа 2 этаж,5124,399,0,10,0,0,0,0,0
2026-03-27,листовой объект,объект Фита,5129,2,0,2,0,0,0,0,0
2026-03-27,листовой объект,ДП объект Зита,5132,22,0,1,0,0,0,0,0
2026-03-27,листовой объект,объект Йота ДУ,5218,62,0,17,0,3,1,0,0
2026-03-27,листовой объект,объект Кси ПК0-ПК202,5332,8,0,3,0,0,0,0,0
2026-03-27,листовой объект,ДУ объект Кси,5333,203,69,8,3,0,0,0,0
2026-03-27,листовой объект,ДП объект Кси,5336,344,0,7,0,0,0,0,0
2026-03-27,листовой объект,объект Пси,5339,6,0,2,0,0,0,0,0
2026-03-27,листовой объект,объект Пси шкаф ОПС,5340,2,0,1,0,0,0,0,0
2026-03-27,листовой объект,объект Кси ПК202-ПК302,5343,2,0,1,0,0,0,0,0
2026-03-27,листовой объект,объект Дзета ДУ,5578,4727,4639,39,25,11,3,0,0
2026-03-27,листовой объект,объект Дзета ОС,5580,36,0,11,0,0,0,0,0
2026-03-27,листовой объект,объект Зита ДУ,5591,115,115,1,1,0,0,0,0
2026-03-27,листовой объект,объект Дзета щит. ПК48 Г1 ПК5,5594,42,0,3,0,0,0,0,0
2026-03-27,листовой объект,объект Каппа ДУ,5657,8797,8563,96,21,0,0,0,0
2026-03-27,листовой объект,объект Мю ДП,5674,630,0,68,0,0,0,0,0
2026-03-27,листовой объект,объект Мю ДУ,5675,23119,22988,51,26,5,2,0,0
2026-03-27,листовой объект,объект Мю ОС,5676,502,0,106,0,0,0,0,0
2026-03-27,листовой объект,объект Мю ПС,5677,1962,0,977,0,4,2,0,0
2026-03-27,листовой объект,объект Мю шкафы,5678,17,0,8,0,0,0,0,0
2026-03-27,листовой объект,объект Гамма ОС,5961,674,0,40,0,0,0,0,0
2026-03-27,листовой объект,объект Гамма ПС,5962,479,0,70,0,0,0,0,0
2026-03-27,листовой объект,объект Гамма ДУ,5963,1167,0,51,0,21,4,0,0
2026-03-27,листовой объект,объект Гамма шкафы,5966,26,0,1,0,0,0,0,0
2026-03-28,коллектор,объект Альфа,5,75304,74138,68,50,0,0,0,0
2026-03-28,коллектор,объект Бета,6,14,0,14,0,0,0,0,0
2026-03-28,коллектор,объект Гамма,7,1910,0,94,0,9,8,0,0
2026-03-28,коллектор,Комплекс объект Дельта,8,4169,3971,49,15,23,20,0,0
2026-03-28,коллектор,объект Вита,9,915,0,16,0,0,0,0,0
2026-03-28,коллектор,объект Эпсилон,11,28144,26440,42,19,0,0,0,0
2026-03-28,коллектор,объект Зита,12,5550,5446,41,25,0,0,0,0
2026-03-28,коллектор,объект Каппа,15,8829,8729,32,21,0,0,0,0
2026-03-28,коллектор,объект Йота,3218,7271,0,47,0,0,0,0,0
2026-03-28,коллектор,объект Тау,3355,2872,0,70,0,11,11,0,0
2026-03-28,коллектор,объект Омикрон,3359,7317,4596,44,9,1,1,0,0
2026-03-28,коллектор,объект Мю,3828,22444,21746,59,28,3,3,0,0
2026-03-28,коллектор,объект Сигма,4068,380,0,5,0,0,0,0,0
2026-03-28,коллектор,ПС объект Ро,4356,5868,5794,44,25,1,1,0,0
2026-03-28,коллектор,ПС объект Омега,4573,806,416,35,8,6,5,0,0
2026-03-28,коллектор,объект Кси,5327,197,53,18,3,3,3,0,0
2026-03-28,листовой объект,объект Фита,20,12,0,12,0,0,0,0,0
2026-03-28,листовой объект,объект Вита,28,3,0,2,0,0,0,0,0
2026-03-28,листовой объект,объект Каппа ОС,42,20,0,7,0,0,0,0,0
2026-03-28,листовой объект,ДП объект Вита,99,820,0,7,0,0,0,0,0
2026-03-28,листовой объект,ДП ПС объект Ро,108,32,0,3,0,0,0,0,0
2026-03-28,листовой объект,объект Бета,165,2,0,2,0,0,0,0,0
2026-03-28,листовой объект,объект Йота,3215,3737,0,27,0,0,0,0,0
2026-03-28,листовой объект,ДП объект Йота,3216,3498,0,6,0,0,0,0,0
2026-03-28,листовой объект,ПС объект Тау,3356,2731,0,19,0,2,2,0,0
2026-03-28,листовой объект,ДУ объект Омикрон,3360,5734,4596,25,9,1,1,0,0
2026-03-28,листовой объект,ДУ объект Тау,3388,135,0,50,0,9,9,0,0
2026-03-28,листовой объект,ДП объект Эпсилон,3902,2999,1307,25,7,0,0,0,0
2026-03-28,листовой объект,объект Эпсилон ОС,3904,2,0,2,0,0,0,0,0
2026-03-28,листовой объект,объект Пси ОС,3905,1,0,1,0,0,0,0,0
2026-03-28,листовой объект,объект Хи,4095,1,0,1,0,0,0,0,0
2026-03-28,листовой объект,ДП объект Сигма,4177,380,0,5,0,0,0,0,0
2026-03-28,листовой объект,ДУ ПС объект Ро,4369,5822,5794,35,25,1,1,0,0
2026-03-28,листовой объект,объект Ро,4370,4,0,4,0,0,0,0,0
2026-03-28,листовой объект,объект Омикрон,4391,75,0,12,0,0,0,0,0
2026-03-28,листовой объект,ДП объект Омикрон,4392,1504,0,6,0,0,0,0,0
2026-03-28,листовой объект,ДУ объект Хи,4543,25141,25133,13,12,0,0,0,0
2026-03-28,листовой объект,Шкаф ОПС ПС объект Ро,4569,10,0,2,0,0,0,0,0
2026-03-28,листовой объект,Шкаф ОПС ПС объект Омега,4577,4,0,1,0,0,0,0,0
2026-03-28,листовой объект,ДУ объект Дельта,4610,4142,3971,37,15,23,20,0,0
2026-03-28,листовой объект,ПС объект Омега,4648,66,0,5,0,0,0,0,0
2026-03-28,листовой объект,Шкаф ОПС объект Омикрон,4763,4,0,1,0,0,0,0,0
2026-03-28,листовой объект,ДУ ПС объект Омега,5003,736,416,29,8,6,5,0,0
2026-03-28,листовой объект,Шкаф ОПС ПС объект Тау,5009,6,0,1,0,0,0,0,0
2026-03-28,листовой объект,ДУ объект Вита,5011,92,0,7,0,0,0,0,0
2026-03-28,листовой объект,объект Дельта,5113,23,0,11,0,0,0,0,0
2026-03-28,листовой объект,Шкаф ОПС объект Дельта,5114,4,0,1,0,0,0,0,0
2026-03-28,листовой объект,ДУ объект Альфа,5122,74825,74138,57,50,0,0,0,0
2026-03-28,листовой объект,ДП объект Альфа,5123,478,0,10,0,0,0,0,0
2026-03-28,листовой объект,ДП объект Альфа 2 этаж,5124,1,0,1,0,0,0,0,0
2026-03-28,листовой объект,объект Фита,5129,5,0,4,0,0,0,0,0
2026-03-28,листовой объект,ДП объект Зита,5132,81,0,4,0,0,0,0,0
2026-03-28,листовой объект,объект Йота ДУ,5218,36,0,14,0,0,0,0,0
2026-03-28,листовой объект,объект Кси ПК0-ПК202,5332,8,0,5,0,0,0,0,0
2026-03-28,листовой объект,ДУ объект Кси,5333,185,53,9,3,3,3,0,0
2026-03-28,листовой объект,объект Кси ПК202-ПК302,5343,4,0,4,0,0,0,0,0
2026-03-28,листовой объект,объект Дзета ДУ,5578,5407,5403,25,24,0,0,0,0
2026-03-28,листовой объект,объект Дзета ОС,5580,14,0,7,0,0,0,0,0
2026-03-28,листовой объект,объект Зита ДУ,5591,43,43,1,1,0,0,0,0
2026-03-28,листовой объект,объект Каппа ДУ,5657,8809,8729,25,21,0,0,0,0
2026-03-28,листовой объект,объект Мю ДП,5674,592,0,7,0,0,0,0,0
2026-03-28,листовой объект,объект Мю ДУ,5675,21809,21746,32,28,2,2,0,0
2026-03-28,листовой объект,объект Мю ОС,5676,39,0,18,0,0,0,0,0
2026-03-28,листовой объект,объект Мю ПС,5677,2,0,1,0,1,1,0,0
2026-03-28,листовой объект,объект Мю шкафы,5678,2,0,1,0,0,0,0,0
2026-03-28,листовой объект,объект Гамма ОС,5961,405,0,27,0,0,0,0,0
2026-03-28,листовой объект,объект Гамма ПС,5962,167,0,24,0,4,4,0,0
2026-03-28,листовой объект,объект Гамма ДУ,5963,1302,0,42,0,5,4,0,0
2026-03-28,листовой объект,объект Гамма шкафы,5966,36,0,1,0,0,0,0,0
2026-03-29,коллектор,объект Альфа,5,77193,76142,77,50,3,3,0,0
2026-03-29,коллектор,объект Бета,6,23,0,23,0,0,0,0,0
2026-03-29,коллектор,объект Гамма,7,1386,0,103,0,5,1,0,0
2026-03-29,коллектор,Комплекс объект Дельта,8,5652,5158,76,14,80,28,0,0
2026-03-29,коллектор,объект Вита,9,1059,0,28,0,5,2,0,0
2026-03-29,коллектор,объект Эпсилон,11,28100,25646,68,21,16,10,0,0
2026-03-29,коллектор,объект Зита,12,5230,5144,39,27,0,0,0,0
2026-03-29,коллектор,объект Каппа,15,8746,8533,60,21,20,10,0,0
2026-03-29,коллектор,объект Йота,3218,688,0,25,0,0,0,0,0
2026-03-29,коллектор,объект Тау,3355,2629,0,57,0,9,9,0,0
2026-03-29,коллектор,объект Омикрон,3359,7572,5341,31,10,0,0,0,0
2026-03-29,коллектор,объект Мю,3828,25201,23843,58,27,4,2,0,0
2026-03-29,коллектор,объект Сигма,4068,408,0,7,0,0,0,0,0
2026-03-29,коллектор,ПС объект Ро,4356,5430,5346,40,26,3,3,0,0
2026-03-29,коллектор,ПС объект Омега,4573,324,176,25,8,0,0,0,0
2026-03-29,коллектор,объект Кси,5327,341,75,51,4,20,13,0,0
2026-03-29,листовой объект,объект Фита,20,20,0,20,0,0,0,0,0
2026-03-29,листовой объект,объект Вита,28,8,0,6,0,0,0,0,0
2026-03-29,листовой объект,объект Каппа ОС,42,44,0,14,0,0,0,0,0
2026-03-29,листовой объект,ДП объект Вита,99,927,0,10,0,0,0,0,0
2026-03-29,листовой объект,ДП ПС объект Ро,108,44,0,3,0,0,0,0,0
2026-03-29,листовой объект,объект Бета,165,3,0,3,0,0,0,0,0
2026-03-29,листовой объект,объект Йота,3215,96,0,15,0,0,0,0,0
2026-03-29,листовой объект,ДП объект Йота,3216,582,0,5,0,0,0,0,0
2026-03-29,листовой объект,Шкаф ОПС объект Йота,3250,2,0,1,0,0,0,0,0
2026-03-29,листовой объект,ПС объект Тау,3356,2516,0,17,0,0,0,0,0
2026-03-29,листовой объект,ДУ объект Омикрон,3360,6403,5341,16,10,0,0,0,0
2026-03-29,листовой объект,ДУ объект Тау,3388,101,0,38,0,9,9,0,0
2026-03-29,листовой объект,ДП объект Эпсилон,3902,3196,977,40,8,9,6,0,0
2026-03-29,листовой объект,объект Пси ОС,3905,186,0,7,0,0,0,0,0
2026-03-29,листовой объект,объект Хи,4095,1,0,1,0,0,0,0,0
2026-03-29,листовой объект,ДП объект Сигма,4177,408,0,7,0,0,0,0,0
2026-03-29,листовой объект,ДУ ПС объект Ро,4369,5376,5346,33,26,3,3,0,0
2026-03-29,листовой объект,объект Ро,4370,6,0,3,0,0,0,0,0
2026-03-29,листовой объект,объект Омикрон,4391,19,0,8,0,0,0,0,0
2026-03-29,листовой объект,ДП объект Омикрон,4392,1148,0,6,0,0,0,0,0
2026-03-29,листовой объект,Шкаф ОПС объект Хи,4541,8,0,1,0,0,0,0,0
2026-03-29,листовой объект,ДУ объект Хи,4543,24709,24669,19,13,7,4,0,0
2026-03-29,листовой объект,Шкаф ОПС ПС объект Ро,4569,4,0,1,0,0,0,0,0
2026-03-29,листовой объект,ДП ПС объект Омега,4574,1,0,1,0,0,0,0,0
2026-03-29,листовой объект,Шкаф ОПС ПС объект Омега,4577,3,0,2,0,0,0,0,0
2026-03-29,листовой объект,ДУ объект Дельта,4610,5596,5158,59,14,80,28,0,0
2026-03-29,листовой объект,Шкаф ОПС объект Омикрон,4763,2,0,1,0,0,0,0,0
2026-03-29,листовой объект,Шкаф ОПС объект Вита,4767,6,0,1,0,0,0,0,0
2026-03-29,листовой объект,ДУ ПС объект Омега,5003,320,176,22,8,0,0,0,0
2026-03-29,листовой объект,Шкаф ОПС ПС объект Тау,5009,12,0,2,0,0,0,0,0
2026-03-29,листовой объект,ДУ объект Вита,5011,118,0,11,0,5,2,0,0
2026-03-29,листовой объект,объект Дельта,5113,48,0,16,0,0,0,0,0
2026-03-29,листовой объект,Шкаф ОПС объект Дельта,5114,8,0,1,0,0,0,0,0
2026-03-29,листовой объект,ДУ объект Альфа,5122,76558,76142,61,50,3,3,0,0
2026-03-29,листовой объект,ДП объект Альфа,5123,626,0,12,0,0,0,0,0
2026-03-29,листовой объект,ДП объект Альфа 2 этаж,5124,4,0,2,0,0,0,0,0
2026-03-29,листовой объект,объект Фита,5129,3,0,2,0,0,0,0,0
2026-03-29,листовой объект,ДП объект Зита,5132,71,0,4,0,0,0,0,0
2026-03-29,листовой объект,объект Йота ДУ,5218,8,0,4,0,0,0,0,0
2026-03-29,листовой объект,объект Кси ПК0-ПК202,5332,19,0,10,0,0,0,0,0
2026-03-29,листовой объект,ДУ объект Кси,5333,285,75,25,4,19,12,0,0
2026-03-29,листовой объект,ДП объект Кси,5336,12,0,5,0,0,0,0,0
2026-03-29,листовой объект,"Шкаф ОПС, ДУ объект Кси",5338,6,0,2,0,0,0,0,0
2026-03-29,листовой объект,объект Пси,5339,1,0,1,0,0,0,0,0
2026-03-29,листовой объект,объект Пси шкаф ОПС,5340,4,0,1,0,0,0,0,0
2026-03-29,листовой объект,объект Кси ПК202-ПК302,5343,19,0,9,0,1,1,0,0
2026-03-29,листовой объект,объект Дзета ДУ,5578,5080,5078,27,26,0,0,0,0
2026-03-29,листовой объект,объект Дзета ОС,5580,10,0,5,0,0,0,0,0
2026-03-29,листовой объект,объект Зита ДУ,5591,66,66,1,1,0,0,0,0
2026-03-29,листовой объект,объект Каппа ДУ,5657,8702,8533,46,21,20,10,0,0
2026-03-29,листовой объект,объект Мю ДП,5674,1262,0,10,0,0,0,0,0
2026-03-29,листовой объект,объект Мю ДУ,5675,23895,23843,30,27,1,1,0,0
2026-03-29,листовой объект,объект Мю ОС,5676,38,0,17,0,0,0,0,0
2026-03-29,листовой объект,объект Мю ПС,5677,6,0,1,0,3,1,0,0
2026-03-29,листовой объект,объект Гамма ОС,5961,19,0,3,0,0,0,0,0
2026-03-29,листовой объект,объект Гамма ПС,5962,133,0,66,0,0,0,0,0
2026-03-29,листовой объект,объект Гамма ДУ,5963,1203,0,33,0,5,1,0,0
2026-03-29,листовой объект,объект Гамма шкафы,5966,31,0,1,0,0,0,0,0
2026-03-30,коллектор,объект Альфа,5,76773,74764,106,50,3,3,0,0
2026-03-30,коллектор,объект Бета,6,246,0,75,0,0,0,0,0
2026-03-30,коллектор,объект Гамма,7,1645,0,132,0,3,2,0,0
2026-03-30,коллектор,Комплекс объект Дельта,8,5509,4850,178,14,0,0,0,0
2026-03-30,коллектор,объект Вита,9,3027,0,99,0,0,0,0,0
2026-03-30,коллектор,объект Эпсилон,11,31096,25104,105,20,11,11,0,0
2026-03-30,коллектор,объект Зита,12,5015,4833,45,26,0,0,0,0
2026-03-30,коллектор,объект Каппа,15,9805,9101,177,21,0,0,0,0
2026-03-30,коллектор,объект Йота,3218,9062,0,56,0,0,0,0,0
2026-03-30,коллектор,объект Тау,3355,2063,0,94,0,6,6,0,0
2026-03-30,коллектор,объект Омикрон,3359,5287,3356,63,9,38,17,0,0
2026-03-30,коллектор,объект Мю,3828,24290,23576,57,26,3,2,0,0
2026-03-30,коллектор,объект Сигма,4068,616,0,18,0,0,0,0,0
2026-03-30,коллектор,ПС объект Ро,4356,6818,6207,181,30,0,0,0,0
2026-03-30,коллектор,ПС объект Омега,4573,458,96,30,8,0,0,0,0
2026-03-30,коллектор,объект Кси,5327,468,90,22,3,0,0,0,0
2026-03-30,листовой объект,объект Фита,20,59,0,28,0,0,0,0,0
2026-03-30,листовой объект,объект Вита,28,178,0,23,0,0,0,0,0
2026-03-30,листовой объект,объект Каппа ОС,42,472,0,66,0,0,0,0,0
2026-03-30,листовой объект,ДП объект Вита,99,2659,0,19,0,0,0,0,0
2026-03-30,листовой объект,ДП ПС объект Ро,108,118,0,5,0,0,0,0,0
2026-03-30,листовой объект,ДП объект Бета,111,182,0,45,0,0,0,0,0
2026-03-30,листовой объект,объект Бета,165,5,0,2,0,0,0,0,0
2026-03-30,листовой объект,объект Йота,3215,6336,0,38,0,0,0,0,0
2026-03-30,листовой объект,ДП объект Йота,3216,2700,0,5,0,0,0,0,0
2026-03-30,листовой объект,ПС объект Тау,3356,1901,0,25,0,0,0,0,0
2026-03-30,листовой объект,ДУ объект Омикрон,3360,4556,3356,45,9,38,17,0,0
2026-03-30,листовой объект,ДУ объект Тау,3388,160,0,68,0,6,6,0,0
2026-03-30,листовой объект,ДП объект Эпсилон,3902,6478,576,61,7,11,11,0,0
2026-03-30,листовой объект,объект Эпсилон ОС,3904,1,0,1,0,0,0,0,0
2026-03-30,листовой объект,объект Пси ОС,3905,1,0,1,0,0,0,0,0
2026-03-30,листовой объект,объект Сигма,4069,32,0,4,0,0,0,0,0
2026-03-30,листовой объект,объект Хи,4095,64,0,20,0,0,0,0,0
2026-03-30,листовой объект,ДП объект Сигма,4177,584,0,14,0,0,0,0,0
2026-03-30,листовой объект,ДУ ПС объект Ро,4369,6519,6207,131,30,0,0,0,0
2026-03-30,листовой объект,объект Ро,4370,181,0,45,0,0,0,0,0
2026-03-30,листовой объект,объект Омикрон,4391,24,0,11,0,0,0,0,0
2026-03-30,листовой объект,ДП объект Омикрон,4392,707,0,7,0,0,0,0,0
2026-03-30,листовой объект,ДУ объект Хи,4543,24552,24528,22,13,0,0,0,0
2026-03-30,листовой объект,ДП ПС объект Омега,4574,274,0,9,0,0,0,0,0
2026-03-30,листовой объект,ДУ объект Дельта,4610,5148,4850,109,14,0,0,0,0
2026-03-30,листовой объект,Шкаф ОПС объект Вита,4767,2,0,1,0,0,0,0,0
2026-03-30,листовой объект,ДУ ПС объект Омега,5003,184,96,21,8,0,0,0,0
2026-03-30,листовой объект,Шкаф ОПС ПС объект Тау,5009,2,0,1,0,0,0,0,0
2026-03-30,листовой объект,ДУ объект Вита,5011,188,0,56,0,0,0,0,0
2026-03-30,листовой объект,объект Дельта,5113,361,0,69,0,0,0,0,0
2026-03-30,листовой объект,ДУ объект Альфа,5122,75370,74764,78,50,3,3,0,0
2026-03-30,листовой объект,ДП объект Альфа,5123,971,0,17,0,0,0,0,0
2026-03-30,листовой объект,ДП объект Альфа 2 этаж,5124,428,0,10,0,0,0,0,0
2026-03-30,листовой объект,объект Фита,5129,3,0,3,0,0,0,0,0
2026-03-30,листовой объект,ДП объект Зита,5132,12,0,1,0,0,0,0,0
2026-03-30,листовой объект,объект Йота ДУ,5218,26,0,13,0,0,0,0,0
2026-03-30,листовой объект,объект Кси ПК0-ПК202,5332,11,0,8,0,0,0,0,0
2026-03-30,листовой объект,ДУ объект Кси,5333,186,90,8,3,0,0,0,0
2026-03-30,листовой объект,ДП объект Кси,5336,270,0,5,0,0,0,0,0
2026-03-30,листовой объект,объект Пси,5339,4,0,1,0,0,0,0,0
2026-03-30,листовой объект,объект Кси ПК202-ПК302,5343,1,0,1,0,0,0,0,0
2026-03-30,листовой объект,объект Дзета ДУ,5578,4769,4767,25,24,0,0,0,0
2026-03-30,листовой объект,объект Дзета ОС,5580,22,0,7,0,0,0,0,0
2026-03-30,листовой объект,объект Зита ОС,5582,115,0,5,0,0,0,0,0
2026-03-30,листовой объект,объект Зита ДУ,5591,94,66,4,2,0,0,0,0
2026-03-30,листовой объект,объект Каппа ДУ,5657,9333,9101,111,21,0,0,0,0
2026-03-30,листовой объект,объект Мю ДП,5674,636,0,10,0,0,0,0,0
2026-03-30,листовой объект,объект Мю ДУ,5675,23618,23576,30,26,1,1,0,0
2026-03-30,листовой объект,объект Мю ОС,5676,32,0,16,0,0,0,0,0
2026-03-30,листовой объект,объект Мю ПС,5677,4,0,1,0,2,1,0,0
2026-03-30,листовой объект,объект Гамма ОС,5961,260,0,24,0,0,0,0,0
2026-03-30,листовой объект,объект Гамма ПС,5962,494,0,66,0,0,0,0,0
2026-03-30,листовой объект,объект Гамма ДУ,5963,862,0,41,0,3,2,0,0
2026-03-30,листовой объект,объект Гамма шкафы,5966,29,0,1,0,0,0,0,0
2026-03-31,коллектор,объект Альфа,5,76292,73367,108,49,0,0,0,0
2026-03-31,коллектор,объект Бета,6,411,0,95,0,0,0,0,0
2026-03-31,коллектор,объект Гамма,7,2326,0,708,0,2,2,0,0
2026-03-31,коллектор,Комплекс объект Дельта,8,5117,4847,104,16,0,0,0,0
2026-03-31,коллектор,объект Вита,9,3426,0,99,0,0,0,0,0
2026-03-31,коллектор,объект Эпсилон,11,30146,24982,146,21,0,0,0,0
2026-03-31,коллектор,объект Зита,12,4948,4833,68,25,0,0,0,0
2026-03-31,коллектор,объект Каппа,15,9923,9179,138,21,0,0,0,0
2026-03-31,коллектор,объект Йота,3218,11679,0,66,0,0,0,0,0
2026-03-31,коллектор,объект Тау,3355,2717,0,213,0,0,0,0,0
2026-03-31,коллектор,объект Омикрон,3359,6323,2965,59,9,0,0,0,0
2026-03-31,коллектор,объект Мю,3828,31975,24338,1397,25,3,3,0,0
2026-03-31,коллектор,объект Сигма,4068,300,0,6,0,0,0,0,0
2026-03-31,коллектор,ПС объект Ро,4356,7551,7134,119,30,0,0,0,0
2026-03-31,коллектор,ПС объект Омега,4573,394,224,21,8,0,0,0,0
2026-03-31,коллектор,объект Кси,5327,585,100,99,4,0,0,0,0
2026-03-31,листовой объект,объект Фита,20,102,0,42,0,0,0,0,0
2026-03-31,листовой объект,объект Вита,28,59,0,17,0,0,0,0,0
2026-03-31,листовой объект,объект Каппа ОС,42,536,0,34,0,0,0,0,0
2026-03-31,листовой объект,ДП объект Вита,99,3165,0,16,0,0,0,0,0
2026-03-31,листовой объект,ДП ПС объект Ро,108,133,0,6,0,0,0,0,0
2026-03-31,листовой объект,ДП объект Бета,111,272,0,43,0,0,0,0,0
2026-03-31,листовой объект,объект Бета,165,35,0,9,0,0,0,0,0
2026-03-31,листовой объект,объект Йота,3215,7221,0,47,0,0,0,0,0
2026-03-31,листовой объект,ДП объект Йота,3216,4432,0,6,0,0,0,0,0
2026-03-31,листовой объект,ПС объект Тау,3356,2614,0,165,0,0,0,0,0
2026-03-31,листовой объект,ДУ объект Омикрон,3360,3943,2965,30,9,0,0,0,0
2026-03-31,листовой объект,ДУ объект Тау,3388,93,0,45,0,0,0,0,0
2026-03-31,листовой объект,ДП объект Эпсилон,3902,5644,610,101,8,0,0,0,0
2026-03-31,листовой объект,объект Эпсилон ОС,3904,62,0,13,0,0,0,0,0
2026-03-31,листовой объект,объект Пси ОС,3905,62,0,18,0,0,0,0,0
2026-03-31,листовой объект,ДП объект Сигма,4177,300,0,6,0,0,0,0,0
2026-03-31,листовой объект,ДУ ПС объект Ро,4369,7266,7134,96,30,0,0,0,0
2026-03-31,листовой объект,объект Ро,4370,152,0,17,0,0,0,0,0
2026-03-31,листовой объект,объект Омикрон,4391,175,0,21,0,0,0,0,0
2026-03-31,листовой объект,ДП объект Омикрон,4392,2205,0,8,0,0,0,0,0
2026-03-31,листовой объект,ДУ объект Хи,4543,24378,24372,14,13,0,0,0,0
2026-03-31,листовой объект,ДУ объект Дельта,4610,5061,4847,86,16,0,0,0,0
2026-03-31,листовой объект,Шкаф ОПС объект Бета,4765,2,0,1,0,0,0,0,0
2026-03-31,листовой объект,ДУ ПС объект Омега,5003,394,224,21,8,0,0,0,0
2026-03-31,листовой объект,Шкаф ОПС ПС объект Тау,5009,10,0,3,0,0,0,0,0
2026-03-31,листовой объект,ДУ объект Вита,5011,202,0,66,0,0,0,0,0
2026-03-31,листовой объект,объект Дельта,5113,56,0,18,0,0,0,0,0
2026-03-31,листовой объект,ДУ объект Альфа,5122,73904,73367,73,49,0,0,0,0
2026-03-31,листовой объект,ДП объект Альфа,5123,1818,0,15,0,0,0,0,0
2026-03-31,листовой объект,ДП объект Альфа 2 этаж,5124,354,0,11,0,0,0,0,0
2026-03-31,листовой объект,объект Фита,5129,9,0,6,0,0,0,0,0
2026-03-31,листовой объект,ДП объект Зита,5132,26,0,6,0,0,0,0,0
2026-03-31,листовой объект,объект Йота ДУ,5218,26,0,13,0,0,0,0,0
2026-03-31,листовой объект,объект Кси ПК0-ПК202,5332,68,0,21,0,0,0,0,0
2026-03-31,листовой объект,ДУ объект Кси,5333,300,100,58,4,0,0,0,0
2026-03-31,листовой объект,ДП объект Кси,5336,192,0,8,0,0,0,0,0
2026-03-31,листовой объект,объект Пси,5339,214,0,8,0,0,0,0,0
2026-03-31,листовой объект,объект Пси шкаф ОПС,5340,2,0,1,0,0,0,0,0
2026-03-31,листовой объект,объект Кси ПК202-ПК302,5343,25,0,12,0,0,0,0,0
2026-03-31,листовой объект,объект Дзета ДУ,5578,4835,4807,38,24,0,0,0,0
2026-03-31,листовой объект,объект Дзета ОС,5580,16,0,4,0,0,0,0,0
2026-03-31,листовой объект,объект Зита ОС,5582,12,0,5,0,0,0,0,0
2026-03-31,листовой объект,объект Зита ПС,5583,4,0,2,0,0,0,0,0
2026-03-31,листовой объект,объект Зита ДУ,5591,42,26,5,1,0,0,0,0
2026-03-31,листовой объект,объект Зита шкафы,5593,4,0,2,0,0,0,0,0
2026-03-31,листовой объект,объект Каппа ДУ,5657,9387,9179,104,21,0,0,0,0
2026-03-31,листовой объект,объект Мю ДП,5674,1926,0,68,0,0,0,0,0
2026-03-31,листовой объект,объект Мю ДУ,5675,24580,24338,118,25,2,2,0,0
2026-03-31,листовой объект,объект Мю ОС,5676,1825,0,220,0,0,0,0,0
2026-03-31,листовой объект,объект Мю ПС,5677,3562,0,977,0,1,1,0,0
2026-03-31,листовой объект,объект Мю шкафы,5678,82,0,14,0,0,0,0,0
2026-03-31,листовой объект,объект Гамма ОС,5961,127,0,42,0,0,0,0,0
2026-03-31,листовой объект,объект Гамма ПС,5962,1452,0,610,0,0,0,0,0
2026-03-31,листовой объект,объект Гамма ДУ,5963,722,0,55,0,2,2,0,0
2026-03-31,листовой объект,объект Гамма шкафы,5966,25,0,1,0,0,0,0,0
2026-04-01,коллектор,объект Альфа,5,75522,72880,152,49,0,0,0,0
2026-04-01,коллектор,объект Бета,6,265,0,68,0,0,0,0,0
2026-04-01,коллектор,объект Гамма,7,1663,0,140,0,92,9,0,0
2026-04-01,коллектор,Комплекс объект Дельта,8,5430,4521,140,15,0,0,0,0
2026-04-01,коллектор,объект Вита,9,2922,0,140,0,0,0,0,0
2026-04-01,коллектор,объект Эпсилон,11,28843,23186,160,21,0,0,0,0
2026-04-01,коллектор,объект Зита,12,4639,4267,135,27,0,0,0,0
2026-04-01,коллектор,объект Каппа,15,9626,9067,129,20,0,0,0,0
2026-04-01,коллектор,объект Йота,3218,9912,0,74,0,1,1,0,0
2026-04-01,коллектор,объект Тау,3355,11317,0,743,0,110,76,0,0
2026-04-01,коллектор,объект Омикрон,3359,6254,3781,102,8,0,0,0,0
2026-04-01,коллектор,объект Мю,3828,26390,25067,157,26,21,17,0,0
2026-04-01,коллектор,объект Сигма,4068,606,0,27,0,0,0,0,0
2026-04-01,коллектор,ПС объект Ро,4356,7812,7573,92,27,0,0,0,0
2026-04-01,коллектор,ПС объект Омега,4573,366,208,20,8,0,0,0,0
2026-04-01,коллектор,объект Кси,5327,654,105,86,3,0,0,0,0
2026-04-01,листовой объект,объект Фита,20,53,0,23,0,0,0,0,0
2026-04-01,листовой объект,объект Вита,28,129,0,38,0,0,0,0,0
2026-04-01,листовой объект,объект Каппа ОС,42,351,0,29,0,0,0,0,0
2026-04-01,листовой объект,ДП объект Вита,99,2567,0,16,0,0,0,0,0
2026-04-01,листовой объект,ДП ПС объект Ро,108,106,0,5,0,0,0,0,0
2026-04-01,листовой объект,ДП объект Бета,111,202,0,39,0,0,0,0,0
2026-04-01,листовой объект,объект Бета,165,10,0,6,0,0,0,0,0
2026-04-01,листовой объект,объект Йота,3215,6144,0,51,0,0,0,0,0
2026-04-01,листовой объект,ДП объект Йота,3216,3734,0,7,0,0,0,0,0
2026-04-01,листовой объект,Шкаф ОПС объект Йота,3250,2,0,1,0,0,0,0,0
2026-04-01,листовой объект,ПС объект Тау,3356,11132,0,661,0,110,76,0,0
2026-04-01,листовой объект,ДУ объект Омикрон,3360,4655,3781,40,8,0,0,0,0
2026-04-01,листовой объект,ДУ объект Тау,3388,159,0,75,0,0,0,0,0
2026-04-01,листовой объект,ДП объект Эпсилон,3902,6488,914,113,8,0,0,0,0
2026-04-01,листовой объект,объект Эпсилон ОС,3904,26,0,12,0,0,0,0,0
2026-04-01,листовой объект,объект Пси ОС,3905,48,0,20,0,0,0,0,0
2026-04-01,листовой объект,объект Сигма,4069,36,0,6,0,0,0,0,0
2026-04-01,листовой объект,объект Хи,4095,1,0,1,0,0,0,0,0
2026-04-01,листовой объект,ДП объект Сигма,4177,570,0,21,0,0,0,0,0
2026-04-01,листовой объект,ДУ ПС объект Ро,4369,7695,7573,83,27,0,0,0,0
2026-04-01,листовой объект,объект Ро,4370,11,0,4,0,0,0,0,0
2026-04-01,листовой объект,объект Омикрон,4391,487,0,55,0,0,0,0,0
2026-04-01,листовой объект,ДП объект Омикрон,4392,1112,0,7,0,0,0,0,0
2026-04-01,листовой объект,ДУ объект Хи,4543,22280,22272,14,13,0,0,0,0
2026-04-01,листовой объект,ДУ объект Дельта,4610,4747,4521,94,15,0,0,0,0
2026-04-01,листовой объект,ДУ ПС объект Омега,5003,366,208,20,8,0,0,0,0
2026-04-01,листовой объект,Шкаф ОПС ПС объект Тау,5009,26,0,7,0,0,0,0,0
2026-04-01,листовой объект,ДУ объект Вита,5011,226,0,86,0,0,0,0,0
2026-04-01,листовой объект,объект Дельта,5113,683,0,46,0,0,0,0,0
2026-04-01,листовой объект,ДУ объект Альфа,5122,73413,72880,113,49,0,0,0,0
2026-04-01,листовой объект,ДП объект Альфа,5123,1076,0,15,0,0,0,0,0
2026-04-01,листовой объект,ДП объект Альфа 2 этаж,5124,353,0,10,0,0,0,0,0
2026-04-01,листовой объект,объект Фита,5129,140,0,30,0,0,0,0,0
2026-04-01,листовой объект,ДП объект Зита,5132,62,0,16,0,0,0,0,0
2026-04-01,листовой объект,объект Йота ДУ,5218,32,0,15,0,1,1,0,0
2026-04-01,листовой объект,объект Кси ПК0-ПК202,5332,42,0,18,0,0,0,0,0
2026-04-01,листовой объект,ДУ объект Кси,5333,275,105,54,3,0,0,0,0
2026-04-01,листовой объект,ДП объект Кси,5336,326,0,7,0,0,0,0,0
2026-04-01,листовой объект,объект Пси,5339,678,0,13,0,0,0,0,0
2026-04-01,листовой объект,объект Пси шкаф ОПС,5340,2,0,1,0,0,0,0,0
2026-04-01,листовой объект,объект Кси ПК202-ПК302,5343,11,0,7,0,0,0,0,0
2026-04-01,листовой объект,объект Дзета ДУ,5578,4248,4199,49,25,0,0,0,0
2026-04-01,листовой объект,объект Дзета ОС,5580,85,0,29,0,0,0,0,0
2026-04-01,листовой объект,объект Зита ОС,5582,34,0,8,0,0,0,0,0
2026-04-01,листовой объект,объект Зита ДУ,5591,70,68,3,2,0,0,0,0
2026-04-01,листовой объект,объект Каппа ДУ,5657,9275,9067,100,20,0,0,0,0
2026-04-01,листовой объект,объект Мю ДП,5674,672,0,8,0,0,0,0,0
2026-04-01,листовой объект,объект Мю ДУ,5675,25300,25067,107,26,18,16,0,0
2026-04-01,листовой объект,объект Мю ОС,5676,408,0,39,0,0,0,0,0
2026-04-01,листовой объект,объект Мю ПС,5677,6,0,1,0,3,1,0,0
2026-04-01,листовой объект,объект Мю шкафы,5678,4,0,2,0,0,0,0,0
2026-04-01,листовой объект,объект Гамма ОС,5961,63,0,14,0,0,0,0,0
2026-04-01,листовой объект,объект Гамма ПС,5962,664,0,36,0,84,7,0,0
2026-04-01,листовой объект,объект Гамма ДУ,5963,907,0,89,0,8,2,0,0
2026-04-01,листовой объект,объект Гамма шкафы,5966,29,0,1,0,0,0,0,0
2026-04-02,коллектор,объект Альфа,5,78818,76531,168,49,0,0,0,0
2026-04-02,коллектор,объект Бета,6,270,0,70,0,0,0,0,0
2026-04-02,коллектор,объект Гамма,7,1679,0,151,0,3,2,0,0
2026-04-02,коллектор,Комплекс объект Дельта,8,8549,4792,544,15,25,17,0,0
2026-04-02,коллектор,объект Вита,9,2897,0,83,0,4,2,0,0
2026-04-02,коллектор,объект Эпсилон,11,28362,22916,214,24,2,2,0,0
2026-04-02,коллектор,объект Зита,12,2656,2150,86,28,0,0,0,0
2026-04-02,коллектор,объект Каппа,15,9291,8850,129,22,2,1,0,0
2026-04-02,коллектор,объект Йота,3218,12572,0,79,0,0,0,0,0
2026-04-02,коллектор,объект Тау,3355,7604,0,43,0,0,0,0,0
2026-04-02,коллектор,объект Омикрон,3359,6990,3501,91,13,0,0,0,0
2026-04-02,коллектор,объект Мю,3828,25969,24729,130,26,4,2,0,0
2026-04-02,коллектор,объект Сигма,4068,227,0,8,0,0,0,0,0
2026-04-02,коллектор,ПС объект Ро,4356,9244,7359,164,34,73,8,0,0
2026-04-02,коллектор,ПС объект Омега,4573,528,304,22,8,0,0,0,0
2026-04-02,коллектор,объект Кси,5327,599,98,67,3,0,0,0,0
2026-04-02,листовой объект,объект Фита,20,54,0,22,0,0,0,0,0
2026-04-02,листовой объект,объект Вита,28,59,0,16,0,0,0,0,0
2026-04-02,листовой объект,объект Каппа ОС,42,245,0,24,0,0,0,0,0
2026-04-02,листовой объект,ДП объект Вита,99,2668,0,15,0,0,0,0,0
2026-04-02,листовой объект,ДП ПС объект Ро,108,124,0,5,0,0,0,0,0
2026-04-02,листовой объект,ДП объект Бета,111,210,0,45,0,0,0,0,0
2026-04-02,листовой объект,объект Бета,165,6,0,3,0,0,0,0,0
2026-04-02,листовой объект,объект Йота,3215,8872,0,48,0,0,0,0,0
2026-04-02,листовой объект,ДП объект Йота,3216,3646,0,5,0,0,0,0,0
2026-04-02,листовой объект,ПС объект Тау,3356,7588,0,36,0,0,0,0,0
2026-04-02,листовой объект,ДУ объект Омикрон,3360,4261,3501,59,13,0,0,0,0
2026-04-02,листовой объект,ДУ объект Тау,3388,16,0,7,0,0,0,0,0
2026-04-02,листовой объект,ДП объект Эпсилон,3902,6277,973,161,11,2,2,0,0
2026-04-02,листовой объект,объект Эпсилон ОС,3904,37,0,8,0,0,0,0,0
2026-04-02,листовой объект,объект Пси ОС,3905,49,0,14,0,0,0,0,0
2026-04-02,листовой объект,объект Сигма,4069,1,0,1,0,0,0,0,0
2026-04-02,листовой объект,объект Хи,4095,12,0,3,0,0,0,0,0
2026-04-02,листовой объект,ДП объект Сигма,4177,226,0,7,0,0,0,0,0
2026-04-02,листовой объект,ДУ ПС объект Ро,4369,9068,7359,142,34,73,8,0,0
2026-04-02,листовой объект,объект Ро,4370,50,0,16,0,0,0,0,0
2026-04-02,листовой объект,объект Омикрон,4391,717,0,24,0,0,0,0,0
2026-04-02,листовой объект,ДП объект Омикрон,4392,2012,0,8,0,0,0,0,0
2026-04-02,листовой объект,ДУ объект Хи,4543,21987,21943,28,13,0,0,0,0
2026-04-02,листовой объект,Шкаф ОПС ПС объект Ро,4569,2,0,1,0,0,0,0,0
2026-04-02,листовой объект,ДУ объект Дельта,4610,5160,4792,117,15,16,10,0,0
2026-04-02,листовой объект,Шкаф ОПС объект Вита,4767,6,0,1,0,0,0,0,0
2026-04-02,листовой объект,ДУ ПС объект Омега,5003,528,304,22,8,0,0,0,0
2026-04-02,листовой объект,ДУ объект Вита,5011,164,0,51,0,4,2,0,0
2026-04-02,листовой объект,объект Дельта,5113,3341,0,417,0,9,7,0,0
2026-04-02,листовой объект,Шкаф ОПС объект Дельта,5114,48,0,10,0,0,0,0,0
2026-04-02,листовой объект,ДУ объект Альфа,5122,77054,76531,125,49,0,0,0,0
2026-04-02,листовой объект,ДП объект Альфа,5123,1222,0,15,0,0,0,0,0
2026-04-02,листовой объект,ДП объект Альфа 2 этаж,5124,362,0,10,0,0,0,0,0
2026-04-02,листовой объект,объект Фита,5129,253,0,7,0,0,0,0,0
2026-04-02,листовой объект,ДП объект Зита,5132,70,0,15,0,0,0,0,0
2026-04-02,листовой объект,объект Йота ДУ,5218,54,0,26,0,0,0,0,0
2026-04-02,листовой объект,объект Кси ПК0-ПК202,5332,11,0,6,0,0,0,0,0
2026-04-02,листовой объект,ДУ объект Кси,5333,256,98,53,3,0,0,0,0
2026-04-02,листовой объект,ДП объект Кси,5336,330,0,6,0,0,0,0,0
2026-04-02,листовой объект,объект Пси,5339,180,0,18,0,0,0,0,0
2026-04-02,листовой объект,объект Кси ПК202-ПК302,5343,2,0,2,0,0,0,0,0
2026-04-02,листовой объект,объект Каппа ПС,5567,4,0,1,0,2,1,0,0
2026-04-02,листовой объект,объект Дзета ДУ,5578,2146,2100,50,27,0,0,0,0
2026-04-02,листовой объект,объект Дзета ОС,5580,125,0,8,0,0,0,0,0
2026-04-02,листовой объект,объект Зита ОС,5582,4,0,1,0,0,0,0,0
2026-04-02,листовой объект,объект Зита ДУ,5591,58,50,5,1,0,0,0,0
2026-04-02,листовой объект,объект Каппа ДУ,5657,9042,8850,104,22,0,0,0,0
2026-04-02,листовой объект,объект Мю ДП,5674,944,0,9,0,0,0,0,0
2026-04-02,листовой объект,объект Мю ДУ,5675,24903,24729,102,26,2,1,0,0
2026-04-02,листовой объект,объект Мю ОС,5676,118,0,18,0,0,0,0,0
2026-04-02,листовой объект,объект Мю ПС,5677,4,0,1,0,2,1,0,0
2026-04-02,листовой объект,объект Гамма ОС,5961,531,0,39,0,0,0,0,0
2026-04-02,листовой объект,объект Гамма ПС,5962,473,0,66,0,0,0,0,0
2026-04-02,листовой объект,объект Гамма ДУ,5963,639,0,45,0,3,2,0,0
2026-04-02,листовой объект,объект Гамма шкафы,5966,36,0,1,0,0,0,0,0
2026-04-03,коллектор,объект Альфа,5,76767,74011,98,49,0,0,0,0
2026-04-03,коллектор,объект Бета,6,392,0,74,0,0,0,0,0
2026-04-03,коллектор,объект Гамма,7,616,0,68,0,14,11,0,0
2026-04-03,коллектор,Комплекс объект Дельта,8,4121,3829,116,15,0,0,0,0
2026-04-03,коллектор,объект Вита,9,3205,0,74,0,0,0,0,0
2026-04-03,коллектор,объект Эпсилон,11,28668,22144,953,23,6,6,0,0
2026-04-03,коллектор,объект Зита,12,2140,2066,47,26,11,11,0,0
2026-04-03,коллектор,объект Каппа,15,10547,8953,121,21,8,1,0,0
2026-04-03,коллектор,объект Йота,3218,7126,0,52,0,1,1,0,0
2026-04-03,коллектор,объект Тау,3355,5573,0,195,0,3,2,0,0
2026-04-03,коллектор,объект Омикрон,3359,6468,3927,73,12,12,8,0,0
2026-04-03,коллектор,объект Мю,3828,25043,23469,147,26,102,34,0,0
2026-04-03,коллектор,объект Сигма,4068,199,0,7,0,0,0,0,0
2026-04-03,коллектор,ПС объект Ро,4356,3331,2193,158,21,41,8,0,0
2026-04-03,коллектор,ПС объект Омега,4573,734,160,128,8,5,5,0,0
2026-04-03,коллектор,объект Кси,5327,446,78,31,3,0,0,0,0
2026-04-03,листовой объект,объект Фита,20,60,0,25,0,0,0,0,0
2026-04-03,листовой объект,объект Вита,28,50,0,13,0,0,0,0,0
2026-04-03,листовой объект,объект Каппа ОС,42,1416,0,22,0,0,0,0,0
2026-04-03,листовой объект,ДП объект Вита,99,3017,0,14,0,0,0,0,0
2026-04-03,листовой объект,ДП ПС объект Ро,108,116,0,5,0,0,0,0,0
2026-04-03,листовой объект,ДП объект Бета,111,324,0,45,0,0,0,0,0
2026-04-03,листовой объект,объект Бета,165,6,0,3,0,0,0,0,0
2026-04-03,листовой объект,объект Йота,3215,4528,0,35,0,0,0,0,0
2026-04-03,листовой объект,ДП объект Йота,3216,2564,0,5,0,0,0,0,0
2026-04-03,листовой объект,Шкаф ОПС объект Йота,3250,2,0,1,0,0,0,0,0
2026-04-03,листовой объект,ПС объект Тау,3356,5301,0,61,0,3,2,0,0
2026-04-03,листовой объект,ДУ объект Омикрон,3360,4631,3927,57,12,12,8,0,0
2026-04-03,листовой объект,ДУ объект Тау,3388,272,0,134,0,0,0,0,0
2026-04-03,листовой объект,ДП объект Эпсилон,3902,5973,889,324,10,6,6,0,0
2026-04-03,листовой объект,Шкафы ОС объект Эпсилон,3903,30,0,12,0,0,0,0,0
2026-04-03,листовой объект,объект Эпсилон ОС,3904,227,0,52,0,0,0,0,0
2026-04-03,листовой объект,объект Пси ОС,3905,55,0,28,0,0,0,0,0
2026-04-03,листовой объект,объект Сигма,4069,2,0,1,0,0,0,0,0
2026-04-03,листовой объект,объект Хи,4095,147,0,40,0,0,0,0,0
2026-04-03,листовой объект,ДП объект Сигма,4177,197,0,6,0,0,0,0,0
2026-04-03,листовой объект,ДУ ПС объект Ро,4369,3053,2193,124,21,41,8,0,0
2026-04-03,листовой объект,объект Ро,4370,158,0,28,0,0,0,0,0
2026-04-03,листовой объект,объект Омикрон,4391,179,0,8,0,0,0,0,0
2026-04-03,листовой объект,ДП объект Омикрон,4392,1652,0,7,0,0,0,0,0
2026-04-03,листовой объект,Шкаф ОПС объект Хи,4541,10,0,4,0,0,0,0,0
2026-04-03,листовой объект,ДУ объект Хи,4543,21285,21255,23,13,0,0,0,0
2026-04-03,листовой объект,Шкаф ОПС ПС объект Ро,4569,4,0,1,0,0,0,0,0
2026-04-03,листовой объект,ДП ПС объект Омега,4574,196,0,5,0,0,0,0,0
2026-04-03,листовой объект,ДУ объект Дельта,4610,4061,3829,102,15,0,0,0,0
2026-04-03,листовой объект,ПС объект Омега,4648,110,0,39,0,0,0,0,0
2026-04-03,листовой объект,Шкаф ОПС объект Омикрон,4763,6,0,1,0,0,0,0,0
2026-04-03,листовой объект,Шкаф ОПС объект Бета,4765,2,0,1,0,0,0,0,0
2026-04-03,листовой объект,Шкаф ОПС объект Вита,4767,2,0,1,0,0,0,0,0
2026-04-03,листовой объект,ДУ ПС объект Омега,5003,428,160,84,8,5,5,0,0
2026-04-03,листовой объект,ДУ объект Вита,5011,136,0,46,0,0,0,0,0
2026-04-03,листовой объект,объект Дельта,5113,60,0,14,0,0,0,0,0
2026-04-03,листовой объект,ДУ объект Альфа,5122,74296,74011,69,49,0,0,0,0
2026-04-03,листовой объект,ДП объект Альфа,5123,1778,0,15,0,0,0,0,0
2026-04-03,листовой объект,ДП объект Альфа 2 этаж,5124,687,0,12,0,0,0,0,0
2026-04-03,листовой объект,объект Фита,5129,1,0,1,0,0,0,0,0
2026-04-03,листовой объект,объект Йота ДУ,5218,32,0,11,0,1,1,0,0
2026-04-03,листовой объект,объект Кси ПК0-ПК202,5332,14,0,4,0,0,0,0,0
2026-04-03,листовой объект,ДУ объект Кси,5333,156,78,18,3,0,0,0,0
2026-04-03,листовой объект,ДП объект Кси,5336,274,0,7,0,0,0,0,0
2026-04-03,листовой объект,объект Пси,5339,6,0,2,0,0,0,0,0
2026-04-03,листовой объект,объект Кси ПК202-ПК302,5343,2,0,2,0,0,0,0,0
2026-04-03,листовой объект,объект Пси ПС,5537,536,0,268,0,0,0,0,0
2026-04-03,листовой объект,объект Эпсилон ПС,5539,392,0,196,0,0,0,0,0
2026-04-03,листовой объект,Шкафы ПС объект Эпсилон,5540,13,0,6,0,0,0,0,0
2026-04-03,листовой объект,объект Каппа ПС,5567,16,0,1,0,8,1,0,0
2026-04-03,листовой объект,объект Дзета ДУ,5578,2094,2048,39,25,11,11,0,0
2026-04-03,листовой объект,объект Дзета ОС,5580,17,0,5,0,0,0,0,0
2026-04-03,листовой объект,объект Зита ДУ,5591,28,18,2,1,0,0,0,0
2026-04-03,листовой объект,объект Каппа ДУ,5657,9115,8953,98,21,0,0,0,0
2026-04-03,листовой объект,объект Мю ДП,5674,776,0,14,0,0,0,0,0
2026-04-03,листовой объект,объект Мю ДУ,5675,24152,23469,112,26,102,34,0,0
2026-04-03,листовой объект,объект Мю ОС,5676,107,0,19,0,0,0,0,0
2026-04-03,листовой объект,объект Мю ПС,5677,6,0,1,0,0,0,0,0
2026-04-03,листовой объект,объект Мю шкафы,5678,2,0,1,0,0,0,0,0
2026-04-03,листовой объект,объект Гамма ОС,5961,152,0,21,0,0,0,0,0
2026-04-03,листовой объект,объект Гамма ПС,5962,93,0,14,0,10,9,0,0
2026-04-03,листовой объект,объект Гамма ДУ,5963,339,0,32,0,4,2,0,0
2026-04-03,листовой объект,объект Гамма шкафы,5966,32,0,1,0,0,0,0,0
2026-04-04,коллектор,объект Альфа,5,76477,75111,71,49,0,0,0,0
2026-04-04,коллектор,объект Бета,6,8,0,8,0,0,0,0,0
2026-04-04,коллектор,объект Гамма,7,685,0,76,0,13,7,0,0
2026-04-04,коллектор,Комплекс объект Дельта,8,4885,4815,23,14,0,0,0,0
2026-04-04,коллектор,объект Вита,9,1767,0,65,0,0,0,0,0
2026-04-04,коллектор,объект Эпсилон,11,26242,23612,73,19,28,28,0,0
2026-04-04,коллектор,объект Зита,12,2070,2040,38,26,0,0,0,0
2026-04-04,коллектор,объект Каппа,15,10084,9358,121,20,3,2,0,0
2026-04-04,коллектор,объект Йота,3218,6294,0,43,0,0,0,0,0
2026-04-04,коллектор,объект Тау,3355,4556,0,27,0,0,0,0,0
2026-04-04,коллектор,объект Омикрон,3359,4731,4232,24,11,0,0,0,0
2026-04-04,коллектор,объект Мю,3828,25532,24785,121,28,0,0,0,0
2026-04-04,коллектор,объект Сигма,4068,262,0,6,0,0,0,0,0
2026-04-04,коллектор,ПС объект Ро,4356,1181,1034,61,8,0,0,0,0
2026-04-04,коллектор,ПС объект Омега,4573,477,272,23,8,0,0,0,0
2026-04-04,коллектор,объект Кси,5327,206,93,32,3,0,0,0,0
2026-04-04,листовой объект,объект Фита,20,6,0,6,0,0,0,0,0
2026-04-04,листовой объект,объект Вита,28,48,0,10,0,0,0,0,0
2026-04-04,листовой объект,объект Каппа ОС,42,558,0,23,0,0,0,0,0
2026-04-04,листовой объект,ДП объект Вита,99,1591,0,9,0,0,0,0,0
2026-04-04,листовой объект,ДП ПС объект Ро,108,44,0,4,0,0,0,0,0
2026-04-04,листовой объект,объект Бета,165,2,0,2,0,0,0,0,0
2026-04-04,листовой объект,объект Йота,3215,3818,0,28,0,0,0,0,0
2026-04-04,листовой объект,ДП объект Йота,3216,2456,0,5,0,0,0,0,0
2026-04-04,листовой объект,ПС объект Тау,3356,4536,0,19,0,0,0,0,0
2026-04-04,листовой объект,ДУ объект Омикрон,3360,4709,4232,16,11,0,0,0,0
2026-04-04,листовой объект,ДУ объект Тау,3388,16,0,7,0,0,0,0,0
2026-04-04,листовой объект,ДП объект Эпсилон,3902,3451,838,53,6,28,28,0,0
2026-04-04,листовой объект,Шкафы ОС объект Эпсилон,3903,2,0,1,0,0,0,0,0
2026-04-04,листовой объект,объект Эпсилон ОС,3904,2,0,1,0,0,0,0,0
2026-04-04,листовой объект,объект Пси ОС,3905,3,0,2,0,0,0,0,0
2026-04-04,листовой объект,объект Хи,4095,4,0,2,0,0,0,0,0
2026-04-04,листовой объект,ДП объект Сигма,4177,262,0,6,0,0,0,0,0
2026-04-04,листовой объект,ДУ ПС объект Ро,4369,1128,1034,54,8,0,0,0,0
2026-04-04,листовой объект,объект Ро,4370,7,0,2,0,0,0,0,0
2026-04-04,листовой объект,объект Омикрон,4391,22,0,8,0,0,0,0,0
2026-04-04,листовой объект,ДУ объект Хи,4543,22780,22774,14,13,0,0,0,0
2026-04-04,листовой объект,Шкаф ОПС ПС объект Ро,4569,2,0,1,0,0,0,0,0
2026-04-04,листовой объект,ДП ПС объект Омега,4574,1,0,1,0,0,0,0,0
2026-04-04,листовой объект,ДУ объект Дельта,4610,4869,4815,15,14,0,0,0,0
2026-04-04,листовой объект,ДУ ПС объект Омега,5003,476,272,22,8,0,0,0,0
2026-04-04,листовой объект,Шкаф ОПС ПС объект Тау,5009,4,0,1,0,0,0,0,0
2026-04-04,листовой объект,ДУ объект Вита,5011,128,0,46,0,0,0,0,0
2026-04-04,листовой объект,объект Дельта,5113,16,0,8,0,0,0,0,0
2026-04-04,листовой объект,ДУ объект Альфа,5122,75384,75111,56,49,0,0,0,0
2026-04-04,листовой объект,ДП объект Альфа,5123,1088,0,13,0,0,0,0,0
2026-04-04,листовой объект,ДП объект Альфа 2 этаж,5124,5,0,2,0,0,0,0,0
2026-04-04,листовой объект,объект Фита,5129,5,0,4,0,0,0,0,0
2026-04-04,листовой объект,ДП объект Зита,5132,1,0,1,0,0,0,0,0
2026-04-04,листовой объект,объект Йота ДУ,5218,20,0,10,0,0,0,0,0
2026-04-04,листовой объект,объект Кси ПК0-ПК202,5332,42,0,12,0,0,0,0,0
2026-04-04,листовой объект,ДУ объект Кси,5333,161,93,18,3,0,0,0,0
2026-04-04,листовой объект,объект Кси ПК202-ПК302,5343,3,0,2,0,0,0,0,0
2026-04-04,листовой объект,объект Каппа ПС,5567,6,0,2,0,2,1,0,0
2026-04-04,листовой объект,объект Дзета ДУ,5578,2014,2012,26,25,0,0,0,0
2026-04-04,листовой объект,объект Дзета ОС,5580,22,0,6,0,0,0,0,0
2026-04-04,листовой объект,объект Зита ДУ,5591,28,28,1,1,0,0,0,0
2026-04-04,листовой объект,объект Каппа ДУ,5657,9520,9358,96,20,1,1,0,0
2026-04-04,листовой объект,объект Мю ДП,5674,562,0,13,0,0,0,0,0
2026-04-04,листовой объект,объект Мю ДУ,5675,24911,24785,85,28,0,0,0,0
2026-04-04,листовой объект,объект Мю ОС,5676,59,0,23,0,0,0,0,0
2026-04-04,листовой объект,объект Гамма ОС,5961,39,0,6,0,0,0,0,0
2026-04-04,листовой объект,объект Гамма ПС,5962,227,0,32,0,4,4,0,0
2026-04-04,листовой объект,объект Гамма ДУ,5963,379,0,37,0,9,3,0,0
2026-04-04,листовой объект,объект Гамма шкафы,5966,40,0,1,0,0,0,0,0
2026-04-05,коллектор,объект Альфа,5,77429,76591,109,49,0,0,0,0
2026-04-05,коллектор,объект Бета,6,6,0,6,0,0,0,0,0
2026-04-05,коллектор,объект Гамма,7,588,0,78,0,3,2,0,0
2026-04-05,коллектор,Комплекс объект Дельта,8,4507,4377,28,13,18,7,0,0
2026-04-05,коллектор,объект Вита,9,332,0,18,0,0,0,0,0
2026-04-05,коллектор,объект Эпсилон,11,26164,23875,45,20,0,0,0,0
2026-04-05,коллектор,объект Зита,12,2738,2273,88,23,0,0,0,0
2026-04-05,коллектор,объект Каппа,15,9274,8735,79,21,2,1,0,0
2026-04-05,коллектор,объект Йота,3218,1250,0,14,0,0,0,0,0
2026-04-05,коллектор,объект Тау,3355,5434,0,49,0,2,1,0,0
2026-04-05,коллектор,объект Омикрон,3359,2991,2513,32,10,10,10,0,0
2026-04-05,коллектор,объект Мю,3828,24724,21723,1317,27,45,39,0,0
2026-04-05,коллектор,объект Сигма,4068,130,0,6,0,0,0,0,0
2026-04-05,коллектор,ПС объект Ро,4356,1408,1270,62,8,0,0,0,0
2026-04-05,коллектор,ПС объект Омега,4573,385,192,32,8,7,7,0,0
2026-04-05,коллектор,объект Кси,5327,220,87,43,4,4,4,0,0
2026-04-05,листовой объект,объект Фита,20,6,0,6,0,0,0,0,0
2026-04-05,листовой объект,объект Вита,28,20,0,8,0,0,0,0,0
2026-04-05,листовой объект,объект Каппа ОС,42,418,0,28,0,0,0,0,0
2026-04-05,листовой объект,ДП объект Вита,99,266,0,5,0,0,0,0,0
2026-04-05,листовой объект,ДП ПС объект Ро,108,34,0,2,0,0,0,0,0
2026-04-05,листовой объект,объект Йота,3215,12,0,6,0,0,0,0,0
2026-04-05,листовой объект,ДП объект Йота,3216,1232,0,5,0,0,0,0,0
2026-04-05,листовой объект,Шкаф ОПС объект Йота,3250,2,0,1,0,0,0,0,0
2026-04-05,листовой объект,ПС объект Тау,3356,5388,0,27,0,2,1,0,0
2026-04-05,листовой объект,ДУ объект Омикрон,3360,2987,2513,28,10,10,10,0,0
2026-04-05,листовой объект,ДУ объект Тау,3388,42,0,20,0,0,0,0,0
2026-04-05,листовой объект,ДП объект Эпсилон,3902,3216,946,25,7,0,0,0,0
2026-04-05,листовой объект,объект Эпсилон ОС,3904,1,0,1,0,0,0,0,0
2026-04-05,листовой объект,объект Пси ОС,3905,9,0,4,0,0,0,0,0
2026-04-05,листовой объект,объект Хи,4095,1,0,1,0,0,0,0,0
2026-04-05,листовой объект,ДП объект Сигма,4177,130,0,6,0,0,0,0,0
2026-04-05,листовой объект,ДУ ПС объект Ро,4369,1368,1270,57,8,0,0,0,0
2026-04-05,листовой объект,объект Ро,4370,6,0,3,0,0,0,0,0
2026-04-05,листовой объект,объект Омикрон,4391,4,0,4,0,0,0,0,0
2026-04-05,листовой объект,ДУ объект Хи,4543,22937,22929,14,13,0,0,0,0
2026-04-05,листовой объект,Шкаф ОПС ПС объект Омега,4577,4,0,1,0,0,0,0,0
2026-04-05,листовой объект,ДУ объект Дельта,4610,4499,4377,23,13,18,7,0,0
2026-04-05,листовой объект,ДУ ПС объект Омега,5003,381,192,31,8,7,7,0,0
2026-04-05,листовой объект,Шкаф ОПС ПС объект Тау,5009,4,0,2,0,0,0,0,0
2026-04-05,листовой объект,ДУ объект Вита,5011,46,0,5,0,0,0,0,0
2026-04-05,листовой объект,объект Дельта,5113,8,0,5,0,0,0,0,0
2026-04-05,листовой объект,ДУ объект Альфа,5122,76932,76591,95,49,0,0,0,0
2026-04-05,листовой объект,ДП объект Альфа,5123,482,0,11,0,0,0,0,0
2026-04-05,листовой объект,объект Фита,5129,34,0,8,0,0,0,0,0
2026-04-05,листовой объект,ДП объект Зита,5132,67,0,16,0,0,0,0,0
2026-04-05,листовой объект,объект Йота ДУ,5218,4,0,2,0,0,0,0,0
2026-04-05,листовой объект,объект Кси ПК0-ПК202,5332,19,0,10,0,0,0,0,0
2026-04-05,листовой объект,ДУ объект Кси,5333,167,87,19,4,4,4,0,0
2026-04-05,листовой объект,ДП объект Кси,5336,12,0,5,0,0,0,0,0
2026-04-05,листовой объект,"Шкаф ОПС, ДУ объект Кси",5338,6,0,2,0,0,0,0,0
2026-04-05,листовой объект,объект Пси,5339,15,0,3,0,0,0,0,0
2026-04-05,листовой объект,объект Кси ПК202-ПК302,5343,16,0,7,0,0,0,0,0
2026-04-05,листовой объект,объект Каппа ПС,5567,20,0,1,0,0,0,0,0
2026-04-05,листовой объект,объект Дзета ДУ,5578,2275,2229,45,22,0,0,0,0
2026-04-05,листовой объект,объект Дзета ОС,5580,299,0,14,0,0,0,0,0
2026-04-05,листовой объект,объект Зита ОС,5582,5,0,2,0,0,0,0,0
2026-04-05,листовой объект,объект Зита ДУ,5591,58,44,3,1,0,0,0,0
2026-04-05,листовой объект,объект Каппа ДУ,5657,8836,8735,50,21,2,1,0,0
2026-04-05,листовой объект,объект Мю ДП,5674,587,0,68,0,0,0,0,0
2026-04-05,листовой объект,объект Мю ДУ,5675,22108,21723,124,27,44,38,0,0
2026-04-05,листовой объект,объект Мю ОС,5676,425,0,136,0,0,0,0,0
2026-04-05,листовой объект,объект Мю ПС,5677,1580,0,977,0,1,1,0,0
2026-04-05,листовой объект,объект Мю шкафы,5678,24,0,12,0,0,0,0,0
2026-04-05,листовой объект,объект Гамма ОС,5961,121,0,18,0,0,0,0,0
2026-04-05,листовой объект,объект Гамма ПС,5962,84,0,28,0,1,1,0,0
2026-04-05,листовой объект,объект Гамма ДУ,5963,353,0,31,0,2,1,0,0
2026-04-05,листовой объект,объект Гамма шкафы,5966,30,0,1,0,0,0,0,0
2026-04-06,коллектор,объект Альфа,5,76953,73938,169,49,0,0,0,0
2026-04-06,коллектор,объект Бета,6,860,0,149,0,0,0,0,0
2026-04-06,коллектор,объект Гамма,7,1231,0,143,0,8,4,0,0
2026-04-06,коллектор,Комплекс объект Дельта,8,4283,4178,43,14,0,0,0,0
2026-04-06,коллектор,объект Вита,9,3138,0,74,0,0,0,0,0
2026-04-06,коллектор,объект Эпсилон,11,29128,22699,231,24,2,2,0,0
2026-04-06,коллектор,объект Зита,12,2397,2074,75,27,0,0,0,0
2026-04-06,коллектор,объект Каппа,15,9476,8690,125,20,0,0,0,0
2026-04-06,коллектор,объект Йота,3218,10551,0,75,0,0,0,0,0
2026-04-06,коллектор,объект Тау,3355,5587,10,560,5,1,1,0,0
2026-04-06,коллектор,объект Омикрон,3359,5106,3301,72,13,0,0,0,0
2026-04-06,коллектор,объект Мю,3828,22391,19711,569,26,23,11,0,0
2026-04-06,коллектор,объект Сигма,4068,142,0,8,0,0,0,0,0
2026-04-06,коллектор,ПС объект Ро,4356,3039,2186,176,17,1,1,0,0
2026-04-06,коллектор,ПС объект Омега,4573,3824,304,143,8,15,10,0,0
2026-04-06,коллектор,объект Кси,5327,803,113,148,3,0,0,0,0
2026-04-06,листовой объект,объект Фита,20,149,0,60,0,0,0,0,0
2026-04-06,листовой объект,объект Вита,28,88,0,16,0,0,0,0,0
2026-04-06,листовой объект,объект Каппа ОС,42,594,0,28,0,0,0,0,0
2026-04-06,листовой объект,ДП объект Вита,99,2926,0,14,0,0,0,0,0
2026-04-06,листовой объект,ДП ПС объект Ро,108,158,0,5,0,0,0,0,0
2026-04-06,листовой объект,ДП объект Бета,111,396,0,77,0,0,0,0,0
2026-04-06,листовой объект,объект Бета,165,315,0,12,0,0,0,0,0
2026-04-06,листовой объект,объект Йота,3215,6821,0,45,0,0,0,0,0
2026-04-06,листовой объект,ДП объект Йота,3216,3662,0,5,0,0,0,0,0
2026-04-06,листовой объект,Шкаф ОПС объект Йота,3250,4,0,1,0,0,0,0,0
2026-04-06,листовой объект,ПС объект Тау,3356,5264,0,398,0,1,1,0,0
2026-04-06,листовой объект,ДУ объект Омикрон,3360,3699,3301,58,13,0,0,0,0
2026-04-06,листовой объект,ДУ объект Тау,3388,317,10,159,5,0,0,0,0
2026-04-06,листовой объект,ДП объект Эпсилон,3902,7103,1129,157,11,0,0,0,0
2026-04-06,листовой объект,объект Эпсилон ОС,3904,41,0,9,0,0,0,0,0
2026-04-06,листовой объект,объект Пси ОС,3905,26,0,11,0,0,0,0,0
2026-04-06,листовой объект,объект Хи,4095,318,0,21,0,0,0,0,0
2026-04-06,листовой объект,ДП объект Сигма,4177,142,0,8,0,0,0,0,0
2026-04-06,листовой объект,ДУ ПС объект Ро,4369,2414,2186,115,17,1,1,0,0
2026-04-06,листовой объект,объект Ро,4370,467,0,56,0,0,0,0,0
2026-04-06,листовой объект,объект Омикрон,4391,303,0,8,0,0,0,0,0
2026-04-06,листовой объект,ДП объект Омикрон,4392,1104,0,6,0,0,0,0,0
2026-04-06,листовой объект,ДУ объект Хи,4543,21640,21570,33,13,2,2,0,0
2026-04-06,листовой объект,ДП ПС объект Омега,4574,1460,0,10,0,0,0,0,0
2026-04-06,листовой объект,Шкаф ОПС ПС объект Омега,4577,10,0,3,0,0,0,0,0
2026-04-06,листовой объект,ДУ объект Дельта,4610,4240,4178,24,14,0,0,0,0
2026-04-06,листовой объект,ПС объект Омега,4648,1705,0,57,0,8,3,0,0
2026-04-06,листовой объект,ДУ ПС объект Омега,5003,649,304,73,8,7,7,0,0
2026-04-06,листовой объект,Шкаф ОПС ПС объект Тау,5009,6,0,3,0,0,0,0,0
2026-04-06,листовой объект,ДУ объект Вита,5011,124,0,44,0,0,0,0,0
2026-04-06,листовой объект,объект Дельта,5113,43,0,19,0,0,0,0,0
2026-04-06,листовой объект,ДУ объект Альфа,5122,74388,73938,124,49,0,0,0,0
2026-04-06,листовой объект,ДП объект Альфа,5123,1730,0,16,0,0,0,0,0
2026-04-06,листовой объект,ДП объект Альфа 2 этаж,5124,555,0,11,0,0,0,0,0
2026-04-06,листовой объект,объект Фита,5129,134,0,21,0,0,0,0,0
2026-04-06,листовой объект,ДП объект Зита,5132,122,0,14,0,0,0,0,0
2026-04-06,листовой объект,объект Йота ДУ,5218,64,0,24,0,0,0,0,0
2026-04-06,листовой объект,объект Кси ПК0-ПК202,5332,59,0,24,0,0,0,0,0
2026-04-06,листовой объект,ДУ объект Кси,5333,347,113,102,3,0,0,0,0
2026-04-06,листовой объект,ДП объект Кси,5336,364,0,9,0,0,0,0,0
2026-04-06,листовой объект,объект Пси,5339,280,0,18,0,0,0,0,0
2026-04-06,листовой объект,объект Кси ПК202-ПК302,5343,33,0,13,0,0,0,0,0
2026-04-06,листовой объект,объект Дзета ДУ,5578,2042,2040,27,26,0,0,0,0
2026-04-06,листовой объект,объект Дзета ОС,5580,55,0,9,0,0,0,0,0
2026-04-06,листовой объект,объект Зита ОС,5582,6,0,2,0,0,0,0,0
2026-04-06,листовой объект,объект Зита ДУ,5591,38,34,2,1,0,0,0,0
2026-04-06,листовой объект,объект Каппа ДУ,5657,8882,8690,97,20,0,0,0,0
2026-04-06,листовой объект,объект Мю ДП,5674,1951,0,56,0,0,0,0,0
2026-04-06,листовой объект,объект Мю ДУ,5675,19919,19711,93,26,20,10,0,0
2026-04-06,листовой объект,объект Мю ОС,5676,127,0,40,0,0,0,0,0
2026-04-06,листовой объект,объект Мю ПС,5677,386,0,377,0,3,1,0,0
2026-04-06,листовой объект,объект Мю шкафы,5678,8,0,3,0,0,0,0,0
2026-04-06,листовой объект,объект Гамма ОС,5961,192,0,20,0,0,0,0,0
2026-04-06,листовой объект,объект Гамма ПС,5962,757,0,95,0,4,1,0,0
2026-04-06,листовой объект,объект Гамма ДУ,5963,252,0,27,0,4,3,0,0
2026-04-06,листовой объект,объект Гамма шкафы,5966,30,0,1,0,0,0,0,0
2026-04-07,коллектор,объект Альфа,5,74505,72054,143,48,2,2,0,0
2026-04-07,коллектор,объект Бета,6,3508,0,254,0,0,0,0,0
2026-04-07,коллектор,объект Гамма,7,6485,0,319,0,1952,99,0,0
2026-04-07,коллектор,Комплекс объект Дельта,8,5171,4381,195,16,23,14,0,0
2026-04-07,коллектор,объект Вита,9,3728,8,152,2,6,3,0,0
2026-04-07,коллектор,объект Эпсилон,11,30108,24290,192,24,8,4,0,0
2026-04-07,коллектор,объект Зита,12,2526,2116,84,26,0,0,0,0
2026-04-07,коллектор,объект Каппа,15,9211,8589,154,22,0,0,0,0
2026-04-07,коллектор,объект Йота,3218,10391,0,68,0,0,0,0,0
2026-04-07,коллектор,объект Тау,3355,3482,0,125,0,12,10,0,0
2026-04-07,коллектор,объект Омикрон,3359,8297,4167,124,14,0,0,0,0
2026-04-07,коллектор,объект Мю,3828,20639,16409,1323,26,105,35,0,0
2026-04-07,коллектор,объект Сигма,4068,170,0,6,0,0,0,0,0
2026-04-07,коллектор,ПС объект Ро,4356,2077,1690,117,7,8,8,0,0
2026-04-07,коллектор,ПС объект Омега,4573,2658,160,130,8,18,8,0,0
2026-04-07,коллектор,объект Кси,5327,732,176,89,4,4,2,0,0
2026-04-07,листовой объект,объект Фита,20,2741,0,210,0,0,0,0,0
2026-04-07,листовой объект,объект Вита,28,290,0,42,0,0,0,0,0
2026-04-07,листовой объект,объект Каппа ОС,42,397,0,47,0,0,0,0,0
2026-04-07,листовой объект,ДП объект Вита,99,3144,0,17,0,0,0,0,0
2026-04-07,листовой объект,ДП ПС объект Ро,108,96,0,5,0,0,0,0,0
2026-04-07,листовой объект,ДП объект Бета,111,462,0,30,0,0,0,0,0
2026-04-07,листовой объект,объект Бета,165,299,0,11,0,0,0,0,0
2026-04-07,листовой объект,объект Йота,3215,5659,0,48,0,0,0,0,0
2026-04-07,листовой объект,ДП объект Йота,3216,4702,0,6,0,0,0,0,0
2026-04-07,листовой объект,Шкаф ОПС объект Йота,3250,2,0,1,0,0,0,0,0
2026-04-07,листовой объект,ПС объект Тау,3356,3261,0,31,0,3,1,0,0
2026-04-07,листовой объект,ДУ объект Омикрон,3360,4584,4167,77,14,0,0,0,0
2026-04-07,листовой объект,ДУ объект Тау,3388,213,0,92,0,9,9,0,0
2026-04-07,листовой объект,ДП объект Эпсилон,3902,6654,1211,124,11,0,0,0,0
2026-04-07,листовой объект,объект Эпсилон ОС,3904,61,0,10,0,0,0,0,0
2026-04-07,листовой объект,объект Пси ОС,3905,33,0,9,0,0,0,0,0
2026-04-07,листовой объект,объект Хи,4095,197,0,16,0,0,0,0,0
2026-04-07,листовой объект,ДП объект Сигма,4177,170,0,6,0,0,0,0,0
2026-04-07,листовой объект,ДУ ПС объект Ро,4369,1916,1690,99,7,8,8,0,0
2026-04-07,листовой объект,объект Ро,4370,65,0,13,0,0,0,0,0
2026-04-07,листовой объект,объект Омикрон,4391,451,0,39,0,0,0,0,0
2026-04-07,листовой объект,ДП объект Омикрон,4392,3262,0,8,0,0,0,0,0
2026-04-07,листовой объект,ДУ объект Хи,4543,23162,23079,32,13,8,4,0,0
2026-04-07,листовой объект,ДП ПС объект Омега,4574,1801,0,10,0,0,0,0,0
2026-04-07,листовой объект,Шкаф ОПС ПС объект Омега,4577,24,0,7,0,0,0,0,0
2026-04-07,листовой объект,ДУ объект Дельта,4610,4709,4381,125,16,23,14,0,0
2026-04-07,листовой объект,ПС объект Омега,4648,455,0,52,0,18,8,0,0
2026-04-07,листовой объект,Шкаф ОПС объект Бета,4765,6,0,3,0,0,0,0,0
2026-04-07,листовой объект,ДУ ПС объект Омега,5003,378,160,61,8,0,0,0,0
2026-04-07,листовой объект,Шкаф ОПС ПС объект Тау,5009,8,0,2,0,0,0,0,0
2026-04-07,листовой объект,ДУ объект Вита,5011,294,8,93,2,6,3,0,0
2026-04-07,листовой объект,объект Дельта,5113,458,0,67,0,0,0,0,0
2026-04-07,листовой объект,Шкаф ОПС объект Дельта,5114,4,0,3,0,0,0,0,0
2026-04-07,листовой объект,ДУ объект Альфа,5122,72455,72054,108,48,2,2,0,0
2026-04-07,листовой объект,ДП объект Альфа,5123,1390,0,15,0,0,0,0,0
2026-04-07,листовой объект,ДП объект Альфа 2 этаж,5124,505,0,12,0,0,0,0,0
2026-04-07,листовой объект,объект Фита,5129,8,0,4,0,0,0,0,0
2026-04-07,листовой объект,ДП объект Зита,5132,20,0,2,0,0,0,0,0
2026-04-07,листовой объект,объект Йота ДУ,5218,28,0,13,0,0,0,0,0
2026-04-07,листовой объект,объект Кси ПК0-ПК202,5332,34,0,11,0,1,1,0,0
2026-04-07,листовой объект,ДУ объект Кси,5333,323,176,56,4,0,0,0,0
2026-04-07,листовой объект,ДП объект Кси,5336,336,0,11,0,0,0,0,0
2026-04-07,листовой объект,"Шкаф ОПС, ДУ объект Кси",5338,9,0,2,0,0,0,0,0
2026-04-07,листовой объект,объект Пси,5339,151,0,7,0,0,0,0,0
2026-04-07,листовой объект,объект Пси шкаф ОПС,5340,4,0,1,0,0,0,0,0
2026-04-07,листовой объект,объект Кси ПК202-ПК302,5343,30,0,9,0,3,1,0,0
2026-04-07,листовой объект,Шкафы ПС объект Эпсилон,5540,1,0,1,0,0,0,0,0
2026-04-07,листовой объект,объект Каппа шкафы,5574,3,0,2,0,0,0,0,0
2026-04-07,листовой объект,объект Дзета ДУ,5578,2129,2089,45,25,0,0,0,0
2026-04-07,листовой объект,объект Дзета шкафы,5579,2,0,2,0,0,0,0,0
2026-04-07,листовой объект,объект Дзета ОС,5580,337,0,28,0,0,0,0,0
2026-04-07,листовой объект,объект Зита ОС,5582,2,0,1,0,0,0,0,0
2026-04-07,листовой объект,объект Зита ДУ,5591,27,27,1,1,0,0,0,0
2026-04-07,листовой объект,объект Зита шкафы,5593,1,0,1,0,0,0,0,0
2026-04-07,листовой объект,объект Каппа ДУ,5657,8811,8589,105,22,0,0,0,0
2026-04-07,листовой объект,объект Мю ДП,5674,746,0,68,0,0,0,0,0
2026-04-07,листовой объект,объект Мю ДУ,5675,17154,16409,136,26,102,34,0,0
2026-04-07,листовой объект,объект Мю ОС,5676,760,0,136,0,0,0,0,0
2026-04-07,листовой объект,объект Мю ПС,5677,1964,0,976,0,3,1,0,0
2026-04-07,листовой объект,объект Мю шкафы,5678,15,0,7,0,0,0,0,0
2026-04-07,листовой объект,объект Гамма ОС,5961,953,0,51,0,0,0,0,0
2026-04-07,листовой объект,объект Гамма ПС,5962,4230,0,154,0,1780,58,0,0
2026-04-07,листовой объект,объект Гамма ДУ,5963,1276,0,113,0,172,41,0,0
2026-04-07,листовой объект,объект Гамма шкафы,5966,26,0,1,0,0,0,0,0
2026-04-08,коллектор,объект Альфа,5,74347,70895,157,48,0,0,0,0
2026-04-08,коллектор,объект Бета,6,4038,0,121,0,0,0,0,0
2026-04-08,коллектор,объект Гамма,7,2171,0,190,0,475,87,0,0
2026-04-08,коллектор,Комплекс объект Дельта,8,4825,4532,128,16,0,0,0,0
2026-04-08,коллектор,объект Вита,9,3586,0,123,0,0,0,0,0
2026-04-08,коллектор,объект Эпсилон,11,30361,23045,279,21,13,13,0,0
2026-04-08,коллектор,объект Зита,12,2146,2077,41,23,4,4,0,0
2026-04-08,коллектор,объект Каппа,15,9066,8624,83,21,0,0,0,0
2026-04-08,коллектор,объект Йота,3218,10338,0,62,0,0,0,0,0
2026-04-08,коллектор,объект Тау,3355,4321,0,207,0,0,0,0,0
2026-04-08,коллектор,объект Омикрон,3359,8117,3788,83,14,12,9,0,0
2026-04-08,коллектор,объект Мю,3828,15947,14694,154,26,6,2,0,0
2026-04-08,коллектор,объект Сигма,4068,1452,0,37,0,0,0,0,0
2026-04-08,коллектор,ПС объект Ро,4356,3557,1405,173,35,86,8,0,0
2026-04-08,коллектор,ПС объект Омега,4573,3315,208,181,8,17,15,0,0
2026-04-08,коллектор,объект Кси,5327,948,144,124,4,1,1,0,0
2026-04-08,листовой объект,объект Фита,20,2914,0,55,0,0,0,0,0
2026-04-08,листовой объект,объект Вита,28,343,0,31,0,0,0,0,0
2026-04-08,листовой объект,объект Каппа ОС,42,342,0,25,0,0,0,0,0
2026-04-08,листовой объект,ДП объект Вита,99,3057,0,17,0,0,0,0,0
2026-04-08,листовой объект,ДП ПС объект Ро,108,116,0,5,0,0,0,0,0
2026-04-08,листовой объект,ДП объект Бета,111,504,0,58,0,0,0,0,0
2026-04-08,листовой объект,объект Бета,165,620,0,8,0,0,0,0,0
2026-04-08,листовой объект,объект Йота,3215,5838,0,42,0,0,0,0,0
2026-04-08,листовой объект,ДП объект Йота,3216,4474,0,7,0,0,0,0,0
2026-04-08,листовой объект,ПС объект Тау,3356,4050,0,68,0,0,0,0,0
2026-04-08,листовой объект,ДУ объект Омикрон,3360,4256,3788,66,14,12,9,0,0
2026-04-08,листовой объект,ДУ объект Тау,3388,271,0,139,0,0,0,0,0
2026-04-08,листовой объект,ДП объект Эпсилон,3902,6963,847,184,8,10,10,0,0
2026-04-08,листовой объект,объект Эпсилон ОС,3904,62,0,14,0,0,0,0,0
2026-04-08,листовой объект,объект Пси ОС,3905,86,0,28,0,0,0,0,0
2026-04-08,листовой объект,объект Сигма,4069,234,0,21,0,0,0,0,0
2026-04-08,листовой объект,объект Хи,4095,984,0,20,0,0,0,0,0
2026-04-08,листовой объект,ДП объект Сигма,4177,1218,0,16,0,0,0,0,0
2026-04-08,листовой объект,ДУ ПС объект Ро,4369,3351,1405,139,35,86,8,0,0
2026-04-08,листовой объект,объект Ро,4370,86,0,28,0,0,0,0,0
2026-04-08,листовой объект,объект Омикрон,4391,289,0,8,0,0,0,0,0
2026-04-08,листовой объект,ДП объект Омикрон,4392,3560,0,8,0,0,0,0,0
2026-04-08,листовой объект,ДУ объект Хи,4543,22266,22198,33,13,3,3,0,0
2026-04-08,листовой объект,Шкаф ОПС ПС объект Ро,4569,4,0,1,0,0,0,0,0
2026-04-08,листовой объект,ДП ПС объект Омега,4574,1962,0,12,0,0,0,0,0
2026-04-08,листовой объект,Шкаф ОПС ПС объект Омега,4577,29,0,4,0,1,1,0,0
2026-04-08,листовой объект,ДУ объект Дельта,4610,4737,4532,112,16,0,0,0,0
2026-04-08,листовой объект,ПС объект Омега,4648,794,0,78,0,7,5,0,0
2026-04-08,листовой объект,Шкаф ОПС объект Омикрон,4763,12,0,1,0,0,0,0,0
2026-04-08,листовой объект,ДУ ПС объект Омега,5003,530,208,87,8,9,9,0,0
2026-04-08,листовой объект,ДУ объект Вита,5011,186,0,75,0,0,0,0,0
2026-04-08,листовой объект,объект Дельта,5113,88,0,16,0,0,0,0,0
2026-04-08,листовой объект,ДУ объект Альфа,5122,71235,70895,108,48,0,0,0,0
2026-04-08,листовой объект,ДП объект Альфа,5123,2437,0,19,0,0,0,0,0
2026-04-08,листовой объект,ДП объект Альфа 2 этаж,5124,541,0,14,0,0,0,0,0
2026-04-08,листовой объект,объект Фита,5129,8,0,2,0,0,0,0,0
2026-04-08,листовой объект,объект Йота ДУ,5218,26,0,13,0,0,0,0,0
2026-04-08,листовой объект,объект Кси ПК0-ПК202,5332,56,0,14,0,1,1,0,0
2026-04-08,листовой объект,ДУ объект Кси,5333,347,144,92,4,0,0,0,0
2026-04-08,листовой объект,ДП объект Кси,5336,522,0,10,0,0,0,0,0
2026-04-08,листовой объект,объект Пси,5339,112,0,11,0,0,0,0,0
2026-04-08,листовой объект,объект Пси шкаф ОПС,5340,22,0,5,0,0,0,0,0
2026-04-08,листовой объект,объект Кси ПК202-ПК302,5343,23,0,8,0,0,0,0,0
2026-04-08,листовой объект,объект Дзета ДУ,5578,2088,2069,27,22,4,4,0,0
2026-04-08,листовой объект,объект Дзета ОС,5580,36,0,8,0,0,0,0,0
2026-04-08,листовой объект,объект Зита ДУ,5591,14,8,4,1,0,0,0,0
2026-04-08,листовой объект,объект Каппа ДУ,5657,8724,8624,58,21,0,0,0,0
2026-04-08,листовой объект,объект Мю ДП,5674,832,0,10,0,0,0,0,0
2026-04-08,листовой объект,объект Мю ДУ,5675,14854,14694,101,26,0,0,0,0
2026-04-08,листовой объект,объект Мю ОС,5676,248,0,41,0,0,0,0,0
2026-04-08,листовой объект,объект Мю ПС,5677,13,0,2,0,6,2,0,0
2026-04-08,листовой объект,объект Гамма ОС,5961,834,0,47,0,0,0,0,0
2026-04-08,листовой объект,объект Гамма ПС,5962,918,0,71,0,454,67,0,0
2026-04-08,листовой объект,объект Гамма ДУ,5963,387,0,71,0,21,20,0,0
2026-04-08,листовой объект,объект Гамма шкафы,5966,32,0,1,0,0,0,0,0
2026-04-09,коллектор,объект Альфа,5,75513,73156,132,47,0,0,0,0
2026-04-09,коллектор,объект Бета,6,3247,0,98,0,0,0,0,0
2026-04-09,коллектор,объект Гамма,7,9167,0,154,0,4048,9,0,0
2026-04-09,коллектор,Комплекс объект Дельта,8,4781,3946,172,17,19,5,0,0
2026-04-09,коллектор,объект Вита,9,5743,0,140,0,4,4,0,0
2026-04-09,коллектор,объект Эпсилон,11,31312,25133,189,22,13,6,0,0
2026-04-09,коллектор,объект Зита,12,2616,1742,188,28,11,6,0,0
2026-04-09,коллектор,объект Каппа,15,9802,8540,192,22,0,0,0,0
2026-04-09,коллектор,объект Йота,3218,22687,0,124,0,0,0,0,0
2026-04-09,коллектор,объект Тау,3355,4022,0,41,0,3,3,0,0
2026-04-09,коллектор,объект Омикрон,3359,8615,4386,107,15,4,4,0,0
2026-04-09,коллектор,объект Мю,3828,15313,14351,147,27,18,16,0,0
2026-04-09,коллектор,объект Сигма,4068,1041,0,23,0,2,1,0,0
2026-04-09,коллектор,ПС объект Ро,4356,1484,1358,65,9,0,0,0,0
2026-04-09,коллектор,ПС объект Омега,4573,4225,280,295,8,54,54,0,0
2026-04-09,коллектор,объект Кси,5327,1210,165,135,4,16,4,0,0
2026-04-09,листовой объект,объект Фита,20,2351,0,35,0,0,0,0,0
2026-04-09,листовой объект,объект Вита,28,513,0,47,0,0,0,0,0
2026-04-09,листовой объект,объект Каппа ОС,42,1038,0,79,0,0,0,0,0
2026-04-09,листовой объект,ДП объект Вита,99,5000,0,15,0,0,0,0,0
2026-04-09,листовой объект,ДП ПС объект Ро,108,22,0,2,0,0,0,0,0
2026-04-09,листовой объект,ДП объект Бета,111,396,0,54,0,0,0,0,0
2026-04-09,листовой объект,объект Бета,165,468,0,7,0,0,0,0,0
2026-04-09,листовой объект,объект Йота,3215,18247,0,103,0,0,0,0,0
2026-04-09,листовой объект,ДП объект Йота,3216,4090,0,5,0,0,0,0,0
2026-04-09,листовой объект,Шкаф ОПС объект Йота,3250,322,0,2,0,0,0,0,0
2026-04-09,листовой объект,ПС объект Тау,3356,4002,0,35,0,1,1,0,0
2026-04-09,листовой объект,ДУ объект Омикрон,3360,4741,4386,67,15,4,4,0,0
2026-04-09,листовой объект,ДУ объект Тау,3388,18,0,5,0,2,2,0,0
2026-04-09,листовой объект,ДП объект Эпсилон,3902,6376,1127,120,9,4,4,0,0
2026-04-09,листовой объект,объект Эпсилон ОС,3904,57,0,8,0,0,0,0,0
2026-04-09,листовой объект,объект Пси ОС,3905,25,0,9,0,0,0,0,0
2026-04-09,листовой объект,объект Сигма,4069,901,0,9,0,0,0,0,0
2026-04-09,листовой объект,объект Хи,4095,738,0,19,0,0,0,0,0
2026-04-09,листовой объект,ДП объект Сигма,4177,140,0,14,0,2,1,0,0
2026-04-09,листовой объект,ДУ ПС объект Ро,4369,1450,1358,55,9,0,0,0,0
2026-04-09,листовой объект,объект Ро,4370,12,0,8,0,0,0,0,0
2026-04-09,листовой объект,объект Омикрон,4391,404,0,32,0,0,0,0,0
2026-04-09,листовой объект,ДП объект Омикрон,4392,3470,0,8,0,0,0,0,0
2026-04-09,листовой объект,ДУ объект Хи,4543,24114,24006,32,13,9,2,0,0
2026-04-09,листовой объект,ДП ПС объект Омега,4574,2734,0,7,0,0,0,0,0
2026-04-09,листовой объект,ДУ объект Дельта,4610,4323,3946,118,17,19,5,0,0
2026-04-09,листовой объект,ПС объект Омега,4648,500,0,93,0,2,2,0,0
2026-04-09,листовой объект,Шкаф ОПС объект Бета,4765,32,0,2,0,0,0,0,0
2026-04-09,листовой объект,Шкаф ОПС объект Зита,4770,10,0,1,0,1,1,0,0
2026-04-09,листовой объект,ДУ ПС объект Омега,5003,991,280,195,8,52,52,0,0
2026-04-09,листовой объект,Шкаф ОПС ПС объект Тау,5009,2,0,1,0,0,0,0,0
2026-04-09,листовой объект,ДУ объект Вита,5011,230,0,78,0,4,4,0,0
2026-04-09,листовой объект,объект Дельта,5113,458,0,54,0,0,0,0,0
2026-04-09,листовой объект,ДУ объект Альфа,5122,73562,73156,105,47,0,0,0,0
2026-04-09,листовой объект,ДП объект Альфа,5123,1302,0,14,0,0,0,0,0
2026-04-09,листовой объект,ДП объект Альфа 2 этаж,5124,486,0,9,0,0,0,0,0
2026-04-09,листовой объект,объект Фита,5129,159,0,30,0,0,0,0,0
2026-04-09,листовой объект,ДП объект Зита,5132,155,0,36,0,10,5,0,0
2026-04-09,листовой объект,объект Йота ДУ,5218,28,0,14,0,0,0,0,0
2026-04-09,листовой объект,объект Кси ПК0-ПК202,5332,65,0,15,0,0,0,0,0
2026-04-09,листовой объект,ДУ объект Кси,5333,464,165,82,4,15,3,0,0
2026-04-09,листовой объект,ДП объект Кси,5336,582,0,15,0,0,0,0,0
2026-04-09,листовой объект,"Шкаф ОПС, ДУ объект Кси",5338,3,0,2,0,0,0,0,0
2026-04-09,листовой объект,объект Пси,5339,163,0,4,0,0,0,0,0
2026-04-09,листовой объект,объект Кси ПК202-ПК302,5343,96,0,21,0,1,1,0,0
2026-04-09,листовой объект,Шкафы ПС объект Эпсилон,5540,2,0,1,0,0,0,0,0
2026-04-09,листовой объект,объект Дзета ДУ,5578,1826,1732,72,27,0,0,0,0
2026-04-09,листовой объект,объект Дзета ОС,5580,373,0,35,0,0,0,0,0
2026-04-09,листовой объект,объект Зита ОС,5582,25,0,6,0,0,0,0,0
2026-04-09,листовой объект,объект Зита ДУ,5591,42,10,4,1,0,0,0,0
2026-04-09,листовой объект,объект Дзета щит. ПК48 Г1 ПК5,5594,26,0,4,0,0,0,0,0
2026-04-09,листовой объект,объект Каппа ДУ,5657,8764,8540,113,22,0,0,0,0
2026-04-09,листовой объект,объект Мю ДП,5674,670,0,11,0,0,0,0,0
2026-04-09,листовой объект,объект Мю ДУ,5675,14547,14351,96,27,18,16,0,0
2026-04-09,листовой объект,объект Мю ОС,5676,92,0,38,0,0,0,0,0
2026-04-09,листовой объект,объект Мю шкафы,5678,4,0,2,0,0,0,0,0
2026-04-09,листовой объект,объект Гамма ОС,5961,549,0,55,0,0,0,0,0
2026-04-09,листовой объект,объект Гамма ПС,5962,8092,0,6,0,4045,6,0,0
2026-04-09,листовой объект,объект Гамма ДУ,5963,505,0,91,0,3,3,0,0
2026-04-09,листовой объект,объект Гамма шкафы,5966,21,0,2,0,0,0,0,0
2026-04-10,коллектор,объект Альфа,5,77816,75635,149,48,8,1,8,1
2026-04-10,коллектор,объект Бета,6,7946,2,97,1,0,0,0,0
2026-04-10,коллектор,объект Гамма,7,1774,0,157,0,235,30,0,0
2026-04-10,коллектор,Комплекс объект Дельта,8,4328,3832,82,14,4,2,0,0
2026-04-10,коллектор,объект Вита,9,4712,0,145,0,15,7,0,0
2026-04-10,коллектор,объект Эпсилон,11,31455,26281,174,20,7,7,0,0
2026-04-10,коллектор,объект Зита,12,2752,2410,89,23,0,0,0,0
2026-04-10,коллектор,объект Каппа,15,9814,8460,213,22,47,18,0,0
2026-04-10,коллектор,объект Йота,3218,6192,0,55,0,0,0,0,0
2026-04-10,коллектор,объект Тау,3355,2816,0,30,0,0,0,0,0
2026-04-10,коллектор,объект Омикрон,3359,7646,4247,74,16,0,0,0,0
2026-04-10,коллектор,объект Мю,3828,13547,12350,159,26,22,22,0,0
2026-04-10,коллектор,объект Сигма,4068,1214,0,30,0,0,0,0,0
2026-04-10,коллектор,ПС объект Ро,4356,1957,1757,65,7,0,0,0,0
2026-04-10,коллектор,ПС объект Омега,4573,5080,144,69,8,57,4,0,0
2026-04-10,коллектор,объект Кси,5327,845,120,53,3,0,0,0,0
2026-04-10,листовой объект,объект Фита,20,6944,0,49,0,0,0,0,0
2026-04-10,листовой объект,объект Вита,28,431,0,46,0,0,0,0,0
2026-04-10,листовой объект,объект Каппа ОС,42,660,0,44,0,0,0,0,0
2026-04-10,листовой объект,ДП объект Вита,99,4005,0,14,0,0,0,0,0
2026-04-10,листовой объект,ДП ПС объект Ро,108,48,0,3,0,0,0,0,0
2026-04-10,листовой объект,ДП объект Бета,111,482,2,31,1,0,0,0,0
2026-04-10,листовой объект,объект Бета,165,512,0,14,0,0,0,0,0
2026-04-10,листовой объект,объект Йота,3215,3806,0,37,0,0,0,0,0
2026-04-10,листовой объект,ДП объект Йота,3216,2360,0,5,0,0,0,0,0
2026-04-10,листовой объект,ПС объект Тау,3356,2790,0,18,0,0,0,0,0
2026-04-10,листовой объект,ДУ объект Омикрон,3360,4495,4247,59,16,0,0,0,0
2026-04-10,листовой объект,ДУ объект Тау,3388,26,0,12,0,0,0,0,0
2026-04-10,листовой объект,ДП объект Эпсилон,3902,6168,1310,113,7,0,0,0,0
2026-04-10,листовой объект,объект Эпсилон ОС,3904,67,0,8,0,0,0,0,0
2026-04-10,листовой объект,объект Пси ОС,3905,40,0,11,0,0,0,0,0
2026-04-10,листовой объект,объект Сигма,4069,220,0,11,0,0,0,0,0
2026-04-10,листовой объект,объект Хи,4095,123,0,10,0,0,0,0,0
2026-04-10,листовой объект,ДП объект Сигма,4177,994,0,19,0,0,0,0,0
2026-04-10,листовой объект,ДУ ПС объект Ро,4369,1849,1757,53,7,0,0,0,0
2026-04-10,листовой объект,объект Ро,4370,60,0,9,0,0,0,0,0
2026-04-10,листовой объект,объект Омикрон,4391,163,0,7,0,0,0,0,0
2026-04-10,листовой объект,ДП объект Омикрон,4392,2988,0,8,0,0,0,0,0
2026-04-10,листовой объект,ДУ объект Хи,4543,25057,24971,32,13,7,7,0,0
2026-04-10,листовой объект,ДП ПС объект Омега,4574,4729,0,24,0,55,2,0,0
2026-04-10,листовой объект,Шкаф ОПС ПС объект Омега,4577,18,0,1,0,0,0,0,0
2026-04-10,листовой объект,ДУ объект Дельта,4610,4021,3832,54,14,4,2,0,0
2026-04-10,листовой объект,ПС объект Омега,4648,40,0,12,0,0,0,0,0
2026-04-10,листовой объект,Шкаф ОПС объект Бета,4765,8,0,3,0,0,0,0,0
2026-04-10,листовой объект,Шкаф ОПС объект Вита,4767,7,0,1,0,2,1,0,0
2026-04-10,листовой объект,ДУ ПС объект Омега,5003,293,144,32,8,2,2,0,0
2026-04-10,листовой объект,ДУ объект Вита,5011,269,0,84,0,13,6,0,0
2026-04-10,листовой объект,объект Дельта,5113,307,0,28,0,0,0,0,0
2026-04-10,листовой объект,ДУ объект Альфа,5122,76098,75635,113,48,8,1,8,1
2026-04-10,листовой объект,ДП объект Альфа,5123,988,0,17,0,0,0,0,0
2026-04-10,листовой объект,ДП объект Альфа 2 этаж,5124,596,0,10,0,0,0,0,0
2026-04-10,листовой объект,объект Фита,5129,28,0,9,0,0,0,0,0
2026-04-10,листовой объект,ДП объект Зита,5132,68,0,15,0,0,0,0,0
2026-04-10,листовой объект,объект Йота ДУ,5218,26,0,13,0,0,0,0,0
2026-04-10,листовой объект,объект Кси ПК0-ПК202,5332,46,0,8,0,0,0,0,0
2026-04-10,листовой объект,ДУ объект Кси,5333,210,120,32,3,0,0,0,0
2026-04-10,листовой объект,ДП объект Кси,5336,572,0,9,0,0,0,0,0
2026-04-10,листовой объект,объект Пси,5339,132,0,8,0,0,0,0,0
2026-04-10,листовой объект,объект Пси шкаф ОПС,5340,2,0,1,0,0,0,0,0
2026-04-10,листовой объект,объект Кси ПК202-ПК302,5343,17,0,4,0,0,0,0,0
2026-04-10,листовой объект,объект Каппа ПС,5567,118,0,40,0,0,0,0,0
2026-04-10,листовой объект,объект Дзета ДУ,5578,2462,2408,49,22,0,0,0,0
2026-04-10,листовой объект,объект Дзета ОС,5580,169,0,12,0,0,0,0,0
2026-04-10,листовой объект,объект Зита ОС,5582,5,0,2,0,0,0,0,0
2026-04-10,листовой объект,объект Зита ДУ,5591,20,2,2,1,0,0,0,0
2026-04-10,листовой объект,объект Каппа ДУ,5657,9036,8460,129,22,47,18,0,0
2026-04-10,листовой объект,объект Мю ДП,5674,786,0,15,0,0,0,0,0
2026-04-10,листовой объект,объект Мю ДУ,5675,12575,12350,105,26,22,22,0,0
2026-04-10,листовой объект,объект Мю ОС,5676,180,0,37,0,0,0,0,0
2026-04-10,листовой объект,объект Мю шкафы,5678,6,0,2,0,0,0,0,0
2026-04-10,листовой объект,объект Гамма ОС,5961,706,0,41,0,0,0,0,0
2026-04-10,листовой объект,объект Гамма ПС,5962,444,0,21,0,222,21,0,0
2026-04-10,листовой объект,объект Гамма ДУ,5963,619,0,94,0,13,9,0,0
2026-04-10,листовой объект,объект Гамма шкафы,5966,5,0,1,0,0,0,0,0
2026-04-11,коллектор,объект Альфа,5,74663,73455,110,48,0,0,0,0
2026-04-11,коллектор,объект Бета,6,12,0,9,0,0,0,0,0
2026-04-11,коллектор,объект Гамма,7,256,0,9,0,3,3,0,0
2026-04-11,коллектор,Комплекс объект Дельта,8,3576,3539,20,13,0,0,0,0
2026-04-11,коллектор,объект Вита,9,45,0,8,0,0,0,0,0
2026-04-11,коллектор,объект Эпсилон,11,28981,27353,44,21,2,2,0,0
2026-04-11,коллектор,объект Зита,12,1862,1783,41,26,0,0,0,0
2026-04-11,коллектор,объект Каппа,15,8661,8583,35,20,0,0,0,0
2026-04-11,коллектор,объект Йота,3218,4667,0,49,0,0,0,0,0
2026-04-11,коллектор,объект Тау,3355,2126,0,20,0,0,0,0,0
2026-04-11,коллектор,объект Омикрон,3359,4582,4077,25,12,0,0,0,0
2026-04-11,коллектор,объект Мю,3828,15007,13573,169,25,3,2,0,0
2026-04-11,коллектор,объект Сигма,4068,154,0,6,0,0,0,0,0
2026-04-11,коллектор,ПС объект Ро,4356,2090,1946,60,8,0,0,0,0
2026-04-11,коллектор,ПС объект Омега,4573,390,224,20,8,0,0,0,0
2026-04-11,коллектор,объект Кси,5327,120,98,7,3,0,0,0,0
2026-04-11,листовой объект,объект Фита,20,10,0,8,0,0,0,0,0
2026-04-11,листовой объект,объект Вита,28,2,0,2,0,0,0,0,0
2026-04-11,листовой объект,объект Каппа ОС,42,50,0,11,0,0,0,0,0
2026-04-11,листовой объект,ДП объект Вита,99,1,0,1,0,0,0,0,0
2026-04-11,листовой объект,ДП ПС объект Ро,108,44,0,3,0,0,0,0,0
2026-04-11,листовой объект,объект Йота,3215,2075,0,31,0,0,0,0,0
2026-04-11,листовой объект,ДП объект Йота,3216,2566,0,5,0,0,0,0,0
2026-04-11,листовой объект,ПС объект Тау,3356,2118,0,17,0,0,0,0,0
2026-04-11,листовой объект,ДУ объект Омикрон,3360,4239,4077,18,12,0,0,0,0
2026-04-11,листовой объект,ДУ объект Тау,3388,8,0,3,0,0,0,0,0
2026-04-11,листовой объект,ДП объект Эпсилон,3902,3472,1870,24,8,2,2,0,0
2026-04-11,листовой объект,объект Пси ОС,3905,6,0,4,0,0,0,0,0
2026-04-11,листовой объект,объект Сигма,4069,2,0,1,0,0,0,0,0
2026-04-11,листовой объект,объект Хи,4095,2,0,2,0,0,0,0,0
2026-04-11,листовой объект,ДП объект Сигма,4177,152,0,5,0,0,0,0,0
2026-04-11,листовой объект,ДУ ПС объект Ро,4369,2040,1946,54,8,0,0,0,0
2026-04-11,листовой объект,объект Ро,4370,6,0,3,0,0,0,0,0
2026-04-11,листовой объект,объект Омикрон,4391,1,0,1,0,0,0,0,0
2026-04-11,листовой объект,ДП объект Омикрон,4392,338,0,5,0,0,0,0,0
2026-04-11,листовой объект,ДУ объект Хи,4543,25501,25483,14,13,0,0,0,0
2026-04-11,листовой объект,ДП ПС объект Омега,4574,1,0,1,0,0,0,0,0
2026-04-11,листовой объект,ДУ объект Дельта,4610,3567,3539,14,13,0,0,0,0
2026-04-11,листовой объект,Шкаф ОПС объект Омикрон,4763,4,0,1,0,0,0,0,0
2026-04-11,листовой объект,Шкаф ОПС объект Бета,4765,2,0,1,0,0,0,0,0
2026-04-11,листовой объект,ДУ ПС объект Омега,5003,389,224,19,8,0,0,0,0
2026-04-11,листовой объект,ДУ объект Вита,5011,42,0,5,0,0,0,0,0
2026-04-11,листовой объект,объект Дельта,5113,9,0,6,0,0,0,0,0
2026-04-11,листовой объект,ДУ объект Альфа,5122,73788,73455,94,48,0,0,0,0
2026-04-11,листовой объект,ДП объект Альфа,5123,746,0,13,0,0,0,0,0
2026-04-11,листовой объект,объект Фита,5129,13,0,3,0,0,0,0,0
2026-04-11,листовой объект,объект Йота ДУ,5218,26,0,13,0,0,0,0,0
2026-04-11,листовой объект,ДУ объект Кси,5333,120,98,7,3,0,0,0,0
2026-04-11,листовой объект,объект Пси,5339,129,0,3,0,0,0,0,0
2026-04-11,листовой объект,объект Дзета ДУ,5578,1765,1763,26,25,0,0,0,0
2026-04-11,листовой объект,объект Дзета ОС,5580,20,0,9,0,0,0,0,0
2026-04-11,листовой объект,объект Зита ДУ,5591,64,20,3,1,0,0,0,0
2026-04-11,листовой объект,объект Каппа ДУ,5657,8611,8583,24,20,0,0,0,0
2026-04-11,листовой объект,объект Мю ДП,5674,964,0,16,0,0,0,0,0
2026-04-11,листовой объект,объект Мю ДУ,5675,13754,13573,99,25,3,2,0,0
2026-04-11,листовой объект,объект Мю ОС,5676,276,0,46,0,0,0,0,0
2026-04-11,листовой объект,объект Мю ПС,5677,6,0,4,0,0,0,0,0
2026-04-11,листовой объект,объект Мю шкафы,5678,7,0,4,0,0,0,0,0
2026-04-11,листовой объект,объект Гамма ДУ,5963,256,0,9,0,3,3,0,0
2026-04-12,коллектор,объект Альфа,5,76048,74915,120,48,0,0,0,0
2026-04-12,коллектор,объект Бета,6,7,0,6,0,0,0,0,0
2026-04-12,коллектор,объект Гамма,7,439,0,10,0,0,0,0,0
2026-04-12,коллектор,Комплекс объект Дельта,8,4425,4375,25,15,0,0,0,0
2026-04-12,коллектор,объект Вита,9,96,0,23,0,0,0,0,0
2026-04-12,коллектор,объект Эпсилон,11,28170,26548,39,19,0,0,0,0
2026-04-12,коллектор,объект Зита,12,2093,1988,49,26,0,0,0,0
2026-04-12,коллектор,объект Каппа,15,8831,8686,57,21,1,1,0,0
2026-04-12,коллектор,объект Йота,3218,1347,0,22,0,0,0,0,0
2026-04-12,коллектор,объект Тау,3355,2944,0,18,0,0,0,0,0
2026-04-12,коллектор,объект Омикрон,3359,3448,3256,22,16,0,0,0,0
2026-04-12,коллектор,объект Мю,3828,28787,27907,150,28,19,17,0,0
2026-04-12,коллектор,объект Сигма,4068,173,0,6,0,0,0,0,0
2026-04-12,коллектор,ПС объект Ро,4356,2139,1996,59,7,0,0,0,0
2026-04-12,коллектор,ПС объект Омега,4573,212,112,20,8,0,0,0,0
2026-04-12,коллектор,объект Кси,5327,173,94,34,3,3,3,0,0
2026-04-12,листовой объект,объект Фита,20,5,0,5,0,0,0,0,0
2026-04-12,листовой объект,объект Вита,28,24,0,8,0,0,0,0,0
2026-04-12,листовой объект,объект Каппа ОС,42,85,0,18,0,0,0,0,0
2026-04-12,листовой объект,ДП ПС объект Ро,108,43,0,3,0,0,0,0,0
2026-04-12,листовой объект,объект Йота,3215,119,0,14,0,0,0,0,0
2026-04-12,листовой объект,ДП объект Йота,3216,1210,0,3,0,0,0,0,0
2026-04-12,листовой объект,Шкаф ОПС объект Йота,3250,2,0,1,0,0,0,0,0
2026-04-12,листовой объект,ПС объект Тау,3356,2936,0,14,0,0,0,0,0
2026-04-12,листовой объект,ДУ объект Омикрон,3360,3448,3256,22,16,0,0,0,0
2026-04-12,листовой объект,ДУ объект Тау,3388,8,0,4,0,0,0,0,0
2026-04-12,листовой объект,ДП объект Эпсилон,3902,2757,1153,18,6,0,0,0,0
2026-04-12,листовой объект,объект Эпсилон ОС,3904,5,0,4,0,0,0,0,0
2026-04-12,листовой объект,объект Пси ОС,3905,2,0,1,0,0,0,0,0
2026-04-12,листовой объект,объект Сигма,4069,1,0,1,0,0,0,0,0
2026-04-12,листовой объект,объект Хи,4095,3,0,2,0,0,0,0,0
2026-04-12,листовой объект,ДП объект Сигма,4177,172,0,5,0,0,0,0,0
2026-04-12,листовой объект,ДУ ПС объект Ро,4369,2090,1996,53,7,0,0,0,0
2026-04-12,листовой объект,объект Ро,4370,6,0,3,0,0,0,0,0
2026-04-12,листовой объект,ДУ объект Хи,4543,25403,25395,14,13,0,0,0,0
2026-04-12,листовой объект,ДУ объект Дельта,4610,4405,4375,16,15,0,0,0,0
2026-04-12,листовой объект,Шкаф ОПС объект Бета,4765,2,0,1,0,0,0,0,0
2026-04-12,листовой объект,ДУ ПС объект Омега,5003,212,112,20,8,0,0,0,0
2026-04-12,листовой объект,ДУ объект Вита,5011,72,0,15,0,0,0,0,0
2026-04-12,листовой объект,объект Дельта,5113,20,0,9,0,0,0,0,0
2026-04-12,листовой объект,ДУ объект Альфа,5122,75264,74915,105,48,0,0,0,0
2026-04-12,листовой объект,ДП объект Альфа,5123,686,0,13,0,0,0,0,0
2026-04-12,листовой объект,объект Фита,5129,15,0,6,0,0,0,0,0
2026-04-12,листовой объект,ДП объект Зита,5132,6,0,2,0,0,0,0,0
2026-04-12,листовой объект,объект Йота ДУ,5218,16,0,4,0,0,0,0,0
2026-04-12,листовой объект,объект Кси ПК0-ПК202,5332,14,0,7,0,1,1,0,0
2026-04-12,листовой объект,ДУ объект Кси,5333,154,94,24,3,0,0,0,0
2026-04-12,листовой объект,объект Пси,5339,98,0,2,0,0,0,0,0
2026-04-12,листовой объект,объект Кси ПК202-ПК302,5343,5,0,3,0,2,2,0,0
2026-04-12,листовой объект,объект Каппа ПС,5567,2,0,1,0,1,1,0,0
2026-04-12,листовой объект,объект Дзета ДУ,5578,1972,1970,25,24,0,0,0,0
2026-04-12,листовой объект,объект Дзета ОС,5580,26,0,8,0,0,0,0,0
2026-04-12,листовой объект,объект Зита ДУ,5591,46,18,4,2,0,0,0,0
2026-04-12,листовой объект,объект Дзета щит. ПК48 Г1 ПК5,5594,28,0,4,0,0,0,0,0
2026-04-12,листовой объект,объект Каппа ДУ,5657,8744,8686,38,21,0,0,0,0
2026-04-12,листовой объект,объект Мю ДП,5674,542,0,14,0,0,0,0,0
2026-04-12,листовой объект,объект Мю ДУ,5675,28143,27907,103,28,19,17,0,0
2026-04-12,листовой объект,объект Мю ОС,5676,94,0,30,0,0,0,0,0
2026-04-12,листовой объект,объект Мю шкафы,5678,8,0,3,0,0,0,0,0
2026-04-12,листовой объект,объект Гамма ДУ,5963,439,0,10,0,0,0,0,0
2026-04-13,коллектор,объект Альфа,5,77140,75043,146,48,0,0,0,0
2026-04-13,коллектор,объект Бета,6,10766,0,133,0,0,0,0,0
2026-04-13,коллектор,объект Гамма,7,1490,0,162,0,50,24,0,0
2026-04-13,коллектор,Комплекс объект Дельта,8,5510,4705,186,15,40,20,0,0
2026-04-13,коллектор,объект Вита,9,3149,0,123,0,0,0,0,0
2026-04-13,коллектор,объект Эпсилон,11,32049,26615,172,24,7,6,0,0
2026-04-13,коллектор,объект Зита,12,2086,1809,82,25,0,0,0,0
2026-04-13,коллектор,объект Каппа,15,9565,8931,134,22,0,0,0,0
2026-04-13,коллектор,объект Йота,3218,7710,0,66,0,0,0,0,0
2026-04-13,коллектор,объект Тау,3355,3630,0,26,0,0,0,0,0
2026-04-13,коллектор,объект Омикрон,3359,10221,3954,85,16,2,2,0,0
2026-04-13,коллектор,объект Мю,3828,29278,27836,149,28,2,1,0,0
2026-04-13,коллектор,объект Сигма,4068,426,0,17,0,0,0,0,0
2026-04-13,коллектор,ПС объект Ро,4356,3047,2910,60,6,0,0,0,0
2026-04-13,коллектор,ПС объект Омега,4573,9425,96,539,8,363,56,0,0
2026-04-13,коллектор,объект Кси,5327,667,106,143,3,1,1,0,0
2026-04-13,листовой объект,объект Фита,20,9732,0,48,0,0,0,0,0
2026-04-13,листовой объект,объект Вита,28,154,0,30,0,0,0,0,0
2026-04-13,листовой объект,объект Каппа ОС,42,452,0,32,0,0,0,0,0
2026-04-13,листовой объект,ДП объект Вита,99,2809,0,16,0,0,0,0,0
2026-04-13,листовой объект,ДП ПС объект Ро,108,36,0,3,0,0,0,0,0
2026-04-13,листовой объект,ДП объект Бета,111,638,0,77,0,0,0,0,0
2026-04-13,листовой объект,объект Бета,165,396,0,8,0,0,0,0,0
2026-04-13,листовой объект,объект Йота,3215,4682,0,47,0,0,0,0,0
2026-04-13,листовой объект,ДП объект Йота,3216,3002,0,6,0,0,0,0,0
2026-04-13,листовой объект,ПС объект Тау,3356,3610,0,20,0,0,0,0,0
2026-04-13,листовой объект,ДУ объект Омикрон,3360,4226,3954,63,16,2,2,0,0
2026-04-13,листовой объект,ДУ объект Тау,3388,10,0,4,0,0,0,0,0
2026-04-13,листовой объект,ДП объект Эпсилон,3902,6769,1533,118,11,0,0,0,0
2026-04-13,листовой объект,объект Эпсилон ОС,3904,67,0,9,0,0,0,0,0
2026-04-13,листовой объект,объект Пси ОС,3905,16,0,6,0,0,0,0,0
2026-04-13,листовой объект,объект Сигма,4069,150,0,4,0,0,0,0,0
2026-04-13,листовой объект,объект Хи,4095,39,0,8,0,0,0,0,0
2026-04-13,листовой объект,ДП объект Сигма,4177,276,0,13,0,0,0,0,0
2026-04-13,листовой объект,ДУ ПС объект Ро,4369,3002,2910,52,6,0,0,0,0
2026-04-13,листовой объект,объект Ро,4370,7,0,4,0,0,0,0,0
2026-04-13,листовой объект,объект Омикрон,4391,203,0,13,0,0,0,0,0
2026-04-13,листовой объект,ДП объект Омикрон,4392,5788,0,8,0,0,0,0,0
2026-04-13,листовой объект,ДУ объект Хи,4543,25158,25082,31,13,7,6,0,0
2026-04-13,листовой объект,Шкаф ОПС ПС объект Ро,4569,2,0,1,0,0,0,0,0
2026-04-13,листовой объект,ДП ПС объект Омега,4574,5074,0,24,0,4,4,0,0
2026-04-13,листовой объект,Шкаф ОПС ПС объект Омега,4577,25,0,9,0,0,0,0,0
2026-04-13,листовой объект,ДУ объект Дельта,4610,5157,4705,119,15,40,20,0,0
2026-04-13,листовой объект,ПС объект Омега,4648,1283,0,281,0,0,0,0,0
2026-04-13,листовой объект,Шкаф ОПС объект Омикрон,4763,4,0,1,0,0,0,0,0
2026-04-13,листовой объект,ДУ ПС объект Омега,5003,3043,96,225,8,359,52,0,0
2026-04-13,листовой объект,Шкаф ОПС ПС объект Тау,5009,10,0,2,0,0,0,0,0
2026-04-13,листовой объект,ДУ объект Вита,5011,186,0,77,0,0,0,0,0
2026-04-13,листовой объект,объект Дельта,5113,349,0,66,0,0,0,0,0
2026-04-13,листовой объект,Шкаф ОПС объект Дельта,5114,4,0,1,0,0,0,0,0
2026-04-13,листовой объект,ДУ объект Альфа,5122,75407,75043,108,48,0,0,0,0
2026-04-13,листовой объект,ДП объект Альфа,5123,862,0,16,0,0,0,0,0
2026-04-13,листовой объект,ДП объект Альфа 2 этаж,5124,660,0,11,0,0,0,0,0
2026-04-13,листовой объект,объект Фита,5129,28,0,9,0,0,0,0,0
2026-04-13,листовой объект,ДП объект Зита,5132,70,0,14,0,0,0,0,0
2026-04-13,листовой объект,объект Йота ДУ,5218,26,0,13,0,0,0,0,0
2026-04-13,листовой объект,объект Кси ПК0-ПК202,5332,52,0,18,0,0,0,0,0
2026-04-13,листовой объект,ДУ объект Кси,5333,326,106,103,3,0,0,0,0
2026-04-13,листовой объект,ДП объект Кси,5336,245,0,8,0,0,0,0,0
2026-04-13,листовой объект,объект Пси,5339,209,0,10,0,0,0,0,0
2026-04-13,листовой объект,объект Пси шкаф ОПС,5340,2,0,1,0,0,0,0,0
2026-04-13,листовой объект,объект Кси ПК202-ПК302,5343,44,0,14,0,1,1,0,0
2026-04-13,листовой объект,объект Дзета ДУ,5578,1839,1793,47,24,0,0,0,0
2026-04-13,листовой объект,объект Дзета ОС,5580,129,0,10,0,0,0,0,0
2026-04-13,листовой объект,объект Зита ОС,5582,4,0,1,0,0,0,0,0
2026-04-13,листовой объект,объект Зита ДУ,5591,16,16,1,1,0,0,0,0
2026-04-13,листовой объект,объект Каппа ДУ,5657,9113,8931,102,22,0,0,0,0
2026-04-13,листовой объект,объект Мю ДП,5674,1140,0,16,0,0,0,0,0
2026-04-13,листовой объект,объект Мю ДУ,5675,27999,27836,103,28,2,1,0,0
2026-04-13,листовой объект,объект Мю ОС,5676,139,0,30,0,0,0,0,0
2026-04-13,листовой объект,объект Гамма ОС,5961,666,0,48,0,0,0,0,0
2026-04-13,листовой объект,объект Гамма ПС,5962,68,0,20,0,34,20,0,0
2026-04-13,листовой объект,объект Гамма ДУ,5963,754,0,93,0,16,4,0,0
2026-04-13,листовой объект,объект Гамма шкафы,5966,2,0,1,0,0,0,0,0
2026-04-14,коллектор,объект Альфа,5,77096,73300,169,48,0,0,0,0
2026-04-14,коллектор,объект Бета,6,6582,0,91,0,0,0,0,0
2026-04-14,коллектор,объект Гамма,7,14572,0,889,0,5333,170,0,0
2026-04-14,коллектор,Комплекс объект Дельта,8,5641,5313,133,15,0,0,0,0
2026-04-14,коллектор,объект Вита,9,3433,0,144,0,3,3,0,0
2026-04-14,коллектор,объект Эпсилон,11,34610,25780,294,23,42,15,0,0
2026-04-14,коллектор,объект Зита,12,2779,1699,158,24,0,0,0,0
2026-04-14,коллектор,объект Каппа,15,9597,8711,134,21,7,1,0,0
2026-04-14,коллектор,объект Йота,3218,9325,0,76,0,3,3,0,0
2026-04-14,коллектор,объект Тау,3355,4215,0,25,0,0,0,0,0
2026-04-14,коллектор,объект Омикрон,3359,7084,4573,74,16,0,0,0,0
2026-04-14,коллектор,объект Мю,3828,29624,28132,202,26,6,5,0,0
2026-04-14,коллектор,объект Сигма,4068,887,0,23,0,0,0,0,0
2026-04-14,коллектор,ПС объект Ро,4356,3864,3392,142,9,4,2,0,0
2026-04-14,коллектор,ПС объект Омега,4573,1990,144,181,8,61,30,0,0
2026-04-14,коллектор,объект Кси,5327,479,99,99,4,1,1,0,0
2026-04-14,листовой объект,объект Фита,20,5933,0,30,0,0,0,0,0
2026-04-14,листовой объект,объект Вита,28,158,0,38,0,0,0,0,0
2026-04-14,листовой объект,объект Каппа ОС,42,695,0,31,0,0,0,0,0
2026-04-14,листовой объект,ДП объект Вита,99,3043,0,17,0,0,0,0,0
2026-04-14,листовой объект,ДП ПС объект Ро,108,38,0,4,0,0,0,0,0
2026-04-14,листовой объект,ДП объект Бета,111,326,0,52,0,0,0,0,0
2026-04-14,листовой объект,объект Бета,165,321,0,8,0,0,0,0,0
2026-04-14,листовой объект,объект Йота,3215,4943,0,41,0,0,0,0,0
2026-04-14,листовой объект,ДП объект Йота,3216,4290,0,7,0,0,0,0,0
2026-04-14,листовой объект,ПС объект Тау,3356,4197,0,16,0,0,0,0,0
2026-04-14,листовой объект,ДУ объект Омикрон,3360,4819,4573,58,16,0,0,0,0
2026-04-14,листовой объект,ДУ объект Тау,3388,18,0,9,0,0,0,0,0
2026-04-14,листовой объект,ДП объект Эпсилон,3902,8841,1191,187,10,28,8,0,0
2026-04-14,листовой объект,Шкафы ОС объект Эпсилон,3903,2,0,1,0,0,0,0,0
2026-04-14,листовой объект,объект Эпсилон ОС,3904,438,0,18,0,0,0,0,0
2026-04-14,листовой объект,объект Пси ОС,3905,145,0,28,0,0,0,0,0
2026-04-14,листовой объект,объект Сигма,4069,75,0,7,0,0,0,0,0
2026-04-14,листовой объект,объект Хи,4095,467,0,23,0,0,0,0,0
2026-04-14,листовой объект,ДП объект Сигма,4177,812,0,16,0,0,0,0,0
2026-04-14,листовой объект,ДУ ПС объект Ро,4369,3768,3392,113,9,4,2,0,0
2026-04-14,листовой объект,объект Ро,4370,56,0,24,0,0,0,0,0
2026-04-14,листовой объект,объект Омикрон,4391,175,0,7,0,0,0,0,0
2026-04-14,листовой объект,ДП объект Омикрон,4392,2088,0,8,0,0,0,0,0
2026-04-14,листовой объект,ДУ объект Хи,4543,24717,24589,37,13,14,7,0,0
2026-04-14,листовой объект,Шкаф ОПС ПС объект Ро,4569,2,0,1,0,0,0,0,0
2026-04-14,листовой объект,ДП ПС объект Омега,4574,1060,0,9,0,0,0,0,0
2026-04-14,листовой объект,Шкаф ОПС ПС объект Омега,4577,4,0,4,0,0,0,0,0
2026-04-14,листовой объект,ДУ объект Дельта,4610,5529,5313,105,15,0,0,0,0
2026-04-14,листовой объект,ПС объект Омега,4648,66,0,19,0,0,0,0,0
2026-04-14,листовой объект,Шкаф ОПС объект Омикрон,4763,2,0,1,0,0,0,0,0
2026-04-14,листовой объект,Шкаф ОПС объект Бета,4765,2,0,1,0,0,0,0,0
2026-04-14,листовой объект,ДУ ПС объект Омега,5003,860,144,149,8,61,30,0,0
2026-04-14,листовой объект,ДУ объект Вита,5011,232,0,89,0,3,3,0,0
2026-04-14,листовой объект,объект Дельта,5113,112,0,28,0,0,0,0,0
2026-04-14,листовой объект,ДУ объект Альфа,5122,73700,73300,124,48,0,0,0,0
2026-04-14,листовой объект,ДП объект Альфа,5123,2344,0,17,0,0,0,0,0
2026-04-14,листовой объект,ДП объект Альфа 2 этаж,5124,780,0,10,0,0,0,0,0
2026-04-14,листовой объект,объект Фита,5129,597,0,24,0,0,0,0,0
2026-04-14,листовой объект,ДП объект Зита,5132,116,0,28,0,0,0,0,0
2026-04-14,листовой объект,объект Йота ДУ,5218,92,0,28,0,3,3,0,0
2026-04-14,листовой объект,объект Кси ПК0-ПК202,5332,35,0,19,0,0,0,0,0
2026-04-14,листовой объект,ДУ объект Кси,5333,178,99,56,4,0,0,0,0
2026-04-14,листовой объект,ДП объект Кси,5336,243,0,9,0,0,0,0,0
2026-04-14,листовой объект,"Шкаф ОПС, ДУ объект Кси",5338,3,0,2,0,0,0,0,0
2026-04-14,листовой объект,объект Пси,5339,272,0,18,0,0,0,0,0
2026-04-14,листовой объект,объект Кси ПК202-ПК302,5343,20,0,13,0,1,1,0,0
2026-04-14,листовой объект,объект Каппа ПС,5567,14,0,1,0,7,1,0,0
2026-04-14,листовой объект,объект Дзета ДУ,5578,1765,1673,65,22,0,0,0,0
2026-04-14,листовой объект,объект Дзета ОС,5580,242,0,34,0,0,0,0,0
2026-04-14,листовой объект,объект Зита ОС,5582,9,0,4,0,0,0,0,0
2026-04-14,листовой объект,объект Зита ДУ,5591,50,26,3,2,0,0,0,0
2026-04-14,листовой объект,объект Каппа ДУ,5657,8888,8711,102,21,0,0,0,0
2026-04-14,листовой объект,объект Мю ДП,5674,1068,0,15,0,0,0,0,0
2026-04-14,листовой объект,объект Мю ДУ,5675,28353,28132,116,26,6,5,0,0
2026-04-14,листовой объект,объект Мю ОС,5676,199,0,70,0,0,0,0,0
2026-04-14,листовой объект,объект Мю ПС,5677,4,0,1,0,0,0,0,0
2026-04-14,листовой объект,объект Гамма ОС,5961,1093,0,112,0,0,0,0,0
2026-04-14,листовой объект,объект Гамма ПС,5962,11638,0,549,0,5226,123,0,0
2026-04-14,листовой объект,объект Гамма ДУ,5963,1821,0,224,0,107,47,0,0
2026-04-14,листовой объект,объект Гамма шкафы,5966,20,0,4,0,0,0,0,0
2026-04-15,коллектор,объект Альфа,5,76613,74033,142,47,0,0,0,0
2026-04-15,коллектор,объект Бета,6,4100,0,109,0,0,0,0,0
2026-04-15,коллектор,объект Гамма,7,582,0,28,0,3,3,0,0
2026-04-15,коллектор,Комплекс объект Дельта,8,7214,6616,157,33,2,1,2,1
2026-04-15,коллектор,объект Вита,9,3847,0,114,0,0,0,0,0
2026-04-15,коллектор,объект Эпсилон,11,34864,25782,256,27,10,10,0,0
2026-04-15,коллектор,объект Зита,12,2842,2728,44,28,3,2,0,0
2026-04-15,коллектор,объект Каппа,15,9562,8585,169,20,0,0,0,0
2026-04-15,коллектор,объект Йота,3218,9045,0,66,0,1,1,0,0
2026-04-15,коллектор,объект Тау,3355,9744,0,200,0,0,0,0,0
2026-04-15,коллектор,объект Омикрон,3359,6695,4280,75,16,0,0,0,0
2026-04-15,коллектор,объект Мю,3828,31480,30732,152,27,15,12,0,0
2026-04-15,коллектор,объект Сигма,4068,763,0,18,0,0,0,0,0
2026-04-15,коллектор,ПС объект Ро,4356,2135,1995,58,9,0,0,0,0
2026-04-15,коллектор,ПС объект Омега,4573,2872,278,221,8,0,0,0,0
2026-04-15,коллектор,объект Кси,5327,484,97,85,4,3,1,0,0
2026-04-15,листовой объект,объект Фита,20,3285,0,40,0,0,0,0,0
2026-04-15,листовой объект,объект Вита,28,103,0,24,0,0,0,0,0
2026-04-15,листовой объект,объект Каппа ОС,42,700,0,59,0,0,0,0,0
2026-04-15,листовой объект,ДП объект Вита,99,3500,0,14,0,0,0,0,0
2026-04-15,листовой объект,ДП ПС объект Ро,108,44,0,2,0,0,0,0,0
2026-04-15,листовой объект,ДП объект Бета,111,420,0,59,0,0,0,0,0
2026-04-15,листовой объект,объект Бета,165,365,0,8,0,0,0,0,0
2026-04-15,листовой объект,объект Йота,3215,4054,0,42,0,0,0,0,0
2026-04-15,листовой объект,ДП объект Йота,3216,4930,0,6,0,0,0,0,0
2026-04-15,листовой объект,Шкаф ОПС объект Йота,3250,2,0,1,0,0,0,0,0
2026-04-15,листовой объект,ПС объект Тау,3356,9466,0,62,0,0,0,0,0
2026-04-15,листовой объект,ДУ объект Омикрон,3360,4573,4280,62,16,0,0,0,0
2026-04-15,листовой объект,ДУ объект Тау,3388,278,0,138,0,0,0,0,0
2026-04-15,листовой объект,ДП объект Эпсилон,3902,8402,864,178,14,10,10,0,0
2026-04-15,листовой объект,объект Эпсилон ОС,3904,390,0,12,0,0,0,0,0
2026-04-15,листовой объект,объект Пси ОС,3905,1036,0,18,0,0,0,0,0
2026-04-15,листовой объект,объект Сигма,4069,43,0,5,0,0,0,0,0
2026-04-15,листовой объект,объект Хи,4095,56,0,15,0,0,0,0,0
2026-04-15,листовой объект,ДП объект Сигма,4177,720,0,13,0,0,0,0,0
2026-04-15,листовой объект,ДУ ПС объект Ро,4369,2087,1995,55,9,0,0,0,0
2026-04-15,листовой объект,объект Ро,4370,4,0,1,0,0,0,0,0
2026-04-15,листовой объект,объект Омикрон,4391,54,0,4,0,0,0,0,0
2026-04-15,листовой объект,ДП объект Омикрон,4392,2068,0,9,0,0,0,0,0
2026-04-15,листовой объект,ДУ объект Хи,4543,24980,24918,33,13,0,0,0,0
2026-04-15,листовой объект,ДП ПС объект Омега,4574,1958,0,9,0,0,0,0,0
2026-04-15,листовой объект,ДУ объект Дельта,4610,6838,6616,127,33,2,1,2,1
2026-04-15,листовой объект,ПС объект Омега,4648,112,0,43,0,0,0,0,0
2026-04-15,листовой объект,Шкаф ОПС объект Бета,4765,30,0,2,0,0,0,0,0
2026-04-15,листовой объект,Шкаф ОПС объект Зита,4770,7,0,1,0,1,1,0,0
2026-04-15,листовой объект,ДУ ПС объект Омега,5003,802,278,169,8,0,0,0,0
2026-04-15,листовой объект,ДУ объект Вита,5011,244,0,76,0,0,0,0,0
2026-04-15,листовой объект,объект Дельта,5113,376,0,30,0,0,0,0,0
2026-04-15,листовой объект,ДУ объект Альфа,5122,74315,74033,111,47,0,0,0,0
2026-04-15,листовой объект,ДП объект Альфа,5123,1450,0,14,0,0,0,0,0
2026-04-15,листовой объект,ДП объект Альфа 2 этаж,5124,688,0,9,0,0,0,0,0
2026-04-15,листовой объект,объект Фита,5129,2,0,2,0,0,0,0,0
2026-04-15,листовой объект,ДП объект Зита,5132,16,0,4,0,2,1,0,0
2026-04-15,листовой объект,объект Йота ДУ,5218,59,0,17,0,1,1,0,0
2026-04-15,листовой объект,объект Кси ПК0-ПК202,5332,18,0,8,0,0,0,0,0
2026-04-15,листовой объект,ДУ объект Кси,5333,244,97,57,4,0,0,0,0
2026-04-15,листовой объект,ДП объект Кси,5336,204,0,9,0,0,0,0,0
2026-04-15,листовой объект,"Шкаф ОПС, ДУ объект Кси",5338,3,0,2,0,0,0,0,0
2026-04-15,листовой объект,объект Пси,5339,160,0,8,0,0,0,0,0
2026-04-15,листовой объект,объект Кси ПК202-ПК302,5343,15,0,9,0,3,1,0,0
2026-04-15,листовой объект,объект Дзета ДУ,5578,2710,2708,27,26,0,0,0,0
2026-04-15,листовой объект,объект Дзета ОС,5580,17,0,7,0,0,0,0,0
2026-04-15,листовой объект,объект Зита ДУ,5591,90,20,3,2,0,0,0,0
2026-04-15,листовой объект,объект Каппа ДУ,5657,8862,8585,110,20,0,0,0,0
2026-04-15,листовой объект,объект Мю ДП,5674,302,0,10,0,0,0,0,0
2026-04-15,листовой объект,объект Мю ДУ,5675,30949,30732,108,27,15,12,0,0
2026-04-15,листовой объект,объект Мю ОС,5676,225,0,32,0,0,0,0,0
2026-04-15,листовой объект,объект Мю шкафы,5678,4,0,2,0,0,0,0,0
2026-04-15,листовой объект,объект Гамма ОС,5961,8,0,2,0,0,0,0,0
2026-04-15,листовой объект,объект Гамма ДУ,5963,570,0,24,0,3,3,0,0
2026-04-15,листовой объект,объект Гамма шкафы,5966,4,0,2,0,0,0,0,0
2026-04-16,коллектор,объект Альфа,5,74978,72741,135,48,0,0,0,0
2026-04-16,коллектор,объект Бета,6,3104,0,103,0,0,0,0,0
2026-04-16,коллектор,объект Гамма,7,1007,0,99,0,1,1,0,0
2026-04-16,коллектор,Комплекс объект Дельта,8,8060,6824,485,18,0,0,0,0
2026-04-16,коллектор,объект Вита,9,2598,0,74,0,0,0,0,0
2026-04-16,коллектор,объект Эпсилон,11,32610,25212,231,27,30,7,0,0
2026-04-16,коллектор,объект Зита,12,1897,1780,50,26,0,0,0,0
2026-04-16,коллектор,объект Каппа,15,9377,8855,123,20,1,1,0,0
2026-04-16,коллектор,объект Йота,3218,12150,0,74,0,0,0,0,0
2026-04-16,коллектор,объект Тау,3355,2932,0,85,0,0,0,0,0
2026-04-16,коллектор,объект Омикрон,3359,5411,3524,125,13,0,0,0,0
2026-04-16,коллектор,объект Мю,3828,32596,30357,705,27,0,0,0,0
2026-04-16,коллектор,объект Сигма,4068,1144,0,24,0,0,0,0,0
2026-04-16,коллектор,ПС объект Ро,4356,1919,1780,60,7,0,0,0,0
2026-04-16,коллектор,ПС объект Омега,4573,2958,64,142,8,0,0,0,0
2026-04-16,коллектор,объект Кси,5327,2460,101,890,7,19,15,0,0
2026-04-16,листовой объект,объект Фита,20,2179,0,37,0,0,0,0,0
2026-04-16,листовой объект,объект Вита,28,60,0,12,0,0,0,0,0
2026-04-16,листовой объект,объект Каппа ОС,42,332,0,24,0,0,0,0,0
2026-04-16,листовой объект,ДП объект Вита,99,2394,0,17,0,0,0,0,0
2026-04-16,листовой объект,ДП ПС объект Ро,108,40,0,4,0,0,0,0,0
2026-04-16,листовой объект,ДП объект Бета,111,356,0,58,0,0,0,0,0
2026-04-16,листовой объект,объект Бета,165,569,0,8,0,0,0,0,0
2026-04-16,листовой объект,объект Йота,3215,6329,0,46,0,0,0,0,0
2026-04-16,листовой объект,ДП объект Йота,3216,5776,0,5,0,0,0,0,0
2026-04-16,листовой объект,ПС объект Тау,3356,2790,0,15,0,0,0,0,0
2026-04-16,листовой объект,ДУ объект Омикрон,3360,3900,3524,74,13,0,0,0,0
2026-04-16,листовой объект,ДУ объект Тау,3388,140,0,69,0,0,0,0,0
2026-04-16,листовой объект,ДП объект Эпсилон,3902,8698,1932,174,14,30,7,0,0
2026-04-16,листовой объект,объект Эпсилон ОС,3904,511,0,21,0,0,0,0,0
2026-04-16,листовой объект,объект Пси ОС,3905,89,0,11,0,0,0,0,0
2026-04-16,листовой объект,объект Сигма,4069,54,0,8,0,0,0,0,0
2026-04-16,листовой объект,объект Хи,4095,4,0,1,0,0,0,0,0
2026-04-16,листовой объект,ДП объект Сигма,4177,1090,0,16,0,0,0,0,0
2026-04-16,листовой объект,ДУ ПС объект Ро,4369,1874,1780,54,7,0,0,0,0
2026-04-16,листовой объект,объект Ро,4370,5,0,2,0,0,0,0,0
2026-04-16,листовой объект,объект Омикрон,4391,255,0,43,0,0,0,0,0
2026-04-16,листовой объект,ДП объект Омикрон,4392,1256,0,8,0,0,0,0,0
2026-04-16,листовой объект,ДУ объект Хи,4543,23308,23280,24,13,0,0,0,0
2026-04-16,листовой объект,ДП ПС объект Омега,4574,2516,0,7,0,0,0,0,0
2026-04-16,листовой объект,Шкаф ОПС ПС объект Омега,4577,3,0,3,0,0,0,0,0
2026-04-16,листовой объект,ДУ объект Дельта,4610,7304,6824,142,18,0,0,0,0
2026-04-16,листовой объект,ПС объект Омега,4648,177,0,50,0,0,0,0,0
2026-04-16,листовой объект,ДУ ПС объект Омега,5003,262,64,82,8,0,0,0,0
2026-04-16,листовой объект,Шкаф ОПС ПС объект Тау,5009,2,0,1,0,0,0,0,0
2026-04-16,листовой объект,ДУ объект Вита,5011,144,0,45,0,0,0,0,0
2026-04-16,листовой объект,объект Дельта,5113,740,0,336,0,0,0,0,0
2026-04-16,листовой объект,Шкаф ОПС объект Дельта,5114,16,0,7,0,0,0,0,0
2026-04-16,листовой объект,ДУ объект Альфа,5122,73125,72741,109,48,0,0,0,0
2026-04-16,листовой объект,ДП объект Альфа,5123,1300,0,14,0,0,0,0,0
2026-04-16,листовой объект,ДП объект Альфа 2 этаж,5124,478,0,9,0,0,0,0,0
2026-04-16,листовой объект,объект Фита,5129,10,0,6,0,0,0,0,0
2026-04-16,листовой объект,ДП объект Зита,5132,62,0,10,0,0,0,0,0
2026-04-16,листовой объект,объект Йота ДУ,5218,45,0,23,0,0,0,0,0
2026-04-16,листовой объект,объект Кси ПК0-ПК202,5332,1024,0,497,0,0,0,0,0
2026-04-16,листовой объект,ДУ объект Кси,5333,414,101,96,7,14,14,0,0
2026-04-16,листовой объект,ДП объект Кси,5336,442,0,15,0,0,0,0,0
2026-04-16,листовой объект,"Шкаф ОПС, ДУ объект Кси",5338,6,0,2,0,0,0,0,0
2026-04-16,листовой объект,объект Пси,5339,75,0,3,0,0,0,0,0
2026-04-16,листовой объект,объект Кси ПК202-ПК302,5343,574,0,280,0,5,1,0,0
2026-04-16,листовой объект,объект Дзета ДУ,5578,1770,1768,26,25,0,0,0,0
2026-04-16,листовой объект,объект Дзета ОС,5580,9,0,5,0,0,0,0,0
2026-04-16,листовой объект,объект Зита ДУ,5591,46,12,3,1,0,0,0,0
2026-04-16,листовой объект,объект Каппа ДУ,5657,9045,8855,99,20,1,1,0,0
2026-04-16,листовой объект,объект Мю ДП,5674,930,0,47,0,0,0,0,0
2026-04-16,листовой объект,объект Мю ДУ,5675,30501,30357,94,27,0,0,0,0
2026-04-16,листовой объект,объект Мю ОС,5676,112,0,37,0,0,0,0,0
2026-04-16,листовой объект,объект Мю ПС,5677,1052,0,526,0,0,0,0,0
2026-04-16,листовой объект,объект Мю шкафы,5678,1,0,1,0,0,0,0,0
2026-04-16,листовой объект,объект Гамма ОС,5961,450,0,53,0,0,0,0,0
2026-04-16,листовой объект,объект Гамма ДУ,5963,555,0,45,0,1,1,0,0
2026-04-16,листовой объект,объект Гамма шкафы,5966,2,0,1,0,0,0,0,0
2026-04-17,коллектор,объект Альфа,5,73872,71057,135,47,0,0,0,0
2026-04-17,коллектор,объект Бета,6,12411,594,116,4,0,0,0,0
2026-04-17,коллектор,объект Гамма,7,13961,0,832,0,2564,19,0,0
2026-04-17,коллектор,Комплекс объект Дельта,8,5796,5476,117,17,0,0,0,0
2026-04-17,коллектор,объект Вита,9,4169,0,95,0,0,0,0,0
2026-04-17,коллектор,объект Эпсилон,11,30483,22943,175,25,0,0,0,0
2026-04-17,коллектор,объект Зита,12,3802,3499,84,23,0,0,0,0
2026-04-17,коллектор,объект Каппа,15,9806,9431,112,21,0,0,0,0
2026-04-17,коллектор,объект Йота,3218,7353,0,60,0,0,0,0,0
2026-04-17,коллектор,объект Тау,3355,3472,0,107,0,0,0,0,0
2026-04-17,коллектор,объект Омикрон,3359,7329,3469,65,15,0,0,0,0
2026-04-17,коллектор,объект Мю,3828,31111,30305,124,28,1,1,0,0
2026-04-17,коллектор,объект Сигма,4068,154,0,5,0,0,0,0,0
2026-04-17,коллектор,ПС объект Ро,4356,2082,1934,67,7,0,0,0,0
2026-04-17,коллектор,ПС объект Омега,4573,3627,238,135,8,68,6,0,0
2026-04-17,коллектор,объект Кси,5327,714,77,96,4,3,3,0,0
2026-04-17,листовой объект,объект Фита,20,1435,0,24,0,0,0,0,0
2026-04-17,листовой объект,объект Вита,28,61,0,12,0,0,0,0,0
2026-04-17,листовой объект,объект Каппа ОС,42,199,0,17,0,0,0,0,0
2026-04-17,листовой объект,ДП объект Вита,99,3928,0,14,0,0,0,0,0
2026-04-17,листовой объект,ДП ПС объект Ро,108,34,0,3,0,0,0,0,0
2026-04-17,листовой объект,ДП объект Бета,111,10909,594,84,4,0,0,0,0
2026-04-17,листовой объект,объект Бета,165,67,0,8,0,0,0,0,0
2026-04-17,листовой объект,объект Йота,3215,4047,0,42,0,0,0,0,0
2026-04-17,листовой объект,ДП объект Йота,3216,3252,0,4,0,0,0,0,0
2026-04-17,листовой объект,ПС объект Тау,3356,3302,0,22,0,0,0,0,0
2026-04-17,листовой объект,ДУ объект Омикрон,3360,3791,3469,52,15,0,0,0,0
2026-04-17,листовой объект,ДУ объект Тау,3388,170,0,85,0,0,0,0,0
2026-04-17,листовой объект,ДП объект Эпсилон,3902,8986,1578,137,12,0,0,0,0
2026-04-17,листовой объект,объект Эпсилон ОС,3904,74,0,5,0,0,0,0,0
2026-04-17,листовой объект,объект Пси ОС,3905,25,0,6,0,0,0,0,0
2026-04-17,листовой объект,объект Хи,4095,7,0,3,0,0,0,0,0
2026-04-17,листовой объект,ДП объект Сигма,4177,154,0,5,0,0,0,0,0
2026-04-17,листовой объект,ДУ ПС объект Ро,4369,2040,1934,60,7,0,0,0,0
2026-04-17,листовой объект,объект Ро,4370,6,0,3,0,0,0,0,0
2026-04-17,листовой объект,объект Омикрон,4391,24,0,5,0,0,0,0,0
2026-04-17,листовой объект,ДП объект Омикрон,4392,3514,0,8,0,0,0,0,0
2026-04-17,листовой объект,ДУ объект Хи,4543,21391,21365,24,13,0,0,0,0
2026-04-17,листовой объект,Шкаф ОПС ПС объект Ро,4569,2,0,1,0,0,0,0,0
2026-04-17,листовой объект,ДП ПС объект Омега,4574,1543,0,8,0,0,0,0,0
2026-04-17,листовой объект,Шкаф ОПС ПС объект Омега,4577,2,0,2,0,0,0,0,0
2026-04-17,листовой объект,ДУ объект Дельта,4610,5662,5476,91,17,0,0,0,0
2026-04-17,листовой объект,ПС объект Омега,4648,103,0,22,0,0,0,0,0
2026-04-17,листовой объект,ДУ ПС объект Омега,5003,1979,238,103,8,68,6,0,0
2026-04-17,листовой объект,ДУ объект Вита,5011,180,0,69,0,0,0,0,0
2026-04-17,листовой объект,объект Дельта,5113,134,0,26,0,0,0,0,0
2026-04-17,листовой объект,ДУ объект Альфа,5122,71442,71057,104,47,0,0,0,0
2026-04-17,листовой объект,ДП объект Альфа,5123,1316,0,14,0,0,0,0,0
2026-04-17,листовой объект,ДП объект Альфа 2 этаж,5124,962,0,14,0,0,0,0,0
2026-04-17,листовой объект,объект Фита,5129,17,0,6,0,0,0,0,0
2026-04-17,листовой объект,ДП объект Зита,5132,82,0,15,0,0,0,0,0
2026-04-17,листовой объект,объект Йота ДУ,5218,54,0,14,0,0,0,0,0
2026-04-17,листовой объект,объект Кси ПК0-ПК202,5332,27,0,11,0,0,0,0,0
2026-04-17,листовой объект,ДУ объект Кси,5333,225,77,62,4,3,3,0,0
2026-04-17,листовой объект,ДП объект Кси,5336,440,0,14,0,0,0,0,0
2026-04-17,листовой объект,"Шкаф ОПС, ДУ объект Кси",5338,6,0,2,0,0,0,0,0
2026-04-17,листовой объект,объект Пси,5339,152,0,3,0,0,0,0,0
2026-04-17,листовой объект,объект Кси ПК202-ПК302,5343,16,0,7,0,0,0,0,0
2026-04-17,листовой объект,объект Дзета ДУ,5578,3543,3489,51,22,0,0,0,0
2026-04-17,листовой объект,объект Дзета ОС,5580,146,0,10,0,0,0,0,0
2026-04-17,листовой объект,объект Зита ОС,5582,4,0,1,0,0,0,0,0
2026-04-17,листовой объект,объект Зита ДУ,5591,10,10,1,1,0,0,0,0
2026-04-17,листовой объект,объект Каппа ДУ,5657,9607,9431,95,21,0,0,0,0
2026-04-17,листовой объект,объект Мю ДП,5674,606,0,11,0,0,0,0,0
2026-04-17,листовой объект,объект Мю ДУ,5675,30457,30305,95,28,1,1,0,0
2026-04-17,листовой объект,объект Мю ОС,5676,48,0,18,0,0,0,0,0
2026-04-17,листовой объект,объект Гамма ОС,5961,2348,0,74,0,4,2,0,0
2026-04-17,листовой объект,объект Гамма ПС,5962,9549,0,534,0,2558,15,0,0
2026-04-17,листовой объект,объект Гамма ДУ,5963,2064,0,224,0,2,2,0,0
2026-04-18,коллектор,объект Альфа,5,74485,73126,107,47,0,0,0,0
2026-04-18,коллектор,объект Бета,6,25162,1432,73,4,0,0,0,0
2026-04-18,коллектор,объект Гамма,7,16161,0,53,0,7824,18,0,0
2026-04-18,коллектор,Комплекс объект Дельта,8,5742,5569,88,20,0,0,0,0
2026-04-18,коллектор,объект Вита,9,74,0,21,0,3,3,0,0
2026-04-18,коллектор,объект Эпсилон,11,24424,22836,44,22,0,0,0,0
2026-04-18,коллектор,объект Зита,12,2796,2308,87,27,0,0,0,0
2026-04-18,коллектор,объект Каппа,15,9303,9249,35,21,0,0,0,0
2026-04-18,коллектор,объект Йота,3218,4493,0,57,0,2,2,0,0
2026-04-18,коллектор,объект Тау,3355,4679,0,22,0,0,0,0,0
2026-04-18,коллектор,объект Омикрон,3359,2574,2242,31,14,0,0,0,0
2026-04-18,коллектор,объект Мю,3828,29980,29197,122,27,2,2,0,0
2026-04-18,коллектор,объект Сигма,4068,120,0,5,0,0,0,0,0
2026-04-18,коллектор,ПС объект Ро,4356,2577,2404,69,9,0,0,0,0
2026-04-18,коллектор,ПС объект Омега,4573,264,144,19,8,0,0,0,0
2026-04-18,коллектор,объект Кси,5327,470,101,144,4,13,13,0,0
2026-04-18,листовой объект,объект Фита,20,3,0,3,0,0,0,0,0
2026-04-18,листовой объект,объект Вита,28,12,0,8,0,0,0,0,0
2026-04-18,листовой объект,объект Каппа ОС,42,18,0,10,0,0,0,0,0
2026-04-18,листовой объект,ДП объект Вита,99,3,0,3,0,0,0,0,0
2026-04-18,листовой объект,ДП ПС объект Ро,108,58,0,3,0,0,0,0,0
2026-04-18,листовой объект,ДП объект Бета,111,25159,1432,70,4,0,0,0,0
2026-04-18,листовой объект,объект Йота,3215,1250,0,29,0,0,0,0,0
2026-04-18,листовой объект,ДП объект Йота,3216,3192,0,4,0,0,0,0,0
2026-04-18,листовой объект,ПС объект Тау,3356,4667,0,17,0,0,0,0,0
2026-04-18,листовой объект,ДУ объект Омикрон,3360,2480,2242,21,14,0,0,0,0
2026-04-18,листовой объект,ДУ объект Тау,3388,12,0,5,0,0,0,0,0
2026-04-18,листовой объект,ДП объект Эпсилон,3902,3480,1908,25,9,0,0,0,0
2026-04-18,листовой объект,объект Эпсилон ОС,3904,2,0,2,0,0,0,0,0
2026-04-18,листовой объект,объект Пси ОС,3905,3,0,2,0,0,0,0,0
2026-04-18,листовой объект,объект Хи,4095,1,0,1,0,0,0,0,0
2026-04-18,листовой объект,ДП объект Сигма,4177,120,0,5,0,0,0,0,0
2026-04-18,листовой объект,ДУ ПС объект Ро,4369,2510,2404,62,9,0,0,0,0
2026-04-18,листовой объект,объект Ро,4370,5,0,2,0,0,0,0,0
2026-04-18,листовой объект,объект Омикрон,4391,10,0,5,0,0,0,0,0
2026-04-18,листовой объект,ДП объект Омикрон,4392,80,0,4,0,0,0,0,0
2026-04-18,листовой объект,ДУ объект Хи,4543,20938,20928,14,13,0,0,0,0
2026-04-18,листовой объект,Шкаф ОПС ПС объект Ро,4569,4,0,2,0,0,0,0,0
2026-04-18,листовой объект,ДУ объект Дельта,4610,5715,5569,75,20,0,0,0,0
2026-04-18,листовой объект,Шкаф ОПС объект Омикрон,4763,4,0,1,0,0,0,0,0
2026-04-18,листовой объект,Шкаф ОПС объект Вита,4767,2,0,1,0,0,0,0,0
2026-04-18,листовой объект,ДУ ПС объект Омега,5003,264,144,19,8,0,0,0,0
2026-04-18,листовой объект,ДУ объект Вита,5011,57,0,9,0,3,3,0,0
2026-04-18,листовой объект,объект Дельта,5113,27,0,13,0,0,0,0,0
2026-04-18,листовой объект,ДУ объект Альфа,5122,73426,73126,93,47,0,0,0,0
2026-04-18,листовой объект,ДП объект Альфа,5123,856,0,11,0,0,0,0,0
2026-04-18,листовой объект,объект Фита,5129,14,0,6,0,0,0,0,0
2026-04-18,листовой объект,ДП объект Зита,5132,76,0,15,0,0,0,0,0
2026-04-18,листовой объект,объект Йота ДУ,5218,51,0,24,0,2,2,0,0
2026-04-18,листовой объект,объект Кси ПК0-ПК202,5332,201,0,99,0,0,0,0,0
2026-04-18,листовой объект,ДУ объект Кси,5333,183,101,25,4,12,12,0,0
2026-04-18,листовой объект,ДП объект Кси,5336,62,0,10,0,0,0,0,0
2026-04-18,листовой объект,"Шкаф ОПС, ДУ объект Кси",5338,6,0,2,0,0,0,0,0
2026-04-18,листовой объект,объект Пси,5339,203,0,3,0,0,0,0,0
2026-04-18,листовой объект,объект Кси ПК202-ПК302,5343,18,0,8,0,1,1,0,0
2026-04-18,листовой объект,объект Дзета ДУ,5578,2350,2304,49,26,0,0,0,0
2026-04-18,листовой объект,объект Дзета ОС,5580,348,0,15,0,0,0,0,0
2026-04-18,листовой объект,объект Зита ОС,5582,4,0,1,0,0,0,0,0
2026-04-18,листовой объект,объект Зита ДУ,5591,4,4,1,1,0,0,0,0
2026-04-18,листовой объект,объект Каппа ДУ,5657,9285,9249,25,21,0,0,0,0
2026-04-18,листовой объект,объект Мю ДП,5674,592,0,11,0,0,0,0,0
2026-04-18,листовой объект,объект Мю ДУ,5675,29316,29197,81,27,1,1,0,0
2026-04-18,листовой объект,объект Мю ОС,5676,71,0,29,0,0,0,0,0
2026-04-18,листовой объект,объект Мю ПС,5677,1,0,1,0,1,1,0,0
2026-04-18,листовой объект,объект Гамма ОС,5961,8,0,3,0,0,0,0,0
2026-04-18,листовой объект,объект Гамма ПС,5962,15661,0,37,0,7819,13,0,0
2026-04-18,листовой объект,объект Гамма ДУ,5963,492,0,13,0,5,5,0,0
2026-04-19,коллектор,объект Альфа,5,72322,71420,106,47,0,0,0,0
2026-04-19,коллектор,объект Бета,6,25168,1430,81,4,0,0,0,0
2026-04-19,коллектор,объект Гамма,7,12915,0,192,0,6158,111,0,0
2026-04-19,коллектор,Комплекс объект Дельта,8,6712,6669,27,16,0,0,0,0
2026-04-19,коллектор,объект Вита,9,50,0,8,0,0,0,0,0
2026-04-19,коллектор,объект Эпсилон,11,26264,24218,48,22,0,0,0,0
2026-04-19,коллектор,объект Зита,12,2383,2320,50,26,0,0,0,0
2026-04-19,коллектор,объект Каппа,15,9774,9722,37,21,0,0,0,0
2026-04-19,коллектор,объект Йота,3218,2,0,2,0,0,0,0,0
2026-04-19,коллектор,объект Тау,3355,6087,0,50,0,0,0,0,0
2026-04-19,коллектор,объект Омикрон,3359,2038,1782,23,11,0,0,0,0
2026-04-19,коллектор,объект Мю,3828,31071,30330,131,28,0,0,0,0
2026-04-19,коллектор,объект Сигма,4068,94,0,2,0,0,0,0,0
2026-04-19,коллектор,ПС объект Ро,4356,4362,4231,60,9,0,0,0,0
2026-04-19,коллектор,ПС объект Омега,4573,232,128,19,8,0,0,0,0
2026-04-19,коллектор,объект Кси,5327,170,141,8,3,0,0,0,0
2026-04-19,листовой объект,объект Фита,20,15,0,11,0,0,0,0,0
2026-04-19,листовой объект,объект Вита,28,7,0,2,0,0,0,0,0
2026-04-19,листовой объект,объект Каппа ОС,42,20,0,12,0,0,0,0,0
2026-04-19,листовой объект,ДП объект Вита,99,1,0,1,0,0,0,0,0
2026-04-19,листовой объект,ДП ПС объект Ро,108,28,0,2,0,0,0,0,0
2026-04-19,листовой объект,ДП объект Бета,111,25153,1430,70,4,0,0,0,0
2026-04-19,листовой объект,объект Йота,3215,2,0,2,0,0,0,0,0
2026-04-19,листовой объект,ПС объект Тау,3356,6063,0,38,0,0,0,0,0
2026-04-19,листовой объект,ДУ объект Омикрон,3360,2018,1782,17,11,0,0,0,0
2026-04-19,листовой объект,ДУ объект Тау,3388,24,0,12,0,0,0,0,0
2026-04-19,листовой объект,ДП объект Эпсилон,3902,3034,1010,25,10,0,0,0,0
2026-04-19,листовой объект,объект Эпсилон ОС,3904,3,0,3,0,0,0,0,0
2026-04-19,листовой объект,объект Пси ОС,3905,13,0,7,0,0,0,0,0
2026-04-19,листовой объект,ДП объект Сигма,4177,94,0,2,0,0,0,0,0
2026-04-19,листовой объект,ДУ ПС объект Ро,4369,4325,4231,55,9,0,0,0,0
2026-04-19,листовой объект,объект Ро,4370,5,0,2,0,0,0,0,0
2026-04-19,листовой объект,объект Омикрон,4391,12,0,5,0,0,0,0,0
2026-04-19,листовой объект,ДУ объект Хи,4543,23214,23208,13,12,0,0,0,0
2026-04-19,листовой объект,Шкаф ОПС ПС объект Ро,4569,4,0,1,0,0,0,0,0
2026-04-19,листовой объект,ДУ объект Дельта,4610,6701,6669,17,16,0,0,0,0
2026-04-19,листовой объект,Шкаф ОПС объект Омикрон,4763,8,0,1,0,0,0,0,0
2026-04-19,листовой объект,ДУ ПС объект Омега,5003,232,128,19,8,0,0,0,0
2026-04-19,листовой объект,ДУ объект Вита,5011,42,0,5,0,0,0,0,0
2026-04-19,листовой объект,объект Дельта,5113,11,0,10,0,0,0,0,0
2026-04-19,листовой объект,ДУ объект Альфа,5122,71735,71420,93,47,0,0,0,0
2026-04-19,листовой объект,ДП объект Альфа,5123,508,0,10,0,0,0,0,0
2026-04-19,листовой объект,объект Фита,5129,3,0,3,0,0,0,0,0
2026-04-19,листовой объект,ДУ объект Кси,5333,170,141,8,3,0,0,0,0
2026-04-19,листовой объект,объект Пси,5339,79,0,3,0,0,0,0,0
2026-04-19,листовой объект,объект Дзета ДУ,5578,2302,2300,25,24,0,0,0,0
2026-04-19,листовой объект,объект Дзета ОС,5580,18,0,7,0,0,0,0,0
2026-04-19,листовой объект,объект Зита ОС,5582,12,0,5,0,0,0,0,0
2026-04-19,листовой объект,объект Зита ПС,5583,4,0,2,0,0,0,0,0
2026-04-19,листовой объект,объект Зита ДУ,5591,40,20,6,2,0,0,0,0
2026-04-19,листовой объект,объект Зита шкафы,5593,4,0,2,0,0,0,0,0
2026-04-19,листовой объект,объект Каппа ДУ,5657,9754,9722,25,21,0,0,0,0
2026-04-19,листовой объект,объект Мю ДП,5674,526,0,9,0,0,0,0,0
2026-04-19,листовой объект,объект Мю ДУ,5675,30450,30330,84,28,0,0,0,0
2026-04-19,листовой объект,объект Мю ОС,5676,95,0,38,0,0,0,0,0
2026-04-19,листовой объект,объект Гамма ОС,5961,8,0,2,0,0,0,0,0
2026-04-19,листовой объект,объект Гамма ПС,5962,12287,0,114,0,6118,83,0,0
2026-04-19,листовой объект,объект Гамма ДУ,5963,620,0,76,0,40,28,0,0
2026-04-20,коллектор,объект Альфа,5,78820,73860,177,47,26,18,0,0
2026-04-20,коллектор,объект Бета,6,8076,446,112,4,0,0,0,0
2026-04-20,коллектор,объект Гамма,7,35543,0,751,0,695,160,0,0
2026-04-20,коллектор,Комплекс объект Дельта,8,4791,4196,184,16,0,0,0,0
2026-04-20,коллектор,объект Вита,9,2450,0,143,0,0,0,0,0
2026-04-20,коллектор,объект Эпсилон,11,30150,23415,208,18,7,7,0,0
2026-04-20,коллектор,объект Зита,12,1837,1786,44,27,0,0,0,0
2026-04-20,коллектор,объект Каппа,15,10181,9843,116,20,0,0,0,0
2026-04-20,коллектор,объект Йота,3218,7772,0,60,0,0,0,0,0
2026-04-20,коллектор,объект Тау,3355,3867,0,116,0,0,0,0,0
2026-04-20,коллектор,объект Омикрон,3359,4397,2282,131,13,5,5,0,0
2026-04-20,коллектор,объект Мю,3828,31633,30322,160,27,2,1,0,0
2026-04-20,коллектор,объект Сигма,4068,74,0,5,0,0,0,0,0
2026-04-20,коллектор,ПС объект Ро,4356,3091,2921,74,9,0,0,0,0
2026-04-20,коллектор,ПС объект Омега,4573,6428,336,205,8,381,30,0,0
2026-04-20,коллектор,объект Кси,5327,754,111,155,3,0,0,0,0
2026-04-20,листовой объект,объект Фита,20,70,0,24,0,0,0,0,0
2026-04-20,листовой объект,объект Вита,28,224,0,41,0,0,0,0,0
2026-04-20,листовой объект,объект Каппа ОС,42,166,0,23,0,0,0,0,0
2026-04-20,листовой объект,ДП объект Вита,99,2028,0,17,0,0,0,0,0
2026-04-20,листовой объект,ДП ПС объект Ро,108,44,0,3,0,0,0,0,0
2026-04-20,листовой объект,ДП объект Бета,111,7996,446,83,4,0,0,0,0
2026-04-20,листовой объект,объект Бета,165,10,0,5,0,0,0,0,0
2026-04-20,листовой объект,объект Йота,3215,3829,0,37,0,0,0,0,0
2026-04-20,листовой объект,ДП объект Йота,3216,3908,0,5,0,0,0,0,0
2026-04-20,листовой объект,Шкаф ОПС объект Йота,3250,2,0,1,0,0,0,0,0
2026-04-20,листовой объект,ПС объект Тау,3356,3693,0,29,0,0,0,0,0
2026-04-20,листовой объект,ДУ объект Омикрон,3360,2670,2282,80,13,5,5,0,0
2026-04-20,листовой объект,ДУ объект Тау,3388,174,0,87,0,0,0,0,0
2026-04-20,листовой объект,ДП объект Эпсилон,3902,7183,798,146,5,7,7,0,0
2026-04-20,листовой объект,объект Эпсилон ОС,3904,235,0,23,0,0,0,0,0
2026-04-20,листовой объект,объект Пси ОС,3905,77,0,11,0,0,0,0,0
2026-04-20,листовой объект,объект Хи,4095,12,0,4,0,0,0,0,0
2026-04-20,листовой объект,ДП объект Сигма,4177,74,0,5,0,0,0,0,0
2026-04-20,листовой объект,ДУ ПС объект Ро,4369,3029,2921,63,9,0,0,0,0
2026-04-20,листовой объект,объект Ро,4370,18,0,8,0,0,0,0,0
2026-04-20,листовой объект,объект Омикрон,4391,267,0,43,0,0,0,0,0
2026-04-20,листовой объект,ДП объект Омикрон,4392,1460,0,8,0,0,0,0,0
2026-04-20,листовой объект,ДУ объект Хи,4543,22643,22617,24,13,0,0,0,0
2026-04-20,листовой объект,ДП ПС объект Омега,4574,2064,0,7,0,0,0,0,0
2026-04-20,листовой объект,ДУ объект Дельта,4610,4502,4196,114,16,0,0,0,0
2026-04-20,листовой объект,ПС объект Омега,4648,92,0,32,0,0,0,0,0
2026-04-20,листовой объект,ДУ ПС объект Омега,5003,4272,336,166,8,381,30,0,0
2026-04-20,листовой объект,ДУ объект Вита,5011,198,0,85,0,0,0,0,0
2026-04-20,листовой объект,объект Дельта,5113,289,0,70,0,0,0,0,0
2026-04-20,листовой объект,ДУ объект Альфа,5122,74197,73860,105,47,0,0,0,0
2026-04-20,листовой объект,ДП объект Альфа,5123,3265,0,33,0,19,12,0,0
2026-04-20,листовой объект,ДП объект Альфа 2 этаж,5124,1164,0,24,0,7,6,0,0
2026-04-20,листовой объект,объект Фита,5129,4,0,3,0,0,0,0,0
2026-04-20,листовой объект,ДП объект Зита,5132,6,0,2,0,0,0,0,0
2026-04-20,листовой объект,объект Йота ДУ,5218,33,0,17,0,0,0,0,0
2026-04-20,листовой объект,объект Кси ПК0-ПК202,5332,93,0,30,0,0,0,0,0
2026-04-20,листовой объект,ДУ объект Кси,5333,348,111,103,3,0,0,0,0
2026-04-20,листовой объект,ДП объект Кси,5336,286,0,9,0,0,0,0,0
2026-04-20,листовой объект,объект Пси,5339,172,0,9,0,0,0,0,0
2026-04-20,листовой объект,объект Пси шкаф ОПС,5340,22,0,6,0,0,0,0,0
2026-04-20,листовой объект,объект Кси ПК202-ПК302,5343,27,0,13,0,0,0,0,0
2026-04-20,листовой объект,объект Дзета ДУ,5578,1780,1778,27,26,0,0,0,0
2026-04-20,листовой объект,объект Дзета ОС,5580,39,0,11,0,0,0,0,0
2026-04-20,листовой объект,объект Зита ДУ,5591,8,8,1,1,0,0,0,0
2026-04-20,листовой объект,объект Каппа ДУ,5657,10015,9843,93,20,0,0,0,0
2026-04-20,листовой объект,объект Мю ДП,5674,968,0,12,0,0,0,0,0
2026-04-20,листовой объект,объект Мю ДУ,5675,30484,30322,104,27,0,0,0,0
2026-04-20,листовой объект,объект Мю ОС,5676,176,0,43,0,0,0,0,0
2026-04-20,листовой объект,объект Мю ПС,5677,5,0,1,0,2,1,0,0
2026-04-20,листовой объект,объект Гамма ОС,5961,834,0,50,0,0,0,0,0
2026-04-20,листовой объект,объект Гамма ПС,5962,23279,0,472,0,346,104,0,0
2026-04-20,листовой объект,объект Гамма ДУ,5963,11408,0,224,0,349,56,0,0
2026-04-20,листовой объект,объект Гамма шкафы,5966,22,0,5,0,0,0,0,0
2026-04-21,коллектор,объект Альфа,5,76827,73571,310,47,42,11,0,0
2026-04-21,коллектор,объект Бета,6,1003,0,119,0,0,0,0,0
2026-04-21,коллектор,объект Гамма,7,38616,0,945,0,207,56,0,0
2026-04-21,коллектор,Комплекс объект Дельта,8,4322,3562,158,13,0,0,0,0
2026-04-21,коллектор,объект Вита,9,3106,0,128,0,2,1,0,0
2026-04-21,коллектор,объект Эпсилон,11,30019,23106,184,17,27,20,0,0
2026-04-21,коллектор,объект Зита,12,6914,3666,201,28,236,16,0,0
2026-04-21,коллектор,объект Каппа,15,10817,10472,116,21,0,0,0,0
2026-04-21,коллектор,объект Йота,3218,8841,0,70,0,20,8,0,0
2026-04-21,коллектор,объект Тау,3355,3616,0,94,0,0,0,0,0
2026-04-21,коллектор,объект Омикрон,3359,4455,2981,62,14,0,0,0,0
2026-04-21,коллектор,объект Мю,3828,32334,31428,204,26,1,1,0,0
2026-04-21,коллектор,объект Сигма,4068,3257,0,13,0,0,0,0,0
2026-04-21,коллектор,ПС объект Ро,4356,2479,2204,127,6,0,0,0,0
2026-04-21,коллектор,ПС объект Омега,4573,266,112,31,8,0,0,0,0
2026-04-21,коллектор,объект Кси,5327,859,123,122,3,0,0,0,0
2026-04-21,листовой объект,объект Фита,20,600,0,45,0,0,0,0,0
2026-04-21,листовой объект,объект Вита,28,251,0,32,0,0,0,0,0
2026-04-21,листовой объект,объект Каппа ОС,42,171,0,22,0,0,0,0,0
2026-04-21,листовой объект,ДП объект Вита,99,2631,0,17,0,0,0,0,0
2026-04-21,листовой объект,ДП ПС объект Ро,108,28,0,4,0,0,0,0,0
2026-04-21,листовой объект,ДП объект Бета,111,358,0,66,0,0,0,0,0
2026-04-21,листовой объект,объект Бета,165,45,0,8,0,0,0,0,0
2026-04-21,листовой объект,объект Йота,3215,5397,0,38,0,0,0,0,0
2026-04-21,листовой объект,ДП объект Йота,3216,3306,0,5,0,0,0,0,0
2026-04-21,листовой объект,Шкаф ОПС объект Йота,3250,20,0,2,0,0,0,0,0
2026-04-21,листовой объект,ПС объект Тау,3356,3480,0,27,0,0,0,0,0
2026-04-21,листовой объект,ДУ объект Омикрон,3360,3204,2981,48,14,0,0,0,0
2026-04-21,листовой объект,ДУ объект Тау,3388,136,0,67,0,0,0,0,0
2026-04-21,листовой объект,ДП объект Эпсилон,3902,7297,649,121,4,27,20,0,0
2026-04-21,листовой объект,объект Эпсилон ОС,3904,153,0,18,0,0,0,0,0
2026-04-21,листовой объект,объект Пси ОС,3905,96,0,26,0,0,0,0,0
2026-04-21,листовой объект,объект Сигма,4069,1,0,1,0,0,0,0,0
2026-04-21,листовой объект,объект Хи,4095,4,0,1,0,0,0,0,0
2026-04-21,листовой объект,ДП объект Сигма,4177,3256,0,12,0,0,0,0,0
2026-04-21,листовой объект,ДУ ПС объект Ро,4369,2402,2204,103,6,0,0,0,0
2026-04-21,листовой объект,объект Ро,4370,47,0,19,0,0,0,0,0
2026-04-21,листовой объект,объект Омикрон,4391,301,0,5,0,0,0,0,0
2026-04-21,листовой объект,ДП объект Омикрон,4392,944,0,8,0,0,0,0,0
2026-04-21,листовой объект,ДУ объект Хи,4543,22469,22457,18,13,0,0,0,0
2026-04-21,листовой объект,Шкаф ОПС ПС объект Ро,4569,2,0,1,0,0,0,0,0
2026-04-21,листовой объект,ДУ объект Дельта,4610,3784,3562,101,13,0,0,0,0
2026-04-21,листовой объект,ПС объект Омега,4648,42,0,3,0,0,0,0,0
2026-04-21,листовой объект,Шкаф ОПС объект Омикрон,4763,6,0,1,0,0,0,0,0
2026-04-21,листовой объект,ДУ ПС объект Омега,5003,224,112,28,8,0,0,0,0
2026-04-21,листовой объект,ДУ объект Вита,5011,224,0,79,0,2,1,0,0
2026-04-21,листовой объект,объект Дельта,5113,538,0,57,0,0,0,0,0
2026-04-21,листовой объект,ДУ объект Альфа,5122,73982,73571,133,47,4,4,0,0
2026-04-21,листовой объект,ДП объект Альфа,5123,1128,0,17,0,0,0,0,0
2026-04-21,листовой объект,ДП объект Альфа 2 этаж,5124,786,0,12,0,0,0,0,0
2026-04-21,листовой объект,объект Фита,5129,1045,0,35,0,0,0,0,0
2026-04-21,листовой объект,ДП объект Зита,5132,180,0,28,0,0,0,0,0
2026-04-21,листовой объект,объект Йота ДУ,5218,118,0,25,0,20,8,0,0
2026-04-21,листовой объект,объект Кси ПК0-ПК202,5332,114,0,20,0,0,0,0,0
2026-04-21,листовой объект,ДУ объект Кси,5333,373,123,90,3,0,0,0,0
2026-04-21,листовой объект,ДП объект Кси,5336,360,0,8,0,0,0,0,0
2026-04-21,листовой объект,объект Пси,5339,911,0,141,0,38,7,0,0
2026-04-21,листовой объект,объект Пси шкаф ОПС,5340,20,0,7,0,0,0,0,0
2026-04-21,листовой объект,объект Кси ПК202-ПК302,5343,12,0,4,0,0,0,0,0
2026-04-21,листовой объект,объект Дзета ДУ,5578,5249,3654,91,27,236,16,0,0
2026-04-21,листовой объект,объект Дзета ОС,5580,379,0,39,0,0,0,0,0
2026-04-21,листовой объект,объект Дзета ПС,5581,39,0,3,0,0,0,0,0
2026-04-21,листовой объект,объект Зита ОС,5582,8,0,3,0,0,0,0,0
2026-04-21,листовой объект,объект Зита ДУ,5591,14,12,2,1,0,0,0,0
2026-04-21,листовой объект,объект Каппа ДУ,5657,10646,10472,94,21,0,0,0,0
2026-04-21,листовой объект,объект Мю ДП,5674,450,0,11,0,0,0,0,0
2026-04-21,листовой объект,объект Мю ДУ,5675,31613,31428,113,26,1,1,0,0
2026-04-21,листовой объект,объект Мю ОС,5676,271,0,80,0,0,0,0,0
2026-04-21,листовой объект,объект Гамма ОС,5961,487,0,38,0,0,0,0,0
2026-04-21,листовой объект,объект Гамма ПС,5962,27987,0,679,0,104,21,0,0
2026-04-21,листовой объект,объект Гамма ДУ,5963,10115,0,224,0,103,35,0,0
2026-04-21,листовой объект,объект Гамма шкафы,5966,27,0,4,0,0,0,0,0
2026-04-22,коллектор,объект Альфа,5,75281,72822,145,47,0,0,0,0
2026-04-22,коллектор,объект Бета,6,390,0,98,0,0,0,0,0
2026-04-22,коллектор,объект Гамма,7,10155,0,962,0,622,60,0,0
2026-04-22,коллектор,Комплекс объект Дельта,8,4697,4250,135,15,16,8,0,0
2026-04-22,коллектор,объект Вита,9,3983,0,132,0,4,3,0,0
2026-04-22,коллектор,объект Эпсилон,11,31229,23755,213,17,37,17,0,0
2026-04-22,коллектор,объект Зита,12,8438,5071,538,25,19,4,0,0
2026-04-22,коллектор,объект Каппа,15,10787,10445,123,22,0,0,0,0
2026-04-22,коллектор,объект Йота,3218,6371,0,68,0,0,0,0,0
2026-04-22,коллектор,объект Тау,3355,4060,0,120,0,6,6,0,0
2026-04-22,коллектор,объект Омикрон,3359,5184,3027,229,14,12,12,0,0
2026-04-22,коллектор,объект Мю,3828,32343,31480,147,26,23,10,0,0
2026-04-22,коллектор,объект Сигма,4068,76,0,8,0,0,0,0,0
2026-04-22,коллектор,ПС объект Ро,4356,3598,3170,120,7,0,0,0,0
2026-04-22,коллектор,ПС объект Омега,4573,11720,364,228,8,425,24,0,0
2026-04-22,коллектор,объект Кси,5327,463,126,72,4,0,0,0,0
2026-04-22,листовой объект,объект Фита,20,95,0,33,0,0,0,0,0
2026-04-22,листовой объект,объект Вита,28,227,0,35,0,0,0,0,0
2026-04-22,листовой объект,объект Каппа ОС,42,172,0,28,0,0,0,0,0
2026-04-22,листовой объект,ДП объект Вита,99,3551,0,18,0,0,0,0,0
2026-04-22,листовой объект,ДП ПС объект Ро,108,46,0,4,0,0,0,0,0
2026-04-22,листовой объект,ДП объект Бета,111,288,0,62,0,0,0,0,0
2026-04-22,листовой объект,объект Бета,165,7,0,3,0,0,0,0,0
2026-04-22,листовой объект,объект Йота,3215,3191,0,43,0,0,0,0,0
2026-04-22,листовой объект,ДП объект Йота,3216,3132,0,5,0,0,0,0,0
2026-04-22,листовой объект,Шкаф ОПС объект Йота,3250,8,0,2,0,0,0,0,0
2026-04-22,листовой объект,ПС объект Тау,3356,3876,0,38,0,0,0,0,0
2026-04-22,листовой объект,ДУ объект Омикрон,3360,3284,3027,58,14,12,12,0,0
2026-04-22,листовой объект,ДУ объект Тау,3388,178,0,80,0,6,6,0,0
2026-04-22,листовой объект,ДП объект Эпсилон,3902,7142,876,155,4,37,17,0,0
2026-04-22,листовой объект,объект Эпсилон ОС,3904,283,0,8,0,0,0,0,0
2026-04-22,листовой объект,объект Пси ОС,3905,879,0,16,0,0,0,0,0
2026-04-22,листовой объект,объект Сигма,4069,1,0,1,0,0,0,0,0
2026-04-22,листовой объект,объект Хи,4095,14,0,6,0,0,0,0,0
2026-04-22,листовой объект,ДП объект Сигма,4177,75,0,7,0,0,0,0,0
2026-04-22,листовой объект,ДУ ПС объект Ро,4369,3322,3170,83,7,0,0,0,0
2026-04-22,листовой объект,объект Ро,4370,226,0,32,0,0,0,0,0
2026-04-22,листовой объект,объект Омикрон,4391,376,0,127,0,0,0,0,0
2026-04-22,листовой объект,ДП объект Омикрон,4392,1494,0,33,0,0,0,0,0
2026-04-22,листовой объект,ДУ объект Хи,4543,22911,22879,28,13,0,0,0,0
2026-04-22,листовой объект,Шкаф ОПС ПС объект Ро,4569,4,0,1,0,0,0,0,0
2026-04-22,листовой объект,ДП ПС объект Омега,4574,6157,0,12,0,0,0,0,0
2026-04-22,листовой объект,Шкаф ОПС ПС объект Омега,4577,6,0,1,0,0,0,0,0
2026-04-22,листовой объект,ДУ объект Дельта,4610,4486,4250,94,15,16,8,0,0
2026-04-22,листовой объект,ПС объект Омега,4648,190,0,43,0,0,0,0,0
2026-04-22,листовой объект,Шкаф ОПС объект Омикрон,4763,30,0,11,0,0,0,0,0
2026-04-22,листовой объект,ДУ ПС объект Омега,5003,5367,364,172,8,425,24,0,0
2026-04-22,листовой объект,Шкаф ОПС ПС объект Тау,5009,6,0,2,0,0,0,0,0
2026-04-22,листовой объект,ДУ объект Вита,5011,205,0,79,0,4,3,0,0
2026-04-22,листовой объект,объект Дельта,5113,208,0,40,0,0,0,0,0
2026-04-22,листовой объект,Шкаф ОПС объект Дельта,5114,3,0,1,0,0,0,0,0
2026-04-22,листовой объект,ДУ объект Альфа,5122,73155,72822,107,47,0,0,0,0
2026-04-22,листовой объект,ДП объект Альфа,5123,1133,0,19,0,0,0,0,0
2026-04-22,листовой объект,ДП объект Альфа 2 этаж,5124,649,0,13,0,0,0,0,0
2026-04-22,листовой объект,объект Фита,5129,12,0,7,0,0,0,0,0
2026-04-22,листовой объект,ДП объект Зита,5132,170,0,11,0,0,0,0,0
2026-04-22,листовой объект,объект Йота ДУ,5218,40,0,18,0,0,0,0,0
2026-04-22,листовой объект,объект Кси ПК0-ПК202,5332,10,0,6,0,0,0,0,0
2026-04-22,листовой объект,ДУ объект Кси,5333,284,126,58,4,0,0,0,0
2026-04-22,листовой объект,ДП объект Кси,5336,164,0,5,0,0,0,0,0
2026-04-22,листовой объект,объект Пси,5339,340,0,4,0,0,0,0,0
2026-04-22,листовой объект,объект Пси шкаф ОПС,5340,4,0,2,0,0,0,0,0
2026-04-22,листовой объект,объект Кси ПК202-ПК302,5343,5,0,3,0,0,0,0,0
2026-04-22,листовой объект,объект Дзета ДУ,5578,5193,5053,49,23,6,2,0,0
2026-04-22,листовой объект,объект Дзета шкафы,5579,38,0,12,0,0,0,0,0
2026-04-22,листовой объект,объект Дзета ОС,5580,1412,0,76,0,13,2,0,0
2026-04-22,листовой объект,объект Дзета ПС,5581,1412,0,341,0,0,0,0,0
2026-04-22,листовой объект,объект Зита ОС,5582,46,0,9,0,0,0,0,0
2026-04-22,листовой объект,объект Зита ПС,5583,74,0,19,0,0,0,0,0
2026-04-22,листовой объект,объект Зита ДУ,5591,26,18,5,2,0,0,0,0
2026-04-22,листовой объект,объект Зита шкафы,5593,11,0,3,0,0,0,0,0
2026-04-22,листовой объект,объект Дзета щит. ПК48 Г1 ПК5,5594,44,0,6,0,0,0,0,0
2026-04-22,листовой объект,объект Каппа ДУ,5657,10615,10445,95,22,0,0,0,0
2026-04-22,листовой объект,объект Мю ДП,5674,534,0,13,0,0,0,0,0
2026-04-22,листовой объект,объект Мю ДУ,5675,31703,31480,98,26,23,10,0,0
2026-04-22,листовой объект,объект Мю ОС,5676,104,0,35,0,0,0,0,0
2026-04-22,листовой объект,объект Мю шкафы,5678,2,0,1,0,0,0,0,0
2026-04-22,листовой объект,объект Гамма ОС,5961,332,0,58,0,0,0,0,0
2026-04-22,листовой объект,объект Гамма ПС,5962,7763,0,679,0,611,55,0,0
2026-04-22,листовой объект,объект Гамма ДУ,5963,2056,0,224,0,11,5,0,0
2026-04-22,листовой объект,объект Гамма шкафы,5966,4,0,1,0,0,0,0,0
2026-04-23,коллектор,объект Альфа,5,76784,74152,143,48,0,0,0,0
2026-04-23,коллектор,объект Бета,6,639,0,111,0,0,0,0,0
2026-04-23,коллектор,объект Гамма,7,3905,0,668,0,150,36,0,0
2026-04-23,коллектор,Комплекс объект Дельта,8,5189,4795,129,14,18,8,0,0
2026-04-23,коллектор,объект Вита,9,3121,0,73,0,0,0,0,0
2026-04-23,коллектор,объект Эпсилон,11,31134,23921,229,23,24,23,0,0
2026-04-23,коллектор,объект Зита,12,8703,8516,64,28,0,0,0,0
2026-04-23,коллектор,объект Каппа,15,11637,10264,135,21,0,0,0,0
2026-04-23,коллектор,объект Йота,3218,6723,0,69,0,0,0,0,0
2026-04-23,коллектор,объект Тау,3355,4240,0,215,0,12,6,0,0
2026-04-23,коллектор,объект Омикрон,3359,6434,3841,108,15,0,0,0,0
2026-04-23,коллектор,объект Мю,3828,17959,15038,255,39,74,73,39,39
2026-04-23,коллектор,объект Сигма,4068,1103,0,39,0,4,4,0,0
2026-04-23,коллектор,ПС объект Ро,4356,3839,3679,66,7,3,3,0,0
2026-04-23,коллектор,ПС объект Омега,4573,312,144,29,8,0,0,0,0
2026-04-23,коллектор,объект Кси,5327,543,89,96,3,1,1,0,0
2026-04-23,листовой объект,объект Фита,20,256,0,47,0,0,0,0,0
2026-04-23,листовой объект,объект Вита,28,77,0,15,0,0,0,0,0
2026-04-23,листовой объект,объект Каппа ОС,42,1189,0,36,0,0,0,0,0
2026-04-23,листовой объект,ДП объект Вита,99,2908,0,12,0,0,0,0,0
2026-04-23,листовой объект,ДП ПС объект Ро,108,38,0,3,0,0,0,0,0
2026-04-23,листовой объект,ДП объект Бета,111,336,0,56,0,0,0,0,0
2026-04-23,листовой объект,объект Бета,165,47,0,8,0,0,0,0,0
2026-04-23,листовой объект,объект Йота,3215,3951,0,45,0,0,0,0,0
2026-04-23,листовой объект,ДП объект Йота,3216,2716,0,5,0,0,0,0,0
2026-04-23,листовой объект,Шкаф ОПС объект Йота,3250,4,0,1,0,0,0,0,0
2026-04-23,листовой объект,ПС объект Тау,3356,3846,0,60,0,0,0,0,0
2026-04-23,листовой объект,ДУ объект Омикрон,3360,4084,3841,70,15,0,0,0,0
2026-04-23,листовой объект,ДУ объект Тау,3388,386,0,153,0,12,6,0,0
2026-04-23,листовой объект,ДП объект Эпсилон,3902,7629,949,159,10,24,23,0,0
2026-04-23,листовой объект,объект Эпсилон ОС,3904,174,0,7,0,0,0,0,0
2026-04-23,листовой объект,объект Пси ОС,3905,202,0,12,0,0,0,0,0
2026-04-23,листовой объект,объект Сигма,4069,100,0,13,0,0,0,0,0
2026-04-23,листовой объект,объект Хи,4095,103,0,18,0,0,0,0,0
2026-04-23,листовой объект,ДП объект Сигма,4177,1003,0,26,0,4,4,0,0
2026-04-23,листовой объект,ДУ ПС объект Ро,4369,3787,3679,58,7,3,3,0,0
2026-04-23,листовой объект,объект Ро,4370,8,0,4,0,0,0,0,0
2026-04-23,листовой объект,объект Омикрон,4391,672,0,29,0,0,0,0,0
2026-04-23,листовой объект,ДП объект Омикрон,4392,1678,0,9,0,0,0,0,0
2026-04-23,листовой объект,ДУ объект Хи,4543,23026,22972,33,13,0,0,0,0
2026-04-23,листовой объект,Шкаф ОПС ПС объект Ро,4569,6,0,1,0,0,0,0,0
2026-04-23,листовой объект,ДП ПС объект Омега,4574,44,0,9,0,0,0,0,0
2026-04-23,листовой объект,ДУ объект Дельта,4610,5048,4795,98,14,18,8,0,0
2026-04-23,листовой объект,ДУ ПС объект Омега,5003,268,144,20,8,0,0,0,0
2026-04-23,листовой объект,Шкаф ОПС ПС объект Тау,5009,8,0,2,0,0,0,0,0
2026-04-23,листовой объект,ДУ объект Вита,5011,136,0,46,0,0,0,0,0
2026-04-23,листовой объект,объект Дельта,5113,138,0,30,0,0,0,0,0
2026-04-23,листовой объект,Шкаф ОПС объект Дельта,5114,3,0,1,0,0,0,0,0
2026-04-23,листовой объект,ДУ объект Альфа,5122,74605,74152,108,48,0,0,0,0
2026-04-23,листовой объект,ДП объект Альфа,5123,913,0,17,0,0,0,0,0
2026-04-23,листовой объект,ДП объект Альфа 2 этаж,5124,949,0,14,0,0,0,0,0
2026-04-23,листовой объект,объект Фита,5129,8,0,6,0,0,0,0,0
2026-04-23,листовой объект,ДП объект Зита,5132,24,0,2,0,0,0,0,0
2026-04-23,листовой объект,объект Йота ДУ,5218,52,0,18,0,0,0,0,0
2026-04-23,листовой объект,объект Кси ПК0-ПК202,5332,19,0,5,0,0,0,0,0
2026-04-23,листовой объект,ДУ объект Кси,5333,297,89,76,3,0,0,0,0
2026-04-23,листовой объект,ДП объект Кси,5336,212,0,10,0,0,0,0,0
2026-04-23,листовой объект,объект Пси,5339,315,0,3,0,0,0,0,0
2026-04-23,листовой объект,объект Пси шкаф ОПС,5340,2,0,1,0,0,0,0,0
2026-04-23,листовой объект,объект Кси ПК202-ПК302,5343,15,0,5,0,1,1,0,0
2026-04-23,листовой объект,объект Дзета ДУ,5578,8526,8500,37,26,0,0,0,0
2026-04-23,листовой объект,объект Дзета ОС,5580,85,0,16,0,0,0,0,0
2026-04-23,листовой объект,объект Зита ДУ,5591,60,16,3,2,0,0,0,0
2026-04-23,листовой объект,объект Каппа ДУ,5657,10448,10264,99,21,0,0,0,0
2026-04-23,листовой объект,объект Мю ДП,5674,1772,0,14,0,0,0,0,0
2026-04-23,листовой объект,объект Мю ДУ,5675,15424,15038,148,39,74,73,39,39
2026-04-23,листовой объект,объект Мю ОС,5676,695,0,91,0,0,0,0,0
2026-04-23,листовой объект,объект Мю ПС,5677,68,0,2,0,0,0,0,0
2026-04-23,листовой объект,объект Гамма ОС,5961,932,0,59,0,0,0,0,0
2026-04-23,листовой объект,объект Гамма ПС,5962,2495,0,566,0,145,32,0,0
2026-04-23,листовой объект,объект Гамма ДУ,5963,472,0,42,0,5,4,0,0
2026-04-23,листовой объект,объект Гамма шкафы,5966,6,0,1,0,0,0,0,0
2026-04-24,коллектор,объект Альфа,5,77038,74241,155,49,10,8,3,1
2026-04-24,коллектор,объект Бета,6,2708,0,147,0,0,0,0,0
2026-04-24,коллектор,объект Гамма,7,5729,0,948,0,339,73,0,0
2026-04-24,коллектор,Комплекс объект Дельта,8,4912,4278,139,12,28,7,0,0
2026-04-24,коллектор,объект Вита,9,3740,0,93,0,3,1,0,0
2026-04-24,коллектор,объект Эпсилон,11,30448,23910,177,18,47,43,0,0
2026-04-24,коллектор,объект Зита,12,11157,11092,43,26,0,0,0,0
2026-04-24,коллектор,объект Каппа,15,11228,10579,171,21,1,1,0,0
2026-04-24,коллектор,объект Йота,3218,9205,0,63,0,0,0,0,0
2026-04-24,коллектор,объект Тау,3355,4295,0,310,0,0,0,0,0
2026-04-24,коллектор,объект Омикрон,3359,5252,3902,65,12,0,0,0,0
2026-04-24,коллектор,объект Мю,3828,1909,6,142,1,7,3,3,1
2026-04-24,коллектор,объект Сигма,4068,1265,0,29,0,0,0,0,0
2026-04-24,коллектор,ПС объект Ро,4356,2558,2404,60,6,0,0,0,0
2026-04-24,коллектор,ПС объект Омега,4573,746,208,133,8,11,11,0,0
2026-04-24,коллектор,объект Кси,5327,820,98,114,3,2,1,0,0
2026-04-24,листовой объект,объект Фита,20,2119,0,62,0,0,0,0,0
2026-04-24,листовой объект,объект Вита,28,148,0,24,0,0,0,0,0
2026-04-24,листовой объект,объект Каппа ОС,42,439,0,61,0,0,0,0,0
2026-04-24,листовой объект,ДП объект Вита,99,3433,0,15,0,0,0,0,0
2026-04-24,листовой объект,ДП ПС объект Ро,108,54,0,4,0,0,0,0,0
2026-04-24,листовой объект,ДП объект Бета,111,472,0,75,0,0,0,0,0
2026-04-24,листовой объект,объект Бета,165,115,0,9,0,0,0,0,0
2026-04-24,листовой объект,объект Йота,3215,4827,0,37,0,0,0,0,0
2026-04-24,листовой объект,ДП объект Йота,3216,4332,0,6,0,0,0,0,0
2026-04-24,листовой объект,Шкаф ОПС объект Йота,3250,4,0,1,0,0,0,0,0
2026-04-24,листовой объект,ПС объект Тау,3356,4059,0,199,0,0,0,0,0
2026-04-24,листовой объект,ДУ объект Омикрон,3360,4076,3902,46,12,0,0,0,0
2026-04-24,листовой объект,ДУ объект Тау,3388,224,0,110,0,0,0,0,0
2026-04-24,листовой объект,ДП объект Эпсилон,3902,7465,1066,142,5,47,43,0,0
2026-04-24,листовой объект,объект Эпсилон ОС,3904,7,0,3,0,0,0,0,0
2026-04-24,листовой объект,объект Пси ОС,3905,112,0,11,0,0,0,0,0
2026-04-24,листовой объект,объект Сигма,4069,257,0,13,0,0,0,0,0
2026-04-24,листовой объект,объект Хи,4095,7,0,3,0,0,0,0,0
2026-04-24,листовой объект,ДП объект Сигма,4177,1008,0,16,0,0,0,0,0
2026-04-24,листовой объект,ДУ ПС объект Ро,4369,2496,2404,52,6,0,0,0,0
2026-04-24,листовой объект,объект Ро,4370,8,0,4,0,0,0,0,0
2026-04-24,листовой объект,объект Омикрон,4391,144,0,10,0,0,0,0,0
2026-04-24,листовой объект,ДП объект Омикрон,4392,1030,0,8,0,0,0,0,0
2026-04-24,листовой объект,ДУ объект Хи,4543,22848,22844,14,13,0,0,0,0
2026-04-24,листовой объект,ДП ПС объект Омега,4574,70,0,4,0,0,0,0,0
2026-04-24,листовой объект,ДУ объект Дельта,4610,4634,4278,100,12,28,7,0,0
2026-04-24,листовой объект,ПС объект Омега,4648,106,0,40,0,0,0,0,0
2026-04-24,листовой объект,Шкаф ОПС объект Омикрон,4763,2,0,1,0,0,0,0,0
2026-04-24,листовой объект,Шкаф ОПС объект Бета,4765,2,0,1,0,0,0,0,0
2026-04-24,листовой объект,Шкаф ОПС объект Вита,4767,7,0,1,0,3,1,0,0
2026-04-24,листовой объект,ДУ ПС объект Омега,5003,570,208,89,8,11,11,0,0
2026-04-24,листовой объект,Шкаф ОПС ПС объект Тау,5009,12,0,1,0,0,0,0,0
2026-04-24,листовой объект,ДУ объект Вита,5011,152,0,53,0,0,0,0,0
2026-04-24,листовой объект,объект Дельта,5113,278,0,39,0,0,0,0,0
2026-04-24,листовой объект,ДУ объект Альфа,5122,74757,74241,120,49,10,8,3,1
2026-04-24,листовой объект,ДП объект Альфа,5123,1691,0,18,0,0,0,0,0
2026-04-24,листовой объект,ДП объект Альфа 2 этаж,5124,360,0,5,0,0,0,0,0
2026-04-24,листовой объект,ДП объект Зита,5132,6,0,2,0,0,0,0,0
2026-04-24,листовой объект,объект Йота ДУ,5218,42,0,19,0,0,0,0,0
2026-04-24,листовой объект,объект Кси ПК0-ПК202,5332,91,0,16,0,2,1,0,0
2026-04-24,листовой объект,ДУ объект Кси,5333,366,98,83,3,0,0,0,0
2026-04-24,листовой объект,ДП объект Кси,5336,350,0,10,0,0,0,0,0
2026-04-24,листовой объект,объект Пси,5339,219,0,9,0,0,0,0,0
2026-04-24,листовой объект,объект Пси шкаф ОПС,5340,11,0,3,0,0,0,0,0
2026-04-24,листовой объект,объект Кси ПК202-ПК302,5343,13,0,5,0,0,0,0,0
2026-04-24,листовой объект,Шкафы ПС объект Эпсилон,5540,9,0,4,0,0,0,0,0
2026-04-24,листовой объект,объект Дзета ДУ,5578,11076,11074,26,25,0,0,0,0
2026-04-24,листовой объект,объект Дзета шкафы,5579,1,0,1,0,0,0,0,0
2026-04-24,листовой объект,объект Дзета ОС,5580,55,0,12,0,0,0,0,0
2026-04-24,листовой объект,объект Зита ДУ,5591,18,18,1,1,0,0,0,0
2026-04-24,листовой объект,объект Дзета щит. ПК48 Г1 ПК5,5594,1,0,1,0,0,0,0,0
2026-04-24,листовой объект,объект Каппа ДУ,5657,10789,10579,110,21,1,1,0,0
2026-04-24,листовой объект,объект Мю ДП,5674,1342,0,13,0,0,0,0,0
2026-04-24,листовой объект,объект Мю ДУ,5675,182,6,76,1,7,3,3,1
2026-04-24,листовой объект,объект Мю ОС,5676,383,0,52,0,0,0,0,0
2026-04-24,листовой объект,объект Мю шкафы,5678,2,0,1,0,0,0,0,0
2026-04-24,листовой объект,объект Гамма ОС,5961,762,0,43,0,0,0,0,0
2026-04-24,листовой объект,объект Гамма ПС,5962,3831,0,680,0,291,40,0,0
2026-04-24,листовой объект,объект Гамма ДУ,5963,1130,0,224,0,48,33,0,0
2026-04-24,листовой объект,объект Гамма шкафы,5966,6,0,1,0,0,0,0,0
2026-04-25,коллектор,объект Альфа,5,74322,73091,110,49,0,0,0,0
2026-04-25,коллектор,объект Бета,6,16,0,12,0,0,0,0,0
2026-04-25,коллектор,объект Гамма,7,675,0,53,0,0,0,0,0
2026-04-25,коллектор,Комплекс объект Дельта,8,4216,3538,127,13,57,25,0,0
2026-04-25,коллектор,объект Вита,9,1401,0,76,0,0,0,0,0
2026-04-25,коллектор,объект Эпсилон,11,26038,23019,42,17,2,2,0,0
2026-04-25,коллектор,объект Зита,12,12167,12038,46,25,1,1,0,0
2026-04-25,коллектор,объект Каппа,15,10489,10381,58,21,0,0,0,0
2026-04-25,коллектор,объект Йота,3218,3945,0,52,0,0,0,0,0
2026-04-25,коллектор,объект Тау,3355,4291,0,105,0,9,9,0,0
2026-04-25,коллектор,объект Омикрон,3359,3452,3344,21,13,0,0,0,0
2026-04-25,коллектор,объект Мю,3828,159,0,50,0,10,10,0,0
2026-04-25,коллектор,объект Сигма,4068,27,0,2,0,0,0,0,0
2026-04-25,коллектор,ПС объект Ро,4356,2999,2869,62,7,0,0,0,0
2026-04-25,коллектор,ПС объект Омега,4573,420,240,20,8,0,0,0,0
2026-04-25,коллектор,объект Кси,5327,251,120,41,3,3,3,0,0
2026-04-25,листовой объект,объект Фита,20,15,0,11,0,0,0,0,0
2026-04-25,листовой объект,объект Вита,28,119,0,19,0,0,0,0,0
2026-04-25,листовой объект,объект Каппа ОС,42,52,0,22,0,0,0,0,0
2026-04-25,листовой объект,ДП объект Вита,99,1158,0,9,0,0,0,0,0
2026-04-25,листовой объект,ДП ПС объект Ро,108,21,0,4,0,0,0,0,0
2026-04-25,листовой объект,объект Бета,165,1,0,1,0,0,0,0,0
2026-04-25,листовой объект,объект Йота,3215,1081,0,26,0,0,0,0,0
2026-04-25,листовой объект,ДП объект Йота,3216,2814,0,5,0,0,0,0,0
2026-04-25,листовой объект,Шкаф ОПС объект Йота,3250,4,0,1,0,0,0,0,0
2026-04-25,листовой объект,ПС объект Тау,3356,4078,0,19,0,0,0,0,0
2026-04-25,листовой объект,ДУ объект Омикрон,3360,3448,3344,18,13,0,0,0,0
2026-04-25,листовой объект,ДУ объект Тау,3388,199,0,84,0,9,9,0,0
2026-04-25,листовой объект,ДП объект Эпсилон,3902,3405,419,18,5,0,0,0,0
2026-04-25,листовой объект,объект Эпсилон ОС,3904,2,0,2,0,0,0,0,0
2026-04-25,листовой объект,объект Пси ОС,3905,12,0,7,0,0,0,0,0
2026-04-25,листовой объект,объект Сигма,4069,1,0,1,0,0,0,0,0
2026-04-25,листовой объект,объект Хи,4095,2,0,1,0,0,0,0,0
2026-04-25,листовой объект,ДП объект Сигма,4177,26,0,1,0,0,0,0,0
2026-04-25,листовой объект,ДУ ПС объект Ро,4369,2973,2869,56,7,0,0,0,0
2026-04-25,листовой объект,объект Ро,4370,5,0,2,0,0,0,0,0
2026-04-25,листовой объект,объект Омикрон,4391,4,0,3,0,0,0,0,0
2026-04-25,листовой объект,ДУ объект Хи,4543,22617,22600,14,12,2,2,0,0
2026-04-25,листовой объект,ДУ объект Дельта,4610,4041,3538,100,13,57,25,0,0
2026-04-25,листовой объект,ДУ ПС объект Омега,5003,420,240,20,8,0,0,0,0
2026-04-25,листовой объект,Шкаф ОПС ПС объект Тау,5009,14,0,2,0,0,0,0,0
2026-04-25,листовой объект,ДУ объект Вита,5011,124,0,48,0,0,0,0,0
2026-04-25,листовой объект,объект Дельта,5113,173,0,26,0,0,0,0,0
2026-04-25,листовой объект,Шкаф ОПС объект Дельта,5114,2,0,1,0,0,0,0,0
2026-04-25,листовой объект,ДУ объект Альфа,5122,73388,73091,95,49,0,0,0,0
2026-04-25,листовой объект,ДП объект Альфа,5123,528,0,11,0,0,0,0,0
2026-04-25,листовой объект,ДП объект Альфа 2 этаж,5124,4,0,1,0,0,0,0,0
2026-04-25,листовой объект,объект Фита,5129,9,0,2,0,0,0,0,0
2026-04-25,листовой объект,ДП объект Зита,5132,60,0,9,0,0,0,0,0
2026-04-25,листовой объект,объект Йота ДУ,5218,46,0,20,0,0,0,0,0
2026-04-25,листовой объект,объект Кси ПК0-ПК202,5332,23,0,12,0,2,2,0,0
2026-04-25,листовой объект,ДУ объект Кси,5333,190,120,12,3,0,0,0,0
2026-04-25,листовой объект,ДП объект Кси,5336,12,0,5,0,0,0,0,0
2026-04-25,листовой объект,"Шкаф ОПС, ДУ объект Кси",5338,6,0,2,0,0,0,0,0
2026-04-25,листовой объект,объект Пси,5339,400,0,2,0,0,0,0,0
2026-04-25,листовой объект,объект Пси шкаф ОПС,5340,2,0,1,0,0,0,0,0
2026-04-25,листовой объект,объект Кси ПК202-ПК302,5343,20,0,10,0,1,1,0,0
2026-04-25,листовой объект,объект Дзета ДУ,5578,12028,12022,25,24,1,1,0,0
2026-04-25,листовой объект,объект Дзета ОС,5580,52,0,8,0,0,0,0,0
2026-04-25,листовой объект,объект Зита ОС,5582,2,0,1,0,0,0,0,0
2026-04-25,листовой объект,объект Зита ДУ,5591,16,16,1,1,0,0,0,0
2026-04-25,листовой объект,объект Каппа ДУ,5657,10437,10381,36,21,0,0,0,0
2026-04-25,листовой объект,объект Мю ДП,5674,40,0,5,0,0,0,0,0
2026-04-25,листовой объект,объект Мю ДУ,5675,48,0,14,0,10,10,0,0
2026-04-25,листовой объект,объект Мю ОС,5676,65,0,28,0,0,0,0,0
2026-04-25,листовой объект,объект Мю шкафы,5678,6,0,3,0,0,0,0,0
2026-04-25,листовой объект,объект Гамма ОС,5961,3,0,1,0,0,0,0,0
2026-04-25,листовой объект,объект Гамма ДУ,5963,672,0,52,0,0,0,0,0
2026-04-26,коллектор,объект Альфа,5,74889,72895,125,55,0,0,0,0
2026-04-26,коллектор,объект Бета,6,23,0,14,0,0,0,0,0
2026-04-26,коллектор,объект Гамма,7,1050,0,54,0,132,1,0,0
2026-04-26,коллектор,Комплекс объект Дельта,8,5559,5249,118,17,16,8,0,0
2026-04-26,коллектор,объект Вита,9,1378,0,67,0,0,0,0,0
2026-04-26,коллектор,объект Эпсилон,11,26522,24789,327,22,68,39,0,0
2026-04-26,коллектор,объект Зита,12,11761,11316,87,28,0,0,0,0
2026-04-26,коллектор,объект Каппа,15,11248,11091,54,21,20,10,0,0
2026-04-26,коллектор,объект Йота,3218,4,0,4,0,0,0,0,0
2026-04-26,коллектор,объект Тау,3355,4282,0,59,0,10,10,0,0
2026-04-26,коллектор,объект Омикрон,3359,4350,4192,27,14,4,4,0,0
2026-04-26,коллектор,объект Мю,3828,70,1,23,1,0,0,0,0
2026-04-26,коллектор,объект Сигма,4068,102,0,1,0,0,0,0,0
2026-04-26,коллектор,ПС объект Ро,4356,3566,3421,62,8,0,0,0,0
2026-04-26,коллектор,ПС объект Омега,4573,416,240,20,8,0,0,0,0
2026-04-26,коллектор,объект Кси,5327,262,98,49,4,12,12,0,0
2026-04-26,листовой объект,объект Фита,20,23,0,14,0,0,0,0,0
2026-04-26,листовой объект,объект Вита,28,76,0,16,0,0,0,0,0
2026-04-26,листовой объект,объект Каппа ОС,42,41,0,18,0,0,0,0,0
2026-04-26,листовой объект,ДП объект Вита,99,1094,0,6,0,0,0,0,0
2026-04-26,листовой объект,ДП ПС объект Ро,108,40,0,3,0,0,0,0,0
2026-04-26,листовой объект,объект Йота,3215,4,0,4,0,0,0,0,0
2026-04-26,листовой объект,ПС объект Тау,3356,4179,0,26,0,1,1,0,0
2026-04-26,листовой объект,ДУ объект Омикрон,3360,4330,4192,22,14,4,4,0,0
2026-04-26,листовой объект,ДУ объект Тау,3388,93,0,31,0,9,9,0,0
2026-04-26,листовой объект,ДП объект Эпсилон,3902,1989,776,103,9,68,39,0,0
2026-04-26,листовой объект,Шкафы ОС объект Эпсилон,3903,6,0,1,0,0,0,0,0
2026-04-26,листовой объект,объект Эпсилон ОС,3904,1,0,1,0,0,0,0,0
2026-04-26,листовой объект,объект Пси ОС,3905,18,0,7,0,0,0,0,0
2026-04-26,листовой объект,объект Хи,4095,3,0,2,0,0,0,0,0
2026-04-26,листовой объект,ДП объект Сигма,4177,102,0,1,0,0,0,0,0
2026-04-26,листовой объект,ДУ ПС объект Ро,4369,3517,3421,55,8,0,0,0,0
2026-04-26,листовой объект,объект Ро,4370,7,0,3,0,0,0,0,0
2026-04-26,листовой объект,объект Омикрон,4391,6,0,3,0,0,0,0,0
2026-04-26,листовой объект,Шкаф ОПС объект Хи,4541,2,0,1,0,0,0,0,0
2026-04-26,листовой объект,ДУ объект Хи,4543,24041,24013,14,13,0,0,0,0
2026-04-26,листовой объект,Шкаф ОПС ПС объект Ро,4569,2,0,1,0,0,0,0,0
2026-04-26,листовой объект,ДУ объект Дельта,4610,5495,5249,96,17,16,8,0,0
2026-04-26,листовой объект,Шкаф ОПС объект Омикрон,4763,14,0,2,0,0,0,0,0
2026-04-26,листовой объект,ДУ ПС объект Омега,5003,416,240,20,8,0,0,0,0
2026-04-26,листовой объект,Шкаф ОПС ПС объект Тау,5009,10,0,2,0,0,0,0,0
2026-04-26,листовой объект,ДУ объект Вита,5011,208,0,45,0,0,0,0,0
2026-04-26,листовой объект,объект Дельта,5113,64,0,22,0,0,0,0,0
2026-04-26,листовой объект,ДУ объект Альфа,5122,73232,72895,108,55,0,0,0,0
2026-04-26,листовой объект,ДП объект Альфа,5123,722,0,13,0,0,0,0,0
2026-04-26,листовой объект,объект Фита,5129,20,0,5,0,0,0,0,0
2026-04-26,листовой объект,ДП объект Зита,5132,72,0,15,0,0,0,0,0
2026-04-26,листовой объект,объект Кси ПК0-ПК202,5332,21,0,10,0,1,1,0,0
2026-04-26,листовой объект,ДУ объект Кси,5333,206,98,24,4,11,11,0,0
2026-04-26,листовой объект,ДП объект Кси,5336,12,0,5,0,0,0,0,0
2026-04-26,листовой объект,"Шкаф ОПС, ДУ объект Кси",5338,6,0,2,0,0,0,0,0
2026-04-26,листовой объект,объект Пси,5339,935,0,4,0,0,0,0,0
2026-04-26,листовой объект,объект Кси ПК202-ПК302,5343,17,0,8,0,0,0,0,0
2026-04-26,листовой объект,объект Пси ПС,5537,442,0,192,0,0,0,0,0
2026-04-26,листовой объект,Шкафы ПС объект Эпсилон,5540,20,0,6,0,0,0,0,0
2026-04-26,листовой объект,объект Дзета ДУ,5578,11350,11304,49,26,0,0,0,0
2026-04-26,листовой объект,объект Дзета ОС,5580,211,0,13,0,0,0,0,0
2026-04-26,листовой объект,объект Зита ОС,5582,4,0,1,0,0,0,0,0
2026-04-26,листовой объект,объект Зита ДУ,5591,104,12,4,2,0,0,0,0
2026-04-26,листовой объект,объект Каппа ДУ,5657,11207,11091,36,21,20,10,0,0
2026-04-26,листовой объект,объект Мю ДУ,5675,13,1,3,1,0,0,0,0
2026-04-26,листовой объект,объект Мю ОС,5676,57,0,20,0,0,0,0,0
2026-04-26,листовой объект,объект Гамма ПС,5962,265,0,1,0,132,1,0,0
2026-04-26,листовой объект,объект Гамма ДУ,5963,785,0,53,0,0,0,0,0
2026-04-27,коллектор,объект Альфа,5,76302,72749,110,49,1,1,0,0
2026-04-27,коллектор,объект Бета,6,1009,0,145,0,0,0,0,0
2026-04-27,коллектор,объект Гамма,7,7742,0,1002,0,250,68,0,0
2026-04-27,коллектор,Комплекс объект Дельта,8,7215,6053,139,16,0,0,0,0
2026-04-27,коллектор,объект Вита,9,4303,0,127,0,0,0,0,0
2026-04-27,коллектор,объект Эпсилон,11,27719,21148,192,22,0,0,0,0
2026-04-27,коллектор,объект Зита,12,10321,9947,72,26,24,12,0,0
2026-04-27,коллектор,объект Каппа,15,10760,10251,129,22,0,0,0,0
2026-04-27,коллектор,объект Йота,3218,6581,0,59,0,0,0,0,0
2026-04-27,коллектор,объект Тау,3355,4289,0,78,0,0,0,0,0
2026-04-27,коллектор,объект Омикрон,3359,6377,4264,106,14,0,0,0,0
2026-04-27,коллектор,объект Мю,3828,2860,0,158,0,143,34,0,0
2026-04-27,коллектор,объект Сигма,4068,363,0,7,0,0,0,0,0
2026-04-27,коллектор,ПС объект Ро,4356,4292,4215,17,7,0,0,0,0
2026-04-27,коллектор,ПС объект Омега,4573,168,80,20,8,0,0,0,0
2026-04-27,коллектор,объект Кси,5327,705,114,112,3,15,8,0,0
2026-04-27,листовой объект,объект Фита,20,450,0,72,0,0,0,0,0
2026-04-27,листовой объект,объект Вита,28,184,0,32,0,0,0,0,0
2026-04-27,листовой объект,объект Каппа ОС,42,295,0,30,0,0,0,0,0
2026-04-27,листовой объект,ДП объект Вита,99,3547,0,17,0,0,0,0,0
2026-04-27,листовой объект,ДП ПС объект Ро,108,38,0,2,0,0,0,0,0
2026-04-27,листовой объект,ДП объект Бета,111,474,0,60,0,0,0,0,0
2026-04-27,листовой объект,объект Бета,165,85,0,13,0,0,0,0,0
2026-04-27,листовой объект,объект Йота,3215,3271,0,41,0,0,0,0,0
2026-04-27,листовой объект,ДП объект Йота,3216,3284,0,5,0,0,0,0,0
2026-04-27,листовой объект,ПС объект Тау,3356,4219,0,46,0,0,0,0,0
2026-04-27,листовой объект,ДУ объект Омикрон,3360,4550,4264,47,14,0,0,0,0
2026-04-27,листовой объект,ДУ объект Тау,3388,70,0,32,0,0,0,0,0
2026-04-27,листовой объект,ДП объект Эпсилон,3902,7249,933,143,9,0,0,0,0
2026-04-27,листовой объект,объект Эпсилон ОС,3904,142,0,11,0,0,0,0,0
2026-04-27,листовой объект,объект Пси ОС,3905,31,0,7,0,0,0,0,0
2026-04-27,листовой объект,объект Сигма,4069,1,0,1,0,0,0,0,0
2026-04-27,листовой объект,объект Хи,4095,16,0,7,0,0,0,0,0
2026-04-27,листовой объект,ДП объект Сигма,4177,362,0,6,0,0,0,0,0
2026-04-27,листовой объект,ДУ ПС объект Ро,4369,4247,4215,9,7,0,0,0,0
2026-04-27,листовой объект,объект Ро,4370,7,0,6,0,0,0,0,0
2026-04-27,листовой объект,объект Омикрон,4391,277,0,51,0,0,0,0,0
2026-04-27,листовой объект,ДП объект Омикрон,4392,1548,0,7,0,0,0,0,0
2026-04-27,листовой объект,ДУ объект Хи,4543,20281,20215,24,13,0,0,0,0
2026-04-27,листовой объект,ДУ объект Дельта,4610,6224,6053,63,16,0,0,0,0
2026-04-27,листовой объект,ПС объект Омега,4648,4,0,1,0,0,0,0,0
2026-04-27,листовой объект,Шкаф ОПС объект Омикрон,4763,2,0,1,0,0,0,0,0
2026-04-27,листовой объект,Шкаф ОПС объект Вита,4767,6,0,3,0,0,0,0,0
2026-04-27,листовой объект,ДУ ПС объект Омега,5003,164,80,19,8,0,0,0,0
2026-04-27,листовой объект,ДУ объект Вита,5011,566,0,75,0,0,0,0,0
2026-04-27,листовой объект,объект Дельта,5113,991,0,76,0,0,0,0,0
2026-04-27,листовой объект,ДУ объект Альфа,5122,73210,72749,76,49,1,1,0,0
2026-04-27,листовой объект,ДП объект Альфа,5123,2457,0,17,0,0,0,0,0
2026-04-27,листовой объект,ДП объект Альфа 2 этаж,5124,595,0,10,0,0,0,0,0
2026-04-27,листовой объект,объект Фита,5129,16,0,4,0,0,0,0,0
2026-04-27,листовой объект,ДП объект Зита,5132,26,0,5,0,0,0,0,0
2026-04-27,листовой объект,объект Йота ДУ,5218,26,0,13,0,0,0,0,0
2026-04-27,листовой объект,объект Кси ПК0-ПК202,5332,108,0,28,0,1,1,0,0
2026-04-27,листовой объект,ДУ объект Кси,5333,344,114,64,3,14,7,0,0
2026-04-27,листовой объект,ДП объект Кси,5336,226,0,8,0,0,0,0,0
2026-04-27,листовой объект,объект Пси,5339,40,0,7,0,0,0,0,0
2026-04-27,листовой объект,объект Кси ПК202-ПК302,5343,27,0,12,0,0,0,0,0
2026-04-27,листовой объект,объект Дзета ДУ,5578,10043,9937,43,25,24,12,0,0
2026-04-27,листовой объект,объект Дзета ОС,5580,88,0,16,0,0,0,0,0
2026-04-27,листовой объект,объект Зита ОС,5582,2,0,1,0,0,0,0,0
2026-04-27,листовой объект,объект Зита ДУ,5591,146,10,3,1,0,0,0,0
2026-04-27,листовой объект,объект Каппа ДУ,5657,10465,10251,99,22,0,0,0,0
2026-04-27,листовой объект,объект Мю ДП,5674,1202,0,13,0,0,0,0,0
2026-04-27,листовой объект,объект Мю ДУ,5675,865,0,71,0,143,34,0,0
2026-04-27,листовой объект,объект Мю ОС,5676,773,0,67,0,0,0,0,0
2026-04-27,листовой объект,объект Мю ПС,5677,20,0,7,0,0,0,0,0
2026-04-27,листовой объект,объект Гамма ОС,5961,1664,0,94,0,0,0,0,0
2026-04-27,листовой объект,объект Гамма ПС,5962,4279,0,679,0,228,52,0,0
2026-04-27,листовой объект,объект Гамма ДУ,5963,1785,0,224,0,22,16,0,0
2026-04-27,листовой объект,объект Гамма шкафы,5966,14,0,5,0,0,0,0,0
2026-04-28,коллектор,объект Альфа,5,77487,74586,121,49,11,11,0,0
2026-04-28,коллектор,объект Бета,6,309,0,79,0,0,0,0,0
2026-04-28,коллектор,объект Гамма,7,4301,0,484,0,40,15,0,0
2026-04-28,коллектор,Комплекс объект Дельта,8,5292,5096,45,17,0,0,0,0
2026-04-28,коллектор,объект Вита,9,5197,0,152,0,0,0,0,0
2026-04-28,коллектор,объект Эпсилон,11,25645,18929,258,21,0,0,0,0
2026-04-28,коллектор,объект Зита,12,10205,9314,94,26,0,0,0,0
2026-04-28,коллектор,объект Каппа,15,11112,9843,121,21,0,0,0,0
2026-04-28,коллектор,объект Йота,3218,5723,0,54,0,0,0,0,0
2026-04-28,коллектор,объект Тау,3355,2959,0,71,0,5,3,0,0
2026-04-28,коллектор,объект Омикрон,3359,8264,4013,77,13,0,0,0,0
2026-04-28,коллектор,объект Мю,3828,2015,1,216,1,38,34,0,0
2026-04-28,коллектор,объект Сигма,4068,361,0,2,0,0,0,0,0
2026-04-28,коллектор,ПС объект Ро,4356,4000,3726,90,5,0,0,0,0
2026-04-28,коллектор,ПС объект Омега,4573,679,96,146,8,40,20,0,0
2026-04-28,коллектор,объект Кси,5327,696,116,62,4,0,0,0,0
2026-04-28,листовой объект,объект Фита,20,140,0,34,0,0,0,0,0
2026-04-28,листовой объект,объект Вита,28,281,0,48,0,0,0,0,0
2026-04-28,листовой объект,объект Каппа ОС,42,1021,0,26,0,0,0,0,0
2026-04-28,листовой объект,ДП объект Вита,99,4208,0,16,0,0,0,0,0
2026-04-28,листовой объект,ДП ПС объект Ро,108,62,0,5,0,0,0,0,0
2026-04-28,листовой объект,ДП объект Бета,111,158,0,40,0,0,0,0,0
2026-04-28,листовой объект,объект Бета,165,9,0,4,0,0,0,0,0
2026-04-28,листовой объект,объект Йота,3215,3355,0,36,0,0,0,0,0
2026-04-28,листовой объект,ДП объект Йота,3216,2338,0,5,0,0,0,0,0
2026-04-28,листовой объект,ПС объект Тау,3356,2838,0,25,0,0,0,0,0
2026-04-28,листовой объект,ДУ объект Омикрон,3360,4544,4013,39,13,0,0,0,0
2026-04-28,листовой объект,ДУ объект Тау,3388,121,0,46,0,5,3,0,0
2026-04-28,листовой объект,ДП объект Эпсилон,3902,7067,671,176,8,0,0,0,0
2026-04-28,листовой объект,объект Эпсилон ОС,3904,184,0,24,0,0,0,0,0
2026-04-28,листовой объект,объект Пси ОС,3905,66,0,25,0,0,0,0,0
2026-04-28,листовой объект,объект Хи,4095,10,0,5,0,0,0,0,0
2026-04-28,листовой объект,ДП объект Сигма,4177,361,0,2,0,0,0,0,0
2026-04-28,листовой объект,ДУ ПС объект Ро,4369,3874,3726,60,5,0,0,0,0
2026-04-28,листовой объект,объект Ро,4370,64,0,25,0,0,0,0,0
2026-04-28,листовой объект,объект Омикрон,4391,1152,0,29,0,0,0,0,0
2026-04-28,листовой объект,ДП объект Омикрон,4392,2568,0,9,0,0,0,0,0
2026-04-28,листовой объект,ДУ объект Хи,4543,18318,18258,28,13,0,0,0,0
2026-04-28,листовой объект,ДП ПС объект Омега,4574,48,0,4,0,0,0,0,0
2026-04-28,листовой объект,ДУ объект Дельта,4610,5193,5096,28,17,0,0,0,0
2026-04-28,листовой объект,ПС объект Омега,4648,170,0,43,0,0,0,0,0
2026-04-28,листовой объект,Шкаф ОПС объект Бета,4765,2,0,1,0,0,0,0,0
2026-04-28,листовой объект,ДУ ПС объект Омега,5003,461,96,99,8,40,20,0,0
2026-04-28,листовой объект,ДУ объект Вита,5011,708,0,88,0,0,0,0,0
2026-04-28,листовой объект,объект Дельта,5113,99,0,17,0,0,0,0,0
2026-04-28,листовой объект,ДУ объект Альфа,5122,75297,74586,92,49,11,11,0,0
2026-04-28,листовой объект,ДП объект Альфа,5123,1470,0,15,0,0,0,0,0
2026-04-28,листовой объект,ДП объект Альфа 2 этаж,5124,582,0,10,0,0,0,0,0
2026-04-28,листовой объект,объект Фита,5129,662,0,32,0,0,0,0,0
2026-04-28,листовой объект,ДП объект Зита,5132,103,0,22,0,0,0,0,0
2026-04-28,листовой объект,объект Йота ДУ,5218,30,0,13,0,0,0,0,0
2026-04-28,листовой объект,объект Кси ПК0-ПК202,5332,58,0,13,0,0,0,0,0
2026-04-28,листовой объект,ДУ объект Кси,5333,248,116,29,4,0,0,0,0
2026-04-28,листовой объект,ДП объект Кси,5336,368,0,11,0,0,0,0,0
2026-04-28,листовой объект,"Шкаф ОПС, ДУ объект Кси",5338,6,0,2,0,0,0,0,0
2026-04-28,листовой объект,объект Пси,5339,138,0,4,0,0,0,0,0
2026-04-28,листовой объект,объект Кси ПК202-ПК302,5343,16,0,7,0,0,0,0,0
2026-04-28,листовой объект,объект Дзета ДУ,5578,9304,9302,26,25,0,0,0,0
2026-04-28,листовой объект,объект Дзета ОС,5580,39,0,10,0,0,0,0,0
2026-04-28,листовой объект,объект Зита ДУ,5591,96,12,3,1,0,0,0,0
2026-04-28,листовой объект,объект Дзета щит. ПК48 Г1 ПК5,5594,1,0,1,0,0,0,0,0
2026-04-28,листовой объект,объект Каппа ДУ,5657,10091,9843,95,21,0,0,0,0
2026-04-28,листовой объект,объект Мю ДП,5674,798,0,13,0,0,0,0,0
2026-04-28,листовой объект,объект Мю ДУ,5675,453,1,110,1,38,34,0,0
2026-04-28,листовой объект,объект Мю ОС,5676,694,0,90,0,0,0,0,0
2026-04-28,листовой объект,объект Мю ПС,5677,70,0,3,0,0,0,0,0
2026-04-28,листовой объект,объект Гамма ОС,5961,1472,0,76,0,0,0,0,0
2026-04-28,листовой объект,объект Гамма ПС,5962,1265,0,347,0,4,2,0,0
2026-04-28,листовой объект,объект Гамма ДУ,5963,1540,0,53,0,36,13,0,0
2026-04-28,листовой объект,объект Гамма шкафы,5966,24,0,8,0,0,0,0,0
2026-04-29,коллектор,объект Альфа,5,79755,75696,165,49,0,0,0,0
2026-04-29,коллектор,объект Бета,6,647,0,150,0,0,0,0,0
2026-04-29,коллектор,объект Гамма,7,1867,1,135,1,6,6,0,0
2026-04-29,коллектор,Комплекс объект Дельта,8,4029,3538,160,33,2,1,2,1
2026-04-29,коллектор,объект Вита,9,3136,0,99,0,0,0,0,0
2026-04-29,коллектор,объект Эпсилон,11,26278,19420,207,22,0,0,0,0
2026-04-29,коллектор,объект Зита,12,13267,11897,227,24,1,1,0,0
2026-04-29,коллектор,объект Каппа,15,12602,10188,351,30,0,0,0,0
2026-04-29,коллектор,объект Йота,3218,6506,0,52,0,0,0,0,0
2026-04-29,коллектор,объект Тау,3355,3691,0,134,0,0,0,0,0
2026-04-29,коллектор,объект Омикрон,3359,7504,4743,77,15,0,0,0,0
2026-04-29,коллектор,объект Мю,3828,2313,1,167,1,116,38,0,0
2026-04-29,коллектор,объект Сигма,4068,643,0,25,0,0,0,0,0
2026-04-29,коллектор,ПС объект Ро,4356,3568,3392,65,7,0,0,0,0
2026-04-29,коллектор,ПС объект Омега,4573,276,144,21,8,0,0,0,0
2026-04-29,коллектор,объект Кси,5327,944,105,92,3,0,0,0,0
2026-04-29,листовой объект,объект Фита,20,171,0,58,0,0,0,0,0
2026-04-29,листовой объект,объект Вита,28,281,0,27,0,0,0,0,0
2026-04-29,листовой объект,объект Каппа ОС,42,1852,0,171,0,0,0,0,0
2026-04-29,листовой объект,ДП объект Вита,99,2370,0,13,0,0,0,0,0
2026-04-29,листовой объект,ДП ПС объект Ро,108,42,0,4,0,0,0,0,0
2026-04-29,листовой объект,ДП объект Бета,111,426,0,81,0,0,0,0,0
2026-04-29,листовой объект,объект Бета,165,50,0,11,0,0,0,0,0
2026-04-29,листовой объект,объект Йота,3215,4626,0,34,0,0,0,0,0
2026-04-29,листовой объект,ДП объект Йота,3216,1846,0,5,0,0,0,0,0
2026-04-29,листовой объект,ПС объект Тау,3356,3507,0,47,0,0,0,0,0
2026-04-29,листовой объект,ДУ объект Омикрон,3360,5414,4743,63,15,0,0,0,0
2026-04-29,листовой объект,ДУ объект Тау,3388,184,0,87,0,0,0,0,0
2026-04-29,листовой объект,ДП объект Эпсилон,3902,7503,918,137,9,0,0,0,0
2026-04-29,листовой объект,объект Эпсилон ОС,3904,125,0,10,0,0,0,0,0
2026-04-29,листовой объект,объект Пси ОС,3905,17,0,3,0,0,0,0,0
2026-04-29,листовой объект,объект Сигма,4069,32,0,7,0,0,0,0,0
2026-04-29,листовой объект,объект Хи,4095,81,0,24,0,0,0,0,0
2026-04-29,листовой объект,ДП объект Сигма,4177,611,0,18,0,0,0,0,0
2026-04-29,листовой объект,ДУ ПС объект Ро,4369,3518,3392,57,7,0,0,0,0
2026-04-29,листовой объект,объект Ро,4370,8,0,4,0,0,0,0,0
2026-04-29,листовой объект,объект Омикрон,4391,142,0,5,0,0,0,0,0
2026-04-29,листовой объект,ДП объект Омикрон,4392,1944,0,7,0,0,0,0,0
2026-04-29,листовой объект,ДУ объект Хи,4543,18552,18502,33,13,0,0,0,0
2026-04-29,листовой объект,ДУ объект Дельта,4610,3834,3538,125,33,2,1,2,1
2026-04-29,листовой объект,Шкаф ОПС объект Омикрон,4763,4,0,2,0,0,0,0,0
2026-04-29,листовой объект,Шкаф ОПС объект Зита,4770,11,0,3,0,1,1,0,0
2026-04-29,листовой объект,ДУ ПС объект Омега,5003,276,144,21,8,0,0,0,0
2026-04-29,листовой объект,ДУ объект Вита,5011,485,0,59,0,0,0,0,0
2026-04-29,листовой объект,объект Дельта,5113,195,0,35,0,0,0,0,0
2026-04-29,листовой объект,ДУ объект Альфа,5122,76325,75696,124,49,0,0,0,0
2026-04-29,листовой объект,ДП объект Альфа,5123,2654,0,13,0,0,0,0,0
2026-04-29,листовой объект,ДП объект Альфа 2 этаж,5124,517,0,10,0,0,0,0,0
2026-04-29,листовой объект,объект Фита,5129,571,0,81,0,0,0,0,0
2026-04-29,листовой объект,ДП объект Зита,5132,352,0,45,0,0,0,0,0
2026-04-29,листовой объект,объект Йота ДУ,5218,34,0,13,0,0,0,0,0
2026-04-29,листовой объект,объект Кси ПК0-ПК202,5332,11,0,5,0,0,0,0,0
2026-04-29,листовой объект,ДУ объект Кси,5333,335,105,77,3,0,0,0,0
2026-04-29,листовой объект,ДП объект Кси,5336,592,0,7,0,0,0,0,0
2026-04-29,листовой объект,объект Пси,5339,259,0,18,0,0,0,0,0
2026-04-29,листовой объект,объект Кси ПК202-ПК302,5343,6,0,3,0,0,0,0,0
2026-04-29,листовой объект,объект Каппа шкафы,5574,14,0,6,0,0,0,0,0
2026-04-29,листовой объект,объект Дзета ДУ,5578,11964,11890,58,23,0,0,0,0
2026-04-29,листовой объект,объект Дзета шкафы,5579,8,0,2,0,0,0,0,0
2026-04-29,листовой объект,объект Дзета ОС,5580,270,0,26,0,0,0,0,0
2026-04-29,листовой объект,объект Зита ОС,5582,10,0,4,0,0,0,0,0
2026-04-29,листовой объект,объект Зита ДУ,5591,69,7,4,1,0,0,0,0
2026-04-29,листовой объект,объект Дзета щит. ПК48 Г1 ПК5,5594,12,0,4,0,0,0,0,0
2026-04-29,листовой объект,объект Каппа ДУ,5657,10736,10188,174,30,0,0,0,0
2026-04-29,листовой объект,объект Мю ДП,5674,814,0,9,0,0,0,0,0
2026-04-29,листовой объект,объект Мю ДУ,5675,849,1,99,1,116,38,0,0
2026-04-29,листовой объект,объект Мю ОС,5676,636,0,52,0,0,0,0,0
2026-04-29,листовой объект,объект Мю ПС,5677,10,0,5,0,0,0,0,0
2026-04-29,листовой объект,объект Мю шкафы,5678,4,0,2,0,0,0,0,0
2026-04-29,листовой объект,объект Гамма ОС,5961,553,0,40,0,0,0,0,0
2026-04-29,листовой объект,объект Гамма ПС,5962,2,0,1,0,1,1,0,0
2026-04-29,листовой объект,объект Гамма ДУ,5963,1312,1,94,1,5,5,0,0
2026-04-30,коллектор,объект Альфа,5,77862,74996,148,55,0,0,0,0
2026-04-30,коллектор,объект Бета,6,241,0,13,0,0,0,0,0
2026-04-30,коллектор,объект Гамма,7,1910,0,150,0,1,1,0,0
2026-04-30,коллектор,Комплекс объект Дельта,8,3030,2791,82,16,0,0,0,0
2026-04-30,коллектор,объект Вита,9,2463,0,86,0,0,0,0,0
2026-04-30,коллектор,объект Эпсилон,11,28519,22713,66,18,0,0,0,0
2026-04-30,коллектор,объект Зита,12,12865,12146,168,25,0,0,0,0
2026-04-30,коллектор,объект Каппа,15,11225,10231,131,22,3,2,0,0
2026-04-30,коллектор,объект Йота,3218,8523,0,194,0,1,1,0,0
2026-04-30,коллектор,объект Тау,3355,3492,0,125,0,12,12,0,0
2026-04-30,коллектор,объект Омикрон,3359,6158,4106,76,14,0,0,0,0
2026-04-30,коллектор,объект Мю,3828,7106,4744,230,38,5,5,4,4
2026-04-30,коллектор,объект Сигма,4068,304,0,6,0,0,0,0,0
2026-04-30,коллектор,ПС объект Ро,4356,4763,4580,64,5,0,0,0,0
2026-04-30,коллектор,ПС объект Омега,4573,438,192,86,8,0,0,0,0
2026-04-30,коллектор,объект Кси,5327,989,61,162,4,10,9,0,0
2026-04-30,листовой объект,объект Фита,20,14,0,7,0,0,0,0,0
2026-04-30,листовой объект,объект Вита,28,97,0,20,0,0,0,0,0
2026-04-30,листовой объект,объект Каппа ОС,42,709,0,23,0,0,0,0,0
2026-04-30,листовой объект,ДП объект Вита,99,2019,0,14,0,0,0,0,0
2026-04-30,листовой объект,ДП ПС объект Ро,108,50,0,4,0,0,0,0,0
2026-04-30,листовой объект,ДП объект Бета,111,226,0,5,0,0,0,0,0
2026-04-30,листовой объект,объект Бета,165,1,0,1,0,0,0,0,0
2026-04-30,листовой объект,объект Йота,3215,3209,0,111,0,0,0,0,0
2026-04-30,листовой объект,ДП объект Йота,3216,5096,0,16,0,0,0,0,0
2026-04-30,листовой объект,Шкаф ОПС объект Йота,3250,48,0,5,0,0,0,0,0
2026-04-30,листовой объект,ПС объект Тау,3356,3236,0,29,0,0,0,0,0
2026-04-30,листовой объект,ДУ объект Омикрон,3360,4819,4106,62,14,0,0,0,0
2026-04-30,листовой объект,ДУ объект Тау,3388,252,0,94,0,12,12,0,0
2026-04-30,листовой объект,ДП объект Эпсилон,3902,6436,643,48,5,0,0,0,0
2026-04-30,листовой объект,объект Эпсилон ОС,3904,1,0,1,0,0,0,0,0
2026-04-30,листовой объект,объект Пси ОС,3905,4,0,3,0,0,0,0,0
2026-04-30,листовой объект,ДП объект Сигма,4177,304,0,6,0,0,0,0,0
2026-04-30,листовой объект,ДУ ПС объект Ро,4369,4700,4580,55,5,0,0,0,0
2026-04-30,листовой объект,объект Ро,4370,9,0,4,0,0,0,0,0
2026-04-30,листовой объект,объект Омикрон,4391,201,0,5,0,0,0,0,0
2026-04-30,листовой объект,ДП объект Омикрон,4392,1136,0,8,0,0,0,0,0
2026-04-30,листовой объект,ДУ объект Хи,4543,22078,22070,14,13,0,0,0,0
2026-04-30,листовой объект,Шкаф ОПС ПС объект Ро,4569,4,0,1,0,0,0,0,0
2026-04-30,листовой объект,ДП ПС объект Омега,4574,20,0,7,0,0,0,0,0
2026-04-30,листовой объект,Шкаф ОПС ПС объект Омега,4577,4,0,1,0,0,0,0,0
2026-04-30,листовой объект,ДУ объект Дельта,4610,2989,2791,72,16,0,0,0,0
2026-04-30,листовой объект,Шкаф ОПС объект Омикрон,4763,2,0,1,0,0,0,0,0
2026-04-30,листовой объект,ДУ ПС объект Омега,5003,414,192,78,8,0,0,0,0
2026-04-30,листовой объект,Шкаф ОПС ПС объект Тау,5009,4,0,2,0,0,0,0,0
2026-04-30,листовой объект,ДУ объект Вита,5011,347,0,52,0,0,0,0,0
2026-04-30,листовой объект,объект Дельта,5113,41,0,10,0,0,0,0,0
2026-04-30,листовой объект,ДУ объект Альфа,5122,75558,74996,115,55,0,0,0,0
2026-04-30,листовой объект,ДП объект Альфа,5123,1428,0,15,0,0,0,0,0
2026-04-30,листовой объект,ДП объект Альфа 2 этаж,5124,656,0,9,0,0,0,0,0
2026-04-30,листовой объект,объект Фита,5129,182,0,26,0,0,0,0,0
2026-04-30,листовой объект,ДП объект Зита,5132,156,0,29,0,0,0,0,0
2026-04-30,листовой объект,объект Йота ДУ,5218,170,0,62,0,1,1,0,0
2026-04-30,листовой объект,объект Кси ПК0-ПК202,5332,161,0,26,0,0,0,0,0
2026-04-30,листовой объект,ДУ объект Кси,5333,401,61,104,4,10,9,0,0
2026-04-30,листовой объект,ДП объект Кси,5336,382,0,17,0,0,0,0,0
2026-04-30,листовой объект,"Шкаф ОПС, ДУ объект Кси",5338,6,0,2,0,0,0,0,0
2026-04-30,листовой объект,объект Пси,5339,220,0,9,0,0,0,0,0
2026-04-30,листовой объект,объект Кси ПК202-ПК302,5343,39,0,13,0,0,0,0,0
2026-04-30,листовой объект,объект Дзета ДУ,5578,12210,12118,68,23,0,0,0,0
2026-04-30,листовой объект,объект Дзета ОС,5580,261,0,37,0,0,0,0,0
2026-04-30,листовой объект,объект Зита ОС,5582,12,0,5,0,0,0,0,0
2026-04-30,листовой объект,объект Зита ДУ,5591,44,28,3,2,0,0,0,0
2026-04-30,листовой объект,объект Каппа ДУ,5657,10516,10231,108,22,3,2,0,0
2026-04-30,листовой объект,объект Мю ДП,5674,1380,0,14,0,0,0,0,0
2026-04-30,листовой объект,объект Мю ДУ,5675,4995,4744,125,38,5,5,4,4
2026-04-30,листовой объект,объект Мю ОС,5676,731,0,91,0,0,0,0,0
2026-04-30,листовой объект,объект Гамма ОС,5961,789,0,60,0,0,0,0,0
2026-04-30,листовой объект,объект Гамма ДУ,5963,1121,0,90,0,1,1,0,0
2026-05-01,коллектор,объект Альфа,5,73359,72441,73,49,2,2,0,0
2026-05-01,коллектор,объект Бета,6,7,0,6,0,0,0,0,0
2026-05-01,коллектор,объект Гамма,7,663,0,9,0,1,1,0,0
2026-05-01,коллектор,Комплекс объект Дельта,8,3634,3322,49,14,56,20,0,0
2026-05-01,коллектор,объект Вита,9,1635,0,68,0,0,0,0,0
2026-05-01,коллектор,объект Эпсилон,11,23039,22982,36,19,0,0,0,0
2026-05-01,коллектор,объект Зита,12,6667,6618,38,25,0,0,0,0
2026-05-01,коллектор,объект Каппа,15,10926,10804,37,21,0,0,0,0
2026-05-01,коллектор,объект Йота,3218,1071,0,7,0,0,0,0,0
2026-05-01,коллектор,объект Тау,3355,3604,0,101,0,9,9,0,0
2026-05-01,коллектор,объект Омикрон,3359,3326,2760,19,10,0,0,0,0
2026-05-01,коллектор,объект Мю,3828,10741,9876,122,32,136,34,0,0
2026-05-01,коллектор,объект Сигма,4068,292,0,5,0,0,0,0,0
2026-05-01,коллектор,ПС объект Ро,4356,3569,3410,68,7,0,0,0,0
2026-05-01,коллектор,ПС объект Омега,4573,290,144,31,8,9,9,0,0
2026-05-01,коллектор,объект Кси,5327,177,77,10,3,0,0,0,0
2026-05-01,листовой объект,объект Фита,20,6,0,5,0,0,0,0,0
2026-05-01,листовой объект,объект Вита,28,68,0,14,0,0,0,0,0
2026-05-01,листовой объект,объект Каппа ОС,42,24,0,12,0,0,0,0,0
2026-05-01,листовой объект,ДП объект Вита,99,1301,0,7,0,0,0,0,0
2026-05-01,листовой объект,ДП ПС объект Ро,108,38,0,3,0,0,0,0,0
2026-05-01,листовой объект,объект Бета,165,1,0,1,0,0,0,0,0
2026-05-01,листовой объект,объект Йота,3215,3,0,3,0,0,0,0,0
2026-05-01,листовой объект,ДП объект Йота,3216,1068,0,4,0,0,0,0,0
2026-05-01,листовой объект,ПС объект Тау,3356,3329,0,28,0,0,0,0,0
2026-05-01,листовой объект,ДУ объект Омикрон,3360,3319,2760,16,10,0,0,0,0
2026-05-01,листовой объект,ДУ объект Тау,3388,215,0,71,0,9,9,0,0
2026-05-01,листовой объект,ДП объект Эпсилон,3902,650,608,17,6,0,0,0,0
2026-05-01,листовой объект,объект Эпсилон ОС,3904,2,0,2,0,0,0,0,0
2026-05-01,листовой объект,объект Пси ОС,3905,6,0,2,0,0,0,0,0
2026-05-01,листовой объект,объект Хи,4095,1,0,1,0,0,0,0,0
2026-05-01,листовой объект,ДП объект Сигма,4177,292,0,5,0,0,0,0,0
2026-05-01,листовой объект,ДУ ПС объект Ро,4369,3526,3410,63,7,0,0,0,0
2026-05-01,листовой объект,объект Ро,4370,5,0,2,0,0,0,0,0
2026-05-01,листовой объект,объект Омикрон,4391,7,0,3,0,0,0,0,0
2026-05-01,листовой объект,ДУ объект Хи,4543,22380,22374,14,13,0,0,0,0
2026-05-01,листовой объект,ДУ объект Дельта,4610,3611,3322,37,14,56,20,0,0
2026-05-01,листовой объект,ДУ ПС объект Омега,5003,290,144,31,8,9,9,0,0
2026-05-01,листовой объект,Шкаф ОПС ПС объект Тау,5009,60,0,2,0,0,0,0,0
2026-05-01,листовой объект,ДУ объект Вита,5011,266,0,47,0,0,0,0,0
2026-05-01,листовой объект,объект Дельта,5113,16,0,10,0,0,0,0,0
2026-05-01,листовой объект,Шкаф ОПС объект Дельта,5114,7,0,2,0,0,0,0,0
2026-05-01,листовой объект,ДУ объект Альфа,5122,72892,72441,61,49,2,2,0,0
2026-05-01,листовой объект,ДП объект Альфа,5123,467,0,12,0,0,0,0,0
2026-05-01,листовой объект,объект Фита,5129,2,0,2,0,0,0,0,0
2026-05-01,листовой объект,ДП объект Зита,5132,1,0,1,0,0,0,0,0
2026-05-01,листовой объект,объект Кси ПК0-ПК202,5332,3,0,2,0,0,0,0,0
2026-05-01,листовой объект,ДУ объект Кси,5333,173,77,7,3,0,0,0,0
2026-05-01,листовой объект,объект Кси ПК202-ПК302,5343,1,0,1,0,0,0,0,0
2026-05-01,листовой объект,объект Дзета ДУ,5578,6615,6612,25,24,0,0,0,0
2026-05-01,листовой объект,объект Дзета ОС,5580,35,0,8,0,0,0,0,0
2026-05-01,листовой объект,объект Зита ДУ,5591,14,6,2,1,0,0,0,0
2026-05-01,листовой объект,объект Каппа ДУ,5657,10902,10804,25,21,0,0,0,0
2026-05-01,листовой объект,объект Мю ДУ,5675,10678,9876,93,32,136,34,0,0
2026-05-01,листовой объект,объект Мю ОС,5676,55,0,28,0,0,0,0,0
2026-05-01,листовой объект,объект Мю ПС,5677,8,0,1,0,0,0,0,0
2026-05-01,листовой объект,объект Гамма ОС,5961,2,0,2,0,0,0,0,0
2026-05-01,листовой объект,объект Гамма ПС,5962,2,0,1,0,1,1,0,0
2026-05-01,листовой объект,объект Гамма ДУ,5963,659,0,6,0,0,0,0,0
2026-05-02,коллектор,объект Альфа,5,75126,72662,124,49,2,2,0,0
2026-05-02,коллектор,объект Бета,6,13,0,13,0,0,0,0,0
2026-05-02,коллектор,объект Гамма,7,531,2,21,1,3,2,0,0
2026-05-02,коллектор,Комплекс объект Дельта,8,5433,5120,85,16,40,28,0,0
2026-05-02,коллектор,объект Вита,9,2604,85,301,6,88,22,0,0
2026-05-02,коллектор,объект Эпсилон,11,25005,22862,61,21,12,4,0,0
2026-05-02,коллектор,объект Зита,12,6191,6151,47,27,0,0,0,0
2026-05-02,коллектор,объект Каппа,15,11214,10970,67,21,20,10,0,0
2026-05-02,коллектор,объект Йота,3218,1213,0,10,0,0,0,0,0
2026-05-02,коллектор,объект Тау,3355,3840,0,157,0,9,9,0,0
2026-05-02,коллектор,объект Омикрон,3359,5270,3840,68,13,23,12,0,0
2026-05-02,коллектор,объект Мю,3828,13300,9519,188,34,310,34,0,0
2026-05-02,коллектор,объект Сигма,4068,174,0,8,0,0,0,0,0
2026-05-02,коллектор,ПС объект Ро,4356,3798,3650,68,8,0,0,0,0
2026-05-02,коллектор,ПС объект Омега,4573,651,352,30,8,9,9,0,0
2026-05-02,коллектор,объект Кси,5327,316,90,53,5,13,13,0,0
2026-05-02,листовой объект,объект Фита,20,13,0,13,0,0,0,0,0
2026-05-02,листовой объект,объект Вита,28,361,0,134,0,0,0,0,0
2026-05-02,листовой объект,объект Каппа ОС,42,52,0,19,0,0,0,0,0
2026-05-02,листовой объект,ДП объект Вита,99,1121,0,42,0,0,0,0,0
2026-05-02,листовой объект,ДП ПС объект Ро,108,36,0,4,0,0,0,0,0
2026-05-02,листовой объект,объект Йота,3215,9,0,6,0,0,0,0,0
2026-05-02,листовой объект,ДП объект Йота,3216,1204,0,4,0,0,0,0,0
2026-05-02,листовой объект,ПС объект Тау,3356,3604,0,67,0,0,0,0,0
2026-05-02,листовой объект,ДУ объект Омикрон,3360,4434,3840,39,13,23,12,0,0
2026-05-02,листовой объект,ДУ объект Тау,3388,222,0,88,0,9,9,0,0
2026-05-02,листовой объект,ДП объект Эпсилон,3902,3080,1012,31,8,0,0,0,0
2026-05-02,листовой объект,объект Эпсилон ОС,3904,4,0,3,0,0,0,0,0
2026-05-02,листовой объект,объект Пси ОС,3905,7,0,5,0,0,0,0,0
2026-05-02,листовой объект,объект Сигма,4069,1,0,1,0,0,0,0,0
2026-05-02,листовой объект,объект Хи,4095,2,0,2,0,0,0,0,0
2026-05-02,листовой объект,ДП объект Сигма,4177,173,0,7,0,0,0,0,0
2026-05-02,листовой объект,ДУ ПС объект Ро,4369,3748,3650,57,8,0,0,0,0
2026-05-02,листовой объект,объект Ро,4370,14,0,7,0,0,0,0,0
2026-05-02,листовой объект,объект Омикрон,4391,92,0,23,0,0,0,0,0
2026-05-02,листовой объект,ДП объект Омикрон,4392,744,0,6,0,0,0,0,0
2026-05-02,листовой объект,Шкаф ОПС объект Хи,4541,4,0,1,0,0,0,0,0
2026-05-02,листовой объект,ДУ объект Хи,4543,21908,21850,19,13,12,4,0,0
2026-05-02,листовой объект,ДП ПС объект Омега,4574,1,0,1,0,0,0,0,0
2026-05-02,листовой объект,ДУ объект Дельта,4610,5384,5120,64,16,40,28,0,0
2026-05-02,листовой объект,Шкаф ОПС объект Вита,4767,83,0,12,0,0,0,0,0
2026-05-02,листовой объект,ДУ ПС объект Омега,5003,650,352,29,8,9,9,0,0
2026-05-02,листовой объект,Шкаф ОПС ПС объект Тау,5009,14,0,2,0,0,0,0,0
2026-05-02,листовой объект,ДУ объект Вита,5011,1039,85,113,6,88,22,0,0
2026-05-02,листовой объект,объект Дельта,5113,45,0,20,0,0,0,0,0
2026-05-02,листовой объект,Шкаф ОПС объект Дельта,5114,4,0,1,0,0,0,0,0
2026-05-02,листовой объект,ДУ объект Альфа,5122,73208,72662,105,49,2,2,0,0
2026-05-02,листовой объект,ДП объект Альфа,5123,1650,0,12,0,0,0,0,0
2026-05-02,листовой объект,ДП объект Альфа 2 этаж,5124,2,0,1,0,0,0,0,0
2026-05-02,листовой объект,объект Фита,5129,7,0,6,0,0,0,0,0
2026-05-02,листовой объект,ДП объект Зита,5132,1,0,1,0,0,0,0,0
2026-05-02,листовой объект,объект Кси ПК0-ПК202,5332,28,0,10,0,0,0,0,0
2026-05-02,листовой объект,ДУ объект Кси,5333,235,90,28,5,13,13,0,0
2026-05-02,листовой объект,ДП объект Кси,5336,18,0,5,0,0,0,0,0
2026-05-02,листовой объект,"Шкаф ОПС, ДУ объект Кси",5338,9,0,2,0,0,0,0,0
2026-05-02,листовой объект,объект Пси,5339,266,0,6,0,0,0,0,0
2026-05-02,листовой объект,объект Кси ПК202-ПК302,5343,26,0,8,0,0,0,0,0
2026-05-02,листовой объект,объект Каппа ПС,5567,4,0,2,0,0,0,0,0
2026-05-02,листовой объект,объект Каппа шкафы,5574,10,0,4,0,0,0,0,0
2026-05-02,листовой объект,объект Дзета ДУ,5578,6151,6144,28,25,0,0,0,0
2026-05-02,листовой объект,объект Дзета ОС,5580,24,0,9,0,0,0,0,0
2026-05-02,листовой объект,объект Зита ОС,5582,1,0,1,0,0,0,0,0
2026-05-02,листовой объект,объект Зита ДУ,5591,7,7,2,2,0,0,0,0
2026-05-02,листовой объект,объект Каппа ДУ,5657,11148,10970,42,21,20,10,0,0
2026-05-02,листовой объект,объект Мю ДП,5674,1610,0,12,0,0,0,0,0
2026-05-02,листовой объект,объект Мю ДУ,5675,11391,9519,125,34,310,34,0,0
2026-05-02,листовой объект,объект Мю ОС,5676,273,0,45,0,0,0,0,0
2026-05-02,листовой объект,объект Мю ПС,5677,26,0,6,0,0,0,0,0
2026-05-02,листовой объект,объект Гамма ОС,5961,16,0,7,0,0,0,0,0
2026-05-02,листовой объект,объект Гамма ПС,5962,4,0,2,0,0,0,0,0
2026-05-02,листовой объект,объект Гамма ДУ,5963,507,2,10,1,3,2,0,0
2026-05-02,листовой объект,объект Гамма шкафы,5966,4,0,2,0,0,0,0,0
2026-05-03,коллектор,объект Альфа,5,74444,73040,119,49,0,0,0,0
2026-05-03,коллектор,объект Бета,6,689,5,399,4,0,0,0,0
2026-05-03,коллектор,объект Гамма,7,380,0,7,0,3,2,0,0
2026-05-03,коллектор,Комплекс объект Дельта,8,5620,5405,94,17,0,0,0,0
2026-05-03,коллектор,объект Вита,9,3552,0,173,0,0,0,0,0
2026-05-03,коллектор,объект Эпсилон,11,25765,23355,63,25,0,0,0,0
2026-05-03,коллектор,объект Зита,12,7283,6849,106,30,0,0,0,0
2026-05-03,коллектор,объект Каппа,15,11084,10980,43,22,0,0,0,0
2026-05-03,коллектор,объект Йота,3218,670,0,18,0,0,0,0,0
2026-05-03,коллектор,объект Тау,3355,5098,0,41,0,0,0,0,0
2026-05-03,коллектор,объект Омикрон,3359,7694,5957,39,13,0,0,0,0
2026-05-03,коллектор,объект Мю,3828,11786,10313,154,35,4,3,0,0
2026-05-03,коллектор,объект Сигма,4068,114,0,2,0,0,0,0,0
2026-05-03,коллектор,ПС объект Ро,4356,3691,3536,72,7,3,3,0,0
2026-05-03,коллектор,ПС объект Омега,4573,507,288,23,8,0,0,0,0
2026-05-03,коллектор,объект Кси,5327,185,88,14,3,0,0,0,0
2026-05-03,листовой объект,объект Фита,20,294,0,244,0,0,0,0,0
2026-05-03,листовой объект,объект Вита,28,972,0,112,0,0,0,0,0
2026-05-03,листовой объект,объект Каппа ОС,42,30,0,16,0,0,0,0,0
2026-05-03,листовой объект,ДП объект Вита,99,2534,0,42,0,0,0,0,0
2026-05-03,листовой объект,ДП ПС объект Ро,108,22,0,3,0,0,0,0,0
2026-05-03,листовой объект,ДП объект Бета,111,284,5,84,4,0,0,0,0
2026-05-03,листовой объект,объект Бета,165,79,0,64,0,0,0,0,0
2026-05-03,листовой объект,объект Йота,3215,24,0,12,0,0,0,0,0
2026-05-03,листовой объект,ДП объект Йота,3216,646,0,6,0,0,0,0,0
2026-05-03,листовой объект,ПС объект Тау,3356,5084,0,35,0,0,0,0,0
2026-05-03,листовой объект,ДУ объект Омикрон,3360,6337,5957,19,13,0,0,0,0
2026-05-03,листовой объект,ДУ объект Тау,3388,14,0,6,0,0,0,0,0
2026-05-03,листовой объект,ДП объект Эпсилон,3902,3345,957,36,12,0,0,0,0
2026-05-03,листовой объект,объект Эпсилон ОС,3904,5,0,5,0,0,0,0,0
2026-05-03,листовой объект,объект Пси ОС,3905,5,0,4,0,0,0,0,0
2026-05-03,листовой объект,объект Сигма,4069,1,0,1,0,0,0,0,0
2026-05-03,листовой объект,объект Хи,4095,4,0,4,0,0,0,0,0
2026-05-03,листовой объект,ДП объект Сигма,4177,113,0,1,0,0,0,0,0
2026-05-03,листовой объект,ДУ ПС объект Ро,4369,3646,3536,58,7,3,3,0,0
2026-05-03,листовой объект,объект Ро,4370,21,0,10,0,0,0,0,0
2026-05-03,листовой объект,объект Омикрон,4391,31,0,13,0,0,0,0,0
2026-05-03,листовой объект,ДП объект Омикрон,4392,1326,0,7,0,0,0,0,0
2026-05-03,листовой объект,ДУ объект Хи,4543,22406,22398,14,13,0,0,0,0
2026-05-03,листовой объект,Шкаф ОПС ПС объект Ро,4569,2,0,1,0,0,0,0,0
2026-05-03,листовой объект,ДП ПС объект Омега,4574,1,0,1,0,0,0,0,0
2026-05-03,листовой объект,ДУ объект Дельта,4610,5571,5405,72,17,0,0,0,0
2026-05-03,листовой объект,Шкаф ОПС объект Бета,4765,32,0,7,0,0,0,0,0
2026-05-03,листовой объект,Шкаф ОПС объект Вита,4767,38,0,12,0,0,0,0,0
2026-05-03,листовой объект,Шкаф ОПС объект Зита,4770,2,0,2,0,0,0,0,0
2026-05-03,листовой объект,ДУ ПС объект Омега,5003,506,288,22,8,0,0,0,0
2026-05-03,листовой объект,ДУ объект Вита,5011,8,0,7,0,0,0,0,0
2026-05-03,листовой объект,объект Дельта,5113,49,0,22,0,0,0,0,0
2026-05-03,листовой объект,ДУ объект Альфа,5122,73525,73040,99,49,0,0,0,0
2026-05-03,листовой объект,ДП объект Альфа,5123,710,0,11,0,0,0,0,0
2026-05-03,листовой объект,ДП объект Альфа 2 этаж,5124,6,0,3,0,0,0,0,0
2026-05-03,листовой объект,объект Фита,5129,10,0,9,0,0,0,0,0
2026-05-03,листовой объект,ДП объект Зита,5132,11,0,10,0,0,0,0,0
2026-05-03,листовой объект,объект Кси ПК0-ПК202,5332,10,0,6,0,0,0,0,0
2026-05-03,листовой объект,ДУ объект Кси,5333,174,88,7,3,0,0,0,0
2026-05-03,листовой объект,объект Пси,5339,203,0,6,0,0,0,0,0
2026-05-03,листовой объект,объект Кси ПК202-ПК302,5343,1,0,1,0,0,0,0,0
2026-05-03,листовой объект,объект Каппа шкафы,5574,2,0,1,0,0,0,0,0
2026-05-03,листовой объект,объект Дзета ДУ,5578,6883,6833,53,28,0,0,0,0
2026-05-03,листовой объект,объект Дзета шкафы,5579,8,0,3,0,0,0,0,0
2026-05-03,листовой объект,объект Дзета ОС,5580,342,0,19,0,0,0,0,0
2026-05-03,листовой объект,объект Дзета ПС,5581,2,0,2,0,0,0,0,0
2026-05-03,листовой объект,объект Зита ОС,5582,1,0,1,0,0,0,0,0
2026-05-03,листовой объект,объект Зита ДУ,5591,18,16,3,2,0,0,0,0
2026-05-03,листовой объект,объект Дзета щит. ПК48 Г1 ПК5,5594,6,0,4,0,0,0,0,0
2026-05-03,листовой объект,объект Каппа ДУ,5657,11052,10980,26,22,0,0,0,0
2026-05-03,листовой объект,объект Мю ДП,5674,872,0,6,0,0,0,0,0
2026-05-03,листовой объект,объект Мю ДУ,5675,10518,10313,104,35,4,3,0,0
2026-05-03,листовой объект,объект Мю ОС,5676,396,0,44,0,0,0,0,0
2026-05-03,листовой объект,объект Гамма ОС,5961,4,0,2,0,0,0,0,0
2026-05-03,листовой объект,объект Гамма ПС,5962,2,0,1,0,1,1,0,0
2026-05-03,листовой объект,объект Гамма ДУ,5963,374,0,4,0,2,1,0,0
2026-05-04,коллектор,объект Альфа,5,78183,76139,145,49,0,0,0,0
2026-05-04,коллектор,объект Бета,6,367,0,102,0,0,0,0,0
2026-05-04,коллектор,объект Гамма,7,1292,0,143,0,1,1,0,0
2026-05-04,коллектор,Комплекс объект Дельта,8,6041,5441,186,20,0,0,0,0
2026-05-04,коллектор,объект Вита,9,6667,1,116,1,5,5,0,0
2026-05-04,коллектор,объект Эпсилон,11,31125,23204,248,28,0,0,0,0
2026-05-04,коллектор,объект Зита,12,1223,1054,36,17,0,0,0,0
2026-05-04,коллектор,объект Каппа,15,11494,11173,113,19,0,0,0,0
2026-05-04,коллектор,объект Йота,3218,4740,0,62,0,0,0,0,0
2026-05-04,коллектор,объект Тау,3355,5436,0,127,0,0,0,0,0
2026-05-04,коллектор,объект Омикрон,3359,6023,3773,89,14,0,0,0,0
2026-05-04,коллектор,объект Мю,3828,11921,10637,154,34,0,0,0,0
2026-05-04,коллектор,объект Сигма,4068,334,0,8,0,0,0,0,0
2026-05-04,коллектор,ПС объект Ро,4356,2747,2574,66,5,0,0,0,0
2026-05-04,коллектор,ПС объект Омега,4573,524,208,26,8,0,0,0,0
2026-05-04,коллектор,объект Кси,5327,1154,387,170,4,34,12,0,0
2026-05-04,листовой объект,объект Фита,20,99,0,57,0,0,0,0,0
2026-05-04,листовой объект,объект Вита,28,1462,0,49,0,0,0,0,0
2026-05-04,листовой объект,объект Каппа ОС,42,109,0,17,0,0,0,0,0
2026-05-04,листовой объект,ДП объект Вита,99,5008,0,16,0,0,0,0,0
2026-05-04,листовой объект,ДП ПС объект Ро,108,46,0,3,0,0,0,0,0
2026-05-04,листовой объект,ДП объект Бета,111,214,0,30,0,0,0,0,0
2026-05-04,листовой объект,объект Бета,165,54,0,15,0,0,0,0,0
2026-05-04,листовой объект,объект Йота,3215,2234,0,44,0,0,0,0,0
2026-05-04,листовой объект,ДП объект Йота,3216,2480,0,5,0,0,0,0,0
2026-05-04,листовой объект,ПС объект Тау,3356,5286,0,53,0,0,0,0,0
2026-05-04,листовой объект,ДУ объект Омикрон,3360,4153,3773,61,14,0,0,0,0
2026-05-04,листовой объект,ДУ объект Тау,3388,150,0,74,0,0,0,0,0
2026-05-04,листовой объект,ДП объект Эпсилон,3902,9375,1559,192,15,0,0,0,0
2026-05-04,листовой объект,объект Эпсилон ОС,3904,33,0,15,0,0,0,0,0
2026-05-04,листовой объект,объект Пси ОС,3905,60,0,24,0,0,0,0,0
2026-05-04,листовой объект,объект Сигма,4069,4,0,3,0,0,0,0,0
2026-05-04,листовой объект,объект Хи,4095,6,0,3,0,0,0,0,0
2026-05-04,листовой объект,ДП объект Сигма,4177,330,0,5,0,0,0,0,0
2026-05-04,листовой объект,ДУ ПС объект Ро,4369,2676,2574,54,5,0,0,0,0
2026-05-04,листовой объект,объект Ро,4370,25,0,9,0,0,0,0,0
2026-05-04,листовой объект,объект Омикрон,4391,104,0,20,0,0,0,0,0
2026-05-04,листовой объект,ДП объект Омикрон,4392,1766,0,8,0,0,0,0,0
2026-05-04,листовой объект,ДУ объект Хи,4543,21651,21645,14,13,0,0,0,0
2026-05-04,листовой объект,ДП ПС объект Омега,4574,152,0,6,0,0,0,0,0
2026-05-04,листовой объект,ДУ объект Дельта,4610,5687,5441,119,20,0,0,0,0
2026-05-04,листовой объект,Шкаф ОПС объект Вита,4767,16,0,5,0,0,0,0,0
2026-05-04,листовой объект,ДУ ПС объект Омега,5003,372,208,20,8,0,0,0,0
2026-05-04,листовой объект,ДУ объект Вита,5011,181,1,46,1,5,5,0,0
2026-05-04,листовой объект,объект Дельта,5113,354,0,67,0,0,0,0,0
2026-05-04,листовой объект,ДУ объект Альфа,5122,76552,76139,109,49,0,0,0,0
2026-05-04,листовой объект,ДП объект Альфа,5123,1103,0,17,0,0,0,0,0
2026-05-04,листовой объект,ДП объект Альфа 2 этаж,5124,417,0,13,0,0,0,0,0
2026-05-04,листовой объект,объект Йота ДУ,5218,26,0,13,0,0,0,0,0
2026-05-04,листовой объект,объект Кси ПК0-ПК202,5332,97,0,35,0,0,0,0,0
2026-05-04,листовой объект,ДУ объект Кси,5333,808,387,110,4,34,12,0,0
2026-05-04,листовой объект,ДП объект Кси,5336,205,0,8,0,0,0,0,0
2026-05-04,листовой объект,объект Пси,5339,111,0,6,0,0,0,0,0
2026-05-04,листовой объект,объект Кси ПК202-ПК302,5343,44,0,17,0,0,0,0,0
2026-05-04,листовой объект,объект Каппа шкафы,5574,4,0,1,0,0,0,0,0
2026-05-04,листовой объект,объект Дзета ДУ,5578,1040,1040,15,15,0,0,0,0
2026-05-04,листовой объект,объект Дзета ОС,5580,164,0,17,0,0,0,0,0
2026-05-04,листовой объект,объект Зита ОС,5582,4,0,1,0,0,0,0,0
2026-05-04,листовой объект,объект Зита ДУ,5591,14,14,2,2,0,0,0,0
2026-05-04,листовой объект,объект Дзета щит. ПК48 Г1 ПК5,5594,1,0,1,0,0,0,0,0
2026-05-04,листовой объект,объект Каппа ДУ,5657,11381,11173,95,19,0,0,0,0
2026-05-04,листовой объект,объект Мю ДП,5674,692,0,14,0,0,0,0,0
2026-05-04,листовой объект,объект Мю ДУ,5675,10803,10637,102,34,0,0,0,0
2026-05-04,листовой объект,объект Мю ОС,5676,426,0,38,0,0,0,0,0
2026-05-04,листовой объект,объект Гамма ОС,5961,650,0,52,0,0,0,0,0
2026-05-04,листовой объект,объект Гамма ПС,5962,2,0,1,0,1,1,0,0
2026-05-04,листовой объект,объект Гамма ДУ,5963,640,0,90,0,0,0,0,0
2026-05-05,коллектор,объект Альфа,5,80988,78716,139,49,0,0,0,0
2026-05-05,коллектор,объект Бета,6,1940,13,396,4,0,0,0,0
2026-05-05,коллектор,объект Гамма,7,845,0,82,0,2,1,0,0
2026-05-05,коллектор,Комплекс объект Дельта,8,5443,5110,114,20,16,8,0,0
2026-05-05,коллектор,объект Вита,9,7034,2,68,1,0,0,0,0
2026-05-05,коллектор,объект Эпсилон,11,29840,21807,636,30,0,0,0,0
2026-05-05,коллектор,объект Зита,12,2044,1884,64,23,0,0,0,0
2026-05-05,коллектор,объект Каппа,15,11913,11650,111,20,0,0,0,0
2026-05-05,коллектор,объект Йота,3218,4119,0,48,0,0,0,0,0
2026-05-05,коллектор,объект Тау,3355,3871,0,216,0,0,0,0,0
2026-05-05,коллектор,объект Омикрон,3359,4744,2588,93,16,0,0,0,0
2026-05-05,коллектор,объект Мю,3828,11760,9841,234,34,20,10,0,0
2026-05-05,коллектор,объект Сигма,4068,182,0,8,0,0,0,0,0
2026-05-05,коллектор,ПС объект Ро,4356,2584,2221,140,7,4,1,0,0
2026-05-05,коллектор,ПС объект Омега,4573,1449,176,119,8,0,0,0,0
2026-05-05,коллектор,объект Кси,5327,1211,492,113,5,0,0,0,0
2026-05-05,листовой объект,объект Фита,20,796,0,244,0,0,0,0,0
2026-05-05,листовой объект,объект Вита,28,701,0,34,0,0,0,0,0
2026-05-05,листовой объект,объект Каппа ОС,42,55,0,15,0,0,0,0,0
2026-05-05,листовой объект,ДП объект Вита,99,6268,0,23,0,0,0,0,0
2026-05-05,листовой объект,ДП ПС объект Ро,108,48,0,6,0,0,0,0,0
2026-05-05,листовой объект,ДП объект Бета,111,769,13,81,4,0,0,0,0
2026-05-05,листовой объект,объект Бета,165,339,0,64,0,0,0,0,0
2026-05-05,листовой объект,объект Йота,3215,1969,0,32,0,0,0,0,0
2026-05-05,листовой объект,ДП объект Йота,3216,2114,0,5,0,0,0,0,0
2026-05-05,листовой объект,ПС объект Тау,3356,3583,0,82,0,0,0,0,0
2026-05-05,листовой объект,ДУ объект Омикрон,3360,2924,2588,63,16,0,0,0,0
2026-05-05,листовой объект,ДУ объект Тау,3388,288,0,134,0,0,0,0,0
2026-05-05,листовой объект,ДП объект Эпсилон,3902,8511,1731,217,17,0,0,0,0
2026-05-05,листовой объект,Шкафы ОС объект Эпсилон,3903,8,0,4,0,0,0,0,0
2026-05-05,листовой объект,объект Эпсилон ОС,3904,357,0,48,0,0,0,0,0
2026-05-05,листовой объект,объект Пси ОС,3905,168,0,30,0,0,0,0,0
2026-05-05,листовой объект,объект Сигма,4069,4,0,2,0,0,0,0,0
2026-05-05,листовой объект,объект Хи,4095,16,0,7,0,0,0,0,0
2026-05-05,листовой объект,ДП объект Сигма,4177,178,0,6,0,0,0,0,0
2026-05-05,листовой объект,ДУ ПС объект Ро,4369,2459,2221,106,7,4,1,0,0
2026-05-05,листовой объект,объект Ро,4370,77,0,28,0,0,0,0,0
2026-05-05,листовой объект,объект Омикрон,4391,101,0,21,0,0,0,0,0
2026-05-05,листовой объект,ДП объект Омикрон,4392,1719,0,9,0,0,0,0,0
2026-05-05,листовой объект,ДУ объект Хи,4543,20102,20076,24,13,0,0,0,0
2026-05-05,листовой объект,ДП ПС объект Омега,4574,807,0,8,0,0,0,0,0
2026-05-05,листовой объект,ДУ объект Дельта,4610,5356,5110,92,20,16,8,0,0
2026-05-05,листовой объект,ПС объект Омега,4648,220,0,41,0,0,0,0,0
2026-05-05,листовой объект,Шкаф ОПС объект Бета,4765,36,0,7,0,0,0,0,0
2026-05-05,листовой объект,Шкаф ОПС объект Вита,4767,13,0,3,0,0,0,0,0
2026-05-05,листовой объект,ДУ ПС объект Омега,5003,422,176,70,8,0,0,0,0
2026-05-05,листовой объект,ДУ объект Вита,5011,52,2,8,1,0,0,0,0
2026-05-05,листовой объект,объект Дельта,5113,87,0,22,0,0,0,0,0
2026-05-05,листовой объект,ДУ объект Альфа,5122,79134,78716,104,49,0,0,0,0
2026-05-05,листовой объект,ДП объект Альфа,5123,1255,0,17,0,0,0,0,0
2026-05-05,листовой объект,ДП объект Альфа 2 этаж,5124,487,0,12,0,0,0,0,0
2026-05-05,листовой объект,объект Йота ДУ,5218,36,0,11,0,0,0,0,0
2026-05-05,листовой объект,объект Кси ПК0-ПК202,5332,60,0,17,0,0,0,0,0
2026-05-05,листовой объект,ДУ объект Кси,5333,714,492,77,5,0,0,0,0
2026-05-05,листовой объект,ДП объект Кси,5336,378,0,9,0,0,0,0,0
2026-05-05,листовой объект,объект Пси,5339,110,0,5,0,0,0,0,0
2026-05-05,листовой объект,объект Пси шкаф ОПС,5340,2,0,1,0,0,0,0,0
2026-05-05,листовой объект,объект Кси ПК202-ПК302,5343,59,0,10,0,0,0,0,0
2026-05-05,листовой объект,объект Пси ПС,5537,246,0,108,0,0,0,0,0
2026-05-05,листовой объект,объект Эпсилон ПС,5539,424,0,194,0,0,0,0,0
2026-05-05,листовой объект,Шкафы ПС объект Эпсилон,5540,8,0,4,0,0,0,0,0
2026-05-05,листовой объект,объект Дзета ДУ,5578,1890,1854,25,21,0,0,0,0
2026-05-05,листовой объект,объект Дзета шкафы,5579,6,0,2,0,0,0,0,0
2026-05-05,листовой объект,объект Дзета ОС,5580,40,0,16,0,0,0,0,0
2026-05-05,листовой объект,объект Дзета ПС,5581,6,0,2,0,0,0,0,0
2026-05-05,листовой объект,объект Зита ОС,5582,25,0,5,0,0,0,0,0
2026-05-05,листовой объект,объект Зита ПС,5583,8,0,2,0,0,0,0,0
2026-05-05,листовой объект,объект Зита ДУ,5591,42,30,6,2,0,0,0,0
2026-05-05,листовой объект,объект Зита шкафы,5593,8,0,2,0,0,0,0,0
2026-05-05,листовой объект,объект Дзета щит. ПК48 Г1 ПК5,5594,19,0,4,0,0,0,0,0
2026-05-05,листовой объект,объект Каппа ДУ,5657,11858,11650,96,20,0,0,0,0
2026-05-05,листовой объект,объект Мю ДП,5674,1040,0,15,0,0,0,0,0
2026-05-05,листовой объект,объект Мю ДУ,5675,10135,9841,133,34,20,10,0,0
2026-05-05,листовой объект,объект Мю ОС,5676,567,0,83,0,0,0,0,0
2026-05-05,листовой объект,объект Мю шкафы,5678,18,0,3,0,0,0,0,0
2026-05-05,листовой объект,объект Гамма ОС,5961,572,0,48,0,0,0,0,0
2026-05-05,листовой объект,объект Гамма ДУ,5963,273,0,34,0,2,1,0,0
2026-05-06,коллектор,объект Альфа,5,82364,79784,142,49,17,8,3,1
2026-05-06,коллектор,объект Бета,6,17033,954,139,4,0,0,0,0
2026-05-06,коллектор,объект Гамма,7,1480,0,108,0,10,9,0,0
2026-05-06,коллектор,Комплекс объект Дельта,8,4497,4132,133,18,0,0,0,0
2026-05-06,коллектор,объект Вита,9,4272,0,50,0,0,0,0,0
2026-05-06,коллектор,объект Эпсилон,11,27623,19834,503,32,0,0,0,0
2026-05-06,коллектор,объект Зита,12,6720,6636,73,27,0,0,0,0
2026-05-06,коллектор,объект Каппа,15,11242,10745,160,20,0,0,0,0
2026-05-06,коллектор,объект Йота,3218,6539,0,68,0,0,0,0,0
2026-05-06,коллектор,объект Тау,3355,4289,0,138,0,1,1,0,0
2026-05-06,коллектор,объект Омикрон,3359,4396,3369,41,14,0,0,0,0
2026-05-06,коллектор,объект Мю,3828,12903,10057,233,34,167,44,1,1
2026-05-06,коллектор,объект Сигма,4068,702,0,27,0,0,0,0,0
2026-05-06,коллектор,ПС объект Ро,4356,2126,1875,83,7,5,4,0,0
2026-05-06,коллектор,ПС объект Омега,4573,2525,160,135,8,0,0,0,0
2026-05-06,коллектор,объект Кси,5327,1511,719,122,5,0,0,0,0
2026-05-06,листовой объект,объект Фита,20,134,0,39,0,0,0,0,0
2026-05-06,листовой объект,объект Вита,28,404,0,29,0,0,0,0,0
2026-05-06,листовой объект,объект Каппа ОС,42,267,0,51,0,0,0,0,0
2026-05-06,листовой объект,ДП объект Вита,99,3827,0,17,0,0,0,0,0
2026-05-06,листовой объект,ДП ПС объект Ро,108,64,0,4,0,0,0,0,0
2026-05-06,листовой объект,ДП объект Бета,111,16758,954,82,4,0,0,0,0
2026-05-06,листовой объект,объект Бета,165,101,0,15,0,0,0,0,0
2026-05-06,листовой объект,объект Йота,3215,1663,0,50,0,0,0,0,0
2026-05-06,листовой объект,ДП объект Йота,3216,4846,0,5,0,0,0,0,0
2026-05-06,листовой объект,ПС объект Тау,3356,4105,0,48,0,1,1,0,0
2026-05-06,листовой объект,ДУ объект Омикрон,3360,3583,3369,20,14,0,0,0,0
2026-05-06,листовой объект,ДУ объект Тау,3388,180,0,88,0,0,0,0,0
2026-05-06,листовой объект,ДП объект Эпсилон,3902,9075,2171,195,19,0,0,0,0
2026-05-06,листовой объект,Шкафы ОС объект Эпсилон,3903,10,0,5,0,0,0,0,0
2026-05-06,листовой объект,объект Эпсилон ОС,3904,40,0,16,0,0,0,0,0
2026-05-06,листовой объект,объект Пси ОС,3905,312,0,58,0,0,0,0,0
2026-05-06,листовой объект,объект Сигма,4069,54,0,10,0,0,0,0,0
2026-05-06,листовой объект,объект Хи,4095,54,0,20,0,0,0,0,0
2026-05-06,листовой объект,ДП объект Сигма,4177,648,0,17,0,0,0,0,0
2026-05-06,листовой объект,ДУ ПС объект Ро,4369,2032,1875,66,7,5,4,0,0
2026-05-06,листовой объект,объект Ро,4370,26,0,11,0,0,0,0,0
2026-05-06,листовой объект,объект Омикрон,4391,52,0,14,0,0,0,0,0
2026-05-06,листовой объект,ДП объект Омикрон,4392,761,0,7,0,0,0,0,0
2026-05-06,листовой объект,ДУ объект Хи,4543,17707,17663,33,13,0,0,0,0
2026-05-06,листовой объект,Шкаф ОПС ПС объект Ро,4569,4,0,2,0,0,0,0,0
2026-05-06,листовой объект,ДП ПС объект Омега,4574,2001,0,13,0,0,0,0,0
2026-05-06,листовой объект,ДУ объект Дельта,4610,4332,4132,99,18,0,0,0,0
2026-05-06,листовой объект,ПС объект Омега,4648,102,0,39,0,0,0,0,0
2026-05-06,листовой объект,Шкаф ОПС объект Бета,4765,40,0,3,0,0,0,0,0
2026-05-06,листовой объект,ДУ ПС объект Омега,5003,422,160,83,8,0,0,0,0
2026-05-06,листовой объект,Шкаф ОПС ПС объект Тау,5009,4,0,2,0,0,0,0,0
2026-05-06,листовой объект,ДУ объект Вита,5011,41,0,4,0,0,0,0,0
2026-05-06,листовой объект,объект Дельта,5113,165,0,34,0,0,0,0,0
2026-05-06,листовой объект,ДУ объект Альфа,5122,80336,79784,112,49,17,8,3,1
2026-05-06,листовой объект,ДП объект Альфа,5123,1470,0,15,0,0,0,0,0
2026-05-06,листовой объект,ДП объект Альфа 2 этаж,5124,420,0,10,0,0,0,0,0
2026-05-06,листовой объект,объект Фита,5129,19,0,16,0,0,0,0,0
2026-05-06,листовой объект,ДП объект Зита,5132,25,0,10,0,0,0,0,0
2026-05-06,листовой объект,объект Йота ДУ,5218,30,0,13,0,0,0,0,0
2026-05-06,листовой объект,объект Кси ПК0-ПК202,5332,86,0,24,0,0,0,0,0
2026-05-06,листовой объект,ДУ объект Кси,5333,928,719,68,5,0,0,0,0
2026-05-06,листовой объект,ДП объект Кси,5336,453,0,11,0,0,0,0,0
2026-05-06,листовой объект,"Шкаф ОПС, ДУ объект Кси",5338,3,0,2,0,0,0,0,0
2026-05-06,листовой объект,объект Пси,5339,138,0,5,0,0,0,0,0
2026-05-06,листовой объект,объект Кси ПК202-ПК302,5343,41,0,17,0,0,0,0,0
2026-05-06,листовой объект,объект Пси ПС,5537,404,0,167,0,0,0,0,0
2026-05-06,листовой объект,объект Эпсилон ПС,5539,16,0,7,0,0,0,0,0
2026-05-06,листовой объект,Шкафы ПС объект Эпсилон,5540,5,0,2,0,0,0,0,0
2026-05-06,листовой объект,объект Дзета ДУ,5578,6650,6616,41,25,0,0,0,0
2026-05-06,листовой объект,объект Дзета ОС,5580,3,0,2,0,0,0,0,0
2026-05-06,листовой объект,объект Зита ДУ,5591,22,20,3,2,0,0,0,0
2026-05-06,листовой объект,объект Дзета щит. ПК48 Г1 ПК5,5594,1,0,1,0,0,0,0,0
2026-05-06,листовой объект,объект Каппа ДУ,5657,10975,10745,109,20,0,0,0,0
2026-05-06,листовой объект,объект Мю ДП,5674,1286,0,16,0,0,0,0,0
2026-05-06,листовой объект,объект Мю ДУ,5675,11047,10057,144,34,167,44,1,1
2026-05-06,листовой объект,объект Мю ОС,5676,528,0,61,0,0,0,0,0
2026-05-06,листовой объект,объект Мю ПС,5677,42,0,12,0,0,0,0,0
2026-05-06,листовой объект,объект Гамма ОС,5961,952,0,60,0,0,0,0,0
2026-05-06,листовой объект,объект Гамма ПС,5962,20,0,9,0,10,9,0,0
2026-05-06,листовой объект,объект Гамма ДУ,5963,508,0,39,0,0,0,0,0
2026-05-07,коллектор,объект Альфа,5,80764,78953,162,49,0,0,0,0
2026-05-07,коллектор,объект Бета,6,25453,1440,130,4,0,0,0,0
2026-05-07,коллектор,объект Гамма,7,1150,0,121,0,5,3,0,0
2026-05-07,коллектор,Комплекс объект Дельта,8,4558,4166,126,20,24,12,0,0
2026-05-07,коллектор,объект Вита,9,2894,0,89,0,23,12,0,0
2026-05-07,коллектор,объект Эпсилон,11,24004,16760,174,33,0,0,0,0
2026-05-07,коллектор,объект Зита,12,7605,7111,174,25,0,0,0,0
2026-05-07,коллектор,объект Каппа,15,11435,10936,123,21,2,2,0,0
2026-05-07,коллектор,объект Йота,3218,6932,0,64,0,0,0,0,0
2026-05-07,коллектор,объект Тау,3355,2171,0,129,0,0,0,0,0
2026-05-07,коллектор,объект Омикрон,3359,4766,3085,141,17,0,0,0,0
2026-05-07,коллектор,объект Мю,3828,12025,8485,255,39,133,18,0,0
2026-05-07,коллектор,объект Сигма,4068,116,0,11,0,0,0,0,0
2026-05-07,коллектор,ПС объект Ро,4356,4157,2259,326,8,14,10,0,0
2026-05-07,коллектор,ПС объект Омега,4573,450,240,28,8,4,4,0,0
2026-05-07,коллектор,объект Кси,5327,1601,471,104,5,0,0,0,0
2026-05-07,листовой объект,объект Фита,20,61,0,39,0,0,0,0,0
2026-05-07,листовой объект,объект Вита,28,388,0,47,0,0,0,0,0
2026-05-07,листовой объект,объект Каппа ОС,42,282,0,26,0,0,0,0,0
2026-05-07,листовой объект,ДП объект Вита,99,2342,0,15,0,0,0,0,0
2026-05-07,листовой объект,ДП ПС объект Ро,108,66,0,10,0,0,0,0,0
2026-05-07,листовой объект,ДП объект Бета,111,25378,1440,83,4,0,0,0,0
2026-05-07,листовой объект,объект Бета,165,14,0,8,0,0,0,0,0
2026-05-07,листовой объект,объект Йота,3215,2846,0,44,0,0,0,0,0
2026-05-07,листовой объект,ДП объект Йота,3216,4046,0,5,0,0,0,0,0
2026-05-07,листовой объект,Шкаф ОПС объект Йота,3250,4,0,2,0,0,0,0,0
2026-05-07,листовой объект,ПС объект Тау,3356,2009,0,49,0,0,0,0,0
2026-05-07,листовой объект,ДУ объект Омикрон,3360,3373,3085,78,17,0,0,0,0
2026-05-07,листовой объект,ДУ объект Тау,3388,162,0,80,0,0,0,0,0
2026-05-07,листовой объект,ДП объект Эпсилон,3902,9424,2244,132,20,0,0,0,0
2026-05-07,листовой объект,объект Эпсилон ОС,3904,13,0,7,0,0,0,0,0
2026-05-07,листовой объект,объект Пси ОС,3905,8,0,5,0,0,0,0,0
2026-05-07,листовой объект,объект Сигма,4069,8,0,3,0,0,0,0,0
2026-05-07,листовой объект,объект Хи,4095,19,0,6,0,0,0,0,0
2026-05-07,листовой объект,ДП объект Сигма,4177,108,0,8,0,0,0,0,0
2026-05-07,листовой объект,ДУ ПС объект Ро,4369,2478,2259,107,8,0,0,0,0
2026-05-07,листовой объект,объект Ро,4370,1573,0,200,0,14,10,0,0
2026-05-07,листовой объект,объект Омикрон,4391,219,0,56,0,0,0,0,0
2026-05-07,листовой объект,ДП объект Омикрон,4392,1174,0,7,0,0,0,0,0
2026-05-07,листовой объект,ДУ объект Хи,4543,14540,14516,24,13,0,0,0,0
2026-05-07,листовой объект,Шкаф ОПС ПС объект Ро,4569,40,0,9,0,0,0,0,0
2026-05-07,листовой объект,ДУ объект Дельта,4610,4432,4166,94,20,24,12,0,0
2026-05-07,листовой объект,Шкаф ОПС объект Вита,4767,10,0,2,0,0,0,0,0
2026-05-07,листовой объект,ДУ ПС объект Омега,5003,450,240,28,8,4,4,0,0
2026-05-07,листовой объект,ДУ объект Вита,5011,154,0,25,0,23,12,0,0
2026-05-07,листовой объект,объект Дельта,5113,123,0,31,0,0,0,0,0
2026-05-07,листовой объект,Шкаф ОПС объект Дельта,5114,3,0,1,0,0,0,0,0
2026-05-07,листовой объект,ДУ объект Альфа,5122,79343,78953,122,49,0,0,0,0
2026-05-07,листовой объект,ДП объект Альфа,5123,1036,0,14,0,0,0,0,0
2026-05-07,листовой объект,ДП объект Альфа 2 этаж,5124,250,0,9,0,0,0,0,0
2026-05-07,листовой объект,объект Фита,5129,91,0,34,0,0,0,0,0
2026-05-07,листовой объект,ДП объект Зита,5132,108,0,30,0,0,0,0,0
2026-05-07,листовой объект,объект Йота ДУ,5218,36,0,13,0,0,0,0,0
2026-05-07,листовой объект,объект Кси ПК0-ПК202,5332,69,0,22,0,0,0,0,0
2026-05-07,листовой объект,ДУ объект Кси,5333,665,471,66,5,0,0,0,0
2026-05-07,листовой объект,ДП объект Кси,5336,856,0,9,0,0,0,0,0
2026-05-07,листовой объект,объект Пси,5339,135,0,17,0,0,0,0,0
2026-05-07,листовой объект,объект Кси ПК202-ПК302,5343,11,0,7,0,0,0,0,0
2026-05-07,листовой объект,объект Дзета ДУ,5578,7179,7091,68,24,0,0,0,0
2026-05-07,листовой объект,объект Дзета ОС,5580,177,0,31,0,0,0,0,0
2026-05-07,листовой объект,объект Зита ОС,5582,16,0,5,0,0,0,0,0
2026-05-07,листовой объект,объект Зита ДУ,5591,22,20,2,1,0,0,0,0
2026-05-07,листовой объект,объект Дзета щит. ПК48 Г1 ПК5,5594,12,0,4,0,0,0,0,0
2026-05-07,листовой объект,объект Каппа ДУ,5657,11153,10936,97,21,2,2,0,0
2026-05-07,листовой объект,объект Мю ДП,5674,1716,0,14,0,0,0,0,0
2026-05-07,листовой объект,объект Мю ДУ,5675,9836,8485,148,39,133,18,0,0
2026-05-07,листовой объект,объект Мю ОС,5676,425,0,89,0,0,0,0,0
2026-05-07,листовой объект,объект Мю ПС,5677,40,0,2,0,0,0,0,0
2026-05-07,листовой объект,объект Мю шкафы,5678,8,0,2,0,0,0,0,0
2026-05-07,листовой объект,объект Гамма ОС,5961,447,0,32,0,0,0,0,0
2026-05-07,листовой объект,объект Гамма ПС,5962,4,0,2,0,1,1,0,0
2026-05-07,листовой объект,объект Гамма ДУ,5963,699,0,87,0,4,2,0,0
2026-05-08,коллектор,объект Альфа,5,81365,78834,141,49,0,0,0,0
2026-05-08,коллектор,объект Бета,6,25611,1440,118,4,0,0,0,0
2026-05-08,коллектор,объект Гамма,7,1538,0,145,0,86,3,0,0
2026-05-08,коллектор,Комплекс объект Дельта,8,4007,3811,101,21,0,0,0,0
2026-05-08,коллектор,объект Вита,9,3062,0,34,0,0,0,0,0
2026-05-08,коллектор,объект Эпсилон,11,21355,14096,205,33,0,0,0,0
2026-05-08,коллектор,объект Зита,12,8226,7749,89,27,0,0,0,0
2026-05-08,коллектор,объект Каппа,15,13333,11114,148,21,210,20,0,0
2026-05-08,коллектор,объект Йота,3218,4906,0,64,0,0,0,0,0
2026-05-08,коллектор,объект Тау,3355,1638,0,99,0,0,0,0,0
2026-05-08,коллектор,объект Омикрон,3359,6840,4366,80,17,0,0,0,0
2026-05-08,коллектор,объект Мю,3828,2759,1710,154,34,10,10,0,0
2026-05-08,коллектор,объект Сигма,4068,3062,0,53,0,0,0,0,0
2026-05-08,коллектор,ПС объект Ро,4356,2845,2695,71,8,0,0,0,0
2026-05-08,коллектор,ПС объект Омега,4573,495,208,29,8,0,0,0,0
2026-05-08,коллектор,объект Кси,5327,1296,734,115,4,0,0,0,0
2026-05-08,листовой объект,объект Фита,20,55,0,30,0,0,0,0,0
2026-05-08,листовой объект,объект Вита,28,116,0,16,0,0,0,0,0
2026-05-08,листовой объект,объект Каппа ОС,42,373,0,26,0,0,0,0,0
2026-05-08,листовой объект,ДП объект Вита,99,2918,0,17,0,0,0,0,0
2026-05-08,листовой объект,ДП ПС объект Ро,108,26,0,3,0,0,0,0,0
2026-05-08,листовой объект,ДП объект Бета,111,25548,1440,83,4,0,0,0,0
2026-05-08,листовой объект,объект Бета,165,8,0,5,0,0,0,0,0
2026-05-08,листовой объект,объект Йота,3215,882,0,45,0,0,0,0,0
2026-05-08,листовой объект,ДП объект Йота,3216,3996,0,6,0,0,0,0,0
2026-05-08,листовой объект,ПС объект Тау,3356,1494,0,27,0,0,0,0,0
2026-05-08,листовой объект,ДУ объект Омикрон,3360,4578,4366,52,17,0,0,0,0
2026-05-08,листовой объект,ДУ объект Тау,3388,144,0,72,0,0,0,0,0
2026-05-08,листовой объект,ДП объект Эпсилон,3902,9592,2412,165,20,0,0,0,0
2026-05-08,листовой объект,объект Эпсилон ОС,3904,19,0,6,0,0,0,0,0
2026-05-08,листовой объект,объект Пси ОС,3905,29,0,8,0,0,0,0,0
2026-05-08,листовой объект,объект Сигма,4069,514,0,27,0,0,0,0,0
2026-05-08,листовой объект,объект Хи,4095,5,0,2,0,0,0,0,0
2026-05-08,листовой объект,ДП объект Сигма,4177,2524,0,23,0,0,0,0,0
2026-05-08,листовой объект,ДУ ПС объект Ро,4369,2805,2695,61,8,0,0,0,0
2026-05-08,листовой объект,объект Ро,4370,14,0,7,0,0,0,0,0
2026-05-08,листовой объект,объект Омикрон,4391,129,0,18,0,0,0,0,0
2026-05-08,листовой объект,ДП объект Омикрон,4392,2133,0,10,0,0,0,0,0
2026-05-08,листовой объект,ДУ объект Хи,4543,11710,11684,24,13,0,0,0,0
2026-05-08,листовой объект,ДП ПС объект Омега,4574,127,0,9,0,0,0,0,0
2026-05-08,листовой объект,ДУ объект Дельта,4610,3949,3811,76,21,0,0,0,0
2026-05-08,листовой объект,Шкаф ОПС объект Сигма,4768,24,0,3,0,0,0,0,0
2026-05-08,листовой объект,ДУ ПС объект Омега,5003,368,208,20,8,0,0,0,0
2026-05-08,листовой объект,ДУ объект Вита,5011,28,0,1,0,0,0,0,0
2026-05-08,листовой объект,объект Дельта,5113,58,0,25,0,0,0,0,0
2026-05-08,листовой объект,ДУ объект Альфа,5122,79173,78834,107,49,0,0,0,0
2026-05-08,листовой объект,ДП объект Альфа,5123,1585,0,17,0,0,0,0,0
2026-05-08,листовой объект,ДП объект Альфа 2 этаж,5124,554,0,13,0,0,0,0,0
2026-05-08,листовой объект,объект Фита,5129,13,0,8,0,0,0,0,0
2026-05-08,листовой объект,ДП объект Зита,5132,74,0,17,0,0,0,0,0
2026-05-08,листовой объект,объект Йота ДУ,5218,28,0,13,0,0,0,0,0
2026-05-08,листовой объект,объект Кси ПК0-ПК202,5332,58,0,21,0,0,0,0,0
2026-05-08,листовой объект,ДУ объект Кси,5333,950,734,76,4,0,0,0,0
2026-05-08,листовой объект,ДП объект Кси,5336,262,0,8,0,0,0,0,0
2026-05-08,листовой объект,объект Пси,5339,51,0,3,0,0,0,0,0
2026-05-08,листовой объект,объект Пси шкаф ОПС,5340,2,0,1,0,0,0,0,0
2026-05-08,листовой объект,объект Кси ПК202-ПК302,5343,26,0,10,0,0,0,0,0
2026-05-08,листовой объект,объект Каппа ПС,5567,27,0,1,0,0,0,0,0
2026-05-08,листовой объект,объект Дзета ДУ,5578,7761,7715,48,25,0,0,0,0
2026-05-08,листовой объект,объект Дзета ОС,5580,336,0,12,0,0,0,0,0
2026-05-08,листовой объект,объект Зита ОС,5582,4,0,1,0,0,0,0,0
2026-05-08,листовой объект,объект Зита ДУ,5591,38,34,3,2,0,0,0,0
2026-05-08,листовой объект,объект Каппа ДУ,5657,12933,11114,121,21,210,20,0,0
2026-05-08,листовой объект,объект Мю ДП,5674,774,0,10,0,0,0,0,0
2026-05-08,листовой объект,объект Мю ДУ,5675,1892,1710,108,34,10,10,0,0
2026-05-08,листовой объект,объект Мю ОС,5676,85,0,32,0,0,0,0,0
2026-05-08,листовой объект,объект Мю шкафы,5678,8,0,4,0,0,0,0,0
2026-05-08,листовой объект,объект Гамма ОС,5961,612,0,51,0,0,0,0,0
2026-05-08,листовой объект,объект Гамма ПС,5962,164,0,2,0,81,1,0,0
2026-05-08,листовой объект,объект Гамма ДУ,5963,762,0,92,0,5,2,0,0
2026-05-09,коллектор,объект Альфа,5,78428,78244,68,49,0,0,0,0
2026-05-09,коллектор,объект Бета,6,25210,1440,80,4,0,0,0,0
2026-05-09,коллектор,объект Гамма,7,418,0,23,0,3,3,0,0
2026-05-09,коллектор,Комплекс объект Дельта,8,3006,2973,19,16,1,1,0,0
2026-05-09,коллектор,объект Вита,9,1087,0,19,0,0,0,0,0
2026-05-09,коллектор,объект Эпсилон,11,15538,13382,50,28,0,0,0,0
2026-05-09,коллектор,объект Зита,12,7665,7615,49,25,0,0,0,0
2026-05-09,коллектор,объект Каппа,15,11069,10890,49,20,8,3,0,0
2026-05-09,коллектор,объект Йота,3218,731,0,10,0,0,0,0,0
2026-05-09,коллектор,объект Тау,3355,2291,0,23,0,0,0,0,0
2026-05-09,коллектор,объект Омикрон,3359,5333,4788,30,14,0,0,0,0
2026-05-09,коллектор,объект Мю,3828,3741,2202,170,36,171,34,0,0
2026-05-09,коллектор,объект Сигма,4068,102,0,7,0,0,0,0,0
2026-05-09,коллектор,ПС объект Ро,4356,3411,3276,62,6,0,0,0,0
2026-05-09,коллектор,ПС объект Омега,4573,364,208,19,8,0,0,0,0
2026-05-09,коллектор,объект Кси,5327,327,238,11,3,0,0,0,0
2026-05-09,листовой объект,объект Фита,20,10,0,10,0,0,0,0,0
2026-05-09,листовой объект,объект Вита,28,9,0,6,0,0,0,0,0
2026-05-09,листовой объект,объект Каппа ОС,42,81,0,13,0,0,0,0,0
2026-05-09,листовой объект,ДП объект Вита,99,1052,0,12,0,0,0,0,0
2026-05-09,листовой объект,ДП ПС объект Ро,108,26,0,2,0,0,0,0,0
2026-05-09,листовой объект,ДП объект Бета,111,25200,1440,70,4,0,0,0,0
2026-05-09,листовой объект,объект Йота,3215,7,0,6,0,0,0,0,0
2026-05-09,листовой объект,ДП объект Йота,3216,724,0,4,0,0,0,0,0
2026-05-09,листовой объект,ПС объект Тау,3356,2281,0,18,0,0,0,0,0
2026-05-09,листовой объект,ДУ объект Омикрон,3360,4911,4788,19,14,0,0,0,0
2026-05-09,листовой объект,ДУ объект Тау,3388,10,0,5,0,0,0,0,0
2026-05-09,листовой объект,ДП объект Эпсилон,3902,3850,1706,30,15,0,0,0,0
2026-05-09,листовой объект,объект Эпсилон ОС,3904,2,0,2,0,0,0,0,0
2026-05-09,листовой объект,объект Пси ОС,3905,3,0,3,0,0,0,0,0
2026-05-09,листовой объект,объект Хи,4095,1,0,1,0,0,0,0,0
2026-05-09,листовой объект,ДП объект Сигма,4177,102,0,7,0,0,0,0,0
2026-05-09,листовой объект,ДУ ПС объект Ро,4369,3372,3276,53,6,0,0,0,0
2026-05-09,листовой объект,объект Ро,4370,9,0,6,0,0,0,0,0
2026-05-09,листовой объект,объект Омикрон,4391,8,0,5,0,0,0,0,0
2026-05-09,листовой объект,ДП объект Омикрон,4392,414,0,6,0,0,0,0,0
2026-05-09,листовой объект,ДУ объект Хи,4543,11682,11676,14,13,0,0,0,0
2026-05-09,листовой объект,Шкаф ОПС ПС объект Ро,4569,4,0,1,0,0,0,0,0
2026-05-09,листовой объект,ДУ объект Дельта,4610,3005,2973,18,16,1,1,0,0
2026-05-09,листовой объект,ДУ ПС объект Омега,5003,364,208,19,8,0,0,0,0
2026-05-09,листовой объект,ДУ объект Вита,5011,26,0,1,0,0,0,0,0
2026-05-09,листовой объект,объект Дельта,5113,1,0,1,0,0,0,0,0
2026-05-09,листовой объект,ДУ объект Альфа,5122,78417,78244,57,49,0,0,0,0
2026-05-09,листовой объект,ДП объект Альфа,5123,4,0,4,0,0,0,0,0
2026-05-09,листовой объект,ДП объект Альфа 2 этаж,5124,6,0,6,0,0,0,0,0
2026-05-09,листовой объект,объект Фита,5129,6,0,3,0,0,0,0,0
2026-05-09,листовой объект,объект Кси ПК0-ПК202,5332,2,0,2,0,0,0,0,0
2026-05-09,листовой объект,ДУ объект Кси,5333,312,238,7,3,0,0,0,0
2026-05-09,листовой объект,объект Пси,5339,1,0,1,0,0,0,0,0
2026-05-09,листовой объект,объект Кси ПК202-ПК302,5343,13,0,2,0,0,0,0,0
2026-05-09,листовой объект,объект Дзета ДУ,5578,7579,7577,24,23,0,0,0,0
2026-05-09,листовой объект,объект Дзета ОС,5580,12,0,7,0,0,0,0,0
2026-05-09,листовой объект,объект Зита ОС,5582,12,0,5,0,0,0,0,0
2026-05-09,листовой объект,объект Зита ПС,5583,4,0,2,0,0,0,0,0
2026-05-09,листовой объект,объект Зита ДУ,5591,48,38,6,2,0,0,0,0
2026-05-09,листовой объект,объект Зита шкафы,5593,4,0,2,0,0,0,0,0
2026-05-09,листовой объект,объект Каппа ДУ,5657,10988,10890,36,20,8,3,0,0
2026-05-09,листовой объект,объект Мю ДП,5674,392,0,9,0,0,0,0,0
2026-05-09,листовой объект,объект Мю ДУ,5675,3262,2202,126,36,171,34,0,0
2026-05-09,листовой объект,объект Мю ОС,5676,75,0,33,0,0,0,0,0
2026-05-09,листовой объект,объект Мю ПС,5677,10,0,1,0,0,0,0,0
2026-05-09,листовой объект,объект Мю шкафы,5678,2,0,1,0,0,0,0,0
2026-05-09,листовой объект,объект Гамма ОС,5961,20,0,7,0,0,0,0,0
2026-05-09,листовой объект,объект Гамма ДУ,5963,398,0,16,0,3,3,0,0
2026-05-10,коллектор,объект Альфа,5,81120,80051,113,49,0,0,0,0
2026-05-10,коллектор,объект Бета,6,25072,1432,82,4,0,0,0,0
2026-05-10,коллектор,объект Гамма,7,379,1,8,1,1,1,0,0
2026-05-10,коллектор,Комплекс объект Дельта,8,4218,4185,22,15,0,0,0,0
2026-05-10,коллектор,объект Вита,9,1627,0,32,0,0,0,0,0
2026-05-10,коллектор,объект Эпсилон,11,13599,11341,48,24,0,0,0,0
2026-05-10,коллектор,объект Зита,12,7643,7537,54,27,20,12,0,0
2026-05-10,коллектор,объект Каппа,15,10108,10008,37,20,4,2,0,0
2026-05-10,коллектор,объект Йота,3218,651,0,11,0,0,0,0,0
2026-05-10,коллектор,объект Тау,3355,2757,0,19,0,0,0,0,0
2026-05-10,коллектор,объект Омикрон,3359,5207,4594,25,11,0,0,0,0
2026-05-10,коллектор,объект Мю,3828,3443,2549,136,34,34,31,0,0
2026-05-10,коллектор,объект Сигма,4068,452,0,6,0,0,0,0,0
2026-05-10,коллектор,ПС объект Ро,4356,3747,3522,71,8,0,0,0,0
2026-05-10,коллектор,ПС объект Омега,4573,401,208,27,8,0,0,0,0
2026-05-10,коллектор,объект Кси,5327,622,234,68,3,44,22,0,0
2026-05-10,листовой объект,объект Фита,20,12,0,12,0,0,0,0,0
2026-05-10,листовой объект,объект Вита,28,66,0,16,0,0,0,0,0
2026-05-10,листовой объект,объект Каппа ОС,42,44,0,13,0,0,0,0,0
2026-05-10,листовой объект,ДП объект Вита,99,1529,0,13,0,0,0,0,0
2026-05-10,листовой объект,ДП ПС объект Ро,108,44,0,4,0,0,0,0,0
2026-05-10,листовой объект,ДП объект Бета,111,25060,1432,70,4,0,0,0,0
2026-05-10,листовой объект,объект Йота,3215,3,0,3,0,0,0,0,0
2026-05-10,листовой объект,ДП объект Йота,3216,638,0,4,0,0,0,0,0
2026-05-10,листовой объект,Шкаф ОПС объект Йота,3250,4,0,1,0,0,0,0,0
2026-05-10,листовой объект,ПС объект Тау,3356,2745,0,14,0,0,0,0,0
2026-05-10,листовой объект,ДУ объект Омикрон,3360,4715,4594,16,11,0,0,0,0
2026-05-10,листовой объект,ДУ объект Тау,3388,12,0,5,0,0,0,0,0
2026-05-10,листовой объект,ДП объект Эпсилон,3902,3249,997,32,11,0,0,0,0
2026-05-10,листовой объект,объект Эпсилон ОС,3904,1,0,1,0,0,0,0,0
2026-05-10,листовой объект,объект Пси ОС,3905,1,0,1,0,0,0,0,0
2026-05-10,листовой объект,ДП объект Сигма,4177,452,0,6,0,0,0,0,0
2026-05-10,листовой объект,ДУ ПС объект Ро,4369,3616,3522,54,8,0,0,0,0
2026-05-10,листовой объект,объект Ро,4370,87,0,13,0,0,0,0,0
2026-05-10,листовой объект,объект Омикрон,4391,2,0,2,0,0,0,0,0
2026-05-10,листовой объект,ДП объект Омикрон,4392,490,0,7,0,0,0,0,0
2026-05-10,листовой объект,ДУ объект Хи,4543,10348,10344,14,13,0,0,0,0
2026-05-10,листовой объект,ДП ПС объект Омега,4574,33,0,6,0,0,0,0,0
2026-05-10,листовой объект,ДУ объект Дельта,4610,4211,4185,16,15,0,0,0,0
2026-05-10,листовой объект,ПС объект Омега,4648,2,0,1,0,0,0,0,0
2026-05-10,листовой объект,Шкаф ОПС объект Вита,4767,4,0,2,0,0,0,0,0
2026-05-10,листовой объект,ДУ ПС объект Омега,5003,366,208,20,8,0,0,0,0
2026-05-10,листовой объект,ДУ объект Вита,5011,28,0,1,0,0,0,0,0
2026-05-10,листовой объект,объект Дельта,5113,7,0,6,0,0,0,0,0
2026-05-10,листовой объект,ДУ объект Альфа,5122,80318,80051,93,49,0,0,0,0
2026-05-10,листовой объект,ДП объект Альфа,5123,743,0,13,0,0,0,0,0
2026-05-10,листовой объект,ДП объект Альфа 2 этаж,5124,5,0,5,0,0,0,0,0
2026-05-10,листовой объект,объект Фита,5129,5,0,4,0,0,0,0,0
2026-05-10,листовой объект,объект Йота ДУ,5218,6,0,3,0,0,0,0,0
2026-05-10,листовой объект,объект Кси ПК0-ПК202,5332,14,0,3,0,0,0,0,0
2026-05-10,листовой объект,ДУ объект Кси,5333,542,234,52,3,44,22,0,0
2026-05-10,листовой объект,ДП объект Кси,5336,28,0,6,0,0,0,0,0
2026-05-10,листовой объект,объект Пси,5339,54,0,2,0,0,0,0,0
2026-05-10,листовой объект,объект Кси ПК202-ПК302,5343,38,0,7,0,0,0,0,0
2026-05-10,листовой объект,объект Дзета ДУ,5578,7592,7511,39,25,20,12,0,0
2026-05-10,листовой объект,объект Дзета ОС,5580,16,0,8,0,0,0,0,0
2026-05-10,листовой объект,объект Зита ДУ,5591,30,26,3,2,0,0,0,0
2026-05-10,листовой объект,объект Каппа ДУ,5657,10064,10008,24,20,4,2,0,0
2026-05-10,листовой объект,объект Мю ДП,5674,586,0,11,0,0,0,0,0
2026-05-10,листовой объект,объект Мю ДУ,5675,2795,2549,106,34,34,31,0,0
2026-05-10,листовой объект,объект Мю ОС,5676,56,0,16,0,0,0,0,0
2026-05-10,листовой объект,объект Мю шкафы,5678,6,0,3,0,0,0,0,0
2026-05-10,листовой объект,объект Гамма ОС,5961,2,0,2,0,0,0,0,0
2026-05-10,листовой объект,объект Гамма ДУ,5963,377,1,6,1,1,1,0,0
2026-05-11,коллектор,объект Альфа,5,79908,79666,75,49,0,0,0,0
2026-05-11,коллектор,объект Бета,6,25223,1440,79,4,0,0,0,0
2026-05-11,коллектор,объект Гамма,7,421,0,23,0,4,1,0,0
2026-05-11,коллектор,Комплекс объект Дельта,8,3493,3232,94,19,23,15,0,0
2026-05-11,коллектор,объект Вита,9,1145,0,59,0,0,0,0,0
2026-05-11,коллектор,объект Эпсилон,11,14853,13694,52,28,4,2,0,0
2026-05-11,коллектор,объект Зита,12,8149,7818,85,27,0,0,0,0
2026-05-11,коллектор,объект Каппа,15,10988,10641,68,21,64,30,0,0
2026-05-11,коллектор,объект Йота,3218,937,0,20,0,0,0,0,0
2026-05-11,коллектор,объект Тау,3355,2694,0,19,0,0,0,0,0
2026-05-11,коллектор,объект Омикрон,3359,5503,4269,122,16,0,0,0,0
2026-05-11,коллектор,объект Мю,3828,3319,2457,193,32,1,1,0,0
2026-05-11,коллектор,объект Сигма,4068,28,0,4,0,0,0,0,0
2026-05-11,коллектор,ПС объект Ро,4356,3046,2665,151,7,0,0,0,0
2026-05-11,коллектор,ПС объект Омега,4573,367,208,20,8,0,0,0,0
2026-05-11,коллектор,объект Кси,5327,343,270,9,4,0,0,0,0
2026-05-11,листовой объект,объект Фита,20,8,0,8,0,0,0,0,0
2026-05-11,листовой объект,объект Вита,28,93,0,28,0,0,0,0,0
2026-05-11,листовой объект,объект Каппа ОС,42,31,0,8,0,0,0,0,0
2026-05-11,листовой объект,ДП объект Вита,99,996,0,17,0,0,0,0,0
2026-05-11,листовой объект,ДП ПС объект Ро,108,26,0,5,0,0,0,0,0
2026-05-11,листовой объект,ДП объект Бета,111,25214,1440,70,4,0,0,0,0
2026-05-11,листовой объект,объект Бета,165,1,0,1,0,0,0,0,0
2026-05-11,листовой объект,объект Йота,3215,7,0,4,0,0,0,0,0
2026-05-11,листовой объект,ДП объект Йота,3216,910,0,6,0,0,0,0,0
2026-05-11,листовой объект,ПС объект Тау,3356,2686,0,15,0,0,0,0,0
2026-05-11,листовой объект,ДУ объект Омикрон,3360,4499,4269,77,16,0,0,0,0
2026-05-11,листовой объект,ДУ объект Тау,3388,8,0,4,0,0,0,0,0
2026-05-11,листовой объект,ДП объект Эпсилон,3902,2703,1585,28,15,0,0,0,0
2026-05-11,листовой объект,объект Эпсилон ОС,3904,1,0,1,0,0,0,0,0
2026-05-11,листовой объект,объект Пси ОС,3905,6,0,4,0,0,0,0,0
2026-05-11,листовой объект,объект Хи,4095,1,0,1,0,0,0,0,0
2026-05-11,листовой объект,ДП объект Сигма,4177,28,0,4,0,0,0,0,0
2026-05-11,листовой объект,ДУ ПС объект Ро,4369,2883,2665,104,7,0,0,0,0
2026-05-11,листовой объект,объект Ро,4370,137,0,42,0,0,0,0,0
2026-05-11,листовой объект,объект Омикрон,4391,122,0,39,0,0,0,0,0
2026-05-11,листовой объект,ДП объект Омикрон,4392,882,0,6,0,0,0,0,0
2026-05-11,листовой объект,Шкаф ОПС объект Хи,4541,2,0,1,0,0,0,0,0
2026-05-11,листовой объект,ДУ объект Хи,4543,12140,12109,17,13,4,2,0,0
2026-05-11,листовой объект,ДП ПС объект Омега,4574,1,0,1,0,0,0,0,0
2026-05-11,листовой объект,ДУ объект Дельта,4610,3464,3232,82,19,23,15,0,0
2026-05-11,листовой объект,ДУ ПС объект Омега,5003,366,208,19,8,0,0,0,0
2026-05-11,листовой объект,ДУ объект Вита,5011,56,0,14,0,0,0,0,0
2026-05-11,листовой объект,объект Дельта,5113,29,0,12,0,0,0,0,0
2026-05-11,листовой объект,ДУ объект Альфа,5122,79892,79666,64,49,0,0,0,0
2026-05-11,листовой объект,ДП объект Альфа,5123,4,0,4,0,0,0,0,0
2026-05-11,листовой объект,ДП объект Альфа 2 этаж,5124,4,0,4,0,0,0,0,0
2026-05-11,листовой объект,объект Фита,5129,19,0,6,0,0,0,0,0
2026-05-11,листовой объект,ДП объект Зита,5132,52,0,15,0,0,0,0,0
2026-05-11,листовой объект,объект Йота ДУ,5218,20,0,10,0,0,0,0,0
2026-05-11,листовой объект,объект Кси ПК0-ПК202,5332,1,0,1,0,0,0,0,0
2026-05-11,листовой объект,ДУ объект Кси,5333,342,270,8,4,0,0,0,0
2026-05-11,листовой объект,объект Пси,5339,8,0,3,0,0,0,0,0
2026-05-11,листовой объект,объект Дзета ДУ,5578,7840,7794,48,25,0,0,0,0
2026-05-11,листовой объект,объект Дзета ОС,5580,164,0,11,0,0,0,0,0
2026-05-11,листовой объект,объект Зита ОС,5582,4,0,1,0,0,0,0,0
2026-05-11,листовой объект,объект Зита ДУ,5591,70,24,4,2,0,0,0,0
2026-05-11,листовой объект,объект Каппа ДУ,5657,10957,10641,60,21,64,30,0,0
2026-05-11,листовой объект,объект Мю ДП,5674,474,0,8,0,0,0,0,0
2026-05-11,листовой объект,объект Мю ДУ,5675,2644,2457,122,32,1,1,0,0
2026-05-11,листовой объект,объект Мю ОС,5676,201,0,63,0,0,0,0,0
2026-05-11,листовой объект,объект Гамма ОС,5961,18,0,7,0,0,0,0,0
2026-05-11,листовой объект,объект Гамма ДУ,5963,403,0,16,0,4,1,0,0
2026-05-12,коллектор,объект Альфа,5,85199,83182,139,49,0,0,0,0
2026-05-12,коллектор,объект Бета,6,25688,1440,166,4,0,0,0,0
2026-05-12,коллектор,объект Гамма,7,881,0,94,0,5,2,0,0
2026-05-12,коллектор,Комплекс объект Дельта,8,4526,3987,184,24,0,0,0,0
2026-05-12,коллектор,объект Вита,9,4310,0,51,0,0,0,0,0
2026-05-12,коллектор,объект Эпсилон,11,13237,7675,138,31,0,0,0,0
2026-05-12,коллектор,объект Зита,12,8150,7704,105,26,26,13,0,0
2026-05-12,коллектор,объект Каппа,15,11507,10940,137,21,5,2,0,0
2026-05-12,коллектор,объект Йота,3218,4210,0,52,0,0,0,0,0
2026-05-12,коллектор,объект Тау,3355,2845,0,136,0,0,0,0,0
2026-05-12,коллектор,объект Омикрон,3359,6976,3245,91,17,2,2,0,0
2026-05-12,коллектор,объект Мю,3828,3686,2771,185,35,22,11,0,0
2026-05-12,коллектор,объект Сигма,4068,118,0,9,0,2,2,0,0
2026-05-12,коллектор,ПС объект Ро,4356,3386,3204,75,7,0,0,0,0
2026-05-12,коллектор,ПС объект Омега,4573,304,48,84,8,0,0,0,0
2026-05-12,коллектор,объект Кси,5327,1056,284,153,4,0,0,0,0
2026-05-12,листовой объект,объект Фита,20,136,0,59,0,0,0,0,0
2026-05-12,листовой объект,объект Вита,28,304,0,20,0,0,0,0,0
2026-05-12,листовой объект,объект Каппа ОС,42,347,0,33,0,0,0,0,0
2026-05-12,листовой объект,ДП объект Вита,99,3948,0,17,0,0,0,0,0
2026-05-12,листовой объект,ДП ПС объект Ро,108,25,0,5,0,0,0,0,0
2026-05-12,листовой объект,ДП объект Бета,111,25456,1440,96,4,0,0,0,0
2026-05-12,листовой объект,объект Бета,165,76,0,8,0,0,0,0,0
2026-05-12,листовой объект,объект Йота,3215,922,0,34,0,0,0,0,0
2026-05-12,листовой объект,ДП объект Йота,3216,3258,0,5,0,0,0,0,0
2026-05-12,листовой объект,ПС объект Тау,3356,2675,0,52,0,0,0,0,0
2026-05-12,листовой объект,ДУ объект Омикрон,3360,3455,3245,66,17,2,2,0,0
2026-05-12,листовой объект,ДУ объект Тау,3388,166,0,82,0,0,0,0,0
2026-05-12,листовой объект,ДП объект Эпсилон,3902,7146,1654,95,18,0,0,0,0
2026-05-12,листовой объект,объект Эпсилон ОС,3904,4,0,1,0,0,0,0,0
2026-05-12,листовой объект,объект Пси ОС,3905,8,0,4,0,0,0,0,0
2026-05-12,листовой объект,объект Хи,4095,38,0,16,0,0,0,0,0
2026-05-12,листовой объект,ДП объект Сигма,4177,118,0,9,0,2,2,0,0
2026-05-12,листовой объект,ДУ ПС объект Ро,4369,3312,3204,60,7,0,0,0,0
2026-05-12,листовой объект,объект Ро,4370,45,0,8,0,0,0,0,0
2026-05-12,листовой объект,объект Омикрон,4391,263,0,16,0,0,0,0,0
2026-05-12,листовой объект,ДП объект Омикрон,4392,3256,0,8,0,0,0,0,0
2026-05-12,листовой объект,ДУ объект Хи,4543,6041,6021,22,13,0,0,0,0
2026-05-12,листовой объект,Шкаф ОПС ПС объект Ро,4569,4,0,2,0,0,0,0,0
2026-05-12,листовой объект,ДП ПС объект Омега,4574,67,0,9,0,0,0,0,0
2026-05-12,листовой объект,Шкаф ОПС ПС объект Омега,4577,2,0,1,0,0,0,0,0
2026-05-12,листовой объект,ДУ объект Дельта,4610,4237,3987,121,24,0,0,0,0
2026-05-12,листовой объект,ПС объект Омега,4648,48,0,15,0,0,0,0,0
2026-05-12,листовой объект,Шкаф ОПС объект Омикрон,4763,2,0,1,0,0,0,0,0
2026-05-12,листовой объект,Шкаф ОПС объект Бета,4765,20,0,3,0,0,0,0,0
2026-05-12,листовой объект,Шкаф ОПС объект Вита,4767,4,0,1,0,0,0,0,0
2026-05-12,листовой объект,Шкаф ОПС объект Зита,4770,3,0,1,0,1,1,0,0
2026-05-12,листовой объект,ДУ ПС объект Омега,5003,187,48,59,8,0,0,0,0
2026-05-12,листовой объект,Шкаф ОПС ПС объект Тау,5009,4,0,2,0,0,0,0,0
2026-05-12,листовой объект,ДУ объект Вита,5011,54,0,13,0,0,0,0,0
2026-05-12,листовой объект,объект Дельта,5113,289,0,63,0,0,0,0,0
2026-05-12,листовой объект,ДУ объект Альфа,5122,83470,83182,108,49,0,0,0,0
2026-05-12,листовой объект,ДП объект Альфа,5123,909,0,17,0,0,0,0,0
2026-05-12,листовой объект,ДП объект Альфа 2 этаж,5124,598,0,11,0,0,0,0,0
2026-05-12,листовой объект,объект Фита,5129,16,0,4,0,0,0,0,0
2026-05-12,листовой объект,ДП объект Зита,5132,74,0,15,0,0,0,0,0
2026-05-12,листовой объект,объект Йота ДУ,5218,30,0,13,0,0,0,0,0
2026-05-12,листовой объект,объект Кси ПК0-ПК202,5332,67,0,23,0,0,0,0,0
2026-05-12,листовой объект,ДУ объект Кси,5333,554,284,104,4,0,0,0,0
2026-05-12,листовой объект,ДП объект Кси,5336,404,0,12,0,0,0,0,0
2026-05-12,листовой объект,объект Пси,5339,222,0,3,0,0,0,0,0
2026-05-12,листовой объект,объект Кси ПК202-ПК302,5343,31,0,14,0,0,0,0,0
2026-05-12,листовой объект,объект Дзета ДУ,5578,7848,7680,70,25,25,12,0,0
2026-05-12,листовой объект,объект Дзета ОС,5580,147,0,12,0,0,0,0,0
2026-05-12,листовой объект,объект Зита ОС,5582,4,0,1,0,0,0,0,0
2026-05-12,листовой объект,объект Зита ДУ,5591,58,24,2,1,0,0,0,0
2026-05-12,листовой объект,объект Каппа ДУ,5657,11160,10940,104,21,5,2,0,0
2026-05-12,листовой объект,объект Мю ДП,5674,484,0,20,0,0,0,0,0
2026-05-12,листовой объект,объект Мю ДУ,5675,3017,2771,117,35,20,10,0,0
2026-05-12,листовой объект,объект Мю ОС,5676,169,0,44,0,0,0,0,0
2026-05-12,листовой объект,объект Мю ПС,5677,2,0,2,0,0,0,0,0
2026-05-12,листовой объект,объект Мю шкафы,5678,14,0,2,0,2,1,0,0
2026-05-12,листовой объект,объект Гамма ОС,5961,436,0,50,0,0,0,0,0
2026-05-12,листовой объект,объект Гамма ПС,5962,10,0,2,0,4,1,0,0
2026-05-12,листовой объект,объект Гамма ДУ,5963,435,0,42,0,1,1,0,0
2026-05-13,коллектор,объект Альфа,5,84924,82539,173,49,4,1,4,1
2026-05-13,коллектор,объект Бета,6,25288,1432,120,4,0,0,0,0
2026-05-13,коллектор,объект Гамма,7,1284,0,97,0,85,5,0,0
2026-05-13,коллектор,Комплекс объект Дельта,8,3603,3232,97,19,25,16,0,0
2026-05-13,коллектор,объект Вита,9,4941,0,28,0,0,0,0,0
2026-05-13,коллектор,объект Эпсилон,11,9492,4820,140,33,13,13,0,0
2026-05-13,коллектор,объект Зита,12,8001,7157,157,25,9,9,0,0
2026-05-13,коллектор,объект Каппа,15,12348,10790,195,20,38,18,0,0
2026-05-13,коллектор,объект Йота,3218,4496,0,62,0,0,0,0,0
2026-05-13,коллектор,объект Тау,3355,2097,0,144,0,0,0,0,0
2026-05-13,коллектор,объект Омикрон,3359,7722,4412,102,18,10,10,0,0
2026-05-13,коллектор,объект Мю,3828,3318,2552,135,34,0,0,0,0
2026-05-13,коллектор,объект Сигма,4068,297,0,25,0,0,0,0,0
2026-05-13,коллектор,ПС объект Ро,4356,2477,2288,75,8,0,0,0,0
2026-05-13,коллектор,ПС объект Омега,4573,623,176,28,8,0,0,0,0
2026-05-13,коллектор,объект Кси,5327,1276,762,80,4,0,0,0,0
2026-05-13,листовой объект,объект Фита,20,75,0,34,0,0,0,0,0
2026-05-13,листовой объект,объект Вита,28,63,0,10,0,0,0,0,0
2026-05-13,листовой объект,объект Каппа ОС,42,1066,0,72,0,0,0,0,0
2026-05-13,листовой объект,ДП объект Вита,99,4846,0,16,0,0,0,0,0
2026-05-13,листовой объект,ДП ПС объект Ро,108,63,0,6,0,0,0,0,0
2026-05-13,листовой объект,ДП объект Бета,111,25205,1432,84,4,0,0,0,0
2026-05-13,листовой объект,объект Бета,165,4,0,1,0,0,0,0,0
2026-05-13,листовой объект,объект Йота,3215,1964,0,44,0,0,0,0,0
2026-05-13,листовой объект,ДП объект Йота,3216,2504,0,5,0,0,0,0,0
2026-05-13,листовой объект,ПС объект Тау,3356,1909,0,50,0,0,0,0,0
2026-05-13,листовой объект,ДУ объект Омикрон,3360,4641,4412,75,18,10,10,0,0
2026-05-13,листовой объект,ДУ объект Тау,3388,188,0,94,0,0,0,0,0
2026-05-13,листовой объект,ДП объект Эпсилон,3902,7778,3194,96,20,13,13,0,0
2026-05-13,листовой объект,объект Эпсилон ОС,3904,8,0,4,0,0,0,0,0
2026-05-13,листовой объект,объект Пси ОС,3905,38,0,12,0,0,0,0,0
2026-05-13,листовой объект,объект Сигма,4069,55,0,9,0,0,0,0,0
2026-05-13,листовой объект,объект Хи,4095,24,0,8,0,0,0,0,0
2026-05-13,листовой объект,ДП объект Сигма,4177,242,0,16,0,0,0,0,0
2026-05-13,листовой объект,ДУ ПС объект Ро,4369,2400,2288,63,8,0,0,0,0
2026-05-13,листовой объект,объект Ро,4370,14,0,6,0,0,0,0,0
2026-05-13,листовой объект,объект Омикрон,4391,59,0,16,0,0,0,0,0
2026-05-13,листовой объект,ДП объект Омикрон,4392,3018,0,10,0,0,0,0,0
2026-05-13,листовой объект,ДУ объект Хи,4543,1644,1626,20,13,0,0,0,0
2026-05-13,листовой объект,ДП ПС объект Омега,4574,306,0,7,0,0,0,0,0
2026-05-13,листовой объект,ДУ объект Дельта,4610,3478,3232,70,19,25,16,0,0
2026-05-13,листовой объект,ПС объект Омега,4648,6,0,2,0,0,0,0,0
2026-05-13,листовой объект,Шкаф ОПС объект Омикрон,4763,4,0,1,0,0,0,0,0
2026-05-13,листовой объект,Шкаф ОПС объект Бета,4765,4,0,1,0,0,0,0,0
2026-05-13,листовой объект,Шкаф ОПС объект Вита,4767,2,0,1,0,0,0,0,0
2026-05-13,листовой объект,Шкаф ОПС объект Зита,4770,14,0,3,0,0,0,0,0
2026-05-13,листовой объект,ДУ ПС объект Омега,5003,311,176,19,8,0,0,0,0
2026-05-13,листовой объект,ДУ объект Вита,5011,30,0,1,0,0,0,0,0
2026-05-13,листовой объект,объект Дельта,5113,125,0,27,0,0,0,0,0
2026-05-13,листовой объект,ДУ объект Альфа,5122,82846,82539,124,49,4,1,4,1
2026-05-13,листовой объект,ДП объект Альфа,5123,1159,0,16,0,0,0,0,0
2026-05-13,листовой объект,ДП объект Альфа 2 этаж,5124,555,0,10,0,0,0,0,0
2026-05-13,листовой объект,объект Фита,5129,497,0,81,0,9,9,0,0
2026-05-13,листовой объект,ДП объект Зита,5132,238,0,25,0,0,0,0,0
2026-05-13,листовой объект,объект Йота ДУ,5218,28,0,13,0,0,0,0,0
2026-05-13,листовой объект,объект Кси ПК0-ПК202,5332,28,0,14,0,0,0,0,0
2026-05-13,листовой объект,ДУ объект Кси,5333,924,762,54,4,0,0,0,0
2026-05-13,листовой объект,ДП объект Кси,5336,308,0,6,0,0,0,0,0
2026-05-13,листовой объект,объект Пси,5339,356,0,21,0,0,0,0,0
2026-05-13,листовой объект,объект Пси шкаф ОПС,5340,8,0,2,0,0,0,0,0
2026-05-13,листовой объект,объект Кси ПК202-ПК302,5343,16,0,6,0,0,0,0,0
2026-05-13,листовой объект,объект Дзета ДУ,5578,7175,7145,36,24,0,0,0,0
2026-05-13,листовой объект,объект Дзета ОС,5580,33,0,9,0,0,0,0,0
2026-05-13,листовой объект,объект Зита ОС,5582,4,0,1,0,0,0,0,0
2026-05-13,листовой объект,объект Зита ДУ,5591,40,12,2,1,0,0,0,0
2026-05-13,листовой объект,объект Каппа ДУ,5657,11282,10790,123,20,38,18,0,0
2026-05-13,листовой объект,объект Мю ДП,5674,572,0,10,0,0,0,0,0
2026-05-13,листовой объект,объект Мю ДУ,5675,2686,2552,100,34,0,0,0,0
2026-05-13,листовой объект,объект Мю ОС,5676,60,0,25,0,0,0,0,0
2026-05-13,листовой объект,объект Гамма ОС,5961,644,0,50,0,0,0,0,0
2026-05-13,листовой объект,объект Гамма ПС,5962,171,0,5,0,81,2,0,0
2026-05-13,листовой объект,объект Гамма ДУ,5963,469,0,42,0,4,3,0,0
2026-05-14,коллектор,объект Альфа,5,84000,82352,149,49,0,0,0,0
2026-05-14,коллектор,объект Бета,6,25488,1440,133,4,0,0,0,0
2026-05-14,коллектор,объект Гамма,7,1188,0,105,0,11,2,0,0
2026-05-14,коллектор,Комплекс объект Дельта,8,3239,3017,115,23,0,0,0,0
2026-05-14,коллектор,объект Вита,9,6026,24,158,6,50,12,0,0
2026-05-14,коллектор,объект Эпсилон,11,11575,6491,240,32,3,2,0,0
2026-05-14,коллектор,объект Зита,12,7289,7183,51,26,0,0,0,0
2026-05-14,коллектор,объект Каппа,15,12088,11255,145,20,9,3,0,0
2026-05-14,коллектор,объект Йота,3218,3809,0,55,0,0,0,0,0
2026-05-14,коллектор,объект Тау,3355,2485,0,239,0,0,0,0,0
2026-05-14,коллектор,объект Омикрон,3359,8533,3303,96,19,0,0,0,0
2026-05-14,коллектор,объект Мю,3828,4064,2912,174,37,34,34,0,0
2026-05-14,коллектор,объект Сигма,4068,96,0,6,0,0,0,0,0
2026-05-14,коллектор,ПС объект Ро,4356,3031,2849,77,7,0,0,0,0
2026-05-14,коллектор,ПС объект Омега,4573,836,112,125,8,0,0,0,0
2026-05-14,коллектор,объект Кси,5327,1283,739,106,5,0,0,0,0
2026-05-14,листовой объект,объект Фита,20,62,0,33,0,0,0,0,0
2026-05-14,листовой объект,объект Вита,28,312,0,40,0,0,0,0,0
2026-05-14,листовой объект,объект Каппа ОС,42,582,0,41,0,0,0,0,0
2026-05-14,листовой объект,ДП объект Вита,99,4838,0,14,0,0,0,0,0
2026-05-14,листовой объект,ДП ПС объект Ро,108,48,0,4,0,0,0,0,0
2026-05-14,листовой объект,ДП объект Бета,111,25414,1440,91,4,0,0,0,0
2026-05-14,листовой объект,объект Бета,165,12,0,9,0,0,0,0,0
2026-05-14,листовой объект,объект Йота,3215,1465,0,37,0,0,0,0,0
2026-05-14,листовой объект,ДП объект Йота,3216,2318,0,5,0,0,0,0,0
2026-05-14,листовой объект,ПС объект Тау,3356,2209,0,101,0,0,0,0,0
2026-05-14,листовой объект,ДУ объект Омикрон,3360,3481,3303,66,19,0,0,0,0
2026-05-14,листовой объект,ДУ объект Тау,3388,276,0,138,0,0,0,0,0
2026-05-14,листовой объект,ДП объект Эпсилон,3902,7428,2442,190,20,0,0,0,0
2026-05-14,листовой объект,объект Эпсилон ОС,3904,32,0,15,0,0,0,0,0
2026-05-14,листовой объект,объект Пси ОС,3905,44,0,19,0,0,0,0,0
2026-05-14,листовой объект,объект Хи,4095,2,0,2,0,0,0,0,0
2026-05-14,листовой объект,ДП объект Сигма,4177,96,0,6,0,0,0,0,0
2026-05-14,листовой объект,ДУ ПС объект Ро,4369,2963,2849,63,7,0,0,0,0
2026-05-14,листовой объект,объект Ро,4370,20,0,10,0,0,0,0,0
2026-05-14,листовой объект,объект Омикрон,4391,74,0,18,0,0,0,0,0
2026-05-14,листовой объект,ДП объект Омикрон,4392,4948,0,10,0,0,0,0,0
2026-05-14,листовой объект,ДУ объект Хи,4543,4069,4049,14,12,3,2,0,0
2026-05-14,листовой объект,ДП ПС объект Омега,4574,346,0,7,0,0,0,0,0
2026-05-14,листовой объект,ДУ объект Дельта,4610,3169,3017,89,23,0,0,0,0
2026-05-14,листовой объект,ПС объект Омега,4648,150,0,40,0,0,0,0,0
2026-05-14,листовой объект,Шкаф ОПС объект Омикрон,4763,30,0,2,0,0,0,0,0
2026-05-14,листовой объект,ДУ ПС объект Омега,5003,340,112,78,8,0,0,0,0
2026-05-14,листовой объект,ДУ объект Вита,5011,876,24,104,6,50,12,0,0
2026-05-14,листовой объект,объект Дельта,5113,70,0,26,0,0,0,0,0
2026-05-14,листовой объект,ДУ объект Альфа,5122,82617,82352,120,49,0,0,0,0
2026-05-14,листовой объект,ДП объект Альфа,5123,839,0,16,0,0,0,0,0
2026-05-14,листовой объект,ДП объект Альфа 2 этаж,5124,399,0,10,0,0,0,0,0
2026-05-14,листовой объект,объект Фита,5129,25,0,7,0,0,0,0,0
2026-05-14,листовой объект,ДП объект Зита,5132,22,0,8,0,0,0,0,0
2026-05-14,листовой объект,объект Йота ДУ,5218,26,0,13,0,0,0,0,0
2026-05-14,листовой объект,объект Кси ПК0-ПК202,5332,60,0,21,0,0,0,0,0
2026-05-14,листовой объект,ДУ объект Кси,5333,909,739,57,5,0,0,0,0
2026-05-14,листовой объект,ДП объект Кси,5336,264,0,10,0,0,0,0,0
2026-05-14,листовой объект,"Шкаф ОПС, ДУ объект Кси",5338,6,0,2,0,0,0,0,0
2026-05-14,листовой объект,объект Пси,5339,145,0,3,0,0,0,0,0
2026-05-14,листовой объект,объект Кси ПК202-ПК302,5343,44,0,16,0,0,0,0,0
2026-05-14,листовой объект,объект Дзета ДУ,5578,7161,7161,24,24,0,0,0,0
2026-05-14,листовой объект,объект Дзета ОС,5580,13,0,4,0,0,0,0,0
2026-05-14,листовой объект,объект Зита ДУ,5591,50,22,4,2,0,0,0,0
2026-05-14,листовой объект,объект Дзета щит. ПК48 Г1 ПК5,5594,18,0,4,0,0,0,0,0
2026-05-14,листовой объект,объект Каппа ДУ,5657,11506,11255,104,20,9,3,0,0
2026-05-14,листовой объект,объект Мю ДП,5674,710,0,10,0,0,0,0,0
2026-05-14,листовой объект,объект Мю ДУ,5675,3243,2912,127,37,34,34,0,0
2026-05-14,листовой объект,объект Мю ОС,5676,110,0,36,0,0,0,0,0
2026-05-14,листовой объект,объект Мю ПС,5677,1,0,1,0,0,0,0,0
2026-05-14,листовой объект,объект Гамма ОС,5961,703,0,56,0,0,0,0,0
2026-05-14,листовой объект,объект Гамма ПС,5962,26,0,6,0,9,1,0,0
2026-05-14,листовой объект,объект Гамма ДУ,5963,457,0,42,0,2,1,0,0
2026-05-14,листовой объект,объект Гамма шкафы,5966,2,0,1,0,0,0,0,0
2026-05-15,коллектор,объект Альфа,5,87002,84475,134,50,0,0,0,0
2026-05-15,коллектор,объект Бета,6,26137,1448,169,4,0,0,0,0
2026-05-15,коллектор,объект Гамма,7,1218,0,117,0,13,9,0,0
2026-05-15,коллектор,Комплекс объект Дельта,8,4208,3929,105,23,20,5,0,0
2026-05-15,коллектор,объект Вита,9,3593,0,103,0,0,0,0,0
2026-05-15,коллектор,объект Эпсилон,11,13416,8626,171,35,2,2,0,0
2026-05-15,коллектор,объект Зита,12,8811,8224,174,27,0,0,0,0
2026-05-15,коллектор,объект Каппа,15,11746,10515,150,21,7,5,0,0
2026-05-15,коллектор,объект Йота,3218,5079,0,77,0,1,1,0,0
2026-05-15,коллектор,объект Тау,3355,1918,0,109,0,0,0,0,0
2026-05-15,коллектор,объект Омикрон,3359,7835,2226,117,25,46,12,0,0
2026-05-15,коллектор,объект Мю,3828,2598,1651,157,33,20,10,0,0
2026-05-15,коллектор,объект Сигма,4068,28,0,8,0,0,0,0,0
2026-05-15,коллектор,ПС объект Ро,4356,2545,2293,104,9,0,0,0,0
2026-05-15,коллектор,ПС объект Омега,4573,822,224,34,8,0,0,0,0
2026-05-15,коллектор,объект Кси,5327,2013,815,102,4,0,0,0,0
2026-05-15,листовой объект,объект Фита,20,162,0,58,0,0,0,0,0
2026-05-15,листовой объект,объект Вита,28,129,0,19,0,0,0,0,0
2026-05-15,листовой объект,объект Каппа ОС,42,827,0,46,0,0,0,0,0
2026-05-15,листовой объект,ДП объект Вита,99,3288,0,16,0,0,0,0,0
2026-05-15,листовой объект,ДП ПС объект Ро,108,42,0,5,0,0,0,0,0
2026-05-15,листовой объект,ДП объект Бета,111,25807,1448,96,4,0,0,0,0
2026-05-15,листовой объект,объект Бета,165,168,0,15,0,0,0,0,0
2026-05-15,листовой объект,объект Йота,3215,1755,0,44,0,0,0,0,0
2026-05-15,листовой объект,ДП объект Йота,3216,3254,0,5,0,0,0,0,0
2026-05-15,листовой объект,Шкаф ОПС объект Йота,3250,8,0,3,0,0,0,0,0
2026-05-15,листовой объект,ПС объект Тау,3356,1778,0,40,0,0,0,0,0
2026-05-15,листовой объект,ДУ объект Омикрон,3360,2609,2226,82,25,46,12,0,0
2026-05-15,листовой объект,ДУ объект Тау,3388,140,0,69,0,0,0,0,0
2026-05-15,листовой объект,ДП объект Эпсилон,3902,6547,1819,132,22,0,0,0,0
2026-05-15,листовой объект,объект Эпсилон ОС,3904,9,0,4,0,0,0,0,0
2026-05-15,листовой объект,объект Пси ОС,3905,11,0,6,0,0,0,0,0
2026-05-15,листовой объект,объект Сигма,4069,1,0,1,0,0,0,0,0
2026-05-15,листовой объект,объект Хи,4095,10,0,4,0,0,0,0,0
2026-05-15,листовой объект,ДП объект Сигма,4177,27,0,7,0,0,0,0,0
2026-05-15,листовой объект,ДУ ПС объект Ро,4369,2459,2293,89,9,0,0,0,0
2026-05-15,листовой объект,объект Ро,4370,44,0,10,0,0,0,0,0
2026-05-15,листовой объект,объект Омикрон,4391,100,0,19,0,0,0,0,0
2026-05-15,листовой объект,ДП объект Омикрон,4392,5090,0,11,0,0,0,0,0
2026-05-15,листовой объект,ДУ объект Хи,4543,6839,6807,25,13,2,2,0,0
2026-05-15,листовой объект,ДП ПС объект Омега,4574,416,0,10,0,0,0,0,0
2026-05-15,листовой объект,Шкаф ОПС ПС объект Омега,4577,2,0,1,0,0,0,0,0
2026-05-15,листовой объект,ДУ объект Дельта,4610,4145,3929,84,23,20,5,0,0
2026-05-15,листовой объект,ПС объект Омега,4648,8,0,1,0,0,0,0,0
2026-05-15,листовой объект,Шкаф ОПС объект Омикрон,4763,36,0,5,0,0,0,0,0
2026-05-15,листовой объект,ДУ ПС объект Омега,5003,396,224,22,8,0,0,0,0
2026-05-15,листовой объект,ДУ объект Вита,5011,176,0,68,0,0,0,0,0
2026-05-15,листовой объект,объект Дельта,5113,63,0,21,0,0,0,0,0
2026-05-15,листовой объект,ДУ объект Альфа,5122,84737,84475,107,50,0,0,0,0
2026-05-15,листовой объект,ДП объект Альфа,5123,1044,0,15,0,0,0,0,0
2026-05-15,листовой объект,ДП объект Альфа 2 этаж,5124,589,0,10,0,0,0,0,0
2026-05-15,листовой объект,объект Фита,5129,117,0,33,0,0,0,0,0
2026-05-15,листовой объект,ДП объект Зита,5132,87,0,29,0,0,0,0,0
2026-05-15,листовой объект,объект Йота ДУ,5218,62,0,25,0,1,1,0,0
2026-05-15,листовой объект,объект Кси ПК0-ПК202,5332,60,0,17,0,0,0,0,0
2026-05-15,листовой объект,ДУ объект Кси,5333,995,815,65,4,0,0,0,0
2026-05-15,листовой объект,ДП объект Кси,5336,924,0,9,0,0,0,0,0
2026-05-15,листовой объект,объект Пси,5339,632,0,2,0,0,0,0,0
2026-05-15,листовой объект,объект Кси ПК202-ПК302,5343,34,0,11,0,0,0,0,0
2026-05-15,листовой объект,объект Дзета ДУ,5578,8298,8184,71,26,0,0,0,0
2026-05-15,листовой объект,объект Дзета ОС,5580,235,0,34,0,0,0,0,0
2026-05-15,листовой объект,объект Зита ОС,5582,10,0,4,0,0,0,0,0
2026-05-15,листовой объект,объект Зита ДУ,5591,64,40,3,1,0,0,0,0
2026-05-15,листовой объект,объект Каппа ДУ,5657,10919,10515,104,21,7,5,0,0
2026-05-15,листовой объект,объект Мю ДП,5674,620,0,9,0,0,0,0,0
2026-05-15,листовой объект,объект Мю ДУ,5675,1891,1651,116,33,20,10,0,0
2026-05-15,листовой объект,объект Мю ОС,5676,82,0,29,0,0,0,0,0
2026-05-15,листовой объект,объект Мю ПС,5677,1,0,1,0,0,0,0,0
2026-05-15,листовой объект,объект Мю шкафы,5678,4,0,2,0,0,0,0,0
2026-05-15,листовой объект,объект Гамма ОС,5961,747,0,67,0,0,0,0,0
2026-05-15,листовой объект,объект Гамма ПС,5962,32,0,8,0,11,7,0,0
2026-05-15,листовой объект,объект Гамма ДУ,5963,439,0,42,0,2,2,0,0
2026-05-16,коллектор,объект Альфа,5,84485,84270,68,49,0,0,0,0
2026-05-16,коллектор,объект Бета,6,25209,1440,79,4,0,0,0,0
2026-05-16,коллектор,объект Гамма,7,323,0,4,0,1,1,0,0
2026-05-16,коллектор,Комплекс объект Дельта,8,3165,3066,41,17,14,9,0,0
2026-05-16,коллектор,объект Вита,9,1333,0,85,0,23,14,0,0
2026-05-16,коллектор,объект Эпсилон,11,10744,8987,55,29,4,4,0,0
2026-05-16,коллектор,объект Зита,12,7727,7367,87,29,0,0,0,0
2026-05-16,коллектор,объект Каппа,15,10055,9634,84,21,69,30,0,0
2026-05-16,коллектор,объект Йота,3218,4269,0,64,0,0,0,0,0
2026-05-16,коллектор,объект Тау,3355,1414,0,28,0,6,6,0,0
2026-05-16,коллектор,объект Омикрон,3359,2783,1463,31,8,0,0,0,0
2026-05-16,коллектор,объект Мю,3828,2378,1846,120,33,0,0,0,0
2026-05-16,коллектор,объект Сигма,4068,112,0,6,0,0,0,0,0
2026-05-16,коллектор,ПС объект Ро,4356,2400,2195,78,9,0,0,0,0
2026-05-16,коллектор,ПС объект Омега,4573,338,192,20,8,0,0,0,0
2026-05-16,коллектор,объект Кси,5327,502,279,37,3,0,0,0,0
2026-05-16,листовой объект,объект Фита,20,7,0,7,0,0,0,0,0
2026-05-16,листовой объект,объект Вита,28,97,0,16,0,0,0,0,0
2026-05-16,листовой объект,объект Каппа ОС,42,66,0,13,0,0,0,0,0
2026-05-16,листовой объект,ДП объект Вита,99,992,0,6,0,0,0,0,0
2026-05-16,листовой объект,ДП ПС объект Ро,108,70,0,3,0,0,0,0,0
2026-05-16,листовой объект,ДП объект Бета,111,25200,1440,70,4,0,0,0,0
2026-05-16,листовой объект,объект Бета,165,2,0,2,0,0,0,0,0
2026-05-16,листовой объект,объект Йота,3215,1525,0,36,0,0,0,0,0
2026-05-16,листовой объект,ДП объект Йота,3216,2698,0,6,0,0,0,0,0
2026-05-16,листовой объект,ПС объект Тау,3356,1364,0,14,0,0,0,0,0
2026-05-16,листовой объект,ДУ объект Омикрон,3360,1547,1463,13,8,0,0,0,0
2026-05-16,листовой объект,ДУ объект Тау,3388,50,0,14,0,6,6,0,0
2026-05-16,листовой объект,ДП объект Эпсилон,3902,4455,2729,33,17,0,0,0,0
2026-05-16,листовой объект,объект Эпсилон ОС,3904,3,0,2,0,0,0,0,0
2026-05-16,листовой объект,объект Хи,4095,2,0,1,0,0,0,0,0
2026-05-16,листовой объект,ДП объект Сигма,4177,112,0,6,0,0,0,0,0
2026-05-16,листовой объект,ДУ ПС объект Ро,4369,2305,2195,64,9,0,0,0,0
2026-05-16,листовой объект,объект Ро,4370,25,0,11,0,0,0,0,0
2026-05-16,листовой объект,объект Омикрон,4391,26,0,12,0,0,0,0,0
2026-05-16,листовой объект,ДП объект Омикрон,4392,1210,0,6,0,0,0,0,0
2026-05-16,листовой объект,Шкаф ОПС объект Хи,4541,4,0,1,0,0,0,0,0
2026-05-16,листовой объект,ДУ объект Хи,4543,6280,6258,18,12,4,4,0,0
2026-05-16,листовой объект,ДУ объект Дельта,4610,3144,3066,30,17,14,9,0,0
2026-05-16,листовой объект,ДУ ПС объект Омега,5003,338,192,20,8,0,0,0,0
2026-05-16,листовой объект,ДУ объект Вита,5011,244,0,63,0,23,14,0,0
2026-05-16,листовой объект,объект Дельта,5113,21,0,11,0,0,0,0,0
2026-05-16,листовой объект,ДУ объект Альфа,5122,84402,84270,57,49,0,0,0,0
2026-05-16,листовой объект,ДП объект Альфа,5123,82,0,10,0,0,0,0,0
2026-05-16,листовой объект,ДП объект Альфа 2 этаж,5124,1,0,1,0,0,0,0,0
2026-05-16,листовой объект,объект Фита,5129,6,0,3,0,0,0,0,0
2026-05-16,листовой объект,ДП объект Зита,5132,75,0,16,0,0,0,0,0
2026-05-16,листовой объект,объект Йота ДУ,5218,46,0,22,0,0,0,0,0
2026-05-16,листовой объект,объект Кси ПК0-ПК202,5332,6,0,3,0,0,0,0,0
2026-05-16,листовой объект,ДУ объект Кси,5333,365,279,19,3,0,0,0,0
2026-05-16,листовой объект,ДП объект Кси,5336,74,0,8,0,0,0,0,0
2026-05-16,листовой объект,объект Кси ПК202-ПК302,5343,57,0,7,0,0,0,0,0
2026-05-16,листовой объект,объект Дзета ДУ,5578,7357,7311,50,27,0,0,0,0
2026-05-16,листовой объект,объект Дзета ОС,5580,208,0,12,0,0,0,0,0
2026-05-16,листовой объект,объект Зита ОС,5582,4,0,1,0,0,0,0,0
2026-05-16,листовой объект,объект Зита ДУ,5591,76,56,4,2,0,0,0,0
2026-05-16,листовой объект,объект Дзета щит. ПК48 Г1 ПК5,5594,1,0,1,0,0,0,0,0
2026-05-16,листовой объект,объект Каппа ДУ,5657,9989,9634,71,21,69,30,0,0
2026-05-16,листовой объект,объект Мю ДП,5674,362,0,8,0,0,0,0,0
2026-05-16,листовой объект,объект Мю ДУ,5675,1960,1846,88,33,0,0,0,0
2026-05-16,листовой объект,объект Мю ОС,5676,56,0,24,0,0,0,0,0
2026-05-16,листовой объект,объект Гамма ДУ,5963,323,0,4,0,1,1,0,0
2026-05-17,коллектор,объект Альфа,5,89256,89111,64,49,0,0,0,0
2026-05-17,коллектор,объект Бета,6,25222,1440,91,4,0,0,0,0
2026-05-17,коллектор,объект Гамма,7,392,0,31,0,3,3,0,0
2026-05-17,коллектор,Комплекс объект Дельта,8,4041,3940,42,20,14,7,0,0
2026-05-17,коллектор,объект Вита,9,1193,0,69,0,3,3,0,0
2026-05-17,коллектор,объект Эпсилон,11,11626,9349,61,34,0,0,0,0
2026-05-17,коллектор,объект Зита,12,8504,8469,40,27,0,0,0,0
2026-05-17,коллектор,объект Каппа,15,9837,9756,40,21,2,2,0,0
2026-05-17,коллектор,объект Йота,3218,634,0,19,0,0,0,0,0
2026-05-17,коллектор,объект Тау,3355,1734,0,37,0,0,0,0,0
2026-05-17,коллектор,объект Омикрон,3359,3145,2442,44,12,5,5,0,0
2026-05-17,коллектор,объект Мю,3828,2800,2135,130,36,0,0,0,0
2026-05-17,коллектор,объект Сигма,4068,101,0,10,0,0,0,0,0
2026-05-17,коллектор,ПС объект Ро,4356,3380,3217,65,9,0,0,0,0
2026-05-17,коллектор,ПС объект Омега,4573,306,176,19,8,0,0,0,0
2026-05-17,коллектор,объект Кси,5327,447,320,39,4,0,0,0,0
2026-05-17,листовой объект,объект Фита,20,18,0,18,0,0,0,0,0
2026-05-17,листовой объект,объект Вита,28,30,0,14,0,0,0,0,0
2026-05-17,листовой объект,объект Каппа ОС,42,40,0,15,0,0,0,0,0
2026-05-17,листовой объект,ДП объект Вита,99,1034,0,9,0,0,0,0,0
2026-05-17,листовой объект,ДП ПС объект Ро,108,46,0,3,0,0,0,0,0
2026-05-17,листовой объект,ДП объект Бета,111,25200,1440,70,4,0,0,0,0
2026-05-17,листовой объект,объект Бета,165,4,0,3,0,0,0,0,0
2026-05-17,листовой объект,объект Йота,3215,44,0,15,0,0,0,0,0
2026-05-17,листовой объект,ДП объект Йота,3216,590,0,4,0,0,0,0,0
2026-05-17,листовой объект,ПС объект Тау,3356,1724,0,32,0,0,0,0,0
2026-05-17,листовой объект,ДУ объект Омикрон,3360,2544,2442,23,12,5,5,0,0
2026-05-17,листовой объект,ДУ объект Тау,3388,10,0,5,0,0,0,0,0
2026-05-17,листовой объект,ДП объект Эпсилон,3902,4574,2320,34,21,0,0,0,0
2026-05-17,листовой объект,объект Эпсилон ОС,3904,4,0,3,0,0,0,0,0
2026-05-17,листовой объект,объект Пси ОС,3905,8,0,7,0,0,0,0,0
2026-05-17,листовой объект,объект Сигма,4069,7,0,4,0,0,0,0,0
2026-05-17,листовой объект,объект Хи,4095,5,0,3,0,0,0,0,0
2026-05-17,листовой объект,ДП объект Сигма,4177,94,0,6,0,0,0,0,0
2026-05-17,листовой объект,ДУ ПС объект Ро,4369,3311,3217,55,9,0,0,0,0
2026-05-17,листовой объект,объект Ро,4370,23,0,7,0,0,0,0,0
2026-05-17,листовой объект,объект Омикрон,4391,61,0,14,0,0,0,0,0
2026-05-17,листовой объект,ДП объект Омикрон,4392,540,0,7,0,0,0,0,0
2026-05-17,листовой объект,ДУ объект Хи,4543,7035,7029,14,13,0,0,0,0
2026-05-17,листовой объект,ДУ объект Дельта,4610,4014,3940,30,20,14,7,0,0
2026-05-17,листовой объект,Шкаф ОПС объект Вита,4767,6,0,1,0,0,0,0,0
2026-05-17,листовой объект,ДУ ПС объект Омега,5003,306,176,19,8,0,0,0,0
2026-05-17,листовой объект,ДУ объект Вита,5011,123,0,45,0,3,3,0,0
2026-05-17,листовой объект,объект Дельта,5113,27,0,12,0,0,0,0,0
2026-05-17,листовой объект,ДУ объект Альфа,5122,89253,89111,61,49,0,0,0,0
2026-05-17,листовой объект,ДП объект Альфа 2 этаж,5124,2,0,2,0,0,0,0,0
2026-05-17,листовой объект,объект Фита,5129,7,0,5,0,0,0,0,0
2026-05-17,листовой объект,объект Кси ПК0-ПК202,5332,36,0,15,0,0,0,0,0
2026-05-17,листовой объект,ДУ объект Кси,5333,390,320,10,4,0,0,0,0
2026-05-17,листовой объект,объект Пси,5339,1,0,1,0,0,0,0,0
2026-05-17,листовой объект,объект Кси ПК202-ПК302,5343,21,0,14,0,0,0,0,0
2026-05-17,листовой объект,объект Дзета ДУ,5578,8442,8440,27,26,0,0,0,0
2026-05-17,листовой объект,объект Дзета ОС,5580,10,0,6,0,0,0,0,0
2026-05-17,листовой объект,объект Зита ДУ,5591,45,29,2,1,0,0,0,0
2026-05-17,листовой объект,объект Каппа ДУ,5657,9797,9756,25,21,2,2,0,0
2026-05-17,листовой объект,объект Мю ДП,5674,486,0,8,0,0,0,0,0
2026-05-17,листовой объект,объект Мю ДУ,5675,2248,2135,91,36,0,0,0,0
2026-05-17,листовой объект,объект Мю ОС,5676,66,0,31,0,0,0,0,0
2026-05-17,листовой объект,объект Гамма ОС,5961,23,0,8,0,0,0,0,0
2026-05-17,листовой объект,объект Гамма ПС,5962,36,0,9,0,1,1,0,0
2026-05-17,листовой объект,объект Гамма ДУ,5963,333,0,14,0,2,2,0,0
2026-05-18,коллектор,объект Альфа,5,92485,90009,159,51,25,8,18,1
2026-05-18,коллектор,объект Бета,6,27203,1440,309,4,23,22,0,0
2026-05-18,коллектор,объект Гамма,7,855,0,85,0,4,4,0,0
2026-05-18,коллектор,Комплекс объект Дельта,8,7227,6590,199,26,9,8,0,0
2026-05-18,коллектор,объект Вита,9,5643,0,174,0,49,11,0,0
2026-05-18,коллектор,объект Эпсилон,11,15075,10225,88,36,0,0,0,0
2026-05-18,коллектор,объект Зита,12,6023,5840,67,26,0,0,0,0
2026-05-18,коллектор,объект Каппа,15,10435,9794,69,21,7,2,0,0
2026-05-18,коллектор,объект Йота,3218,3933,0,65,0,0,0,0,0
2026-05-18,коллектор,объект Тау,3355,2004,0,139,0,1,1,0,0
2026-05-18,коллектор,объект Омикрон,3359,8032,2274,144,20,24,8,0,0
2026-05-18,коллектор,объект Мю,3828,3638,3124,135,35,0,0,0,0
2026-05-18,коллектор,объект Сигма,4068,151,0,10,0,0,0,0,0
2026-05-18,коллектор,ПС объект Ро,4356,1806,1480,110,9,0,0,0,0
2026-05-18,коллектор,ПС объект Омега,4573,688,128,41,8,4,4,0,0
2026-05-18,коллектор,объект Кси,5327,1699,708,179,5,0,0,0,0
2026-05-18,листовой объект,объект Фита,20,783,0,139,0,4,4,0,0
2026-05-18,листовой объект,объект Вита,28,487,0,56,0,0,0,0,0
2026-05-18,листовой объект,объект Каппа ОС,42,485,0,29,0,0,0,0,0
2026-05-18,листовой объект,ДП объект Вита,99,4418,0,15,0,0,0,0,0
2026-05-18,листовой объект,ДП ПС объект Ро,108,62,0,4,0,0,0,0,0
2026-05-18,листовой объект,ДП объект Бета,111,26018,1440,102,4,2,2,0,0
2026-05-18,листовой объект,объект Бета,165,380,0,62,0,17,16,0,0
2026-05-18,листовой объект,объект Йота,3215,1063,0,47,0,0,0,0,0
2026-05-18,листовой объект,ДП объект Йота,3216,2836,0,5,0,0,0,0,0
2026-05-18,листовой объект,ПС объект Тау,3356,1834,0,54,0,1,1,0,0
2026-05-18,листовой объект,ДУ объект Омикрон,3360,2556,2274,76,20,24,8,0,0
2026-05-18,листовой объект,ДУ объект Тау,3388,166,0,83,0,0,0,0,0
2026-05-18,листовой объект,ДП объект Эпсилон,3902,8260,3434,63,23,0,0,0,0
2026-05-18,листовой объект,объект Эпсилон ОС,3904,2,0,2,0,0,0,0,0
2026-05-18,листовой объект,объект Пси ОС,3905,6,0,4,0,0,0,0,0
2026-05-18,листовой объект,объект Сигма,4069,7,0,4,0,0,0,0,0
2026-05-18,листовой объект,объект Хи,4095,8,0,5,0,0,0,0,0
2026-05-18,листовой объект,ДП объект Сигма,4177,144,0,6,0,0,0,0,0
2026-05-18,листовой объект,ДУ ПС объект Ро,4369,1624,1480,76,9,0,0,0,0
2026-05-18,листовой объект,объект Ро,4370,120,0,30,0,0,0,0,0
2026-05-18,листовой объект,объект Омикрон,4391,368,0,53,0,0,0,0,0
2026-05-18,листовой объект,ДП объект Омикрон,4392,5094,0,11,0,0,0,0,0
2026-05-18,листовой объект,ДУ объект Хи,4543,6799,6791,14,13,0,0,0,0
2026-05-18,листовой объект,ДП ПС объект Омега,4574,421,0,11,0,0,0,0,0
2026-05-18,листовой объект,ДУ объект Дельта,4610,6852,6590,125,26,9,8,0,0
2026-05-18,листовой объект,Шкаф ОПС объект Омикрон,4763,14,0,4,0,0,0,0,0
2026-05-18,листовой объект,Шкаф ОПС объект Бета,4765,22,0,6,0,0,0,0,0
2026-05-18,листовой объект,ДУ ПС объект Омега,5003,267,128,30,8,4,4,0,0
2026-05-18,листовой объект,Шкаф ОПС ПС объект Тау,5009,4,0,2,0,0,0,0,0
2026-05-18,листовой объект,ДУ объект Вита,5011,738,0,103,0,49,11,0,0
2026-05-18,листовой объект,объект Дельта,5113,375,0,74,0,0,0,0,0
2026-05-18,листовой объект,ДУ объект Альфа,5122,90409,90009,125,51,25,8,18,1
2026-05-18,листовой объект,ДП объект Альфа,5123,1370,0,19,0,0,0,0,0
2026-05-18,листовой объект,ДП объект Альфа 2 этаж,5124,566,0,13,0,0,0,0,0
2026-05-18,листовой объект,объект Фита,5129,6,0,4,0,0,0,0,0
2026-05-18,листовой объект,ДП объект Зита,5132,70,0,9,0,0,0,0,0
2026-05-18,листовой объект,объект Йота ДУ,5218,34,0,13,0,0,0,0,0
2026-05-18,листовой объект,объект Кси ПК0-ПК202,5332,195,0,40,0,0,0,0,0
2026-05-18,листовой объект,ДУ объект Кси,5333,1000,708,105,5,0,0,0,0
2026-05-18,листовой объект,ДП объект Кси,5336,366,0,9,0,0,0,0,0
2026-05-18,листовой объект,"Шкаф ОПС, ДУ объект Кси",5338,24,0,2,0,0,0,0,0
2026-05-18,листовой объект,объект Пси,5339,140,0,2,0,0,0,0,0
2026-05-18,листовой объект,объект Кси ПК202-ПК302,5343,114,0,23,0,0,0,0,0
2026-05-18,листовой объект,объект Дзета ДУ,5578,5846,5792,42,25,0,0,0,0
2026-05-18,листовой объект,объект Дзета ОС,5580,27,0,10,0,0,0,0,0
2026-05-18,листовой объект,объект Зита ДУ,5591,74,48,2,1,0,0,0,0
2026-05-18,листовой объект,объект Каппа ДУ,5657,9950,9794,40,21,7,2,0,0
2026-05-18,листовой объект,объект Мю ДП,5674,320,0,9,0,0,0,0,0
2026-05-18,листовой объект,объект Мю ДУ,5675,3237,3124,90,35,0,0,0,0
2026-05-18,листовой объект,объект Мю ОС,5676,81,0,36,0,0,0,0,0
2026-05-18,листовой объект,объект Гамма ОС,5961,394,0,42,0,0,0,0,0
2026-05-18,листовой объект,объект Гамма ПС,5962,4,0,2,0,2,2,0,0
2026-05-18,листовой объект,объект Гамма ДУ,5963,457,0,41,0,2,2,0,0
2026-05-19,коллектор,объект Альфа,5,93796,90844,190,49,4,2,0,0
2026-05-19,коллектор,объект Бета,6,25458,1440,125,4,0,0,0,0
2026-05-19,коллектор,объект Гамма,7,1985,0,413,0,89,84,0,0
2026-05-19,коллектор,Комплекс объект Дельта,8,5438,5077,145,23,10,5,0,0
2026-05-19,коллектор,объект Вита,9,3701,0,137,0,0,0,0,0
2026-05-19,коллектор,объект Эпсилон,11,14495,8775,104,29,0,0,0,0
2026-05-19,коллектор,объект Зита,12,5954,4978,187,27,46,23,0,0
2026-05-19,коллектор,объект Каппа,15,10269,9719,118,21,7,6,0,0
2026-05-19,коллектор,объект Йота,3218,4616,0,68,0,4,4,0,0
2026-05-19,коллектор,объект Тау,3355,5110,0,211,0,0,0,0,0
2026-05-19,коллектор,объект Омикрон,3359,9746,3065,180,17,0,0,0,0
2026-05-19,коллектор,объект Мю,3828,4197,3105,230,33,17,16,0,0
2026-05-19,коллектор,объект Сигма,4068,82,0,10,0,0,0,0,0
2026-05-19,коллектор,ПС объект Ро,4356,1827,1415,143,7,0,0,0,0
2026-05-19,коллектор,ПС объект Омега,4573,520,176,46,8,47,24,0,0
2026-05-19,коллектор,объект Кси,5327,1720,745,194,5,2,2,0,0
2026-05-19,листовой объект,объект Фита,20,71,0,36,0,0,0,0,0
2026-05-19,листовой объект,объект Вита,28,207,0,40,0,0,0,0,0
2026-05-19,листовой объект,объект Каппа ОС,42,284,0,32,0,0,0,0,0
2026-05-19,листовой объект,ДП объект Вита,99,3238,0,18,0,0,0,0,0
2026-05-19,листовой объект,ДП ПС объект Ро,108,32,0,4,0,0,0,0,0
2026-05-19,листовой объект,ДП объект Бета,111,25374,1440,83,4,0,0,0,0
2026-05-19,листовой объект,объект Бета,165,11,0,5,0,0,0,0,0
2026-05-19,листовой объект,объект Йота,3215,684,0,33,0,0,0,0,0
2026-05-19,листовой объект,ДП объект Йота,3216,3836,0,6,0,0,0,0,0
2026-05-19,листовой объект,Шкаф ОПС объект Йота,3250,6,0,2,0,0,0,0,0
2026-05-19,листовой объект,ПС объект Тау,3356,4896,0,106,0,0,0,0,0
2026-05-19,листовой объект,ДУ объект Омикрон,3360,3257,3065,78,17,0,0,0,0
2026-05-19,листовой объект,ДУ объект Тау,3388,214,0,105,0,0,0,0,0
2026-05-19,листовой объект,ДП объект Эпсилон,3902,7621,1975,61,17,0,0,0,0
2026-05-19,листовой объект,объект Эпсилон ОС,3904,3,0,2,0,0,0,0,0
2026-05-19,листовой объект,объект Пси ОС,3905,2,0,1,0,0,0,0,0
2026-05-19,листовой объект,объект Сигма,4069,6,0,2,0,0,0,0,0
2026-05-19,листовой объект,объект Хи,4095,49,0,19,0,0,0,0,0
2026-05-19,листовой объект,ДП объект Сигма,4177,76,0,8,0,0,0,0,0
2026-05-19,листовой объект,ДУ ПС объект Ро,4369,1679,1415,106,7,0,0,0,0
2026-05-19,листовой объект,объект Ро,4370,116,0,33,0,0,0,0,0
2026-05-19,листовой объект,объект Омикрон,4391,2516,0,92,0,0,0,0,0
2026-05-19,листовой объект,ДП объект Омикрон,4392,3973,0,10,0,0,0,0,0
2026-05-19,листовой объект,ДУ объект Хи,4543,6820,6800,21,12,0,0,0,0
2026-05-19,листовой объект,ДУ объект Дельта,4610,5301,5077,111,23,10,5,0,0
2026-05-19,листовой объект,Шкаф ОПС объект Бета,4765,2,0,1,0,0,0,0,0
2026-05-19,листовой объект,Шкаф ОПС объект Вита,4767,4,0,1,0,0,0,0,0
2026-05-19,листовой объект,ДУ ПС объект Омега,5003,520,176,46,8,47,24,0,0
2026-05-19,листовой объект,ДУ объект Вита,5011,252,0,78,0,0,0,0,0
2026-05-19,листовой объект,объект Дельта,5113,137,0,34,0,0,0,0,0
2026-05-19,листовой объект,ДУ объект Альфа,5122,91168,90844,126,49,4,2,0,0
2026-05-19,листовой объект,ДП объект Альфа,5123,1504,0,20,0,0,0,0,0
2026-05-19,листовой объект,ДП объект Альфа 2 этаж,5124,538,0,12,0,0,0,0,0
2026-05-19,листовой объект,объект Фита,5129,73,0,31,0,0,0,0,0
2026-05-19,листовой объект,ДП объект Зита,5132,202,0,28,0,0,0,0,0
2026-05-19,листовой объект,объект Йота ДУ,5218,90,0,27,0,4,4,0,0
2026-05-19,листовой объект,объект Кси ПК0-ПК202,5332,256,0,111,0,0,0,0,0
2026-05-19,листовой объект,ДУ объект Кси,5333,915,745,58,5,2,2,0,0
2026-05-19,листовой объект,ДП объект Кси,5336,498,0,10,0,0,0,0,0
2026-05-19,листовой объект,"Шкаф ОПС, ДУ объект Кси",5338,6,0,2,0,0,0,0,0
2026-05-19,листовой объект,объект Пси,5339,584,0,31,0,0,0,0,0
2026-05-19,листовой объект,объект Пси шкаф ОПС,5340,2,0,1,0,0,0,0,0
2026-05-19,листовой объект,объект Кси ПК202-ПК302,5343,45,0,13,0,0,0,0,0
2026-05-19,листовой объект,объект Каппа ПС,5567,20,0,1,0,0,0,0,0
2026-05-19,листовой объект,объект Дзета ДУ,5578,5229,4929,85,26,46,23,0,0
2026-05-19,листовой объект,объект Дзета ОС,5580,332,0,32,0,0,0,0,0
2026-05-19,листовой объект,объект Дзета ПС,5581,42,0,5,0,0,0,0,0
2026-05-19,листовой объект,объект Зита ОС,5582,8,0,3,0,0,0,0,0
2026-05-19,листовой объект,объект Зита ДУ,5591,67,49,2,1,0,0,0,0
2026-05-19,листовой объект,объект Дзета щит. ПК48 Г1 ПК5,5594,1,0,1,0,0,0,0,0
2026-05-19,листовой объект,объект Каппа ДУ,5657,9965,9719,85,21,7,6,0,0
2026-05-19,листовой объект,объект Мю ДП,5674,524,0,11,0,0,0,0,0
2026-05-19,листовой объект,объект Мю ДУ,5675,3364,3105,134,33,17,16,0,0
2026-05-19,листовой объект,объект Мю ОС,5676,299,0,83,0,0,0,0,0
2026-05-19,листовой объект,объект Мю шкафы,5678,10,0,2,0,0,0,0,0
2026-05-19,листовой объект,объект Гамма ОС,5961,637,0,41,0,0,0,0,0
2026-05-19,листовой объект,объект Гамма ПС,5962,631,0,277,0,71,67,0,0
2026-05-19,листовой объект,объект Гамма ДУ,5963,710,0,92,0,18,17,0,0
2026-05-19,листовой объект,объект Гамма шкафы,5966,7,0,3,0,0,0,0,0
2026-05-20,коллектор,объект Альфа,5,95501,91922,179,50,0,0,0,0
2026-05-20,коллектор,объект Бета,6,22398,1224,138,4,0,0,0,0
2026-05-20,коллектор,объект Гамма,7,1297,0,157,0,77,23,0,0
2026-05-20,коллектор,Комплекс объект Дельта,8,5026,4265,163,23,14,7,0,0
2026-05-20,коллектор,объект Вита,9,4372,0,121,0,0,0,0,0
2026-05-20,коллектор,объект Эпсилон,11,15077,8909,167,31,0,0,0,0
2026-05-20,коллектор,объект Зита,12,7054,6453,133,27,0,0,0,0
2026-05-20,коллектор,объект Каппа,15,10356,9889,159,20,3,1,0,0
2026-05-20,коллектор,объект Йота,3218,3845,0,71,0,3,3,0,0
2026-05-20,коллектор,объект Тау,3355,17728,2,226,1,0,0,0,0
2026-05-20,коллектор,объект Омикрон,3359,14428,2944,260,41,1,1,0,0
2026-05-20,коллектор,объект Мю,3828,4994,3440,152,36,1,1,0,0
2026-05-20,коллектор,объект Сигма,4068,42,0,8,0,0,0,0,0
2026-05-20,коллектор,ПС объект Ро,4356,2763,2458,105,7,0,0,0,0
2026-05-20,коллектор,ПС объект Омега,4573,354,192,27,8,3,3,0,0
2026-05-20,коллектор,объект Кси,5327,1474,550,89,5,0,0,0,0
2026-05-20,листовой объект,объект Фита,20,49,0,27,0,0,0,0,0
2026-05-20,листовой объект,объект Вита,28,204,0,28,0,0,0,0,0
2026-05-20,листовой объект,объект Каппа ОС,42,215,0,48,0,0,0,0,0
2026-05-20,листовой объект,ДП объект Вита,99,3930,0,17,0,0,0,0,0
2026-05-20,листовой объект,ДП ПС объект Ро,108,28,0,3,0,0,0,0,0
2026-05-20,листовой объект,ДП объект Бета,111,22092,1224,94,4,0,0,0,0
2026-05-20,листовой объект,объект Бета,165,257,0,17,0,0,0,0,0
2026-05-20,листовой объект,объект Йота,3215,779,0,40,0,0,0,0,0
2026-05-20,листовой объект,ДП объект Йота,3216,3012,0,7,0,0,0,0,0
2026-05-20,листовой объект,ПС объект Тау,3356,17427,0,117,0,0,0,0,0
2026-05-20,листовой объект,ДУ объект Омикрон,3360,3104,2944,89,41,0,0,0,0
2026-05-20,листовой объект,ДУ объект Тау,3388,229,2,105,1,0,0,0,0
2026-05-20,листовой объект,ДП объект Эпсилон,3902,8472,2364,127,19,0,0,0,0
2026-05-20,листовой объект,объект Эпсилон ОС,3904,8,0,4,0,0,0,0,0
2026-05-20,листовой объект,объект Пси ОС,3905,8,0,5,0,0,0,0,0
2026-05-20,листовой объект,объект Сигма,4069,4,0,2,0,0,0,0,0
2026-05-20,листовой объект,объект Хи,4095,20,0,8,0,0,0,0,0
2026-05-20,листовой объект,ДП объект Сигма,4177,38,0,6,0,0,0,0,0
2026-05-20,листовой объект,ДУ ПС объект Ро,4369,2608,2458,80,7,0,0,0,0
2026-05-20,листовой объект,объект Ро,4370,123,0,21,0,0,0,0,0
2026-05-20,листовой объект,объект Омикрон,4391,632,0,127,0,0,0,0,0
2026-05-20,листовой объект,ДП объект Омикрон,4392,10612,0,33,0,1,1,0,0
2026-05-20,листовой объект,ДУ объект Хи,4543,6569,6545,23,12,0,0,0,0
2026-05-20,листовой объект,Шкаф ОПС ПС объект Ро,4569,4,0,1,0,0,0,0,0
2026-05-20,листовой объект,Шкаф ОПС ПС объект Омега,4577,2,0,1,0,0,0,0,0
2026-05-20,листовой объект,ДУ объект Дельта,4610,4527,4265,117,23,14,7,0,0
2026-05-20,листовой объект,Шкаф ОПС объект Омикрон,4763,80,0,11,0,0,0,0,0
2026-05-20,листовой объект,ДУ ПС объект Омега,5003,352,192,26,8,3,3,0,0
2026-05-20,листовой объект,Шкаф ОПС ПС объект Тау,5009,72,0,4,0,0,0,0,0
2026-05-20,листовой объект,ДУ объект Вита,5011,238,0,76,0,0,0,0,0
2026-05-20,листовой объект,объект Дельта,5113,495,0,44,0,0,0,0,0
2026-05-20,листовой объект,Шкаф ОПС объект Дельта,5114,4,0,2,0,0,0,0,0
2026-05-20,листовой объект,ДУ объект Альфа,5122,92217,91922,123,50,0,0,0,0
2026-05-20,листовой объект,ДП объект Альфа,5123,1441,0,15,0,0,0,0,0
2026-05-20,листовой объект,ДП объект Альфа 2 этаж,5124,476,0,13,0,0,0,0,0
2026-05-20,листовой объект,объект Фита,5129,12,0,7,0,0,0,0,0
2026-05-20,листовой объект,ДП объект Зита,5132,166,0,15,0,0,0,0,0
2026-05-20,листовой объект,объект Йота ДУ,5218,54,0,24,0,3,3,0,0
2026-05-20,листовой объект,объект Кси ПК0-ПК202,5332,67,0,18,0,0,0,0,0
2026-05-20,листовой объект,ДУ объект Кси,5333,704,550,55,5,0,0,0,0
2026-05-20,листовой объект,ДП объект Кси,5336,674,0,8,0,0,0,0,0
2026-05-20,листовой объект,объект Пси,5339,1367,0,28,0,0,0,0,0
2026-05-20,листовой объект,объект Кси ПК202-ПК302,5343,29,0,8,0,0,0,0,0
2026-05-20,листовой объект,объект Каппа ПС,5567,6,0,1,0,3,1,0,0
2026-05-20,листовой объект,объект Дзета ДУ,5578,6500,6408,68,26,0,0,0,0
2026-05-20,листовой объект,объект Дзета ОС,5580,287,0,29,0,0,0,0,0
2026-05-20,листовой объект,объект Зита ОС,5582,16,0,5,0,0,0,0,0
2026-05-20,листовой объект,объект Зита ПС,5583,4,0,2,0,0,0,0,0
2026-05-20,листовой объект,объект Зита ДУ,5591,65,45,5,1,0,0,0,0
2026-05-20,листовой объект,объект Зита шкафы,5593,4,0,2,0,0,0,0,0
2026-05-20,листовой объект,объект Каппа ДУ,5657,10135,9889,110,20,0,0,0,0
2026-05-20,листовой объект,объект Мю ДП,5674,1284,0,15,0,0,0,0,0
2026-05-20,листовой объект,объект Мю ДУ,5675,3570,3440,99,36,0,0,0,0
2026-05-20,листовой объект,объект Мю ОС,5676,138,0,37,0,0,0,0,0
2026-05-20,листовой объект,объект Мю ПС,5677,2,0,1,0,1,1,0,0
2026-05-20,листовой объект,объект Гамма ОС,5961,347,0,45,0,0,0,0,0
2026-05-20,листовой объект,объект Гамма ПС,5962,153,0,12,0,47,8,0,0
2026-05-20,листовой объект,объект Гамма ДУ,5963,797,0,100,0,30,15,0,0
2026-05-21,коллектор,объект Альфа,5,97512,93830,148,49,0,0,0,0
2026-05-21,коллектор,объект Бета,6,26065,1444,159,4,0,0,0,0
2026-05-21,коллектор,объект Гамма,7,1140,0,84,0,171,4,0,0
2026-05-21,коллектор,Комплекс объект Дельта,8,5368,4756,119,21,2,1,0,0
2026-05-21,коллектор,объект Вита,9,2623,0,129,0,0,0,0,0
2026-05-21,коллектор,объект Эпсилон,11,13888,9198,83,30,0,0,0,0
2026-05-21,коллектор,объект Зита,12,9078,8596,70,28,0,0,0,0
2026-05-21,коллектор,объект Каппа,15,10440,10061,102,21,1,1,0,0
2026-05-21,коллектор,объект Йота,3218,4672,0,58,0,0,0,0,0
2026-05-21,коллектор,объект Тау,3355,2477,0,191,0,8,5,0,0
2026-05-21,коллектор,объект Омикрон,3359,11018,2450,235,17,0,0,0,0
2026-05-21,коллектор,объект Мю,3828,5885,3863,173,35,241,34,0,0
2026-05-21,коллектор,объект Сигма,4068,288,0,28,0,0,0,0,0
2026-05-21,коллектор,ПС объект Ро,4356,2548,2290,87,7,0,0,0,0
2026-05-21,коллектор,ПС объект Омега,4573,777,96,156,8,0,0,0,0
2026-05-21,коллектор,объект Кси,5327,1937,709,154,6,44,22,0,0
2026-05-21,листовой объект,объект Фита,20,160,0,50,0,0,0,0,0
2026-05-21,листовой объект,объект Вита,28,121,0,37,0,0,0,0,0
2026-05-21,листовой объект,объект Каппа ОС,42,238,0,20,0,1,1,0,0
2026-05-21,листовой объект,ДП объект Вита,99,2304,0,13,0,0,0,0,0
2026-05-21,листовой объект,ДП ПС объект Ро,108,50,0,4,0,0,0,0,0
2026-05-21,листовой объект,ДП объект Бета,111,25797,1444,96,4,0,0,0,0
2026-05-21,листовой объект,объект Бета,165,108,0,13,0,0,0,0,0
2026-05-21,листовой объект,объект Йота,3215,1950,0,40,0,0,0,0,0
2026-05-21,листовой объект,ДП объект Йота,3216,2696,0,5,0,0,0,0,0
2026-05-21,листовой объект,ПС объект Тау,3356,2220,0,81,0,2,2,0,0
2026-05-21,листовой объект,ДУ объект Омикрон,3360,2638,2450,77,17,0,0,0,0
2026-05-21,листовой объект,ДУ объект Тау,3388,251,0,108,0,6,3,0,0
2026-05-21,листовой объект,ДП объект Эпсилон,3902,6767,2095,61,18,0,0,0,0
2026-05-21,листовой объект,объект Эпсилон ОС,3904,3,0,2,0,0,0,0,0
2026-05-21,листовой объект,объект Пси ОС,3905,5,0,4,0,0,0,0,0
2026-05-21,листовой объект,объект Сигма,4069,46,0,8,0,0,0,0,0
2026-05-21,листовой объект,объект Хи,4095,6,0,3,0,0,0,0,0
2026-05-21,листовой объект,ДП объект Сигма,4177,242,0,20,0,0,0,0,0
2026-05-21,листовой объект,ДУ ПС объект Ро,4369,2420,2290,68,7,0,0,0,0
2026-05-21,листовой объект,объект Ро,4370,76,0,14,0,0,0,0,0
2026-05-21,листовой объект,объект Омикрон,4391,857,0,116,0,0,0,0,0
2026-05-21,листовой объект,ДП объект Омикрон,4392,7495,0,32,0,0,0,0,0
2026-05-21,листовой объект,ДУ объект Хи,4543,7107,7103,13,12,0,0,0,0
2026-05-21,листовой объект,Шкаф ОПС ПС объект Ро,4569,2,0,1,0,0,0,0,0
2026-05-21,листовой объект,ДП ПС объект Омега,4574,265,0,6,0,0,0,0,0
2026-05-21,листовой объект,ДУ объект Дельта,4610,4932,4756,86,21,2,1,0,0
2026-05-21,листовой объект,ПС объект Омега,4648,146,0,41,0,0,0,0,0
2026-05-21,листовой объект,Шкаф ОПС объект Омикрон,4763,28,0,10,0,0,0,0,0
2026-05-21,листовой объект,ДУ ПС объект Омега,5003,366,96,109,8,0,0,0,0
2026-05-21,листовой объект,Шкаф ОПС ПС объект Тау,5009,6,0,2,0,0,0,0,0
2026-05-21,листовой объект,ДУ объект Вита,5011,198,0,79,0,0,0,0,0
2026-05-21,листовой объект,объект Дельта,5113,436,0,33,0,0,0,0,0
2026-05-21,листовой объект,ДУ объект Альфа,5122,94067,93830,110,49,0,0,0,0
2026-05-21,листовой объект,ДП объект Альфа,5123,1674,0,16,0,0,0,0,0
2026-05-21,листовой объект,ДП объект Альфа 2 этаж,5124,570,0,11,0,0,0,0,0
2026-05-21,листовой объект,объект Фита,5129,5,0,3,0,0,0,0,0
2026-05-21,листовой объект,ДП объект Зита,5132,94,0,2,0,0,0,0,0
2026-05-21,листовой объект,объект Йота ДУ,5218,26,0,13,0,0,0,0,0
2026-05-21,листовой объект,объект Кси ПК0-ПК202,5332,91,0,28,0,0,0,0,0
2026-05-21,листовой объект,ДУ объект Кси,5333,1049,709,97,6,44,22,0,0
2026-05-21,листовой объект,ДП объект Кси,5336,744,0,11,0,0,0,0,0
2026-05-21,листовой объект,"Шкаф ОПС, ДУ объект Кси",5338,3,0,2,0,0,0,0,0
2026-05-21,листовой объект,объект Пси,5339,1201,0,11,0,0,0,0,0
2026-05-21,листовой объект,объект Кси ПК202-ПК302,5343,50,0,16,0,0,0,0,0
2026-05-21,листовой объект,объект Дзета ДУ,5578,8606,8566,39,27,0,0,0,0
2026-05-21,листовой объект,объект Дзета ОС,5580,294,0,17,0,0,0,0,0
2026-05-21,листовой объект,объект Зита ОС,5582,25,0,5,0,0,0,0,0
2026-05-21,листовой объект,объект Зита ДУ,5591,54,30,4,1,0,0,0,0
2026-05-21,листовой объект,объект Каппа ДУ,5657,10202,10061,82,21,0,0,0,0
2026-05-21,листовой объект,объект Мю ДП,5674,446,0,13,0,0,0,0,0
2026-05-21,листовой объект,объект Мю ДУ,5675,5298,3863,124,35,241,34,0,0
2026-05-21,листовой объект,объект Мю ОС,5676,127,0,35,0,0,0,0,0
2026-05-21,листовой объект,объект Мю ПС,5677,14,0,1,0,0,0,0,0
2026-05-21,листовой объект,объект Гамма ОС,5961,379,0,39,0,0,0,0,0
2026-05-21,листовой объект,объект Гамма ПС,5962,340,0,3,0,169,3,0,0
2026-05-21,листовой объект,объект Гамма ДУ,5963,421,0,42,0,2,1,0,0
2026-05-22,коллектор,объект Альфа,5,98373,94934,159,49,0,0,0,0
2026-05-22,коллектор,объект Бета,6,25533,1436,114,4,0,0,0,0
2026-05-22,коллектор,объект Гамма,7,581,0,69,0,48,29,0,0
2026-05-22,коллектор,Комплекс объект Дельта,8,5865,5166,116,21,0,0,0,0
2026-05-22,коллектор,объект Вита,9,4229,0,132,0,47,14,0,0
2026-05-22,коллектор,объект Эпсилон,11,17741,9625,600,35,98,39,0,0
2026-05-22,коллектор,объект Зита,12,7734,7304,71,24,0,0,0,0
2026-05-22,коллектор,объект Каппа,15,10178,9779,132,20,1,1,0,0
2026-05-22,коллектор,объект Йота,3218,8070,0,93,0,0,0,0,0
2026-05-22,коллектор,объект Тау,3355,2441,0,234,0,3,1,0,0
2026-05-22,коллектор,объект Омикрон,3359,7531,4024,107,19,0,0,0,0
2026-05-22,коллектор,объект Мю,3828,6126,5246,135,35,1,1,0,0
2026-05-22,коллектор,объект Сигма,4068,36,0,10,0,0,0,0,0
2026-05-22,коллектор,ПС объект Ро,4356,2109,1909,76,10,0,0,0,0
2026-05-22,коллектор,ПС объект Омега,4573,307,176,20,8,0,0,0,0
2026-05-22,коллектор,объект Кси,5327,2323,838,111,5,0,0,0,0
2026-05-22,листовой объект,объект Фита,20,85,0,25,0,0,0,0,0
2026-05-22,листовой объект,объект Вита,28,257,0,29,0,0,0,0,0
2026-05-22,листовой объект,объект Каппа ОС,42,165,0,21,0,0,0,0,0
2026-05-22,листовой объект,ДП объект Вита,99,3418,0,16,0,0,0,0,0
2026-05-22,листовой объект,ДП ПС объект Ро,108,65,0,5,0,0,0,0,0
2026-05-22,листовой объект,ДП объект Бета,111,25438,1436,83,4,0,0,0,0
2026-05-22,листовой объект,объект Бета,165,10,0,6,0,0,0,0,0
2026-05-22,листовой объект,объект Йота,3215,2892,0,70,0,0,0,0,0
2026-05-22,листовой объект,ДП объект Йота,3216,5120,0,7,0,0,0,0,0
2026-05-22,листовой объект,Шкаф ОПС объект Йота,3250,28,0,2,0,0,0,0,0
2026-05-22,листовой объект,ПС объект Тау,3356,2102,0,98,0,0,0,0,0
2026-05-22,листовой объект,ДУ объект Омикрон,3360,4176,4024,67,19,0,0,0,0
2026-05-22,листовой объект,ДУ объект Тау,3388,325,0,135,0,3,1,0,0
2026-05-22,листовой объект,ДП объект Эпсилон,3902,9287,2447,251,22,89,30,0,0
2026-05-22,листовой объект,Шкафы ОС объект Эпсилон,3903,4,0,1,0,0,0,0,0
2026-05-22,листовой объект,объект Эпсилон ОС,3904,66,0,17,0,0,0,0,0
2026-05-22,листовой объект,объект Пси ОС,3905,42,0,18,0,0,0,0,0
2026-05-22,листовой объект,объект Сигма,4069,7,0,4,0,0,0,0,0
2026-05-22,листовой объект,объект Хи,4095,27,0,8,0,0,0,0,0
2026-05-22,листовой объект,ДП объект Сигма,4177,29,0,6,0,0,0,0,0
2026-05-22,листовой объект,ДУ ПС объект Ро,4369,2017,1909,63,10,0,0,0,0
2026-05-22,листовой объект,объект Ро,4370,27,0,8,0,0,0,0,0
2026-05-22,листовой объект,объект Омикрон,4391,285,0,29,0,0,0,0,0
2026-05-22,листовой объект,ДП объект Омикрон,4392,3070,0,11,0,0,0,0,0
2026-05-22,листовой объект,ДУ объект Хи,4543,7249,7178,32,13,9,9,0,0
2026-05-22,листовой объект,ДП ПС объект Омега,4574,1,0,1,0,0,0,0,0
2026-05-22,листовой объект,ДУ объект Дельта,4610,5306,5166,86,21,0,0,0,0
2026-05-22,листовой объект,ДУ ПС объект Омега,5003,306,176,19,8,0,0,0,0
2026-05-22,листовой объект,Шкаф ОПС ПС объект Тау,5009,14,0,1,0,0,0,0,0
2026-05-22,листовой объект,ДУ объект Вита,5011,554,0,87,0,47,14,0,0
2026-05-22,листовой объект,объект Дельта,5113,559,0,30,0,0,0,0,0
2026-05-22,листовой объект,ДУ объект Альфа,5122,95192,94934,116,49,0,0,0,0
2026-05-22,листовой объект,ДП объект Альфа,5123,1367,0,17,0,0,0,0,0
2026-05-22,листовой объект,ДП объект Альфа 2 этаж,5124,350,0,13,0,0,0,0,0
2026-05-22,листовой объект,объект Фита,5129,5,0,4,0,0,0,0,0
2026-05-22,листовой объект,ДП объект Зита,5132,92,0,5,0,0,0,0,0
2026-05-22,листовой объект,объект Йота ДУ,5218,30,0,14,0,0,0,0,0
2026-05-22,листовой объект,объект Кси ПК0-ПК202,5332,69,0,23,0,0,0,0,0
2026-05-22,листовой объект,ДУ объект Кси,5333,1022,838,58,5,0,0,0,0
2026-05-22,листовой объект,ДП объект Кси,5336,1192,0,15,0,0,0,0,0
2026-05-22,листовой объект,"Шкаф ОПС, ДУ объект Кси",5338,3,0,2,0,0,0,0,0
2026-05-22,листовой объект,объект Пси,5339,1462,0,12,0,0,0,0,0
2026-05-22,листовой объект,объект Пси шкаф ОПС,5340,2,0,1,0,0,0,0,0
2026-05-22,листовой объект,объект Кси ПК202-ПК302,5343,37,0,13,0,0,0,0,0
2026-05-22,листовой объект,объект Пси ПС,5537,1038,0,268,0,0,0,0,0
2026-05-22,листовой объект,объект Эпсилон ПС,5539,4,0,1,0,0,0,0,0
2026-05-22,листовой объект,Шкафы ПС объект Эпсилон,5540,24,0,4,0,0,0,0,0
2026-05-22,листовой объект,объект Каппа ПС,5567,2,0,1,0,1,1,0,0
2026-05-22,листовой объект,объект Дзета ДУ,5578,7360,7274,39,23,0,0,0,0
2026-05-22,листовой объект,объект Дзета ОС,5580,129,0,15,0,0,0,0,0
2026-05-22,листовой объект,объект Зита ОС,5582,1,0,1,0,0,0,0,0
2026-05-22,листовой объект,объект Зита ДУ,5591,46,30,2,1,0,0,0,0
2026-05-22,листовой объект,объект Дзета щит. ПК48 Г1 ПК5,5594,101,0,5,0,0,0,0,0
2026-05-22,листовой объект,объект Каппа ДУ,5657,10011,9779,110,20,0,0,0,0
2026-05-22,листовой объект,объект Мю ДП,5674,670,0,12,0,0,0,0,0
2026-05-22,листовой объект,объект Мю ДУ,5675,5363,5246,90,35,1,1,0,0
2026-05-22,листовой объект,объект Мю ОС,5676,91,0,32,0,0,0,0,0
2026-05-22,листовой объект,объект Мю шкафы,5678,2,0,1,0,0,0,0,0
2026-05-22,листовой объект,объект Гамма ОС,5961,32,0,7,0,0,0,0,0
2026-05-22,листовой объект,объект Гамма ПС,5962,12,0,6,0,6,6,0,0
2026-05-22,листовой объект,объект Гамма ДУ,5963,535,0,55,0,42,23,0,0
2026-05-22,листовой объект,объект Гамма шкафы,5966,2,0,1,0,0,0,0,0
2026-05-23,коллектор,объект Альфа,5,90080,89889,70,49,2,2,0,0
2026-05-23,коллектор,объект Бета,6,25212,1440,79,4,0,0,0,0
2026-05-23,коллектор,объект Гамма,7,720,0,75,0,27,4,0,0
2026-05-23,коллектор,Комплекс объект Дельта,8,5055,4529,95,20,68,26,0,0
2026-05-23,коллектор,объект Вита,9,1113,0,69,0,0,0,0,0
2026-05-23,коллектор,объект Эпсилон,11,13242,8584,70,34,10,8,0,0
2026-05-23,коллектор,объект Зита,12,8818,7965,112,26,4,2,0,0
2026-05-23,коллектор,объект Каппа,15,9916,9765,75,20,0,0,0,0
2026-05-23,коллектор,объект Йота,3218,3127,0,62,0,0,0,0,0
2026-05-23,коллектор,объект Тау,3355,1361,0,44,0,9,9,0,0
2026-05-23,коллектор,объект Омикрон,3359,6276,4265,58,14,0,0,0,0
2026-05-23,коллектор,объект Мю,3828,8280,5307,176,36,375,34,0,0
2026-05-23,коллектор,объект Сигма,4068,71,0,7,0,0,0,0,0
2026-05-23,коллектор,ПС объект Ро,4356,3192,3051,66,9,0,0,0,0
2026-05-23,коллектор,ПС объект Омега,4573,379,192,30,8,11,6,0,0
2026-05-23,коллектор,объект Кси,5327,931,739,19,3,0,0,0,0
2026-05-23,листовой объект,объект Фита,20,10,0,7,0,0,0,0,0
2026-05-23,листовой объект,объект Вита,28,46,0,14,0,0,0,0,0
2026-05-23,листовой объект,объект Каппа ОС,42,57,0,16,0,0,0,0,0
2026-05-23,листовой объект,ДП объект Вита,99,935,0,11,0,0,0,0,0
2026-05-23,листовой объект,ДП ПС объект Ро,108,30,0,3,0,0,0,0,0
2026-05-23,листовой объект,ДП объект Бета,111,25200,1440,70,4,0,0,0,0
2026-05-23,листовой объект,объект Бета,165,2,0,2,0,0,0,0,0
2026-05-23,листовой объект,объект Йота,3215,595,0,32,0,0,0,0,0
2026-05-23,листовой объект,ДП объект Йота,3216,2474,0,6,0,0,0,0,0
2026-05-23,листовой объект,ПС объект Тау,3356,1234,0,15,0,0,0,0,0
2026-05-23,листовой объект,ДУ объект Омикрон,3360,4351,4265,28,14,0,0,0,0
2026-05-23,листовой объект,ДУ объект Тау,3388,81,0,25,0,9,9,0,0
2026-05-23,листовой объект,ДП объект Эпсилон,3902,7303,2666,47,22,10,8,0,0
2026-05-23,листовой объект,Шкафы ОС объект Эпсилон,3903,4,0,2,0,0,0,0,0
2026-05-23,листовой объект,объект Эпсилон ОС,3904,5,0,3,0,0,0,0,0
2026-05-23,листовой объект,объект Пси ОС,3905,2,0,2,0,0,0,0,0
2026-05-23,листовой объект,объект Сигма,4069,5,0,2,0,0,0,0,0
2026-05-23,листовой объект,объект Хи,4095,6,0,3,0,0,0,0,0
2026-05-23,листовой объект,ДП объект Сигма,4177,66,0,5,0,0,0,0,0
2026-05-23,листовой объект,ДУ ПС объект Ро,4369,3143,3051,55,9,0,0,0,0
2026-05-23,листовой объект,объект Ро,4370,17,0,7,0,0,0,0,0
2026-05-23,листовой объект,объект Омикрон,4391,129,0,22,0,0,0,0,0
2026-05-23,листовой объект,ДП объект Омикрон,4392,1796,0,8,0,0,0,0,0
2026-05-23,листовой объект,ДУ объект Хи,4543,5922,5918,13,12,0,0,0,0
2026-05-23,листовой объект,Шкаф ОПС ПС объект Ро,4569,2,0,1,0,0,0,0,0
2026-05-23,листовой объект,ДП ПС объект Омега,4574,1,0,1,0,0,0,0,0
2026-05-23,листовой объект,Шкаф ОПС ПС объект Омега,4577,2,0,1,0,0,0,0,0
2026-05-23,листовой объект,ДУ объект Дельта,4610,4910,4529,63,20,68,26,0,0
2026-05-23,листовой объект,ДУ ПС объект Омега,5003,376,192,28,8,11,6,0,0
2026-05-23,листовой объект,Шкаф ОПС ПС объект Тау,5009,46,0,4,0,0,0,0,0
2026-05-23,листовой объект,ДУ объект Вита,5011,132,0,44,0,0,0,0,0
2026-05-23,листовой объект,объект Дельта,5113,139,0,30,0,0,0,0,0
2026-05-23,листовой объект,Шкаф ОПС объект Дельта,5114,6,0,2,0,0,0,0,0
2026-05-23,листовой объект,ДУ объект Альфа,5122,90033,89889,68,49,2,2,0,0
2026-05-23,листовой объект,объект Фита,5129,12,0,7,0,0,0,0,0
2026-05-23,листовой объект,ДП объект Зита,5132,91,0,16,0,0,0,0,0
2026-05-23,листовой объект,объект Йота ДУ,5218,58,0,24,0,0,0,0,0
2026-05-23,листовой объект,объект Кси ПК0-ПК202,5332,5,0,4,0,0,0,0,0
2026-05-23,листовой объект,ДУ объект Кси,5333,793,739,7,3,0,0,0,0
2026-05-23,листовой объект,ДП объект Кси,5336,132,0,7,0,0,0,0,0
2026-05-23,листовой объект,объект Пси,5339,1,0,1,0,0,0,0,0
2026-05-23,листовой объект,объект Пси шкаф ОПС,5340,46,0,1,0,0,0,0,0
2026-05-23,листовой объект,объект Кси ПК202-ПК302,5343,1,0,1,0,0,0,0,0
2026-05-23,листовой объект,объект Дзета ДУ,5578,7998,7920,55,25,4,2,0,0
2026-05-23,листовой объект,объект Дзета ОС,5580,614,0,24,0,0,0,0,0
2026-05-23,листовой объект,объект Дзета ПС,5581,28,0,5,0,0,0,0,0
2026-05-23,листовой объект,объект Зита ОС,5582,5,0,2,0,0,0,0,0
2026-05-23,листовой объект,объект Зита ДУ,5591,69,45,2,1,0,0,0,0
2026-05-23,листовой объект,объект Дзета щит. ПК48 Г1 ПК5,5594,1,0,1,0,0,0,0,0
2026-05-23,листовой объект,объект Каппа ДУ,5657,9859,9765,59,20,0,0,0,0
2026-05-23,листовой объект,объект Мю ДП,5674,646,0,13,0,0,0,0,0
2026-05-23,листовой объект,объект Мю ДУ,5675,7477,5307,126,36,375,34,0,0
2026-05-23,листовой объект,объект Мю ОС,5676,125,0,34,0,0,0,0,0
2026-05-23,листовой объект,объект Мю ПС,5677,30,0,2,0,0,0,0,0
2026-05-23,листовой объект,объект Мю шкафы,5678,2,0,1,0,0,0,0,0
2026-05-23,листовой объект,объект Гамма ОС,5961,47,0,9,0,0,0,0,0
2026-05-23,листовой объект,объект Гамма ПС,5962,100,0,4,0,26,3,0,0
2026-05-23,листовой объект,объект Гамма ДУ,5963,573,0,62,0,1,1,0,0
2026-05-24,коллектор,объект Альфа,5,94364,94252,60,49,0,0,0,0
2026-05-24,коллектор,объект Бета,6,25209,1440,78,4,0,0,0,0
2026-05-24,коллектор,объект Гамма,7,442,0,58,0,8,5,0,0
2026-05-24,коллектор,Комплекс объект Дельта,8,5080,5051,25,16,0,0,0,0
2026-05-24,коллектор,объект Вита,9,1660,0,177,0,0,0,0,0
2026-05-24,коллектор,объект Эпсилон,11,11367,8405,61,31,0,0,0,0
2026-05-24,коллектор,объект Зита,12,9218,8720,81,27,0,0,0,0
2026-05-24,коллектор,объект Каппа,15,10263,10224,29,20,0,0,0,0
2026-05-24,коллектор,объект Йота,3218,570,0,12,0,0,0,0,0
2026-05-24,коллектор,объект Тау,3355,1636,0,51,0,0,0,0,0
2026-05-24,коллектор,объект Омикрон,3359,6219,4414,60,13,12,12,0,0
2026-05-24,коллектор,объект Мю,3828,5930,5156,133,33,0,0,0,0
2026-05-24,коллектор,объект Сигма,4068,222,2,57,1,0,0,0,0
2026-05-24,коллектор,ПС объект Ро,4356,2591,2442,64,9,0,0,0,0
2026-05-24,коллектор,ПС объект Омега,4573,380,224,19,8,0,0,0,0
2026-05-24,коллектор,объект Кси,5327,773,719,12,4,0,0,0,0
2026-05-24,листовой объект,объект Фита,20,9,0,8,0,0,0,0,0
2026-05-24,листовой объект,объект Вита,28,482,0,96,0,0,0,0,0
2026-05-24,листовой объект,объект Каппа ОС,42,19,0,7,0,0,0,0,0
2026-05-24,листовой объект,ДП объект Вита,99,1004,0,19,0,0,0,0,0
2026-05-24,листовой объект,ДП ПС объект Ро,108,42,0,3,0,0,0,0,0
2026-05-24,листовой объект,ДП объект Бета,111,25200,1440,70,4,0,0,0,0
2026-05-24,листовой объект,объект Йота,3215,12,0,8,0,0,0,0,0
2026-05-24,листовой объект,ДП объект Йота,3216,558,0,4,0,0,0,0,0
2026-05-24,листовой объект,ПС объект Тау,3356,1630,0,48,0,0,0,0,0
2026-05-24,листовой объект,ДУ объект Омикрон,3360,4547,4414,37,13,12,12,0,0
2026-05-24,листовой объект,ДУ объект Тау,3388,6,0,3,0,0,0,0,0
2026-05-24,листовой объект,ДП объект Эпсилон,3902,5091,2185,35,19,0,0,0,0
2026-05-24,листовой объект,объект Эпсилон ОС,3904,4,0,2,0,0,0,0,0
2026-05-24,листовой объект,объект Пси ОС,3905,5,0,3,0,0,0,0,0
2026-05-24,листовой объект,объект Сигма,4069,80,0,30,0,0,0,0,0
2026-05-24,листовой объект,объект Хи,4095,39,0,4,0,0,0,0,0
2026-05-24,листовой объект,ДП объект Сигма,4177,122,2,23,1,0,0,0,0
2026-05-24,листовой объект,ДУ ПС объект Ро,4369,2536,2442,56,9,0,0,0,0
2026-05-24,листовой объект,объект Ро,4370,13,0,5,0,0,0,0,0
2026-05-24,листовой объект,объект Омикрон,4391,118,0,15,0,0,0,0,0
2026-05-24,листовой объект,ДП объект Омикрон,4392,1546,0,7,0,0,0,0,0
2026-05-24,листовой объект,ДУ объект Хи,4543,6228,6220,17,12,0,0,0,0
2026-05-24,листовой объект,ДУ объект Дельта,4610,5065,5051,18,16,0,0,0,0
2026-05-24,листовой объект,Шкаф ОПС объект Омикрон,4763,8,0,1,0,0,0,0,0
2026-05-24,листовой объект,Шкаф ОПС объект Вита,4767,22,0,6,0,0,0,0,0
2026-05-24,листовой объект,Шкаф ОПС объект Сигма,4768,20,0,4,0,0,0,0,0
2026-05-24,листовой объект,ДУ ПС объект Омега,5003,380,224,19,8,0,0,0,0
2026-05-24,листовой объект,ДУ объект Вита,5011,152,0,56,0,0,0,0,0
2026-05-24,листовой объект,объект Дельта,5113,15,0,7,0,0,0,0,0
2026-05-24,листовой объект,ДУ объект Альфа,5122,94360,94252,56,49,0,0,0,0
2026-05-24,листовой объект,ДП объект Альфа,5123,1,0,1,0,0,0,0,0
2026-05-24,листовой объект,ДП объект Альфа 2 этаж,5124,3,0,3,0,0,0,0,0
2026-05-24,листовой объект,объект Фита,5129,7,0,4,0,0,0,0,0
2026-05-24,листовой объект,ДП объект Зита,5132,72,0,15,0,0,0,0,0
2026-05-24,листовой объект,объект Кси ПК0-ПК202,5332,2,0,2,0,0,0,0,0
2026-05-24,листовой объект,ДУ объект Кси,5333,769,719,8,4,0,0,0,0
2026-05-24,листовой объект,объект Кси ПК202-ПК302,5343,2,0,2,0,0,0,0,0
2026-05-24,листовой объект,объект Дзета ДУ,5578,8701,8655,49,26,0,0,0,0
2026-05-24,листовой объект,объект Дзета ОС,5580,351,0,10,0,0,0,0,0
2026-05-24,листовой объект,объект Зита ОС,5582,4,0,1,0,0,0,0,0
2026-05-24,листовой объект,объект Зита ДУ,5591,83,65,2,1,0,0,0,0
2026-05-24,листовой объект,объект Каппа ДУ,5657,10244,10224,22,20,0,0,0,0
2026-05-24,листовой объект,объект Мю ДП,5674,556,0,12,0,0,0,0,0
2026-05-24,листовой объект,объект Мю ДУ,5675,5287,5156,95,33,0,0,0,0
2026-05-24,листовой объект,объект Мю ОС,5676,87,0,26,0,0,0,0,0
2026-05-24,листовой объект,объект Гамма ОС,5961,6,0,2,0,0,0,0,0
2026-05-24,листовой объект,объект Гамма ПС,5962,15,0,4,0,7,4,0,0
2026-05-24,листовой объект,объект Гамма ДУ,5963,421,0,52,0,1,1,0,0
2026-05-25,коллектор,объект Альфа,5,92781,91355,147,50,0,0,0,0
2026-05-25,коллектор,объект Бета,6,27909,1554,173,4,23,1,0,0
2026-05-25,коллектор,объект Гамма,7,1544,0,81,0,490,5,0,0
2026-05-25,коллектор,Комплекс объект Дельта,8,5716,5084,166,21,8,7,0,0
2026-05-25,коллектор,объект Вита,9,3255,0,149,0,0,0,0,0
2026-05-25,коллектор,объект Эпсилон,11,14236,8549,119,32,0,0,0,0
2026-05-25,коллектор,объект Зита,12,15234,13447,105,26,3,3,0,0
2026-05-25,коллектор,объект Каппа,15,11121,10174,156,20,0,0,0,0
2026-05-25,коллектор,объект Йота,3218,8711,0,92,0,0,0,0,0
2026-05-25,коллектор,объект Тау,3355,2383,0,134,0,0,0,0,0
2026-05-25,коллектор,объект Омикрон,3359,7915,3453,143,18,0,0,0,0
2026-05-25,коллектор,объект Мю,3828,5893,4899,135,35,0,0,0,0
2026-05-25,коллектор,объект Сигма,4068,91,0,6,0,0,0,0,0
2026-05-25,коллектор,ПС объект Ро,4356,2322,2111,73,9,6,1,0,0
2026-05-25,коллектор,ПС объект Омега,4573,634,144,67,8,0,0,0,0
2026-05-25,коллектор,объект Кси,5327,1541,802,146,3,0,0,0,0
2026-05-25,листовой объект,объект Фита,20,315,0,65,0,0,0,0,0
2026-05-25,листовой объект,объект Вита,28,378,0,49,0,0,0,0,0
2026-05-25,листовой объект,объект Каппа ОС,42,637,0,56,0,0,0,0,0
2026-05-25,листовой объект,ДП объект Вита,99,2669,0,16,0,0,0,0,0
2026-05-25,листовой объект,ДП ПС объект Ро,108,55,0,5,0,0,0,0,0
2026-05-25,листовой объект,ДП объект Бета,111,27433,1554,96,4,23,1,0,0
2026-05-25,листовой объект,объект Бета,165,145,0,10,0,0,0,0,0
2026-05-25,листовой объект,объект Йота,3215,5661,0,70,0,0,0,0,0
2026-05-25,листовой объект,ДП объект Йота,3216,3012,0,7,0,0,0,0,0
2026-05-25,листовой объект,Шкаф ОПС объект Йота,3250,8,0,1,0,0,0,0,0
2026-05-25,листовой объект,ПС объект Тау,3356,2193,0,44,0,0,0,0,0
2026-05-25,листовой объект,ДУ объект Омикрон,3360,3645,3453,78,18,0,0,0,0
2026-05-25,листовой объект,ДУ объект Тау,3388,190,0,90,0,0,0,0,0
2026-05-25,листовой объект,ДП объект Эпсилон,3902,8023,2395,88,20,0,0,0,0
2026-05-25,листовой объект,объект Эпсилон ОС,3904,6,0,2,0,0,0,0,0
2026-05-25,листовой объект,объект Пси ОС,3905,41,0,10,0,0,0,0,0
2026-05-25,листовой объект,объект Сигма,4069,3,0,1,0,0,0,0,0
2026-05-25,листовой объект,объект Хи,4095,2,0,2,0,0,0,0,0
2026-05-25,листовой объект,ДП объект Сигма,4177,88,0,5,0,0,0,0,0
2026-05-25,листовой объект,ДУ ПС объект Ро,4369,2254,2111,62,9,6,1,0,0
2026-05-25,листовой объект,объект Ро,4370,13,0,6,0,0,0,0,0
2026-05-25,листовой объект,объект Омикрон,4391,1442,0,56,0,0,0,0,0
2026-05-25,листовой объект,ДП объект Омикрон,4392,2828,0,9,0,0,0,0,0
2026-05-25,листовой объект,ДУ объект Хи,4543,6164,6154,17,12,0,0,0,0
2026-05-25,листовой объект,ДП ПС объект Омега,4574,288,0,9,0,0,0,0,0
2026-05-25,листовой объект,ДУ объект Дельта,4610,5428,5084,119,21,8,7,0,0
2026-05-25,листовой объект,ПС объект Омега,4648,26,0,7,0,0,0,0,0
2026-05-25,листовой объект,Шкаф ОПС объект Бета,4765,16,0,2,0,0,0,0,0
2026-05-25,листовой объект,ДУ ПС объект Омега,5003,320,144,51,8,0,0,0,0
2026-05-25,листовой объект,ДУ объект Вита,5011,208,0,84,0,0,0,0,0
2026-05-25,листовой объект,объект Дельта,5113,288,0,47,0,0,0,0,0
2026-05-25,листовой объект,ДУ объект Альфа,5122,91572,91355,106,50,0,0,0,0
2026-05-25,листовой объект,ДП объект Альфа,5123,594,0,13,0,0,0,0,0
2026-05-25,листовой объект,ДП объект Альфа 2 этаж,5124,553,0,10,0,0,0,0,0
2026-05-25,листовой объект,объект Фита,5129,1209,0,24,0,0,0,0,0
2026-05-25,листовой объект,ДП объект Зита,5132,233,0,13,0,0,0,0,0
2026-05-25,листовой объект,объект Йота ДУ,5218,30,0,14,0,0,0,0,0
2026-05-25,листовой объект,объект Кси ПК0-ПК202,5332,46,0,24,0,0,0,0,0
2026-05-25,листовой объект,ДУ объект Кси,5333,1055,802,100,3,0,0,0,0
2026-05-25,листовой объект,ДП объект Кси,5336,414,0,9,0,0,0,0,0
2026-05-25,листовой объект,объект Пси,5339,62,0,18,0,0,0,0,0
2026-05-25,листовой объект,объект Кси ПК202-ПК302,5343,26,0,13,0,0,0,0,0
2026-05-25,листовой объект,объект Дзета ДУ,5578,13478,13412,43,25,3,3,0,0
2026-05-25,листовой объект,объект Дзета ОС,5580,250,0,17,0,0,0,0,0
2026-05-25,листовой объект,объект Зита ДУ,5591,53,35,3,1,0,0,0,0
2026-05-25,листовой объект,объект Дзета щит. ПК48 Г1 ПК5,5594,11,0,5,0,0,0,0,0
2026-05-25,листовой объект,объект Каппа ДУ,5657,10484,10174,100,20,0,0,0,0
2026-05-25,листовой объект,объект Мю ДП,5674,750,0,12,0,0,0,0,0
2026-05-25,листовой объект,объект Мю ДУ,5675,5025,4899,97,35,0,0,0,0
2026-05-25,листовой объект,объект Мю ОС,5676,118,0,26,0,0,0,0,0
2026-05-25,листовой объект,объект Гамма ОС,5961,204,0,35,0,0,0,0,0
2026-05-25,листовой объект,объект Гамма ПС,5962,980,0,5,0,489,4,0,0
2026-05-25,листовой объект,объект Гамма ДУ,5963,360,0,41,0,1,1,0,0
2026-05-26,коллектор,объект Альфа,5,94052,90022,153,50,0,0,0,0
2026-05-26,коллектор,объект Бета,6,25925,1430,103,4,8,1,0,0
2026-05-26,коллектор,объект Гамма,7,1302,0,30,0,491,6,0,0
2026-05-26,коллектор,Комплекс объект Дельта,8,6492,4885,204,21,21,7,0,0
2026-05-26,коллектор,объект Вита,9,3164,0,89,0,0,0,0,0
2026-05-26,коллектор,объект Эпсилон,11,14322,8144,292,32,0,0,0,0
2026-05-26,коллектор,объект Зита,12,12656,12408,72,26,10,9,0,0
2026-05-26,коллектор,объект Каппа,15,10637,9888,160,20,0,0,0,0
2026-05-26,коллектор,объект Йота,3218,7278,0,124,0,3,3,0,0
2026-05-26,коллектор,объект Тау,3355,2193,0,128,0,6,3,0,0
2026-05-26,коллектор,объект Омикрон,3359,5577,3063,94,16,0,0,0,0
2026-05-26,коллектор,объект Мю,3828,10025,6524,236,39,134,8,0,0
2026-05-26,коллектор,объект Сигма,4068,8,0,4,0,0,0,0,0
2026-05-26,коллектор,ПС объект Ро,4356,1823,1578,88,6,0,0,0,0
2026-05-26,коллектор,ПС объект Омега,4573,917,224,28,8,0,0,0,0
2026-05-26,коллектор,объект Кси,5327,1304,852,75,3,0,0,0,0
2026-05-26,листовой объект,объект Фита,20,41,0,21,0,0,0,0,0
2026-05-26,листовой объект,объект Вита,28,105,0,23,0,0,0,0,0
2026-05-26,листовой объект,объект Каппа ОС,42,519,0,51,0,0,0,0,0
2026-05-26,листовой объект,ДП объект Вита,99,2911,0,16,0,0,0,0,0
2026-05-26,листовой объект,ДП ПС объект Ро,108,46,0,4,0,0,0,0,0
2026-05-26,листовой объект,ДП объект Бета,111,25839,1430,77,4,8,1,0,0
2026-05-26,листовой объект,объект Бета,165,5,0,2,0,0,0,0,0
2026-05-26,листовой объект,объект Йота,3215,4046,0,98,0,0,0,0,0
2026-05-26,листовой объект,ДП объект Йота,3216,3186,0,7,0,0,0,0,0
2026-05-26,листовой объект,Шкаф ОПС объект Йота,3250,4,0,2,0,0,0,0,0
2026-05-26,листовой объект,ПС объект Тау,3356,1983,0,42,0,0,0,0,0
2026-05-26,листовой объект,ДУ объект Омикрон,3360,3227,3063,65,16,0,0,0,0
2026-05-26,листовой объект,ДУ объект Тау,3388,210,0,86,0,6,3,0,0
2026-05-26,листовой объект,ДП объект Эпсилон,3902,7808,2070,179,20,0,0,0,0
2026-05-26,листовой объект,объект Эпсилон ОС,3904,157,0,36,0,0,0,0,0
2026-05-26,листовой объект,объект Пси ОС,3905,264,0,57,0,0,0,0,0
2026-05-26,листовой объект,объект Сигма,4069,4,0,2,0,0,0,0,0
2026-05-26,листовой объект,объект Хи,4095,3,0,3,0,0,0,0,0
2026-05-26,листовой объект,ДП объект Сигма,4177,2,0,1,0,0,0,0,0
2026-05-26,листовой объект,ДУ ПС объект Ро,4369,1690,1578,62,6,0,0,0,0
2026-05-26,листовой объект,объект Ро,4370,85,0,21,0,0,0,0,0
2026-05-26,листовой объект,объект Омикрон,4391,154,0,20,0,0,0,0,0
2026-05-26,листовой объект,ДП объект Омикрон,4392,2196,0,9,0,0,0,0,0
2026-05-26,листовой объект,ДУ объект Хи,4543,6090,6074,17,12,0,0,0,0
2026-05-26,листовой объект,Шкаф ОПС ПС объект Ро,4569,2,0,1,0,0,0,0,0
2026-05-26,листовой объект,ДП ПС объект Омега,4574,534,0,9,0,0,0,0,0
2026-05-26,листовой объект,ДУ объект Дельта,4610,5222,4885,123,21,21,7,0,0
2026-05-26,листовой объект,Шкаф ОПС объект Бета,4765,40,0,3,0,0,0,0,0
2026-05-26,листовой объект,Шкаф ОПС объект Сигма,4768,2,0,1,0,0,0,0,0
2026-05-26,листовой объект,Шкаф ОПС объект Зита,4770,15,0,1,0,1,1,0,0
2026-05-26,листовой объект,ДУ ПС объект Омега,5003,383,224,19,8,0,0,0,0
2026-05-26,листовой объект,ДУ объект Вита,5011,148,0,50,0,0,0,0,0
2026-05-26,листовой объект,объект Дельта,5113,1266,0,80,0,0,0,0,0
2026-05-26,листовой объект,Шкаф ОПС объект Дельта,5114,4,0,1,0,0,0,0,0
2026-05-26,листовой объект,ДУ объект Альфа,5122,90284,90022,110,50,0,0,0,0
2026-05-26,листовой объект,ДП объект Альфа,5123,1621,0,17,0,0,0,0,0
2026-05-26,листовой объект,ДП объект Альфа 2 этаж,5124,480,0,15,0,0,0,0,0
2026-05-26,листовой объект,объект Фита,5129,3,0,3,0,0,0,0,0
2026-05-26,листовой объект,ДП объект Зита,5132,90,0,11,0,5,5,0,0
2026-05-26,листовой объект,объект Йота ДУ,5218,42,0,17,0,3,3,0,0
2026-05-26,листовой объект,объект Кси ПК0-ПК202,5332,26,0,5,0,0,0,0,0
2026-05-26,листовой объект,ДУ объект Кси,5333,1014,852,63,3,0,0,0,0
2026-05-26,листовой объект,ДП объект Кси,5336,264,0,7,0,0,0,0,0
2026-05-26,листовой объект,объект Пси,5339,1667,0,11,0,0,0,0,0
2026-05-26,листовой объект,объект Дзета ДУ,5578,12429,12388,38,25,4,3,0,0
2026-05-26,листовой объект,объект Дзета ОС,5580,60,0,12,0,0,0,0,0
2026-05-26,листовой объект,объект Зита ОС,5582,1,0,1,0,0,0,0,0
2026-05-26,листовой объект,объект Зита ДУ,5591,34,20,2,1,0,0,0,0
2026-05-26,листовой объект,объект Дзета щит. ПК48 Г1 ПК5,5594,24,0,4,0,0,0,0,0
2026-05-26,листовой объект,объект Каппа ДУ,5657,10118,9888,109,20,0,0,0,0
2026-05-26,листовой объект,объект Мю ДП,5674,1526,0,16,0,0,0,0,0
2026-05-26,листовой объект,объект Мю ДУ,5675,7758,6524,139,39,134,8,0,0
2026-05-26,листовой объект,объект Мю ОС,5676,741,0,81,0,0,0,0,0
2026-05-26,листовой объект,объект Гамма ОС,5961,4,0,1,0,0,0,0,0
2026-05-26,листовой объект,объект Гамма ПС,5962,990,0,7,0,491,6,0,0
2026-05-26,листовой объект,объект Гамма ДУ,5963,308,0,22,0,0,0,0,0
2026-05-27,коллектор,объект Альфа,5,92960,90244,139,50,0,0,0,0
2026-05-27,коллектор,объект Бета,6,12475,628,149,4,5,1,0,0
2026-05-27,коллектор,объект Гамма,7,989,0,131,0,5,5,0,0
2026-05-27,коллектор,Комплекс объект Дельта,8,5507,4914,142,19,0,0,0,0
2026-05-27,коллектор,объект Вита,9,2004,0,111,0,0,0,0,0
2026-05-27,коллектор,объект Эпсилон,11,12153,7830,111,29,1,1,0,0
2026-05-27,коллектор,объект Зита,12,10207,8790,187,25,6,3,0,0
2026-05-27,коллектор,объект Каппа,15,10841,10485,119,20,0,0,0,0
2026-05-27,коллектор,объект Йота,3218,8336,0,157,0,3,3,0,0
2026-05-27,коллектор,объект Тау,3355,2484,0,114,0,0,0,0,0
2026-05-27,коллектор,объект Омикрон,3359,4914,2711,82,16,0,0,0,0
2026-05-27,коллектор,объект Мю,3828,3528,2410,130,35,1,1,0,0
2026-05-27,коллектор,объект Сигма,4068,641,0,34,0,8,4,0,0
2026-05-27,коллектор,ПС объект Ро,4356,2306,1926,141,7,0,0,0,0
2026-05-27,коллектор,ПС объект Омега,4573,423,112,51,8,19,13,0,0
2026-05-27,коллектор,объект Кси,5327,1071,667,72,3,15,4,0,0
2026-05-27,листовой объект,объект Фита,20,90,0,32,0,0,0,0,0
2026-05-27,листовой объект,объект Вита,28,249,0,24,0,0,0,0,0
2026-05-27,листовой объект,объект Каппа ОС,42,176,0,19,0,0,0,0,0
2026-05-27,листовой объект,ДП объект Вита,99,1563,0,14,0,0,0,0,0
2026-05-27,листовой объект,ДП ПС объект Ро,108,90,0,5,0,0,0,0,0
2026-05-27,листовой объект,ДП объект Бета,111,12316,628,103,4,5,1,0,0
2026-05-27,листовой объект,объект Бета,165,41,0,9,0,0,0,0,0
2026-05-27,листовой объект,объект Йота,3215,3708,0,111,0,0,0,0,0
2026-05-27,листовой объект,ДП объект Йота,3216,4518,0,16,0,0,0,0,0
2026-05-27,листовой объект,Шкаф ОПС объект Йота,3250,34,0,4,0,0,0,0,0
2026-05-27,листовой объект,ПС объект Тау,3356,2324,0,35,0,0,0,0,0
2026-05-27,листовой объект,ДУ объект Омикрон,3360,2881,2711,64,16,0,0,0,0
2026-05-27,листовой объект,ДУ объект Тау,3388,160,0,79,0,0,0,0,0
2026-05-27,листовой объект,ДП объект Эпсилон,3902,6340,2046,91,17,1,1,0,0
2026-05-27,листовой объект,объект Эпсилон ОС,3904,10,0,3,0,0,0,0,0
2026-05-27,листовой объект,объект Пси ОС,3905,8,0,3,0,0,0,0,0
2026-05-27,листовой объект,объект Сигма,4069,33,0,8,0,0,0,0,0
2026-05-27,листовой объект,объект Хи,4095,1,0,1,0,0,0,0,0
2026-05-27,листовой объект,ДП объект Сигма,4177,608,0,26,0,8,4,0,0
2026-05-27,листовой объект,ДУ ПС объект Ро,4369,2124,1926,106,7,0,0,0,0
2026-05-27,листовой объект,объект Ро,4370,92,0,30,0,0,0,0,0
2026-05-27,листовой объект,объект Омикрон,4391,177,0,10,0,0,0,0,0
2026-05-27,листовой объект,ДП объект Омикрон,4392,1856,0,8,0,0,0,0,0
2026-05-27,листовой объект,ДУ объект Хи,4543,5794,5784,13,12,0,0,0,0
2026-05-27,листовой объект,ДП ПС объект Омега,4574,71,0,6,0,0,0,0,0
2026-05-27,листовой объект,ДУ объект Дельта,4610,5129,4914,106,19,0,0,0,0
2026-05-27,листовой объект,ПС объект Омега,4648,64,0,8,0,0,0,0,0
2026-05-27,листовой объект,Шкаф ОПС объект Бета,4765,28,0,5,0,0,0,0,0
2026-05-27,листовой объект,Шкаф ОПС объект Зита,4770,4,0,1,0,0,0,0,0
2026-05-27,листовой объект,ДУ ПС объект Омега,5003,288,112,37,8,19,13,0,0
2026-05-27,листовой объект,ДУ объект Вита,5011,192,0,73,0,0,0,0,0
2026-05-27,листовой объект,объект Дельта,5113,378,0,36,0,0,0,0,0
2026-05-27,листовой объект,ДУ объект Альфа,5122,90488,90244,107,50,0,0,0,0
2026-05-27,листовой объект,ДП объект Альфа,5123,1527,0,16,0,0,0,0,0
2026-05-27,листовой объект,ДП объект Альфа 2 этаж,5124,618,0,13,0,0,0,0,0
2026-05-27,листовой объект,объект Фита,5129,110,0,27,0,0,0,0,0
2026-05-27,листовой объект,ДП объект Зита,5132,534,0,40,0,0,0,0,0
2026-05-27,листовой объект,объект Йота ДУ,5218,76,0,26,0,3,3,0,0
2026-05-27,листовой объект,объект Кси ПК0-ПК202,5332,41,0,8,0,12,1,0,0
2026-05-27,листовой объект,ДУ объект Кси,5333,819,667,55,3,3,3,0,0
2026-05-27,листовой объект,ДП объект Кси,5336,204,0,6,0,0,0,0,0
2026-05-27,листовой объект,объект Пси,5339,327,0,3,0,0,0,0,0
2026-05-27,листовой объект,объект Кси ПК202-ПК302,5343,7,0,3,0,0,0,0,0
2026-05-27,листовой объект,объект Дзета ДУ,5578,8919,8755,69,24,6,3,0,0
2026-05-27,листовой объект,объект Дзета ОС,5580,588,0,44,0,0,0,0,0
2026-05-27,листовой объект,объект Зита ОС,5582,8,0,3,0,0,0,0,0
2026-05-27,листовой объект,объект Зита ДУ,5591,43,35,2,1,0,0,0,0
2026-05-27,листовой объект,объект Дзета щит. ПК48 Г1 ПК5,5594,1,0,1,0,0,0,0,0
2026-05-27,листовой объект,объект Каппа ДУ,5657,10665,10485,100,20,0,0,0,0
2026-05-27,листовой объект,объект Мю ДП,5674,900,0,14,0,0,0,0,0
2026-05-27,листовой объект,объект Мю ДУ,5675,2524,2410,90,35,0,0,0,0
2026-05-27,листовой объект,объект Мю ОС,5676,102,0,25,0,0,0,0,0
2026-05-27,листовой объект,объект Мю ПС,5677,2,0,1,0,1,1,0,0
2026-05-27,листовой объект,объект Гамма ОС,5961,186,0,33,0,0,0,0,0
2026-05-27,листовой объект,объект Гамма ПС,5962,82,0,7,0,1,1,0,0
2026-05-27,листовой объект,объект Гамма ДУ,5963,721,0,91,0,4,4,0,0
2026-05-28,коллектор,объект Альфа,5,92012,90380,140,50,0,0,0,0
2026-05-28,коллектор,объект Бета,6,637,0,112,0,0,0,0,0
2026-05-28,коллектор,объект Гамма,7,772,0,121,0,2,1,0,0
2026-05-28,коллектор,Комплекс объект Дельта,8,5546,4429,175,20,77,33,0,0
2026-05-28,коллектор,объект Вита,9,5026,24,180,6,0,0,0,0
2026-05-28,коллектор,объект Эпсилон,11,15419,8320,287,34,57,43,0,0
2026-05-28,коллектор,объект Зита,12,9835,8592,143,25,4,3,0,0
2026-05-28,коллектор,объект Каппа,15,11158,9857,229,20,0,0,0,0
2026-05-28,коллектор,объект Йота,3218,10379,0,128,0,4,4,0,0
2026-05-28,коллектор,объект Тау,3355,41250,0,191,0,0,0,0,0
2026-05-28,коллектор,объект Омикрон,3359,6841,3371,97,16,24,8,0,0
2026-05-28,коллектор,объект Мю,3828,5411,3240,191,33,55,30,0,0
2026-05-28,коллектор,объект Сигма,4068,25,0,6,0,0,0,0,0
2026-05-28,коллектор,ПС объект Ро,4356,2409,2232,67,8,0,0,0,0
2026-05-28,коллектор,ПС объект Омега,4573,930,272,62,8,31,31,0,0
2026-05-28,коллектор,объект Кси,5327,1481,792,123,3,0,0,0,0
2026-05-28,листовой объект,объект Фита,20,149,0,51,0,0,0,0,0
2026-05-28,листовой объект,объект Вита,28,911,0,46,0,0,0,0,0
2026-05-28,листовой объект,объект Каппа ОС,42,1076,0,119,0,0,0,0,0
2026-05-28,листовой объект,ДП объект Вита,99,3519,0,19,0,0,0,0,0
2026-05-28,листовой объект,ДП ПС объект Ро,108,69,0,4,0,0,0,0,0
2026-05-28,листовой объект,ДП объект Бета,111,396,0,52,0,0,0,0,0
2026-05-28,листовой объект,объект Бета,165,92,0,9,0,0,0,0,0
2026-05-28,листовой объект,объект Йота,3215,3278,0,93,0,0,0,0,0
2026-05-28,листовой объект,ДП объект Йота,3216,7015,0,16,0,3,3,0,0
2026-05-28,листовой объект,Шкаф ОПС объект Йота,3250,28,0,4,0,0,0,0,0
2026-05-28,листовой объект,ПС объект Тау,3356,41052,0,106,0,0,0,0,0
2026-05-28,листовой объект,ДУ объект Омикрон,3360,3647,3371,66,16,24,8,0,0
2026-05-28,листовой объект,ДУ объект Тау,3388,176,0,82,0,0,0,0,0
2026-05-28,листовой объект,ДП объект Эпсилон,3902,9081,2385,207,22,51,39,0,0
2026-05-28,листовой объект,Шкафы ОС объект Эпсилон,3903,2,0,1,0,0,0,0,0
2026-05-28,листовой объект,объект Эпсилон ОС,3904,214,0,14,0,0,0,0,0
2026-05-28,листовой объект,объект Пси ОС,3905,24,0,7,0,0,0,0,0
2026-05-28,листовой объект,объект Сигма,4069,1,0,1,0,0,0,0,0
2026-05-28,листовой объект,объект Хи,4095,87,0,21,0,0,0,0,0
2026-05-28,листовой объект,ДП объект Сигма,4177,24,0,5,0,0,0,0,0
2026-05-28,листовой объект,ДУ ПС объект Ро,4369,2330,2232,56,8,0,0,0,0
2026-05-28,листовой объект,объект Ро,4370,10,0,7,0,0,0,0,0
2026-05-28,листовой объект,объект Омикрон,4391,260,0,23,0,0,0,0,0
2026-05-28,листовой объект,ДП объект Омикрон,4392,2934,0,8,0,0,0,0,0
2026-05-28,листовой объект,Шкаф ОПС объект Хи,4541,6,0,2,0,0,0,0,0
2026-05-28,листовой объект,ДУ объект Хи,4543,6003,5935,34,12,6,4,0,0
2026-05-28,листовой объект,ДП ПС объект Омега,4574,316,0,5,0,0,0,0,0
2026-05-28,листовой объект,ДУ объект Дельта,4610,5151,4429,131,20,77,33,0,0
2026-05-28,листовой объект,ПС объект Омега,4648,14,0,4,0,0,0,0,0
2026-05-28,листовой объект,Шкаф ОПС объект Вита,4767,6,0,2,0,0,0,0,0
2026-05-28,листовой объект,ДУ ПС объект Омега,5003,600,272,53,8,31,31,0,0
2026-05-28,листовой объект,Шкаф ОПС ПС объект Тау,5009,22,0,3,0,0,0,0,0
2026-05-28,листовой объект,ДУ объект Вита,5011,590,24,113,6,0,0,0,0
2026-05-28,листовой объект,объект Дельта,5113,395,0,44,0,0,0,0,0
2026-05-28,листовой объект,ДУ объект Альфа,5122,90606,90380,108,50,0,0,0,0
2026-05-28,листовой объект,ДП объект Альфа,5123,706,0,17,0,0,0,0,0
2026-05-28,листовой объект,ДП объект Альфа 2 этаж,5124,500,0,13,0,0,0,0,0
2026-05-28,листовой объект,объект Фита,5129,93,0,8,0,0,0,0,0
2026-05-28,листовой объект,ДП объект Зита,5132,236,0,23,0,0,0,0,0
2026-05-28,листовой объект,объект Йота ДУ,5218,58,0,15,0,1,1,0,0
2026-05-28,листовой объект,объект Кси ПК0-ПК202,5332,65,0,20,0,0,0,0,0
2026-05-28,листовой объект,ДУ объект Кси,5333,994,792,85,3,0,0,0,0
2026-05-28,листовой объект,ДП объект Кси,5336,378,0,8,0,0,0,0,0
2026-05-28,листовой объект,объект Пси,5339,200,0,2,0,0,0,0,0
2026-05-28,листовой объект,объект Кси ПК202-ПК302,5343,44,0,10,0,0,0,0,0
2026-05-28,листовой объект,Шкафы ПС объект Эпсилон,5540,2,0,1,0,0,0,0,0
2026-05-28,листовой объект,объект Дзета ДУ,5578,8694,8570,62,24,4,3,0,0
2026-05-28,листовой объект,объект Дзета ОС,5580,743,0,42,0,0,0,0,0
2026-05-28,листовой объект,объект Зита ОС,5582,4,0,1,0,0,0,0,0
2026-05-28,листовой объект,объект Зита ДУ,5591,28,22,2,1,0,0,0,0
2026-05-28,листовой объект,объект Дзета щит. ПК48 Г1 ПК5,5594,37,0,5,0,0,0,0,0
2026-05-28,листовой объект,объект Каппа ДУ,5657,10082,9857,110,20,0,0,0,0
2026-05-28,листовой объект,объект Мю ДП,5674,1220,0,12,0,0,0,0,0
2026-05-28,листовой объект,объект Мю ДУ,5675,3543,3240,125,33,32,28,0,0
2026-05-28,листовой объект,объект Мю ОС,5676,579,0,48,0,0,0,0,0
2026-05-28,листовой объект,объект Мю ПС,5677,62,0,3,0,23,2,0,0
2026-05-28,листовой объект,объект Мю шкафы,5678,7,0,3,0,0,0,0,0
2026-05-28,листовой объект,объект Гамма ОС,5961,145,0,33,0,0,0,0,0
2026-05-28,листовой объект,объект Гамма ПС,5962,2,0,1,0,0,0,0,0
2026-05-28,листовой объект,объект Гамма ДУ,5963,625,0,87,0,2,1,0,0
2026-05-29,коллектор,объект Альфа,5,95233,92226,173,50,0,0,0,0
2026-05-29,коллектор,объект Бета,6,2622,112,147,4,21,1,0,0
2026-05-29,коллектор,объект Гамма,7,1033,0,116,0,17,15,0,0
2026-05-29,коллектор,Комплекс объект Дельта,8,4410,3917,148,19,2,1,0,0
2026-05-29,коллектор,объект Вита,9,4531,12,274,6,18,9,0,0
2026-05-29,коллектор,объект Эпсилон,11,13879,7422,140,26,0,0,0,0
2026-05-29,коллектор,объект Зита,12,9078,8530,69,23,0,0,0,0
2026-05-29,коллектор,объект Каппа,15,10951,10541,111,19,0,0,0,0
2026-05-29,коллектор,объект Йота,3218,3584,0,52,0,3,3,0,0
2026-05-29,коллектор,объект Тау,3355,34808,0,277,0,0,0,0,0
2026-05-29,коллектор,объект Омикрон,3359,4615,2364,84,14,0,0,0,0
2026-05-29,коллектор,объект Мю,3828,4849,3685,133,32,0,0,0,0
2026-05-29,коллектор,объект Сигма,4068,178,0,8,0,0,0,0,0
2026-05-29,коллектор,ПС объект Ро,4356,2272,2055,79,6,0,0,0,0
2026-05-29,коллектор,ПС объект Омега,4573,3777,160,138,8,0,0,0,0
2026-05-29,коллектор,объект Кси,5327,3031,748,731,24,13,11,0,0
2026-05-29,листовой объект,объект Фита,20,149,0,52,0,0,0,0,0
2026-05-29,листовой объект,объект Вита,28,883,0,111,0,0,0,0,0
2026-05-29,листовой объект,объект Каппа ОС,42,221,0,25,0,0,0,0,0
2026-05-29,листовой объект,ДП объект Вита,99,3244,0,41,0,18,9,0,0
2026-05-29,листовой объект,ДП ПС объект Ро,108,56,0,4,0,0,0,0,0
2026-05-29,листовой объект,ДП объект Бета,111,2337,112,84,4,21,1,0,0
2026-05-29,листовой объект,объект Бета,165,134,0,10,0,0,0,0,0
2026-05-29,листовой объект,объект Йота,3215,2020,0,31,0,0,0,0,0
2026-05-29,листовой объект,ДП объект Йота,3216,1514,0,5,0,0,0,0,0
2026-05-29,листовой объект,ПС объект Тау,3356,34489,0,131,0,0,0,0,0
2026-05-29,листовой объект,ДУ объект Омикрон,3360,2530,2364,62,14,0,0,0,0
2026-05-29,листовой объект,ДУ объект Тау,3388,295,0,144,0,0,0,0,0
2026-05-29,листовой объект,ДП объект Эпсилон,3902,7713,1307,115,14,0,0,0,0
2026-05-29,листовой объект,объект Эпсилон ОС,3904,26,0,8,0,0,0,0,0
2026-05-29,листовой объект,объект Пси ОС,3905,10,0,3,0,0,0,0,0
2026-05-29,листовой объект,объект Сигма,4069,2,0,1,0,0,0,0,0
2026-05-29,листовой объект,объект Хи,4095,1,0,1,0,0,0,0,0
2026-05-29,листовой объект,ДП объект Сигма,4177,176,0,7,0,0,0,0,0
2026-05-29,листовой объект,ДУ ПС объект Ро,4369,2181,2055,64,6,0,0,0,0
2026-05-29,листовой объект,объект Ро,4370,35,0,11,0,0,0,0,0
2026-05-29,листовой объект,объект Омикрон,4391,254,0,11,0,0,0,0,0
2026-05-29,листовой объект,ДП объект Омикрон,4392,1829,0,10,0,0,0,0,0
2026-05-29,листовой объект,ДУ объект Хи,4543,6129,6115,13,12,0,0,0,0
2026-05-29,листовой объект,ДП ПС объект Омега,4574,3249,0,13,0,0,0,0,0
2026-05-29,листовой объект,ДУ объект Дельта,4610,4118,3917,104,19,2,1,0,0
2026-05-29,листовой объект,ПС объект Омега,4648,120,0,44,0,0,0,0,0
2026-05-29,листовой объект,Шкаф ОПС объект Омикрон,4763,2,0,1,0,0,0,0,0
2026-05-29,листовой объект,Шкаф ОПС объект Бета,4765,2,0,1,0,0,0,0,0
2026-05-29,листовой объект,Шкаф ОПС объект Вита,4767,40,0,11,0,0,0,0,0
2026-05-29,листовой объект,ДУ ПС объект Омега,5003,408,160,81,8,0,0,0,0
2026-05-29,листовой объект,Шкаф ОПС ПС объект Тау,5009,24,0,2,0,0,0,0,0
2026-05-29,листовой объект,ДУ объект Вита,5011,364,12,111,6,0,0,0,0
2026-05-29,листовой объект,объект Дельта,5113,292,0,44,0,0,0,0,0
2026-05-29,листовой объект,ДУ объект Альфа,5122,92484,92226,116,50,0,0,0,0
2026-05-29,листовой объект,ДП объект Альфа,5123,1770,0,14,0,0,0,0,0
2026-05-29,листовой объект,ДП объект Альфа 2 этаж,5124,712,0,15,0,0,0,0,0
2026-05-29,листовой объект,объект Фита,5129,3,0,3,0,0,0,0,0
2026-05-29,листовой объект,ДП объект Зита,5132,63,0,4,0,0,0,0,0
2026-05-29,листовой объект,объект Йота ДУ,5218,50,0,16,0,3,3,0,0
2026-05-29,листовой объект,объект Кси ПК0-ПК202,5332,1263,0,556,0,0,0,0,0
2026-05-29,листовой объект,ДУ объект Кси,5333,1209,748,142,24,13,11,0,0
2026-05-29,листовой объект,ДП объект Кси,5336,500,0,13,0,0,0,0,0
2026-05-29,листовой объект,"Шкаф ОПС, ДУ объект Кси",5338,10,0,4,0,0,0,0,0
2026-05-29,листовой объект,объект Пси,5339,267,0,28,0,0,0,0,0
2026-05-29,листовой объект,объект Кси ПК202-ПК302,5343,49,0,16,0,0,0,0,0
2026-05-29,листовой объект,объект Каппа ПС,5567,36,0,1,0,0,0,0,0
2026-05-29,листовой объект,объект Дзета ДУ,5578,8534,8492,40,21,0,0,0,0
2026-05-29,листовой объект,объект Дзета ОС,5580,431,0,18,0,0,0,0,0
2026-05-29,листовой объект,объект Зита ОС,5582,1,0,1,0,0,0,0,0
2026-05-29,листовой объект,объект Зита ДУ,5591,46,38,3,2,0,0,0,0
2026-05-29,листовой объект,объект Каппа ДУ,5657,10694,10541,85,19,0,0,0,0
2026-05-29,листовой объект,объект Мю ДП,5674,950,0,13,0,0,0,0,0
2026-05-29,листовой объект,объект Мю ДУ,5675,3799,3685,87,32,0,0,0,0
2026-05-29,листовой объект,объект Мю ОС,5676,100,0,33,0,0,0,0,0
2026-05-29,листовой объект,объект Гамма ОС,5961,572,0,46,0,0,0,0,0
2026-05-29,листовой объект,объект Гамма ПС,5962,59,0,29,0,14,13,0,0
2026-05-29,листовой объект,объект Гамма ДУ,5963,402,0,41,0,3,2,0,0
2026-05-30,коллектор,объект Альфа,5,91694,90808,68,49,0,0,0,0
2026-05-30,коллектор,объект Бета,6,71,0,13,0,0,0,0,0
2026-05-30,коллектор,объект Гамма,7,334,0,24,0,1,1,0,0
2026-05-30,коллектор,Комплекс объект Дельта,8,4767,4426,120,20,14,7,0,0
2026-05-30,коллектор,объект Вита,9,2113,0,64,0,0,0,0,0
2026-05-30,коллектор,объект Эпсилон,11,10716,7726,73,29,0,0,0,0
2026-05-30,коллектор,объект Зита,12,8996,8965,37,25,0,0,0,0
2026-05-30,коллектор,объект Каппа,15,11152,11044,69,18,0,0,0,0
2026-05-30,коллектор,объект Йота,3218,3795,0,66,0,0,0,0,0
2026-05-30,коллектор,объект Тау,3355,10684,0,82,0,0,0,0,0
2026-05-30,коллектор,объект Омикрон,3359,5266,4341,47,14,0,0,0,0
2026-05-30,коллектор,объект Мю,3828,4504,3962,119,35,0,0,0,0
2026-05-30,коллектор,объект Сигма,4068,156,0,5,0,0,0,0,0
2026-05-30,коллектор,ПС объект Ро,4356,1398,1243,60,5,0,0,0,0
2026-05-30,коллектор,ПС объект Омега,4573,750,176,158,8,58,52,0,0
2026-05-30,коллектор,объект Кси,5327,1801,839,344,14,28,13,0,0
2026-05-30,листовой объект,объект Фита,20,6,0,6,0,0,0,0,0
2026-05-30,листовой объект,объект Вита,28,63,0,12,0,0,0,0,0
2026-05-30,листовой объект,объект Каппа ОС,42,61,0,37,0,0,0,0,0
2026-05-30,листовой объект,ДП объект Вита,99,1918,0,8,0,0,0,0,0
2026-05-30,листовой объект,ДП ПС объект Ро,108,42,0,3,0,0,0,0,0
2026-05-30,листовой объект,ДП объект Бета,111,34,0,5,0,0,0,0,0
2026-05-30,листовой объект,объект Бета,165,31,0,2,0,0,0,0,0
2026-05-30,листовой объект,объект Йота,3215,1753,0,39,0,0,0,0,0
2026-05-30,листовой объект,ДП объект Йота,3216,1994,0,5,0,0,0,0,0
2026-05-30,листовой объект,Шкаф ОПС объект Йота,3250,6,0,2,0,0,0,0,0
2026-05-30,листовой объект,ПС объект Тау,3356,10655,0,69,0,0,0,0,0
2026-05-30,листовой объект,ДУ объект Омикрон,3360,4433,4341,28,14,0,0,0,0
2026-05-30,листовой объект,ДУ объект Тау,3388,21,0,11,0,0,0,0,0
2026-05-30,листовой объект,ДП объект Эпсилон,3902,4958,1990,53,17,0,0,0,0
2026-05-30,листовой объект,объект Эпсилон ОС,3904,5,0,2,0,0,0,0,0
2026-05-30,листовой объект,объект Пси ОС,3905,7,0,3,0,0,0,0,0
2026-05-30,листовой объект,объект Хи,4095,2,0,2,0,0,0,0,0
2026-05-30,листовой объект,ДП объект Сигма,4177,156,0,5,0,0,0,0,0
2026-05-30,листовой объект,ДУ ПС объект Ро,4369,1345,1243,54,5,0,0,0,0
2026-05-30,листовой объект,объект Ро,4370,11,0,3,0,0,0,0,0
2026-05-30,листовой объект,объект Омикрон,4391,143,0,11,0,0,0,0,0
2026-05-30,листовой объект,ДП объект Омикрон,4392,690,0,8,0,0,0,0,0
2026-05-30,листовой объект,ДУ объект Хи,4543,5744,5736,13,12,0,0,0,0
2026-05-30,листовой объект,ДП ПС объект Омега,4574,2,0,2,0,0,0,0,0
2026-05-30,листовой объект,Шкаф ОПС ПС объект Омега,4577,2,0,1,0,0,0,0,0
2026-05-30,листовой объект,ДУ объект Дельта,4610,4668,4426,94,20,14,7,0,0
2026-05-30,листовой объект,ПС объект Омега,4648,28,0,8,0,0,0,0,0
2026-05-30,листовой объект,ДУ ПС объект Омега,5003,718,176,147,8,58,52,0,0
2026-05-30,листовой объект,Шкаф ОПС ПС объект Тау,5009,8,0,2,0,0,0,0,0
2026-05-30,листовой объект,ДУ объект Вита,5011,132,0,44,0,0,0,0,0
2026-05-30,листовой объект,объект Дельта,5113,96,0,25,0,0,0,0,0
2026-05-30,листовой объект,Шкаф ОПС объект Дельта,5114,3,0,1,0,0,0,0,0
2026-05-30,листовой объект,ДУ объект Альфа,5122,90920,90808,56,49,0,0,0,0
2026-05-30,листовой объект,ДП объект Альфа,5123,773,0,11,0,0,0,0,0
2026-05-30,листовой объект,объект Фита,5129,4,0,4,0,0,0,0,0
2026-05-30,листовой объект,ДП объект Зита,5132,6,0,2,0,0,0,0,0
2026-05-30,листовой объект,объект Йота ДУ,5218,42,0,20,0,0,0,0,0
2026-05-30,листовой объект,объект Кси ПК0-ПК202,5332,489,0,222,0,0,0,0,0
2026-05-30,листовой объект,ДУ объект Кси,5333,1157,839,92,14,28,13,0,0
2026-05-30,листовой объект,ДП объект Кси,5336,12,0,5,0,0,0,0,0
2026-05-30,листовой объект,"Шкаф ОПС, ДУ объект Кси",5338,10,0,4,0,0,0,0,0
2026-05-30,листовой объект,объект Пси,5339,1,0,1,0,0,0,0,0
2026-05-30,листовой объект,объект Кси ПК202-ПК302,5343,133,0,21,0,0,0,0,0
2026-05-30,листовой объект,объект Каппа ПС,5567,8,0,4,0,0,0,0,0
2026-05-30,листовой объект,объект Каппа шкафы,5574,5,0,2,0,0,0,0,0
2026-05-30,листовой объект,объект Дзета ДУ,5578,8912,8910,25,24,0,0,0,0
2026-05-30,листовой объект,объект Дзета ОС,5580,13,0,4,0,0,0,0,0
2026-05-30,листовой объект,объект Зита ДУ,5591,61,55,2,1,0,0,0,0
2026-05-30,листовой объект,объект Каппа ДУ,5657,11078,11044,26,18,0,0,0,0
2026-05-30,листовой объект,объект Мю ДП,5674,378,0,7,0,0,0,0,0
2026-05-30,листовой объект,объект Мю ДУ,5675,4076,3962,90,35,0,0,0,0
2026-05-30,листовой объект,объект Мю ОС,5676,48,0,21,0,0,0,0,0
2026-05-30,листовой объект,объект Мю шкафы,5678,2,0,1,0,0,0,0,0
2026-05-30,листовой объект,объект Гамма ОС,5961,1,0,1,0,0,0,0,0
2026-05-30,листовой объект,объект Гамма ДУ,5963,333,0,23,0,1,1,0,0
2026-05-31,коллектор,объект Альфа,5,92600,91724,106,50,0,0,0,0
2026-05-31,коллектор,объект Бета,6,115,0,26,0,0,0,0,0
2026-05-31,коллектор,объект Гамма,7,679,0,81,0,8,4,0,0
2026-05-31,коллектор,Комплекс объект Дельта,8,4686,4357,114,19,27,8,0,0
2026-05-31,коллектор,объект Вита,9,60,0,12,0,0,0,0,0
2026-05-31,коллектор,объект Эпсилон,11,10384,8757,73,29,21,21,0,0
2026-05-31,коллектор,объект Зита,12,10837,10251,88,26,0,0,0,0
2026-05-31,коллектор,объект Каппа,15,10199,10159,29,18,0,0,0,0
2026-05-31,коллектор,объект Йота,3218,1229,0,6,0,0,0,0,0
2026-05-31,коллектор,объект Тау,3355,6480,0,45,0,0,0,0,0
2026-05-31,коллектор,объект Омикрон,3359,4921,3705,42,12,0,0,0,0
2026-05-31,коллектор,объект Мю,3828,4188,3681,116,34,0,0,0,0
2026-05-31,коллектор,объект Сигма,4068,166,0,12,0,4,4,0,0
2026-05-31,коллектор,ПС объект Ро,4356,786,646,62,6,0,0,0,0
2026-05-31,коллектор,ПС объект Омега,4573,372,224,17,8,0,0,0,0
2026-05-31,коллектор,объект Кси,5327,852,806,11,3,0,0,0,0
2026-05-31,листовой объект,объект Фита,20,4,0,4,0,0,0,0,0
2026-05-31,листовой объект,объект Вита,28,9,0,6,0,0,0,0,0
2026-05-31,листовой объект,объект Каппа ОС,42,18,0,8,0,0,0,0,0
2026-05-31,листовой объект,ДП объект Вита,99,1,0,1,0,0,0,0,0
2026-05-31,листовой объект,ДП ПС объект Ро,108,21,0,4,0,0,0,0,0
2026-05-31,листовой объект,ДП объект Бета,111,58,0,14,0,0,0,0,0
2026-05-31,листовой объект,объект Бета,165,53,0,8,0,0,0,0,0
2026-05-31,листовой объект,объект Йота,3215,1,0,1,0,0,0,0,0
2026-05-31,листовой объект,ДП объект Йота,3216,1228,0,5,0,0,0,0,0
2026-05-31,листовой объект,ПС объект Тау,3356,6456,0,40,0,0,0,0,0
2026-05-31,листовой объект,ДУ объект Омикрон,3360,3787,3705,25,12,0,0,0,0
2026-05-31,листовой объект,ДУ объект Тау,3388,6,0,3,0,0,0,0,0
2026-05-31,листовой объект,ДП объект Эпсилон,3902,4709,3113,51,17,17,17,0,0
2026-05-31,листовой объект,объект Эпсилон ОС,3904,2,0,2,0,0,0,0,0
2026-05-31,листовой объект,объект Пси ОС,3905,1,0,1,0,0,0,0,0
2026-05-31,листовой объект,ДП объект Сигма,4177,166,0,12,0,4,4,0,0
2026-05-31,листовой объект,ДУ ПС объект Ро,4369,758,646,55,6,0,0,0,0
2026-05-31,листовой объект,объект Ро,4370,7,0,3,0,0,0,0,0
2026-05-31,листовой объект,объект Омикрон,4391,100,0,9,0,0,0,0,0
2026-05-31,листовой объект,ДП объект Омикрон,4392,1032,0,7,0,0,0,0,0
2026-05-31,листовой объект,Шкаф ОПС объект Хи,4541,4,0,1,0,0,0,0,0
2026-05-31,листовой объект,ДУ объект Хи,4543,5668,5644,18,12,4,4,0,0
2026-05-31,листовой объект,ДУ объект Дельта,4610,4627,4357,92,19,27,8,0,0
2026-05-31,листовой объект,Шкаф ОПС объект Омикрон,4763,2,0,1,0,0,0,0,0
2026-05-31,листовой объект,ДУ ПС объект Омега,5003,372,224,17,8,0,0,0,0
2026-05-31,листовой объект,Шкаф ОПС ПС объект Тау,5009,18,0,2,0,0,0,0,0
2026-05-31,листовой объект,ДУ объект Вита,5011,50,0,5,0,0,0,0,0
2026-05-31,листовой объект,объект Дельта,5113,55,0,21,0,0,0,0,0
2026-05-31,листовой объект,Шкаф ОПС объект Дельта,5114,4,0,1,0,0,0,0,0
2026-05-31,листовой объект,ДУ объект Альфа,5122,91908,91724,94,50,0,0,0,0
2026-05-31,листовой объект,ДП объект Альфа,5123,536,0,10,0,0,0,0,0
2026-05-31,листовой объект,объект Фита,5129,131,0,9,0,0,0,0,0
2026-05-31,листовой объект,ДП объект Зита,5132,86,0,15,0,0,0,0,0
2026-05-31,листовой объект,объект Кси ПК0-ПК202,5332,2,0,2,0,0,0,0,0
2026-05-31,листовой объект,ДУ объект Кси,5333,844,806,7,3,0,0,0,0
2026-05-31,листовой объект,объект Пси,5339,156,0,2,0,0,0,0,0
2026-05-31,листовой объект,объект Кси ПК202-ПК302,5343,6,0,2,0,0,0,0,0
2026-05-31,листовой объект,объект Дзета ДУ,5578,10265,10221,47,25,0,0,0,0
2026-05-31,листовой объект,объект Дзета ОС,5580,313,0,14,0,0,0,0,0
2026-05-31,листовой объект,объект Зита ОС,5582,4,0,1,0,0,0,0,0
2026-05-31,листовой объект,объект Зита ДУ,5591,38,30,2,1,0,0,0,0
2026-05-31,листовой объект,объект Каппа ДУ,5657,10181,10159,21,18,0,0,0,0
2026-05-31,листовой объект,объект Мю ДП,5674,348,0,6,0,0,0,0,0
2026-05-31,листовой объект,объект Мю ДУ,5675,3793,3681,89,34,0,0,0,0
2026-05-31,листовой объект,объект Мю ОС,5676,47,0,21,0,0,0,0,0
2026-05-31,листовой объект,объект Гамма ОС,5961,23,0,6,0,0,0,0,0
2026-05-31,листовой объект,объект Гамма ПС,5962,15,0,2,0,5,1,0,0
2026-05-31,листовой объект,объект Гамма ДУ,5963,641,0,73,0,3,3,0,0
2026-06-02,коллектор,объект Альфа,5,105132,101675,175,54,0,0,0,0
2026-06-02,коллектор,объект Бета,6,402,2,95,1,0,0,0,0
2026-06-02,коллектор,объект Гамма,7,3479,0,39,0,1434,6,0,0
2026-06-02,коллектор,Комплекс объект Дельта,8,4074,3934,84,20,0,0,0,0
2026-06-02,коллектор,объект Вита,9,5097,8,153,4,0,0,0,0
2026-06-02,коллектор,объект Эпсилон,11,13182,7938,78,29,0,0,0,0
2026-06-02,коллектор,объект Зита,12,7221,7025,65,23,2,1,0,0
2026-06-02,коллектор,объект Каппа,15,12175,10516,432,31,7,5,0,0
2026-06-02,коллектор,объект Йота,3218,3161,0,43,0,0,0,0,0
2026-06-02,коллектор,объект Тау,3355,13032,0,258,0,15,12,0,0
2026-06-02,коллектор,объект Омикрон,3359,6896,4027,104,12,0,0,0,0
2026-06-02,коллектор,объект Мю,3828,11235,4054,854,35,4,4,0,0
2026-06-02,коллектор,объект Сигма,4068,139,0,6,0,0,0,0,0
2026-06-02,коллектор,ПС объект Ро,4356,1029,683,137,6,3,3,0,0
2026-06-02,коллектор,ПС объект Омега,4573,470,272,19,8,4,2,0,0
2026-06-02,коллектор,объект Кси,5327,1154,516,147,4,0,0,0,0
2026-06-02,листовой объект,объект Фита,20,97,0,37,0,0,0,0,0
2026-06-02,листовой объект,объект Вита,28,378,0,49,0,0,0,0,0
2026-06-02,листовой объект,объект Каппа ОС,42,979,0,170,0,1,1,0,0
2026-06-02,листовой объект,ДП объект Вита,99,4425,0,14,0,0,0,0,0
2026-06-02,листовой объект,ДП ПС объект Ро,108,54,0,4,0,0,0,0,0
2026-06-02,листовой объект,ДП объект Бета,111,272,2,45,1,0,0,0,0
2026-06-02,листовой объект,объект Бета,165,25,0,10,0,0,0,0,0
2026-06-02,листовой объект,объект Йота,3215,2051,0,28,0,0,0,0,0
2026-06-02,листовой объект,ДП объект Йота,3216,1090,0,5,0,0,0,0,0
2026-06-02,листовой объект,ПС объект Тау,3356,12526,0,131,0,0,0,0,0
2026-06-02,листовой объект,ДУ объект Омикрон,3360,4151,4027,42,12,0,0,0,0
2026-06-02,листовой объект,ДУ объект Тау,3388,316,0,125,0,15,12,0,0
2026-06-02,листовой объект,ДП объект Эпсилон,3902,7566,2330,63,17,0,0,0,0
2026-06-02,листовой объект,объект Эпсилон ОС,3904,4,0,2,0,0,0,0,0
2026-06-02,листовой объект,объект Сигма,4069,1,0,1,0,0,0,0,0
2026-06-02,листовой объект,ДП объект Сигма,4177,138,0,5,0,0,0,0,0
2026-06-02,листовой объект,ДУ ПС объект Ро,4369,919,683,110,6,3,3,0,0
2026-06-02,листовой объект,объект Ро,4370,52,0,22,0,0,0,0,0
2026-06-02,листовой объект,объект Омикрон,4391,757,0,52,0,0,0,0,0
2026-06-02,листовой объект,ДП объект Омикрон,4392,1988,0,10,0,0,0,0,0
2026-06-02,листовой объект,ДУ объект Хи,4543,5612,5608,13,12,0,0,0,0
2026-06-02,листовой объект,Шкаф ОПС ПС объект Ро,4569,4,0,1,0,0,0,0,0
2026-06-02,листовой объект,ДУ объект Дельта,4610,4052,3934,75,20,0,0,0,0
2026-06-02,листовой объект,Шкаф ОПС объект Бета,4765,8,0,3,0,0,0,0,0
2026-06-02,листовой объект,ДУ ПС объект Омега,5003,470,272,19,8,4,2,0,0
2026-06-02,листовой объект,Шкаф ОПС ПС объект Тау,5009,190,0,2,0,0,0,0,0
2026-06-02,листовой объект,ДУ объект Вита,5011,294,8,90,4,0,0,0,0
2026-06-02,листовой объект,объект Дельта,5113,22,0,9,0,0,0,0,0
2026-06-02,листовой объект,ДУ объект Альфа,5122,101916,101675,128,54,0,0,0,0
2026-06-02,листовой объект,ДП объект Альфа,5123,2391,0,15,0,0,0,0,0
2026-06-02,листовой объект,ДП объект Альфа 2 этаж,5124,601,0,11,0,0,0,0,0
2026-06-02,листовой объект,объект Фита,5129,3,0,3,0,0,0,0,0
2026-06-02,листовой объект,ДП объект Зита,5132,85,0,3,0,0,0,0,0
2026-06-02,листовой объект,объект Йота ДУ,5218,20,0,10,0,0,0,0,0
2026-06-02,листовой объект,объект Кси ПК0-ПК202,5332,70,0,18,0,0,0,0,0
2026-06-02,листовой объект,ДУ объект Кси,5333,778,516,105,4,0,0,0,0
2026-06-02,листовой объект,ДП объект Кси,5336,274,0,11,0,0,0,0,0
2026-06-02,листовой объект,объект Пси,5339,222,0,20,0,0,0,0,0
2026-06-02,листовой объект,объект Пси шкаф ОПС,5340,2,0,1,0,0,0,0,0
2026-06-02,листовой объект,объект Кси ПК202-ПК302,5343,32,0,13,0,0,0,0,0
2026-06-02,листовой объект,объект Каппа ПС,5567,186,0,81,0,1,1,0,0
2026-06-02,листовой объект,объект Каппа шкафы,5574,13,0,6,0,0,0,0,0
2026-06-02,листовой объект,объект Дзета ДУ,5578,7043,6989,43,22,2,1,0,0
2026-06-02,листовой объект,объект Дзета ОС,5580,24,0,8,0,0,0,0,0
2026-06-02,листовой объект,объект Зита ОС,5582,14,0,4,0,0,0,0,0
2026-06-02,листовой объект,объект Зита ДУ,5591,52,36,4,1,0,0,0,0
2026-06-02,листовой объект,объект Каппа ДУ,5657,10997,10516,175,31,5,3,0,0
2026-06-02,листовой объект,объект Мю ДП,5674,4324,0,17,0,0,0,0,0
2026-06-02,листовой объект,объект Мю ДУ,5675,4238,4054,123,35,1,1,0,0
2026-06-02,листовой объект,объект Мю ОС,5676,1106,0,143,0,0,0,0,0
2026-06-02,листовой объект,объект Мю ПС,5677,1555,0,565,0,3,3,0,0
2026-06-02,листовой объект,объект Мю шкафы,5678,12,0,6,0,0,0,0,0
2026-06-02,листовой объект,объект Гамма ОС,5961,48,0,7,0,0,0,0,0
2026-06-02,листовой объект,объект Гамма ПС,5962,2847,0,3,0,1422,1,0,0
2026-06-02,листовой объект,объект Гамма ДУ,5963,584,0,29,0,12,5,0,0
2026-06-03,коллектор,объект Альфа,5,107737,103960,143,54,0,0,0,0
2026-06-03,коллектор,объект Бета,6,274,0,62,0,0,0,0,0
2026-06-03,коллектор,объект Гамма,7,7017,0,97,0,2959,17,0,0
2026-06-03,коллектор,Комплекс объект Дельта,8,4476,4258,110,19,0,0,0,0
2026-06-03,коллектор,объект Вита,9,5599,8,127,2,5,4,0,0
2026-06-03,коллектор,объект Эпсилон,11,13748,7674,117,27,0,0,0,0
2026-06-03,коллектор,объект Зита,12,8443,8380,42,26,0,0,0,0
2026-06-03,коллектор,объект Каппа,15,11010,10773,93,20,2,2,0,0
2026-06-03,коллектор,объект Йота,3218,4164,0,49,0,0,0,0,0
2026-06-03,коллектор,объект Тау,3355,1922,0,238,0,0,0,0,0
2026-06-03,коллектор,объект Омикрон,3359,8481,3721,78,11,0,0,0,0
2026-06-03,коллектор,объект Мю,3828,9864,4156,974,35,34,34,0,0
2026-06-03,коллектор,объект Сигма,4068,201,0,26,0,0,0,0,0
2026-06-03,коллектор,ПС объект Ро,4356,1910,1644,91,7,4,1,0,0
2026-06-03,коллектор,ПС объект Омега,4573,508,256,36,8,20,20,0,0
2026-06-03,коллектор,объект Кси,5327,1423,629,111,4,0,0,0,0
2026-06-03,листовой объект,объект Фита,20,43,0,20,0,0,0,0,0
2026-06-03,листовой объект,объект Вита,28,424,0,31,0,0,0,0,0
2026-06-03,листовой объект,объект Каппа ОС,42,114,0,27,0,0,0,0,0
2026-06-03,листовой объект,ДП объект Вита,99,4910,0,14,0,0,0,0,0
2026-06-03,листовой объект,ДП ПС объект Ро,108,46,0,3,0,0,0,0,0
2026-06-03,листовой объект,ДП объект Бета,111,226,0,40,0,0,0,0,0
2026-06-03,листовой объект,объект Бета,165,5,0,2,0,0,0,0,0
2026-06-03,листовой объект,объект Йота,3215,2180,0,33,0,0,0,0,0
2026-06-03,листовой объект,ДП объект Йота,3216,1964,0,6,0,0,0,0,0
2026-06-03,листовой объект,ПС объект Тау,3356,1552,0,106,0,0,0,0,0
2026-06-03,листовой объект,ДУ объект Омикрон,3360,3847,3721,35,11,0,0,0,0
2026-06-03,листовой объект,ДУ объект Тау,3388,270,0,130,0,0,0,0,0
2026-06-03,листовой объект,ДП объект Эпсилон,3902,7946,2062,64,16,0,0,0,0
2026-06-03,листовой объект,объект Эпсилон ОС,3904,2,0,2,0,0,0,0,0
2026-06-03,листовой объект,объект Пси ОС,3905,109,0,14,0,0,0,0,0
2026-06-03,листовой объект,объект Сигма,4069,35,0,7,0,0,0,0,0
2026-06-03,листовой объект,объект Хи,4095,59,0,17,0,0,0,0,0
2026-06-03,листовой объект,ДП объект Сигма,4177,166,0,19,0,0,0,0,0
2026-06-03,листовой объект,ДУ ПС объект Ро,4369,1812,1644,72,7,4,1,0,0
2026-06-03,листовой объект,объект Ро,4370,48,0,15,0,0,0,0,0
2026-06-03,листовой объект,объект Омикрон,4391,612,0,34,0,0,0,0,0
2026-06-03,листовой объект,ДП объект Омикрон,4392,4022,0,9,0,0,0,0,0
2026-06-03,листовой объект,ДУ объект Хи,4543,5632,5612,20,11,0,0,0,0
2026-06-03,листовой объект,Шкаф ОПС ПС объект Ро,4569,4,0,1,0,0,0,0,0
2026-06-03,листовой объект,ДУ объект Дельта,4610,4406,4258,88,19,0,0,0,0
2026-06-03,листовой объект,Шкаф ОПС объект Вита,4767,8,0,1,0,0,0,0,0
2026-06-03,листовой объект,ДУ ПС объект Омега,5003,508,256,36,8,20,20,0,0
2026-06-03,листовой объект,Шкаф ОПС ПС объект Тау,5009,100,0,2,0,0,0,0,0
2026-06-03,листовой объект,ДУ объект Вита,5011,257,8,81,2,5,4,0,0
2026-06-03,листовой объект,объект Дельта,5113,70,0,22,0,0,0,0,0
2026-06-03,листовой объект,ДУ объект Альфа,5122,104177,103960,112,54,0,0,0,0
2026-06-03,листовой объект,ДП объект Альфа,5123,1686,0,17,0,0,0,0,0
2026-06-03,листовой объект,ДП объект Альфа 2 этаж,5124,1366,0,11,0,0,0,0,0
2026-06-03,листовой объект,объект Фита,5129,7,0,5,0,0,0,0,0
2026-06-03,листовой объект,ДП объект Зита,5132,41,0,4,0,0,0,0,0
2026-06-03,листовой объект,объект Йота ДУ,5218,20,0,10,0,0,0,0,0
2026-06-03,листовой объект,объект Кси ПК0-ПК202,5332,24,0,9,0,0,0,0,0
2026-06-03,листовой объект,ДУ объект Кси,5333,805,629,78,4,0,0,0,0
2026-06-03,листовой объект,ДП объект Кси,5336,398,0,8,0,0,0,0,0
2026-06-03,листовой объект,объект Пси,5339,508,0,3,0,0,0,0,0
2026-06-03,листовой объект,объект Кси ПК202-ПК302,5343,196,0,16,0,0,0,0,0
2026-06-03,листовой объект,объект Дзета ДУ,5578,8312,8310,26,25,0,0,0,0
2026-06-03,листовой объект,объект Дзета ОС,5580,13,0,6,0,0,0,0,0
2026-06-03,листовой объект,объект Зита ДУ,5591,70,70,1,1,0,0,0,0
2026-06-03,листовой объект,объект Каппа ДУ,5657,10896,10773,66,20,2,2,0,0
2026-06-03,листовой объект,объект Мю ДП,5674,3064,0,68,0,0,0,0,0
2026-06-03,листовой объект,объект Мю ДУ,5675,4507,4156,138,35,34,34,0,0
2026-06-03,листовой объект,объект Мю ОС,5676,598,0,115,0,0,0,0,0
2026-06-03,листовой объект,объект Мю ПС,5677,1680,0,647,0,0,0,0,0
2026-06-03,листовой объект,объект Мю шкафы,5678,15,0,6,0,0,0,0,0
2026-06-03,листовой объект,объект Гамма ОС,5961,312,0,26,0,0,0,0,0
2026-06-03,листовой объект,объект Гамма ПС,5962,5855,0,2,0,2927,2,0,0
2026-06-03,листовой объект,объект Гамма ДУ,5963,848,0,68,0,32,15,0,0
2026-06-03,листовой объект,объект Гамма шкафы,5966,2,0,1,0,0,0,0,0
2026-06-04,коллектор,объект Альфа,5,109414,104676,150,54,0,0,0,0
2026-06-04,коллектор,объект Бета,6,526,0,91,0,0,0,0,0
2026-06-04,коллектор,объект Гамма,7,7142,0,94,0,3176,4,0,0
2026-06-04,коллектор,Комплекс объект Дельта,8,3911,3242,183,17,0,0,0,0
2026-06-04,коллектор,объект Вита,9,5630,0,151,0,36,12,0,0
2026-06-04,коллектор,объект Эпсилон,11,15538,8924,227,33,6,6,0,0
2026-06-04,коллектор,объект Зита,12,8856,7988,170,24,1,1,0,0
2026-06-04,коллектор,объект Каппа,15,5170,4577,177,33,33,33,33,33
2026-06-04,коллектор,объект Йота,3218,3750,0,77,0,0,0,0,0
2026-06-04,коллектор,объект Тау,3355,8696,0,662,0,229,103,0,0
2026-06-04,коллектор,объект Омикрон,3359,6164,3205,123,17,0,0,0,0
2026-06-04,коллектор,объект Мю,3828,7628,4239,165,33,0,0,0,0
2026-06-04,коллектор,объект Сигма,4068,316,0,15,0,8,4,0,0
2026-06-04,коллектор,ПС объект Ро,4356,2640,2312,108,7,0,0,0,0
2026-06-04,коллектор,ПС объект Омега,4573,404,128,25,8,0,0,0,0
2026-06-04,коллектор,объект Кси,5327,1889,956,82,4,0,0,0,0
2026-06-04,листовой объект,объект Фита,20,64,0,27,0,0,0,0,0
2026-06-04,листовой объект,объект Вита,28,288,0,32,0,0,0,0,0
2026-06-04,листовой объект,объект Каппа ОС,42,318,0,53,0,0,0,0,0
2026-06-04,листовой объект,ДП объект Вита,99,4697,0,18,0,0,0,0,0
2026-06-04,листовой объект,ДП ПС объект Ро,108,22,0,3,0,0,0,0,0
2026-06-04,листовой объект,ДП объект Бета,111,276,0,54,0,0,0,0,0
2026-06-04,листовой объект,объект Бета,165,186,0,10,0,0,0,0,0
2026-06-04,листовой объект,объект Йота,3215,1824,0,45,0,0,0,0,0
2026-06-04,листовой объект,ДП объект Йота,3216,1858,0,6,0,0,0,0,0
2026-06-04,листовой объект,Шкаф ОПС объект Йота,3250,2,0,1,0,0,0,0,0
2026-06-04,листовой объект,ПС объект Тау,3356,8345,0,512,0,219,93,0,0
2026-06-04,листовой объект,ДУ объект Омикрон,3360,3367,3205,71,17,0,0,0,0
2026-06-04,листовой объект,ДУ объект Тау,3388,321,0,144,0,9,9,0,0
2026-06-04,листовой объект,ДП объект Эпсилон,3902,9547,3381,178,20,6,6,0,0
2026-06-04,листовой объект,Шкафы ОС объект Эпсилон,3903,2,0,1,0,0,0,0,0
2026-06-04,листовой объект,объект Эпсилон ОС,3904,131,0,18,0,0,0,0,0
2026-06-04,листовой объект,объект Пси ОС,3905,310,0,15,0,0,0,0,0
2026-06-04,листовой объект,объект Сигма,4069,6,0,2,0,0,0,0,0
2026-06-04,листовой объект,объект Хи,4095,1,0,1,0,0,0,0,0
2026-06-04,листовой объект,ДП объект Сигма,4177,310,0,13,0,8,4,0,0
2026-06-04,листовой объект,ДУ ПС объект Ро,4369,2478,2312,86,7,0,0,0,0
2026-06-04,листовой объект,объект Ро,4370,140,0,19,0,0,0,0,0
2026-06-04,листовой объект,объект Омикрон,4391,289,0,42,0,0,0,0,0
2026-06-04,листовой объект,ДП объект Омикрон,4392,2506,0,9,0,0,0,0,0
2026-06-04,листовой объект,ДУ объект Хи,4543,5547,5543,14,13,0,0,0,0
2026-06-04,листовой объект,ДП ПС объект Омега,4574,184,0,7,0,0,0,0,0
2026-06-04,листовой объект,ДУ объект Дельта,4610,3486,3242,115,17,0,0,0,0
2026-06-04,листовой объект,Шкаф ОПС объект Омикрон,4763,2,0,1,0,0,0,0,0
2026-06-04,листовой объект,ДУ ПС объект Омега,5003,220,128,18,8,0,0,0,0
2026-06-04,листовой объект,Шкаф ОПС ПС объект Тау,5009,30,0,6,0,1,1,0,0
2026-06-04,листовой объект,ДУ объект Вита,5011,645,0,101,0,36,12,0,0
2026-06-04,листовой объект,объект Дельта,5113,425,0,68,0,0,0,0,0
2026-06-04,листовой объект,ДУ объект Альфа,5122,104894,104676,110,54,0,0,0,0
2026-06-04,листовой объект,ДП объект Альфа,5123,1529,0,18,0,0,0,0,0
2026-06-04,листовой объект,ДП объект Альфа 2 этаж,5124,1848,0,19,0,0,0,0,0
2026-06-04,листовой объект,объект Фита,5129,146,0,23,0,0,0,0,0
2026-06-04,листовой объект,ДП объект Зита,5132,124,0,28,0,0,0,0,0
2026-06-04,листовой объект,объект Йота ДУ,5218,66,0,25,0,0,0,0,0
2026-06-04,листовой объект,объект Кси ПК0-ПК202,5332,35,0,10,0,0,0,0,0
2026-06-04,листовой объект,ДУ объект Кси,5333,1082,956,54,4,0,0,0,0
2026-06-04,листовой объект,ДП объект Кси,5336,622,0,11,0,0,0,0,0
2026-06-04,листовой объект,объект Пси,5339,1143,0,3,0,0,0,0,0
2026-06-04,листовой объект,объект Кси ПК202-ПК302,5343,150,0,7,0,0,0,0,0
2026-06-04,листовой объект,объект Каппа ПС,5567,41,0,1,0,0,0,0,0
2026-06-04,листовой объект,объект Дзета ДУ,5578,8043,7947,67,23,0,0,0,0
2026-06-04,листовой объект,объект Дзета ОС,5580,462,0,38,0,0,0,0,0
2026-06-04,листовой объект,объект Дзета ПС,5581,2,0,1,0,1,1,0,0
2026-06-04,листовой объект,объект Зита ОС,5582,18,0,6,0,0,0,0,0
2026-06-04,листовой объект,объект Зита ДУ,5591,45,41,3,1,0,0,0,0
2026-06-04,листовой объект,объект Дзета щит. ПК48 Г1 ПК5,5594,16,0,4,0,0,0,0,0
2026-06-04,листовой объект,объект Каппа ДУ,5657,4811,4577,123,33,33,33,33,33
2026-06-04,листовой объект,объект Мю ДП,5674,3018,0,17,0,0,0,0,0
2026-06-04,листовой объект,объект Мю ДУ,5675,4403,4239,110,33,0,0,0,0
2026-06-04,листовой объект,объект Мю ОС,5676,207,0,38,0,0,0,0,0
2026-06-04,листовой объект,объект Гамма ОС,5961,67,0,14,0,0,0,0,0
2026-06-04,листовой объект,объект Гамма ПС,5962,6350,0,3,0,3175,3,0,0
2026-06-04,листовой объект,объект Гамма ДУ,5963,725,0,77,0,1,1,0,0
2026-06-05,коллектор,объект Альфа,5,104817,101857,148,54,0,0,0,0
2026-06-05,коллектор,объект Бета,6,633,0,78,0,0,0,0,0
2026-06-05,коллектор,объект Гамма,7,11252,0,79,0,5297,3,0,0
2026-06-05,коллектор,Комплекс объект Дельта,8,4276,3761,143,16,16,8,0,0
2026-06-05,коллектор,объект Вита,9,4655,28,173,5,20,16,0,0
2026-06-05,коллектор,объект Эпсилон,11,17361,8288,323,32,17,13,0,0
2026-06-05,коллектор,объект Зита,12,8687,8088,100,26,0,0,0,0
2026-06-05,коллектор,объект Каппа,15,617,0,124,0,43,18,0,0
2026-06-05,коллектор,объект Йота,3218,3660,0,70,0,0,0,0,0
2026-06-05,коллектор,объект Тау,3355,325,0,123,0,0,0,0,0
2026-06-05,коллектор,объект Омикрон,3359,6632,3398,103,18,0,0,0,0
2026-06-05,коллектор,объект Мю,3828,7528,4286,171,35,1,1,0,0
2026-06-05,коллектор,объект Сигма,4068,34,0,6,0,0,0,0,0
2026-06-05,коллектор,ПС объект Ро,4356,1179,968,79,8,0,0,0,0
2026-06-05,коллектор,ПС объект Омега,4573,436,240,25,8,2,2,0,0
2026-06-05,коллектор,объект Кси,5327,2468,1065,110,4,0,0,0,0
2026-06-05,листовой объект,объект Фита,20,48,0,24,0,0,0,0,0
2026-06-05,листовой объект,объект Вита,28,385,0,35,0,0,0,0,0
2026-06-05,листовой объект,объект Каппа ОС,42,111,0,19,0,0,0,0,0
2026-06-05,листовой объект,ДП объект Вита,99,3736,0,15,0,0,0,0,0
2026-06-05,листовой объект,ДП ПС объект Ро,108,53,0,6,0,0,0,0,0
2026-06-05,листовой объект,ДП объект Бета,111,578,0,50,0,0,0,0,0
2026-06-05,листовой объект,объект Бета,165,7,0,4,0,0,0,0,0
2026-06-05,листовой объект,объект Йота,3215,1746,0,43,0,0,0,0,0
2026-06-05,листовой объект,ДП объект Йота,3216,1872,0,6,0,0,0,0,0
2026-06-05,листовой объект,ПС объект Тау,3356,199,0,60,0,0,0,0,0
2026-06-05,листовой объект,ДУ объект Омикрон,3360,3542,3398,67,18,0,0,0,0
2026-06-05,листовой объект,ДУ объект Тау,3388,122,0,61,0,0,0,0,0
2026-06-05,листовой объект,ДП объект Эпсилон,3902,10681,2388,212,20,17,13,0,0
2026-06-05,листовой объект,Шкафы ОС объект Эпсилон,3903,16,0,2,0,0,0,0,0
2026-06-05,листовой объект,объект Эпсилон ОС,3904,13,0,7,0,0,0,0,0
2026-06-05,листовой объект,объект Пси ОС,3905,243,0,20,0,0,0,0,0
2026-06-05,листовой объект,объект Сигма,4069,2,0,1,0,0,0,0,0
2026-06-05,листовой объект,объект Хи,4095,450,0,46,0,0,0,0,0
2026-06-05,листовой объект,ДП объект Сигма,4177,32,0,5,0,0,0,0,0
2026-06-05,листовой объект,ДУ ПС объект Ро,4369,1102,968,66,8,0,0,0,0
2026-06-05,листовой объект,объект Ро,4370,24,0,7,0,0,0,0,0
2026-06-05,листовой объект,объект Омикрон,4391,168,0,27,0,0,0,0,0
2026-06-05,листовой объект,ДП объект Омикрон,4392,2922,0,9,0,0,0,0,0
2026-06-05,листовой объект,Шкаф ОПС объект Хи,4541,8,0,4,0,0,0,0,0
2026-06-05,листовой объект,ДУ объект Хи,4543,5950,5900,32,12,0,0,0,0
2026-06-05,листовой объект,ДП ПС объект Омега,4574,24,0,5,0,0,0,0,0
2026-06-05,листовой объект,ДУ объект Дельта,4610,4085,3761,103,16,16,8,0,0
2026-06-05,листовой объект,Шкаф ОПС объект Вита,4767,14,0,2,0,0,0,0,0
2026-06-05,листовой объект,ДУ ПС объект Омега,5003,412,240,20,8,2,2,0,0
2026-06-05,листовой объект,Шкаф ОПС ПС объект Тау,5009,4,0,2,0,0,0,0,0
2026-06-05,листовой объект,ДУ объект Вита,5011,520,28,121,5,20,16,0,0
2026-06-05,листовой объект,объект Дельта,5113,191,0,40,0,0,0,0,0
2026-06-05,листовой объект,ДУ объект Альфа,5122,102054,101857,112,54,0,0,0,0
2026-06-05,листовой объект,ДП объект Альфа,5123,1193,0,18,0,0,0,0,0
2026-06-05,листовой объект,ДП объект Альфа 2 этаж,5124,994,0,15,0,0,0,0,0
2026-06-05,листовой объект,объект Фита,5129,87,0,4,0,0,0,0,0
2026-06-05,листовой объект,ДП объект Зита,5132,77,0,16,0,0,0,0,0
2026-06-05,листовой объект,объект Йота ДУ,5218,42,0,21,0,0,0,0,0
2026-06-05,листовой объект,объект Кси ПК0-ПК202,5332,47,0,14,0,0,0,0,0
2026-06-05,листовой объект,ДУ объект Кси,5333,1235,1065,76,4,0,0,0,0
2026-06-05,листовой объект,ДП объект Кси,5336,1008,0,11,0,0,0,0,0
2026-06-05,листовой объект,объект Пси,5339,574,0,2,0,0,0,0,0
2026-06-05,листовой объект,объект Пси шкаф ОПС,5340,2,0,1,0,0,0,0,0
2026-06-05,листовой объект,объект Кси ПК202-ПК302,5343,178,0,9,0,0,0,0,0
2026-06-05,листовой объект,объект Дзета ДУ,5578,8126,8054,59,25,0,0,0,0
2026-06-05,листовой объект,объект Дзета ОС,5580,339,0,15,0,0,0,0,0
2026-06-05,листовой объект,объект Дзета ПС,5581,20,0,4,0,0,0,0,0
2026-06-05,листовой объект,объект Зита ОС,5582,4,0,1,0,0,0,0,0
2026-06-05,листовой объект,объект Зита ДУ,5591,34,34,1,1,0,0,0,0
2026-06-05,листовой объект,объект Каппа ДУ,5657,506,0,105,0,43,18,0,0
2026-06-05,листовой объект,объект Мю ДП,5674,2750,0,16,0,0,0,0,0
2026-06-05,листовой объект,объект Мю ДУ,5675,4496,4286,111,35,1,1,0,0
2026-06-05,листовой объект,объект Мю ОС,5676,218,0,42,0,0,0,0,0
2026-06-05,листовой объект,объект Мю ПС,5677,62,0,1,0,0,0,0,0
2026-06-05,листовой объект,объект Мю шкафы,5678,2,0,1,0,0,0,0,0
2026-06-05,листовой объект,объект Гамма ОС,5961,18,0,5,0,0,0,0,0
2026-06-05,листовой объект,объект Гамма ПС,5962,10592,0,3,0,5297,3,0,0
2026-06-05,листовой объект,объект Гамма ДУ,5963,642,0,71,0,0,0,0,0
2026-06-06,коллектор,объект Альфа,5,103005,101163,119,54,0,0,0,0
2026-06-06,коллектор,объект Бета,6,12,0,12,0,0,0,0,0
2026-06-06,коллектор,объект Гамма,7,11061,0,9,0,5362,3,0,0
2026-06-06,коллектор,Комплекс объект Дельта,8,4575,4420,88,19,0,0,0,0
2026-06-06,коллектор,объект Вита,9,1522,0,67,0,3,3,0,0
2026-06-06,коллектор,объект Эпсилон,11,9917,7873,52,29,0,0,0,0
2026-06-06,коллектор,объект Зита,12,7950,7937,30,23,0,0,0,0
2026-06-06,коллектор,объект Каппа,15,383,0,92,0,9,2,0,0
2026-06-06,коллектор,объект Йота,3218,2950,0,51,0,0,0,0,0
2026-06-06,коллектор,объект Тау,3355,185,0,28,0,6,6,0,0
2026-06-06,коллектор,объект Омикрон,3359,4789,3225,81,41,9,9,0,0
2026-06-06,коллектор,объект Мю,3828,5257,4653,123,34,0,0,0,0
2026-06-06,коллектор,объект Сигма,4068,49,0,6,0,0,0,0,0
2026-06-06,коллектор,ПС объект Ро,4356,859,701,66,8,0,0,0,0
2026-06-06,коллектор,ПС объект Омега,4573,402,224,25,8,4,4,0,0
2026-06-06,коллектор,объект Кси,5327,664,524,9,3,0,0,0,0
2026-06-06,листовой объект,объект Фита,20,12,0,12,0,0,0,0,0
2026-06-06,листовой объект,объект Вита,28,35,0,9,0,0,0,0,0
2026-06-06,листовой объект,объект Каппа ОС,42,159,0,23,0,0,0,0,0
2026-06-06,листовой объект,ДП объект Вита,99,1360,0,7,0,0,0,0,0
2026-06-06,листовой объект,ДП ПС объект Ро,108,34,0,3,0,0,0,0,0
2026-06-06,листовой объект,объект Йота,3215,1782,0,35,0,0,0,0,0
2026-06-06,листовой объект,ДП объект Йота,3216,1148,0,6,0,0,0,0,0
2026-06-06,листовой объект,ПС объект Тау,3356,137,0,14,0,0,0,0,0
2026-06-06,листовой объект,ДУ объект Омикрон,3360,3318,3225,56,41,9,9,0,0
2026-06-06,листовой объект,ДУ объект Тау,3388,46,0,13,0,6,6,0,0
2026-06-06,листовой объект,ДП объект Эпсилон,3902,4525,2487,37,17,0,0,0,0
2026-06-06,листовой объект,объект Эпсилон ОС,3904,2,0,1,0,0,0,0,0
2026-06-06,листовой объект,объект Пси ОС,3905,2,0,1,0,0,0,0,0
2026-06-06,листовой объект,объект Сигма,4069,1,0,1,0,0,0,0,0
2026-06-06,листовой объект,ДП объект Сигма,4177,48,0,5,0,0,0,0,0
2026-06-06,листовой объект,ДУ ПС объект Ро,4369,799,701,55,8,0,0,0,0
2026-06-06,листовой объект,объект Ро,4370,20,0,7,0,0,0,0,0
2026-06-06,листовой объект,объект Омикрон,4391,65,0,17,0,0,0,0,0
2026-06-06,листовой объект,ДП объект Омикрон,4392,1400,0,7,0,0,0,0,0
2026-06-06,листовой объект,ДУ объект Хи,4543,5388,5386,13,12,0,0,0,0
2026-06-06,листовой объект,Шкаф ОПС ПС объект Ро,4569,6,0,1,0,0,0,0,0
2026-06-06,листовой объект,Шкаф ОПС ПС объект Омега,4577,2,0,1,0,0,0,0,0
2026-06-06,листовой объект,ДУ объект Дельта,4610,4538,4420,75,19,0,0,0,0
2026-06-06,листовой объект,Шкаф ОПС объект Омикрон,4763,6,0,1,0,0,0,0,0
2026-06-06,листовой объект,Шкаф ОПС объект Вита,4767,4,0,2,0,0,0,0,0
2026-06-06,листовой объект,ДУ ПС объект Омега,5003,400,224,24,8,4,4,0,0
2026-06-06,листовой объект,Шкаф ОПС ПС объект Тау,5009,2,0,1,0,0,0,0,0
2026-06-06,листовой объект,ДУ объект Вита,5011,123,0,49,0,3,3,0,0
2026-06-06,листовой объект,объект Дельта,5113,37,0,13,0,0,0,0,0
2026-06-06,листовой объект,ДУ объект Альфа,5122,101374,101163,104,54,0,0,0,0
2026-06-06,листовой объект,ДП объект Альфа,5123,1051,0,13,0,0,0,0,0
2026-06-06,листовой объект,объект Фита,5129,2,0,2,0,0,0,0,0
2026-06-06,листовой объект,объект Йота ДУ,5218,20,0,10,0,0,0,0,0
2026-06-06,листовой объект,ДУ объект Кси,5333,556,524,6,3,0,0,0,0
2026-06-06,листовой объект,объект Пси,5339,580,0,2,0,0,0,0,0
2026-06-06,листовой объект,объект Кси ПК202-ПК302,5343,108,0,3,0,0,0,0,0
2026-06-06,листовой объект,объект Дзета ДУ,5578,7893,7893,22,22,0,0,0,0
2026-06-06,листовой объект,объект Дзета ОС,5580,11,0,5,0,0,0,0,0
2026-06-06,листовой объект,объект Зита ДУ,5591,44,44,1,1,0,0,0,0
2026-06-06,листовой объект,объект Каппа ДУ,5657,224,0,69,0,9,2,0,0
2026-06-06,листовой объект,объект Мю ДП,5674,432,0,10,0,0,0,0,0
2026-06-06,листовой объект,объект Мю ДУ,5675,4767,4653,89,34,0,0,0,0
2026-06-06,листовой объект,объект Мю ОС,5676,56,0,23,0,0,0,0,0
2026-06-06,листовой объект,объект Мю шкафы,5678,2,0,1,0,0,0,0,0
2026-06-06,листовой объект,объект Гамма ОС,5961,2,0,1,0,0,0,0,0
2026-06-06,листовой объект,объект Гамма ПС,5962,10733,0,4,0,5362,3,0,0
2026-06-06,листовой объект,объект Гамма ДУ,5963,326,0,4,0,0,0,0,0
2026-06-07,коллектор,объект Альфа,5,102815,101277,127,54,0,0,0,0
2026-06-07,коллектор,объект Бета,6,23,0,22,0,0,0,0,0
2026-06-07,коллектор,объект Гамма,7,10689,0,7,0,5185,4,0,0
2026-06-07,коллектор,Комплекс объект Дельта,8,5673,5432,110,18,10,5,0,0
2026-06-07,коллектор,объект Вита,9,2260,0,70,0,0,0,0,0
2026-06-07,коллектор,объект Эпсилон,11,5474,3262,52,30,0,0,0,0
2026-06-07,коллектор,объект Зита,12,7630,7604,43,24,0,0,0,0
2026-06-07,коллектор,объект Каппа,15,405,0,116,0,22,18,0,0
2026-06-07,коллектор,объект Йота,3218,406,0,18,0,0,0,0,0
2026-06-07,коллектор,объект Тау,3355,27,0,14,0,0,0,0,0
2026-06-07,коллектор,объект Омикрон,3359,4138,3384,35,13,0,0,0,0
2026-06-07,коллектор,объект Мю,3828,4591,3884,128,34,0,0,0,0
2026-06-07,коллектор,объект Сигма,4068,236,0,5,0,0,0,0,0
2026-06-07,коллектор,ПС объект Ро,4356,1170,1007,70,9,0,0,0,0
2026-06-07,коллектор,ПС объект Омега,4573,429,256,20,8,0,0,0,0
2026-06-07,коллектор,объект Кси,5327,663,572,34,5,0,0,0,0
2026-06-07,листовой объект,объект Фита,20,20,0,19,0,0,0,0,0
2026-06-07,листовой объект,объект Вита,28,34,0,13,0,0,0,0,0
2026-06-07,листовой объект,объект Каппа ОС,42,149,0,33,0,0,0,0,0
2026-06-07,листовой объект,ДП объект Вита,99,2120,0,13,0,0,0,0,0
2026-06-07,листовой объект,ДП ПС объект Ро,108,39,0,5,0,0,0,0,0
2026-06-07,листовой объект,объект Бета,165,3,0,3,0,0,0,0,0
2026-06-07,листовой объект,объект Йота,3215,32,0,13,0,0,0,0,0
2026-06-07,листовой объект,ДП объект Йота,3216,372,0,4,0,0,0,0,0
2026-06-07,листовой объект,Шкаф ОПС объект Йота,3250,2,0,1,0,0,0,0,0
2026-06-07,листовой объект,ПС объект Тау,3356,21,0,11,0,0,0,0,0
2026-06-07,листовой объект,ДУ объект Омикрон,3360,3434,3384,17,13,0,0,0,0
2026-06-07,листовой объект,ДУ объект Тау,3388,4,0,2,0,0,0,0,0
2026-06-07,листовой объект,ДП объект Эпсилон,3902,5105,2907,29,17,0,0,0,0
2026-06-07,листовой объект,объект Эпсилон ОС,3904,4,0,3,0,0,0,0,0
2026-06-07,листовой объект,объект Пси ОС,3905,4,0,4,0,0,0,0,0
2026-06-07,листовой объект,объект Хи,4095,2,0,2,0,0,0,0,0
2026-06-07,листовой объект,ДП объект Сигма,4177,236,0,5,0,0,0,0,0
2026-06-07,листовой объект,ДУ ПС объект Ро,4369,1105,1007,56,9,0,0,0,0
2026-06-07,листовой объект,объект Ро,4370,22,0,7,0,0,0,0,0
2026-06-07,листовой объект,объект Омикрон,4391,40,0,10,0,0,0,0,0
2026-06-07,листовой объект,ДП объект Омикрон,4392,664,0,8,0,0,0,0,0
2026-06-07,листовой объект,ДУ объект Хи,4543,359,355,14,13,0,0,0,0
2026-06-07,листовой объект,Шкаф ОПС ПС объект Ро,4569,4,0,2,0,0,0,0,0
2026-06-07,листовой объект,ДП ПС объект Омега,4574,1,0,1,0,0,0,0,0
2026-06-07,листовой объект,ДУ объект Дельта,4610,5620,5432,93,18,10,5,0,0
2026-06-07,листовой объект,ДУ ПС объект Омега,5003,428,256,19,8,0,0,0,0
2026-06-07,листовой объект,Шкаф ОПС ПС объект Тау,5009,2,0,1,0,0,0,0,0
2026-06-07,листовой объект,ДУ объект Вита,5011,106,0,44,0,0,0,0,0
2026-06-07,листовой объект,объект Дельта,5113,53,0,17,0,0,0,0,0
2026-06-07,листовой объект,ДУ объект Альфа,5122,101483,101277,103,54,0,0,0,0
2026-06-07,листовой объект,ДП объект Альфа,5123,1053,0,15,0,0,0,0,0
2026-06-07,листовой объект,ДП объект Альфа 2 этаж,5124,5,0,5,0,0,0,0,0
2026-06-07,листовой объект,объект Фита,5129,8,0,8,0,0,0,0,0
2026-06-07,листовой объект,ДП объект Зита,5132,7,0,3,0,0,0,0,0
2026-06-07,листовой объект,объект Кси ПК0-ПК202,5332,18,0,6,0,0,0,0,0
2026-06-07,листовой объект,ДУ объект Кси,5333,634,572,25,5,0,0,0,0
2026-06-07,листовой объект,объект Пси,5339,266,0,2,0,0,0,0,0
2026-06-07,листовой объект,объект Пси шкаф ОПС,5340,8,0,2,0,0,0,0,0
2026-06-07,листовой объект,объект Кси ПК202-ПК302,5343,11,0,3,0,0,0,0,0
2026-06-07,листовой объект,объект Дзета ДУ,5578,7576,7574,24,23,0,0,0,0
2026-06-07,листовой объект,объект Дзета ОС,5580,8,0,6,0,0,0,0,0
2026-06-07,листовой объект,объект Зита ДУ,5591,30,30,1,1,0,0,0,0
2026-06-07,листовой объект,объект Дзета щит. ПК48 Г1 ПК5,5594,1,0,1,0,0,0,0,0
2026-06-07,листовой объект,объект Каппа ДУ,5657,256,0,83,0,22,18,0,0
2026-06-07,листовой объект,объект Мю ДП,5674,528,0,10,0,0,0,0,0
2026-06-07,листовой объект,объект Мю ДУ,5675,3996,3884,89,34,0,0,0,0
2026-06-07,листовой объект,объект Мю ОС,5676,65,0,28,0,0,0,0,0
2026-06-07,листовой объект,объект Мю шкафы,5678,2,0,1,0,0,0,0,0
2026-06-07,листовой объект,объект Гамма ПС,5962,10370,0,3,0,5184,3,0,0
2026-06-07,листовой объект,объект Гамма ДУ,5963,319,0,4,0,1,1,0,0
2026-06-08,коллектор,объект Альфа,5,106664,103287,194,54,0,0,0,0
2026-06-08,коллектор,объект Бета,6,269,0,65,0,0,0,0,0
2026-06-08,коллектор,объект Гамма,7,7418,0,76,0,3370,3,0,0
2026-06-08,коллектор,Комплекс объект Дельта,8,6066,5340,194,19,0,0,0,0
2026-06-08,коллектор,объект Вита,9,3728,0,112,0,0,0,0,0
2026-06-08,коллектор,объект Эпсилон,11,7170,3337,188,32,21,9,0,0
2026-06-08,коллектор,объект Зита,12,7477,7468,32,24,0,0,0,0
2026-06-08,коллектор,объект Каппа,15,716,0,120,0,1,1,0,0
2026-06-08,коллектор,объект Йота,3218,4829,0,84,0,0,0,0,0
2026-06-08,коллектор,объект Тау,3355,259,0,114,0,0,0,0,0
2026-06-08,коллектор,объект Омикрон,3359,10493,4431,60,12,0,0,0,0
2026-06-08,коллектор,объект Мю,3828,7949,4385,169,33,0,0,0,0
2026-06-08,коллектор,объект Сигма,4068,240,0,14,0,4,4,0,0
2026-06-08,коллектор,ПС объект Ро,4356,1875,1698,72,8,0,0,0,0
2026-06-08,коллектор,ПС объект Омега,4573,1811,288,96,8,1,1,0,0
2026-06-08,коллектор,объект Кси,5327,1348,718,130,5,12,12,0,0
2026-06-08,листовой объект,объект Фита,20,30,0,21,0,0,0,0,0
2026-06-08,листовой объект,объект Вита,28,97,0,23,0,0,0,0,0
2026-06-08,листовой объект,объект Каппа ОС,42,498,0,37,0,0,0,0,0
2026-06-08,листовой объект,ДП объект Вита,99,3467,0,15,0,0,0,0,0
2026-06-08,листовой объект,ДП ПС объект Ро,108,40,0,3,0,0,0,0,0
2026-06-08,листовой объект,ДП объект Бета,111,230,0,39,0,0,0,0,0
2026-06-08,листовой объект,объект Бета,165,9,0,5,0,0,0,0,0
2026-06-08,листовой объект,объект Йота,3215,2521,0,47,0,0,0,0,0
2026-06-08,листовой объект,ДП объект Йота,3216,2224,0,6,0,0,0,0,0
2026-06-08,листовой объект,Шкаф ОПС объект Йота,3250,6,0,1,0,0,0,0,0
2026-06-08,листовой объект,ПС объект Тау,3356,81,0,25,0,0,0,0,0
2026-06-08,листовой объект,ДУ объект Омикрон,3360,4511,4431,30,12,0,0,0,0
2026-06-08,листовой объект,ДУ объект Тау,3388,174,0,87,0,0,0,0,0
2026-06-08,листовой объект,ДП объект Эпсилон,3902,6817,3006,163,19,21,9,0,0
2026-06-08,листовой объект,объект Эпсилон ОС,3904,7,0,3,0,0,0,0,0
2026-06-08,листовой объект,объект Пси ОС,3905,7,0,4,0,0,0,0,0
2026-06-08,листовой объект,объект Сигма,4069,3,0,2,0,0,0,0,0
2026-06-08,листовой объект,объект Хи,4095,6,0,4,0,0,0,0,0
2026-06-08,листовой объект,ДП объект Сигма,4177,237,0,12,0,4,4,0,0
2026-06-08,листовой объект,ДУ ПС объект Ро,4369,1808,1698,62,8,0,0,0,0
2026-06-08,листовой объект,объект Ро,4370,27,0,7,0,0,0,0,0
2026-06-08,листовой объект,объект Омикрон,4391,291,0,19,0,0,0,0,0
2026-06-08,листовой объект,ДП объект Омикрон,4392,5689,0,10,0,0,0,0,0
2026-06-08,листовой объект,ДУ объект Хи,4543,333,331,14,13,0,0,0,0
2026-06-08,листовой объект,ДП ПС объект Омега,4574,1196,0,10,0,0,0,0,0
2026-06-08,листовой объект,Шкаф ОПС ПС объект Омега,4577,2,0,1,0,0,0,0,0
2026-06-08,листовой объект,ДУ объект Дельта,4610,5562,5340,115,19,0,0,0,0
2026-06-08,листовой объект,ПС объект Омега,4648,3,0,1,0,0,0,0,0
2026-06-08,листовой объект,Шкаф ОПС объект Омикрон,4763,2,0,1,0,0,0,0,0
2026-06-08,листовой объект,ДУ ПС объект Омега,5003,610,288,84,8,1,1,0,0
2026-06-08,листовой объект,Шкаф ОПС ПС объект Тау,5009,4,0,2,0,0,0,0,0
2026-06-08,листовой объект,ДУ объект Вита,5011,164,0,74,0,0,0,0,0
2026-06-08,листовой объект,объект Дельта,5113,504,0,79,0,0,0,0,0
2026-06-08,листовой объект,ДУ объект Альфа,5122,103594,103287,128,54,0,0,0,0
2026-06-08,листовой объект,ДП объект Альфа,5123,1326,0,16,0,0,0,0,0
2026-06-08,листовой объект,ДП объект Альфа 2 этаж,5124,1137,0,10,0,0,0,0,0
2026-06-08,листовой объект,объект Фита,5129,4,0,4,0,0,0,0,0
2026-06-08,листовой объект,объект Йота ДУ,5218,78,0,30,0,0,0,0,0
2026-06-08,листовой объект,объект Кси ПК0-ПК202,5332,86,0,25,0,0,0,0,0
2026-06-08,листовой объект,ДУ объект Кси,5333,940,718,71,5,12,12,0,0
2026-06-08,листовой объект,ДП объект Кси,5336,242,0,13,0,0,0,0,0
2026-06-08,листовой объект,"Шкаф ОПС, ДУ объект Кси",5338,6,0,2,0,0,0,0,0
2026-06-08,листовой объект,объект Пси,5339,607,0,40,0,0,0,0,0
2026-06-08,листовой объект,объект Кси ПК202-ПК302,5343,74,0,19,0,0,0,0,0
2026-06-08,листовой объект,объект Каппа ПС,5567,40,0,4,0,0,0,0,0
2026-06-08,листовой объект,объект Дзета ДУ,5578,7416,7416,23,23,0,0,0,0
2026-06-08,листовой объект,объект Дзета ОС,5580,5,0,4,0,0,0,0,0
2026-06-08,листовой объект,объект Зита ДУ,5591,52,52,1,1,0,0,0,0
2026-06-08,листовой объект,объект Каппа ДУ,5657,178,0,79,0,1,1,0,0
2026-06-08,листовой объект,объект Мю ДП,5674,2866,0,14,0,0,0,0,0
2026-06-08,листовой объект,объект Мю ДУ,5675,4617,4385,108,33,0,0,0,0
2026-06-08,листовой объект,объект Мю ОС,5676,236,0,38,0,0,0,0,0
2026-06-08,листовой объект,объект Мю ПС,5677,230,0,9,0,0,0,0,0
2026-06-08,листовой объект,объект Гамма ОС,5961,36,0,9,0,0,0,0,0
2026-06-08,листовой объект,объект Гамма ПС,5962,6739,0,4,0,3369,2,0,0
2026-06-08,листовой объект,объект Гамма ДУ,5963,643,0,63,0,1,1,0,0
2026-06-09,коллектор,объект Альфа,5,108462,105473,164,55,0,0,0,0
2026-06-09,коллектор,объект Бета,6,617,0,132,0,0,0,0,0
2026-06-09,коллектор,объект Гамма,7,6549,0,391,0,2616,25,0,0
2026-06-09,коллектор,Комплекс объект Дельта,8,5191,4672,133,21,0,0,0,0
2026-06-09,коллектор,объект Вита,9,12099,218,170,6,543,14,0,0
2026-06-09,коллектор,объект Эпсилон,11,9205,4142,247,35,0,0,0,0
2026-06-09,коллектор,объект Зита,12,7510,7283,42,21,0,0,0,0
2026-06-09,коллектор,объект Каппа,15,635,0,112,0,1,1,0,0
2026-06-09,коллектор,объект Йота,3218,6650,0,75,0,0,0,0,0
2026-06-09,коллектор,объект Тау,3355,6330,0,351,0,13,13,0,0
2026-06-09,коллектор,объект Омикрон,3359,8299,4623,105,19,0,0,0,0
2026-06-09,коллектор,объект Мю,3828,8178,4829,212,33,1,1,0,0
2026-06-09,коллектор,объект Сигма,4068,119,0,7,0,0,0,0,0
2026-06-09,коллектор,ПС объект Ро,4356,2428,2282,66,10,0,0,0,0
2026-06-09,коллектор,ПС объект Омега,4573,2345,256,59,8,33,16,0,0
2026-06-09,коллектор,объект Кси,5327,939,891,17,4,0,0,0,0
2026-06-09,листовой объект,объект Фита,20,162,0,40,0,0,0,0,0
2026-06-09,листовой объект,объект Вита,28,264,0,43,0,0,0,0,0
2026-06-09,листовой объект,объект Каппа ОС,42,343,0,34,0,0,0,0,0
2026-06-09,листовой объект,ДП объект Вита,99,4142,0,17,0,0,0,0,0
2026-06-09,листовой объект,ДП ПС объект Ро,108,26,0,3,0,0,0,0,0
2026-06-09,листовой объект,ДП объект Бета,111,394,0,77,0,0,0,0,0
2026-06-09,листовой объект,объект Бета,165,55,0,13,0,0,0,0,0
2026-06-09,листовой объект,объект Йота,3215,4938,0,47,0,0,0,0,0
2026-06-09,листовой объект,ДП объект Йота,3216,1650,0,5,0,0,0,0,0
2026-06-09,листовой объект,ПС объект Тау,3356,6017,0,231,0,1,1,0,0
2026-06-09,листовой объект,ДУ объект Омикрон,3360,4767,4623,67,19,0,0,0,0
2026-06-09,листовой объект,ДУ объект Тау,3388,276,0,118,0,12,12,0,0
2026-06-09,листовой объект,ДП объект Эпсилон,3902,8783,3831,189,22,0,0,0,0
2026-06-09,листовой объект,объект Эпсилон ОС,3904,28,0,13,0,0,0,0,0
2026-06-09,листовой объект,объект Пси ОС,3905,65,0,24,0,0,0,0,0
2026-06-09,листовой объект,объект Хи,4095,6,0,3,0,0,0,0,0
2026-06-09,листовой объект,ДП объект Сигма,4177,119,0,7,0,0,0,0,0
2026-06-09,листовой объект,ДУ ПС объект Ро,4369,2378,2282,57,10,0,0,0,0
2026-06-09,листовой объект,объект Ро,4370,24,0,6,0,0,0,0,0
2026-06-09,листовой объект,объект Омикрон,4391,192,0,28,0,0,0,0,0
2026-06-09,листовой объект,ДП объект Омикрон,4392,3338,0,9,0,0,0,0,0
2026-06-09,листовой объект,ДУ объект Хи,4543,323,311,18,13,0,0,0,0
2026-06-09,листовой объект,ДП ПС объект Омега,4574,1746,0,12,0,0,0,0,0
2026-06-09,листовой объект,ДУ объект Дельта,4610,4866,4672,100,21,0,0,0,0
2026-06-09,листовой объект,ПС объект Омега,4648,40,0,7,0,0,0,0,0
2026-06-09,листовой объект,Шкаф ОПС объект Омикрон,4763,2,0,1,0,0,0,0,0
2026-06-09,листовой объект,Шкаф ОПС объект Бета,4765,6,0,2,0,0,0,0,0
2026-06-09,листовой объект,ДУ ПС объект Омега,5003,559,256,40,8,33,16,0,0
2026-06-09,листовой объект,Шкаф ОПС ПС объект Тау,5009,37,0,2,0,0,0,0,0
2026-06-09,листовой объект,ДУ объект Вита,5011,7693,218,110,6,543,14,0,0
2026-06-09,листовой объект,объект Дельта,5113,325,0,33,0,0,0,0,0
2026-06-09,листовой объект,ДУ объект Альфа,5122,105775,105473,121,55,0,0,0,0
2026-06-09,листовой объект,ДП объект Альфа,5123,1126,0,15,0,0,0,0,0
2026-06-09,листовой объект,ДП объект Альфа 2 этаж,5124,1109,0,10,0,0,0,0,0
2026-06-09,листовой объект,ДП объект Зита,5132,50,0,11,0,0,0,0,0
2026-06-09,листовой объект,объект Йота ДУ,5218,62,0,23,0,0,0,0,0
2026-06-09,листовой объект,объект Кси ПК0-ПК202,5332,18,0,7,0,0,0,0,0
2026-06-09,листовой объект,ДУ объект Кси,5333,919,891,8,4,0,0,0,0
2026-06-09,листовой объект,объект Пси,5339,452,0,18,0,0,0,0,0
2026-06-09,листовой объект,объект Кси ПК202-ПК302,5343,2,0,2,0,0,0,0,0
2026-06-09,листовой объект,объект Дзета ДУ,5578,7389,7239,23,20,0,0,0,0
2026-06-09,листовой объект,объект Дзета ОС,5580,6,0,5,0,0,0,0,0
2026-06-09,листовой объект,объект Зита ОС,5582,1,0,1,0,0,0,0,0
2026-06-09,листовой объект,объект Зита ДУ,5591,64,44,2,1,0,0,0,0
2026-06-09,листовой объект,объект Каппа ДУ,5657,292,0,78,0,1,1,0,0
2026-06-09,листовой объект,объект Мю ДП,5674,2842,0,15,0,0,0,0,0
2026-06-09,листовой объект,объект Мю ДУ,5675,5012,4829,121,33,1,1,0,0
2026-06-09,листовой объект,объект Мю ОС,5676,324,0,76,0,0,0,0,0
2026-06-09,листовой объект,объект Гамма ОС,5961,136,0,36,0,0,0,0,0
2026-06-09,листовой объект,объект Гамма ПС,5962,5683,0,244,0,2589,2,0,0
2026-06-09,листовой объект,объект Гамма ДУ,5963,728,0,110,0,27,23,0,0
2026-06-09,листовой объект,объект Гамма шкафы,5966,2,0,1,0,0,0,0,0
2026-06-10,коллектор,объект Альфа,5,109082,104957,133,54,0,0,0,0
2026-06-10,коллектор,объект Бета,6,51,0,29,0,0,0,0,0
2026-06-10,коллектор,объект Гамма,7,6053,0,113,0,2416,2,0,0
2026-06-10,коллектор,Комплекс объект Дельта,8,5076,4434,145,20,1,1,0,0
2026-06-10,коллектор,объект Вита,9,4165,0,107,0,0,0,0,0
2026-06-10,коллектор,объект Эпсилон,11,8207,3955,90,37,0,0,0,0
2026-06-10,коллектор,объект Зита,12,8284,7934,122,24,0,0,0,0
2026-06-10,коллектор,объект Каппа,15,781,0,111,0,4,2,0,0
2026-06-10,коллектор,объект Йота,3218,4751,0,69,0,0,0,0,0
2026-06-10,коллектор,объект Тау,3355,9098,0,363,0,38,12,0,0
2026-06-10,коллектор,объект Омикрон,3359,9668,4798,151,18,0,0,0,0
2026-06-10,коллектор,объект Мю,3828,10465,5369,1268,28,1,1,0,0
2026-06-10,коллектор,объект Сигма,4068,204,0,29,0,0,0,0,0
2026-06-10,коллектор,ПС объект Ро,4356,2657,2348,140,10,0,0,0,0
2026-06-10,коллектор,ПС объект Омега,4573,2400,208,203,8,0,0,0,0
2026-06-10,коллектор,объект Кси,5327,2017,1761,71,5,3,3,0,0
2026-06-10,листовой объект,объект Фита,20,10,0,9,0,0,0,0,0
2026-06-10,листовой объект,объект Вита,28,73,0,22,0,0,0,0,0
2026-06-10,листовой объект,объект Каппа ОС,42,519,0,27,0,0,0,0,0
2026-06-10,листовой объект,ДП объект Вита,99,3922,0,14,0,0,0,0,0
2026-06-10,листовой объект,ДП ПС объект Ро,108,37,0,4,0,0,0,0,0
2026-06-10,листовой объект,ДП объект Бета,111,30,0,13,0,0,0,0,0
2026-06-10,листовой объект,объект Бета,165,11,0,7,0,0,0,0,0
2026-06-10,листовой объект,объект Йота,3215,3355,0,48,0,0,0,0,0
2026-06-10,листовой объект,ДП объект Йота,3216,1364,0,6,0,0,0,0,0
2026-06-10,листовой объект,ПС объект Тау,3356,8851,0,266,0,35,11,0,0
2026-06-10,листовой объект,ДУ объект Омикрон,3360,4970,4798,78,18,0,0,0,0
2026-06-10,листовой объект,ДУ объект Тау,3388,206,0,96,0,0,0,0,0
2026-06-10,листовой объект,ДП объект Эпсилон,3902,7812,3574,66,23,0,0,0,0
2026-06-10,листовой объект,объект Эпсилон ОС,3904,4,0,3,0,0,0,0,0
2026-06-10,листовой объект,объект Пси ОС,3905,4,0,3,0,0,0,0,0
2026-06-10,листовой объект,объект Сигма,4069,36,0,9,0,0,0,0,0
2026-06-10,листовой объект,объект Хи,4095,4,0,3,0,0,0,0,0
2026-06-10,листовой объект,ДП объект Сигма,4177,168,0,20,0,0,0,0,0
2026-06-10,листовой объект,ДУ ПС объект Ро,4369,2550,2348,110,10,0,0,0,0
2026-06-10,листовой объект,объект Ро,4370,70,0,26,0,0,0,0,0
2026-06-10,листовой объект,объект Омикрон,4391,654,0,62,0,0,0,0,0
2026-06-10,листовой объект,ДП объект Омикрон,4392,4044,0,11,0,0,0,0,0
2026-06-10,листовой объект,ДУ объект Хи,4543,383,381,15,14,0,0,0,0
2026-06-10,листовой объект,ДП ПС объект Омега,4574,1678,0,14,0,0,0,0,0
2026-06-10,листовой объект,ДУ объект Дельта,4610,4678,4434,99,20,1,1,0,0
2026-06-10,листовой объект,ПС объект Омега,4648,126,0,45,0,0,0,0,0
2026-06-10,листовой объект,ДУ ПС объект Омега,5003,596,208,144,8,0,0,0,0
2026-06-10,листовой объект,Шкаф ОПС ПС объект Тау,5009,41,0,1,0,3,1,0,0
2026-06-10,листовой объект,ДУ объект Вита,5011,170,0,71,0,0,0,0,0
2026-06-10,листовой объект,объект Дельта,5113,398,0,46,0,0,0,0,0
2026-06-10,листовой объект,ДУ объект Альфа,5122,105187,104957,99,54,0,0,0,0
2026-06-10,листовой объект,ДП объект Альфа,5123,2270,0,19,0,0,0,0,0
2026-06-10,листовой объект,ДП объект Альфа 2 этаж,5124,1321,0,13,0,0,0,0,0
2026-06-10,листовой объект,объект Фита,5129,90,0,22,0,0,0,0,0
2026-06-10,листовой объект,ДП объект Зита,5132,55,0,15,0,0,0,0,0
2026-06-10,листовой объект,объект Йота ДУ,5218,32,0,15,0,0,0,0,0
2026-06-10,листовой объект,объект Кси ПК0-ПК202,5332,36,0,13,0,0,0,0,0
2026-06-10,листовой объект,ДУ объект Кси,5333,1859,1761,35,5,3,3,0,0
2026-06-10,листовой объект,ДП объект Кси,5336,80,0,11,0,0,0,0,0
2026-06-10,листовой объект,"Шкаф ОПС, ДУ объект Кси",5338,6,0,2,0,0,0,0,0
2026-06-10,листовой объект,объект Пси,5339,304,0,2,0,0,0,0,0
2026-06-10,листовой объект,объект Кси ПК202-ПК302,5343,36,0,10,0,0,0,0,0
2026-06-10,листовой объект,объект Каппа ПС,5567,4,0,2,0,0,0,0,0
2026-06-10,листовой объект,объект Дзета ДУ,5578,7965,7907,45,23,0,0,0,0
2026-06-10,листовой объект,объект Дзета ОС,5580,84,0,23,0,0,0,0,0
2026-06-10,листовой объект,объект Зита ОС,5582,28,0,7,0,0,0,0,0
2026-06-10,листовой объект,объект Зита ПС,5583,8,0,2,0,0,0,0,0
2026-06-10,листовой объект,объект Зита ДУ,5591,45,27,5,1,0,0,0,0
2026-06-10,листовой объект,объект Зита шкафы,5593,9,0,3,0,0,0,0,0
2026-06-10,листовой объект,объект Каппа ДУ,5657,258,0,82,0,4,2,0,0
2026-06-10,листовой объект,объект Мю ДП,5674,2524,0,68,0,0,0,0,0
2026-06-10,листовой объект,объект Мю ДУ,5675,5553,5369,106,28,1,1,0,0
2026-06-10,листовой объект,объект Мю ОС,5676,396,0,102,0,0,0,0,0
2026-06-10,листовой объект,объект Мю ПС,5677,1970,0,985,0,0,0,0,0
2026-06-10,листовой объект,объект Мю шкафы,5678,22,0,7,0,0,0,0,0
2026-06-10,листовой объект,объект Гамма ОС,5961,814,0,70,0,0,0,0,0
2026-06-10,листовой объект,объект Гамма ПС,5962,4843,0,3,0,2415,1,0,0
2026-06-10,листовой объект,объект Гамма ДУ,5963,396,0,40,0,1,1,0,0
2026-06-11,коллектор,объект Альфа,5,112577,109283,159,54,0,0,0,0
2026-06-11,коллектор,объект Бета,6,55,0,32,0,0,0,0,0
2026-06-11,коллектор,объект Гамма,7,4500,67,358,26,1721,87,0,0
2026-06-11,коллектор,Комплекс объект Дельта,8,4869,4257,159,20,15,7,0,0
2026-06-11,коллектор,объект Вита,9,2844,0,91,0,0,0,0,0
2026-06-11,коллектор,объект Эпсилон,11,8495,4786,122,36,0,0,0,0
2026-06-11,коллектор,объект Зита,12,9478,9328,59,24,0,0,0,0
2026-06-11,коллектор,объект Каппа,15,1304,0,180,0,57,20,0,0
2026-06-11,коллектор,объект Йота,3218,6868,0,76,0,0,0,0,0
2026-06-11,коллектор,объект Тау,3355,445,0,197,0,0,0,0,0
2026-06-11,коллектор,объект Омикрон,3359,7126,2685,82,13,17,12,0,0
2026-06-11,коллектор,объект Мю,3828,7905,5453,168,28,13,13,0,0
2026-06-11,коллектор,объект Сигма,4068,32,0,6,0,0,0,0,0
2026-06-11,коллектор,ПС объект Ро,4356,3980,3813,75,10,0,0,0,0
2026-06-11,коллектор,ПС объект Омега,4573,3051,224,130,8,61,18,0,0
2026-06-11,коллектор,объект Кси,5327,3369,3065,61,5,0,0,0,0
2026-06-11,листовой объект,объект Фита,20,14,0,14,0,0,0,0,0
2026-06-11,листовой объект,объект Вита,28,31,0,13,0,0,0,0,0
2026-06-11,листовой объект,объект Каппа ОС,42,756,0,57,0,0,0,0,0
2026-06-11,листовой объект,ДП объект Вита,99,2665,0,15,0,0,0,0,0
2026-06-11,листовой объект,ДП ПС объект Ро,108,29,0,4,0,0,0,0,0
2026-06-11,листовой объект,ДП объект Бета,111,32,0,13,0,0,0,0,0
2026-06-11,листовой объект,объект Бета,165,9,0,5,0,0,0,0,0
2026-06-11,листовой объект,объект Йота,3215,4354,0,53,0,0,0,0,0
2026-06-11,листовой объект,ДП объект Йота,3216,2466,0,5,0,0,0,0,0
2026-06-11,листовой объект,Шкаф ОПС объект Йота,3250,2,0,1,0,0,0,0,0
2026-06-11,листовой объект,ПС объект Тау,3356,185,0,68,0,0,0,0,0
2026-06-11,листовой объект,ДУ объект Омикрон,3360,2847,2685,44,13,17,12,0,0
2026-06-11,листовой объект,ДУ объект Тау,3388,260,0,129,0,0,0,0,0
2026-06-11,листовой объект,ДП объект Эпсилон,3902,7989,4395,65,23,0,0,0,0
2026-06-11,листовой объект,объект Эпсилон ОС,3904,3,0,3,0,0,0,0,0
2026-06-11,листовой объект,объект Пси ОС,3905,2,0,2,0,0,0,0,0
2026-06-11,листовой объект,объект Сигма,4069,2,0,2,0,0,0,0,0
2026-06-11,листовой объект,объект Хи,4095,68,0,19,0,0,0,0,0
2026-06-11,листовой объект,ДП объект Сигма,4177,30,0,4,0,0,0,0,0
2026-06-11,листовой объект,ДУ ПС объект Ро,4369,3909,3813,58,10,0,0,0,0
2026-06-11,листовой объект,объект Ро,4370,42,0,13,0,0,0,0,0
2026-06-11,листовой объект,объект Омикрон,4391,478,0,25,0,0,0,0,0
2026-06-11,листовой объект,ДП объект Омикрон,4392,3795,0,12,0,0,0,0,0
2026-06-11,листовой объект,ДУ объект Хи,4543,433,391,33,13,0,0,0,0
2026-06-11,листовой объект,ДП ПС объект Омега,4574,2073,0,12,0,0,0,0,0
2026-06-11,листовой объект,Шкаф ОПС ПС объект Омега,4577,2,0,1,0,0,0,0,0
2026-06-11,листовой объект,ДУ объект Дельта,4610,4623,4257,118,20,15,7,0,0
2026-06-11,листовой объект,ПС объект Омега,4648,98,0,4,0,0,0,0,0
2026-06-11,листовой объект,Шкаф ОПС объект Омикрон,4763,6,0,1,0,0,0,0,0
2026-06-11,листовой объект,ДУ ПС объект Омега,5003,878,224,113,8,61,18,0,0
2026-06-11,листовой объект,ДУ объект Вита,5011,148,0,63,0,0,0,0,0
2026-06-11,листовой объект,объект Дельта,5113,246,0,41,0,0,0,0,0
2026-06-11,листовой объект,ДУ объект Альфа,5122,109537,109283,114,54,0,0,0,0
2026-06-11,листовой объект,ДП объект Альфа,5123,1744,0,17,0,0,0,0,0
2026-06-11,листовой объект,ДП объект Альфа 2 этаж,5124,886,0,11,0,0,0,0,0
2026-06-11,листовой объект,объект Фита,5129,4,0,4,0,0,0,0,0
2026-06-11,листовой объект,ДП объект Зита,5132,25,0,3,0,0,0,0,0
2026-06-11,листовой объект,объект Йота ДУ,5218,46,0,17,0,0,0,0,0
2026-06-11,листовой объект,объект Кси ПК0-ПК202,5332,39,0,10,0,0,0,0,0
2026-06-11,листовой объект,ДУ объект Кси,5333,3147,3065,36,5,0,0,0,0
2026-06-11,листовой объект,ДП объект Кси,5336,172,0,11,0,0,0,0,0
2026-06-11,листовой объект,объект Пси,5339,401,0,14,0,0,0,0,0
2026-06-11,листовой объект,объект Пси шкаф ОПС,5340,9,0,3,0,0,0,0,0
2026-06-11,листовой объект,объект Кси ПК202-ПК302,5343,11,0,4,0,0,0,0,0
2026-06-11,листовой объект,объект Каппа ПС,5567,50,0,20,0,0,0,0,0
2026-06-11,листовой объект,объект Каппа шкафы,5574,2,0,1,0,0,0,0,0
2026-06-11,листовой объект,объект Дзета ДУ,5578,9312,9288,35,23,0,0,0,0
2026-06-11,листовой объект,объект Дзета ОС,5580,42,0,10,0,0,0,0,0
2026-06-11,листовой объект,объект Зита ДУ,5591,54,40,2,1,0,0,0,0
2026-06-11,листовой объект,объект Дзета щит. ПК48 Г1 ПК5,5594,41,0,5,0,0,0,0,0
2026-06-11,листовой объект,объект Каппа ДУ,5657,496,0,102,0,57,20,0,0
2026-06-11,листовой объект,объект Мю ДП,5674,1894,0,16,0,0,0,0,0
2026-06-11,листовой объект,объект Мю ДУ,5675,5643,5453,100,28,13,13,0,0
2026-06-11,листовой объект,объект Мю ОС,5676,360,0,48,0,0,0,0,0
2026-06-11,листовой объект,объект Мю ПС,5677,4,0,2,0,0,0,0,0
2026-06-11,листовой объект,объект Мю шкафы,5678,4,0,2,0,0,0,0,0
2026-06-11,листовой объект,объект Гамма ОС,5961,86,0,14,0,0,0,0,0
2026-06-11,листовой объект,объект Гамма ПС,5962,3876,0,273,0,1699,68,0,0
2026-06-11,листовой объект,объект Гамма ДУ,5963,521,67,67,26,22,19,0,0
2026-06-11,листовой объект,объект Гамма шкафы,5966,17,0,4,0,0,0,0,0
2026-06-12,коллектор,объект Альфа,5,112009,110644,122,54,0,0,0,0
2026-06-12,коллектор,объект Бета,6,20,0,19,0,0,0,0,0
2026-06-12,коллектор,объект Гамма,7,646,0,63,0,3,3,0,0
2026-06-12,коллектор,Комплекс объект Дельта,8,4202,3962,112,23,0,0,0,0
2026-06-12,коллектор,объект Вита,9,1430,0,85,0,0,0,0,0
2026-06-12,коллектор,объект Эпсилон,11,4589,3243,131,91,13,13,0,0
2026-06-12,коллектор,объект Зита,12,9005,8981,37,24,0,0,0,0
2026-06-12,коллектор,объект Каппа,15,265,0,90,0,1,1,0,0
2026-06-12,коллектор,объект Йота,3218,526,0,18,0,0,0,0,0
2026-06-12,коллектор,объект Тау,3355,2575,0,145,0,0,0,0,0
2026-06-12,коллектор,объект Омикрон,3359,6073,3845,66,41,0,0,0,0
2026-06-12,коллектор,объект Мю,3828,7040,6310,136,29,0,0,0,0
2026-06-12,коллектор,объект Сигма,4068,493,0,16,0,0,0,0,0
2026-06-12,коллектор,ПС объект Ро,4356,3519,3351,67,9,0,0,0,0
2026-06-12,коллектор,ПС объект Омега,4573,757,288,61,8,29,10,0,0
2026-06-12,коллектор,объект Кси,5327,4951,4797,31,5,24,12,0,0
2026-06-12,листовой объект,объект Фита,20,17,0,17,0,0,0,0,0
2026-06-12,листовой объект,объект Вита,28,71,0,14,0,0,0,0,0
2026-06-12,листовой объект,объект Каппа ОС,42,79,0,21,0,0,0,0,0
2026-06-12,листовой объект,ДП объект Вита,99,1219,0,7,0,0,0,0,0
2026-06-12,листовой объект,ДП ПС объект Ро,108,50,0,3,0,0,0,0,0
2026-06-12,листовой объект,объект Бета,165,3,0,2,0,0,0,0,0
2026-06-12,листовой объект,объект Йота,3215,42,0,15,0,0,0,0,0
2026-06-12,листовой объект,ДП объект Йота,3216,484,0,3,0,0,0,0,0
2026-06-12,листовой объект,ПС объект Тау,3356,2517,0,128,0,0,0,0,0
2026-06-12,листовой объект,ДУ объект Омикрон,3360,3886,3845,45,41,0,0,0,0
2026-06-12,листовой объект,ДУ объект Тау,3388,30,0,15,0,0,0,0,0
2026-06-12,листовой объект,ДП объект Эпсилон,3902,4287,2957,108,79,13,13,0,0
2026-06-12,листовой объект,Шкафы ОС объект Эпсилон,3903,4,0,1,0,0,0,0,0
2026-06-12,листовой объект,объект Эпсилон ОС,3904,3,0,3,0,0,0,0,0
2026-06-12,листовой объект,объект Пси ОС,3905,5,0,4,0,0,0,0,0
2026-06-12,листовой объект,объект Сигма,4069,11,0,5,0,0,0,0,0
2026-06-12,листовой объект,объект Хи,4095,2,0,2,0,0,0,0,0
2026-06-12,листовой объект,ДП объект Сигма,4177,482,0,11,0,0,0,0,0
2026-06-12,листовой объект,ДУ ПС объект Ро,4369,3445,3351,56,9,0,0,0,0
2026-06-12,листовой объект,объект Ро,4370,24,0,8,0,0,0,0,0
2026-06-12,листовой объект,объект Омикрон,4391,45,0,14,0,0,0,0,0
2026-06-12,листовой объект,ДП объект Омикрон,4392,2140,0,6,0,0,0,0,0
2026-06-12,листовой объект,ДУ объект Хи,4543,288,286,13,12,0,0,0,0
2026-06-12,листовой объект,Шкаф ОПС ПС объект Омега,4577,6,0,1,0,0,0,0,0
2026-06-12,листовой объект,ДУ объект Дельта,4610,4094,3962,87,23,0,0,0,0
2026-06-12,листовой объект,ПС объект Омега,4648,80,0,8,0,0,0,0,0
2026-06-12,листовой объект,Шкаф ОПС объект Омикрон,4763,2,0,1,0,0,0,0,0
2026-06-12,листовой объект,ДУ ПС объект Омега,5003,671,288,52,8,29,10,0,0
2026-06-12,листовой объект,Шкаф ОПС ПС объект Тау,5009,28,0,2,0,0,0,0,0
2026-06-12,листовой объект,ДУ объект Вита,5011,140,0,64,0,0,0,0,0
2026-06-12,листовой объект,объект Дельта,5113,108,0,25,0,0,0,0,0
2026-06-12,листовой объект,ДУ объект Альфа,5122,110896,110644,104,54,0,0,0,0
2026-06-12,листовой объект,ДП объект Альфа,5123,886,0,14,0,0,0,0,0
2026-06-12,листовой объект,ДП объект Альфа 2 этаж,5124,1,0,1,0,0,0,0,0
2026-06-12,листовой объект,объект Фита,5129,4,0,4,0,0,0,0,0
2026-06-12,листовой объект,ДП объект Зита,5132,1,0,1,0,0,0,0,0
2026-06-12,листовой объект,объект Кси ПК0-ПК202,5332,8,0,7,0,0,0,0,0
2026-06-12,листовой объект,ДУ объект Кси,5333,4916,4797,23,5,24,12,0,0
2026-06-12,листовой объект,объект Пси,5339,226,0,3,0,0,0,0,0
2026-06-12,листовой объект,объект Кси ПК202-ПК302,5343,27,0,1,0,0,0,0,0
2026-06-12,листовой объект,объект Каппа ПС,5567,28,0,1,0,0,0,0,0
2026-06-12,листовой объект,объект Дзета ДУ,5578,8973,8973,23,23,0,0,0,0
2026-06-12,листовой объект,объект Дзета ОС,5580,10,0,7,0,0,0,0,0
2026-06-12,листовой объект,объект Зита ДУ,5591,17,8,2,1,0,0,0,0
2026-06-12,листовой объект,объект Каппа ДУ,5657,158,0,68,0,1,1,0,0
2026-06-12,листовой объект,объект Мю ДП,5674,444,0,9,0,0,0,0,0
2026-06-12,листовой объект,объект Мю ДУ,5675,6447,6310,95,29,0,0,0,0
2026-06-12,листовой объект,объект Мю ОС,5676,141,0,31,0,0,0,0,0
2026-06-12,листовой объект,объект Мю ПС,5677,8,0,1,0,0,0,0,0
2026-06-12,листовой объект,объект Гамма ОС,5961,41,0,7,0,0,0,0,0
2026-06-12,листовой объект,объект Гамма ПС,5962,33,0,3,0,2,2,0,0
2026-06-12,листовой объект,объект Гамма ДУ,5963,570,0,52,0,1,1,0,0
2026-06-12,листовой объект,объект Гамма шкафы,5966,2,0,1,0,0,0,0,0
2026-06-13,коллектор,объект Альфа,5,111966,110834,117,55,0,0,0,0
2026-06-13,коллектор,объект Бета,6,128,0,24,0,0,0,0,0
2026-06-13,коллектор,объект Гамма,7,563,0,69,0,1,1,0,0
2026-06-13,коллектор,Комплекс объект Дельта,8,3682,3341,113,23,31,13,0,0
2026-06-13,коллектор,объект Вита,9,1764,0,72,0,0,0,0,0
2026-06-13,коллектор,объект Эпсилон,11,7148,4776,70,40,4,3,0,0
2026-06-13,коллектор,объект Зита,12,9636,9395,56,23,22,11,0,0
2026-06-13,коллектор,объект Каппа,15,685,0,124,0,33,18,0,0
2026-06-13,коллектор,объект Йота,3218,2716,0,48,0,0,0,0,0
2026-06-13,коллектор,объект Тау,3355,516,0,165,0,67,66,0,0
2026-06-13,коллектор,объект Омикрон,3359,5467,4237,45,17,1,1,0,0
2026-06-13,коллектор,объект Мю,3828,9141,8298,139,28,17,16,0,0
2026-06-13,коллектор,объект Сигма,4068,155,0,9,0,0,0,0,0
2026-06-13,коллектор,ПС объект Ро,4356,2516,2484,20,10,0,0,0,0
2026-06-13,коллектор,ПС объект Омега,4573,463,256,30,8,0,0,0,0
2026-06-13,коллектор,объект Кси,5327,5387,5223,32,4,0,0,0,0
2026-06-13,листовой объект,объект Фита,20,123,0,20,0,0,0,0,0
2026-06-13,листовой объект,объект Вита,28,72,0,15,0,0,0,0,0
2026-06-13,листовой объект,объект Каппа ОС,42,221,0,31,0,0,0,0,0
2026-06-13,листовой объект,ДП объект Вита,99,1388,0,8,0,0,0,0,0
2026-06-13,листовой объект,ДП ПС объект Ро,108,6,0,2,0,0,0,0,0
2026-06-13,листовой объект,объект Бета,165,3,0,3,0,0,0,0,0
2026-06-13,листовой объект,объект Йота,3215,1256,0,24,0,0,0,0,0
2026-06-13,листовой объект,ДП объект Йота,3216,1412,0,4,0,0,0,0,0
2026-06-13,листовой объект,Шкаф ОПС объект Йота,3250,12,0,3,0,0,0,0,0
2026-06-13,листовой объект,ПС объект Тау,3356,374,0,114,0,55,54,0,0
2026-06-13,листовой объект,ДУ объект Омикрон,3360,4291,4237,21,17,1,1,0,0
2026-06-13,листовой объект,ДУ объект Тау,3388,132,0,48,0,12,12,0,0
2026-06-13,листовой объект,ДП объект Эпсилон,3902,6084,3760,44,26,1,1,0,0
2026-06-13,листовой объект,объект Эпсилон ОС,3904,1,0,1,0,0,0,0,0
2026-06-13,листовой объект,объект Пси ОС,3905,4,0,3,0,0,0,0,0
2026-06-13,листовой объект,объект Сигма,4069,2,0,2,0,0,0,0,0
2026-06-13,листовой объект,объект Хи,4095,10,0,4,0,0,0,0,0
2026-06-13,листовой объект,ДП объект Сигма,4177,153,0,7,0,0,0,0,0
2026-06-13,листовой объект,ДУ ПС объект Ро,4369,2494,2484,13,10,0,0,0,0
2026-06-13,листовой объект,объект Ро,4370,14,0,4,0,0,0,0,0
2026-06-13,листовой объект,объект Омикрон,4391,75,0,13,0,0,0,0,0
2026-06-13,листовой объект,ДП объект Омикрон,4392,1099,0,10,0,0,0,0,0
2026-06-13,листовой объект,Шкаф ОПС объект Хи,4541,2,0,1,0,0,0,0,0
2026-06-13,листовой объект,ДУ объект Хи,4543,1047,1016,17,14,3,2,0,0
2026-06-13,листовой объект,Шкаф ОПС ПС объект Ро,4569,2,0,1,0,0,0,0,0
2026-06-13,листовой объект,ДП ПС объект Омега,4574,19,0,6,0,0,0,0,0
2026-06-13,листовой объект,ДУ объект Дельта,4610,3587,3341,86,23,31,13,0,0
2026-06-13,листовой объект,Шкаф ОПС объект Омикрон,4763,2,0,1,0,0,0,0,0
2026-06-13,листовой объект,Шкаф ОПС объект Бета,4765,2,0,1,0,0,0,0,0
2026-06-13,листовой объект,ДУ ПС объект Омега,5003,444,256,24,8,0,0,0,0
2026-06-13,листовой объект,Шкаф ОПС ПС объект Тау,5009,10,0,3,0,0,0,0,0
2026-06-13,листовой объект,ДУ объект Вита,5011,304,0,49,0,0,0,0,0
2026-06-13,листовой объект,объект Дельта,5113,95,0,27,0,0,0,0,0
2026-06-13,листовой объект,ДУ объект Альфа,5122,111111,110834,100,55,0,0,0,0
2026-06-13,листовой объект,ДП объект Альфа,5123,646,0,11,0,0,0,0,0
2026-06-13,листовой объект,ДП объект Альфа 2 этаж,5124,1,0,1,0,0,0,0,0
2026-06-13,листовой объект,объект Фита,5129,7,0,5,0,0,0,0,0
2026-06-13,листовой объект,ДП объект Зита,5132,14,0,2,0,0,0,0,0
2026-06-13,листовой объект,объект Йота ДУ,5218,36,0,17,0,0,0,0,0
2026-06-13,листовой объект,объект Кси ПК0-ПК202,5332,10,0,9,0,0,0,0,0
2026-06-13,листовой объект,ДУ объект Кси,5333,5263,5223,8,4,0,0,0,0
2026-06-13,листовой объект,ДП объект Кси,5336,72,0,8,0,0,0,0,0
2026-06-13,листовой объект,объект Пси,5339,198,0,2,0,0,0,0,0
2026-06-13,листовой объект,объект Пси шкаф ОПС,5340,10,0,3,0,0,0,0,0
2026-06-13,листовой объект,объект Кси ПК202-ПК302,5343,42,0,7,0,0,0,0,0
2026-06-13,листовой объект,объект Каппа ПС,5567,146,0,8,0,0,0,0,0
2026-06-13,листовой объект,объект Дзета ДУ,5578,9481,9393,36,22,22,11,0,0
2026-06-13,листовой объект,объект Дзета ОС,5580,49,0,9,0,0,0,0,0
2026-06-13,листовой объект,объект Зита ОС,5582,1,0,1,0,0,0,0,0
2026-06-13,листовой объект,объект Зита ДУ,5591,84,2,3,1,0,0,0,0
2026-06-13,листовой объект,объект Каппа ДУ,5657,318,0,85,0,33,18,0,0
2026-06-13,листовой объект,объект Мю ДП,5674,558,0,11,0,0,0,0,0
2026-06-13,листовой объект,объект Мю ДУ,5675,8478,8298,98,28,17,16,0,0
2026-06-13,листовой объект,объект Мю ОС,5676,97,0,28,0,0,0,0,0
2026-06-13,листовой объект,объект Мю шкафы,5678,8,0,2,0,0,0,0,0
2026-06-13,листовой объект,объект Гамма ОС,5961,26,0,6,0,0,0,0,0
2026-06-13,листовой объект,объект Гамма ДУ,5963,537,0,63,0,1,1,0,0
2026-06-14,коллектор,объект Альфа,5,107198,105839,126,54,0,0,0,0
2026-06-14,коллектор,объект Бета,6,20,0,14,0,0,0,0,0
2026-06-14,коллектор,объект Гамма,7,490,0,26,0,1,1,0,0
2026-06-14,коллектор,Комплекс объект Дельта,8,3086,3060,33,16,0,0,0,0
2026-06-14,коллектор,объект Вита,9,1728,0,87,0,0,0,0,0
2026-06-14,коллектор,объект Эпсилон,11,5201,5138,56,40,0,0,0,0
2026-06-14,коллектор,объект Зита,12,9153,9092,35,20,0,0,0,0
2026-06-14,коллектор,объект Каппа,15,443,0,122,0,18,13,0,0
2026-06-14,коллектор,объект Йота,3218,3675,0,58,0,0,0,0,0
2026-06-14,коллектор,объект Тау,3355,163,0,32,0,0,0,0,0
2026-06-14,коллектор,объект Омикрон,3359,3834,2994,34,17,0,0,0,0
2026-06-14,коллектор,объект Мю,3828,8118,7585,62,27,0,0,0,0
2026-06-14,коллектор,объект Сигма,4068,150,0,8,0,0,0,0,0
2026-06-14,коллектор,ПС объект Ро,4356,1502,1328,69,9,0,0,0,0
2026-06-14,коллектор,ПС объект Омега,4573,410,240,20,8,1,1,0,0
2026-06-14,коллектор,объект Кси,5327,7503,7468,13,5,0,0,0,0
2026-06-14,листовой объект,объект Фита,20,18,0,12,0,0,0,0,0
2026-06-14,листовой объект,объект Вита,28,92,0,20,0,0,0,0,0
2026-06-14,листовой объект,объект Каппа ОС,42,146,0,38,0,0,0,0,0
2026-06-14,листовой объект,ДП объект Вита,99,1439,0,10,0,0,0,0,0
2026-06-14,листовой объект,ДП ПС объект Ро,108,22,0,3,0,0,0,0,0
2026-06-14,листовой объект,объект Бета,165,2,0,2,0,0,0,0,0
2026-06-14,листовой объект,объект Йота,3215,2093,0,35,0,0,0,0,0
2026-06-14,листовой объект,ДП объект Йота,3216,1534,0,4,0,0,0,0,0
2026-06-14,листовой объект,Шкаф ОПС объект Йота,3250,6,0,2,0,0,0,0,0
2026-06-14,листовой объект,ПС объект Тау,3356,155,0,28,0,0,0,0,0
2026-06-14,листовой объект,ДУ объект Омикрон,3360,3050,2994,22,17,0,0,0,0
2026-06-14,листовой объект,ДУ объект Тау,3388,8,0,4,0,0,0,0,0
2026-06-14,листовой объект,ДП объект Эпсилон,3902,4438,4398,34,26,0,0,0,0
2026-06-14,листовой объект,объект Эпсилон ОС,3904,3,0,2,0,0,0,0,0
2026-06-14,листовой объект,объект Пси ОС,3905,3,0,2,0,0,0,0,0
2026-06-14,листовой объект,объект Сигма,4069,2,0,2,0,0,0,0,0
2026-06-14,листовой объект,объект Хи,4095,3,0,3,0,0,0,0,0
2026-06-14,листовой объект,ДП объект Сигма,4177,148,0,6,0,0,0,0,0
2026-06-14,листовой объект,ДУ ПС объект Ро,4369,1466,1328,58,9,0,0,0,0
2026-06-14,листовой объект,объект Ро,4370,14,0,8,0,0,0,0,0
2026-06-14,листовой объект,объект Омикрон,4391,4,0,4,0,0,0,0,0
2026-06-14,листовой объект,ДП объект Омикрон,4392,780,0,8,0,0,0,0,0
2026-06-14,листовой объект,ДУ объект Хи,4543,754,740,15,14,0,0,0,0
2026-06-14,листовой объект,ДП ПС объект Омега,4574,2,0,1,0,0,0,0,0
2026-06-14,листовой объект,ДУ объект Дельта,4610,3070,3060,18,16,0,0,0,0
2026-06-14,листовой объект,ДУ ПС объект Омега,5003,408,240,19,8,1,1,0,0
2026-06-14,листовой объект,ДУ объект Вита,5011,197,0,57,0,0,0,0,0
2026-06-14,листовой объект,объект Дельта,5113,16,0,15,0,0,0,0,0
2026-06-14,листовой объект,ДУ объект Альфа,5122,106116,105839,108,54,0,0,0,0
2026-06-14,листовой объект,ДП объект Альфа,5123,1033,0,13,0,0,0,0,0
2026-06-14,листовой объект,ДП объект Альфа 2 этаж,5124,2,0,2,0,0,0,0,0
2026-06-14,листовой объект,объект Фита,5129,5,0,4,0,0,0,0,0
2026-06-14,листовой объект,ДП объект Зита,5132,8,0,3,0,0,0,0,0
2026-06-14,листовой объект,объект Йота ДУ,5218,42,0,17,0,0,0,0,0
2026-06-14,листовой объект,объект Кси ПК0-ПК202,5332,4,0,4,0,0,0,0,0
2026-06-14,листовой объект,ДУ объект Кси,5333,7498,7468,8,5,0,0,0,0
2026-06-14,листовой объект,объект Пси,5339,47,0,3,0,0,0,0,0
2026-06-14,листовой объект,объект Кси ПК202-ПК302,5343,1,0,1,0,0,0,0,0
2026-06-14,листовой объект,объект Дзета ДУ,5578,9092,9092,20,20,0,0,0,0
2026-06-14,листовой объект,объект Дзета ОС,5580,18,0,6,0,0,0,0,0
2026-06-14,листовой объект,объект Зита ОС,5582,1,0,1,0,0,0,0,0
2026-06-14,листовой объект,объект Зита ДУ,5591,29,0,1,0,0,0,0,0
2026-06-14,листовой объект,объект Каппа ДУ,5657,297,0,84,0,18,13,0,0
2026-06-14,листовой объект,объект Мю ДП,5674,482,0,10,0,0,0,0,0
2026-06-14,листовой объект,объект Мю ДУ,5675,7593,7585,29,27,0,0,0,0
2026-06-14,листовой объект,объект Мю ОС,5676,43,0,23,0,0,0,0,0
2026-06-14,листовой объект,объект Гамма ОС,5961,10,0,3,0,0,0,0,0
2026-06-14,листовой объект,объект Гамма ДУ,5963,480,0,23,0,1,1,0,0
2026-06-15,коллектор,объект Альфа,5,111272,108984,180,54,0,0,0,0
2026-06-15,коллектор,объект Бета,6,530,0,144,0,0,0,0,0
2026-06-15,коллектор,объект Гамма,7,817,0,107,0,35,12,0,0
2026-06-15,коллектор,Комплекс объект Дельта,8,3187,2829,134,19,10,5,0,0
2026-06-15,коллектор,объект Вита,9,5188,0,156,0,0,0,0,0
2026-06-15,коллектор,объект Эпсилон,11,7531,4001,89,37,0,0,0,0
2026-06-15,коллектор,объект Зита,12,8954,8680,84,22,6,5,0,0
2026-06-15,коллектор,объект Каппа,15,3834,2924,208,33,79,25,1,1
2026-06-15,коллектор,объект Йота,3218,8643,0,68,0,0,0,0,0
2026-06-15,коллектор,объект Тау,3355,590,0,224,0,10,10,0,0
2026-06-15,коллектор,объект Омикрон,3359,8128,3871,104,14,4,2,0,0
2026-06-15,коллектор,объект Мю,3828,9013,6543,153,28,0,0,0,0
2026-06-15,коллектор,объект Сигма,4068,90,0,7,0,0,0,0,0
2026-06-15,коллектор,ПС объект Ро,4356,2811,2604,87,9,1,1,0,0
2026-06-15,коллектор,ПС объект Омега,4573,768,176,56,8,2,1,0,0
2026-06-15,коллектор,объект Кси,5327,7078,6393,73,4,0,0,0,0
2026-06-15,листовой объект,объект Фита,20,165,0,58,0,0,0,0,0
2026-06-15,листовой объект,объект Вита,28,609,0,53,0,0,0,0,0
2026-06-15,листовой объект,объект Каппа ОС,42,233,0,63,0,0,0,0,0
2026-06-15,листовой объект,ДП объект Вита,99,4281,0,16,0,0,0,0,0
2026-06-15,листовой объект,ДП ПС объект Ро,108,36,0,4,0,0,0,0,0
2026-06-15,листовой объект,ДП объект Бета,111,308,0,77,0,0,0,0,0
2026-06-15,листовой объект,объект Бета,165,57,0,9,0,0,0,0,0
2026-06-15,листовой объект,объект Йота,3215,6287,0,48,0,0,0,0,0
2026-06-15,листовой объект,ДП объект Йота,3216,2328,0,6,0,0,0,0,0
2026-06-15,листовой объект,ПС объект Тау,3356,231,0,72,0,1,1,0,0
2026-06-15,листовой объект,ДУ объект Омикрон,3360,4004,3871,46,14,4,2,0,0
2026-06-15,листовой объект,ДУ объект Тау,3388,343,0,150,0,9,9,0,0
2026-06-15,листовой объект,ДП объект Эпсилон,3902,7058,3556,64,23,0,0,0,0
2026-06-15,листовой объект,объект Эпсилон ОС,3904,5,0,3,0,0,0,0,0
2026-06-15,листовой объект,объект Пси ОС,3905,7,0,4,0,0,0,0,0
2026-06-15,листовой объект,объект Хи,4095,4,0,3,0,0,0,0,0
2026-06-15,листовой объект,ДП объект Сигма,4177,88,0,6,0,0,0,0,0
2026-06-15,листовой объект,ДУ ПС объект Ро,4369,2729,2604,67,9,0,0,0,0
2026-06-15,листовой объект,объект Ро,4370,46,0,16,0,1,1,0,0
2026-06-15,листовой объект,объект Омикрон,4391,388,0,47,0,0,0,0,0
2026-06-15,листовой объект,ДП объект Омикрон,4392,3736,0,11,0,0,0,0,0
2026-06-15,листовой объект,ДУ объект Хи,4543,457,445,15,14,0,0,0,0
2026-06-15,листовой объект,ДП ПС объект Омега,4574,310,0,8,0,0,0,0,0
2026-06-15,листовой объект,ДУ объект Дельта,4610,3067,2829,103,19,10,5,0,0
2026-06-15,листовой объект,ПС объект Омега,4648,114,0,10,0,0,0,0,0
2026-06-15,листовой объект,Шкаф ОПС объект Сигма,4768,2,0,1,0,0,0,0,0
2026-06-15,листовой объект,ДУ ПС объект Омега,5003,344,176,38,8,2,1,0,0
2026-06-15,листовой объект,Шкаф ОПС ПС объект Тау,5009,16,0,2,0,0,0,0,0
2026-06-15,листовой объект,ДУ объект Вита,5011,298,0,87,0,0,0,0,0
2026-06-15,листовой объект,объект Дельта,5113,120,0,31,0,0,0,0,0
2026-06-15,листовой объект,ДУ объект Альфа,5122,109347,108984,132,54,0,0,0,0
2026-06-15,листовой объект,ДП объект Альфа,5123,1469,0,18,0,0,0,0,0
2026-06-15,листовой объект,ДП объект Альфа 2 этаж,5124,322,0,9,0,0,0,0,0
2026-06-15,листовой объект,объект Фита,5129,28,0,7,0,0,0,0,0
2026-06-15,листовой объект,ДП объект Зита,5132,93,0,14,0,6,5,0,0
2026-06-15,листовой объект,объект Йота ДУ,5218,28,0,14,0,0,0,0,0
2026-06-15,листовой объект,объект Кси ПК0-ПК202,5332,407,0,15,0,0,0,0,0
2026-06-15,листовой объект,ДУ объект Кси,5333,6511,6393,38,4,0,0,0,0
2026-06-15,листовой объект,ДП объект Кси,5336,142,0,12,0,0,0,0,0
2026-06-15,листовой объект,объект Пси,5339,134,0,21,0,0,0,0,0
2026-06-15,листовой объект,объект Кси ПК202-ПК302,5343,18,0,8,0,0,0,0,0
2026-06-15,листовой объект,объект Дзета ДУ,5578,8714,8680,39,22,0,0,0,0
2026-06-15,листовой объект,объект Дзета ОС,5580,45,0,13,0,0,0,0,0
2026-06-15,листовой объект,объект Зита ОС,5582,17,0,5,0,0,0,0,0
2026-06-15,листовой объект,объект Зита ДУ,5591,34,0,2,0,0,0,0,0
2026-06-15,листовой объект,объект Дзета щит. ПК48 Г1 ПК5,5594,23,0,4,0,0,0,0,0
2026-06-15,листовой объект,объект Каппа ДУ,5657,3601,2924,145,33,79,25,1,1
2026-06-15,листовой объект,объект Мю ДП,5674,2028,0,17,0,0,0,0,0
2026-06-15,листовой объект,объект Мю ДУ,5675,6687,6543,93,28,0,0,0,0
2026-06-15,листовой объект,объект Мю ОС,5676,298,0,43,0,0,0,0,0
2026-06-15,листовой объект,объект Гамма ОС,5961,207,0,41,0,0,0,0,0
2026-06-15,листовой объект,объект Гамма ПС,5962,84,0,14,0,34,11,0,0
2026-06-15,листовой объект,объект Гамма ДУ,5963,526,0,52,0,1,1,0,0
2026-06-16,коллектор,объект Альфа,5,110691,107810,156,55,0,0,0,0
2026-06-16,коллектор,объект Бета,6,282,0,78,0,0,0,0,0
2026-06-16,коллектор,объект Гамма,7,1571,0,101,0,43,18,0,0
2026-06-16,коллектор,Комплекс объект Дельта,8,3576,3386,103,20,0,0,0,0
2026-06-16,коллектор,объект Вита,9,4687,0,84,0,0,0,0,0
2026-06-16,коллектор,объект Эпсилон,11,8460,3931,86,34,0,0,0,0
2026-06-16,коллектор,объект Зита,12,8941,8592,116,24,0,0,0,0
2026-06-16,коллектор,объект Каппа,15,5244,4815,149,30,2,2,0,0
2026-06-16,коллектор,объект Йота,3218,8480,0,65,0,0,0,0,0
2026-06-16,коллектор,объект Тау,3355,727,0,191,0,24,12,0,0
2026-06-16,коллектор,объект Омикрон,3359,7958,4359,89,17,0,0,0,0
2026-06-16,коллектор,объект Мю,3828,8775,6538,181,30,20,17,0,0
2026-06-16,коллектор,объект Сигма,4068,672,0,27,0,0,0,0,0
2026-06-16,коллектор,ПС объект Ро,4356,3850,3399,138,11,0,0,0,0
2026-06-16,коллектор,ПС объект Омега,4573,2661,320,42,8,12,12,0,0
2026-06-16,коллектор,объект Кси,5327,7246,7112,15,5,0,0,0,0
2026-06-16,листовой объект,объект Фита,20,87,0,35,0,0,0,0,0
2026-06-16,листовой объект,объект Вита,28,233,0,15,0,0,0,0,0
2026-06-16,листовой объект,объект Каппа ОС,42,118,0,30,0,0,0,0,0
2026-06-16,листовой объект,ДП объект Вита,99,4239,0,16,0,0,0,0,0
2026-06-16,листовой объект,ДП ПС объект Ро,108,66,0,3,0,0,0,0,0
2026-06-16,листовой объект,ДП объект Бета,111,186,0,39,0,0,0,0,0
2026-06-16,листовой объект,объект Бета,165,9,0,4,0,0,0,0,0
2026-06-16,листовой объект,объект Йота,3215,4662,0,43,0,0,0,0,0
2026-06-16,листовой объект,ДП объект Йота,3216,3776,0,4,0,0,0,0,0
2026-06-16,листовой объект,Шкаф ОПС объект Йота,3250,4,0,2,0,0,0,0,0
2026-06-16,листовой объект,ПС объект Тау,3356,295,0,56,0,0,0,0,0
2026-06-16,листовой объект,ДУ объект Омикрон,3360,4513,4359,65,17,0,0,0,0
2026-06-16,листовой объект,ДУ объект Тау,3388,426,0,134,0,24,12,0,0
2026-06-16,листовой объект,ДП объект Эпсилон,3902,8130,3630,67,22,0,0,0,0
2026-06-16,листовой объект,объект Эпсилон ОС,3904,1,0,1,0,0,0,0,0
2026-06-16,листовой объект,объект Пси ОС,3905,9,0,4,0,0,0,0,0
2026-06-16,листовой объект,объект Сигма,4069,38,0,7,0,0,0,0,0
2026-06-16,листовой объект,объект Хи,4095,1,0,1,0,0,0,0,0
2026-06-16,листовой объект,ДП объект Сигма,4177,634,0,20,0,0,0,0,0
2026-06-16,листовой объект,ДУ ПС объект Ро,4369,3704,3399,111,11,0,0,0,0
2026-06-16,листовой объект,объект Ро,4370,78,0,23,0,0,0,0,0
2026-06-16,листовой объект,объект Омикрон,4391,261,0,15,0,0,0,0,0
2026-06-16,листовой объект,ДП объект Омикрон,4392,3182,0,8,0,0,0,0,0
2026-06-16,листовой объект,ДУ объект Хи,4543,319,301,13,12,0,0,0,0
2026-06-16,листовой объект,Шкаф ОПС ПС объект Ро,4569,2,0,1,0,0,0,0,0
2026-06-16,листовой объект,ДП ПС объект Омега,4574,2071,0,12,0,0,0,0,0
2026-06-16,листовой объект,Шкаф ОПС ПС объект Омега,4577,2,0,1,0,0,0,0,0
2026-06-16,листовой объект,ДУ объект Дельта,4610,3524,3386,86,20,0,0,0,0
2026-06-16,листовой объект,ПС объект Омега,4648,4,0,1,0,0,0,0,0
2026-06-16,листовой объект,Шкаф ОПС объект Омикрон,4763,2,0,1,0,0,0,0,0
2026-06-16,листовой объект,ДУ ПС объект Омега,5003,584,320,28,8,12,12,0,0
2026-06-16,листовой объект,Шкаф ОПС ПС объект Тау,5009,6,0,1,0,0,0,0,0
2026-06-16,листовой объект,ДУ объект Вита,5011,215,0,53,0,0,0,0,0
2026-06-16,листовой объект,объект Дельта,5113,52,0,17,0,0,0,0,0
2026-06-16,листовой объект,ДУ объект Альфа,5122,108166,107810,117,55,0,0,0,0
2026-06-16,листовой объект,ДП объект Альфа,5123,911,0,17,0,0,0,0,0
2026-06-16,листовой объект,ДП объект Альфа 2 этаж,5124,507,0,8,0,0,0,0,0
2026-06-16,листовой объект,объект Фита,5129,91,0,24,0,0,0,0,0
2026-06-16,листовой объект,ДП объект Зита,5132,58,0,15,0,0,0,0,0
2026-06-16,листовой объект,объект Йота ДУ,5218,38,0,16,0,0,0,0,0
2026-06-16,листовой объект,объект Кси ПК0-ПК202,5332,2,0,1,0,0,0,0,0
2026-06-16,листовой объект,ДУ объект Кси,5333,7166,7112,8,5,0,0,0,0
2026-06-16,листовой объект,ДП объект Кси,5336,78,0,6,0,0,0,0,0
2026-06-16,листовой объект,объект Пси,5339,1105,0,13,0,0,0,0,0
2026-06-16,листовой объект,объект Пси шкаф ОПС,5340,2,0,1,0,0,0,0,0
2026-06-16,листовой объект,объект Дзета ДУ,5578,8638,8592,45,24,0,0,0,0
2026-06-16,листовой объект,объект Дзета ОС,5580,104,0,27,0,0,0,0,0
2026-06-16,листовой объект,объект Зита ОС,5582,8,0,3,0,0,0,0,0
2026-06-16,листовой объект,объект Зита ДУ,5591,42,0,2,0,0,0,0,0
2026-06-16,листовой объект,объект Каппа ДУ,5657,5126,4815,119,30,2,2,0,0
2026-06-16,листовой объект,объект Мю ДП,5674,1832,0,16,0,0,0,0,0
2026-06-16,листовой объект,объект Мю ДУ,5675,6766,6538,117,30,17,16,0,0
2026-06-16,листовой объект,объект Мю ОС,5676,167,0,45,0,0,0,0,0
2026-06-16,листовой объект,объект Мю ПС,5677,6,0,1,0,3,1,0,0
2026-06-16,листовой объект,объект Мю шкафы,5678,4,0,2,0,0,0,0,0
2026-06-16,листовой объект,объект Гамма ОС,5961,34,0,11,0,0,0,0,0
2026-06-16,листовой объект,объект Гамма ПС,5962,102,0,3,0,26,2,0,0
2026-06-16,листовой объект,объект Гамма ДУ,5963,1435,0,87,0,17,16,0,0
2026-06-17,коллектор,объект Альфа,5,109240,107159,143,54,0,0,0,0
2026-06-17,коллектор,объект Бета,6,323,0,75,0,0,0,0,0
2026-06-17,коллектор,объект Гамма,7,1415,0,99,0,27,11,0,0
2026-06-17,коллектор,Комплекс объект Дельта,8,4516,3797,178,20,16,8,0,0
2026-06-17,коллектор,объект Вита,9,6548,0,125,0,0,0,0,0
2026-06-17,коллектор,объект Эпсилон,11,7796,2809,240,34,0,0,0,0
2026-06-17,коллектор,объект Зита,12,9337,9282,37,22,0,0,0,0
2026-06-17,коллектор,объект Каппа,15,12416,9734,239,33,50,6,0,0
2026-06-17,коллектор,объект Йота,3218,9208,0,65,0,0,0,0,0
2026-06-17,коллектор,объект Тау,3355,473,0,141,0,0,0,0,0
2026-06-17,коллектор,объект Омикрон,3359,7798,4529,89,14,0,0,0,0
2026-06-17,коллектор,объект Мю,3828,8340,5523,211,30,0,0,0,0
2026-06-17,коллектор,объект Сигма,4068,228,0,7,0,0,0,0,0
2026-06-17,коллектор,ПС объект Ро,4356,4579,4374,80,9,0,0,0,0
2026-06-17,коллектор,ПС объект Омега,4573,1796,288,205,8,15,14,0,0
2026-06-17,коллектор,объект Кси,5327,6380,6213,24,3,0,0,0,0
2026-06-17,листовой объект,объект Фита,20,78,0,30,0,0,0,0,0
2026-06-17,листовой объект,объект Вита,28,573,0,30,0,0,0,0,0
2026-06-17,листовой объект,объект Каппа ОС,42,585,0,86,0,0,0,0,0
2026-06-17,листовой объект,ДП объект Вита,99,5733,0,17,0,0,0,0,0
2026-06-17,листовой объект,ДП ПС объект Ро,108,58,0,4,0,0,0,0,0
2026-06-17,листовой объект,ДП объект Бета,111,232,0,39,0,0,0,0,0
2026-06-17,листовой объект,объект Бета,165,13,0,6,0,0,0,0,0
2026-06-17,листовой объект,объект Йота,3215,5872,0,43,0,0,0,0,0
2026-06-17,листовой объект,ДП объект Йота,3216,3302,0,8,0,0,0,0,0
2026-06-17,листовой объект,ПС объект Тау,3356,231,0,37,0,0,0,0,0
2026-06-17,листовой объект,ДУ объект Омикрон,3360,4681,4529,62,14,0,0,0,0
2026-06-17,листовой объект,ДУ объект Тау,3388,242,0,104,0,0,0,0,0
2026-06-17,листовой объект,ДП объект Эпсилон,3902,7423,2529,188,21,0,0,0,0
2026-06-17,листовой объект,объект Эпсилон ОС,3904,37,0,15,0,0,0,0,0
2026-06-17,листовой объект,объект Пси ОС,3905,45,0,21,0,0,0,0,0
2026-06-17,листовой объект,объект Хи,4095,1,0,1,0,0,0,0,0
2026-06-17,листовой объект,ДП объект Сигма,4177,228,0,7,0,0,0,0,0
2026-06-17,листовой объект,ДУ ПС объект Ро,4369,4510,4374,69,9,0,0,0,0
2026-06-17,листовой объект,объект Ро,4370,11,0,7,0,0,0,0,0
2026-06-17,листовой объект,объект Омикрон,4391,331,0,17,0,0,0,0,0
2026-06-17,листовой объект,ДП объект Омикрон,4392,2786,0,10,0,0,0,0,0
2026-06-17,листовой объект,Шкаф ОПС объект Хи,4541,2,0,1,0,0,0,0,0
2026-06-17,листовой объект,ДУ объект Хи,4543,288,280,14,13,0,0,0,0
2026-06-17,листовой объект,ДП ПС объект Омега,4574,862,0,9,0,0,0,0,0
2026-06-17,листовой объект,ДУ объект Дельта,4610,4061,3797,119,20,16,8,0,0
2026-06-17,листовой объект,ПС объект Омега,4648,136,0,43,0,0,0,0,0
2026-06-17,листовой объект,ДУ ПС объект Омега,5003,798,288,153,8,15,14,0,0
2026-06-17,листовой объект,ДУ объект Вита,5011,242,0,78,0,0,0,0,0
2026-06-17,листовой объект,объект Дельта,5113,455,0,59,0,0,0,0,0
2026-06-17,листовой объект,ДУ объект Альфа,5122,107474,107159,114,54,0,0,0,0
2026-06-17,листовой объект,ДП объект Альфа,5123,920,0,17,0,0,0,0,0
2026-06-17,листовой объект,ДП объект Альфа 2 этаж,5124,398,0,8,0,0,0,0,0
2026-06-17,листовой объект,объект Фита,5129,3,0,2,0,0,0,0,0
2026-06-17,листовой объект,ДП объект Зита,5132,15,0,4,0,0,0,0,0
2026-06-17,листовой объект,объект Йота ДУ,5218,34,0,14,0,0,0,0,0
2026-06-17,листовой объект,объект Кси ПК0-ПК202,5332,4,0,1,0,0,0,0,0
2026-06-17,листовой объект,ДУ объект Кси,5333,6267,6213,7,3,0,0,0,0
2026-06-17,листовой объект,ДП объект Кси,5336,74,0,9,0,0,0,0,0
2026-06-17,листовой объект,объект Пси,5339,448,0,4,0,0,0,0,0
2026-06-17,листовой объект,объект Кси ПК202-ПК302,5343,35,0,7,0,0,0,0,0
2026-06-17,листовой объект,объект Каппа ПС,5567,489,0,13,0,0,0,0,0
2026-06-17,листовой объект,объект Каппа шкафы,5574,6,0,2,0,0,0,0,0
2026-06-17,листовой объект,объект Дзета ДУ,5578,9284,9282,23,22,0,0,0,0
2026-06-17,листовой объект,объект Дзета ОС,5580,18,0,5,0,0,0,0,0
2026-06-17,листовой объект,объект Зита ДУ,5591,16,0,2,0,0,0,0,0
2026-06-17,листовой объект,объект Дзета щит. ПК48 Г1 ПК5,5594,1,0,1,0,0,0,0,0
2026-06-17,листовой объект,объект Каппа ДУ,5657,11336,9734,138,33,50,6,0,0
2026-06-17,листовой объект,объект Мю ДП,5674,2264,0,12,0,0,0,0,0
2026-06-17,листовой объект,объект Мю ДУ,5675,5705,5523,120,30,0,0,0,0
2026-06-17,листовой объект,объект Мю ОС,5676,371,0,79,0,0,0,0,0
2026-06-17,листовой объект,объект Гамма ОС,5961,66,0,20,0,0,0,0,0
2026-06-17,листовой объект,объект Гамма ПС,5962,120,0,4,0,17,2,0,0
2026-06-17,листовой объект,объект Гамма ДУ,5963,1229,0,75,0,10,9,0,0
2026-06-18,коллектор,объект Альфа,5,110114,107334,142,54,0,0,0,0
2026-06-18,коллектор,объект Бета,6,407,0,74,0,0,0,0,0
2026-06-18,коллектор,объект Гамма,7,1197,0,48,0,265,4,0,0
2026-06-18,коллектор,Комплекс объект Дельта,8,4416,4213,96,20,0,0,0,0
2026-06-18,коллектор,объект Вита,9,2971,0,89,0,0,0,0,0
2026-06-18,коллектор,объект Эпсилон,11,6640,3139,102,33,28,11,0,0
2026-06-18,коллектор,объект Зита,12,9669,9607,36,22,0,0,0,0
2026-06-18,коллектор,объект Каппа,15,8926,8681,125,30,0,0,0,0
2026-06-18,коллектор,объект Йота,3218,7089,0,45,0,0,0,0,0
2026-06-18,коллектор,объект Тау,3355,496,0,157,0,0,0,0,0
2026-06-18,коллектор,объект Омикрон,3359,8069,2807,68,12,1,1,0,0
2026-06-18,коллектор,объект Мю,3828,7940,5666,78,28,1,1,0,0
2026-06-18,коллектор,объект Сигма,4068,114,0,6,0,0,0,0,0
2026-06-18,коллектор,ПС объект Ро,4356,4093,3841,99,20,0,0,0,0
2026-06-18,коллектор,ПС объект Омега,4573,2465,336,94,8,0,0,0,0
2026-06-18,коллектор,объект Кси,5327,6268,6014,22,4,0,0,0,0
2026-06-18,листовой объект,объект Фита,20,72,0,29,0,0,0,0,0
2026-06-18,листовой объект,объект Вита,28,126,0,15,0,0,0,0,0
2026-06-18,листовой объект,объект Каппа ОС,42,65,0,17,0,0,0,0,0
2026-06-18,листовой объект,ДП объект Вита,99,2667,0,12,0,0,0,0,0
2026-06-18,листовой объект,ДП ПС объект Ро,108,36,0,3,0,0,0,0,0
2026-06-18,листовой объект,ДП объект Бета,111,322,0,39,0,0,0,0,0
2026-06-18,листовой объект,объект Бета,165,11,0,5,0,0,0,0,0
2026-06-18,листовой объект,объект Йота,3215,3935,0,27,0,0,0,0,0
2026-06-18,листовой объект,ДП объект Йота,3216,3126,0,6,0,0,0,0,0
2026-06-18,листовой объект,Шкаф ОПС объект Йота,3250,2,0,1,0,0,0,0,0
2026-06-18,листовой объект,ПС объект Тау,3356,294,0,63,0,0,0,0,0
2026-06-18,листовой объект,ДУ объект Омикрон,3360,2915,2807,34,12,1,1,0,0
2026-06-18,листовой объект,ДУ объект Тау,3388,180,0,89,0,0,0,0,0
2026-06-18,листовой объект,ДП объект Эпсилон,3902,6301,2809,87,20,28,11,0,0
2026-06-18,листовой объект,объект Пси ОС,3905,3,0,1,0,0,0,0,0
2026-06-18,листовой объект,ДП объект Сигма,4177,114,0,6,0,0,0,0,0
2026-06-18,листовой объект,ДУ ПС объект Ро,4369,4029,3841,89,20,0,0,0,0
2026-06-18,листовой объект,объект Ро,4370,18,0,5,0,0,0,0,0
2026-06-18,листовой объект,объект Омикрон,4391,922,0,22,0,0,0,0,0
2026-06-18,листовой объект,ДП объект Омикрон,4392,4228,0,10,0,0,0,0,0
2026-06-18,листовой объект,ДУ объект Хи,4543,336,330,14,13,0,0,0,0
2026-06-18,листовой объект,Шкаф ОПС ПС объект Ро,4569,10,0,2,0,0,0,0,0
2026-06-18,листовой объект,ДП ПС объект Омега,4574,1733,0,12,0,0,0,0,0
2026-06-18,листовой объект,Шкаф ОПС ПС объект Омега,4577,2,0,1,0,0,0,0,0
2026-06-18,листовой объект,ДУ объект Дельта,4610,4351,4213,82,20,0,0,0,0
2026-06-18,листовой объект,ПС объект Омега,4648,4,0,1,0,0,0,0,0
2026-06-18,листовой объект,Шкаф ОПС объект Омикрон,4763,4,0,2,0,0,0,0,0
2026-06-18,листовой объект,Шкаф ОПС объект Бета,4765,2,0,1,0,0,0,0,0
2026-06-18,листовой объект,Шкаф ОПС объект Вита,4767,2,0,1,0,0,0,0,0
2026-06-18,листовой объект,ДУ ПС объект Омега,5003,726,336,80,8,0,0,0,0
2026-06-18,листовой объект,Шкаф ОПС ПС объект Тау,5009,22,0,5,0,0,0,0,0
2026-06-18,листовой объект,ДУ объект Вита,5011,176,0,61,0,0,0,0,0
2026-06-18,листовой объект,объект Дельта,5113,63,0,13,0,0,0,0,0
2026-06-18,листовой объект,Шкаф ОПС объект Дельта,5114,2,0,1,0,0,0,0,0
2026-06-18,листовой объект,ДУ объект Альфа,5122,107623,107334,114,54,0,0,0,0
2026-06-18,листовой объект,ДП объект Альфа,5123,1662,0,16,0,0,0,0,0
2026-06-18,листовой объект,ДП объект Альфа 2 этаж,5124,513,0,9,0,0,0,0,0
2026-06-18,листовой объект,объект Фита,5129,1,0,1,0,0,0,0,0
2026-06-18,листовой объект,ДП объект Зита,5132,28,0,3,0,0,0,0,0
2026-06-18,листовой объект,объект Йота ДУ,5218,26,0,11,0,0,0,0,0
2026-06-18,листовой объект,объект Кси ПК0-ПК202,5332,4,0,1,0,0,0,0,0
2026-06-18,листовой объект,ДУ объект Кси,5333,6082,6014,16,4,0,0,0,0
2026-06-18,листовой объект,ДП объект Кси,5336,134,0,3,0,0,0,0,0
2026-06-18,листовой объект,объект Пси,5339,314,0,2,0,0,0,0,0
2026-06-18,листовой объект,объект Пси шкаф ОПС,5340,2,0,1,0,0,0,0,0
2026-06-18,листовой объект,объект Кси ПК202-ПК302,5343,48,0,2,0,0,0,0,0
2026-06-18,листовой объект,объект Дзета ДУ,5578,9609,9607,23,22,0,0,0,0
2026-06-18,листовой объект,объект Дзета ОС,5580,17,0,6,0,0,0,0,0
2026-06-18,листовой объект,объект Зита ОС,5582,4,0,1,0,0,0,0,0
2026-06-18,листовой объект,объект Зита ДУ,5591,10,0,2,0,0,0,0,0
2026-06-18,листовой объект,объект Каппа ДУ,5657,8861,8681,108,30,0,0,0,0
2026-06-18,листовой объект,объект Мю ДП,5674,2018,0,16,0,0,0,0,0
2026-06-18,листовой объект,объект Мю ДУ,5675,5697,5666,40,28,1,1,0,0
2026-06-18,листовой объект,объект Мю ОС,5676,225,0,22,0,0,0,0,0
2026-06-18,листовой объект,объект Гамма ОС,5961,70,0,18,0,0,0,0,0
2026-06-18,листовой объект,объект Гамма ПС,5962,522,0,2,0,260,2,0,0
2026-06-18,листовой объект,объект Гамма ДУ,5963,605,0,28,0,5,2,0,0
2026-06-19,коллектор,объект Альфа,5,110965,108704,138,54,0,0,0,0
2026-06-19,коллектор,объект Бета,6,945,0,152,0,0,0,0,0
2026-06-19,коллектор,объект Гамма,7,962,0,100,0,50,18,0,0
2026-06-19,коллектор,Комплекс объект Дельта,8,3774,3556,104,20,0,0,0,0
2026-06-19,коллектор,объект Вита,9,3959,0,113,0,0,0,0,0
2026-06-19,коллектор,объект Эпсилон,11,5818,3692,117,74,0,0,0,0
2026-06-19,коллектор,объект Зита,12,9375,9191,66,23,24,12,0,0
2026-06-19,коллектор,объект Каппа,15,8717,8247,139,29,0,0,0,0
2026-06-19,коллектор,объект Йота,3218,12411,0,49,0,0,0,0,0
2026-06-19,коллектор,объект Тау,3355,841,0,157,0,0,0,0,0
2026-06-19,коллектор,объект Омикрон,3359,7609,2910,102,41,0,0,0,0
2026-06-19,коллектор,объект Мю,3828,9232,6452,140,28,0,0,0,0
2026-06-19,коллектор,объект Сигма,4068,33,0,7,0,0,0,0,0
2026-06-19,коллектор,ПС объект Ро,4356,3157,2986,72,10,0,0,0,0
2026-06-19,коллектор,ПС объект Омега,4573,1549,352,89,8,0,0,0,0
2026-06-19,коллектор,объект Кси,5327,6509,6119,101,3,0,0,0,0
2026-06-19,листовой объект,объект Фита,20,209,0,63,0,0,0,0,0
2026-06-19,листовой объект,объект Вита,28,497,0,26,0,0,0,0,0
2026-06-19,листовой объект,объект Каппа ОС,42,183,0,30,0,0,0,0,0
2026-06-19,листовой объект,ДП объект Вита,99,3288,0,16,0,0,0,0,0
2026-06-19,листовой объект,ДП ПС объект Ро,108,44,0,4,0,0,0,0,0
2026-06-19,листовой объект,ДП объект Бета,111,650,0,69,0,0,0,0,0
2026-06-19,листовой объект,объект Бета,165,84,0,19,0,0,0,0,0
2026-06-19,листовой объект,объект Йота,3215,8813,0,34,0,0,0,0,0
2026-06-19,листовой объект,ДП объект Йота,3216,3572,0,4,0,0,0,0,0
2026-06-19,листовой объект,ПС объект Тау,3356,613,0,45,0,0,0,0,0
2026-06-19,листовой объект,ДУ объект Омикрон,3360,3002,2910,62,41,0,0,0,0
2026-06-19,листовой объект,ДУ объект Тау,3388,228,0,112,0,0,0,0,0
2026-06-19,листовой объект,ДП объект Эпсилон,3902,5470,3364,96,61,0,0,0,0
2026-06-19,листовой объект,Шкафы ОС объект Эпсилон,3903,6,0,1,0,0,0,0,0
2026-06-19,листовой объект,объект Эпсилон ОС,3904,1,0,1,0,0,0,0,0
2026-06-19,листовой объект,объект Пси ОС,3905,8,0,4,0,0,0,0,0
2026-06-19,листовой объект,объект Сигма,4069,1,0,1,0,0,0,0,0
2026-06-19,листовой объект,объект Хи,4095,1,0,1,0,0,0,0,0
2026-06-19,листовой объект,ДП объект Сигма,4177,32,0,6,0,0,0,0,0
2026-06-19,листовой объект,ДУ ПС объект Ро,4369,3090,2986,59,10,0,0,0,0
2026-06-19,листовой объект,объект Ро,4370,17,0,7,0,0,0,0,0
2026-06-19,листовой объект,объект Омикрон,4391,1070,0,29,0,0,0,0,0
2026-06-19,листовой объект,ДП объект Омикрон,4392,3537,0,11,0,0,0,0,0
2026-06-19,листовой объект,ДУ объект Хи,4543,332,328,14,13,0,0,0,0
2026-06-19,листовой объект,Шкаф ОПС ПС объект Ро,4569,6,0,2,0,0,0,0,0
2026-06-19,листовой объект,ДП ПС объект Омега,4574,838,0,8,0,0,0,0,0
2026-06-19,листовой объект,ДУ объект Дельта,4610,3710,3556,85,20,0,0,0,0
2026-06-19,листовой объект,ПС объект Омега,4648,4,0,1,0,0,0,0,0
2026-06-19,листовой объект,Шкаф ОПС объект Бета,4765,2,0,1,0,0,0,0,0
2026-06-19,листовой объект,ДУ ПС объект Омега,5003,707,352,80,8,0,0,0,0
2026-06-19,листовой объект,ДУ объект Вита,5011,174,0,71,0,0,0,0,0
2026-06-19,листовой объект,объект Дельта,5113,64,0,19,0,0,0,0,0
2026-06-19,листовой объект,ДУ объект Альфа,5122,108977,108704,112,54,0,0,0,0
2026-06-19,листовой объект,ДП объект Альфа,5123,1403,0,17,0,0,0,0,0
2026-06-19,листовой объект,ДП объект Альфа 2 этаж,5124,494,0,5,0,0,0,0,0
2026-06-19,листовой объект,объект Фита,5129,1,0,1,0,0,0,0,0
2026-06-19,листовой объект,ДП объект Зита,5132,20,0,3,0,0,0,0,0
2026-06-19,листовой объект,объект Йота ДУ,5218,26,0,11,0,0,0,0,0
2026-06-19,листовой объект,объект Кси ПК0-ПК202,5332,54,0,19,0,0,0,0,0
2026-06-19,листовой объект,ДУ объект Кси,5333,6265,6119,58,3,0,0,0,0
2026-06-19,листовой объект,ДП объект Кси,5336,126,0,7,0,0,0,0,0
2026-06-19,листовой объект,объект Пси,5339,89,0,3,0,0,0,0,0
2026-06-19,листовой объект,объект Пси шкаф ОПС,5340,2,0,1,0,0,0,0,0
2026-06-19,листовой объект,объект Кси ПК202-ПК302,5343,64,0,17,0,0,0,0,0
2026-06-19,листовой объект,объект Каппа ПС,5567,86,0,1,0,0,0,0,0
2026-06-19,листовой объект,объект Дзета ДУ,5578,9324,9191,52,23,24,12,0,0
2026-06-19,листовой объект,объект Дзета ОС,5580,24,0,9,0,0,0,0,0
2026-06-19,листовой объект,объект Зита ДУ,5591,6,0,1,0,0,0,0,0
2026-06-19,листовой объект,объект Каппа ДУ,5657,8448,8247,108,29,0,0,0,0
2026-06-19,листовой объект,объект Мю ДП,5674,2508,0,14,0,0,0,0,0
2026-06-19,листовой объект,объект Мю ДУ,5675,6584,6452,93,28,0,0,0,0
2026-06-19,листовой объект,объект Мю ОС,5676,138,0,32,0,0,0,0,0
2026-06-19,листовой объект,объект Мю шкафы,5678,2,0,1,0,0,0,0,0
2026-06-19,листовой объект,объект Гамма ОС,5961,146,0,17,0,0,0,0,0
2026-06-19,листовой объект,объект Гамма ПС,5962,66,0,2,0,33,2,0,0
2026-06-19,листовой объект,объект Гамма ДУ,5963,748,0,80,0,17,16,0,0
2026-06-19,листовой объект,объект Гамма шкафы,5966,2,0,1,0,0,0,0,0
2026-06-20,коллектор,объект Альфа,5,108510,107611,115,54,0,0,0,0
2026-06-20,коллектор,объект Бета,6,1,0,1,0,0,0,0,0
2026-06-20,коллектор,объект Гамма,7,1122,0,55,0,3,2,0,0
2026-06-20,коллектор,Комплекс объект Дельта,8,4550,4389,65,20,15,10,0,0
2026-06-20,коллектор,объект Вита,9,928,0,64,0,0,0,0,0
2026-06-20,коллектор,объект Эпсилон,11,3642,3219,77,34,2,2,0,0
2026-06-20,коллектор,объект Зита,12,9400,9386,29,22,0,0,0,0
2026-06-20,коллектор,объект Каппа,15,8712,8480,109,29,18,18,0,0
2026-06-20,коллектор,объект Йота,3218,6063,0,56,0,10,10,0,0
2026-06-20,коллектор,объект Тау,3355,232,0,52,0,12,6,0,0
2026-06-20,коллектор,объект Омикрон,3359,4635,2926,48,13,0,0,0,0
2026-06-20,коллектор,объект Мю,3828,6917,6325,138,27,33,16,0,0
2026-06-20,коллектор,объект Сигма,4068,36,0,6,0,0,0,0,0
2026-06-20,коллектор,ПС объект Ро,4356,1827,1653,79,10,0,0,0,0
2026-06-20,коллектор,ПС объект Омега,4573,448,208,30,8,0,0,0,0
2026-06-20,коллектор,объект Кси,5327,5999,5836,22,3,5,5,0,0
2026-06-20,листовой объект,объект Фита,20,1,0,1,0,0,0,0,0
2026-06-20,листовой объект,объект Вита,28,52,0,14,0,0,0,0,0
2026-06-20,листовой объект,объект Каппа ОС,42,32,0,12,0,0,0,0,0
2026-06-20,листовой объект,ДП объект Вита,99,762,0,6,0,0,0,0,0
2026-06-20,листовой объект,ДП ПС объект Ро,108,35,0,4,0,0,0,0,0
2026-06-20,листовой объект,объект Йота,3215,2629,0,27,0,0,0,0,0
2026-06-20,листовой объект,ДП объект Йота,3216,3358,0,5,0,0,0,0,0
2026-06-20,листовой объект,Шкаф ОПС объект Йота,3250,12,0,2,0,0,0,0,0
2026-06-20,листовой объект,ПС объект Тау,3356,88,0,20,0,0,0,0,0
2026-06-20,листовой объект,ДУ объект Омикрон,3360,2994,2926,26,13,0,0,0,0
2026-06-20,листовой объект,ДУ объект Тау,3388,138,0,31,0,12,6,0,0
2026-06-20,листовой объект,ДП объект Эпсилон,3902,3310,2998,35,21,2,2,0,0
2026-06-20,листовой объект,объект Эпсилон ОС,3904,3,0,1,0,0,0,0,0
2026-06-20,листовой объект,объект Пси ОС,3905,2,0,2,0,0,0,0,0
2026-06-20,листовой объект,объект Сигма,4069,2,0,1,0,0,0,0,0
2026-06-20,листовой объект,объект Хи,4095,86,0,17,0,0,0,0,0
2026-06-20,листовой объект,ДП объект Сигма,4177,34,0,5,0,0,0,0,0
2026-06-20,листовой объект,ДУ ПС объект Ро,4369,1767,1653,66,10,0,0,0,0
2026-06-20,листовой объект,объект Ро,4370,17,0,6,0,0,0,0,0
2026-06-20,листовой объект,объект Омикрон,4391,333,0,15,0,0,0,0,0
2026-06-20,листовой объект,ДП объект Омикрон,4392,1308,0,7,0,0,0,0,0
2026-06-20,листовой объект,ДУ объект Хи,4543,241,221,22,13,0,0,0,0
2026-06-20,листовой объект,Шкаф ОПС ПС объект Ро,4569,8,0,3,0,0,0,0,0
2026-06-20,листовой объект,ДП ПС объект Омега,4574,70,0,8,0,0,0,0,0
2026-06-20,листовой объект,ДУ объект Дельта,4610,4511,4389,51,20,15,10,0,0
2026-06-20,листовой объект,ПС объект Омега,4648,30,0,4,0,0,0,0,0
2026-06-20,листовой объект,ДУ ПС объект Омега,5003,348,208,18,8,0,0,0,0
2026-06-20,листовой объект,Шкаф ОПС ПС объект Тау,5009,6,0,1,0,0,0,0,0
2026-06-20,листовой объект,ДУ объект Вита,5011,114,0,44,0,0,0,0,0
2026-06-20,листовой объект,объект Дельта,5113,39,0,14,0,0,0,0,0
2026-06-20,листовой объект,ДУ объект Альфа,5122,107826,107611,99,54,0,0,0,0
2026-06-20,листовой объект,ДП объект Альфа,5123,591,0,12,0,0,0,0,0
2026-06-20,листовой объект,ДП объект Альфа 2 этаж,5124,2,0,1,0,0,0,0,0
2026-06-20,листовой объект,объект Фита,5129,1,0,1,0,0,0,0,0
2026-06-20,листовой объект,объект Йота ДУ,5218,64,0,22,0,10,10,0,0
2026-06-20,листовой объект,объект Кси ПК0-ПК202,5332,8,0,2,0,0,0,0,0
2026-06-20,листовой объект,ДУ объект Кси,5333,5902,5836,12,3,5,5,0,0
2026-06-20,листовой объект,ДП объект Кси,5336,68,0,6,0,0,0,0,0
2026-06-20,листовой объект,объект Пси,5339,91,0,3,0,0,0,0,0
2026-06-20,листовой объект,объект Кси ПК202-ПК302,5343,21,0,2,0,0,0,0,0
2026-06-20,листовой объект,объект Каппа ПС,5567,4,0,2,0,0,0,0,0
2026-06-20,листовой объект,объект Дзета ДУ,5578,9388,9386,23,22,0,0,0,0
2026-06-20,листовой объект,объект Дзета ОС,5580,10,0,4,0,0,0,0,0
2026-06-20,листовой объект,объект Зита ОС,5582,1,0,1,0,0,0,0,0
2026-06-20,листовой объект,объект Каппа ДУ,5657,8676,8480,95,29,18,18,0,0
2026-06-20,листовой объект,объект Мю ДП,5674,236,0,8,0,0,0,0,0
2026-06-20,листовой объект,объект Мю ДУ,5675,6579,6325,100,27,33,16,0,0
2026-06-20,листовой объект,объект Мю ОС,5676,94,0,29,0,0,0,0,0
2026-06-20,листовой объект,объект Мю шкафы,5678,8,0,1,0,0,0,0,0
2026-06-20,листовой объект,объект Гамма ОС,5961,12,0,3,0,0,0,0,0
2026-06-20,листовой объект,объект Гамма ДУ,5963,1110,0,52,0,3,2,0,0
2026-06-21,коллектор,объект Альфа,5,111191,109747,117,54,0,0,0,0
2026-06-21,коллектор,объект Бета,6,6,0,6,0,0,0,0,0
2026-06-21,коллектор,объект Гамма,7,1333,0,74,0,0,0,0,0
2026-06-21,коллектор,Комплекс объект Дельта,8,5997,5967,30,19,0,0,0,0
2026-06-21,коллектор,объект Вита,9,1057,0,63,0,0,0,0,0
2026-06-21,коллектор,объект Эпсилон,11,2925,2654,157,32,8,8,0,0
2026-06-21,коллектор,объект Зита,12,9103,9087,30,22,0,0,0,0
2026-06-21,коллектор,объект Каппа,15,9231,9191,44,29,0,0,0,0
2026-06-21,коллектор,объект Йота,3218,618,0,10,0,0,0,0,0
2026-06-21,коллектор,объект Тау,3355,134,0,23,0,0,0,0,0
2026-06-21,коллектор,объект Омикрон,3359,5403,2935,49,13,0,0,0,0
2026-06-21,коллектор,объект Мю,3828,6458,5888,119,29,0,0,0,0
2026-06-21,коллектор,объект Сигма,4068,155,0,13,0,4,4,0,0
2026-06-21,коллектор,ПС объект Ро,4356,2697,2540,70,8,0,0,0,0
2026-06-21,коллектор,ПС объект Омега,4573,674,384,33,8,0,0,0,0
2026-06-21,коллектор,объект Кси,5327,5625,5582,9,3,1,1,0,0
2026-06-21,листовой объект,объект Фита,20,6,0,6,0,0,0,0,0
2026-06-21,листовой объект,объект Вита,28,39,0,13,0,0,0,0,0
2026-06-21,листовой объект,объект Каппа ОС,42,22,0,12,0,0,0,0,0
2026-06-21,листовой объект,ДП объект Вита,99,908,0,6,0,0,0,0,0
2026-06-21,листовой объект,ДП ПС объект Ро,108,30,0,4,0,0,0,0,0
2026-06-21,листовой объект,объект Йота,3215,8,0,6,0,0,0,0,0
2026-06-21,листовой объект,ДП объект Йота,3216,610,0,4,0,0,0,0,0
2026-06-21,листовой объект,ПС объект Тау,3356,130,0,21,0,0,0,0,0
2026-06-21,листовой объект,ДУ объект Омикрон,3360,3015,2935,26,13,0,0,0,0
2026-06-21,листовой объект,ДУ объект Тау,3388,4,0,2,0,0,0,0,0
2026-06-21,листовой объект,ДП объект Эпсилон,3902,2457,2377,55,19,8,8,0,0
2026-06-21,листовой объект,объект Эпсилон ОС,3904,15,0,4,0,0,0,0,0
2026-06-21,листовой объект,объект Пси ОС,3905,14,0,3,0,0,0,0,0
2026-06-21,листовой объект,объект Сигма,4069,3,0,2,0,0,0,0,0
2026-06-21,листовой объект,объект Хи,4095,2,0,2,0,0,0,0,0
2026-06-21,листовой объект,ДП объект Сигма,4177,152,0,11,0,4,4,0,0
2026-06-21,листовой объект,ДУ ПС объект Ро,4369,2646,2540,58,8,0,0,0,0
2026-06-21,листовой объект,объект Ро,4370,17,0,7,0,0,0,0,0
2026-06-21,листовой объект,объект Омикрон,4391,204,0,14,0,0,0,0,0
2026-06-21,листовой объект,ДП объект Омикрон,4392,2178,0,8,0,0,0,0,0
2026-06-21,листовой объект,ДУ объект Хи,4543,279,277,14,13,0,0,0,0
2026-06-21,листовой объект,Шкаф ОПС ПС объект Ро,4569,4,0,1,0,0,0,0,0
2026-06-21,листовой объект,ДУ объект Дельта,4610,5975,5967,20,19,0,0,0,0
2026-06-21,листовой объект,ПС объект Омега,4648,20,0,6,0,0,0,0,0
2026-06-21,листовой объект,Шкаф ОПС объект Омикрон,4763,6,0,1,0,0,0,0,0
2026-06-21,листовой объект,ДУ ПС объект Омега,5003,654,384,27,8,0,0,0,0
2026-06-21,листовой объект,ДУ объект Вита,5011,110,0,44,0,0,0,0,0
2026-06-21,листовой объект,объект Дельта,5113,22,0,10,0,0,0,0,0
2026-06-21,листовой объект,ДУ объект Альфа,5122,109935,109747,99,54,0,0,0,0
2026-06-21,листовой объект,ДП объект Альфа,5123,1076,0,12,0,0,0,0,0
2026-06-21,листовой объект,ДП объект Альфа 2 этаж,5124,1,0,1,0,0,0,0,0
2026-06-21,листовой объект,объект Фита,5129,3,0,2,0,0,0,0,0
2026-06-21,листовой объект,ДП объект Зита,5132,1,0,1,0,0,0,0,0
2026-06-21,листовой объект,объект Кси ПК0-ПК202,5332,1,0,1,0,0,0,0,0
2026-06-21,листовой объект,ДУ объект Кси,5333,5624,5582,8,3,1,1,0,0
2026-06-21,листовой объект,объект Пси,5339,179,0,5,0,0,0,0,0
2026-06-21,листовой объект,объект Пси ПС,5537,152,0,76,0,0,0,0,0
2026-06-21,листовой объект,объект Эпсилон ПС,5539,2,0,1,0,0,0,0,0
2026-06-21,листовой объект,Шкафы ПС объект Эпсилон,5540,4,0,2,0,0,0,0,0
2026-06-21,листовой объект,объект Дзета ДУ,5578,9088,9087,23,22,0,0,0,0
2026-06-21,листовой объект,объект Дзета ОС,5580,9,0,3,0,0,0,0,0
2026-06-21,листовой объект,объект Зита ДУ,5591,2,0,1,0,0,0,0,0
2026-06-21,листовой объект,объект Каппа ДУ,5657,9209,9191,32,29,0,0,0,0
2026-06-21,листовой объект,объект Мю ДП,5674,386,0,6,0,0,0,0,0
2026-06-21,листовой объект,объект Мю ДУ,5675,6000,5888,84,29,0,0,0,0
2026-06-21,листовой объект,объект Мю ОС,5676,72,0,29,0,0,0,0,0
2026-06-21,листовой объект,объект Гамма ОС,5961,32,0,9,0,0,0,0,0
2026-06-21,листовой объект,объект Гамма ПС,5962,195,0,1,0,0,0,0,0
2026-06-21,листовой объект,объект Гамма ДУ,5963,1102,0,62,0,0,0,0,0
2026-06-21,листовой объект,объект Гамма шкафы,5966,4,0,2,0,0,0,0,0
2026-06-22,коллектор,объект Альфа,5,113858,110785,153,55,1,1,0,0
2026-06-22,коллектор,объект Бета,6,666,0,131,0,0,0,0,0
2026-06-22,коллектор,объект Гамма,7,1304,0,120,0,71,5,0,0
2026-06-22,коллектор,Комплекс объект Дельта,8,4751,4451,112,22,16,8,0,0
2026-06-22,коллектор,объект Вита,9,3455,0,99,0,0,0,0,0
2026-06-22,коллектор,объект Эпсилон,11,7309,3426,255,37,14,12,0,0
2026-06-22,коллектор,объект Зита,12,9330,9107,68,21,0,0,0,0
2026-06-22,коллектор,объект Каппа,15,9829,9437,123,26,0,0,0,0
2026-06-22,коллектор,объект Йота,3218,5005,0,61,0,0,0,0,0
2026-06-22,коллектор,объект Тау,3355,1533,0,303,0,21,21,0,0
2026-06-22,коллектор,объект Омикрон,3359,8692,3330,76,14,9,8,0,0
2026-06-22,коллектор,объект Мю,3828,10316,7629,164,27,2,1,0,0
2026-06-22,коллектор,объект Сигма,4068,134,0,14,0,4,4,0,0
2026-06-22,коллектор,ПС объект Ро,4356,3050,2882,75,11,0,0,0,0
2026-06-22,коллектор,ПС объект Омега,4573,2888,304,211,8,0,0,0,0
2026-06-22,коллектор,объект Кси,5327,5887,5831,12,3,1,1,0,0
2026-06-22,листовой объект,объект Фита,20,126,0,44,0,0,0,0,0
2026-06-22,листовой объект,объект Вита,28,193,0,22,0,0,0,0,0
2026-06-22,листовой объект,объект Каппа ОС,42,208,0,21,0,0,0,0,0
2026-06-22,листовой объект,ДП объект Вита,99,3108,0,13,0,0,0,0,0
2026-06-22,листовой объект,ДП ПС объект Ро,108,42,0,5,0,0,0,0,0
2026-06-22,листовой объект,ДП объект Бета,111,434,0,78,0,0,0,0,0
2026-06-22,листовой объект,объект Бета,165,104,0,8,0,0,0,0,0
2026-06-22,листовой объект,объект Йота,3215,2619,0,42,0,0,0,0,0
2026-06-22,листовой объект,ДП объект Йота,3216,2358,0,6,0,0,0,0,0
2026-06-22,листовой объект,ПС объект Тау,3356,1010,0,99,0,0,0,0,0
2026-06-22,листовой объект,ДУ объект Омикрон,3360,3453,3330,38,14,9,8,0,0
2026-06-22,листовой объект,ДУ объект Тау,3388,515,0,200,0,21,21,0,0
2026-06-22,листовой объект,ДП объект Эпсилон,3902,6822,3154,192,23,10,8,0,0
2026-06-22,листовой объект,объект Эпсилон ОС,3904,60,0,15,0,0,0,0,0
2026-06-22,листовой объект,объект Пси ОС,3905,125,0,24,0,0,0,0,0
2026-06-22,листовой объект,объект Сигма,4069,2,0,1,0,0,0,0,0
2026-06-22,листовой объект,объект Хи,4095,4,0,3,0,0,0,0,0
2026-06-22,листовой объект,ДП объект Сигма,4177,132,0,13,0,4,4,0,0
2026-06-22,листовой объект,ДУ ПС объект Ро,4369,2994,2882,64,11,0,0,0,0
2026-06-22,листовой объект,объект Ро,4370,14,0,6,0,0,0,0,0
2026-06-22,листовой объект,объект Омикрон,4391,1101,0,26,0,0,0,0,0
2026-06-22,листовой объект,ДП объект Омикрон,4392,4134,0,10,0,0,0,0,0
2026-06-22,листовой объект,Шкаф ОПС объект Хи,4541,4,0,1,0,0,0,0,0
2026-06-22,листовой объект,ДУ объект Хи,4543,294,272,20,14,4,4,0,0
2026-06-22,листовой объект,ДП ПС объект Омега,4574,2036,0,24,0,0,0,0,0
2026-06-22,листовой объект,Шкаф ОПС ПС объект Омега,4577,2,0,1,0,0,0,0,0
2026-06-22,листовой объект,ДУ объект Дельта,4610,4651,4451,88,22,16,8,0,0
2026-06-22,листовой объект,ПС объект Омега,4648,116,0,45,0,0,0,0,0
2026-06-22,листовой объект,Шкаф ОПС объект Омикрон,4763,4,0,2,0,0,0,0,0
2026-06-22,листовой объект,Шкаф ОПС объект Бета,4765,2,0,1,0,0,0,0,0
2026-06-22,листовой объект,Шкаф ОПС объект Вита,4767,4,0,2,0,0,0,0,0
2026-06-22,листовой объект,ДУ ПС объект Омега,5003,734,304,141,8,0,0,0,0
2026-06-22,листовой объект,Шкаф ОПС ПС объект Тау,5009,8,0,4,0,0,0,0,0
2026-06-22,листовой объект,ДУ объект Вита,5011,150,0,62,0,0,0,0,0
2026-06-22,листовой объект,объект Дельта,5113,98,0,23,0,0,0,0,0
2026-06-22,листовой объект,Шкаф ОПС объект Дельта,5114,2,0,1,0,0,0,0,0
2026-06-22,листовой объект,ДУ объект Альфа,5122,111023,110785,121,55,1,1,0,0
2026-06-22,листовой объект,ДП объект Альфа,5123,1754,0,17,0,0,0,0,0
2026-06-22,листовой объект,ДП объект Альфа 2 этаж,5124,925,0,10,0,0,0,0,0
2026-06-22,листовой объект,объект Фита,5129,55,0,7,0,0,0,0,0
2026-06-22,листовой объект,ДП объект Зита,5132,94,0,11,0,0,0,0,0
2026-06-22,листовой объект,объект Йота ДУ,5218,28,0,13,0,0,0,0,0
2026-06-22,листовой объект,объект Кси ПК0-ПК202,5332,2,0,1,0,1,1,0,0
2026-06-22,листовой объект,ДУ объект Кси,5333,5867,5831,6,3,0,0,0,0
2026-06-22,листовой объект,ДП объект Кси,5336,16,0,4,0,0,0,0,0
2026-06-22,листовой объект,объект Пси,5339,150,0,2,0,0,0,0,0
2026-06-22,листовой объект,объект Пси шкаф ОПС,5340,6,0,3,0,0,0,0,0
2026-06-22,листовой объект,объект Кси ПК202-ПК302,5343,2,0,1,0,0,0,0,0
2026-06-22,листовой объект,объект Дзета ДУ,5578,9150,9107,38,21,0,0,0,0
2026-06-22,листовой объект,объект Дзета ОС,5580,29,0,11,0,0,0,0,0
2026-06-22,листовой объект,объект Зита ДУ,5591,2,0,1,0,0,0,0,0
2026-06-22,листовой объект,объект Каппа ДУ,5657,9621,9437,102,26,0,0,0,0
2026-06-22,листовой объект,объект Мю ДП,5674,2114,0,15,0,0,0,0,0
2026-06-22,листовой объект,объект Мю ДУ,5675,7789,7629,103,27,0,0,0,0
2026-06-22,листовой объект,объект Мю ОС,5676,401,0,44,0,0,0,0,0
2026-06-22,листовой объект,объект Мю ПС,5677,12,0,2,0,2,1,0,0
2026-06-22,листовой объект,объект Гамма ОС,5961,87,0,33,0,0,0,0,0
2026-06-22,листовой объект,объект Гамма ПС,5962,129,0,2,0,64,2,0,0
2026-06-22,листовой объект,объект Гамма ДУ,5963,1088,0,85,0,7,3,0,0
2026-06-23,коллектор,объект Альфа,5,112947,110098,149,54,0,0,0,0
2026-06-23,коллектор,объект Бета,6,288,0,63,0,0,0,0,0
2026-06-23,коллектор,объект Гамма,7,821,0,101,0,33,5,0,0
2026-06-23,коллектор,Комплекс объект Дельта,8,4769,4321,182,21,0,0,0,0
2026-06-23,коллектор,объект Вита,9,5421,0,123,0,0,0,0,0
2026-06-23,коллектор,объект Эпсилон,11,6565,3175,99,36,0,0,0,0
2026-06-23,коллектор,объект Зита,12,8333,8291,37,22,0,0,0,0
2026-06-23,коллектор,объект Каппа,15,12159,10493,210,33,28,6,0,0
2026-06-23,коллектор,объект Йота,3218,4160,0,39,0,0,0,0,0
2026-06-23,коллектор,объект Тау,3355,1700,0,178,0,0,0,0,0
2026-06-23,коллектор,объект Омикрон,3359,5266,4123,59,15,1,1,0,0
2026-06-23,коллектор,объект Мю,3828,10813,7413,209,27,3,1,0,0
2026-06-23,коллектор,объект Сигма,4068,34,0,6,0,0,0,0,0
2026-06-23,коллектор,ПС объект Ро,4356,2392,2075,136,8,0,0,0,0
2026-06-23,коллектор,ПС объект Омега,4573,1124,304,91,8,0,0,0,0
2026-06-23,коллектор,объект Кси,5327,9082,6142,308,5,0,0,0,0
2026-06-23,листовой объект,объект Фита,20,58,0,21,0,0,0,0,0
2026-06-23,листовой объект,объект Вита,28,236,0,34,0,0,0,0,0
2026-06-23,листовой объект,объект Каппа ОС,42,691,0,75,0,0,0,0,0
2026-06-23,листовой объект,ДП объект Вита,99,5017,0,14,0,0,0,0,0
2026-06-23,листовой объект,ДП ПС объект Ро,108,52,0,5,0,0,0,0,0
2026-06-23,листовой объект,ДП объект Бета,111,208,0,37,0,0,0,0,0
2026-06-23,листовой объект,объект Бета,165,6,0,3,0,0,0,0,0
2026-06-23,листовой объект,объект Йота,3215,2082,0,21,0,0,0,0,0
2026-06-23,листовой объект,ДП объект Йота,3216,2052,0,5,0,0,0,0,0
2026-06-23,листовой объект,ПС объект Тау,3356,1480,0,69,0,0,0,0,0
2026-06-23,листовой объект,ДУ объект Омикрон,3360,4218,4123,33,15,1,1,0,0
2026-06-23,листовой объект,ДУ объект Тау,3388,220,0,109,0,0,0,0,0
2026-06-23,листовой объект,ДП объект Эпсилон,3902,6114,2800,73,22,0,0,0,0
2026-06-23,листовой объект,объект Эпсилон ОС,3904,5,0,2,0,0,0,0,0
2026-06-23,листовой объект,объект Пси ОС,3905,66,0,7,0,0,0,0,0
2026-06-23,листовой объект,объект Сигма,4069,2,0,1,0,0,0,0,0
2026-06-23,листовой объект,объект Хи,4095,3,0,2,0,0,0,0,0
2026-06-23,листовой объект,ДП объект Сигма,4177,32,0,5,0,0,0,0,0
2026-06-23,листовой объект,ДУ ПС объект Ро,4369,2277,2075,108,8,0,0,0,0
2026-06-23,листовой объект,объект Ро,4370,63,0,23,0,0,0,0,0
2026-06-23,листовой объект,объект Омикрон,4391,288,0,19,0,0,0,0,0
2026-06-23,листовой объект,ДП объект Омикрон,4392,760,0,7,0,0,0,0,0
2026-06-23,листовой объект,ДУ объект Хи,4543,377,375,15,14,0,0,0,0
2026-06-23,листовой объект,ДП ПС объект Омега,4574,488,0,9,0,0,0,0,0
2026-06-23,листовой объект,ДУ объект Дельта,4610,4513,4321,118,21,0,0,0,0
2026-06-23,листовой объект,ПС объект Омега,4648,4,0,1,0,0,0,0,0
2026-06-23,листовой объект,Шкаф ОПС объект Бета,4765,16,0,2,0,0,0,0,0
2026-06-23,листовой объект,Шкаф ОПС объект Зита,4770,2,0,1,0,0,0,0,0
2026-06-23,листовой объект,ДУ ПС объект Омега,5003,632,304,81,8,0,0,0,0
2026-06-23,листовой объект,ДУ объект Вита,5011,168,0,75,0,0,0,0,0
2026-06-23,листовой объект,объект Дельта,5113,256,0,64,0,0,0,0,0
2026-06-23,листовой объект,ДУ объект Альфа,5122,110354,110098,119,54,0,0,0,0
2026-06-23,листовой объект,ДП объект Альфа,5123,1836,0,14,0,0,0,0,0
2026-06-23,листовой объект,ДП объект Альфа 2 этаж,5124,667,0,12,0,0,0,0,0
2026-06-23,листовой объект,объект Фита,5129,2,0,2,0,0,0,0,0
2026-06-23,листовой объект,ДП объект Зита,5132,20,0,6,0,0,0,0,0
2026-06-23,листовой объект,объект Йота ДУ,5218,26,0,13,0,0,0,0,0
2026-06-23,листовой объект,объект Кси ПК0-ПК202,5332,1942,0,253,0,0,0,0,0
2026-06-23,листовой объект,ДУ объект Кси,5333,6250,6142,46,5,0,0,0,0
2026-06-23,листовой объект,ДП объект Кси,5336,878,0,8,0,0,0,0,0
2026-06-23,листовой объект,объект Пси,5339,90,0,4,0,0,0,0,0
2026-06-23,листовой объект,объект Кси ПК202-ПК302,5343,12,0,1,0,0,0,0,0
2026-06-23,листовой объект,объект Каппа ПС,5567,24,0,4,0,0,0,0,0
2026-06-23,листовой объект,объект Дзета ДУ,5578,8293,8291,23,22,0,0,0,0
2026-06-23,листовой объект,объект Дзета ОС,5580,14,0,4,0,0,0,0,0
2026-06-23,листовой объект,объект Зита ДУ,5591,2,0,1,0,0,0,0,0
2026-06-23,листовой объект,объект Каппа ДУ,5657,11444,10493,131,33,28,6,0,0
2026-06-23,листовой объект,объект Мю ДП,5674,2848,0,16,0,0,0,0,0
2026-06-23,листовой объект,объект Мю ДУ,5675,7605,7413,116,27,0,0,0,0
2026-06-23,листовой объект,объект Мю ОС,5676,321,0,75,0,0,0,0,0
2026-06-23,листовой объект,объект Мю ПС,5677,39,0,2,0,3,1,0,0
2026-06-23,листовой объект,объект Гамма ОС,5961,74,0,20,0,0,0,0,0
2026-06-23,листовой объект,объект Гамма ПС,5962,77,0,11,0,32,4,0,0
2026-06-23,листовой объект,объект Гамма ДУ,5963,670,0,70,0,1,1,0,0
2026-06-24,коллектор,объект Альфа,5,111289,108888,145,54,0,0,0,0
2026-06-24,коллектор,объект Бета,6,332,0,75,0,0,0,0,0
2026-06-24,коллектор,объект Гамма,7,1280,0,60,0,63,4,0,0
2026-06-24,коллектор,Комплекс объект Дельта,8,4122,3794,113,19,25,12,0,0
2026-06-24,коллектор,объект Вита,9,3773,0,138,0,0,0,0,0
2026-06-24,коллектор,объект Эпсилон,11,8044,3246,145,32,6,6,0,0
2026-06-24,коллектор,объект Зита,12,10103,9035,162,21,0,0,0,0
2026-06-24,коллектор,объект Каппа,15,8997,8041,172,28,0,0,0,0
2026-06-24,коллектор,объект Йота,3218,4479,0,91,0,0,0,0,0
2026-06-24,коллектор,объект Тау,3355,9264,0,367,0,1,1,0,0
2026-06-24,коллектор,объект Омикрон,3359,7688,4285,134,15,2,1,0,0
2026-06-24,коллектор,объект Мю,3828,10469,7693,143,28,11,11,0,0
2026-06-24,коллектор,объект Сигма,4068,36,0,5,0,0,0,0,0
2026-06-24,коллектор,ПС объект Ро,4356,2299,2083,94,7,0,0,0,0
2026-06-24,коллектор,ПС объект Омега,4573,1450,480,116,8,20,11,0,0
2026-06-24,коллектор,объект Кси,5327,10724,6034,834,6,6,3,0,0
2026-06-24,листовой объект,объект Фита,20,78,0,26,0,0,0,0,0
2026-06-24,листовой объект,объект Вита,28,248,0,38,0,0,0,0,0
2026-06-24,листовой объект,объект Каппа ОС,42,694,0,55,0,0,0,0,0
2026-06-24,листовой объект,ДП объект Вита,99,3335,0,15,0,0,0,0,0
2026-06-24,листовой объект,ДП ПС объект Ро,108,16,0,2,0,0,0,0,0
2026-06-24,листовой объект,ДП объект Бета,111,250,0,48,0,0,0,0,0
2026-06-24,листовой объект,объект Бета,165,4,0,1,0,0,0,0,0
2026-06-24,листовой объект,объект Йота,3215,1625,0,61,0,0,0,0,0
2026-06-24,листовой объект,ДП объект Йота,3216,2808,0,10,0,0,0,0,0
2026-06-24,листовой объект,Шкаф ОПС объект Йота,3250,10,0,3,0,0,0,0,0
2026-06-24,листовой объект,ПС объект Тау,3356,9054,0,268,0,1,1,0,0
2026-06-24,листовой объект,ДУ объект Омикрон,3360,4463,4285,76,15,2,1,0,0
2026-06-24,листовой объект,ДУ объект Тау,3388,194,0,96,0,0,0,0,0
2026-06-24,листовой объект,ДП объект Эпсилон,3902,7473,2933,105,19,6,6,0,0
2026-06-24,листовой объект,объект Эпсилон ОС,3904,32,0,10,0,0,0,0,0
2026-06-24,листовой объект,объект Пси ОС,3905,221,0,15,0,0,0,0,0
2026-06-24,листовой объект,объект Хи,4095,1,0,1,0,0,0,0,0
2026-06-24,листовой объект,ДП объект Сигма,4177,36,0,5,0,0,0,0,0
2026-06-24,листовой объект,ДУ ПС объект Ро,4369,2219,2083,74,7,0,0,0,0
2026-06-24,листовой объект,объект Ро,4370,64,0,18,0,0,0,0,0
2026-06-24,листовой объект,объект Омикрон,4391,423,0,48,0,0,0,0,0
2026-06-24,листовой объект,ДП объект Омикрон,4392,2802,0,10,0,0,0,0,0
2026-06-24,листовой объект,ДУ объект Хи,4543,317,313,14,13,0,0,0,0
2026-06-24,листовой объект,ДП ПС объект Омега,4574,424,0,10,0,0,0,0,0
2026-06-24,листовой объект,Шкаф ОПС ПС объект Омега,4577,6,0,1,0,0,0,0,0
2026-06-24,листовой объект,ДУ объект Дельта,4610,4062,3794,98,19,25,12,0,0
2026-06-24,листовой объект,ПС объект Омега,4648,4,0,1,0,0,0,0,0
2026-06-24,листовой объект,Шкаф ОПС объект Вита,4767,2,0,1,0,0,0,0,0
2026-06-24,листовой объект,ДУ ПС объект Омега,5003,1016,480,104,8,20,11,0,0
2026-06-24,листовой объект,Шкаф ОПС ПС объект Тау,5009,16,0,3,0,0,0,0,0
2026-06-24,листовой объект,ДУ объект Вита,5011,188,0,84,0,0,0,0,0
2026-06-24,листовой объект,объект Дельта,5113,60,0,15,0,0,0,0,0
2026-06-24,листовой объект,ДУ объект Альфа,5122,109142,108888,119,54,0,0,0,0
2026-06-24,листовой объект,ДП объект Альфа,5123,1370,0,14,0,0,0,0,0
2026-06-24,листовой объект,ДП объект Альфа 2 этаж,5124,669,0,10,0,0,0,0,0
2026-06-24,листовой объект,объект Фита,5129,226,0,24,0,0,0,0,0
2026-06-24,листовой объект,ДП объект Зита,5132,182,0,28,0,0,0,0,0
2026-06-24,листовой объект,объект Йота ДУ,5218,36,0,17,0,0,0,0,0
2026-06-24,листовой объект,объект Кси ПК0-ПК202,5332,1622,0,479,0,0,0,0,0
2026-06-24,листовой объект,ДУ объект Кси,5333,6139,6034,45,6,0,0,0,0
2026-06-24,листовой объект,ДП объект Кси,5336,1354,0,12,0,0,0,0,0
2026-06-24,листовой объект,"Шкаф ОПС, ДУ объект Кси",5338,10,0,3,0,0,0,0,0
2026-06-24,листовой объект,объект Пси,5339,108,0,2,0,0,0,0,0
2026-06-24,листовой объект,объект Кси ПК202-ПК302,5343,1599,0,295,0,6,3,0,0
2026-06-24,листовой объект,объект Дзета ДУ,5578,9143,9035,66,21,0,0,0,0
2026-06-24,листовой объект,объект Дзета ОС,5580,542,0,40,0,0,0,0,0
2026-06-24,листовой объект,объект Зита ОС,5582,8,0,3,0,0,0,0,0
2026-06-24,листовой объект,объект Зита ДУ,5591,2,0,1,0,0,0,0,0
2026-06-24,листовой объект,объект Каппа ДУ,5657,8303,8041,117,28,0,0,0,0
2026-06-24,листовой объект,объект Мю ДП,5674,2428,0,15,0,0,0,0,0
2026-06-24,листовой объект,объект Мю ДУ,5675,7886,7693,95,28,11,11,0,0
2026-06-24,листовой объект,объект Мю ОС,5676,124,0,31,0,0,0,0,0
2026-06-24,листовой объект,объект Мю ПС,5677,29,0,1,0,0,0,0,0
2026-06-24,листовой объект,объект Мю шкафы,5678,2,0,1,0,0,0,0,0
2026-06-24,листовой объект,объект Гамма ОС,5961,16,0,4,0,0,0,0,0
2026-06-24,листовой объект,объект Гамма ПС,5962,144,0,4,0,61,3,0,0
2026-06-24,листовой объект,объект Гамма ДУ,5963,1120,0,52,0,2,1,0,0
2026-06-25,коллектор,объект Альфа,5,114079,111182,163,54,0,0,0,0
2026-06-25,коллектор,объект Бета,6,394,0,80,0,0,0,0,0
2026-06-25,коллектор,объект Гамма,7,1261,0,70,0,5,1,0,0
2026-06-25,коллектор,Комплекс объект Дельта,8,3377,3217,96,20,0,0,0,0
2026-06-25,коллектор,объект Вита,9,4348,0,107,0,0,0,0,0
2026-06-25,коллектор,объект Эпсилон,11,7835,2542,280,39,261,43,0,0
2026-06-25,коллектор,объект Зита,12,8950,8473,83,20,0,0,0,0
2026-06-25,коллектор,объект Каппа,15,9049,8185,132,28,2,2,0,0
2026-06-25,коллектор,объект Йота,3218,6310,0,58,0,1,1,0,0
2026-06-25,коллектор,объект Тау,3355,6155,0,98,0,0,0,0,0
2026-06-25,коллектор,объект Омикрон,3359,7320,2952,88,15,3,2,0,0
2026-06-25,коллектор,объект Мю,3828,10216,7652,140,27,0,0,0,0
2026-06-25,коллектор,объект Сигма,4068,401,0,23,0,0,0,0,0
2026-06-25,коллектор,ПС объект Ро,4356,2081,1864,78,8,0,0,0,0
2026-06-25,коллектор,ПС объект Омега,4573,2548,304,110,8,0,0,0,0
2026-06-25,коллектор,объект Кси,5327,9792,6315,293,6,10,8,0,0
2026-06-25,листовой объект,объект Фита,20,110,0,31,0,0,0,0,0
2026-06-25,листовой объект,объект Вита,28,234,0,16,0,0,0,0,0
2026-06-25,листовой объект,объект Каппа ОС,42,676,0,28,0,0,0,0,0
2026-06-25,листовой объект,ДП объект Вита,99,3932,0,13,0,0,0,0,0
2026-06-25,листовой объект,ДП ПС объект Ро,108,48,0,5,0,0,0,0,0
2026-06-25,листовой объект,ДП объект Бета,111,278,0,47,0,0,0,0,0
2026-06-25,листовой объект,объект Бета,165,6,0,2,0,0,0,0,0
2026-06-25,листовой объект,объект Йота,3215,2418,0,37,0,0,0,0,0
2026-06-25,листовой объект,ДП объект Йота,3216,3828,0,7,0,0,0,0,0
2026-06-25,листовой объект,ПС объект Тау,3356,6015,0,28,0,0,0,0,0
2026-06-25,листовой объект,ДУ объект Омикрон,3360,3100,2952,64,15,3,2,0,0
2026-06-25,листовой объект,ДУ объект Тау,3388,140,0,70,0,0,0,0,0
2026-06-25,листовой объект,ДП объект Эпсилон,3902,7106,2242,193,27,261,43,0,0
2026-06-25,листовой объект,Шкафы ОС объект Эпсилон,3903,4,0,1,0,0,0,0,0
2026-06-25,листовой объект,объект Эпсилон ОС,3904,59,0,17,0,0,0,0,0
2026-06-25,листовой объект,объект Пси ОС,3905,162,0,26,0,0,0,0,0
2026-06-25,листовой объект,объект Сигма,4069,36,0,7,0,0,0,0,0
2026-06-25,листовой объект,объект Хи,4095,68,0,15,0,0,0,0,0
2026-06-25,листовой объект,ДП объект Сигма,4177,365,0,16,0,0,0,0,0
2026-06-25,листовой объект,ДУ ПС объект Ро,4369,1984,1864,66,8,0,0,0,0
2026-06-25,листовой объект,объект Ро,4370,49,0,7,0,0,0,0,0
2026-06-25,листовой объект,объект Омикрон,4391,254,0,14,0,0,0,0,0
2026-06-25,листовой объект,ДП объект Омикрон,4392,3966,0,10,0,0,0,0,0
2026-06-25,листовой объект,ДУ объект Хи,4543,322,300,21,12,0,0,0,0
2026-06-25,листовой объект,ДП ПС объект Омега,4574,1842,0,6,0,0,0,0,0
2026-06-25,листовой объект,Шкаф ОПС ПС объект Омега,4577,2,0,1,0,0,0,0,0
2026-06-25,листовой объект,ДУ объект Дельта,4610,3345,3217,82,20,0,0,0,0
2026-06-25,листовой объект,ПС объект Омега,4648,42,0,6,0,0,0,0,0
2026-06-25,листовой объект,Шкаф ОПС объект Вита,4767,8,0,2,0,0,0,0,0
2026-06-25,листовой объект,ДУ ПС объект Омега,5003,662,304,97,8,0,0,0,0
2026-06-25,листовой объект,ДУ объект Вита,5011,174,0,76,0,0,0,0,0
2026-06-25,листовой объект,объект Дельта,5113,32,0,14,0,0,0,0,0
2026-06-25,листовой объект,ДУ объект Альфа,5122,111457,111182,121,54,0,0,0,0
2026-06-25,листовой объект,ДП объект Альфа,5123,1288,0,16,0,0,0,0,0
2026-06-25,листовой объект,ДП объект Альфа 2 этаж,5124,632,0,9,0,0,0,0,0
2026-06-25,листовой объект,объект Фита,5129,38,0,6,0,0,0,0,0
2026-06-25,листовой объект,ДП объект Зита,5132,100,0,21,0,0,0,0,0
2026-06-25,листовой объект,объект Йота ДУ,5218,64,0,14,0,1,1,0,0
2026-06-25,листовой объект,объект Кси ПК0-ПК202,5332,299,0,32,0,1,1,0,0
2026-06-25,листовой объект,ДУ объект Кси,5333,6455,6315,58,6,0,0,0,0
2026-06-25,листовой объект,ДП объект Кси,5336,1218,0,14,0,0,0,0,0
2026-06-25,листовой объект,"Шкаф ОПС, ДУ объект Кси",5338,6,0,3,0,0,0,0,0
2026-06-25,листовой объект,объект Пси,5339,702,0,17,0,0,0,0,0
2026-06-25,листовой объект,объект Кси ПК202-ПК302,5343,1814,0,186,0,9,7,0,0
2026-06-25,листовой объект,объект Пси ПС,5537,104,0,4,0,0,0,0,0
2026-06-25,листовой объект,Шкафы ПС объект Эпсилон,5540,10,0,3,0,0,0,0,0
2026-06-25,листовой объект,объект Дзета ДУ,5578,8517,8473,42,20,0,0,0,0
2026-06-25,листовой объект,объект Дзета ОС,5580,287,0,12,0,0,0,0,0
2026-06-25,листовой объект,объект Зита ОС,5582,4,0,1,0,0,0,0,0
2026-06-25,листовой объект,объект Зита ДУ,5591,4,0,1,0,0,0,0,0
2026-06-25,листовой объект,объект Каппа ДУ,5657,8373,8185,104,28,2,2,0,0
2026-06-25,листовой объект,объект Мю ДП,5674,2306,0,15,0,0,0,0,0
2026-06-25,листовой объект,объект Мю ДУ,5675,7784,7652,92,27,0,0,0,0
2026-06-25,листовой объект,объект Мю ОС,5676,126,0,33,0,0,0,0,0
2026-06-25,листовой объект,объект Гамма ОС,5961,32,0,9,0,0,0,0,0
2026-06-25,листовой объект,объект Гамма ДУ,5963,1229,0,61,0,5,1,0,0
2026-06-26,коллектор,объект Альфа,5,114859,109362,192,54,20,16,0,0
2026-06-26,коллектор,объект Бета,6,573,0,64,0,0,0,0,0
2026-06-26,коллектор,объект Гамма,7,666,0,60,0,1,1,0,0
2026-06-26,коллектор,Комплекс объект Дельта,8,4737,4535,114,22,0,0,0,0
2026-06-26,коллектор,объект Вита,9,3625,0,110,0,0,0,0,0
2026-06-26,коллектор,объект Эпсилон,11,5203,2544,128,31,0,0,0,0
2026-06-26,коллектор,объект Зита,12,8623,7578,129,21,0,0,0,0
2026-06-26,коллектор,объект Каппа,15,8731,8209,133,27,0,0,0,0
2026-06-26,коллектор,объект Йота,3218,4721,0,63,0,0,0,0,0
2026-06-26,коллектор,объект Тау,3355,1557,0,88,0,0,0,0,0
2026-06-26,коллектор,объект Омикрон,3359,8069,3720,72,14,1,1,0,0
2026-06-26,коллектор,объект Мю,3828,8788,7791,129,27,0,0,0,0
2026-06-26,коллектор,объект Сигма,4068,670,0,21,0,0,0,0,0
2026-06-26,коллектор,ПС объект Ро,4356,3513,3220,118,8,0,0,0,0
2026-06-26,коллектор,ПС объект Омега,4573,5427,224,290,8,0,0,0,0
2026-06-26,коллектор,объект Кси,5327,8506,6781,141,3,13,8,0,0
2026-06-26,листовой объект,объект Фита,20,77,0,23,0,0,0,0,0
2026-06-26,листовой объект,объект Вита,28,103,0,21,0,0,0,0,0
2026-06-26,листовой объект,объект Каппа ОС,42,320,0,29,0,0,0,0,0
2026-06-26,листовой объект,ДП объект Вита,99,3354,0,11,0,0,0,0,0
2026-06-26,листовой объект,ДП ПС объект Ро,108,50,0,4,0,0,0,0,0
2026-06-26,листовой объект,ДП объект Бета,111,490,0,39,0,0,0,0,0
2026-06-26,листовой объект,объект Бета,165,6,0,2,0,0,0,0,0
2026-06-26,листовой объект,объект Йота,3215,2309,0,44,0,0,0,0,0
2026-06-26,листовой объект,ДП объект Йота,3216,2386,0,6,0,0,0,0,0
2026-06-26,листовой объект,ПС объект Тау,3356,1421,0,20,0,0,0,0,0
2026-06-26,листовой объект,ДУ объект Омикрон,3360,3810,3720,36,14,1,1,0,0
2026-06-26,листовой объект,ДУ объект Тау,3388,136,0,68,0,0,0,0,0
2026-06-26,листовой объект,ДП объект Эпсилон,3902,4896,2259,102,19,0,0,0,0
2026-06-26,листовой объект,объект Эпсилон ОС,3904,6,0,4,0,0,0,0,0
2026-06-26,листовой объект,объект Пси ОС,3905,8,0,5,0,0,0,0,0
2026-06-26,листовой объект,объект Сигма,4069,190,0,8,0,0,0,0,0
2026-06-26,листовой объект,ДП объект Сигма,4177,480,0,13,0,0,0,0,0
2026-06-26,листовой объект,ДУ ПС объект Ро,4369,3380,3220,86,8,0,0,0,0
2026-06-26,листовой объект,объект Ро,4370,83,0,28,0,0,0,0,0
2026-06-26,листовой объект,объект Омикрон,4391,251,0,26,0,0,0,0,0
2026-06-26,листовой объект,ДП объект Омикрон,4392,4008,0,10,0,0,0,0,0
2026-06-26,листовой объект,ДУ объект Хи,4543,293,285,17,12,0,0,0,0
2026-06-26,листовой объект,ДП ПС объект Омега,4574,4104,0,13,0,0,0,0,0
2026-06-26,листовой объект,ДУ объект Дельта,4610,4691,4535,98,22,0,0,0,0
2026-06-26,листовой объект,ПС объект Омега,4648,706,0,141,0,0,0,0,0
2026-06-26,листовой объект,ДУ ПС объект Омега,5003,617,224,136,8,0,0,0,0
2026-06-26,листовой объект,ДУ объект Вита,5011,168,0,78,0,0,0,0,0
2026-06-26,листовой объект,объект Дельта,5113,46,0,16,0,0,0,0,0
2026-06-26,листовой объект,ДУ объект Альфа,5122,109598,109362,118,54,0,0,0,0
2026-06-26,листовой объект,ДП объект Альфа,5123,3525,0,41,0,15,11,0,0
2026-06-26,листовой объект,ДП объект Альфа 2 этаж,5124,888,0,27,0,5,5,0,0
2026-06-26,листовой объект,объект Фита,5129,53,0,7,0,0,0,0,0
2026-06-26,листовой объект,ДП объект Зита,5132,88,0,15,0,0,0,0,0
2026-06-26,листовой объект,объект Йота ДУ,5218,26,0,13,0,0,0,0,0
2026-06-26,листовой объект,объект Кси ПК0-ПК202,5332,166,0,26,0,8,4,0,0
2026-06-26,листовой объект,ДУ объект Кси,5333,6961,6781,83,3,0,0,0,0
2026-06-26,листовой объект,ДП объект Кси,5336,1236,0,11,0,0,0,0,0
2026-06-26,листовой объект,"Шкаф ОПС, ДУ объект Кси",5338,14,0,1,0,0,0,0,0
2026-06-26,листовой объект,объект Пси,5339,836,0,3,0,0,0,0,0
2026-06-26,листовой объект,объект Пси шкаф ОПС,5340,12,0,3,0,0,0,0,0
2026-06-26,листовой объект,объект Кси ПК202-ПК302,5343,129,0,20,0,5,4,0,0
2026-06-26,листовой объект,объект Дзета ДУ,5578,7688,7578,62,21,0,0,0,0
2026-06-26,листовой объект,объект Дзета ОС,5580,754,0,36,0,0,0,0,0
2026-06-26,листовой объект,объект Зита ОС,5582,12,0,4,0,0,0,0,0
2026-06-26,листовой объект,объект Зита ДУ,5591,8,0,2,0,0,0,0,0
2026-06-26,листовой объект,объект Дзета щит. ПК48 Г1 ПК5,5594,20,0,3,0,0,0,0,0
2026-06-26,листовой объект,объект Каппа ДУ,5657,8411,8209,104,27,0,0,0,0
2026-06-26,листовой объект,объект Мю ДП,5674,772,0,11,0,0,0,0,0
2026-06-26,листовой объект,объект Мю ДУ,5675,7923,7791,92,27,0,0,0,0
2026-06-26,листовой объект,объект Мю ОС,5676,93,0,26,0,0,0,0,0
2026-06-26,листовой объект,объект Гамма ОС,5961,12,0,3,0,0,0,0,0
2026-06-26,листовой объект,объект Гамма ПС,5962,2,0,1,0,1,1,0,0
2026-06-26,листовой объект,объект Гамма ДУ,5963,652,0,56,0,0,0,0,0
2026-06-27,коллектор,объект Альфа,5,112609,110936,114,54,0,0,0,0
2026-06-27,коллектор,объект Бета,6,17,0,7,0,0,0,0,0
2026-06-27,коллектор,объект Гамма,7,533,0,5,0,2,1,0,0
2026-06-27,коллектор,Комплекс объект Дельта,8,3554,3549,19,17,0,0,0,0
2026-06-27,коллектор,объект Вита,9,1661,0,59,0,0,0,0,0
2026-06-27,коллектор,объект Эпсилон,11,2408,2146,70,30,0,0,0,0
2026-06-27,коллектор,объект Зита,12,7176,7149,29,20,0,0,0,0
2026-06-27,коллектор,объект Каппа,15,8238,8106,79,28,0,0,0,0
2026-06-27,коллектор,объект Йота,3218,3557,0,46,0,0,0,0,0
2026-06-27,коллектор,объект Тау,3355,2359,0,8,0,0,0,0,0
2026-06-27,коллектор,объект Омикрон,3359,5735,4394,47,13,0,0,0,0
2026-06-27,коллектор,объект Мю,3828,7875,7278,113,27,0,0,0,0
2026-06-27,коллектор,объект Сигма,4068,120,0,5,0,0,0,0,0
2026-06-27,коллектор,ПС объект Ро,4356,2978,2838,64,11,0,0,0,0
2026-06-27,коллектор,ПС объект Омега,4573,480,288,19,8,0,0,0,0
2026-06-27,коллектор,объект Кси,5327,7161,6988,27,4,4,2,0,0
2026-06-27,листовой объект,объект Фита,20,3,0,3,0,0,0,0,0
2026-06-27,листовой объект,объект Вита,28,45,0,10,0,0,0,0,0
2026-06-27,листовой объект,объект Каппа ОС,42,32,0,7,0,0,0,0,0
2026-06-27,листовой объект,ДП объект Вита,99,1516,0,6,0,0,0,0,0
2026-06-27,листовой объект,ДП ПС объект Ро,108,38,0,4,0,0,0,0,0
2026-06-27,листовой объект,ДП объект Бета,111,14,0,4,0,0,0,0,0
2026-06-27,листовой объект,объект Йота,3215,985,0,27,0,0,0,0,0
2026-06-27,листовой объект,ДП объект Йота,3216,2544,0,6,0,0,0,0,0
2026-06-27,листовой объект,ПС объект Тау,3356,2355,0,6,0,0,0,0,0
2026-06-27,листовой объект,ДУ объект Омикрон,3360,4453,4394,26,13,0,0,0,0
2026-06-27,листовой объект,ДУ объект Тау,3388,4,0,2,0,0,0,0,0
2026-06-27,листовой объект,ДП объект Эпсилон,3902,2100,1890,47,17,0,0,0,0
2026-06-27,листовой объект,объект Эпсилон ОС,3904,39,0,4,0,0,0,0,0
2026-06-27,листовой объект,объект Пси ОС,3905,7,0,4,0,0,0,0,0
2026-06-27,листовой объект,объект Хи,4095,4,0,1,0,0,0,0,0
2026-06-27,листовой объект,ДП объект Сигма,4177,120,0,5,0,0,0,0,0
2026-06-27,листовой объект,ДУ ПС объект Ро,4369,2934,2838,58,11,0,0,0,0
2026-06-27,листовой объект,объект Ро,4370,6,0,2,0,0,0,0,0
2026-06-27,листовой объект,объект Омикрон,4391,264,0,12,0,0,0,0,0
2026-06-27,листовой объект,ДП объект Омикрон,4392,1018,0,9,0,0,0,0,0
2026-06-27,листовой объект,ДУ объект Хи,4543,258,256,14,13,0,0,0,0
2026-06-27,листовой объект,ДУ объект Дельта,4610,3553,3549,18,17,0,0,0,0
2026-06-27,листовой объект,ДУ ПС объект Омега,5003,480,288,19,8,0,0,0,0
2026-06-27,листовой объект,ДУ объект Вита,5011,100,0,43,0,0,0,0,0
2026-06-27,листовой объект,объект Дельта,5113,1,0,1,0,0,0,0,0
2026-06-27,листовой объект,ДУ объект Альфа,5122,111133,110936,100,54,0,0,0,0
2026-06-27,листовой объект,ДП объект Альфа,5123,1198,0,12,0,0,0,0,0
2026-06-27,листовой объект,ДП объект Зита,5132,8,0,2,0,0,0,0,0
2026-06-27,листовой объект,объект Йота ДУ,5218,28,0,13,0,0,0,0,0
2026-06-27,листовой объект,объект Кси ПК0-ПК202,5332,11,0,3,0,1,1,0,0
2026-06-27,листовой объект,ДУ объект Кси,5333,7036,6988,19,4,0,0,0,0
2026-06-27,листовой объект,объект Пси,5339,278,0,2,0,0,0,0,0
2026-06-27,листовой объект,объект Кси ПК202-ПК302,5343,114,0,5,0,3,1,0,0
2026-06-27,листовой объект,объект Дзета ДУ,5578,7151,7149,21,20,0,0,0,0
2026-06-27,листовой объект,объект Дзета ОС,5580,13,0,5,0,0,0,0,0
2026-06-27,листовой объект,объект Зита ДУ,5591,4,0,1,0,0,0,0,0
2026-06-27,листовой объект,объект Каппа ДУ,5657,8206,8106,72,28,0,0,0,0
2026-06-27,листовой объект,объект Мю ДП,5674,438,0,11,0,0,0,0,0
2026-06-27,листовой объект,объект Мю ДУ,5675,7390,7278,82,27,0,0,0,0
2026-06-27,листовой объект,объект Мю ОС,5676,47,0,20,0,0,0,0,0
2026-06-27,листовой объект,объект Гамма ОС,5961,1,0,1,0,0,0,0,0
2026-06-27,листовой объект,объект Гамма ДУ,5963,532,0,4,0,2,1,0,0
2026-06-28,коллектор,объект Альфа,5,113417,109360,111,54,0,0,0,0
2026-06-28,коллектор,объект Бета,6,2,0,2,0,0,0,0,0
2026-06-28,коллектор,объект Гамма,7,1092,0,57,0,6,1,0,0
2026-06-28,коллектор,Комплекс объект Дельта,8,3595,3579,26,17,0,0,0,0
2026-06-28,коллектор,объект Вита,9,1118,0,89,0,15,11,0,0
2026-06-28,коллектор,объект Эпсилон,11,3055,3047,38,33,0,0,0,0
2026-06-28,коллектор,объект Зита,12,7392,7284,53,20,6,3,0,0
2026-06-28,коллектор,объект Каппа,15,8677,8262,59,28,92,18,0,0
2026-06-28,коллектор,объект Йота,3218,767,0,7,0,0,0,0,0
2026-06-28,коллектор,объект Тау,3355,4041,0,14,0,0,0,0,0
2026-06-28,коллектор,объект Омикрон,3359,5261,4185,30,14,0,0,0,0
2026-06-28,коллектор,объект Мю,3828,7520,6726,126,25,1,1,0,0
2026-06-28,коллектор,объект Сигма,4068,40,0,6,0,0,0,0,0
2026-06-28,коллектор,ПС объект Ро,4356,3506,3345,66,10,0,0,0,0
2026-06-28,коллектор,ПС объект Омега,4573,453,256,16,8,8,2,0,0
2026-06-28,коллектор,объект Кси,5327,7213,7123,12,3,0,0,0,0
2026-06-28,листовой объект,объект Фита,20,2,0,2,0,0,0,0,0
2026-06-28,листовой объект,объект Вита,28,167,0,14,0,0,0,0,0
2026-06-28,листовой объект,объект Каппа ОС,42,19,0,9,0,0,0,0,0
2026-06-28,листовой объект,ДП объект Вита,99,710,0,6,0,0,0,0,0
2026-06-28,листовой объект,ДП ПС объект Ро,108,50,0,3,0,0,0,0,0
2026-06-28,листовой объект,объект Йота,3215,3,0,2,0,0,0,0,0
2026-06-28,листовой объект,ДП объект Йота,3216,764,0,5,0,0,0,0,0
2026-06-28,листовой объект,ПС объект Тау,3356,4037,0,12,0,0,0,0,0
2026-06-28,листовой объект,ДУ объект Омикрон,3360,4222,4185,18,14,0,0,0,0
2026-06-28,листовой объект,ДУ объект Тау,3388,4,0,2,0,0,0,0,0
2026-06-28,листовой объект,ДП объект Эпсилон,3902,2778,2778,20,20,0,0,0,0
2026-06-28,листовой объект,объект Эпсилон ОС,3904,1,0,1,0,0,0,0,0
2026-06-28,листовой объект,объект Пси ОС,3905,2,0,2,0,0,0,0,0
2026-06-28,листовой объект,объект Сигма,4069,2,0,1,0,0,0,0,0
2026-06-28,листовой объект,объект Хи,4095,1,0,1,0,0,0,0,0
2026-06-28,листовой объект,ДП объект Сигма,4177,38,0,5,0,0,0,0,0
2026-06-28,листовой объект,ДУ ПС объект Ро,4369,3445,3345,58,10,0,0,0,0
2026-06-28,листовой объект,объект Ро,4370,11,0,5,0,0,0,0,0
2026-06-28,листовой объект,объект Омикрон,4391,19,0,6,0,0,0,0,0
2026-06-28,листовой объект,ДП объект Омикрон,4392,1020,0,6,0,0,0,0,0
2026-06-28,листовой объект,ДУ объект Хи,4543,273,269,14,13,0,0,0,0
2026-06-28,листовой объект,ДУ объект Дельта,4610,3585,3579,18,17,0,0,0,0
2026-06-28,листовой объект,Шкаф ОПС объект Вита,4767,18,0,3,0,0,0,0,0
2026-06-28,листовой объект,ДУ ПС объект Омега,5003,453,256,16,8,8,2,0,0
2026-06-28,листовой объект,ДУ объект Вита,5011,223,0,66,0,15,11,0,0
2026-06-28,листовой объект,объект Дельта,5113,10,0,8,0,0,0,0,0
2026-06-28,листовой объект,ДУ объект Альфа,5122,109554,109360,97,54,0,0,0,0
2026-06-28,листовой объект,ДП объект Альфа,5123,593,0,12,0,0,0,0,0
2026-06-28,листовой объект,объект Фита,5129,24,0,5,0,0,0,0,0
2026-06-28,листовой объект,ДП объект Зита,5132,63,0,12,0,6,3,0,0
2026-06-28,листовой объект,объект Кси ПК0-ПК202,5332,8,0,4,0,0,0,0,0
2026-06-28,листовой объект,ДУ объект Кси,5333,7149,7123,6,3,0,0,0,0
2026-06-28,листовой объект,объект Пси,5339,3270,0,2,0,0,0,0,0
2026-06-28,листовой объект,объект Кси ПК202-ПК302,5343,56,0,2,0,0,0,0,0
2026-06-28,листовой объект,объект Дзета ДУ,5578,7292,7284,28,20,0,0,0,0
2026-06-28,листовой объект,объект Дзета ОС,5580,13,0,8,0,0,0,0,0
2026-06-28,листовой объект,объект Каппа ДУ,5657,8658,8262,50,28,92,18,0,0
2026-06-28,листовой объект,объект Мю ДП,5674,540,0,10,0,0,0,0,0
2026-06-28,листовой объект,объект Мю ДУ,5675,6879,6726,87,25,1,1,0,0
2026-06-28,листовой объект,объект Мю ОС,5676,94,0,28,0,0,0,0,0
2026-06-28,листовой объект,объект Мю ПС,5677,7,0,1,0,0,0,0,0
2026-06-28,листовой объект,объект Гамма ОС,5961,15,0,4,0,0,0,0,0
2026-06-28,листовой объект,объект Гамма ПС,5962,12,0,1,0,6,1,0,0
2026-06-28,листовой объект,объект Гамма ДУ,5963,1065,0,52,0,0,0,0,0
2026-06-29,коллектор,объект Альфа,5,114086,111984,137,54,0,0,0,0
2026-06-29,коллектор,объект Бета,6,296,0,83,0,0,0,0,0
2026-06-29,коллектор,объект Гамма,7,1110,0,128,0,77,4,0,0
2026-06-29,коллектор,Комплекс объект Дельта,8,5586,5304,116,19,0,0,0,0
2026-06-29,коллектор,объект Вита,9,2280,0,136,0,23,12,0,0
2026-06-29,коллектор,объект Эпсилон,11,7950,3321,198,91,15,15,0,0
2026-06-29,коллектор,объект Зита,12,8103,7603,98,20,24,12,0,0
2026-06-29,коллектор,объект Каппа,15,8317,8140,100,28,0,0,0,0
2026-06-29,коллектор,объект Йота,3218,6282,0,64,0,0,0,0,0
2026-06-29,коллектор,объект Тау,3355,2726,0,152,0,0,0,0,0
2026-06-29,коллектор,объект Омикрон,3359,10675,4790,151,29,1,1,0,0
2026-06-29,коллектор,объект Мю,3828,8329,7559,128,25,0,0,0,0
2026-06-29,коллектор,объект Сигма,4068,38,0,5,0,0,0,0,0
2026-06-29,коллектор,ПС объект Ро,4356,3000,2846,72,9,0,0,0,0
2026-06-29,коллектор,ПС объект Омега,4573,1088,208,90,8,0,0,0,0
2026-06-29,коллектор,объект Кси,5327,11972,5990,1008,4,10,6,0,0
2026-06-29,листовой объект,объект Фита,20,96,0,30,0,0,0,0,0
2026-06-29,листовой объект,объект Вита,28,135,0,33,0,0,0,0,0
2026-06-29,листовой объект,объект Каппа ОС,42,37,0,9,0,0,0,0,0
2026-06-29,листовой объект,ДП объект Вита,99,1864,0,10,0,0,0,0,0
2026-06-29,листовой объект,ДП ПС объект Ро,108,28,0,4,0,0,0,0,0
2026-06-29,листовой объект,ДП объект Бета,111,134,0,42,0,0,0,0,0
2026-06-29,листовой объект,объект Бета,165,66,0,11,0,0,0,0,0
2026-06-29,листовой объект,объект Йота,3215,3200,0,46,0,0,0,0,0
2026-06-29,листовой объект,ДП объект Йота,3216,3048,0,5,0,0,0,0,0
2026-06-29,листовой объект,ПС объект Тау,3356,2512,0,45,0,0,0,0,0
2026-06-29,листовой объект,ДУ объект Омикрон,3360,4959,4790,91,29,1,1,0,0
2026-06-29,листовой объект,ДУ объект Тау,3388,214,0,107,0,0,0,0,0
2026-06-29,листовой объект,ДП объект Эпсилон,3902,7114,3052,166,79,15,15,0,0
2026-06-29,листовой объект,Шкафы ОС объект Эпсилон,3903,4,0,1,0,0,0,0,0
2026-06-29,листовой объект,объект Эпсилон ОС,3904,555,0,15,0,0,0,0,0
2026-06-29,листовой объект,объект Пси ОС,3905,5,0,2,0,0,0,0,0
2026-06-29,листовой объект,объект Хи,4095,1,0,1,0,0,0,0,0
2026-06-29,листовой объект,ДП объект Сигма,4177,38,0,5,0,0,0,0,0
2026-06-29,листовой объект,ДУ ПС объект Ро,4369,2962,2846,65,9,0,0,0,0
2026-06-29,листовой объект,объект Ро,4370,10,0,3,0,0,0,0,0
2026-06-29,листовой объект,объект Омикрон,4391,472,0,48,0,0,0,0,0
2026-06-29,листовой объект,ДП объект Омикрон,4392,5234,0,11,0,0,0,0,0
2026-06-29,листовой объект,ДУ объект Хи,4543,271,269,13,12,0,0,0,0
2026-06-29,листовой объект,ДП ПС объект Омега,4574,610,0,9,0,0,0,0,0
2026-06-29,листовой объект,ДУ объект Дельта,4610,5446,5304,87,19,0,0,0,0
2026-06-29,листовой объект,ПС объект Омега,4648,4,0,1,0,0,0,0,0
2026-06-29,листовой объект,Шкаф ОПС объект Омикрон,4763,10,0,1,0,0,0,0,0
2026-06-29,листовой объект,ДУ ПС объект Омега,5003,474,208,80,8,0,0,0,0
2026-06-29,листовой объект,ДУ объект Вита,5011,281,0,93,0,23,12,0,0
2026-06-29,листовой объект,объект Дельта,5113,140,0,29,0,0,0,0,0
2026-06-29,листовой объект,ДУ объект Альфа,5122,112202,111984,112,54,0,0,0,0
2026-06-29,листовой объект,ДП объект Альфа,5123,1046,0,14,0,0,0,0,0
2026-06-29,листовой объект,ДП объект Альфа 2 этаж,5124,678,0,9,0,0,0,0,0
2026-06-29,листовой объект,объект Фита,5129,11,0,6,0,0,0,0,0
2026-06-29,листовой объект,ДП объект Зита,5132,100,0,15,0,0,0,0,0
2026-06-29,листовой объект,объект Йота ДУ,5218,34,0,13,0,0,0,0,0
2026-06-29,листовой объект,объект Кси ПК0-ПК202,5332,1661,0,543,0,4,4,0,0
2026-06-29,листовой объект,ДУ объект Кси,5333,6320,5990,105,4,1,1,0,0
2026-06-29,листовой объект,ДП объект Кси,5336,2554,0,11,0,0,0,0,0
2026-06-29,листовой объект,"Шкаф ОПС, ДУ объект Кси",5338,10,0,4,0,0,0,0,0
2026-06-29,листовой объект,объект Пси,5339,160,0,2,0,0,0,0,0
2026-06-29,листовой объект,объект Кси ПК202-ПК302,5343,1427,0,345,0,5,1,0,0
2026-06-29,листовой объект,объект Дзета ДУ,5578,7753,7603,61,20,24,12,0,0
2026-06-29,листовой объект,объект Дзета ОС,5580,232,0,13,0,0,0,0,0
2026-06-29,листовой объект,объект Зита ОС,5582,5,0,2,0,0,0,0,0
2026-06-29,листовой объект,объект Зита ДУ,5591,2,0,1,0,0,0,0,0
2026-06-29,листовой объект,объект Каппа ДУ,5657,8280,8140,91,28,0,0,0,0
2026-06-29,листовой объект,объект Мю ДП,5674,544,0,7,0,0,0,0,0
2026-06-29,листовой объект,объект Мю ДУ,5675,7705,7559,96,25,0,0,0,0
2026-06-29,листовой объект,объект Мю ОС,5676,80,0,25,0,0,0,0,0
2026-06-29,листовой объект,объект Гамма ОС,5961,92,0,33,0,0,0,0,0
2026-06-29,листовой объект,объект Гамма ПС,5962,149,0,4,0,72,3,0,0
2026-06-29,листовой объект,объект Гамма ДУ,5963,869,0,91,0,5,1,0,0
2026-06-30,коллектор,объект Альфа,5,116800,113252,181,54,0,0,0,0
2026-06-30,коллектор,объект Бета,6,5,0,5,0,0,0,0,0
2026-06-30,коллектор,объект Гамма,7,890,0,71,0,100,3,0,0
2026-06-30,коллектор,Комплекс объект Дельта,8,6354,5943,179,19,0,0,0,0
2026-06-30,коллектор,объект Вита,9,3534,0,108,0,0,0,0,0
2026-06-30,коллектор,объект Эпсилон,11,6768,3365,143,32,0,0,0,0
2026-06-30,коллектор,объект Зита,12,10026,7132,620,21,8,4,0,0
2026-06-30,коллектор,объект Каппа,15,8117,7912,116,28,0,0,0,0
2026-06-30,коллектор,объект Йота,3218,6885,0,65,0,0,0,0,0
2026-06-30,коллектор,объект Тау,3355,3280,0,179,0,6,6,0,0
2026-06-30,коллектор,объект Омикрон,3359,10282,4587,74,14,12,6,0,0
2026-06-30,коллектор,объект Мю,3828,6706,5224,182,27,7,2,0,0
2026-06-30,коллектор,объект Сигма,4068,175,0,22,0,0,0,0,0
2026-06-30,коллектор,ПС объект Ро,4356,3361,3050,140,10,0,0,0,0
2026-06-30,коллектор,ПС объект Омега,4573,2496,288,125,8,9,9,0,0
2026-06-30,коллектор,объект Кси,5327,11117,5503,506,9,52,18,0,0
2026-06-30,листовой объект,объект Фита,20,4,0,4,0,0,0,0,0
2026-06-30,листовой объект,объект Вита,28,129,0,25,0,0,0,0,0
2026-06-30,листовой объект,объект Каппа ОС,42,39,0,14,0,0,0,0,0
2026-06-30,листовой объект,ДП объект Вита,99,3193,0,11,0,0,0,0,0
2026-06-30,листовой объект,ДП ПС объект Ро,108,44,0,5,0,0,0,0,0
2026-06-30,листовой объект,объект Бета,165,1,0,1,0,0,0,0,0
2026-06-30,листовой объект,объект Йота,3215,2993,0,47,0,0,0,0,0
2026-06-30,листовой объект,ДП объект Йота,3216,3866,0,6,0,0,0,0,0
2026-06-30,листовой объект,Шкаф ОПС объект Йота,3250,2,0,1,0,0,0,0,0
2026-06-30,листовой объект,ПС объект Тау,3356,2994,0,56,0,0,0,0,0
2026-06-30,листовой объект,ДУ объект Омикрон,3360,4715,4587,41,14,12,6,0,0
2026-06-30,листовой объект,ДУ объект Тау,3388,280,0,122,0,6,6,0,0
2026-06-30,листовой объект,ДП объект Эпсилон,3902,6284,3048,92,20,0,0,0,0
2026-06-30,листовой объект,объект Эпсилон ОС,3904,64,0,14,0,0,0,0,0
2026-06-30,листовой объект,объект Пси ОС,3905,32,0,6,0,0,0,0,0
2026-06-30,листовой объект,объект Сигма,4069,35,0,7,0,0,0,0,0
2026-06-30,листовой объект,объект Хи,4095,57,0,12,0,0,0,0,0
2026-06-30,листовой объект,ДП объект Сигма,4177,140,0,15,0,0,0,0,0
2026-06-30,листовой объект,ДУ ПС объект Ро,4369,3246,3050,108,10,0,0,0,0
2026-06-30,листовой объект,объект Ро,4370,71,0,27,0,0,0,0,0
2026-06-30,листовой объект,объект Омикрон,4391,427,0,22,0,0,0,0,0
2026-06-30,листовой объект,ДП объект Омикрон,4392,5140,0,11,0,0,0,0,0
2026-06-30,листовой объект,ДУ объект Хи,4543,331,317,19,12,0,0,0,0
2026-06-30,листовой объект,ДП ПС объект Омега,4574,1792,0,9,0,0,0,0,0
2026-06-30,листовой объект,ДУ объект Дельта,4610,6139,5943,116,19,0,0,0,0
2026-06-30,листовой объект,ПС объект Омега,4648,4,0,1,0,0,0,0,0
2026-06-30,листовой объект,Шкаф ОПС объект Зита,4770,10,0,2,0,0,0,0,0
2026-06-30,листовой объект,ДУ ПС объект Омега,5003,700,288,115,8,9,9,0,0
2026-06-30,листовой объект,Шкаф ОПС ПС объект Тау,5009,6,0,1,0,0,0,0,0
2026-06-30,листовой объект,ДУ объект Вита,5011,212,0,72,0,0,0,0,0
2026-06-30,листовой объект,объект Дельта,5113,215,0,63,0,0,0,0,0
2026-06-30,листовой объект,ДУ объект Альфа,5122,113502,113252,130,54,0,0,0,0
2026-06-30,листовой объект,ДП объект Альфа,5123,1612,0,14,0,0,0,0,0
2026-06-30,листовой объект,ДП объект Альфа 2 этаж,5124,1125,0,11,0,0,0,0,0
2026-06-30,листовой объект,объект Фита,5129,105,0,26,0,0,0,0,0
2026-06-30,листовой объект,ДП объект Зита,5132,164,0,33,0,0,0,0,0
2026-06-30,листовой объект,объект Йота ДУ,5218,24,0,11,0,0,0,0,0
2026-06-30,листовой объект,объект Кси ПК0-ПК202,5332,2116,0,326,0,0,0,0,0
2026-06-30,листовой объект,ДУ объект Кси,5333,6002,5503,118,9,46,16,0,0
2026-06-30,листовой объект,ДП объект Кси,5336,2884,0,32,0,0,0,0,0
2026-06-30,листовой объект,"Шкаф ОПС, ДУ объект Кси",5338,28,0,6,0,0,0,0,0
2026-06-30,листовой объект,объект Пси,5339,559,0,25,0,0,0,0,0
2026-06-30,листовой объект,объект Пси шкаф ОПС,5340,2,0,1,0,0,0,0,0
2026-06-30,листовой объект,объект Кси ПК202-ПК302,5343,87,0,24,0,6,2,0,0
2026-06-30,листовой объект,объект Дзета ДУ,5578,7618,7132,110,21,6,2,0,0
2026-06-30,листовой объект,объект Дзета шкафы,5579,56,0,14,0,0,0,0,0
2026-06-30,листовой объект,объект Дзета ОС,5580,625,0,79,0,0,0,0,0
2026-06-30,листовой объект,объект Дзета ПС,5581,1394,0,341,0,0,0,0,0
2026-06-30,листовой объект,объект Зита ОС,5582,8,0,3,0,0,0,0,0
2026-06-30,листовой объект,объект Зита ДУ,5591,17,0,5,0,2,2,0,0
2026-06-30,листовой объект,объект Дзета щит. ПК48 Г1 ПК5,5594,29,0,7,0,0,0,0,0
2026-06-30,листовой объект,объект Каппа ДУ,5657,8078,7912,102,28,0,0,0,0
2026-06-30,листовой объект,объект Мю ДП,5674,934,0,14,0,0,0,0,0
2026-06-30,листовой объект,объект Мю ДУ,5675,5458,5224,104,27,7,2,0,0
2026-06-30,листовой объект,объект Мю ОС,5676,286,0,57,0,0,0,0,0
2026-06-30,листовой объект,объект Мю ПС,5677,24,0,5,0,0,0,0,0
2026-06-30,листовой объект,объект Мю шкафы,5678,4,0,2,0,0,0,0,0
2026-06-30,листовой объект,объект Гамма ОС,5961,34,0,10,0,0,0,0,0
2026-06-30,листовой объект,объект Гамма ПС,5962,214,0,2,0,99,2,0,0
2026-06-30,листовой объект,объект Гамма ДУ,5963,642,0,59,0,1,1,0,0
