месяц,группа,состояние,строк,каналов
2026-01,<вне справочника>,Неопределен,10,2
2026-01,<вне справочника>,Норма,10,2
2026-01,<вне справочника>,Питание от батарей,2,1
2026-01,<вне справочника>,Питание от сети,2,1
2026-01,all_gas,Неисправен,41,14
2026-01,all_gas,Неопределен,3888,281
2026-01,all_gas,Норма,3909,234
2026-01,all_gas,Обнаружен газ,57,12
2026-01,all_gas,Отключено устройство,2,2
2026-01,ctrl_gas,Неисправен,27,13
2026-01,ctrl_gas,Неопределен,3888,281
2026-01,ctrl_gas,Норма,3896,233
2026-01,ctrl_gas,Обнаружен газ,57,12
2026-01,ctrl_gas,Отключено устройство,1,1
2026-01,park_all,01.01.1970 03:00:00,496,21
2026-01,park_all,01.01.1970 03:00:01,494,21
2026-01,park_all,01.01.2026 07:54:05,1,1
2026-01,park_all,01.01.2026 11:13:33,1,1
2026-01,park_all,01.01.2026 11:14:37,1,1
2026-01,park_all,01.01.2026 11:27:01,1,1
2026-01,park_all,01.01.2026 11:30:50,1,1
2026-01,park_all,01.01.2026 17:52:00,1,1
2026-01,park_all,01.01.2026 19:46:48,1,1
2026-01,park_all,01.01.2026 20:08:21,1,1
2026-01,park_all,02.01.2026 07:51:42,1,1
2026-01,park_all,02.01.2026 07:56:45,1,1
2026-01,park_all,02.01.2026 08:18:15,1,1
2026-01,park_all,02.01.2026 12:17:29,1,1
2026-01,park_all,02.01.2026 12:18:52,1,1
2026-01,park_all,02.01.2026 12:23:49,1,1
2026-01,park_all,02.01.2026 12:28:55,1,1
2026-01,park_all,02.01.2026 13:12:47,1,1
2026-01,park_all,02.01.2026 14:25:06,1,1
2026-01,park_all,02.01.2026 20:03:50,1,1
2026-01,park_all,03.01.2026 01:12:54,1,1
2026-01,park_all,03.01.2026 02:38:28,1,1
2026-01,park_all,03.01.2026 07:27:21,1,1
2026-01,park_all,03.01.2026 12:47:09,1,1
2026-01,park_all,03.01.2026 13:00:39,1,1
2026-01,park_all,03.01.2026 20:51:17,1,1
2026-01,park_all,03.01.2026 21:52:09,1,1
2026-01,park_all,03.01.2026 22:35:36,1,1
2026-01,park_all,04.01.2026 07:27:38,1,1
2026-01,park_all,04.01.2026 10:21:11,1,1
2026-01,park_all,04.01.2026 17:22:12,1,1
2026-01,park_all,04.01.2026 20:04:10,1,1
2026-01,park_all,05.01.2026 07:19:00,1,1
2026-01,park_all,05.01.2026 07:57:07,1,1
2026-01,park_all,05.01.2026 08:13:59,1,1
2026-01,park_all,05.01.2026 08:58:57,1,1
2026-01,park_all,05.01.2026 14:23:39,1,1
2026-01,park_all,05.01.2026 17:10:58,1,1
2026-01,park_all,05.01.2026 20:00:15,1,1
2026-01,park_all,05.01.2026 20:03:20,1,1
2026-01,park_all,06.01.2026 03:21:04,1,1
2026-01,park_all,06.01.2026 03:57:43,1,1
2026-01,park_all,06.01.2026 07:12:24,1,1
2026-01,park_all,06.01.2026 07:44:15,1,1
2026-01,park_all,06.01.2026 07:44:17,1,1
2026-01,park_all,06.01.2026 07:47:08,1,1
2026-01,park_all,06.01.2026 08:28:02,1,1
2026-01,park_all,06.01.2026 08:37:21,1,1
2026-01,park_all,06.01.2026 12:36:36,1,1
2026-01,park_all,06.01.2026 16:50:07,1,1
2026-01,park_all,06.01.2026 19:25:40,1,1
2026-01,park_all,06.01.2026 19:25:44,1,1
2026-01,park_all,06.01.2026 19:59:43,1,1
2026-01,park_all,06.01.2026 20:05:03,1,1
2026-01,park_all,07.01.2026 07:30:22,1,1
2026-01,park_all,07.01.2026 15:46:12,1,1
2026-01,park_all,07.01.2026 16:27:20,1,1
2026-01,park_all,07.01.2026 18:19:46,1,1
2026-01,park_all,07.01.2026 23:13:24,1,1
2026-01,park_all,07.01.2026 23:31:46,1,1
2026-01,park_all,08.01.2026 07:36:04,1,1
2026-01,park_all,08.01.2026 08:27:50,1,1
2026-01,park_all,08.01.2026 08:27:56,1,1
2026-01,park_all,08.01.2026 08:33:34,1,1
2026-01,park_all,08.01.2026 08:33:37,1,1
2026-01,park_all,08.01.2026 09:38:03,1,1
2026-01,park_all,08.01.2026 13:42:29,1,1
2026-01,park_all,08.01.2026 13:44:55,1,1
2026-01,park_all,08.01.2026 14:00:27,1,1
2026-01,park_all,08.01.2026 14:00:30,1,1
2026-01,park_all,08.01.2026 14:14:36,1,1
2026-01,park_all,08.01.2026 19:49:58,1,1
2026-01,park_all,08.01.2026 19:50:05,1,1
2026-01,park_all,08.01.2026 20:04:26,1,1
2026-01,park_all,08.01.2026 20:55:24,1,1
2026-01,park_all,08.01.2026 21:31:19,1,1
2026-01,park_all,08.01.2026 22:03:32,1,1
2026-01,park_all,08.01.2026 22:21:47,1,1
2026-01,park_all,09.01.2026 07:19:58,1,1
2026-01,park_all,09.01.2026 07:48:38,1,1
2026-01,park_all,09.01.2026 07:55:08,1,1
2026-01,park_all,09.01.2026 08:09:53,1,1
2026-01,park_all,09.01.2026 08:49:39,1,1
2026-01,park_all,09.01.2026 09:33:40,1,1
2026-01,park_all,09.01.2026 09:59:41,1,1
2026-01,park_all,09.01.2026 11:20:41,1,1
2026-01,park_all,09.01.2026 13:24:29,1,1
2026-01,park_all,09.01.2026 14:48:09,1,1
2026-01,park_all,09.01.2026 15:08:25,1,1
2026-01,park_all,09.01.2026 19:14:07,1,1
2026-01,park_all,09.01.2026 20:00:12,1,1
2026-01,park_all,09.01.2026 20:03:09,1,1
2026-01,park_all,10.01.2026 07:23:17,1,1
2026-01,park_all,10.01.2026 07:56:19,1,1
2026-01,park_all,10.01.2026 13:12:30,1,1
2026-01,park_all,10.01.2026 14:49:27,1,1
2026-01,park_all,10.01.2026 20:03:07,1,1
2026-01,park_all,11.01.2026 03:33:18,1,1
2026-01,park_all,11.01.2026 03:52:05,1,1
2026-01,park_all,11.01.2026 07:26:34,1,1
2026-01,park_all,11.01.2026 20:05:09,1,1
2026-01,park_all,11.01.2026 20:07:11,1,1
2026-01,park_all,11.01.2026 20:08:17,1,1
2026-01,park_all,12.01.2026 07:41:11,1,1
2026-01,park_all,12.01.2026 07:55:40,1,1
2026-01,park_all,12.01.2026 07:57:59,1,1
2026-01,park_all,12.01.2026 08:01:19,1,1
2026-01,park_all,12.01.2026 08:22:21,1,1
2026-01,park_all,12.01.2026 08:22:27,1,1
2026-01,park_all,12.01.2026 08:55:39,1,1
2026-01,park_all,12.01.2026 08:55:43,1,1
2026-01,park_all,12.01.2026 14:42:55,1,1
2026-01,park_all,12.01.2026 14:43:01,1,1
2026-01,park_all,12.01.2026 17:20:55,1,1
2026-01,park_all,12.01.2026 19:15:00,1,1
2026-01,park_all,12.01.2026 19:26:19,1,1
2026-01,park_all,12.01.2026 19:26:24,1,1
2026-01,park_all,12.01.2026 20:04:37,1,1
2026-01,park_all,12.01.2026 20:11:15,1,1
2026-01,park_all,12.01.2026 21:02:49,1,1
2026-01,park_all,12.01.2026 21:17:03,1,1
2026-01,park_all,13.01.2026 05:17:47,1,1
2026-01,park_all,13.01.2026 05:54:57,1,1
2026-01,park_all,13.01.2026 07:55:58,1,1
2026-01,park_all,13.01.2026 07:56:17,1,1
2026-01,park_all,13.01.2026 07:57:56,1,1
2026-01,park_all,13.01.2026 08:00:46,1,1
2026-01,park_all,13.01.2026 09:44:52,1,1
2026-01,park_all,13.01.2026 10:16:39,1,1
2026-01,park_all,13.01.2026 16:16:41,1,1
2026-01,park_all,13.01.2026 16:25:07,1,1
2026-01,park_all,13.01.2026 16:26:47,1,1
2026-01,park_all,13.01.2026 16:59:35,1,1
2026-01,park_all,13.01.2026 17:00:44,1,1
2026-01,park_all,13.01.2026 17:08:32,1,1
2026-01,park_all,13.01.2026 17:33:54,1,1
2026-01,park_all,13.01.2026 20:03:53,1,1
2026-01,park_all,14.01.2026 07:13:52,1,1
2026-01,park_all,14.01.2026 07:56:21,1,1
2026-01,park_all,14.01.2026 07:56:45,1,1
2026-01,park_all,14.01.2026 08:00:20,1,1
2026-01,park_all,14.01.2026 08:43:51,1,1
2026-01,park_all,14.01.2026 08:44:02,1,1
2026-01,park_all,14.01.2026 08:52:51,1,1
2026-01,park_all,14.01.2026 11:36:18,1,1
2026-01,park_all,14.01.2026 12:29:20,1,1
2026-01,park_all,14.01.2026 12:59:03,1,1
2026-01,park_all,14.01.2026 12:59:32,1,1
2026-01,park_all,14.01.2026 13:40:23,1,1
2026-01,park_all,14.01.2026 16:18:02,1,1
2026-01,park_all,14.01.2026 16:33:51,1,1
2026-01,park_all,14.01.2026 16:33:56,1,1
2026-01,park_all,14.01.2026 17:00:26,1,1
2026-01,park_all,14.01.2026 17:29:41,1,1
2026-01,park_all,14.01.2026 20:03:46,1,1
2026-01,park_all,15.01.2026 07:26:43,1,1
2026-01,park_all,15.01.2026 07:42:04,1,1
2026-01,park_all,15.01.2026 07:57:19,1,1
2026-01,park_all,15.01.2026 08:02:47,1,1
2026-01,park_all,15.01.2026 08:26:22,1,1
2026-01,park_all,15.01.2026 08:28:02,1,1
2026-01,park_all,15.01.2026 08:53:19,1,1
2026-01,park_all,15.01.2026 08:58:17,1,1
2026-01,park_all,15.01.2026 12:53:09,1,1
2026-01,park_all,15.01.2026 14:31:45,1,1
2026-01,park_all,15.01.2026 14:56:58,1,1
2026-01,park_all,15.01.2026 16:19:02,1,1
2026-01,park_all,15.01.2026 17:01:17,1,1
2026-01,park_all,15.01.2026 17:24:07,1,1
2026-01,park_all,15.01.2026 17:37:41,1,1
2026-01,park_all,15.01.2026 17:37:47,1,1
2026-01,park_all,15.01.2026 17:41:53,1,1
2026-01,park_all,15.01.2026 18:35:28,1,1
2026-01,park_all,15.01.2026 20:06:02,1,1
2026-01,park_all,15.01.2026 20:47:36,1,1
2026-01,park_all,15.01.2026 20:59:14,1,1
2026-01,park_all,16.01.2026 07:45:37,1,1
2026-01,park_all,16.01.2026 07:51:50,1,1
2026-01,park_all,16.01.2026 07:54:17,1,1
2026-01,park_all,16.01.2026 07:58:07,1,1
2026-01,park_all,16.01.2026 08:30:24,1,1
2026-01,park_all,16.01.2026 16:40:27,1,1
2026-01,park_all,16.01.2026 17:00:43,1,1
2026-01,park_all,16.01.2026 18:05:26,1,1
2026-01,park_all,16.01.2026 18:35:04,1,1
2026-01,park_all,16.01.2026 20:04:30,1,1
2026-01,park_all,16.01.2026 22:34:45,1,1
2026-01,park_all,16.01.2026 23:19:03,1,1
2026-01,park_all,17.01.2026 07:57:08,1,1
2026-01,park_all,17.01.2026 20:04:41,1,1
2026-01,park_all,18.01.2026 04:11:00,1,1
2026-01,park_all,18.01.2026 04:52:56,1,1
2026-01,park_all,18.01.2026 05:03:23,1,1
2026-01,park_all,18.01.2026 07:51:27,1,1
2026-01,park_all,18.01.2026 08:04:57,1,1
2026-01,park_all,18.01.2026 14:30:00,1,1
2026-01,park_all,18.01.2026 15:02:15,1,1
2026-01,park_all,18.01.2026 16:52:55,1,1
2026-01,park_all,18.01.2026 19:25:39,1,1
2026-01,park_all,18.01.2026 19:32:18,1,1
2026-01,park_all,18.01.2026 19:47:44,1,1
2026-01,park_all,18.01.2026 19:53:57,1,1
2026-01,park_all,18.01.2026 20:03:30,1,1
2026-01,park_all,18.01.2026 23:41:36,1,1
2026-01,park_all,19.01.2026 07:20:02,1,1
2026-01,park_all,19.01.2026 07:45:18,1,1
2026-01,park_all,19.01.2026 07:55:11,1,1
2026-01,park_all,19.01.2026 07:58:12,1,1
2026-01,park_all,19.01.2026 08:11:45,1,1
2026-01,park_all,19.01.2026 08:14:06,1,1
2026-01,park_all,19.01.2026 08:55:19,1,1
2026-01,park_all,19.01.2026 08:55:25,1,1
2026-01,park_all,19.01.2026 15:57:10,1,1
2026-01,park_all,19.01.2026 16:01:46,1,1
2026-01,park_all,19.01.2026 17:00:28,1,1
2026-01,park_all,19.01.2026 17:08:00,1,1
2026-01,park_all,19.01.2026 18:52:34,1,1
2026-01,park_all,19.01.2026 18:53:57,1,1
2026-01,park_all,19.01.2026 19:09:25,1,1
2026-01,park_all,19.01.2026 19:30:42,1,1
2026-01,park_all,19.01.2026 19:38:15,1,1
2026-01,park_all,19.01.2026 19:51:11,1,1
2026-01,park_all,19.01.2026 19:51:16,1,1
2026-01,park_all,19.01.2026 20:04:44,1,1
2026-01,park_all,20.01.2026 07:42:43,1,1
2026-01,park_all,20.01.2026 07:53:40,1,1
2026-01,park_all,20.01.2026 07:57:27,1,1
2026-01,park_all,20.01.2026 08:01:30,1,1
2026-01,park_all,20.01.2026 08:01:36,1,1
2026-01,park_all,20.01.2026 08:04:38,1,1
2026-01,park_all,20.01.2026 08:48:00,1,1
2026-01,park_all,20.01.2026 08:48:04,1,1
2026-01,park_all,20.01.2026 09:08:06,1,1
2026-01,park_all,20.01.2026 09:23:53,1,1
2026-01,park_all,20.01.2026 10:24:05,1,1
2026-01,park_all,20.01.2026 10:24:21,1,1
2026-01,park_all,20.01.2026 13:46:27,1,1
2026-01,park_all,20.01.2026 14:33:09,1,1
2026-01,park_all,20.01.2026 14:45:00,1,1
2026-01,park_all,20.01.2026 14:45:02,1,1
2026-01,park_all,20.01.2026 15:32:02,1,1
2026-01,park_all,20.01.2026 15:46:24,1,1
2026-01,park_all,20.01.2026 16:31:36,1,1
2026-01,park_all,20.01.2026 16:40:03,1,1
2026-01,park_all,20.01.2026 16:40:16,1,1
2026-01,park_all,20.01.2026 17:00:24,1,1
2026-01,park_all,20.01.2026 18:24:09,1,1
2026-01,park_all,20.01.2026 19:30:23,1,1
2026-01,park_all,20.01.2026 19:30:28,1,1
2026-01,park_all,20.01.2026 19:30:56,1,1
2026-01,park_all,20.01.2026 20:54:34,1,1
2026-01,park_all,20.01.2026 21:53:13,1,1
2026-01,park_all,21.01.2026 05:28:05,1,1
2026-01,park_all,21.01.2026 06:04:11,1,1
2026-01,park_all,21.01.2026 06:35:44,1,1
2026-01,park_all,21.01.2026 06:35:48,1,1
2026-01,park_all,21.01.2026 07:12:16,1,1
2026-01,park_all,21.01.2026 07:47:59,1,1
2026-01,park_all,21.01.2026 07:50:01,1,1
2026-01,park_all,21.01.2026 07:54:50,1,1
2026-01,park_all,21.01.2026 07:54:51,1,1
2026-01,park_all,21.01.2026 07:56:07,1,1
2026-01,park_all,21.01.2026 08:00:50,1,1
2026-01,park_all,21.01.2026 08:36:01,1,1
2026-01,park_all,21.01.2026 08:52:31,1,1
2026-01,park_all,21.01.2026 08:52:37,1,1
2026-01,park_all,21.01.2026 09:52:11,1,1
2026-01,park_all,21.01.2026 11:08:24,1,1
2026-01,park_all,21.01.2026 14:54:45,1,1
2026-01,park_all,21.01.2026 14:54:51,1,1
2026-01,park_all,21.01.2026 16:05:06,1,1
2026-01,park_all,21.01.2026 16:25:38,1,1
2026-01,park_all,21.01.2026 17:00:30,1,1
2026-01,park_all,21.01.2026 17:03:41,1,1
2026-01,park_all,21.01.2026 17:10:54,1,1
2026-01,park_all,21.01.2026 18:12:23,1,1
2026-01,park_all,21.01.2026 19:06:30,1,1
2026-01,park_all,21.01.2026 20:05:09,1,1
2026-01,park_all,22.01.2026 07:16:41,1,1
2026-01,park_all,22.01.2026 07:43:55,1,1
2026-01,park_all,22.01.2026 07:49:51,1,1
2026-01,park_all,22.01.2026 07:52:21,1,1
2026-01,park_all,22.01.2026 08:03:01,1,1
2026-01,park_all,22.01.2026 08:45:33,1,1
2026-01,park_all,22.01.2026 08:48:14,1,1
2026-01,park_all,22.01.2026 08:52:55,1,1
2026-01,park_all,22.01.2026 08:53:03,1,1
2026-01,park_all,22.01.2026 09:02:03,1,1
2026-01,park_all,22.01.2026 09:02:08,1,1
2026-01,park_all,22.01.2026 09:55:49,1,1
2026-01,park_all,22.01.2026 09:56:01,1,1
2026-01,park_all,22.01.2026 09:56:05,1,1
2026-01,park_all,22.01.2026 10:31:14,1,1
2026-01,park_all,22.01.2026 10:31:58,1,1
2026-01,park_all,22.01.2026 10:32:05,1,1
2026-01,park_all,22.01.2026 13:03:56,1,1
2026-01,park_all,22.01.2026 13:12:08,1,1
2026-01,park_all,22.01.2026 13:12:13,1,1
2026-01,park_all,22.01.2026 14:36:25,1,1
2026-01,park_all,22.01.2026 14:39:14,1,1
2026-01,park_all,22.01.2026 15:06:04,1,1
2026-01,park_all,22.01.2026 15:06:09,1,1
2026-01,park_all,22.01.2026 16:01:32,1,1
2026-01,park_all,22.01.2026 17:06:36,1,1
2026-01,park_all,22.01.2026 17:11:35,1,1
2026-01,park_all,22.01.2026 17:11:37,1,1
2026-01,park_all,22.01.2026 17:20:33,1,1
2026-01,park_all,22.01.2026 18:07:55,1,1
2026-01,park_all,22.01.2026 20:03:12,1,1
2026-01,park_all,23.01.2026 00:04:37,1,1
2026-01,park_all,23.01.2026 00:09:16,1,1
2026-01,park_all,23.01.2026 07:17:09,1,1
2026-01,park_all,23.01.2026 07:40:20,1,1
2026-01,park_all,23.01.2026 07:48:24,1,1
2026-01,park_all,23.01.2026 07:54:35,1,1
2026-01,park_all,23.01.2026 08:20:24,1,1
2026-01,park_all,23.01.2026 08:23:06,1,1
2026-01,park_all,23.01.2026 08:35:51,1,1
2026-01,park_all,23.01.2026 08:45:38,1,1
2026-01,park_all,23.01.2026 09:33:06,1,1
2026-01,park_all,23.01.2026 15:11:02,1,1
2026-01,park_all,23.01.2026 15:11:10,1,1
2026-01,park_all,23.01.2026 16:26:13,1,1
2026-01,park_all,23.01.2026 16:34:56,1,1
2026-01,park_all,23.01.2026 16:35:10,1,1
2026-01,park_all,23.01.2026 17:03:21,1,1
2026-01,park_all,23.01.2026 18:30:13,1,1
2026-01,park_all,23.01.2026 19:50:21,1,1
2026-01,park_all,23.01.2026 19:50:27,1,1
2026-01,park_all,23.01.2026 20:05:16,1,1
2026-01,park_all,23.01.2026 23:26:21,1,1
2026-01,park_all,24.01.2026 00:05:44,1,1
2026-01,park_all,24.01.2026 00:57:32,1,1
2026-01,park_all,24.01.2026 02:31:11,1,1
2026-01,park_all,24.01.2026 05:34:20,1,1
2026-01,park_all,24.01.2026 05:46:55,1,1
2026-01,park_all,24.01.2026 07:27:06,1,1
2026-01,park_all,24.01.2026 13:26:35,1,1
2026-01,park_all,24.01.2026 13:31:12,1,1
2026-01,park_all,24.01.2026 13:40:22,1,1
2026-01,park_all,24.01.2026 13:41:32,1,1
2026-01,park_all,24.01.2026 20:03:01,1,1
2026-01,park_all,25.01.2026 05:10:19,1,1
2026-01,park_all,25.01.2026 06:28:17,1,1
2026-01,park_all,25.01.2026 07:50:32,1,1
2026-01,park_all,25.01.2026 20:01:54,1,1
2026-01,park_all,26.01.2026 06:03:08,1,1
2026-01,park_all,26.01.2026 06:23:25,1,1
2026-01,park_all,26.01.2026 07:18:45,1,1
2026-01,park_all,26.01.2026 07:36:23,1,1
2026-01,park_all,26.01.2026 07:48:56,1,1
2026-01,park_all,26.01.2026 07:56:26,1,1
2026-01,park_all,26.01.2026 07:59:15,1,1
2026-01,park_all,26.01.2026 08:10:23,1,1
2026-01,park_all,26.01.2026 09:05:49,1,1
2026-01,park_all,26.01.2026 09:09:37,1,1
2026-01,park_all,26.01.2026 10:05:39,1,1
2026-01,park_all,26.01.2026 10:33:29,1,1
2026-01,park_all,26.01.2026 11:21:29,1,1
2026-01,park_all,26.01.2026 12:03:10,2,2
2026-01,park_all,26.01.2026 12:41:32,1,1
2026-01,park_all,26.01.2026 13:49:38,1,1
2026-01,park_all,26.01.2026 14:30:14,1,1
2026-01,park_all,26.01.2026 16:05:46,1,1
2026-01,park_all,26.01.2026 16:07:33,1,1
2026-01,park_all,26.01.2026 16:40:16,1,1
2026-01,park_all,26.01.2026 16:55:35,1,1
2026-01,park_all,26.01.2026 17:00:59,1,1
2026-01,park_all,26.01.2026 17:23:46,1,1
2026-01,park_all,26.01.2026 20:03:36,1,1
2026-01,park_all,26.01.2026 23:22:04,1,1
2026-01,park_all,26.01.2026 23:57:54,1,1
2026-01,park_all,27.01.2026 00:02:05,1,1
2026-01,park_all,27.01.2026 00:29:51,1,1
2026-01,park_all,27.01.2026 07:20:02,1,1
2026-01,park_all,27.01.2026 07:28:00,1,1
2026-01,park_all,27.01.2026 07:50:24,1,1
2026-01,park_all,27.01.2026 07:53:58,1,1
2026-01,park_all,27.01.2026 08:00:40,1,1
2026-01,park_all,27.01.2026 08:05:32,1,1
2026-01,park_all,27.01.2026 08:34:51,1,1
2026-01,park_all,27.01.2026 08:34:57,1,1
2026-01,park_all,27.01.2026 09:16:51,1,1
2026-01,park_all,27.01.2026 09:18:51,1,1
2026-01,park_all,27.01.2026 14:09:56,1,1
2026-01,park_all,27.01.2026 15:40:49,1,1
2026-01,park_all,27.01.2026 15:42:24,1,1
2026-01,park_all,27.01.2026 16:00:39,1,1
2026-01,park_all,27.01.2026 16:50:57,1,1
2026-01,park_all,27.01.2026 17:00:53,1,1
2026-01,park_all,27.01.2026 18:23:00,1,1
2026-01,park_all,27.01.2026 19:50:56,1,1
2026-01,park_all,27.01.2026 19:51:02,1,1
2026-01,park_all,27.01.2026 20:05:04,1,1
2026-01,park_all,28.01.2026 01:08:30,1,1
2026-01,park_all,28.01.2026 01:20:59,1,1
2026-01,park_all,28.01.2026 07:14:44,1,1
2026-01,park_all,28.01.2026 07:42:29,1,1
2026-01,park_all,28.01.2026 07:50:37,1,1
2026-01,park_all,28.01.2026 07:53:44,1,1
2026-01,park_all,28.01.2026 07:55:20,1,1
2026-01,park_all,28.01.2026 08:05:02,1,1
2026-01,park_all,28.01.2026 08:05:08,1,1
2026-01,park_all,28.01.2026 08:11:00,1,1
2026-01,park_all,28.01.2026 08:11:03,1,1
2026-01,park_all,28.01.2026 10:03:53,1,1
2026-01,park_all,28.01.2026 12:40:08,1,1
2026-01,park_all,28.01.2026 15:18:43,1,1
2026-01,park_all,28.01.2026 15:18:47,1,1
2026-01,park_all,28.01.2026 16:57:35,1,1
2026-01,park_all,28.01.2026 17:54:53,1,1
2026-01,park_all,28.01.2026 18:33:02,1,1
2026-01,park_all,28.01.2026 18:35:50,1,1
2026-01,park_all,28.01.2026 18:35:55,1,1
2026-01,park_all,28.01.2026 20:02:35,1,1
2026-01,park_all,28.01.2026 21:34:18,1,1
2026-01,park_all,29.01.2026 07:20:31,1,1
2026-01,park_all,29.01.2026 07:38:22,1,1
2026-01,park_all,29.01.2026 07:49:36,1,1
2026-01,park_all,29.01.2026 07:58:00,1,1
2026-01,park_all,29.01.2026 08:00:19,1,1
2026-01,park_all,29.01.2026 09:28:57,1,1
2026-01,park_all,29.01.2026 09:29:03,1,1
2026-01,park_all,29.01.2026 10:12:06,1,1
2026-01,park_all,29.01.2026 11:13:37,1,1
2026-01,park_all,29.01.2026 12:54:39,1,1
2026-01,park_all,29.01.2026 16:31:08,1,1
2026-01,park_all,29.01.2026 17:00:27,1,1
2026-01,park_all,29.01.2026 17:04:19,1,1
2026-01,park_all,29.01.2026 17:05:24,1,1
2026-01,park_all,29.01.2026 17:12:31,1,1
2026-01,park_all,29.01.2026 17:12:43,1,1
2026-01,park_all,29.01.2026 17:33:35,1,1
2026-01,park_all,29.01.2026 17:37:29,1,1
2026-01,park_all,29.01.2026 17:37:35,1,1
2026-01,park_all,29.01.2026 20:03:05,1,1
2026-01,park_all,30.01.2026 07:18:45,1,1
2026-01,park_all,30.01.2026 07:57:16,1,1
2026-01,park_all,30.01.2026 08:01:13,1,1
2026-01,park_all,30.01.2026 08:02:50,1,1
2026-01,park_all,30.01.2026 08:37:39,1,1
2026-01,park_all,30.01.2026 08:37:40,1,1
2026-01,park_all,30.01.2026 08:38:27,1,1
2026-01,park_all,30.01.2026 08:51:34,1,1
2026-01,park_all,30.01.2026 10:25:17,1,1
2026-01,park_all,30.01.2026 10:55:12,1,1
2026-01,park_all,30.01.2026 13:20:40,1,1
2026-01,park_all,30.01.2026 15:16:26,1,1
2026-01,park_all,30.01.2026 15:47:34,1,1
2026-01,park_all,30.01.2026 15:47:40,1,1
2026-01,park_all,30.01.2026 15:47:41,1,1
2026-01,park_all,30.01.2026 16:00:54,1,1
2026-01,park_all,30.01.2026 16:01:01,1,1
2026-01,park_all,30.01.2026 17:00:32,1,1
2026-01,park_all,30.01.2026 17:04:26,1,1
2026-01,park_all,30.01.2026 20:04:56,1,1
2026-01,park_all,31.01.2026 07:23:47,1,1
2026-01,park_all,31.01.2026 20:07:53,1,1
2026-01,park_all,31.01.2026 20:50:25,1,1
2026-01,park_all,31.01.2026 20:53:35,1,1
2026-01,park_all,31.01.2026 21:04:06,1,1
2026-01,park_all,31.01.2026 21:07:47,1,1
2026-01,park_all,Батарея неисправна,7,3
2026-01,park_all,Батарея разряжена,2,2
2026-01,park_all,В норме от +3 до +40,199,67
2026-01,park_all,Включен,9789,515
2026-01,park_all,Вызов,588,33
2026-01,park_all,Выключен,13002,685
2026-01,park_all,Движения нет,214630,645
2026-01,park_all,Дыма нет,1238,765
2026-01,park_all,Есть питание,6137,674
2026-01,park_all,Затоплен,610,47
2026-01,park_all,Много неисправных устройств,103,26
2026-01,park_all,На охране,724,37
2026-01,park_all,Не замкнут,20914,1062
2026-01,park_all,Не определено,46,12
2026-01,park_all,Неисправен,22577,529
2026-01,park_all,Неопределен,41238,8798
2026-01,park_all,Норма,85388,9156
2026-01,park_all,Обесточен,9275,955
2026-01,park_all,Обнаружен газ,57,12
2026-01,park_all,Обнаружен дым,1240,766
2026-01,park_all,Обнаружено движение,214558,587
2026-01,park_all,Отключено устройство,187,106
2026-01,park_all,Питание от батарей,180,49
2026-01,park_all,Питание от сети,185,49
2026-01,park_all,Работают все насосы в АНС,2,1
2026-01,park_all,Разговор,636,45
2026-01,park_all,Рычаг норма,339,227
2026-01,park_all,Рычаг сдернут,339,227
2026-01,park_all,Снято с охраны,727,36
2026-01,park_all,Температура выше 40ºC,6,4
2026-01,park_all,Температура ниже 3ºC,182,67
2026-01,park_all,Устройства на объекте исправны,103,26
2026-01,yas_all,01.01.2026 07:54:05,1,1
2026-01,yas_all,01.01.2026 17:52:00,1,1
2026-01,yas_all,01.01.2026 19:46:48,1,1
2026-01,yas_all,01.01.2026 20:08:21,1,1
2026-01,yas_all,02.01.2026 07:51:42,1,1
2026-01,yas_all,02.01.2026 20:03:50,1,1
2026-01,yas_all,03.01.2026 07:27:21,1,1
2026-01,yas_all,03.01.2026 20:51:17,1,1
2026-01,yas_all,04.01.2026 07:27:38,1,1
2026-01,yas_all,04.01.2026 20:04:10,1,1
2026-01,yas_all,05.01.2026 07:57:07,1,1
2026-01,yas_all,05.01.2026 20:03:20,1,1
2026-01,yas_all,06.01.2026 07:47:08,1,1
2026-01,yas_all,06.01.2026 08:28:02,1,1
2026-01,yas_all,06.01.2026 12:36:36,1,1
2026-01,yas_all,06.01.2026 20:05:03,1,1
2026-01,yas_all,07.01.2026 07:30:22,1,1
2026-01,yas_all,07.01.2026 18:19:46,1,1
2026-01,yas_all,08.01.2026 07:36:04,1,1
2026-01,yas_all,08.01.2026 20:04:26,1,1
2026-01,yas_all,09.01.2026 07:48:38,1,1
2026-01,yas_all,09.01.2026 20:03:09,1,1
2026-01,yas_all,10.01.2026 07:56:19,1,1
2026-01,yas_all,10.01.2026 13:12:30,1,1
2026-01,yas_all,10.01.2026 14:49:27,1,1
2026-01,yas_all,10.01.2026 20:03:07,1,1
2026-01,yas_all,11.01.2026 07:26:34,1,1
2026-01,yas_all,11.01.2026 20:05:09,1,1
2026-01,yas_all,11.01.2026 20:07:11,1,1
2026-01,yas_all,11.01.2026 20:08:17,1,1
2026-01,yas_all,12.01.2026 07:41:11,1,1
2026-01,yas_all,12.01.2026 20:04:37,1,1
2026-01,yas_all,13.01.2026 07:57:56,1,1
2026-01,yas_all,13.01.2026 20:03:53,1,1
2026-01,yas_all,14.01.2026 07:56:45,1,1
2026-01,yas_all,14.01.2026 08:52:51,1,1
2026-01,yas_all,14.01.2026 11:36:18,1,1
2026-01,yas_all,14.01.2026 20:03:46,1,1
2026-01,yas_all,15.01.2026 07:42:04,1,1
2026-01,yas_all,15.01.2026 08:28:02,1,1
2026-01,yas_all,15.01.2026 12:53:09,1,1
2026-01,yas_all,15.01.2026 20:06:02,1,1
2026-01,yas_all,16.01.2026 07:45:37,1,1
2026-01,yas_all,16.01.2026 20:04:30,1,1
2026-01,yas_all,17.01.2026 07:57:08,1,1
2026-01,yas_all,17.01.2026 20:04:41,1,1
2026-01,yas_all,18.01.2026 04:52:56,1,1
2026-01,yas_all,18.01.2026 07:51:27,1,1
2026-01,yas_all,18.01.2026 08:04:57,1,1
2026-01,yas_all,18.01.2026 20:03:30,1,1
2026-01,yas_all,19.01.2026 07:45:18,1,1
2026-01,yas_all,19.01.2026 20:04:44,1,1
2026-01,yas_all,20.01.2026 07:42:43,1,1
2026-01,yas_all,20.01.2026 09:08:06,1,1
2026-01,yas_all,20.01.2026 14:33:09,1,1
2026-01,yas_all,20.01.2026 19:30:56,1,1
2026-01,yas_all,20.01.2026 20:54:34,1,1
2026-01,yas_all,20.01.2026 21:53:13,1,1
2026-01,yas_all,21.01.2026 07:56:07,1,1
2026-01,yas_all,21.01.2026 08:36:01,1,1
2026-01,yas_all,21.01.2026 19:06:30,1,1
2026-01,yas_all,21.01.2026 20:05:09,1,1
2026-01,yas_all,22.01.2026 07:52:21,1,1
2026-01,yas_all,22.01.2026 08:48:14,1,1
2026-01,yas_all,22.01.2026 18:07:55,1,1
2026-01,yas_all,22.01.2026 20:03:12,1,1
2026-01,yas_all,23.01.2026 00:04:37,1,1
2026-01,yas_all,23.01.2026 00:09:16,1,1
2026-01,yas_all,23.01.2026 07:40:20,1,1
2026-01,yas_all,23.01.2026 20:05:16,1,1
2026-01,yas_all,24.01.2026 07:27:06,1,1
2026-01,yas_all,24.01.2026 20:03:01,1,1
2026-01,yas_all,25.01.2026 07:50:32,1,1
2026-01,yas_all,25.01.2026 20:01:54,1,1
2026-01,yas_all,26.01.2026 06:03:08,1,1
2026-01,yas_all,26.01.2026 06:23:25,1,1
2026-01,yas_all,26.01.2026 07:48:56,1,1
2026-01,yas_all,26.01.2026 20:03:36,1,1
2026-01,yas_all,26.01.2026 23:22:04,1,1
2026-01,yas_all,26.01.2026 23:57:54,1,1
2026-01,yas_all,27.01.2026 00:02:05,1,1
2026-01,yas_all,27.01.2026 00:29:51,1,1
2026-01,yas_all,27.01.2026 07:28:00,1,1
2026-01,yas_all,27.01.2026 09:18:51,1,1
2026-01,yas_all,27.01.2026 14:09:56,1,1
2026-01,yas_all,27.01.2026 20:05:04,1,1
2026-01,yas_all,28.01.2026 07:42:29,1,1
2026-01,yas_all,28.01.2026 20:02:35,1,1
2026-01,yas_all,29.01.2026 08:00:19,1,1
2026-01,yas_all,29.01.2026 20:03:05,1,1
2026-01,yas_all,30.01.2026 08:02:50,1,1
2026-01,yas_all,30.01.2026 08:37:39,1,1
2026-01,yas_all,30.01.2026 08:37:40,1,1
2026-01,yas_all,30.01.2026 08:38:27,1,1
2026-01,yas_all,30.01.2026 20:04:56,1,1
2026-01,yas_all,31.01.2026 07:23:47,1,1
2026-01,yas_all,31.01.2026 20:07:53,1,1
2026-01,yas_all,31.01.2026 20:50:25,1,1
2026-01,yas_all,31.01.2026 20:53:35,1,1
2026-01,yas_all,31.01.2026 21:04:06,1,1
2026-01,yas_all,31.01.2026 21:07:47,1,1
2026-01,yas_all,В норме от +3 до +40,46,18
2026-01,yas_all,Включен,693,25
2026-01,yas_all,Выключен,2091,50
2026-01,yas_all,Движения нет,14117,36
2026-01,yas_all,Дыма нет,39,10
2026-01,yas_all,Есть питание,714,47
2026-01,yas_all,Затоплен,9,2
2026-01,yas_all,Много неисправных устройств,2,2
2026-01,yas_all,На охране,51,2
2026-01,yas_all,Не замкнут,761,60
2026-01,yas_all,Неисправен,1480,59
2026-01,yas_all,Неопределен,14576,1290
2026-01,yas_all,Норма,16829,1348
2026-01,yas_all,Обесточен,2129,82
2026-01,yas_all,Обнаружен дым,40,10
2026-01,yas_all,Обнаружено движение,14117,36
2026-01,yas_all,Отключено устройство,32,20
2026-01,yas_all,Питание от батарей,26,5
2026-01,yas_all,Питание от сети,26,5
2026-01,yas_all,Снято с охраны,51,2
2026-01,yas_all,Температура ниже 3ºC,59,20
2026-01,yas_all,Устройства на объекте исправны,2,2
2026-01,yas_gas,Неисправен,14,1
2026-01,yas_gas,Норма,13,1
2026-01,yas_gas,Отключено устройство,1,1
2026-02,<вне справочника>,Батарея неисправна,1,1
2026-02,<вне справочника>,Неисправен,2,1
2026-02,<вне справочника>,Неопределен,41,2
2026-02,<вне справочника>,Норма,41,2
2026-02,<вне справочника>,Питание от батарей,5,2
2026-02,<вне справочника>,Питание от сети,6,2
2026-02,all_gas,Неисправен,72,49
2026-02,all_gas,Неопределен,3577,322
2026-02,all_gas,Норма,3797,362
2026-02,all_gas,Обнаружен газ,178,67
2026-02,all_gas,Отключено устройство,3,1
2026-02,ctrl_gas,Неисправен,72,49
2026-02,ctrl_gas,Неопределен,3576,321
2026-02,ctrl_gas,Норма,3796,361
2026-02,ctrl_gas,Обнаружен газ,178,67
2026-02,ctrl_gas,Отключено устройство,3,1
2026-02,park_all,01.01.1970 03:00:00,483,21
2026-02,park_all,01.01.1970 03:00:01,485,21
2026-02,park_all,01.02.2026 07:48:52,1,1
2026-02,park_all,01.02.2026 10:21:14,1,1
2026-02,park_all,01.02.2026 11:18:14,1,1
2026-02,park_all,01.02.2026 15:35:52,1,1
2026-02,park_all,01.02.2026 18:05:48,1,1
2026-02,park_all,01.02.2026 20:10:21,1,1
2026-02,park_all,02.02.2026 07:17:15,1,1
2026-02,park_all,02.02.2026 07:41:01,1,1
2026-02,park_all,02.02.2026 07:57:18,1,1
2026-02,park_all,02.02.2026 08:07:48,1,1
2026-02,park_all,02.02.2026 08:34:45,1,1
2026-02,park_all,02.02.2026 09:24:06,1,1
2026-02,park_all,02.02.2026 09:24:11,1,1
2026-02,park_all,02.02.2026 09:34:11,1,1
2026-02,park_all,02.02.2026 11:01:52,1,1
2026-02,park_all,02.02.2026 13:33:24,1,1
2026-02,park_all,02.02.2026 13:33:31,1,1
2026-02,park_all,02.02.2026 16:16:41,1,1
2026-02,park_all,02.02.2026 16:18:12,1,1
2026-02,park_all,02.02.2026 16:41:31,1,1
2026-02,park_all,02.02.2026 16:50:40,1,1
2026-02,park_all,02.02.2026 17:00:26,1,1
2026-02,park_all,02.02.2026 17:12:13,1,1
2026-02,park_all,02.02.2026 17:42:39,1,1
2026-02,park_all,02.02.2026 18:09:51,1,1
2026-02,park_all,02.02.2026 20:05:56,1,1
2026-02,park_all,03.02.2026 07:13:23,1,1
2026-02,park_all,03.02.2026 07:47:41,1,1
2026-02,park_all,03.02.2026 07:53:56,1,1
2026-02,park_all,03.02.2026 08:02:33,1,1
2026-02,park_all,03.02.2026 08:16:40,1,1
2026-02,park_all,03.02.2026 08:32:28,1,1
2026-02,park_all,03.02.2026 08:32:35,1,1
2026-02,park_all,03.02.2026 09:54:26,1,1
2026-02,park_all,03.02.2026 14:26:20,1,1
2026-02,park_all,03.02.2026 16:24:28,1,1
2026-02,park_all,03.02.2026 16:46:23,1,1
2026-02,park_all,03.02.2026 16:46:29,1,1
2026-02,park_all,03.02.2026 17:00:16,1,1
2026-02,park_all,03.02.2026 17:04:16,1,1
2026-02,park_all,03.02.2026 18:54:23,1,1
2026-02,park_all,03.02.2026 20:02:02,1,1
2026-02,park_all,03.02.2026 23:11:02,1,1
2026-02,park_all,03.02.2026 23:12:12,1,1
2026-02,park_all,03.02.2026 23:17:46,1,1
2026-02,park_all,03.02.2026 23:20:30,1,1
2026-02,park_all,04.02.2026 07:18:30,1,1
2026-02,park_all,04.02.2026 07:39:34,1,1
2026-02,park_all,04.02.2026 07:58:03,1,1
2026-02,park_all,04.02.2026 08:03:36,1,1
2026-02,park_all,04.02.2026 08:04:04,1,1
2026-02,park_all,04.02.2026 08:09:32,1,1
2026-02,park_all,04.02.2026 08:23:28,1,1
2026-02,park_all,04.02.2026 08:23:34,1,1
2026-02,park_all,04.02.2026 08:50:26,1,1
2026-02,park_all,04.02.2026 08:57:27,1,1
2026-02,park_all,04.02.2026 09:07:27,1,1
2026-02,park_all,04.02.2026 09:07:30,1,1
2026-02,park_all,04.02.2026 09:51:18,1,1
2026-02,park_all,04.02.2026 11:39:21,1,1
2026-02,park_all,04.02.2026 11:39:23,1,1
2026-02,park_all,04.02.2026 11:39:25,1,1
2026-02,park_all,04.02.2026 11:42:44,1,1
2026-02,park_all,04.02.2026 15:08:01,1,1
2026-02,park_all,04.02.2026 15:55:53,1,1
2026-02,park_all,04.02.2026 15:56:01,1,1
2026-02,park_all,04.02.2026 16:27:41,1,1
2026-02,park_all,04.02.2026 16:53:52,1,1
2026-02,park_all,04.02.2026 17:00:59,1,1
2026-02,park_all,04.02.2026 17:20:24,1,1
2026-02,park_all,04.02.2026 17:44:34,1,1
2026-02,park_all,04.02.2026 18:52:49,1,1
2026-02,park_all,04.02.2026 19:36:15,1,1
2026-02,park_all,04.02.2026 19:52:13,1,1
2026-02,park_all,04.02.2026 19:52:19,1,1
2026-02,park_all,04.02.2026 20:05:48,1,1
2026-02,park_all,04.02.2026 21:42:34,1,1
2026-02,park_all,04.02.2026 21:42:57,1,1
2026-02,park_all,04.02.2026 21:43:53,1,1
2026-02,park_all,04.02.2026 21:53:17,1,1
2026-02,park_all,04.02.2026 23:35:20,1,1
2026-02,park_all,04.02.2026 23:46:48,1,1
2026-02,park_all,05.02.2026 07:13:01,1,1
2026-02,park_all,05.02.2026 07:49:21,1,1
2026-02,park_all,05.02.2026 07:54:32,1,1
2026-02,park_all,05.02.2026 08:00:50,1,1
2026-02,park_all,05.02.2026 08:02:12,1,1
2026-02,park_all,05.02.2026 08:06:23,1,1
2026-02,park_all,05.02.2026 08:17:30,1,1
2026-02,park_all,05.02.2026 08:56:32,1,1
2026-02,park_all,05.02.2026 09:00:48,1,1
2026-02,park_all,05.02.2026 09:49:42,1,1
2026-02,park_all,05.02.2026 13:36:22,1,1
2026-02,park_all,05.02.2026 15:43:51,1,1
2026-02,park_all,05.02.2026 16:01:44,1,1
2026-02,park_all,05.02.2026 16:06:41,1,1
2026-02,park_all,05.02.2026 17:00:24,1,1
2026-02,park_all,05.02.2026 18:39:55,1,1
2026-02,park_all,05.02.2026 19:32:18,1,1
2026-02,park_all,05.02.2026 20:04:32,1,1
2026-02,park_all,06.02.2026 07:18:02,1,1
2026-02,park_all,06.02.2026 07:51:25,1,1
2026-02,park_all,06.02.2026 07:57:44,1,1
2026-02,park_all,06.02.2026 07:57:56,1,1
2026-02,park_all,06.02.2026 08:48:27,1,1
2026-02,park_all,06.02.2026 09:21:33,1,1
2026-02,park_all,06.02.2026 10:41:09,1,1
2026-02,park_all,06.02.2026 11:41:13,1,1
2026-02,park_all,06.02.2026 14:10:03,1,1
2026-02,park_all,06.02.2026 15:49:40,1,1
2026-02,park_all,06.02.2026 15:50:07,1,1
2026-02,park_all,06.02.2026 16:59:07,1,1
2026-02,park_all,06.02.2026 17:00:20,1,1
2026-02,park_all,06.02.2026 17:02:57,1,1
2026-02,park_all,06.02.2026 17:07:28,1,1
2026-02,park_all,06.02.2026 17:28:29,1,1
2026-02,park_all,06.02.2026 19:51:30,1,1
2026-02,park_all,06.02.2026 20:03:59,1,1
2026-02,park_all,07.02.2026 07:49:50,1,1
2026-02,park_all,07.02.2026 09:11:55,1,1
2026-02,park_all,07.02.2026 09:24:12,1,1
2026-02,park_all,07.02.2026 09:37:38,1,1
2026-02,park_all,07.02.2026 09:39:56,1,1
2026-02,park_all,07.02.2026 12:40:11,1,1
2026-02,park_all,07.02.2026 13:05:22,1,1
2026-02,park_all,07.02.2026 16:22:58,1,1
2026-02,park_all,07.02.2026 17:46:34,1,1
2026-02,park_all,07.02.2026 20:03:17,1,1
2026-02,park_all,08.02.2026 07:25:33,1,1
2026-02,park_all,08.02.2026 08:33:13,1,1
2026-02,park_all,08.02.2026 08:53:20,1,1
2026-02,park_all,08.02.2026 11:50:20,1,1
2026-02,park_all,08.02.2026 12:36:09,1,1
2026-02,park_all,08.02.2026 20:03:16,1,1
2026-02,park_all,09.02.2026 07:19:46,1,1
2026-02,park_all,09.02.2026 07:41:01,1,1
2026-02,park_all,09.02.2026 07:54:40,1,1
2026-02,park_all,09.02.2026 08:05:31,1,1
2026-02,park_all,09.02.2026 08:22:43,1,1
2026-02,park_all,09.02.2026 08:23:06,1,1
2026-02,park_all,09.02.2026 08:23:09,1,1
2026-02,park_all,09.02.2026 08:27:47,1,1
2026-02,park_all,09.02.2026 08:30:59,1,1
2026-02,park_all,09.02.2026 09:29:22,1,1
2026-02,park_all,09.02.2026 10:52:58,1,1
2026-02,park_all,09.02.2026 10:58:21,1,1
2026-02,park_all,09.02.2026 15:24:02,1,1
2026-02,park_all,09.02.2026 15:57:46,1,1
2026-02,park_all,09.02.2026 15:57:49,1,1
2026-02,park_all,09.02.2026 16:00:10,1,1
2026-02,park_all,09.02.2026 16:00:14,1,1
2026-02,park_all,09.02.2026 16:55:25,1,1
2026-02,park_all,09.02.2026 17:00:17,1,1
2026-02,park_all,09.02.2026 17:47:36,1,1
2026-02,park_all,09.02.2026 19:25:01,1,1
2026-02,park_all,09.02.2026 20:03:07,1,1
2026-02,park_all,09.02.2026 23:00:50,1,1
2026-02,park_all,09.02.2026 23:03:22,1,1
2026-02,park_all,09.02.2026 23:07:29,1,1
2026-02,park_all,09.02.2026 23:08:19,1,1
2026-02,park_all,10.02.2026 07:18:51,1,1
2026-02,park_all,10.02.2026 07:24:38,1,1
2026-02,park_all,10.02.2026 07:55:52,1,1
2026-02,park_all,10.02.2026 08:00:40,1,1
2026-02,park_all,10.02.2026 08:04:30,1,1
2026-02,park_all,10.02.2026 08:17:43,1,1
2026-02,park_all,10.02.2026 08:45:51,1,1
2026-02,park_all,10.02.2026 08:57:23,1,1
2026-02,park_all,10.02.2026 08:59:48,1,1
2026-02,park_all,10.02.2026 08:59:52,1,1
2026-02,park_all,10.02.2026 09:21:25,1,1
2026-02,park_all,10.02.2026 09:29:06,1,1
2026-02,park_all,10.02.2026 14:06:24,1,1
2026-02,park_all,10.02.2026 14:17:23,1,1
2026-02,park_all,10.02.2026 16:07:43,1,1
2026-02,park_all,10.02.2026 16:07:50,1,1
2026-02,park_all,10.02.2026 16:11:38,1,1
2026-02,park_all,10.02.2026 16:18:58,1,1
2026-02,park_all,10.02.2026 17:00:25,1,1
2026-02,park_all,10.02.2026 17:49:47,1,1
2026-02,park_all,10.02.2026 18:08:01,1,1
2026-02,park_all,10.02.2026 18:10:28,1,1
2026-02,park_all,10.02.2026 19:30:02,1,1
2026-02,park_all,10.02.2026 19:44:28,1,1
2026-02,park_all,10.02.2026 20:02:06,1,1
2026-02,park_all,11.02.2026 07:18:17,1,1
2026-02,park_all,11.02.2026 07:58:31,1,1
2026-02,park_all,11.02.2026 08:00:32,1,1
2026-02,park_all,11.02.2026 08:01:09,1,1
2026-02,park_all,11.02.2026 08:26:01,1,1
2026-02,park_all,11.02.2026 08:26:50,1,1
2026-02,park_all,11.02.2026 08:47:53,1,1
2026-02,park_all,11.02.2026 08:48:00,1,1
2026-02,park_all,11.02.2026 08:54:34,1,1
2026-02,park_all,11.02.2026 09:06:25,1,1
2026-02,park_all,11.02.2026 09:51:54,1,1
2026-02,park_all,11.02.2026 10:15:44,1,1
2026-02,park_all,11.02.2026 10:20:50,1,1
2026-02,park_all,11.02.2026 13:35:10,1,1
2026-02,park_all,11.02.2026 15:00:25,1,1
2026-02,park_all,11.02.2026 16:26:34,1,1
2026-02,park_all,11.02.2026 16:26:41,1,1
2026-02,park_all,11.02.2026 16:44:31,1,1
2026-02,park_all,11.02.2026 16:47:40,1,1
2026-02,park_all,11.02.2026 17:00:45,1,1
2026-02,park_all,11.02.2026 17:01:27,1,1
2026-02,park_all,11.02.2026 17:14:18,1,1
2026-02,park_all,11.02.2026 18:59:17,1,1
2026-02,park_all,11.02.2026 20:03:17,1,1
2026-02,park_all,11.02.2026 23:52:27,1,1
2026-02,park_all,11.02.2026 23:53:20,1,1
2026-02,park_all,12.02.2026 01:45:31,1,1
2026-02,park_all,12.02.2026 01:48:32,1,1
2026-02,park_all,12.02.2026 01:56:33,1,1
2026-02,park_all,12.02.2026 01:57:50,1,1
2026-02,park_all,12.02.2026 07:19:18,1,1
2026-02,park_all,12.02.2026 07:43:21,1,1
2026-02,park_all,12.02.2026 07:54:15,1,1
2026-02,park_all,12.02.2026 08:04:25,1,1
2026-02,park_all,12.02.2026 08:04:28,1,1
2026-02,park_all,12.02.2026 08:11:57,1,1
2026-02,park_all,12.02.2026 08:14:42,1,1
2026-02,park_all,12.02.2026 08:51:30,1,1
2026-02,park_all,12.02.2026 09:48:25,1,1
2026-02,park_all,12.02.2026 10:02:42,1,1
2026-02,park_all,12.02.2026 11:38:23,1,1
2026-02,park_all,12.02.2026 14:36:29,1,1
2026-02,park_all,12.02.2026 15:27:25,1,1
2026-02,park_all,12.02.2026 15:41:16,1,1
2026-02,park_all,12.02.2026 16:15:14,1,1
2026-02,park_all,12.02.2026 16:49:13,1,1
2026-02,park_all,12.02.2026 17:02:15,1,1
2026-02,park_all,12.02.2026 17:21:37,1,1
2026-02,park_all,12.02.2026 17:21:40,1,1
2026-02,park_all,12.02.2026 17:24:15,1,1
2026-02,park_all,12.02.2026 17:50:04,1,1
2026-02,park_all,12.02.2026 18:32:29,1,1
2026-02,park_all,12.02.2026 19:31:39,1,1
2026-02,park_all,12.02.2026 20:05:00,1,1
2026-02,park_all,13.02.2026 07:41:46,1,1
2026-02,park_all,13.02.2026 07:54:04,1,1
2026-02,park_all,13.02.2026 07:55:39,1,1
2026-02,park_all,13.02.2026 08:11:54,1,1
2026-02,park_all,13.02.2026 08:12:01,1,1
2026-02,park_all,13.02.2026 08:12:07,1,1
2026-02,park_all,13.02.2026 08:51:55,1,1
2026-02,park_all,13.02.2026 09:22:18,1,1
2026-02,park_all,13.02.2026 09:29:43,1,1
2026-02,park_all,13.02.2026 11:09:17,1,1
2026-02,park_all,13.02.2026 11:59:05,1,1
2026-02,park_all,13.02.2026 12:13:52,1,1
2026-02,park_all,13.02.2026 14:44:45,1,1
2026-02,park_all,13.02.2026 14:44:54,1,1
2026-02,park_all,13.02.2026 15:37:15,1,1
2026-02,park_all,13.02.2026 16:31:31,1,1
2026-02,park_all,13.02.2026 17:01:02,1,1
2026-02,park_all,13.02.2026 17:48:58,1,1
2026-02,park_all,13.02.2026 19:39:24,1,1
2026-02,park_all,13.02.2026 20:03:00,1,1
2026-02,park_all,13.02.2026 22:55:16,1,1
2026-02,park_all,13.02.2026 22:56:37,1,1
2026-02,park_all,13.02.2026 23:45:11,1,1
2026-02,park_all,13.02.2026 23:56:04,1,1
2026-02,park_all,14.02.2026 00:25:13,1,1
2026-02,park_all,14.02.2026 00:38:11,1,1
2026-02,park_all,14.02.2026 07:54:53,1,1
2026-02,park_all,14.02.2026 20:03:05,1,1
2026-02,park_all,15.02.2026 08:02:08,1,1
2026-02,park_all,15.02.2026 09:16:07,1,1
2026-02,park_all,15.02.2026 10:08:10,1,1
2026-02,park_all,15.02.2026 20:04:11,1,1
2026-02,park_all,16.02.2026 07:20:17,1,1
2026-02,park_all,16.02.2026 07:20:24,1,1
2026-02,park_all,16.02.2026 07:20:29,1,1
2026-02,park_all,16.02.2026 07:41:28,1,1
2026-02,park_all,16.02.2026 07:54:00,1,1
2026-02,park_all,16.02.2026 07:59:23,1,1
2026-02,park_all,16.02.2026 08:03:56,1,1
2026-02,park_all,16.02.2026 08:09:57,1,1
2026-02,park_all,16.02.2026 08:30:56,1,1
2026-02,park_all,16.02.2026 08:30:59,1,1
2026-02,park_all,16.02.2026 08:51:05,1,1
2026-02,park_all,16.02.2026 08:55:49,1,1
2026-02,park_all,16.02.2026 09:21:35,1,1
2026-02,park_all,16.02.2026 12:21:50,1,1
2026-02,park_all,16.02.2026 15:19:00,1,1
2026-02,park_all,16.02.2026 15:45:31,1,1
2026-02,park_all,16.02.2026 15:45:36,1,1
2026-02,park_all,16.02.2026 16:33:58,1,1
2026-02,park_all,16.02.2026 16:45:40,1,1
2026-02,park_all,16.02.2026 16:52:08,1,1
2026-02,park_all,16.02.2026 17:00:21,1,1
2026-02,park_all,16.02.2026 18:52:15,1,1
2026-02,park_all,16.02.2026 19:37:02,1,1
2026-02,park_all,16.02.2026 20:04:54,1,1
2026-02,park_all,16.02.2026 22:37:21,1,1
2026-02,park_all,16.02.2026 22:45:42,1,1
2026-02,park_all,17.02.2026 07:19:40,1,1
2026-02,park_all,17.02.2026 07:40:38,1,1
2026-02,park_all,17.02.2026 07:51:14,1,1
2026-02,park_all,17.02.2026 07:52:40,1,1
2026-02,park_all,17.02.2026 07:56:27,1,1
2026-02,park_all,17.02.2026 08:00:30,1,1
2026-02,park_all,17.02.2026 08:14:20,1,1
2026-02,park_all,17.02.2026 08:20:12,1,1
2026-02,park_all,17.02.2026 08:43:01,1,1
2026-02,park_all,17.02.2026 08:43:10,1,1
2026-02,park_all,17.02.2026 14:05:10,1,1
2026-02,park_all,17.02.2026 14:12:59,1,1
2026-02,park_all,17.02.2026 15:39:32,1,1
2026-02,park_all,17.02.2026 15:39:35,1,1
2026-02,park_all,17.02.2026 16:40:24,1,1
2026-02,park_all,17.02.2026 16:51:30,1,1
2026-02,park_all,17.02.2026 16:59:58,1,1
2026-02,park_all,17.02.2026 19:05:53,1,1
2026-02,park_all,17.02.2026 19:32:07,1,1
2026-02,park_all,17.02.2026 20:04:55,1,1
2026-02,park_all,17.02.2026 22:59:55,1,1
2026-02,park_all,17.02.2026 23:06:54,1,1
2026-02,park_all,18.02.2026 07:18:34,1,1
2026-02,park_all,18.02.2026 07:51:09,1,1
2026-02,park_all,18.02.2026 07:54:19,1,1
2026-02,park_all,18.02.2026 07:56:34,1,1
2026-02,park_all,18.02.2026 08:24:56,1,1
2026-02,park_all,18.02.2026 08:25:01,1,1
2026-02,park_all,18.02.2026 08:31:39,1,1
2026-02,park_all,18.02.2026 08:39:50,1,1
2026-02,park_all,18.02.2026 08:47:41,1,1
2026-02,park_all,18.02.2026 10:28:31,1,1
2026-02,park_all,18.02.2026 14:37:32,1,1
2026-02,park_all,18.02.2026 15:24:18,1,1
2026-02,park_all,18.02.2026 15:45:15,1,1
2026-02,park_all,18.02.2026 16:10:15,1,1
2026-02,park_all,18.02.2026 16:35:22,1,1
2026-02,park_all,18.02.2026 16:58:21,1,1
2026-02,park_all,18.02.2026 17:03:38,1,1
2026-02,park_all,18.02.2026 17:03:43,1,1
2026-02,park_all,18.02.2026 17:34:16,1,1
2026-02,park_all,18.02.2026 19:17:27,1,1
2026-02,park_all,18.02.2026 20:02:09,1,1
2026-02,park_all,18.02.2026 20:10:31,1,1
2026-02,park_all,19.02.2026 07:19:36,1,1
2026-02,park_all,19.02.2026 07:55:20,1,1
2026-02,park_all,19.02.2026 07:56:03,1,1
2026-02,park_all,19.02.2026 07:58:10,1,1
2026-02,park_all,19.02.2026 07:58:18,1,1
2026-02,park_all,19.02.2026 08:19:11,1,1
2026-02,park_all,19.02.2026 09:01:33,1,1
2026-02,park_all,19.02.2026 09:03:53,1,1
2026-02,park_all,19.02.2026 10:04:10,1,1
2026-02,park_all,19.02.2026 12:53:57,1,1
2026-02,park_all,19.02.2026 13:03:18,1,1
2026-02,park_all,19.02.2026 14:59:32,1,1
2026-02,park_all,19.02.2026 14:59:41,1,1
2026-02,park_all,19.02.2026 16:42:12,1,1
2026-02,park_all,19.02.2026 17:00:31,1,1
2026-02,park_all,19.02.2026 17:10:05,1,1
2026-02,park_all,19.02.2026 18:44:29,1,1
2026-02,park_all,19.02.2026 19:21:44,1,1
2026-02,park_all,19.02.2026 19:40:26,1,1
2026-02,park_all,19.02.2026 20:07:08,1,1
2026-02,park_all,19.02.2026 22:35:11,1,1
2026-02,park_all,19.02.2026 23:10:24,1,1
2026-02,park_all,20.02.2026 05:59:19,1,1
2026-02,park_all,20.02.2026 06:33:43,1,1
2026-02,park_all,20.02.2026 07:20:01,1,1
2026-02,park_all,20.02.2026 07:31:07,1,1
2026-02,park_all,20.02.2026 07:42:14,1,1
2026-02,park_all,20.02.2026 07:57:41,1,1
2026-02,park_all,20.02.2026 08:00:19,1,1
2026-02,park_all,20.02.2026 08:22:43,1,1
2026-02,park_all,20.02.2026 11:25:20,1,1
2026-02,park_all,20.02.2026 15:48:15,1,1
2026-02,park_all,20.02.2026 16:27:51,1,1
2026-02,park_all,20.02.2026 16:33:24,1,1
2026-02,park_all,20.02.2026 17:00:01,1,1
2026-02,park_all,20.02.2026 19:10:23,1,1
2026-02,park_all,20.02.2026 19:20:42,1,1
2026-02,park_all,20.02.2026 20:03:37,1,1
2026-02,park_all,21.02.2026 07:42:08,1,1
2026-02,park_all,21.02.2026 10:55:41,1,1
2026-02,park_all,21.02.2026 10:59:11,1,1
2026-02,park_all,21.02.2026 11:35:19,1,1
2026-02,park_all,21.02.2026 14:32:32,1,1
2026-02,park_all,21.02.2026 20:01:48,1,1
2026-02,park_all,21.02.2026 21:33:15,1,1
2026-02,park_all,21.02.2026 22:26:30,1,1
2026-02,park_all,22.02.2026 07:53:49,1,1
2026-02,park_all,22.02.2026 20:05:12,1,1
2026-02,park_all,23.02.2026 07:52:47,1,1
2026-02,park_all,23.02.2026 20:05:45,1,1
2026-02,park_all,24.02.2026 00:42:33,1,1
2026-02,park_all,24.02.2026 00:54:43,1,1
2026-02,park_all,24.02.2026 01:12:17,1,1
2026-02,park_all,24.02.2026 01:13:06,1,1
2026-02,park_all,24.02.2026 01:23:50,1,1
2026-02,park_all,24.02.2026 01:24:46,1,1
2026-02,park_all,24.02.2026 07:19:56,1,1
2026-02,park_all,24.02.2026 07:44:08,1,1
2026-02,park_all,24.02.2026 07:55:49,1,1
2026-02,park_all,24.02.2026 08:02:44,1,1
2026-02,park_all,24.02.2026 08:09:40,1,1
2026-02,park_all,24.02.2026 08:20:20,1,1
2026-02,park_all,24.02.2026 08:26:05,1,1
2026-02,park_all,24.02.2026 08:29:18,1,1
2026-02,park_all,24.02.2026 08:43:58,1,1
2026-02,park_all,24.02.2026 09:16:02,1,1
2026-02,park_all,24.02.2026 09:16:06,1,1
2026-02,park_all,24.02.2026 11:40:57,1,1
2026-02,park_all,24.02.2026 11:41:35,1,1
2026-02,park_all,24.02.2026 12:36:55,1,1
2026-02,park_all,24.02.2026 14:19:30,1,1
2026-02,park_all,24.02.2026 14:19:34,1,1
2026-02,park_all,24.02.2026 16:16:53,1,1
2026-02,park_all,24.02.2026 16:19:50,1,1
2026-02,park_all,24.02.2026 17:00:35,1,1
2026-02,park_all,24.02.2026 17:02:04,1,1
2026-02,park_all,24.02.2026 17:58:50,1,1
2026-02,park_all,24.02.2026 19:00:27,1,1
2026-02,park_all,24.02.2026 19:36:38,1,1
2026-02,park_all,24.02.2026 20:02:17,1,1
2026-02,park_all,25.02.2026 05:15:13,1,1
2026-02,park_all,25.02.2026 05:46:52,1,1
2026-02,park_all,25.02.2026 07:14:11,1,1
2026-02,park_all,25.02.2026 07:40:15,1,1
2026-02,park_all,25.02.2026 07:54:26,1,1
2026-02,park_all,25.02.2026 08:00:45,1,1
2026-02,park_all,25.02.2026 08:01:32,1,1
2026-02,park_all,25.02.2026 08:23:35,1,1
2026-02,park_all,25.02.2026 08:25:28,1,1
2026-02,park_all,25.02.2026 08:42:23,1,1
2026-02,park_all,25.02.2026 08:50:12,1,1
2026-02,park_all,25.02.2026 09:04:59,1,1
2026-02,park_all,25.02.2026 10:35:44,1,1
2026-02,park_all,25.02.2026 12:19:21,1,1
2026-02,park_all,25.02.2026 12:42:11,1,1
2026-02,park_all,25.02.2026 12:51:32,1,1
2026-02,park_all,25.02.2026 15:37:09,1,1
2026-02,park_all,25.02.2026 16:33:16,1,1
2026-02,park_all,25.02.2026 16:47:19,1,1
2026-02,park_all,25.02.2026 19:04:57,1,1
2026-02,park_all,25.02.2026 19:49:47,1,1
2026-02,park_all,25.02.2026 20:01:53,1,1
2026-02,park_all,26.02.2026 05:39:05,1,1
2026-02,park_all,26.02.2026 06:40:21,1,1
2026-02,park_all,26.02.2026 07:24:13,1,1
2026-02,park_all,26.02.2026 07:46:21,1,1
2026-02,park_all,26.02.2026 07:53:47,1,1
2026-02,park_all,26.02.2026 07:53:55,1,1
2026-02,park_all,26.02.2026 07:56:53,1,1
2026-02,park_all,26.02.2026 08:17:03,1,1
2026-02,park_all,26.02.2026 08:27:13,1,1
2026-02,park_all,26.02.2026 08:28:44,1,1
2026-02,park_all,26.02.2026 08:44:23,1,1
2026-02,park_all,26.02.2026 10:10:21,1,1
2026-02,park_all,26.02.2026 10:50:37,1,1
2026-02,park_all,26.02.2026 11:13:39,1,1
2026-02,park_all,26.02.2026 15:35:40,1,1
2026-02,park_all,26.02.2026 15:35:43,1,1
2026-02,park_all,26.02.2026 16:43:21,1,1
2026-02,park_all,26.02.2026 16:45:06,1,1
2026-02,park_all,26.02.2026 17:00:23,1,1
2026-02,park_all,26.02.2026 17:12:26,1,1
2026-02,park_all,26.02.2026 18:12:47,1,1
2026-02,park_all,26.02.2026 20:04:30,1,1
2026-02,park_all,27.02.2026 07:13:17,1,1
2026-02,park_all,27.02.2026 07:41:59,1,1
2026-02,park_all,27.02.2026 07:49:47,1,1
2026-02,park_all,27.02.2026 07:52:45,1,1
2026-02,park_all,27.02.2026 07:57:36,1,1
2026-02,park_all,27.02.2026 08:21:44,1,1
2026-02,park_all,27.02.2026 08:29:44,1,1
2026-02,park_all,27.02.2026 10:29:17,1,1
2026-02,park_all,27.02.2026 11:46:30,1,1
2026-02,park_all,27.02.2026 13:57:12,1,1
2026-02,park_all,27.02.2026 14:21:31,1,1
2026-02,park_all,27.02.2026 15:15:51,1,1
2026-02,park_all,27.02.2026 15:37:25,1,1
2026-02,park_all,27.02.2026 16:24:11,1,1
2026-02,park_all,27.02.2026 16:34:55,1,1
2026-02,park_all,27.02.2026 17:01:16,1,1
2026-02,park_all,27.02.2026 17:20:16,1,1
2026-02,park_all,27.02.2026 19:23:27,1,1
2026-02,park_all,27.02.2026 19:31:38,1,1
2026-02,park_all,27.02.2026 20:05:53,1,1
2026-02,park_all,27.02.2026 23:37:51,1,1
2026-02,park_all,27.02.2026 23:38:54,1,1
2026-02,park_all,28.02.2026 07:27:02,1,1
2026-02,park_all,28.02.2026 07:53:41,1,1
2026-02,park_all,28.02.2026 12:13:02,1,1
2026-02,park_all,28.02.2026 20:01:26,1,1
2026-02,park_all,В норме от +3 до +40,247,113
2026-02,park_all,Включен,12733,521
2026-02,park_all,Вызов,343,76
2026-02,park_all,Выключен,19353,677
2026-02,park_all,Движения нет,260768,568
2026-02,park_all,Дыма нет,933,620
2026-02,park_all,Есть питание,7758,684
2026-02,park_all,Затоплен,397,61
2026-02,park_all,Много неисправных устройств,72,15
2026-02,park_all,На охране,731,36
2026-02,park_all,Не замкнут,23952,921
2026-02,park_all,Не определено,139,69
2026-02,park_all,Неисправен,8113,685
2026-02,park_all,Неопределен,55682,7099
2026-02,park_all,Норма,88174,7771
2026-02,park_all,Обесточен,14447,975
2026-02,park_all,Обнаружен газ,178,67
2026-02,park_all,Обнаружен дым,936,620
2026-02,park_all,Обнаружено движение,260767,567
2026-02,park_all,Отключено устройство,145,55
2026-02,park_all,Питание от батарей,177,45
2026-02,park_all,Питание от сети,177,45
2026-02,park_all,Работают все насосы в АНС,34,4
2026-02,park_all,Разговор,405,51
2026-02,park_all,Рычаг норма,272,198
2026-02,park_all,Рычаг сдернут,273,199
2026-02,park_all,Снято с охраны,727,36
2026-02,park_all,Температура выше 40ºC,4,4
2026-02,park_all,Температура ниже 3ºC,109,61
2026-02,park_all,Устройства на объекте исправны,72,15
2026-02,yas_all,01.02.2026 07:48:52,1,1
2026-02,yas_all,01.02.2026 10:21:14,1,1
2026-02,yas_all,01.02.2026 15:35:52,1,1
2026-02,yas_all,01.02.2026 20:10:21,1,1
2026-02,yas_all,02.02.2026 07:57:18,1,1
2026-02,yas_all,02.02.2026 11:01:52,1,1
2026-02,yas_all,02.02.2026 18:09:51,1,1
2026-02,yas_all,02.02.2026 20:05:56,1,1
2026-02,yas_all,03.02.2026 07:47:41,1,1
2026-02,yas_all,03.02.2026 20:02:02,1,1
2026-02,yas_all,04.02.2026 07:39:34,1,1
2026-02,yas_all,04.02.2026 08:50:26,1,1
2026-02,yas_all,04.02.2026 08:57:27,1,1
2026-02,yas_all,04.02.2026 15:08:01,1,1
2026-02,yas_all,04.02.2026 17:44:34,1,1
2026-02,yas_all,04.02.2026 20:05:48,1,1
2026-02,yas_all,04.02.2026 23:35:20,1,1
2026-02,yas_all,04.02.2026 23:46:48,1,1
2026-02,yas_all,05.02.2026 08:02:12,1,1
2026-02,yas_all,05.02.2026 08:17:30,1,1
2026-02,yas_all,05.02.2026 09:00:48,1,1
2026-02,yas_all,05.02.2026 20:04:32,1,1
2026-02,yas_all,06.02.2026 07:51:25,1,1
2026-02,yas_all,06.02.2026 08:48:27,1,1
2026-02,yas_all,06.02.2026 19:51:30,1,1
2026-02,yas_all,06.02.2026 20:03:59,1,1
2026-02,yas_all,07.02.2026 07:49:50,1,1
2026-02,yas_all,07.02.2026 20:03:17,1,1
2026-02,yas_all,08.02.2026 07:25:33,1,1
2026-02,yas_all,08.02.2026 20:03:16,1,1
2026-02,yas_all,09.02.2026 07:41:01,1,1
2026-02,yas_all,09.02.2026 08:30:59,1,1
2026-02,yas_all,09.02.2026 17:47:36,1,1
2026-02,yas_all,09.02.2026 20:03:07,1,1
2026-02,yas_all,10.02.2026 08:00:40,1,1
2026-02,yas_all,10.02.2026 09:21:25,1,1
2026-02,yas_all,10.02.2026 19:44:28,1,1
2026-02,yas_all,10.02.2026 20:02:06,1,1
2026-02,yas_all,11.02.2026 07:58:31,1,1
2026-02,yas_all,11.02.2026 09:06:25,1,1
2026-02,yas_all,11.02.2026 18:59:17,1,1
2026-02,yas_all,11.02.2026 20:03:17,1,1
2026-02,yas_all,12.02.2026 07:43:21,1,1
2026-02,yas_all,12.02.2026 10:02:42,1,1
2026-02,yas_all,12.02.2026 14:36:29,1,1
2026-02,yas_all,12.02.2026 17:24:15,1,1
2026-02,yas_all,12.02.2026 17:50:04,1,1
2026-02,yas_all,12.02.2026 20:05:00,1,1
2026-02,yas_all,13.02.2026 07:41:46,1,1
2026-02,yas_all,13.02.2026 08:51:55,1,1
2026-02,yas_all,13.02.2026 11:59:05,1,1
2026-02,yas_all,13.02.2026 20:03:00,1,1
2026-02,yas_all,13.02.2026 22:55:16,1,1
2026-02,yas_all,13.02.2026 22:56:37,1,1
2026-02,yas_all,14.02.2026 00:25:13,1,1
2026-02,yas_all,14.02.2026 00:38:11,1,1
2026-02,yas_all,14.02.2026 07:54:53,1,1
2026-02,yas_all,14.02.2026 20:03:05,1,1
2026-02,yas_all,15.02.2026 08:02:08,1,1
2026-02,yas_all,15.02.2026 09:16:07,1,1
2026-02,yas_all,15.02.2026 10:08:10,1,1
2026-02,yas_all,15.02.2026 20:04:11,1,1
2026-02,yas_all,16.02.2026 07:41:28,1,1
2026-02,yas_all,16.02.2026 09:21:35,1,1
2026-02,yas_all,16.02.2026 15:19:00,1,1
2026-02,yas_all,16.02.2026 20:04:54,1,1
2026-02,yas_all,17.02.2026 07:40:38,1,1
2026-02,yas_all,17.02.2026 08:00:30,1,1
2026-02,yas_all,17.02.2026 14:05:10,1,1
2026-02,yas_all,17.02.2026 20:04:55,1,1
2026-02,yas_all,18.02.2026 07:54:19,1,1
2026-02,yas_all,18.02.2026 20:02:09,1,1
2026-02,yas_all,19.02.2026 07:56:03,1,1
2026-02,yas_all,19.02.2026 10:04:10,1,1
2026-02,yas_all,19.02.2026 12:53:57,1,1
2026-02,yas_all,19.02.2026 13:03:18,1,1
2026-02,yas_all,19.02.2026 18:44:29,1,1
2026-02,yas_all,19.02.2026 20:07:08,1,1
2026-02,yas_all,20.02.2026 07:42:14,1,1
2026-02,yas_all,20.02.2026 11:25:20,1,1
2026-02,yas_all,20.02.2026 16:33:24,1,1
2026-02,yas_all,20.02.2026 20:03:37,1,1
2026-02,yas_all,21.02.2026 07:42:08,1,1
2026-02,yas_all,21.02.2026 20:01:48,1,1
2026-02,yas_all,22.02.2026 07:53:49,1,1
2026-02,yas_all,22.02.2026 20:05:12,1,1
2026-02,yas_all,23.02.2026 07:52:47,1,1
2026-02,yas_all,23.02.2026 20:05:45,1,1
2026-02,yas_all,24.02.2026 07:44:08,1,1
2026-02,yas_all,24.02.2026 08:29:18,1,1
2026-02,yas_all,24.02.2026 17:58:50,1,1
2026-02,yas_all,24.02.2026 20:02:17,1,1
2026-02,yas_all,25.02.2026 07:40:15,1,1
2026-02,yas_all,25.02.2026 08:00:45,1,1
2026-02,yas_all,25.02.2026 16:47:19,1,1
2026-02,yas_all,25.02.2026 20:01:53,1,1
2026-02,yas_all,26.02.2026 07:53:47,1,1
2026-02,yas_all,26.02.2026 08:28:44,1,1
2026-02,yas_all,26.02.2026 16:45:06,1,1
2026-02,yas_all,26.02.2026 20:04:30,1,1
2026-02,yas_all,27.02.2026 07:52:45,1,1
2026-02,yas_all,27.02.2026 08:29:44,1,1
2026-02,yas_all,27.02.2026 13:57:12,1,1
2026-02,yas_all,27.02.2026 19:23:27,1,1
2026-02,yas_all,27.02.2026 19:31:38,1,1
2026-02,yas_all,27.02.2026 20:05:53,1,1
2026-02,yas_all,27.02.2026 23:37:51,1,1
2026-02,yas_all,27.02.2026 23:38:54,1,1
2026-02,yas_all,28.02.2026 07:27:02,1,1
2026-02,yas_all,28.02.2026 20:01:26,1,1
2026-02,yas_all,В норме от +3 до +40,41,16
2026-02,yas_all,Включен,725,21
2026-02,yas_all,Вызов,48,2
2026-02,yas_all,Выключен,2168,50
2026-02,yas_all,Движения нет,14892,53
2026-02,yas_all,Дыма нет,39,11
2026-02,yas_all,Есть питание,805,44
2026-02,yas_all,Затоплен,10,4
2026-02,yas_all,На охране,55,2
2026-02,yas_all,Не замкнут,884,64
2026-02,yas_all,Неисправен,1527,65
2026-02,yas_all,Неопределен,16314,1240
2026-02,yas_all,Норма,18793,1307
2026-02,yas_all,Обесточен,2268,79
2026-02,yas_all,Обнаружен дым,41,11
2026-02,yas_all,Обнаружено движение,14892,53
2026-02,yas_all,Отключено устройство,21,14
2026-02,yas_all,Питание от батарей,16,5
2026-02,yas_all,Питание от сети,16,5
2026-02,yas_all,Разговор,62,4
2026-02,yas_all,Рычаг норма,1,1
2026-02,yas_all,Рычаг сдернут,1,1
2026-02,yas_all,Снято с охраны,55,2
2026-02,yas_all,Температура ниже 3ºC,35,15
2026-02,yas_gas,Неопределен,1,1
2026-02,yas_gas,Норма,1,1
2026-03,<вне справочника>,Неопределен,1,1
2026-03,<вне справочника>,Норма,1,1
2026-03,all_gas,Неисправен,32,24
2026-03,all_gas,Неопределен,3538,176
2026-03,all_gas,Норма,3794,191
2026-03,all_gas,Обнаружен газ,264,20
2026-03,ctrl_gas,Неисправен,32,24
2026-03,ctrl_gas,Неопределен,3538,176
2026-03,ctrl_gas,Норма,3794,191
2026-03,ctrl_gas,Обнаружен газ,264,20
2026-03,park_all,01.01.1970 03:00:00,592,21
2026-03,park_all,01.01.1970 03:00:01,591,21
2026-03,park_all,01.03.2026 07:46:09,1,1
2026-03,park_all,01.03.2026 20:01:19,1,1
2026-03,park_all,01.03.2026 21:21:47,1,1
2026-03,park_all,01.03.2026 21:23:20,1,1
2026-03,park_all,02.03.2026 07:20:16,1,1
2026-03,park_all,02.03.2026 07:42:40,1,1
2026-03,park_all,02.03.2026 07:51:04,1,1
2026-03,park_all,02.03.2026 07:57:50,1,1
2026-03,park_all,02.03.2026 08:16:27,1,1
2026-03,park_all,02.03.2026 09:29:20,1,1
2026-03,park_all,02.03.2026 09:29:23,1,1
2026-03,park_all,02.03.2026 09:35:41,1,1
2026-03,park_all,02.03.2026 10:44:22,1,1
2026-03,park_all,02.03.2026 10:49:02,1,1
2026-03,park_all,02.03.2026 12:41:55,1,1
2026-03,park_all,02.03.2026 13:51:46,1,1
2026-03,park_all,02.03.2026 13:51:52,1,1
2026-03,park_all,02.03.2026 14:22:05,1,1
2026-03,park_all,02.03.2026 16:42:49,1,1
2026-03,park_all,02.03.2026 16:43:09,1,1
2026-03,park_all,02.03.2026 17:00:30,1,1
2026-03,park_all,02.03.2026 17:04:45,1,1
2026-03,park_all,02.03.2026 17:06:35,1,1
2026-03,park_all,02.03.2026 17:33:06,1,1
2026-03,park_all,02.03.2026 17:34:22,1,1
2026-03,park_all,02.03.2026 19:33:23,1,1
2026-03,park_all,02.03.2026 20:26:18,1,1
2026-03,park_all,02.03.2026 21:58:24,1,1
2026-03,park_all,02.03.2026 22:27:30,1,1
2026-03,park_all,03.03.2026 05:48:12,1,1
2026-03,park_all,03.03.2026 07:14:39,1,1
2026-03,park_all,03.03.2026 07:37:28,1,1
2026-03,park_all,03.03.2026 08:01:58,1,1
2026-03,park_all,03.03.2026 08:06:17,1,1
2026-03,park_all,03.03.2026 08:22:21,1,1
2026-03,park_all,03.03.2026 08:28:58,1,1
2026-03,park_all,03.03.2026 08:42:56,1,1
2026-03,park_all,03.03.2026 08:43:03,1,1
2026-03,park_all,03.03.2026 08:51:15,1,1
2026-03,park_all,03.03.2026 09:42:56,1,1
2026-03,park_all,03.03.2026 10:16:19,1,1
2026-03,park_all,03.03.2026 10:20:16,1,1
2026-03,park_all,03.03.2026 13:30:03,1,1
2026-03,park_all,03.03.2026 13:31:48,1,1
2026-03,park_all,03.03.2026 16:06:55,1,1
2026-03,park_all,03.03.2026 16:19:42,1,1
2026-03,park_all,03.03.2026 16:42:39,1,1
2026-03,park_all,03.03.2026 17:00:29,1,1
2026-03,park_all,03.03.2026 17:02:35,1,1
2026-03,park_all,03.03.2026 17:15:23,1,1
2026-03,park_all,03.03.2026 17:15:28,1,1
2026-03,park_all,03.03.2026 17:18:49,1,1
2026-03,park_all,04.03.2026 07:21:03,1,1
2026-03,park_all,04.03.2026 07:25:53,1,1
2026-03,park_all,04.03.2026 07:50:47,1,1
2026-03,park_all,04.03.2026 07:53:51,1,1
2026-03,park_all,04.03.2026 07:54:45,1,1
2026-03,park_all,04.03.2026 08:01:48,1,1
2026-03,park_all,04.03.2026 08:15:45,1,1
2026-03,park_all,04.03.2026 08:56:45,1,1
2026-03,park_all,04.03.2026 08:56:48,1,1
2026-03,park_all,04.03.2026 09:24:46,1,1
2026-03,park_all,04.03.2026 10:11:17,1,1
2026-03,park_all,04.03.2026 13:58:25,1,1
2026-03,park_all,04.03.2026 16:27:25,1,1
2026-03,park_all,04.03.2026 16:37:20,1,1
2026-03,park_all,04.03.2026 16:59:04,1,1
2026-03,park_all,04.03.2026 17:00:33,1,1
2026-03,park_all,04.03.2026 17:07:06,1,1
2026-03,park_all,04.03.2026 17:16:19,1,1
2026-03,park_all,04.03.2026 17:17:42,1,1
2026-03,park_all,04.03.2026 18:23:12,1,1
2026-03,park_all,04.03.2026 18:23:15,1,1
2026-03,park_all,04.03.2026 19:50:03,1,1
2026-03,park_all,05.03.2026 00:50:01,1,1
2026-03,park_all,05.03.2026 01:07:30,1,1
2026-03,park_all,05.03.2026 07:13:47,1,1
2026-03,park_all,05.03.2026 07:41:14,1,1
2026-03,park_all,05.03.2026 07:42:53,1,1
2026-03,park_all,05.03.2026 07:44:27,1,1
2026-03,park_all,05.03.2026 07:52:12,1,1
2026-03,park_all,05.03.2026 08:03:36,1,1
2026-03,park_all,05.03.2026 08:23:20,1,1
2026-03,park_all,05.03.2026 08:40:04,1,1
2026-03,park_all,05.03.2026 08:51:12,1,1
2026-03,park_all,05.03.2026 09:11:35,1,1
2026-03,park_all,05.03.2026 09:14:39,1,1
2026-03,park_all,05.03.2026 09:54:19,1,1
2026-03,park_all,05.03.2026 15:59:46,1,1
2026-03,park_all,05.03.2026 16:05:02,1,1
2026-03,park_all,05.03.2026 16:05:05,1,1
2026-03,park_all,05.03.2026 16:33:50,1,1
2026-03,park_all,05.03.2026 16:34:10,1,1
2026-03,park_all,05.03.2026 16:44:57,1,1
2026-03,park_all,05.03.2026 16:55:00,1,1
2026-03,park_all,05.03.2026 16:59:40,1,1
2026-03,park_all,05.03.2026 17:04:55,1,1
2026-03,park_all,05.03.2026 17:29:11,1,1
2026-03,park_all,05.03.2026 17:52:35,1,1
2026-03,park_all,06.03.2026 07:19:47,1,1
2026-03,park_all,06.03.2026 07:44:53,1,1
2026-03,park_all,06.03.2026 07:45:28,1,1
2026-03,park_all,06.03.2026 07:49:24,1,1
2026-03,park_all,06.03.2026 08:06:51,1,1
2026-03,park_all,06.03.2026 08:13:14,1,1
2026-03,park_all,06.03.2026 10:10:58,1,1
2026-03,park_all,06.03.2026 10:11:05,1,1
2026-03,park_all,06.03.2026 12:45:40,1,1
2026-03,park_all,06.03.2026 14:49:10,1,1
2026-03,park_all,06.03.2026 16:09:28,1,1
2026-03,park_all,06.03.2026 16:09:32,1,1
2026-03,park_all,06.03.2026 16:17:32,1,1
2026-03,park_all,06.03.2026 16:17:38,1,1
2026-03,park_all,06.03.2026 16:58:00,1,1
2026-03,park_all,06.03.2026 17:00:09,1,1
2026-03,park_all,06.03.2026 17:27:41,1,1
2026-03,park_all,06.03.2026 20:02:02,1,1
2026-03,park_all,06.03.2026 20:58:44,1,1
2026-03,park_all,06.03.2026 21:06:19,1,1
2026-03,park_all,07.03.2026 07:50:08,1,1
2026-03,park_all,07.03.2026 12:36:01,1,1
2026-03,park_all,07.03.2026 12:38:46,1,1
2026-03,park_all,07.03.2026 20:02:12,1,1
2026-03,park_all,07.03.2026 21:38:16,1,1
2026-03,park_all,07.03.2026 22:01:01,1,1
2026-03,park_all,08.03.2026 07:02:41,1,1
2026-03,park_all,08.03.2026 17:10:34,1,1
2026-03,park_all,09.03.2026 07:51:38,1,1
2026-03,park_all,09.03.2026 10:46:20,1,1
2026-03,park_all,09.03.2026 10:50:06,1,1
2026-03,park_all,09.03.2026 14:50:41,1,1
2026-03,park_all,09.03.2026 16:00:46,1,1
2026-03,park_all,09.03.2026 20:02:12,1,1
2026-03,park_all,10.03.2026 05:13:58,1,1
2026-03,park_all,10.03.2026 05:38:39,1,1
2026-03,park_all,10.03.2026 07:15:49,1,1
2026-03,park_all,10.03.2026 07:45:06,1,1
2026-03,park_all,10.03.2026 07:45:39,1,1
2026-03,park_all,10.03.2026 07:54:17,1,1
2026-03,park_all,10.03.2026 07:59:09,1,1
2026-03,park_all,10.03.2026 08:13:02,1,1
2026-03,park_all,10.03.2026 08:18:20,1,1
2026-03,park_all,10.03.2026 09:28:25,1,1
2026-03,park_all,10.03.2026 09:29:54,1,1
2026-03,park_all,10.03.2026 09:29:58,1,1
2026-03,park_all,10.03.2026 09:58:36,1,1
2026-03,park_all,10.03.2026 13:31:16,1,1
2026-03,park_all,10.03.2026 16:04:31,1,1
2026-03,park_all,10.03.2026 16:29:42,1,1
2026-03,park_all,10.03.2026 16:29:56,1,1
2026-03,park_all,10.03.2026 16:33:49,1,1
2026-03,park_all,10.03.2026 17:00:19,1,1
2026-03,park_all,10.03.2026 17:00:35,1,1
2026-03,park_all,10.03.2026 17:05:59,1,1
2026-03,park_all,10.03.2026 17:36:26,1,1
2026-03,park_all,10.03.2026 17:36:31,1,1
2026-03,park_all,10.03.2026 18:10:27,1,1
2026-03,park_all,11.03.2026 07:14:17,1,1
2026-03,park_all,11.03.2026 07:51:31,1,1
2026-03,park_all,11.03.2026 07:51:34,1,1
2026-03,park_all,11.03.2026 08:00:55,1,1
2026-03,park_all,11.03.2026 08:01:00,1,1
2026-03,park_all,11.03.2026 08:10:37,1,1
2026-03,park_all,11.03.2026 08:33:50,1,1
2026-03,park_all,11.03.2026 09:22:43,1,1
2026-03,park_all,11.03.2026 09:22:50,1,1
2026-03,park_all,11.03.2026 09:56:03,1,1
2026-03,park_all,11.03.2026 09:56:06,1,1
2026-03,park_all,11.03.2026 10:15:25,1,1
2026-03,park_all,11.03.2026 14:40:09,1,1
2026-03,park_all,11.03.2026 15:25:49,1,1
2026-03,park_all,11.03.2026 15:36:44,1,1
2026-03,park_all,11.03.2026 15:37:07,1,1
2026-03,park_all,11.03.2026 15:41:09,1,1
2026-03,park_all,11.03.2026 16:11:52,1,1
2026-03,park_all,11.03.2026 16:59:38,1,1
2026-03,park_all,11.03.2026 17:03:40,1,1
2026-03,park_all,11.03.2026 18:06:30,1,1
2026-03,park_all,11.03.2026 18:15:11,1,1
2026-03,park_all,11.03.2026 22:39:44,1,1
2026-03,park_all,11.03.2026 22:42:58,1,1
2026-03,park_all,12.03.2026 07:08:36,1,1
2026-03,park_all,12.03.2026 07:47:04,1,1
2026-03,park_all,12.03.2026 07:51:12,1,1
2026-03,park_all,12.03.2026 07:52:47,1,1
2026-03,park_all,12.03.2026 07:57:56,1,1
2026-03,park_all,12.03.2026 08:10:43,1,1
2026-03,park_all,12.03.2026 08:16:51,1,1
2026-03,park_all,12.03.2026 08:37:14,1,1
2026-03,park_all,12.03.2026 08:47:31,1,1
2026-03,park_all,12.03.2026 09:30:53,1,1
2026-03,park_all,12.03.2026 09:30:57,1,1
2026-03,park_all,12.03.2026 09:44:36,1,1
2026-03,park_all,12.03.2026 15:53:40,1,1
2026-03,park_all,12.03.2026 15:53:44,1,1
2026-03,park_all,12.03.2026 16:08:13,1,1
2026-03,park_all,12.03.2026 16:34:06,1,1
2026-03,park_all,12.03.2026 16:50:25,1,1
2026-03,park_all,12.03.2026 17:00:29,1,1
2026-03,park_all,12.03.2026 17:04:31,1,1
2026-03,park_all,12.03.2026 17:56:08,1,1
2026-03,park_all,12.03.2026 18:14:52,1,1
2026-03,park_all,12.03.2026 18:48:00,1,1
2026-03,park_all,12.03.2026 19:30:55,1,1
2026-03,park_all,12.03.2026 20:35:37,1,1
2026-03,park_all,12.03.2026 22:52:54,1,1
2026-03,park_all,12.03.2026 23:17:34,1,1
2026-03,park_all,12.03.2026 23:38:41,1,1
2026-03,park_all,12.03.2026 23:44:31,1,1
2026-03,park_all,13.03.2026 07:07:50,1,1
2026-03,park_all,13.03.2026 07:37:39,1,1
2026-03,park_all,13.03.2026 07:50:16,1,1
2026-03,park_all,13.03.2026 07:53:04,1,1
2026-03,park_all,13.03.2026 07:56:24,1,1
2026-03,park_all,13.03.2026 08:09:29,1,1
2026-03,park_all,13.03.2026 08:16:04,1,1
2026-03,park_all,13.03.2026 08:16:31,1,1
2026-03,park_all,13.03.2026 08:29:02,1,1
2026-03,park_all,13.03.2026 08:29:59,1,1
2026-03,park_all,13.03.2026 08:42:45,1,1
2026-03,park_all,13.03.2026 09:44:35,1,1
2026-03,park_all,13.03.2026 13:30:13,1,1
2026-03,park_all,13.03.2026 16:11:49,1,1
2026-03,park_all,13.03.2026 16:54:52,1,1
2026-03,park_all,13.03.2026 16:59:59,1,1
2026-03,park_all,13.03.2026 17:09:50,1,1
2026-03,park_all,13.03.2026 17:55:58,1,1
2026-03,park_all,13.03.2026 18:57:11,1,1
2026-03,park_all,13.03.2026 19:20:47,1,1
2026-03,park_all,13.03.2026 19:20:50,1,1
2026-03,park_all,13.03.2026 20:02:59,1,1
2026-03,park_all,13.03.2026 21:32:31,1,1
2026-03,park_all,13.03.2026 21:58:11,1,1
2026-03,park_all,14.03.2026 08:06:36,1,1
2026-03,park_all,14.03.2026 16:53:54,1,1
2026-03,park_all,15.03.2026 14:19:58,1,1
2026-03,park_all,15.03.2026 15:01:22,1,1
2026-03,park_all,15.03.2026 22:47:13,1,1
2026-03,park_all,15.03.2026 23:35:20,1,1
2026-03,park_all,16.03.2026 07:19:44,1,1
2026-03,park_all,16.03.2026 07:42:12,1,1
2026-03,park_all,16.03.2026 07:48:14,1,1
2026-03,park_all,16.03.2026 07:50:35,1,1
2026-03,park_all,16.03.2026 07:56:06,1,1
2026-03,park_all,16.03.2026 07:59:13,1,1
2026-03,park_all,16.03.2026 08:20:37,1,1
2026-03,park_all,16.03.2026 08:21:11,1,1
2026-03,park_all,16.03.2026 08:21:14,1,1
2026-03,park_all,16.03.2026 09:14:24,1,1
2026-03,park_all,16.03.2026 09:25:52,1,1
2026-03,park_all,16.03.2026 14:49:48,1,1
2026-03,park_all,16.03.2026 15:15:36,1,1
2026-03,park_all,16.03.2026 16:54:37,1,1
2026-03,park_all,16.03.2026 17:00:33,1,1
2026-03,park_all,16.03.2026 17:04:58,1,1
2026-03,park_all,16.03.2026 17:10:19,1,1
2026-03,park_all,16.03.2026 17:23:46,1,1
2026-03,park_all,16.03.2026 17:27:29,1,1
2026-03,park_all,16.03.2026 17:46:31,1,1
2026-03,park_all,16.03.2026 17:46:34,1,1
2026-03,park_all,16.03.2026 19:31:18,1,1
2026-03,park_all,16.03.2026 22:14:33,1,1
2026-03,park_all,16.03.2026 22:28:10,1,1
2026-03,park_all,17.03.2026 00:40:15,1,1
2026-03,park_all,17.03.2026 00:51:30,1,1
2026-03,park_all,17.03.2026 02:08:43,1,1
2026-03,park_all,17.03.2026 02:35:17,1,1
2026-03,park_all,17.03.2026 07:14:43,1,1
2026-03,park_all,17.03.2026 07:52:13,1,1
2026-03,park_all,17.03.2026 07:55:03,1,1
2026-03,park_all,17.03.2026 07:58:50,1,1
2026-03,park_all,17.03.2026 07:59:50,1,1
2026-03,park_all,17.03.2026 08:02:11,1,1
2026-03,park_all,17.03.2026 08:12:38,1,1
2026-03,park_all,17.03.2026 08:15:06,1,1
2026-03,park_all,17.03.2026 08:26:50,1,1
2026-03,park_all,17.03.2026 09:35:49,1,1
2026-03,park_all,17.03.2026 10:23:39,1,1
2026-03,park_all,17.03.2026 14:11:04,1,1
2026-03,park_all,17.03.2026 14:11:08,1,1
2026-03,park_all,17.03.2026 15:09:24,1,1
2026-03,park_all,17.03.2026 15:46:29,1,1
2026-03,park_all,17.03.2026 16:31:19,1,1
2026-03,park_all,17.03.2026 16:57:47,1,1
2026-03,park_all,17.03.2026 17:04:28,1,1
2026-03,park_all,17.03.2026 17:04:43,1,1
2026-03,park_all,17.03.2026 17:36:58,1,1
2026-03,park_all,17.03.2026 18:44:08,1,1
2026-03,park_all,17.03.2026 19:23:28,1,1
2026-03,park_all,17.03.2026 19:38:31,1,1
2026-03,park_all,17.03.2026 21:26:13,1,1
2026-03,park_all,17.03.2026 22:21:49,1,1
2026-03,park_all,17.03.2026 22:48:40,1,1
2026-03,park_all,17.03.2026 23:13:41,1,1
2026-03,park_all,17.03.2026 23:59:35,1,1
2026-03,park_all,18.03.2026 01:12:26,1,1
2026-03,park_all,18.03.2026 02:05:46,1,1
2026-03,park_all,18.03.2026 05:09:10,1,1
2026-03,park_all,18.03.2026 05:55:56,1,1
2026-03,park_all,18.03.2026 07:14:22,1,1
2026-03,park_all,18.03.2026 07:38:39,1,1
2026-03,park_all,18.03.2026 07:51:07,1,1
2026-03,park_all,18.03.2026 07:52:44,1,1
2026-03,park_all,18.03.2026 07:53:16,1,1
2026-03,park_all,18.03.2026 07:53:25,1,1
2026-03,park_all,18.03.2026 07:55:16,1,1
2026-03,park_all,18.03.2026 07:55:55,1,1
2026-03,park_all,18.03.2026 08:40:24,1,1
2026-03,park_all,18.03.2026 09:01:34,1,1
2026-03,park_all,18.03.2026 10:01:02,1,1
2026-03,park_all,18.03.2026 10:53:47,1,1
2026-03,park_all,18.03.2026 14:13:08,1,1
2026-03,park_all,18.03.2026 15:54:29,1,1
2026-03,park_all,18.03.2026 16:03:16,1,1
2026-03,park_all,18.03.2026 16:57:30,1,1
2026-03,park_all,18.03.2026 16:57:35,1,1
2026-03,park_all,18.03.2026 17:00:18,1,1
2026-03,park_all,18.03.2026 17:02:34,1,1
2026-03,park_all,18.03.2026 17:06:16,1,1
2026-03,park_all,18.03.2026 17:09:33,1,1
2026-03,park_all,18.03.2026 20:32:28,1,1
2026-03,park_all,18.03.2026 21:33:36,1,1
2026-03,park_all,19.03.2026 05:28:26,1,1
2026-03,park_all,19.03.2026 07:46:47,1,1
2026-03,park_all,19.03.2026 07:56:45,1,1
2026-03,park_all,19.03.2026 08:03:51,1,1
2026-03,park_all,19.03.2026 08:07:09,1,1
2026-03,park_all,19.03.2026 08:16:38,1,1
2026-03,park_all,19.03.2026 08:22:06,1,1
2026-03,park_all,19.03.2026 08:32:16,1,1
2026-03,park_all,19.03.2026 08:36:09,1,1
2026-03,park_all,19.03.2026 08:36:28,1,1
2026-03,park_all,19.03.2026 08:47:30,1,1
2026-03,park_all,19.03.2026 08:47:37,1,1
2026-03,park_all,19.03.2026 11:32:49,1,1
2026-03,park_all,19.03.2026 12:26:45,1,1
2026-03,park_all,19.03.2026 13:30:16,1,1
2026-03,park_all,19.03.2026 14:06:45,1,1
2026-03,park_all,19.03.2026 15:40:29,1,1
2026-03,park_all,19.03.2026 16:26:56,1,1
2026-03,park_all,19.03.2026 16:34:02,1,1
2026-03,park_all,19.03.2026 16:56:24,1,1
2026-03,park_all,19.03.2026 17:00:37,1,1
2026-03,park_all,19.03.2026 17:04:58,1,1
2026-03,park_all,19.03.2026 17:10:25,1,1
2026-03,park_all,19.03.2026 19:37:16,1,1
2026-03,park_all,19.03.2026 23:40:51,1,1
2026-03,park_all,19.03.2026 23:43:09,1,1
2026-03,park_all,20.03.2026 00:56:43,1,1
2026-03,park_all,20.03.2026 05:09:24,1,1
2026-03,park_all,20.03.2026 05:22:55,1,1
2026-03,park_all,20.03.2026 07:09:54,1,1
2026-03,park_all,20.03.2026 07:47:52,1,1
2026-03,park_all,20.03.2026 07:51:00,1,1
2026-03,park_all,20.03.2026 07:54:03,1,1
2026-03,park_all,20.03.2026 07:54:28,1,1
2026-03,park_all,20.03.2026 07:56:04,1,1
2026-03,park_all,20.03.2026 08:08:08,1,1
2026-03,park_all,20.03.2026 08:17:37,1,1
2026-03,park_all,20.03.2026 08:24:55,1,1
2026-03,park_all,20.03.2026 08:24:59,1,1
2026-03,park_all,20.03.2026 08:37:04,1,1
2026-03,park_all,20.03.2026 08:49:59,1,1
2026-03,park_all,20.03.2026 14:20:46,1,1
2026-03,park_all,20.03.2026 14:45:40,1,1
2026-03,park_all,20.03.2026 15:03:50,1,1
2026-03,park_all,20.03.2026 15:10:03,1,1
2026-03,park_all,20.03.2026 15:10:06,1,1
2026-03,park_all,20.03.2026 15:27:03,1,1
2026-03,park_all,20.03.2026 16:33:13,1,1
2026-03,park_all,20.03.2026 16:51:15,1,1
2026-03,park_all,20.03.2026 16:59:49,1,1
2026-03,park_all,20.03.2026 17:07:54,1,1
2026-03,park_all,20.03.2026 17:31:49,1,1
2026-03,park_all,20.03.2026 19:34:58,1,1
2026-03,park_all,20.03.2026 20:11:52,1,1
2026-03,park_all,20.03.2026 22:36:24,1,1
2026-03,park_all,20.03.2026 23:12:26,1,1
2026-03,park_all,21.03.2026 01:12:15,1,1
2026-03,park_all,21.03.2026 01:25:52,1,1
2026-03,park_all,21.03.2026 02:11:06,1,1
2026-03,park_all,21.03.2026 05:00:36,1,1
2026-03,park_all,21.03.2026 06:08:55,1,1
2026-03,park_all,21.03.2026 08:54:49,1,1
2026-03,park_all,21.03.2026 11:32:43,1,1
2026-03,park_all,21.03.2026 11:35:55,1,1
2026-03,park_all,21.03.2026 21:51:56,1,1
2026-03,park_all,21.03.2026 21:53:02,1,1
2026-03,park_all,21.03.2026 22:04:30,1,1
2026-03,park_all,21.03.2026 22:05:38,1,1
2026-03,park_all,22.03.2026 05:27:23,1,1
2026-03,park_all,22.03.2026 09:26:29,1,1
2026-03,park_all,22.03.2026 09:39:56,1,1
2026-03,park_all,22.03.2026 13:15:25,1,1
2026-03,park_all,22.03.2026 14:47:02,1,1
2026-03,park_all,22.03.2026 15:35:32,1,1
2026-03,park_all,23.03.2026 04:52:46,1,1
2026-03,park_all,23.03.2026 07:15:32,1,1
2026-03,park_all,23.03.2026 07:41:25,1,1
2026-03,park_all,23.03.2026 07:49:17,1,1
2026-03,park_all,23.03.2026 08:00:00,1,1
2026-03,park_all,23.03.2026 08:32:51,1,1
2026-03,park_all,23.03.2026 08:34:38,1,1
2026-03,park_all,23.03.2026 08:35:05,1,1
2026-03,park_all,23.03.2026 08:45:29,1,1
2026-03,park_all,23.03.2026 08:45:35,1,1
2026-03,park_all,23.03.2026 08:51:01,1,1
2026-03,park_all,23.03.2026 09:43:10,1,1
2026-03,park_all,23.03.2026 12:19:43,1,1
2026-03,park_all,23.03.2026 14:50:31,1,1
2026-03,park_all,23.03.2026 14:50:37,1,1
2026-03,park_all,23.03.2026 16:07:43,1,1
2026-03,park_all,23.03.2026 16:13:37,1,1
2026-03,park_all,23.03.2026 16:54:30,1,1
2026-03,park_all,23.03.2026 17:00:44,1,1
2026-03,park_all,23.03.2026 17:05:43,1,1
2026-03,park_all,23.03.2026 17:07:58,1,1
2026-03,park_all,23.03.2026 17:26:54,1,1
2026-03,park_all,24.03.2026 05:51:02,1,1
2026-03,park_all,24.03.2026 07:14:16,1,1
2026-03,park_all,24.03.2026 07:34:20,1,1
2026-03,park_all,24.03.2026 07:49:44,1,1
2026-03,park_all,24.03.2026 07:50:10,1,1
2026-03,park_all,24.03.2026 07:54:57,1,1
2026-03,park_all,24.03.2026 07:57:42,1,1
2026-03,park_all,24.03.2026 08:22:52,1,1
2026-03,park_all,24.03.2026 08:43:50,1,1
2026-03,park_all,24.03.2026 09:08:10,1,1
2026-03,park_all,24.03.2026 09:09:48,1,1
2026-03,park_all,24.03.2026 14:18:05,1,1
2026-03,park_all,24.03.2026 14:24:10,1,1
2026-03,park_all,24.03.2026 15:05:55,1,1
2026-03,park_all,24.03.2026 15:59:57,1,1
2026-03,park_all,24.03.2026 16:36:59,1,1
2026-03,park_all,24.03.2026 16:54:23,1,1
2026-03,park_all,24.03.2026 17:00:27,1,1
2026-03,park_all,24.03.2026 17:04:17,1,1
2026-03,park_all,24.03.2026 18:10:05,1,1
2026-03,park_all,24.03.2026 19:31:24,1,1
2026-03,park_all,24.03.2026 19:48:05,1,1
2026-03,park_all,24.03.2026 19:51:22,1,1
2026-03,park_all,24.03.2026 20:03:45,1,1
2026-03,park_all,24.03.2026 20:16:38,1,1
2026-03,park_all,25.03.2026 07:08:21,1,1
2026-03,park_all,25.03.2026 07:45:59,1,1
2026-03,park_all,25.03.2026 07:56:07,1,1
2026-03,park_all,25.03.2026 07:59:39,1,1
2026-03,park_all,25.03.2026 08:00:24,1,1
2026-03,park_all,25.03.2026 08:01:12,1,1
2026-03,park_all,25.03.2026 08:10:55,1,1
2026-03,park_all,25.03.2026 09:15:20,1,1
2026-03,park_all,25.03.2026 09:48:56,1,1
2026-03,park_all,25.03.2026 09:48:59,1,1
2026-03,park_all,25.03.2026 10:14:04,1,1
2026-03,park_all,25.03.2026 11:51:55,1,1
2026-03,park_all,25.03.2026 12:14:51,1,1
2026-03,park_all,25.03.2026 12:14:57,1,1
2026-03,park_all,25.03.2026 12:37:25,1,1
2026-03,park_all,25.03.2026 16:04:18,1,1
2026-03,park_all,25.03.2026 16:16:25,1,1
2026-03,park_all,25.03.2026 16:58:41,1,1
2026-03,park_all,25.03.2026 17:03:44,1,1
2026-03,park_all,25.03.2026 18:55:53,1,1
2026-03,park_all,25.03.2026 19:50:29,1,1
2026-03,park_all,26.03.2026 04:43:04,1,1
2026-03,park_all,26.03.2026 07:05:02,1,1
2026-03,park_all,26.03.2026 07:41:55,1,1
2026-03,park_all,26.03.2026 07:52:37,1,1
2026-03,park_all,26.03.2026 07:54:42,1,1
2026-03,park_all,26.03.2026 07:55:45,1,1
2026-03,park_all,26.03.2026 08:05:32,1,1
2026-03,park_all,26.03.2026 08:35:38,1,1
2026-03,park_all,26.03.2026 09:24:35,1,1
2026-03,park_all,26.03.2026 09:26:32,1,1
2026-03,park_all,26.03.2026 09:42:37,1,1
2026-03,park_all,26.03.2026 10:25:06,1,1
2026-03,park_all,26.03.2026 11:00:23,1,1
2026-03,park_all,26.03.2026 14:32:41,1,1
2026-03,park_all,26.03.2026 16:04:41,1,1
2026-03,park_all,26.03.2026 16:37:05,1,1
2026-03,park_all,26.03.2026 16:40:07,1,1
2026-03,park_all,26.03.2026 17:00:13,1,1
2026-03,park_all,26.03.2026 17:04:35,1,1
2026-03,park_all,26.03.2026 17:07:25,1,1
2026-03,park_all,26.03.2026 23:57:27,1,1
2026-03,park_all,27.03.2026 00:45:31,1,1
2026-03,park_all,27.03.2026 00:52:08,1,1
2026-03,park_all,27.03.2026 01:31:43,1,1
2026-03,park_all,27.03.2026 01:55:19,1,1
2026-03,park_all,27.03.2026 03:25:47,1,1
2026-03,park_all,27.03.2026 03:40:00,1,1
2026-03,park_all,27.03.2026 07:08:46,1,1
2026-03,park_all,27.03.2026 07:47:59,1,1
2026-03,park_all,27.03.2026 07:58:12,1,1
2026-03,park_all,27.03.2026 08:20:12,1,1
2026-03,park_all,27.03.2026 08:29:32,1,1
2026-03,park_all,27.03.2026 08:37:07,1,1
2026-03,park_all,27.03.2026 08:39:22,1,1
2026-03,park_all,27.03.2026 08:39:51,1,1
2026-03,park_all,27.03.2026 15:25:22,1,1
2026-03,park_all,27.03.2026 16:05:03,1,1
2026-03,park_all,27.03.2026 16:06:31,1,1
2026-03,park_all,27.03.2026 16:10:57,1,1
2026-03,park_all,27.03.2026 16:36:28,1,1
2026-03,park_all,27.03.2026 16:59:43,1,1
2026-03,park_all,27.03.2026 17:21:10,1,1
2026-03,park_all,27.03.2026 23:37:32,1,1
2026-03,park_all,27.03.2026 23:45:24,1,1
2026-03,park_all,28.03.2026 01:42:19,1,1
2026-03,park_all,28.03.2026 04:33:35,1,1
2026-03,park_all,28.03.2026 04:48:01,1,1
2026-03,park_all,28.03.2026 05:25:58,1,1
2026-03,park_all,28.03.2026 05:36:17,1,1
2026-03,park_all,28.03.2026 07:24:40,1,1
2026-03,park_all,28.03.2026 08:57:23,1,1
2026-03,park_all,28.03.2026 09:58:32,1,1
2026-03,park_all,28.03.2026 10:27:28,1,1
2026-03,park_all,28.03.2026 10:27:45,1,1
2026-03,park_all,28.03.2026 11:45:38,1,1
2026-03,park_all,28.03.2026 12:41:12,1,1
2026-03,park_all,28.03.2026 13:27:31,1,1
2026-03,park_all,28.03.2026 20:02:24,1,1
2026-03,park_all,29.03.2026 00:41:08,1,1
2026-03,park_all,29.03.2026 02:58:05,1,1
2026-03,park_all,29.03.2026 03:15:11,1,1
2026-03,park_all,29.03.2026 07:24:12,1,1
2026-03,park_all,29.03.2026 10:11:45,1,1
2026-03,park_all,29.03.2026 13:30:03,1,1
2026-03,park_all,29.03.2026 14:03:56,1,1
2026-03,park_all,29.03.2026 14:34:14,1,1
2026-03,park_all,29.03.2026 16:11:25,1,1
2026-03,park_all,29.03.2026 16:18:07,1,1
2026-03,park_all,29.03.2026 17:02:25,1,1
2026-03,park_all,29.03.2026 20:03:00,1,1
2026-03,park_all,30.03.2026 02:35:02,1,1
2026-03,park_all,30.03.2026 05:23:38,1,1
2026-03,park_all,30.03.2026 05:29:28,1,1
2026-03,park_all,30.03.2026 07:06:10,1,1
2026-03,park_all,30.03.2026 07:43:05,1,1
2026-03,park_all,30.03.2026 07:48:39,1,1
2026-03,park_all,30.03.2026 07:48:54,1,1
2026-03,park_all,30.03.2026 08:12:44,1,1
2026-03,park_all,30.03.2026 08:20:45,1,1
2026-03,park_all,30.03.2026 08:32:01,1,1
2026-03,park_all,30.03.2026 15:11:03,1,1
2026-03,park_all,30.03.2026 16:03:31,1,1
2026-03,park_all,30.03.2026 16:07:58,1,1
2026-03,park_all,30.03.2026 16:35:29,1,1
2026-03,park_all,30.03.2026 16:54:35,1,1
2026-03,park_all,30.03.2026 17:00:32,1,1
2026-03,park_all,30.03.2026 17:13:42,1,1
2026-03,park_all,30.03.2026 20:03:00,1,1
2026-03,park_all,31.03.2026 00:56:20,1,1
2026-03,park_all,31.03.2026 07:09:29,1,1
2026-03,park_all,31.03.2026 07:33:27,1,1
2026-03,park_all,31.03.2026 07:42:29,1,1
2026-03,park_all,31.03.2026 07:45:28,1,1
2026-03,park_all,31.03.2026 07:48:59,1,1
2026-03,park_all,31.03.2026 07:54:12,1,1
2026-03,park_all,31.03.2026 08:21:41,1,1
2026-03,park_all,31.03.2026 08:38:30,1,1
2026-03,park_all,31.03.2026 09:15:13,1,1
2026-03,park_all,31.03.2026 09:15:18,1,1
2026-03,park_all,31.03.2026 10:25:13,1,1
2026-03,park_all,31.03.2026 11:45:21,1,1
2026-03,park_all,31.03.2026 16:22:10,1,1
2026-03,park_all,31.03.2026 16:23:16,1,1
2026-03,park_all,31.03.2026 16:23:24,1,1
2026-03,park_all,31.03.2026 16:31:01,1,1
2026-03,park_all,31.03.2026 16:36:19,1,1
2026-03,park_all,31.03.2026 16:36:25,1,1
2026-03,park_all,31.03.2026 17:00:32,1,1
2026-03,park_all,31.03.2026 19:56:05,1,1
2026-03,park_all,31.03.2026 20:05:36,1,1
2026-03,park_all,31.03.2026 20:56:41,1,1
2026-03,park_all,31.03.2026 21:10:33,1,1
2026-03,park_all,31.03.2026 21:11:48,1,1
2026-03,park_all,31.03.2026 21:15:21,1,1
2026-03,park_all,Батарея неисправна,1,1
2026-03,park_all,В норме от +3 до +40,459,144
2026-03,park_all,Включен,51787,843
2026-03,park_all,Вызов,1244,189
2026-03,park_all,Выключен,54257,944
2026-03,park_all,Движения нет,324882,670
2026-03,park_all,Дыма нет,6256,2606
2026-03,park_all,Есть питание,8150,689
2026-03,park_all,Затоплен,1595,93
2026-03,park_all,Много неисправных устройств,39,16
2026-03,park_all,На охране,884,35
2026-03,park_all,Не замкнут,28374,1249
2026-03,park_all,Не определено,381,92
2026-03,park_all,Неисправен,4219,702
2026-03,park_all,Неопределен,77398,7152
2026-03,park_all,Норма,111861,8042
2026-03,park_all,Обесточен,10693,997
2026-03,park_all,Обнаружен газ,264,20
2026-03,park_all,Обнаружен дым,6255,2608
2026-03,park_all,Обнаружено движение,324882,670
2026-03,park_all,Отключено устройство,504,175
2026-03,park_all,Питание от батарей,225,51
2026-03,park_all,Питание от сети,226,51
2026-03,park_all,Работают все насосы в АНС,97,8
2026-03,park_all,Разговор,1026,75
2026-03,park_all,Рычаг норма,621,392
2026-03,park_all,Рычаг сдернут,620,391
2026-03,park_all,Снято с охраны,887,35
2026-03,park_all,Температура выше 40ºC,1,1
2026-03,park_all,Температура ниже 3ºC,40,23
2026-03,park_all,Устройства на объекте исправны,39,16
2026-03,yas_all,01.03.2026 07:46:09,1,1
2026-03,yas_all,01.03.2026 20:01:19,1,1
2026-03,yas_all,01.03.2026 21:21:47,1,1
2026-03,yas_all,01.03.2026 21:23:20,1,1
2026-03,yas_all,02.03.2026 10:49:02,1,1
2026-03,yas_all,02.03.2026 12:41:55,1,1
2026-03,yas_all,03.03.2026 08:06:17,1,1
2026-03,yas_all,03.03.2026 08:28:58,1,1
2026-03,yas_all,03.03.2026 13:31:48,1,1
2026-03,yas_all,03.03.2026 17:02:35,1,1
2026-03,yas_all,04.03.2026 07:25:53,1,1
2026-03,yas_all,04.03.2026 09:24:46,1,1
2026-03,yas_all,04.03.2026 16:37:20,1,1
2026-03,yas_all,04.03.2026 17:07:06,1,1
2026-03,yas_all,05.03.2026 07:41:14,1,1
2026-03,yas_all,05.03.2026 17:04:55,1,1
2026-03,yas_all,06.03.2026 07:45:28,1,1
2026-03,yas_all,06.03.2026 20:02:02,1,1
2026-03,yas_all,07.03.2026 07:50:08,1,1
2026-03,yas_all,07.03.2026 20:02:12,1,1
2026-03,yas_all,08.03.2026 07:02:41,1,1
2026-03,yas_all,08.03.2026 17:10:34,1,1
2026-03,yas_all,09.03.2026 07:51:38,1,1
2026-03,yas_all,09.03.2026 14:50:41,1,1
2026-03,yas_all,09.03.2026 16:00:46,1,1
2026-03,yas_all,09.03.2026 20:02:12,1,1
2026-03,yas_all,10.03.2026 07:45:39,1,1
2026-03,yas_all,10.03.2026 17:05:59,1,1
2026-03,yas_all,11.03.2026 07:51:31,1,1
2026-03,yas_all,11.03.2026 08:00:55,1,1
2026-03,yas_all,11.03.2026 15:41:09,1,1
2026-03,yas_all,11.03.2026 17:03:40,1,1
2026-03,yas_all,12.03.2026 07:47:04,1,1
2026-03,yas_all,12.03.2026 08:47:31,1,1
2026-03,yas_all,12.03.2026 16:50:25,1,1
2026-03,yas_all,12.03.2026 17:04:31,1,1
2026-03,yas_all,12.03.2026 23:38:41,1,1
2026-03,yas_all,12.03.2026 23:44:31,1,1
2026-03,yas_all,13.03.2026 07:50:16,1,1
2026-03,yas_all,13.03.2026 17:09:50,1,1
2026-03,yas_all,16.03.2026 07:48:14,1,1
2026-03,yas_all,16.03.2026 09:14:24,1,1
2026-03,yas_all,16.03.2026 15:15:36,1,1
2026-03,yas_all,16.03.2026 17:27:29,1,1
2026-03,yas_all,17.03.2026 07:52:13,1,1
2026-03,yas_all,17.03.2026 10:23:39,1,1
2026-03,yas_all,17.03.2026 15:09:24,1,1
2026-03,yas_all,17.03.2026 17:04:43,1,1
2026-03,yas_all,17.03.2026 22:48:40,1,1
2026-03,yas_all,17.03.2026 23:13:41,1,1
2026-03,yas_all,18.03.2026 07:51:07,1,1
2026-03,yas_all,18.03.2026 07:55:16,1,1
2026-03,yas_all,18.03.2026 16:57:35,1,1
2026-03,yas_all,18.03.2026 17:09:33,1,1
2026-03,yas_all,19.03.2026 07:46:47,1,1
2026-03,yas_all,19.03.2026 08:32:16,1,1
2026-03,yas_all,19.03.2026 16:34:02,1,1
2026-03,yas_all,19.03.2026 17:04:58,1,1
2026-03,yas_all,20.03.2026 07:47:52,1,1
2026-03,yas_all,20.03.2026 08:37:04,1,1
2026-03,yas_all,20.03.2026 15:27:03,1,1
2026-03,yas_all,20.03.2026 17:07:54,1,1
2026-03,yas_all,23.03.2026 07:49:17,1,1
2026-03,yas_all,23.03.2026 08:32:51,1,1
2026-03,yas_all,23.03.2026 16:07:43,1,1
2026-03,yas_all,23.03.2026 17:05:43,1,1
2026-03,yas_all,24.03.2026 07:49:44,1,1
2026-03,yas_all,24.03.2026 08:43:50,1,1
2026-03,yas_all,24.03.2026 15:59:57,1,1
2026-03,yas_all,24.03.2026 17:04:17,1,1
2026-03,yas_all,25.03.2026 07:45:59,1,1
2026-03,yas_all,25.03.2026 09:15:20,1,1
2026-03,yas_all,25.03.2026 16:58:41,1,1
2026-03,yas_all,25.03.2026 17:03:44,1,1
2026-03,yas_all,26.03.2026 07:41:55,1,1
2026-03,yas_all,26.03.2026 07:52:37,1,1
2026-03,yas_all,26.03.2026 10:25:06,1,1
2026-03,yas_all,26.03.2026 17:04:35,1,1
2026-03,yas_all,27.03.2026 07:47:59,1,1
2026-03,yas_all,27.03.2026 08:39:51,1,1
2026-03,yas_all,27.03.2026 16:36:28,1,1
2026-03,yas_all,27.03.2026 17:21:10,1,1
2026-03,yas_all,28.03.2026 07:24:40,1,1
2026-03,yas_all,28.03.2026 10:27:45,1,1
2026-03,yas_all,28.03.2026 11:45:38,1,1
2026-03,yas_all,28.03.2026 20:02:24,1,1
2026-03,yas_all,29.03.2026 07:24:12,1,1
2026-03,yas_all,29.03.2026 20:03:00,1,1
2026-03,yas_all,30.03.2026 07:48:39,1,1
2026-03,yas_all,30.03.2026 20:03:00,1,1
2026-03,yas_all,31.03.2026 07:45:28,1,1
2026-03,yas_all,31.03.2026 07:48:59,1,1
2026-03,yas_all,31.03.2026 19:56:05,1,1
2026-03,yas_all,31.03.2026 20:05:36,1,1
2026-03,yas_all,В норме от +3 до +40,21,12
2026-03,yas_all,Включен,1192,75
2026-03,yas_all,Вызов,277,13
2026-03,yas_all,Выключен,1409,77
2026-03,yas_all,Движения нет,14032,71
2026-03,yas_all,Дыма нет,1004,900
2026-03,yas_all,Есть питание,370,39
2026-03,yas_all,Затоплен,70,6
2026-03,yas_all,На охране,47,2
2026-03,yas_all,Не замкнут,1303,132
2026-03,yas_all,Неисправен,379,58
2026-03,yas_all,Неопределен,6930,1277
2026-03,yas_all,Норма,9104,1326
2026-03,yas_all,Обесточен,595,74
2026-03,yas_all,Обнаружен дым,1003,900
2026-03,yas_all,Обнаружено движение,14032,71
2026-03,yas_all,Отключено устройство,192,10
2026-03,yas_all,Питание от батарей,21,6
2026-03,yas_all,Питание от сети,21,6
2026-03,yas_all,Разговор,298,15
2026-03,yas_all,Рычаг норма,149,119
2026-03,yas_all,Рычаг сдернут,149,119
2026-03,yas_all,Снято с охраны,47,2
2026-03,yas_all,Температура ниже 3ºC,12,5
2026-04,all_gas,Неисправен,61,42
2026-04,all_gas,Неопределен,4916,134
2026-04,all_gas,Норма,5308,197
2026-04,all_gas,Обнаружен газ,338,49
2026-04,ctrl_gas,Неисправен,15,3
2026-04,ctrl_gas,Неопределен,4915,133
2026-04,ctrl_gas,Норма,5261,158
2026-04,ctrl_gas,Обнаружен газ,338,49
2026-04,park_all,01.01.1970 03:00:00,618,21
2026-04,park_all,01.01.1970 03:00:01,619,21
2026-04,park_all,01.04.2026 02:24:55,1,1
2026-04,park_all,01.04.2026 05:15:02,1,1
2026-04,park_all,01.04.2026 05:43:03,1,1
2026-04,park_all,01.04.2026 07:09:38,1,1
2026-04,park_all,01.04.2026 07:41:01,1,1
2026-04,park_all,01.04.2026 07:51:11,1,1
2026-04,park_all,01.04.2026 07:54:08,1,1
2026-04,park_all,01.04.2026 08:02:55,1,1
2026-04,park_all,01.04.2026 08:07:21,1,1
2026-04,park_all,01.04.2026 08:27:20,1,1
2026-04,park_all,01.04.2026 08:42:48,1,1
2026-04,park_all,01.04.2026 09:01:46,1,1
2026-04,park_all,01.04.2026 09:01:50,1,1
2026-04,park_all,01.04.2026 10:25:51,1,1
2026-04,park_all,01.04.2026 14:09:20,1,1
2026-04,park_all,01.04.2026 14:09:24,1,1
2026-04,park_all,01.04.2026 15:22:23,1,1
2026-04,park_all,01.04.2026 16:21:40,1,1
2026-04,park_all,01.04.2026 16:44:04,1,1
2026-04,park_all,01.04.2026 17:00:11,1,1
2026-04,park_all,01.04.2026 18:42:53,1,1
2026-04,park_all,01.04.2026 18:58:13,1,1
2026-04,park_all,01.04.2026 19:39:14,1,1
2026-04,park_all,01.04.2026 20:02:01,1,1
2026-04,park_all,01.04.2026 23:57:43,1,1
2026-04,park_all,01.04.2026 23:58:46,1,1
2026-04,park_all,02.04.2026 03:53:35,1,1
2026-04,park_all,02.04.2026 05:03:24,1,1
2026-04,park_all,02.04.2026 05:53:05,1,1
2026-04,park_all,02.04.2026 07:06:12,1,1
2026-04,park_all,02.04.2026 07:39:07,1,1
2026-04,park_all,02.04.2026 07:50:47,1,1
2026-04,park_all,02.04.2026 07:57:43,1,1
2026-04,park_all,02.04.2026 07:57:46,1,1
2026-04,park_all,02.04.2026 08:00:06,1,1
2026-04,park_all,02.04.2026 08:00:09,1,1
2026-04,park_all,02.04.2026 08:02:14,1,1
2026-04,park_all,02.04.2026 08:05:36,1,1
2026-04,park_all,02.04.2026 09:05:07,1,1
2026-04,park_all,02.04.2026 09:21:56,1,1
2026-04,park_all,02.04.2026 13:01:51,1,1
2026-04,park_all,02.04.2026 13:15:53,1,1
2026-04,park_all,02.04.2026 13:39:12,1,1
2026-04,park_all,02.04.2026 13:39:15,1,1
2026-04,park_all,02.04.2026 16:06:55,1,1
2026-04,park_all,02.04.2026 16:30:18,1,1
2026-04,park_all,02.04.2026 16:43:31,1,1
2026-04,park_all,02.04.2026 16:43:34,1,1
2026-04,park_all,02.04.2026 16:58:02,1,1
2026-04,park_all,02.04.2026 16:59:19,1,1
2026-04,park_all,02.04.2026 17:00:38,1,1
2026-04,park_all,02.04.2026 19:50:06,1,1
2026-04,park_all,02.04.2026 20:01:45,1,1
2026-04,park_all,03.04.2026 07:13:21,1,1
2026-04,park_all,03.04.2026 07:36:47,1,1
2026-04,park_all,03.04.2026 07:38:04,1,1
2026-04,park_all,03.04.2026 07:47:10,1,1
2026-04,park_all,03.04.2026 07:47:13,1,1
2026-04,park_all,03.04.2026 07:59:05,1,1
2026-04,park_all,03.04.2026 08:37:42,1,1
2026-04,park_all,03.04.2026 08:43:40,1,1
2026-04,park_all,03.04.2026 09:06:17,1,1
2026-04,park_all,03.04.2026 09:06:32,1,1
2026-04,park_all,03.04.2026 09:22:10,1,1
2026-04,park_all,03.04.2026 11:00:29,1,1
2026-04,park_all,03.04.2026 13:52:21,1,1
2026-04,park_all,03.04.2026 13:52:28,1,1
2026-04,park_all,03.04.2026 14:39:34,1,1
2026-04,park_all,03.04.2026 15:41:01,1,1
2026-04,park_all,03.04.2026 16:01:19,1,1
2026-04,park_all,03.04.2026 16:20:08,1,1
2026-04,park_all,03.04.2026 17:00:28,1,1
2026-04,park_all,03.04.2026 20:04:37,1,1
2026-04,park_all,04.04.2026 02:05:51,1,1
2026-04,park_all,04.04.2026 03:51:51,1,1
2026-04,park_all,04.04.2026 05:44:05,1,1
2026-04,park_all,04.04.2026 06:09:47,1,1
2026-04,park_all,04.04.2026 07:44:04,1,1
2026-04,park_all,04.04.2026 08:00:13,1,1
2026-04,park_all,04.04.2026 08:02:35,1,1
2026-04,park_all,04.04.2026 08:44:01,1,1
2026-04,park_all,04.04.2026 09:04:47,1,1
2026-04,park_all,04.04.2026 15:08:15,1,1
2026-04,park_all,04.04.2026 15:18:02,1,1
2026-04,park_all,04.04.2026 20:07:42,1,1
2026-04,park_all,05.04.2026 02:12:08,1,1
2026-04,park_all,05.04.2026 03:15:54,1,1
2026-04,park_all,05.04.2026 03:40:48,1,1
2026-04,park_all,05.04.2026 03:44:30,1,1
2026-04,park_all,05.04.2026 05:11:55,1,1
2026-04,park_all,05.04.2026 05:25:17,1,1
2026-04,park_all,05.04.2026 07:24:58,1,1
2026-04,park_all,05.04.2026 07:50:41,1,1
2026-04,park_all,05.04.2026 08:00:13,1,1
2026-04,park_all,05.04.2026 08:02:08,1,1
2026-04,park_all,05.04.2026 08:02:14,1,1
2026-04,park_all,05.04.2026 08:29:26,1,1
2026-04,park_all,05.04.2026 08:30:46,1,1
2026-04,park_all,05.04.2026 08:30:52,1,1
2026-04,park_all,05.04.2026 08:31:38,1,1
2026-04,park_all,05.04.2026 09:38:03,1,1
2026-04,park_all,05.04.2026 10:26:19,1,1
2026-04,park_all,05.04.2026 13:36:40,1,1
2026-04,park_all,05.04.2026 19:48:19,1,1
2026-04,park_all,05.04.2026 20:02:35,1,1
2026-04,park_all,06.04.2026 00:29:14,1,1
2026-04,park_all,06.04.2026 02:55:14,1,1
2026-04,park_all,06.04.2026 03:56:18,1,1
2026-04,park_all,06.04.2026 04:04:20,1,1
2026-04,park_all,06.04.2026 04:07:05,1,1
2026-04,park_all,06.04.2026 04:34:07,1,1
2026-04,park_all,06.04.2026 07:17:07,1,1
2026-04,park_all,06.04.2026 07:24:08,1,1
2026-04,park_all,06.04.2026 07:28:35,1,1
2026-04,park_all,06.04.2026 07:36:57,1,1
2026-04,park_all,06.04.2026 07:53:32,1,1
2026-04,park_all,06.04.2026 07:54:42,1,1
2026-04,park_all,06.04.2026 08:00:16,1,1
2026-04,park_all,06.04.2026 08:00:20,1,1
2026-04,park_all,06.04.2026 08:00:23,1,1
2026-04,park_all,06.04.2026 08:38:03,1,1
2026-04,park_all,06.04.2026 08:38:09,1,1
2026-04,park_all,06.04.2026 09:05:56,1,1
2026-04,park_all,06.04.2026 09:40:32,1,1
2026-04,park_all,06.04.2026 10:59:20,1,1
2026-04,park_all,06.04.2026 11:01:02,1,1
2026-04,park_all,06.04.2026 11:08:05,1,1
2026-04,park_all,06.04.2026 12:11:29,1,1
2026-04,park_all,06.04.2026 14:36:11,1,1
2026-04,park_all,06.04.2026 15:34:35,1,1
2026-04,park_all,06.04.2026 16:06:05,1,1
2026-04,park_all,06.04.2026 16:06:09,1,1
2026-04,park_all,06.04.2026 16:16:52,1,1
2026-04,park_all,06.04.2026 16:47:00,1,1
2026-04,park_all,06.04.2026 16:52:39,1,1
2026-04,park_all,06.04.2026 17:00:32,1,1
2026-04,park_all,06.04.2026 18:56:02,1,1
2026-04,park_all,06.04.2026 19:50:04,1,1
2026-04,park_all,06.04.2026 19:50:09,1,1
2026-04,park_all,06.04.2026 20:01:47,1,1
2026-04,park_all,06.12.2024 12:00:24,1,1
2026-04,park_all,07.04.2026 03:37:39,1,1
2026-04,park_all,07.04.2026 07:14:20,1,1
2026-04,park_all,07.04.2026 07:47:45,1,1
2026-04,park_all,07.04.2026 07:50:28,1,1
2026-04,park_all,07.04.2026 08:00:39,1,1
2026-04,park_all,07.04.2026 08:00:43,1,1
2026-04,park_all,07.04.2026 08:02:40,1,1
2026-04,park_all,07.04.2026 08:04:14,1,1
2026-04,park_all,07.04.2026 08:30:35,1,1
2026-04,park_all,07.04.2026 08:55:23,1,1
2026-04,park_all,07.04.2026 09:04:24,1,1
2026-04,park_all,07.04.2026 09:24:48,1,1
2026-04,park_all,07.04.2026 09:31:27,1,1
2026-04,park_all,07.04.2026 15:02:19,1,1
2026-04,park_all,07.04.2026 15:44:33,1,1
2026-04,park_all,07.04.2026 15:45:39,1,1
2026-04,park_all,07.04.2026 16:02:06,1,1
2026-04,park_all,07.04.2026 16:02:13,1,1
2026-04,park_all,07.04.2026 16:26:49,1,1
2026-04,park_all,07.04.2026 16:34:30,1,1
2026-04,park_all,07.04.2026 16:38:04,1,1
2026-04,park_all,07.04.2026 17:00:12,1,1
2026-04,park_all,07.04.2026 18:38:14,1,1
2026-04,park_all,07.04.2026 20:01:26,1,1
2026-04,park_all,07.04.2026 23:56:40,1,1
2026-04,park_all,08.04.2026 07:17:37,1,1
2026-04,park_all,08.04.2026 07:40:03,1,1
2026-04,park_all,08.04.2026 07:48:03,1,1
2026-04,park_all,08.04.2026 07:55:50,1,1
2026-04,park_all,08.04.2026 07:59:35,1,1
2026-04,park_all,08.04.2026 08:00:11,1,1
2026-04,park_all,08.04.2026 08:04:42,1,1
2026-04,park_all,08.04.2026 08:07:07,1,1
2026-04,park_all,08.04.2026 08:07:11,1,1
2026-04,park_all,08.04.2026 09:02:28,1,1
2026-04,park_all,08.04.2026 09:18:13,1,1
2026-04,park_all,08.04.2026 15:20:07,1,1
2026-04,park_all,08.04.2026 15:26:35,1,1
2026-04,park_all,08.04.2026 15:26:40,1,1
2026-04,park_all,08.04.2026 15:47:59,1,1
2026-04,park_all,08.04.2026 16:07:41,1,1
2026-04,park_all,08.04.2026 16:51:36,1,1
2026-04,park_all,08.04.2026 16:51:45,1,1
2026-04,park_all,08.04.2026 17:00:16,1,1
2026-04,park_all,08.04.2026 17:47:50,1,1
2026-04,park_all,08.04.2026 19:23:43,1,1
2026-04,park_all,08.04.2026 20:04:41,1,1
2026-04,park_all,08.04.2026 21:45:59,1,1
2026-04,park_all,08.04.2026 22:48:54,1,1
2026-04,park_all,09.04.2026 01:17:49,1,1
2026-04,park_all,09.04.2026 03:08:37,1,1
2026-04,park_all,09.04.2026 07:11:44,1,1
2026-04,park_all,09.04.2026 07:23:23,1,1
2026-04,park_all,09.04.2026 07:31:22,1,1
2026-04,park_all,09.04.2026 07:50:53,1,1
2026-04,park_all,09.04.2026 07:51:08,1,1
2026-04,park_all,09.04.2026 07:59:00,1,1
2026-04,park_all,09.04.2026 08:00:15,1,1
2026-04,park_all,09.04.2026 08:00:18,1,1
2026-04,park_all,09.04.2026 08:00:43,1,1
2026-04,park_all,09.04.2026 08:00:58,1,1
2026-04,park_all,09.04.2026 08:01:03,1,1
2026-04,park_all,09.04.2026 08:01:06,1,1
2026-04,park_all,09.04.2026 08:57:45,1,1
2026-04,park_all,09.04.2026 09:16:35,1,1
2026-04,park_all,09.04.2026 09:50:34,1,1
2026-04,park_all,09.04.2026 09:50:39,1,1
2026-04,park_all,09.04.2026 09:52:49,1,1
2026-04,park_all,09.04.2026 10:21:17,1,1
2026-04,park_all,09.04.2026 10:21:21,1,1
2026-04,park_all,09.04.2026 10:58:19,1,1
2026-04,park_all,09.04.2026 11:00:30,1,1
2026-04,park_all,09.04.2026 15:12:56,1,1
2026-04,park_all,09.04.2026 15:42:49,1,1
2026-04,park_all,09.04.2026 15:48:31,1,1
2026-04,park_all,09.04.2026 15:48:40,1,1
2026-04,park_all,09.04.2026 15:49:14,1,1
2026-04,park_all,09.04.2026 15:49:19,1,1
2026-04,park_all,09.04.2026 16:24:02,1,1
2026-04,park_all,09.04.2026 16:59:50,1,1
2026-04,park_all,09.04.2026 17:00:45,1,1
2026-04,park_all,09.04.2026 17:08:17,1,1
2026-04,park_all,09.04.2026 19:35:42,1,1
2026-04,park_all,09.04.2026 19:35:46,1,1
2026-04,park_all,09.04.2026 19:43:47,1,1
2026-04,park_all,09.04.2026 20:02:02,1,1
2026-04,park_all,09.04.2026 22:11:10,1,1
2026-04,park_all,10.04.2026 02:34:32,1,1
2026-04,park_all,10.04.2026 03:18:20,1,1
2026-04,park_all,10.04.2026 03:19:01,1,1
2026-04,park_all,10.04.2026 07:01:37,1,1
2026-04,park_all,10.04.2026 07:15:30,1,1
2026-04,park_all,10.04.2026 07:26:54,1,1
2026-04,park_all,10.04.2026 07:52:39,1,1
2026-04,park_all,10.04.2026 07:53:37,1,1
2026-04,park_all,10.04.2026 07:54:08,1,1
2026-04,park_all,10.04.2026 08:03:17,1,1
2026-04,park_all,10.04.2026 08:07:11,1,1
2026-04,park_all,10.04.2026 08:07:15,1,1
2026-04,park_all,10.04.2026 08:10:45,1,1
2026-04,park_all,10.04.2026 08:10:48,1,1
2026-04,park_all,10.04.2026 08:15:35,1,1
2026-04,park_all,10.04.2026 08:55:33,1,1
2026-04,park_all,10.04.2026 08:55:36,1,1
2026-04,park_all,10.04.2026 08:58:35,1,1
2026-04,park_all,10.04.2026 09:09:11,1,1
2026-04,park_all,10.04.2026 09:11:37,1,1
2026-04,park_all,10.04.2026 10:21:16,1,1
2026-04,park_all,10.04.2026 10:36:58,1,1
2026-04,park_all,10.04.2026 14:04:28,1,1
2026-04,park_all,10.04.2026 15:31:51,1,1
2026-04,park_all,10.04.2026 16:13:38,1,1
2026-04,park_all,10.04.2026 16:21:58,1,1
2026-04,park_all,10.04.2026 16:27:30,1,1
2026-04,park_all,10.04.2026 16:45:21,1,1
2026-04,park_all,10.04.2026 17:00:23,1,1
2026-04,park_all,10.04.2026 17:08:28,1,1
2026-04,park_all,10.04.2026 19:37:10,1,1
2026-04,park_all,10.04.2026 19:48:56,1,1
2026-04,park_all,10.04.2026 19:49:02,1,1
2026-04,park_all,10.04.2026 20:02:13,1,1
2026-04,park_all,10.04.2026 20:48:28,1,1
2026-04,park_all,11.04.2026 07:50:05,1,1
2026-04,park_all,11.04.2026 08:00:28,1,1
2026-04,park_all,11.04.2026 08:00:32,1,1
2026-04,park_all,11.04.2026 08:31:14,1,1
2026-04,park_all,11.04.2026 19:09:15,1,1
2026-04,park_all,11.04.2026 20:09:35,1,1
2026-04,park_all,11.04.2026 21:51:50,1,1
2026-04,park_all,11.04.2026 21:54:41,1,1
2026-04,park_all,11.04.2026 22:02:07,1,1
2026-04,park_all,11.04.2026 22:03:38,1,1
2026-04,park_all,12.04.2026 07:47:51,1,1
2026-04,park_all,12.04.2026 08:00:57,1,1
2026-04,park_all,12.04.2026 08:08:48,1,1
2026-04,park_all,12.04.2026 08:29:21,1,1
2026-04,park_all,12.04.2026 08:52:35,1,1
2026-04,park_all,12.04.2026 08:53:28,1,1
2026-04,park_all,12.04.2026 08:57:36,1,1
2026-04,park_all,12.04.2026 09:07:56,1,1
2026-04,park_all,12.04.2026 10:10:47,1,1
2026-04,park_all,12.04.2026 10:18:43,1,1
2026-04,park_all,12.04.2026 10:20:13,1,1
2026-04,park_all,12.04.2026 12:11:15,1,1
2026-04,park_all,12.04.2026 12:21:57,1,1
2026-04,park_all,12.04.2026 20:02:15,1,1
2026-04,park_all,12.04.2026 23:43:21,1,1
2026-04,park_all,12.04.2026 23:48:56,1,1
2026-04,park_all,13.04.2026 07:12:46,1,1
2026-04,park_all,13.04.2026 07:39:49,1,1
2026-04,park_all,13.04.2026 07:50:37,1,1
2026-04,park_all,13.04.2026 07:52:01,1,1
2026-04,park_all,13.04.2026 07:59:13,1,1
2026-04,park_all,13.04.2026 07:59:16,1,1
2026-04,park_all,13.04.2026 07:59:32,1,1
2026-04,park_all,13.04.2026 08:00:33,1,1
2026-04,park_all,13.04.2026 08:01:06,1,1
2026-04,park_all,13.04.2026 08:01:11,1,1
2026-04,park_all,13.04.2026 08:01:18,1,1
2026-04,park_all,13.04.2026 09:08:26,1,1
2026-04,park_all,13.04.2026 09:15:05,1,1
2026-04,park_all,13.04.2026 13:42:36,1,1
2026-04,park_all,13.04.2026 13:42:41,1,1
2026-04,park_all,13.04.2026 15:02:58,1,1
2026-04,park_all,13.04.2026 16:41:12,1,1
2026-04,park_all,13.04.2026 16:43:43,1,1
2026-04,park_all,13.04.2026 16:52:58,1,1
2026-04,park_all,13.04.2026 16:55:00,1,1
2026-04,park_all,13.04.2026 17:00:31,1,1
2026-04,park_all,13.04.2026 17:22:48,1,1
2026-04,park_all,13.04.2026 18:06:45,1,1
2026-04,park_all,13.04.2026 18:17:30,1,1
2026-04,park_all,13.04.2026 18:49:53,1,1
2026-04,park_all,13.04.2026 19:51:00,1,1
2026-04,park_all,13.04.2026 19:51:05,1,1
2026-04,park_all,13.04.2026 20:02:36,1,1
2026-04,park_all,13.04.2026 22:37:00,1,1
2026-04,park_all,13.04.2026 23:34:59,1,1
2026-04,park_all,14.04.2026 07:11:13,1,1
2026-04,park_all,14.04.2026 07:17:41,1,1
2026-04,park_all,14.04.2026 07:27:50,1,1
2026-04,park_all,14.04.2026 07:51:30,1,1
2026-04,park_all,14.04.2026 07:54:58,1,1
2026-04,park_all,14.04.2026 07:56:17,1,1
2026-04,park_all,14.04.2026 07:58:38,1,1
2026-04,park_all,14.04.2026 07:58:43,1,1
2026-04,park_all,14.04.2026 07:58:54,1,1
2026-04,park_all,14.04.2026 08:01:27,1,1
2026-04,park_all,14.04.2026 08:02:42,1,1
2026-04,park_all,14.04.2026 08:02:47,1,1
2026-04,park_all,14.04.2026 11:01:43,1,1
2026-04,park_all,14.04.2026 15:20:49,1,1
2026-04,park_all,14.04.2026 16:05:05,1,1
2026-04,park_all,14.04.2026 16:12:41,1,1
2026-04,park_all,14.04.2026 16:12:45,1,1
2026-04,park_all,14.04.2026 16:33:12,1,1
2026-04,park_all,14.04.2026 17:00:47,1,1
2026-04,park_all,14.04.2026 17:31:05,1,1
2026-04,park_all,14.04.2026 18:20:17,1,1
2026-04,park_all,14.04.2026 18:42:01,1,1
2026-04,park_all,14.04.2026 19:50:32,1,1
2026-04,park_all,14.04.2026 19:50:37,1,1
2026-04,park_all,14.04.2026 20:01:47,1,1
2026-04,park_all,15.04.2026 03:02:44,1,1
2026-04,park_all,15.04.2026 07:11:39,1,1
2026-04,park_all,15.04.2026 07:23:24,1,1
2026-04,park_all,15.04.2026 07:23:30,1,1
2026-04,park_all,15.04.2026 07:40:22,1,1
2026-04,park_all,15.04.2026 07:53:48,1,1
2026-04,park_all,15.04.2026 07:54:10,1,1
2026-04,park_all,15.04.2026 07:56:38,1,1
2026-04,park_all,15.04.2026 08:00:05,1,1
2026-04,park_all,15.04.2026 08:00:10,1,1
2026-04,park_all,15.04.2026 08:02:30,1,1
2026-04,park_all,15.04.2026 08:04:08,1,1
2026-04,park_all,15.04.2026 08:08:44,1,1
2026-04,park_all,15.04.2026 08:22:25,1,1
2026-04,park_all,15.04.2026 09:24:43,1,1
2026-04,park_all,15.04.2026 09:47:07,1,1
2026-04,park_all,15.04.2026 16:00:20,1,1
2026-04,park_all,15.04.2026 16:00:25,1,1
2026-04,park_all,15.04.2026 16:04:14,1,1
2026-04,park_all,15.04.2026 16:09:32,1,1
2026-04,park_all,15.04.2026 16:28:00,1,1
2026-04,park_all,15.04.2026 16:51:16,1,1
2026-04,park_all,15.04.2026 17:00:29,1,1
2026-04,park_all,15.04.2026 17:05:32,1,1
2026-04,park_all,15.04.2026 18:09:25,1,1
2026-04,park_all,15.04.2026 20:13:11,1,1
2026-04,park_all,15.04.2026 20:14:49,1,1
2026-04,park_all,16.04.2026 07:10:21,1,1
2026-04,park_all,16.04.2026 07:40:08,1,1
2026-04,park_all,16.04.2026 07:49:58,1,1
2026-04,park_all,16.04.2026 07:51:15,1,1
2026-04,park_all,16.04.2026 07:51:37,1,1
2026-04,park_all,16.04.2026 07:57:39,1,1
2026-04,park_all,16.04.2026 08:03:19,1,1
2026-04,park_all,16.04.2026 08:03:54,1,1
2026-04,park_all,16.04.2026 08:03:58,1,1
2026-04,park_all,16.04.2026 08:06:42,1,1
2026-04,park_all,16.04.2026 08:40:53,1,1
2026-04,park_all,16.04.2026 15:15:37,1,1
2026-04,park_all,16.04.2026 15:48:30,1,1
2026-04,park_all,16.04.2026 15:48:36,1,1
2026-04,park_all,16.04.2026 16:13:29,1,1
2026-04,park_all,16.04.2026 16:27:52,1,1
2026-04,park_all,16.04.2026 16:29:14,1,1
2026-04,park_all,16.04.2026 16:58:23,1,1
2026-04,park_all,16.04.2026 17:00:56,1,1
2026-04,park_all,16.04.2026 17:13:52,1,1
2026-04,park_all,16.04.2026 17:38:52,1,1
2026-04,park_all,16.04.2026 20:02:47,1,1
2026-04,park_all,16.04.2026 22:33:59,1,1
2026-04,park_all,16.04.2026 22:51:09,1,1
2026-04,park_all,16.04.2026 23:09:28,1,1
2026-04,park_all,16.04.2026 23:11:05,1,1
2026-04,park_all,17.04.2026 07:11:48,1,1
2026-04,park_all,17.04.2026 07:40:59,1,1
2026-04,park_all,17.04.2026 07:42:03,1,1
2026-04,park_all,17.04.2026 07:45:09,1,1
2026-04,park_all,17.04.2026 07:50:11,1,1
2026-04,park_all,17.04.2026 07:56:50,1,1
2026-04,park_all,17.04.2026 07:58:42,1,1
2026-04,park_all,17.04.2026 07:59:53,1,1
2026-04,park_all,17.04.2026 08:00:01,1,1
2026-04,park_all,17.04.2026 08:00:27,1,1
2026-04,park_all,17.04.2026 08:13:39,1,1
2026-04,park_all,17.04.2026 08:16:52,1,1
2026-04,park_all,17.04.2026 08:16:55,1,1
2026-04,park_all,17.04.2026 10:04:39,1,1
2026-04,park_all,17.04.2026 10:16:12,1,1
2026-04,park_all,17.04.2026 11:54:38,1,1
2026-04,park_all,17.04.2026 11:54:42,1,1
2026-04,park_all,17.04.2026 14:19:54,1,1
2026-04,park_all,17.04.2026 15:18:18,1,1
2026-04,park_all,17.04.2026 15:49:15,1,1
2026-04,park_all,17.04.2026 16:01:00,1,1
2026-04,park_all,17.04.2026 16:09:13,1,1
2026-04,park_all,17.04.2026 17:00:56,1,1
2026-04,park_all,17.04.2026 18:18:01,1,1
2026-04,park_all,17.04.2026 18:44:38,1,1
2026-04,park_all,17.04.2026 19:47:58,1,1
2026-04,park_all,17.04.2026 19:48:05,1,1
2026-04,park_all,17.04.2026 20:01:56,1,1
2026-04,park_all,17.04.2026 20:42:20,1,1
2026-04,park_all,17.04.2026 20:51:19,1,1
2026-04,park_all,17.04.2026 21:37:02,1,1
2026-04,park_all,17.04.2026 21:39:38,1,1
2026-04,park_all,18.04.2026 07:25:31,1,1
2026-04,park_all,18.04.2026 07:39:26,1,1
2026-04,park_all,18.04.2026 07:50:23,1,1
2026-04,park_all,18.04.2026 08:00:17,1,1
2026-04,park_all,18.04.2026 08:08:42,1,1
2026-04,park_all,18.04.2026 08:08:53,1,1
2026-04,park_all,18.04.2026 08:19:01,1,1
2026-04,park_all,18.04.2026 08:31:11,1,1
2026-04,park_all,18.04.2026 09:06:42,1,1
2026-04,park_all,18.04.2026 09:25:42,1,1
2026-04,park_all,18.04.2026 09:25:49,1,1
2026-04,park_all,18.04.2026 09:44:26,1,1
2026-04,park_all,18.04.2026 10:44:38,1,1
2026-04,park_all,18.04.2026 10:45:46,1,1
2026-04,park_all,18.04.2026 10:50:22,1,1
2026-04,park_all,18.04.2026 10:52:27,1,1
2026-04,park_all,18.04.2026 12:45:08,1,1
2026-04,park_all,18.04.2026 20:02:49,1,1
2026-04,park_all,18.04.2026 22:11:30,1,1
2026-04,park_all,18.04.2026 22:13:13,1,1
2026-04,park_all,19.04.2026 07:49:24,1,1
2026-04,park_all,19.04.2026 07:57:12,1,1
2026-04,park_all,19.04.2026 08:02:44,1,1
2026-04,park_all,19.04.2026 08:23:48,1,1
2026-04,park_all,19.04.2026 08:40:39,1,1
2026-04,park_all,19.04.2026 09:00:31,1,1
2026-04,park_all,19.04.2026 18:40:47,1,1
2026-04,park_all,19.04.2026 20:05:03,1,1
2026-04,park_all,20.04.2026 03:43:36,1,1
2026-04,park_all,20.04.2026 04:46:21,1,1
2026-04,park_all,20.04.2026 07:14:19,1,1
2026-04,park_all,20.04.2026 07:18:44,1,1
2026-04,park_all,20.04.2026 07:45:19,1,1
2026-04,park_all,20.04.2026 07:51:13,1,1
2026-04,park_all,20.04.2026 07:51:46,1,1
2026-04,park_all,20.04.2026 07:56:07,1,1
2026-04,park_all,20.04.2026 08:00:56,1,1
2026-04,park_all,20.04.2026 08:09:33,1,1
2026-04,park_all,20.04.2026 08:25:17,1,1
2026-04,park_all,20.04.2026 08:25:22,1,1
2026-04,park_all,20.04.2026 08:38:41,1,1
2026-04,park_all,20.04.2026 14:59:57,1,1
2026-04,park_all,20.04.2026 16:12:09,1,1
2026-04,park_all,20.04.2026 16:12:20,1,1
2026-04,park_all,20.04.2026 16:20:46,1,1
2026-04,park_all,20.04.2026 16:20:54,1,1
2026-04,park_all,20.04.2026 16:25:26,1,1
2026-04,park_all,20.04.2026 16:59:38,1,1
2026-04,park_all,20.04.2026 17:33:30,1,1
2026-04,park_all,20.04.2026 18:26:19,1,1
2026-04,park_all,20.04.2026 19:11:12,1,1
2026-04,park_all,20.04.2026 20:01:00,1,1
2026-04,park_all,21.04.2026 07:12:53,1,1
2026-04,park_all,21.04.2026 07:40:21,1,1
2026-04,park_all,21.04.2026 07:41:01,1,1
2026-04,park_all,21.04.2026 07:56:48,1,1
2026-04,park_all,21.04.2026 07:57:22,1,1
2026-04,park_all,21.04.2026 08:00:16,1,1
2026-04,park_all,21.04.2026 08:02:06,1,1
2026-04,park_all,21.04.2026 08:02:13,1,1
2026-04,park_all,21.04.2026 08:05:58,1,1
2026-04,park_all,21.04.2026 08:14:28,1,1
2026-04,park_all,21.04.2026 08:29:25,1,1
2026-04,park_all,21.04.2026 08:29:34,1,1
2026-04,park_all,21.04.2026 09:59:36,1,1
2026-04,park_all,21.04.2026 15:59:35,1,1
2026-04,park_all,21.04.2026 16:15:01,1,1
2026-04,park_all,21.04.2026 16:15:05,1,1
2026-04,park_all,21.04.2026 16:17:50,1,1
2026-04,park_all,21.04.2026 16:30:13,1,1
2026-04,park_all,21.04.2026 17:00:20,1,1
2026-04,park_all,21.04.2026 17:01:32,1,1
2026-04,park_all,21.04.2026 18:35:50,1,1
2026-04,park_all,21.04.2026 18:37:58,1,1
2026-04,park_all,21.04.2026 18:40:43,1,1
2026-04,park_all,21.04.2026 19:38:31,1,1
2026-04,park_all,21.04.2026 19:38:39,1,1
2026-04,park_all,21.04.2026 20:34:07,1,1
2026-04,park_all,22.04.2026 00:44:35,1,1
2026-04,park_all,22.04.2026 01:44:00,1,1
2026-04,park_all,22.04.2026 07:12:58,1,1
2026-04,park_all,22.04.2026 07:29:21,1,1
2026-04,park_all,22.04.2026 07:47:53,1,1
2026-04,park_all,22.04.2026 07:52:46,1,1
2026-04,park_all,22.04.2026 07:57:31,1,1
2026-04,park_all,22.04.2026 08:00:34,1,1
2026-04,park_all,22.04.2026 08:02:11,1,1
2026-04,park_all,22.04.2026 08:10:43,1,1
2026-04,park_all,22.04.2026 08:10:47,1,1
2026-04,park_all,22.04.2026 08:17:13,1,1
2026-04,park_all,22.04.2026 08:18:33,1,1
2026-04,park_all,22.04.2026 08:18:38,1,1
2026-04,park_all,22.04.2026 12:01:02,1,1
2026-04,park_all,22.04.2026 12:02:12,1,1
2026-04,park_all,22.04.2026 12:33:46,1,1
2026-04,park_all,22.04.2026 14:19:52,1,1
2026-04,park_all,22.04.2026 15:01:52,1,1
2026-04,park_all,22.04.2026 15:01:56,1,1
2026-04,park_all,22.04.2026 16:12:00,1,1
2026-04,park_all,22.04.2026 16:32:20,1,1
2026-04,park_all,22.04.2026 16:54:24,1,1
2026-04,park_all,22.04.2026 17:02:25,1,1
2026-04,park_all,22.04.2026 18:06:28,1,1
2026-04,park_all,22.04.2026 18:40:25,1,1
2026-04,park_all,22.04.2026 19:22:08,1,1
2026-04,park_all,22.04.2026 19:22:14,1,1
2026-04,park_all,22.04.2026 21:33:57,1,1
2026-04,park_all,22.04.2026 22:16:48,1,1
2026-04,park_all,22.04.2026 23:45:51,1,1
2026-04,park_all,22.04.2026 23:47:57,1,1
2026-04,park_all,23.04.2026 07:06:39,1,1
2026-04,park_all,23.04.2026 07:35:08,1,1
2026-04,park_all,23.04.2026 07:38:16,1,1
2026-04,park_all,23.04.2026 07:58:12,1,1
2026-04,park_all,23.04.2026 07:59:15,1,1
2026-04,park_all,23.04.2026 08:00:38,1,1
2026-04,park_all,23.04.2026 08:03:22,1,1
2026-04,park_all,23.04.2026 08:03:35,1,1
2026-04,park_all,23.04.2026 08:03:40,1,1
2026-04,park_all,23.04.2026 08:05:22,1,1
2026-04,park_all,23.04.2026 09:44:17,1,1
2026-04,park_all,23.04.2026 11:57:23,1,1
2026-04,park_all,23.04.2026 15:47:04,1,1
2026-04,park_all,23.04.2026 16:17:30,1,1
2026-04,park_all,23.04.2026 16:20:20,1,1
2026-04,park_all,23.04.2026 16:27:20,1,1
2026-04,park_all,23.04.2026 16:32:00,1,1
2026-04,park_all,23.04.2026 16:32:13,1,1
2026-04,park_all,23.04.2026 16:45:35,1,1
2026-04,park_all,23.04.2026 17:00:16,1,1
2026-04,park_all,23.04.2026 17:01:12,1,1
2026-04,park_all,23.04.2026 17:02:25,1,1
2026-04,park_all,23.04.2026 17:18:21,1,1
2026-04,park_all,23.04.2026 17:21:18,1,1
2026-04,park_all,23.04.2026 17:24:54,1,1
2026-04,park_all,23.04.2026 18:12:53,1,1
2026-04,park_all,23.04.2026 20:35:46,1,1
2026-04,park_all,23.04.2026 20:45:39,1,1
2026-04,park_all,24.04.2026 01:01:41,1,1
2026-04,park_all,24.04.2026 01:02:40,1,1
2026-04,park_all,24.04.2026 01:21:42,1,1
2026-04,park_all,24.04.2026 01:23:37,1,1
2026-04,park_all,24.04.2026 05:24:06,1,1
2026-04,park_all,24.04.2026 05:24:54,1,1
2026-04,park_all,24.04.2026 05:30:16,1,1
2026-04,park_all,24.04.2026 05:31:58,1,1
2026-04,park_all,24.04.2026 07:16:23,1,1
2026-04,park_all,24.04.2026 07:23:36,1,1
2026-04,park_all,24.04.2026 07:23:54,1,1
2026-04,park_all,24.04.2026 07:51:11,1,1
2026-04,park_all,24.04.2026 07:56:46,1,1
2026-04,park_all,24.04.2026 08:00:17,1,1
2026-04,park_all,24.04.2026 08:01:08,1,1
2026-04,park_all,24.04.2026 08:04:16,1,1
2026-04,park_all,24.04.2026 08:29:05,1,1
2026-04,park_all,24.04.2026 08:29:12,1,1
2026-04,park_all,24.04.2026 11:10:29,1,1
2026-04,park_all,24.04.2026 14:09:44,1,1
2026-04,park_all,24.04.2026 14:09:50,1,1
2026-04,park_all,24.04.2026 15:43:18,1,1
2026-04,park_all,24.04.2026 16:19:31,1,1
2026-04,park_all,24.04.2026 16:26:37,1,1
2026-04,park_all,24.04.2026 16:50:20,1,1
2026-04,park_all,24.04.2026 16:59:04,1,1
2026-04,park_all,24.04.2026 16:59:22,1,1
2026-04,park_all,24.04.2026 17:01:26,1,1
2026-04,park_all,24.04.2026 19:13:09,1,1
2026-04,park_all,25.04.2026 02:06:35,1,1
2026-04,park_all,25.04.2026 02:17:26,1,1
2026-04,park_all,25.04.2026 07:48:01,1,1
2026-04,park_all,25.04.2026 07:48:12,1,1
2026-04,park_all,25.04.2026 07:48:18,1,1
2026-04,park_all,25.04.2026 07:50:56,1,1
2026-04,park_all,25.04.2026 08:47:57,1,1
2026-04,park_all,25.04.2026 08:58:43,1,1
2026-04,park_all,25.04.2026 09:14:11,1,1
2026-04,park_all,25.04.2026 09:36:21,1,1
2026-04,park_all,25.04.2026 18:08:43,1,1
2026-04,park_all,25.04.2026 18:41:46,1,1
2026-04,park_all,26.04.2026 07:51:28,1,1
2026-04,park_all,26.04.2026 07:55:42,1,1
2026-04,park_all,26.04.2026 08:01:43,1,1
2026-04,park_all,26.04.2026 08:01:50,1,1
2026-04,park_all,26.04.2026 08:29:34,1,1
2026-04,park_all,26.04.2026 08:37:43,1,1
2026-04,park_all,26.04.2026 08:37:51,1,1
2026-04,park_all,26.04.2026 09:32:31,1,1
2026-04,park_all,26.04.2026 09:35:45,1,1
2026-04,park_all,26.04.2026 10:08:44,1,1
2026-04,park_all,26.04.2026 11:10:18,1,1
2026-04,park_all,26.04.2026 19:41:42,1,1
2026-04,park_all,27.04.2026 02:08:18,1,1
2026-04,park_all,27.04.2026 02:46:06,1,1
2026-04,park_all,27.04.2026 05:55:12,1,1
2026-04,park_all,27.04.2026 06:10:30,1,1
2026-04,park_all,27.04.2026 07:17:43,1,1
2026-04,park_all,27.04.2026 07:37:22,1,1
2026-04,park_all,27.04.2026 08:00:07,1,1
2026-04,park_all,27.04.2026 08:02:27,1,1
2026-04,park_all,27.04.2026 08:02:35,1,1
2026-04,park_all,27.04.2026 08:05:30,1,1
2026-04,park_all,27.04.2026 08:09:28,1,1
2026-04,park_all,27.04.2026 08:10:55,1,1
2026-04,park_all,27.04.2026 08:11:00,1,1
2026-04,park_all,27.04.2026 08:33:17,1,1
2026-04,park_all,27.04.2026 09:29:38,1,1
2026-04,park_all,27.04.2026 15:10:57,1,1
2026-04,park_all,27.04.2026 15:48:05,1,1
2026-04,park_all,27.04.2026 16:09:35,1,1
2026-04,park_all,27.04.2026 16:18:06,1,1
2026-04,park_all,27.04.2026 16:23:58,1,1
2026-04,park_all,27.04.2026 16:25:41,1,1
2026-04,park_all,27.04.2026 17:00:08,1,1
2026-04,park_all,27.04.2026 17:01:37,1,1
2026-04,park_all,27.04.2026 17:16:06,1,1
2026-04,park_all,27.04.2026 19:43:12,1,1
2026-04,park_all,27.04.2026 19:56:24,1,1
2026-04,park_all,27.04.2026 20:01:36,1,1
2026-04,park_all,27.04.2026 20:02:42,1,1
2026-04,park_all,27.04.2026 20:11:13,1,1
2026-04,park_all,27.04.2026 20:15:42,1,1
2026-04,park_all,27.04.2026 20:15:47,1,1
2026-04,park_all,27.04.2026 20:16:19,1,1
2026-04,park_all,27.04.2026 23:05:54,1,1
2026-04,park_all,28.04.2026 00:11:49,1,1
2026-04,park_all,28.04.2026 00:45:48,1,1
2026-04,park_all,28.04.2026 00:57:29,1,1
2026-04,park_all,28.04.2026 00:59:55,1,1
2026-04,park_all,28.04.2026 01:06:41,1,1
2026-04,park_all,28.04.2026 07:11:36,1,1
2026-04,park_all,28.04.2026 07:26:25,1,1
2026-04,park_all,28.04.2026 07:31:39,1,1
2026-04,park_all,28.04.2026 07:54:21,1,1
2026-04,park_all,28.04.2026 07:59:23,1,1
2026-04,park_all,28.04.2026 08:00:16,1,1
2026-04,park_all,28.04.2026 08:01:45,1,1
2026-04,park_all,28.04.2026 08:05:05,1,1
2026-04,park_all,28.04.2026 08:07:54,1,1
2026-04,park_all,28.04.2026 08:08:00,1,1
2026-04,park_all,28.04.2026 10:23:22,1,1
2026-04,park_all,28.04.2026 14:47:22,1,1
2026-04,park_all,28.04.2026 14:47:55,1,1
2026-04,park_all,28.04.2026 16:24:22,1,1
2026-04,park_all,28.04.2026 16:42:00,1,1
2026-04,park_all,28.04.2026 16:52:15,1,1
2026-04,park_all,28.04.2026 16:54:35,1,1
2026-04,park_all,28.04.2026 17:00:30,1,1
2026-04,park_all,28.04.2026 17:03:11,1,1
2026-04,park_all,28.04.2026 17:50:36,1,1
2026-04,park_all,28.04.2026 19:21:54,1,1
2026-04,park_all,28.04.2026 21:21:44,1,1
2026-04,park_all,28.04.2026 21:33:32,1,1
2026-04,park_all,28.04.2026 21:34:50,1,1
2026-04,park_all,29.04.2026 07:03:54,1,1
2026-04,park_all,29.04.2026 07:11:24,1,1
2026-04,park_all,29.04.2026 07:36:53,1,1
2026-04,park_all,29.04.2026 07:50:51,1,1
2026-04,park_all,29.04.2026 07:52:05,1,1
2026-04,park_all,29.04.2026 07:57:10,1,1
2026-04,park_all,29.04.2026 07:59:00,1,1
2026-04,park_all,29.04.2026 07:59:14,1,1
2026-04,park_all,29.04.2026 07:59:17,1,1
2026-04,park_all,29.04.2026 08:00:15,1,1
2026-04,park_all,29.04.2026 08:03:33,1,1
2026-04,park_all,29.04.2026 08:03:39,1,1
2026-04,park_all,29.04.2026 11:23:06,1,1
2026-04,park_all,29.04.2026 11:28:41,1,1
2026-04,park_all,29.04.2026 14:06:46,1,1
2026-04,park_all,29.04.2026 16:26:34,1,1
2026-04,park_all,29.04.2026 16:35:24,1,1
2026-04,park_all,29.04.2026 16:39:32,1,1
2026-04,park_all,29.04.2026 16:41:16,1,1
2026-04,park_all,29.04.2026 17:00:21,1,1
2026-04,park_all,29.04.2026 17:02:29,1,1
2026-04,park_all,29.04.2026 18:32:07,1,1
2026-04,park_all,29.04.2026 19:51:00,1,1
2026-04,park_all,29.04.2026 19:51:09,1,1
2026-04,park_all,29.04.2026 20:02:50,1,1
2026-04,park_all,29.04.2026 20:02:58,1,1
2026-04,park_all,29.04.2026 23:19:44,1,1
2026-04,park_all,29.04.2026 23:32:19,1,1
2026-04,park_all,30.04.2026 00:13:49,1,1
2026-04,park_all,30.04.2026 00:16:06,1,1
2026-04,park_all,30.04.2026 00:41:06,1,1
2026-04,park_all,30.04.2026 00:43:13,1,1
2026-04,park_all,30.04.2026 02:23:30,1,1
2026-04,park_all,30.04.2026 02:24:32,1,1
2026-04,park_all,30.04.2026 02:33:02,1,1
2026-04,park_all,30.04.2026 02:34:53,1,1
2026-04,park_all,30.04.2026 07:17:34,1,1
2026-04,park_all,30.04.2026 07:25:05,1,1
2026-04,park_all,30.04.2026 07:41:10,1,1
2026-04,park_all,30.04.2026 07:42:41,1,1
2026-04,park_all,30.04.2026 07:48:00,1,1
2026-04,park_all,30.04.2026 07:51:03,1,1
2026-04,park_all,30.04.2026 07:58:50,1,1
2026-04,park_all,30.04.2026 08:02:25,1,1
2026-04,park_all,30.04.2026 08:09:30,1,1
2026-04,park_all,30.04.2026 08:09:36,1,1
2026-04,park_all,30.04.2026 14:33:00,1,1
2026-04,park_all,30.04.2026 15:15:26,1,1
2026-04,park_all,30.04.2026 15:40:51,1,1
2026-04,park_all,30.04.2026 16:01:04,1,1
2026-04,park_all,30.04.2026 16:02:55,1,1
2026-04,park_all,30.04.2026 17:38:13,1,1
2026-04,park_all,30.04.2026 18:31:41,1,1
2026-04,park_all,30.04.2026 19:30:37,1,1
2026-04,park_all,30.04.2026 19:31:35,1,1
2026-04,park_all,30.04.2026 19:31:40,1,1
2026-04,park_all,30.04.2026 21:13:46,1,1
2026-04,park_all,30.04.2026 21:46:07,1,1
2026-04,park_all,31.12.2024 15:07:53,1,1
2026-04,park_all,Батарея неисправна,4,2
2026-04,park_all,Батарея разряжена,3,2
2026-04,park_all,В норме от +3 до +40,212,124
2026-04,park_all,Включен,43859,1150
2026-04,park_all,Вызов,339,43
2026-04,park_all,Выключен,47349,1191
2026-04,park_all,Движения нет,340425,672
2026-04,park_all,Дыма нет,2775,1417
2026-04,park_all,Есть питание,9269,746
2026-04,park_all,Затоплен,352,91
2026-04,park_all,Много неисправных устройств,82,24
2026-04,park_all,На охране,989,35
2026-04,park_all,Не замкнут,28823,1209
2026-04,park_all,Не определено,165,94
2026-04,park_all,Неисправен,35363,985
2026-04,park_all,Неопределен,166069,6610
2026-04,park_all,Норма,229673,7608
2026-04,park_all,Обесточен,12996,1118
2026-04,park_all,Обнаружен газ,338,49
2026-04,park_all,Обнаружен дым,2777,1418
2026-04,park_all,Обнаружено движение,340425,672
2026-04,park_all,Отключено устройство,2271,972
2026-04,park_all,Питание от батарей,284,55
2026-04,park_all,Питание от сети,287,56
2026-04,park_all,Работают все насосы в АНС,327,12
2026-04,park_all,Разговор,398,69
2026-04,park_all,Рычаг норма,369,298
2026-04,park_all,Рычаг сдернут,370,298
2026-04,park_all,Снято с охраны,986,35
2026-04,park_all,Температура выше 40ºC,2,2
2026-04,park_all,Температура ниже 3ºC,43,26
2026-04,park_all,Устройства на объекте исправны,80,24
2026-04,yas_all,01.04.2026 08:27:20,1,1
2026-04,yas_all,01.04.2026 08:42:48,1,1
2026-04,yas_all,01.04.2026 15:22:23,1,1
2026-04,yas_all,01.04.2026 20:02:01,1,1
2026-04,yas_all,02.04.2026 07:39:07,1,1
2026-04,yas_all,02.04.2026 08:00:06,1,1
2026-04,yas_all,02.04.2026 16:58:02,1,1
2026-04,yas_all,02.04.2026 20:01:45,1,1
2026-04,yas_all,03.04.2026 07:47:10,1,1
2026-04,yas_all,03.04.2026 07:59:05,1,1
2026-04,yas_all,03.04.2026 08:37:42,1,1
2026-04,yas_all,03.04.2026 20:04:37,1,1
2026-04,yas_all,04.04.2026 07:44:04,1,1
2026-04,yas_all,04.04.2026 08:00:13,1,1
2026-04,yas_all,04.04.2026 08:44:01,1,1
2026-04,yas_all,04.04.2026 20:07:42,1,1
2026-04,yas_all,05.04.2026 07:24:58,1,1
2026-04,yas_all,05.04.2026 08:00:13,1,1
2026-04,yas_all,05.04.2026 08:31:38,1,1
2026-04,yas_all,05.04.2026 13:36:40,1,1
2026-04,yas_all,05.04.2026 19:48:19,1,1
2026-04,yas_all,05.04.2026 20:02:35,1,1
2026-04,yas_all,06.04.2026 07:24:08,1,1
2026-04,yas_all,06.04.2026 08:00:16,1,1
2026-04,yas_all,06.04.2026 16:52:39,1,1
2026-04,yas_all,06.04.2026 20:01:47,1,1
2026-04,yas_all,07.04.2026 07:47:45,1,1
2026-04,yas_all,07.04.2026 08:02:40,1,1
2026-04,yas_all,07.04.2026 18:38:14,1,1
2026-04,yas_all,07.04.2026 20:01:26,1,1
2026-04,yas_all,08.04.2026 07:48:03,1,1
2026-04,yas_all,08.04.2026 08:00:11,1,1
2026-04,yas_all,08.04.2026 19:23:43,1,1
2026-04,yas_all,08.04.2026 20:04:41,1,1
2026-04,yas_all,09.04.2026 07:23:23,1,1
2026-04,yas_all,09.04.2026 08:01:03,1,1
2026-04,yas_all,09.04.2026 09:16:35,1,1
2026-04,yas_all,09.04.2026 20:02:02,1,1
2026-04,yas_all,10.04.2026 07:26:54,1,1
2026-04,yas_all,10.04.2026 08:15:35,1,1
2026-04,yas_all,10.04.2026 09:09:11,1,1
2026-04,yas_all,10.04.2026 09:11:37,1,1
2026-04,yas_all,10.04.2026 10:21:16,1,1
2026-04,yas_all,10.04.2026 10:36:58,1,1
2026-04,yas_all,10.04.2026 17:08:28,1,1
2026-04,yas_all,10.04.2026 20:02:13,1,1
2026-04,yas_all,11.04.2026 07:50:05,1,1
2026-04,yas_all,11.04.2026 08:00:32,1,1
2026-04,yas_all,11.04.2026 19:09:15,1,1
2026-04,yas_all,11.04.2026 20:09:35,1,1
2026-04,yas_all,11.04.2026 21:51:50,1,1
2026-04,yas_all,11.04.2026 21:54:41,1,1
2026-04,yas_all,11.04.2026 22:02:07,1,1
2026-04,yas_all,11.04.2026 22:03:38,1,1
2026-04,yas_all,12.04.2026 07:47:51,1,1
2026-04,yas_all,12.04.2026 08:00:57,1,1
2026-04,yas_all,12.04.2026 10:18:43,1,1
2026-04,yas_all,12.04.2026 12:11:15,1,1
2026-04,yas_all,12.04.2026 12:21:57,1,1
2026-04,yas_all,12.04.2026 20:02:15,1,1
2026-04,yas_all,13.04.2026 07:39:49,1,1
2026-04,yas_all,13.04.2026 08:00:33,1,1
2026-04,yas_all,13.04.2026 16:55:00,1,1
2026-04,yas_all,13.04.2026 20:02:36,1,1
2026-04,yas_all,14.04.2026 07:27:50,1,1
2026-04,yas_all,14.04.2026 08:01:27,1,1
2026-04,yas_all,14.04.2026 18:20:17,1,1
2026-04,yas_all,14.04.2026 20:01:47,1,1
2026-04,yas_all,15.04.2026 07:53:48,1,1
2026-04,yas_all,15.04.2026 08:02:30,1,1
2026-04,yas_all,15.04.2026 18:09:25,1,1
2026-04,yas_all,15.04.2026 20:13:11,1,1
2026-04,yas_all,16.04.2026 07:51:37,1,1
2026-04,yas_all,16.04.2026 07:57:39,1,1
2026-04,yas_all,16.04.2026 17:13:52,1,1
2026-04,yas_all,16.04.2026 20:02:47,1,1
2026-04,yas_all,16.04.2026 23:09:28,1,1
2026-04,yas_all,16.04.2026 23:11:05,1,1
2026-04,yas_all,17.04.2026 07:40:59,1,1
2026-04,yas_all,17.04.2026 08:00:27,1,1
2026-04,yas_all,17.04.2026 18:18:01,1,1
2026-04,yas_all,17.04.2026 20:01:56,1,1
2026-04,yas_all,17.04.2026 21:37:02,1,1
2026-04,yas_all,17.04.2026 21:39:38,1,1
2026-04,yas_all,18.04.2026 07:25:31,1,1
2026-04,yas_all,18.04.2026 08:00:17,1,1
2026-04,yas_all,18.04.2026 08:31:11,1,1
2026-04,yas_all,18.04.2026 20:02:49,1,1
2026-04,yas_all,18.04.2026 22:11:30,1,1
2026-04,yas_all,18.04.2026 22:13:13,1,1
2026-04,yas_all,19.04.2026 07:49:24,1,1
2026-04,yas_all,19.04.2026 07:57:12,1,1
2026-04,yas_all,19.04.2026 08:40:39,1,1
2026-04,yas_all,19.04.2026 20:05:03,1,1
2026-04,yas_all,20.04.2026 07:51:46,1,1
2026-04,yas_all,20.04.2026 08:00:56,1,1
2026-04,yas_all,20.04.2026 18:26:19,1,1
2026-04,yas_all,20.04.2026 20:01:00,1,1
2026-04,yas_all,21.04.2026 07:40:21,1,1
2026-04,yas_all,21.04.2026 08:00:16,1,1
2026-04,yas_all,21.04.2026 15:59:35,1,1
2026-04,yas_all,21.04.2026 17:01:32,1,1
2026-04,yas_all,22.04.2026 07:29:21,1,1
2026-04,yas_all,22.04.2026 08:00:34,1,1
2026-04,yas_all,22.04.2026 16:12:00,1,1
2026-04,yas_all,22.04.2026 17:02:25,1,1
2026-04,yas_all,22.04.2026 23:45:51,1,1
2026-04,yas_all,22.04.2026 23:47:57,1,1
2026-04,yas_all,23.04.2026 07:38:16,1,1
2026-04,yas_all,23.04.2026 08:00:38,1,1
2026-04,yas_all,23.04.2026 16:17:30,1,1
2026-04,yas_all,23.04.2026 17:02:25,1,1
2026-04,yas_all,24.04.2026 07:23:36,1,1
2026-04,yas_all,24.04.2026 08:00:17,1,1
2026-04,yas_all,24.04.2026 16:26:37,1,1
2026-04,yas_all,24.04.2026 17:01:26,1,1
2026-04,yas_all,25.04.2026 09:14:11,1,1
2026-04,yas_all,25.04.2026 09:36:21,1,1
2026-04,yas_all,27.04.2026 02:08:18,1,1
2026-04,yas_all,27.04.2026 02:46:06,1,1
2026-04,yas_all,27.04.2026 07:37:22,1,1
2026-04,yas_all,27.04.2026 08:05:30,1,1
2026-04,yas_all,27.04.2026 16:18:06,1,1
2026-04,yas_all,27.04.2026 17:01:37,1,1
2026-04,yas_all,28.04.2026 00:45:48,1,1
2026-04,yas_all,28.04.2026 00:57:29,1,1
2026-04,yas_all,28.04.2026 07:26:25,1,1
2026-04,yas_all,28.04.2026 08:00:16,1,1
2026-04,yas_all,28.04.2026 16:42:00,1,1
2026-04,yas_all,28.04.2026 17:03:11,1,1
2026-04,yas_all,28.04.2026 21:21:44,1,1
2026-04,yas_all,28.04.2026 21:34:50,1,1
2026-04,yas_all,29.04.2026 07:03:54,1,1
2026-04,yas_all,29.04.2026 08:00:15,1,1
2026-04,yas_all,29.04.2026 16:26:34,1,1
2026-04,yas_all,29.04.2026 17:02:29,1,1
2026-04,yas_all,29.04.2026 23:19:44,1,1
2026-04,yas_all,29.04.2026 23:32:19,1,1
2026-04,yas_all,30.04.2026 00:41:06,1,1
2026-04,yas_all,30.04.2026 00:43:13,1,1
2026-04,yas_all,30.04.2026 07:25:05,1,1
2026-04,yas_all,30.04.2026 08:02:25,1,1
2026-04,yas_all,30.04.2026 15:40:51,1,1
2026-04,yas_all,30.04.2026 16:02:55,1,1
2026-04,yas_all,30.04.2026 21:13:46,1,1
2026-04,yas_all,30.04.2026 21:46:07,1,1
2026-04,yas_all,В норме от +3 до +40,2,1
2026-04,yas_all,Включен,2108,74
2026-04,yas_all,Вызов,42,3
2026-04,yas_all,Выключен,2747,77
2026-04,yas_all,Движения нет,13409,51
2026-04,yas_all,Дыма нет,19,10
2026-04,yas_all,Есть питание,626,51
2026-04,yas_all,Затоплен,23,6
2026-04,yas_all,Много неисправных устройств,2,2
2026-04,yas_all,На охране,73,2
2026-04,yas_all,Не замкнут,1135,71
2026-04,yas_all,Неисправен,813,99
2026-04,yas_all,Неопределен,2879,1189
2026-04,yas_all,Норма,4881,1300
2026-04,yas_all,Обесточен,1290,86
2026-04,yas_all,Обнаружен дым,19,10
2026-04,yas_all,Обнаружено движение,13409,51
2026-04,yas_all,Отключено устройство,18,18
2026-04,yas_all,Питание от батарей,26,5
2026-04,yas_all,Питание от сети,26,5
2026-04,yas_all,Разговор,50,5
2026-04,yas_all,Снято с охраны,73,2
2026-04,yas_all,Температура ниже 3ºC,2,1
2026-04,yas_all,Устройства на объекте исправны,2,2
2026-04,yas_gas,Неисправен,46,39
2026-04,yas_gas,Неопределен,1,1
2026-04,yas_gas,Норма,47,39
2026-05,all_gas,Неисправен,26,3
2026-05,all_gas,Неопределен,18077,87
2026-05,all_gas,Норма,18423,131
2026-05,all_gas,Обнаружен газ,297,52
2026-05,all_gas,Отключено устройство,36,7
2026-05,ctrl_gas,Неисправен,25,2
2026-05,ctrl_gas,Неопределен,18077,87
2026-05,ctrl_gas,Норма,18340,91
2026-05,ctrl_gas,Обнаружен газ,215,13
2026-05,ctrl_gas,Отключено устройство,35,6
2026-05,park_all,01.01.1970 03:00:00,660,21
2026-05,park_all,01.01.1970 03:00:01,660,21
2026-05,park_all,01.05.2026 12:41:03,1,1
2026-05,park_all,01.05.2026 13:32:48,1,1
2026-05,park_all,02.05.2026 07:44:57,1,1
2026-05,park_all,02.05.2026 07:50:21,1,1
2026-05,park_all,02.05.2026 08:05:10,1,1
2026-05,park_all,02.05.2026 09:34:58,1,1
2026-05,park_all,02.05.2026 13:38:29,1,1
2026-05,park_all,02.05.2026 17:36:45,1,1
2026-05,park_all,02.05.2026 18:46:14,1,1
2026-05,park_all,02.05.2026 19:37:04,1,1
2026-05,park_all,02.05.2026 19:54:49,1,1
2026-05,park_all,02.05.2026 20:01:36,1,1
2026-05,park_all,03.05.2026 07:00:27,1,1
2026-05,park_all,03.05.2026 07:49:21,1,1
2026-05,park_all,03.05.2026 08:01:55,1,1
2026-05,park_all,03.05.2026 08:20:56,1,1
2026-05,park_all,03.05.2026 08:24:11,1,1
2026-05,park_all,03.05.2026 08:44:11,1,1
2026-05,park_all,03.05.2026 08:59:05,1,1
2026-05,park_all,03.05.2026 09:05:40,1,1
2026-05,park_all,03.05.2026 12:08:13,1,1
2026-05,park_all,03.05.2026 12:49:54,1,1
2026-05,park_all,03.05.2026 17:30:10,1,1
2026-05,park_all,03.05.2026 17:39:50,1,1
2026-05,park_all,03.05.2026 18:27:15,1,1
2026-05,park_all,03.05.2026 19:01:29,1,1
2026-05,park_all,03.05.2026 19:22:05,1,1
2026-05,park_all,03.05.2026 19:42:07,1,1
2026-05,park_all,03.05.2026 19:54:40,1,1
2026-05,park_all,03.05.2026 20:03:32,1,1
2026-05,park_all,04.05.2026 06:55:31,1,1
2026-05,park_all,04.05.2026 07:17:58,1,1
2026-05,park_all,04.05.2026 07:24:09,1,1
2026-05,park_all,04.05.2026 07:45:29,1,1
2026-05,park_all,04.05.2026 07:49:59,1,1
2026-05,park_all,04.05.2026 08:00:14,1,1
2026-05,park_all,04.05.2026 08:00:22,1,1
2026-05,park_all,04.05.2026 08:03:41,1,1
2026-05,park_all,04.05.2026 08:03:44,1,1
2026-05,park_all,04.05.2026 08:04:10,1,1
2026-05,park_all,04.05.2026 08:04:18,1,1
2026-05,park_all,04.05.2026 08:15:45,1,1
2026-05,park_all,04.05.2026 16:06:08,1,1
2026-05,park_all,04.05.2026 16:21:12,1,1
2026-05,park_all,04.05.2026 16:38:55,1,1
2026-05,park_all,04.05.2026 17:00:14,1,1
2026-05,park_all,04.05.2026 17:22:13,1,1
2026-05,park_all,04.05.2026 17:22:16,1,1
2026-05,park_all,04.05.2026 18:39:06,1,1
2026-05,park_all,04.05.2026 19:11:43,1,1
2026-05,park_all,04.05.2026 19:19:46,1,1
2026-05,park_all,04.05.2026 19:32:14,1,1
2026-05,park_all,04.05.2026 20:02:49,1,1
2026-05,park_all,05.05.2026 07:42:42,1,1
2026-05,park_all,05.05.2026 07:48:43,1,1
2026-05,park_all,05.05.2026 07:58:27,1,1
2026-05,park_all,05.05.2026 07:58:54,1,1
2026-05,park_all,05.05.2026 08:07:22,1,1
2026-05,park_all,05.05.2026 08:10:56,1,1
2026-05,park_all,05.05.2026 08:12:48,1,1
2026-05,park_all,05.05.2026 08:12:52,1,1
2026-05,park_all,05.05.2026 08:17:55,1,1
2026-05,park_all,05.05.2026 08:19:59,1,1
2026-05,park_all,05.05.2026 10:00:20,1,1
2026-05,park_all,05.05.2026 13:26:29,1,1
2026-05,park_all,05.05.2026 15:09:45,1,1
2026-05,park_all,05.05.2026 16:01:24,1,1
2026-05,park_all,05.05.2026 16:04:51,1,1
2026-05,park_all,05.05.2026 16:04:56,1,1
2026-05,park_all,05.05.2026 16:33:36,1,1
2026-05,park_all,05.05.2026 17:00:12,1,1
2026-05,park_all,05.05.2026 17:57:24,1,1
2026-05,park_all,05.05.2026 18:07:46,2,2
2026-05,park_all,05.05.2026 18:10:42,1,1
2026-05,park_all,05.05.2026 18:16:23,1,1
2026-05,park_all,05.05.2026 18:30:21,1,1
2026-05,park_all,05.05.2026 20:01:52,1,1
2026-05,park_all,06.05.2026 07:12:15,1,1
2026-05,park_all,06.05.2026 07:27:09,1,1
2026-05,park_all,06.05.2026 07:40:20,1,1
2026-05,park_all,06.05.2026 07:51:02,1,1
2026-05,park_all,06.05.2026 07:55:28,1,1
2026-05,park_all,06.05.2026 08:01:05,1,1
2026-05,park_all,06.05.2026 08:01:49,1,1
2026-05,park_all,06.05.2026 08:01:54,1,1
2026-05,park_all,06.05.2026 08:16:37,1,1
2026-05,park_all,06.05.2026 08:20:16,1,1
2026-05,park_all,06.05.2026 08:50:54,1,1
2026-05,park_all,06.05.2026 12:47:18,1,1
2026-05,park_all,06.05.2026 15:28:26,1,1
2026-05,park_all,06.05.2026 15:48:52,1,1
2026-05,park_all,06.05.2026 15:48:57,1,1
2026-05,park_all,06.05.2026 16:11:18,1,1
2026-05,park_all,06.05.2026 16:15:05,1,1
2026-05,park_all,06.05.2026 17:00:12,1,1
2026-05,park_all,06.05.2026 18:52:24,1,1
2026-05,park_all,06.05.2026 19:01:12,1,1
2026-05,park_all,06.05.2026 19:40:47,1,1
2026-05,park_all,06.05.2026 20:01:01,1,1
2026-05,park_all,07.05.2026 07:11:39,1,1
2026-05,park_all,07.05.2026 07:26:08,1,1
2026-05,park_all,07.05.2026 07:30:22,1,1
2026-05,park_all,07.05.2026 07:45:59,1,1
2026-05,park_all,07.05.2026 07:50:24,1,1
2026-05,park_all,07.05.2026 07:57:00,1,1
2026-05,park_all,07.05.2026 07:57:03,1,1
2026-05,park_all,07.05.2026 07:57:34,1,1
2026-05,park_all,07.05.2026 08:00:02,1,1
2026-05,park_all,07.05.2026 08:00:53,1,1
2026-05,park_all,07.05.2026 08:04:33,1,1
2026-05,park_all,07.05.2026 08:04:44,1,1
2026-05,park_all,07.05.2026 09:41:55,1,1
2026-05,park_all,07.05.2026 09:43:51,1,1
2026-05,park_all,07.05.2026 15:52:16,1,1
2026-05,park_all,07.05.2026 15:52:19,1,1
2026-05,park_all,07.05.2026 16:18:09,1,1
2026-05,park_all,07.05.2026 16:54:35,1,1
2026-05,park_all,07.05.2026 17:00:43,1,1
2026-05,park_all,07.05.2026 17:03:06,1,1
2026-05,park_all,07.05.2026 17:05:57,1,1
2026-05,park_all,07.05.2026 17:12:36,1,1
2026-05,park_all,07.05.2026 18:18:07,1,1
2026-05,park_all,07.05.2026 19:33:22,1,1
2026-05,park_all,07.05.2026 19:33:27,1,1
2026-05,park_all,07.05.2026 20:01:29,1,1
2026-05,park_all,07.05.2026 21:29:42,1,1
2026-05,park_all,07.05.2026 21:32:11,1,1
2026-05,park_all,07.05.2026 21:56:37,1,1
2026-05,park_all,07.05.2026 21:58:19,1,1
2026-05,park_all,08.05.2026 03:36:38,1,1
2026-05,park_all,08.05.2026 03:36:50,1,1
2026-05,park_all,08.05.2026 04:53:27,1,1
2026-05,park_all,08.05.2026 04:53:49,1,1
2026-05,park_all,08.05.2026 07:12:32,1,1
2026-05,park_all,08.05.2026 07:20:14,1,1
2026-05,park_all,08.05.2026 07:36:57,1,1
2026-05,park_all,08.05.2026 07:40:15,1,1
2026-05,park_all,08.05.2026 07:50:27,1,1
2026-05,park_all,08.05.2026 07:53:11,1,1
2026-05,park_all,08.05.2026 08:01:50,1,1
2026-05,park_all,08.05.2026 08:01:56,1,1
2026-05,park_all,08.05.2026 08:02:01,1,1
2026-05,park_all,08.05.2026 08:06:49,1,1
2026-05,park_all,08.05.2026 08:06:52,1,1
2026-05,park_all,08.05.2026 08:34:25,1,1
2026-05,park_all,08.05.2026 08:37:02,1,1
2026-05,park_all,08.05.2026 08:37:05,1,1
2026-05,park_all,08.05.2026 09:04:12,1,1
2026-05,park_all,08.05.2026 09:04:15,1,1
2026-05,park_all,08.05.2026 13:46:10,1,1
2026-05,park_all,08.05.2026 13:46:13,1,1
2026-05,park_all,08.05.2026 15:08:22,1,1
2026-05,park_all,08.05.2026 15:35:21,1,1
2026-05,park_all,08.05.2026 16:00:11,1,1
2026-05,park_all,08.05.2026 16:36:38,1,1
2026-05,park_all,08.05.2026 16:47:05,1,1
2026-05,park_all,08.05.2026 18:19:59,1,1
2026-05,park_all,08.05.2026 18:51:01,1,1
2026-05,park_all,08.05.2026 19:43:40,1,1
2026-05,park_all,08.05.2026 19:43:47,1,1
2026-05,park_all,08.05.2026 20:01:54,1,1
2026-05,park_all,08.05.2026 20:02:52,1,1
2026-05,park_all,08.05.2026 20:25:23,1,1
2026-05,park_all,08.05.2026 20:41:26,1,1
2026-05,park_all,08.05.2026 20:42:17,1,1
2026-05,park_all,09.05.2026 07:51:13,1,1
2026-05,park_all,09.05.2026 08:04:43,1,1
2026-05,park_all,09.05.2026 08:35:41,1,1
2026-05,park_all,09.05.2026 10:06:44,1,1
2026-05,park_all,09.05.2026 10:50:28,1,1
2026-05,park_all,09.05.2026 12:15:33,1,1
2026-05,park_all,09.05.2026 13:10:50,1,1
2026-05,park_all,09.05.2026 13:49:23,1,1
2026-05,park_all,09.05.2026 13:54:43,1,1
2026-05,park_all,09.05.2026 13:55:09,1,1
2026-05,park_all,09.05.2026 15:17:26,1,1
2026-05,park_all,09.05.2026 20:02:43,1,1
2026-05,park_all,10.05.2026 07:29:34,1,1
2026-05,park_all,10.05.2026 07:51:09,1,1
2026-05,park_all,10.05.2026 08:01:50,1,1
2026-05,park_all,10.05.2026 08:18:08,1,1
2026-05,park_all,10.05.2026 08:18:23,1,1
2026-05,park_all,10.05.2026 10:30:57,1,1
2026-05,park_all,10.05.2026 10:32:32,1,1
2026-05,park_all,10.05.2026 10:44:31,1,1
2026-05,park_all,10.05.2026 10:45:22,1,1
2026-05,park_all,10.05.2026 13:01:21,1,1
2026-05,park_all,10.05.2026 13:23:41,1,1
2026-05,park_all,10.05.2026 20:04:55,1,1
2026-05,park_all,11.05.2026 07:32:40,1,1
2026-05,park_all,11.05.2026 08:00:11,1,1
2026-05,park_all,11.05.2026 08:00:55,1,1
2026-05,park_all,11.05.2026 08:02:02,1,1
2026-05,park_all,11.05.2026 08:02:06,1,1
2026-05,park_all,11.05.2026 08:31:10,1,1
2026-05,park_all,11.05.2026 08:39:39,1,1
2026-05,park_all,11.05.2026 09:59:00,1,1
2026-05,park_all,11.05.2026 10:08:21,1,1
2026-05,park_all,11.05.2026 13:27:44,1,1
2026-05,park_all,11.05.2026 15:15:06,1,1
2026-05,park_all,11.05.2026 19:39:49,1,1
2026-05,park_all,11.05.2026 19:39:57,1,1
2026-05,park_all,11.05.2026 20:01:07,1,1
2026-05,park_all,11.05.2026 22:38:24,1,1
2026-05,park_all,11.05.2026 22:48:38,1,1
2026-05,park_all,12.05.2026 07:18:47,1,1
2026-05,park_all,12.05.2026 07:38:05,1,1
2026-05,park_all,12.05.2026 07:46:31,1,1
2026-05,park_all,12.05.2026 07:52:18,1,1
2026-05,park_all,12.05.2026 07:53:04,1,1
2026-05,park_all,12.05.2026 07:56:49,1,1
2026-05,park_all,12.05.2026 08:00:03,1,1
2026-05,park_all,12.05.2026 08:00:52,1,1
2026-05,park_all,12.05.2026 08:00:58,1,1
2026-05,park_all,12.05.2026 08:10:31,1,1
2026-05,park_all,12.05.2026 08:46:24,1,1
2026-05,park_all,12.05.2026 08:46:27,1,1
2026-05,park_all,12.05.2026 08:49:06,1,1
2026-05,park_all,12.05.2026 15:08:15,1,1
2026-05,park_all,12.05.2026 15:08:18,1,1
2026-05,park_all,12.05.2026 16:18:09,1,1
2026-05,park_all,12.05.2026 16:19:22,1,1
2026-05,park_all,12.05.2026 16:22:22,1,1
2026-05,park_all,12.05.2026 16:58:13,1,1
2026-05,park_all,12.05.2026 17:00:23,1,1
2026-05,park_all,12.05.2026 17:25:51,1,1
2026-05,park_all,12.05.2026 19:30:59,1,1
2026-05,park_all,12.05.2026 19:37:42,1,1
2026-05,park_all,12.05.2026 19:37:59,1,1
2026-05,park_all,12.05.2026 20:03:04,1,1
2026-05,park_all,12.05.2026 20:16:55,1,1
2026-05,park_all,13.05.2026 05:48:01,1,1
2026-05,park_all,13.05.2026 06:05:53,1,1
2026-05,park_all,13.05.2026 07:13:44,1,1
2026-05,park_all,13.05.2026 07:22:39,1,1
2026-05,park_all,13.05.2026 07:38:20,1,1
2026-05,park_all,13.05.2026 07:46:28,1,1
2026-05,park_all,13.05.2026 07:56:31,1,1
2026-05,park_all,13.05.2026 08:00:02,1,1
2026-05,park_all,13.05.2026 08:07:13,1,1
2026-05,park_all,13.05.2026 08:30:21,1,1
2026-05,park_all,13.05.2026 09:47:52,1,1
2026-05,park_all,13.05.2026 09:58:21,1,1
2026-05,park_all,13.05.2026 09:58:36,1,1
2026-05,park_all,13.05.2026 10:52:17,1,1
2026-05,park_all,13.05.2026 11:40:46,1,1
2026-05,park_all,13.05.2026 12:05:18,1,1
2026-05,park_all,13.05.2026 13:05:20,1,1
2026-05,park_all,13.05.2026 13:05:29,1,1
2026-05,park_all,13.05.2026 14:32:58,1,1
2026-05,park_all,13.05.2026 14:33:04,1,1
2026-05,park_all,13.05.2026 16:20:54,1,1
2026-05,park_all,13.05.2026 16:25:35,1,1
2026-05,park_all,13.05.2026 16:26:31,1,1
2026-05,park_all,13.05.2026 16:34:49,1,1
2026-05,park_all,13.05.2026 16:57:05,1,1
2026-05,park_all,13.05.2026 17:00:32,1,1
2026-05,park_all,13.05.2026 17:01:43,1,1
2026-05,park_all,13.05.2026 17:22:22,1,1
2026-05,park_all,13.05.2026 20:40:00,1,1
2026-05,park_all,13.05.2026 21:58:03,1,1
2026-05,park_all,14.05.2026 07:13:01,1,1
2026-05,park_all,14.05.2026 07:36:20,1,1
2026-05,park_all,14.05.2026 07:47:18,1,1
2026-05,park_all,14.05.2026 07:48:04,1,1
2026-05,park_all,14.05.2026 07:49:01,1,1
2026-05,park_all,14.05.2026 07:53:36,1,1
2026-05,park_all,14.05.2026 07:57:59,1,1
2026-05,park_all,14.05.2026 08:07:47,1,1
2026-05,park_all,14.05.2026 08:07:52,1,1
2026-05,park_all,14.05.2026 08:46:20,1,1
2026-05,park_all,14.05.2026 09:33:18,1,1
2026-05,park_all,14.05.2026 09:34:28,1,1
2026-05,park_all,14.05.2026 09:38:48,1,1
2026-05,park_all,14.05.2026 09:40:24,1,1
2026-05,park_all,14.05.2026 09:40:48,1,1
2026-05,park_all,14.05.2026 10:08:44,1,1
2026-05,park_all,14.05.2026 11:01:15,1,1
2026-05,park_all,14.05.2026 13:14:51,1,1
2026-05,park_all,14.05.2026 13:32:43,1,1
2026-05,park_all,14.05.2026 13:46:40,1,1
2026-05,park_all,14.05.2026 13:46:44,1,1
2026-05,park_all,14.05.2026 14:13:29,1,1
2026-05,park_all,14.05.2026 14:30:42,1,1
2026-05,park_all,14.05.2026 14:34:40,1,1
2026-05,park_all,14.05.2026 14:37:58,1,1
2026-05,park_all,14.05.2026 16:31:52,1,1
2026-05,park_all,14.05.2026 16:41:41,1,1
2026-05,park_all,14.05.2026 16:53:47,1,1
2026-05,park_all,14.05.2026 16:59:18,1,1
2026-05,park_all,14.05.2026 20:02:07,1,1
2026-05,park_all,14.05.2026 21:37:37,1,1
2026-05,park_all,14.05.2026 22:02:45,1,1
2026-05,park_all,14.05.2026 22:58:45,1,1
2026-05,park_all,15.05.2026 00:10:48,1,1
2026-05,park_all,15.05.2026 07:01:18,1,1
2026-05,park_all,15.05.2026 07:17:02,1,1
2026-05,park_all,15.05.2026 07:45:07,1,1
2026-05,park_all,15.05.2026 07:48:10,1,1
2026-05,park_all,15.05.2026 07:57:55,1,1
2026-05,park_all,15.05.2026 07:58:15,1,1
2026-05,park_all,15.05.2026 07:58:20,1,1
2026-05,park_all,15.05.2026 08:01:10,1,1
2026-05,park_all,15.05.2026 08:01:55,1,1
2026-05,park_all,15.05.2026 08:03:50,1,1
2026-05,park_all,15.05.2026 08:04:46,1,1
2026-05,park_all,15.05.2026 08:04:52,1,1
2026-05,park_all,15.05.2026 08:32:51,1,1
2026-05,park_all,15.05.2026 08:32:55,1,1
2026-05,park_all,15.05.2026 09:35:43,1,1
2026-05,park_all,15.05.2026 09:36:02,1,1
2026-05,park_all,15.05.2026 09:36:04,1,1
2026-05,park_all,15.05.2026 09:36:16,1,1
2026-05,park_all,15.05.2026 16:13:10,1,1
2026-05,park_all,15.05.2026 16:27:05,1,1
2026-05,park_all,15.05.2026 16:32:46,1,1
2026-05,park_all,15.05.2026 16:40:27,1,1
2026-05,park_all,15.05.2026 16:59:44,1,1
2026-05,park_all,15.05.2026 17:00:14,1,1
2026-05,park_all,15.05.2026 17:20:20,1,1
2026-05,park_all,15.05.2026 19:29:21,1,1
2026-05,park_all,15.05.2026 19:29:26,1,1
2026-05,park_all,15.05.2026 20:01:57,1,1
2026-05,park_all,15.05.2026 23:27:53,1,1
2026-05,park_all,15.05.2026 23:55:32,1,1
2026-05,park_all,16.05.2026 04:04:47,1,1
2026-05,park_all,16.05.2026 04:23:12,1,1
2026-05,park_all,16.05.2026 07:31:05,1,1
2026-05,park_all,16.05.2026 08:02:08,1,1
2026-05,park_all,16.05.2026 08:02:13,1,1
2026-05,park_all,16.05.2026 08:03:29,1,1
2026-05,park_all,16.05.2026 08:44:05,1,1
2026-05,park_all,16.05.2026 08:44:10,1,1
2026-05,park_all,16.05.2026 10:42:00,1,1
2026-05,park_all,16.05.2026 10:43:23,1,1
2026-05,park_all,16.05.2026 10:49:22,1,1
2026-05,park_all,16.05.2026 11:11:01,1,1
2026-05,park_all,16.05.2026 16:39:33,1,1
2026-05,park_all,16.05.2026 20:01:49,1,1
2026-05,park_all,17.05.2026 07:48:51,1,1
2026-05,park_all,17.05.2026 07:51:44,1,1
2026-05,park_all,17.05.2026 08:31:57,1,1
2026-05,park_all,17.05.2026 20:02:27,1,1
2026-05,park_all,17.05.2026 22:22:16,1,1
2026-05,park_all,17.05.2026 23:03:51,1,1
2026-05,park_all,18.05.2026 07:13:45,1,1
2026-05,park_all,18.05.2026 07:37:43,1,1
2026-05,park_all,18.05.2026 07:47:09,1,1
2026-05,park_all,18.05.2026 07:47:52,1,1
2026-05,park_all,18.05.2026 07:49:23,1,1
2026-05,park_all,18.05.2026 07:52:28,1,1
2026-05,park_all,18.05.2026 08:00:38,1,1
2026-05,park_all,18.05.2026 08:26:39,1,1
2026-05,park_all,18.05.2026 13:14:04,1,1
2026-05,park_all,18.05.2026 14:27:10,1,1
2026-05,park_all,18.05.2026 16:18:35,1,1
2026-05,park_all,18.05.2026 16:38:13,1,1
2026-05,park_all,18.05.2026 16:46:21,1,1
2026-05,park_all,18.05.2026 16:54:13,1,1
2026-05,park_all,18.05.2026 17:00:20,1,1
2026-05,park_all,18.05.2026 17:06:52,1,1
2026-05,park_all,18.05.2026 17:08:15,1,1
2026-05,park_all,18.05.2026 17:41:19,1,1
2026-05,park_all,18.05.2026 17:41:24,1,1
2026-05,park_all,18.05.2026 19:46:43,1,1
2026-05,park_all,19.05.2026 07:09:50,1,1
2026-05,park_all,19.05.2026 07:14:31,1,1
2026-05,park_all,19.05.2026 07:20:09,1,1
2026-05,park_all,19.05.2026 07:39:59,1,1
2026-05,park_all,19.05.2026 07:45:55,1,1
2026-05,park_all,19.05.2026 07:52:17,1,1
2026-05,park_all,19.05.2026 08:00:42,1,1
2026-05,park_all,19.05.2026 08:01:02,1,1
2026-05,park_all,19.05.2026 08:15:58,1,1
2026-05,park_all,19.05.2026 08:16:02,1,1
2026-05,park_all,19.05.2026 16:17:22,1,1
2026-05,park_all,19.05.2026 16:33:29,1,1
2026-05,park_all,19.05.2026 16:34:12,1,1
2026-05,park_all,19.05.2026 16:45:02,1,1
2026-05,park_all,19.05.2026 17:00:17,1,1
2026-05,park_all,19.05.2026 17:59:26,1,1
2026-05,park_all,19.05.2026 18:55:09,1,1
2026-05,park_all,19.05.2026 20:01:52,1,1
2026-05,park_all,19.05.2026 20:56:50,1,1
2026-05,park_all,19.05.2026 20:56:57,1,1
2026-05,park_all,20.05.2026 07:00:46,1,1
2026-05,park_all,20.05.2026 07:26:36,1,1
2026-05,park_all,20.05.2026 07:41:33,1,1
2026-05,park_all,20.05.2026 07:45:38,1,1
2026-05,park_all,20.05.2026 07:49:11,1,1
2026-05,park_all,20.05.2026 07:58:37,1,1
2026-05,park_all,20.05.2026 08:00:26,1,1
2026-05,park_all,20.05.2026 08:00:30,1,1
2026-05,park_all,20.05.2026 08:00:52,1,1
2026-05,park_all,20.05.2026 08:00:55,1,1
2026-05,park_all,20.05.2026 08:04:44,1,1
2026-05,park_all,20.05.2026 08:04:49,1,1
2026-05,park_all,20.05.2026 08:32:42,1,1
2026-05,park_all,20.05.2026 08:32:45,1,1
2026-05,park_all,20.05.2026 11:34:02,1,1
2026-05,park_all,20.05.2026 13:06:21,1,1
2026-05,park_all,20.05.2026 16:23:24,1,1
2026-05,park_all,20.05.2026 16:46:57,1,1
2026-05,park_all,20.05.2026 16:49:00,1,1
2026-05,park_all,20.05.2026 16:57:09,1,1
2026-05,park_all,20.05.2026 17:00:10,1,1
2026-05,park_all,20.05.2026 19:36:39,1,1
2026-05,park_all,20.05.2026 19:52:33,1,1
2026-05,park_all,20.05.2026 20:01:25,1,1
2026-05,park_all,21.05.2026 01:47:24,1,1
2026-05,park_all,21.05.2026 02:10:49,1,1
2026-05,park_all,21.05.2026 02:22:03,1,1
2026-05,park_all,21.05.2026 02:35:00,1,1
2026-05,park_all,21.05.2026 02:36:11,1,1
2026-05,park_all,21.05.2026 02:50:18,1,1
2026-05,park_all,21.05.2026 07:05:42,1,1
2026-05,park_all,21.05.2026 07:40:53,1,1
2026-05,park_all,21.05.2026 07:43:19,1,1
2026-05,park_all,21.05.2026 07:45:41,1,1
2026-05,park_all,21.05.2026 07:46:47,1,1
2026-05,park_all,21.05.2026 07:50:13,1,1
2026-05,park_all,21.05.2026 07:57:25,1,1
2026-05,park_all,21.05.2026 08:03:27,1,1
2026-05,park_all,21.05.2026 08:32:09,1,1
2026-05,park_all,21.05.2026 09:38:29,1,1
2026-05,park_all,21.05.2026 10:05:55,1,1
2026-05,park_all,21.05.2026 10:28:22,1,1
2026-05,park_all,21.05.2026 14:21:49,1,1
2026-05,park_all,21.05.2026 14:40:17,1,1
2026-05,park_all,21.05.2026 16:12:40,1,1
2026-05,park_all,21.05.2026 16:14:32,1,1
2026-05,park_all,21.05.2026 16:33:52,1,1
2026-05,park_all,21.05.2026 16:33:54,1,1
2026-05,park_all,21.05.2026 16:51:37,1,1
2026-05,park_all,21.05.2026 17:00:08,1,1
2026-05,park_all,21.05.2026 17:47:51,1,1
2026-05,park_all,21.05.2026 18:03:53,1,1
2026-05,park_all,21.05.2026 19:55:54,1,1
2026-05,park_all,21.05.2026 20:01:10,1,1
2026-05,park_all,21.05.2026 22:01:02,1,1
2026-05,park_all,21.05.2026 22:18:48,1,1
2026-05,park_all,21.05.2026 22:19:18,1,1
2026-05,park_all,21.05.2026 22:35:54,1,1
2026-05,park_all,22.05.2026 04:26:43,1,1
2026-05,park_all,22.05.2026 05:22:18,1,1
2026-05,park_all,22.05.2026 07:13:01,1,1
2026-05,park_all,22.05.2026 07:37:01,1,1
2026-05,park_all,22.05.2026 07:38:57,1,1
2026-05,park_all,22.05.2026 07:43:37,1,1
2026-05,park_all,22.05.2026 07:46:27,1,1
2026-05,park_all,22.05.2026 07:49:33,1,1
2026-05,park_all,22.05.2026 07:51:31,1,1
2026-05,park_all,22.05.2026 07:57:16,1,1
2026-05,park_all,22.05.2026 08:32:24,1,1
2026-05,park_all,22.05.2026 08:32:30,1,1
2026-05,park_all,22.05.2026 10:45:12,1,1
2026-05,park_all,22.05.2026 10:57:07,1,1
2026-05,park_all,22.05.2026 10:57:48,1,1
2026-05,park_all,22.05.2026 11:32:25,1,1
2026-05,park_all,22.05.2026 13:34:15,1,1
2026-05,park_all,22.05.2026 13:34:21,1,1
2026-05,park_all,22.05.2026 15:11:49,1,1
2026-05,park_all,22.05.2026 16:20:57,1,1
2026-05,park_all,22.05.2026 16:26:19,1,1
2026-05,park_all,22.05.2026 16:31:06,1,1
2026-05,park_all,22.05.2026 16:38:42,1,1
2026-05,park_all,22.05.2026 17:00:42,1,1
2026-05,park_all,22.05.2026 18:07:59,1,1
2026-05,park_all,22.05.2026 20:01:42,1,1
2026-05,park_all,22.05.2026 20:23:44,1,1
2026-05,park_all,22.05.2026 20:23:48,1,1
2026-05,park_all,22.05.2026 21:43:03,1,1
2026-05,park_all,22.05.2026 21:43:11,1,1
2026-05,park_all,22.05.2026 23:15:25,1,1
2026-05,park_all,22.05.2026 23:49:34,1,1
2026-05,park_all,23.05.2026 01:01:18,1,1
2026-05,park_all,23.05.2026 01:15:36,1,1
2026-05,park_all,23.05.2026 01:28:05,1,1
2026-05,park_all,23.05.2026 01:34:57,1,1
2026-05,park_all,23.05.2026 01:49:16,1,1
2026-05,park_all,23.05.2026 01:54:18,1,1
2026-05,park_all,23.05.2026 07:29:10,1,1
2026-05,park_all,23.05.2026 07:46:22,1,1
2026-05,park_all,23.05.2026 08:01:10,1,1
2026-05,park_all,23.05.2026 08:03:15,1,1
2026-05,park_all,23.05.2026 08:14:08,1,1
2026-05,park_all,23.05.2026 08:14:14,1,1
2026-05,park_all,23.05.2026 08:33:12,1,1
2026-05,park_all,23.05.2026 08:43:15,1,1
2026-05,park_all,23.05.2026 09:47:24,1,1
2026-05,park_all,23.05.2026 15:33:24,1,1
2026-05,park_all,23.05.2026 16:33:11,1,1
2026-05,park_all,23.05.2026 18:54:29,1,1
2026-05,park_all,23.05.2026 18:54:35,1,1
2026-05,park_all,23.05.2026 19:31:41,1,1
2026-05,park_all,23.05.2026 20:01:08,1,1
2026-05,park_all,23.05.2026 20:17:53,1,1
2026-05,park_all,23.05.2026 20:55:44,1,1
2026-05,park_all,23.05.2026 21:27:38,1,1
2026-05,park_all,23.05.2026 21:47:04,1,1
2026-05,park_all,23.05.2026 23:04:34,1,1
2026-05,park_all,24.05.2026 02:16:50,1,1
2026-05,park_all,24.05.2026 02:17:00,1,1
2026-05,park_all,24.05.2026 07:21:32,1,1
2026-05,park_all,24.05.2026 07:25:53,1,1
2026-05,park_all,24.05.2026 07:42:22,1,1
2026-05,park_all,24.05.2026 07:58:15,1,1
2026-05,park_all,24.05.2026 07:58:20,1,1
2026-05,park_all,24.05.2026 08:00:13,1,1
2026-05,park_all,24.05.2026 08:33:53,1,1
2026-05,park_all,24.05.2026 08:34:48,1,1
2026-05,park_all,24.05.2026 08:34:53,1,1
2026-05,park_all,24.05.2026 20:01:55,1,1
2026-05,park_all,25.05.2026 07:12:43,1,1
2026-05,park_all,25.05.2026 07:44:22,1,1
2026-05,park_all,25.05.2026 07:49:58,1,1
2026-05,park_all,25.05.2026 07:51:33,1,1
2026-05,park_all,25.05.2026 07:53:06,1,1
2026-05,park_all,25.05.2026 07:53:16,1,1
2026-05,park_all,25.05.2026 07:55:03,1,1
2026-05,park_all,25.05.2026 09:20:17,1,1
2026-05,park_all,25.05.2026 09:23:06,1,1
2026-05,park_all,25.05.2026 09:23:37,1,1
2026-05,park_all,25.05.2026 09:26:49,1,1
2026-05,park_all,25.05.2026 09:26:55,1,1
2026-05,park_all,25.05.2026 09:27:29,1,1
2026-05,park_all,25.05.2026 11:01:58,1,1
2026-05,park_all,25.05.2026 13:01:10,1,1
2026-05,park_all,25.05.2026 15:25:49,1,1
2026-05,park_all,25.05.2026 15:25:56,1,1
2026-05,park_all,25.05.2026 16:43:11,1,1
2026-05,park_all,25.05.2026 16:46:17,1,1
2026-05,park_all,25.05.2026 16:58:28,1,1
2026-05,park_all,25.05.2026 17:00:23,1,1
2026-05,park_all,25.05.2026 17:13:19,1,1
2026-05,park_all,25.05.2026 17:53:01,1,1
2026-05,park_all,25.05.2026 18:23:15,1,1
2026-05,park_all,25.05.2026 18:50:26,1,1
2026-05,park_all,25.05.2026 20:01:33,1,1
2026-05,park_all,25.05.2026 22:24:39,1,1
2026-05,park_all,25.05.2026 22:26:37,1,1
2026-05,park_all,26.05.2026 07:42:33,1,1
2026-05,park_all,26.05.2026 07:47:02,1,1
2026-05,park_all,26.05.2026 07:47:24,1,1
2026-05,park_all,26.05.2026 07:51:02,1,1
2026-05,park_all,26.05.2026 07:55:19,1,1
2026-05,park_all,26.05.2026 07:56:21,1,1
2026-05,park_all,26.05.2026 08:21:12,1,1
2026-05,park_all,26.05.2026 08:22:28,1,1
2026-05,park_all,26.05.2026 08:47:44,1,1
2026-05,park_all,26.05.2026 08:57:54,1,1
2026-05,park_all,26.05.2026 08:57:59,1,1
2026-05,park_all,26.05.2026 10:22:59,1,1
2026-05,park_all,26.05.2026 10:23:35,1,1
2026-05,park_all,26.05.2026 13:05:02,1,1
2026-05,park_all,26.05.2026 15:51:33,1,1
2026-05,park_all,26.05.2026 15:51:38,1,1
2026-05,park_all,26.05.2026 15:52:48,1,1
2026-05,park_all,26.05.2026 16:04:19,1,1
2026-05,park_all,26.05.2026 16:11:52,1,1
2026-05,park_all,26.05.2026 17:00:23,1,1
2026-05,park_all,26.05.2026 19:13:23,1,1
2026-05,park_all,26.05.2026 20:02:33,1,1
2026-05,park_all,26.05.2026 20:05:11,1,1
2026-05,park_all,27.05.2026 04:31:20,1,1
2026-05,park_all,27.05.2026 07:02:59,1,1
2026-05,park_all,27.05.2026 07:13:32,1,1
2026-05,park_all,27.05.2026 07:28:22,1,1
2026-05,park_all,27.05.2026 07:47:53,1,1
2026-05,park_all,27.05.2026 07:51:38,1,1
2026-05,park_all,27.05.2026 07:55:14,1,1
2026-05,park_all,27.05.2026 08:00:12,1,1
2026-05,park_all,27.05.2026 08:04:45,1,1
2026-05,park_all,27.05.2026 08:06:42,1,1
2026-05,park_all,27.05.2026 08:06:47,1,1
2026-05,park_all,27.05.2026 09:35:29,1,1
2026-05,park_all,27.05.2026 09:35:32,1,1
2026-05,park_all,27.05.2026 11:13:38,1,1
2026-05,park_all,27.05.2026 11:30:47,1,1
2026-05,park_all,27.05.2026 12:32:38,1,1
2026-05,park_all,27.05.2026 15:16:41,1,1
2026-05,park_all,27.05.2026 15:16:44,1,1
2026-05,park_all,27.05.2026 16:07:40,1,1
2026-05,park_all,27.05.2026 16:37:11,1,1
2026-05,park_all,27.05.2026 17:01:08,1,1
2026-05,park_all,27.05.2026 18:46:53,1,1
2026-05,park_all,27.05.2026 19:04:02,1,1
2026-05,park_all,27.05.2026 19:10:28,1,1
2026-05,park_all,27.05.2026 19:10:34,1,1
2026-05,park_all,27.05.2026 20:01:17,1,1
2026-05,park_all,27.05.2026 20:43:12,1,1
2026-05,park_all,27.05.2026 21:24:46,1,1
2026-05,park_all,27.05.2026 21:45:55,1,1
2026-05,park_all,28.05.2026 07:11:06,1,1
2026-05,park_all,28.05.2026 07:16:46,1,1
2026-05,park_all,28.05.2026 07:39:00,1,1
2026-05,park_all,28.05.2026 07:44:36,1,1
2026-05,park_all,28.05.2026 07:52:09,1,1
2026-05,park_all,28.05.2026 07:53:56,1,1
2026-05,park_all,28.05.2026 08:00:17,1,1
2026-05,park_all,28.05.2026 08:02:23,1,1
2026-05,park_all,28.05.2026 08:04:10,1,1
2026-05,park_all,28.05.2026 08:04:16,1,1
2026-05,park_all,28.05.2026 08:04:55,1,1
2026-05,park_all,28.05.2026 08:04:59,1,1
2026-05,park_all,28.05.2026 11:25:19,1,1
2026-05,park_all,28.05.2026 15:55:52,1,1
2026-05,park_all,28.05.2026 16:20:06,1,1
2026-05,park_all,28.05.2026 16:49:15,1,1
2026-05,park_all,28.05.2026 16:49:21,1,1
2026-05,park_all,28.05.2026 17:00:22,1,1
2026-05,park_all,28.05.2026 17:30:48,1,1
2026-05,park_all,28.05.2026 17:52:45,1,1
2026-05,park_all,28.05.2026 18:30:24,1,1
2026-05,park_all,28.05.2026 18:32:03,1,1
2026-05,park_all,28.05.2026 18:39:19,1,1
2026-05,park_all,28.05.2026 19:37:46,1,1
2026-05,park_all,28.05.2026 19:37:50,1,1
2026-05,park_all,28.05.2026 20:02:11,1,1
2026-05,park_all,28.05.2026 23:13:36,1,1
2026-05,park_all,28.05.2026 23:13:57,1,1
2026-05,park_all,28.05.2026 23:20:43,1,1
2026-05,park_all,29.05.2026 00:30:40,1,1
2026-05,park_all,29.05.2026 01:26:35,1,1
2026-05,park_all,29.05.2026 07:11:45,1,1
2026-05,park_all,29.05.2026 07:43:10,1,1
2026-05,park_all,29.05.2026 07:49:00,1,1
2026-05,park_all,29.05.2026 07:51:07,1,1
2026-05,park_all,29.05.2026 07:53:30,1,1
2026-05,park_all,29.05.2026 07:56:23,1,1
2026-05,park_all,29.05.2026 08:00:27,1,1
2026-05,park_all,29.05.2026 08:16:08,1,1
2026-05,park_all,29.05.2026 08:27:18,1,1
2026-05,park_all,29.05.2026 08:27:23,1,1
2026-05,park_all,29.05.2026 09:42:51,1,1
2026-05,park_all,29.05.2026 11:47:35,1,1
2026-05,park_all,29.05.2026 14:49:43,1,1
2026-05,park_all,29.05.2026 15:31:46,1,1
2026-05,park_all,29.05.2026 15:31:51,1,1
2026-05,park_all,29.05.2026 16:05:51,1,1
2026-05,park_all,29.05.2026 16:29:09,1,1
2026-05,park_all,29.05.2026 17:00:57,1,1
2026-05,park_all,29.05.2026 17:15:12,1,1
2026-05,park_all,29.05.2026 17:30:32,1,1
2026-05,park_all,29.05.2026 19:28:01,1,1
2026-05,park_all,29.05.2026 19:50:56,1,1
2026-05,park_all,29.05.2026 20:02:17,1,1
2026-05,park_all,30.05.2026 00:47:54,1,1
2026-05,park_all,30.05.2026 00:58:40,1,1
2026-05,park_all,30.05.2026 04:15:43,1,1
2026-05,park_all,30.05.2026 07:46:19,1,1
2026-05,park_all,30.05.2026 07:48:55,1,1
2026-05,park_all,30.05.2026 07:54:23,1,1
2026-05,park_all,30.05.2026 08:32:14,1,1
2026-05,park_all,30.05.2026 09:13:58,1,1
2026-05,park_all,30.05.2026 10:59:57,1,1
2026-05,park_all,30.05.2026 11:58:19,1,1
2026-05,park_all,30.05.2026 12:39:52,1,1
2026-05,park_all,30.05.2026 12:51:55,1,1
2026-05,park_all,30.05.2026 20:02:26,1,1
2026-05,park_all,30.05.2026 20:35:37,1,1
2026-05,park_all,30.05.2026 20:54:18,1,1
2026-05,park_all,30.05.2026 22:07:56,1,1
2026-05,park_all,30.05.2026 22:07:59,1,1
2026-05,park_all,30.05.2026 22:12:20,1,1
2026-05,park_all,30.05.2026 22:12:23,1,1
2026-05,park_all,31.05.2026 01:54:31,1,1
2026-05,park_all,31.05.2026 02:12:35,1,1
2026-05,park_all,31.05.2026 07:25:09,1,1
2026-05,park_all,31.05.2026 07:39:15,1,1
2026-05,park_all,31.05.2026 07:44:35,1,1
2026-05,park_all,31.05.2026 07:52:49,1,1
2026-05,park_all,31.05.2026 08:00:10,1,1
2026-05,park_all,31.05.2026 08:01:26,1,1
2026-05,park_all,31.05.2026 08:01:35,1,1
2026-05,park_all,31.05.2026 08:20:23,1,1
2026-05,park_all,31.05.2026 08:31:50,1,1
2026-05,park_all,31.05.2026 08:36:05,1,1
2026-05,park_all,31.05.2026 08:36:10,1,1
2026-05,park_all,31.05.2026 08:37:05,1,1
2026-05,park_all,31.05.2026 09:05:56,1,1
2026-05,park_all,31.05.2026 20:02:07,1,1
2026-05,park_all,31.05.2026 21:41:34,1,1
2026-05,park_all,31.05.2026 22:12:09,1,1
2026-05,park_all,Батарея неисправна,3,1
2026-05,park_all,Батарея разряжена,2,1
2026-05,park_all,В норме от +3 до +40,231,70
2026-05,park_all,Включен,33663,1060
2026-05,park_all,Вызов,408,53
2026-05,park_all,Выключен,37042,1119
2026-05,park_all,Движения нет,269267,600
2026-05,park_all,Дыма нет,1260,660
2026-05,park_all,Есть питание,8319,765
2026-05,park_all,Затоплен,431,72
2026-05,park_all,Много неисправных устройств,149,28
2026-05,park_all,На охране,1001,35
2026-05,park_all,Не замкнут,21340,1085
2026-05,park_all,Не определено,182,54
2026-05,park_all,Неисправен,5953,699
2026-05,park_all,Неопределен,359023,2802
2026-05,park_all,Норма,387383,4104
2026-05,park_all,Обесточен,11830,1121
2026-05,park_all,Обнаружен газ,297,52
2026-05,park_all,Обнаружен дым,1263,660
2026-05,park_all,Обнаружено движение,269267,600
2026-05,park_all,Отключено устройство,915,234
2026-05,park_all,Питание от батарей,322,53
2026-05,park_all,Питание от сети,322,52
2026-05,park_all,Работают все насосы в АНС,8,3
2026-05,park_all,Разговор,445,46
2026-05,park_all,Рычаг норма,253,137
2026-05,park_all,Рычаг сдернут,253,137
2026-05,park_all,Снято с охраны,1000,35
2026-05,park_all,Температура ниже 3ºC,49,16
2026-05,park_all,Устройства на объекте исправны,149,30
2026-05,yas_all,01.05.2026 12:41:03,1,1
2026-05,yas_all,01.05.2026 13:32:48,1,1
2026-05,yas_all,02.05.2026 07:44:57,1,1
2026-05,yas_all,02.05.2026 08:05:10,1,1
2026-05,yas_all,02.05.2026 17:36:45,1,1
2026-05,yas_all,02.05.2026 18:46:14,1,1
2026-05,yas_all,02.05.2026 19:54:49,1,1
2026-05,yas_all,02.05.2026 20:01:36,1,1
2026-05,yas_all,03.05.2026 07:00:27,1,1
2026-05,yas_all,03.05.2026 08:01:55,1,1
2026-05,yas_all,03.05.2026 08:44:11,1,1
2026-05,yas_all,03.05.2026 12:08:13,1,1
2026-05,yas_all,03.05.2026 17:39:50,1,1
2026-05,yas_all,03.05.2026 18:27:15,1,1
2026-05,yas_all,03.05.2026 19:54:40,1,1
2026-05,yas_all,03.05.2026 20:03:32,1,1
2026-05,yas_all,04.05.2026 07:24:09,1,1
2026-05,yas_all,04.05.2026 08:00:14,1,1
2026-05,yas_all,04.05.2026 19:19:46,1,1
2026-05,yas_all,04.05.2026 20:02:49,1,1
2026-05,yas_all,05.05.2026 07:42:42,1,1
2026-05,yas_all,05.05.2026 07:58:54,1,1
2026-05,yas_all,05.05.2026 18:30:21,1,1
2026-05,yas_all,05.05.2026 20:01:52,1,1
2026-05,yas_all,06.05.2026 07:55:28,1,1
2026-05,yas_all,06.05.2026 08:01:05,1,1
2026-05,yas_all,06.05.2026 19:01:12,1,1
2026-05,yas_all,06.05.2026 20:01:01,1,1
2026-05,yas_all,07.05.2026 07:26:08,1,1
2026-05,yas_all,07.05.2026 08:00:02,1,1
2026-05,yas_all,07.05.2026 17:12:36,1,1
2026-05,yas_all,07.05.2026 20:01:29,1,1
2026-05,yas_all,07.05.2026 21:56:37,1,1
2026-05,yas_all,07.05.2026 21:58:19,1,1
2026-05,yas_all,08.05.2026 07:36:57,1,1
2026-05,yas_all,08.05.2026 08:02:01,1,1
2026-05,yas_all,08.05.2026 16:47:05,1,1
2026-05,yas_all,08.05.2026 20:01:54,1,1
2026-05,yas_all,09.05.2026 07:51:13,1,1
2026-05,yas_all,09.05.2026 08:04:43,1,1
2026-05,yas_all,09.05.2026 08:35:41,1,1
2026-05,yas_all,09.05.2026 12:15:33,1,1
2026-05,yas_all,09.05.2026 13:10:50,1,1
2026-05,yas_all,09.05.2026 20:02:43,1,1
2026-05,yas_all,10.05.2026 07:29:34,1,1
2026-05,yas_all,10.05.2026 07:51:09,1,1
2026-05,yas_all,10.05.2026 08:18:08,1,1
2026-05,yas_all,10.05.2026 20:04:55,1,1
2026-05,yas_all,11.05.2026 07:32:40,1,1
2026-05,yas_all,11.05.2026 08:00:55,1,1
2026-05,yas_all,11.05.2026 08:31:10,1,1
2026-05,yas_all,11.05.2026 09:59:00,1,1
2026-05,yas_all,11.05.2026 13:27:44,1,1
2026-05,yas_all,11.05.2026 20:01:07,1,1
2026-05,yas_all,12.05.2026 07:38:05,1,1
2026-05,yas_all,12.05.2026 08:00:03,1,1
2026-05,yas_all,12.05.2026 17:25:51,1,1
2026-05,yas_all,12.05.2026 20:03:04,1,1
2026-05,yas_all,13.05.2026 07:22:39,1,1
2026-05,yas_all,13.05.2026 08:00:02,1,1
2026-05,yas_all,13.05.2026 16:20:54,1,1
2026-05,yas_all,13.05.2026 17:01:43,1,1
2026-05,yas_all,14.05.2026 07:36:20,1,1
2026-05,yas_all,14.05.2026 07:49:01,1,1
2026-05,yas_all,14.05.2026 16:31:52,1,1
2026-05,yas_all,14.05.2026 20:02:07,1,1
2026-05,yas_all,14.05.2026 21:37:37,1,1
2026-05,yas_all,14.05.2026 22:02:45,1,1
2026-05,yas_all,15.05.2026 07:17:02,1,1
2026-05,yas_all,15.05.2026 08:01:10,1,1
2026-05,yas_all,15.05.2026 17:20:20,1,1
2026-05,yas_all,15.05.2026 20:01:57,1,1
2026-05,yas_all,16.05.2026 07:31:05,1,1
2026-05,yas_all,16.05.2026 08:03:29,1,1
2026-05,yas_all,16.05.2026 16:39:33,1,1
2026-05,yas_all,16.05.2026 20:01:49,1,1
2026-05,yas_all,17.05.2026 07:48:51,1,1
2026-05,yas_all,17.05.2026 07:51:44,1,1
2026-05,yas_all,17.05.2026 08:31:57,1,1
2026-05,yas_all,17.05.2026 20:02:27,1,1
2026-05,yas_all,18.05.2026 07:47:52,1,1
2026-05,yas_all,18.05.2026 08:00:38,1,1
2026-05,yas_all,18.05.2026 14:27:10,1,1
2026-05,yas_all,18.05.2026 17:06:52,1,1
2026-05,yas_all,19.05.2026 07:20:09,1,1
2026-05,yas_all,19.05.2026 08:00:42,1,1
2026-05,yas_all,19.05.2026 17:59:26,1,1
2026-05,yas_all,19.05.2026 20:01:52,1,1
2026-05,yas_all,20.05.2026 07:41:33,1,1
2026-05,yas_all,20.05.2026 08:00:55,1,1
2026-05,yas_all,20.05.2026 13:06:21,1,1
2026-05,yas_all,20.05.2026 20:01:25,1,1
2026-05,yas_all,21.05.2026 01:47:24,1,1
2026-05,yas_all,21.05.2026 02:10:49,1,1
2026-05,yas_all,21.05.2026 02:22:03,1,1
2026-05,yas_all,21.05.2026 02:35:00,1,1
2026-05,yas_all,21.05.2026 07:46:47,1,1
2026-05,yas_all,21.05.2026 07:50:13,1,1
2026-05,yas_all,21.05.2026 16:12:40,1,1
2026-05,yas_all,21.05.2026 20:01:10,1,1
2026-05,yas_all,22.05.2026 07:37:01,1,1
2026-05,yas_all,22.05.2026 07:49:33,1,1
2026-05,yas_all,22.05.2026 10:45:12,1,1
2026-05,yas_all,22.05.2026 20:01:42,1,1
2026-05,yas_all,23.05.2026 01:28:05,1,1
2026-05,yas_all,23.05.2026 01:34:57,1,1
2026-05,yas_all,23.05.2026 07:29:10,1,1
2026-05,yas_all,23.05.2026 08:01:10,1,1
2026-05,yas_all,23.05.2026 08:33:12,1,1
2026-05,yas_all,23.05.2026 20:01:08,1,1
2026-05,yas_all,23.05.2026 23:04:34,1,1
2026-05,yas_all,24.05.2026 02:16:50,1,1
2026-05,yas_all,24.05.2026 07:25:53,1,1
2026-05,yas_all,24.05.2026 08:00:13,1,1
2026-05,yas_all,24.05.2026 08:33:53,1,1
2026-05,yas_all,24.05.2026 20:01:55,1,1
2026-05,yas_all,25.05.2026 07:49:58,1,1
2026-05,yas_all,25.05.2026 07:53:16,1,1
2026-05,yas_all,25.05.2026 17:53:01,1,1
2026-05,yas_all,25.05.2026 20:01:33,1,1
2026-05,yas_all,25.05.2026 22:24:39,1,1
2026-05,yas_all,25.05.2026 22:26:37,1,1
2026-05,yas_all,26.05.2026 07:47:02,1,1
2026-05,yas_all,26.05.2026 07:56:21,1,1
2026-05,yas_all,26.05.2026 19:13:23,1,1
2026-05,yas_all,26.05.2026 20:05:11,1,1
2026-05,yas_all,27.05.2026 07:28:22,1,1
2026-05,yas_all,27.05.2026 08:00:12,1,1
2026-05,yas_all,27.05.2026 16:37:11,1,1
2026-05,yas_all,27.05.2026 20:01:17,1,1
2026-05,yas_all,28.05.2026 07:39:00,1,1
2026-05,yas_all,28.05.2026 08:00:17,1,1
2026-05,yas_all,28.05.2026 18:32:03,1,1
2026-05,yas_all,28.05.2026 20:02:11,1,1
2026-05,yas_all,29.05.2026 07:53:30,1,1
2026-05,yas_all,29.05.2026 08:00:27,1,1
2026-05,yas_all,29.05.2026 19:50:56,1,1
2026-05,yas_all,29.05.2026 20:02:17,1,1
2026-05,yas_all,30.05.2026 07:46:19,1,1
2026-05,yas_all,30.05.2026 07:54:23,1,1
2026-05,yas_all,30.05.2026 08:32:14,1,1
2026-05,yas_all,30.05.2026 20:02:26,1,1
2026-05,yas_all,31.05.2026 07:25:09,1,1
2026-05,yas_all,31.05.2026 08:00:10,1,1
2026-05,yas_all,31.05.2026 08:31:50,1,1
2026-05,yas_all,31.05.2026 20:02:07,1,1
2026-05,yas_all,В норме от +3 до +40,22,11
2026-05,yas_all,Включен,2835,75
2026-05,yas_all,Вызов,16,3
2026-05,yas_all,Выключен,4547,79
2026-05,yas_all,Движения нет,12260,45
2026-05,yas_all,Дыма нет,65,18
2026-05,yas_all,Есть питание,1063,54
2026-05,yas_all,Затоплен,17,4
2026-05,yas_all,На охране,73,2
2026-05,yas_all,Не замкнут,1167,73
2026-05,yas_all,Неисправен,1887,62
2026-05,yas_all,Норма,3155,177
2026-05,yas_all,Обесточен,2825,89
2026-05,yas_all,Обнаружен газ,82,39
2026-05,yas_all,Обнаружен дым,66,18
2026-05,yas_all,Обнаружено движение,12260,45
2026-05,yas_all,Отключено устройство,6,5
2026-05,yas_all,Питание от батарей,39,6
2026-05,yas_all,Питание от сети,39,6
2026-05,yas_all,Разговор,19,3
2026-05,yas_all,Снято с охраны,73,2
2026-05,yas_all,Температура ниже 3ºC,22,11
2026-05,yas_gas,Неисправен,1,1
2026-05,yas_gas,Норма,83,40
2026-05,yas_gas,Обнаружен газ,82,39
2026-05,yas_gas,Отключено устройство,1,1
2026-06,all_gas,Неисправен,34,33
2026-06,all_gas,Неопределен,4662,256
2026-06,all_gas,Норма,4906,271
2026-06,all_gas,Обнаружен газ,208,42
2026-06,all_gas,Отключено устройство,3,3
2026-06,ctrl_gas,Неисправен,34,33
2026-06,ctrl_gas,Неопределен,4662,256
2026-06,ctrl_gas,Норма,4906,271
2026-06,ctrl_gas,Обнаружен газ,208,42
2026-06,ctrl_gas,Отключено устройство,3,3
2026-06,park_all,01.01.1970 03:00:00,627,21
2026-06,park_all,01.01.1970 03:00:01,626,21
2026-06,park_all,02.06.2026 07:14:03,1,1
2026-06,park_all,02.06.2026 07:38:52,1,1
2026-06,park_all,02.06.2026 07:42:52,1,1
2026-06,park_all,02.06.2026 07:48:11,1,1
2026-06,park_all,02.06.2026 07:48:37,1,1
2026-06,park_all,02.06.2026 07:53:49,1,1
2026-06,park_all,02.06.2026 07:58:01,1,1
2026-06,park_all,02.06.2026 08:04:40,1,1
2026-06,park_all,02.06.2026 08:58:20,1,1
2026-06,park_all,02.06.2026 10:04:47,1,1
2026-06,park_all,02.06.2026 10:18:39,1,1
2026-06,park_all,02.06.2026 15:39:20,1,1
2026-06,park_all,02.06.2026 16:22:37,1,1
2026-06,park_all,02.06.2026 16:45:55,1,1
2026-06,park_all,02.06.2026 17:00:18,1,1
2026-06,park_all,02.06.2026 17:07:40,1,1
2026-06,park_all,02.06.2026 17:12:16,1,1
2026-06,park_all,02.06.2026 17:27:56,1,1
2026-06,park_all,02.06.2026 18:14:11,1,1
2026-06,park_all,02.06.2026 20:03:31,1,1
2026-06,park_all,02.06.2026 22:24:23,1,1
2026-06,park_all,02.06.2026 22:26:05,1,1
2026-06,park_all,03.06.2026 07:10:53,1,1
2026-06,park_all,03.06.2026 07:25:20,1,1
2026-06,park_all,03.06.2026 07:36:34,1,1
2026-06,park_all,03.06.2026 07:51:03,1,1
2026-06,park_all,03.06.2026 07:54:46,1,1
2026-06,park_all,03.06.2026 07:57:26,1,1
2026-06,park_all,03.06.2026 07:58:17,1,1
2026-06,park_all,03.06.2026 07:59:24,1,1
2026-06,park_all,03.06.2026 16:06:35,1,1
2026-06,park_all,03.06.2026 16:12:12,1,1
2026-06,park_all,03.06.2026 16:17:43,1,1
2026-06,park_all,03.06.2026 16:51:48,1,1
2026-06,park_all,03.06.2026 17:00:45,1,1
2026-06,park_all,03.06.2026 17:09:54,1,1
2026-06,park_all,03.06.2026 17:25:03,1,1
2026-06,park_all,03.06.2026 19:02:00,1,1
2026-06,park_all,03.06.2026 19:09:10,1,1
2026-06,park_all,03.06.2026 20:01:05,1,1
2026-06,park_all,04.06.2026 06:59:09,1,1
2026-06,park_all,04.06.2026 07:11:28,1,1
2026-06,park_all,04.06.2026 07:38:36,1,1
2026-06,park_all,04.06.2026 07:48:11,1,1
2026-06,park_all,04.06.2026 07:53:15,1,1
2026-06,park_all,04.06.2026 08:00:20,1,1
2026-06,park_all,04.06.2026 08:00:29,1,1
2026-06,park_all,04.06.2026 08:01:27,1,1
2026-06,park_all,04.06.2026 08:02:23,1,1
2026-06,park_all,04.06.2026 08:07:16,1,1
2026-06,park_all,04.06.2026 08:07:21,1,1
2026-06,park_all,04.06.2026 08:10:45,1,1
2026-06,park_all,04.06.2026 08:10:49,1,1
2026-06,park_all,04.06.2026 08:44:56,1,1
2026-06,park_all,04.06.2026 11:15:29,1,1
2026-06,park_all,04.06.2026 11:15:32,1,1
2026-06,park_all,04.06.2026 11:18:10,1,1
2026-06,park_all,04.06.2026 13:59:11,1,1
2026-06,park_all,04.06.2026 13:59:15,1,1
2026-06,park_all,04.06.2026 15:09:48,1,1
2026-06,park_all,04.06.2026 15:48:24,1,1
2026-06,park_all,04.06.2026 15:57:06,1,1
2026-06,park_all,04.06.2026 16:42:08,1,1
2026-06,park_all,04.06.2026 16:47:58,1,1
2026-06,park_all,04.06.2026 16:52:14,1,1
2026-06,park_all,04.06.2026 16:52:19,1,1
2026-06,park_all,04.06.2026 16:57:53,1,1
2026-06,park_all,04.06.2026 17:00:59,1,1
2026-06,park_all,04.06.2026 17:12:50,1,1
2026-06,park_all,04.06.2026 17:32:03,1,1
2026-06,park_all,04.06.2026 17:32:07,1,1
2026-06,park_all,04.06.2026 18:50:02,1,1
2026-06,park_all,04.06.2026 19:55:24,1,1
2026-06,park_all,04.06.2026 19:55:29,1,1
2026-06,park_all,04.06.2026 20:03:25,1,1
2026-06,park_all,04.06.2026 20:29:20,1,1
2026-06,park_all,04.06.2026 20:58:12,1,1
2026-06,park_all,04.06.2026 21:41:10,1,1
2026-06,park_all,04.06.2026 21:49:50,1,1
2026-06,park_all,05.06.2026 07:02:13,1,1
2026-06,park_all,05.06.2026 07:09:18,1,1
2026-06,park_all,05.06.2026 07:49:10,1,1
2026-06,park_all,05.06.2026 07:49:46,1,1
2026-06,park_all,05.06.2026 07:53:47,1,1
2026-06,park_all,05.06.2026 07:55:16,1,1
2026-06,park_all,05.06.2026 07:56:09,1,1
2026-06,park_all,05.06.2026 08:00:31,1,1
2026-06,park_all,05.06.2026 08:00:34,1,1
2026-06,park_all,05.06.2026 08:01:26,1,1
2026-06,park_all,05.06.2026 08:04:50,1,1
2026-06,park_all,05.06.2026 08:04:55,1,1
2026-06,park_all,05.06.2026 10:07:32,1,1
2026-06,park_all,05.06.2026 12:38:16,1,1
2026-06,park_all,05.06.2026 13:58:36,1,1
2026-06,park_all,05.06.2026 13:58:39,1,1
2026-06,park_all,05.06.2026 14:12:33,1,1
2026-06,park_all,05.06.2026 15:34:00,1,1
2026-06,park_all,05.06.2026 16:02:36,1,1
2026-06,park_all,05.06.2026 16:33:26,1,1
2026-06,park_all,05.06.2026 16:33:32,1,1
2026-06,park_all,05.06.2026 16:40:11,1,1
2026-06,park_all,05.06.2026 16:59:20,1,1
2026-06,park_all,05.06.2026 17:01:03,1,1
2026-06,park_all,05.06.2026 17:14:00,1,1
2026-06,park_all,05.06.2026 17:54:13,1,1
2026-06,park_all,05.06.2026 19:19:35,1,1
2026-06,park_all,05.06.2026 20:01:13,1,1
2026-06,park_all,05.06.2026 20:07:24,1,1
2026-06,park_all,05.06.2026 20:46:16,1,1
2026-06,park_all,06.06.2026 07:45:56,1,1
2026-06,park_all,06.06.2026 07:48:44,1,1
2026-06,park_all,06.06.2026 07:57:26,1,1
2026-06,park_all,06.06.2026 08:01:22,1,1
2026-06,park_all,06.06.2026 08:03:57,1,1
2026-06,park_all,06.06.2026 08:27:45,1,1
2026-06,park_all,06.06.2026 08:35:41,1,1
2026-06,park_all,06.06.2026 08:37:37,1,1
2026-06,park_all,06.06.2026 08:48:42,1,1
2026-06,park_all,06.06.2026 09:29:57,1,1
2026-06,park_all,06.06.2026 10:47:17,1,1
2026-06,park_all,06.06.2026 11:10:51,1,1
2026-06,park_all,06.06.2026 12:59:05,1,1
2026-06,park_all,06.06.2026 13:15:51,1,1
2026-06,park_all,06.06.2026 13:53:33,1,1
2026-06,park_all,06.06.2026 15:04:26,1,1
2026-06,park_all,06.06.2026 15:20:32,1,1
2026-06,park_all,06.06.2026 20:02:39,1,1
2026-06,park_all,07.06.2026 07:49:24,1,1
2026-06,park_all,07.06.2026 07:52:27,1,1
2026-06,park_all,07.06.2026 07:54:27,1,1
2026-06,park_all,07.06.2026 08:00:59,1,1
2026-06,park_all,07.06.2026 08:08:30,1,1
2026-06,park_all,07.06.2026 08:11:21,1,1
2026-06,park_all,07.06.2026 08:21:47,1,1
2026-06,park_all,07.06.2026 08:40:37,1,1
2026-06,park_all,07.06.2026 08:46:37,1,1
2026-06,park_all,07.06.2026 09:12:38,1,1
2026-06,park_all,07.06.2026 13:56:16,1,1
2026-06,park_all,07.06.2026 14:02:48,1,1
2026-06,park_all,07.06.2026 17:27:21,1,1
2026-06,park_all,07.06.2026 20:02:12,1,1
2026-06,park_all,08.06.2026 00:22:24,1,1
2026-06,park_all,08.06.2026 00:39:52,1,1
2026-06,park_all,08.06.2026 01:37:10,1,1
2026-06,park_all,08.06.2026 01:40:12,1,1
2026-06,park_all,08.06.2026 01:46:54,1,1
2026-06,park_all,08.06.2026 01:47:15,1,1
2026-06,park_all,08.06.2026 07:29:16,1,1
2026-06,park_all,08.06.2026 07:47:22,1,1
2026-06,park_all,08.06.2026 07:50:10,1,1
2026-06,park_all,08.06.2026 07:55:56,1,1
2026-06,park_all,08.06.2026 08:01:19,1,1
2026-06,park_all,08.06.2026 08:04:26,1,1
2026-06,park_all,08.06.2026 08:04:30,1,1
2026-06,park_all,08.06.2026 09:11:14,1,1
2026-06,park_all,08.06.2026 09:21:32,1,1
2026-06,park_all,08.06.2026 10:28:09,1,1
2026-06,park_all,08.06.2026 10:58:43,1,1
2026-06,park_all,08.06.2026 11:00:04,1,1
2026-06,park_all,08.06.2026 12:18:05,1,1
2026-06,park_all,08.06.2026 13:24:46,1,1
2026-06,park_all,08.06.2026 13:32:53,1,1
2026-06,park_all,08.06.2026 14:32:02,1,1
2026-06,park_all,08.06.2026 15:15:01,1,1
2026-06,park_all,08.06.2026 16:44:21,1,1
2026-06,park_all,08.06.2026 17:14:10,1,1
2026-06,park_all,08.06.2026 18:45:49,1,1
2026-06,park_all,08.06.2026 19:03:58,1,1
2026-06,park_all,08.06.2026 19:04:03,1,1
2026-06,park_all,08.06.2026 20:01:46,1,1
2026-06,park_all,09.06.2026 03:35:11,1,1
2026-06,park_all,09.06.2026 07:09:25,1,1
2026-06,park_all,09.06.2026 07:38:51,1,1
2026-06,park_all,09.06.2026 07:50:15,1,1
2026-06,park_all,09.06.2026 07:51:52,1,1
2026-06,park_all,09.06.2026 07:53:13,1,1
2026-06,park_all,09.06.2026 07:57:31,1,1
2026-06,park_all,09.06.2026 08:01:09,1,1
2026-06,park_all,09.06.2026 08:01:13,1,1
2026-06,park_all,09.06.2026 08:01:27,1,1
2026-06,park_all,09.06.2026 08:48:11,1,1
2026-06,park_all,09.06.2026 09:21:56,1,1
2026-06,park_all,09.06.2026 12:37:20,1,1
2026-06,park_all,09.06.2026 15:50:00,1,1
2026-06,park_all,09.06.2026 17:15:04,1,1
2026-06,park_all,09.06.2026 17:53:50,1,1
2026-06,park_all,09.06.2026 18:15:34,1,1
2026-06,park_all,09.06.2026 18:41:15,1,1
2026-06,park_all,09.06.2026 19:32:12,1,1
2026-06,park_all,09.06.2026 19:32:15,1,1
2026-06,park_all,09.06.2026 20:01:32,1,1
2026-06,park_all,09.06.2026 21:22:37,1,1
2026-06,park_all,09.06.2026 22:18:01,1,1
2026-06,park_all,09.06.2026 22:20:15,1,1
2026-06,park_all,09.06.2026 22:29:52,1,1
2026-06,park_all,10.06.2026 07:31:14,1,1
2026-06,park_all,10.06.2026 07:51:09,1,1
2026-06,park_all,10.06.2026 07:51:29,1,1
2026-06,park_all,10.06.2026 07:53:13,1,1
2026-06,park_all,10.06.2026 07:56:54,1,1
2026-06,park_all,10.06.2026 08:01:23,1,1
2026-06,park_all,10.06.2026 08:42:10,1,1
2026-06,park_all,10.06.2026 08:47:05,1,1
2026-06,park_all,10.06.2026 09:35:35,1,1
2026-06,park_all,10.06.2026 10:30:03,1,1
2026-06,park_all,10.06.2026 10:33:32,1,1
2026-06,park_all,10.06.2026 11:38:44,1,1
2026-06,park_all,10.06.2026 11:40:38,1,1
2026-06,park_all,10.06.2026 16:12:33,1,1
2026-06,park_all,10.06.2026 16:23:45,1,1
2026-06,park_all,10.06.2026 17:06:23,1,1
2026-06,park_all,10.06.2026 17:48:38,1,1
2026-06,park_all,10.06.2026 19:29:55,1,1
2026-06,park_all,10.06.2026 20:04:22,1,1
2026-06,park_all,10.06.2026 22:23:12,1,1
2026-06,park_all,11.06.2026 07:14:00,1,1
2026-06,park_all,11.06.2026 07:47:47,1,1
2026-06,park_all,11.06.2026 07:50:08,1,1
2026-06,park_all,11.06.2026 07:51:05,1,1
2026-06,park_all,11.06.2026 07:56:34,1,1
2026-06,park_all,11.06.2026 08:33:42,1,1
2026-06,park_all,11.06.2026 09:01:36,1,1
2026-06,park_all,11.06.2026 10:59:21,1,1
2026-06,park_all,11.06.2026 10:59:35,1,1
2026-06,park_all,11.06.2026 11:36:21,1,1
2026-06,park_all,11.06.2026 11:41:51,1,1
2026-06,park_all,11.06.2026 12:18:42,1,1
2026-06,park_all,11.06.2026 12:21:19,1,1
2026-06,park_all,11.06.2026 13:26:58,1,1
2026-06,park_all,11.06.2026 14:58:52,1,1
2026-06,park_all,11.06.2026 16:06:40,1,1
2026-06,park_all,11.06.2026 16:10:59,1,1
2026-06,park_all,11.06.2026 16:17:01,1,1
2026-06,park_all,11.06.2026 16:33:51,1,1
2026-06,park_all,11.06.2026 16:38:31,1,1
2026-06,park_all,11.06.2026 17:11:57,1,1
2026-06,park_all,11.06.2026 17:51:55,1,1
2026-06,park_all,11.06.2026 18:32:17,1,1
2026-06,park_all,11.06.2026 20:01:27,1,1
2026-06,park_all,11.06.2026 22:30:15,1,1
2026-06,park_all,11.06.2026 23:44:03,1,1
2026-06,park_all,11.06.2026 23:58:42,1,1
2026-06,park_all,12.06.2026 07:22:32,1,1
2026-06,park_all,12.06.2026 07:37:19,1,1
2026-06,park_all,12.06.2026 07:42:09,1,1
2026-06,park_all,12.06.2026 07:51:48,1,1
2026-06,park_all,12.06.2026 08:01:37,1,1
2026-06,park_all,12.06.2026 08:07:41,1,1
2026-06,park_all,12.06.2026 08:17:39,1,1
2026-06,park_all,12.06.2026 08:33:21,1,1
2026-06,park_all,12.06.2026 08:56:56,1,1
2026-06,park_all,12.06.2026 08:58:11,1,1
2026-06,park_all,12.06.2026 10:38:23,1,1
2026-06,park_all,12.06.2026 11:57:51,1,1
2026-06,park_all,12.06.2026 12:02:39,1,1
2026-06,park_all,12.06.2026 13:38:49,1,1
2026-06,park_all,12.06.2026 14:45:36,1,1
2026-06,park_all,12.06.2026 15:02:16,1,1
2026-06,park_all,12.06.2026 16:19:19,1,1
2026-06,park_all,12.06.2026 20:00:57,1,1
2026-06,park_all,12.06.2026 20:27:47,1,1
2026-06,park_all,12.06.2026 21:02:37,1,1
2026-06,park_all,12.06.2026 21:57:49,1,1
2026-06,park_all,12.06.2026 22:04:57,1,1
2026-06,park_all,12.06.2026 22:33:36,1,1
2026-06,park_all,12.06.2026 22:59:01,1,1
2026-06,park_all,13.06.2026 01:04:26,1,1
2026-06,park_all,13.06.2026 01:16:13,1,1
2026-06,park_all,13.06.2026 07:14:20,1,1
2026-06,park_all,13.06.2026 07:29:09,1,1
2026-06,park_all,13.06.2026 07:39:32,1,1
2026-06,park_all,13.06.2026 07:48:13,1,1
2026-06,park_all,13.06.2026 07:52:52,1,1
2026-06,park_all,13.06.2026 07:58:17,1,1
2026-06,park_all,13.06.2026 08:00:22,1,1
2026-06,park_all,13.06.2026 08:16:52,1,1
2026-06,park_all,13.06.2026 08:34:31,1,1
2026-06,park_all,13.06.2026 09:10:09,1,1
2026-06,park_all,13.06.2026 13:22:10,1,1
2026-06,park_all,13.06.2026 13:28:18,1,1
2026-06,park_all,13.06.2026 16:58:03,1,1
2026-06,park_all,13.06.2026 17:36:25,1,1
2026-06,park_all,13.06.2026 19:50:25,1,1
2026-06,park_all,13.06.2026 20:02:49,1,1
2026-06,park_all,13.06.2026 20:50:11,1,1
2026-06,park_all,13.06.2026 22:40:06,1,1
2026-06,park_all,13.06.2026 23:24:22,1,1
2026-06,park_all,14.06.2026 04:55:25,1,1
2026-06,park_all,14.06.2026 07:46:13,1,1
2026-06,park_all,14.06.2026 07:57:06,1,1
2026-06,park_all,14.06.2026 07:59:07,1,1
2026-06,park_all,14.06.2026 08:24:08,1,1
2026-06,park_all,14.06.2026 09:05:42,1,1
2026-06,park_all,14.06.2026 09:37:25,1,1
2026-06,park_all,14.06.2026 10:33:36,1,1
2026-06,park_all,14.06.2026 14:05:18,1,1
2026-06,park_all,14.06.2026 17:25:38,1,1
2026-06,park_all,14.06.2026 20:03:55,1,1
2026-06,park_all,15.06.2026 07:25:54,1,1
2026-06,park_all,15.06.2026 07:45:56,1,1
2026-06,park_all,15.06.2026 07:56:47,1,1
2026-06,park_all,15.06.2026 07:58:12,1,1
2026-06,park_all,15.06.2026 07:58:31,1,1
2026-06,park_all,15.06.2026 07:58:52,1,1
2026-06,park_all,15.06.2026 09:01:03,1,1
2026-06,park_all,15.06.2026 10:18:22,1,1
2026-06,park_all,15.06.2026 10:18:24,1,1
2026-06,park_all,15.06.2026 10:18:55,1,1
2026-06,park_all,15.06.2026 10:19:37,1,1
2026-06,park_all,15.06.2026 10:27:09,1,1
2026-06,park_all,15.06.2026 11:00:01,1,1
2026-06,park_all,15.06.2026 11:00:03,1,1
2026-06,park_all,15.06.2026 11:31:22,1,1
2026-06,park_all,15.06.2026 12:16:47,1,1
2026-06,park_all,15.06.2026 13:03:56,1,1
2026-06,park_all,15.06.2026 13:29:56,1,1
2026-06,park_all,15.06.2026 13:30:54,1,1
2026-06,park_all,15.06.2026 16:14:13,1,1
2026-06,park_all,15.06.2026 16:53:11,1,1
2026-06,park_all,15.06.2026 17:04:06,1,1
2026-06,park_all,15.06.2026 17:12:24,1,1
2026-06,park_all,15.06.2026 17:27:54,1,1
2026-06,park_all,15.06.2026 20:01:24,1,1
2026-06,park_all,15.06.2026 20:08:14,1,1
2026-06,park_all,15.06.2026 20:12:15,1,1
2026-06,park_all,15.06.2026 22:47:54,1,1
2026-06,park_all,15.06.2026 22:50:22,1,1
2026-06,park_all,15.06.2026 23:56:02,1,1
2026-06,park_all,16.06.2026 00:08:57,1,1
2026-06,park_all,16.06.2026 00:11:19,1,1
2026-06,park_all,16.06.2026 00:25:36,1,1
2026-06,park_all,16.06.2026 00:33:34,1,1
2026-06,park_all,16.06.2026 07:38:39,1,1
2026-06,park_all,16.06.2026 07:49:25,1,1
2026-06,park_all,16.06.2026 07:53:59,1,1
2026-06,park_all,16.06.2026 07:57:57,1,1
2026-06,park_all,16.06.2026 08:03:18,1,1
2026-06,park_all,16.06.2026 08:07:39,1,1
2026-06,park_all,16.06.2026 08:32:07,1,1
2026-06,park_all,16.06.2026 08:46:10,1,1
2026-06,park_all,16.06.2026 08:46:18,1,1
2026-06,park_all,16.06.2026 10:29:36,1,1
2026-06,park_all,16.06.2026 12:08:52,1,1
2026-06,park_all,16.06.2026 12:40:29,1,1
2026-06,park_all,16.06.2026 12:40:37,1,1
2026-06,park_all,16.06.2026 13:09:21,1,1
2026-06,park_all,16.06.2026 14:06:51,1,1
2026-06,park_all,16.06.2026 14:18:00,1,1
2026-06,park_all,16.06.2026 16:53:21,1,1
2026-06,park_all,16.06.2026 16:53:25,1,1
2026-06,park_all,16.06.2026 16:53:34,1,1
2026-06,park_all,16.06.2026 18:04:16,1,1
2026-06,park_all,16.06.2026 19:48:53,1,1
2026-06,park_all,16.06.2026 20:00:55,1,1
2026-06,park_all,16.06.2026 21:16:33,1,1
2026-06,park_all,16.06.2026 21:30:15,1,1
2026-06,park_all,17.06.2026 03:10:25,1,1
2026-06,park_all,17.06.2026 03:35:42,1,1
2026-06,park_all,17.06.2026 07:04:51,1,1
2026-06,park_all,17.06.2026 07:31:54,1,1
2026-06,park_all,17.06.2026 07:53:03,1,1
2026-06,park_all,17.06.2026 07:54:23,1,1
2026-06,park_all,17.06.2026 07:54:27,1,1
2026-06,park_all,17.06.2026 08:00:54,1,1
2026-06,park_all,17.06.2026 08:17:18,1,1
2026-06,park_all,17.06.2026 08:36:58,1,1
2026-06,park_all,17.06.2026 08:37:04,1,1
2026-06,park_all,17.06.2026 12:21:52,1,1
2026-06,park_all,17.06.2026 12:22:04,1,1
2026-06,park_all,17.06.2026 12:33:56,1,1
2026-06,park_all,17.06.2026 12:55:00,1,1
2026-06,park_all,17.06.2026 16:29:12,1,1
2026-06,park_all,17.06.2026 16:34:29,1,1
2026-06,park_all,17.06.2026 16:44:12,1,1
2026-06,park_all,17.06.2026 16:47:12,1,1
2026-06,park_all,17.06.2026 17:03:02,1,1
2026-06,park_all,17.06.2026 17:26:00,1,1
2026-06,park_all,17.06.2026 18:03:09,1,1
2026-06,park_all,17.06.2026 19:32:34,1,1
2026-06,park_all,17.06.2026 20:01:14,1,1
2026-06,park_all,18.06.2026 07:35:10,1,1
2026-06,park_all,18.06.2026 07:51:45,1,1
2026-06,park_all,18.06.2026 07:51:49,1,1
2026-06,park_all,18.06.2026 08:38:03,1,1
2026-06,park_all,18.06.2026 08:59:42,1,1
2026-06,park_all,18.06.2026 09:25:00,1,1
2026-06,park_all,18.06.2026 09:57:58,1,1
2026-06,park_all,18.06.2026 10:39:42,1,1
2026-06,park_all,18.06.2026 11:00:02,1,1
2026-06,park_all,18.06.2026 11:11:13,1,1
2026-06,park_all,18.06.2026 12:37:18,1,1
2026-06,park_all,18.06.2026 13:06:37,1,1
2026-06,park_all,18.06.2026 15:18:06,1,1
2026-06,park_all,18.06.2026 16:20:33,1,1
2026-06,park_all,18.06.2026 16:42:05,1,1
2026-06,park_all,18.06.2026 16:47:50,1,1
2026-06,park_all,18.06.2026 17:00:46,1,1
2026-06,park_all,18.06.2026 17:51:56,1,1
2026-06,park_all,18.06.2026 19:43:08,1,1
2026-06,park_all,18.06.2026 20:01:30,1,1
2026-06,park_all,19.06.2026 07:31:15,1,1
2026-06,park_all,19.06.2026 07:48:36,1,1
2026-06,park_all,19.06.2026 07:52:06,1,1
2026-06,park_all,19.06.2026 07:53:40,1,1
2026-06,park_all,19.06.2026 07:59:57,1,1
2026-06,park_all,19.06.2026 08:04:55,1,1
2026-06,park_all,19.06.2026 08:18:52,1,1
2026-06,park_all,19.06.2026 10:18:11,1,1
2026-06,park_all,19.06.2026 10:48:39,1,1
2026-06,park_all,19.06.2026 10:52:17,1,1
2026-06,park_all,19.06.2026 11:23:46,1,1
2026-06,park_all,19.06.2026 13:30:28,1,1
2026-06,park_all,19.06.2026 13:36:04,1,1
2026-06,park_all,19.06.2026 14:03:22,1,1
2026-06,park_all,19.06.2026 14:26:39,1,1
2026-06,park_all,19.06.2026 15:19:44,1,1
2026-06,park_all,19.06.2026 15:23:18,1,1
2026-06,park_all,19.06.2026 15:45:35,1,1
2026-06,park_all,19.06.2026 16:01:49,1,1
2026-06,park_all,19.06.2026 17:47:33,1,1
2026-06,park_all,19.06.2026 19:53:54,1,1
2026-06,park_all,19.06.2026 20:01:04,1,1
2026-06,park_all,20.06.2026 01:25:48,1,1
2026-06,park_all,20.06.2026 01:36:57,1,1
2026-06,park_all,20.06.2026 07:03:13,1,1
2026-06,park_all,20.06.2026 07:40:42,1,1
2026-06,park_all,20.06.2026 07:50:10,1,1
2026-06,park_all,20.06.2026 08:01:44,1,1
2026-06,park_all,20.06.2026 08:17:39,1,1
2026-06,park_all,20.06.2026 08:32:02,1,1
2026-06,park_all,20.06.2026 11:40:48,1,1
2026-06,park_all,20.06.2026 11:46:37,1,1
2026-06,park_all,20.06.2026 11:57:40,1,1
2026-06,park_all,20.06.2026 12:09:14,1,1
2026-06,park_all,20.06.2026 12:09:20,1,1
2026-06,park_all,20.06.2026 13:07:30,1,1
2026-06,park_all,20.06.2026 20:01:36,1,1
2026-06,park_all,20.06.2026 20:28:20,1,1
2026-06,park_all,20.06.2026 21:03:00,1,1
2026-06,park_all,20.06.2026 21:19:26,1,1
2026-06,park_all,21.06.2026 03:19:04,1,1
2026-06,park_all,21.06.2026 03:19:10,1,1
2026-06,park_all,21.06.2026 05:54:59,1,1
2026-06,park_all,21.06.2026 05:55:04,1,1
2026-06,park_all,21.06.2026 07:14:18,1,1
2026-06,park_all,21.06.2026 07:42:32,1,1
2026-06,park_all,21.06.2026 07:48:54,1,1
2026-06,park_all,21.06.2026 08:05:56,1,1
2026-06,park_all,21.06.2026 08:20:54,1,1
2026-06,park_all,21.06.2026 08:32:23,1,1
2026-06,park_all,21.06.2026 08:57:02,1,1
2026-06,park_all,21.06.2026 09:04:04,1,1
2026-06,park_all,21.06.2026 11:39:13,1,1
2026-06,park_all,21.06.2026 11:39:19,1,1
2026-06,park_all,21.06.2026 11:58:31,1,1
2026-06,park_all,21.06.2026 11:58:37,1,1
2026-06,park_all,21.06.2026 12:39:03,1,1
2026-06,park_all,21.06.2026 12:39:09,1,1
2026-06,park_all,21.06.2026 12:39:16,1,1
2026-06,park_all,21.06.2026 13:54:41,1,1
2026-06,park_all,21.06.2026 14:46:47,1,1
2026-06,park_all,21.06.2026 20:01:34,1,1
2026-06,park_all,22.06.2026 07:44:33,1,1
2026-06,park_all,22.06.2026 07:51:07,1,1
2026-06,park_all,22.06.2026 07:52:23,1,1
2026-06,park_all,22.06.2026 07:53:19,1,1
2026-06,park_all,22.06.2026 07:54:25,1,1
2026-06,park_all,22.06.2026 07:56:47,1,1
2026-06,park_all,22.06.2026 09:20:48,1,1
2026-06,park_all,22.06.2026 09:20:54,1,1
2026-06,park_all,22.06.2026 10:07:20,1,1
2026-06,park_all,22.06.2026 10:32:25,1,1
2026-06,park_all,22.06.2026 10:34:19,1,1
2026-06,park_all,22.06.2026 11:45:43,1,1
2026-06,park_all,22.06.2026 11:54:13,1,1
2026-06,park_all,22.06.2026 14:04:29,1,1
2026-06,park_all,22.06.2026 14:15:04,1,1
2026-06,park_all,22.06.2026 15:38:22,1,1
2026-06,park_all,22.06.2026 15:38:29,1,1
2026-06,park_all,22.06.2026 16:20:39,1,1
2026-06,park_all,22.06.2026 16:48:57,1,1
2026-06,park_all,22.06.2026 16:51:32,1,1
2026-06,park_all,22.06.2026 17:46:37,1,1
2026-06,park_all,22.06.2026 18:02:52,1,1
2026-06,park_all,22.06.2026 19:58:07,1,1
2026-06,park_all,22.06.2026 20:05:16,1,1
2026-06,park_all,23.06.2026 07:30:54,1,1
2026-06,park_all,23.06.2026 07:46:10,1,1
2026-06,park_all,23.06.2026 07:47:44,1,1
2026-06,park_all,23.06.2026 07:51:05,1,1
2026-06,park_all,23.06.2026 07:54:31,1,1
2026-06,park_all,23.06.2026 08:00:09,1,1
2026-06,park_all,23.06.2026 08:06:20,1,1
2026-06,park_all,23.06.2026 09:01:25,1,1
2026-06,park_all,23.06.2026 09:03:05,1,1
2026-06,park_all,23.06.2026 10:26:36,1,1
2026-06,park_all,23.06.2026 10:26:42,1,1
2026-06,park_all,23.06.2026 10:43:32,1,1
2026-06,park_all,23.06.2026 10:53:29,1,1
2026-06,park_all,23.06.2026 11:09:41,1,1
2026-06,park_all,23.06.2026 12:48:15,1,1
2026-06,park_all,23.06.2026 15:40:02,1,1
2026-06,park_all,23.06.2026 15:50:28,1,1
2026-06,park_all,23.06.2026 16:11:00,1,1
2026-06,park_all,23.06.2026 16:18:46,1,1
2026-06,park_all,23.06.2026 16:35:43,1,1
2026-06,park_all,23.06.2026 16:50:02,1,1
2026-06,park_all,23.06.2026 17:30:26,1,1
2026-06,park_all,23.06.2026 19:09:48,1,1
2026-06,park_all,23.06.2026 20:07:06,1,1
2026-06,park_all,24.04.2026 08:01:08,1,1
2026-06,park_all,24.06.2026 07:04:31,1,1
2026-06,park_all,24.06.2026 07:31:11,1,1
2026-06,park_all,24.06.2026 07:49:07,1,1
2026-06,park_all,24.06.2026 07:53:46,1,1
2026-06,park_all,24.06.2026 07:56:10,1,1
2026-06,park_all,24.06.2026 07:57:50,1,1
2026-06,park_all,24.06.2026 08:00:34,1,1
2026-06,park_all,24.06.2026 08:08:10,1,1
2026-06,park_all,24.06.2026 08:08:17,1,1
2026-06,park_all,24.06.2026 08:46:21,1,1
2026-06,park_all,24.06.2026 08:46:29,1,1
2026-06,park_all,24.06.2026 09:09:34,1,1
2026-06,park_all,24.06.2026 09:11:58,1,1
2026-06,park_all,24.06.2026 14:43:40,1,1
2026-06,park_all,24.06.2026 14:54:19,1,1
2026-06,park_all,24.06.2026 15:24:33,1,1
2026-06,park_all,24.06.2026 15:39:23,1,1
2026-06,park_all,24.06.2026 16:43:28,1,1
2026-06,park_all,24.06.2026 16:43:37,1,1
2026-06,park_all,24.06.2026 16:44:02,1,1
2026-06,park_all,24.06.2026 17:03:10,1,1
2026-06,park_all,24.06.2026 17:08:19,1,1
2026-06,park_all,24.06.2026 17:08:22,1,1
2026-06,park_all,24.06.2026 17:19:19,1,1
2026-06,park_all,24.06.2026 17:28:12,1,1
2026-06,park_all,24.06.2026 17:28:24,1,1
2026-06,park_all,24.06.2026 17:47:10,1,1
2026-06,park_all,24.06.2026 18:25:56,1,1
2026-06,park_all,24.06.2026 19:54:10,1,1
2026-06,park_all,24.06.2026 20:01:09,1,1
2026-06,park_all,24.06.2026 20:07:36,1,1
2026-06,park_all,24.06.2026 21:54:27,1,1
2026-06,park_all,24.06.2026 21:54:29,1,1
2026-06,park_all,24.06.2026 22:02:24,1,1
2026-06,park_all,25.06.2026 01:51:14,1,1
2026-06,park_all,25.06.2026 01:51:18,1,1
2026-06,park_all,25.06.2026 02:51:20,1,1
2026-06,park_all,25.06.2026 02:51:25,1,1
2026-06,park_all,25.06.2026 06:59:03,1,1
2026-06,park_all,25.06.2026 07:14:41,1,1
2026-06,park_all,25.06.2026 07:20:31,1,1
2026-06,park_all,25.06.2026 07:49:47,1,1
2026-06,park_all,25.06.2026 07:53:51,1,1
2026-06,park_all,25.06.2026 07:54:51,1,1
2026-06,park_all,25.06.2026 08:00:14,1,1
2026-06,park_all,25.06.2026 08:15:59,1,1
2026-06,park_all,25.06.2026 08:27:20,1,1
2026-06,park_all,25.06.2026 08:27:28,1,1
2026-06,park_all,25.06.2026 09:16:08,1,1
2026-06,park_all,25.06.2026 12:24:38,1,1
2026-06,park_all,25.06.2026 12:24:40,1,1
2026-06,park_all,25.06.2026 14:00:20,1,1
2026-06,park_all,25.06.2026 14:00:25,1,1
2026-06,park_all,25.06.2026 14:09:22,1,1
2026-06,park_all,25.06.2026 14:17:57,1,1
2026-06,park_all,25.06.2026 14:21:30,1,1
2026-06,park_all,25.06.2026 15:06:20,1,1
2026-06,park_all,25.06.2026 15:22:08,1,1
2026-06,park_all,25.06.2026 15:51:21,1,1
2026-06,park_all,25.06.2026 16:20:49,1,1
2026-06,park_all,25.06.2026 16:28:21,1,1
2026-06,park_all,25.06.2026 16:38:47,1,1
2026-06,park_all,25.06.2026 16:38:54,1,1
2026-06,park_all,25.06.2026 16:50:58,1,1
2026-06,park_all,25.06.2026 17:11:57,1,1
2026-06,park_all,25.06.2026 17:16:55,1,1
2026-06,park_all,25.06.2026 17:17:09,1,1
2026-06,park_all,25.06.2026 17:31:54,1,1
2026-06,park_all,25.06.2026 18:54:06,1,1
2026-06,park_all,25.06.2026 18:59:33,1,1
2026-06,park_all,25.06.2026 18:59:41,1,1
2026-06,park_all,25.06.2026 20:01:19,1,1
2026-06,park_all,25.06.2026 21:24:03,1,1
2026-06,park_all,25.06.2026 21:29:50,1,1
2026-06,park_all,25.06.2026 21:57:11,1,1
2026-06,park_all,25.06.2026 22:06:52,1,1
2026-06,park_all,26.01.2026 12:03:10,1,1
2026-06,park_all,26.06.2026 06:50:23,1,1
2026-06,park_all,26.06.2026 07:31:43,1,1
2026-06,park_all,26.06.2026 07:46:07,1,1
2026-06,park_all,26.06.2026 07:48:23,1,1
2026-06,park_all,26.06.2026 07:49:49,1,1
2026-06,park_all,26.06.2026 07:53:00,1,1
2026-06,park_all,26.06.2026 07:54:56,1,1
2026-06,park_all,26.06.2026 07:56:30,1,1
2026-06,park_all,26.06.2026 07:56:37,1,1
2026-06,park_all,26.06.2026 08:01:36,1,1
2026-06,park_all,26.06.2026 08:01:43,1,1
2026-06,park_all,26.06.2026 14:00:20,1,1
2026-06,park_all,26.06.2026 14:22:33,1,1
2026-06,park_all,26.06.2026 16:24:51,1,1
2026-06,park_all,26.06.2026 16:24:57,1,1
2026-06,park_all,26.06.2026 16:28:33,1,1
2026-06,park_all,26.06.2026 16:37:32,1,1
2026-06,park_all,26.06.2026 16:43:45,1,1
2026-06,park_all,26.06.2026 17:00:55,1,1
2026-06,park_all,26.06.2026 17:11:56,1,1
2026-06,park_all,26.06.2026 17:53:51,1,1
2026-06,park_all,26.06.2026 20:01:19,1,1
2026-06,park_all,27.06.2026 07:48:40,1,1
2026-06,park_all,27.06.2026 07:56:27,1,1
2026-06,park_all,27.06.2026 08:05:33,1,1
2026-06,park_all,27.06.2026 08:14:57,1,1
2026-06,park_all,27.06.2026 08:27:41,1,1
2026-06,park_all,27.06.2026 08:35:03,1,1
2026-06,park_all,27.06.2026 08:36:01,1,1
2026-06,park_all,27.06.2026 09:31:05,1,1
2026-06,park_all,27.06.2026 09:31:09,1,1
2026-06,park_all,27.06.2026 09:31:16,1,1
2026-06,park_all,27.06.2026 15:14:08,1,1
2026-06,park_all,27.06.2026 20:01:10,1,1
2026-06,park_all,27.06.2026 20:51:04,1,1
2026-06,park_all,27.06.2026 21:04:32,1,1
2026-06,park_all,28.06.2026 03:28:43,1,1
2026-06,park_all,28.06.2026 03:30:58,1,1
2026-06,park_all,28.06.2026 03:38:02,1,1
2026-06,park_all,28.06.2026 03:38:49,1,1
2026-06,park_all,28.06.2026 07:04:30,1,1
2026-06,park_all,28.06.2026 07:40:37,1,1
2026-06,park_all,28.06.2026 07:51:17,1,1
2026-06,park_all,28.06.2026 08:00:11,1,1
2026-06,park_all,28.06.2026 14:22:52,1,1
2026-06,park_all,28.06.2026 17:57:09,1,1
2026-06,park_all,28.06.2026 19:27:30,1,1
2026-06,park_all,28.06.2026 20:01:09,1,1
2026-06,park_all,29.04.2026 07:59:00,1,1
2026-06,park_all,29.06.2026 07:12:47,1,1
2026-06,park_all,29.06.2026 07:29:24,1,1
2026-06,park_all,29.06.2026 07:38:57,1,1
2026-06,park_all,29.06.2026 07:46:38,1,1
2026-06,park_all,29.06.2026 07:50:18,1,1
2026-06,park_all,29.06.2026 07:53:44,1,1
2026-06,park_all,29.06.2026 07:56:14,1,1
2026-06,park_all,29.06.2026 08:00:59,1,1
2026-06,park_all,29.06.2026 08:08:15,1,1
2026-06,park_all,29.06.2026 08:08:21,1,1
2026-06,park_all,29.06.2026 08:21:24,1,1
2026-06,park_all,29.06.2026 09:56:33,1,1
2026-06,park_all,29.06.2026 09:56:37,1,1
2026-06,park_all,29.06.2026 13:58:35,1,1
2026-06,park_all,29.06.2026 16:26:28,1,1
2026-06,park_all,29.06.2026 16:31:46,1,1
2026-06,park_all,29.06.2026 16:38:06,1,1
2026-06,park_all,29.06.2026 16:48:45,1,1
2026-06,park_all,29.06.2026 16:48:53,1,1
2026-06,park_all,29.06.2026 16:53:16,1,1
2026-06,park_all,29.06.2026 16:53:21,1,1
2026-06,park_all,29.06.2026 16:57:30,1,1
2026-06,park_all,29.06.2026 16:59:11,1,1
2026-06,park_all,29.06.2026 17:01:02,1,1
2026-06,park_all,29.06.2026 20:01:02,1,1
2026-06,park_all,29.06.2026 20:40:41,1,1
2026-06,park_all,29.06.2026 22:50:40,1,1
2026-06,park_all,29.06.2026 22:55:09,1,1
2026-06,park_all,30.06.2026 07:14:12,1,1
2026-06,park_all,30.06.2026 07:28:48,1,1
2026-06,park_all,30.06.2026 07:38:35,1,1
2026-06,park_all,30.06.2026 07:44:30,1,1
2026-06,park_all,30.06.2026 07:48:21,1,1
2026-06,park_all,30.06.2026 07:48:55,1,1
2026-06,park_all,30.06.2026 07:49:14,1,1
2026-06,park_all,30.06.2026 07:49:27,1,1
2026-06,park_all,30.06.2026 07:56:03,1,1
2026-06,park_all,30.06.2026 08:00:02,1,1
2026-06,park_all,30.06.2026 08:00:09,1,1
2026-06,park_all,30.06.2026 09:17:36,1,1
2026-06,park_all,30.06.2026 09:17:42,1,1
2026-06,park_all,30.06.2026 12:45:38,1,1
2026-06,park_all,30.06.2026 13:50:35,1,1
2026-06,park_all,30.06.2026 14:19:32,1,1
2026-06,park_all,30.06.2026 15:34:11,1,1
2026-06,park_all,30.06.2026 16:04:44,1,1
2026-06,park_all,30.06.2026 16:06:13,1,1
2026-06,park_all,30.06.2026 16:27:09,1,1
2026-06,park_all,30.06.2026 16:27:33,1,1
2026-06,park_all,30.06.2026 16:30:32,1,1
2026-06,park_all,30.06.2026 16:41:25,1,1
2026-06,park_all,30.06.2026 16:50:45,1,1
2026-06,park_all,30.06.2026 17:00:17,1,1
2026-06,park_all,30.06.2026 17:11:41,1,1
2026-06,park_all,30.06.2026 17:20:10,1,1
2026-06,park_all,30.06.2026 18:13:24,1,1
2026-06,park_all,30.06.2026 18:13:29,1,1
2026-06,park_all,30.06.2026 19:55:00,1,1
2026-06,park_all,30.06.2026 20:02:03,1,1
2026-06,park_all,30.06.2026 22:44:42,1,1
2026-06,park_all,30.06.2026 22:49:08,1,1
2026-06,park_all,30.06.2026 22:55:11,1,1
2026-06,park_all,Батарея неисправна,1,1
2026-06,park_all,В норме от +3 до +40,67,41
2026-06,park_all,Включен,32588,1060
2026-06,park_all,Вызов,894,80
2026-06,park_all,Выключен,34517,1114
2026-06,park_all,Движения нет,291450,635
2026-06,park_all,Дыма нет,3470,2030
2026-06,park_all,Есть питание,7960,736
2026-06,park_all,Затоплен,842,73
2026-06,park_all,Много неисправных устройств,26,15
2026-06,park_all,На охране,973,35
2026-06,park_all,Не замкнут,21080,1169
2026-06,park_all,Не определено,16,15
2026-06,park_all,Неисправен,37186,761
2026-06,park_all,Неопределен,43602,4064
2026-06,park_all,Норма,103827,5697
2026-06,park_all,Обесточен,9960,1059
2026-06,park_all,Обнаружен газ,208,42
2026-06,park_all,Обнаружен дым,3463,2030
2026-06,park_all,Обнаружено движение,291450,635
2026-06,park_all,Отключено устройство,1354,733
2026-06,park_all,Питание от батарей,238,43
2026-06,park_all,Питание от сети,239,44
2026-06,park_all,Работают все насосы в АНС,8,3
2026-06,park_all,Разговор,959,84
2026-06,park_all,Рычаг норма,371,293
2026-06,park_all,Рычаг сдернут,371,293
2026-06,park_all,Снято с охраны,975,35
2026-06,park_all,Температура выше 40ºC,7,6
2026-06,park_all,Температура ниже 3ºC,51,30
2026-06,park_all,Устройства на объекте исправны,27,16
2026-06,yas_all,02.06.2026 07:48:11,1,1
2026-06,yas_all,02.06.2026 07:53:49,1,1
2026-06,yas_all,02.06.2026 18:14:11,1,1
2026-06,yas_all,02.06.2026 20:03:31,1,1
2026-06,yas_all,02.06.2026 22:24:23,1,1
2026-06,yas_all,02.06.2026 22:26:05,1,1
2026-06,yas_all,03.06.2026 07:57:26,1,1
2026-06,yas_all,03.06.2026 07:59:24,1,1
2026-06,yas_all,03.06.2026 19:09:10,1,1
2026-06,yas_all,03.06.2026 20:01:05,1,1
2026-06,yas_all,04.06.2026 07:38:36,1,1
2026-06,yas_all,04.06.2026 08:00:29,1,1
2026-06,yas_all,04.06.2026 17:12:50,1,1
2026-06,yas_all,04.06.2026 20:03:25,1,1
2026-06,yas_all,05.06.2026 07:55:16,1,1
2026-06,yas_all,05.06.2026 08:01:26,1,1
2026-06,yas_all,05.06.2026 16:59:20,1,1
2026-06,yas_all,05.06.2026 20:01:13,1,1
2026-06,yas_all,06.06.2026 07:48:44,1,1
2026-06,yas_all,06.06.2026 07:57:26,1,1
2026-06,yas_all,06.06.2026 08:37:37,1,1
2026-06,yas_all,06.06.2026 20:02:39,1,1
2026-06,yas_all,07.06.2026 07:54:27,1,1
2026-06,yas_all,07.06.2026 08:11:21,1,1
2026-06,yas_all,07.06.2026 08:46:37,1,1
2026-06,yas_all,07.06.2026 20:02:12,1,1
2026-06,yas_all,08.06.2026 01:37:10,1,1
2026-06,yas_all,08.06.2026 01:40:12,1,1
2026-06,yas_all,08.06.2026 01:46:54,1,1
2026-06,yas_all,08.06.2026 01:47:15,1,1
2026-06,yas_all,08.06.2026 07:55:56,1,1
2026-06,yas_all,08.06.2026 08:01:19,1,1
2026-06,yas_all,08.06.2026 10:28:09,1,1
2026-06,yas_all,08.06.2026 12:18:05,1,1
2026-06,yas_all,08.06.2026 16:44:21,1,1
2026-06,yas_all,08.06.2026 20:01:46,1,1
2026-06,yas_all,09.06.2026 07:38:51,1,1
2026-06,yas_all,09.06.2026 08:01:27,1,1
2026-06,yas_all,09.06.2026 17:15:04,1,1
2026-06,yas_all,09.06.2026 20:01:32,1,1
2026-06,yas_all,10.06.2026 07:51:09,1,1
2026-06,yas_all,10.06.2026 07:56:54,1,1
2026-06,yas_all,10.06.2026 19:29:55,1,1
2026-06,yas_all,10.06.2026 20:04:22,1,1
2026-06,yas_all,11.06.2026 07:47:47,1,1
2026-06,yas_all,11.06.2026 07:51:05,1,1
2026-06,yas_all,11.06.2026 17:11:57,1,1
2026-06,yas_all,11.06.2026 20:01:27,1,1
2026-06,yas_all,12.06.2026 07:22:32,1,1
2026-06,yas_all,12.06.2026 08:01:37,1,1
2026-06,yas_all,12.06.2026 08:33:21,1,1
2026-06,yas_all,12.06.2026 12:02:39,1,1
2026-06,yas_all,12.06.2026 14:45:36,1,1
2026-06,yas_all,12.06.2026 20:00:57,1,1
2026-06,yas_all,13.06.2026 07:29:09,1,1
2026-06,yas_all,13.06.2026 08:00:22,1,1
2026-06,yas_all,13.06.2026 08:34:31,1,1
2026-06,yas_all,13.06.2026 16:58:03,1,1
2026-06,yas_all,13.06.2026 17:36:25,1,1
2026-06,yas_all,13.06.2026 20:02:49,1,1
2026-06,yas_all,14.06.2026 07:46:13,1,1
2026-06,yas_all,14.06.2026 20:03:55,1,1
2026-06,yas_all,15.06.2026 07:45:56,1,1
2026-06,yas_all,15.06.2026 07:56:47,1,1
2026-06,yas_all,15.06.2026 17:04:06,1,1
2026-06,yas_all,15.06.2026 20:01:24,1,1
2026-06,yas_all,16.06.2026 00:08:57,1,1
2026-06,yas_all,16.06.2026 00:11:19,1,1
2026-06,yas_all,16.06.2026 00:25:36,1,1
2026-06,yas_all,16.06.2026 00:33:34,1,1
2026-06,yas_all,16.06.2026 07:38:39,1,1
2026-06,yas_all,16.06.2026 08:03:18,1,1
2026-06,yas_all,16.06.2026 08:32:07,1,1
2026-06,yas_all,16.06.2026 12:08:52,1,1
2026-06,yas_all,16.06.2026 16:53:25,1,1
2026-06,yas_all,16.06.2026 20:00:55,1,1
2026-06,yas_all,17.06.2026 07:54:23,1,1
2026-06,yas_all,17.06.2026 08:00:54,1,1
2026-06,yas_all,17.06.2026 17:03:02,1,1
2026-06,yas_all,17.06.2026 20:01:14,1,1
2026-06,yas_all,18.06.2026 07:51:49,1,1
2026-06,yas_all,18.06.2026 09:25:00,1,1
2026-06,yas_all,18.06.2026 19:43:08,1,1
2026-06,yas_all,18.06.2026 20:01:30,1,1
2026-06,yas_all,19.06.2026 07:48:36,1,1
2026-06,yas_all,19.06.2026 07:52:06,1,1
2026-06,yas_all,19.06.2026 19:53:54,1,1
2026-06,yas_all,19.06.2026 20:01:04,1,1
2026-06,yas_all,20.06.2026 07:50:10,1,1
2026-06,yas_all,20.06.2026 08:01:44,1,1
2026-06,yas_all,20.06.2026 08:32:02,1,1
2026-06,yas_all,20.06.2026 11:57:40,1,1
2026-06,yas_all,20.06.2026 12:09:14,1,1
2026-06,yas_all,20.06.2026 20:01:36,1,1
2026-06,yas_all,21.06.2026 07:48:54,1,1
2026-06,yas_all,21.06.2026 08:05:56,1,1
2026-06,yas_all,21.06.2026 08:32:23,1,1
2026-06,yas_all,21.06.2026 20:01:34,1,1
2026-06,yas_all,22.06.2026 07:44:33,1,1
2026-06,yas_all,22.06.2026 07:51:07,1,1
2026-06,yas_all,22.06.2026 19:58:07,1,1
2026-06,yas_all,22.06.2026 20:05:16,1,1
2026-06,yas_all,23.06.2026 07:51:05,1,1
2026-06,yas_all,23.06.2026 07:54:31,1,1
2026-06,yas_all,23.06.2026 19:09:48,1,1
2026-06,yas_all,23.06.2026 20:07:06,1,1
2026-06,yas_all,24.06.2026 07:56:10,1,1
2026-06,yas_all,24.06.2026 08:00:34,1,1
2026-06,yas_all,24.06.2026 17:08:19,1,1
2026-06,yas_all,24.06.2026 17:47:10,1,1
2026-06,yas_all,24.06.2026 19:54:10,1,1
2026-06,yas_all,24.06.2026 20:01:09,1,1
2026-06,yas_all,25.06.2026 07:20:31,1,1
2026-06,yas_all,25.06.2026 08:00:14,1,1
2026-06,yas_all,25.06.2026 17:31:54,1,1
2026-06,yas_all,25.06.2026 20:01:19,1,1
2026-06,yas_all,26.06.2026 07:48:23,1,1
2026-06,yas_all,26.06.2026 07:53:00,1,1
2026-06,yas_all,26.06.2026 17:11:56,1,1
2026-06,yas_all,26.06.2026 20:01:19,1,1
2026-06,yas_all,27.06.2026 07:48:40,1,1
2026-06,yas_all,27.06.2026 07:56:27,1,1
2026-06,yas_all,27.06.2026 08:27:41,1,1
2026-06,yas_all,27.06.2026 20:01:10,1,1
2026-06,yas_all,28.06.2026 03:28:43,1,1
2026-06,yas_all,28.06.2026 03:30:58,1,1
2026-06,yas_all,28.06.2026 03:38:02,1,1
2026-06,yas_all,28.06.2026 03:38:49,1,1
2026-06,yas_all,28.06.2026 07:51:17,1,1
2026-06,yas_all,28.06.2026 08:00:11,1,1
2026-06,yas_all,28.06.2026 19:27:30,1,1
2026-06,yas_all,28.06.2026 20:01:09,1,1
2026-06,yas_all,29.06.2026 07:56:14,1,1
2026-06,yas_all,29.06.2026 08:00:59,1,1
2026-06,yas_all,29.06.2026 16:57:30,1,1
2026-06,yas_all,29.06.2026 20:01:02,1,1
2026-06,yas_all,30.06.2026 07:44:30,1,1
2026-06,yas_all,30.06.2026 07:48:21,1,1
2026-06,yas_all,30.06.2026 16:04:44,1,1
2026-06,yas_all,30.06.2026 16:30:32,1,1
2026-06,yas_all,30.06.2026 17:20:10,1,1
2026-06,yas_all,30.06.2026 19:55:00,1,1
2026-06,yas_all,30.06.2026 20:02:03,1,1
2026-06,yas_all,30.06.2026 22:44:42,1,1
2026-06,yas_all,30.06.2026 22:49:08,1,1
2026-06,yas_all,30.06.2026 22:55:11,1,1
2026-06,yas_all,Включен,1770,76
2026-06,yas_all,Вызов,110,11
2026-06,yas_all,Выключен,1856,77
2026-06,yas_all,Движения нет,25805,71
2026-06,yas_all,Дыма нет,1181,909
2026-06,yas_all,Есть питание,390,47
2026-06,yas_all,Затоплен,13,3
2026-06,yas_all,На охране,73,2
2026-06,yas_all,Не замкнут,1320,133
2026-06,yas_all,Неисправен,149,54
2026-06,yas_all,Неопределен,1470,1113
2026-06,yas_all,Норма,3087,1243
2026-06,yas_all,Обесточен,479,78
2026-06,yas_all,Обнаружен дым,1178,909
2026-06,yas_all,Обнаружено движение,25805,71
2026-06,yas_all,Отключено устройство,10,8
2026-06,yas_all,Питание от батарей,23,5
2026-06,yas_all,Питание от сети,23,5
2026-06,yas_all,Разговор,118,11
2026-06,yas_all,Рычаг норма,130,119
2026-06,yas_all,Рычаг сдернут,130,119
2026-06,yas_all,Снято с охраны,73,2
