channel_id,pfx,collector
171749,,
51650,,
179224,,
50893,,
93629,,
171793,,
96421,,
171499,,
50894,,
95455,,
3010,,
50983,,
171790,,
197217,,
171714,,
179378,,
171796,,
50850,,
50827,,
157313,,
115420,,
95341,,
50828,,
144900,,
193129,,
143522,,
171707,,
171759,,
50836,,
197198,,
51060,,
171663,,
171689,,
178333,,
50731,,
50672,,
197056,,
2981,,
51686,,
50845,,
171712,,
96334,,
50673,,
50985,,
171782,,
213456,,
197199,,
171763,,
171696,,
2983,,
197061,,
96440,,
95394,,
50889,,
171661,,
197083,,
2990,,
51111,,
171702,,
96429,,
171769,,
51065,,
196757,,
51112,,
171798,,
50854,,
50888,,
196754,,
50715,,
171409,,
98813,,
50975,,
171720,,
50883,,
9332,,
2993,,
50667,,
3093,,
171678,,
96422,,
162862,,
98810,,
197078,,
197085,,
171684,,
146999,,
157312,,
171666,,
2991,,
50734,,
50724,,
171396,,
171502,,
51063,,
50730,,
2867,,
171729,,
171786,,
96222,,
171733,,
171433,,
50846,,
95399,,
96436,,
96243,,
196776,,
171745,,
143562,,
95402,,
197070,,
197060,,
171517,,
162762,,
9362,,
197096,,
197105,,
179393,,
96446,,
95470,,
197157,,
171511,,
51683,,
214223,,
171752,,
171718,,
197201,,
51652,,
95471,,
197215,,
95467,,
50720,,
171366,,
143640,,
51113,,
50671,,
179227,,
171732,,
50867,,
50887,,
50689,,
2891,,
50728,,
95489,,
51006,,
51051,,
171439,,
2890,,
197101,,
171711,,
171505,,
171457,,
50868,,
157318,,
196795,,
50637,,
51110,,
50857,,
171535,,
50687,,
50812,,
50746,,
95354,,
143563,,
50862,,
51698,,
3061,,
3005,,
50829,,
120146,,
216261,,
197192,,
171379,,
50974,,
3040,,
197100,,
50841,,
171680,,
51114,,
196770,,
50694,,
197209,,
96444,,
179223,,
197076,,
50732,,
50825,,
50882,,
95462,,
95346,,
50737,,
143697,,
77760,,
95495,,
171757,,
171451,,
171448,,
171728,,
95339,,
95342,,
98809,,
3047,,
95349,,
178255,,
196782,,
77685,,
51062,,
171792,,
171777,,
82817,,
171415,,
120140,,
95490,,
51025,,
171772,,
96435,,
162871,,
197108,,
171686,,
197077,,
50830,,
171780,,
197066,,
50676,,
50677,,
96337,,
51050,,
197106,,
50995,,
50863,,
171482,,
51657,,
171387,,
77666,,
171490,,
171421,,
171735,,
95395,,
171719,,
197064,,
162905,,
171393,,
50686,,
212689,,
171676,,
171496,,
171750,,
50899,,
171412,,
77824,,
50718,,
171794,,
196781,,
50891,,
179225,,
51674,,
143628,,
197090,,
197079,,
171771,,
95456,,
98814,,
171427,,
157304,,
144870,,
95411,,
2987,,
50844,,
171460,,
196690,,
50646,,
50652,,
197093,,
197089,,
2951,,
50875,,
95466,,
95404,,
50890,,
113986,,
9364,,
171478,,
171675,,
9358,,
120141,,
50820,,
162758,,
171791,,
171674,,
143502,,
50884,,
50851,,
50977,,
196748,,
197063,,
51700,,
171723,,
96439,,
51144,,
50856,,
96478,,
197211,,
179145,,
197212,,
196794,,
50980,,
197216,,
171656,,
94012,,
50957,,
98815,,
171737,,
197081,,
50703,,
171721,,
50840,,
171754,,
171475,,
50976,,
171744,,
51679,,
197055,,
171463,,
171700,,
2900,,
213457,,
162817,,
197072,,
2967,,
212548,,
50706,,
171472,,
143549,,
171703,,
50813,,
171767,,
171687,,
162790,,
157291,,
171677,,
96335,,
3066,,
50865,,
50837,,
171521,,
193081,,
197084,,
50860,,
193212,,
50743,,
50682,,
95347,,
171402,,
95464,,
120197,,
178262,,
51702,,
50649,,
50877,,
96438,,
50741,,
50855,,
197094,,
50949,,
197098,,
96431,,
95494,,
171706,,
171781,,
193082,,
135186,,
171390,,
50835,,
96218,,
171673,,
120214,,
179146,,
197103,,
50861,,
115210,,
95468,,
50822,,
212631,,
171738,,
2959,,
51022,,
96434,,
96428,,
50984,,
171660,,
2948,,
197107,,
171800,,
157296,,
197102,,
171768,,
171705,,
50735,,
3065,,
95351,,
171812,,
96442,,
90701,,
50710,,
51005,,
50842,,
185800,,
96221,,
50653,,
2954,,
50721,,
171466,,
95498,,
95459,,
113993,,
171734,,
143589,,
50878,,
50831,,
171795,,
50683,,
179380,,
120167,,
50704,,
51024,,
171469,,
171803,,
171668,,
143507,,
95338,,
50847,,
51651,,
197104,,
50723,,
51661,,
171716,,
143509,,
3008,,
51666,,
171391,,
197091,,
2970,,
51026,,
171813,,
197197,,
171534,,
143639,,
212690,,
196787,,
50811,,
51027,,
50695,,
171730,,
2980,,
50881,,
143495,,
50838,,
197067,,
120139,,
51049,,
95491,,
171531,,
96371,,
95353,,
51654,,
95398,,
171365,,
50714,,
171762,,
50669,,
95333,,
179379,,
171690,,
50950,,
171671,,
171755,,
171770,,
50739,,
51681,,
50824,,
50688,,
144806,,
135214,,
50821,,
95337,,
94096,,
95343,,
51658,,
51648,,
50826,,
94131,,
50870,,
50648,,
50876,,
50725,,
171731,,
197069,,
3049,,
50866,,
96447,,
51037,,
51115,,
178265,,
50668,,
96239,,
95463,,
50691,,
95345,,
51655,,
50880,,
95400,,
2971,,
51004,,
171811,,
171664,,
135224,,
171691,,
50848,,
171742,,
50681,,
171481,,
196769,,
50886,,
168446,,
98811,,
197073,,
94009,,
143629,,
95472,,
95334,,
143578,,
50654,,
171424,,
50979,,
95408,,
171704,,
197059,,
96238,,
51109,,
93444,,
2950,,
50736,,
143550,,
171697,,
179165,,
51685,,
196747,,
51023,,
171708,,
51116,,
50839,,
96316,,
144896,,
50895,,
143540,,
95407,,
157301,,
197200,,
197082,,
51047,,
197210,,
179169,,
179394,,
2986,,
50696,,
120168,,
171418,,
50892,,
51008,,
178260,,
171808,,
98812,,
143612,,
96432,,
77825,,
171388,,
171756,,
171665,,
95350,,
51659,,
171487,,
51653,,
197182,,
147007,,
171802,,
96443,,
144893,,
171484,,
171788,,
171760,,
157315,,
171662,,
162821,,
171809,,
51662,,
96340,,
50810,,
51034,,
50849,,
197110,,
171804,,
3052,,
50700,,
50951,,
178250,,
171698,,
51649,,
214252,,
212772,,
171694,,
171436,,
197062,,
2972,,
154104,,
95335,,
2889,,
196676,,
171528,,
95454,,
50722,,
197097,,
50664,,
95460,,
96333,,
50701,,
50978,,
50740,,
171746,,
50853,,
50843,,
51696,,
162875,,
96242,,
171692,,
197208,,
50858,,
197071,,
212611,,
171778,,
171525,,
51064,,
95493,,
196773,,
171670,,
196788,,
171406,,
197218,,
2966,,
50716,,
51677,,
96427,,
171385,,
50680,,
51665,,
103958,,
50896,,
171758,,
171514,,
146135,,
171779,,
96244,,
50823,,
51059,,
193122,,
50747,,
171784,,
50711,,
51687,,
96240,,
197095,,
197092,,
50679,,
96424,,
209721,,
170852,,
50665,,
171724,,
2974,,
96425,,
143500,,
93471,,
2958,,
179226,,
50981,,
179148,,
95396,,
50656,,
171384,,
179147,,
51040,,
171454,,
50697,,
95403,,
197193,,
120968,,
50852,,
50982,,
171445,,
51656,,
50885,,
143524,,
197068,,
171710,,
197065,,
197058,,
50729,,
50859,,
50690,,
162842,,
146997,,
171508,,
197075,,
95499,,
179396,,
171682,,
96479,,
3055,,
197057,,
171672,,
171722,,
50707,,
171774,,
162806,,
179161,,
196766,,
93185,,
51145,,
96223,,
96219,,
3004,,
171693,,
196791,,
95355,,
50745,,
162851,,
50660,,
50670,,
171747,,
50834,,
197196,,
50738,,
9331,,
147009,,
171709,,
95406,,
96338,,
96448,,
171658,,
50678,,
197088,,
120219,,
162810,,
50871,,
171810,,
171776,,
51660,,
50744,,
171748,,
51035,,
50655,,
197080,,
171764,,
197195,,
144895,,
196758,,
179377,,
50702,,
50742,,
51048,,
77684,,
96339,,
51061,,
171442,,
50684,,
50666,,
50657,,
171688,,
115399,,
171740,,
196749,,
171736,,
171775,,
51003,,
50647,,
50879,,
171806,,
171430,,
162802,,
171509,,
94155,,
96433,,
196670,,
171399,,
197109,,
171766,,
197194,,
2949,,
50832,,
171493,,
51066,,
171685,,
95497,,
120145,,
95458,,
77664,,
77667,,
77673,,
77680,,
77761,,
77822,,
77823,,
77826,,
90689,,
90693,,
90694,,
90697,,
90712,,
90714,,
90717,,
90727,,
120142,,
120170,,
120196,,
120198,,
120199,,
120208,,
120210,,
120211,,
120212,,
120213,,
120215,,
120216,,
120217,,
120218,,
120220,,
120221,,
120223,,
120224,,
120268,,
120611,,
146996,,
147627,,
147628,,
147629,,
152820,,
171381,,
171458,,
171503,,
171726,,
171801,,
185799,,
214097,,
214098,,
214099,,
214100,,
214101,,
214102,,
214105,,
214106,,
214108,,
214109,,
214110,,
214127,,
214137,,
214199,,
214206,,
214207,,
214226,,
214227,,
214228,,
214229,,
214230,,
214231,,
214232,,
214233,,
214234,,
214235,,
214236,,
214237,,
214255,,
214256,,
214257,,
214258,,
214260,,
214261,,
214262,,
214263,,
214264,,
214265,,
214268,,
214269,,
214270,,
214271,,
214272,,
214273,,
216269,,
216270,,
219878,,
219879,,
219881,,
219882,,
144827,,
144843,,
144867,,
144892,,
144894,,
144897,,
144899,,
197029,,
212345,,
212346,,
196946,,
144844,,
221462,,
100504,,
212220,,
212239,,
212258,,
212267,,
212295,,
212303,,
212304,,
212315,,
212316,,
212317,,
212442,,
212558,,
212632,,
212633,,
212655,,
212656,,
212691,,
212722,,
212723,,
222039,,
222048,,
222495,,
223572,,
214107,,
223574,,
223576,,
223575,,
223573,,
224450,,
143572,,
143574,,
224416,,
224417,,
224418,,
224419,,
224420,,
224421,,
224422,,
224424,,
224425,,
224426,,
224427,,
224428,,
224438,,
224439,,
224441,,
224434,,
224436,,
224437,,
224440,,
224442,,
224443,,
224444,,
224445,,
224449,,
224433,,
224435,,
224446,,
224447,,
224448,,
224451,,
224452,,
224698,,
224700,,
226795,,
226797,,
196693,,
224411,,
224412,,
224413,,
224414,,
224430,,
224431,,
227486,,
227488,,
227502,,
228184,,
229658,,
229710,,
77729,,
93421,,
120536,,
196724,,
214200,,
214201,,
214202,,
214203,,
214204,,
214205,,
144863,,
230655,,
230656,,
230657,,
230658,,
230659,,
230660,,
230661,,
230662,,
230663,,
230664,,
230667,,
230668,,
230669,,
230672,,
230673,,
230674,,
230675,,
230676,,
230677,,
230678,,
230679,,
230681,,
230688,,
232152,,
143529,,
228222,,
229317,,
230132,,
230156,,
230710,,
231688,,
231696,,
231709,,
231715,,
231722,,
231730,,
231741,,
231746,,
231753,,
231762,,
231770,,
231776,,
231787,,
231794,,
231801,,
231811,,
231825,,
231831,,
231844,,
231852,,
231873,,
231878,,
231885,,
231893,,
231901,,
231907,,
231919,,
231928,,
231932,,
231937,,
231946,,
231953,,
231959,,
231966,,
231985,,
231990,,
231997,,
232007,,
232012,,
231838,,
232154,,
229347,,
229528,,
228466,,
228478,,
228483,,
228496,,
228501,,
228514,,
228521,,
228534,,
228543,,
228548,,
228561,,
228566,,
228581,,
228586,,
228599,,
228604,,
236720,,
244702,,
244712,,
247493,,
93721,,
135238,,
245474,,
212524,,
267935,,
286916,,
286965,,
286966,,
287004,,
287014,,
287887,,
287888,,
266773,,
266776,,
277895,,
277897,,
212498,,
319099,,
319100,,
251572,,
50997,,
95597,,
50818,,
263422,,
95596,,
263426,,
50958,,
263423,,
263425,,
50873,,
95869,,
263424,,
250747,,
278035,,
278036,,
278057,,
115704,,
115705,,
212523,,
305211,,
330210,,
330568,,
330592,,
330621,,
330622,,
120578,15,6
120504,15,6
120298,15,6
120577,15,6
120494,15,6
120297,15,6
120493,15,6
120285,15,6
120580,15,6
120492,15,6
120584,15,6
120583,15,6
120582,15,6
120495,15,6
120616,15,6
120615,15,6
120497,15,6
120309,15,6
120572,15,6
120368,15,6
120571,15,6
120501,15,6
120367,15,6
120305,15,6
120570,15,6
120500,15,6
120366,15,6
120312,15,6
120499,15,6
120569,15,6
120365,15,6
120311,15,6
120568,15,6
120608,15,6
120567,15,6
120565,15,6
120607,15,6
120566,15,6
120606,15,6
120564,15,6
120491,15,6
120362,15,6
120563,15,6
120490,15,6
120361,15,6
120562,15,6
120674,15,6
120561,15,6
120480,15,6
120676,15,6
120560,15,6
120408,15,6
120675,15,6
120559,15,6
120483,15,6
120407,15,6
120678,15,6
120554,15,6
120482,15,6
120360,15,6
120677,15,6
120553,15,6
120359,15,6
120680,15,6
120558,15,6
120488,15,6
120681,15,6
120556,15,6
120487,15,6
120682,15,6
120557,15,6
120679,15,6
120555,15,6
120485,15,6
120552,15,6
120479,15,6
120356,15,6
120684,15,6
120478,15,6
120355,15,6
120551,15,6
120685,15,6
120503,15,6
210587,15,6
210589,15,6
120550,15,6
120477,15,6
120686,15,6
120549,15,6
120476,15,6
120687,15,6
120614,15,6
120475,15,6
120688,15,6
120613,15,6
120474,15,6
120689,15,6
120548,15,6
120473,15,6
120690,15,6
120546,15,6
120472,15,6
120691,15,6
120547,15,6
120471,15,6
120348,15,6
120542,15,6
120470,15,6
120347,15,6
120692,15,6
120540,15,6
120469,15,6
120346,15,6
120693,15,6
120541,15,6
120414,15,6
120345,15,6
120694,15,6
120545,15,6
120413,15,6
120695,15,6
120544,15,6
120696,15,6
120966,15,6
120543,15,6
120620,15,6
120697,15,6
120619,15,6
120612,15,6
120698,15,6
120468,15,6
120467,15,6
120609,15,6
120699,15,6
120463,15,6
120610,15,6
120700,15,6
120464,15,6
120539,15,6
120338,15,6
120701,15,6
120462,15,6
120537,15,6
120291,15,6
120466,15,6
120538,15,6
120290,15,6
120337,15,6
120702,15,6
120465,15,6
120535,15,6
120289,15,6
120336,15,6
120703,15,6
120460,15,6
120534,15,6
120335,15,6
120704,15,6
120533,15,6
120705,15,6
120459,15,6
120706,15,6
120458,15,6
120532,15,6
120457,15,6
120531,15,6
120332,15,6
120683,15,6
120605,15,6
120530,15,6
120396,15,6
120331,15,6
120604,15,6
120529,15,6
120395,15,6
120595,15,6
120527,15,6
120398,15,6
120599,15,6
120528,15,6
120397,15,6
120597,15,6
120526,15,6
120598,15,6
120525,15,6
120596,15,6
120524,15,6
120600,15,6
120520,15,6
120326,15,6
120519,15,6
120325,15,6
120602,15,6
120523,15,6
120594,15,6
120522,15,6
120593,15,6
120521,15,6
120592,15,6
120518,15,6
120591,15,6
120517,15,6
120386,15,6
120318,15,6
120590,15,6
120516,15,6
120385,15,6
120317,15,6
120589,15,6
120515,15,6
120618,15,6
120514,15,6
120383,15,6
120315,15,6
120617,15,6
120512,15,6
120588,15,6
120513,15,6
120381,15,6
120587,15,6
120511,15,6
120586,15,6
120509,15,6
120300,15,6
120585,15,6
120510,15,6
120576,15,6
120508,15,6
120380,15,6
120573,15,6
120507,15,6
120379,15,6
120575,15,6
120506,15,6
120574,15,6
120505,15,6
120299,15,6
155051,15,6
120399,15,6
216265,15,6
226811,15,6
226813,15,6
226815,15,6
226809,15,6
2943,16,9
2942,16,9
3117,16,9
3116,16,9
2946,16,9
2961,16,9
2960,16,9
2962,16,9
3051,16,9
3120,16,9
3057,16,9
2902,16,9
2907,16,9
3012,16,9
2906,16,9
2945,16,9
2964,16,9
2947,16,9
3048,16,9
2944,16,9
3039,16,9
3045,16,9
3041,16,9
2892,16,9
3109,16,9
2869,16,9
2875,16,9
3108,16,9
2995,16,9
2871,16,9
2999,16,9
2996,16,9
2877,16,9
2997,16,9
2880,16,9
2881,16,9
2899,16,9
166955,16,9
3006,16,9
2884,16,9
3110,16,9
3003,16,9
3112,16,9
3007,16,9
3053,16,9
2957,16,9
9366,16,9
9363,16,9
9365,16,9
9361,16,9
9359,16,9
9357,16,9
9351,16,9
9340,16,9
9336,16,9
9337,16,9
9335,16,9
9333,16,9
9334,16,9
9338,16,9
2876,16,9
3115,16,9
3118,16,9
2977,16,9
3068,16,9
3114,16,9
2904,16,9
3042,16,9
171369,16,9
9330,16,9
171367,16,9
171368,16,9
3044,16,9
3046,16,9
2952,16,9
3037,16,9
3035,16,9
3036,16,9
3038,16,9
2956,16,9
3050,16,9
3119,16,9
2965,16,9
3121,16,9
3056,16,9
3058,16,9
3059,16,9
3122,16,9
3123,16,9
2979,16,9
2978,16,9
2985,16,9
2976,16,9
3062,16,9
3063,16,9
3064,16,9
2982,16,9
3124,16,9
2984,16,9
3067,16,9
2988,16,9
2989,16,9
3125,16,9
2868,16,9
2870,16,9
2874,16,9
2994,16,9
2887,16,9
2879,16,9
2878,16,9
2886,16,9
3111,16,9
3009,16,9
3113,16,9
2898,16,9
3011,16,9
2896,16,9
2888,16,9
3002,16,9
2885,16,9
3000,16,9
3001,16,9
224475,16,9
228182,16,9
228180,16,9
228178,16,9
256139,16,9
256168,16,9
256171,16,9
256170,16,9
2992,16,9
2866,16,9
3107,16,9
313013,16,9
277881,884,15
277870,884,15
277868,884,15
277879,884,15
279900,884,15
50733,163,15
267934,884,15
266604,884,15
266609,884,15
266608,884,15
266611,884,15
266607,884,15
266610,884,15
266605,884,15
266606,884,15
266625,884,15
266622,884,15
266626,884,15
266620,884,15
266623,884,15
266621,884,15
266624,884,15
266635,884,15
266639,884,15
266636,884,15
266638,884,15
266637,884,15
266650,884,15
266648,884,15
266649,884,15
266659,884,15
266665,884,15
266662,884,15
266660,884,15
266663,884,15
266661,884,15
266664,884,15
266674,884,15
266690,884,15
266680,884,15
266677,884,15
266681,884,15
266675,884,15
266678,884,15
266676,884,15
266679,884,15
266705,884,15
266701,884,15
266702,884,15
266704,884,15
266703,884,15
266716,884,15
266721,884,15
266719,884,15
266720,884,15
266717,884,15
266718,884,15
266730,884,15
266733,884,15
266731,884,15
266732,884,15
266742,884,15
266743,884,15
266752,884,15
266753,884,15
266763,884,15
266764,884,15
266774,884,15
266775,884,15
266790,884,15
266787,884,15
266791,884,15
266788,884,15
266792,884,15
266789,884,15
266802,884,15
266821,884,15
266805,884,15
266810,884,15
266809,884,15
266808,884,15
266806,884,15
272690,884,15
266804,884,15
266807,884,15
266839,884,15
266834,884,15
266849,884,15
266838,884,15
266837,884,15
266835,884,15
266836,884,15
266866,884,15
266878,884,15
266865,884,15
266862,884,15
266860,884,15
266863,884,15
266867,884,15
266861,884,15
266864,884,15
266887,884,15
272688,884,15
266888,884,15
266906,884,15
266909,884,15
266907,884,15
266908,884,15
266921,884,15
266934,884,15
266920,884,15
266924,884,15
266925,884,15
266922,884,15
266918,884,15
266919,884,15
266923,884,15
266948,884,15
266946,884,15
266947,884,15
277855,884,15
277863,884,15
277861,884,15
277862,884,15
277890,884,15
277904,884,15
277916,884,15
277927,884,15
277926,884,15
277984,884,15
277972,884,15
277971,884,15
277994,884,15
277993,884,15
277992,884,15
277983,884,15
277930,884,15
277939,884,15
277956,884,15
277955,884,15
277954,884,15
277953,884,15
277941,884,15
277935,884,15
277936,884,15
277937,884,15
277942,884,15
277940,884,15
277938,884,15
277928,884,15
277929,884,15
277915,884,15
277917,884,15
277919,884,15
277921,884,15
277918,884,15
277910,884,15
277909,884,15
277908,884,15
277903,884,15
277902,884,15
277886,884,15
277877,884,15
277880,884,15
277860,884,15
277878,884,15
277883,884,15
277884,884,15
277882,884,15
277864,884,15
277898,884,15
277899,884,15
277896,884,15
277894,884,15
277988,884,15
277989,884,15
277973,884,15
277979,884,15
277978,884,15
277977,884,15
277960,884,15
277961,884,15
277963,884,15
277962,884,15
277964,884,15
277968,884,15
277966,884,15
277995,884,15
277931,884,15
277965,884,15
277967,884,15
277950,884,15
277946,884,15
277948,884,15
277949,884,15
277947,884,15
284182,884,15
277922,884,15
277911,884,15
279899,884,15
277874,884,15
3080,16,9
321855,16,9
3087,16,9
3086,16,9
3085,16,9
3069,16,9
9367,16,9
3071,16,9
3072,16,9
9368,16,9
3073,16,9
9369,16,9
3074,16,9
3075,16,9
3076,16,9
3077,16,9
9370,16,9
3078,16,9
3082,16,9
9371,16,9
3084,16,9
3083,16,9
9372,16,9
3092,16,9
9375,16,9
3089,16,9
3091,16,9
3090,16,9
3088,16,9
9374,16,9
3100,16,9
9379,16,9
3099,16,9
9378,16,9
3097,16,9
3096,16,9
3098,16,9
9377,16,9
3094,16,9
9376,16,9
3095,16,9
9329,16,9
50963,163,4356
50961,163,4356
50966,163,4356
50967,163,4356
50968,163,4356
50969,163,4356
50965,163,4356
50970,163,4356
50960,163,4356
50638,163,4356
50962,163,4356
47585,15,6
47586,15,6
48120,15,6
48121,15,6
197132,798,6
197158,798,6
197159,798,6
197161,798,6
197162,798,6
197154,798,6
197155,798,6
197131,798,6
197133,798,6
197134,798,6
197176,798,6
197173,798,6
197174,798,6
197175,798,6
197180,798,6
197179,798,6
197186,798,6
197187,798,6
197183,798,6
197184,798,6
8775,15,6
8774,15,6
8773,15,6
8772,15,6
8771,15,6
8770,15,6
8769,15,6
8768,15,6
8767,15,6
8784,15,6
8785,15,6
8786,15,6
8787,15,6
8782,15,6
8783,15,6
8798,15,6
8797,15,6
8796,15,6
8795,15,6
8794,15,6
8793,15,6
8792,15,6
8791,15,6
8790,15,6
8801,15,6
8802,15,6
8803,15,6
8804,15,6
8799,15,6
8800,15,6
8818,15,6
8819,15,6
8820,15,6
8821,15,6
8824,15,6
8823,15,6
8826,15,6
8825,15,6
8822,15,6
8827,15,6
8828,15,6
8829,15,6
8830,15,6
8833,15,6
8832,15,6
8835,15,6
8834,15,6
8831,15,6
8808,15,6
120117,15,6
8809,15,6
8810,15,6
8811,15,6
8812,15,6
120277,15,6
120280,15,6
120278,15,6
120281,15,6
120279,15,6
120276,15,6
120272,15,6
120269,15,6
120274,15,6
120270,15,6
47838,15,6
47840,15,6
8778,15,6
8779,15,6
8780,15,6
8781,15,6
8813,15,6
8814,15,6
8815,15,6
8816,15,6
8817,15,6
8777,15,6
8776,15,6
197141,798,6
197143,798,6
197144,798,6
197145,798,6
197142,798,6
120264,15,6
120261,15,6
120267,15,6
120265,15,6
120254,15,6
120255,15,6
120256,15,6
120259,15,6
120258,15,6
120257,15,6
120260,15,6
120253,15,6
120250,15,6
120251,15,6
120252,15,6
120248,15,6
120244,15,6
120249,15,6
120245,15,6
120246,15,6
120247,15,6
211784,15,6
120242,15,6
120243,15,6
120171,15,6
120234,15,6
120235,15,6
120226,15,6
120227,15,6
120228,15,6
120240,15,6
120237,15,6
120151,15,6
120238,15,6
120156,15,6
120230,15,6
120155,15,6
120154,15,6
120231,15,6
120153,15,6
120232,15,6
120236,15,6
120241,15,6
120172,15,6
120233,15,6
120239,15,6
120162,15,6
120225,15,6
120161,15,6
154847,15,6
154848,15,6
154849,15,6
154850,15,6
154851,15,6
120169,15,6
120165,15,6
120166,15,6
120262,15,6
120263,15,6
120266,15,6
216262,15,6
216263,15,6
221464,15,6
120116,15,6
77772,217,3218
185838,217,3218
77855,217,3218
77854,217,3218
77773,217,3218
77548,217,3218
77560,217,3218
77562,217,3218
77563,217,3218
77568,217,3218
77569,217,3218
77678,217,3218
77718,217,3218
77571,217,3218
77570,217,3218
77719,217,3218
77553,217,3218
77672,217,3218
77682,217,3218
77683,217,3218
77686,217,3218
77690,217,3218
77727,217,3218
77691,217,3218
77679,217,3218
77702,217,3218
77704,217,3218
77710,217,3218
77777,217,3218
77853,217,3218
77783,217,3218
77786,217,3218
77790,217,3218
77832,217,3218
77851,217,3218
77836,217,3218
77713,217,3218
77705,217,3218
77759,217,3218
77744,217,3218
77734,217,3218
77735,217,3218
77736,217,3218
77737,217,3218
77726,217,3218
77728,217,3218
77788,217,3218
77830,217,3218
77835,217,3218
77774,217,3218
77775,217,3218
77771,217,3218
77770,217,3218
77779,217,3218
77785,217,3218
77837,217,3218
77765,217,3218
77838,217,3218
77712,217,3218
77532,217,3218
90718,217,3218
90722,217,3218
90724,217,3218
90695,217,3218
90699,217,3218
90700,217,3218
77787,217,3218
90715,217,3218
77789,217,3218
104814,217,3218
90696,217,3218
77776,217,3218
77781,217,3218
77782,217,3218
77780,217,3218
77784,217,3218
77778,217,3218
77827,217,3218
77828,217,3218
77829,217,3218
77831,217,3218
77833,217,3218
77834,217,3218
77846,217,3218
77839,217,3218
77840,217,3218
104813,217,3218
90698,217,3218
77850,217,3218
77849,217,3218
77852,217,3218
77546,217,3218
77550,217,3218
77552,217,3218
77764,217,3218
77766,217,3218
196813,217,3218
77758,217,3218
90726,217,3218
77754,217,3218
77755,217,3218
77847,217,3218
77843,217,3218
77844,217,3218
77842,217,3218
77845,217,3218
90720,217,3218
90723,217,3218
77724,217,3218
77752,217,3218
77753,217,3218
222040,217,3218
223567,217,3218
250735,217,3218
77708,217,3218
90716,217,3218
77533,217,3218
77534,217,3218
77537,217,3218
77536,217,3218
77538,217,3218
77539,217,3218
77541,217,3218
209986,217,3218
209984,217,3218
209985,217,3218
77542,217,3218
209991,217,3218
209987,217,3218
209989,217,3218
209988,217,3218
209990,217,3218
77545,217,3218
77544,217,3218
77535,217,3218
178330,217,3218
222042,217,3218
94075,257,3355
94054,257,3355
193125,257,3355
193142,257,3355
193198,257,3355
193085,257,3355
193126,257,3355
193143,257,3355
193149,257,3355
193199,257,3355
193213,257,3355
193124,257,3355
193166,257,3355
193147,257,3355
193196,257,3355
193211,257,3355
93688,257,3355
93680,257,3355
98183,257,3355
193108,257,3355
193093,257,3355
193107,257,3355
193128,257,3355
193153,257,3355
193167,257,3355
193148,257,3355
193197,257,3355
193152,257,3355
193150,257,3355
193181,257,3355
193217,257,3355
193216,257,3355
193091,257,3355
193131,257,3355
193183,257,3355
193180,257,3355
193090,257,3355
193132,257,3355
193155,257,3355
193170,257,3355
193184,257,3355
193179,257,3355
193215,257,3355
93628,257,3355
171993,257,3355
171994,257,3355
171995,257,3355
171996,257,3355
193089,257,3355
193115,257,3355
193130,257,3355
193156,257,3355
193171,257,3355
193185,257,3355
193182,257,3355
193116,257,3355
193136,257,3355
193159,257,3355
193169,257,3355
193187,257,3355
193204,257,3355
193222,257,3355
193114,257,3355
193134,257,3355
193158,257,3355
193172,257,3355
193188,257,3355
193203,257,3355
193223,257,3355
193095,257,3355
193113,257,3355
193135,257,3355
193157,257,3355
193173,257,3355
193186,257,3355
193202,257,3355
193219,257,3355
98142,257,3355
98202,257,3355
98203,257,3355
98204,257,3355
98205,257,3355
98206,257,3355
98223,257,3355
98224,257,3355
98221,257,3355
98222,257,3355
98225,257,3355
98220,257,3355
98213,257,3355
98214,257,3355
98210,257,3355
98208,257,3355
98198,257,3355
98196,257,3355
98191,257,3355
98172,257,3355
98171,257,3355
98170,257,3355
93499,257,3355
94843,257,3355
98168,257,3355
98166,257,3355
98167,257,3355
93476,257,3355
98165,257,3355
98164,257,3355
98163,257,3355
98162,257,3355
98161,257,3355
98160,257,3355
98159,257,3355
93578,257,3355
98157,257,3355
93576,257,3355
98156,257,3355
98155,257,3355
98158,257,3355
98154,257,3355
98195,257,3355
98194,257,3355
98153,257,3355
98151,257,3355
98152,257,3355
93925,257,3355
93918,257,3355
98189,257,3355
98188,257,3355
94852,257,3355
98187,257,3355
98185,257,3355
98184,257,3355
98178,257,3355
98179,257,3355
93554,257,3355
98182,257,3355
94215,257,3355
94861,257,3355
94195,257,3355
94196,257,3355
94194,257,3355
94191,257,3355
94192,257,3355
94083,257,3355
94081,257,3355
94082,257,3355
94079,257,3355
94074,257,3355
94845,257,3355
94846,257,3355
94844,257,3355
94071,257,3355
94067,257,3355
94068,257,3355
94069,257,3355
94070,257,3355
94065,257,3355
94064,257,3355
94842,257,3355
94062,257,3355
94060,257,3355
94840,257,3355
94057,257,3355
94839,257,3355
94841,257,3355
94838,257,3355
94053,257,3355
94050,257,3355
94051,257,3355
94052,257,3355
94048,257,3355
94049,257,3355
94046,257,3355
94045,257,3355
94044,257,3355
94042,257,3355
94836,257,3355
94039,257,3355
94837,257,3355
94038,257,3355
94835,257,3355
94036,257,3355
94035,257,3355
94834,257,3355
94034,257,3355
94033,257,3355
94032,257,3355
94022,257,3355
94023,257,3355
94833,257,3355
94028,257,3355
94029,257,3355
94831,257,3355
94026,257,3355
94832,257,3355
94829,257,3355
94830,257,3355
94017,257,3355
94016,257,3355
94008,257,3355
94010,257,3355
94827,257,3355
94013,257,3355
94828,257,3355
94019,257,3355
94001,257,3355
94004,257,3355
94002,257,3355
94003,257,3355
94826,257,3355
94006,257,3355
94188,257,3355
94187,257,3355
94186,257,3355
94185,257,3355
94184,257,3355
93999,257,3355
93996,257,3355
93995,257,3355
93994,257,3355
93992,257,3355
93991,257,3355
94020,257,3355
93989,257,3355
93988,257,3355
93987,257,3355
94824,257,3355
93979,257,3355
93980,257,3355
94825,257,3355
93982,257,3355
93983,257,3355
93984,257,3355
93998,257,3355
93977,257,3355
93976,257,3355
93975,257,3355
93974,257,3355
93972,257,3355
94821,257,3355
93969,257,3355
94822,257,3355
94823,257,3355
93966,257,3355
93967,257,3355
93964,257,3355
93965,257,3355
94201,257,3355
94200,257,3355
94210,257,3355
94211,257,3355
94208,257,3355
94203,257,3355
94205,257,3355
94206,257,3355
94859,257,3355
94182,257,3355
94180,257,3355
94181,257,3355
94858,257,3355
94857,257,3355
94177,257,3355
94176,257,3355
94855,257,3355
94174,257,3355
94856,257,3355
94172,257,3355
94166,257,3355
94163,257,3355
94164,257,3355
94165,257,3355
94162,257,3355
94160,257,3355
94161,257,3355
94854,257,3355
94853,257,3355
94153,257,3355
94150,257,3355
94149,257,3355
94151,257,3355
94148,257,3355
94147,257,3355
94145,257,3355
94146,257,3355
94850,257,3355
94139,257,3355
94851,257,3355
94143,257,3355
94138,257,3355
94137,257,3355
94136,257,3355
94135,257,3355
94124,257,3355
94123,257,3355
94133,257,3355
94849,257,3355
94128,257,3355
94127,257,3355
94125,257,3355
94122,257,3355
98181,257,3355
94117,257,3355
94118,257,3355
94119,257,3355
94120,257,3355
94121,257,3355
94116,257,3355
94115,257,3355
94113,257,3355
94110,257,3355
94111,257,3355
94103,257,3355
94104,257,3355
94106,257,3355
94108,257,3355
94094,257,3355
94097,257,3355
94095,257,3355
94847,257,3355
94091,257,3355
94090,257,3355
94848,257,3355
94092,257,3355
94199,257,3355
94198,257,3355
94860,257,3355
94197,257,3355
94089,257,3355
94088,257,3355
94086,257,3355
94084,257,3355
94085,257,3355
94087,257,3355
93909,257,3355
93898,257,3355
93895,257,3355
93833,257,3355
93829,257,3355
93826,257,3355
93825,257,3355
93817,257,3355
93819,257,3355
93813,257,3355
93807,257,3355
93805,257,3355
93799,257,3355
93797,257,3355
93794,257,3355
93793,257,3355
93789,257,3355
93787,257,3355
93785,257,3355
93783,257,3355
93782,257,3355
93781,257,3355
93779,257,3355
93775,257,3355
93777,257,3355
93769,257,3355
93771,257,3355
93908,257,3355
93907,257,3355
93889,257,3355
93879,257,3355
93881,257,3355
93902,257,3355
93901,257,3355
93869,257,3355
93873,257,3355
93865,257,3355
93859,257,3355
93861,257,3355
93843,257,3355
93845,257,3355
93847,257,3355
93838,257,3355
93837,257,3355
94168,257,3355
94167,257,3355
94169,257,3355
94170,257,3355
93934,257,3355
93856,257,3355
93855,257,3355
94102,257,3355
94099,257,3355
94098,257,3355
94100,257,3355
94101,257,3355
93839,257,3355
93913,257,3355
98177,257,3355
93962,257,3355
93961,257,3355
93953,257,3355
93954,257,3355
94820,257,3355
93958,257,3355
93959,257,3355
94819,257,3355
93956,257,3355
93933,257,3355
93932,257,3355
93947,257,3355
93948,257,3355
93949,257,3355
93950,257,3355
93951,257,3355
93945,257,3355
93943,257,3355
93944,257,3355
94817,257,3355
94818,257,3355
93940,257,3355
93941,257,3355
93936,257,3355
93937,257,3355
93931,257,3355
93930,257,3355
93927,257,3355
93929,257,3355
93928,257,3355
93912,257,3355
93911,257,3355
93915,257,3355
93924,257,3355
93923,257,3355
93921,257,3355
93917,257,3355
93919,257,3355
93765,257,3355
93763,257,3355
93759,257,3355
93757,257,3355
93756,257,3355
93755,257,3355
93747,257,3355
93749,257,3355
94216,257,3355
93720,257,3355
93719,257,3355
93713,257,3355
93714,257,3355
93712,257,3355
93710,257,3355
93707,257,3355
93705,257,3355
93704,257,3355
93703,257,3355
93702,257,3355
93701,257,3355
93700,257,3355
93698,257,3355
93699,257,3355
93689,257,3355
93686,257,3355
93685,257,3355
93684,257,3355
93687,257,3355
93695,257,3355
93696,257,3355
93690,257,3355
93683,257,3355
93682,257,3355
93679,257,3355
93681,257,3355
93678,257,3355
93676,257,3355
93677,257,3355
93671,257,3355
93673,257,3355
93672,257,3355
93674,257,3355
93670,257,3355
93666,257,3355
93665,257,3355
93667,257,3355
93668,257,3355
93669,257,3355
93664,257,3355
93662,257,3355
93661,257,3355
93663,257,3355
93658,257,3355
93659,257,3355
93650,257,3355
93651,257,3355
93652,257,3355
93649,257,3355
93645,257,3355
93644,257,3355
93646,257,3355
93648,257,3355
93647,257,3355
93638,257,3355
93635,257,3355
93624,257,3355
93623,257,3355
93620,257,3355
93636,257,3355
93619,257,3355
93618,257,3355
93604,257,3355
93603,257,3355
93602,257,3355
93612,257,3355
93613,257,3355
93606,257,3355
93607,257,3355
93610,257,3355
93601,257,3355
93600,257,3355
93598,257,3355
93597,257,3355
93626,257,3355
93617,257,3355
93621,257,3355
93622,257,3355
93615,257,3355
93616,257,3355
93583,257,3355
93580,257,3355
93581,257,3355
93582,257,3355
93596,257,3355
93594,257,3355
93593,257,3355
93595,257,3355
93590,257,3355
93591,257,3355
93587,257,3355
93588,257,3355
93584,257,3355
93586,257,3355
93585,257,3355
93579,257,3355
93565,257,3355
93561,257,3355
93562,257,3355
93563,257,3355
93564,257,3355
93573,257,3355
93569,257,3355
93570,257,3355
93566,257,3355
93560,257,3355
93559,257,3355
93558,257,3355
93556,257,3355
93557,257,3355
93548,257,3355
93545,257,3355
93544,257,3355
93546,257,3355
93547,257,3355
98176,257,3355
93553,257,3355
93500,257,3355
93549,257,3355
93551,257,3355
93550,257,3355
93543,257,3355
93538,257,3355
93539,257,3355
93542,257,3355
93541,257,3355
93536,257,3355
93534,257,3355
93535,257,3355
93532,257,3355
93530,257,3355
93531,257,3355
93527,257,3355
93528,257,3355
93522,257,3355
93523,257,3355
93524,257,3355
93525,257,3355
93518,257,3355
93517,257,3355
93516,257,3355
93519,257,3355
93520,257,3355
93514,257,3355
93513,257,3355
93507,257,3355
93508,257,3355
93510,257,3355
93511,257,3355
93502,257,3355
93504,257,3355
93505,257,3355
93487,257,3355
93482,257,3355
93486,257,3355
93485,257,3355
93484,257,3355
93483,257,3355
93501,257,3355
93498,257,3355
93503,257,3355
93496,257,3355
93494,257,3355
93495,257,3355
93488,257,3355
93489,257,3355
93481,257,3355
93477,257,3355
93567,257,3355
93574,257,3355
93572,257,3355
93479,257,3355
93478,257,3355
93470,257,3355
93472,257,3355
93475,257,3355
93473,257,3355
93461,257,3355
93462,257,3355
93458,257,3355
94816,257,3355
93457,257,3355
93456,257,3355
93454,257,3355
93455,257,3355
93452,257,3355
93450,257,3355
93451,257,3355
93435,257,3355
93433,257,3355
93434,257,3355
93424,257,3355
93425,257,3355
93426,257,3355
93428,257,3355
93429,257,3355
93430,257,3355
93438,257,3355
93437,257,3355
93442,257,3355
93440,257,3355
93439,257,3355
93441,257,3355
93443,257,3355
93447,257,3355
93448,257,3355
93292,257,3355
93291,257,3355
93285,257,3355
93287,257,3355
93280,257,3355
93279,257,3355
93277,257,3355
93272,257,3355
93271,257,3355
93269,257,3355
93261,257,3355
93259,257,3355
93251,257,3355
93253,257,3355
93247,257,3355
93245,257,3355
93244,257,3355
93243,257,3355
93239,257,3355
93241,257,3355
93238,257,3355
93237,257,3355
93229,257,3355
93231,257,3355
93222,257,3355
93221,257,3355
93223,257,3355
93215,257,3355
93217,257,3355
93211,257,3355
93209,257,3355
93207,257,3355
93203,257,3355
93205,257,3355
93639,257,3355
93633,257,3355
93199,257,3355
93198,257,3355
93197,257,3355
93191,257,3355
93193,257,3355
93181,257,3355
93187,257,3355
93138,257,3355
93716,257,3355
93654,257,3355
93656,257,3355
93466,257,3355
93631,257,3355
93632,257,3355
93642,257,3355
93640,257,3355
93643,257,3355
93491,257,3355
93492,257,3355
93465,257,3355
93468,257,3355
93464,257,3355
98174,257,3355
98175,257,3355
98173,257,3355
93693,257,3355
94218,257,3355
94217,257,3355
93692,257,3355
94189,257,3355
98141,257,3355
193097,257,3355
193117,257,3355
193138,257,3355
193175,257,3355
193078,257,3355
193118,257,3355
193139,257,3355
193151,257,3355
193174,257,3355
193190,257,3355
193205,257,3355
193220,257,3355
193161,257,3355
193100,257,3355
193119,257,3355
193140,257,3355
193177,257,3355
193206,257,3355
193221,257,3355
193099,257,3355
193120,257,3355
193141,257,3355
193165,257,3355
193176,257,3355
193193,257,3355
193207,257,3355
193224,257,3355
193146,257,3355
193164,257,3355
193192,257,3355
193209,257,3355
193225,257,3355
193103,257,3355
193121,257,3355
193144,257,3355
193163,257,3355
193194,257,3355
193208,257,3355
193226,257,3355
193123,257,3355
93655,257,3355
93540,257,3355
98190,257,3355
98169,257,3355
93897,257,3355
93467,257,3355
193083,257,3355
193101,257,3355
193127,257,3355
193145,257,3355
193162,257,3355
193200,257,3355
193227,257,3355
197352,257,3355
197353,257,3355
197304,257,3355
197302,257,3355
197303,257,3355
197305,257,3355
197306,257,3355
197354,257,3355
197349,257,3355
197348,257,3355
197325,257,3355
197324,257,3355
197322,257,3355
197323,257,3355
197321,257,3355
197320,257,3355
197319,257,3355
197317,257,3355
197318,257,3355
197316,257,3355
197315,257,3355
197314,257,3355
197312,257,3355
197313,257,3355
197311,257,3355
197310,257,3355
197308,257,3355
197309,257,3355
197307,257,3355
197301,257,3355
197300,257,3355
197299,257,3355
197296,257,3355
197298,257,3355
197297,257,3355
197293,257,3355
197295,257,3355
197294,257,3355
197290,257,3355
197291,257,3355
197292,257,3355
197288,257,3355
197289,257,3355
197287,257,3355
197286,257,3355
197285,257,3355
197284,257,3355
197283,257,3355
197282,257,3355
197281,257,3355
197280,257,3355
197279,257,3355
197278,257,3355
197277,257,3355
197276,257,3355
197275,257,3355
197274,257,3355
197271,257,3355
197273,257,3355
197272,257,3355
197270,257,3355
197269,257,3355
197268,257,3355
197265,257,3355
197267,257,3355
197266,257,3355
197264,257,3355
197263,257,3355
197262,257,3355
197261,257,3355
197260,257,3355
197259,257,3355
197255,257,3355
197257,257,3355
197258,257,3355
197256,257,3355
197254,257,3355
197253,257,3355
197252,257,3355
197251,257,3355
197250,257,3355
197396,257,3355
197395,257,3355
197393,257,3355
197394,257,3355
197392,257,3355
197390,257,3355
197391,257,3355
197389,257,3355
197387,257,3355
197388,257,3355
197386,257,3355
197384,257,3355
197385,257,3355
197383,257,3355
197381,257,3355
197382,257,3355
197380,257,3355
197373,257,3355
197379,257,3355
197374,257,3355
197371,257,3355
197372,257,3355
197370,257,3355
197368,257,3355
197369,257,3355
197367,257,3355
197365,257,3355
197366,257,3355
197364,257,3355
197362,257,3355
197363,257,3355
197361,257,3355
197360,257,3355
197358,257,3355
197359,257,3355
197357,257,3355
197356,257,3355
197355,257,3355
197351,257,3355
197346,257,3355
197347,257,3355
197345,257,3355
197350,257,3355
197344,257,3355
197342,257,3355
197343,257,3355
197341,257,3355
197340,257,3355
197337,257,3355
197336,257,3355
197338,257,3355
197335,257,3355
197339,257,3355
197334,257,3355
197333,257,3355
197329,257,3355
197330,257,3355
197331,257,3355
197332,257,3355
197328,257,3355
197327,257,3355
197326,257,3355
197375,257,3355
197376,257,3355
197378,257,3355
197377,257,3355
94152,257,3355
94158,257,3355
93997,257,3355
215728,257,3355
215727,257,3355
93718,257,3355
104034,360,3359
104055,360,3359
103940,360,3359
104018,360,3359
103971,360,3359
103997,360,3359
104035,360,3359
104056,360,3359
104011,360,3359
103991,360,3359
104036,360,3359
104057,360,3359
104007,360,3359
103913,360,3359
104037,360,3359
104058,360,3359
103937,360,3359
104009,360,3359
103974,360,3359
103910,360,3359
103976,360,3359
104038,360,3359
104059,360,3359
103938,360,3359
104012,360,3359
103911,360,3359
104039,360,3359
104060,360,3359
103946,360,3359
104004,360,3359
103975,360,3359
103916,360,3359
104040,360,3359
104061,360,3359
103948,360,3359
104000,360,3359
103977,360,3359
103918,360,3359
104041,360,3359
104062,360,3359
103947,360,3359
104002,360,3359
103917,360,3359
104042,360,3359
104063,360,3359
103949,360,3359
104005,360,3359
103979,360,3359
103919,360,3359
104043,360,3359
104064,360,3359
103945,360,3359
103954,360,3359
103980,360,3359
103915,360,3359
104044,360,3359
104065,360,3359
103951,360,3359
103955,360,3359
103922,360,3359
103923,360,3359
104045,360,3359
104066,360,3359
103952,360,3359
103960,360,3359
103904,360,3359
104046,360,3359
103928,360,3359
103907,360,3359
103962,360,3359
103905,360,3359
103921,360,3359
104026,360,3359
104047,360,3359
103925,360,3359
103908,360,3359
103959,360,3359
103988,360,3359
104027,360,3359
104048,360,3359
103926,360,3359
104024,360,3359
103961,360,3359
103984,360,3359
104028,360,3359
104049,360,3359
103931,360,3359
104020,360,3359
103957,360,3359
103986,360,3359
104029,360,3359
104050,360,3359
103932,360,3359
104022,360,3359
103989,360,3359
104030,360,3359
104051,360,3359
103930,360,3359
104025,360,3359
103965,360,3359
104031,360,3359
104052,360,3359
103942,360,3359
104016,360,3359
103966,360,3359
104032,360,3359
104053,360,3359
103943,360,3359
104017,360,3359
103993,360,3359
104033,360,3359
104054,360,3359
104014,360,3359
103970,360,3359
103998,360,3359
321167,360,3359
103995,360,3359
262944,360,3359
262945,360,3359
262943,360,3359
262946,360,3359
103996,360,3359
262947,360,3359
262948,360,3359
103941,360,3359
103964,360,3359
103968,360,3359
103969,360,3359
103973,360,3359
95375,257,3355
103982,360,3359
96416,257,3355
98277,257,3355
98278,257,3355
98281,257,3355
98282,257,3355
98279,257,3355
96220,257,3355
96288,257,3355
95451,257,3355
95452,257,3355
95435,257,3355
95436,257,3355
95440,257,3355
95449,257,3355
95450,257,3355
95443,257,3355
95444,257,3355
95445,257,3355
95439,257,3355
95437,257,3355
95438,257,3355
95448,257,3355
95453,257,3355
95457,257,3355
95461,257,3355
95465,257,3355
95469,257,3355
95473,257,3355
95474,257,3355
95475,257,3355
95477,257,3355
95476,257,3355
95478,257,3355
95479,257,3355
95480,257,3355
95481,257,3355
95482,257,3355
95483,257,3355
95484,257,3355
95485,257,3355
95486,257,3355
95487,257,3355
95488,257,3355
95492,257,3355
95376,257,3355
95496,257,3355
95500,257,3355
95501,257,3355
95516,257,3355
95522,257,3355
95523,257,3355
95517,257,3355
95518,257,3355
95519,257,3355
95520,257,3355
95521,257,3355
95505,257,3355
95514,257,3355
95515,257,3355
95507,257,3355
95508,257,3355
95509,257,3355
95510,257,3355
95504,257,3355
95502,257,3355
95503,257,3355
95356,257,3355
95332,257,3355
95336,257,3355
95340,257,3355
95344,257,3355
95357,257,3355
95348,257,3355
95352,257,3355
95362,257,3355
95363,257,3355
95364,257,3355
95373,257,3355
95365,257,3355
95366,257,3355
95367,257,3355
95368,257,3355
95369,257,3355
95370,257,3355
95371,257,3355
95372,257,3355
95358,257,3355
95359,257,3355
95360,257,3355
95361,257,3355
95374,257,3355
95377,257,3355
95378,257,3355
95379,257,3355
95380,257,3355
95381,257,3355
95382,257,3355
95383,257,3355
95384,257,3355
95385,257,3355
95386,257,3355
95387,257,3355
95405,257,3355
95393,257,3355
95397,257,3355
95401,257,3355
95392,257,3355
95388,257,3355
95389,257,3355
95390,257,3355
95391,257,3355
95421,257,3355
95422,257,3355
95423,257,3355
95424,257,3355
95419,257,3355
95420,257,3355
95442,257,3355
95513,257,3355
95409,257,3355
95418,257,3355
95410,257,3355
95412,257,3355
95413,257,3355
95414,257,3355
95415,257,3355
95416,257,3355
95417,257,3355
95425,257,3355
95434,257,3355
95426,257,3355
95427,257,3355
95428,257,3355
95429,257,3355
95430,257,3355
95431,257,3355
95432,257,3355
95433,257,3355
96461,257,3355
96462,257,3355
96463,257,3355
96455,257,3355
96456,257,3355
96457,257,3355
96458,257,3355
96459,257,3355
96460,257,3355
96318,257,3355
96475,257,3355
96319,257,3355
96320,257,3355
96321,257,3355
96322,257,3355
96473,257,3355
96323,257,3355
96474,257,3355
96324,257,3355
96466,257,3355
96465,257,3355
96313,257,3355
96469,257,3355
96470,257,3355
96471,257,3355
96472,257,3355
96312,257,3355
96467,257,3355
96468,257,3355
96464,257,3355
96311,257,3355
96476,257,3355
96480,257,3355
96327,257,3355
96477,257,3355
96328,257,3355
96329,257,3355
96330,257,3355
96331,257,3355
96332,257,3355
96336,257,3355
96372,257,3355
96381,257,3355
96373,257,3355
96374,257,3355
96375,257,3355
96376,257,3355
96377,257,3355
96378,257,3355
96379,257,3355
96380,257,3355
96359,257,3355
96360,257,3355
96366,257,3355
96367,257,3355
96368,257,3355
96369,257,3355
96370,257,3355
96363,257,3355
96364,257,3355
96365,257,3355
96361,257,3355
96362,257,3355
96207,257,3355
96414,257,3355
96405,257,3355
96406,257,3355
96407,257,3355
96408,257,3355
96409,257,3355
96410,257,3355
96212,257,3355
96215,257,3355
96420,257,3355
96411,257,3355
96412,257,3355
96413,257,3355
96415,257,3355
96295,257,3355
96296,257,3355
96301,257,3355
96302,257,3355
96305,257,3355
96298,257,3355
96297,257,3355
96300,257,3355
96304,257,3355
96299,257,3355
96451,257,3355
96263,257,3355
96449,257,3355
96262,257,3355
96450,257,3355
96259,257,3355
96287,257,3355
96236,257,3355
96437,257,3355
96237,257,3355
96423,257,3355
96426,257,3355
96430,257,3355
96217,257,3355
96278,257,3355
96285,257,3355
96286,257,3355
96279,257,3355
96280,257,3355
96281,257,3355
96282,257,3355
96283,257,3355
96284,257,3355
96291,257,3355
96290,257,3355
96293,257,3355
96289,257,3355
96292,257,3355
96419,257,3355
96418,257,3355
96417,257,3355
96266,257,3355
96454,257,3355
96246,257,3355
96253,257,3355
96247,257,3355
96255,257,3355
96257,257,3355
96453,257,3355
96265,257,3355
96264,257,3355
96452,257,3355
96294,257,3355
96303,257,3355
96241,257,3355
96441,257,3355
96445,257,3355
98283,257,3355
98284,257,3355
98276,257,3355
98275,257,3355
209982,257,3355
96346,257,3355
96345,257,3355
245555,257,3355
290855,257,3355
171640,672,11
192988,418,11
171583,672,11
171576,672,11
171577,672,11
171582,672,11
171581,672,11
185904,672,11
116066,418,11
116067,418,11
116068,418,11
116069,418,11
116070,418,11
116071,418,11
116072,418,11
116073,418,11
116074,418,11
116075,418,11
116076,418,11
116077,418,11
116078,418,11
116079,418,11
116080,418,11
116081,418,11
116082,418,11
116083,418,11
116084,418,11
116085,418,11
116125,418,11
116126,418,11
116127,418,11
116128,418,11
116129,418,11
116130,418,11
116131,418,11
116132,418,11
116133,418,11
116134,418,11
116135,418,11
116136,418,11
116137,418,11
116138,418,11
116139,418,11
116140,418,11
116141,418,11
116142,418,11
116143,418,11
116144,418,11
116106,418,11
116107,418,11
116108,418,11
116109,418,11
116110,418,11
116111,418,11
116112,418,11
116113,418,11
116114,418,11
116115,418,11
116116,418,11
116117,418,11
116118,418,11
116119,418,11
116120,418,11
116121,418,11
116122,418,11
116123,418,11
116124,418,11
116086,418,11
116087,418,11
116088,418,11
116089,418,11
116091,418,11
116092,418,11
116093,418,11
116094,418,11
116095,418,11
116096,418,11
116097,418,11
116098,418,11
116099,418,11
116100,418,11
116101,418,11
116102,418,11
116103,418,11
116104,418,11
116105,418,11
116090,418,11
115815,418,11
115821,418,11
115827,418,11
115833,418,11
115839,418,11
115845,418,11
115851,418,11
115857,418,11
115863,418,11
115869,418,11
115875,418,11
115881,418,11
115887,418,11
115893,418,11
115899,418,11
115905,418,11
115911,418,11
115917,418,11
115983,418,11
115989,418,11
115995,418,11
116001,418,11
116007,418,11
116013,418,11
116019,418,11
116025,418,11
116031,418,11
116037,418,11
116043,418,11
116049,418,11
116055,418,11
116061,418,11
115923,418,11
115929,418,11
115935,418,11
115941,418,11
115947,418,11
115953,418,11
115959,418,11
115965,418,11
115971,418,11
115977,418,11
115631,418,11
115632,418,11
115637,418,11
115638,418,11
115654,418,11
115656,418,11
115552,418,11
115553,418,11
115606,418,11
115607,418,11
115605,418,11
115610,418,11
115609,418,11
115611,418,11
115800,418,11
115801,418,11
115613,418,11
115555,418,11
115556,418,11
115797,418,11
115798,418,11
115615,418,11
115616,418,11
115618,418,11
115619,418,11
115617,418,11
115621,418,11
115622,418,11
115626,418,11
115627,418,11
115625,418,11
115624,418,11
115628,418,11
115629,418,11
115560,418,11
115561,418,11
115558,418,11
115559,418,11
115562,418,11
115563,418,11
115587,418,11
115589,418,11
115571,418,11
115572,418,11
115565,418,11
115566,418,11
115582,418,11
115585,418,11
115592,418,11
115591,418,11
115593,418,11
115596,418,11
115595,418,11
115597,418,11
115599,418,11
115600,418,11
115602,418,11
115603,418,11
115693,418,11
115694,418,11
115687,418,11
115688,418,11
115714,418,11
115684,418,11
115685,418,11
115681,418,11
115682,418,11
115678,418,11
115679,418,11
115675,418,11
115674,418,11
115676,418,11
115671,418,11
115672,418,11
115668,418,11
115669,418,11
115665,418,11
115666,418,11
115663,418,11
115803,418,11
115804,418,11
115806,418,11
115807,418,11
115722,418,11
115716,418,11
115717,418,11
115718,418,11
115719,418,11
115720,418,11
115758,418,11
115759,418,11
115752,418,11
115753,418,11
115777,418,11
115775,418,11
115660,418,11
115658,418,11
115659,418,11
115661,418,11
115794,418,11
115795,418,11
115787,418,11
115788,418,11
115789,418,11
115793,418,11
115790,418,11
115791,418,11
115783,418,11
115780,418,11
115779,418,11
115781,418,11
115749,418,11
115748,418,11
115747,418,11
115750,418,11
115742,418,11
115743,418,11
115744,418,11
115745,418,11
115737,418,11
115735,418,11
115736,418,11
115738,418,11
115732,418,11
115731,418,11
115733,418,11
115728,418,11
115729,418,11
115725,418,11
115724,418,11
115726,418,11
115689,418,11
115690,418,11
115711,418,11
115696,418,11
115697,418,11
115700,418,11
115701,418,11
115703,418,11
115707,418,11
115709,418,11
117764,418,11
117765,418,11
117768,418,11
117767,418,11
115578,418,11
115579,418,11
115574,418,11
115575,418,11
115567,418,11
115568,418,11
171627,672,11
115581,418,11
115584,418,11
115647,418,11
115648,418,11
115652,418,11
115651,418,11
115644,418,11
115645,418,11
115640,418,11
115641,418,11
115633,418,11
115634,418,11
117770,418,11
117769,418,11
117771,418,11
115754,418,11
115755,418,11
115765,418,11
115766,418,11
115761,418,11
115762,418,11
117773,418,11
117772,418,11
115772,418,11
115773,418,11
115768,418,11
115769,418,11
115785,418,11
115812,418,11
115813,418,11
115740,418,11
115809,418,11
115810,418,11
171571,672,11
171570,672,11
171572,672,11
171569,672,11
171563,672,11
171565,672,11
171564,672,11
171587,672,11
171588,672,11
171589,672,11
171584,672,11
171575,672,11
171559,672,11
171557,672,11
171558,672,11
171556,672,11
171552,672,11
171553,672,11
171551,672,11
171539,672,11
171541,672,11
171547,672,11
171546,672,11
197729,672,11
171537,672,11
171538,672,11
171540,672,11
171542,672,11
171550,672,11
171554,672,11
171544,672,11
171545,672,11
171375,672,11
171596,672,11
171595,672,11
171649,672,11
171648,672,11
171641,672,11
171580,672,11
171593,672,11
171597,672,11
171599,672,11
171594,672,11
171646,672,11
171647,672,11
171600,672,11
171601,672,11
171603,672,11
171606,672,11
171602,672,11
171604,672,11
171607,672,11
171611,672,11
171608,672,11
171610,672,11
171609,672,11
171612,672,11
171614,672,11
171615,672,11
171620,672,11
171617,672,11
171616,672,11
171618,672,11
171621,672,11
171622,672,11
171625,672,11
171623,672,11
171624,672,11
171632,672,11
171628,672,11
171630,672,11
171629,672,11
171631,672,11
171634,672,11
171635,672,11
171638,672,11
171636,672,11
171637,672,11
171590,672,11
171654,672,11
115540,418,11
115536,418,11
115548,418,11
115544,418,11
116148,418,11
115545,418,11
115537,418,11
115549,418,11
115541,418,11
178334,418,11
171645,672,11
263413,672,11
262825,418,11
116147,418,11
115418,418,11
115417,418,11
115414,418,11
115416,418,11
115415,418,11
115401,418,11
115398,418,11
115400,418,11
115408,418,11
115407,418,11
115406,418,11
115390,418,11
115392,418,11
115393,418,11
115389,418,11
115391,418,11
115380,418,11
115382,418,11
115383,418,11
115379,418,11
115381,418,11
115370,418,11
115373,418,11
115372,418,11
115369,418,11
115371,418,11
115360,418,11
115363,418,11
115362,418,11
115359,418,11
115361,418,11
115354,418,11
115353,418,11
115346,418,11
115349,418,11
115348,418,11
115345,418,11
115338,418,11
115340,418,11
115337,418,11
115339,418,11
115347,418,11
115355,418,11
115364,418,11
115374,418,11
115385,418,11
115384,418,11
115394,418,11
115410,418,11
115409,418,11
120967,418,11
115235,418,11
115237,418,11
115208,418,11
115215,418,11
115217,418,11
115223,418,11
115229,418,11
115244,418,11
115246,418,11
115252,418,11
115260,418,11
115262,418,11
115268,418,11
115275,418,11
115282,418,11
115284,418,11
115290,418,11
115292,418,11
115302,418,11
115304,418,11
115310,418,11
115312,418,11
115319,418,11
115321,418,11
115231,418,11
116145,418,11
115209,418,11
115211,418,11
115216,418,11
115218,418,11
115225,418,11
115224,418,11
115230,418,11
115236,418,11
115238,418,11
115245,418,11
115247,418,11
115253,418,11
115255,418,11
115254,418,11
115261,418,11
115263,418,11
115269,418,11
115271,418,11
115278,418,11
115276,418,11
115277,418,11
115283,418,11
115285,418,11
115286,418,11
115291,418,11
115293,418,11
115298,418,11
115299,418,11
115303,418,11
115305,418,11
115311,418,11
115313,418,11
115315,418,11
115320,418,11
115322,418,11
115323,418,11
115325,418,11
115219,418,11
115239,418,11
115240,418,11
115248,418,11
115256,418,11
115264,418,11
198148,418,11
232210,418,11
232204,418,11
232206,418,11
232205,418,11
232207,418,11
232209,418,11
232208,418,11
232212,418,11
232211,418,11
232214,418,11
113987,414,4068
113988,414,4068
114000,414,4068
114011,414,4068
114016,414,4068
114014,414,4068
113997,414,4068
113985,414,4068
197985,414,4068
197986,414,4068
197981,414,4068
197983,414,4068
114012,414,4068
113992,414,4068
113991,414,4068
113981,414,4068
113990,414,4068
114013,414,4068
113979,414,4068
113995,414,4068
113996,414,4068
113983,414,4068
113994,414,4068
197984,414,4068
113998,414,4068
197979,414,4068
197980,414,4068
113999,414,4068
114015,414,4068
197982,414,4068
135185,477,11
135237,477,11
135236,477,11
135235,477,11
135234,477,11
135233,477,11
135232,477,11
135189,477,11
135190,477,11
135199,477,11
135200,477,11
135197,477,11
135198,477,11
135195,477,11
135196,477,11
135191,477,11
135192,477,11
135193,477,11
135194,477,11
135225,477,11
135223,477,11
135222,477,11
135221,477,11
135219,477,11
135220,477,11
135216,477,11
135215,477,11
135217,477,11
135203,477,11
135201,477,11
135202,477,11
135213,477,11
135209,477,11
135211,477,11
135210,477,11
135212,477,11
135208,477,11
135204,477,11
135205,477,11
135206,477,11
135207,477,11
168445,477,11
179752,477,11
135188,477,11
135187,477,11
217384,477,11
284125,477,11
284123,477,11
135228,477,11
135230,477,11
135229,477,11
121145,414,4068
121146,414,4068
121147,414,4068
121148,414,4068
121149,414,4068
121150,414,4068
121161,414,4068
121151,414,4068
121152,414,4068
121153,414,4068
121160,414,4068
121162,414,4068
121156,414,4068
121154,414,4068
121157,414,4068
121155,414,4068
121167,414,4068
121168,414,4068
121166,414,4068
121164,414,4068
121165,414,4068
121163,414,4068
114008,414,4068
114009,414,4068
114006,414,4068
113980,414,4068
197722,414,4068
197723,414,4068
114010,414,4068
114005,414,4068
197721,414,4068
197720,414,4068
114007,414,4068
197719,414,4068
114002,414,4068
197717,414,4068
197718,414,4068
114046,414,4068
114004,414,4068
121158,414,4068
121159,414,4068
51701,163,4356
51682,163,4356
147180,505,4356
147182,505,4356
147183,505,4356
147184,505,4356
147185,505,4356
147186,505,4356
147188,505,4356
147189,505,4356
147190,505,4356
147191,505,4356
147192,505,4356
147193,505,4356
147194,505,4356
147195,505,4356
147196,505,4356
147197,505,4356
147198,505,4356
147199,505,4356
147200,505,4356
147201,505,4356
147187,505,4356
147202,505,4356
147203,505,4356
147204,505,4356
147205,505,4356
147206,505,4356
147207,505,4356
147208,505,4356
147209,505,4356
147210,505,4356
147211,505,4356
147212,505,4356
147179,505,4356
147181,505,4356
148746,505,4356
148747,505,4356
147808,505,4356
147806,505,4356
147807,505,4356
147802,505,4356
147803,505,4356
147804,505,4356
147805,505,4356
148745,505,4356
148864,505,4356
148865,505,4356
148866,505,4356
147102,505,4356
147098,505,4356
147099,505,4356
147100,505,4356
147101,505,4356
147096,505,4356
147097,505,4356
147103,505,4356
147104,505,4356
147105,505,4356
147106,505,4356
147111,505,4356
147109,505,4356
147110,505,4356
147112,505,4356
147113,505,4356
147107,505,4356
147108,505,4356
147134,505,4356
147135,505,4356
147122,505,4356
147123,505,4356
147124,505,4356
147125,505,4356
147127,505,4356
147121,505,4356
147116,505,4356
147117,505,4356
147118,505,4356
147119,505,4356
147120,505,4356
147129,505,4356
147131,505,4356
147132,505,4356
147133,505,4356
147128,505,4356
147130,505,4356
147152,505,4356
147144,505,4356
147145,505,4356
147140,505,4356
147141,505,4356
147142,505,4356
147143,505,4356
147147,505,4356
147149,505,4356
147150,505,4356
147151,505,4356
147146,505,4356
147148,505,4356
147813,505,4356
147814,505,4356
147809,505,4356
147810,505,4356
147811,505,4356
147941,505,4356
147155,505,4356
147156,505,4356
147157,505,4356
147940,505,4356
147934,505,4356
147935,505,4356
147936,505,4356
147937,505,4356
147938,505,4356
147939,505,4356
147812,505,4356
147160,505,4356
147161,505,4356
147162,505,4356
147163,505,4356
147158,505,4356
147159,505,4356
147165,505,4356
147167,505,4356
147168,505,4356
147169,505,4356
147164,505,4356
147174,505,4356
147172,505,4356
147173,505,4356
147175,505,4356
147176,505,4356
147170,505,4356
147171,505,4356
51678,163,4356
51680,163,4356
51684,163,4356
51688,163,4356
51697,163,4356
51699,163,4356
51703,163,4356
147136,505,4356
147126,505,4356
51667,163,4356
51668,163,4356
51673,163,4356
51669,163,4356
51670,163,4356
51671,163,4356
51672,163,4356
51148,163,4356
51690,163,4356
51695,163,4356
51691,163,4356
51692,163,4356
51693,163,4356
51694,163,4356
51139,163,4356
51140,163,4356
51141,163,4356
51663,163,4356
51142,163,4356
51664,163,4356
51143,163,4356
51675,163,4356
51676,163,4356
147030,505,4356
143669,505,4356
143508,505,4356
157287,505,4356
157286,505,4356
147000,505,4356
147013,505,4356
157325,505,4356
157326,505,4356
157309,505,4356
143649,505,4356
143620,505,4356
143715,505,4356
143717,505,4356
143624,505,4356
143623,505,4356
143627,505,4356
143630,505,4356
143622,505,4356
143626,505,4356
143615,505,4356
143711,505,4356
143713,505,4356
143610,505,4356
157303,505,4356
157306,505,4356
157308,505,4356
157305,505,4356
143520,505,4356
143511,505,4356
143510,505,4356
143506,505,4356
147029,505,4356
143505,505,4356
143512,505,4356
143671,505,4356
143695,505,4356
147052,505,4356
147036,505,4356
143653,505,4356
143650,505,4356
147043,505,4356
147032,505,4356
147044,505,4356
147046,505,4356
147045,505,4356
147027,505,4356
147024,505,4356
147025,505,4356
147026,505,4356
147047,505,4356
147048,505,4356
147049,505,4356
143638,505,4356
147055,505,4356
143636,505,4356
143634,505,4356
143637,505,4356
147010,505,4356
157324,505,4356
157323,505,4356
157311,505,4356
157310,505,4356
147035,505,4356
143594,505,4356
157297,505,4356
143587,505,4356
143580,505,4356
143571,505,4356
147008,505,4356
147011,505,4356
143651,505,4356
143652,505,4356
143648,505,4356
143633,505,4356
143632,505,4356
147053,505,4356
147054,505,4356
147050,505,4356
147051,505,4356
147033,505,4356
147034,505,4356
143531,505,4356
147038,505,4356
147037,505,4356
147041,505,4356
143534,505,4356
143567,505,4356
143503,505,4356
143548,505,4356
157289,505,4356
143545,505,4356
143541,505,4356
143539,505,4356
157285,505,4356
143537,505,4356
143533,505,4356
143538,505,4356
143570,505,4356
143577,505,4356
157294,505,4356
143603,505,4356
157295,505,4356
143518,505,4356
143499,505,4356
143497,505,4356
157299,505,4356
143592,505,4356
157298,505,4356
143590,505,4356
143588,505,4356
143599,505,4356
157300,505,4356
143596,505,4356
143597,505,4356
157302,505,4356
143600,505,4356
143613,505,4356
157307,505,4356
143611,505,4356
143602,505,4356
143595,505,4356
143528,505,4356
157284,505,4356
143527,505,4356
143526,505,4356
143517,505,4356
143498,505,4356
143494,505,4356
143492,505,4356
143491,505,4356
143543,505,4356
143544,505,4356
143614,505,4356
143521,505,4356
143593,505,4356
143557,505,4356
157320,505,4356
143683,505,4356
143681,505,4356
143679,505,4356
143701,505,4356
143699,505,4356
143703,505,4356
143705,505,4356
143721,505,4356
157316,505,4356
147019,505,4356
143621,505,4356
143625,505,4356
143707,505,4356
143709,505,4356
143675,505,4356
143677,505,4356
143661,505,4356
143663,505,4356
143665,505,4356
143685,505,4356
143687,505,4356
157288,505,4356
157290,505,4356
143558,505,4356
143693,505,4356
143691,505,4356
143565,505,4356
143564,505,4356
143556,505,4356
143568,505,4356
143696,505,4356
143667,505,4356
157292,505,4356
147042,505,4356
143535,505,4356
147028,505,4356
143493,505,4356
143719,505,4356
147040,505,4356
147056,505,4356
143635,505,4356
143546,505,4356
143523,505,4356
143532,505,4356
143530,505,4356
143616,505,4356
157293,505,4356
143513,505,4356
143514,505,4356
143673,505,4356
143674,505,4356
147031,505,4356
143552,505,4356
143553,505,4356
143555,505,4356
143689,505,4356
143690,505,4356
147039,505,4356
143642,505,4356
143643,505,4356
143647,505,4356
147017,505,4356
147018,505,4356
157322,505,4356
262813,508,3359
144833,508,3359
144834,508,3359
144835,508,3359
144828,508,3359
144837,508,3359
144836,508,3359
144839,508,3359
144841,508,3359
144840,508,3359
144816,508,3359
144817,508,3359
144845,508,3359
144846,508,3359
144847,508,3359
144848,508,3359
144850,508,3359
144849,508,3359
144851,508,3359
144853,508,3359
144852,508,3359
144854,508,3359
144856,508,3359
144855,508,3359
144857,508,3359
144861,508,3359
144859,508,3359
144860,508,3359
144818,508,3359
144862,508,3359
144866,508,3359
144865,508,3359
144869,508,3359
144820,508,3359
144822,508,3359
144821,508,3359
144823,508,3359
144825,508,3359
144824,508,3359
144826,508,3359
144735,508,3359
144736,508,3359
144765,508,3359
144766,508,3359
144767,508,3359
144768,508,3359
144769,508,3359
144771,508,3359
144773,508,3359
144774,508,3359
144775,508,3359
144776,508,3359
144777,508,3359
144758,508,3359
144760,508,3359
144763,508,3359
144764,508,3359
144739,508,3359
144740,508,3359
144779,508,3359
144781,508,3359
144782,508,3359
144783,508,3359
144784,508,3359
144785,508,3359
144786,508,3359
144787,508,3359
144789,508,3359
144791,508,3359
144793,508,3359
144795,508,3359
144797,508,3359
144798,508,3359
144799,508,3359
144800,508,3359
144802,508,3359
144801,508,3359
144803,508,3359
144805,508,3359
144807,508,3359
144809,508,3359
144810,508,3359
144811,508,3359
144812,508,3359
144737,508,3359
144741,508,3359
144742,508,3359
144743,508,3359
144744,508,3359
144745,508,3359
144749,508,3359
144747,508,3359
144753,508,3359
144751,508,3359
144752,508,3359
144876,508,3359
144877,508,3359
144878,508,3359
144879,508,3359
144880,508,3359
144882,508,3359
144883,508,3359
144884,508,3359
144885,508,3359
144886,508,3359
144887,508,3359
144888,508,3359
144889,508,3359
144890,508,3359
144891,508,3359
144733,508,3359
144814,508,3359
144813,508,3359
144755,508,3359
144756,508,3359
144757,508,3359
144829,508,3359
144759,508,3359
144830,508,3359
144831,508,3359
144761,508,3359
144762,508,3359
144881,508,3359
232197,508,3359
232199,508,3359
232198,508,3359
232200,508,3359
236719,508,3359
144734,508,3359
144873,508,3359
144902,508,3359
263349,508,3359
263350,508,3359
263348,508,3359
263369,508,3359
263372,508,3359
263373,508,3359
263361,508,3359
263365,508,3359
263364,508,3359
263352,508,3359
263357,508,3359
263356,508,3359
263358,508,3359
263359,508,3359
263353,508,3359
263405,508,3359
263406,508,3359
263407,508,3359
263362,508,3359
263363,508,3359
263354,508,3359
263355,508,3359
263404,508,3359
263345,508,3359
263346,508,3359
263347,508,3359
263368,508,3359
263367,508,3359
263370,508,3359
263371,508,3359
262847,477,11
135227,477,11
158891,618,11
158890,618,11
158981,619,11
158980,619,11
158919,618,11
158999,619,11
158924,618,11
159000,619,11
158929,618,11
158995,619,11
158934,618,11
158997,619,11
158992,619,11
158991,619,11
158986,619,11
159006,619,11
158987,619,11
159007,619,11
159009,619,11
158988,619,11
159010,619,11
158985,619,11
158894,618,11
159002,619,11
158939,618,11
159004,619,11
158944,618,11
159003,619,11
158949,618,11
159013,619,11
158954,618,11
159012,619,11
158959,618,11
159014,619,11
158964,618,11
159017,619,11
158969,618,11
159016,619,11
158974,618,11
159018,619,11
158899,618,11
159021,619,11
158904,618,11
159020,619,11
158909,618,11
159022,619,11
158914,618,11
158998,619,11
147932,505,4356
147933,505,4356
143515,505,4356
143554,505,4356
143644,505,4356
147001,505,4356
147016,505,4356
224391,505,4356
50973,163,4356
314387,505,4356
154110,553,4573
154125,553,4573
154126,553,4573
154123,553,4573
154124,553,4573
154106,553,4573
154112,553,4573
154109,553,4573
154111,553,4573
154107,553,4573
154108,553,4573
154113,553,4573
154118,553,4573
154115,553,4573
154114,553,4573
154117,553,4573
154116,553,4573
154119,553,4573
154122,553,4573
154121,553,4573
154120,553,4573
154100,553,4573
154127,553,4573
214903,553,4573
154103,553,4573
162889,645,4573
162835,645,4573
162771,645,4573
162867,645,4573
154129,553,4573
154102,553,4573
162769,645,4573
162833,645,4573
162865,645,4573
212875,813,8
212876,813,8
213434,813,8
213435,813,8
212926,813,8
212943,813,8
212944,813,8
212933,813,8
212934,813,8
212930,813,8
212935,813,8
212936,813,8
212931,813,8
212868,813,8
212945,813,8
212946,813,8
212927,813,8
212939,813,8
212872,813,8
212938,813,8
212941,813,8
212873,813,8
212940,813,8
212951,813,8
212948,813,8
212952,813,8
213794,813,8
213786,813,8
213810,813,8
213802,813,8
213440,813,8
212949,813,8
213436,813,8
213437,813,8
213438,813,8
212838,813,8
213439,813,8
212883,813,8
212884,813,8
212958,813,8
212959,813,8
213361,813,8
213362,813,8
213363,813,8
213364,813,8
213365,813,8
213366,813,8
213772,813,8
212954,813,8
212962,813,8
212955,813,8
212963,813,8
213773,813,8
213774,813,8
212957,813,8
213775,813,8
213353,813,8
213776,813,8
213354,813,8
212840,813,8
213355,813,8
212842,813,8
212889,813,8
213356,813,8
213357,813,8
213463,813,8
213462,813,8
213358,813,8
213359,813,8
213360,813,8
213352,813,8
213795,813,8
213787,813,8
213809,813,8
213801,813,8
212961,813,8
212895,813,8
212890,813,8
212891,813,8
213424,813,8
212897,813,8
212896,813,8
213425,813,8
212893,813,8
213422,813,8
213423,813,8
212899,813,8
213420,813,8
212853,813,8
212900,813,8
213426,813,8
213421,813,8
212905,813,8
213796,813,8
213788,813,8
213808,813,8
213800,813,8
212844,813,8
212886,813,8
212914,813,8
212845,813,8
212887,813,8
212915,813,8
213797,813,8
213789,813,8
213807,813,8
213799,813,8
212910,813,8
212918,813,8
212854,813,8
212911,813,8
212922,813,8
213429,813,8
212906,813,8
212852,813,8
212907,813,8
213798,813,8
213790,813,8
213806,813,8
213428,813,8
212902,813,8
213778,813,8
213815,813,8
212903,813,8
212836,813,8
212850,813,8
213779,813,8
213816,813,8
212865,813,8
212847,813,8
213780,813,8
213817,813,8
212870,813,8
212913,813,8
213781,813,8
213442,813,8
212916,813,8
213444,813,8
212856,813,8
213443,813,8
212859,813,8
213445,813,8
212919,813,8
213430,813,8
212920,813,8
213782,813,8
213818,813,8
212928,813,8
213431,813,8
212923,813,8
212924,813,8
212862,813,8
213777,813,8
213814,813,8
212929,813,8
212863,813,8
212848,813,8
213483,813,8
213791,813,8
213783,813,8
213813,813,8
213805,813,8
212878,813,8
213452,813,8
213451,813,8
212849,813,8
213484,813,8
213792,813,8
213784,813,8
213812,813,8
213804,813,8
212880,813,8
214023,813,8
213449,813,8
213454,813,8
212857,813,8
213447,813,8
212858,813,8
213793,813,8
213785,813,8
213811,813,8
213803,813,8
212882,813,8
212867,813,8
245476,813,8
245477,813,8
284691,645,4573
284690,645,4573
162899,645,4573
162765,645,4573
162766,645,4573
162770,645,4573
162778,645,4573
162779,645,4573
162782,645,4573
162783,645,4573
162795,645,4573
162798,645,4573
162885,645,4573
162813,645,4573
162825,645,4573
162854,645,4573
162866,645,4573
162874,645,4573
162882,645,4573
162911,645,4573
162757,645,4573
162761,645,4573
162775,645,4573
162805,645,4573
162809,645,4573
162834,645,4573
162829,645,4573
162843,645,4573
162847,645,4573
162850,645,4573
162858,645,4573
162861,645,4573
162786,645,4573
162818,645,4573
162822,645,4573
162846,645,4573
162826,645,4573
162787,645,4573
162870,645,4573
162879,645,4573
162878,645,4573
162801,645,4573
162754,645,4573
230758,645,4573
230759,645,4573
230760,645,4573
230761,645,4573
230763,645,4573
230762,645,4573
230767,645,4573
230768,645,4573
230766,645,4573
230764,645,4573
230765,645,4573
230769,645,4573
230770,645,4573
162774,645,4573
230774,645,4573
230773,645,4573
230772,645,4573
230775,645,4573
230776,645,4573
230777,645,4573
230779,645,4573
230778,645,4573
230783,645,4573
230784,645,4573
230780,645,4573
230781,645,4573
230782,645,4573
230786,645,4573
230785,645,4573
230789,645,4573
230790,645,4573
230788,645,4573
230787,645,4573
168535,645,4573
230791,645,4573
230794,645,4573
230793,645,4573
230792,645,4573
230795,645,4573
230879,645,4573
230798,645,4573
230799,645,4573
230796,645,4573
230797,645,4573
230804,645,4573
230805,645,4573
230800,645,4573
230803,645,4573
230802,645,4573
230801,645,4573
230809,645,4573
230806,645,4573
230807,645,4573
230808,645,4573
230812,645,4573
230813,645,4573
230810,645,4573
230811,645,4573
230817,645,4573
230816,645,4573
230815,645,4573
230814,645,4573
230818,645,4573
230819,645,4573
230820,645,4573
230821,645,4573
230824,645,4573
230825,645,4573
230822,645,4573
230823,645,4573
230826,645,4573
162838,645,4573
230827,645,4573
230828,645,4573
230829,645,4573
230834,645,4573
230833,645,4573
230831,645,4573
230832,645,4573
230830,645,4573
230840,645,4573
230839,645,4573
230835,645,4573
230836,645,4573
230837,645,4573
230838,645,4573
230841,645,4573
230842,645,4573
230843,645,4573
230844,645,4573
230845,645,4573
230851,645,4573
230850,645,4573
230847,645,4573
230848,645,4573
230849,645,4573
230855,645,4573
230856,645,4573
230854,645,4573
230852,645,4573
230853,645,4573
230859,645,4573
230860,645,4573
230857,645,4573
230858,645,4573
230865,645,4573
230866,645,4573
230861,645,4573
230862,645,4573
230863,645,4573
230864,645,4573
230872,645,4573
230871,645,4573
230867,645,4573
230868,645,4573
230869,645,4573
230870,645,4573
230875,645,4573
230876,645,4573
230873,645,4573
230874,645,4573
230877,645,4573
230878,645,4573
230894,645,4573
230893,645,4573
227250,645,4573
230892,645,4573
230890,645,4573
230891,645,4573
227245,645,4573
227246,645,4573
227253,645,4573
227256,645,4573
230771,645,4573
162791,645,4573
162830,645,4573
162839,645,4573
255332,645,4573
255334,645,4573
255333,645,4573
255335,645,4573
297165,645,4573
297164,645,4573
284682,645,4573
284681,645,4573
284846,645,4573
284847,645,4573
284848,645,4573
284850,645,4573
284849,645,4573
255329,645,4573
284683,645,4573
284684,645,4573
284853,645,4573
284854,645,4573
284856,645,4573
284855,645,4573
284857,645,4573
284858,645,4573
284862,645,4573
284861,645,4573
284863,645,4573
284864,645,4573
284865,645,4573
284868,645,4573
284869,645,4573
284870,645,4573
284871,645,4573
284874,645,4573
284875,645,4573
284878,645,4573
284876,645,4573
284877,645,4573
284882,645,4573
284881,645,4573
284883,645,4573
284884,645,4573
284885,645,4573
284888,645,4573
284889,645,4573
284890,645,4573
284891,645,4573
284692,645,4573
284695,645,4573
284694,645,4573
284693,645,4573
284697,645,4573
284696,645,4573
284698,645,4573
284699,645,4573
284705,645,4573
284704,645,4573
284706,645,4573
284707,645,4573
284894,645,4573
284895,645,4573
284896,645,4573
284897,645,4573
284898,645,4573
284901,645,4573
284902,645,4573
284903,645,4573
284904,645,4573
284908,645,4573
284907,645,4573
284709,645,4573
284708,645,4573
284711,645,4573
284710,645,4573
284713,645,4573
284712,645,4573
284715,645,4573
284714,645,4573
284717,645,4573
284716,645,4573
284719,645,4573
284718,645,4573
284721,645,4573
284720,645,4573
284722,645,4573
284723,645,4573
284724,645,4573
284725,645,4573
284727,645,4573
284726,645,4573
284728,645,4573
256087,645,4573
256086,645,4573
256085,645,4573
256119,645,4573
256120,645,4573
256121,645,4573
256122,645,4573
284729,645,4573
230846,645,4573
256104,645,4573
256105,645,4573
256106,645,4573
284731,645,4573
284730,645,4573
284912,645,4573
284913,645,4573
284914,645,4573
284917,645,4573
284918,645,4573
284921,645,4573
284922,645,4573
284923,645,4573
284732,645,4573
284927,645,4573
284928,645,4573
255337,645,4573
255339,645,4573
255341,645,4573
255343,645,4573
255345,645,4573
255347,645,4573
255349,645,4573
255351,645,4573
255353,645,4573
255355,645,4573
255357,645,4573
255359,645,4573
255361,645,4573
255363,645,4573
255365,645,4573
255367,645,4573
255369,645,4573
255371,645,4573
255373,645,4573
255375,645,4573
255377,645,4573
255379,645,4573
255381,645,4573
255383,645,4573
255385,645,4573
255387,645,4573
255389,645,4573
255391,645,4573
255393,645,4573
255395,645,4573
162855,645,4573
256108,645,4573
256109,645,4573
302194,645,4573
302193,645,4573
302195,645,4573
302196,645,4573
302198,645,4573
302197,645,4573
302199,645,4573
302200,645,4573
302189,645,4573
302190,645,4573
302191,645,4573
302192,645,4573
302187,645,4573
302188,645,4573
302185,645,4573
302186,645,4573
144901,508,3359
144872,508,3359
144871,508,3359
144868,508,3359
144864,508,3359
178331,508,3359
210314,508,3359
263408,508,3359
222047,508,3359
144874,508,3359
144875,508,3359
316174,15,6
120273,15,6
120271,15,6
120624,15,6
157261,15,6
120283,15,6
120118,15,6
3070,16,9
3060,16,9
3043,16,9
171363,16,9
3018,16,9
9328,16,9
236727,854,9
236731,854,9
3126,16,9
3129,16,9
3128,16,9
236728,854,9
3127,16,9
331967,414,4068
114003,414,4068
178332,414,4068
217386,414,4068
196824,798,12
197031,798,12
197001,798,12
227490,645,4573
227491,645,4573
227492,645,4573
227493,645,4573
227494,645,4573
227495,645,4573
227496,645,4573
227497,645,4573
227498,645,4573
227501,645,4573
227499,645,4573
227500,645,4573
227482,645,4573
227483,645,4573
227484,645,4573
227485,645,4573
227487,645,4573
227489,645,4573
227192,645,4573
227193,645,4573
227194,645,4573
227195,645,4573
227204,645,4573
227205,645,4573
227206,645,4573
227207,645,4573
227208,645,4573
227209,645,4573
227210,645,4573
227211,645,4573
227196,645,4573
227197,645,4573
227198,645,4573
227199,645,4573
227200,645,4573
227201,645,4573
227202,645,4573
227203,645,4573
227188,645,4573
227189,645,4573
227190,645,4573
227191,645,4573
227503,645,4573
227504,645,4573
227212,645,4573
227213,645,4573
227215,645,4573
227216,645,4573
227217,645,4573
227218,645,4573
227232,645,4573
227234,645,4573
227231,645,4573
227233,645,4573
227219,645,4573
227220,645,4573
227221,645,4573
227222,645,4573
227223,645,4573
227224,645,4573
227225,645,4573
227226,645,4573
227235,645,4573
227238,645,4573
227236,645,4573
227237,645,4573
227228,645,4573
227227,645,4573
227229,645,4573
227230,645,4573
215889,645,4573
215887,645,4573
215886,645,4573
227508,645,4573
215891,645,4573
215892,645,4573
215894,645,4573
215896,645,4573
215898,645,4573
227509,645,4573
215905,645,4573
215900,645,4573
215903,645,4573
227511,645,4573
227513,645,4573
215910,645,4573
215908,645,4573
215912,645,4573
215915,645,4573
227507,645,4573
215884,645,4573
215882,645,4573
215880,645,4573
215873,645,4573
215875,645,4573
215877,645,4573
215878,645,4573
230889,645,4573
215869,645,4573
215870,645,4573
178264,645,4573
227214,645,4573
178267,645,4573
178266,645,4573
178254,645,4573
227481,645,4573
178256,645,4573
178257,645,4573
178259,645,4573
178261,645,4573
178249,645,4573
227458,645,4573
178251,645,4573
178252,645,4573
227477,645,4573
227478,645,4573
227476,645,4573
227480,645,4573
227475,645,4573
227479,645,4573
227467,645,4573
227468,645,4573
227469,645,4573
227470,645,4573
227471,645,4573
227473,645,4573
227459,645,4573
227460,645,4573
227461,645,4573
227462,645,4573
227464,645,4573
227466,645,4573
230881,645,4573
230882,645,4573
215784,645,4573
215783,645,4573
215781,645,4573
230880,645,4573
215773,645,4573
215775,645,4573
215776,645,4573
215778,645,4573
215779,645,4573
215859,645,4573
215858,645,4573
215860,645,4573
215862,645,4573
215861,645,4573
215864,645,4573
215865,645,4573
215867,645,4573
215854,645,4573
215856,645,4573
215851,645,4573
215852,645,4573
215847,645,4573
215849,645,4573
215848,645,4573
215843,645,4573
230888,645,4573
215845,645,4573
215841,645,4573
215838,645,4573
215839,645,4573
215833,645,4573
215832,645,4573
215836,645,4573
215835,645,4573
215834,645,4573
215827,645,4573
215830,645,4573
215829,645,4573
215825,645,4573
215819,645,4573
227505,645,4573
215823,645,4573
230887,645,4573
230885,645,4573
215812,645,4573
215814,645,4573
230886,645,4573
215813,645,4573
215805,645,4573
215806,645,4573
215809,645,4573
215810,645,4573
215807,645,4573
215808,645,4573
215801,645,4573
215803,645,4573
215802,645,4573
215769,645,4573
215771,645,4573
215770,645,4573
230884,645,4573
215798,645,4573
215794,645,4573
215795,645,4573
215796,645,4573
215786,645,4573
215788,645,4573
215787,645,4573
215790,645,4573
215791,645,4573
230883,645,4573
196139,553,4573
196140,553,4573
196141,553,4573
196142,553,4573
196143,553,4573
196144,553,4573
196145,553,4573
196146,553,4573
196205,553,4573
196147,553,4573
196148,553,4573
196149,553,4573
196150,553,4573
215799,645,4573
215774,645,4573
215872,645,4573
215855,645,4573
215822,645,4573
215820,645,4573
215914,645,4573
215917,645,4573
215918,645,4573
227510,645,4573
215906,645,4573
227463,645,4573
227465,645,4573
227474,645,4573
227472,645,4573
225832,257,3355
262856,257,3355
316173,257,3355
193228,257,3355
193449,257,3355
178336,257,3355
337554,257,3355
179154,16,9
179155,16,9
179156,16,9
179157,16,9
179158,16,9
179159,16,9
179160,16,9
179149,16,9
179150,16,9
179151,16,9
179152,16,9
179153,16,9
179173,16,9
179174,16,9
179175,16,9
179176,16,9
179170,16,9
179171,16,9
179172,16,9
179162,16,9
179163,16,9
179164,16,9
179166,16,9
179167,16,9
179168,16,9
179209,16,9
179210,16,9
179211,16,9
179212,16,9
179213,16,9
179214,16,9
179218,16,9
179221,16,9
179222,16,9
179232,16,9
179233,16,9
179234,16,9
179235,16,9
179236,16,9
179237,16,9
179238,16,9
179239,16,9
179240,16,9
179241,16,9
179242,16,9
179243,16,9
179244,16,9
179228,16,9
179229,16,9
179230,16,9
179231,16,9
179387,16,9
179386,16,9
179385,16,9
179392,16,9
179391,16,9
179390,16,9
179389,16,9
179384,16,9
179383,16,9
179382,16,9
179381,16,9
179388,16,9
179395,16,9
179399,16,9
179403,16,9
179407,16,9
179397,16,9
179401,16,9
179400,16,9
179404,16,9
179408,16,9
179398,16,9
179402,16,9
179406,16,9
179405,16,9
179215,16,9
179216,16,9
179217,16,9
179177,16,9
179178,16,9
179179,16,9
179180,16,9
179181,16,9
179182,16,9
179186,16,9
179187,16,9
179188,16,9
197414,16,9
197413,16,9
236788,854,9
236790,854,9
236789,854,9
236794,854,9
236792,854,9
236793,854,9
236795,854,9
236784,854,9
236785,854,9
236786,854,9
236780,854,9
236781,854,9
236782,854,9
236737,854,9
236734,854,9
236735,854,9
236749,854,9
236750,854,9
236747,854,9
236748,854,9
236739,854,9
236740,854,9
236741,854,9
236743,854,9
236744,854,9
236745,854,9
236773,854,9
236774,854,9
236775,854,9
236772,854,9
236778,854,9
236777,854,9
236764,854,9
236765,854,9
236762,854,9
236763,854,9
236753,854,9
236754,854,9
236752,854,9
236755,854,9
236759,854,9
236760,854,9
236757,854,9
236758,854,9
236769,854,9
236770,854,9
236767,854,9
236768,854,9
212589,813,8
212240,813,8
212591,813,8
212592,813,8
212241,813,8
213391,813,8
213187,813,8
212247,813,8
213193,813,8
212248,813,8
212559,813,8
212560,813,8
212557,813,8
212251,813,8
213175,813,8
212547,813,8
212250,813,8
213037,813,8
212545,813,8
212228,813,8
212546,813,8
212229,813,8
213031,813,8
212551,813,8
212219,813,8
212549,813,8
212550,813,8
213169,813,8
212217,813,8
212215,813,8
212216,813,8
212218,813,8
212222,813,8
212221,813,8
213025,813,8
212205,813,8
212208,813,8
212209,813,8
212206,813,8
212207,813,8
213019,813,8
212194,813,8
212198,813,8
212195,813,8
212196,813,8
212197,813,8
212199,813,8
213013,813,8
212187,813,8
212188,813,8
212186,813,8
212828,813,8
212829,813,8
212184,813,8
213313,813,8
212185,813,8
212830,813,8
212190,813,8
212820,813,8
212189,813,8
212818,813,8
212176,813,8
212819,813,8
212174,813,8
212821,813,8
212822,813,8
212171,813,8
213307,813,8
212480,813,8
212172,813,8
212810,813,8
212452,813,8
212812,813,8
212811,813,8
213301,813,8
212453,813,8
212789,813,8
212790,813,8
212456,813,8
212795,813,8
212455,813,8
212175,813,8
212792,813,8
212454,813,8
212793,813,8
212458,813,8
212796,813,8
212457,813,8
212173,813,8
212791,813,8
212794,813,8
212467,813,8
212804,813,8
212464,813,8
212177,813,8
212803,813,8
212802,813,8
213295,813,8
212465,813,8
212178,813,8
213289,813,8
212466,813,8
213007,813,8
212468,813,8
212469,813,8
213133,813,8
212165,813,8
213283,813,8
213127,813,8
212164,813,8
212781,813,8
212163,813,8
212783,813,8
212443,813,8
213001,813,8
212782,813,8
212445,813,8
212780,813,8
212446,813,8
212154,813,8
212773,813,8
212444,813,8
212774,813,8
213121,813,8
212770,813,8
212435,813,8
212155,813,8
212757,813,8
212421,813,8
212771,813,8
212760,813,8
212763,813,8
212422,813,8
212769,813,8
212768,813,8
212425,813,8
212759,813,8
212423,813,8
212156,813,8
212767,813,8
212434,813,8
212433,813,8
212157,813,8
212762,813,8
212424,813,8
212995,813,8
212758,813,8
213115,813,8
212142,813,8
213277,813,8
212426,813,8
212146,813,8
213271,813,8
212761,813,8
212427,813,8
212143,813,8
212746,813,8
212436,813,8
212145,813,8
213217,813,8
212747,813,8
212437,813,8
212748,813,8
212413,813,8
212745,813,8
212749,813,8
213265,813,8
212412,813,8
212144,813,8
212735,813,8
212414,813,8
212148,813,8
212739,813,8
212733,813,8
212734,813,8
212415,813,8
212147,813,8
212738,813,8
212403,813,8
212736,813,8
212737,813,8
212401,813,8
212989,813,8
213259,813,8
212402,813,8
212135,813,8
212399,813,8
212133,813,8
212721,813,8
212400,813,8
212134,813,8
212725,813,8
212404,813,8
212724,813,8
212405,813,8
212136,813,8
212726,813,8
212406,813,8
212105,813,8
212727,813,8
212392,813,8
212114,813,8
213253,813,8
212388,813,8
212118,813,8
212701,813,8
212713,813,8
212389,813,8
212710,813,8
212711,813,8
212391,813,8
212115,813,8
212714,813,8
212712,813,8
212699,813,8
212390,813,8
212700,813,8
212393,813,8
213247,813,8
213109,813,8
212703,813,8
213103,813,8
212116,813,8
212704,813,8
212702,813,8
212378,813,8
212379,813,8
212380,813,8
212117,813,8
212693,813,8
213097,813,8
212103,813,8
212692,813,8
212371,813,8
212104,813,8
213241,813,8
212370,813,8
212106,813,8
212372,813,8
212108,813,8
213091,813,8
212107,813,8
212684,813,8
212356,813,8
212119,813,8
212670,813,8
212357,813,8
212125,813,8
212671,813,8
212359,813,8
212126,813,8
212672,813,8
212673,813,8
212680,813,8
212682,813,8
212360,813,8
212127,813,8
212362,813,8
212983,813,8
212679,813,8
212361,813,8
212681,813,8
212358,813,8
212977,813,8
212363,813,8
212971,813,8
212665,813,8
212364,813,8
212604,813,8
212663,813,8
212664,813,8
212666,813,8
213085,813,8
213229,813,8
213235,813,8
212654,813,8
212657,813,8
212350,813,8
212093,813,8
212658,813,8
212349,813,8
212081,813,8
213223,813,8
212348,813,8
212082,813,8
212347,813,8
212083,813,8
213079,813,8
212337,813,8
212328,813,8
212325,813,8
212326,813,8
212084,813,8
212327,813,8
212086,813,8
212330,813,8
212087,813,8
212329,813,8
212085,813,8
212336,813,8
212338,813,8
212095,813,8
212339,813,8
212094,813,8
213073,813,8
212096,813,8
212097,813,8
212630,813,8
212314,813,8
212965,813,8
212644,813,8
212645,813,8
212646,813,8
212319,813,8
212647,813,8
212318,813,8
213067,813,8
212643,813,8
212648,813,8
212629,813,8
212628,813,8
212635,813,8
212634,813,8
212307,813,8
212622,813,8
213061,813,8
212620,813,8
212621,813,8
212296,813,8
213211,813,8
212297,813,8
212293,813,8
212614,813,8
212612,813,8
212294,813,8
212613,813,8
212286,813,8
212598,813,8
212282,813,8
212601,813,8
212283,813,8
212599,813,8
212284,813,8
212603,813,8
212285,813,8
212600,813,8
212287,813,8
212602,813,8
213055,813,8
213199,813,8
213205,813,8
212266,813,8
212305,813,8
212605,813,8
212269,813,8
212268,813,8
212306,813,8
212572,813,8
213049,813,8
212569,813,8
212257,813,8
212566,813,8
212567,813,8
212261,813,8
212568,813,8
212259,813,8
212570,813,8
212260,813,8
212571,813,8
213181,813,8
213043,813,8
212573,813,8
212249,813,8
212574,813,8
212583,813,8
212235,813,8
212582,813,8
212309,813,8
212580,813,8
212581,813,8
212236,813,8
212590,813,8
212238,813,8
212237,813,8
258302,813,8
212479,813,8
212477,813,8
212474,813,8
212478,813,8
212481,813,8
212475,813,8
212476,813,8
212491,813,8
212492,813,8
212490,813,8
212487,813,8
212488,813,8
212500,813,8
212502,813,8
212503,813,8
212501,813,8
212499,813,8
212512,813,8
212516,813,8
212515,813,8
212509,813,8
212513,813,8
212510,813,8
212514,813,8
212511,813,8
212525,813,8
212526,813,8
212522,813,8
213139,813,8
213145,813,8
213151,813,8
213157,813,8
213163,813,8
245479,813,8
245480,813,8
245482,813,8
245485,813,8
245484,813,8
245483,813,8
212078,813,8
212076,813,8
212077,813,8
212075,813,8
212276,813,8
212275,813,8
212387,813,8
212386,813,8
212642,813,8
212641,813,8
212756,813,8
212755,813,8
196796,797,5
196672,797,5
196645,797,5
196646,797,5
196647,797,5
196648,797,5
196649,797,5
196650,797,5
196651,797,5
196652,797,5
196653,797,5
196644,797,5
196642,797,5
196643,797,5
196637,797,5
196638,797,5
196640,797,5
196641,797,5
196639,797,5
196655,797,5
196656,797,5
196657,797,5
196658,797,5
196659,797,5
196660,797,5
196661,797,5
196662,797,5
196663,797,5
196654,797,5
196664,797,5
196665,797,5
196667,797,5
196668,797,5
196666,797,5
196669,797,5
196688,797,5
196680,797,5
196681,797,5
196682,797,5
196683,797,5
196684,797,5
196685,797,5
196686,797,5
196687,797,5
196695,797,5
196696,797,5
196699,797,5
196700,797,5
196701,797,5
196702,797,5
196697,797,5
196698,797,5
196714,797,5
196706,797,5
196707,797,5
196708,797,5
196709,797,5
196710,797,5
196711,797,5
196712,797,5
196713,797,5
196715,797,5
196716,797,5
196719,797,5
196720,797,5
196721,797,5
196722,797,5
196717,797,5
196718,797,5
196623,797,5
196624,797,5
196625,797,5
196627,797,5
196628,797,5
196629,797,5
196630,797,5
196631,797,5
196632,797,5
196633,797,5
196634,797,5
196635,797,5
196636,797,5
196673,797,5
196675,797,5
196677,797,5
196678,797,5
196679,797,5
196723,797,5
196734,797,5
196735,797,5
196736,797,5
196737,797,5
196738,797,5
196739,797,5
196740,797,5
196741,797,5
196742,797,5
196743,797,5
196744,797,5
196745,797,5
196746,797,5
196764,797,5
196765,797,5
196775,797,5
196785,797,5
196786,797,5
196725,797,5
196726,797,5
196727,797,5
196729,797,5
196730,797,5
196731,797,5
196732,797,5
196789,797,5
196750,797,5
196751,797,5
196752,797,5
196767,797,5
196768,797,5
196772,797,5
196777,797,5
196778,797,5
196779,797,5
196783,797,5
196784,797,5
196790,797,5
196792,797,5
196793,797,5
196774,797,5
196771,797,5
196780,797,5
196728,797,5
196733,797,5
196674,797,5
196691,797,5
196692,797,5
196694,797,5
196755,797,5
196753,797,5
196756,797,5
196759,797,5
196760,797,5
196761,797,5
196762,797,5
196763,797,5
196689,797,5
305215,797,5
305213,797,5
305216,797,5
305214,797,5
196703,797,5
196704,797,5
210643,797,5
210644,797,5
305222,797,5
305219,797,5
305220,797,5
305212,797,5
305221,797,5
305217,797,5
305218,797,5
305223,797,5
308076,797,5
308077,797,5
196464,797,5
196465,797,5
196466,797,5
196467,797,5
196468,797,5
196469,797,5
196476,797,5
196477,797,5
196472,797,5
196473,797,5
196474,797,5
196475,797,5
196470,797,5
196471,797,5
196493,797,5
196494,797,5
196496,797,5
196495,797,5
196482,797,5
196483,797,5
196490,797,5
196486,797,5
196489,797,5
196491,797,5
196492,797,5
196487,797,5
196488,797,5
196479,797,5
196478,797,5
196480,797,5
196481,797,5
196502,797,5
196503,797,5
196504,797,5
196505,797,5
196498,797,5
196499,797,5
196500,797,5
196501,797,5
196228,797,5
196497,797,5
196532,797,5
196523,797,5
196524,797,5
196525,797,5
196526,797,5
196509,797,5
196510,797,5
196511,797,5
196512,797,5
196231,797,5
196529,797,5
196521,797,5
196519,797,5
196522,797,5
196507,797,5
196514,797,5
196515,797,5
196528,797,5
196518,797,5
196531,797,5
196520,797,5
196530,797,5
196516,797,5
196513,797,5
196517,797,5
196506,797,5
196508,797,5
196527,797,5
227282,798,12
227284,798,12
227289,798,12
196820,798,12
196963,798,12
196961,798,12
196962,798,12
196964,798,12
196884,798,12
196885,798,12
196882,798,12
196883,798,12
197016,798,12
196966,798,12
196965,798,12
196889,798,12
196887,798,12
197017,798,12
196967,798,12
196892,798,12
197018,798,12
196970,798,12
196968,798,12
196971,798,12
196969,798,12
196972,798,12
196893,798,12
196896,798,12
196895,798,12
196894,798,12
196897,798,12
196898,798,12
196974,798,12
196973,798,12
197020,798,12
197019,798,12
196985,798,12
196986,798,12
197022,798,12
196987,798,12
196903,798,12
196904,798,12
196976,798,12
196977,798,12
196989,798,12
196988,798,12
196990,798,12
197021,798,12
196993,798,12
196992,798,12
196991,798,12
196994,798,12
196982,798,12
196983,798,12
196979,798,12
196981,798,12
196978,798,12
196984,798,12
196907,798,12
196908,798,12
196996,798,12
196997,798,12
196995,798,12
196998,798,12
196911,798,12
196912,798,12
196910,798,12
196909,798,12
197000,798,12
196999,798,12
196913,798,12
196914,798,12
197024,798,12
196899,798,12
196900,798,12
196905,798,12
196906,798,12
197023,798,12
221466,798,12
221468,798,12
231113,798,12
197113,798,12
197114,798,12
197115,798,12
197116,798,12
197119,798,12
197120,798,12
197121,798,12
197124,798,12
197125,798,12
197126,798,12
197127,798,12
197128,798,12
197130,798,12
197129,798,12
197135,798,12
197136,798,12
197137,798,12
197138,798,12
197139,798,12
197140,798,12
197149,798,12
197150,798,12
197146,798,12
197147,798,12
197163,798,12
197164,798,12
197156,798,12
197160,798,12
197152,798,12
197153,798,12
197167,798,12
197168,798,12
197169,798,12
197170,798,12
197172,798,12
197171,798,12
197188,798,12
197189,798,12
197185,798,12
197177,798,12
197178,798,12
197181,798,12
197004,798,12
197032,798,12
197033,798,12
197035,798,12
197036,798,12
197002,798,12
197003,798,12
197034,798,12
197037,798,12
196823,798,12
197148,798,12
214113,217,3218
214114,217,3218
214111,217,3218
214251,217,3218
214222,217,3218
214096,217,3218
214120,217,3218
214144,217,3218
214112,217,3218
214121,217,3218
214145,217,3218
214122,217,3218
214118,217,3218
214123,217,3218
214119,217,3218
214195,217,3218
214208,217,3218
214209,217,3218
214210,217,3218
214218,217,3218
214211,217,3218
214254,217,3218
214259,217,3218
214196,217,3218
214197,217,3218
214198,217,3218
214216,217,3218
214213,217,3218
214217,217,3218
214212,217,3218
214214,217,3218
214215,217,3218
214225,217,3218
214276,217,3218
214275,217,3218
214220,217,3218
214249,217,3218
214103,217,3218
214104,217,3218
214219,217,3218
214221,217,3218
214244,217,3218
214245,217,3218
214246,217,3218
214247,217,3218
214238,217,3218
214224,217,3218
214239,217,3218
214240,217,3218
214241,217,3218
214242,217,3218
214243,217,3218
214248,217,3218
214253,217,3218
214250,217,3218
214267,217,3218
214266,217,3218
214129,217,3218
214130,217,3218
214131,217,3218
214132,217,3218
214133,217,3218
214125,217,3218
214126,217,3218
214124,217,3218
214139,217,3218
214140,217,3218
214141,217,3218
214142,217,3218
214143,217,3218
214134,217,3218
214136,217,3218
214135,217,3218
214128,217,3218
214138,217,3218
229270,847,5327
229269,847,5327
229267,847,5327
229268,847,5327
229265,847,5327
229266,847,5327
229263,847,5327
229264,847,5327
229261,847,5327
229262,847,5327
229259,847,5327
229260,847,5327
229257,847,5327
229258,847,5327
229254,847,5327
229226,847,5327
229234,847,5327
229224,847,5327
229228,847,5327
229230,847,5327
229235,847,5327
229236,847,5327
229237,847,5327
229238,847,5327
229233,847,5327
229191,847,5327
229190,847,5327
229189,847,5327
229188,847,5327
229187,847,5327
229186,847,5327
229185,847,5327
229184,847,5327
229183,847,5327
229182,847,5327
229181,847,5327
229180,847,5327
229179,847,5327
229178,847,5327
229177,847,5327
229176,847,5327
229175,847,5327
229174,847,5327
229173,847,5327
229172,847,5327
229171,847,5327
229170,847,5327
229169,847,5327
229168,847,5327
229167,847,5327
229166,847,5327
229165,847,5327
229164,847,5327
229163,847,5327
229162,847,5327
229161,847,5327
229160,847,5327
229159,847,5327
229158,847,5327
229157,847,5327
229116,847,5327
229117,847,5327
229118,847,5327
229119,847,5327
229120,847,5327
229121,847,5327
229122,847,5327
229123,847,5327
229124,847,5327
229125,847,5327
229126,847,5327
229127,847,5327
229128,847,5327
229129,847,5327
229130,847,5327
229131,847,5327
229132,847,5327
229133,847,5327
229134,847,5327
229135,847,5327
229136,847,5327
229137,847,5327
229138,847,5327
229139,847,5327
229140,847,5327
229141,847,5327
229142,847,5327
229143,847,5327
229144,847,5327
229145,847,5327
229146,847,5327
229147,847,5327
229148,847,5327
229149,847,5327
229150,847,5327
229151,847,5327
229152,847,5327
229153,847,5327
229154,847,5327
229155,847,5327
229156,847,5327
229106,847,5327
229104,847,5327
229103,847,5327
229102,847,5327
229101,847,5327
229100,847,5327
229099,847,5327
229098,847,5327
229097,847,5327
229096,847,5327
229093,847,5327
229092,847,5327
229091,847,5327
229090,847,5327
229089,847,5327
229088,847,5327
229087,847,5327
229086,847,5327
229085,847,5327
229084,847,5327
229083,847,5327
229082,847,5327
229081,847,5327
229080,847,5327
229079,847,5327
229078,847,5327
229077,847,5327
229076,847,5327
229075,847,5327
229074,847,5327
229073,847,5327
229072,847,5327
229071,847,5327
229070,847,5327
229069,847,5327
229010,847,5327
229068,847,5327
229008,847,5327
229011,847,5327
229012,847,5327
229013,847,5327
229014,847,5327
229015,847,5327
229016,847,5327
229017,847,5327
229018,847,5327
229019,847,5327
229020,847,5327
229021,847,5327
229022,847,5327
229023,847,5327
229024,847,5327
229025,847,5327
229026,847,5327
229027,847,5327
229028,847,5327
229029,847,5327
229030,847,5327
229031,847,5327
229032,847,5327
229033,847,5327
229034,847,5327
229035,847,5327
229036,847,5327
229037,847,5327
229038,847,5327
229039,847,5327
229040,847,5327
229057,847,5327
229058,847,5327
229059,847,5327
229060,847,5327
229061,847,5327
229062,847,5327
229063,847,5327
229064,847,5327
229065,847,5327
229066,847,5327
229067,847,5327
229042,847,5327
229041,847,5327
229047,847,5327
229052,847,5327
229055,847,5327
229050,847,5327
229053,847,5327
229056,847,5327
229049,847,5327
229044,847,5327
229043,847,5327
229046,847,5327
229045,847,5327
228982,847,5327
228983,847,5327
228984,847,5327
228985,847,5327
228986,847,5327
228987,847,5327
228988,847,5327
228989,847,5327
228990,847,5327
228991,847,5327
228992,847,5327
228993,847,5327
228994,847,5327
228995,847,5327
228996,847,5327
228997,847,5327
228911,847,5327
228953,847,5327
228962,847,5327
228912,847,5327
228981,847,5327
228980,847,5327
228979,847,5327
228978,847,5327
228977,847,5327
228976,847,5327
228975,847,5327
228974,847,5327
228973,847,5327
228972,847,5327
228971,847,5327
228970,847,5327
228969,847,5327
228968,847,5327
228967,847,5327
228966,847,5327
228965,847,5327
228964,847,5327
228910,847,5327
228909,847,5327
228955,847,5327
228956,847,5327
228957,847,5327
228958,847,5327
228959,847,5327
228960,847,5327
228961,847,5327
228951,847,5327
228950,847,5327
228949,847,5327
228948,847,5327
228947,847,5327
228946,847,5327
228945,847,5327
228944,847,5327
228943,847,5327
228942,847,5327
228941,847,5327
228940,847,5327
228939,847,5327
228938,847,5327
228937,847,5327
228936,847,5327
228935,847,5327
228934,847,5327
228932,847,5327
228931,847,5327
228930,847,5327
228929,847,5327
228928,847,5327
228927,847,5327
228926,847,5327
228925,847,5327
228924,847,5327
228923,847,5327
228922,847,5327
228921,847,5327
228920,847,5327
228919,847,5327
228918,847,5327
228917,847,5327
228916,847,5327
228915,847,5327
228933,847,5327
228963,847,5327
228874,847,5327
228875,847,5327
228876,847,5327
228877,847,5327
228878,847,5327
228880,847,5327
228879,847,5327
228884,847,5327
228885,847,5327
228886,847,5327
228887,847,5327
228888,847,5327
228889,847,5327
228890,847,5327
228891,847,5327
228892,847,5327
228893,847,5327
228894,847,5327
228895,847,5327
228896,847,5327
228897,847,5327
228898,847,5327
228899,847,5327
228900,847,5327
228901,847,5327
228902,847,5327
228903,847,5327
228904,847,5327
228905,847,5327
228872,847,5327
228873,847,5327
228881,847,5327
228882,847,5327
228883,847,5327
228869,847,5327
228870,847,5327
228871,847,5327
228868,847,5327
228867,847,5327
228866,847,5327
228865,847,5327
228864,847,5327
228863,847,5327
228862,847,5327
228861,847,5327
228860,847,5327
228859,847,5327
228858,847,5327
228857,847,5327
228856,847,5327
228855,847,5327
228854,847,5327
228853,847,5327
228954,847,5327
228913,847,5327
228952,847,5327
228914,847,5327
228906,847,5327
228812,847,5327
228813,847,5327
228814,847,5327
228815,847,5327
228816,847,5327
228817,847,5327
228818,847,5327
228819,847,5327
228820,847,5327
228821,847,5327
228822,847,5327
228823,847,5327
228824,847,5327
228825,847,5327
228826,847,5327
228827,847,5327
228828,847,5327
228829,847,5327
228830,847,5327
228831,847,5327
228832,847,5327
228833,847,5327
228835,847,5327
228836,847,5327
228837,847,5327
228838,847,5327
228839,847,5327
228840,847,5327
228841,847,5327
228842,847,5327
228843,847,5327
228834,847,5327
228844,847,5327
228845,847,5327
228846,847,5327
228847,847,5327
228848,847,5327
228849,847,5327
228850,847,5327
228851,847,5327
228852,847,5327
228786,847,5327
228787,847,5327
228788,847,5327
228789,847,5327
228790,847,5327
228791,847,5327
228784,847,5327
228782,847,5327
228794,847,5327
228795,847,5327
228796,847,5327
228797,847,5327
228798,847,5327
228799,847,5327
228800,847,5327
228801,847,5327
228802,847,5327
228803,847,5327
228804,847,5327
228805,847,5327
228806,847,5327
228807,847,5327
228808,847,5327
228809,847,5327
228713,847,5327
228714,847,5327
228715,847,5327
228716,847,5327
228717,847,5327
228718,847,5327
228719,847,5327
228720,847,5327
228721,847,5327
228722,847,5327
228723,847,5327
228724,847,5327
228725,847,5327
228726,847,5327
228727,847,5327
228728,847,5327
228729,847,5327
228730,847,5327
228731,847,5327
228732,847,5327
228733,847,5327
228734,847,5327
228736,847,5327
228737,847,5327
228735,847,5327
228738,847,5327
228739,847,5327
228740,847,5327
228742,847,5327
228741,847,5327
228743,847,5327
228744,847,5327
228745,847,5327
228746,847,5327
228747,847,5327
228748,847,5327
228749,847,5327
228750,847,5327
228751,847,5327
228752,847,5327
228753,847,5327
228754,847,5327
228755,847,5327
228756,847,5327
228757,847,5327
228758,847,5327
228759,847,5327
228760,847,5327
228761,847,5327
228762,847,5327
228763,847,5327
228764,847,5327
228765,847,5327
228766,847,5327
228767,847,5327
228768,847,5327
228769,847,5327
228770,847,5327
228772,847,5327
228773,847,5327
228793,847,5327
228781,847,5327
228792,847,5327
228783,847,5327
228785,847,5327
228774,847,5327
228775,847,5327
228776,847,5327
228777,847,5327
228778,847,5327
228780,847,5327
228779,847,5327
228691,847,5327
228692,847,5327
228693,847,5327
228694,847,5327
228695,847,5327
228696,847,5327
228697,847,5327
228698,847,5327
228699,847,5327
228700,847,5327
228701,847,5327
228702,847,5327
228703,847,5327
228704,847,5327
228705,847,5327
228707,847,5327
228706,847,5327
228708,847,5327
228709,847,5327
228710,847,5327
228612,847,5327
228613,847,5327
228614,847,5327
228615,847,5327
228616,847,5327
228617,847,5327
228618,847,5327
228619,847,5327
228620,847,5327
228621,847,5327
228622,847,5327
228623,847,5327
228624,847,5327
228625,847,5327
228626,847,5327
228627,847,5327
228628,847,5327
228629,847,5327
228630,847,5327
228631,847,5327
228632,847,5327
228633,847,5327
228634,847,5327
228635,847,5327
228636,847,5327
228637,847,5327
228638,847,5327
228639,847,5327
228640,847,5327
228641,847,5327
228642,847,5327
228646,847,5327
228645,847,5327
228644,847,5327
228643,847,5327
228647,847,5327
228648,847,5327
228649,847,5327
228650,847,5327
228652,847,5327
228651,847,5327
228653,847,5327
228654,847,5327
228655,847,5327
228656,847,5327
228657,847,5327
228658,847,5327
228659,847,5327
228660,847,5327
228661,847,5327
228663,847,5327
228662,847,5327
228664,847,5327
228665,847,5327
228666,847,5327
228667,847,5327
228668,847,5327
228669,847,5327
228670,847,5327
228671,847,5327
228672,847,5327
228673,847,5327
228674,847,5327
228675,847,5327
228676,847,5327
228677,847,5327
228678,847,5327
228679,847,5327
228680,847,5327
228681,847,5327
228682,847,5327
228683,847,5327
228684,847,5327
228685,847,5327
228686,847,5327
228687,847,5327
228688,847,5327
228689,847,5327
228690,847,5327
229288,847,5327
229289,847,5327
229290,847,5327
229291,847,5327
229292,847,5327
229293,847,5327
229294,847,5327
229295,847,5327
229296,847,5327
229297,847,5327
229298,847,5327
229299,847,5327
229300,847,5327
229301,847,5327
229302,847,5327
229303,847,5327
229304,847,5327
229305,847,5327
229306,847,5327
229307,847,5327
229308,847,5327
229309,847,5327
229310,847,5327
229311,847,5327
229312,847,5327
229313,847,5327
229314,847,5327
229315,847,5327
229316,847,5327
228408,847,5327
228407,847,5327
228409,847,5327
228410,847,5327
228406,847,5327
228399,847,5327
228400,847,5327
228401,847,5327
228390,847,5327
228461,847,5327
228389,847,5327
228391,847,5327
228392,847,5327
228388,847,5327
228381,847,5327
228382,847,5327
228380,847,5327
228362,847,5327
228363,847,5327
228364,847,5327
228361,847,5327
228354,847,5327
228355,847,5327
228353,847,5327
228347,847,5327
228339,847,5327
228338,847,5327
228340,847,5327
228337,847,5327
228342,847,5327
228434,847,5327
228330,847,5327
228331,847,5327
228329,847,5327
228321,847,5327
228320,847,5327
228322,847,5327
228323,847,5327
228319,847,5327
228312,847,5327
228313,847,5327
228311,847,5327
228304,847,5327
228305,847,5327
228303,847,5327
228301,847,5327
228294,847,5327
228285,847,5327
228284,847,5327
228286,847,5327
228287,847,5327
228283,847,5327
228277,847,5327
228276,847,5327
228275,847,5327
228268,847,5327
228267,847,5327
228270,847,5327
228266,847,5327
228269,847,5327
228257,847,5327
228249,847,5327
228248,847,5327
228250,847,5327
228251,847,5327
228247,847,5327
228241,847,5327
228242,847,5327
228239,847,5327
228231,847,5327
228230,847,5327
228232,847,5327
228233,847,5327
228223,847,5327
228224,847,5327
228225,847,5327
228209,847,5327
228201,847,5327
228200,847,5327
228202,847,5327
228203,847,5327
228199,847,5327
228191,847,5327
228192,847,5327
228193,847,5327
229105,847,5327
230018,847,5327
228258,847,5327
230012,847,5327
229976,847,5327
228295,847,5327
229940,847,5327
229934,847,5327
228293,847,5327
228259,847,5327
229862,847,5327
230162,847,5327
230168,847,5327
230150,847,5327
230144,847,5327
230138,847,5327
230126,847,5327
230120,847,5327
230114,847,5327
230108,847,5327
230102,847,5327
230096,847,5327
230090,847,5327
230084,847,5327
230078,847,5327
230072,847,5327
230066,847,5327
230060,847,5327
230054,847,5327
230048,847,5327
230042,847,5327
230036,847,5327
230030,847,5327
230024,847,5327
230000,847,5327
230006,847,5327
229988,847,5327
229994,847,5327
229982,847,5327
229964,847,5327
229970,847,5327
229952,847,5327
229958,847,5327
229946,847,5327
229922,847,5327
229928,847,5327
229910,847,5327
229916,847,5327
229904,847,5327
229898,847,5327
229886,847,5327
229892,847,5327
229874,847,5327
229880,847,5327
229868,847,5327
229850,847,5327
229856,847,5327
229838,847,5327
229844,847,5327
229832,847,5327
229826,847,5327
229814,847,5327
229820,847,5327
229808,847,5327
229796,847,5327
229802,847,5327
229790,847,5327
229784,847,5327
229778,847,5327
229772,847,5327
229760,847,5327
229766,847,5327
229754,847,5327
229748,847,5327
229736,847,5327
229742,847,5327
230180,847,5327
230186,847,5327
228221,847,5327
228371,847,5327
228373,847,5327
228771,847,5327
228998,847,5327
229095,847,5327
229094,847,5327
229009,847,5327
229051,847,5327
229048,847,5327
229054,847,5327
230748,847,5327
228302,847,5327
230174,847,5327
228460,847,5327
228459,847,5327
228449,847,5327
228451,847,5327
228452,847,5327
228450,847,5327
228448,847,5327
229225,847,5327
229227,847,5327
229229,847,5327
229231,847,5327
229256,847,5327
229255,847,5327
229253,847,5327
229252,847,5327
229251,847,5327
229250,847,5327
229249,847,5327
229248,847,5327
229218,847,5327
229216,847,5327
229217,847,5327
229219,847,5327
229220,847,5327
229221,847,5327
229222,847,5327
229223,847,5327
229232,847,5327
229241,847,5327
229239,847,5327
229240,847,5327
229242,847,5327
229243,847,5327
229244,847,5327
229245,847,5327
229246,847,5327
229247,847,5327
229207,847,5327
229206,847,5327
229205,847,5327
229204,847,5327
229203,847,5327
229202,847,5327
229201,847,5327
229200,847,5327
229199,847,5327
229198,847,5327
229197,847,5327
229196,847,5327
229192,847,5327
229193,847,5327
228442,847,5327
228441,847,5327
228443,847,5327
228426,847,5327
228427,847,5327
228428,847,5327
228425,847,5327
228424,847,5327
228418,847,5327
228417,847,5327
228419,847,5327
229195,847,5327
229194,847,5327
230543,847,5327
230548,847,5327
230553,847,5327
230558,847,5327
230563,847,5327
230568,847,5327
230573,847,5327
230578,847,5327
230583,847,5327
230588,847,5327
230593,847,5327
230598,847,5327
230603,847,5327
230608,847,5327
230613,847,5327
230618,847,5327
230623,847,5327
230628,847,5327
230633,847,5327
230647,847,5327
230649,847,5327
230651,847,5327
230921,847,5327
230920,847,5327
230919,847,5327
230918,847,5327
230929,847,5327
230928,847,5327
230926,847,5327
230927,847,5327
230934,847,5327
230935,847,5327
230936,847,5327
230933,847,5327
232221,847,5327
230932,847,5327
230931,847,5327
230930,847,5327
230917,847,5327
230916,847,5327
230915,847,5327
230914,847,5327
230923,847,5327
230925,847,5327
230924,847,5327
230922,847,5327
230937,847,5327
230938,847,5327
230939,847,5327
230940,847,5327
230941,847,5327
230942,847,5327
230943,847,5327
230946,847,5327
230944,847,5327
230945,847,5327
230947,847,5327
230948,847,5327
230949,847,5327
230950,847,5327
230951,847,5327
230952,847,5327
230911,847,5327
230912,847,5327
230913,847,5327
230908,847,5327
230909,847,5327
230910,847,5327
230907,847,5327
230905,847,5327
230906,847,5327
230903,847,5327
230904,847,5327
228525,847,5327
229705,847,5327
229707,847,5327
229706,847,5327
229714,847,5327
229716,847,5327
229715,847,5327
229701,847,5327
229703,847,5327
229702,847,5327
229697,847,5327
229699,847,5327
229698,847,5327
229682,847,5327
229684,847,5327
229667,847,5327
229669,847,5327
229687,847,5327
229686,847,5327
229689,847,5327
229688,847,5327
229672,847,5327
229671,847,5327
229674,847,5327
229673,847,5327
229691,847,5327
229695,847,5327
229694,847,5327
229677,847,5327
229679,847,5327
229663,847,5327
229664,847,5327
229662,847,5327
229652,847,5327
229655,847,5327
229653,847,5327
229654,847,5327
229647,847,5327
229650,847,5327
229648,847,5327
229649,847,5327
229642,847,5327
229645,847,5327
230448,847,5327
229643,847,5327
229644,847,5327
229639,847,5327
229640,847,5327
229634,847,5327
229637,847,5327
229635,847,5327
229629,847,5327
229632,847,5327
229624,847,5327
229627,847,5327
229604,847,5327
229606,847,5327
229600,847,5327
229602,847,5327
229619,847,5327
229620,847,5327
229622,847,5327
229610,847,5327
229609,847,5327
229612,847,5327
229611,847,5327
229615,847,5327
229614,847,5327
229617,847,5327
229616,847,5327
230378,847,5327
230383,847,5327
230388,847,5327
230393,847,5327
230398,847,5327
230403,847,5327
230408,847,5327
230413,847,5327
230418,847,5327
230423,847,5327
230428,847,5327
230438,847,5327
230443,847,5327
229692,847,5327
230463,847,5327
230468,847,5327
230473,847,5327
230478,847,5327
230483,847,5327
230488,847,5327
230458,847,5327
229594,847,5327
229598,847,5327
229626,847,5327
230493,847,5327
230498,847,5327
230503,847,5327
230433,847,5327
230453,847,5327
229630,847,5327
230513,847,5327
229676,847,5327
229678,847,5327
229666,847,5327
229668,847,5327
229681,847,5327
229683,847,5327
229592,847,5327
229595,847,5327
229584,847,5327
229585,847,5327
229631,847,5327
229625,847,5327
229597,847,5327
230518,847,5327
230523,847,5327
230508,847,5327
229593,847,5327
229636,847,5327
230528,847,5327
230533,847,5327
230538,847,5327
229599,847,5327
229601,847,5327
229605,847,5327
229607,847,5327
228375,847,5327
228217,847,5327
229621,847,5327
229693,847,5327
229709,847,5327
229712,847,5327
229657,847,5327
230901,847,5327
229660,847,5327
229587,847,5327
229588,847,5327
229590,847,5327
230902,847,5327
298483,847,5327
298485,847,5327
298484,847,5327
231305,847,5327
231306,847,5327
231307,847,5327
231309,847,5327
231308,847,5327
230708,847,5327
230711,847,5327
230709,847,5327
230707,847,5327
230705,847,5327
231331,847,5327
231328,847,5327
231324,847,5327
231325,847,5327
231327,847,5327
231326,847,5327
231330,847,5327
231332,847,5327
230693,847,5327
230694,847,5327
230696,847,5327
230700,847,5327
230695,847,5327
230698,847,5327
230697,847,5327
230699,847,5327
230701,847,5327
230704,847,5327
231318,847,5327
231352,847,5327
230706,847,5327
231329,847,5327
228520,847,5327
228523,847,5327
228569,847,5327
230749,847,5327
228216,847,5327
228215,847,5327
228372,847,5327
228374,847,5327
230713,847,5327
231689,849,5
231691,849,5
231697,849,5
231698,849,5
231705,849,5
231710,849,5
231708,849,5
231716,849,5
231717,849,5
231723,849,5
231731,849,5
231739,849,5
231740,849,5
231729,849,5
231747,849,5
231748,849,5
231754,849,5
231755,849,5
231763,849,5
231771,849,5
231769,849,5
231761,849,5
231760,849,5
231768,849,5
231777,849,5
231782,849,5
231788,849,5
231789,849,5
231785,849,5
231786,849,5
231795,849,5
231796,849,5
231803,849,5
231802,849,5
231813,849,5
231821,849,5
231812,849,5
231820,849,5
231810,849,5
231819,849,5
231826,849,5
231833,849,5
231832,849,5
231839,849,5
231846,849,5
231845,849,5
231847,849,5
231853,849,5
231854,849,5
231859,849,5
231871,849,5
231870,849,5
231869,849,5
231860,849,5
231879,849,5
231880,849,5
231886,849,5
231728,849,5
231818,849,5
231737,849,5
231809,849,5
231808,849,5
231861,849,5
231862,849,5
231864,849,5
231894,849,5
231902,849,5
231900,849,5
231892,849,5
231908,849,5
231909,849,5
231939,849,5
231941,849,5
231940,849,5
231929,849,5
231947,849,5
231948,849,5
231954,849,5
231960,849,5
231961,849,5
231967,849,5
231968,849,5
231979,849,5
231984,849,5
231983,849,5
231977,849,5
231978,849,5
231991,849,5
231992,849,5
231998,849,5
231999,849,5
232013,849,5
232014,849,5
232005,849,5
232004,849,5
232098,849,5
232092,849,5
232081,849,5
232066,849,5
232060,849,5
232050,849,5
232044,849,5
232039,849,5
232034,849,5
232029,849,5
232019,849,5
231690,849,5
232055,849,5
231891,849,5
231938,849,5
231926,849,5
232076,849,5
231915,849,5
232087,849,5
231931,849,5
231976,849,5
231974,849,5
232006,849,5
231700,849,5
231699,849,5
231706,849,5
231707,849,5
232024,849,5
231736,849,5
231738,849,5
231865,849,5
231863,849,5
231872,849,5
231899,849,5
232071,849,5
231925,849,5
231914,849,5
231916,849,5
231927,849,5
231930,849,5
231917,849,5
231973,849,5
231975,849,5
232226,849,5
232227,849,5
232105,849,5
251516,849,5
231684,849,5
231918,849,5
232106,849,5
231685,849,5
231920,849,5
196622,797,5
196485,797,5
196484,797,5
231422,847,5327
229287,847,5327
229286,847,5327
229285,847,5327
229284,847,5327
229283,847,5327
229281,847,5327
229280,847,5327
229282,847,5327
229318,847,5327
229319,847,5327
229320,847,5327
229323,847,5327
229321,847,5327
229322,847,5327
229324,847,5327
229325,847,5327
229326,847,5327
229327,847,5327
229328,847,5327
229329,847,5327
229330,847,5327
229331,847,5327
229332,847,5327
229333,847,5327
229334,847,5327
229335,847,5327
229336,847,5327
229337,847,5327
229338,847,5327
229339,847,5327
229340,847,5327
229341,847,5327
229342,847,5327
229343,847,5327
229344,847,5327
229345,847,5327
229346,847,5327
229348,847,5327
229349,847,5327
229350,847,5327
229352,847,5327
229353,847,5327
229394,847,5327
229393,847,5327
229392,847,5327
229391,847,5327
229390,847,5327
229389,847,5327
229388,847,5327
229387,847,5327
229386,847,5327
229385,847,5327
229384,847,5327
229383,847,5327
229382,847,5327
229381,847,5327
229380,847,5327
229379,847,5327
229378,847,5327
229377,847,5327
229376,847,5327
229375,847,5327
229374,847,5327
229373,847,5327
229372,847,5327
229371,847,5327
229370,847,5327
229369,847,5327
229368,847,5327
229367,847,5327
229366,847,5327
229365,847,5327
229364,847,5327
229363,847,5327
229362,847,5327
229361,847,5327
229360,847,5327
229356,847,5327
229359,847,5327
229357,847,5327
229396,847,5327
229397,847,5327
229398,847,5327
229399,847,5327
229400,847,5327
229401,847,5327
229402,847,5327
229403,847,5327
229404,847,5327
229405,847,5327
229406,847,5327
229407,847,5327
229408,847,5327
229409,847,5327
229410,847,5327
229411,847,5327
229412,847,5327
229413,847,5327
229414,847,5327
229415,847,5327
229416,847,5327
229417,847,5327
229418,847,5327
229419,847,5327
229420,847,5327
229421,847,5327
229425,847,5327
229424,847,5327
229422,847,5327
229423,847,5327
229426,847,5327
229427,847,5327
229428,847,5327
229429,847,5327
229430,847,5327
229431,847,5327
229433,847,5327
229434,847,5327
229432,847,5327
229475,847,5327
229474,847,5327
229473,847,5327
229472,847,5327
229471,847,5327
229470,847,5327
229469,847,5327
229468,847,5327
229467,847,5327
229466,847,5327
229465,847,5327
229464,847,5327
229463,847,5327
229462,847,5327
229461,847,5327
229460,847,5327
229459,847,5327
229458,847,5327
229457,847,5327
229456,847,5327
229455,847,5327
229454,847,5327
229453,847,5327
229452,847,5327
229451,847,5327
229450,847,5327
229449,847,5327
229448,847,5327
229447,847,5327
229446,847,5327
229445,847,5327
229444,847,5327
229443,847,5327
229442,847,5327
229441,847,5327
229440,847,5327
229439,847,5327
229438,847,5327
229437,847,5327
229476,847,5327
229479,847,5327
229478,847,5327
229480,847,5327
229481,847,5327
229477,847,5327
229482,847,5327
229483,847,5327
229484,847,5327
229485,847,5327
229486,847,5327
229487,847,5327
229488,847,5327
229491,847,5327
229489,847,5327
229490,847,5327
229492,847,5327
229493,847,5327
229494,847,5327
229495,847,5327
229496,847,5327
229497,847,5327
229498,847,5327
229499,847,5327
229500,847,5327
229501,847,5327
229502,847,5327
229503,847,5327
229504,847,5327
229505,847,5327
229506,847,5327
229507,847,5327
229508,847,5327
229509,847,5327
229510,847,5327
232218,847,5327
232219,847,5327
232220,847,5327
229551,847,5327
229550,847,5327
229549,847,5327
229548,847,5327
229547,847,5327
229545,847,5327
229544,847,5327
229546,847,5327
229543,847,5327
229542,847,5327
229541,847,5327
229540,847,5327
229539,847,5327
229538,847,5327
229537,847,5327
229536,847,5327
229535,847,5327
229534,847,5327
229533,847,5327
229532,847,5327
229531,847,5327
229530,847,5327
229529,847,5327
229527,847,5327
229526,847,5327
229525,847,5327
229524,847,5327
229523,847,5327
229522,847,5327
229521,847,5327
229520,847,5327
229519,847,5327
229518,847,5327
229517,847,5327
229516,847,5327
229514,847,5327
229515,847,5327
229553,847,5327
229554,847,5327
229513,847,5327
229555,847,5327
229556,847,5327
229557,847,5327
229559,847,5327
229558,847,5327
229560,847,5327
229561,847,5327
229562,847,5327
229563,847,5327
229564,847,5327
229565,847,5327
229566,847,5327
229567,847,5327
229568,847,5327
229569,847,5327
229570,847,5327
229571,847,5327
229572,847,5327
229573,847,5327
229574,847,5327
229575,847,5327
229576,847,5327
229577,847,5327
229578,847,5327
229579,847,5327
229580,847,5327
229581,847,5327
232279,847,5327
228468,847,5327
228467,847,5327
228469,847,5327
228476,847,5327
228477,847,5327
228475,847,5327
228474,847,5327
228484,847,5327
228486,847,5327
228485,847,5327
228487,847,5327
228492,847,5327
228494,847,5327
228493,847,5327
228495,847,5327
228502,847,5327
228504,847,5327
228503,847,5327
228505,847,5327
228515,847,5327
228510,847,5327
228512,847,5327
228511,847,5327
228513,847,5327
228522,847,5327
228524,847,5327
228530,847,5327
228532,847,5327
228533,847,5327
228539,847,5327
228541,847,5327
228540,847,5327
228542,847,5327
228549,847,5327
228551,847,5327
228550,847,5327
228552,847,5327
228557,847,5327
228559,847,5327
228558,847,5327
228560,847,5327
228567,847,5327
228570,847,5327
228568,847,5327
228571,847,5327
228577,847,5327
228579,847,5327
228578,847,5327
228580,847,5327
228589,847,5327
228588,847,5327
228590,847,5327
228595,847,5327
228597,847,5327
228596,847,5327
228598,847,5327
228606,847,5327
228605,847,5327
228607,847,5327
230192,847,5327
230198,847,5327
230204,847,5327
230210,847,5327
230216,847,5327
230222,847,5327
230228,847,5327
230234,847,5327
230240,847,5327
230246,847,5327
230252,847,5327
230258,847,5327
230264,847,5327
230270,847,5327
230276,847,5327
230282,847,5327
230288,847,5327
230294,847,5327
230300,847,5327
230306,847,5327
230312,847,5327
230318,847,5327
230324,847,5327
230330,847,5327
230336,847,5327
230342,847,5327
230348,847,5327
230354,847,5327
230360,847,5327
230366,847,5327
230372,847,5327
228531,847,5327
228587,847,5327
229351,847,5327
229358,847,5327
229395,847,5327
229552,847,5327
261882,418,11
261883,418,11
261884,418,11
261885,418,11
261886,418,11
261887,418,11
261888,418,11
261889,418,11
261890,418,11
261891,418,11
261892,418,11
261893,418,11
261894,418,11
261895,418,11
261896,418,11
261897,418,11
261898,418,11
261899,418,11
261900,418,11
261901,418,11
261902,418,11
261904,418,11
261903,418,11
261905,418,11
261906,418,11
261907,418,11
261908,418,11
261909,418,11
261910,418,11
261911,418,11
261912,418,11
261913,418,11
261914,418,11
261915,418,11
261916,418,11
261917,418,11
261918,418,11
261919,418,11
261920,418,11
261921,418,11
261922,418,11
261923,418,11
261924,418,11
261925,418,11
261926,418,11
261927,418,11
261928,418,11
261933,418,11
261929,418,11
261930,418,11
261931,418,11
261932,418,11
261934,418,11
261935,418,11
261936,418,11
261937,418,11
261938,418,11
261939,418,11
261940,418,11
261941,418,11
261942,418,11
261943,418,11
261944,418,11
261945,418,11
261946,418,11
261947,418,11
261948,418,11
261949,418,11
261953,418,11
261954,418,11
261950,418,11
261952,418,11
261951,418,11
261955,418,11
261956,418,11
261957,418,11
261958,418,11
261959,418,11
261960,418,11
261961,418,11
261966,418,11
261967,418,11
261968,418,11
261969,418,11
261970,418,11
261971,418,11
261972,418,11
261975,418,11
261976,418,11
261973,418,11
261974,418,11
261979,418,11
261977,418,11
261978,418,11
261980,418,11
261981,418,11
261982,418,11
261983,418,11
261984,418,11
261985,418,11
261986,418,11
261987,418,11
261988,418,11
261989,418,11
261990,418,11
261991,418,11
261992,418,11
261993,418,11
261994,418,11
261995,418,11
261996,418,11
261997,418,11
261998,418,11
261999,418,11
262000,418,11
262001,418,11
262003,418,11
262005,418,11
262006,418,11
262002,418,11
262004,418,11
262007,418,11
262008,418,11
262009,418,11
262010,418,11
262011,418,11
262012,418,11
262013,418,11
262014,418,11
262015,418,11
262016,418,11
262017,418,11
262018,418,11
262019,418,11
262020,418,11
262021,418,11
262022,418,11
262023,418,11
262024,418,11
262028,418,11
262025,418,11
262026,418,11
262027,418,11
262029,418,11
262030,418,11
262031,418,11
262032,418,11
262033,418,11
262034,418,11
262035,418,11
262036,418,11
262037,418,11
262038,418,11
262039,418,11
262040,418,11
262041,418,11
262058,418,11
262059,418,11
262060,418,11
262061,418,11
262062,418,11
262063,418,11
262064,418,11
262065,418,11
262066,418,11
262067,418,11
262068,418,11
262069,418,11
262070,418,11
262071,418,11
262072,418,11
262073,418,11
262074,418,11
262075,418,11
262076,418,11
262077,418,11
262078,418,11
262079,418,11
262080,418,11
262081,418,11
262082,418,11
262083,418,11
262084,418,11
262085,418,11
262086,418,11
262087,418,11
262088,418,11
262089,418,11
262090,418,11
262091,418,11
262092,418,11
262093,418,11
262094,418,11
262097,418,11
262095,418,11
262096,418,11
262098,418,11
262102,418,11
262099,418,11
262100,418,11
262101,418,11
262103,418,11
262105,418,11
262107,418,11
262104,418,11
262106,418,11
262108,418,11
262109,418,11
262110,418,11
262111,418,11
262112,418,11
262113,418,11
262114,418,11
262115,418,11
262116,418,11
262117,418,11
262118,418,11
262119,418,11
262120,418,11
262121,418,11
262126,418,11
262127,418,11
262122,418,11
262123,418,11
262124,418,11
262125,418,11
262046,418,11
262047,418,11
262048,418,11
262049,418,11
262050,418,11
262051,418,11
262052,418,11
262053,418,11
262054,418,11
262055,418,11
262056,418,11
262057,418,11
262142,418,11
262143,418,11
262144,418,11
262145,418,11
262146,418,11
262147,418,11
262148,418,11
262149,418,11
262150,418,11
262151,418,11
262152,418,11
262153,418,11
262154,418,11
262155,418,11
262156,418,11
262157,418,11
262158,418,11
262159,418,11
262160,418,11
262161,418,11
262162,418,11
262163,418,11
262164,418,11
262165,418,11
262166,418,11
262167,418,11
262168,418,11
262169,418,11
262170,418,11
262713,418,11
262509,418,11
262510,418,11
262511,418,11
262512,418,11
262513,418,11
262514,418,11
262515,418,11
262516,418,11
262517,418,11
262518,418,11
262519,418,11
262520,418,11
262521,418,11
262522,418,11
262523,418,11
262524,418,11
262525,418,11
262526,418,11
262527,418,11
262528,418,11
262529,418,11
262530,418,11
262531,418,11
262532,418,11
262533,418,11
262534,418,11
262536,418,11
262537,418,11
262538,418,11
262539,418,11
262540,418,11
262541,418,11
262535,418,11
262544,418,11
262542,418,11
262543,418,11
262545,418,11
262546,418,11
262547,418,11
262548,418,11
262549,418,11
262550,418,11
262551,418,11
262552,418,11
262553,418,11
262554,418,11
262555,418,11
262556,418,11
262557,418,11
262558,418,11
262559,418,11
262560,418,11
262561,418,11
262562,418,11
262563,418,11
262564,418,11
262565,418,11
262566,418,11
262567,418,11
262568,418,11
262569,418,11
262570,418,11
262571,418,11
262572,418,11
262573,418,11
262574,418,11
262579,418,11
262580,418,11
262581,418,11
262582,418,11
262583,418,11
262584,418,11
262585,418,11
262586,418,11
262587,418,11
262588,418,11
262589,418,11
262590,418,11
262591,418,11
262592,418,11
262593,418,11
262594,418,11
262595,418,11
262599,418,11
262596,418,11
262597,418,11
262598,418,11
262600,418,11
262601,418,11
262602,418,11
262603,418,11
262604,418,11
262605,418,11
262606,418,11
262607,418,11
262608,418,11
262609,418,11
262610,418,11
262611,418,11
262612,418,11
262616,418,11
262613,418,11
262614,418,11
262615,418,11
262617,418,11
262618,418,11
262619,418,11
262620,418,11
262621,418,11
262622,418,11
262623,418,11
262624,418,11
262625,418,11
262626,418,11
262627,418,11
262628,418,11
262629,418,11
262630,418,11
262634,418,11
262631,418,11
262632,418,11
262633,418,11
262635,418,11
262636,418,11
262637,418,11
262638,418,11
262639,418,11
262640,418,11
262641,418,11
262642,418,11
262643,418,11
262644,418,11
262645,418,11
262646,418,11
262647,418,11
262651,418,11
262652,418,11
262653,418,11
262654,418,11
262650,418,11
262649,418,11
262648,418,11
262660,418,11
262661,418,11
262662,418,11
262663,418,11
262664,418,11
262665,418,11
262669,418,11
262668,418,11
262666,418,11
262667,418,11
262670,418,11
262671,418,11
262672,418,11
262673,418,11
262674,418,11
262679,418,11
262680,418,11
262677,418,11
262678,418,11
262681,418,11
262682,418,11
262675,418,11
262676,418,11
262683,418,11
262684,418,11
262685,418,11
262686,418,11
262687,418,11
262688,418,11
262689,418,11
262690,418,11
262691,418,11
262692,418,11
262693,418,11
262694,418,11
262695,418,11
262696,418,11
262697,418,11
262698,418,11
262699,418,11
262700,418,11
262701,418,11
262702,418,11
262703,418,11
262659,418,11
262704,418,11
262705,418,11
262706,418,11
262707,418,11
262708,418,11
262719,418,11
262725,418,11
262731,418,11
262737,418,11
261872,418,11
261873,418,11
262132,418,11
262133,418,11
262312,418,11
262313,418,11
278100,884,15
278106,884,15
278112,884,15
278118,884,15
278124,884,15
278130,884,15
278136,884,15
278142,884,15
278148,884,15
278154,884,15
278160,884,15
278166,884,15
278172,884,15
278178,884,15
278184,884,15
278190,884,15
278196,884,15
278202,884,15
278208,884,15
278214,884,15
278220,884,15
278226,884,15
278232,884,15
278238,884,15
278244,884,15
278250,884,15
278256,884,15
278262,884,15
278268,884,15
278376,884,15
278375,884,15
278374,884,15
278373,884,15
278372,884,15
278371,884,15
278370,884,15
278369,884,15
278368,884,15
278367,884,15
278366,884,15
278365,884,15
278364,884,15
278363,884,15
278362,884,15
278361,884,15
278360,884,15
278359,884,15
278358,884,15
278357,884,15
278356,884,15
278355,884,15
278354,884,15
278353,884,15
278352,884,15
278351,884,15
278274,884,15
278350,884,15
278349,884,15
278377,884,15
278378,884,15
278379,884,15
278380,884,15
278381,884,15
278382,884,15
278383,884,15
278384,884,15
278385,884,15
278386,884,15
278387,884,15
278388,884,15
278389,884,15
278390,884,15
278391,884,15
278392,884,15
278393,884,15
278394,884,15
278395,884,15
278396,884,15
278397,884,15
278398,884,15
278399,884,15
278400,884,15
278401,884,15
278402,884,15
278403,884,15
278404,884,15
278405,884,15
278406,884,15
278407,884,15
278408,884,15
278409,884,15
278410,884,15
278345,884,15
278343,884,15
278341,884,15
278347,884,15
278348,884,15
278346,884,15
278344,884,15
278342,884,15
278452,884,15
278451,884,15
278450,884,15
278449,884,15
278448,884,15
278447,884,15
278446,884,15
278445,884,15
278444,884,15
278443,884,15
278442,884,15
278441,884,15
278440,884,15
278439,884,15
278438,884,15
278437,884,15
278280,884,15
278436,884,15
278433,884,15
278432,884,15
278434,884,15
278435,884,15
278431,884,15
278430,884,15
278429,884,15
278428,884,15
278427,884,15
278426,884,15
278425,884,15
278424,884,15
278423,884,15
278422,884,15
278421,884,15
278420,884,15
278419,884,15
278418,884,15
278417,884,15
278416,884,15
278453,884,15
278454,884,15
278455,884,15
278456,884,15
278457,884,15
278458,884,15
278459,884,15
278460,884,15
278461,884,15
278462,884,15
278463,884,15
278464,884,15
278465,884,15
278466,884,15
278467,884,15
278468,884,15
278469,884,15
278470,884,15
278471,884,15
278472,884,15
278473,884,15
278474,884,15
278475,884,15
278476,884,15
278477,884,15
278478,884,15
278479,884,15
278480,884,15
278481,884,15
278482,884,15
278483,884,15
278484,884,15
278485,884,15
278486,884,15
278487,884,15
278488,884,15
278489,884,15
278490,884,15
278529,884,15
278528,884,15
278526,884,15
278525,884,15
278524,884,15
278523,884,15
278522,884,15
278521,884,15
278520,884,15
278519,884,15
278518,884,15
278517,884,15
278516,884,15
278515,884,15
278514,884,15
278513,884,15
278512,884,15
278511,884,15
278510,884,15
278509,884,15
278508,884,15
278507,884,15
278506,884,15
278505,884,15
278504,884,15
278503,884,15
278502,884,15
278501,884,15
278500,884,15
278499,884,15
278498,884,15
278497,884,15
278496,884,15
278495,884,15
278494,884,15
278532,884,15
278533,884,15
278534,884,15
278535,884,15
278536,884,15
278537,884,15
278538,884,15
278539,884,15
278540,884,15
278541,884,15
278542,884,15
278543,884,15
278544,884,15
278545,884,15
278546,884,15
278547,884,15
278568,884,15
278566,884,15
278563,884,15
278562,884,15
278561,884,15
278560,884,15
278559,884,15
278558,884,15
278556,884,15
278557,884,15
278555,884,15
278554,884,15
278553,884,15
278552,884,15
278551,884,15
278550,884,15
278567,884,15
278530,884,15
278548,884,15
278564,884,15
278549,884,15
278565,884,15
278531,884,15
278076,884,15
278082,884,15
278088,884,15
267808,884,15
267809,884,15
267810,884,15
267811,884,15
267812,884,15
267813,884,15
267814,884,15
267815,884,15
267816,884,15
267817,884,15
267818,884,15
267819,884,15
267820,884,15
267821,884,15
267822,884,15
267823,884,15
267824,884,15
267825,884,15
267826,884,15
267827,884,15
267828,884,15
267829,884,15
267830,884,15
267831,884,15
267832,884,15
267833,884,15
267834,884,15
267837,884,15
267835,884,15
267838,884,15
267836,884,15
267841,884,15
267839,884,15
267840,884,15
267842,884,15
267843,884,15
267844,884,15
267845,884,15
267846,884,15
267847,884,15
267848,884,15
267849,884,15
267850,884,15
267851,884,15
267852,884,15
267853,884,15
267854,884,15
267856,884,15
267855,884,15
267857,884,15
267746,884,15
267745,884,15
267744,884,15
267743,884,15
267742,884,15
267741,884,15
267740,884,15
267739,884,15
267738,884,15
267737,884,15
267736,884,15
267735,884,15
267734,884,15
267733,884,15
267747,884,15
267748,884,15
267749,884,15
267750,884,15
267751,884,15
267752,884,15
267753,884,15
267754,884,15
267755,884,15
267756,884,15
267757,884,15
267758,884,15
267759,884,15
267760,884,15
267761,884,15
267762,884,15
267763,884,15
267764,884,15
267765,884,15
267766,884,15
267767,884,15
267768,884,15
267770,884,15
267771,884,15
267769,884,15
267772,884,15
267773,884,15
267774,884,15
267775,884,15
267776,884,15
267777,884,15
267778,884,15
267779,884,15
267780,884,15
267781,884,15
267782,884,15
267783,884,15
267784,884,15
267785,884,15
267786,884,15
267787,884,15
267788,884,15
267789,884,15
267790,884,15
267791,884,15
267792,884,15
267793,884,15
267804,884,15
267798,884,15
267794,884,15
267801,884,15
267802,884,15
267799,884,15
267800,884,15
267803,884,15
267796,884,15
267795,884,15
267797,884,15
267680,884,15
267681,884,15
267674,884,15
267673,884,15
267672,884,15
267671,884,15
267670,884,15
267669,884,15
267668,884,15
267667,884,15
267666,884,15
267665,884,15
267678,884,15
267677,884,15
267676,884,15
267675,884,15
267664,884,15
267662,884,15
267663,884,15
267660,884,15
267661,884,15
267683,884,15
267682,884,15
267679,884,15
267686,884,15
267687,884,15
267688,884,15
267689,884,15
267690,884,15
267691,884,15
267692,884,15
267693,884,15
267694,884,15
267695,884,15
267696,884,15
267697,884,15
267698,884,15
267702,884,15
267701,884,15
267703,884,15
267700,884,15
267699,884,15
267704,884,15
267705,884,15
267706,884,15
267707,884,15
267708,884,15
267709,884,15
267710,884,15
267711,884,15
267712,884,15
267713,884,15
267714,884,15
267715,884,15
267716,884,15
267717,884,15
267718,884,15
267719,884,15
267720,884,15
267721,884,15
267722,884,15
267723,884,15
267724,884,15
267725,884,15
267726,884,15
267727,884,15
267728,884,15
267729,884,15
267652,884,15
267651,884,15
267650,884,15
267649,884,15
267648,884,15
267647,884,15
267646,884,15
267645,884,15
267644,884,15
267643,884,15
267642,884,15
267641,884,15
267640,884,15
267639,884,15
267638,884,15
267637,884,15
267636,884,15
267633,884,15
267632,884,15
267634,884,15
267635,884,15
267626,884,15
267625,884,15
267654,884,15
267627,884,15
267628,884,15
267629,884,15
267630,884,15
267631,884,15
267618,884,15
267653,884,15
267619,884,15
267620,884,15
267621,884,15
267622,884,15
267623,884,15
267624,884,15
267616,884,15
267617,884,15
267611,884,15
267610,884,15
267613,884,15
267612,884,15
267609,884,15
267608,884,15
267607,884,15
267606,884,15
267605,884,15
267604,884,15
267603,884,15
267602,884,15
267601,884,15
267600,884,15
267599,884,15
267598,884,15
267597,884,15
267596,884,15
267595,884,15
267594,884,15
267593,884,15
267592,884,15
267591,884,15
267590,884,15
267589,884,15
267586,884,15
267587,884,15
267588,884,15
267585,884,15
267584,884,15
267583,884,15
267582,884,15
267581,884,15
267580,884,15
267579,884,15
267577,884,15
267578,884,15
267576,884,15
267575,884,15
267574,884,15
267573,884,15
267572,884,15
267571,884,15
267570,884,15
267569,884,15
267568,884,15
267567,884,15
267566,884,15
267565,884,15
267564,884,15
267563,884,15
267562,884,15
267561,884,15
267560,884,15
267559,884,15
267558,884,15
267557,884,15
267550,884,15
267549,884,15
267548,884,15
267547,884,15
267546,884,15
267545,884,15
267544,884,15
267543,884,15
267542,884,15
267541,884,15
267540,884,15
267538,884,15
267539,884,15
267537,884,15
267536,884,15
267535,884,15
267534,884,15
267533,884,15
267532,884,15
267531,884,15
267530,884,15
267529,884,15
267528,884,15
267527,884,15
267526,884,15
267525,884,15
267524,884,15
267523,884,15
267552,884,15
267551,884,15
267522,884,15
267493,884,15
267492,884,15
267494,884,15
267495,884,15
267496,884,15
267497,884,15
267498,884,15
267499,884,15
267500,884,15
267501,884,15
267502,884,15
267503,884,15
267504,884,15
267505,884,15
267506,884,15
267507,884,15
267508,884,15
267511,884,15
267510,884,15
267509,884,15
267512,884,15
267513,884,15
267514,884,15
267519,884,15
267515,884,15
267520,884,15
267518,884,15
267517,884,15
267516,884,15
267521,884,15
267322,884,15
267316,884,15
267310,884,15
267304,884,15
267298,884,15
267292,884,15
267286,884,15
267280,884,15
267274,884,15
267268,884,15
267262,884,15
267256,884,15
267250,884,15
267244,884,15
267238,884,15
267232,884,15
267226,884,15
267220,884,15
267214,884,15
267208,884,15
267202,884,15
267196,884,15
267190,884,15
267184,884,15
267178,884,15
267172,884,15
267166,884,15
267160,884,15
267154,884,15
267148,884,15
267142,884,15
267136,884,15
267130,884,15
267124,884,15
267118,884,15
267615,884,15
267614,884,15
267685,884,15
267684,884,15
278094,884,15
278527,884,15
316137,884,15
316138,884,15
267864,884,15
267866,884,15
266707,884,15
266699,884,15
266700,884,15
266785,884,15
266793,884,15
266786,884,15
268885,885,12
268886,885,12
268075,885,12
268077,885,12
268019,885,12
268020,885,12
268013,885,12
268015,885,12
268014,885,12
268016,885,12
268008,885,12
268007,885,12
268010,885,12
268009,885,12
268001,885,12
268003,885,12
267993,885,12
267998,885,12
272683,885,12
272684,885,12
272685,885,12
272686,885,12
268090,885,12
268091,885,12
268093,885,12
268092,885,12
268074,885,12
268076,885,12
268071,885,12
268066,885,12
268061,885,12
268060,885,12
268062,885,12
268063,885,12
268043,885,12
268048,885,12
268053,885,12
268057,885,12
268096,885,12
268099,885,12
268102,885,12
268035,885,12
267997,885,12
267996,885,12
268024,885,12
268023,885,12
268025,885,12
268029,885,12
268030,885,12
268031,885,12
268034,885,12
268038,885,12
268039,885,12
268042,885,12
268044,885,12
268047,885,12
268049,885,12
268052,885,12
268054,885,12
268067,885,12
268068,885,12
268070,885,12
268069,885,12
268105,885,12
268106,885,12
267988,885,12
267990,885,12
267987,885,12
267989,885,12
267979,885,12
268128,885,12
268118,885,12
268123,885,12
268148,885,12
268188,885,12
267980,885,12
267975,885,12
267984,885,12
268153,885,12
267978,885,12
268268,885,12
268158,885,12
268163,885,12
268168,885,12
268173,885,12
268178,885,12
268183,885,12
268193,885,12
268198,885,12
268203,885,12
268208,885,12
268213,885,12
268218,885,12
268223,885,12
268228,885,12
268233,885,12
268238,885,12
268243,885,12
268248,885,12
268253,885,12
268258,885,12
268263,885,12
268283,885,12
268273,885,12
268278,885,12
268288,885,12
268293,885,12
268298,885,12
267973,885,12
267983,885,12
267995,885,12
267994,885,12
267974,885,12
268026,885,12
268113,885,12
268133,885,12
268138,885,12
268143,885,12
268080,885,12
268082,885,12
268081,885,12
268083,885,12
268004,885,12
268002,885,12
268109,885,12
268110,885,12
268086,885,12
268087,885,12
269136,890,12
269137,890,12
269138,890,12
268993,890,12
268994,890,12
268995,890,12
269120,890,12
269127,890,12
268984,890,12
268983,890,12
268889,890,12
268891,890,12
268890,890,12
268892,890,12
268958,890,12
268954,890,12
269757,890,12
269098,890,12
269059,890,12
268969,890,12
268968,890,12
268967,890,12
268917,890,12
268918,890,12
269139,890,12
269122,890,12
269123,890,12
269121,890,12
269125,890,12
269126,890,12
268928,890,12
269124,890,12
269108,890,12
269110,890,12
269107,890,12
269109,890,12
269111,890,12
269087,890,12
269084,890,12
269085,890,12
269082,890,12
269088,890,12
269089,890,12
269086,890,12
269083,890,12
269068,890,12
269072,890,12
269070,890,12
269069,890,12
269073,890,12
269071,890,12
269049,890,12
269047,890,12
269046,890,12
269044,890,12
269050,890,12
269043,890,12
269045,890,12
269048,890,12
269033,890,12
269034,890,12
269032,890,12
269031,890,12
269019,890,12
269022,890,12
269021,890,12
269020,890,12
269009,890,12
269010,890,12
269008,890,12
269006,890,12
269007,890,12
268952,890,12
268955,890,12
268951,890,12
268953,890,12
268942,890,12
268930,890,12
268931,890,12
268933,890,12
268932,890,12
268927,890,12
268929,890,12
268907,890,12
268906,890,12
268901,890,12
268902,890,12
268908,890,12
268904,890,12
268903,890,12
268905,890,12
196950,798,12
196949,798,12
269370,890,12
269364,890,12
269358,890,12
269352,890,12
269346,890,12
269340,890,12
269334,890,12
269328,890,12
269322,890,12
269316,890,12
269310,890,12
269304,890,12
269298,890,12
269292,890,12
269286,890,12
269280,890,12
269274,890,12
269268,890,12
269262,890,12
269256,890,12
269250,890,12
269244,890,12
269238,890,12
269232,890,12
269226,890,12
269220,890,12
269214,890,12
269208,890,12
269202,890,12
269196,890,12
269190,890,12
269184,890,12
269178,890,12
269172,890,12
269166,890,12
269160,890,12
269154,890,12
269148,890,12
269719,890,12
269720,890,12
269721,890,12
269722,890,12
269717,890,12
269718,890,12
269716,890,12
269715,890,12
269714,890,12
269713,890,12
269712,890,12
269711,890,12
269710,890,12
269709,890,12
269708,890,12
269707,890,12
269706,890,12
269705,890,12
269704,890,12
269703,890,12
269702,890,12
269701,890,12
269700,890,12
269699,890,12
269698,890,12
269697,890,12
269694,890,12
269693,890,12
269695,890,12
269696,890,12
269692,890,12
269691,890,12
269690,890,12
269689,890,12
269688,890,12
269687,890,12
269686,890,12
269685,890,12
269684,890,12
269683,890,12
269682,890,12
269681,890,12
269680,890,12
269678,890,12
269679,890,12
269677,890,12
269676,890,12
269675,890,12
269674,890,12
269673,890,12
269672,890,12
269671,890,12
269670,890,12
269669,890,12
269668,890,12
269666,890,12
269667,890,12
269664,890,12
269665,890,12
269663,890,12
269662,890,12
269661,890,12
269657,890,12
269656,890,12
269655,890,12
269654,890,12
269653,890,12
269652,890,12
269651,890,12
269650,890,12
269649,890,12
269648,890,12
269646,890,12
269647,890,12
269645,890,12
269644,890,12
269643,890,12
269642,890,12
269641,890,12
269640,890,12
269639,890,12
269638,890,12
269637,890,12
269636,890,12
269635,890,12
269634,890,12
269633,890,12
269632,890,12
269631,890,12
269630,890,12
269629,890,12
269628,890,12
269627,890,12
269626,890,12
269625,890,12
269624,890,12
269623,890,12
269621,890,12
269622,890,12
269620,890,12
269619,890,12
269618,890,12
269617,890,12
269616,890,12
269615,890,12
269614,890,12
269613,890,12
269612,890,12
269611,890,12
269610,890,12
269609,890,12
269608,890,12
269607,890,12
269606,890,12
269605,890,12
269604,890,12
269603,890,12
269602,890,12
269601,890,12
269600,890,12
269599,890,12
269598,890,12
269597,890,12
269596,890,12
269595,890,12
269592,890,12
269593,890,12
269594,890,12
269589,890,12
269586,890,12
269591,890,12
269587,890,12
269590,890,12
269585,890,12
269584,890,12
269588,890,12
269582,890,12
269583,890,12
269581,890,12
269580,890,12
269579,890,12
269578,890,12
269577,890,12
269576,890,12
269575,890,12
269574,890,12
269573,890,12
269572,890,12
269571,890,12
269570,890,12
269569,890,12
269561,890,12
269564,890,12
269563,890,12
269562,890,12
269560,890,12
269559,890,12
269558,890,12
269557,890,12
269556,890,12
269555,890,12
269554,890,12
269553,890,12
269552,890,12
269551,890,12
269550,890,12
269549,890,12
269548,890,12
269547,890,12
269546,890,12
269543,890,12
269544,890,12
269545,890,12
269542,890,12
269541,890,12
269540,890,12
269539,890,12
269538,890,12
269537,890,12
269536,890,12
269523,890,12
269524,890,12
269525,890,12
269526,890,12
269527,890,12
269528,890,12
269529,890,12
269530,890,12
269531,890,12
269522,890,12
269520,890,12
269521,890,12
269518,890,12
269519,890,12
269532,890,12
269533,890,12
269534,890,12
269535,890,12
269517,890,12
269516,890,12
269515,890,12
269514,890,12
269513,890,12
269512,890,12
269479,890,12
269478,890,12
269480,890,12
269481,890,12
269483,890,12
269484,890,12
269487,890,12
269486,890,12
269482,890,12
269485,890,12
269489,890,12
269490,890,12
269488,890,12
269501,890,12
269500,890,12
269499,890,12
269498,890,12
269504,890,12
269502,890,12
269495,890,12
269494,890,12
269493,890,12
269492,890,12
269491,890,12
269506,890,12
269497,890,12
269505,890,12
269496,890,12
269503,890,12
269507,890,12
269508,890,12
269509,890,12
269510,890,12
269511,890,12
269474,890,12
269473,890,12
269472,890,12
269471,890,12
269470,890,12
269469,890,12
269468,890,12
269467,890,12
269466,890,12
269465,890,12
269464,890,12
269463,890,12
269462,890,12
269417,890,12
269461,890,12
269460,890,12
269459,890,12
269458,890,12
269457,890,12
269456,890,12
269455,890,12
269454,890,12
269453,890,12
269452,890,12
269451,890,12
269416,890,12
269450,890,12
269449,890,12
269448,890,12
269447,890,12
269446,890,12
269445,890,12
269444,890,12
269443,890,12
269442,890,12
269439,890,12
269440,890,12
269441,890,12
269438,890,12
269437,890,12
269436,890,12
269415,890,12
269435,890,12
269434,890,12
269433,890,12
269432,890,12
269431,890,12
269430,890,12
269429,890,12
269428,890,12
269427,890,12
269426,890,12
269425,890,12
269424,890,12
269414,890,12
269413,890,12
269412,890,12
269410,890,12
269411,890,12
269423,890,12
269422,890,12
269421,890,12
269420,890,12
269419,890,12
269418,890,12
268881,889,12
268834,889,12
268836,889,12
268835,889,12
268811,889,12
268815,889,12
268812,889,12
268813,889,12
268814,889,12
268851,889,12
268845,889,12
268859,889,12
268860,889,12
268858,889,12
268857,889,12
268861,889,12
268862,889,12
268863,889,12
268864,889,12
268865,889,12
268866,889,12
268867,889,12
268868,889,12
268869,889,12
268870,889,12
268872,889,12
268873,889,12
268871,889,12
268795,888,12
268791,888,12
268792,888,12
268803,888,12
268798,888,12
302178,888,12
302179,888,12
302180,888,12
302181,888,12
302183,888,12
302184,888,12
302182,888,12
268824,889,12
268810,889,12
268808,889,12
268825,889,12
268997,890,12
268981,890,12
268979,890,12
268957,890,12
268956,890,12
268996,890,12
268980,890,12
269766,890,12
278301,884,15
278306,884,15
278311,884,15
278316,884,15
278321,884,15
278286,884,15
278291,884,15
278296,884,15
278326,884,15
278331,884,15
278336,884,15
278002,884,15
278005,884,15
278006,884,15
278012,884,15
278010,884,15
278016,884,15
278014,884,15
278020,884,15
278021,884,15
278022,884,15
278027,884,15
278028,884,15
278025,884,15
278026,884,15
278032,884,15
278031,884,15
278034,884,15
278033,884,15
278039,884,15
278040,884,15
278041,884,15
278042,884,15
278045,884,15
278046,884,15
278051,884,15
278052,884,15
278053,884,15
278054,884,15
278049,884,15
278050,884,15
278060,884,15
278061,884,15
278064,884,15
278065,884,15
278062,884,15
278063,884,15
278068,884,15
278069,884,15
278072,884,15
278073,884,15
278000,884,15
277999,884,15
278001,884,15
278004,884,15
278007,884,15
278011,884,15
278009,884,15
278017,884,15
278015,884,15
278019,884,15
277869,884,15
267328,884,15
267333,884,15
267338,884,15
267343,884,15
267348,884,15
267353,884,15
267358,884,15
267363,884,15
267368,884,15
267373,884,15
267378,884,15
267383,884,15
267388,884,15
267393,884,15
267398,884,15
267403,884,15
267408,884,15
267413,884,15
267418,884,15
267423,884,15
267428,884,15
267433,884,15
266958,884,15
266960,884,15
266961,884,15
266962,884,15
266959,884,15
266965,884,15
266966,884,15
266970,884,15
266967,884,15
266968,884,15
266969,884,15
266973,884,15
266976,884,15
266978,884,15
266977,884,15
266979,884,15
266980,884,15
266983,884,15
266984,884,15
266987,884,15
266988,884,15
266989,884,15
266990,884,15
266995,884,15
266996,884,15
266993,884,15
266994,884,15
267001,884,15
267002,884,15
266999,884,15
267000,884,15
267007,884,15
267005,884,15
267006,884,15
267008,884,15
267014,884,15
267015,884,15
267012,884,15
267013,884,15
267011,884,15
267016,884,15
267019,884,15
267020,884,15
267021,884,15
267022,884,15
267025,884,15
267026,884,15
267032,884,15
267029,884,15
267033,884,15
267030,884,15
267031,884,15
267036,884,15
267039,884,15
267040,884,15
267041,884,15
267042,884,15
267046,884,15
267048,884,15
267045,884,15
267047,884,15
267053,884,15
267054,884,15
267051,884,15
267052,884,15
267060,884,15
267058,884,15
267059,884,15
267057,884,15
267065,884,15
267066,884,15
267067,884,15
267068,884,15
267063,884,15
267064,884,15
267073,884,15
267074,884,15
267071,884,15
267072,884,15
267077,884,15
267078,884,15
267080,884,15
267079,884,15
267084,884,15
267083,884,15
267087,884,15
267088,884,15
273250,884,15
267091,884,15
267097,884,15
267095,884,15
267096,884,15
267100,884,15
267101,884,15
267104,884,15
267105,884,15
267106,884,15
267110,884,15
273251,884,15
267109,884,15
267114,884,15
267115,884,15
304353,884,15
304354,884,15
286663,914,3828
286664,914,3828
286665,914,3828
286666,914,3828
286667,914,3828
286668,914,3828
286669,914,3828
286670,914,3828
286671,914,3828
286672,914,3828
286673,914,3828
286675,914,3828
286676,914,3828
286674,914,3828
286677,914,3828
286679,914,3828
286678,914,3828
286680,914,3828
286682,914,3828
286683,914,3828
286684,914,3828
286681,914,3828
286686,914,3828
286688,914,3828
286685,914,3828
286687,914,3828
286689,914,3828
286693,914,3828
286694,914,3828
286690,914,3828
285857,914,3828
286692,914,3828
286691,914,3828
286695,914,3828
286696,914,3828
286697,914,3828
286698,914,3828
286699,914,3828
285870,914,3828
285867,914,3828
285854,914,3828
285840,914,3828
285828,914,3828
285814,914,3828
285810,914,3828
285799,914,3828
285852,914,3828
285855,914,3828
285856,914,3828
285853,914,3828
285868,914,3828
285869,914,3828
285866,914,3828
285797,914,3828
285798,914,3828
285800,914,3828
285809,914,3828
285811,914,3828
285812,914,3828
285813,914,3828
285826,914,3828
285827,914,3828
285837,914,3828
285838,914,3828
285839,914,3828
285842,914,3828
285843,914,3828
286805,914,3828
288129,915,3828
288132,915,3828
288130,915,3828
288133,915,3828
288120,915,3828
288122,915,3828
288121,915,3828
288131,915,3828
288111,915,3828
288112,915,3828
288113,915,3828
288107,915,3828
288108,915,3828
288104,915,3828
288102,915,3828
288103,915,3828
288098,915,3828
288099,915,3828
288095,915,3828
288093,915,3828
288094,915,3828
288089,915,3828
288090,915,3828
288074,915,3828
288079,915,3828
288069,915,3828
288068,915,3828
288071,915,3828
288070,915,3828
288062,915,3828
288063,915,3828
288064,915,3828
288065,915,3828
288057,915,3828
288059,915,3828
288056,915,3828
288058,915,3828
288051,915,3828
288050,915,3828
288053,915,3828
288052,915,3828
288043,915,3828
288047,915,3828
288042,915,3828
288046,915,3828
288036,915,3828
288038,915,3828
288037,915,3828
288039,915,3828
288031,915,3828
288033,915,3828
288030,915,3828
288032,915,3828
288027,915,3828
288025,915,3828
288026,915,3828
288017,915,3828
288016,915,3828
288018,915,3828
288012,915,3828
288013,915,3828
288009,915,3828
288008,915,3828
288001,915,3828
288002,915,3828
288003,915,3828
288005,915,3828
288004,915,3828
287996,915,3828
287998,915,3828
287997,915,3828
287992,915,3828
287991,915,3828
287993,915,3828
287982,915,3828
287984,915,3828
287983,915,3828
287977,915,3828
287979,915,3828
287978,915,3828
287974,915,3828
287972,915,3828
287973,915,3828
287968,915,3828
287969,915,3828
287965,915,3828
287960,915,3828
287961,915,3828
287962,915,3828
287956,915,3828
287957,915,3828
287953,915,3828
287949,915,3828
287950,915,3828
287948,915,3828
287944,915,3828
287945,915,3828
287943,915,3828
287939,915,3828
287940,915,3828
287938,915,3828
287920,915,3828
287919,915,3828
287922,915,3828
287921,915,3828
287911,915,3828
287915,915,3828
287914,915,3828
287916,915,3828
287906,915,3828
287908,915,3828
287905,915,3828
287907,915,3828
287900,915,3828
287902,915,3828
287899,915,3828
287901,915,3828
288331,915,3828
288326,915,3828
288321,915,3828
288316,915,3828
288311,915,3828
288306,915,3828
288301,915,3828
288296,915,3828
288291,915,3828
288286,915,3828
288281,915,3828
288276,915,3828
288271,915,3828
288266,915,3828
288261,915,3828
288256,915,3828
288251,915,3828
288246,915,3828
288241,915,3828
288236,915,3828
288231,915,3828
288226,915,3828
288221,915,3828
288216,915,3828
288211,915,3828
288206,915,3828
288201,915,3828
288196,915,3828
288191,915,3828
288186,915,3828
288181,915,3828
288176,915,3828
288171,915,3828
288166,915,3828
288161,915,3828
288156,915,3828
288151,915,3828
288146,915,3828
288141,915,3828
288136,915,3828
287988,915,3828
287987,915,3828
288086,915,3828
288084,915,3828
288083,915,3828
288082,915,3828
288085,915,3828
288077,915,3828
288076,915,3828
288075,915,3828
288045,915,3828
288044,915,3828
288125,915,3828
288126,915,3828
288022,915,3828
288021,915,3828
288117,915,3828
288116,915,3828
288078,915,3828
287935,915,3828
287933,915,3828
287932,915,3828
287931,915,3828
287934,915,3828
287927,915,3828
287926,915,3828
287925,915,3828
287928,915,3828
287913,915,3828
287912,915,3828
286806,914,3828
287031,914,3828
287032,914,3828
287030,914,3828
287029,914,3828
287027,914,3828
287026,914,3828
287028,914,3828
287025,914,3828
287020,914,3828
287019,914,3828
287018,914,3828
287017,914,3828
287016,914,3828
287011,914,3828
287012,914,3828
287015,914,3828
287013,914,3828
287005,914,3828
287008,914,3828
287006,914,3828
287007,914,3828
287009,914,3828
287010,914,3828
287002,914,3828
287003,914,3828
286997,914,3828
286998,914,3828
286999,914,3828
286992,914,3828
286995,914,3828
286993,914,3828
286994,914,3828
286996,914,3828
286990,914,3828
286991,914,3828
286989,914,3828
286985,914,3828
286988,914,3828
286986,914,3828
286987,914,3828
286982,914,3828
286984,914,3828
286983,914,3828
286977,914,3828
286980,914,3828
286978,914,3828
286979,914,3828
286981,914,3828
286975,914,3828
286976,914,3828
286973,914,3828
286972,914,3828
286974,914,3828
286970,914,3828
286971,914,3828
286969,914,3828
286968,914,3828
286961,914,3828
286964,914,3828
286962,914,3828
286963,914,3828
286967,914,3828
286960,914,3828
286959,914,3828
286958,914,3828
286957,914,3828
286956,914,3828
286955,914,3828
286954,914,3828
286953,914,3828
286950,914,3828
286951,914,3828
286952,914,3828
286949,914,3828
286948,914,3828
286947,914,3828
286945,914,3828
286946,914,3828
286937,914,3828
286939,914,3828
286938,914,3828
286932,914,3828
286935,914,3828
286933,914,3828
286934,914,3828
286936,914,3828
286929,914,3828
286930,914,3828
286931,914,3828
286926,914,3828
286928,914,3828
286927,914,3828
286924,914,3828
286925,914,3828
286920,914,3828
286921,914,3828
286922,914,3828
286923,914,3828
286917,914,3828
286918,914,3828
286919,914,3828
286915,914,3828
286914,914,3828
286912,914,3828
286913,914,3828
286907,914,3828
286910,914,3828
286908,914,3828
286909,914,3828
286911,914,3828
286903,914,3828
286904,914,3828
286906,914,3828
286905,914,3828
286901,914,3828
286902,914,3828
286898,914,3828
286899,914,3828
286900,914,3828
286893,914,3828
286894,914,3828
286895,914,3828
286897,914,3828
286890,914,3828
286891,914,3828
286892,914,3828
286888,914,3828
286889,914,3828
286887,914,3828
286885,914,3828
286884,914,3828
286886,914,3828
286882,914,3828
286883,914,3828
286880,914,3828
286881,914,3828
286877,914,3828
286878,914,3828
286879,914,3828
286871,914,3828
286872,914,3828
286873,914,3828
286870,914,3828
286868,914,3828
286867,914,3828
286869,914,3828
286866,914,3828
286865,914,3828
286864,914,3828
286863,914,3828
286861,914,3828
286862,914,3828
286860,914,3828
286858,914,3828
286859,914,3828
286857,914,3828
286855,914,3828
286853,914,3828
286852,914,3828
286854,914,3828
286856,914,3828
286846,914,3828
286848,914,3828
286847,914,3828
286849,914,3828
286851,914,3828
286850,914,3828
286845,914,3828
286843,914,3828
286844,914,3828
286839,914,3828
286842,914,3828
286840,914,3828
286841,914,3828
286833,914,3828
286835,914,3828
286834,914,3828
286836,914,3828
286837,914,3828
286838,914,3828
286832,914,3828
286831,914,3828
286830,914,3828
286829,914,3828
286828,914,3828
286827,914,3828
286826,914,3828
286825,914,3828
286821,914,3828
286823,914,3828
286822,914,3828
286824,914,3828
286820,914,3828
286819,914,3828
286818,914,3828
286815,914,3828
286813,914,3828
286812,914,3828
286814,914,3828
286816,914,3828
286817,914,3828
286810,914,3828
286811,914,3828
286809,914,3828
286808,914,3828
287023,914,3828
287021,914,3828
287022,914,3828
287024,914,3828
307925,914,3828
308170,914,3828
286896,914,3828
308171,914,3828
308174,914,3828
308175,914,3828
308172,914,3828
308173,914,3828
308179,914,3828
308178,914,3828
308185,914,3828
308186,914,3828
308187,914,3828
308188,914,3828
287884,914,3828
287883,914,3828
287882,914,3828
287881,914,3828
287880,914,3828
287879,914,3828
287878,914,3828
287877,914,3828
287876,914,3828
287875,914,3828
287874,914,3828
287873,914,3828
287872,914,3828
287871,914,3828
287870,914,3828
287869,914,3828
287868,914,3828
287867,914,3828
287866,914,3828
287865,914,3828
287864,914,3828
287863,914,3828
287862,914,3828
287861,914,3828
287860,914,3828
287859,914,3828
287858,914,3828
287857,914,3828
287856,914,3828
287855,914,3828
287854,914,3828
287853,914,3828
287852,914,3828
287851,914,3828
287850,914,3828
287849,914,3828
287848,914,3828
287847,914,3828
287846,914,3828
287845,914,3828
287844,914,3828
287843,914,3828
287842,914,3828
287841,914,3828
287840,914,3828
287839,914,3828
287838,914,3828
287837,914,3828
287836,914,3828
287835,914,3828
287834,914,3828
287833,914,3828
287832,914,3828
287831,914,3828
287830,914,3828
287829,914,3828
287828,914,3828
287827,914,3828
287826,914,3828
287825,914,3828
287822,914,3828
287821,914,3828
287820,914,3828
287819,914,3828
287818,914,3828
287817,914,3828
287816,914,3828
287815,914,3828
287814,914,3828
287813,914,3828
287812,914,3828
287811,914,3828
287810,914,3828
287809,914,3828
287808,914,3828
287807,914,3828
287806,914,3828
287805,914,3828
287804,914,3828
287803,914,3828
287802,914,3828
287801,914,3828
287800,914,3828
287799,914,3828
287798,914,3828
287797,914,3828
287796,914,3828
287795,914,3828
287794,914,3828
287793,914,3828
287792,914,3828
287791,914,3828
287790,914,3828
287789,914,3828
287788,914,3828
287787,914,3828
287786,914,3828
287785,914,3828
287784,914,3828
287783,914,3828
287782,914,3828
287781,914,3828
287780,914,3828
287779,914,3828
287778,914,3828
287777,914,3828
287776,914,3828
287775,914,3828
287774,914,3828
287773,914,3828
287772,914,3828
287771,914,3828
287770,914,3828
287769,914,3828
287768,914,3828
287767,914,3828
287766,914,3828
287765,914,3828
287764,914,3828
287763,914,3828
287762,914,3828
287759,914,3828
287758,914,3828
287757,914,3828
287756,914,3828
287755,914,3828
287754,914,3828
287753,914,3828
287752,914,3828
287751,914,3828
287750,914,3828
287749,914,3828
287748,914,3828
287747,914,3828
287746,914,3828
287745,914,3828
287744,914,3828
287743,914,3828
287742,914,3828
287741,914,3828
287740,914,3828
287739,914,3828
287738,914,3828
287737,914,3828
287736,914,3828
287735,914,3828
287734,914,3828
287733,914,3828
287732,914,3828
287731,914,3828
287730,914,3828
287729,914,3828
287728,914,3828
287727,914,3828
287726,914,3828
287725,914,3828
287724,914,3828
287723,914,3828
287722,914,3828
287721,914,3828
287720,914,3828
287719,914,3828
287718,914,3828
287717,914,3828
287716,914,3828
287715,914,3828
287714,914,3828
287713,914,3828
287712,914,3828
287711,914,3828
287710,914,3828
287709,914,3828
287708,914,3828
287707,914,3828
287706,914,3828
287705,914,3828
287704,914,3828
287703,914,3828
287702,914,3828
287700,914,3828
287701,914,3828
287699,914,3828
287698,914,3828
287697,914,3828
287696,914,3828
287695,914,3828
287692,914,3828
287691,914,3828
287690,914,3828
287689,914,3828
287688,914,3828
287687,914,3828
287686,914,3828
287685,914,3828
287684,914,3828
287683,914,3828
287682,914,3828
287681,914,3828
287680,914,3828
287679,914,3828
287678,914,3828
287677,914,3828
287676,914,3828
287675,914,3828
287674,914,3828
287673,914,3828
287672,914,3828
287671,914,3828
287670,914,3828
287669,914,3828
287668,914,3828
287667,914,3828
287666,914,3828
287665,914,3828
287664,914,3828
287663,914,3828
287662,914,3828
287661,914,3828
287660,914,3828
287659,914,3828
287658,914,3828
287657,914,3828
287656,914,3828
287655,914,3828
287654,914,3828
287653,914,3828
287652,914,3828
287651,914,3828
287650,914,3828
287649,914,3828
287648,914,3828
287647,914,3828
287646,914,3828
287645,914,3828
287644,914,3828
287643,914,3828
287642,914,3828
287641,914,3828
287640,914,3828
287639,914,3828
287638,914,3828
287637,914,3828
287636,914,3828
287635,914,3828
287634,914,3828
287633,914,3828
287632,914,3828
287631,914,3828
287630,914,3828
287629,914,3828
287628,914,3828
287627,914,3828
287623,914,3828
287622,914,3828
287621,914,3828
287620,914,3828
287619,914,3828
287618,914,3828
287617,914,3828
287616,914,3828
287615,914,3828
287614,914,3828
287613,914,3828
287612,914,3828
287611,914,3828
287610,914,3828
287609,914,3828
287608,914,3828
287607,914,3828
287606,914,3828
287605,914,3828
287604,914,3828
287603,914,3828
287602,914,3828
287601,914,3828
287600,914,3828
287599,914,3828
287598,914,3828
287597,914,3828
287596,914,3828
287595,914,3828
287594,914,3828
287593,914,3828
287592,914,3828
287591,914,3828
287590,914,3828
287589,914,3828
287588,914,3828
287587,914,3828
287586,914,3828
287585,914,3828
287584,914,3828
287583,914,3828
287582,914,3828
287581,914,3828
287580,914,3828
287579,914,3828
287578,914,3828
287577,914,3828
287576,914,3828
287575,914,3828
287574,914,3828
287573,914,3828
287572,914,3828
287571,914,3828
287570,914,3828
287569,914,3828
287568,914,3828
287567,914,3828
287566,914,3828
287565,914,3828
287564,914,3828
287563,914,3828
287560,914,3828
287559,914,3828
287558,914,3828
287557,914,3828
287556,914,3828
287555,914,3828
287554,914,3828
287553,914,3828
287552,914,3828
287551,914,3828
287550,914,3828
287549,914,3828
287548,914,3828
287547,914,3828
287546,914,3828
287545,914,3828
287544,914,3828
287543,914,3828
287542,914,3828
287541,914,3828
287540,914,3828
287539,914,3828
287538,914,3828
287537,914,3828
287536,914,3828
287535,914,3828
287534,914,3828
287533,914,3828
287532,914,3828
287531,914,3828
287530,914,3828
287529,914,3828
287528,914,3828
287527,914,3828
287526,914,3828
287525,914,3828
287524,914,3828
287523,914,3828
287522,914,3828
287521,914,3828
287520,914,3828
287519,914,3828
287518,914,3828
287517,914,3828
287516,914,3828
287515,914,3828
287514,914,3828
287513,914,3828
287512,914,3828
287511,914,3828
287510,914,3828
287509,914,3828
287508,914,3828
287507,914,3828
287506,914,3828
287505,914,3828
287504,914,3828
287503,914,3828
287502,914,3828
287501,914,3828
287500,914,3828
287499,914,3828
287498,914,3828
287497,914,3828
287496,914,3828
287495,914,3828
287494,914,3828
287493,914,3828
287492,914,3828
287491,914,3828
287490,914,3828
287489,914,3828
287488,914,3828
287487,914,3828
287486,914,3828
287483,914,3828
287482,914,3828
287481,914,3828
287480,914,3828
287479,914,3828
287478,914,3828
287477,914,3828
287476,914,3828
287475,914,3828
287474,914,3828
287473,914,3828
287472,914,3828
287471,914,3828
287470,914,3828
287469,914,3828
287468,914,3828
287467,914,3828
287466,914,3828
287465,914,3828
287464,914,3828
287463,914,3828
287462,914,3828
287461,914,3828
287460,914,3828
287459,914,3828
287458,914,3828
287457,914,3828
287456,914,3828
287455,914,3828
287454,914,3828
287453,914,3828
287452,914,3828
287451,914,3828
287450,914,3828
287449,914,3828
287448,914,3828
287447,914,3828
287446,914,3828
287445,914,3828
287444,914,3828
287443,914,3828
287442,914,3828
287441,914,3828
287440,914,3828
287439,914,3828
287438,914,3828
287437,914,3828
287436,914,3828
287435,914,3828
287434,914,3828
287433,914,3828
287432,914,3828
287431,914,3828
287430,914,3828
287429,914,3828
287428,914,3828
287427,914,3828
287426,914,3828
287425,914,3828
287424,914,3828
287423,914,3828
287422,914,3828
287421,914,3828
287420,914,3828
287419,914,3828
287418,914,3828
287417,914,3828
287416,914,3828
287415,914,3828
287414,914,3828
287411,914,3828
287410,914,3828
287409,914,3828
287408,914,3828
287407,914,3828
287406,914,3828
287405,914,3828
287404,914,3828
287403,914,3828
287402,914,3828
287401,914,3828
287400,914,3828
287399,914,3828
287398,914,3828
287397,914,3828
287396,914,3828
287395,914,3828
287394,914,3828
287393,914,3828
287392,914,3828
287391,914,3828
287390,914,3828
287389,914,3828
287388,914,3828
287387,914,3828
287386,914,3828
287385,914,3828
287384,914,3828
287383,914,3828
287381,914,3828
287382,914,3828
287380,914,3828
287379,914,3828
287378,914,3828
287377,914,3828
287376,914,3828
287375,914,3828
287374,914,3828
287373,914,3828
287372,914,3828
287371,914,3828
287370,914,3828
287369,914,3828
287368,914,3828
287367,914,3828
287366,914,3828
287365,914,3828
287364,914,3828
287363,914,3828
287362,914,3828
287361,914,3828
287360,914,3828
287359,914,3828
287358,914,3828
287357,914,3828
287356,914,3828
287355,914,3828
287354,914,3828
287353,914,3828
287352,914,3828
287351,914,3828
287350,914,3828
287349,914,3828
287348,914,3828
287347,914,3828
287346,914,3828
287345,914,3828
287343,914,3828
287344,914,3828
287342,914,3828
287341,914,3828
287340,914,3828
287336,914,3828
287335,914,3828
287334,914,3828
287333,914,3828
287332,914,3828
287331,914,3828
287330,914,3828
287329,914,3828
287328,914,3828
287327,914,3828
287326,914,3828
287325,914,3828
287324,914,3828
287323,914,3828
287322,914,3828
287321,914,3828
287320,914,3828
287319,914,3828
287318,914,3828
287317,914,3828
287316,914,3828
287315,914,3828
287314,914,3828
287313,914,3828
287312,914,3828
287311,914,3828
287310,914,3828
287309,914,3828
287308,914,3828
287307,914,3828
287306,914,3828
287305,914,3828
287304,914,3828
287303,914,3828
287302,914,3828
287301,914,3828
287300,914,3828
287299,914,3828
287298,914,3828
287297,914,3828
287296,914,3828
287295,914,3828
287294,914,3828
287293,914,3828
287292,914,3828
287291,914,3828
287290,914,3828
287289,914,3828
287288,914,3828
287287,914,3828
287286,914,3828
287285,914,3828
287284,914,3828
287283,914,3828
287282,914,3828
287281,914,3828
287280,914,3828
287279,914,3828
287278,914,3828
287277,914,3828
287276,914,3828
287275,914,3828
287274,914,3828
287273,914,3828
287272,914,3828
287270,914,3828
287271,914,3828
287269,914,3828
287268,914,3828
287267,914,3828
287266,914,3828
287265,914,3828
287262,914,3828
287261,914,3828
287260,914,3828
287259,914,3828
287258,914,3828
287257,914,3828
287256,914,3828
287255,914,3828
287254,914,3828
287253,914,3828
287252,914,3828
287251,914,3828
287250,914,3828
287249,914,3828
287248,914,3828
287247,914,3828
287246,914,3828
287245,914,3828
287244,914,3828
287243,914,3828
287242,914,3828
287241,914,3828
287240,914,3828
287239,914,3828
287238,914,3828
287237,914,3828
287236,914,3828
287235,914,3828
287234,914,3828
287233,914,3828
287232,914,3828
287231,914,3828
287230,914,3828
287229,914,3828
287228,914,3828
287227,914,3828
287226,914,3828
287225,914,3828
287224,914,3828
287223,914,3828
287222,914,3828
287221,914,3828
287220,914,3828
287219,914,3828
287218,914,3828
287217,914,3828
287216,914,3828
287215,914,3828
287214,914,3828
287213,914,3828
287212,914,3828
287211,914,3828
287210,914,3828
287209,914,3828
287206,914,3828
287205,914,3828
287203,914,3828
287204,914,3828
287202,914,3828
287201,914,3828
287200,914,3828
287199,914,3828
287198,914,3828
287197,914,3828
287196,914,3828
287195,914,3828
287194,914,3828
287193,914,3828
287192,914,3828
287191,914,3828
287190,914,3828
287189,914,3828
287188,914,3828
287187,914,3828
287186,914,3828
287185,914,3828
287184,914,3828
287183,914,3828
287182,914,3828
287181,914,3828
287180,914,3828
287179,914,3828
287178,914,3828
287177,914,3828
287176,914,3828
287175,914,3828
287174,914,3828
287173,914,3828
287172,914,3828
287171,914,3828
287170,914,3828
287169,914,3828
287168,914,3828
287167,914,3828
287166,914,3828
287165,914,3828
287164,914,3828
287163,914,3828
287162,914,3828
287161,914,3828
287160,914,3828
287159,914,3828
287158,914,3828
287157,914,3828
287156,914,3828
287155,914,3828
287154,914,3828
287153,914,3828
287152,914,3828
287151,914,3828
287150,914,3828
287149,914,3828
287148,914,3828
287147,914,3828
287146,914,3828
287145,914,3828
287144,914,3828
287143,914,3828
287142,914,3828
287141,914,3828
287139,914,3828
287140,914,3828
287137,914,3828
287138,914,3828
287136,914,3828
287135,914,3828
287132,914,3828
287131,914,3828
287130,914,3828
287129,914,3828
287128,914,3828
287127,914,3828
287126,914,3828
287125,914,3828
287124,914,3828
287123,914,3828
287122,914,3828
287121,914,3828
287120,914,3828
287119,914,3828
287118,914,3828
287117,914,3828
287116,914,3828
287115,914,3828
287114,914,3828
287113,914,3828
287112,914,3828
287111,914,3828
287110,914,3828
287109,914,3828
287108,914,3828
287107,914,3828
287106,914,3828
287105,914,3828
287104,914,3828
287103,914,3828
287102,914,3828
287101,914,3828
287100,914,3828
287099,914,3828
287098,914,3828
287097,914,3828
287096,914,3828
287095,914,3828
287094,914,3828
287093,914,3828
287092,914,3828
287091,914,3828
287090,914,3828
287089,914,3828
287088,914,3828
287087,914,3828
287086,914,3828
287085,914,3828
287084,914,3828
287083,914,3828
287082,914,3828
287081,914,3828
287080,914,3828
287079,914,3828
287078,914,3828
287077,914,3828
287076,914,3828
287075,914,3828
287074,914,3828
287073,914,3828
287072,914,3828
287071,914,3828
287070,914,3828
287069,914,3828
287068,914,3828
287067,914,3828
287066,914,3828
287065,914,3828
286587,914,3828
286581,914,3828
286575,914,3828
286569,914,3828
286563,914,3828
286557,914,3828
286551,914,3828
286545,914,3828
286539,914,3828
286533,914,3828
286527,914,3828
286521,914,3828
286515,914,3828
286509,914,3828
286503,914,3828
286497,914,3828
286491,914,3828
286485,914,3828
286479,914,3828
286473,914,3828
286467,914,3828
286461,914,3828
286455,914,3828
286449,914,3828
286443,914,3828
286437,914,3828
286431,914,3828
286425,914,3828
286419,914,3828
286413,914,3828
286407,914,3828
286401,914,3828
286395,914,3828
286389,914,3828
286383,914,3828
286377,914,3828
286371,914,3828
286365,914,3828
286359,914,3828
286353,914,3828
286347,914,3828
286341,914,3828
286335,914,3828
286329,914,3828
286323,914,3828
286317,914,3828
286311,914,3828
286305,914,3828
286299,914,3828
286293,914,3828
286287,914,3828
286281,914,3828
286275,914,3828
286269,914,3828
286263,914,3828
286257,914,3828
286251,914,3828
286245,914,3828
286239,914,3828
286233,914,3828
286227,914,3828
286221,914,3828
286215,914,3828
286209,914,3828
286203,914,3828
286197,914,3828
286191,914,3828
286185,914,3828
286179,914,3828
286173,914,3828
286167,914,3828
286161,914,3828
286155,914,3828
286149,914,3828
286143,914,3828
286137,914,3828
286131,914,3828
286125,914,3828
286119,914,3828
286113,914,3828
286107,914,3828
286101,914,3828
286095,914,3828
286089,914,3828
286083,914,3828
286077,914,3828
286071,914,3828
286065,914,3828
286059,914,3828
286053,914,3828
286047,914,3828
286041,914,3828
286035,914,3828
286029,914,3828
286023,914,3828
286017,914,3828
286011,914,3828
286005,914,3828
285999,914,3828
285993,914,3828
285987,914,3828
285981,914,3828
285975,914,3828
285969,914,3828
285963,914,3828
285957,914,3828
285951,914,3828
285945,914,3828
285939,914,3828
285933,914,3828
285927,914,3828
285921,914,3828
285915,914,3828
285909,914,3828
285903,914,3828
285897,914,3828
285891,914,3828
285885,914,3828
285879,914,3828
289199,914,3828
289200,914,3828
289201,914,3828
289202,914,3828
289203,914,3828
289204,914,3828
289205,914,3828
289206,914,3828
289207,914,3828
289208,914,3828
289209,914,3828
289210,914,3828
289211,914,3828
289212,914,3828
289213,914,3828
289184,914,3828
289185,914,3828
289186,914,3828
289187,914,3828
289188,914,3828
289189,914,3828
289190,914,3828
289191,914,3828
289192,914,3828
289193,914,3828
289194,914,3828
289195,914,3828
289196,914,3828
289197,914,3828
289198,914,3828
287624,914,3828
289176,914,3828
289177,914,3828
289178,914,3828
289179,914,3828
289180,914,3828
289181,914,3828
289182,914,3828
289183,914,3828
289234,914,3828
289235,914,3828
289236,914,3828
289237,914,3828
289238,914,3828
289239,914,3828
289240,914,3828
289241,914,3828
289242,914,3828
289243,914,3828
289244,914,3828
289245,914,3828
289246,914,3828
289247,914,3828
289248,914,3828
289249,914,3828
289250,914,3828
289251,914,3828
289252,914,3828
289253,914,3828
289214,914,3828
289215,914,3828
289216,914,3828
289217,914,3828
289218,914,3828
289219,914,3828
289220,914,3828
289221,914,3828
289222,914,3828
289223,914,3828
289224,914,3828
289225,914,3828
289226,914,3828
289227,914,3828
289228,914,3828
289229,914,3828
289230,914,3828
289231,914,3828
289232,914,3828
289233,914,3828
285823,914,3828
285825,914,3828
285824,914,3828
285796,914,3828
285795,914,3828
286875,914,3828
286874,914,3828
286944,914,3828
286943,914,3828
286942,914,3828
286941,914,3828
286940,914,3828
287000,914,3828
287001,914,3828
331519,1044,7
330706,1044,7
330707,1044,7
330711,1044,7
330709,1044,7
330710,1044,7
330695,1044,7
330696,1044,7
330683,1044,7
330682,1044,7
330669,1044,7
330672,1044,7
330673,1044,7
330670,1044,7
330666,1044,7
330667,1044,7
330671,1044,7
330656,1044,7
330657,1044,7
330641,1044,7
330642,1044,7
330646,1044,7
330645,1044,7
330644,1044,7
330631,1044,7
330632,1044,7
330620,1044,7
330607,1044,7
330606,1044,7
330593,1044,7
330594,1044,7
330596,1044,7
330589,1044,7
330590,1044,7
330595,1044,7
330577,1044,7
330580,1044,7
330579,1044,7
330553,1044,7
330552,1044,7
330541,1044,7
330542,1044,7
330527,1044,7
330528,1044,7
330532,1044,7
330531,1044,7
330530,1044,7
330518,1044,7
330517,1044,7
330512,1044,7
330513,1044,7
330516,1044,7
330515,1044,7
330484,1044,7
330485,1044,7
330489,1044,7
330488,1044,7
330487,1044,7
330471,1044,7
330472,1044,7
330475,1044,7
330474,1044,7
330460,1044,7
330461,1044,7
330462,1044,7
330446,1044,7
330447,1044,7
330450,1044,7
330451,1044,7
330449,1044,7
330431,1044,7
330432,1044,7
330437,1044,7
330436,1044,7
330435,1044,7
330434,1044,7
330422,1044,7
330413,1044,7
330410,1044,7
330411,1044,7
330399,1044,7
330398,1044,7
330401,1044,7
330400,1044,7
330263,1044,7
330246,1044,7
330247,1044,7
330249,1044,7
330248,1044,7
330236,1044,7
330232,1044,7
330233,1044,7
330235,1044,7
330234,1044,7
330219,1044,7
330220,1044,7
330223,1044,7
330222,1044,7
330221,1044,7
330206,1044,7
330208,1044,7
330209,1044,7
330207,1044,7
330692,1044,7
330693,1044,7
330697,1044,7
330498,1044,7
330500,1044,7
330499,1044,7
330503,1044,7
330502,1044,7
330501,1044,7
330261,1044,7
330262,1044,7
330260,1044,7
330258,1044,7
330259,1044,7
334938,1044,7
334776,1051,7
334775,1051,7
334774,1051,7
334773,1051,7
334772,1051,7
334688,1051,7
334771,1051,7
334770,1051,7
334687,1051,7
334769,1051,7
334686,1051,7
334631,1051,7
334768,1051,7
334685,1051,7
334630,1051,7
334767,1051,7
334684,1051,7
334629,1051,7
334766,1051,7
334765,1051,7
334683,1051,7
334764,1051,7
334762,1051,7
334682,1051,7
334761,1051,7
334760,1051,7
334681,1051,7
334759,1051,7
334758,1051,7
334757,1051,7
334756,1051,7
334755,1051,7
334754,1051,7
334680,1051,7
334628,1051,7
334516,1051,7
334418,1051,7
334390,1051,7
334366,1051,7
334331,1051,7
334317,1051,7
334296,1051,7
334275,1051,7
334256,1051,7
334231,1051,7
334213,1051,7
334196,1051,7
334043,1051,7
333962,1051,7
333979,1051,7
333998,1051,7
333934,1051,7
333921,1051,7
334753,1051,7
334679,1051,7
334627,1051,7
334515,1051,7
334417,1051,7
334389,1051,7
334365,1051,7
334332,1051,7
334318,1051,7
334295,1051,7
334274,1051,7
334255,1051,7
334230,1051,7
334212,1051,7
334195,1051,7
334014,1051,7
333963,1051,7
333980,1051,7
333994,1051,7
334752,1051,7
334678,1051,7
334626,1051,7
334514,1051,7
334416,1051,7
334387,1051,7
334364,1051,7
334333,1051,7
334315,1051,7
334294,1051,7
334273,1051,7
334254,1051,7
334229,1051,7
334211,1051,7
334194,1051,7
334001,1051,7
333964,1051,7
333981,1051,7
333997,1051,7
333933,1051,7
333920,1051,7
333909,1051,7
333896,1051,7
334751,1051,7
334677,1051,7
334739,1051,7
334676,1051,7
334740,1051,7
334734,1051,7
334675,1051,7
334625,1051,7
334513,1051,7
334415,1051,7
334388,1051,7
334363,1051,7
334334,1051,7
334313,1051,7
334293,1051,7
334272,1051,7
334253,1051,7
334228,1051,7
334733,1051,7
334674,1051,7
334620,1051,7
334741,1051,7
334673,1051,7
334619,1051,7
334737,1051,7
334668,1051,7
334618,1051,7
334736,1051,7
334669,1051,7
334735,1051,7
334667,1051,7
334617,1051,7
334509,1051,7
334414,1051,7
334386,1051,7
334362,1051,7
334335,1051,7
334314,1051,7
334292,1051,7
334732,1051,7
334666,1051,7
334616,1051,7
334490,1051,7
334413,1051,7
334385,1051,7
334361,1051,7
334731,1051,7
334665,1051,7
334615,1051,7
334730,1051,7
334664,1051,7
334614,1051,7
334729,1051,7
334663,1051,7
334613,1051,7
334491,1051,7
334412,1051,7
334384,1051,7
334360,1051,7
334336,1051,7
334312,1051,7
334291,1051,7
334271,1051,7
334248,1051,7
334227,1051,7
334210,1051,7
334193,1051,7
334002,1051,7
333965,1051,7
333982,1051,7
333948,1051,7
333932,1051,7
333919,1051,7
333907,1051,7
333895,1051,7
334728,1051,7
334662,1051,7
334612,1051,7
334492,1051,7
334411,1051,7
334383,1051,7
334359,1051,7
334337,1051,7
334311,1051,7
334290,1051,7
334270,1051,7
334246,1051,7
334226,1051,7
334209,1051,7
334192,1051,7
333956,1051,7
333966,1051,7
333983,1051,7
333947,1051,7
333931,1051,7
333918,1051,7
333908,1051,7
334727,1051,7
334661,1051,7
334611,1051,7
334572,1051,7
334493,1051,7
334726,1051,7
334660,1051,7
334610,1051,7
334571,1051,7
334494,1051,7
334410,1051,7
334382,1051,7
334358,1051,7
334338,1051,7
334310,1051,7
334289,1051,7
334269,1051,7
334247,1051,7
334225,1051,7
334208,1051,7
334191,1051,7
333959,1051,7
333967,1051,7
333984,1051,7
333946,1051,7
333930,1051,7
333917,1051,7
333905,1051,7
333894,1051,7
334725,1051,7
334659,1051,7
334609,1051,7
334570,1051,7
334495,1051,7
334438,1051,7
334409,1051,7
334381,1051,7
334396,1051,7
334339,1051,7
334308,1051,7
334288,1051,7
334268,1051,7
334245,1051,7
334224,1051,7
334207,1051,7
334190,1051,7
333958,1051,7
333968,1051,7
333985,1051,7
333945,1051,7
333929,1051,7
333916,1051,7
333904,1051,7
334724,1051,7
334658,1051,7
334608,1051,7
334569,1051,7
334496,1051,7
334437,1051,7
334408,1051,7
334380,1051,7
334357,1051,7
334340,1051,7
334309,1051,7
334284,1051,7
334267,1051,7
334244,1051,7
334223,1051,7
334206,1051,7
334189,1051,7
334723,1051,7
334657,1051,7
334607,1051,7
334568,1051,7
334497,1051,7
334436,1051,7
334407,1051,7
334379,1051,7
334356,1051,7
334341,1051,7
334307,1051,7
334285,1051,7
334266,1051,7
334243,1051,7
334222,1051,7
334205,1051,7
334188,1051,7
333957,1051,7
333969,1051,7
333986,1051,7
334722,1051,7
334656,1051,7
334606,1051,7
334567,1051,7
334498,1051,7
334435,1051,7
334406,1051,7
334378,1051,7
334355,1051,7
334342,1051,7
334306,1051,7
334287,1051,7
334265,1051,7
334242,1051,7
334221,1051,7
334204,1051,7
334187,1051,7
333952,1051,7
333971,1051,7
333987,1051,7
333944,1051,7
333928,1051,7
333915,1051,7
333903,1051,7
334721,1051,7
334655,1051,7
334605,1051,7
334530,1051,7
334499,1051,7
334434,1051,7
334405,1051,7
334377,1051,7
334354,1051,7
334343,1051,7
334305,1051,7
334286,1051,7
334264,1051,7
334241,1051,7
334220,1051,7
334203,1051,7
334186,1051,7
333954,1051,7
333970,1051,7
333988,1051,7
333943,1051,7
334720,1051,7
334654,1051,7
334604,1051,7
334529,1051,7
334500,1051,7
334431,1051,7
334404,1051,7
334376,1051,7
334353,1051,7
334344,1051,7
334304,1051,7
334283,1051,7
334263,1051,7
334240,1051,7
334219,1051,7
334202,1051,7
334185,1051,7
333953,1051,7
333972,1051,7
333989,1051,7
333938,1051,7
333927,1051,7
333912,1051,7
333902,1051,7
334719,1051,7
334653,1051,7
334603,1051,7
334528,1051,7
334510,1051,7
334430,1051,7
334403,1051,7
334375,1051,7
334352,1051,7
334345,1051,7
334303,1051,7
334282,1051,7
334316,1051,7
334239,1051,7
334218,1051,7
334201,1051,7
334184,1051,7
333973,1051,7
333955,1051,7
333990,1051,7
333937,1051,7
333926,1051,7
333913,1051,7
333901,1051,7
334718,1051,7
334717,1051,7
334652,1051,7
334602,1051,7
334527,1051,7
334511,1051,7
334429,1051,7
334402,1051,7
334374,1051,7
334348,1051,7
334716,1051,7
334651,1051,7
334601,1051,7
334526,1051,7
334512,1051,7
334428,1051,7
334715,1051,7
334650,1051,7
334621,1051,7
334501,1051,7
334522,1051,7
334427,1051,7
334714,1051,7
334649,1051,7
334600,1051,7
334502,1051,7
334486,1051,7
334426,1051,7
334401,1051,7
334373,1051,7
334325,1051,7
334346,1051,7
334302,1051,7
334280,1051,7
334262,1051,7
334238,1051,7
334217,1051,7
334200,1051,7
334183,1051,7
333949,1051,7
333974,1051,7
333991,1051,7
334713,1051,7
334648,1051,7
334712,1051,7
334647,1051,7
334503,1051,7
334485,1051,7
334425,1051,7
334400,1051,7
334372,1051,7
334709,1051,7
334646,1051,7
334742,1051,7
334645,1051,7
334504,1051,7
334710,1051,7
334644,1051,7
334505,1051,7
334711,1051,7
334643,1051,7
334708,1051,7
334642,1051,7
334506,1051,7
334707,1051,7
334641,1051,7
334507,1051,7
334489,1051,7
334424,1051,7
334399,1051,7
334706,1051,7
334705,1051,7
334640,1051,7
334704,1051,7
334697,1051,7
334639,1051,7
334508,1051,7
334488,1051,7
334423,1051,7
334394,1051,7
334371,1051,7
334326,1051,7
334347,1051,7
334301,1051,7
334281,1051,7
334261,1051,7
334237,1051,7
334698,1051,7
334638,1051,7
334699,1051,7
334636,1051,7
334700,1051,7
334750,1051,7
334696,1051,7
334637,1051,7
334521,1051,7
334487,1051,7
334749,1051,7
334695,1051,7
334635,1051,7
334748,1051,7
334747,1051,7
334694,1051,7
334746,1051,7
334693,1051,7
334633,1051,7
334520,1051,7
334484,1051,7
334422,1051,7
334393,1051,7
334368,1051,7
334327,1051,7
334324,1051,7
334300,1051,7
334279,1051,7
334260,1051,7
334236,1051,7
334235,1051,7
334199,1051,7
334025,1051,7
333951,1051,7
333975,1051,7
333992,1051,7
333940,1051,7
333925,1051,7
333911,1051,7
333900,1051,7
334745,1051,7
334692,1051,7
334634,1051,7
334519,1051,7
334421,1051,7
334392,1051,7
334369,1051,7
334328,1051,7
334323,1051,7
334299,1051,7
334277,1051,7
334259,1051,7
334234,1051,7
334216,1051,7
334198,1051,7
334012,1051,7
333950,1051,7
333976,1051,7
333995,1051,7
333936,1051,7
333924,1051,7
333914,1051,7
334781,1051,7
334691,1051,7
334632,1051,7
334518,1051,7
334420,1051,7
334370,1051,7
334329,1051,7
334322,1051,7
334298,1051,7
334278,1051,7
334258,1051,7
334233,1051,7
334215,1051,7
334197,1051,7
334024,1051,7
333960,1051,7
333977,1051,7
333993,1051,7
333939,1051,7
333923,1051,7
333910,1051,7
334777,1051,7
334778,1051,7
334690,1051,7
334779,1051,7
334780,1051,7
334689,1051,7
334670,1051,7
334517,1051,7
334419,1051,7
334391,1051,7
334367,1051,7
334330,1051,7
334321,1051,7
334297,1051,7
334276,1051,7
334257,1051,7
334232,1051,7
334214,1051,7
334249,1051,7
334013,1051,7
333961,1051,7
333978,1051,7
333996,1051,7
333935,1051,7
333922,1051,7
333906,1051,7
333897,1051,7
334593,1051,7
334763,1051,7
334738,1051,7
334594,1051,7
334592,1051,7
334591,1051,7
334588,1051,7
334589,1051,7
334590,1051,7
334585,1051,7
334586,1051,7
334584,1051,7
334583,1051,7
334582,1051,7
334581,1051,7
334580,1051,7
334579,1051,7
334598,1051,7
334597,1051,7
334578,1051,7
334576,1051,7
334575,1051,7
334573,1051,7
334577,1051,7
334595,1051,7
334574,1051,7
334596,1051,7
334599,1051,7
334564,1051,7
334561,1051,7
334560,1051,7
334559,1051,7
334558,1051,7
334557,1051,7
334556,1051,7
334555,1051,7
334554,1051,7
334553,1051,7
334552,1051,7
334551,1051,7
334550,1051,7
334549,1051,7
334548,1051,7
334547,1051,7
334531,1051,7
334532,1051,7
334533,1051,7
334534,1051,7
334535,1051,7
334536,1051,7
334537,1051,7
334538,1051,7
334539,1051,7
334540,1051,7
334541,1051,7
334542,1051,7
334543,1051,7
334544,1051,7
334545,1051,7
334546,1051,7
334562,1051,7
334563,1051,7
334479,1051,7
334477,1051,7
334476,1051,7
334478,1051,7
334475,1051,7
334474,1051,7
334473,1051,7
334472,1051,7
334471,1051,7
334470,1051,7
334463,1051,7
334469,1051,7
334468,1051,7
334462,1051,7
334464,1051,7
334466,1051,7
334465,1051,7
334467,1051,7
334461,1051,7
334460,1051,7
334439,1051,7
334440,1051,7
334441,1051,7
334442,1051,7
334443,1051,7
334444,1051,7
334445,1051,7
334446,1051,7
334447,1051,7
334448,1051,7
334449,1051,7
334450,1051,7
334451,1051,7
334452,1051,7
334453,1051,7
334454,1051,7
334455,1051,7
334456,1051,7
334457,1051,7
334458,1051,7
334459,1051,7
334480,1051,7
334587,1051,7
334395,1051,7
333898,1051,7
333899,1051,7
333736,1051,7
333787,1051,7
333769,1051,7
333755,1051,7
333742,1051,7
333725,1051,7
333713,1051,7
333695,1051,7
333683,1051,7
333669,1051,7
333665,1051,7
333647,1051,7
333638,1051,7
333631,1051,7
333737,1051,7
333782,1051,7
333768,1051,7
333738,1051,7
333781,1051,7
333765,1051,7
333754,1051,7
333733,1051,7
333724,1051,7
333714,1051,7
333696,1051,7
333682,1051,7
333670,1051,7
333739,1051,7
333778,1051,7
333764,1051,7
333749,1051,7
333731,1051,7
333723,1051,7
333712,1051,7
333700,1051,7
333687,1051,7
333684,1051,7
333671,1051,7
333660,1051,7
333646,1051,7
333634,1051,7
333626,1051,7
333622,1051,7
333612,1051,7
333603,1051,7
333596,1051,7
333588,1051,7
333571,1051,7
333558,1051,7
333549,1051,7
331499,1044,7
333543,1051,7
333642,1051,7
333777,1051,7
333763,1051,7
333750,1051,7
333730,1051,7
333711,1051,7
333688,1051,7
333672,1051,7
333656,1051,7
333649,1051,7
333635,1051,7
333625,1051,7
333616,1051,7
333613,1051,7
333604,1051,7
333591,1051,7
333587,1051,7
333574,1051,7
333570,1051,7
333559,1051,7
333550,1051,7
333540,1051,7
333537,1051,7
333539,1051,7
333533,1051,7
333532,1051,7
333531,1051,7
333530,1051,7
333525,1051,7
333524,1051,7
333527,1051,7
333545,1051,7
333641,1051,7
333774,1051,7
333762,1051,7
333751,1051,7
333729,1051,7
333702,1051,7
333689,1051,7
333675,1051,7
333664,1051,7
333657,1051,7
333648,1051,7
333544,1051,7
333785,1051,7
333773,1051,7
333759,1051,7
333746,1051,7
333732,1051,7
333717,1051,7
333693,1051,7
333690,1051,7
333663,1051,7
333652,1051,7
333629,1051,7
333620,1051,7
333617,1051,7
333607,1051,7
333600,1051,7
333592,1051,7
333583,1051,7
333575,1051,7
333562,1051,7
333554,1051,7
333551,1051,7
333538,1051,7
333536,1051,7
333546,1051,7
333786,1051,7
333770,1051,7
333758,1051,7
333743,1051,7
333726,1051,7
333719,1051,7
333694,1051,7
333681,1051,7
333677,1051,7
333666,1051,7
333653,1051,7
333645,1051,7
333630,1051,7
333621,1051,7
333611,1051,7
333608,1051,7
333595,1051,7
333586,1051,7
333579,1051,7
333576,1051,7
333563,1051,7
333555,1051,7
333526,1051,7
333520,1051,7
333521,1051,7
333519,1051,7
333518,1051,7
333513,1051,7
333512,1051,7
333515,1051,7
333514,1051,7
333506,1051,7
333507,1051,7
333508,1051,7
333509,1051,7
333500,1051,7
333501,1051,7
333502,1051,7
333503,1051,7
333495,1051,7
333497,1051,7
333494,1051,7
333496,1051,7
333488,1051,7
333489,1051,7
333490,1051,7
333491,1051,7
333482,1051,7
333483,1051,7
333484,1051,7
333485,1051,7
333477,1051,7
333476,1051,7
333479,1051,7
333478,1051,7
333471,1051,7
333470,1051,7
333473,1051,7
333472,1051,7
333467,1051,7
333459,1051,7
333464,1051,7
333460,1051,7
333455,1051,7
333456,1051,7
333450,1051,7
333451,1051,7
333452,1051,7
333446,1051,7
333447,1051,7
333442,1051,7
333443,1051,7
333439,1051,7
333436,1051,7
333435,1051,7
333432,1051,7
333425,1051,7
333420,1051,7
333421,1051,7
333415,1051,7
333416,1051,7
333417,1051,7
333412,1051,7
333411,1051,7
333406,1051,7
333408,1051,7
333407,1051,7
331494,1044,7
331489,1044,7
331484,1044,7
331479,1044,7
331474,1044,7
331469,1044,7
331464,1044,7
331459,1044,7
331454,1044,7
331449,1044,7
331444,1044,7
331439,1044,7
331434,1044,7
331429,1044,7
331424,1044,7
331419,1044,7
331414,1044,7
331409,1044,7
331404,1044,7
331399,1044,7
331394,1044,7
331389,1044,7
331384,1044,7
331379,1044,7
331374,1044,7
333599,1051,7
333580,1051,7
333566,1051,7
333567,1051,7
333429,1051,7
333428,1051,7
333424,1051,7
333463,1051,7
333718,1051,7
333720,1051,7
333699,1051,7
333701,1051,7
333676,1051,7
333678,1051,7
333707,1051,7
333708,1051,7
333705,1051,7
333706,1051,7
333403,1044,7
330708,1044,7
330694,1044,7
330668,1044,7
330655,1044,7
330643,1044,7
330591,1044,7
330578,1044,7
330565,1044,7
330564,1044,7
330563,1044,7
330567,1044,7
330566,1044,7
330554,1044,7
330543,1044,7
330529,1044,7
330514,1044,7
330486,1044,7
330473,1044,7
330448,1044,7
330433,1044,7
330412,1044,7
330389,1044,7
330378,1044,7
330352,1044,7
330329,1044,7
330326,1044,7
330332,1044,7
330331,1044,7
330330,1044,7
330317,1044,7
330288,1044,7
330264,1044,7
330237,1044,7
330605,1044,7
330611,1044,7
330609,1044,7
330610,1044,7
330608,1044,7
95914,264,7
