channel_id,started_at
261918,2022-04-01T06:46:55+03:00
96465,2022-04-01T13:24:19+03:00
120698,2022-04-01T18:25:18+03:00
267685,2022-04-02T14:09:46+03:00
269008,2022-04-02T14:23:08+03:00
147164,2022-04-03T02:57:42+03:00
96471,2022-04-03T07:02:22+03:00
263408,2022-04-04T00:26:06+03:00
228847,2022-04-04T22:24:21+03:00
267077,2022-04-05T12:18:11+03:00
115239,2022-04-05T21:06:53+03:00
287295,2022-04-05T23:35:36+03:00
196753,2022-04-06T07:44:27+03:00
120674,2022-04-06T17:23:23+03:00
228862,2022-04-07T14:24:12+03:00
154849,2022-04-08T06:17:31+03:00
267618,2022-04-08T06:58:46+03:00
229577,2022-04-08T09:18:01+03:00
286920,2022-04-08T13:34:07+03:00
287771,2022-04-08T22:02:41+03:00
308076,2022-04-09T00:52:11+03:00
115290,2022-04-10T13:54:39+03:00
197720,2022-04-10T17:48:19+03:00
288116,2022-04-11T02:35:33+03:00
120396,2022-04-11T10:55:25+03:00
269535,2022-04-11T14:03:39+03:00
228640,2022-04-12T07:27:31+03:00
269709,2022-04-13T07:27:52+03:00
286913,2022-04-14T01:11:09+03:00
267328,2022-04-14T05:28:45+03:00
333972,2022-04-14T14:54:51+03:00
196668,2022-04-14T21:07:10+03:00
230578,2022-04-14T23:26:25+03:00
114007,2022-04-14T23:50:51+03:00
230493,2022-04-15T00:11:13+03:00
229122,2022-04-15T01:02:10+03:00
229018,2022-04-15T02:51:31+03:00
196493,2022-04-15T07:24:46+03:00
179180,2022-04-15T11:39:42+03:00
212604,2022-04-16T15:17:46+03:00
93261,2022-04-16T15:31:21+03:00
228931,2022-04-17T06:46:50+03:00
231820,2022-04-17T10:29:24+03:00
287529,2022-04-17T14:14:09+03:00
277942,2022-04-18T10:53:04+03:00
287768,2022-04-19T07:43:26+03:00
116126,2022-04-20T03:40:40+03:00
120492,2022-04-20T18:49:42+03:00
215873,2022-04-21T12:18:54+03:00
269346,2022-04-21T20:26:49+03:00
262169,2022-04-22T09:01:26+03:00
147011,2022-04-22T20:55:04+03:00
95486,2022-04-23T00:34:06+03:00
269697,2022-04-23T07:43:44+03:00
269453,2022-04-23T12:29:50+03:00
268052,2022-04-24T10:53:37+03:00
2892,2022-04-24T12:23:36+03:00
229103,2022-04-25T07:50:54+03:00
334265,2022-04-25T09:54:52+03:00
268892,2022-04-25T12:12:30+03:00
269444,2022-04-25T21:31:34+03:00
212977,2022-04-26T03:47:41+03:00
231975,2022-04-26T15:54:08+03:00
278367,2022-04-26T18:43:46+03:00
267842,2022-04-27T07:48:10+03:00
103925,2022-04-27T12:57:59+03:00
93690,2022-04-27T23:37:53+03:00
305223,2022-04-28T09:38:06+03:00
269544,2022-04-29T21:17:02+03:00
143511,2022-04-29T23:25:10+03:00
229310,2022-04-30T01:28:31+03:00
287215,2022-04-30T07:34:12+03:00
96266,2022-04-30T07:39:56+03:00
115416,2022-04-30T09:00:59+03:00
230713,2022-04-30T12:14:31+03:00
286371,2022-04-30T18:50:56+03:00
228816,2022-04-30T21:11:11+03:00
230066,2022-05-01T13:58:29+03:00
213115,2022-05-01T21:42:44+03:00
334762,2022-05-03T02:40:20+03:00
196150,2022-05-03T03:24:50+03:00
267715,2022-05-03T11:10:04+03:00
267811,2022-05-03T16:26:26+03:00
269166,2022-05-04T20:45:26+03:00
94208,2022-05-04T23:18:42+03:00
333617,2022-05-05T19:47:01+03:00
229580,2022-05-06T08:25:17+03:00
266719,2022-05-06T12:45:03+03:00
229491,2022-05-06T23:40:32+03:00
213803,2022-05-06T23:44:14+03:00
278501,2022-05-07T10:58:57+03:00
228277,2022-05-08T00:36:24+03:00
262052,2022-05-08T02:43:30+03:00
148864,2022-05-08T05:29:06+03:00
287900,2022-05-08T23:23:47+03:00
267529,2022-05-09T02:55:16+03:00
269623,2022-05-09T03:42:07+03:00
157325,2022-05-09T11:24:53+03:00
229450,2022-05-10T13:14:18+03:00
196531,2022-05-10T18:16:02+03:00
269636,2022-05-11T02:51:15+03:00
96451,2022-05-11T10:09:35+03:00
334292,2022-05-12T04:15:46+03:00
287449,2022-05-12T15:29:53+03:00
231795,2022-05-12T22:21:32+03:00
171540,2022-05-13T12:26:42+03:00
287233,2022-05-13T22:38:05+03:00
287953,2022-05-14T14:56:50+03:00
267208,2022-05-14T16:18:55+03:00
228389,2022-05-15T02:45:27+03:00
334663,2022-05-15T18:52:20+03:00
120529,2022-05-16T05:48:24+03:00
147117,2022-05-16T11:07:04+03:00
230932,2022-05-16T21:37:06+03:00
93826,2022-05-17T01:20:29+03:00
120559,2022-05-17T08:09:50+03:00
278568,2022-05-18T00:19:08+03:00
228869,2022-05-18T11:48:34+03:00
230806,2022-05-19T04:58:40+03:00
229505,2022-05-19T06:58:09+03:00
215787,2022-05-19T08:15:36+03:00
334238,2022-05-19T15:00:58+03:00
333785,2022-05-20T07:26:06+03:00
236781,2022-05-20T11:48:07+03:00
213807,2022-05-21T01:33:57+03:00
267777,2022-05-21T13:41:37+03:00
171375,2022-05-21T17:51:46+03:00
229116,2022-05-22T17:02:38+03:00
228691,2022-05-23T04:23:43+03:00
261923,2022-05-23T07:21:40+03:00
284922,2022-05-23T20:12:52+03:00
334546,2022-05-24T14:56:05+03:00
286866,2022-05-24T18:10:54+03:00
114006,2022-05-25T11:13:32+03:00
230931,2022-05-25T11:35:18+03:00
331499,2022-05-26T03:07:47+03:00
269021,2022-05-26T08:11:20+03:00
267678,2022-05-26T22:49:52+03:00
256119,2022-05-27T10:09:45+03:00
94819,2022-05-27T11:44:57+03:00
230939,2022-05-28T02:48:47+03:00
278443,2022-05-28T03:22:08+03:00
262164,2022-05-28T12:23:16+03:00
98166,2022-05-28T14:38:00+03:00
267857,2022-05-28T18:25:29+03:00
333782,2022-05-29T01:29:51+03:00
225832,2022-05-29T07:36:35+03:00
228267,2022-05-29T10:33:11+03:00
287451,2022-05-30T06:18:45+03:00
158981,2022-05-31T16:08:19+03:00
231819,2022-05-31T16:26:43+03:00
333525,2022-06-01T00:28:40+03:00
228965,2022-06-01T12:00:08+03:00
287285,2022-06-01T16:40:37+03:00
334728,2022-06-01T23:32:45+03:00
334695,2022-06-02T06:40:45+03:00
103996,2022-06-02T07:00:34+03:00
113990,2022-06-02T07:35:21+03:00
229029,2022-06-02T22:26:55+03:00
261971,2022-06-03T00:51:41+03:00
228511,2022-06-03T09:23:30+03:00
288043,2022-06-04T04:53:40+03:00
135207,2022-06-04T09:50:50+03:00
214275,2022-06-04T10:54:21+03:00
278010,2022-06-04T13:17:37+03:00
302178,2022-06-04T13:56:08+03:00
287301,2022-06-04T15:17:25+03:00
267989,2022-06-05T03:16:39+03:00
267773,2022-06-05T06:49:09+03:00
229632,2022-06-05T11:01:46+03:00
77772,2022-06-05T18:24:36+03:00
120397,2022-06-06T05:08:51+03:00
212882,2022-06-06T11:41:31+03:00
267529,2022-06-06T19:27:05+03:00
286834,2022-06-07T02:30:10+03:00
287098,2022-06-07T03:34:13+03:00
286203,2022-06-08T08:45:23+03:00
287710,2022-06-11T03:55:20+03:00
228989,2022-06-12T06:33:22+03:00
212464,2022-06-12T09:36:14+03:00
245484,2022-06-13T07:25:25+03:00
227481,2022-06-13T08:31:15+03:00
262564,2022-06-13T17:00:44+03:00
213354,2022-06-13T18:04:19+03:00
289221,2022-06-15T05:54:36+03:00
93518,2022-06-15T09:36:01+03:00
212155,2022-06-15T18:23:37+03:00
229518,2022-06-15T22:53:45+03:00
197146,2022-06-16T07:57:21+03:00
193157,2022-06-16T08:14:44+03:00
267726,2022-06-16T10:24:00+03:00
95389,2022-06-18T00:35:12+03:00
287345,2022-06-18T01:02:54+03:00
158974,2022-06-18T16:12:43+03:00
209986,2022-06-19T06:21:26+03:00
93640,2022-06-19T12:33:32+03:00
147152,2022-06-19T21:13:00+03:00
287290,2022-06-19T22:16:04+03:00
287612,2022-06-20T19:10:23+03:00
228920,2022-06-20T23:21:35+03:00
333719,2022-06-22T04:36:02+03:00
179230,2022-06-22T08:07:49+03:00
171593,2022-06-22T12:15:29+03:00
178332,2022-06-23T14:16:46+03:00
229077,2022-06-23T23:03:26+03:00
288291,2022-06-24T09:19:07+03:00
230393,2022-06-24T12:28:46+03:00
262706,2022-06-24T21:38:33+03:00
230902,2022-06-25T15:25:44+03:00
289247,2022-06-25T20:28:01+03:00
212361,2022-06-26T08:39:16+03:00
213420,2022-06-27T10:21:48+03:00
212711,2022-06-27T20:01:38+03:00
287303,2022-06-27T23:56:14+03:00
333583,2022-06-28T06:47:34+03:00
96476,2022-06-28T10:26:42+03:00
334324,2022-06-28T17:38:29+03:00
263407,2022-06-28T20:34:06+03:00
135190,2022-06-29T07:38:23+03:00
287517,2022-06-29T18:22:49+03:00
269635,2022-06-30T12:45:16+03:00
215778,2022-06-30T12:54:18+03:00
116072,2022-07-01T05:40:28+03:00
330248,2022-07-01T11:57:05+03:00
286137,2022-07-02T01:34:47+03:00
196709,2022-07-02T22:11:38+03:00
287144,2022-07-03T03:20:02+03:00
334643,2022-07-03T04:55:15+03:00
278452,2022-07-03T09:39:56+03:00
267668,2022-07-03T19:26:26+03:00
115640,2022-07-03T20:00:37+03:00
196703,2022-07-04T08:02:38+03:00
230943,2022-07-04T14:22:23+03:00
95379,2022-07-04T20:43:36+03:00
171595,2022-07-05T17:13:32+03:00
94084,2022-07-05T22:39:05+03:00
2965,2022-07-06T05:19:18+03:00
230928,2022-07-06T14:56:58+03:00
287030,2022-07-06T21:10:45+03:00
94122,2022-07-06T22:57:25+03:00
287224,2022-07-07T11:47:11+03:00
230915,2022-07-07T13:35:46+03:00
94180,2022-07-07T21:13:13+03:00
229462,2022-07-08T03:30:47+03:00
95365,2022-07-08T12:02:15+03:00
267496,2022-07-08T12:58:26+03:00
179238,2022-07-08T19:50:58+03:00
227511,2022-07-08T23:17:41+03:00
193091,2022-07-09T09:20:09+03:00
262041,2022-07-09T11:50:43+03:00
228756,2022-07-09T14:25:50+03:00
262619,2022-07-09T15:23:12+03:00
143558,2022-07-10T02:17:09+03:00
212125,2022-07-10T08:22:06+03:00
231975,2022-07-10T15:53:42+03:00
197717,2022-07-10T16:43:54+03:00
287756,2022-07-11T01:00:58+03:00
171577,2022-07-11T06:30:17+03:00
278462,2022-07-11T07:07:20+03:00
334353,2022-07-12T15:20:55+03:00
267617,2022-07-12T18:49:24+03:00
120614,2022-07-12T21:23:01+03:00
287472,2022-07-13T01:01:11+03:00
286587,2022-07-13T04:22:45+03:00
229350,2022-07-13T11:41:26+03:00
229177,2022-07-13T14:56:59+03:00
135236,2022-07-13T20:46:40+03:00
261968,2022-07-15T05:42:07+03:00
213295,2022-07-15T16:08:57+03:00
229092,2022-07-16T06:32:46+03:00
261911,2022-07-16T07:31:59+03:00
287415,2022-07-17T01:37:00+03:00
229241,2022-07-18T10:44:57+03:00
144902,2022-07-18T13:17:56+03:00
229634,2022-07-18T16:59:38+03:00
228688,2022-07-18T23:47:08+03:00
115370,2022-07-19T06:36:53+03:00
228945,2022-07-19T08:59:56+03:00
116140,2022-07-19T11:16:29+03:00
116072,2022-07-19T14:37:26+03:00
93505,2022-07-19T21:42:28+03:00
228690,2022-07-20T01:35:53+03:00
104025,2022-07-20T08:55:38+03:00
333543,2022-07-21T11:37:23+03:00
334559,2022-07-21T19:05:08+03:00
287503,2022-07-22T00:21:40+03:00
3088,2022-07-22T04:56:35+03:00
90724,2022-07-22T22:24:57+03:00
229523,2022-07-24T01:39:27+03:00
98182,2022-07-24T05:33:44+03:00
96282,2022-07-24T17:06:44+03:00
103938,2022-07-24T22:30:41+03:00
289204,2022-07-26T07:42:45+03:00
262065,2022-07-26T10:00:34+03:00
229577,2022-07-26T21:50:02+03:00
115355,2022-07-27T01:47:45+03:00
230884,2022-07-27T09:25:56+03:00
212673,2022-07-27T13:22:54+03:00
230523,2022-07-27T13:46:48+03:00
236788,2022-07-28T03:11:31+03:00
267220,2022-07-28T06:52:13+03:00
267109,2022-07-28T16:50:25+03:00
286949,2022-07-29T14:38:40+03:00
196990,2022-07-29T16:36:03+03:00
262706,2022-07-29T16:37:00+03:00
213808,2022-07-30T01:24:11+03:00
278372,2022-07-30T07:45:28+03:00
2898,2022-07-30T10:32:35+03:00
214249,2022-07-30T13:18:21+03:00
266989,2022-07-31T08:20:38+03:00
236740,2022-07-31T08:38:01+03:00
286976,2022-07-31T09:58:54+03:00
267669,2022-07-31T19:42:46+03:00
268158,2022-08-01T14:31:46+03:00
212136,2022-08-02T01:55:50+03:00
98224,2022-08-02T02:40:09+03:00
96321,2022-08-02T04:54:27+03:00
333566,2022-08-02T16:53:37+03:00
287295,2022-08-02T21:56:10+03:00
284895,2022-08-03T03:03:08+03:00
197315,2022-08-03T10:53:35+03:00
212977,2022-08-03T18:08:03+03:00
93638,2022-08-03T20:11:30+03:00
193449,2022-08-03T23:59:20+03:00
197718,2022-08-04T11:33:03+03:00
229542,2022-08-04T17:30:47+03:00
287393,2022-08-05T04:18:59+03:00
287676,2022-08-05T05:48:13+03:00
284871,2022-08-05T13:31:52+03:00
285839,2022-08-05T15:58:08+03:00
330236,2022-08-07T09:14:09+03:00
334558,2022-08-07T11:46:25+03:00
267839,2022-08-08T01:04:47+03:00
334334,2022-08-08T13:03:26+03:00
3041,2022-08-08T23:30:17+03:00
115292,2022-08-10T00:10:16+03:00
193153,2022-08-11T18:45:58+03:00
302187,2022-08-12T04:21:39+03:00
262704,2022-08-12T09:20:58+03:00
214142,2022-08-12T14:37:55+03:00
277896,2022-08-12T22:33:59+03:00
228831,2022-08-13T00:55:09+03:00
120698,2022-08-13T16:13:16+03:00
289214,2022-08-14T01:46:52+03:00
267695,2022-08-14T04:22:41+03:00
287305,2022-08-14T16:25:49+03:00
212811,2022-08-15T23:26:51+03:00
287482,2022-08-16T04:40:30+03:00
267841,2022-08-17T23:10:57+03:00
95423,2022-08-18T01:40:34+03:00
287348,2022-08-18T04:57:56+03:00
147193,2022-08-18T08:52:38+03:00
267709,2022-08-18T11:55:10+03:00
228675,2022-08-18T22:51:54+03:00
229492,2022-08-19T18:30:09+03:00
308171,2022-08-20T13:29:11+03:00
269454,2022-08-21T01:17:57+03:00
228726,2022-08-21T15:50:17+03:00
51695,2022-08-21T20:24:12+03:00
229712,2022-08-21T22:13:12+03:00
287401,2022-08-22T11:04:10+03:00
94829,2022-08-23T10:34:54+03:00
267713,2022-08-23T17:40:45+03:00
228965,2022-08-23T22:19:03+03:00
93626,2022-08-23T22:50:40+03:00
94849,2022-08-24T19:14:42+03:00
229199,2022-08-24T20:25:30+03:00
334215,2022-08-25T01:30:54+03:00
121146,2022-08-25T11:06:09+03:00
212589,2022-08-25T21:03:37+03:00
269598,2022-08-26T12:42:14+03:00
212195,2022-08-26T21:19:16+03:00
287769,2022-08-29T08:37:45+03:00
267724,2022-08-29T21:29:53+03:00
289217,2022-08-30T10:34:16+03:00
287725,2022-08-31T14:39:18+03:00
212259,2022-08-31T17:45:19+03:00
171570,2022-09-01T04:30:24+03:00
278410,2022-09-01T07:06:49+03:00
135192,2022-09-01T07:52:19+03:00
228784,2022-09-02T11:32:08+03:00
236737,2022-09-02T17:43:42+03:00
334583,2022-09-03T02:32:05+03:00
286838,2022-09-03T03:24:39+03:00
333706,2022-09-03T08:55:15+03:00
93855,2022-09-03T11:46:53+03:00
334534,2022-09-04T03:30:34+03:00
266977,2022-09-04T04:22:01+03:00
3125,2022-09-04T14:10:19+03:00
171631,2022-09-04T20:48:41+03:00
212286,2022-09-05T02:30:24+03:00
287360,2022-09-05T14:50:41+03:00
229485,2022-09-05T18:05:22+03:00
193169,2022-09-06T09:18:22+03:00
267025,2022-09-06T22:56:36+03:00
334219,2022-09-07T03:35:15+03:00
334214,2022-09-08T09:39:52+03:00
230324,2022-09-08T13:56:50+03:00
287401,2022-09-08T14:07:49+03:00
287615,2022-09-08T19:34:05+03:00
93481,2022-09-08T19:40:18+03:00
143663,2022-09-10T11:38:10+03:00
93181,2022-09-10T16:31:26+03:00
231839,2022-09-10T22:31:00+03:00
94095,2022-09-11T14:09:40+03:00
286389,2022-09-12T01:59:53+03:00
144811,2022-09-12T18:14:13+03:00
229023,2022-09-12T22:59:13+03:00
77737,2022-09-13T01:51:21+03:00
287431,2022-09-13T08:31:10+03:00
333705,2022-09-13T08:41:24+03:00
229186,2022-09-13T13:07:51+03:00
227204,2022-09-13T23:36:24+03:00
262586,2022-09-14T04:06:30+03:00
334755,2022-09-14T16:35:51+03:00
196905,2022-09-14T17:40:32+03:00
333456,2022-09-15T11:30:42+03:00
144902,2022-09-16T03:10:54+03:00
94200,2022-09-16T07:05:27+03:00
269178,2022-09-16T21:20:14+03:00
93943,2022-09-16T22:01:59+03:00
213776,2022-09-16T22:39:55+03:00
120256,2022-09-17T10:30:12+03:00
269528,2022-09-17T14:03:00+03:00
214903,2022-09-17T21:56:13+03:00
135187,2022-09-18T12:54:38+03:00
330411,2022-09-19T06:38:30+03:00
143683,2022-09-19T06:41:43+03:00
228967,2022-09-19T12:05:21+03:00
196505,2022-09-19T12:15:51+03:00
278390,2022-09-19T21:40:15+03:00
286692,2022-09-19T23:18:38+03:00
262555,2022-09-20T07:21:13+03:00
287178,2022-09-21T23:31:34+03:00
229572,2022-09-22T04:02:43+03:00
104062,2022-09-22T20:26:05+03:00
230832,2022-09-22T20:44:56+03:00
262119,2022-09-23T10:20:53+03:00
229014,2022-09-23T20:29:38+03:00
229103,2022-09-23T21:39:06+03:00
95438,2022-09-24T06:25:26+03:00
267704,2022-09-24T08:46:03+03:00
143633,2022-09-24T18:51:21+03:00
269677,2022-09-25T17:30:13+03:00
178267,2022-09-26T04:27:37+03:00
93833,2022-09-26T05:32:34+03:00
287433,2022-09-26T05:53:04+03:00
196992,2022-09-26T07:22:26+03:00
277911,2022-09-26T16:34:29+03:00
157261,2022-09-26T18:46:55+03:00
120549,2022-09-27T00:52:04+03:00
228903,2022-09-27T06:56:58+03:00
228976,2022-09-27T12:07:13+03:00
212492,2022-09-27T16:52:24+03:00
266788,2022-09-27T17:41:51+03:00
269684,2022-09-27T18:33:58+03:00
334376,2022-09-28T13:53:24+03:00
98174,2022-09-29T03:57:28+03:00
93962,2022-09-29T04:36:49+03:00
277898,2022-09-29T06:10:05+03:00
289212,2022-09-29T18:19:00+03:00
94167,2022-09-30T02:41:24+03:00
268957,2022-09-30T18:49:11+03:00
278016,2022-10-01T04:38:51+03:00
229291,2022-10-02T00:00:28+03:00
286677,2022-10-02T00:27:41+03:00
120591,2022-10-02T15:44:59+03:00
262051,2022-10-02T21:35:17+03:00
228773,2022-10-03T17:53:08+03:00
77727,2022-10-03T20:47:01+03:00
95359,2022-10-04T02:20:16+03:00
287620,2022-10-04T05:24:28+03:00
143630,2022-10-04T05:49:43+03:00
228178,2022-10-04T11:04:48+03:00
229635,2022-10-04T19:30:09+03:00
147160,2022-10-04T21:30:30+03:00
287093,2022-10-05T14:49:27+03:00
286925,2022-10-06T09:30:54+03:00
286221,2022-10-06T09:42:38+03:00
120247,2022-10-06T14:06:37+03:00
278190,2022-10-07T10:44:18+03:00
289235,2022-10-07T19:50:34+03:00
95457,2022-10-08T13:32:13+03:00
305217,2022-10-09T14:25:55+03:00
154124,2022-10-10T11:09:37+03:00
213361,2022-10-10T21:55:40+03:00
212948,2022-10-11T05:34:37+03:00
286830,2022-10-11T09:58:55+03:00
333536,2022-10-11T12:54:33+03:00
334230,2022-10-11T18:43:43+03:00
229184,2022-10-12T10:05:51+03:00
269622,2022-10-12T11:56:50+03:00
331424,2022-10-12T13:50:48+03:00
269154,2022-10-13T06:21:13+03:00
262663,2022-10-13T08:33:31+03:00
231920,2022-10-13T15:04:09+03:00
230162,2022-10-13T16:20:30+03:00
215892,2022-10-13T19:57:57+03:00
77691,2022-10-13T19:59:49+03:00
287371,2022-10-14T23:40:27+03:00
143523,2022-10-15T08:09:37+03:00
269695,2022-10-15T14:44:34+03:00
331474,2022-10-16T22:56:13+03:00
229303,2022-10-17T20:47:31+03:00
159020,2022-10-18T10:57:12+03:00
213127,2022-10-18T16:59:43+03:00
193124,2022-10-19T01:05:24+03:00
277909,2022-10-19T07:36:19+03:00
93209,2022-10-19T13:02:36+03:00
334209,2022-10-19T14:42:23+03:00
278381,2022-10-19T15:25:34+03:00
269651,2022-10-20T13:59:07+03:00
93518,2022-10-20T20:32:59+03:00
229182,2022-10-21T07:07:04+03:00
215884,2022-10-21T16:36:05+03:00
197269,2022-10-23T10:00:22+03:00
267516,2022-10-23T11:05:59+03:00
3075,2022-10-23T22:37:16+03:00
193148,2022-10-24T23:51:21+03:00
288094,2022-10-25T05:04:03+03:00
334533,2022-10-25T16:45:10+03:00
230772,2022-10-26T08:14:52+03:00
269585,2022-10-26T09:40:05+03:00
269536,2022-10-26T21:09:18+03:00
228523,2022-10-28T21:16:00+03:00
267519,2022-10-28T22:02:03+03:00
267280,2022-10-29T07:43:06+03:00
334230,2022-10-29T14:11:23+03:00
230785,2022-10-29T18:46:11+03:00
287555,2022-10-29T20:54:13+03:00
262647,2022-10-30T02:14:43+03:00
230433,2022-10-30T05:56:00+03:00
143541,2022-10-30T07:10:57+03:00
115292,2022-10-30T10:43:23+03:00
287223,2022-10-30T17:47:11+03:00
171588,2022-10-31T02:01:59+03:00
267852,2022-11-01T09:27:39+03:00
179240,2022-11-01T14:22:24+03:00
212207,2022-11-02T00:46:21+03:00
213810,2022-11-02T03:44:41+03:00
212444,2022-11-04T05:55:40+03:00
286686,2022-11-04T11:19:15+03:00
94049,2022-11-04T11:28:52+03:00
269550,2022-11-04T23:39:21+03:00
267683,2022-11-05T02:46:31+03:00
197352,2022-11-05T07:38:39+03:00
95381,2022-11-05T11:39:08+03:00
287140,2022-11-07T04:59:36+03:00
266907,2022-11-07T08:07:08+03:00
115381,2022-11-08T23:34:37+03:00
77713,2022-11-09T06:20:35+03:00
267815,2022-11-09T13:21:19+03:00
245484,2022-11-09T20:48:40+03:00
228761,2022-11-09T21:14:55+03:00
261982,2022-11-09T21:44:51+03:00
197187,2022-11-10T09:10:24+03:00
212547,2022-11-10T12:01:51+03:00
286173,2022-11-11T15:45:57+03:00
179230,2022-11-12T04:45:22+03:00
231845,2022-11-12T22:37:56+03:00
334687,2022-11-14T03:56:01+03:00
230613,2022-11-14T07:14:50+03:00
179163,2022-11-14T11:47:09+03:00
229464,2022-11-14T15:14:24+03:00
269426,2022-11-14T22:35:33+03:00
228539,2022-11-15T00:14:55+03:00
93843,2022-11-16T20:26:49+03:00
98157,2022-11-16T21:17:50+03:00
196679,2022-11-17T02:31:49+03:00
94098,2022-11-17T12:23:41+03:00
229557,2022-11-17T16:02:32+03:00
144733,2022-11-18T09:49:26+03:00
120513,2022-11-18T13:33:31+03:00
212767,2022-11-18T18:00:03+03:00
120553,2022-11-19T02:04:31+03:00
273250,2022-11-19T06:11:06+03:00
115571,2022-11-19T07:43:22+03:00
212476,2022-11-19T10:25:40+03:00
287731,2022-11-20T00:57:44+03:00
278426,2022-11-20T02:45:17+03:00
267769,2022-11-20T13:31:36+03:00
115369,2022-11-20T16:02:57+03:00
227231,2022-11-20T22:04:17+03:00
229548,2022-11-21T03:38:27+03:00
228494,2022-11-21T12:41:40+03:00
278379,2022-11-22T01:01:46+03:00
93913,2022-11-22T07:08:20+03:00
278459,2022-11-22T15:10:02+03:00
236728,2022-11-22T16:01:16+03:00
269676,2022-11-22T22:21:19+03:00
196631,2022-11-23T08:22:53+03:00
116104,2022-11-24T05:20:27+03:00
193089,2022-11-24T22:30:17+03:00
269559,2022-11-25T00:50:20+03:00
288050,2022-11-25T09:44:21+03:00
159003,2022-11-25T17:58:03+03:00
261931,2022-11-25T18:01:08+03:00
267322,2022-11-27T18:23:04+03:00
286808,2022-11-28T06:54:59+03:00
267679,2022-11-28T17:48:10+03:00
287738,2022-11-29T00:16:31+03:00
333718,2022-11-29T00:37:30+03:00
197021,2022-11-30T12:16:14+03:00
289222,2022-11-30T18:30:12+03:00
77789,2022-11-30T21:18:32+03:00
98167,2022-11-30T21:37:30+03:00
228524,2022-12-01T14:30:47+03:00
171623,2022-12-01T16:49:42+03:00
269166,2022-12-02T04:04:40+03:00
115682,2022-12-02T09:15:09+03:00
212547,2022-12-03T10:50:02+03:00
286975,2022-12-03T13:12:37+03:00
94119,2022-12-03T13:31:16+03:00
179209,2022-12-03T19:06:40+03:00
103977,2022-12-04T00:06:54+03:00
212445,2022-12-04T10:07:32+03:00
215906,2022-12-05T14:31:22+03:00
287862,2022-12-05T16:59:51+03:00
77672,2022-12-05T19:19:47+03:00
214023,2022-12-06T15:39:07+03:00
261920,2022-12-06T21:57:45+03:00
93678,2022-12-07T00:04:26+03:00
269472,2022-12-07T03:44:24+03:00
232218,2022-12-07T05:31:55+03:00
196765,2022-12-07T14:05:46+03:00
229191,2022-12-07T22:06:02+03:00
95388,2022-12-08T16:45:30+03:00
93563,2022-12-08T18:17:40+03:00
286854,2022-12-08T21:48:53+03:00
262686,2022-12-08T21:57:48+03:00
262145,2022-12-09T00:04:45+03:00
288111,2022-12-09T01:52:58+03:00
229426,2022-12-09T02:44:11+03:00
77539,2022-12-09T04:23:11+03:00
147810,2022-12-09T10:05:31+03:00
287471,2022-12-09T14:41:53+03:00
333913,2022-12-09T21:12:43+03:00
215839,2022-12-09T23:44:36+03:00
197267,2022-12-10T12:34:58+03:00
278498,2022-12-10T17:54:31+03:00
333746,2022-12-11T07:55:30+03:00
212196,2022-12-11T08:09:41+03:00
120557,2022-12-11T14:18:28+03:00
278567,2022-12-12T05:39:06+03:00
289181,2022-12-13T06:41:21+03:00
228757,2022-12-13T22:24:52+03:00
197300,2022-12-14T01:59:05+03:00
266908,2022-12-14T05:47:56+03:00
268080,2022-12-14T10:14:37+03:00
159016,2022-12-14T21:31:04+03:00
228891,2022-12-16T03:17:33+03:00
262027,2022-12-16T19:50:13+03:00
94168,2022-12-17T20:43:24+03:00
144767,2022-12-18T16:48:19+03:00
228923,2022-12-20T01:04:56+03:00
229361,2022-12-20T03:30:32+03:00
144828,2022-12-20T14:19:19+03:00
115869,2022-12-20T19:31:27+03:00
228835,2022-12-20T20:02:57+03:00
171615,2022-12-20T22:32:21+03:00
121167,2022-12-21T06:37:20+03:00
289208,2022-12-21T17:40:19+03:00
333470,2022-12-21T18:25:57+03:00
286815,2022-12-22T01:25:15+03:00
334282,2022-12-22T19:52:33+03:00
269031,2022-12-22T22:33:41+03:00
286383,2022-12-23T21:56:52+03:00
228688,2022-12-23T22:54:14+03:00
267734,2022-12-23T23:08:36+03:00
289196,2022-12-24T00:40:26+03:00
269766,2022-12-25T00:57:25+03:00
229337,2022-12-25T20:42:15+03:00
334373,2022-12-26T05:14:19+03:00
269598,2022-12-26T09:48:32+03:00
179221,2022-12-26T12:47:09+03:00
229315,2022-12-27T01:06:37+03:00
77718,2022-12-27T14:30:16+03:00
116083,2022-12-28T08:25:28+03:00
229163,2022-12-28T09:12:38+03:00
267088,2022-12-28T20:28:31+03:00
267040,2022-12-28T23:46:56+03:00
228823,2022-12-29T15:03:07+03:00
287591,2022-12-29T15:50:05+03:00
262643,2022-12-30T00:09:38+03:00
213779,2022-12-30T02:56:24+03:00
334667,2022-12-31T07:28:12+03:00
269463,2022-12-31T16:47:05+03:00
333407,2023-01-01T06:59:37+03:00
287940,2023-01-02T13:00:01+03:00
231931,2023-01-02T16:52:07+03:00
287193,2023-01-02T17:56:49+03:00
262016,2023-01-03T12:22:59+03:00
229557,2023-01-03T21:56:49+03:00
120171,2023-01-05T00:10:04+03:00
228577,2023-01-05T10:42:05+03:00
262813,2023-01-05T18:09:15+03:00
267625,2023-01-05T19:40:49+03:00
228903,2023-01-06T15:03:27+03:00
287807,2023-01-06T20:12:42+03:00
162782,2023-01-07T03:11:38+03:00
269510,2023-01-07T03:52:03+03:00
196763,2023-01-07T05:40:02+03:00
286687,2023-01-07T08:35:00+03:00
115714,2023-01-07T13:04:35+03:00
95487,2023-01-08T11:05:12+03:00
278421,2023-01-10T06:18:26+03:00
334412,2023-01-10T20:57:51+03:00
120533,2023-01-11T05:38:39+03:00
288133,2023-01-11T07:32:49+03:00
77829,2023-01-12T18:08:30+03:00
115595,2023-01-12T21:51:41+03:00
196702,2023-01-13T02:05:43+03:00
287595,2023-01-13T07:19:52+03:00
288069,2023-01-13T09:30:48+03:00
330499,2023-01-13T10:00:31+03:00
287543,2023-01-13T14:44:11+03:00
120487,2023-01-14T17:11:18+03:00
267378,2023-01-14T23:00:21+03:00
226815,2023-01-15T04:05:00+03:00
94841,2023-01-15T06:19:17+03:00
95434,2023-01-15T14:58:12+03:00
229216,2023-01-15T15:17:53+03:00
333682,2023-01-15T15:20:00+03:00
158974,2023-01-16T13:22:11+03:00
215788,2023-01-17T00:48:32+03:00
230894,2023-01-18T05:47:06+03:00
229904,2023-01-18T14:15:41+03:00
269125,2023-01-18T14:16:56+03:00
230593,2023-01-18T14:20:15+03:00
228971,2023-01-18T16:03:25+03:00
334728,2023-01-19T08:56:51+03:00
231818,2023-01-19T15:09:13+03:00
269663,2023-01-19T18:27:51+03:00
228587,2023-01-20T10:18:16+03:00
334547,2023-01-20T16:30:34+03:00
51699,2023-01-20T19:23:35+03:00
120614,2023-01-20T20:17:58+03:00
334468,2023-01-21T00:33:03+03:00
93441,2023-01-21T02:46:10+03:00
267721,2023-01-21T12:32:04+03:00
3063,2023-01-21T18:52:27+03:00
230937,2023-01-22T03:34:02+03:00
212319,2023-01-22T06:07:42+03:00
231879,2023-01-22T09:32:59+03:00
231863,2023-01-22T11:28:30+03:00
143588,2023-01-22T20:53:19+03:00
120315,2023-01-22T20:57:04+03:00
212856,2023-01-22T23:23:08+03:00
268908,2023-01-23T01:48:01+03:00
262605,2023-01-23T16:14:19+03:00
231908,2023-01-24T01:22:51+03:00
229322,2023-01-24T04:29:48+03:00
267238,2023-01-25T02:57:09+03:00
269465,2023-01-25T17:21:55+03:00
286035,2023-01-26T21:16:46+03:00
267256,2023-01-27T08:57:06+03:00
262027,2023-01-27T13:53:42+03:00
115536,2023-01-27T17:10:58+03:00
262534,2023-01-28T05:03:06+03:00
229261,2023-01-29T15:02:41+03:00
213362,2023-01-29T16:18:38+03:00
267695,2023-01-30T13:29:58+03:00
286209,2023-01-30T13:48:14+03:00
2995,2023-01-30T20:19:30+03:00
331469,2023-01-30T22:11:28+03:00
196761,2023-01-31T15:06:47+03:00
94831,2023-01-31T18:09:48+03:00
263364,2023-02-02T06:14:17+03:00
266676,2023-02-02T09:25:09+03:00
262580,2023-02-02T09:56:25+03:00
94029,2023-02-02T22:32:33+03:00
287068,2023-02-03T00:50:56+03:00
230538,2023-02-03T00:57:03+03:00
229334,2023-02-03T12:49:20+03:00
333408,2023-02-03T13:16:39+03:00
115798,2023-02-03T19:28:41+03:00
334278,2023-02-05T11:04:39+03:00
212771,2023-02-05T15:49:44+03:00
120299,2023-02-06T09:32:34+03:00
228850,2023-02-07T11:14:13+03:00
115347,2023-02-07T14:38:45+03:00
267078,2023-02-07T15:50:39+03:00
287579,2023-02-07T20:23:00+03:00
278011,2023-02-08T03:07:34+03:00
228629,2023-02-08T03:53:56+03:00
287407,2023-02-08T13:32:24+03:00
286948,2023-02-10T17:20:30+03:00
266805,2023-02-11T02:59:48+03:00
93247,2023-02-11T13:22:05+03:00
334259,2023-02-12T18:37:11+03:00
196648,2023-02-13T05:07:37+03:00
229040,2023-02-14T02:06:58+03:00
287772,2023-02-14T13:57:12+03:00
93482,2023-02-14T20:20:07+03:00
262154,2023-02-14T23:32:44+03:00
262632,2023-02-15T05:15:43+03:00
229074,2023-02-15T10:43:56+03:00
229549,2023-02-15T12:12:42+03:00
262590,2023-02-15T13:11:20+03:00
144782,2023-02-16T03:40:44+03:00
267292,2023-02-16T17:57:01+03:00
333656,2023-02-18T10:10:26+03:00
333478,2023-02-18T15:48:21+03:00
278511,2023-02-19T02:40:54+03:00
120256,2023-02-19T18:16:56+03:00
212928,2023-02-20T00:02:32+03:00
277995,2023-02-20T09:33:45+03:00
113998,2023-02-20T10:25:50+03:00
287681,2023-02-20T10:29:42+03:00
115762,2023-02-20T13:19:03+03:00
278513,2023-02-21T00:11:43+03:00
196783,2023-02-22T19:42:44+03:00
93975,2023-02-23T10:23:15+03:00
229396,2023-02-23T10:23:31+03:00
229383,2023-02-23T13:21:43+03:00
262627,2023-02-24T02:07:08+03:00
269538,2023-02-24T13:38:18+03:00
227501,2023-02-24T21:42:08+03:00
262028,2023-02-25T10:15:44+03:00
94186,2023-02-25T13:48:26+03:00
143537,2023-02-25T13:52:18+03:00
196720,2023-02-25T17:40:35+03:00
94163,2023-02-26T08:39:00+03:00
229226,2023-02-26T14:35:49+03:00
286690,2023-02-27T02:41:45+03:00
277935,2023-02-27T04:33:29+03:00
287405,2023-02-28T03:33:36+03:00
334502,2023-02-28T07:30:04+03:00
269555,2023-02-28T14:20:06+03:00
104016,2023-03-01T11:52:50+03:00
227231,2023-03-02T09:07:41+03:00
287686,2023-03-02T19:12:43+03:00
2881,2023-03-03T00:41:45+03:00
229448,2023-03-04T00:33:41+03:00
93197,2023-03-04T08:26:57+03:00
115348,2023-03-04T08:30:45+03:00
229120,2023-03-04T17:14:18+03:00
269031,2023-03-04T18:06:03+03:00
143603,2023-03-05T12:32:29+03:00
278124,2023-03-05T19:28:33+03:00
277909,2023-03-08T00:39:19+03:00
286667,2023-03-08T05:13:14+03:00
228301,2023-03-08T19:29:53+03:00
333648,2023-03-09T03:57:46+03:00
269047,2023-03-10T13:19:41+03:00
287301,2023-03-10T17:04:13+03:00
96311,2023-03-11T00:01:04+03:00
228373,2023-03-11T23:28:15+03:00
77726,2023-03-12T09:00:43+03:00
120255,2023-03-13T00:47:19+03:00
228779,2023-03-13T06:27:47+03:00
116078,2023-03-13T11:50:06+03:00
230438,2023-03-13T19:31:24+03:00
93919,2023-03-13T23:11:55+03:00
196498,2023-03-14T03:24:06+03:00
269473,2023-03-14T11:12:56+03:00
330567,2023-03-14T14:00:59+03:00
269555,2023-03-14T16:42:51+03:00
93977,2023-03-16T05:40:39+03:00
287450,2023-03-17T12:08:12+03:00
93542,2023-03-17T14:01:42+03:00
197144,2023-03-17T19:47:36+03:00
193100,2023-03-18T17:11:45+03:00
8800,2023-03-18T23:28:39+03:00
98151,2023-03-19T00:24:33+03:00
98194,2023-03-19T13:19:03+03:00
171629,2023-03-19T18:14:08+03:00
215830,2023-03-19T22:38:48+03:00
96322,2023-03-20T01:26:12+03:00
287701,2023-03-20T05:43:17+03:00
228854,2023-03-20T09:11:17+03:00
269021,2023-03-21T01:55:43+03:00
94135,2023-03-21T20:09:27+03:00
267148,2023-03-21T22:09:28+03:00
8776,2023-03-22T02:58:04+03:00
278016,2023-03-22T09:09:48+03:00
212726,2023-03-22T12:50:56+03:00
96246,2023-03-23T02:04:26+03:00
278226,2023-03-23T03:26:52+03:00
229679,2023-03-23T06:00:35+03:00
334628,2023-03-23T19:02:00+03:00
212247,2023-03-23T23:47:36+03:00
269505,2023-03-24T02:56:15+03:00
330645,2023-03-24T10:51:27+03:00
230282,2023-03-25T00:34:33+03:00
115382,2023-03-26T01:57:18+03:00
120607,2023-03-27T00:33:48+03:00
267666,2023-03-27T13:34:56+03:00
212634,2023-03-27T22:28:58+03:00
228758,2023-03-28T02:28:27+03:00
287528,2023-03-28T02:34:05+03:00
287167,2023-03-28T13:10:03+03:00
288191,2023-03-28T22:55:47+03:00
93285,2023-03-30T12:35:47+03:00
3046,2023-03-31T00:13:58+03:00
197345,2023-03-31T07:08:51+03:00
287593,2023-03-31T07:42:20+03:00
228242,2023-03-31T18:25:56+03:00
154851,2023-04-01T13:22:00+03:00
120317,2023-04-01T14:27:12+03:00
334265,2023-04-02T01:04:17+03:00
210644,2023-04-02T17:13:17+03:00
143689,2023-04-04T00:52:56+03:00
287826,2023-04-05T03:45:17+03:00
229527,2023-04-05T09:05:42+03:00
231771,2023-04-06T01:10:38+03:00
230764,2023-04-06T17:00:30+03:00
196508,2023-04-07T03:06:17+03:00
287932,2023-04-07T10:01:40+03:00
287068,2023-04-07T10:09:16+03:00
196701,2023-04-07T19:43:24+03:00
334450,2023-04-07T20:09:37+03:00
228891,2023-04-08T20:51:51+03:00
285813,2023-04-09T12:14:57+03:00
93677,2023-04-09T13:25:38+03:00
287021,2023-04-09T21:33:24+03:00
267667,2023-04-10T08:18:35+03:00
229498,2023-04-11T00:28:43+03:00
228888,2023-04-11T01:00:05+03:00
94117,2023-04-11T02:57:51+03:00
193203,2023-04-11T15:48:58+03:00
215865,2023-04-11T17:05:15+03:00
267795,2023-04-11T22:51:58+03:00
193204,2023-04-13T00:51:24+03:00
144825,2023-04-13T08:02:18+03:00
267244,2023-04-14T14:05:11+03:00
269455,2023-04-14T19:45:54+03:00
227459,2023-04-15T01:38:27+03:00
212466,2023-04-15T03:33:07+03:00
90718,2023-04-15T05:06:10+03:00
229149,2023-04-15T13:20:59+03:00
330499,2023-04-16T01:14:30+03:00
287495,2023-04-16T19:37:03+03:00
287088,2023-04-18T15:02:03+03:00
286959,2023-04-18T18:01:54+03:00
143650,2023-04-19T00:09:50+03:00
269511,2023-04-19T04:48:44+03:00
212237,2023-04-19T09:02:19+03:00
267672,2023-04-19T11:43:00+03:00
196632,2023-04-20T20:37:30+03:00
9369,2023-04-21T16:26:01+03:00
114007,2023-04-21T19:41:03+03:00
212364,2023-04-21T23:00:01+03:00
230855,2023-04-22T02:40:10+03:00
266787,2023-04-22T10:13:58+03:00
94817,2023-04-22T14:00:00+03:00
269696,2023-04-22T14:05:50+03:00
231954,2023-04-22T21:52:28+03:00
236770,2023-04-23T04:54:12+03:00
196148,2023-04-23T08:32:17+03:00
266948,2023-04-23T10:52:08+03:00
143642,2023-04-23T12:16:51+03:00
334652,2023-04-24T16:01:18+03:00
278444,2023-04-24T16:32:21+03:00
229342,2023-04-25T18:39:28+03:00
3002,2023-04-25T18:54:16+03:00
286881,2023-04-26T03:55:07+03:00
228674,2023-04-26T18:19:21+03:00
228689,2023-04-27T03:05:57+03:00
262014,2023-04-27T14:55:56+03:00
278536,2023-04-28T10:30:09+03:00
334345,2023-04-29T07:13:59+03:00
267987,2023-04-29T10:38:41+03:00
287818,2023-04-30T05:30:56+03:00
269538,2023-04-30T15:12:57+03:00
287640,2023-05-01T10:22:26+03:00
103974,2023-05-02T10:56:33+03:00
256171,2023-05-02T14:53:51+03:00
51676,2023-05-02T16:19:50+03:00
228654,2023-05-02T21:46:54+03:00
333899,2023-05-03T15:28:21+03:00
333447,2023-05-03T16:05:05+03:00
286425,2023-05-03T16:53:36+03:00
287147,2023-05-03T23:06:53+03:00
269019,2023-05-05T07:06:25+03:00
229168,2023-05-05T08:32:13+03:00
333962,2023-05-05T22:53:29+03:00
179214,2023-05-06T07:54:48+03:00
286245,2023-05-06T20:59:17+03:00
263363,2023-05-07T02:11:22+03:00
267720,2023-05-07T02:42:35+03:00
266837,2023-05-07T05:01:18+03:00
287639,2023-05-08T02:15:28+03:00
115743,2023-05-08T10:36:22+03:00
262065,2023-05-08T10:37:31+03:00
143531,2023-05-08T18:17:15+03:00
262050,2023-05-09T04:36:50+03:00
269621,2023-05-09T10:27:17+03:00
258302,2023-05-09T10:40:52+03:00
93586,2023-05-09T12:00:10+03:00
196632,2023-05-09T14:20:17+03:00
94137,2023-05-10T05:11:39+03:00
277983,2023-05-10T05:12:19+03:00
98176,2023-05-10T13:55:10+03:00
98184,2023-05-10T16:16:47+03:00
93720,2023-05-10T23:42:35+03:00
287282,2023-05-11T11:17:45+03:00
154113,2023-05-12T03:06:11+03:00
333656,2023-05-12T20:38:32+03:00
267015,2023-05-12T22:09:26+03:00
228742,2023-05-13T00:40:19+03:00
333699,2023-05-13T22:46:09+03:00
197320,2023-05-14T04:50:04+03:00
288291,2023-05-14T06:29:32+03:00
267053,2023-05-14T07:11:29+03:00
229492,2023-05-14T09:00:14+03:00
287231,2023-05-14T10:50:17+03:00
229567,2023-05-15T09:57:54+03:00
278396,2023-05-16T03:20:44+03:00
147208,2023-05-16T09:32:06+03:00
93479,2023-05-16T11:26:21+03:00
287283,2023-05-16T16:21:42+03:00
267623,2023-05-17T00:51:13+03:00
51676,2023-05-17T05:52:57+03:00
96331,2023-05-17T10:34:09+03:00
93559,2023-05-17T17:48:33+03:00
255377,2023-05-18T02:27:33+03:00
286695,2023-05-18T09:48:56+03:00
333470,2023-05-18T09:50:32+03:00
267662,2023-05-19T13:54:44+03:00
262947,2023-05-19T19:50:32+03:00
230786,2023-05-20T03:13:12+03:00
267593,2023-05-20T15:36:57+03:00
147000,2023-05-21T01:30:18+03:00
104042,2023-05-21T13:28:42+03:00
50969,2023-05-21T15:47:58+03:00
159004,2023-05-21T15:57:32+03:00
268253,2023-05-21T20:39:38+03:00
229050,2023-05-22T16:36:43+03:00
267519,2023-05-22T20:05:51+03:00
96297,2023-05-23T17:44:21+03:00
144734,2023-05-23T18:50:23+03:00
229636,2023-05-23T20:32:49+03:00
284855,2023-05-24T02:21:04+03:00
9375,2023-05-25T01:17:55+03:00
120624,2023-05-25T04:50:07+03:00
229428,2023-05-26T07:00:03+03:00
120594,2023-05-26T14:14:50+03:00
267690,2023-05-26T18:18:27+03:00
8816,2023-05-28T10:38:53+03:00
255381,2023-05-28T21:05:00+03:00
229389,2023-05-29T04:16:05+03:00
229265,2023-05-29T09:39:13+03:00
278538,2023-05-29T16:22:34+03:00
330709,2023-05-29T21:35:41+03:00
287862,2023-05-30T23:31:30+03:00
278357,2023-05-31T00:48:17+03:00
285840,2023-05-31T08:45:14+03:00
103971,2023-05-31T15:58:48+03:00
333671,2023-05-31T21:47:55+03:00
262573,2023-06-01T11:16:00+03:00
229420,2023-06-01T23:26:26+03:00
228400,2023-06-02T08:28:08+03:00
278458,2023-06-02T10:01:32+03:00
261912,2023-06-02T12:31:22+03:00
116130,2023-06-02T13:00:51+03:00
261967,2023-06-02T23:40:07+03:00
267560,2023-06-03T01:57:51+03:00
268044,2023-06-03T11:19:25+03:00
287709,2023-06-03T12:45:48+03:00
147033,2023-06-03T12:57:47+03:00
120228,2023-06-03T16:15:38+03:00
135216,2023-06-04T10:12:37+03:00
135230,2023-06-04T10:16:05+03:00
262579,2023-06-04T21:26:53+03:00
278362,2023-06-05T04:57:51+03:00
334562,2023-06-05T12:51:05+03:00
334503,2023-06-05T17:21:49+03:00
193207,2023-06-05T20:25:36+03:00
261975,2023-06-06T05:43:07+03:00
278423,2023-06-06T07:54:52+03:00
284848,2023-06-06T08:20:11+03:00
286059,2023-06-06T12:19:45+03:00
278437,2023-06-08T02:00:56+03:00
115559,2023-06-08T03:22:45+03:00
94052,2023-06-08T10:44:44+03:00
228469,2023-06-08T14:05:39+03:00
120476,2023-06-08T15:10:58+03:00
93583,2023-06-08T23:06:33+03:00
157311,2023-06-09T04:54:43+03:00
103989,2023-06-10T06:29:27+03:00
267629,2023-06-10T08:39:07+03:00
305218,2023-06-10T18:25:29+03:00
278566,2023-06-11T06:18:38+03:00
287245,2023-06-11T23:21:40+03:00
229378,2023-06-12T02:45:40+03:00
333924,2023-06-12T04:42:50+03:00
287283,2023-06-12T05:12:03+03:00
228203,2023-06-12T11:37:14+03:00
227505,2023-06-12T22:31:38+03:00
287825,2023-06-12T23:05:34+03:00
228804,2023-06-13T03:51:09+03:00
266606,2023-06-13T07:58:57+03:00
226815,2023-06-13T12:04:46+03:00
93617,2023-06-13T12:30:26+03:00
278034,2023-06-13T22:32:21+03:00
269692,2023-06-14T21:20:59+03:00
269449,2023-06-15T00:10:42+03:00
287663,2023-06-15T05:05:29+03:00
144741,2023-06-15T10:49:55+03:00
277971,2023-06-15T11:34:37+03:00
262033,2023-06-15T17:02:29+03:00
286689,2023-06-15T17:22:12+03:00
229095,2023-06-16T07:43:30+03:00
120517,2023-06-16T18:47:05+03:00
278088,2023-06-17T03:21:56+03:00
334551,2023-06-18T06:14:18+03:00
333723,2023-06-18T10:34:59+03:00
287129,2023-06-18T11:08:28+03:00
95364,2023-06-18T19:27:04+03:00
197185,2023-06-18T20:52:16+03:00
212157,2023-06-19T23:59:42+03:00
288045,2023-06-20T14:32:45+03:00
334595,2023-06-21T04:16:54+03:00
287621,2023-06-21T08:30:17+03:00
287915,2023-06-21T09:00:34+03:00
289214,2023-06-21T14:48:25+03:00
8827,2023-06-21T23:41:41+03:00
262535,2023-06-21T23:42:09+03:00
334562,2023-06-22T21:39:20+03:00
115923,2023-06-23T12:53:01+03:00
287856,2023-06-23T16:51:16+03:00
297164,2023-06-23T22:51:16+03:00
268860,2023-06-24T20:17:23+03:00
231847,2023-06-24T22:47:41+03:00
267693,2023-06-25T18:31:39+03:00
262563,2023-06-26T05:41:53+03:00
229634,2023-06-26T13:56:56+03:00
333980,2023-06-26T19:25:41+03:00
267852,2023-06-26T20:11:20+03:00
267316,2023-06-27T00:27:13+03:00
120516,2023-06-27T00:42:24+03:00
333551,2023-06-28T06:41:19+03:00
289176,2023-06-29T01:46:58+03:00
93519,2023-06-29T02:38:14+03:00
143713,2023-06-29T13:26:10+03:00
330259,2023-06-30T01:13:35+03:00
266924,2023-07-01T03:25:10+03:00
267529,2023-07-01T12:07:12+03:00
229597,2023-07-01T12:39:59+03:00
93701,2023-07-02T16:40:18+03:00
115750,2023-07-02T18:08:02+03:00
196768,2023-07-03T06:58:14+03:00
287027,2023-07-03T12:37:08+03:00
277870,2023-07-03T13:48:38+03:00
230819,2023-07-03T20:35:48+03:00
214246,2023-07-05T01:49:21+03:00
212510,2023-07-05T09:12:36+03:00
229228,2023-07-05T14:02:08+03:00
334596,2023-07-05T14:55:13+03:00
93542,2023-07-06T13:18:01+03:00
287919,2023-07-07T05:41:47+03:00
229539,2023-07-07T10:44:16+03:00
287624,2023-07-07T13:29:41+03:00
267096,2023-07-08T03:48:31+03:00
333471,2023-07-08T16:50:58+03:00
334663,2023-07-08T23:49:32+03:00
263405,2023-07-09T17:51:19+03:00
196778,2023-07-09T20:52:00+03:00
278541,2023-07-10T02:19:54+03:00
262702,2023-07-10T06:00:17+03:00
334265,2023-07-10T07:24:36+03:00
228924,2023-07-10T16:53:53+03:00
147210,2023-07-10T16:55:26+03:00
212725,2023-07-11T09:41:55+03:00
289228,2023-07-11T11:07:54+03:00
197289,2023-07-12T16:25:20+03:00
286941,2023-07-12T21:37:04+03:00
287251,2023-07-13T01:05:02+03:00
267057,2023-07-13T07:27:54+03:00
120397,2023-07-14T09:06:24+03:00
316138,2023-07-14T11:26:28+03:00
287169,2023-07-14T11:39:22+03:00
232039,2023-07-14T15:15:30+03:00
193228,2023-07-14T18:06:16+03:00
197179,2023-07-16T10:16:47+03:00
284732,2023-07-16T13:08:32+03:00
147097,2023-07-17T21:56:44+03:00
196736,2023-07-18T21:36:44+03:00
157288,2023-07-18T23:50:19+03:00
8815,2023-07-19T22:55:18+03:00
228828,2023-07-20T02:40:17+03:00
229832,2023-07-20T09:41:31+03:00
334368,2023-07-20T20:10:31+03:00
289215,2023-07-21T10:18:11+03:00
93435,2023-07-21T11:09:50+03:00
228897,2023-07-21T13:23:55+03:00
269614,2023-07-21T15:34:42+03:00
330206,2023-07-22T04:43:31+03:00
95429,2023-07-22T12:56:13+03:00
212574,2023-07-22T22:02:23+03:00
215880,2023-07-23T15:57:18+03:00
197729,2023-07-24T10:50:55+03:00
228784,2023-07-24T16:17:26+03:00
229402,2023-07-24T17:55:04+03:00
229306,2023-07-25T15:25:19+03:00
143699,2023-07-25T20:47:31+03:00
93667,2023-07-25T21:03:53+03:00
330518,2023-07-26T04:41:39+03:00
98155,2023-07-26T14:34:59+03:00
334421,2023-07-27T02:18:11+03:00
212199,2023-07-27T14:21:45+03:00
268080,2023-07-27T16:10:26+03:00
231331,2023-07-27T16:24:08+03:00
334681,2023-07-29T09:21:03+03:00
229569,2023-07-29T11:06:51+03:00
261943,2023-07-29T23:34:33+03:00
229530,2023-07-30T04:59:58+03:00
115668,2023-07-30T07:06:44+03:00
115360,2023-07-30T09:08:37+03:00
179150,2023-07-30T10:00:49+03:00
116049,2023-07-31T18:35:09+03:00
288201,2023-07-31T20:16:07+03:00
197351,2023-08-01T10:21:33+03:00
212572,2023-08-01T12:13:25+03:00
289176,2023-08-02T05:33:54+03:00
179241,2023-08-02T06:57:45+03:00
267078,2023-08-02T22:08:45+03:00
115555,2023-08-04T15:57:39+03:00
228322,2023-08-05T03:28:25+03:00
229378,2023-08-05T09:12:16+03:00
267803,2023-08-05T15:10:29+03:00
143685,2023-08-06T16:02:38+03:00
269716,2023-08-06T17:22:17+03:00
120584,2023-08-07T01:23:14+03:00
179218,2023-08-08T12:10:54+03:00
289198,2023-08-08T15:22:12+03:00
116025,2023-08-09T03:49:18+03:00
197980,2023-08-09T08:34:00+03:00
120690,2023-08-10T15:43:18+03:00
228225,2023-08-10T17:25:16+03:00
212427,2023-08-10T21:17:24+03:00
147102,2023-08-11T07:35:46+03:00
212436,2023-08-11T14:24:55+03:00
229341,2023-08-11T16:36:36+03:00
267842,2023-08-11T23:50:35+03:00
143530,2023-08-12T14:31:08+03:00
262525,2023-08-12T21:37:55+03:00
229039,2023-08-13T09:09:16+03:00
115252,2023-08-13T15:10:42+03:00
269705,2023-08-14T08:01:13+03:00
193090,2023-08-14T11:35:33+03:00
261914,2023-08-15T13:10:01+03:00
93478,2023-08-15T18:47:34+03:00
334615,2023-08-15T21:22:01+03:00
334221,2023-08-16T00:27:52+03:00
289193,2023-08-16T10:54:57+03:00
236792,2023-08-16T18:46:40+03:00
121158,2023-08-17T00:20:55+03:00
94181,2023-08-17T01:28:44+03:00
287524,2023-08-17T01:43:56+03:00
193194,2023-08-17T17:17:35+03:00
103982,2023-08-18T01:02:32+03:00
287023,2023-08-18T01:55:08+03:00
120317,2023-08-18T02:52:12+03:00
287759,2023-08-18T23:00:55+03:00
333948,2023-08-19T07:59:48+03:00
120605,2023-08-19T08:48:11+03:00
228304,2023-08-19T09:50:16+03:00
230054,2023-08-19T11:50:13+03:00
96437,2023-08-20T01:33:08+03:00
147941,2023-08-20T03:43:46+03:00
267661,2023-08-20T04:06:37+03:00
171615,2023-08-20T18:48:52+03:00
98177,2023-08-21T10:09:47+03:00
228860,2023-08-21T22:32:08+03:00
287268,2023-08-21T23:41:52+03:00
228923,2023-08-22T13:24:00+03:00
231968,2023-08-22T15:11:01+03:00
267813,2023-08-22T18:49:15+03:00
103996,2023-08-22T20:02:47+03:00
147168,2023-08-23T21:47:09+03:00
98165,2023-08-24T08:14:55+03:00
331439,2023-08-24T10:09:07+03:00
334024,2023-08-24T18:37:24+03:00
212093,2023-08-24T22:59:58+03:00
330317,2023-08-25T01:37:45+03:00
212929,2023-08-25T10:05:37+03:00
284871,2023-08-25T20:02:21+03:00
229635,2023-08-26T00:27:41+03:00
231854,2023-08-26T18:44:53+03:00
178264,2023-08-27T00:50:46+03:00
179153,2023-08-27T12:48:44+03:00
77849,2023-08-27T22:20:34+03:00
148747,2023-08-28T03:18:57+03:00
229174,2023-08-29T09:09:30+03:00
230783,2023-08-29T10:19:17+03:00
229395,2023-08-29T14:51:04+03:00
231999,2023-08-30T10:06:42+03:00
229510,2023-08-30T15:12:46+03:00
278042,2023-08-30T20:36:27+03:00
115941,2023-08-31T06:45:42+03:00
302179,2023-08-31T15:31:02+03:00
334450,2023-08-31T20:58:37+03:00
334310,2023-09-01T07:27:26+03:00
261873,2023-09-01T18:53:11+03:00
334323,2023-09-02T03:05:38+03:00
261982,2023-09-02T06:02:54+03:00
143537,2023-09-02T14:52:08+03:00
269449,2023-09-02T16:08:02+03:00
229027,2023-09-02T16:41:58+03:00
213779,2023-09-02T23:15:37+03:00
232066,2023-09-03T06:29:50+03:00
230805,2023-09-03T18:20:23+03:00
269540,2023-09-04T06:29:11+03:00
267833,2023-09-04T06:52:38+03:00
269358,2023-09-04T10:01:19+03:00
229170,2023-09-04T15:37:26+03:00
196896,2023-09-05T05:03:51+03:00
229067,2023-09-05T05:10:22+03:00
2996,2023-09-05T08:59:51+03:00
333938,2023-09-05T16:54:57+03:00
287159,2023-09-05T18:08:28+03:00
120269,2023-09-06T07:01:27+03:00
116117,2023-09-06T07:51:55+03:00
197984,2023-09-06T13:07:27+03:00
229558,2023-09-07T10:58:14+03:00
236772,2023-09-07T16:25:50+03:00
269715,2023-09-07T18:28:40+03:00
267130,2023-09-08T07:05:36+03:00
147133,2023-09-08T13:55:34+03:00
267661,2023-09-08T16:19:38+03:00
287123,2023-09-09T01:42:21+03:00
229531,2023-09-09T18:50:12+03:00
278402,2023-09-10T01:17:49+03:00
93482,2023-09-11T05:11:57+03:00
212761,2023-09-11T05:25:13+03:00
267734,2023-09-11T11:40:54+03:00
230940,2023-09-12T03:34:55+03:00
334274,2023-09-12T09:20:57+03:00
144861,2023-09-12T10:19:14+03:00
197154,2023-09-12T17:56:57+03:00
287826,2023-09-12T22:27:55+03:00
229546,2023-09-13T04:07:26+03:00
262159,2023-09-14T14:20:52+03:00
334646,2023-09-14T17:30:09+03:00
229598,2023-09-15T05:18:22+03:00
269238,2023-09-15T20:45:03+03:00
287852,2023-09-16T16:18:54+03:00
197293,2023-09-16T21:56:32+03:00
286960,2023-09-17T06:06:50+03:00
179222,2023-09-17T07:44:12+03:00
196894,2023-09-18T11:46:52+03:00
284707,2023-09-18T14:13:54+03:00
212791,2023-09-18T23:03:46+03:00
286924,2023-09-19T00:37:11+03:00
334309,2023-09-19T14:12:59+03:00
228884,2023-09-20T00:24:01+03:00
286917,2023-09-20T14:14:55+03:00
104037,2023-09-22T02:59:20+03:00
115305,2023-09-22T13:09:15+03:00
287704,2023-09-22T23:36:22+03:00
215835,2023-09-23T01:02:09+03:00
196735,2023-09-23T04:45:17+03:00
230788,2023-09-23T07:07:16+03:00
267573,2023-09-23T17:08:47+03:00
229419,2023-09-24T01:06:16+03:00
228512,2023-09-24T01:56:26+03:00
334694,2023-09-24T03:17:00+03:00
213483,2023-09-24T07:56:16+03:00
287280,2023-09-24T08:00:15+03:00
147121,2023-09-24T18:53:36+03:00
143534,2023-09-25T04:26:05+03:00
212934,2023-09-25T15:30:11+03:00
269021,2023-09-26T00:56:53+03:00
230697,2023-09-26T01:45:44+03:00
330669,2023-09-26T16:43:24+03:00
115313,2023-09-27T08:17:14+03:00
227200,2023-09-27T09:55:56+03:00
95390,2023-09-27T10:41:06+03:00
179171,2023-09-27T11:41:15+03:00
120254,2023-09-27T19:39:32+03:00
212918,2023-09-27T20:17:40+03:00
286980,2023-09-27T22:56:24+03:00
115887,2023-09-28T11:27:24+03:00
2992,2023-09-29T07:52:54+03:00
212525,2023-09-29T12:26:14+03:00
120560,2023-09-29T16:31:25+03:00
171580,2023-09-29T20:37:48+03:00
94122,2023-09-30T10:11:54+03:00
334694,2023-09-30T15:28:32+03:00
214276,2023-09-30T21:13:11+03:00
197317,2023-09-30T22:39:42+03:00
229498,2023-09-30T23:37:33+03:00
330223,2023-10-01T07:13:55+03:00
284720,2023-10-01T09:07:18+03:00
179231,2023-10-01T09:37:43+03:00
278017,2023-10-01T14:00:36+03:00
277950,2023-10-01T16:20:06+03:00
157320,2023-10-02T04:39:43+03:00
228765,2023-10-02T06:44:51+03:00
269427,2023-10-04T05:47:06+03:00
179186,2023-10-04T07:47:18+03:00
229168,2023-10-04T19:38:57+03:00
93484,2023-10-04T20:03:08+03:00
228956,2023-10-04T21:25:19+03:00
266907,2023-10-05T04:50:37+03:00
269704,2023-10-05T09:37:02+03:00
209989,2023-10-05T17:20:38+03:00
196986,2023-10-06T07:37:23+03:00
287532,2023-10-06T22:29:24+03:00
95475,2023-10-07T00:22:30+03:00
228217,2023-10-07T01:21:54+03:00
197153,2023-10-07T18:54:36+03:00
93222,2023-10-08T15:19:03+03:00
266996,2023-10-08T20:34:14+03:00
287834,2023-10-08T22:27:21+03:00
193148,2023-10-09T03:58:46+03:00
334508,2023-10-09T07:13:06+03:00
333512,2023-10-09T13:23:08+03:00
278025,2023-10-09T22:19:38+03:00
162766,2023-10-09T22:49:41+03:00
8771,2023-10-10T19:46:29+03:00
157302,2023-10-10T20:19:40+03:00
228820,2023-10-11T16:53:45+03:00
228460,2023-10-11T23:22:07+03:00
269069,2023-10-12T10:42:25+03:00
287913,2023-10-13T06:08:35+03:00
267190,2023-10-13T07:18:48+03:00
230493,2023-10-13T17:55:08+03:00
212458,2023-10-13T23:28:18+03:00
135201,2023-10-14T10:32:30+03:00
268861,2023-10-14T17:54:23+03:00
255385,2023-10-15T03:48:23+03:00
334001,2023-10-15T07:34:02+03:00
255353,2023-10-15T10:50:52+03:00
228657,2023-10-15T12:56:42+03:00
229578,2023-10-15T19:43:55+03:00
171593,2023-10-16T11:30:36+03:00
285868,2023-10-17T16:56:47+03:00
231308,2023-10-17T18:34:18+03:00
94198,2023-10-17T20:43:18+03:00
196491,2023-10-18T02:02:41+03:00
334449,2023-10-18T21:03:03+03:00
262151,2023-10-19T05:56:21+03:00
212927,2023-10-19T10:33:45+03:00
236790,2023-10-19T12:34:26+03:00
286979,2023-10-21T05:46:56+03:00
228881,2023-10-21T09:46:23+03:00
266637,2023-10-21T12:01:39+03:00
333714,2023-10-21T17:19:18+03:00
269598,2023-10-22T08:47:39+03:00
287323,2023-10-22T19:43:22+03:00
255335,2023-10-23T05:01:20+03:00
330670,2023-10-23T06:10:09+03:00
120297,2023-10-23T07:27:24+03:00
228753,2023-10-23T10:23:41+03:00
143703,2023-10-23T13:33:19+03:00
287860,2023-10-24T00:35:23+03:00
228680,2023-10-24T12:46:21+03:00
269414,2023-10-24T13:08:19+03:00
334765,2023-10-27T00:42:18+03:00
229374,2023-10-27T07:01:42+03:00
228963,2023-10-28T15:39:25+03:00
227491,2023-10-29T01:16:32+03:00
229163,2023-10-29T02:27:19+03:00
197132,2023-10-29T04:53:40+03:00
268933,2023-10-29T23:10:01+03:00
334605,2023-10-30T09:15:13+03:00
229497,2023-10-30T21:12:45+03:00
171647,2023-10-31T05:52:14+03:00
228560,2023-11-02T17:12:49+03:00
287329,2023-11-03T13:00:23+03:00
103996,2023-11-03T16:16:44+03:00
143530,2023-11-03T16:43:08+03:00
116095,2023-11-04T17:36:34+03:00
93584,2023-11-04T21:05:52+03:00
116129,2023-11-05T04:54:21+03:00
287129,2023-11-05T11:22:20+03:00
228669,2023-11-05T12:57:12+03:00
334497,2023-11-05T15:29:29+03:00
231731,2023-11-05T15:57:03+03:00
229024,2023-11-06T22:27:10+03:00
262555,2023-11-07T03:28:42+03:00
212672,2023-11-08T07:32:09+03:00
262040,2023-11-08T10:47:26+03:00
212918,2023-11-08T17:11:18+03:00
269544,2023-11-08T19:04:41+03:00
96312,2023-11-09T01:43:36+03:00
266707,2023-11-09T05:59:58+03:00
144882,2023-11-09T22:19:07+03:00
197331,2023-11-10T01:20:59+03:00
228736,2023-11-10T01:49:02+03:00
278533,2023-11-10T03:09:20+03:00
267333,2023-11-10T20:34:16+03:00
229202,2023-11-11T05:55:16+03:00
267550,2023-11-11T07:11:34+03:00
278529,2023-11-11T09:07:13+03:00
2944,2023-11-11T22:07:28+03:00
95478,2023-11-12T01:38:39+03:00
267497,2023-11-12T03:49:14+03:00
228990,2023-11-13T00:24:09+03:00
334454,2023-11-13T01:22:20+03:00
229485,2023-11-13T21:37:56+03:00
261907,2023-11-14T02:05:30+03:00
47585,2023-11-14T22:50:31+03:00
196147,2023-11-14T23:41:53+03:00
230768,2023-11-15T02:13:29+03:00
268102,2023-11-15T03:13:04+03:00
94057,2023-11-15T04:43:36+03:00
334769,2023-11-15T13:47:13+03:00
262619,2023-11-16T17:31:18+03:00
334239,2023-11-17T00:24:14+03:00
261930,2023-11-17T22:55:54+03:00
286837,2023-11-18T03:06:44+03:00
287403,2023-11-18T11:19:46+03:00
269220,2023-11-18T15:25:20+03:00
120469,2023-11-19T00:46:29+03:00
267724,2023-11-19T15:29:49+03:00
196645,2023-11-19T15:35:43+03:00
212693,2023-11-19T22:04:14+03:00
267995,2023-11-20T02:57:07+03:00
135237,2023-11-20T09:59:22+03:00
287645,2023-11-20T14:45:50+03:00
267670,2023-11-21T15:04:01+03:00
331464,2023-11-21T16:06:30+03:00
230483,2023-11-22T04:12:45+03:00
212570,2023-11-22T14:52:30+03:00
212307,2023-11-22T22:00:43+03:00
215814,2023-11-23T10:42:46+03:00
213295,2023-11-23T20:20:54+03:00
213007,2023-11-24T00:03:43+03:00
228927,2023-11-24T03:07:09+03:00
94046,2023-11-24T06:31:43+03:00
212490,2023-11-24T18:36:47+03:00
93483,2023-11-25T22:14:21+03:00
171648,2023-11-26T05:38:54+03:00
262591,2023-11-26T17:14:04+03:00
116144,2023-11-26T20:57:36+03:00
267569,2023-11-27T03:46:06+03:00
231705,2023-11-27T15:19:42+03:00
288196,2023-11-27T21:57:42+03:00
215823,2023-11-28T20:48:33+03:00
269564,2023-11-29T08:32:40+03:00
104063,2023-11-29T20:43:22+03:00
212103,2023-11-30T03:46:08+03:00
287176,2023-11-30T04:44:33+03:00
333406,2023-12-01T04:08:35+03:00
287623,2023-12-01T10:57:02+03:00
302195,2023-12-02T20:12:20+03:00
179390,2023-12-02T22:03:50+03:00
269586,2023-12-03T09:53:20+03:00
267588,2023-12-03T19:04:04+03:00
120326,2023-12-04T02:27:21+03:00
229405,2023-12-05T08:05:23+03:00
144839,2023-12-05T09:45:46+03:00
287785,2023-12-05T11:51:11+03:00
231308,2023-12-05T12:02:42+03:00
269045,2023-12-05T18:52:20+03:00
120588,2023-12-06T03:16:15+03:00
286041,2023-12-06T22:17:10+03:00
120165,2023-12-07T12:22:10+03:00
162771,2023-12-07T20:03:37+03:00
228522,2023-12-08T03:30:37+03:00
334451,2023-12-08T15:11:12+03:00
334341,2023-12-08T23:37:42+03:00
262696,2023-12-09T04:21:46+03:00
228257,2023-12-09T07:39:17+03:00
262030,2023-12-09T18:10:17+03:00
90723,2023-12-09T19:49:13+03:00
212127,2023-12-10T22:59:10+03:00
269124,2023-12-11T22:30:50+03:00
104026,2023-12-12T04:40:47+03:00
213163,2023-12-12T04:52:32+03:00
94010,2023-12-12T13:02:32+03:00
229061,2023-12-12T13:02:44+03:00
196978,2023-12-12T22:33:08+03:00
94847,2023-12-13T13:12:20+03:00
267610,2023-12-13T22:12:46+03:00
212945,2023-12-14T02:14:38+03:00
287367,2023-12-14T10:28:26+03:00
144835,2023-12-14T20:26:18+03:00
266922,2023-12-14T21:46:15+03:00
333678,2023-12-15T16:40:24+03:00
269439,2023-12-15T22:12:56+03:00
287089,2023-12-16T04:47:17+03:00
120151,2023-12-16T07:11:34+03:00
98162,2023-12-16T18:50:36+03:00
269547,2023-12-17T00:47:58+03:00
228294,2023-12-17T09:01:36+03:00
96378,2023-12-17T17:01:48+03:00
287577,2023-12-18T01:12:29+03:00
287327,2023-12-18T03:06:28+03:00
229313,2023-12-18T13:27:14+03:00
196485,2023-12-19T10:45:58+03:00
197121,2023-12-19T18:14:54+03:00
228739,2023-12-20T12:47:46+03:00
215779,2023-12-20T14:23:31+03:00
267022,2023-12-21T09:35:43+03:00
193213,2023-12-21T11:53:16+03:00
147025,2023-12-21T12:40:14+03:00
287808,2023-12-23T03:32:54+03:00
94162,2023-12-23T04:53:13+03:00
286843,2023-12-23T05:56:12+03:00
214111,2023-12-23T10:40:44+03:00
287073,2023-12-23T16:47:28+03:00
120346,2023-12-23T22:17:54+03:00
96455,2023-12-24T09:30:23+03:00
215810,2023-12-24T19:51:32+03:00
9338,2023-12-25T03:19:49+03:00
94217,2023-12-25T03:21:51+03:00
287740,2023-12-25T15:20:07+03:00
245482,2023-12-26T01:07:43+03:00
277939,2023-12-26T03:38:00+03:00
197175,2023-12-26T04:58:10+03:00
287462,2023-12-26T07:03:58+03:00
144810,2023-12-26T08:23:25+03:00
334627,2023-12-26T11:57:27+03:00
228642,2023-12-26T20:33:55+03:00
120172,2023-12-27T10:40:43+03:00
262673,2023-12-28T01:44:38+03:00
288107,2023-12-28T23:35:19+03:00
193141,2023-12-29T04:56:03+03:00
287301,2023-12-30T06:41:53+03:00
120537,2023-12-30T07:54:00+03:00
334385,2023-12-30T09:47:03+03:00
287553,2023-12-31T06:41:58+03:00
230806,2023-12-31T07:10:44+03:00
94189,2023-12-31T18:31:07+03:00
228914,2023-12-31T21:02:33+03:00
94111,2024-01-01T02:51:10+03:00
334329,2024-01-01T05:21:33+03:00
334642,2024-01-01T11:06:11+03:00
287100,2024-01-01T11:36:54+03:00
263406,2024-01-01T12:28:15+03:00
278363,2024-01-02T22:52:12+03:00
287239,2024-01-03T06:53:30+03:00
230563,2024-01-03T08:49:06+03:00
50638,2024-01-03T11:41:45+03:00
147109,2024-01-03T15:33:51+03:00
93909,2024-01-03T16:56:10+03:00
231700,2024-01-04T06:32:04+03:00
196681,2024-01-04T12:26:20+03:00
230348,2024-01-06T00:13:44+03:00
333501,2024-01-06T03:10:04+03:00
229598,2024-01-06T05:18:30+03:00
267734,2024-01-06T16:38:44+03:00
334610,2024-01-06T21:35:48+03:00
96465,2024-01-07T02:17:33+03:00
228845,2024-01-07T12:28:54+03:00
120281,2024-01-07T13:31:19+03:00
286971,2024-01-07T17:42:11+03:00
334678,2024-01-07T23:02:57+03:00
261887,2024-01-08T07:20:24+03:00
213043,2024-01-08T07:29:15+03:00
93198,2024-01-08T14:43:09+03:00
334601,2024-01-08T15:20:15+03:00
286978,2024-01-09T15:08:21+03:00
120685,2024-01-09T15:23:38+03:00
284691,2024-01-10T20:15:17+03:00
261906,2024-01-10T23:05:51+03:00
3086,2024-01-11T08:29:54+03:00
229466,2024-01-11T14:23:27+03:00
262699,2024-01-11T18:26:34+03:00
334938,2024-01-12T03:28:05+03:00
193100,2024-01-12T09:38:19+03:00
228710,2024-01-12T18:06:01+03:00
262027,2024-01-12T20:15:56+03:00
286917,2024-01-12T21:14:59+03:00
212907,2024-01-12T22:11:04+03:00
267343,2024-01-13T03:10:38+03:00
231705,2024-01-13T05:21:24+03:00
98184,2024-01-13T20:41:23+03:00
228912,2024-01-14T16:35:11+03:00
267517,2024-01-15T14:25:04+03:00
269328,2024-01-15T15:22:22+03:00
93438,2024-01-15T16:38:52+03:00
8770,2024-01-15T19:44:10+03:00
288206,2024-01-16T01:37:13+03:00
285945,2024-01-16T10:07:44+03:00
334719,2024-01-16T16:24:14+03:00
95376,2024-01-16T17:29:34+03:00
77569,2024-01-16T18:46:34+03:00
289222,2024-01-17T12:05:26+03:00
230901,2024-01-17T16:11:53+03:00
267825,2024-01-18T18:06:25+03:00
93554,2024-01-19T04:53:48+03:00
96236,2024-01-19T15:45:07+03:00
212364,2024-01-19T17:25:56+03:00
120171,2024-01-20T13:28:30+03:00
334423,2024-01-20T17:27:08+03:00
230608,2024-01-21T21:35:19+03:00
262106,2024-01-22T03:55:45+03:00
228632,2024-01-22T05:46:53+03:00
334610,2024-01-22T09:14:27+03:00
266958,2024-01-22T13:35:42+03:00
334691,2024-01-22T17:07:56+03:00
103955,2024-01-22T22:11:20+03:00
269610,2024-01-23T12:52:01+03:00
193128,2024-01-23T22:35:12+03:00
212811,2024-01-25T07:43:13+03:00
229814,2024-01-25T10:55:09+03:00
268173,2024-01-25T21:32:05+03:00
267715,2024-01-26T04:04:48+03:00
196144,2024-01-26T18:02:11+03:00
115917,2024-01-27T09:37:13+03:00
287496,2024-01-27T16:16:42+03:00
267576,2024-01-28T00:34:18+03:00
286960,2024-01-28T02:33:27+03:00
255369,2024-01-28T13:59:31+03:00
214259,2024-01-28T15:22:48+03:00
197179,2024-01-28T18:36:29+03:00
229367,2024-01-31T01:00:41+03:00
229357,2024-01-31T04:37:14+03:00
267751,2024-01-31T09:46:05+03:00
269669,2024-01-31T21:16:40+03:00
143721,2024-02-01T01:13:18+03:00
268792,2024-02-01T12:39:48+03:00
334725,2024-02-01T20:04:20+03:00
93587,2024-02-02T07:28:28+03:00
286669,2024-02-03T02:52:37+03:00
278382,2024-02-03T10:34:40+03:00
278566,2024-02-03T12:39:44+03:00
269470,2024-02-04T06:30:35+03:00
333944,2024-02-04T08:45:07+03:00
93658,2024-02-04T12:10:31+03:00
267632,2024-02-05T06:01:09+03:00
334188,2024-02-05T13:14:34+03:00
255337,2024-02-05T18:00:01+03:00
269691,2024-02-06T05:55:22+03:00
287953,2024-02-06T11:15:01+03:00
114016,2024-02-06T11:21:10+03:00
93928,2024-02-06T12:45:27+03:00
287222,2024-02-06T19:37:13+03:00
289236,2024-02-07T03:22:59+03:00
230875,2024-02-07T17:03:24+03:00
262719,2024-02-07T22:02:04+03:00
269596,2024-02-08T10:52:43+03:00
94197,2024-02-08T17:00:16+03:00
333768,2024-02-09T10:33:39+03:00
228640,2024-02-10T11:30:57+03:00
2876,2024-02-10T16:08:51+03:00
330332,2024-02-10T18:10:10+03:00
2984,2024-02-10T20:05:01+03:00
93531,2024-02-11T22:27:30+03:00
120381,2024-02-12T05:05:27+03:00
287253,2024-02-12T19:15:18+03:00
229460,2024-02-13T06:12:41+03:00
267755,2024-02-13T13:51:11+03:00
284874,2024-02-14T01:37:07+03:00
287443,2024-02-14T14:18:39+03:00
287830,2024-02-14T19:37:06+03:00
229610,2024-02-15T14:12:15+03:00
286980,2024-02-15T23:05:12+03:00
228772,2024-02-16T06:09:49+03:00
334597,2024-02-16T10:33:22+03:00
278503,2024-02-16T13:40:46+03:00
2880,2024-02-17T02:19:04+03:00
267413,2024-02-17T07:33:25+03:00
228836,2024-02-17T17:48:36+03:00
115803,2024-02-19T01:46:58+03:00
94847,2024-02-20T09:51:38+03:00
230784,2024-02-20T17:28:56+03:00
263349,2024-02-20T22:32:52+03:00
120610,2024-02-21T00:14:58+03:00
120548,2024-02-21T04:59:01+03:00
286029,2024-02-21T13:21:09+03:00
48121,2024-02-22T04:56:27+03:00
334509,2024-02-22T11:03:35+03:00
143665,2024-02-23T06:39:01+03:00
286985,2024-02-23T08:53:38+03:00
147808,2024-02-23T10:30:35+03:00
229540,2024-02-24T16:08:14+03:00
267110,2024-02-24T21:21:38+03:00
93755,2024-02-25T00:45:11+03:00
197263,2024-02-25T10:27:06+03:00
287502,2024-02-25T23:50:39+03:00
267501,2024-02-26T00:29:10+03:00
262615,2024-02-26T18:08:52+03:00
267771,2024-02-26T21:51:11+03:00
278208,2024-02-26T21:56:50+03:00
261933,2024-02-27T08:32:06+03:00
262713,2024-02-27T12:15:39+03:00
212857,2024-02-27T13:16:11+03:00
228939,2024-02-27T20:32:34+03:00
228848,2024-02-28T02:00:42+03:00
289248,2024-02-28T06:29:53+03:00
228893,2024-02-28T08:27:22+03:00
334195,2024-02-28T11:33:25+03:00
98167,2024-02-28T13:34:07+03:00
215727,2024-02-29T08:37:17+03:00
333616,2024-03-01T13:12:27+03:00
94839,2024-03-02T01:10:29+03:00
287157,2024-03-02T02:52:39+03:00
116013,2024-03-02T06:24:13+03:00
262096,2024-03-02T08:13:16+03:00
212142,2024-03-02T09:52:54+03:00
96259,2024-03-02T12:27:44+03:00
193205,2024-03-02T16:29:37+03:00
51672,2024-03-03T03:57:01+03:00
269466,2024-03-03T15:05:13+03:00
93280,2024-03-03T15:26:53+03:00
178330,2024-03-04T15:33:03+03:00
288002,2024-03-04T17:07:32+03:00
179239,2024-03-05T00:17:05+03:00
278381,2024-03-06T06:09:28+03:00
229692,2024-03-07T01:07:27+03:00
121153,2024-03-07T09:19:05+03:00
212358,2024-03-07T19:32:52+03:00
231328,2024-03-09T04:20:47+03:00
287453,2024-03-09T04:44:54+03:00
287753,2024-03-09T06:38:12+03:00
285810,2024-03-09T09:19:07+03:00
289178,2024-03-09T10:51:28+03:00
162850,2024-03-09T16:38:15+03:00
333711,2024-03-10T02:37:59+03:00
94152,2024-03-10T08:10:38+03:00
135199,2024-03-10T10:19:51+03:00
287164,2024-03-10T17:23:58+03:00
267507,2024-03-10T18:48:43+03:00
229295,2024-03-11T12:23:08+03:00
179177,2024-03-11T17:54:53+03:00
116139,2024-03-11T19:46:26+03:00
115593,2024-03-14T02:30:31+03:00
230903,2024-03-14T08:44:45+03:00
115418,2024-03-14T15:01:28+03:00
230548,2024-03-14T17:37:25+03:00
286690,2024-03-14T20:42:43+03:00
144848,2024-03-15T01:44:21+03:00
115703,2024-03-15T20:12:23+03:00
278094,2024-03-16T02:13:49+03:00
262613,2024-03-16T04:51:16+03:00
120505,2024-03-16T11:07:25+03:00
261935,2024-03-16T12:10:31+03:00
212550,2024-03-17T00:48:44+03:00
266807,2024-03-18T04:25:23+03:00
228304,2024-03-18T06:42:51+03:00
286685,2024-03-18T08:48:59+03:00
98166,2024-03-18T21:16:36+03:00
214023,2024-03-19T00:11:16+03:00
267760,2024-03-19T07:00:14+03:00
228922,2024-03-19T18:23:16+03:00
262101,2024-03-20T17:36:46+03:00
269642,2024-03-20T18:57:36+03:00
77546,2024-03-21T04:51:55+03:00
334405,2024-03-21T08:08:17+03:00
116095,2024-03-21T11:20:43+03:00
93785,2024-03-22T04:33:54+03:00
333917,2024-03-22T13:55:52+03:00
95417,2024-03-22T17:41:15+03:00
229151,2024-03-23T11:57:57+03:00
334198,2024-03-23T15:28:36+03:00
114008,2024-03-25T05:19:12+03:00
267683,2024-03-25T05:29:34+03:00
334290,2024-03-25T07:11:19+03:00
147938,2024-03-25T14:19:19+03:00
98152,2024-03-26T09:05:35+03:00
227246,2024-03-26T13:52:22+03:00
120541,2024-03-26T14:14:32+03:00
115787,2024-03-26T19:27:24+03:00
262693,2024-03-27T07:38:54+03:00
262094,2024-03-27T09:36:31+03:00
98194,2024-03-27T16:18:55+03:00
333725,2024-03-27T17:39:16+03:00
115754,2024-03-28T04:02:14+03:00
9335,2024-03-28T04:16:10+03:00
269599,2024-03-28T15:10:02+03:00
229087,2024-03-30T04:23:18+03:00
196899,2024-03-30T18:06:55+03:00
104030,2024-03-31T01:20:36+03:00
77840,2024-03-31T04:43:23+03:00
230814,2024-04-01T05:55:34+03:00
256121,2024-04-01T06:26:16+03:00
120332,2024-04-01T11:22:54+03:00
269448,2024-04-02T09:57:11+03:00
171606,2024-04-02T10:35:22+03:00
144872,2024-04-02T12:40:39+03:00
287077,2024-04-02T13:54:11+03:00
269700,2024-04-02T16:31:50+03:00
267662,2024-04-02T17:14:30+03:00
193107,2024-04-03T17:22:25+03:00
333642,2024-04-03T21:01:24+03:00
193127,2024-04-03T21:22:59+03:00
96321,2024-04-04T13:46:00+03:00
334453,2024-04-04T19:00:15+03:00
289235,2024-04-04T19:46:31+03:00
287573,2024-04-05T04:32:34+03:00
261900,2024-04-05T05:10:01+03:00
93211,2024-04-05T11:53:26+03:00
147204,2024-04-06T03:40:56+03:00
287777,2024-04-06T16:00:57+03:00
277860,2024-04-06T19:34:22+03:00
96331,2024-04-06T21:02:54+03:00
302189,2024-04-07T06:46:19+03:00
278364,2024-04-07T10:19:10+03:00
104054,2024-04-07T17:54:57+03:00
196882,2024-04-07T20:19:21+03:00
228590,2024-04-08T10:32:15+03:00
334455,2024-04-09T03:42:37+03:00
96329,2024-04-09T05:04:00+03:00
268063,2024-04-09T12:13:42+03:00
93442,2024-04-10T08:24:18+03:00
229312,2024-04-10T12:17:05+03:00
229042,2024-04-10T14:05:25+03:00
143632,2024-04-10T14:55:22+03:00
8822,2024-04-10T16:18:52+03:00
330657,2024-04-11T03:57:53+03:00
115654,2024-04-11T14:10:04+03:00
261936,2024-04-13T03:02:55+03:00
267661,2024-04-13T10:47:07+03:00
287431,2024-04-13T13:23:59+03:00
120599,2024-04-13T19:35:18+03:00
93430,2024-04-13T23:05:31+03:00
267184,2024-04-13T23:27:40+03:00
277874,2024-04-14T03:07:00+03:00
228881,2024-04-14T03:12:33+03:00
116110,2024-04-14T10:30:20+03:00
287771,2024-04-14T13:15:10+03:00
228664,2024-04-15T03:23:07+03:00
51693,2024-04-15T08:25:45+03:00
229267,2024-04-15T14:14:06+03:00
287168,2024-04-15T16:36:39+03:00
287359,2024-04-16T01:23:47+03:00
267598,2024-04-16T02:43:53+03:00
228392,2024-04-16T04:32:12+03:00
268860,2024-04-16T21:23:48+03:00
287179,2024-04-17T12:28:01+03:00
230893,2024-04-18T04:53:41+03:00
179209,2024-04-19T04:33:22+03:00
287682,2024-04-21T05:16:23+03:00
120395,2024-04-21T12:37:52+03:00
228960,2024-04-21T13:30:57+03:00
96286,2024-04-21T21:52:36+03:00
229017,2024-04-22T07:05:10+03:00
212086,2024-04-22T10:44:39+03:00
227477,2024-04-24T13:51:58+03:00
287647,2024-04-25T02:39:03+03:00
215786,2024-04-25T05:43:58+03:00
334507,2024-04-25T17:55:50+03:00
213199,2024-04-25T21:26:04+03:00
229419,2024-04-26T22:17:55+03:00
120557,2024-04-27T02:03:04+03:00
278497,2024-04-27T12:01:41+03:00
93785,2024-04-28T05:08:28+03:00
262582,2024-04-28T09:23:35+03:00
236773,2024-04-28T09:23:35+03:00
228656,2024-04-28T13:00:55+03:00
197320,2024-04-28T19:36:57+03:00
3121,2024-04-29T05:10:33+03:00
179209,2024-04-29T08:35:07+03:00
143548,2024-04-29T12:23:56+03:00
287681,2024-04-29T12:55:05+03:00
197036,2024-04-29T19:57:40+03:00
267226,2024-04-29T22:38:44+03:00
286389,2024-04-30T14:04:16+03:00
287743,2024-04-30T16:37:30+03:00
197298,2024-04-30T20:28:12+03:00
120675,2024-04-30T23:21:54+03:00
278480,2024-05-02T05:10:19+03:00
277929,2024-05-02T10:17:06+03:00
287901,2024-05-02T15:13:15+03:00
196820,2024-05-02T20:00:10+03:00
334223,2024-05-02T20:42:56+03:00
268062,2024-05-03T13:32:21+03:00
2979,2024-05-03T19:11:11+03:00
212465,2024-05-03T21:50:15+03:00
330708,2024-05-04T17:39:32+03:00
333641,2024-05-04T19:18:11+03:00
158992,2024-05-04T20:00:05+03:00
214210,2024-05-04T22:42:35+03:00
3128,2024-05-05T05:03:21+03:00
285857,2024-05-05T20:55:16+03:00
228180,2024-05-06T05:35:32+03:00
147200,2024-05-07T17:41:19+03:00
3100,2024-05-07T19:24:28+03:00
120239,2024-05-08T00:22:47+03:00
212711,2024-05-08T06:12:25+03:00
116019,2024-05-08T22:31:35+03:00
287118,2024-05-09T17:46:52+03:00
287468,2024-05-09T21:44:13+03:00
120677,2024-05-10T03:50:51+03:00
334446,2024-05-10T10:30:25+03:00
230921,2024-05-10T18:48:45+03:00
267637,2024-05-11T04:45:18+03:00
278082,2024-05-11T07:28:43+03:00
288236,2024-05-11T09:18:35+03:00
196495,2024-05-11T13:05:43+03:00
230846,2024-05-11T22:33:56+03:00
197146,2024-05-12T01:15:47+03:00
115755,2024-05-12T14:17:54+03:00
334211,2024-05-13T10:33:59+03:00
267702,2024-05-13T10:36:12+03:00
120156,2024-05-13T13:42:36+03:00
197369,2024-05-13T23:22:35+03:00
212796,2024-05-14T03:35:33+03:00
278558,2024-05-14T08:18:18+03:00
212771,2024-05-14T11:58:21+03:00
269431,2024-05-15T05:57:51+03:00
228275,2024-05-15T12:17:26+03:00
267570,2024-05-15T13:28:41+03:00
197322,2024-05-15T17:28:52+03:00
333494,2024-05-16T12:33:27+03:00
104007,2024-05-16T19:14:47+03:00
77538,2024-05-16T21:02:33+03:00
278544,2024-05-17T03:32:00+03:00
269437,2024-05-17T07:23:43+03:00
143535,2024-05-17T21:30:07+03:00
284888,2024-05-18T11:29:33+03:00
278382,2024-05-19T05:55:04+03:00
334563,2024-05-19T13:03:24+03:00
230383,2024-05-19T14:41:12+03:00
334494,2024-05-19T16:59:03+03:00
228924,2024-05-20T03:05:47+03:00
269455,2024-05-20T08:50:32+03:00
117764,2024-05-20T12:51:46+03:00
179172,2024-05-20T12:53:16+03:00
196625,2024-05-20T22:00:49+03:00
330593,2024-05-21T04:46:07+03:00
94139,2024-05-21T08:07:42+03:00
267110,2024-05-21T08:37:45+03:00
104040,2024-05-21T21:10:09+03:00
262522,2024-05-22T17:34:15+03:00
286179,2024-05-22T20:38:51+03:00
196627,2024-05-22T20:44:00+03:00
171580,2024-05-23T16:24:02+03:00
158999,2024-05-23T19:01:02+03:00
213295,2024-05-23T20:05:25+03:00
229520,2024-05-23T20:14:24+03:00
116129,2024-05-24T16:09:23+03:00
93596,2024-05-24T18:27:40+03:00
197124,2024-05-26T01:18:03+03:00
267142,2024-05-26T08:15:48+03:00
287121,2024-05-26T11:08:51+03:00
94050,2024-05-26T21:01:54+03:00
334530,2024-05-26T21:05:27+03:00
171546,2024-05-27T17:24:28+03:00
287401,2024-05-27T20:10:16+03:00
104041,2024-05-28T16:32:16+03:00
334605,2024-05-28T19:30:07+03:00
278419,2024-05-29T01:22:59+03:00
212433,2024-05-29T01:52:25+03:00
212666,2024-05-29T05:42:31+03:00
143556,2024-05-30T03:28:34+03:00
278291,2024-05-30T06:05:08+03:00
287383,2024-05-31T04:45:35+03:00
115697,2024-05-31T05:49:12+03:00
51676,2024-05-31T18:48:19+03:00
287002,2024-06-01T00:11:50+03:00
228942,2024-06-01T10:08:31+03:00
278418,2024-06-01T10:21:31+03:00
120506,2024-06-01T13:56:01+03:00
287019,2024-06-02T02:38:09+03:00
214122,2024-06-02T05:48:59+03:00
228560,2024-06-02T21:46:07+03:00
179236,2024-06-02T23:07:00+03:00
285813,2024-06-03T02:22:13+03:00
120246,2024-06-03T03:48:21+03:00
215829,2024-06-03T06:05:12+03:00
262638,2024-06-04T00:53:27+03:00
286674,2024-06-05T20:50:47+03:00
228904,2024-06-06T10:57:10+03:00
269702,2024-06-06T21:40:09+03:00
228375,2024-06-06T23:39:12+03:00
228946,2024-06-07T09:07:46+03:00
162765,2024-06-07T16:32:01+03:00
193095,2024-06-07T20:25:10+03:00
231931,2024-06-07T21:35:05+03:00
230859,2024-06-07T21:58:04+03:00
143513,2024-06-08T05:13:30+03:00
229162,2024-06-09T01:51:36+03:00
229453,2024-06-09T23:34:34+03:00
213818,2024-06-10T03:05:18+03:00
286969,2024-06-10T10:49:31+03:00
95500,2024-06-10T10:56:35+03:00
213777,2024-06-10T14:45:03+03:00
267847,2024-06-11T04:16:28+03:00
197159,2024-06-11T04:36:49+03:00
171603,2024-06-11T11:02:56+03:00
115803,2024-06-11T12:18:35+03:00
103947,2024-06-11T15:38:03+03:00
93456,2024-06-12T00:42:04+03:00
229244,2024-06-12T18:54:21+03:00
95503,2024-06-13T04:21:03+03:00
262088,2024-06-13T18:03:52+03:00
77834,2024-06-13T20:21:09+03:00
266994,2024-06-14T10:48:31+03:00
287028,2024-06-14T17:42:51+03:00
330711,2024-06-15T08:38:53+03:00
269562,2024-06-15T10:49:30+03:00
93913,2024-06-15T17:59:40+03:00
228762,2024-06-15T20:41:36+03:00
214123,2024-06-16T11:49:28+03:00
262674,2024-06-16T20:36:18+03:00
143653,2024-06-16T22:45:31+03:00
116116,2024-06-17T03:43:36+03:00
212156,2024-06-17T04:50:31+03:00
285915,2024-06-17T09:33:27+03:00
284903,2024-06-17T15:31:48+03:00
286670,2024-06-17T16:03:14+03:00
278465,2024-06-18T04:37:16+03:00
286239,2024-06-18T23:02:52+03:00
266608,2024-06-19T11:05:10+03:00
154110,2024-06-19T18:12:29+03:00
267711,2024-06-20T03:18:23+03:00
230817,2024-06-20T04:41:39+03:00
147933,2024-06-21T04:41:37+03:00
94855,2024-06-21T06:19:27+03:00
104014,2024-06-21T07:05:18+03:00
197358,2024-06-21T07:36:27+03:00
269527,2024-06-21T08:55:39+03:00
213442,2024-06-22T10:55:30+03:00
267333,2024-06-23T01:23:52+03:00
285852,2024-06-23T14:38:20+03:00
212093,2024-06-23T21:44:22+03:00
213139,2024-06-23T21:46:52+03:00
162885,2024-06-24T23:01:56+03:00
334235,2024-06-25T00:28:39+03:00
215805,2024-06-25T05:45:12+03:00
227245,2024-06-26T11:57:01+03:00
278458,2024-06-27T23:45:43+03:00
196990,2024-06-29T01:41:01+03:00
120241,2024-06-29T17:06:43+03:00
305214,2024-06-30T10:56:20+03:00
147173,2024-06-30T21:33:42+03:00
261991,2024-07-01T12:37:00+03:00
113983,2024-07-01T13:31:13+03:00
135232,2024-07-01T19:41:45+03:00
115304,2024-07-01T23:43:54+03:00
193176,2024-07-02T03:24:40+03:00
2866,2024-07-02T12:43:07+03:00
302188,2024-07-02T18:06:26+03:00
94170,2024-07-02T18:20:36+03:00
333509,2024-07-03T09:53:32+03:00
228680,2024-07-03T18:06:18+03:00
115800,2024-07-03T18:30:14+03:00
213809,2024-07-04T00:03:15+03:00
93607,2024-07-04T06:19:43+03:00
98210,2024-07-04T12:12:51+03:00
171638,2024-07-04T16:23:01+03:00
268143,2024-07-04T16:59:34+03:00
308175,2024-07-04T17:16:46+03:00
171547,2024-07-05T00:13:36+03:00
196894,2024-07-05T05:08:00+03:00
93478,2024-07-05T07:13:18+03:00
120408,2024-07-05T09:04:05+03:00
228860,2024-07-05T22:58:41+03:00
214208,2024-07-05T23:05:43+03:00
228720,2024-07-06T01:15:50+03:00
229409,2024-07-06T03:12:29+03:00
287857,2024-07-06T06:48:54+03:00
229155,2024-07-06T13:13:27+03:00
229826,2024-07-06T18:15:34+03:00
98195,2024-07-07T07:20:07+03:00
287734,2024-07-07T22:53:21+03:00
334300,2024-07-08T03:12:49+03:00
93695,2024-07-08T06:36:44+03:00
197250,2024-07-08T07:53:25+03:00
269509,2024-07-08T11:01:38+03:00
278479,2024-07-08T19:54:34+03:00
288146,2024-07-08T22:30:19+03:00
287559,2024-07-09T02:14:26+03:00
232198,2024-07-09T08:02:58+03:00
193202,2024-07-10T04:11:47+03:00
267522,2024-07-11T02:25:48+03:00
115737,2024-07-11T05:23:22+03:00
231820,2024-07-11T13:12:52+03:00
269352,2024-07-11T22:57:56+03:00
93447,2024-07-12T18:52:46+03:00
334542,2024-07-12T21:20:30+03:00
287280,2024-07-13T02:41:51+03:00
266922,2024-07-13T04:35:26+03:00
116079,2024-07-13T22:42:36+03:00
147017,2024-07-14T00:49:39+03:00
266720,2024-07-14T04:17:36+03:00
236768,2024-07-14T10:23:59+03:00
230018,2024-07-15T00:57:42+03:00
229587,2024-07-15T19:35:55+03:00
144855,2024-07-16T03:56:27+03:00
227203,2024-07-16T04:57:05+03:00
287762,2024-07-16T14:29:23+03:00
143514,2024-07-16T14:47:21+03:00
120480,2024-07-16T20:52:11+03:00
229461,2024-07-17T01:41:46+03:00
154848,2024-07-17T13:44:59+03:00
267692,2024-07-17T22:47:43+03:00
286695,2024-07-18T11:19:14+03:00
193192,2024-07-18T19:47:44+03:00
334779,2024-07-20T02:36:38+03:00
286161,2024-07-20T14:37:55+03:00
333663,2024-07-20T20:30:37+03:00
229346,2024-07-20T21:34:54+03:00
287001,2024-07-21T00:00:35+03:00
229982,2024-07-21T06:18:44+03:00
157309,2024-07-21T06:19:50+03:00
287065,2024-07-21T07:19:50+03:00
262559,2024-07-21T10:51:12+03:00
229952,2024-07-21T18:04:52+03:00
135194,2024-07-21T20:02:14+03:00
196730,2024-07-22T12:19:13+03:00
212362,2024-07-22T19:16:10+03:00
334718,2024-07-23T14:58:41+03:00
212444,2024-07-23T19:40:24+03:00
286347,2024-07-24T11:44:44+03:00
268208,2024-07-24T15:25:52+03:00
262162,2024-07-24T15:46:32+03:00
212836,2024-07-25T03:36:15+03:00
286925,2024-07-25T11:28:24+03:00
267711,2024-07-25T20:22:56+03:00
267549,2024-07-25T23:13:46+03:00
214243,2024-07-26T09:05:55+03:00
287240,2024-07-26T12:31:51+03:00
229520,2024-07-26T17:17:41+03:00
228676,2024-07-26T17:36:31+03:00
231728,2024-07-27T06:08:04+03:00
197343,2024-07-27T19:54:17+03:00
228864,2024-07-27T22:39:53+03:00
212762,2024-07-27T23:13:39+03:00
212456,2024-07-28T03:19:21+03:00
93221,2024-07-28T16:33:04+03:00
9377,2024-07-28T17:59:11+03:00
333435,2024-07-29T03:55:04+03:00
93642,2024-07-29T03:58:24+03:00
278347,2024-07-29T13:23:10+03:00
231869,2024-07-30T02:34:02+03:00
8804,2024-07-30T02:51:23+03:00
334594,2024-07-30T05:02:57+03:00
3069,2024-07-31T03:49:51+03:00
277953,2024-07-31T13:10:23+03:00
287179,2024-07-31T15:27:53+03:00
287344,2024-07-31T17:51:35+03:00
334479,2024-08-01T03:44:33+03:00
269310,2024-08-01T09:53:59+03:00
215796,2024-08-02T01:04:39+03:00
269073,2024-08-02T04:51:21+03:00
287528,2024-08-02T13:59:09+03:00
213425,2024-08-03T07:21:43+03:00
115953,2024-08-03T14:08:42+03:00
288121,2024-08-03T22:37:09+03:00
284854,2024-08-04T02:49:09+03:00
330606,2024-08-04T03:37:49+03:00
121164,2024-08-04T14:36:40+03:00
231710,2024-08-04T21:44:07+03:00
333495,2024-08-05T21:48:42+03:00
229246,2024-08-06T14:30:14+03:00
228962,2024-08-07T03:43:12+03:00
333432,2024-08-07T22:27:12+03:00
228878,2024-08-08T06:20:56+03:00
268902,2024-08-09T02:17:59+03:00
278398,2024-08-09T09:31:39+03:00
144860,2024-08-09T10:15:00+03:00
212186,2024-08-09T19:56:41+03:00
262013,2024-08-09T20:12:03+03:00
262696,2024-08-10T04:39:12+03:00
77735,2024-08-10T07:19:45+03:00
212490,2024-08-10T09:49:50+03:00
96461,2024-08-10T22:27:23+03:00
229157,2024-08-10T23:32:34+03:00
144901,2024-08-12T02:23:17+03:00
267088,2024-08-12T09:10:54+03:00
212868,2024-08-12T12:42:24+03:00
287852,2024-08-12T22:20:18+03:00
278479,2024-08-13T08:08:15+03:00
287150,2024-08-13T15:32:47+03:00
197396,2024-08-13T15:40:14+03:00
287346,2024-08-13T16:57:33+03:00
255365,2024-08-13T21:58:01+03:00
284914,2024-08-14T08:40:13+03:00
115304,2024-08-14T22:41:20+03:00
286933,2024-08-15T06:02:55+03:00
267575,2024-08-15T17:05:06+03:00
77718,2024-08-15T21:26:07+03:00
228782,2024-08-15T22:53:55+03:00
286467,2024-08-16T06:44:27+03:00
98195,2024-08-16T19:01:17+03:00
278453,2024-08-17T02:31:11+03:00
231909,2024-08-17T07:47:06+03:00
116106,2024-08-17T12:13:58+03:00
143713,2024-08-17T18:20:45+03:00
287572,2024-08-18T00:33:58+03:00
228819,2024-08-18T18:38:25+03:00
144789,2024-08-18T22:53:04+03:00
96463,2024-08-19T08:21:27+03:00
278551,2024-08-19T08:47:26+03:00
143590,2024-08-19T12:43:22+03:00
278326,2024-08-19T14:58:47+03:00
115299,2024-08-19T21:52:10+03:00
212924,2024-08-20T13:40:03+03:00
90696,2024-08-20T18:39:55+03:00
120457,2024-08-21T02:01:17+03:00
94849,2024-08-21T02:15:35+03:00
197001,2024-08-21T11:37:11+03:00
120398,2024-08-22T11:13:41+03:00
334716,2024-08-23T12:24:11+03:00
212076,2024-08-23T14:36:24+03:00
2956,2024-08-23T16:40:17+03:00
196767,2024-08-23T19:50:10+03:00
115810,2024-08-24T15:34:11+03:00
267006,2024-08-25T01:04:17+03:00
284727,2024-08-26T00:20:46+03:00
334586,2024-08-26T02:22:52+03:00
285799,2024-08-26T04:31:03+03:00
278370,2024-08-26T16:14:35+03:00
286838,2024-08-27T07:42:31+03:00
263358,2024-08-28T00:05:02+03:00
115575,2024-08-28T19:12:00+03:00
94191,2024-08-28T22:58:11+03:00
212476,2024-08-29T02:25:44+03:00
269166,2024-08-29T05:56:01+03:00
278409,2024-08-29T09:37:15+03:00
197173,2024-08-29T11:07:09+03:00
286871,2024-08-29T12:39:22+03:00
334480,2024-08-30T01:23:35+03:00
334450,2024-08-30T05:23:31+03:00
115381,2024-08-30T12:09:08+03:00
229076,2024-08-30T14:10:09+03:00
93549,2024-08-30T22:35:18+03:00
267664,2024-08-31T01:12:21+03:00
197340,2024-08-31T06:17:11+03:00
287627,2024-09-01T23:34:23+03:00
229525,2024-09-02T18:21:44+03:00
286924,2024-09-03T03:58:42+03:00
95500,2024-09-03T06:34:22+03:00
228648,2024-09-03T08:23:55+03:00
147001,2024-09-03T08:33:36+03:00
94048,2024-09-03T12:12:08+03:00
115584,2024-09-04T07:25:30+03:00
212671,2024-09-04T08:19:37+03:00
278020,2024-09-05T13:45:25+03:00
262066,2024-09-05T18:13:09+03:00
227484,2024-09-06T01:55:53+03:00
269604,2024-09-06T22:13:04+03:00
93759,2024-09-07T04:20:56+03:00
51701,2024-09-07T18:00:50+03:00
179243,2024-09-07T21:11:25+03:00
196746,2024-09-08T01:43:26+03:00
94817,2024-09-08T09:30:14+03:00
120515,2024-09-08T23:59:16+03:00
229088,2024-09-09T00:53:26+03:00
95332,2024-09-09T14:34:50+03:00
212703,2024-09-09T22:44:44+03:00
95374,2024-09-09T23:46:15+03:00
93674,2024-09-10T03:44:07+03:00
255389,2024-09-10T04:35:33+03:00
93943,2024-09-10T13:58:38+03:00
334199,2024-09-10T20:42:59+03:00
229150,2024-09-10T21:05:08+03:00
228808,2024-09-11T16:00:47+03:00
9333,2024-09-11T18:37:47+03:00
334341,2024-09-12T11:11:20+03:00
120678,2024-09-12T16:42:13+03:00
269478,2024-09-13T21:30:16+03:00
287656,2024-09-14T15:08:39+03:00
230870,2024-09-14T16:31:34+03:00
94088,2024-09-14T16:55:08+03:00
262123,2024-09-15T11:39:56+03:00
3003,2024-09-15T12:15:44+03:00
267599,2024-09-15T12:18:49+03:00
197153,2024-09-15T13:44:26+03:00
261873,2024-09-15T14:36:35+03:00
120365,2024-09-15T19:51:38+03:00
278516,2024-09-16T03:42:38+03:00
229118,2024-09-17T07:43:24+03:00
120967,2024-09-18T02:07:51+03:00
3116,2024-09-18T09:06:16+03:00
228597,2024-09-18T12:04:10+03:00
147099,2024-09-19T01:01:16+03:00
228796,2024-09-19T06:43:52+03:00
77853,2024-09-19T16:41:33+03:00
267511,2024-09-19T22:01:05+03:00
95430,2024-09-20T15:51:57+03:00
287668,2024-09-20T18:19:46+03:00
263356,2024-09-20T23:31:21+03:00
268015,2024-09-21T01:41:25+03:00
144759,2024-09-21T06:39:11+03:00
269034,2024-09-21T10:23:46+03:00
245480,2024-09-22T14:42:52+03:00
262640,2024-09-22T17:15:54+03:00
285857,2024-09-22T22:47:09+03:00
229464,2024-09-22T23:56:51+03:00
115681,2024-09-23T10:30:26+03:00
277930,2024-09-23T11:53:52+03:00
269526,2024-09-24T11:57:06+03:00
267729,2024-09-25T06:08:41+03:00
179210,2024-09-25T15:12:49+03:00
333424,2024-09-25T22:47:59+03:00
269694,2024-09-26T00:19:38+03:00
266677,2024-09-26T02:41:42+03:00
231947,2024-09-27T11:31:19+03:00
287474,2024-09-27T12:26:55+03:00
103962,2024-09-28T17:21:09+03:00
228460,2024-09-28T18:04:28+03:00
113992,2024-09-28T20:47:27+03:00
120366,2024-09-29T10:16:55+03:00
269757,2024-09-30T01:17:33+03:00
147013,2024-09-30T09:09:19+03:00
333484,2024-09-30T12:25:26+03:00
287437,2024-09-30T16:41:59+03:00
286215,2024-09-30T20:31:07+03:00
266809,2024-09-30T23:18:50+03:00
269462,2024-10-02T09:12:26+03:00
120691,2024-10-02T17:53:41+03:00
287656,2024-10-03T08:35:08+03:00
147124,2024-10-03T15:58:51+03:00
278565,2024-10-04T02:41:03+03:00
96468,2024-10-04T06:52:40+03:00
197337,2024-10-04T08:54:12+03:00
193140,2024-10-04T23:17:59+03:00
287816,2024-10-05T00:49:03+03:00
333742,2024-10-05T01:38:53+03:00
121146,2024-10-05T15:05:26+03:00
215829,2024-10-05T19:55:11+03:00
103942,2024-10-06T01:26:50+03:00
288090,2024-10-06T04:39:40+03:00
334220,2024-10-07T02:13:00+03:00
284884,2024-10-07T04:18:18+03:00
256085,2024-10-07T05:13:15+03:00
135197,2024-10-07T09:10:06+03:00
284123,2024-10-10T01:33:16+03:00
287509,2024-10-10T05:06:35+03:00
230906,2024-10-10T07:08:26+03:00
120367,2024-10-10T10:45:16+03:00
212378,2024-10-10T11:46:32+03:00
231329,2024-10-10T16:13:33+03:00
212550,2024-10-10T18:27:25+03:00
289223,2024-10-10T18:59:02+03:00
3069,2024-10-11T03:39:53+03:00
120527,2024-10-11T07:24:26+03:00
334781,2024-10-11T21:22:10+03:00
266786,2024-10-12T00:53:22+03:00
278538,2024-10-12T08:32:36+03:00
334371,2024-10-12T11:16:25+03:00
95393,2024-10-12T11:19:42+03:00
196764,2024-10-12T21:04:37+03:00
231308,2024-10-13T11:34:47+03:00
266909,2024-10-13T13:09:59+03:00
286915,2024-10-13T22:09:46+03:00
196786,2024-10-14T11:15:21+03:00
267662,2024-10-14T18:51:10+03:00
228935,2024-10-14T19:20:27+03:00
287879,2024-10-14T22:45:59+03:00
214249,2024-10-15T01:31:30+03:00
269498,2024-10-15T11:22:14+03:00
115303,2024-10-15T16:03:55+03:00
267637,2024-10-15T19:18:16+03:00
267680,2024-10-16T08:46:54+03:00
213451,2024-10-16T12:53:20+03:00
147196,2024-10-16T20:38:05+03:00
262002,2024-10-16T22:20:16+03:00
212336,2024-10-17T03:45:03+03:00
230943,2024-10-18T06:49:22+03:00
197345,2024-10-18T15:10:21+03:00
93518,2024-10-18T17:25:30+03:00
230453,2024-10-19T01:35:44+03:00
229311,2024-10-19T02:30:53+03:00
229336,2024-10-19T13:16:50+03:00
231737,2024-10-20T04:56:44+03:00
231938,2024-10-20T09:40:26+03:00
333915,2024-10-20T13:41:18+03:00
230893,2024-10-20T14:21:18+03:00
93649,2024-10-20T15:35:00+03:00
94848,2024-10-21T16:11:11+03:00
197032,2024-10-21T18:56:10+03:00
267516,2024-10-22T00:30:38+03:00
285921,2024-10-22T03:20:17+03:00
330486,2024-10-22T05:21:14+03:00
120483,2024-10-22T06:35:17+03:00
262569,2024-10-23T09:55:17+03:00
230204,2024-10-23T10:30:35+03:00
147185,2024-10-23T19:33:08+03:00
287515,2024-10-23T22:42:24+03:00
8769,2024-10-25T15:45:15+03:00
116145,2024-10-26T00:49:46+03:00
333574,2024-10-26T08:25:40+03:00
158964,2024-10-26T17:49:08+03:00
162846,2024-10-27T10:33:57+03:00
171541,2024-10-27T10:51:50+03:00
287088,2024-10-27T13:05:33+03:00
334690,2024-10-28T02:33:00+03:00
228971,2024-10-28T11:19:10+03:00
229146,2024-10-28T14:11:08+03:00
331439,2024-10-28T14:29:32+03:00
278439,2024-10-28T23:43:34+03:00
288311,2024-10-29T10:39:53+03:00
287289,2024-10-29T10:46:47+03:00
289178,2024-10-30T11:47:27+03:00
144886,2024-10-30T14:04:35+03:00
228826,2024-10-30T15:56:52+03:00
95487,2024-10-31T03:20:58+03:00
115995,2024-10-31T19:24:17+03:00
213426,2024-10-31T20:24:44+03:00
212646,2024-10-31T21:52:21+03:00
330264,2024-11-01T04:38:35+03:00
263413,2024-11-01T08:37:48+03:00
289195,2024-11-02T19:39:00+03:00
302178,2024-11-02T20:36:31+03:00
267074,2024-11-02T23:56:22+03:00
9335,2024-11-03T02:26:01+03:00
197270,2024-11-03T07:45:47+03:00
262518,2024-11-03T18:32:41+03:00
95481,2024-11-03T21:53:26+03:00
277879,2024-11-04T13:17:45+03:00
3011,2024-11-04T19:01:13+03:00
196665,2024-11-05T11:54:41+03:00
93489,2024-11-05T23:36:15+03:00
269031,2024-11-06T11:00:07+03:00
334346,2024-11-06T18:27:50+03:00
231847,2024-11-07T19:34:13+03:00
287196,2024-11-08T09:36:57+03:00
333937,2024-11-08T22:35:14+03:00
333764,2024-11-09T01:00:34+03:00
308188,2024-11-09T01:11:47+03:00
229308,2024-11-09T06:16:42+03:00
120300,2024-11-10T02:14:18+03:00
116096,2024-11-10T09:08:06+03:00
77776,2024-11-11T00:34:03+03:00
98173,2024-11-11T14:36:04+03:00
196720,2024-11-13T01:18:03+03:00
334280,2024-11-13T11:40:59+03:00
289177,2024-11-13T17:22:09+03:00
330553,2024-11-14T05:02:51+03:00
269220,2024-11-14T11:16:39+03:00
261984,2024-11-14T11:41:35+03:00
77672,2024-11-14T19:12:47+03:00
286827,2024-11-14T19:28:11+03:00
278562,2024-11-15T07:22:52+03:00
262674,2024-11-15T12:19:12+03:00
334630,2024-11-15T15:38:39+03:00
171545,2024-11-15T18:06:21+03:00
287117,2024-11-15T21:19:42+03:00
77718,2024-11-16T04:44:30+03:00
288121,2024-11-16T13:56:27+03:00
269627,2024-11-16T18:08:51+03:00
287589,2024-11-16T19:32:27+03:00
120544,2024-11-17T15:08:59+03:00
287764,2024-11-17T17:49:18+03:00
334395,2024-11-18T00:54:29+03:00
93587,2024-11-18T02:57:43+03:00
231975,2024-11-18T21:17:11+03:00
212414,2024-11-19T04:15:59+03:00
114014,2024-11-19T21:10:07+03:00
266681,2024-11-19T22:53:41+03:00
262008,2024-11-20T00:30:14+03:00
154126,2024-11-20T05:07:40+03:00
229159,2024-11-20T09:24:00+03:00
287395,2024-11-21T01:05:44+03:00
287247,2024-11-21T13:44:43+03:00
215835,2024-11-22T11:16:15+03:00
267708,2024-11-23T14:54:55+03:00
229592,2024-11-24T09:43:28+03:00
212836,2024-11-24T13:41:07+03:00
262167,2024-11-24T21:40:17+03:00
267853,2024-11-25T03:32:53+03:00
95356,2024-11-26T02:17:34+03:00
227485,2024-11-26T03:47:06+03:00
135212,2024-11-26T09:50:40+03:00
262010,2024-11-26T10:45:54+03:00
93492,2024-11-26T15:05:06+03:00
77719,2024-11-26T19:13:57+03:00
262029,2024-11-26T21:18:56+03:00
103930,2024-11-26T21:52:19+03:00
147046,2024-11-27T02:16:46+03:00
228821,2024-11-27T06:07:39+03:00
287838,2024-11-27T06:46:22+03:00
196702,2024-11-27T15:42:10+03:00
196683,2024-11-27T16:54:50+03:00
287149,2024-11-28T06:47:34+03:00
288156,2024-11-29T06:46:58+03:00
287828,2024-11-29T13:43:50+03:00
229174,2024-11-29T14:14:12+03:00
212822,2024-11-29T14:33:58+03:00
103971,2024-11-30T04:25:53+03:00
96217,2024-11-30T04:26:57+03:00
93913,2024-11-30T04:32:35+03:00
229545,2024-11-30T07:57:03+03:00
330399,2024-12-01T06:32:44+03:00
147019,2024-12-01T09:19:13+03:00
229291,2024-12-01T16:14:42+03:00
231309,2024-12-01T18:09:21+03:00
333700,2024-12-01T19:13:55+03:00
333961,2024-12-01T21:07:48+03:00
278392,2024-12-01T21:13:02+03:00
8804,2024-12-02T03:17:35+03:00
268035,2024-12-02T20:23:33+03:00
333506,2024-12-03T06:31:47+03:00
330487,2024-12-03T09:50:00+03:00
289249,2024-12-04T00:54:06+03:00
120566,2024-12-04T07:49:31+03:00
230911,2024-12-04T14:03:33+03:00
95409,2024-12-04T16:15:10+03:00
227256,2024-12-04T20:30:29+03:00
115262,2024-12-05T00:48:14+03:00
330694,2024-12-05T03:10:45+03:00
278054,2024-12-05T10:57:00+03:00
115223,2024-12-05T13:32:43+03:00
286874,2024-12-05T18:11:57+03:00
287025,2024-12-06T02:47:53+03:00
287785,2024-12-06T14:02:04+03:00
229493,2024-12-07T12:03:02+03:00
229218,2024-12-07T14:08:50+03:00
262599,2024-12-07T17:16:29+03:00
286872,2024-12-07T18:03:32+03:00
212371,2024-12-07T20:12:22+03:00
143558,2024-12-07T21:24:03+03:00
286005,2024-12-08T05:10:47+03:00
269487,2024-12-08T10:12:31+03:00
267652,2024-12-09T12:03:06+03:00
93980,2024-12-11T05:12:53+03:00
171368,2024-12-11T05:37:21+03:00
103971,2024-12-11T10:55:31+03:00
228595,2024-12-12T14:27:23+03:00
214196,2024-12-12T17:00:25+03:00
147097,2024-12-13T09:49:46+03:00
135213,2024-12-13T19:51:52+03:00
213362,2024-12-13T22:23:23+03:00
287109,2024-12-14T12:13:00+03:00
77847,2024-12-14T12:36:36+03:00
196715,2024-12-14T17:27:05+03:00
229060,2024-12-14T19:46:27+03:00
229336,2024-12-15T05:26:05+03:00
287212,2024-12-15T10:47:39+03:00
171628,2024-12-16T08:15:18+03:00
230902,2024-12-16T11:22:18+03:00
197031,2024-12-16T17:29:25+03:00
287103,2024-12-16T23:19:03+03:00
212077,2024-12-17T05:10:26+03:00
287835,2024-12-18T05:22:41+03:00
287821,2024-12-18T09:37:55+03:00
330411,2024-12-18T13:52:46+03:00
330590,2024-12-18T23:44:10+03:00
287287,2024-12-19T09:16:48+03:00
286878,2024-12-19T11:08:26+03:00
269576,2024-12-19T19:09:50+03:00
193123,2024-12-20T00:39:14+03:00
120602,2024-12-20T16:36:24+03:00
286670,2024-12-21T00:40:16+03:00
120269,2024-12-21T01:29:27+03:00
278311,2024-12-21T07:17:13+03:00
120487,2024-12-21T09:31:38+03:00
228968,2024-12-21T18:15:29+03:00
227289,2024-12-22T20:54:24+03:00
228558,2024-12-22T22:38:48+03:00
93536,2024-12-23T04:15:19+03:00
3006,2024-12-23T04:44:34+03:00
212844,2024-12-23T05:39:48+03:00
284881,2024-12-23T17:16:41+03:00
287711,2024-12-23T20:39:23+03:00
334327,2024-12-24T14:35:12+03:00
120593,2024-12-24T17:56:35+03:00
289233,2024-12-24T18:17:34+03:00
147807,2024-12-24T22:37:47+03:00
93833,2024-12-25T09:28:28+03:00
215771,2024-12-26T07:25:14+03:00
228958,2024-12-26T11:08:02+03:00
278450,2024-12-26T12:48:47+03:00
93251,2024-12-26T22:35:06+03:00
269594,2024-12-27T02:25:58+03:00
212875,2024-12-27T08:31:59+03:00
286968,2024-12-27T13:30:36+03:00
115809,2024-12-27T13:58:40+03:00
287009,2024-12-27T15:53:11+03:00
228845,2024-12-27T21:53:04+03:00
143650,2024-12-28T02:53:27+03:00
230842,2024-12-28T03:59:11+03:00
262529,2024-12-28T08:52:39+03:00
287676,2024-12-28T14:33:29+03:00
334237,2024-12-28T20:40:37+03:00
287934,2024-12-28T21:48:57+03:00
287730,2024-12-30T06:25:15+03:00
231707,2024-12-30T10:08:16+03:00
288032,2024-12-30T14:48:20+03:00
287068,2024-12-30T19:15:47+03:00
262647,2024-12-31T00:16:21+03:00
229041,2024-12-31T05:58:25+03:00
115804,2024-12-31T06:08:01+03:00
262002,2025-01-01T04:40:20+03:00
278460,2025-01-01T10:29:52+03:00
286939,2025-01-01T16:21:46+03:00
262618,2025-01-02T02:58:46+03:00
269620,2025-01-02T05:14:08+03:00
330451,2025-01-02T09:17:08+03:00
144751,2025-01-02T22:09:19+03:00
287013,2025-01-03T01:03:16+03:00
214125,2025-01-03T03:42:12+03:00
268010,2025-01-03T05:03:34+03:00
333732,2025-01-03T14:20:17+03:00
330462,2025-01-03T17:52:25+03:00
93513,2025-01-03T20:57:59+03:00
95473,2025-01-04T03:15:41+03:00
93989,2025-01-04T14:25:51+03:00
267784,2025-01-04T23:06:40+03:00
334190,2025-01-05T04:46:16+03:00
229316,2025-01-05T22:11:25+03:00
228468,2025-01-06T01:06:25+03:00
212783,2025-01-06T03:16:54+03:00
143693,2025-01-06T13:45:11+03:00
333717,2025-01-07T11:37:35+03:00
229253,2025-01-08T05:34:06+03:00
262513,2025-01-08T06:23:39+03:00
230553,2025-01-08T07:36:11+03:00
154113,2025-01-08T10:06:15+03:00
278052,2025-01-08T19:03:15+03:00
228380,2025-01-09T04:44:08+03:00
267819,2025-01-09T13:55:42+03:00
267744,2025-01-10T15:13:33+03:00
9336,2025-01-11T07:26:30+03:00
284896,2025-01-11T10:50:33+03:00
93692,2025-01-11T13:52:42+03:00
230216,2025-01-12T00:15:45+03:00
3127,2025-01-12T01:11:40+03:00
95440,2025-01-12T04:14:03+03:00
228442,2025-01-12T04:26:02+03:00
115407,2025-01-12T06:37:34+03:00
196905,2025-01-12T19:05:05+03:00
267848,2025-01-12T21:40:28+03:00
267690,2025-01-13T14:50:02+03:00
269663,2025-01-13T16:08:03+03:00
193165,2025-01-14T02:57:23+03:00
284878,2025-01-14T17:06:45+03:00
215783,2025-01-14T17:18:10+03:00
212165,2025-01-14T19:20:14+03:00
215912,2025-01-15T00:48:03+03:00
93719,2025-01-15T01:35:09+03:00
278545,2025-01-16T01:18:02+03:00
213814,2025-01-16T12:59:55+03:00
267178,2025-01-16T13:36:12+03:00
334431,2025-01-16T20:49:05+03:00
229206,2025-01-17T06:44:52+03:00
213790,2025-01-17T11:49:50+03:00
228209,2025-01-17T14:00:07+03:00
286826,2025-01-18T07:47:52+03:00
230887,2025-01-18T09:37:38+03:00
333758,2025-01-18T10:12:45+03:00
269702,2025-01-18T14:55:28+03:00
213788,2025-01-19T04:44:12+03:00
334439,2025-01-20T14:27:08+03:00
77780,2025-01-21T00:08:34+03:00
196636,2025-01-21T07:20:38+03:00
284846,2025-01-21T13:47:42+03:00
196481,2025-01-21T18:22:04+03:00
266834,2025-01-21T20:47:04+03:00
267725,2025-01-22T01:57:18+03:00
334461,2025-01-22T04:28:33+03:00
228913,2025-01-22T16:24:53+03:00
289185,2025-01-22T21:35:08+03:00
228785,2025-01-23T01:11:29+03:00
77682,2025-01-23T17:03:12+03:00
278423,2025-01-23T18:50:11+03:00
95488,2025-01-23T20:34:24+03:00
289195,2025-01-24T00:52:05+03:00
93681,2025-01-24T01:10:29+03:00
330513,2025-01-24T01:19:58+03:00
278527,2025-01-24T22:25:03+03:00
229461,2025-01-25T00:10:57+03:00
262564,2025-01-25T07:28:17+03:00
267590,2025-01-25T10:55:35+03:00
144821,2025-01-25T19:05:08+03:00
94089,2025-01-26T00:04:06+03:00
143677,2025-01-26T15:22:09+03:00
262165,2025-01-27T00:59:54+03:00
269668,2025-01-27T02:42:31+03:00
330631,2025-01-27T07:16:48+03:00
144855,2025-01-27T12:01:36+03:00
3064,2025-01-27T13:29:16+03:00
228721,2025-01-27T13:39:58+03:00
229150,2025-01-27T23:41:17+03:00
120527,2025-01-28T19:22:45+03:00
287420,2025-01-28T22:07:54+03:00
278136,2025-01-29T11:54:58+03:00
230114,2025-01-29T20:20:32+03:00
115627,2025-01-30T01:46:37+03:00
262527,2025-01-30T21:55:39+03:00
287319,2025-01-31T15:05:25+03:00
330580,2025-02-01T09:45:41+03:00
286891,2025-02-01T18:55:42+03:00
104030,2025-02-01T19:28:59+03:00
287270,2025-02-01T19:52:22+03:00
262054,2025-02-01T20:30:18+03:00
287982,2025-02-02T00:18:32+03:00
103969,2025-02-02T01:27:02+03:00
228883,2025-02-02T07:33:07+03:00
196759,2025-02-02T09:29:00+03:00
115319,2025-02-02T15:48:06+03:00
267758,2025-02-03T21:49:03+03:00
267071,2025-02-05T04:47:26+03:00
215820,2025-02-05T04:55:42+03:00
214238,2025-02-05T17:53:06+03:00
278040,2025-02-07T08:13:07+03:00
262562,2025-02-09T09:42:23+03:00
266664,2025-02-09T11:28:36+03:00
228995,2025-02-09T13:46:52+03:00
333718,2025-02-10T18:14:51+03:00
334222,2025-02-10T18:53:13+03:00
262609,2025-02-11T01:18:12+03:00
147811,2025-02-11T01:33:43+03:00
330632,2025-02-11T05:55:19+03:00
212880,2025-02-12T15:31:31+03:00
269622,2025-02-13T01:28:08+03:00
231861,2025-02-13T19:28:42+03:00
287944,2025-02-13T22:18:18+03:00
229097,2025-02-14T00:36:21+03:00
287343,2025-02-14T01:35:28+03:00
212187,2025-02-14T17:06:30+03:00
287575,2025-02-14T19:23:32+03:00
104050,2025-02-15T04:20:06+03:00
90698,2025-02-15T09:37:16+03:00
286947,2025-02-15T14:57:09+03:00
212549,2025-02-16T02:58:57+03:00
120529,2025-02-16T04:49:54+03:00
232198,2025-02-16T11:39:37+03:00
333638,2025-02-17T03:40:54+03:00
77553,2025-02-18T03:33:13+03:00
287013,2025-02-18T06:47:21+03:00
267566,2025-02-18T19:25:23+03:00
308077,2025-02-19T07:41:49+03:00
215781,2025-02-20T09:52:09+03:00
268077,2025-02-20T11:51:00+03:00
229226,2025-02-20T12:12:48+03:00
212550,2025-02-20T13:30:16+03:00
286401,2025-02-20T13:57:33+03:00
287211,2025-02-20T19:41:38+03:00
3122,2025-02-21T11:37:58+03:00
197373,2025-02-21T14:20:10+03:00
228892,2025-02-21T22:03:55+03:00
287008,2025-02-22T20:49:42+03:00
103930,2025-02-23T14:16:08+03:00
269704,2025-02-23T16:10:58+03:00
228785,2025-02-24T03:32:51+03:00
214209,2025-02-24T07:23:26+03:00
147097,2025-02-24T15:11:31+03:00
135196,2025-02-24T17:09:17+03:00
262673,2025-02-24T23:51:24+03:00
287436,2025-02-25T05:01:50+03:00
144875,2025-02-25T06:01:33+03:00
269059,2025-02-25T11:32:31+03:00
268881,2025-02-25T12:39:19+03:00
287029,2025-02-25T17:03:06+03:00
3063,2025-02-25T19:05:47+03:00
147024,2025-02-25T20:28:55+03:00
213121,2025-02-25T21:24:06+03:00
287642,2025-02-26T10:25:35+03:00
269044,2025-02-26T15:38:34+03:00
287116,2025-02-26T18:54:12+03:00
115740,2025-02-27T07:38:14+03:00
196474,2025-02-27T17:50:47+03:00
171558,2025-02-27T18:35:44+03:00
262004,2025-02-27T20:11:13+03:00
229554,2025-02-27T20:16:55+03:00
197986,2025-02-27T21:28:36+03:00
267519,2025-02-28T11:32:09+03:00
215829,2025-03-01T12:29:22+03:00
3092,2025-03-01T15:51:52+03:00
269683,2025-03-02T13:05:50+03:00
228804,2025-03-02T21:37:43+03:00
262030,2025-03-03T04:27:10+03:00
228731,2025-03-03T05:37:24+03:00
262569,2025-03-03T14:55:38+03:00
104022,2025-03-03T22:44:22+03:00
94085,2025-03-04T05:27:33+03:00
286927,2025-03-04T06:43:19+03:00
196507,2025-03-04T10:47:43+03:00
229195,2025-03-04T11:42:15+03:00
212405,2025-03-04T12:28:22+03:00
115965,2025-03-05T11:05:00+03:00
286681,2025-03-05T21:39:40+03:00
94860,2025-03-06T04:24:02+03:00
196774,2025-03-06T20:24:16+03:00
269605,2025-03-07T03:37:35+03:00
334606,2025-03-07T08:31:34+03:00
287822,2025-03-08T06:22:17+03:00
227481,2025-03-08T17:05:15+03:00
262033,2025-03-08T23:06:32+03:00
288058,2025-03-09T08:43:22+03:00
267575,2025-03-09T20:54:51+03:00
115806,2025-03-09T21:18:14+03:00
287718,2025-03-09T23:23:18+03:00
193216,2025-03-10T11:25:29+03:00
287675,2025-03-10T15:07:53+03:00
196774,2025-03-10T16:13:11+03:00
287137,2025-03-10T21:24:13+03:00
162769,2025-03-11T02:54:51+03:00
197302,2025-03-11T12:55:44+03:00
262059,2025-03-11T23:02:43+03:00
288075,2025-03-12T21:06:10+03:00
168445,2025-03-12T21:08:10+03:00
115407,2025-03-13T04:46:06+03:00
267653,2025-03-13T16:09:57+03:00
144830,2025-03-13T17:40:38+03:00
286912,2025-03-15T00:22:34+03:00
179407,2025-03-15T05:23:51+03:00
95416,2025-03-15T06:26:00+03:00
95358,2025-03-15T22:45:22+03:00
267607,2025-03-15T23:23:28+03:00
197347,2025-03-16T01:05:02+03:00
277977,2025-03-16T07:21:02+03:00
284681,2025-03-16T22:05:05+03:00
267580,2025-03-17T01:25:08+03:00
262546,2025-03-17T11:45:13+03:00
95453,2025-03-17T16:20:11+03:00
334507,2025-03-17T21:11:26+03:00
143527,2025-03-17T22:52:04+03:00
229299,2025-03-18T04:04:05+03:00
171540,2025-03-18T04:42:12+03:00
261983,2025-03-18T12:28:22+03:00
231853,2025-03-18T13:39:27+03:00
95513,2025-03-19T06:34:47+03:00
334458,2025-03-19T09:29:57+03:00
229247,2025-03-19T13:45:51+03:00
229655,2025-03-19T21:49:51+03:00
213787,2025-03-20T05:53:46+03:00
93472,2025-03-20T07:41:13+03:00
267072,2025-03-20T08:08:51+03:00
231731,2025-03-20T18:19:55+03:00
98202,2025-03-21T04:22:21+03:00
287750,2025-03-21T05:58:23+03:00
287953,2025-03-22T10:44:36+03:00
334699,2025-03-22T16:34:58+03:00
269530,2025-03-22T20:32:45+03:00
230799,2025-03-23T01:06:59+03:00
93676,2025-03-23T03:28:35+03:00
230877,2025-03-23T03:52:47+03:00
330514,2025-03-23T11:21:25+03:00
229401,2025-03-23T15:28:01+03:00
287652,2025-03-23T21:43:56+03:00
213391,2025-03-24T13:18:48+03:00
262144,2025-03-24T18:41:00+03:00
330589,2025-03-24T23:57:41+03:00
267617,2025-03-25T12:28:04+03:00
215894,2025-03-25T22:00:04+03:00
51142,2025-03-25T22:10:20+03:00
288261,2025-03-25T23:19:59+03:00
120573,2025-03-26T00:37:41+03:00
171648,2025-03-26T00:59:01+03:00
213775,2025-03-26T01:22:47+03:00
262565,2025-03-26T04:13:47+03:00
144879,2025-03-26T14:31:14+03:00
286870,2025-03-26T19:56:51+03:00
230150,2025-03-27T12:10:23+03:00
120490,2025-03-28T01:29:51+03:00
229128,2025-03-28T05:59:02+03:00
95503,2025-03-28T09:41:02+03:00
266716,2025-03-28T10:26:14+03:00
227233,2025-03-28T15:46:36+03:00
269679,2025-03-28T17:11:06+03:00
287837,2025-03-28T22:32:42+03:00
277995,2025-03-29T07:52:13+03:00
178251,2025-03-29T18:51:55+03:00
229536,2025-03-30T00:25:09+03:00
287677,2025-03-30T05:48:00+03:00
229410,2025-03-30T17:06:28+03:00
278551,2025-03-30T21:51:29+03:00
269637,2025-03-30T23:32:02+03:00
212084,2025-03-31T02:31:29+03:00
334264,2025-03-31T06:30:32+03:00
334768,2025-03-31T12:53:30+03:00
286687,2025-04-01T01:14:11+03:00
8820,2025-04-01T08:29:24+03:00
196882,2025-04-01T15:32:19+03:00
333512,2025-04-01T20:47:26+03:00
98154,2025-04-02T11:51:58+03:00
284690,2025-04-02T17:42:01+03:00
103915,2025-04-02T20:19:09+03:00
228424,2025-04-03T01:15:28+03:00
268143,2025-04-03T07:15:34+03:00
229297,2025-04-03T22:15:56+03:00
228295,2025-04-04T00:54:21+03:00
229282,2025-04-04T11:26:04+03:00
334263,2025-04-04T11:32:43+03:00
226811,2025-04-04T16:29:15+03:00
267654,2025-04-04T17:23:23+03:00
278004,2025-04-04T22:12:31+03:00
213815,2025-04-05T11:27:41+03:00
171634,2025-04-05T13:39:42+03:00
333737,2025-04-05T17:35:10+03:00
212176,2025-04-06T10:14:51+03:00
228442,2025-04-06T12:44:59+03:00
266821,2025-04-08T16:11:54+03:00
98210,2025-04-08T18:20:21+03:00
262588,2025-04-09T04:20:14+03:00
230000,2025-04-09T08:33:54+03:00
334293,2025-04-09T11:03:41+03:00
197307,2025-04-09T17:55:19+03:00
278512,2025-04-12T19:25:08+03:00
289212,2025-04-12T22:41:58+03:00
193093,2025-04-13T00:15:58+03:00
334338,2025-04-13T17:59:15+03:00
269698,2025-04-14T03:41:18+03:00
213797,2025-04-14T17:56:43+03:00
196767,2025-04-16T15:31:20+03:00
229332,2025-04-16T22:50:36+03:00
143674,2025-04-17T06:56:17+03:00
262536,2025-04-17T09:14:42+03:00
288112,2025-04-18T12:24:51+03:00
228923,2025-04-18T20:15:17+03:00
51676,2025-04-19T11:33:15+03:00
333962,2025-04-19T14:00:23+03:00
212789,2025-04-19T15:49:07+03:00
144833,2025-04-20T01:33:50+03:00
229266,2025-04-20T02:24:47+03:00
231940,2025-04-20T06:12:13+03:00
120226,2025-04-20T23:27:51+03:00
287754,2025-04-21T06:43:09+03:00
230336,2025-04-21T11:21:08+03:00
115565,2025-04-21T18:08:02+03:00
158924,2025-04-22T00:31:32+03:00
229555,2025-04-22T02:12:34+03:00
98225,2025-04-22T17:24:25+03:00
267545,2025-04-23T02:36:37+03:00
262552,2025-04-23T02:50:11+03:00
120592,2025-04-23T05:54:17+03:00
229368,2025-04-23T09:13:24+03:00
228285,2025-04-23T20:06:35+03:00
213484,2025-04-24T06:54:08+03:00
286125,2025-04-24T13:38:08+03:00
197331,2025-04-24T17:16:27+03:00
179381,2025-04-24T18:36:45+03:00
120543,2025-04-24T19:26:27+03:00
228866,2025-04-24T21:44:31+03:00
286855,2025-04-25T09:06:20+03:00
212286,2025-04-25T11:04:40+03:00
95482,2025-04-27T01:39:04+03:00
229295,2025-04-27T07:23:21+03:00
77686,2025-04-27T12:02:04+03:00
193128,2025-04-27T22:05:27+03:00
93684,2025-04-28T17:41:59+03:00
262013,2025-04-29T03:19:29+03:00
262074,2025-04-29T05:14:32+03:00
334732,2025-04-30T06:58:53+03:00
278353,2025-04-30T08:41:22+03:00
278525,2025-04-30T09:13:15+03:00
261991,2025-04-30T09:20:00+03:00
228788,2025-04-30T19:58:06+03:00
288266,2025-05-01T00:47:45+03:00
262621,2025-05-01T02:13:00+03:00
228373,2025-05-01T18:31:24+03:00
262555,2025-05-02T02:32:27+03:00
162830,2025-05-02T02:38:23+03:00
147803,2025-05-02T10:38:32+03:00
230453,2025-05-02T11:57:56+03:00
228736,2025-05-02T21:32:20+03:00
284698,2025-05-03T02:03:50+03:00
262528,2025-05-03T19:59:41+03:00
115558,2025-05-04T02:55:38+03:00
227510,2025-05-05T06:16:33+03:00
8822,2025-05-05T09:21:09+03:00
104049,2025-05-06T19:13:46+03:00
289238,2025-05-07T04:31:21+03:00
197114,2025-05-07T21:52:15+03:00
115373,2025-05-07T22:11:15+03:00
230869,2025-05-08T13:30:16+03:00
333953,2025-05-09T04:57:28+03:00
287350,2025-05-09T12:27:23+03:00
162835,2025-05-09T12:29:05+03:00
229922,2025-05-09T16:34:00+03:00
196895,2025-05-09T20:36:43+03:00
267580,2025-05-10T23:53:30+03:00
229663,2025-05-11T08:50:20+03:00
115371,2025-05-11T13:46:26+03:00
197116,2025-05-11T16:08:39+03:00
261940,2025-05-11T21:36:11+03:00
278541,2025-05-13T18:45:30+03:00
197021,2025-05-14T03:38:18+03:00
228625,2025-05-14T20:17:24+03:00
334586,2025-05-14T21:22:34+03:00
230488,2025-05-15T02:33:01+03:00
212701,2025-05-15T09:51:36+03:00
287827,2025-05-15T22:03:04+03:00
236790,2025-05-16T06:14:43+03:00
230695,2025-05-16T08:14:12+03:00
179174,2025-05-17T14:39:22+03:00
262672,2025-05-18T00:13:02+03:00
267613,2025-05-20T00:26:31+03:00
287065,2025-05-20T00:43:54+03:00
227238,2025-05-20T09:21:41+03:00
144741,2025-05-20T11:27:48+03:00
267494,2025-05-21T09:21:16+03:00
144825,2025-05-21T18:48:29+03:00
269573,2025-05-21T22:51:24+03:00
115237,2025-05-21T22:52:48+03:00
212971,2025-05-22T10:29:46+03:00
213801,2025-05-22T15:16:07+03:00
51682,2025-05-22T21:00:10+03:00
236781,2025-05-23T02:02:56+03:00
287174,2025-05-23T15:36:26+03:00
289230,2025-05-23T21:05:24+03:00
230162,2025-05-24T03:06:55+03:00
196885,2025-05-24T07:37:56+03:00
115684,2025-05-24T10:41:18+03:00
94163,2025-05-24T16:58:31+03:00
197279,2025-05-24T18:05:16+03:00
178256,2025-05-25T03:41:39+03:00
262540,2025-05-25T07:11:20+03:00
212621,2025-05-25T22:15:49+03:00
229556,2025-05-25T23:45:46+03:00
267864,2025-05-26T06:25:22+03:00
269547,2025-05-26T19:19:57+03:00
93873,2025-05-27T03:34:48+03:00
287613,2025-05-27T18:29:45+03:00
147016,2025-05-27T20:10:15+03:00
287736,2025-05-28T04:18:24+03:00
267827,2025-05-28T10:03:45+03:00
94135,2025-05-28T14:27:40+03:00
269714,2025-05-29T21:19:33+03:00
229494,2025-05-30T13:34:52+03:00
302198,2025-05-31T22:12:14+03:00
103925,2025-06-01T02:09:30+03:00
2976,2025-06-01T03:39:59+03:00
94181,2025-06-01T10:57:09+03:00
120346,2025-06-01T12:02:02+03:00
196706,2025-06-02T02:58:05+03:00
212177,2025-06-02T04:13:47+03:00
333656,2025-06-02T05:57:29+03:00
196725,2025-06-03T09:51:10+03:00
120693,2025-06-03T12:00:10+03:00
334496,2025-06-03T22:06:40+03:00
333787,2025-06-04T03:58:58+03:00
287388,2025-06-04T10:44:54+03:00
96266,2025-06-04T13:26:18+03:00
215869,2025-06-04T16:36:12+03:00
286806,2025-06-05T03:04:41+03:00
228809,2025-06-05T04:31:00+03:00
120535,2025-06-05T14:37:31+03:00
196999,2025-06-05T23:50:58+03:00
286694,2025-06-06T16:48:47+03:00
333491,2025-06-06T20:25:21+03:00
98275,2025-06-07T21:06:30+03:00
179213,2025-06-07T21:41:08+03:00
93277,2025-06-08T04:16:36+03:00
197329,2025-06-08T14:34:04+03:00
94160,2025-06-08T23:00:43+03:00
171539,2025-06-09T06:57:12+03:00
333550,2025-06-10T08:49:54+03:00
267214,2025-06-10T08:54:17+03:00
93755,2025-06-10T10:57:10+03:00
334313,2025-06-10T20:11:41+03:00
115600,2025-06-10T20:15:53+03:00
229041,2025-06-11T02:52:42+03:00
278014,2025-06-11T09:20:59+03:00
94145,2025-06-11T17:47:55+03:00
228881,2025-06-12T00:07:29+03:00
116133,2025-06-12T11:17:39+03:00
135208,2025-06-13T06:39:59+03:00
212622,2025-06-13T09:44:31+03:00
144734,2025-06-13T13:59:01+03:00
93442,2025-06-14T03:45:18+03:00
287973,2025-06-14T15:20:43+03:00
115264,2025-06-15T03:07:10+03:00
287687,2025-06-15T09:44:20+03:00
266966,2025-06-15T14:57:57+03:00
212949,2025-06-16T03:50:36+03:00
278453,2025-06-16T05:40:47+03:00
287365,2025-06-16T10:02:02+03:00
229868,2025-06-16T13:54:11+03:00
104020,2025-06-16T17:58:27+03:00
213447,2025-06-16T22:13:01+03:00
120249,2025-06-17T03:58:40+03:00
229261,2025-06-17T08:07:22+03:00
267517,2025-06-17T15:52:40+03:00
284125,2025-06-17T19:21:17+03:00
229162,2025-06-17T19:29:45+03:00
269716,2025-06-18T12:15:12+03:00
196674,2025-06-20T04:39:50+03:00
262608,2025-06-20T07:09:49+03:00
115632,2025-06-20T11:25:08+03:00
115651,2025-06-20T14:37:31+03:00
269671,2025-06-20T23:50:23+03:00
284719,2025-06-21T08:29:57+03:00
120542,2025-06-21T09:57:40+03:00
269495,2025-06-21T10:01:31+03:00
212922,2025-06-22T04:24:29+03:00
196475,2025-06-22T12:04:50+03:00
278015,2025-06-22T17:44:26+03:00
93689,2025-06-22T20:27:09+03:00
267343,2025-06-23T07:10:58+03:00
228217,2025-06-23T08:22:10+03:00
231728,2025-06-24T18:08:01+03:00
287181,2025-06-24T23:45:55+03:00
95473,2025-06-25T03:30:03+03:00
262111,2025-06-25T04:29:03+03:00
115416,2025-06-26T17:21:38+03:00
115800,2025-06-27T05:42:02+03:00
95348,2025-06-27T08:00:56+03:00
214211,2025-06-27T13:18:37+03:00
193108,2025-06-27T19:56:49+03:00
93782,2025-06-28T03:34:31+03:00
147132,2025-06-29T00:07:34+03:00
95438,2025-06-29T02:24:01+03:00
230927,2025-06-29T05:20:17+03:00
212567,2025-06-29T16:26:17+03:00
230862,2025-06-29T19:23:07+03:00
262647,2025-06-29T21:01:22+03:00
93518,2025-06-30T09:55:15+03:00
286287,2025-06-30T11:58:04+03:00
267615,2025-06-30T19:36:52+03:00
212427,2025-07-01T00:14:49+03:00
147188,2025-07-01T05:37:26+03:00
116076,2025-07-01T12:48:43+03:00
9340,2025-07-01T13:06:08+03:00
144864,2025-07-01T13:57:18+03:00
268102,2025-07-03T05:13:10+03:00
333408,2025-07-03T09:02:00+03:00
333611,2025-07-03T15:27:49+03:00
115418,2025-07-03T23:08:45+03:00
267722,2025-07-04T07:07:35+03:00
197718,2025-07-04T09:17:47+03:00
287346,2025-07-04T10:14:30+03:00
232200,2025-07-04T22:47:06+03:00
213358,2025-07-05T03:14:48+03:00
334235,2025-07-05T07:44:50+03:00
278554,2025-07-05T09:54:45+03:00
289220,2025-07-05T14:26:23+03:00
228647,2025-07-05T18:42:57+03:00
104033,2025-07-06T03:07:23+03:00
262567,2025-07-06T05:03:23+03:00
330590,2025-07-06T22:26:30+03:00
267721,2025-07-08T21:02:31+03:00
287469,2025-07-09T07:20:36+03:00
230210,2025-07-09T10:23:52+03:00
2879,2025-07-09T22:16:17+03:00
230886,2025-07-09T22:49:04+03:00
93292,2025-07-10T05:08:28+03:00
262583,2025-07-10T05:57:16+03:00
229324,2025-07-10T15:05:03+03:00
115899,2025-07-11T02:41:03+03:00
285870,2025-07-11T09:45:46+03:00
144735,2025-07-12T08:35:42+03:00
158964,2025-07-12T19:53:47+03:00
267662,2025-07-12T21:17:32+03:00
262040,2025-07-12T23:59:03+03:00
267595,2025-07-13T01:38:49+03:00
236770,2025-07-13T06:19:56+03:00
230084,2025-07-13T16:04:27+03:00
269648,2025-07-14T06:23:13+03:00
261916,2025-07-14T11:22:17+03:00
268891,2025-07-14T11:36:27+03:00
287198,2025-07-14T16:06:47+03:00
261982,2025-07-14T17:11:02+03:00
229396,2025-07-14T23:09:36+03:00
228860,2025-07-15T09:31:37+03:00
255393,2025-07-15T10:52:55+03:00
197279,2025-07-15T18:06:56+03:00
228783,2025-07-15T21:18:57+03:00
120516,2025-07-16T03:01:34+03:00
115559,2025-07-16T10:38:09+03:00
214211,2025-07-16T15:56:31+03:00
334485,2025-07-17T01:04:30+03:00
120609,2025-07-17T14:24:20+03:00
261998,2025-07-17T17:14:28+03:00
193147,2025-07-18T01:30:07+03:00
263368,2025-07-18T12:16:01+03:00
193141,2025-07-18T12:42:22+03:00
90699,2025-07-18T13:44:51+03:00
95387,2025-07-18T21:29:10+03:00
277903,2025-07-19T04:06:00+03:00
267765,2025-07-19T17:38:12+03:00
229055,2025-07-20T06:31:01+03:00
278106,2025-07-20T08:04:54+03:00
229418,2025-07-20T10:26:07+03:00
333955,2025-07-20T10:51:13+03:00
115809,2025-07-22T08:18:14+03:00
333895,2025-07-22T17:16:43+03:00
232013,2025-07-23T11:35:35+03:00
3069,2025-07-24T08:18:29+03:00
262017,2025-07-24T09:02:27+03:00
297164,2025-07-24T12:11:21+03:00
286929,2025-07-24T20:04:36+03:00
147043,2025-07-25T16:00:30+03:00
228860,2025-07-26T04:44:28+03:00
94074,2025-07-26T04:46:55+03:00
115268,2025-07-26T17:22:07+03:00
229203,2025-07-26T22:17:28+03:00
104009,2025-07-27T12:35:06+03:00
236750,2025-07-28T06:06:08+03:00
286847,2025-07-28T15:45:07+03:00
196499,2025-07-28T18:12:31+03:00
212727,2025-07-28T22:10:40+03:00
287376,2025-07-29T00:47:59+03:00
115291,2025-07-29T05:39:59+03:00
284706,2025-07-29T06:19:32+03:00
196496,2025-07-29T12:52:51+03:00
179244,2025-07-29T19:08:13+03:00
287711,2025-07-30T10:36:15+03:00
229342,2025-07-30T15:22:59+03:00
287647,2025-07-30T21:51:05+03:00
120225,2025-07-31T05:03:25+03:00
104051,2025-07-31T06:35:00+03:00
333987,2025-08-01T04:26:12+03:00
269563,2025-08-01T14:14:15+03:00
287670,2025-08-01T18:02:15+03:00
94143,2025-08-01T19:27:30+03:00
285854,2025-08-03T15:02:22+03:00
154115,2025-08-03T23:29:33+03:00
269655,2025-08-04T02:02:33+03:00
256105,2025-08-05T00:30:53+03:00
287767,2025-08-05T03:18:28+03:00
232105,2025-08-05T05:25:51+03:00
95476,2025-08-05T17:08:27+03:00
229306,2025-08-05T17:55:45+03:00
261985,2025-08-05T20:00:56+03:00
231859,2025-08-06T03:54:26+03:00
287789,2025-08-06T08:52:26+03:00
96430,2025-08-06T13:04:11+03:00
94821,2025-08-06T20:20:18+03:00
287092,2025-08-07T08:02:24+03:00
120270,2025-08-07T15:04:28+03:00
115728,2025-08-07T16:16:21+03:00
197272,2025-08-07T19:49:14+03:00
267109,2025-08-08T04:16:16+03:00
196654,2025-08-08T08:56:49+03:00
228851,2025-08-08T10:26:08+03:00
334641,2025-08-09T20:13:21+03:00
278408,2025-08-09T20:46:12+03:00
269160,2025-08-10T00:58:29+03:00
334741,2025-08-10T11:52:00+03:00
229451,2025-08-11T00:17:20+03:00
212207,2025-08-11T09:42:19+03:00
120225,2025-08-12T04:05:33+03:00
229069,2025-08-12T12:57:36+03:00
115355,2025-08-12T20:19:59+03:00
115758,2025-08-12T23:16:37+03:00
212195,2025-08-13T01:57:07+03:00
287826,2025-08-13T08:21:16+03:00
179211,2025-08-13T16:07:23+03:00
230765,2025-08-13T19:14:04+03:00
334577,2025-08-14T12:22:35+03:00
229375,2025-08-14T16:53:59+03:00
95425,2025-08-14T20:57:12+03:00
212097,2025-08-14T23:03:25+03:00
267741,2025-08-15T01:16:22+03:00
288030,2025-08-15T02:02:21+03:00
197281,2025-08-15T07:10:44+03:00
286843,2025-08-15T12:47:53+03:00
333713,2025-08-15T15:53:59+03:00
212357,2025-08-15T16:14:13+03:00
120227,2025-08-15T19:59:24+03:00
269601,2025-08-15T23:42:28+03:00
287502,2025-08-16T11:28:36+03:00
96237,2025-08-16T19:52:54+03:00
262563,2025-08-16T22:13:53+03:00
135208,2025-08-17T22:03:10+03:00
212184,2025-08-18T18:11:35+03:00
103984,2025-08-18T19:22:52+03:00
178267,2025-08-18T21:00:17+03:00
269482,2025-08-19T00:15:47+03:00
197268,2025-08-19T07:34:13+03:00
215862,2025-08-19T08:55:31+03:00
278072,2025-08-19T10:25:22+03:00
8796,2025-08-20T03:43:32+03:00
143498,2025-08-20T04:14:17+03:00
212714,2025-08-20T10:53:32+03:00
231710,2025-08-20T19:34:34+03:00
197295,2025-08-20T22:48:49+03:00
197393,2025-08-21T02:49:28+03:00
230423,2025-08-21T06:27:14+03:00
212133,2025-08-21T07:31:29+03:00
197258,2025-08-21T15:17:44+03:00
197161,2025-08-23T17:36:16+03:00
287856,2025-08-23T20:58:44+03:00
143491,2025-08-23T22:09:30+03:00
230782,2025-08-23T22:46:45+03:00
334209,2025-08-24T01:39:41+03:00
120230,2025-08-24T10:26:57+03:00
212747,2025-08-24T22:37:24+03:00
230929,2025-08-24T23:18:40+03:00
98183,2025-08-25T10:31:16+03:00
232050,2025-08-25T12:18:25+03:00
228792,2025-08-25T15:46:32+03:00
196510,2025-08-26T03:04:47+03:00
196505,2025-08-26T18:36:23+03:00
120368,2025-08-27T01:27:13+03:00
287159,2025-08-27T04:53:36+03:00
115253,2025-08-27T13:04:07+03:00
229577,2025-08-28T01:17:50+03:00
330671,2025-08-28T21:05:23+03:00
120225,2025-08-29T01:59:26+03:00
229373,2025-08-29T02:38:24+03:00
144855,2025-08-30T00:40:43+03:00
287969,2025-08-30T04:34:21+03:00
94029,2025-08-30T04:52:13+03:00
334611,2025-08-30T17:02:16+03:00
334757,2025-09-01T11:27:23+03:00
171632,2025-09-01T17:28:44+03:00
267533,2025-09-02T07:21:37+03:00
2875,2025-09-02T09:29:03+03:00
230883,2025-09-02T14:05:09+03:00
230300,2025-09-03T07:30:36+03:00
215894,2025-09-03T09:48:39+03:00
93546,2025-09-03T13:17:33+03:00
212789,2025-09-04T06:15:11+03:00
267721,2025-09-05T01:04:13+03:00
269678,2025-09-05T03:56:54+03:00
179210,2025-09-05T09:12:39+03:00
2978,2025-09-05T10:03:08+03:00
116113,2025-09-05T19:58:45+03:00
287725,2025-09-06T01:29:49+03:00
229683,2025-09-06T05:54:36+03:00
229403,2025-09-06T07:23:33+03:00
229320,2025-09-06T15:43:05+03:00
334390,2025-09-06T16:29:31+03:00
230613,2025-09-06T22:13:54+03:00
278420,2025-09-07T08:18:54+03:00
286862,2025-09-07T09:08:28+03:00
212307,2025-09-08T01:30:28+03:00
262597,2025-09-08T07:28:56+03:00
171604,2025-09-08T07:43:16+03:00
228843,2025-09-08T10:13:54+03:00
229447,2025-09-08T10:30:38+03:00
229297,2025-09-08T15:47:30+03:00
287988,2025-09-08T16:42:35+03:00
215894,2025-09-08T18:33:32+03:00
116096,2025-09-09T19:21:15+03:00
267067,2025-09-09T20:27:34+03:00
333918,2025-09-09T23:02:55+03:00
229267,2025-09-10T01:39:15+03:00
287920,2025-09-10T04:39:34+03:00
262586,2025-09-10T07:55:29+03:00
230948,2025-09-10T10:55:13+03:00
232226,2025-09-10T11:12:58+03:00
287295,2025-09-11T02:00:10+03:00
96405,2025-09-11T03:01:01+03:00
197037,2025-09-12T09:48:40+03:00
262677,2025-09-12T20:54:13+03:00
333501,2025-09-12T23:11:23+03:00
287709,2025-09-13T07:17:42+03:00
229097,2025-09-13T17:01:37+03:00
268860,2025-09-14T02:28:34+03:00
9357,2025-09-14T07:35:57+03:00
262590,2025-09-14T13:17:23+03:00
171647,2025-09-15T13:12:38+03:00
94122,2025-09-17T07:32:36+03:00
228484,2025-09-17T11:42:04+03:00
287654,2025-09-18T05:46:40+03:00
228512,2025-09-18T08:14:42+03:00
229079,2025-09-18T16:27:00+03:00
215728,2025-09-19T00:33:11+03:00
147803,2025-09-19T01:05:06+03:00
115264,2025-09-19T16:16:54+03:00
287723,2025-09-19T22:30:03+03:00
93518,2025-09-20T13:12:44+03:00
229164,2025-09-20T16:40:02+03:00
212929,2025-09-20T18:45:04+03:00
193219,2025-09-21T02:41:07+03:00
229625,2025-09-21T13:13:00+03:00
287883,2025-09-22T05:51:52+03:00
121151,2025-09-22T17:29:30+03:00
267068,2025-09-23T05:45:58+03:00
288191,2025-09-24T05:19:30+03:00
228870,2025-09-24T09:25:54+03:00
307925,2025-09-24T13:19:01+03:00
93229,2025-09-24T18:17:09+03:00
120567,2025-09-25T02:54:38+03:00
288093,2025-09-25T11:36:41+03:00
228375,2025-09-25T15:24:17+03:00
267770,2025-09-25T20:15:24+03:00
334201,2025-09-25T21:21:48+03:00
116096,2025-09-26T01:48:13+03:00
113979,2025-09-26T05:02:59+03:00
266624,2025-09-26T05:05:23+03:00
287495,2025-09-26T10:00:34+03:00
98190,2025-09-26T10:07:08+03:00
93984,2025-09-26T10:17:56+03:00
287973,2025-09-26T14:20:23+03:00
2945,2025-09-26T15:47:53+03:00
196623,2025-09-26T21:02:19+03:00
331459,2025-09-27T16:35:14+03:00
196893,2025-09-28T11:48:18+03:00
269559,2025-09-28T13:33:02+03:00
93458,2025-09-28T23:34:30+03:00
287510,2025-09-29T04:17:13+03:00
228885,2025-09-30T01:17:01+03:00
278523,2025-09-30T12:17:36+03:00
269537,2025-10-02T00:28:03+03:00
334427,2025-10-02T04:25:30+03:00
228869,2025-10-02T09:04:15+03:00
267564,2025-10-03T00:32:35+03:00
287871,2025-10-03T04:22:13+03:00
213422,2025-10-03T10:43:06+03:00
262516,2025-10-03T13:24:31+03:00
267569,2025-10-04T10:24:17+03:00
287713,2025-10-04T19:48:02+03:00
287674,2025-10-05T08:04:14+03:00
287706,2025-10-05T12:04:08+03:00
212348,2025-10-05T12:51:29+03:00
288074,2025-10-06T00:21:22+03:00
287084,2025-10-06T02:14:14+03:00
278408,2025-10-06T04:08:43+03:00
287497,2025-10-07T06:31:42+03:00
117770,2025-10-07T19:21:14+03:00
268087,2025-10-08T05:22:32+03:00
286931,2025-10-08T09:18:03+03:00
230603,2025-10-08T18:35:36+03:00
227197,2025-10-09T23:35:48+03:00
262096,2025-10-10T20:50:08+03:00
334258,2025-10-11T04:02:52+03:00
135189,2025-10-11T04:16:19+03:00
196629,2025-10-11T07:27:30+03:00
144741,2025-10-11T13:05:21+03:00
213785,2025-10-11T15:56:26+03:00
334609,2025-10-11T18:14:13+03:00
147024,2025-10-12T08:20:19+03:00
227193,2025-10-12T12:45:58+03:00
95373,2025-10-12T23:37:36+03:00
268835,2025-10-13T19:30:47+03:00
229390,2025-10-15T09:19:39+03:00
196774,2025-10-15T15:11:41+03:00
229334,2025-10-16T04:16:14+03:00
269653,2025-10-16T04:29:05+03:00
93966,2025-10-18T02:59:08+03:00
287821,2025-10-18T10:48:08+03:00
287616,2025-10-18T16:40:41+03:00
228974,2025-10-18T21:00:47+03:00
212882,2025-10-19T13:14:45+03:00
196899,2025-10-20T00:32:23+03:00
287730,2025-10-20T10:48:26+03:00
230360,2025-10-20T17:54:05+03:00
288171,2025-10-20T19:26:38+03:00
143635,2025-10-22T01:38:43+03:00
197381,2025-10-22T07:16:43+03:00
278433,2025-10-22T10:13:22+03:00
230915,2025-10-22T13:45:50+03:00
147807,2025-10-22T23:49:57+03:00
196991,2025-10-23T05:20:11+03:00
228894,2025-10-23T16:08:33+03:00
96305,2025-10-23T23:32:55+03:00
287770,2025-10-24T08:42:58+03:00
229297,2025-10-25T00:57:07+03:00
287120,2025-10-25T02:50:29+03:00
262017,2025-10-25T06:14:08+03:00
157316,2025-10-25T08:54:30+03:00
269533,2025-10-25T09:22:03+03:00
213793,2025-10-25T17:35:09+03:00
196505,2025-10-25T22:54:39+03:00
333904,2025-10-26T02:36:10+03:00
77827,2025-10-26T23:16:23+03:00
267601,2025-10-27T01:21:28+03:00
211784,2025-10-27T03:42:27+03:00
278447,2025-10-27T22:05:06+03:00
334554,2025-10-28T03:45:17+03:00
93554,2025-10-28T15:02:43+03:00
267562,2025-10-28T18:53:49+03:00
267561,2025-10-29T03:04:22+03:00
93429,2025-10-29T15:55:42+03:00
144826,2025-10-29T20:49:20+03:00
121155,2025-10-30T00:15:00+03:00
334514,2025-10-30T05:04:18+03:00
197290,2025-10-30T09:58:41+03:00
228829,2025-10-30T13:39:15+03:00
334427,2025-10-30T15:36:07+03:00
230234,2025-10-30T18:02:30+03:00
120538,2025-10-30T21:11:53+03:00
268273,2025-10-31T01:41:38+03:00
334313,2025-10-31T03:07:17+03:00
287501,2025-10-31T06:12:02+03:00
144744,2025-11-01T00:11:29+03:00
120226,2025-11-01T07:37:45+03:00
266946,2025-11-02T17:39:31+03:00
261939,2025-11-02T20:24:06+03:00
255335,2025-11-03T01:57:34+03:00
278424,2025-11-03T07:08:07+03:00
267256,2025-11-03T07:24:53+03:00
262116,2025-11-03T07:37:03+03:00
147000,2025-11-03T10:02:17+03:00
262685,2025-11-03T12:18:18+03:00
269413,2025-11-03T14:23:01+03:00
278352,2025-11-03T14:24:43+03:00
120571,2025-11-04T17:26:27+03:00
216263,2025-11-05T01:10:40+03:00
135199,2025-11-06T09:21:02+03:00
334322,2025-11-06T23:49:22+03:00
77840,2025-11-07T01:13:51+03:00
147102,2025-11-07T17:44:37+03:00
77724,2025-11-08T00:17:38+03:00
308172,2025-11-08T05:21:27+03:00
95478,2025-11-08T05:34:45+03:00
287129,2025-11-08T07:16:28+03:00
230766,2025-11-08T12:02:06+03:00
287023,2025-11-08T13:06:19+03:00
333947,2025-11-08T14:41:41+03:00
228995,2025-11-08T14:49:19+03:00
330673,2025-11-08T22:35:05+03:00
269671,2025-11-09T01:42:01+03:00
228906,2025-11-09T03:08:35+03:00
266804,2025-11-09T03:57:08+03:00
227494,2025-11-09T07:30:55+03:00
230776,2025-11-10T05:12:42+03:00
269540,2025-11-10T16:11:19+03:00
278033,2025-11-10T18:41:29+03:00
287120,2025-11-11T12:58:31+03:00
215809,2025-11-11T18:02:42+03:00
228532,2025-11-12T00:14:01+03:00
120477,2025-11-12T02:11:19+03:00
287086,2025-11-12T03:19:20+03:00
287349,2025-11-12T04:56:13+03:00
267232,2025-11-12T10:43:45+03:00
114007,2025-11-13T21:15:41+03:00
120332,2025-11-13T21:42:08+03:00
261887,2025-11-14T11:58:13+03:00
229082,2025-11-14T17:15:38+03:00
287710,2025-11-14T19:18:29+03:00
197146,2025-11-15T21:14:44+03:00
262105,2025-11-16T10:20:59+03:00
287400,2025-11-16T16:42:09+03:00
197285,2025-11-17T01:47:17+03:00
286885,2025-11-17T05:42:57+03:00
197362,2025-11-17T13:47:28+03:00
334352,2025-11-17T15:40:14+03:00
50970,2025-11-18T11:29:45+03:00
120539,2025-11-18T14:25:54+03:00
212362,2025-11-18T16:25:10+03:00
120585,2025-11-18T22:09:08+03:00
144822,2025-11-19T02:19:33+03:00
269610,2025-11-19T03:45:29+03:00
278458,2025-11-19T03:48:30+03:00
278100,2025-11-19T08:41:12+03:00
287482,2025-11-19T10:22:27+03:00
334713,2025-11-19T18:06:12+03:00
287289,2025-11-19T22:50:17+03:00
286389,2025-11-19T23:41:55+03:00
334534,2025-11-20T14:07:21+03:00
269606,2025-11-21T03:06:31+03:00
262608,2025-11-21T12:48:10+03:00
285843,2025-11-21T14:29:14+03:00
197385,2025-11-21T22:50:26+03:00
287449,2025-11-23T01:41:25+03:00
93518,2025-11-24T10:50:21+03:00
212083,2025-11-24T13:22:37+03:00
269602,2025-11-24T17:56:48+03:00
196643,2025-11-24T19:27:20+03:00
267571,2025-11-25T04:38:27+03:00
193089,2025-11-25T07:08:34+03:00
229387,2025-11-25T11:53:49+03:00
228419,2025-11-26T02:33:06+03:00
268016,2025-11-26T03:50:33+03:00
95461,2025-11-26T04:41:29+03:00
93584,2025-11-26T08:18:48+03:00
115798,2025-11-26T14:41:39+03:00
212455,2025-11-27T21:14:53+03:00
228401,2025-11-27T21:22:19+03:00
269707,2025-11-28T12:12:56+03:00
267663,2025-11-29T11:04:15+03:00
3118,2025-11-29T12:56:37+03:00
231810,2025-11-29T20:27:01+03:00
287754,2025-11-29T22:51:04+03:00
93687,2025-11-30T10:17:27+03:00
104040,2025-11-30T21:10:45+03:00
228737,2025-12-01T02:52:16+03:00
289253,2025-12-01T03:40:31+03:00
286680,2025-12-01T14:49:38+03:00
96321,2025-12-01T22:25:57+03:00
333681,2025-12-01T22:29:08+03:00
196995,2025-12-02T02:23:19+03:00
330208,2025-12-02T17:13:35+03:00
95473,2025-12-02T20:46:09+03:00
135191,2025-12-04T03:13:17+03:00
334419,2025-12-04T03:16:24+03:00
229292,2025-12-04T04:12:45+03:00
93907,2025-12-04T10:15:14+03:00
196481,2025-12-04T11:01:29+03:00
143635,2025-12-06T01:59:10+03:00
93510,2025-12-06T06:47:34+03:00
121158,2025-12-06T08:40:33+03:00
171649,2025-12-06T20:55:25+03:00
120464,2025-12-07T07:26:39+03:00
115658,2025-12-07T07:32:07+03:00
8768,2025-12-07T21:21:31+03:00
120513,2025-12-07T22:51:08+03:00
143505,2025-12-08T05:26:13+03:00
230906,2025-12-08T12:01:43+03:00
334560,2025-12-09T15:02:33+03:00
77735,2025-12-09T17:52:30+03:00
232200,2025-12-10T06:50:12+03:00
333947,2025-12-10T10:32:18+03:00
287197,2025-12-10T15:13:19+03:00
212780,2025-12-10T19:18:42+03:00
196493,2025-12-11T18:12:22+03:00
93535,2025-12-11T23:12:37+03:00
144887,2025-12-12T10:57:12+03:00
230901,2025-12-12T13:58:55+03:00
286413,2025-12-12T16:43:13+03:00
228731,2025-12-12T20:09:20+03:00
212943,2025-12-12T21:49:21+03:00
228523,2025-12-12T23:43:44+03:00
289240,2025-12-13T06:40:23+03:00
267562,2025-12-13T07:20:18+03:00
96455,2025-12-13T10:17:30+03:00
287570,2025-12-14T08:13:14+03:00
93655,2025-12-15T01:43:19+03:00
334495,2025-12-15T17:19:56+03:00
196909,2025-12-16T14:16:23+03:00
302194,2025-12-16T14:31:07+03:00
268933,2025-12-16T15:22:36+03:00
269110,2025-12-16T16:19:29+03:00
334558,2025-12-16T17:16:36+03:00
267663,2025-12-16T21:29:08+03:00
162826,2025-12-17T00:19:00+03:00
267274,2025-12-17T04:09:16+03:00
228642,2025-12-17T09:22:08+03:00
228931,2025-12-17T17:22:18+03:00
268814,2025-12-17T23:23:12+03:00
334314,2025-12-17T23:46:04+03:00
93613,2025-12-17T23:51:46+03:00
267804,2025-12-18T02:23:45+03:00
196780,2025-12-18T10:22:47+03:00
262536,2025-12-19T04:11:49+03:00
287595,2025-12-19T21:36:57+03:00
287104,2025-12-19T23:43:26+03:00
267788,2025-12-20T04:36:05+03:00
268070,2025-12-21T02:48:29+03:00
230651,2025-12-21T03:23:25+03:00
334545,2025-12-21T12:36:16+03:00
230930,2025-12-21T12:40:56+03:00
262528,2025-12-21T15:23:21+03:00
193174,2025-12-21T22:35:10+03:00
77719,2025-12-21T22:35:59+03:00
229149,2025-12-22T09:07:20+03:00
268814,2025-12-22T19:12:56+03:00
231939,2025-12-22T23:00:11+03:00
334769,2025-12-22T23:11:02+03:00
278508,2025-12-23T00:54:34+03:00
334709,2025-12-23T08:44:18+03:00
267403,2025-12-23T13:39:51+03:00
196994,2025-12-23T16:12:17+03:00
267831,2025-12-23T20:03:08+03:00
144849,2025-12-24T01:53:41+03:00
116093,2025-12-24T15:16:24+03:00
267746,2025-12-25T00:38:12+03:00
213796,2025-12-25T13:37:11+03:00
213804,2025-12-25T16:07:00+03:00
269572,2025-12-25T17:01:14+03:00
286245,2025-12-26T00:34:14+03:00
115696,2025-12-26T13:18:59+03:00
228687,2025-12-26T18:19:40+03:00
196517,2025-12-27T02:24:34+03:00
334389,2025-12-27T03:35:57+03:00
159013,2025-12-27T06:42:55+03:00
229334,2025-12-27T08:40:39+03:00
333432,2025-12-27T12:58:10+03:00
120520,2025-12-27T20:45:28+03:00
230948,2025-12-28T11:59:42+03:00
278471,2025-12-28T20:25:21+03:00
267548,2025-12-29T01:01:43+03:00
333543,2025-12-29T04:28:05+03:00
143526,2025-12-29T10:33:21+03:00
267106,2025-12-29T16:26:51+03:00
287687,2025-12-29T18:17:52+03:00
94168,2025-12-30T00:16:00+03:00
267717,2025-12-30T19:53:29+03:00
103907,2025-12-30T22:45:03+03:00
93292,2025-12-31T07:49:57+03:00
287789,2025-12-31T12:54:23+03:00
115284,2026-01-01T06:52:05+03:00
262662,2026-01-01T07:55:40+03:00
9369,2026-01-01T17:42:26+03:00
93684,2026-01-02T02:21:40+03:00
103974,2026-01-02T14:45:24+03:00
230769,2026-01-03T11:53:02+03:00
229363,2026-01-04T01:07:59+03:00
229297,2026-01-04T12:01:15+03:00
162782,2026-01-05T07:43:12+03:00
228626,2026-01-05T21:46:48+03:00
227193,2026-01-06T05:53:09+03:00
228980,2026-01-06T06:27:52+03:00
229063,2026-01-06T18:01:18+03:00
297164,2026-01-07T00:53:46+03:00
267552,2026-01-07T01:52:48+03:00
212635,2026-01-07T17:39:07+03:00
268892,2026-01-07T23:19:59+03:00
331419,2026-01-08T15:06:34+03:00
116107,2026-01-08T17:19:19+03:00
297164,2026-01-08T22:06:54+03:00
115736,2026-01-09T07:11:18+03:00
229393,2026-01-10T06:04:44+03:00
333653,2026-01-10T06:28:30+03:00
286940,2026-01-10T11:25:02+03:00
229514,2026-01-10T15:29:35+03:00
213423,2026-01-10T21:49:11+03:00
334424,2026-01-11T00:18:11+03:00
278505,2026-01-11T03:31:46+03:00
154108,2026-01-11T16:51:39+03:00
212844,2026-01-11T18:51:55+03:00
227484,2026-01-11T19:53:22+03:00
229532,2026-01-12T09:28:39+03:00
228557,2026-01-12T10:07:19+03:00
147811,2026-01-12T15:46:25+03:00
77546,2026-01-12T21:32:51+03:00
227462,2026-01-12T22:24:37+03:00
269650,2026-01-13T10:02:28+03:00
228434,2026-01-13T15:22:05+03:00
262628,2026-01-13T21:43:21+03:00
228954,2026-01-15T13:53:35+03:00
302200,2026-01-16T00:26:05+03:00
120166,2026-01-16T01:37:34+03:00
287280,2026-01-16T06:32:29+03:00
286989,2026-01-16T08:06:49+03:00
193116,2026-01-16T17:17:44+03:00
228974,2026-01-16T18:23:06+03:00
144793,2026-01-17T03:38:38+03:00
333989,2026-01-17T08:03:13+03:00
230852,2026-01-17T10:31:17+03:00
77719,2026-01-17T12:02:17+03:00
334466,2026-01-17T16:11:35+03:00
96410,2026-01-19T08:07:47+03:00
269125,2026-01-19T14:19:36+03:00
268812,2026-01-19T20:06:35+03:00
333768,2026-01-20T06:03:38+03:00
213813,2026-01-20T07:41:57+03:00
229315,2026-01-20T15:57:31+03:00
147143,2026-01-21T20:03:41+03:00
330668,2026-01-22T11:42:21+03:00
230699,2026-01-23T11:03:38+03:00
213358,2026-01-23T18:27:58+03:00
289208,2026-01-23T19:15:36+03:00
144784,2026-01-24T03:42:51+03:00
212522,2026-01-24T10:24:51+03:00
334715,2026-01-24T10:51:05+03:00
287817,2026-01-25T04:39:17+03:00
95357,2026-01-25T10:13:19+03:00
267855,2026-01-25T15:13:24+03:00
147108,2026-01-26T00:31:28+03:00
334522,2026-01-27T00:10:07+03:00
262579,2026-01-27T03:20:50+03:00
284847,2026-01-27T11:28:23+03:00
286910,2026-01-27T16:14:43+03:00
93979,2026-01-28T01:36:48+03:00
277926,2026-01-28T07:13:51+03:00
228743,2026-01-28T12:59:07+03:00
196904,2026-01-28T17:41:33+03:00
197022,2026-01-28T18:18:55+03:00
120169,2026-01-29T08:47:55+03:00
227463,2026-01-30T03:47:30+03:00
262633,2026-01-30T05:30:42+03:00
286678,2026-01-30T09:52:37+03:00
286857,2026-01-31T02:50:57+03:00
268123,2026-01-31T10:20:48+03:00
120592,2026-02-01T17:36:13+03:00
113981,2026-02-01T23:35:05+03:00
269661,2026-02-02T17:26:29+03:00
116090,2026-02-02T23:07:32+03:00
3077,2026-02-03T12:44:19+03:00
162787,2026-02-03T17:49:41+03:00
230588,2026-02-04T04:54:05+03:00
287083,2026-02-05T02:28:41+03:00
193095,2026-02-05T09:17:23+03:00
268057,2026-02-05T12:26:25+03:00
267498,2026-02-05T13:44:56+03:00
262682,2026-02-05T17:54:53+03:00
228251,2026-02-06T10:18:58+03:00
229068,2026-02-06T13:03:07+03:00
267856,2026-02-06T17:35:37+03:00
285826,2026-02-07T00:25:55+03:00
284709,2026-02-07T04:43:02+03:00
284723,2026-02-07T05:41:03+03:00
144799,2026-02-07T09:11:41+03:00
104029,2026-02-07T13:16:42+03:00
196692,2026-02-08T01:21:45+03:00
229072,2026-02-08T20:28:02+03:00
94068,2026-02-09T02:26:48+03:00
287777,2026-02-09T03:29:10+03:00
9359,2026-02-09T16:35:36+03:00
287130,2026-02-09T22:21:16+03:00
94163,2026-02-10T16:35:03+03:00
196906,2026-02-11T03:37:43+03:00
2879,2026-02-11T07:44:51+03:00
228977,2026-02-11T13:54:34+03:00
267280,2026-02-12T00:54:49+03:00
278341,2026-02-13T08:01:00+03:00
214103,2026-02-13T17:38:11+03:00
212601,2026-02-14T01:41:38+03:00
278429,2026-02-14T05:40:35+03:00
333781,2026-02-14T12:03:48+03:00
267072,2026-02-14T13:50:37+03:00
287774,2026-02-14T15:49:23+03:00
196143,2026-02-14T18:01:24+03:00
228994,2026-02-14T19:53:22+03:00
286867,2026-02-14T22:26:27+03:00
197134,2026-02-14T23:01:20+03:00
261902,2026-02-15T16:56:06+03:00
120695,2026-02-15T22:25:21+03:00
2957,2026-02-15T22:30:57+03:00
269280,2026-02-17T01:06:56+03:00
227245,2026-02-18T07:17:42+03:00
278500,2026-02-18T11:34:57+03:00
96472,2026-02-18T21:42:59+03:00
135201,2026-02-19T00:10:40+03:00
286443,2026-02-19T00:50:20+03:00
93980,2026-02-19T07:59:07+03:00
228638,2026-02-19T21:51:54+03:00
115340,2026-02-20T05:44:24+03:00
212348,2026-02-20T12:19:00+03:00
115749,2026-02-21T04:47:35+03:00
115408,2026-02-21T11:55:42+03:00
120591,2026-02-21T16:06:21+03:00
269107,2026-02-21T22:44:42+03:00
196743,2026-02-22T06:20:53+03:00
143603,2026-02-23T06:25:37+03:00
287775,2026-02-23T20:00:59+03:00
262589,2026-02-24T00:22:36+03:00
229146,2026-02-24T02:42:00+03:00
236744,2026-02-24T07:00:09+03:00
158980,2026-02-24T21:45:37+03:00
267725,2026-02-25T09:45:36+03:00
287496,2026-02-26T04:13:57+03:00
230783,2026-02-26T07:57:00+03:00
269044,2026-02-26T11:35:12+03:00
213365,2026-02-27T00:30:26+03:00
120399,2026-02-27T07:20:44+03:00
115240,2026-02-27T10:04:21+03:00
261902,2026-02-28T18:15:45+03:00
98281,2026-02-28T18:41:24+03:00
333566,2026-02-28T22:06:40+03:00
229232,2026-03-01T04:33:56+03:00
267088,2026-03-01T09:19:03+03:00
333743,2026-03-01T18:03:50+03:00
287168,2026-03-01T21:33:04+03:00
104027,2026-03-02T14:49:23+03:00
212699,2026-03-02T18:12:03+03:00
3050,2026-03-02T19:53:45+03:00
144869,2026-03-03T03:46:05+03:00
262027,2026-03-03T16:25:54+03:00
96237,2026-03-04T09:24:57+03:00
231865,2026-03-04T09:34:12+03:00
269196,2026-03-04T16:25:07+03:00
262117,2026-03-05T19:05:56+03:00
261986,2026-03-06T08:29:53+03:00
266793,2026-03-07T10:10:26+03:00
333551,2026-03-07T18:01:32+03:00
286377,2026-03-07T23:05:10+03:00
171628,2026-03-08T03:10:15+03:00
228965,2026-03-08T12:13:57+03:00
229099,2026-03-08T23:31:54+03:00
228722,2026-03-09T01:38:06+03:00
267773,2026-03-09T01:59:38+03:00
171363,2026-03-09T12:57:08+03:00
9330,2026-03-09T18:19:50+03:00
229224,2026-03-09T18:53:42+03:00
104014,2026-03-09T19:58:37+03:00
144820,2026-03-09T23:54:02+03:00
268813,2026-03-10T04:00:55+03:00
228607,2026-03-10T19:13:04+03:00
230707,2026-03-11T17:22:38+03:00
269304,2026-03-11T21:38:18+03:00
334212,2026-03-12T11:54:43+03:00
287435,2026-03-12T22:35:47+03:00
96461,2026-03-13T02:07:31+03:00
228988,2026-03-13T09:59:35+03:00
334633,2026-03-13T20:51:21+03:00
287348,2026-03-14T06:20:23+03:00
286383,2026-03-14T11:24:03+03:00
229606,2026-03-14T14:24:18+03:00
95478,2026-03-15T06:21:02+03:00
50963,2026-03-15T07:30:49+03:00
268953,2026-03-15T17:18:53+03:00
228532,2026-03-16T00:32:54+03:00
212634,2026-03-17T02:12:40+03:00
158909,2026-03-17T14:43:20+03:00
269334,2026-03-17T19:21:27+03:00
213791,2026-03-18T02:17:31+03:00
230884,2026-03-18T02:43:37+03:00
213423,2026-03-18T03:28:40+03:00
120247,2026-03-18T21:19:38+03:00
197984,2026-03-19T01:29:02+03:00
179222,2026-03-20T20:27:27+03:00
77850,2026-03-21T04:39:59+03:00
158939,2026-03-21T09:34:04+03:00
95414,2026-03-21T17:30:26+03:00
228657,2026-03-21T18:14:16+03:00
228775,2026-03-21T23:12:52+03:00
196992,2026-03-22T07:40:43+03:00
77702,2026-03-22T11:19:39+03:00
229149,2026-03-22T20:45:56+03:00
228571,2026-03-22T22:02:32+03:00
98156,2026-03-23T06:50:51+03:00
333769,2026-03-23T18:46:39+03:00
228983,2026-03-23T19:31:00+03:00
334013,2026-03-24T00:18:09+03:00
228720,2026-03-24T04:53:57+03:00
229137,2026-03-24T11:18:38+03:00
93656,2026-03-24T17:58:09+03:00
212570,2026-03-24T19:51:30+03:00
96463,2026-03-25T18:25:24+03:00
278346,2026-03-26T21:11:16+03:00
287201,2026-03-27T02:35:43+03:00
269479,2026-03-27T03:00:23+03:00
197300,2026-03-27T05:29:12+03:00
267025,2026-03-27T22:58:20+03:00
197163,2026-03-28T17:45:57+03:00
144789,2026-03-30T04:37:42+03:00
333731,2026-03-30T21:32:59+03:00
135213,2026-03-31T14:03:30+03:00
269461,2026-04-01T06:25:01+03:00
267973,2026-04-01T09:29:16+03:00
285826,2026-04-02T11:39:13+03:00
334002,2026-04-02T13:40:41+03:00
287503,2026-04-02T17:45:28+03:00
104049,2026-04-02T18:08:07+03:00
196493,2026-04-02T21:47:44+03:00
262693,2026-04-03T00:41:02+03:00
286813,2026-04-03T11:25:28+03:00
278375,2026-04-03T13:36:00+03:00
116081,2026-04-03T14:54:30+03:00
230782,2026-04-03T15:05:10+03:00
261912,2026-04-04T03:33:23+03:00
230801,2026-04-04T04:13:48+03:00
196741,2026-04-04T06:56:01+03:00
229240,2026-04-04T14:25:15+03:00
197314,2026-04-05T04:58:52+03:00
278060,2026-04-05T05:57:52+03:00
2944,2026-04-05T12:33:14+03:00
143553,2026-04-05T14:30:28+03:00
212125,2026-04-06T14:10:41+03:00
93561,2026-04-07T02:00:31+03:00
288063,2026-04-07T14:59:21+03:00
267506,2026-04-07T18:31:43+03:00
230598,2026-04-07T21:14:16+03:00
98279,2026-04-08T00:44:57+03:00
287180,2026-04-08T06:43:52+03:00
196677,2026-04-08T08:53:26+03:00
96297,2026-04-08T09:12:47+03:00
179237,2026-04-09T04:31:23+03:00
268268,2026-04-09T04:41:00+03:00
196746,2026-04-09T10:30:26+03:00
278459,2026-04-09T15:19:26+03:00
289252,2026-04-10T04:15:04+03:00
334555,2026-04-10T06:20:25+03:00
120528,2026-04-10T10:19:22+03:00
286877,2026-04-10T18:43:05+03:00
269709,2026-04-10T23:19:33+03:00
94102,2026-04-11T08:07:03+03:00
236781,2026-04-11T10:27:26+03:00
333782,2026-04-11T14:57:30+03:00
196989,2026-04-11T17:58:33+03:00
135189,2026-04-11T20:39:56+03:00
196689,2026-04-12T01:59:31+03:00
286975,2026-04-12T10:09:09+03:00
212261,2026-04-12T23:29:42+03:00
103951,2026-04-13T00:28:18+03:00
288141,2026-04-13T03:08:00+03:00
333599,2026-04-13T05:51:00+03:00
212453,2026-04-13T10:10:49+03:00
98163,2026-04-14T03:43:12+03:00
278519,2026-04-14T15:31:41+03:00
179221,2026-04-14T19:08:37+03:00
196913,2026-04-15T08:10:13+03:00
93911,2026-04-15T16:23:19+03:00
197125,2026-04-15T16:50:14+03:00
262598,2026-04-15T19:50:10+03:00
286961,2026-04-16T02:46:23+03:00
287863,2026-04-16T04:21:33+03:00
171590,2026-04-16T20:11:01+03:00
287286,2026-04-16T22:25:25+03:00
286944,2026-04-16T23:18:40+03:00
228640,2026-04-17T08:18:39+03:00
286503,2026-04-17T10:06:52+03:00
285987,2026-04-18T19:34:31+03:00
333460,2026-04-18T20:36:16+03:00
94177,2026-04-19T04:53:44+03:00
278017,2026-04-19T07:46:13+03:00
287087,2026-04-19T11:53:10+03:00
334478,2026-04-19T15:35:55+03:00
116124,2026-04-19T16:40:24+03:00
262665,2026-04-19T21:50:23+03:00
267627,2026-04-19T23:36:03+03:00
334535,2026-04-20T09:58:45+03:00
334341,2026-04-20T10:13:22+03:00
277870,2026-04-20T15:17:57+03:00
286898,2026-04-20T19:52:54+03:00
95375,2026-04-21T06:18:08+03:00
286930,2026-04-21T06:28:38+03:00
229320,2026-04-21T11:58:46+03:00
120490,2026-04-21T19:13:39+03:00
115804,2026-04-22T05:52:13+03:00
334742,2026-04-22T11:02:26+03:00
215878,2026-04-22T22:44:59+03:00
267567,2026-04-22T23:38:46+03:00
287261,2026-04-23T04:45:22+03:00
93424,2026-04-23T05:23:13+03:00
269688,2026-04-23T09:46:14+03:00
212910,2026-04-23T15:40:45+03:00
278341,2026-04-23T16:51:39+03:00
261967,2026-04-23T18:37:26+03:00
230763,2026-04-24T00:32:08+03:00
228737,2026-04-24T01:20:34+03:00
212574,2026-04-25T14:10:56+03:00
262581,2026-04-25T17:41:39+03:00
236784,2026-04-25T22:43:37+03:00
147192,2026-04-26T02:11:37+03:00
103938,2026-04-26T20:37:41+03:00
228486,2026-04-26T21:52:02+03:00
333626,2026-04-26T23:40:41+03:00
196745,2026-04-27T10:28:59+03:00
162829,2026-04-27T13:46:34+03:00
284903,2026-04-28T00:47:29+03:00
196751,2026-04-28T06:12:03+03:00
96266,2026-04-29T02:56:59+03:00
262583,2026-04-29T05:54:28+03:00
212196,2026-04-29T05:55:25+03:00
229484,2026-04-29T06:40:33+03:00
230857,2026-04-29T07:08:52+03:00
228267,2026-04-29T08:48:08+03:00
227475,2026-04-29T10:43:27+03:00
262016,2026-04-30T06:51:11+03:00
103945,2026-04-30T07:59:13+03:00
268791,2026-04-30T12:25:47+03:00
213777,2026-04-30T12:58:36+03:00
333730,2026-04-30T16:02:53+03:00
230408,2026-04-30T22:57:01+03:00
230926,2026-05-01T20:15:07+03:00
262149,2026-05-02T16:58:53+03:00
228947,2026-05-02T22:27:54+03:00
269642,2026-05-03T04:27:26+03:00
115261,2026-05-03T05:24:30+03:00
287812,2026-05-03T07:26:30+03:00
115797,2026-05-03T10:28:08+03:00
261979,2026-05-03T13:45:48+03:00
334192,2026-05-03T19:55:31+03:00
287801,2026-05-04T14:09:03+03:00
287739,2026-05-05T04:59:31+03:00
308076,2026-05-05T06:16:05+03:00
93244,2026-05-05T23:51:43+03:00
93424,2026-05-06T05:15:21+03:00
269268,2026-05-06T09:21:01+03:00
269668,2026-05-06T16:28:07+03:00
171558,2026-05-06T22:21:37+03:00
330590,2026-05-07T02:18:52+03:00
288191,2026-05-07T16:05:51+03:00
230393,2026-05-07T18:06:15+03:00
197158,2026-05-09T04:34:10+03:00
120475,2026-05-09T05:05:12+03:00
212503,2026-05-09T05:54:16+03:00
287805,2026-05-09T15:27:01+03:00
261967,2026-05-10T08:21:43+03:00
94857,2026-05-10T09:31:45+03:00
94199,2026-05-10T10:19:19+03:00
286929,2026-05-10T15:41:51+03:00
229088,2026-05-10T18:36:01+03:00
269689,2026-05-10T23:34:52+03:00
269580,2026-05-11T12:42:26+03:00
212793,2026-05-11T16:46:17+03:00
287938,2026-05-12T09:19:58+03:00
196487,2026-05-12T10:17:29+03:00
229325,2026-05-12T13:29:29+03:00
229426,2026-05-12T16:34:04+03:00
179216,2026-05-12T16:34:06+03:00
154111,2026-05-13T01:38:14+03:00
115729,2026-05-13T02:47:45+03:00
196622,2026-05-13T23:31:54+03:00
313013,2026-05-14T14:57:28+03:00
334590,2026-05-15T00:09:48+03:00
196627,2026-05-15T00:43:44+03:00
268953,2026-05-15T00:52:22+03:00
212663,2026-05-15T02:13:03+03:00
334459,2026-05-15T06:17:59+03:00
96412,2026-05-16T03:33:16+03:00
334226,2026-05-16T04:21:27+03:00
262087,2026-05-16T07:05:47+03:00
262153,2026-05-16T07:06:21+03:00
120476,2026-05-16T12:58:22+03:00
262163,2026-05-16T19:16:39+03:00
193173,2026-05-16T20:26:57+03:00
229916,2026-05-17T18:32:54+03:00
213352,2026-05-17T21:27:25+03:00
333699,2026-05-18T00:23:47+03:00
120558,2026-05-18T06:29:53+03:00
121147,2026-05-18T21:29:44+03:00
250735,2026-05-19T11:27:13+03:00
94843,2026-05-19T12:31:19+03:00
196505,2026-05-19T16:07:42+03:00
334332,2026-05-20T04:37:24+03:00
95465,2026-05-20T07:54:38+03:00
262944,2026-05-20T09:13:59+03:00
120312,2026-05-20T15:27:07+03:00
228714,2026-05-20T15:57:18+03:00
287016,2026-05-20T23:47:57+03:00
231886,2026-05-21T01:18:29+03:00
288018,2026-05-22T10:17:45+03:00
231819,2026-05-22T11:30:22+03:00
196989,2026-05-22T16:50:55+03:00
228758,2026-05-23T13:41:57+03:00
287200,2026-05-24T12:43:05+03:00
231706,2026-05-25T09:11:13+03:00
116124,2026-05-25T10:55:11+03:00
287184,2026-05-26T15:41:21+03:00
330448,2026-05-26T18:33:52+03:00
266763,2026-05-26T21:37:06+03:00
268834,2026-05-26T21:54:36+03:00
229540,2026-05-27T13:56:46+03:00
228459,2026-05-28T12:24:48+03:00
212208,2026-05-28T18:19:12+03:00
212499,2026-05-28T18:21:24+03:00
269419,2026-05-28T19:44:18+03:00
231948,2026-05-28T20:45:49+03:00
120289,2026-05-28T21:53:13+03:00
278568,2026-05-28T22:12:41+03:00
268054,2026-05-28T23:37:30+03:00
333435,2026-05-29T02:23:37+03:00
288130,2026-05-29T05:05:45+03:00
286871,2026-05-29T08:42:09+03:00
144782,2026-05-29T09:05:55+03:00
286311,2026-05-29T13:48:18+03:00
288021,2026-05-29T22:57:23+03:00
212643,2026-05-30T14:52:16+03:00
267825,2026-05-30T18:02:38+03:00
269031,2026-05-31T19:25:02+03:00
98282,2026-06-01T05:34:55+03:00
212944,2026-06-01T08:49:29+03:00
197986,2026-06-01T18:48:47+03:00
266839,2026-06-01T20:05:52+03:00
212829,2026-06-02T16:13:27+03:00
212726,2026-06-02T18:14:46+03:00
262624,2026-06-03T04:24:12+03:00
268845,2026-06-03T14:23:11+03:00
228832,2026-06-03T18:44:35+03:00
96212,2026-06-04T04:16:59+03:00
197256,2026-06-04T04:51:48+03:00
262667,2026-06-05T02:46:03+03:00
262627,2026-06-05T05:35:11+03:00
196474,2026-06-05T10:13:08+03:00
214112,2026-06-06T02:39:47+03:00
93856,2026-06-06T06:15:03+03:00
334606,2026-06-06T18:04:03+03:00
230478,2026-06-06T18:37:47+03:00
269532,2026-06-06T20:41:25+03:00
120518,2026-06-07T10:05:57+03:00
213361,2026-06-07T12:48:55+03:00
333781,2026-06-07T23:04:56+03:00
277927,2026-06-08T05:55:11+03:00
287245,2026-06-08T22:35:43+03:00
269533,2026-06-09T22:57:06+03:00
94834,2026-06-10T19:35:36+03:00
229138,2026-06-11T05:58:36+03:00
212721,2026-06-11T06:30:51+03:00
2878,2026-06-11T11:20:38+03:00
196744,2026-06-11T15:00:00+03:00
286491,2026-06-11T16:08:30+03:00
193116,2026-06-12T10:17:52+03:00
120541,2026-06-13T02:07:01+03:00
287117,2026-06-13T10:00:55+03:00
236737,2026-06-13T14:59:26+03:00
103917,2026-06-13T16:25:18+03:00
287235,2026-06-13T21:12:18+03:00
116138,2026-06-14T02:08:45+03:00
215838,2026-06-14T08:16:06+03:00
229667,2026-06-14T11:34:36+03:00
144768,2026-06-14T16:49:19+03:00
229229,2026-06-14T17:42:27+03:00
120538,2026-06-14T22:42:10+03:00
229568,2026-06-15T10:04:09+03:00
96366,2026-06-16T06:06:39+03:00
287543,2026-06-16T13:22:33+03:00
236748,2026-06-16T14:01:21+03:00
116093,2026-06-16T20:15:59+03:00
215839,2026-06-17T20:56:14+03:00
162885,2026-06-18T10:54:12+03:00
287015,2026-06-18T19:11:53+03:00
193208,2026-06-18T21:02:37+03:00
262653,2026-06-19T16:29:49+03:00
8834,2026-06-20T06:13:40+03:00
262617,2026-06-20T14:18:38+03:00
94145,2026-06-21T03:43:05+03:00
193193,2026-06-21T13:07:29+03:00
178257,2026-06-21T20:34:15+03:00
212104,2026-06-22T02:08:16+03:00
116129,2026-06-23T02:34:20+03:00
334763,2026-06-23T03:36:11+03:00
93676,2026-06-23T05:55:21+03:00
120156,2026-06-24T01:29:38+03:00
229254,2026-06-24T12:55:30+03:00
333596,2026-06-24T14:29:28+03:00
115722,2026-06-24T23:19:10+03:00
267738,2026-06-25T09:33:39+03:00
93994,2026-06-25T12:12:06+03:00
212178,2026-06-26T07:34:34+03:00
334491,2026-06-26T14:38:07+03:00
197285,2026-06-26T14:53:26+03:00
193100,2026-06-26T17:15:00+03:00
331499,2026-06-27T01:39:24+03:00
93782,2026-06-27T18:15:55+03:00
143674,2026-06-28T00:02:55+03:00
287232,2026-06-28T17:35:10+03:00
144742,2026-06-29T05:50:26+03:00
196642,2026-06-30T00:21:17+03:00
113990,2026-06-30T01:41:12+03:00
278032,2026-06-30T12:16:11+03:00
95475,2026-06-30T13:54:04+03:00
196796,2026-06-30T23:24:06+03:00
