tree
version=v4
num_class=1
num_tree_per_iteration=1
label_index=0
max_feature_idx=41
objective=binary sigmoid:1
feature_names=n_active_ch n_rows_1d n_rows_3d n_rows_7d n_rows_28d n_bad_1d n_bad_3d n_bad_7d n_bad_28d n_undef_1d n_undef_3d n_undef_7d n_undef_28d n_alarm_1d n_alarm_3d n_alarm_7d n_alarm_28d n_ch_bad_1d n_ch_bad_7d n_ch_bad_28d act_share_1d act_share_7d rate_7d rate_28d n_dying_ch dying_share ev_inc_6h ev_inc_24h ev_inc_72h ev_inc_168h ev_inc_672h ev_fail_3h ev_fail_24h ev_fail_168h ev_h_since_inc ev_h_since_prev ev_gap_last ev_relapse_rate ev_open_ch is_rearm hour dow
feature_infos=[0:1459] [0:200094] [0:575548] [0:1039472] [0:3446064] [0:32012] [0:32027] [0:32027] [0:32057] [0:37262] [0:71955] [0:122355] [0:165289] [0:32013] [0:32065] [0:32176] [0:33059] [0:383] [0:947] [0:1109] [0:1] [0.0054644808743169399:1] [0:52] [0:13] [0:1420] [0:1] [0:3] [0:7] [0:11] [0:18] [0:25] [0:191] [0:561] [0:1165] [1:22977.983611111111] [2.0238888888888891:28233.218888888889] [1.0238888888888888:21790.846388888887] [0.090909090909090912:0.96551724137931039] [0:195] [0:1] [0:23] [0:6]
tree_sizes=889 899 899 899 900 901 906 902 897 901 899 904 907 902 897 902 902 902 909 902 903 912 903 903 901 902 903 900 910 905 910 903 903 901 899 900 912 909 905 903 903 909 904 906 902 902 898 906 905 906 907 907 909 901 904 913 902 901 905 907 906 910 905 907 906 907 902 894 911 905 902 903 901 908 910 893 900 905 900 900 903 906 915 908 910 907 905 900 909 896 901 905 909 898 905 908 902 908 907 900 904 912 907 905 903 911 912 912 896 902 908 905 902 894 904 905 903 899 896 911 907 907 909 915 901 902 909 905 905 907 902 900 906 908 900 901 897 911 905 914 900 901

Tree=0
num_leaves=7
num_cat=0
split_feature=30 24 34 37 30 16
split_gain=3922.53 1527.68 720.021 567.27 401.458 257.453
threshold=1.5000000000000002 477.50000000000006 3349.8981944444449 0.37797619047619052 2.5000000000000004 285.50000000000006
decision_type=2 8 8 2 2 10
left_child=1 2 3 -1 -2 -5
right_child=4 -3 -4 5 -6 -7
leaf_value=-0.57952258293296766 -0.50621889945875409 -0.50338069576597189 -0.59142224830686996 -0.55323454124678517 -0.45951182956135811 -0.51818172880464752
leaf_weight=1550.8676521778107 831.79310774803162 997.73338067531586 2384.9848320484161 1405.1469866037369 1063.7376568317413 828.53936696052551
leaf_count=5959 1773 3509 10262 5108 1623 2907
internal_value=-0.543722 -0.560646 -0.569932 -0.556343 -0.479856 -0.540205
internal_weight=9062.8 7167.27 6169.54 3784.55 1895.53 2233.69
internal_count=31141 27745 24236 13974 3396 8015
is_linear=0
shrinkage=1


Tree=1
num_leaves=7
num_cat=0
split_feature=35 24 35 35 16 37
split_gain=4595.05 744.016 679.937 419.588 264.04 245.557
threshold=1501.2641666666671 706.50000000000011 110.55194444444446 5436.9231944444455 686.50000000000011 0.37797619047619052
decision_type=8 10 10 8 10 2
left_child=2 3 -1 5 -4 -2
right_child=1 -3 4 -5 -6 -7
leaf_value=0.087563060778945725 -0.036376378663848775 0.040757214725555976 0.023940213804240305 -0.042442255200877077 0.060692415750774387 -0.0020423654021155964
leaf_weight=815.7550595998764 805.92442901432514 383.91202908754349 1699.5183603018522 3225.6765185594559 688.88243052363396 1457.2325983643532
leaf_count=619 3151 1397 5040 13444 1877 5567
internal_value=0.000114142 -0.0261582 0.0482332 -0.0308714 0.0346452 -0.0143222
internal_weight=9076.9 5872.75 3204.16 5488.83 2388.4 2263.16
internal_count=31095 23559 7536 22162 6917 8718
is_linear=0
shrinkage=0.05


Tree=2
num_leaves=7
num_cat=0
split_feature=30 36 24 29 24 19
split_gain=3272.62 1350.13 580.794 424.075 296.168 318.982
threshold=1.5000000000000002 3012.6204166666671 716.50000000000011 2.5000000000000004 102.50000000000001 62.500000000000007
decision_type=2 8 10 2 8 8
left_child=1 2 -1 -2 -3 -6
right_child=3 4 -4 -5 5 -7
leaf_value=-0.004682758602410568 0.04224239655210231 -0.047118731520433825 0.046281264241249113 0.094512353921204648 -0.024005541226817941 0.071327881515648436
leaf_weight=3081.3406013399363 1472.5894140452147 2587.142045751214 677.74354036152363 531.94726559519768 640.08090342581272 96.647774532437325
leaf_count=11801 3070 10699 2329 383 2524 262
internal_value=-6.92074e-06 -0.0159747 0.00455506 0.056314 -0.0391645 -0.0111027
internal_weight=9087.49 7082.95 3759.08 2004.54 3323.87 736.729
internal_count=31068 27615 14130 3453 13485 2786
is_linear=0
shrinkage=0.05


Tree=3
num_leaves=7
num_cat=0
split_feature=36 34 16 30 24 24
split_gain=2942.35 1382.47 465.791 391.404 301.874 202.698
threshold=2701.1322222222229 52.826111111111125 285.50000000000006 2.5000000000000004 102.50000000000001 863.50000000000011
decision_type=8 10 10 2 8 10
left_child=1 3 -3 -1 -2 -4
right_child=4 2 5 -5 -6 -7
leaf_value=0.035241851805010785 -0.045596686201626643 -0.012479161599277084 0.014071322750231858 0.080589052860132029 -0.010697148777715625 0.056348763335507514
leaf_weight=1069.1561229228973 2569.5954649299383 2014.4621221274137 1388.0173110961914 873.9306124150753 820.8605665564537 353.24492035806179
leaf_count=749 10774 8710 5896 517 3081 1474
internal_value=-0.000324697 0.0216127 0.00387879 0.0557919 -0.0371754 0.0227848
internal_weight=9089.27 5698.81 3755.72 1943.09 3390.46 1741.26
internal_count=31201 17346 16080 1266 13855 7370
is_linear=0
shrinkage=0.05


Tree=4
num_leaves=7
num_cat=0
split_feature=30 37 29 16 34 16
split_gain=2431.61 1134.71 387.024 348.871 314.079 237.058
threshold=1.5000000000000002 0.50675675675675691 2.5000000000000004 148.50000000000003 1061.8233333333335 590.50000000000011
decision_type=2 2 2 10 8 10
left_child=1 4 5 -3 -1 -2
right_child=2 3 -4 -5 -6 -7
leaf_value=-0.0091504299705510005 0.017184096088125538 -0.013373453872749456 0.085340927319051282 0.026654463302477796 -0.037728167093635183 0.056908857730453802
leaf_weight=1376.0529181957245 859.7591053545475 819.90674610435963 503.53175029158592 1600.1542840003967 3216.5182266682386 670.84924222528934
leaf_count=4391 1746 3266 369 5634 14427 1330
internal_value=-0.000630379 -0.0145956 0.047432 0.0130936 -0.0291848 0.0347236
internal_weight=9046.77 7012.63 2034.14 2420.06 4592.57 1530.61
internal_count=31163 27718 3445 8900 18818 3076
is_linear=0
shrinkage=0.05


Tree=5
num_leaves=7
num_cat=0
split_feature=35 35 24 37 24 0
split_gain=3214.74 608.268 385.175 279.301 205.096 184.366
threshold=2558.7504166666672 205.22361111111113 102.50000000000001 0.25833333333333336 872.50000000000011 128.50000000000003
decision_type=8 10 8 2 10 10
left_child=1 -1 5 -3 -5 -2
right_child=2 3 -4 4 -6 -7
leaf_value=0.063143695388622675 -0.041245701316056343 -0.036179758053420406 -0.0079827598378929467 0.017517063877961252 0.051058191504339746 0.029436185918372545
leaf_weight=1071.6607838273048 3056.7336396723986 204.40076825022697 1451.2197514027357 2554.255374148488 553.16642907261848 91.753054574131966
leaf_count=995 13288 692 5943 8048 1722 326
internal_value=-0.000147091 0.0304747 -0.0293309 0.0198243 0.0235603 -0.0391425
internal_weight=8983.19 4383.48 4599.71 3311.82 3107.42 3148.49
internal_count=31014 11457 19557 10462 9770 13614
is_linear=0
shrinkage=0.05


Tree=6
num_leaves=7
num_cat=0
split_feature=36 38 24 30 24 12
split_gain=2231.09 1068.63 315.566 286.672 251.713 165.06
threshold=3012.6204166666671 1.0000000180025095e-35 729.50000000000011 2.5000000000000004 102.50000000000001 20.500000000000004
decision_type=8 2 10 2 8 10
left_child=1 2 -1 -3 5 -2
right_child=4 3 -4 -5 -6 -7
leaf_value=-0.0039582220748958863 -0.052042617764677404 0.031204758465759985 0.033271097282996924 0.069117080218807886 -0.0076219769406245461 -0.025491955459137274
leaf_weight=3089.7721278965473 1424.6236401349306 1170.8640892654657 692.51887425780296 884.74443854391575 735.52644816040993 1020.9125909209251
leaf_count=13347 6337 859 2846 463 2818 4407
internal_value=0.000326726 0.0186802 0.00289321 0.0476505 -0.0333321 -0.0410334
internal_weight=9018.96 5837.9 3782.29 2055.61 3181.06 2445.54
internal_count=31077 17515 16193 1322 13562 10744
is_linear=0
shrinkage=0.05


Tree=7
num_leaves=7
num_cat=0
split_feature=35 35 24 16 24 35
split_gain=2868.5 637.522 295.181 289.537 218.038 153.487
threshold=2665.1501388888896 205.22361111111113 108.50000000000001 548.50000000000011 758.50000000000011 1118.3027777777781
decision_type=8 10 8 10 10 10
left_child=1 -1 -2 4 5 -3
right_child=2 3 -4 -5 -6 -7
leaf_value=0.062155490379795356 -0.035941417118550069 0.017556252392071883 -0.0078387253763163179 0.039592890039286892 0.037675891608028832 -0.011614892406519318
leaf_weight=1093.5491481274366 3113.4394976496696 765.19779370725155 1338.9449128061533 1088.5301215052605 495.74805547297001 1082.7995335161686
leaf_count=1009 13901 2218 5510 3252 1429 3855
internal_value=0.000970051 0.0289859 -0.0275085 0.0183428 0.00841012 0.000478745
internal_weight=8978.21 4525.82 4452.38 3432.28 2343.75 1848
internal_count=31174 11763 19411 10754 7502 6073
is_linear=0
shrinkage=0.05


Tree=8
num_leaves=7
num_cat=0
split_feature=35 34 24 29 24 15
split_gain=2612.45 558.98 289.442 174.726 169.845 167.643
threshold=2665.1501388888896 14.850416666666669 141.50000000000003 2.5000000000000004 831.50000000000011 132.50000000000003
decision_type=8 10 8 2 10 10
left_child=1 3 -2 -1 5 -3
right_child=2 4 -4 -5 -6 -7
leaf_value=0.03873988046073807 -0.033855235306478861 -0.0033738817188306461 -0.0024362805887298304 0.074409225767892079 0.037075965288882878 0.028259756230901358
leaf_weight=1437.3158293515444 3458.1761917173862 1503.1153834313154 930.86510838568211 460.98764899373055 528.32641586661339 575.12978079915047
leaf_count=647 15459 6415 3789 195 2144 2380
internal_value=0.000236204 0.0269694 -0.027202 0.0475746 0.0119008 0.00542717
internal_weight=8893.92 4504.88 4389.04 1898.3 2606.57 2078.25
internal_count=31029 11781 19248 842 10939 8795
is_linear=0
shrinkage=0.05


Tree=9
num_leaves=7
num_cat=0
split_feature=35 30 24 37 12 16
split_gain=2034.66 505.461 289.712 223.572 213.3 183.508
threshold=2818.6045833333342 2.5000000000000004 102.50000000000001 0.44949494949494956 20.500000000000004 728.50000000000011
decision_type=8 2 8 2 10 10
left_child=1 3 4 -1 -2 -5
right_child=2 -3 -4 5 -6 -7
leaf_value=-0.0098220339686486864 -0.045986960229072935 0.050901160509812519 -0.0064663868583415959 0.012705391324976332 -0.018337101147808264 0.044380566603044222
leaf_weight=826.49124106764793 1677.6728409528732 1163.5273558050394 1362.7164302915335 2003.2771637141705 1209.1251784265041 590.38928091526031
leaf_count=2577 7845 1617 5555 6324 5429 1710
internal_value=-0.000592497 0.0225015 -0.0254997 0.0127798 -0.0344576 0.019987
internal_weight=8833.2 4583.69 4249.51 3420.16 2886.8 2593.67
internal_count=31057 12228 18829 10611 13274 8034
is_linear=0
shrinkage=0.05


Tree=10
num_leaves=7
num_cat=0
split_feature=36 34 24 4 29 21
split_gain=1750.57 887.17 241.828 216.338 203.945 161.453
threshold=2914.9948611111117 106.64805555555557 729.50000000000011 236708.50000000003 2.5000000000000004 0.49004753416518126
decision_type=8 10 10 10 2 10
left_child=1 4 -3 5 -1 -2
right_child=3 2 -4 -5 -6 -7
leaf_value=0.033475272579788287 -0.018576043831891334 -0.0043470870812011408 0.028458544164137851 0.069748651848457965 0.069248020623218012 -0.041925726462838986
leaf_weight=1627.9896384626627 1373.1594561189413 2913.3038083463907 690.69964048266411 49.332695156335831 534.3739110827446 1637.1571013182402
leaf_count=1646 5927 12704 2801 160 353 7522
internal_value=0.000958902 0.0171758 0.00197076 -0.0295824 0.042455 -0.0313232
internal_weight=8826.02 5766.37 3604 3059.65 2162.36 3010.32
internal_count=31113 17504 15505 13609 1999 13449
is_linear=0
shrinkage=0.05


Tree=11
num_leaves=7
num_cat=0
split_feature=35 16 24 27 24 11
split_gain=1843.39 420.721 234.491 234.481 163.697 140.431
threshold=2892.4106944444452 717.50000000000011 108.50000000000001 1.0000000180025095e-35 863.50000000000011 5.5000000000000009
decision_type=8 10 10 2 10 10
left_child=1 3 5 4 -1 -2
right_child=2 -3 -4 -5 -6 -7
leaf_value=-0.0037931594139580926 -0.04005872705272949 0.046660837807077499 -0.0067476473769423912 0.02882752811861404 0.034222652947501729 -0.016058836059797656
leaf_weight=1831.4103864729404 1985.0304200053215 1188.1042581945658 1257.7382317334414 1314.5698183625937 329.8188007324934 892.95643132925034
leaf_count=7808 9504 2662 5187 637 1330 4067
internal_value=-0.00050598 0.0210336 -0.0247925 0.0122192 0.00207392 -0.032653
internal_weight=8799.63 4663.9 4135.73 3475.8 2161.23 2877.99
internal_count=31195 12437 18758 9775 9138 13571
is_linear=0
shrinkage=0.05


Tree=12
num_leaves=7
num_cat=0
split_feature=35 35 37 14 24 36
split_gain=1679.55 402.523 244.588 228.921 146.207 131.902
threshold=2818.6045833333342 205.22361111111113 0.25833333333333336 1.0000000180025095e-35 872.50000000000011 5118.1291666666675
decision_type=8 10 2 8 10 10
left_child=1 -1 -3 -2 -4 -5
right_child=3 2 4 5 -6 -7
leaf_value=0.046820507158075134 -0.038917515395144625 -0.034458997909571083 0.011260271673814217 -0.0083605891112363273 0.03855802451087658 -0.035340898384940006
leaf_weight=1128.6329669505358 1438.3964095264673 251.91794855892658 2723.6969728171825 2111.6383727788925 595.63748091459274 573.58212311565876
leaf_count=1017 6846 824 8558 9389 1790 2565
internal_value=0.000429523 0.0208527 0.012592 -0.0228448 0.0162093 -0.0141787
internal_weight=8823.5 4699.89 3571.25 4123.62 3319.33 2685.22
internal_count=30989 12189 11172 18800 10348 11954
is_linear=0
shrinkage=0.05


Tree=13
num_leaves=7
num_cat=0
split_feature=36 16 38 24 4 22
split_gain=1250.25 532.396 249.656 237.942 203.309 185.821
threshold=2701.1322222222229 558.50000000000011 1.0000000180025095e-35 143.50000000000003 154994.50000000003 7.447005371681068
decision_type=8 10 2 10 10 10
left_child=1 3 -3 5 -2 -1
right_child=4 2 -4 -5 -6 -7
leaf_value=-0.011199962069883265 -0.029376194210622965 0.018329584491468816 0.056041748470105061 0.016197220762808655 0.033787492532250718 0.065864628265833086
leaf_weight=2081.4578618109226 2893.0668417364359 957.48168490827084 816.96957737207413 1817.4867027103901 129.22599738836288 76.330886617302895
leaf_count=7215 13417 3941 541 5444 511 91
internal_value=-0.000613501 0.01307 0.0358012 0.00289121 -0.0266241 -0.00832787
internal_weight=8772.02 5749.73 1774.45 3975.28 3022.29 2157.79
internal_count=31160 17232 4482 12750 13928 7306
is_linear=0
shrinkage=0.05


Tree=14
num_leaves=7
num_cat=0
split_feature=35 16 29 4 2 36
split_gain=1399.53 415.407 239.466 225.255 191.885 164.159
threshold=1332.7075000000002 288.50000000000006 2.5000000000000004 2364.5000000000005 3923.0000000000005 4824.6498611111119
decision_type=8 10 2 10 10 10
left_child=2 3 4 -2 -1 -3
right_child=1 5 -4 -5 -6 -7
leaf_value=0.035724424717009928 -0.043448765665222322 0.013936517895015413 0.058170328649984365 -0.015721720629373024 0.0086014640389441774 -0.040850367179290442
leaf_weight=1229.7877613902092 957.64075969159603 1354.7453554421663 530.75529278814793 3116.1432704180479 1390.8165313601494 147.15781106054783
leaf_count=2962 4685 5119 382 13837 3425 696
internal_value=0.0010447 -0.0140056 0.0276531 -0.0222849 0.0213734 0.00845072
internal_weight=8727.05 5575.69 3151.36 4073.78 2620.6 1501.9
internal_count=31106 24337 6769 18522 6387 5815
is_linear=0
shrinkage=0.05


Tree=15
num_leaves=7
num_cat=0
split_feature=35 16 2 4 28 12
split_gain=1206.52 367.751 193.883 187.151 168.04 142.83
threshold=1332.7075000000002 288.50000000000006 3761.5000000000005 2535.5000000000005 2.5000000000000004 32.500000000000007
decision_type=8 10 10 10 2 10
left_child=2 3 -1 5 -4 -2
right_child=1 -3 4 -5 -6 -7
leaf_value=0.038271279691687726 -0.05141684138995585 0.0066089604391542101 0.0069200793072955111 -0.016225851916850761 0.053960610644055731 -0.0059076865521824366
leaf_weight=1388.5113440752029 769.06862033903599 1491.0954267829657 1473.9048197716475 3039.0629438310862 213.31165197491646 223.62544053792953
leaf_count=3032 3851 5823 3533 13629 112 1065
internal_value=-0.000617169 -0.0145908 0.0244572 -0.0224297 0.0130092 -0.0412459
internal_weight=8598.58 5522.85 3075.73 4031.76 1687.22 992.694
internal_count=31045 24368 6677 18545 3645 4916
is_linear=0
shrinkage=0.05


Tree=16
num_leaves=7
num_cat=0
split_feature=35 15 2 36 37 34
split_gain=1156.54 333.069 182.714 161.948 148.454 128.01
threshold=2818.6045833333342 150.50000000000003 260.50000000000006 5118.1291666666675 0.44949494949494956 29.43930555555556
decision_type=8 10 8 10 2 10
left_child=1 4 -2 -4 -1 -3
right_child=2 5 3 -5 -6 -7
leaf_value=-0.010624051063020419 -0.037595798081563055 0.051882217878505055 -0.0066552211966800171 -0.034051116904056662 0.014104955812386511 0.021154406029147692
leaf_weight=803.84896795451641 1076.2713470757008 717.67552620172501 2179.6110174357891 713.44629167020321 2434.1076937317848 659.84263731539249
leaf_count=2402 5467 377 9959 3371 6817 2683
internal_value=-0.000266085 0.0167447 -0.0200422 -0.0134583 0.00795886 0.0372931
internal_weight=8584.8 4615.47 3969.33 2893.06 3237.96 1377.52
internal_count=31076 12279 18797 13330 9219 3060
is_linear=0
shrinkage=0.05


Tree=17
num_leaves=7
num_cat=0
split_feature=35 16 29 24 12 16
split_gain=1215.29 350.748 236.332 171.78 136.121 130.029
threshold=1309.4962500000004 291.50000000000006 2.5000000000000004 186.50000000000003 22.500000000000004 706.50000000000011
decision_type=8 8 2 10 10 10
left_child=2 3 5 4 -2 -1
right_child=1 -3 -4 -5 -6 -7
leaf_value=0.012089885196034295 -0.034911113322628209 0.0070914846718153571 0.056401778166830889 0.00052238458248730305 -0.014160855889568653 0.036895359143453842
leaf_weight=1813.2373128980398 1885.0121854841709 1495.6115936040878 516.54982733726501 737.74315632879734 1377.0420784652233 745.74550749361515
leaf_count=4580 9376 5806 372 2907 6374 1697
internal_value=0.000533338 -0.0135488 0.0256766 -0.0212658 -0.0261867 0.0193766
internal_weight=8570.94 5495.41 3075.53 3999.8 3262.05 2558.98
internal_count=31112 24463 6649 18657 15750 6277
is_linear=0
shrinkage=0.05


Tree=18
num_leaves=7
num_cat=0
split_feature=35 30 37 14 36 15
split_gain=936.834 299.822 216.916 194.153 137.599 128.009
threshold=2846.2472222222227 2.5000000000000004 0.44949494949494956 1.0000000180025095e-35 5118.1291666666675 375.50000000000006
decision_type=8 2 2 8 10 10
left_child=1 2 -1 -2 -5 -3
right_child=3 5 -4 4 -6 -7
leaf_value=-0.015151155311338772 -0.034143948173096864 0.028062893457186752 0.014110321939138524 -0.0046702301764700097 -0.033082213294385154 0.069951664547468775
leaf_weight=822.29630990326405 1332.2906533926725 908.1705646365881 2702.1298187226057 2038.9468671828508 534.50408732891083 228.92082878947258
leaf_count=2621 6839 1421 8124 9275 2643 239
internal_value=-0.000630025 0.0144976 0.00727143 -0.0186804 -0.0106241 0.0367653
internal_weight=8567.26 4661.52 3524.43 3905.74 2573.45 1137.09
internal_count=31162 12405 10745 18757 11918 1660
is_linear=0
shrinkage=0.05


Tree=19
num_leaves=7
num_cat=0
split_feature=35 0 29 23 24 4
split_gain=915.866 323.619 254.221 161.005 156.241 128.723
threshold=1309.4962500000004 28.500000000000004 2.5000000000000004 0.59422853758702432 14.500000000000002 2183.5000000000005
decision_type=8 8 2 10 10 10
left_child=2 4 3 -1 -2 -6
right_child=1 -3 -4 -5 5 -7
leaf_value=0.041073581149817358 -0.041740716755545915 0.0011698899575490731 0.053899805896374976 0.0088967040074583604 -0.038457779590150849 -0.0099650574471761635
leaf_weight=473.2880991101265 848.03365701436996 2329.9335130304098 494.94170255959034 2102.9704182893038 511.23243603110313 1734.1816371977329
leaf_count=1021 4529 9570 377 5215 2580 7765
internal_value=-0.000554505 -0.012906 0.0212424 0.0148761 -0.0234925 -0.0165233
internal_weight=8494.58 5423.38 3071.2 2576.26 3093.45 2245.41
internal_count=31057 24444 6613 6236 14874 10345
is_linear=0
shrinkage=0.05


Tree=20
num_leaves=7
num_cat=0
split_feature=35 24 37 2 2 35
split_gain=754.377 387.734 193.654 162.958 162.529 144.59
threshold=1187.8637500000002 706.50000000000011 0.25833333333333336 260.50000000000006 2606.5000000000005 14.189861111111112
decision_type=8 8 2 10 10 10
left_child=4 2 -2 -4 -1 -6
right_child=1 -3 3 -5 5 -7
leaf_value=0.035893247196443392 -0.032059070447978233 0.028901588903652183 -0.028838967259097983 -0.0039983184064354676 0.052077197348738113 0.0060084795163248481
leaf_weight=1078.5186060220003 1288.3134363442659 543.87568463385105 848.55372761189938 2924.4924129992723 186.81612020730972 1538.3664555996656
leaf_count=2322 6544 1796 4275 12425 77 3609
internal_value=-0.000448561 -0.0110383 -0.0153544 -0.00961572 0.0207048 0.0111332
internal_weight=8408.94 5605.24 5061.36 3773.05 2803.7 1725.18
internal_count=31048 25040 23244 16700 6008 3686
is_linear=0
shrinkage=0.05


Tree=21
num_leaves=7
num_cat=0
split_feature=35 38 21 25 11 24
split_gain=787.621 254.753 178.075 191.783 135.954 124.265
threshold=2846.2472222222227 1.0000000180025095e-35 0.48758930771125897 0.53495778403199534 58.500000000000007 452.50000000000006
decision_type=8 2 10 10 10 10
left_child=1 -1 3 -2 -4 -5
right_child=2 -3 4 5 -6 -7
leaf_value=0.0034981085298071962 0.04038140561763872 0.027198091950918796 -0.035499362273618176 -0.016951057403387922 -0.0047821632473533859 0.022093504754237703
leaf_weight=2648.6039342433214 193.71972294151783 1979.9113302379847 1430.1263171285391 1460.3703403770924 483.23443652689457 232.28812137246132
leaf_count=11086 872 1319 7649 7165 2207 897
internal_value=-0.000187942 0.0136545 -0.0170454 -0.00611854 -0.0277742 -0.0115436
internal_weight=8428.25 4628.52 3799.74 1886.38 1913.36 1692.66
internal_count=31195 12405 18790 8934 9856 8062
is_linear=0
shrinkage=0.05


Tree=22
num_leaves=7
num_cat=0
split_feature=38 36 15 24 24 4
split_gain=693.381 350.934 192.355 156.47 115.341 101.704
threshold=1.0000000180025095e-35 3513.7331944444445 155.50000000000003 96.500000000000014 863.50000000000011 141674.50000000003
decision_type=2 8 8 10 10 10
left_child=1 4 3 -2 -1 -3
right_child=2 5 -4 -5 -6 -7
leaf_value=-0.0030072953719134593 -0.0058783283072336642 -0.027529073373114572 0.04466815356001605 0.026700760287743736 0.021906586628510968 0.020902582171499214
leaf_weight=3471.5986987948418 610.83537124097347 1983.6765417456627 747.21867839992046 918.3005506247282 531.20832027494907 111.1242408156395
leaf_count=15535 558 11139 549 568 2146 560
internal_value=0.000430265 -0.00836164 0.0239476 0.0137098 0.000322205 -0.0249162
internal_weight=8373.96 6097.61 2276.35 1529.14 4002.81 2094.8
internal_count=31055 29380 1675 1126 17681 11699
is_linear=0
shrinkage=0.05


Tree=23
num_leaves=7
num_cat=0
split_feature=35 16 23 21 36 2
split_gain=680.633 275.105 169.842 155.608 135.884 121.132
threshold=1244.207916666667 291.50000000000006 12.99467867376177 0.6250428375599727 3513.7331944444445 3761.5000000000005
decision_type=8 8 10 10 10 10
left_child=2 3 5 4 -2 -1
right_child=1 -3 -4 -5 -6 -7
leaf_value=0.027952734427784703 -0.0051535100063845804 0.0070186354659233664 0.074421906641350385 -0.033781267019979043 -0.030766045793599456 0.0070745430707235494
leaf_weight=1257.5448344647884 2082.0932661145926 1548.3179936259985 127.8299014121294 1099.3380055725574 685.53144505620003 1555.1054970920086
leaf_count=2834 9400 5960 118 5720 3624 3393
internal_value=-0.000261995 -0.0107752 0.0190849 -0.0178996 -0.0115417 0.0164423
internal_weight=8355.76 5415.28 2940.48 3866.96 2767.62 2812.65
internal_count=31049 24704 6345 18744 13024 6227
is_linear=0
shrinkage=0.05


Tree=24
num_leaves=7
num_cat=0
split_feature=35 38 4 15 20 12
split_gain=697.676 278.208 165.5 152 135.141 120.866
threshold=2818.6045833333342 1.0000000180025095e-35 2364.5000000000005 192.50000000000003 0.66678090015992697 20.500000000000004
decision_type=8 2 8 10 10 10
left_child=1 -1 5 -3 -4 -2
right_child=2 3 4 -5 -6 -7
leaf_value=0.0028745807949870947 -0.048855179817865559 0.019184540001717307 -0.0069407497997723243 0.05043334819125822 -0.047194098408555166 -0.0059967175861567685
leaf_weight=2592.067658662796 541.98232726752758 1433.9785467237234 2721.7407074868679 535.83619093894958 221.13623444736004 237.4571585804224
leaf_count=10849 3177 954 13167 375 1281 1278
internal_value=0.000551684 0.0136522 -0.0155004 0.0277911 -0.0100404 -0.0359197
internal_weight=8284.2 4561.88 3722.32 1969.81 2942.88 779.439
internal_count=31081 12178 18903 1329 14448 4455
is_linear=0
shrinkage=0.05


Tree=25
num_leaves=7
num_cat=0
split_feature=35 28 16 21 25 4
split_gain=508.691 189 182.404 172.612 176.78 144.546
threshold=2846.2472222222227 2.5000000000000004 558.50000000000011 0.46963109354413707 0.53194581890153392 120754.50000000001
decision_type=8 2 10 10 10 10
left_child=1 2 -1 4 -2 -4
right_child=3 -3 5 -5 -6 -7
leaf_value=0.00089632735827242793 0.043612032301594598 0.050343712507535048 0.033376490030544888 -0.024469442161738939 -0.0081559710318970385 -0.00068576247655161276
leaf_weight=2848.6264070123434 178.97623006999493 279.56358405947685 988.34186945855618 1914.8219275325537 1587.7867344617844 453.42972852289677
leaf_count=8423 798 161 2463 10209 7750 1259
internal_value=-0.000268933 0.0108687 0.00824084 -0.01409 -0.0028035 0.0226987
internal_weight=8251.55 4569.96 4290.4 3681.58 1766.76 1441.77
internal_count=31063 12306 12145 18757 8548 3722
is_linear=0
shrinkage=0.05


Tree=26
num_leaves=7
num_cat=0
split_feature=35 4 36 29 37 15
split_gain=525.79 263.746 176.023 132.863 133.021 126.752
threshold=1244.207916666667 2364.5000000000005 5118.1291666666675 2.5000000000000004 0.28991596638655465 64.500000000000014
decision_type=8 8 10 2 2 8
left_child=3 -2 5 4 -1 -3
right_child=1 2 -4 -5 -6 -7
leaf_value=-0.038343377942736304 -0.034722738565553336 -0.0067875504973296157 -0.028081792250287022 0.042143554734342996 0.015266515830680278 0.012374458170864629
leaf_weight=117.03813508152962 844.49892714619637 2499.2040644586086 658.93868073821068 448.95256270468235 2334.3525826781988 1311.8097893744707
leaf_count=229 4850 11467 3487 382 5745 4947
internal_value=0.000160766 -0.00918217 -0.00432344 0.0172667 0.0126342 -0.00018412
internal_weight=8214.79 5314.45 4469.95 2900.34 2451.39 3811.01
internal_count=31107 24751 19901 6356 5974 16414
is_linear=0
shrinkage=0.05


Tree=27
num_leaves=7
num_cat=0
split_feature=37 34 16 24 22 23
split_gain=452.575 387.447 168.877 129.323 189.112 124.581
threshold=0.37797619047619052 5289.063472222223 958.50000000000011 81.500000000000014 6.1578001033898904 5.0353701788701182
decision_type=2 8 8 10 10 10
left_child=5 2 3 4 -2 -1
right_child=1 -3 -4 -5 -6 -7
leaf_value=-0.020933331754557926 -0.010742976137351 -0.024680721470356961 0.03392279514752853 0.014586209200692838 0.048419671530272705 0.035160005110928649
leaf_weight=2233.1978306919336 1197.7768648564816 800.95959050953388 783.27278327941895 2940.6444069296122 147.18961653113365 99.158442452549934
leaf_count=10869 4426 4673 1859 8593 266 359
internal_value=0.000130541 0.00753418 0.0126439 0.00871982 -0.00411301 -0.0184785
internal_weight=8202.2 5869.84 5068.88 4285.61 1344.97 2332.36
internal_count=31045 19817 15144 13285 4692 11228
is_linear=0
shrinkage=0.05


Tree=28
num_leaves=7
num_cat=0
split_feature=28 4 35 36 8 37
split_gain=414.575 239.597 166.325 147.402 139.773 110.164
threshold=1.0000000180025095e-35 2364.5000000000005 15925.140833333337 20.552777777777781 1.5000000000000002 0.56125000000000014
decision_type=2 10 10 10 10 2
left_child=1 -1 5 -2 -5 -3
right_child=3 2 -4 4 -6 -7
leaf_value=-0.031752230363563762 0.045824170133020925 -0.0067902866503833717 -0.051787905455030009 -0.023381596322258058 0.017623374967653298 0.008817863426816978
leaf_weight=826.53549802303314 397.57454970479012 3088.7839228212833 162.33703348040581 234.20609669387341 1605.6366671919823 1776.5554306060076
leaf_count=5010 312 15541 1044 158 1419 7486
internal_value=0.00010772 -0.00688955 -0.00277471 0.0183906 0.0123544 -0.00108784
internal_weight=8091.63 5854.21 5027.68 2237.42 1839.84 4865.34
internal_count=30970 29081 24071 1889 1577 23027
is_linear=0
shrinkage=0.05


Tree=29
num_leaves=7
num_cat=0
split_feature=38 37 4 18 12 34
split_gain=442.028 223.623 150.331 138.397 135.643 123.177
threshold=1.0000000180025095e-35 0.25833333333333336 2304.5000000000005 28.500000000000004 23.500000000000004 1884.196388888889
decision_type=2 2 10 10 10 10
left_child=1 -1 4 -2 -3 -6
right_child=3 2 -4 -5 5 -7
leaf_value=-0.026522936003358484 0.012565644494340522 -0.041814406980035967 0.0013185254903154437 0.04256341676978817 -0.011183814462958089 0.084838545532919182
leaf_weight=1154.6475541293621 1705.0808163285255 402.64642354846001 4183.0588425844908 494.4906720072031 158.82645416259766 37.012687861919403
leaf_count=6715 1382 2561 19239 259 839 206
internal_value=0.000270208 -0.00682499 -0.0020456 0.0193908 -0.0253749 0.00862427
internal_weight=8135.76 5936.19 4781.54 2199.57 598.486 195.839
internal_count=31201 29560 22845 1641 3606 1045
is_linear=0
shrinkage=0.05


Tree=30
num_leaves=7
num_cat=0
split_feature=35 37 35 21 25 36
split_gain=355.087 191.947 150.743 136.668 153.41 124.466
threshold=5436.9231944444455 0.37797619047619052 228.41652777777782 0.32231329690346094 0.6207423811030266 1.7748611111111112
decision_type=8 2 10 10 10 10
left_child=1 5 -3 4 -2 -1
right_child=3 2 -4 -5 -6 -7
leaf_value=-0.068209560717691922 0.095699165774749462 0.029102458972787255 0.0063023366935263201 -0.022358681384383086 -0.0014027445615238635 -0.0074692535277669572
leaf_weight=87.48242175579071 40.396388903260231 894.93267180025578 3752.6130984276533 1933.0739895105362 389.88840755820274 982.04367129504681
leaf_count=371 164 1012 12513 11290 2017 3687
internal_value=-0.000414446 0.00632486 0.0107193 -0.0166961 0.00870802 -0.0127318
internal_weight=8080.43 5717.07 4647.55 2363.36 430.285 1069.53
internal_count=31054 17583 13525 13471 2181 4058
is_linear=0
shrinkage=0.05


Tree=31
num_leaves=7
num_cat=0
split_feature=35 29 37 36 23 36
split_gain=291.666 189.712 145.9 128.348 128.265 121.928
threshold=5507.604444444446 2.5000000000000004 0.39047619047619053 1.7748611111111112 5.0353701788701182 1005.0658333333334
decision_type=8 2 2 10 8 10
left_child=1 2 3 -1 -2 -5
right_child=4 -3 -4 5 -6 -7
leaf_value=-0.071347039663287509 -0.019881786985651514 0.037546062459804075 0.0072230237286347171 0.01550793381859848 0.014064725590040725 -0.021358291744515139
leaf_weight=83.180552199482918 2033.0258513242006 426.21536703407764 4186.6294264346361 343.83737921714783 318.61854077875614 625.07412029802799
leaf_count=371 11907 379 13110 1103 1567 2657
internal_value=-0.000478745 0.00566632 0.0030393 -0.0135646 -0.0152624 -0.00826313
internal_weight=8016.58 5664.94 5238.72 1052.09 2351.64 968.911
internal_count=31094 17620 17241 4131 13474 3760
is_linear=0
shrinkage=0.05


Tree=32
num_leaves=7
num_cat=0
split_feature=37 30 34 19 24 12
split_gain=305.583 207.482 128.344 143.918 115.783 104.764
threshold=0.25833333333333336 2.5000000000000004 6445.748611111112 4.5000000000000009 27.500000000000004 349.50000000000006
decision_type=2 2 8 10 10 10
left_child=4 2 -2 -4 -1 -3
right_child=1 5 3 -5 -6 -7
leaf_value=-0.045216039401265007 0.0037879483690602851 0.040089407138327052 0.0083143119638189097 -0.035509704353457898 -0.012274880376021756 0.0066210730006803723
leaf_weight=380.08675913512707 4962.927084967494 548.99266774952412 309.20455506443977 464.18493875861168 887.68304277956486 408.59552876651287
leaf_count=2382 17987 755 1909 2851 4391 801
internal_value=0.000169209 0.0044362 0.000830825 -0.0180478 -0.0222897 0.0259173
internal_weight=7961.67 6693.9 5736.32 773.389 1267.77 957.588
internal_count=31076 24303 22747 4760 6773 1556
is_linear=0
shrinkage=0.05


Tree=33
num_leaves=7
num_cat=0
split_feature=35 0 4 32 36 36
split_gain=370.458 220.893 140.083 121.544 108.368 209.399
threshold=1187.8637500000002 33.500000000000007 14433.000000000002 2.5000000000000004 4824.6498611111119 3970.1341666666672
decision_type=8 10 10 2 10 10
left_child=2 -2 -1 -4 5 -3
right_child=1 4 3 -5 -6 -7
leaf_value=0.033942267213772283 -0.016592715694006322 0.0051349820013571945 0.0034374591659282481 0.039678424414402717 -0.025408550904385936 0.091886412596158595
leaf_weight=707.86197343468666 3014.4405237734318 1858.2622853219509 1778.9275355637074 261.16166597604752 265.34367109835148 67.308204114437103
leaf_count=1387 15987 7346 4450 157 1442 168
internal_value=1.65118e-05 -0.00782246 0.0148529 0.00816251 0.00425468 0.0083975
internal_weight=7953.31 5205.35 2747.95 2040.09 2190.91 1925.57
internal_count=30937 24943 5994 4607 8956 7514
is_linear=0
shrinkage=0.05


Tree=34
num_leaves=7
num_cat=0
split_feature=37 29 34 19 28 21
split_gain=295.41 185.487 139.82 146.012 94.993 94.9384
threshold=0.25833333333333336 2.5000000000000004 6167.0768055555573 4.5000000000000009 1.5000000000000002 0.68895663956639575
decision_type=2 2 8 10 2 10
left_child=4 2 -2 5 -1 -4
right_child=1 -3 3 -5 -6 -7
leaf_value=-0.025391524050428382 0.0041725393083281541 0.036901110757601385 0.026100861895435534 -0.036098389973592895 0.049420471194595278 -0.033007347303245088
leaf_weight=1221.1423717886209 5570.919606372714 385.71966025233269 216.31514751911163 462.80278439074755 39.451902613043785 93.212943598628044
leaf_count=6821 18986 358 1303 2914 22 620
internal_value=-0.000701128 0.00346476 0.0014041 -0.0184634 -0.0228642 0.00805895
internal_weight=7989.56 6728.97 6343.25 772.331 1260.59 309.528
internal_count=31024 24181 23823 4837 6843 1923
is_linear=0
shrinkage=0.05


Tree=35
num_leaves=7
num_cat=0
split_feature=37 38 16 20 4 12
split_gain=260.348 169.59 126.942 118.908 107.51 130.489
threshold=0.25833333333333336 1.0000000180025095e-35 1163.5000000000002 0.3112159329140462 2039.5000000000002 51.500000000000007
decision_type=2 2 8 10 10 10
left_child=-1 4 3 -3 5 -2
right_child=1 2 -4 -5 -6 -7
leaf_value=-0.02123307144410511 -0.034695398243179104 0.01884302138997088 0.044636361790886599 -0.010650837559078939 0.0010828241151483993 0.028875568535657033
leaf_weight=1254.1325153633952 425.81102708727121 1163.4135642796755 316.7561909109354 479.1969323605299 4161.4588349014521 95.311388954520226
leaf_count=6852 2785 784 323 432 19347 497
internal_value=-0.000386397 0.00356288 0.0158939 0.0102326 -0.00160831 -0.0229046
internal_weight=7896.08 6641.95 1959.37 1642.61 4682.58 521.122
internal_count=31020 24168 1539 1216 22629 3282
is_linear=0
shrinkage=0.05


Tree=36
num_leaves=7
num_cat=0
split_feature=38 15 37 31 21 3
split_gain=312.919 181.712 101.425 86.6179 80.799 74.8455
threshold=1.0000000180025095e-35 1.0000000180025095e-35 0.25833333333333336 1.5000000000000002 0.5549813972715999 530.50000000000011
decision_type=2 10 2 2 10 10
left_child=1 -1 -3 4 -2 -4
right_child=3 2 5 -5 -6 -7
leaf_value=-0.029973324602055203 0.030816665445478883 -0.017732027811750942 -0.016772682029842317 -0.0008138716232336089 0.0069672687238602708 0.0036429362785567673
leaf_weight=643.53581205010414 1085.514903113246 838.66761636734009 504.17560723423958 497.89242303371429 531.91228753328323 3790.6581072807312
leaf_count=4199 902 5084 2980 158 590 17281
internal_value=0.000990957 -0.00503484 -0.00188242 0.0174207 0.0230191 0.00122961
internal_weight=7892.36 5777.04 5133.5 2115.32 1617.43 4294.83
internal_count=31194 29544 25345 1650 1492 20261
is_linear=0
shrinkage=0.05


Tree=37
num_leaves=7
num_cat=0
split_feature=15 22 34 37 23 16
split_gain=241.143 179.666 126.112 107.66 101.699 96.2232
threshold=1.0000000180025095e-35 35.665644235385699 10765.585138888891 0.37797619047619052 5.0353701788701182 958.50000000000011
decision_type=8 8 8 2 10 10
left_child=-1 2 3 4 -2 -5
right_child=1 -3 -4 5 -6 -7
leaf_value=-0.028344203597378648 -0.010102350798452474 0.063239266203269848 -0.022708254431238101 0.0041271310680891871 0.046062957854966328 0.02388684829242349
leaf_weight=693.39020302146673 1655.0133751779795 114.47742430120707 498.4952214807272 4064.6457065790892 79.805356472730637 721.92730087041855
leaf_count=4217 7993 252 3230 13059 266 1902
internal_value=-0.000303448 0.00243978 0.00140398 0.00326311 -0.00739367 0.00712918
internal_weight=7827.75 7134.36 7019.89 6521.39 1734.82 4786.57
internal_count=30919 26702 26450 23220 8259 14961
is_linear=0
shrinkage=0.05


Tree=38
num_leaves=7
num_cat=0
split_feature=38 24 20 36 16 14
split_gain=229.009 171.329 126.919 122.268 102.035 83.2745
threshold=1.0000000180025095e-35 16.500000000000004 0.087001221801710535 5118.1291666666675 666.50000000000011 14.500000000000002
decision_type=2 8 10 10 10 8
left_child=1 -1 5 -3 -4 -2
right_child=2 3 4 -5 -6 -7
leaf_value=-0.024533419792186834 0.012971911812915769 0.0016609369953581674 -0.004464128414412869 -0.024187764453964575 0.025396791940723036 0.044762773523954615
leaf_weight=926.60806441307068 405.71550185978413 4283.6069530844688 939.92913998663425 507.12599332630634 405.53841514885426 425.75086738169193
leaf_count=5998 295 20128 746 3285 341 292
internal_value=0.000341529 -0.004914 0.0141239 -0.00109766 0.00459698 0.0294206
internal_weight=7894.27 5717.34 2176.93 4790.73 1345.47 831.466
internal_count=31085 29411 1674 23413 1087 587
is_linear=0
shrinkage=0.05


Tree=39
num_leaves=7
num_cat=0
split_feature=15 15 27 23 37 2
split_gain=234.107 130.953 111.324 89.3082 87.0237 100.573
threshold=108.50000000000001 1.0000000180025095e-35 2.5000000000000004 5.936436594464511 0.34848484848484856 3761.5000000000005
decision_type=8 8 2 8 2 10
left_child=1 -1 -3 4 -2 -6
right_child=3 2 -4 -5 5 -7
leaf_value=-0.026566534897557205 -0.020377158272856442 -0.0039883972173854034 0.061716127915115992 0.047141004470796902 0.029164616042252473 0.0044226496802607521
leaf_weight=672.12691666930914 201.41184984147549 4968.9271020591259 60.325452998280525 176.42524963617325 666.28369692713022 1063.855279058218
leaf_count=4244 794 20832 29 362 1649 3204
internal_value=-0.000658262 -0.00592237 -0.00313976 0.0135597 0.0103787 0.0140075
internal_weight=7809.36 5701.38 5029.25 2107.98 1931.55 1730.14
internal_count=31114 25105 20861 6009 5647 4853
is_linear=0
shrinkage=0.05


Tree=40
num_leaves=7
num_cat=0
split_feature=37 16 21 19 1 10
split_gain=197.126 138.584 153.4 123.825 154.288 117.975
threshold=0.25833333333333336 558.50000000000011 0.6002056202878685 13.500000000000002 2043.5000000000002 190.50000000000003
decision_type=2 8 10 10 10 10
left_child=-1 2 5 -3 -5 -2
right_child=1 3 -4 4 -6 -7
leaf_value=-0.019275570135189251 0.0019791328561118188 0.045064266500837877 -0.01544907769721615 0.025044143496482558 -0.0072746879127376504 0.043198988689160479
leaf_weight=1179.9631978496909 3290.0941311344504 280.52851539850235 1394.7057942599058 739.37777999043465 729.37827444076538 178.29667548835278
leaf_count=6861 12752 850 6160 1943 2104 519
internal_value=-0.00049482 0.00286859 -0.00147583 0.0149161 0.00902451 0.00415722
internal_weight=7792.34 6612.38 4863.1 1749.28 1468.76 3468.39
internal_count=31189 24328 19431 4897 4047 13271
is_linear=0
shrinkage=0.05


Tree=41
num_leaves=7
num_cat=0
split_feature=38 4 35 20 35 12
split_gain=222.769 159.257 109.952 93.7998 98.7037 82.8725
threshold=1.0000000180025095e-35 2183.5000000000005 15925.140833333337 0.14534044362871279 110.55194444444446 25.500000000000004
decision_type=2 10 10 10 8 10
left_child=1 5 -3 -2 -5 -1
right_child=3 2 -4 4 -6 -7
leaf_value=-0.039388123910971039 0.024941549690515631 -0.00020226076251852115 -0.045182316803396239 0.026382548600455927 -0.0064161317622614296 -0.002546775667901997
leaf_weight=453.71508171409369 1055.4744058102369 4866.1333988979459 134.76762162894011 329.04985764622688 727.79131592810154 229.8607864677906
leaf_count=3337 751 23772 1072 171 720 1341
internal_value=0.000588961 -0.00456392 -0.00145833 0.014434 0.00387195 -0.0271082
internal_weight=7796.79 5684.48 5000.9 2112.32 1056.84 683.576
internal_count=31164 29522 24844 1642 891 4678
is_linear=0
shrinkage=0.05


Tree=42
num_leaves=7
num_cat=0
split_feature=34 37 16 25 35 8
split_gain=173.025 159.601 113.214 85.7862 83.0376 97.8189
threshold=5507.9051388888902 0.37797619047619052 958.50000000000011 0.84745014160151777 14711.324027777779 2.5000000000000004
decision_type=8 2 10 10 10 10
left_child=1 3 -3 -1 5 -2
right_child=4 2 -4 -5 -6 -7
leaf_value=-0.0062821451614572107 0.010853656571497738 0.0047446832664854331 0.02579274934604614 -0.046316457175743328 -0.049677820535738347 -0.02359832703572827
leaf_weight=1590.6970890015364 307.70189967006445 4244.3964811265469 747.90249225497246 141.40638488531113 170.35683900862932 604.17315947264433
leaf_count=7692 2054 13503 1877 697 1385 4007
internal_value=0.000394692 0.00338456 0.00792057 -0.0096744 -0.0181128 -0.0119771
internal_weight=7806.63 6724.4 4992.3 1732.1 1082.23 911.875
internal_count=31215 23769 15380 8389 7446 6061
is_linear=0
shrinkage=0.05


Tree=43
num_leaves=7
num_cat=0
split_feature=15 21 29 21 3 4
split_gain=193.465 167.232 96.9846 87.4147 82.8284 82.328
threshold=115.50000000000001 0.6002056202878685 2.5000000000000004 0.95920722135007852 10066.500000000002 2183.5000000000005
decision_type=8 10 2 10 10 10
left_child=1 2 5 -3 -2 -1
right_child=4 3 -4 -5 -6 -7
leaf_value=-0.019933642395355139 0.025636405348165494 -0.02482514602189928 0.045697894746543878 0.0085578562232877606 0.0044359375088996456 0.00087086512186645027
leaf_weight=543.49848517030478 728.13813218474388 1314.0448880791664 104.88629223406315 227.78533183783293 1247.0586714595556 3571.5554085597396
leaf_count=3344 1869 6639 79 952 3757 14415
internal_value=-0.00118853 -0.00581793 -0.000662093 -0.0198815 0.0122963 -0.00189776
internal_weight=7736.97 5761.77 4219.94 1541.83 1975.2 4115.05
internal_count=31055 25429 17838 7591 5626 17759
is_linear=0
shrinkage=0.05


Tree=44
num_leaves=7
num_cat=0
split_feature=21 28 10 16 25 12
split_gain=144.647 142.485 114.489 114.379 98.548 87.3517
threshold=0.6002056202878685 2.5000000000000004 151.50000000000003 291.50000000000006 0.52225760792639786 61.500000000000007
decision_type=10 2 8 10 10 10
left_child=1 2 -1 5 -4 -2
right_child=3 -3 4 -5 -6 -7
leaf_value=0.0012412047671481305 -0.033740049798153898 0.055240485330163382 0.069930610550493086 0.0017791083646794997 0.011431559776232988 -0.0074939991482227521
leaf_weight=4952.5929056927562 628.30221715569496 129.48802109062672 107.11999651789665 1039.8274443894625 208.16521178930998 642.13694710284472
leaf_count=20120 4090 75 257 3267 603 2655
internal_value=-6.4625e-05 0.00441658 0.0031161 -0.0105208 0.0320884 -0.0205555
internal_weight=7707.63 5397.37 5267.88 2310.27 315.285 1270.44
internal_count=31067 21055 20980 10012 860 6745
is_linear=0
shrinkage=0.05


Tree=45
num_leaves=7
num_cat=0
split_feature=16 31 34 21 38 4
split_gain=170.263 164.99 143.718 99.6295 97.2371 74.114
threshold=325.50000000000006 1.5000000000000002 12.344305555555557 0.6250428375599727 1.0000000180025095e-35 25782.500000000004
decision_type=8 2 8 8 2 10
left_child=1 2 -1 -4 -2 -6
right_child=4 -3 3 -5 5 -7
leaf_value=0.018523107399974176 0.0027105852450955838 -0.051741595531201973 -0.0024060497185119326 -0.02067567818020415 0.038724323836580886 0.011831855066682131
leaf_weight=624.74405054748058 1883.2925910502672 180.60282081365585 2816.0583121404052 1011.0602564960718 391.07668907940388 745.85351312160492
leaf_count=272 8197 60 15257 6425 359 525
internal_value=0.000470933 -0.00554913 -0.00361926 -0.00725326 0.00969852 0.0212113
internal_weight=7652.69 4632.47 4451.86 3827.12 3020.22 1136.93
internal_count=31095 22014 21954 21682 9081 884
is_linear=0
shrinkage=0.05


Tree=46
num_leaves=7
num_cat=0
split_feature=37 16 19 35 18 24
split_gain=167.257 104.814 136.873 141.625 103.832 99.2267
threshold=0.25833333333333336 728.50000000000011 14.500000000000002 2507.8823611111115 5.5000000000000009 27.500000000000004
decision_type=2 8 10 8 10 10
left_child=5 -2 -3 4 -4 -1
right_child=1 2 3 -5 -6 -7
leaf_value=-0.040643175086776201 0.00031936827771355354 0.053843169222844191 -0.022631228814315753 -0.0342005945306929 0.024684228552903933 -0.0079794245900122966
leaf_weight=322.70584202557802 5258.0154098719358 200.59630540013313 134.3053690046072 155.2834732234478 710.20233811438084 812.3668095767498
leaf_count=2405 20881 527 368 635 1742 4420
internal_value=0.000253926 0.00336828 0.0166666 0.00897677 0.0170706 -0.0174034
internal_weight=7593.48 6458.4 1200.39 999.791 844.508 1135.07
internal_count=30978 24153 3272 2745 2110 6825
is_linear=0
shrinkage=0.05


Tree=47
num_leaves=7
num_cat=0
split_feature=14 23 37 12 1 24
split_gain=162.874 114.688 121.483 100.675 85.485 75.6082
threshold=1.0000000180025095e-35 5.0353701788701182 0.73385416666666681 26.500000000000004 8172.5000000000009 233.50000000000003
decision_type=8 8 2 10 10 10
left_child=3 2 -2 4 -1 -3
right_child=1 5 -4 -5 -6 -7
leaf_value=-0.02685844050517049 -0.0018697350012027462 0.036741761346639402 0.015923527995929301 0.0022772940362705998 0.048967355475505847 -0.015488622045267533
leaf_weight=940.29890080541372 4477.3873428553343 385.86287780851126 1215.5679324194789 582.16003638505936 34.230110816657543 81.266165763139725
leaf_count=5707 17629 1186 3449 2635 128 294
internal_value=0.000252351 0.00390582 0.00194015 -0.0141713 -0.0239587 0.0275875
internal_weight=7716.77 6160.08 5692.96 1556.69 974.529 467.129
internal_count=31028 22558 21078 8470 5835 1480
is_linear=0
shrinkage=0.05


Tree=48
num_leaves=7
num_cat=0
split_feature=34 37 36 11 4 19
split_gain=131.568 103.909 98.6624 93.7531 91.9668 88.8078
threshold=5507.9051388888902 0.37797619047619052 1.7748611111111112 356.50000000000006 19294.500000000004 4.5000000000000009
decision_type=8 2 8 10 10 10
left_child=1 2 -1 5 -3 -2
right_child=3 4 -4 -5 -6 -7
leaf_value=-0.059187138526039434 -0.0038108089441060014 0.016556716157909334 -0.0052099950740917981 0.05798517129059793 0.001702389916051722 -0.033534724657052761
leaf_weight=84.417419299483299 479.46960539370775 1498.5952256172895 1625.7437443584204 35.900488615036011 3398.5699456185102 526.39297337085009
leaf_count=370 3493 4499 8047 208 10688 3748
internal_value=-5.15335e-05 0.00255587 -0.0080392 -0.0165221 0.00626025 -0.019455
internal_weight=7649.09 6607.33 1710.16 1041.76 4897.17 1005.86
internal_count=31053 23604 8417 7449 15187 7241
is_linear=0
shrinkage=0.05


Tree=49
num_leaves=7
num_cat=0
split_feature=38 24 36 1 36 36
split_gain=130.393 109.969 88.5693 107.807 200.814 88.5322
threshold=1.0000000180025095e-35 19.500000000000004 20.552777777777781 2720.5000000000005 1355.913888888889 4917.4005555555568
decision_type=2 10 10 10 10 10
left_child=1 -1 -2 4 -4 -3
right_child=2 5 3 -5 -6 -7
leaf_value=-0.018821217403508856 0.033065049290210889 0.0020847888269097275 0.027896909829089128 -0.011285746331403867 -0.01941702658670284 -0.019864451170309994
leaf_weight=978.60167288035154 368.95949524641037 4064.6448226869106 825.18368259072304 579.98212892562151 303.22560158371925 512.87536430358887
leaf_count=6817 399 19074 650 403 235 3554
internal_value=0.000343292 -0.00365314 0.0110153 0.00617067 0.0151532 -0.000393443
internal_weight=7633.47 5556.12 2077.35 1708.39 1128.41 4577.52
internal_count=31132 29445 1687 1288 885 22628
is_linear=0
shrinkage=0.05


Tree=50
num_leaves=7
num_cat=0
split_feature=15 22 27 4 16 37
split_gain=142.703 116.023 96.6697 85.9816 73.175 97.3233
threshold=1.0000000180025095e-35 35.665644235385699 2.5000000000000004 2364.5000000000005 74.500000000000014 0.73385416666666681
decision_type=8 8 2 10 10 2
left_child=-1 2 3 -2 -5 -6
right_child=1 -3 -4 4 5 -7
leaf_value=-0.022363610053463209 -0.017134866591086467 0.050468482001825243 0.058462226672859011 0.014050234271702523 -0.0040130094684810158 0.011961114149486203
leaf_weight=635.44312097877264 602.5626752898097 117.8035975843668 68.514317214488983 1129.8387051969767 3789.2229974716902 1268.5546904802322
leaf_count=4271 3558 266 41 4999 14463 3582
internal_value=0.000225028 0.00229702 0.00143348 0.000815449 0.00257591 1.35898e-06
internal_weight=7611.94 6976.5 6858.69 6790.18 6187.62 5057.78
internal_count=31180 26909 26643 26602 23044 18045
is_linear=0
shrinkage=0.05


Tree=51
num_leaves=7
num_cat=0
split_feature=21 29 0 37 8 21
split_gain=113.561 119.027 104.272 79.7557 81.7263 95.8456
threshold=0.6002056202878685 2.5000000000000004 27.500000000000004 0.21111111111111114 18.500000000000004 0.37936578334626903
decision_type=10 2 10 2 10 8
left_child=1 3 -2 -1 5 -5
right_child=2 -3 -4 4 -6 -7
leaf_value=-0.018106578387814064 -0.024174132755689262 0.044472597083817594 -0.0019176330906194577 0.0020383739167745408 -0.0020653367994846431 0.024009590090961996
leaf_weight=454.14988858252764 837.68391865491867 163.67124686390162 1403.9993704110384 1185.8021346777678 2645.7109069526196 850.01413631439209
leaf_count=2867 4995 170 4981 5058 9321 3593
internal_value=-0.000848692 0.00314249 -0.0102698 0.00178334 0.0037301 0.0112484
internal_weight=7541.03 5299.35 2241.68 5135.68 4681.53 2035.82
internal_count=30985 21009 9976 20839 17972 8651
is_linear=0
shrinkage=0.05


Tree=52
num_leaves=7
num_cat=0
split_feature=35 23 24 12 34 22
split_gain=132.283 107.443 134.512 117.396 191.82 175.707
threshold=15925.140833333337 5.936436594464511 85.500000000000014 22.500000000000004 1884.196388888889 1.0720487265222964
decision_type=10 8 10 10 10 10
left_child=1 2 3 -1 -5 -6
right_child=-2 -3 -4 4 5 -7
leaf_value=-0.021629232977869874 -0.04625496262171739 0.02366758949151412 0.0043150903678122587 -0.010377242413306452 0.063675190685014066 -0.0071464407158224191
leaf_weight=1191.632336743176 150.56366169452667 457.59762965142727 4267.5695662125945 1169.6985509991646 188.53162606805563 158.29665280878544
leaf_count=7010 1405 1674 14421 4429 1134 939
internal_value=-0.000622844 0.000331916 -0.00121473 -0.00992061 -0.000679553 0.0317091
internal_weight=7583.89 7433.33 6975.73 2708.16 1516.53 346.828
internal_count=31012 29607 27933 13512 6502 2073
is_linear=0
shrinkage=0.05


Tree=53
num_leaves=7
num_cat=0
split_feature=27 24 22 23 34 3
split_gain=120.975 122.445 143.592 115.892 111.845 76.747
threshold=2.5000000000000004 872.50000000000011 0.47855165747156397 5.936436594464511 10765.585138888891 15097.500000000002
decision_type=2 8 10 10 8 10
left_child=1 3 -3 4 -1 -4
right_child=-2 2 5 -5 -6 -7
leaf_value=-0.0023329464516883762 0.058159391209977165 0.04780665165603503 -0.0091969797195535861 0.022234460255436669 -0.027192474797881706 0.035179672030613028
leaf_weight=5825.9687139317393 84.272657305002213 266.15002664923668 366.02534449100494 436.44209678471088 485.68511756509542 127.15413081645966
leaf_count=23244 48 769 1089 1648 3875 398
internal_value=0.000297575 -0.000390214 0.0185779 -0.00253677 -0.00426591 0.00248269
internal_weight=7591.7 7507.43 759.33 6748.1 6311.65 493.179
internal_count=31071 31023 2256 28767 27119 1487
is_linear=0
shrinkage=0.05


Tree=54
num_leaves=7
num_cat=0
split_feature=15 21 21 28 2 20
split_gain=120.819 115.013 92.4429 83.117 84.8122 85.1646
threshold=143.50000000000003 0.6002056202878685 0.06277844413982181 2.5000000000000004 14810.000000000002 0.17190050326441789
decision_type=8 10 10 2 10 10
left_child=1 2 -1 4 -4 -6
right_child=-2 -3 3 -5 5 -7
leaf_value=0.064929170131827904 0.012742942731230181 -0.014103923628648174 -0.0025414712270729386 0.055493135233333525 0.04234246636238792 -0.00078251852548128257
leaf_weight=51.82422236353159 1630.8117666095495 1587.563630528748 3852.3996814116836 63.233760610222816 218.07569880783558 234.81028684973717
leaf_count=147 4552 8019 16825 44 675 904
internal_value=0.000695233 -0.00258293 0.00156609 0.00074104 -0.00012657 0.0202188
internal_weight=7638.72 6007.91 4420.34 4368.52 4305.29 452.886
internal_count=31166 26614 18595 18448 18404 1579
is_linear=0
shrinkage=0.05


Tree=55
num_leaves=7
num_cat=0
split_feature=0 21 31 38 16 16
split_gain=99.1094 136.467 118.862 109.969 107.796 71.7148
threshold=25.500000000000004 0.65394327894327908 1.5000000000000002 1.0000000180025095e-35 35.500000000000007 120.50000000000001
decision_type=8 10 2 2 10 10
left_child=1 2 3 -1 -2 -5
right_child=4 -3 -4 5 -6 -7
leaf_value=-0.0045901697909646383 0.034546890450391943 -0.027744552845594052 -0.050154409560372232 0.0023509204693038127 0.0024390419244404503 0.042023169181950863
leaf_weight=1983.8538939356804 274.16176512092352 634.68707409501076 116.61920695006847 224.01813541352749 4129.9857716336846 228.09592071175575
leaf_count=11391 1160 4120 37 214 14104 236
internal_value=-0.000383515 -0.00709304 -0.00191395 0.000493516 0.00447469 0.0226067
internal_weight=7591.42 3187.27 2552.59 2435.97 4404.15 452.114
internal_count=31262 15998 11878 11841 15264 450
is_linear=0
shrinkage=0.05


Tree=56
num_leaves=7
num_cat=0
split_feature=27 37 4 16 15 22
split_gain=123.648 114.914 80.9511 108.508 75.7193 63.6955
threshold=2.5000000000000004 0.73385416666666681 195497.00000000003 116.50000000000001 1.0000000180025095e-35 35.665644235385699
decision_type=2 2 10 10 8 8
left_child=1 4 3 -3 -1 -6
right_child=-2 2 -4 -5 5 -7
leaf_value=-0.021758065426362078 0.057169516997977614 -0.040413614148219118 0.059838953636915972 0.012851049520065159 -0.0030278640521353068 0.036396540702883021
leaf_weight=544.0275380089879 87.262763231992722 98.781677909195423 77.651060342788696 1232.0442421659827 5452.1628919765353 99.429194226861
leaf_count=3932 49 565 209 3497 22754 255
internal_value=-0.000361353 -0.00106798 0.0117787 0.00876096 -0.0040436 -0.00228966
internal_weight=7591.36 7504.1 1408.48 1330.83 6095.62 5551.59
internal_count=31261 31212 4271 4062 26941 23009
is_linear=0
shrinkage=0.05


Tree=57
num_leaves=7
num_cat=0
split_feature=35 21 4 12 35 4
split_gain=103.652 114.328 82.7526 95.3314 99.2187 97.5973
threshold=15925.140833333337 0.06277844413982181 2364.5000000000005 25.500000000000004 1187.8637500000002 1075.0000000000002
decision_type=10 10 10 10 8 10
left_child=1 -1 3 4 -3 -5
right_child=-2 2 -4 5 -6 -7
leaf_value=0.06751441039471627 -0.042516236713531046 0.033807790804136865 0.0013113713471427074 0.03472368615136847 -0.038179107922272214 -0.025565689866358283
leaf_weight=57.413536131381989 140.2879431322217 50.210344158113003 6627.0570803284645 143.47962608933449 409.99644611030817 117.7738054394722
leaf_count=128 1401 89 24953 688 3278 657
internal_value=-0.000692191 0.000128218 -0.000443815 -0.0164643 -0.0300461 0.00757535
internal_weight=7546.22 7405.93 7348.52 721.46 460.207 261.253
internal_count=31194 29793 29665 4712 3367 1345
is_linear=0
shrinkage=0.05


Tree=58
num_leaves=7
num_cat=0
split_feature=15 28 9 36 12 35
split_gain=90.6337 81.3305 76.8656 66.5058 68.2484 138.372
threshold=1.0000000180025095e-35 2.5000000000000004 1386.0000000000002 1.7748611111111112 74.500000000000014 205.22361111111113
decision_type=8 2 8 8 10 8
left_child=-1 2 3 -2 5 -5
right_child=1 -3 -4 4 -6 -7
leaf_value=-0.018275832776526932 -0.027255742427990538 0.032502120618168387 0.05011495231282475 0.040801467561838216 -0.0036970415640991587 0.0035363295789334081
leaf_weight=577.77896029502153 201.2241819947958 210.36483573913574 74.625206038355827 266.72221420705318 3120.554843261838 3010.5945337787271
leaf_count=4205 818 170 169 321 11495 13903
internal_value=0.000658129 0.00225936 0.00128245 0.000692707 0.00159233 0.00662666
internal_weight=7461.86 6884.09 6673.72 6599.1 6397.87 3277.32
internal_count=31081 26876 26706 26537 25719 14224
is_linear=0
shrinkage=0.05


Tree=59
num_leaves=7
num_cat=0
split_feature=27 14 22 24 35 19
split_gain=106.541 96.6512 68.4109 62.5673 84.1244 94.345
threshold=2.5000000000000004 1.0000000180025095e-35 35.665644235385699 706.50000000000011 751.46277777777789 12.500000000000002
decision_type=2 8 8 10 8 10
left_child=1 -1 3 -3 -5 -6
right_child=-2 2 -4 4 5 -7
leaf_value=-0.012350921780408315 0.056256075280464092 -0.0012888112602801143 0.042243624271023655 -0.0048633494901079545 -0.0092346787790759353 0.033495944257241041
leaf_weight=1459.2009187191725 77.580630421638489 4655.2937504574656 98.761182807385921 454.00722678005695 169.88200210034847 510.67885798215866
leaf_count=8524 52 18815 240 997 609 1719
internal_value=-0.000220136 -0.000854279 0.00200265 0.00128038 0.0117815 0.0228399
internal_weight=7425.4 7347.82 5888.62 5789.86 1134.57 680.561
internal_count=30956 30904 22380 22140 3325 2328
is_linear=0
shrinkage=0.05


Tree=60
num_leaves=7
num_cat=0
split_feature=14 4 12 16 0 26
split_gain=79.3296 85.5938 83.5371 64.4938 105.435 98.5929
threshold=1.0000000180025095e-35 202207.00000000003 26.500000000000004 42.500000000000007 19.500000000000004 1.0000000180025095e-35
decision_type=8 10 10 10 8 2
left_child=1 2 -1 4 -2 -6
right_child=3 -3 -4 -5 5 -7
leaf_value=-0.022723517562431059 -0.0021824896173477854 0.050132535782932842 0.0021588401311462588 0.00062445501192736914 0.021596268598526768 0.087263784825881235
leaf_weight=851.25982143729925 338.55606754124165 51.094228997826576 555.24289876967669 5433.7548283413053 241.14880611747503 72.247547075152397
leaf_count=5717 1719 188 2659 19517 1303 23
internal_value=-9.70225e-05 -0.0105536 -0.0129279 0.00241405 0.0172113 0.0378673
internal_weight=7543.3 1457.6 1406.5 6085.71 651.952 313.396
internal_count=31126 8564 8376 22562 3045 1326
is_linear=0
shrinkage=0.05


Tree=61
num_leaves=7
num_cat=0
split_feature=35 32 20 38 4 24
split_gain=96.7989 88.786 68.1159 118.011 64.6242 101.341
threshold=15925.140833333337 3.5000000000000004 0.0065729372830359185 1.0000000180025095e-35 2364.5000000000005 3.5000000000000004
decision_type=10 2 10 2 10 10
left_child=1 2 3 -1 5 -4
right_child=-2 -3 4 -5 -6 -7
leaf_value=0.0035933900221318902 -0.040843947227645089 0.030753519954555511 0.02939558073504385 0.062501395153754552 0.00095594578039295093 -0.025980492517269877
leaf_weight=303.95387096703053 131.06216269731522 249.18340044468641 95.402903065085411 113.40037611871958 6100.5118115097284 475.95065738260746
leaf_count=1676 1376 203 544 105 23722 3399
internal_value=0.000944911 0.00171855 0.000677028 0.0201499 -0.00055526 -0.0165592
internal_weight=7469.47 7338.4 7089.22 417.354 6671.87 571.354
internal_count=31025 29649 29446 1781 27665 3943
is_linear=0
shrinkage=0.05


Tree=62
num_leaves=7
num_cat=0
split_feature=36 36 8 36 19 36
split_gain=102.451 99.0343 132.251 104.95 88.4783 94.2525
threshold=4917.4005555555568 3806.3420833333334 9.5000000000000018 3493.0963888888896 19.500000000000004 9504.3365277777793
decision_type=10 10 8 10 10 10
left_child=1 3 -3 -1 5 -2
right_child=4 2 -4 -5 -6 -7
leaf_value=0.0025586974333538701 0.0068236136668905342 -0.014279488287653569 0.088955284385496131 -0.035616387700168332 -0.048536218887097499 -0.045124220186464475
leaf_weight=6457.1580047532916 330.07724912464619 51.134967461228371 69.382643051445484 180.20533822476864 174.16295099258423 113.24450418353081
leaf_count=24664 2139 287 273 1407 1252 1002
internal_value=0.000543112 0.00232941 0.0463294 0.00149621 -0.0188682 -0.00680148
internal_weight=7375.37 6757.88 120.518 6637.36 617.485 443.322
internal_count=31024 26631 560 26071 4393 3141
is_linear=0
shrinkage=0.05


Tree=63
num_leaves=7
num_cat=0
split_feature=4 36 21 8 21 14
split_gain=88.6739 117.427 78.2874 77.974 107.801 105.502
threshold=2364.5000000000005 133.43680555555559 0.41688948306595369 12.500000000000002 0.84178433889602056 19.500000000000004
decision_type=8 8 10 10 10 10
left_child=1 -1 -3 4 -2 -5
right_child=3 2 -4 5 -6 -7
leaf_value=0.042830939205033225 0.012886127009208779 -0.0078764169189176891 -0.042149709898670985 -0.011188581219284455 -0.020846982817113856 0.0047016456824089895
leaf_weight=71.941426567733288 2159.3159592449665 396.49184969812632 286.0906647592783 1804.1136360019445 261.40805421769619 2467.2061286717653
leaf_count=212 9212 2427 2500 7424 1626 7715
internal_value=0.000212256 -0.0159787 -0.0224434 0.00204835 0.00920791 -0.00201528
internal_weight=7446.57 754.524 682.583 6692.04 2420.72 4271.32
internal_count=31116 5139 4927 25977 10838 15139
is_linear=0
shrinkage=0.05


Tree=64
num_leaves=7
num_cat=0
split_feature=15 31 24 8 25 35
split_gain=84.17 66.9266 65.4016 107.675 115.326 125.171
threshold=114.50000000000001 1.5000000000000002 14.500000000000002 14.500000000000002 0.77772430756068889 943.93986111111121
decision_type=8 2 10 10 10 10
left_child=1 2 -1 4 -4 -6
right_child=-2 -3 3 -5 5 -7
leaf_value=-0.016484236312860362 0.0083095767429041626 -0.027173439412857766 0.014467440342380126 -0.0077468898604049659 0.040506654420303739 -0.021946294871963548
leaf_weight=721.53838837146759 1907.8868719786406 286.55997796356678 1614.9574553370476 2349.03927077353 91.491573199629784 477.18626633286476
leaf_count=5194 5693 93 7493 9945 341 2307
internal_value=-0.000734852 -0.00385386 -0.0025574 -0.000324725 0.0076591 -0.0116331
internal_weight=7448.66 5540.77 5254.21 4532.67 2183.64 568.678
internal_count=31066 25373 25280 20086 10141 2648
is_linear=0
shrinkage=0.05


Tree=65
num_leaves=7
num_cat=0
split_feature=29 24 23 12 12 23
split_gain=97.4001 77.4902 100.652 68.2295 68.2554 87.2862
threshold=4.5000000000000009 14.500000000000002 8.6504657122865201 3928.5000000000005 952.50000000000011 0.67409523631224988
decision_type=2 10 10 10 10 10
left_child=1 2 -1 4 -3 -6
right_child=-2 3 -4 -5 5 -7
leaf_value=-0.022306430780174639 0.045754980221171512 0.0018377998907573988 0.023890266320438249 0.019944366119362043 0.013369962880355546 -0.027639327846469802
leaf_weight=701.26341634988785 111.16513996571302 5425.5647642239928 137.25627616047859 458.62669618427753 180.17903776466846 436.6889780163765
leaf_count=4974 114 22103 548 1535 523 1383
internal_value=0.000329188 -0.000389511 -0.0146478 0.00145939 4.10326e-05 -0.0156499
internal_weight=7450.74 7339.58 838.52 6501.06 6042.43 616.868
internal_count=31180 31066 5522 25544 24009 1906
is_linear=0
shrinkage=0.05


Tree=66
num_leaves=7
num_cat=0
split_feature=21 4 36 12 34 37
split_gain=76.4407 78.5943 90.5167 72.893 96.9556 79.1191
threshold=0.081574453837783556 2364.5000000000005 133.43680555555559 23.500000000000004 1884.196388888889 0.29705882352941182
decision_type=10 10 8 10 10 2
left_child=-1 2 -2 -4 -5 -6
right_child=1 -3 3 4 5 -7
leaf_value=0.048105511312779847 0.038241815931801683 0.0011758054937429376 -0.035325268413469328 -0.019936734004698253 -0.014923539366939837 0.087120387839723354
leaf_weight=76.669915795326233 64.813601613044739 6617.0404826253653 391.96743951737881 191.51444796472788 29.847786583006382 41.747794568538666
leaf_count=274 197 25750 3292 1006 269 232
internal_value=-4.58363e-07 -0.000535578 -0.0161657 -0.0217978 -0.00136221 0.0463817
internal_weight=7413.6 7336.93 719.891 655.077 263.11 71.5956
internal_count=31020 30746 4996 4799 1507 501
is_linear=0
shrinkage=0.05


Tree=67
num_leaves=7
num_cat=0
split_feature=36 19 36 35 36 34
split_gain=82.7216 89.6886 99.8399 123.582 124.024 162.584
threshold=5118.1291666666675 18.500000000000004 9504.3365277777793 8728.3116666666683 6841.5052777777792 7261.373611111112
decision_type=10 10 10 10 10 10
left_child=-1 2 3 -2 5 -5
right_child=1 -3 -4 4 -6 -7
leaf_value=0.0011869002844351463 -0.021094292294721012 -0.047656643733517058 -0.045522914319703865 -0.039769042490770859 0.100224337472073 0.097947253993564187
leaf_weight=6851.0323992371559 149.97332524508238 176.29536768049002 105.84285940229893 60.7804796397686 52.517287112772465 26.803492248058319
leaf_count=27047 797 1313 993 450 325 222
internal_value=-0.000343792 -0.0185221 -0.00511645 0.0101487 0.0431676 0.00539011
internal_weight=7423.25 572.213 395.917 290.075 140.101 87.584
internal_count=31147 4100 2787 1794 997 672
is_linear=0
shrinkage=0.05


Tree=68
num_leaves=7
num_cat=0
split_feature=27 21 24 24 23 36
split_gain=90.9028 76.5185 74.0792 110.573 73.6726 70.486
threshold=2.5000000000000004 0.06277844413982181 872.50000000000011 1098.5000000000002 0.42620181554257824 1.7748611111111112
decision_type=2 10 10 10 10 8
left_child=1 -1 4 -4 -3 -6
right_child=-2 2 3 -5 5 -7
leaf_value=0.05618495319479451 0.054320434047075955 -0.018532440368576975 0.037740362061302414 -0.0019215271181533822 -0.03525961158609496 -4.4316212058802336e-05
leaf_weight=53.963614486157894 71.276957467198372 654.40731546282768 289.98333255946636 433.54846592247486 140.68265707790852 5771.3552263230085
leaf_count=157 50 3339 888 1348 517 24766
internal_value=1.79555e-05 -0.000545679 -0.00100385 0.0141244 -0.00268025 -0.000911385
internal_weight=7415.22 7343.94 7289.98 723.532 6566.45 5912.04
internal_count=31065 31015 30858 2236 28622 25283
is_linear=0
shrinkage=0.05


Tree=69
num_leaves=7
num_cat=0
split_feature=21 11 12 21 40 31
split_gain=98.2291 105.814 97.8565 140.941 102.272 71.7656
threshold=0.6002056202878685 190.50000000000003 788.50000000000011 0.1972920063116681 10.500000000000002 2.5000000000000004
decision_type=10 10 10 10 2 2
left_child=1 2 4 -4 -1 -6
right_child=-2 -3 3 -5 5 -7
leaf_value=0.029980761172002376 -0.0094365595363292663 0.026890599791740622 0.0059113344780754116 -0.045191078742104367 0.002235263269642854 -0.048727996386059715
leaf_weight=333.29474854469299 2172.8093329444528 427.52718738466501 274.83392867445946 258.13156206905842 3845.8358130082488 65.343615144491196
leaf_count=110 10076 1229 789 901 17909 24
internal_value=-0.000519433 0.0032085 0.00106332 -0.0190291 0.00360568 0.0013227
internal_weight=7377.78 5204.97 4777.44 532.965 4244.47 3911.18
internal_count=31038 20962 19733 1690 18043 17933
is_linear=0
shrinkage=0.05


Tree=70
num_leaves=7
num_cat=0
split_feature=37 16 6 19 3 37
split_gain=100.932 82.4479 105.635 101.925 89.4193 74.8838
threshold=0.25833333333333336 973.50000000000011 122.50000000000001 13.500000000000002 94348.000000000015 0.76533166458072599
decision_type=2 8 10 10 10 2
left_child=-1 2 -2 -3 5 -5
right_child=1 3 -4 4 -6 -7
leaf_value=-0.01487309752761549 0.00077880610822623217 0.056613232774608779 -0.054214111411945411 0.026450338574670676 -0.041973864303235041 -0.018768405636481265
leaf_weight=1032.9181145578623 5561.8567895293236 132.71740915626287 83.715838544070721 391.72059545665979 71.294255793094635 115.0890404433012
leaf_count=6838 21991 367 203 1069 264 327
internal_value=-0.000416189 0.00194291 -8.39115e-05 0.0179287 0.00863851 0.0160988
internal_weight=7389.31 6356.39 5645.57 710.821 578.104 506.81
internal_count=31059 24221 22194 2027 1660 1396
is_linear=0
shrinkage=0.05


Tree=71
num_leaves=7
num_cat=0
split_feature=23 24 4 4 31 36
split_gain=85.5636 84.5361 104.306 120.781 65.3633 66.2785
threshold=5.0353701788701182 872.50000000000011 28825.500000000004 53731.500000000007 1.5000000000000002 4917.4005555555568
decision_type=8 10 10 10 2 8
left_child=1 4 -3 -4 5 -1
right_child=-2 2 3 -5 -6 -7
leaf_value=0.00015036373063116894 0.019008772283486779 0.037669803400642063 -0.022068343827924514 0.02939929361188507 -0.025452122704135435 -0.013254545498067292
leaf_weight=4701.9646283090115 528.39384870231152 283.43132655322552 269.29243296384811 190.05298465490341 322.05346144735813 1142.0362369827926
leaf_count=18141 2042 816 869 550 106 8578
internal_value=-0.000286788 -0.00177521 0.0141037 -0.000686471 -0.00369789 -0.00247832
internal_weight=7437.22 6908.83 742.777 459.345 6166.05 5844
internal_count=31102 29060 2235 1419 26825 26719
is_linear=0
shrinkage=0.05


Tree=72
num_leaves=7
num_cat=0
split_feature=37 22 34 4 19 35
split_gain=71.7142 60.2336 56.4002 101.222 61.1112 69.9271
threshold=0.94281045751633996 35.665644235385699 10765.585138888891 138948.50000000003 4.5000000000000009 11481.93652777778
decision_type=2 8 8 10 10 10
left_child=1 2 -1 4 5 -4
right_child=-2 -3 3 -5 -6 -7
leaf_value=0.0004579719522470689 0.058349989984932217 0.035480225292259325 0.016379369247361279 0.060154433295805713 -0.035417520238571226 -0.050160728940230527
leaf_weight=6612.9951576478779 47.584339164197445 111.0668610483408 153.09514326602221 35.728280827403069 316.25980015099049 47.627404607832432
leaf_count=25996 107 317 1167 204 2726 551
internal_value=0.000169 -0.000251262 -0.000829446 -0.016099 -0.0218945 -0.000244651
internal_weight=7324.36 7276.77 7165.71 552.711 516.982 200.723
internal_count=31068 30961 30644 4648 4444 1718
is_linear=0
shrinkage=0.05


Tree=73
num_leaves=7
num_cat=0
split_feature=11 16 8 12 24 14
split_gain=78.5789 114.659 94.0191 90.8722 125.651 84.4016
threshold=206.50000000000003 36.500000000000007 9.5000000000000018 834.50000000000011 566.50000000000011 1.0000000180025095e-35
decision_type=8 10 10 10 10 10
left_child=3 -2 -3 5 -5 -1
right_child=1 2 -4 4 -6 -7
leaf_value=-0.011645674779408536 0.053594343633049657 -0.024495175654942636 0.01323926290862722 -0.053870481568826012 -0.0040500210520911656 0.0030010654041972159
leaf_weight=1263.992017056793 139.29876128584146 199.3862162977457 856.69704207777977 189.61905710399151 364.49361506104469 4368.1732300147414
leaf_count=8046 555 879 2446 745 1029 17479
internal_value=6.77689e-05 0.0117757 0.00603323 -0.00220225 -0.021428 -0.000293426
internal_weight=7381.66 1195.38 1056.08 6186.28 554.113 5632.17
internal_count=31179 3880 3325 27299 1774 25525
is_linear=0
shrinkage=0.05


Tree=74
num_leaves=7
num_cat=0
split_feature=27 37 0 16 31 35
split_gain=76.9375 58.3588 62.5813 83.2576 76.7377 76.3028
threshold=2.5000000000000004 0.93933823529411775 25.500000000000004 41.500000000000007 1.5000000000000002 14711.324027777779
decision_type=2 2 8 10 2 10
left_child=1 2 4 -4 5 -1
right_child=-2 -3 3 -5 -6 -7
leaf_value=-0.0030638520448918755 0.053309333552511919 0.052739896015841815 0.027761688462997283 0.0010662526669226817 -0.044763321680834744 -0.045365140816744184
leaf_weight=2737.5649220831692 62.130127966403961 46.176239490509033 310.56711081415415 3929.6785145550966 120.01099389791489 105.98236874863505
leaf_count=14472 48 120 1383 13820 40 1320
internal_value=2.73712e-05 -0.000465664 -0.000843054 0.00305189 -0.00641168 -0.00471733
internal_weight=7312.11 7249.98 7203.8 4240.25 2963.56 2843.55
internal_count=31203 31155 31035 15203 15832 15792
is_linear=0
shrinkage=0.05


Tree=75
num_leaves=7
num_cat=0
split_feature=24 4 4 16 34 23
split_gain=90.2418 91.2704 146.818 76.8883 66.2409 62.4895
threshold=872.50000000000011 25782.500000000004 61089.000000000007 291.50000000000006 946.325138888889 5.936436594464511
decision_type=8 10 10 8 10 10
left_child=5 3 4 -2 -3 -1
right_child=1 2 -4 -5 -6 -7
leaf_value=-0.003025928796625903 -0.0015833647189252436 -0.028166140006814264 0.043340778221116497 0.058532001902022138 0.01941990660320729 0.016689195140715919
leaf_weight=6170.3045728728175 75.085801631212234 243.75295183062553 156.91167958080769 175.27249470353127 99.479885458946228 424.95383977890015
leaf_count=27234 256 657 485 453 410 1634
internal_value=0.000129839 0.0164988 0.00403836 0.0408246 -0.0142934 -0.00174394
internal_weight=7345.76 750.503 500.145 250.358 343.233 6595.26
internal_count=31129 2261 1552 709 1067 28868
is_linear=0
shrinkage=0.05


Tree=76
num_leaves=7
num_cat=0
split_feature=15 24 21 27 15 38
split_gain=56.9897 60.9531 74.1012 62.5452 51.7345 51.166
threshold=2172.0000000000005 14.500000000000002 0.39146178768820289 2.5000000000000004 4.5000000000000009 3.5000000000000004
decision_type=10 10 8 2 10 2
left_child=1 2 4 5 -1 -3
right_child=-2 3 -4 -5 -6 -7
leaf_value=-0.0067800017097565035 0.05054202108916727 -0.00031334222818431127 -0.018837628305403309 0.05319251381959969 0.070357708144472383 0.030785359648589417
leaf_weight=43.701489716768265 49.415216766297817 6227.2535974867642 724.17022816091776 51.489037930965424 36.735319070518017 130.13086744397879
leaf_count=392 110 25221 5030 38 88 88
internal_value=-0.000435801 -0.000819787 -0.013747 0.000812616 0.0305045 0.000346918
internal_weight=7262.9 7213.48 804.607 6408.87 80.4368 6357.38
internal_count=30967 30857 5510 25347 480 25309
is_linear=0
shrinkage=0.05


Tree=77
num_leaves=7
num_cat=0
split_feature=21 4 36 10 8 19
split_gain=63.4728 71.5925 71.4628 68.1093 65.0437 102.758
threshold=0.06277844413982181 2364.5000000000005 133.43680555555559 21.500000000000004 12.500000000000002 6.5000000000000009
decision_type=10 10 8 10 10 10
left_child=-1 2 -2 -4 5 -3
right_child=1 4 3 -5 -6 -7
leaf_value=0.052874035662847201 0.03410986954743761 0.0037749429408805049 -0.024635942584633794 0.047180113508261366 -0.0024789796447791251 0.034452881429761932
leaf_weight=51.400896109640598 60.936072967946529 2045.0000875294209 593.73992197215557 30.407044284045696 4225.2529356777668 310.3306698128581
leaf_count=154 202 9826 4671 154 15080 1022
internal_value=3.64887e-05 -0.000373414 -0.0156951 -0.0207901 0.00123238 0.00788139
internal_weight=7317.07 7265.67 685.083 624.147 6580.58 2355.33
internal_count=31109 30955 5027 4825 25928 10848
is_linear=0
shrinkage=0.05


Tree=78
num_leaves=7
num_cat=0
split_feature=35 27 40 36 3 40
split_gain=65.9169 45.9596 66.4179 47.444 149.771 91.1343
threshold=15925.140833333337 2.5000000000000004 4.5000000000000009 47.087083333333339 43542.500000000007 10.500000000000002
decision_type=10 2 2 10 8 2
left_child=1 2 -1 4 5 -4
right_child=-2 -3 3 -5 -6 -7
leaf_value=-0.037242620750605041 -0.037510906622805429 0.041409065194034797 0.039886557080195541 0.0031205427714011882 0.033513333450971357 -0.013630075683925292
leaf_weight=112.89696717262268 111.74717081338167 62.559022344648838 78.879346251487732 5089.29462178424 207.2691128179431 1620.2379587478936
leaf_count=37 1431 50 29 20355 666 8450
internal_value=-0.000242619 0.000363861 -2.62091e-05 0.000600563 -0.00611735 -0.0110359
internal_weight=7282.88 7171.14 7108.58 6995.68 1906.39 1699.12
internal_count=31018 29587 29537 29500 9145 8479
is_linear=0
shrinkage=0.05


Tree=79
num_leaves=7
num_cat=0
split_feature=21 23 23 3 16 40
split_gain=60.7179 73.2474 101.629 88.6507 77.9187 94.9422
threshold=0.6002056202878685 1.1977845800728264 2.5905326821396195 46401.000000000007 540.50000000000011 13.500000000000002
decision_type=10 10 10 10 10 2
left_child=-1 4 -3 -4 -2 -6
right_child=1 2 3 -5 5 -7
leaf_value=0.0026586221630770278 -0.0072663442657565887 -0.030713384359241626 -0.011839710974318135 0.040959984581798468 -0.019688476475293135 0.037331840267534895
leaf_weight=5204.7063759118319 814.78945210576057 577.55905618146062 300.55097644031048 102.46880834549665 99.234237909317017 246.18560241162777
leaf_count=21084 4589 2742 1429 264 34 918
internal_value=-0.00025703 -0.00733527 -0.0173584 0.00192218 0.00117415 0.0209035
internal_weight=7345.49 2140.79 980.579 403.02 1160.21 345.42
internal_count=31060 9976 4435 1693 5541 952
is_linear=0
shrinkage=0.05


Tree=80
num_leaves=7
num_cat=0
split_feature=29 12 34 21 36 4
split_gain=68.3019 61.0928 64.6149 62.1331 63.9531 65.499
threshold=2.5000000000000004 5565.5000000000009 84.256666666666675 0.06277844413982181 1.7748611111111112 2364.5000000000005
decision_type=2 8 10 10 8 10
left_child=1 3 -3 -1 -5 -6
right_child=-2 2 -4 4 5 -7
leaf_value=0.051991688561516682 0.022990474495798805 0.04762000633776791 0.0015820115370560274 -0.030145899077475072 -0.015991732913565978 0.00063095334764257853
leaf_weight=48.924109525978565 319.5824024900794 127.65006662905216 179.98296917974949 189.54098691046238 654.33205525577068 5853.4091681204736
leaf_count=147 378 139 787 795 4935 24122
internal_value=0.000564248 -0.000467364 0.0211412 -0.00146766 -0.00189668 -0.0010514
internal_weight=7373.42 7053.84 307.633 6746.21 6697.28 6507.74
internal_count=31303 30925 926 29999 29852 29057
is_linear=0
shrinkage=0.05


Tree=81
num_leaves=7
num_cat=0
split_feature=27 21 12 40 37 37
split_gain=72.7597 59.9433 51.8344 68.627 63.4686 59.5446
threshold=2.5000000000000004 0.06277844413982181 5565.5000000000009 4.5000000000000009 0.75204918032786894 0.25833333333333336
decision_type=2 10 10 2 2 2
left_child=1 -1 3 -3 -4 -5
right_child=-2 2 4 5 -6 -7
leaf_value=0.049519970481705838 0.052126109980815544 -0.042339571711799459 0.032323270347371418 -0.011964388699771749 -0.019012135814774719 0.0013983729979372883
leaf_weight=56.066548988223076 63.082049567252398 94.631161212921143 234.40527774393559 969.70031189918518 76.720831096172333 5756.7531730756164
leaf_count=155 53 30 676 6739 256 23039
internal_value=0.000680036 0.000192643 -0.000229541 -0.00114604 0.0195639 -0.000535488
internal_weight=7251.36 7188.28 7132.21 6821.08 311.126 6726.45
internal_count=30948 30895 30740 29808 932 29778
is_linear=0
shrinkage=0.05


Tree=82
num_leaves=7
num_cat=0
split_feature=24 23 18 8 21 24
split_gain=76.4879 73.9195 68.2966 80.885 129.49 93.7828
threshold=872.50000000000011 0.42620181554257824 34.500000000000007 15.500000000000002 0.95920722135007852 14.500000000000002
decision_type=10 10 10 10 8 10
left_child=1 -1 3 5 -5 -3
right_child=-2 2 -4 4 -6 -7
leaf_value=-0.017109691712251154 0.016097980474505023 -0.013909982528933787 0.016207349336317543 -0.0094939012016872423 0.044757674329462864 0.0099125409175619128
leaf_weight=627.61284714564681 734.66598561406136 509.58623077720404 641.71498703956604 2538.0624892711639 110.05640833824873 2096.6411013528705
leaf_count=3388 2285 3606 1791 10527 374 9129
internal_value=0.000859886 -0.000867172 0.000874813 -0.00101138 -0.00715909 0.00523689
internal_weight=7258.34 6523.67 5896.06 5254.35 2648.12 2606.23
internal_count=31100 28815 25427 23636 10901 12735
is_linear=0
shrinkage=0.05


Tree=83
num_leaves=7
num_cat=0
split_feature=15 12 23 9 8 4
split_gain=60.983 80.4826 123.201 110.752 71.2705 107.489
threshold=150.50000000000003 38.500000000000007 1.2222235172036422 56.500000000000007 14.500000000000002 90078.500000000015
decision_type=10 10 10 10 10 10
left_child=4 -2 -3 -4 5 -1
right_child=1 2 3 -5 -6 -7
leaf_value=-0.00015790235620441763 0.026094540918244792 0.017895396151247064 -0.030410837414250099 0.028332381401002655 -0.0073957114986889852 0.028500442146150429
leaf_weight=2416.6944899223745 479.09175544977188 512.34652476012707 359.70692041516304 98.600291438400745 2972.6818737462163 373.41445804387331
leaf_count=12718 1388 1484 1198 230 12327 1686
internal_value=0.000293034 0.00944115 0.00112983 -0.0176034 -0.00201455 0.00372171
internal_weight=7212.54 1449.75 970.654 458.307 5762.79 2790.11
internal_count=31031 4300 2912 1428 26731 14404
is_linear=0
shrinkage=0.05


Tree=84
num_leaves=7
num_cat=0
split_feature=28 25 24 8 25 24
split_gain=88.1403 61.6476 75.6616 97.2543 97.8755 106.615
threshold=2.5000000000000004 0.22239159891598917 13.500000000000002 16.500000000000004 0.77772430756068889 135.50000000000003
decision_type=2 10 10 10 10 10
left_child=1 -1 -3 4 5 -4
right_child=-2 2 3 -5 -6 -7
leaf_value=0.011002912604159032 0.035654175988201336 -0.027944825233656337 0.0054908070452394184 -0.0071193695645770287 -0.011249282245551662 0.03539804598816345
leaf_weight=884.19280065223575 159.92712467908859 286.42093690857291 1430.4623139165342 3546.7225396931171 617.39602188393474 372.28858660161495
leaf_count=3924 165 2790 7116 13068 2850 1233
internal_value=-0.000483411 -0.00131753 -0.00306699 -0.00185041 0.00587 0.0117478
internal_weight=7297.41 7137.48 6253.29 5966.87 2420.15 1802.75
internal_count=31146 30981 27057 24267 11199 8349
is_linear=0
shrinkage=0.05


Tree=85
num_leaves=7
num_cat=0
split_feature=21 29 25 24 8 4
split_gain=58.9178 95.1231 78.5161 83.2051 98.0103 108.205
threshold=0.6002056202878685 2.5000000000000004 0.6207423811030266 706.50000000000011 209.50000000000003 202207.00000000003
decision_type=10 2 10 10 10 10
left_child=1 2 -1 4 5 -4
right_child=-2 -3 3 -5 -6 -7
leaf_value=0.010989109296593873 -0.0064875985447322322 0.043455473560103798 -0.0070414103247135032 0.0085436255234760099 -0.041647579150807405 0.050428357098023006
leaf_weight=1703.0323453508317 2114.114428114146 139.13972591608763 1916.3728658221662 1173.883869856596 191.30004480481148 80.586075380444527
leaf_count=7471 10057 187 9079 3420 675 270
internal_value=0.000541927 0.00340097 0.00225891 -0.00217297 -0.00792822 -0.0046021
internal_weight=7318.43 5204.31 5065.18 3362.14 2188.26 1996.96
internal_count=31159 21102 20915 13444 10024 9349
is_linear=0
shrinkage=0.05


Tree=86
num_leaves=7
num_cat=0
split_feature=37 31 21 37 37 38
split_gain=58.309 52.363 54.3845 70.6203 101.454 66.2133
threshold=0.93933823529411775 1.5000000000000002 0.6002056202878685 0.19090909090909094 0.25833333333333336 1.5000000000000002
decision_type=2 2 10 2 2 2
left_child=1 2 5 -4 -5 -1
right_child=-2 -3 3 4 -6 -7
leaf_value=0.0014484148933957492 0.051669512867326586 -0.018596406344548719 0.030707577037160025 -0.048022497357871494 -0.0063298467897929273 0.044983038596912356
leaf_weight=4782.8847350254655 46.642971135675907 423.8701356202364 108.52130899950862 155.00338345021009 1689.1647602058947 83.977176681160927
leaf_count=20700 116 151 739 1411 7796 144
internal_value=-0.00127365 -0.00164998 -0.000583818 -0.00762205 -0.00995451 0.002245
internal_weight=7290.06 7243.42 6819.55 1952.69 1844.17 4866.86
internal_count=31057 30941 30790 9946 9207 20844
is_linear=0
shrinkage=0.05


Tree=87
num_leaves=7
num_cat=0
split_feature=29 29 12 4 38 24
split_gain=49.9917 64.0019 43.322 70.1477 73.6982 41.9037
threshold=4.5000000000000009 3.5000000000000004 5565.5000000000009 144121.00000000003 1.0000000180025095e-35 879.50000000000011
decision_type=2 2 10 8 2 10
left_child=1 2 5 4 -4 -1
right_child=-2 -3 3 -5 -6 -7
leaf_value=-0.0015236130214268352 0.035816470000713828 -0.049237875453620003 0.008402415451394472 -0.025084085787751034 0.066161883529515741 0.011811632678298899
leaf_weight=6143.7281719893217 94.42959651350975 60.089010313153267 136.05117961019278 65.055415883660316 89.981692463159561 646.52633275091648
leaf_count=28027 117 72 601 231 81 1917
internal_value=0.000607074 0.000116775 0.000570022 0.0192918 0.0323302 -0.000246156
internal_weight=7235.86 7141.43 7081.34 291.088 226.033 6790.25
internal_count=31046 30929 30857 913 682 29944
is_linear=0
shrinkage=0.05


Tree=88
num_leaves=7
num_cat=0
split_feature=21 27 36 3 4 36
split_gain=55.8596 52.5828 52.9803 87.3655 89.9601 102.592
threshold=0.06277844413982181 2.5000000000000004 47.087083333333339 42235.500000000007 41151.000000000007 24.626666666666669
decision_type=10 2 10 10 10 10
left_child=-1 2 3 4 -2 -6
right_child=1 -3 -4 -5 5 -7
leaf_value=0.046860447887646248 -0.0020908676943248087 0.049755203695472289 0.0017070575596626507 0.022613528330353246 -0.015743160207004281 -0.063768700532308126
leaf_weight=57.759345039725304 994.55314290896058 46.644535332918167 5251.4967768117785 202.68398312479258 560.19289895147085 135.61351624131203
leaf_count=163 5348 45 21861 685 2601 466
internal_value=-0.000106766 -0.000516302 -0.000879076 -0.00803887 -0.0117701 -0.0254916
internal_weight=7248.94 7191.18 7144.54 1893.04 1690.36 695.806
internal_count=31169 31006 30961 9100 8415 3067
is_linear=0
shrinkage=0.05


Tree=89
num_leaves=7
num_cat=0
split_feature=37 36 16 37 36 36
split_gain=57.0306 57.8212 90.2597 71.4248 54.2508 66.2331
threshold=0.7386128364389235 1414.2820833333335 81.500000000000014 0.75204918032786894 47.087083333333339 610.5969444444446
decision_type=2 10 10 2 10 10
left_child=-1 2 -2 -4 -5 -6
right_child=1 -3 3 4 5 -7
leaf_value=-0.0022437662717016069 -0.051491134871320288 0.038988142094095506 0.035425756799711709 -0.015238239773457852 0.02375650537808506 -0.0087815591434844704
leaf_weight=5890.8655334934592 60.67529608309269 140.35195416212082 201.36171191185713 282.10069991648197 388.61002641171217 256.04105286300182
leaf_count=26813 405 361 478 1015 1175 798
internal_value=-0.000131429 0.00920395 0.00553898 0.00882 0.0028801 0.010865
internal_weight=7220.01 1329.14 1188.79 1128.11 926.752 644.651
internal_count=31045 4232 3871 3466 2988 1973
is_linear=0
shrinkage=0.05


Tree=90
num_leaves=7
num_cat=0
split_feature=21 31 38 23 40 25
split_gain=52.8869 74.7736 77.7029 69.4756 70.8289 63.1867
threshold=0.6002056202878685 1.5000000000000002 1.5000000000000002 1.2306355165679366 10.500000000000002 0.26386813186813191
decision_type=10 2 2 10 2 10
left_child=1 2 -1 4 -2 -5
right_child=3 -3 -4 5 -6 -7
leaf_value=0.0024533058229889233 -0.040957075815446817 -0.024980119015778408 0.046995795117149547 -0.006495041271770613 0.0041906213928493098 -0.03304054495997915
leaf_weight=4762.2773139327765 89.32234513759613 239.26201286911964 94.993204332888126 538.3154469281435 1094.9398956075311 383.05453599244356
leaf_count=20749 29 84 231 2272 5722 2067
internal_value=-0.000736901 0.00201766 0.00337185 -0.0073931 0.000627502 -0.01765
internal_weight=7202.16 5096.53 4857.27 2105.63 1184.26 921.37
internal_count=31154 21064 20980 10090 5751 4339
is_linear=0
shrinkage=0.05


Tree=91
num_leaves=7
num_cat=0
split_feature=28 15 4 19 20 36
split_gain=61.4364 56.4276 54.2191 49.5148 63.2281 47.9027
threshold=2.5000000000000004 1.0000000180025095e-35 134456.00000000003 4.5000000000000009 0.66678090015992697 6527.2881944444453
decision_type=2 8 10 10 10 8
left_child=1 2 3 4 5 -1
right_child=-2 -3 -4 -5 -6 -7
leaf_value=-0.010577852725419504 0.032354420251614696 0.0010257835811271166 0.030642581719780168 -0.043594363352040769 -0.050772840727113383 0.038185187011551748
leaf_weight=185.1111724190414 142.52564612776041 6538.7418179996312 51.789887145161629 158.96670656651258 67.010274540632963 63.536283079534769
leaf_count=1472 155 26690 215 1248 831 498
internal_value=0.00041977 -0.000246874 -0.0159158 -0.0212627 -0.0095119 0.00238955
internal_weight=7207.68 7065.16 526.414 474.624 315.658 248.647
internal_count=31109 30954 4264 4049 2801 1970
is_linear=0
shrinkage=0.05


Tree=92
num_leaves=7
num_cat=0
split_feature=23 24 11 16 12 23
split_gain=51.5627 56.2278 55.9881 71.6308 69.2679 68.5904
threshold=5.936436594464511 14.500000000000002 206.50000000000003 36.500000000000007 74.500000000000014 1.1977845800728264
decision_type=8 10 10 10 10 8
left_child=1 -1 4 -4 -3 -6
right_child=-2 2 3 -5 5 -7
leaf_value=-0.014441483586282609 0.017809685903334909 0.003932349295071259 0.05497218681777373 0.0080586043821940356 -0.0003532880675435434 -0.018913099954963611
leaf_weight=618.37509877234697 420.67813638597727 3223.8769769966602 85.839253954589367 810.80418571829796 1244.9120758771896 824.70394438505173
leaf_count=4750 1678 13998 327 2506 4644 3165
internal_value=0.000927516 -0.000127888 0.0013125 0.0128298 -0.000648634 -0.00777679
internal_weight=7229.19 6808.51 6190.14 896.643 5293.49 2069.62
internal_count=31068 29390 24640 2833 21807 7809
is_linear=0
shrinkage=0.05


Tree=93
num_leaves=7
num_cat=0
split_feature=23 34 4 24 1 21
split_gain=51.9297 65.3807 85.901 54.6183 56.3117 57.9998
threshold=5.0353701788701182 10765.585138888891 144121.00000000003 224.50000000000003 219.50000000000003 0.43752584780810594
decision_type=8 8 10 10 8 10
left_child=1 -1 -3 4 5 -2
right_child=3 2 -4 -5 -6 -7
leaf_value=0.00053033299881213392 0.02697065991947328 -0.026821879106844127 0.064397766820827054 -0.019693906931107334 0.033743552376504275 -0.041694492582237348
leaf_weight=6298.3500272370875 57.771382659673691 361.03947813436389 23.057418666779995 86.515042722225189 314.93258652463555 55.484665840864182
leaf_count=25114 316 3648 132 316 1045 358
internal_value=0.000485456 -0.000698048 -0.0205888 0.0157099 0.0230079 -0.0070093
internal_weight=7197.15 6682.45 384.097 514.704 428.189 113.256
internal_count=30929 28894 3780 2035 1719 674
is_linear=0
shrinkage=0.05


Tree=94
num_leaves=7
num_cat=0
split_feature=14 6 19 40 38 21
split_gain=51.0513 49.0206 74.4356 57.838 45.1244 40.5039
threshold=29.500000000000004 10.500000000000002 50.500000000000007 15.500000000000002 1.5000000000000002 0.54713563029805867
decision_type=8 10 10 2 2 10
left_child=5 4 3 -3 -2 -1
right_child=1 2 -4 -5 -6 -7
leaf_value=0.00079223088096590721 0.010239249575719721 -0.059307338705649387 0.0065923846780002798 -0.0089441803163916225 0.039679414907884132 -0.0090500000396440735
leaf_weight=3251.783946428448 934.63732395321131 70.285542488098145 1052.0034842118621 244.91906251758337 147.69806681573391 1535.0529183410108
leaf_count=14341 3401 23 3090 1215 149 8740
internal_value=0.000633949 0.00649735 0.000195209 -0.0209251 0.0144207 -0.00237015
internal_weight=7236.38 2449.54 1367.21 315.205 1082.34 4786.84
internal_count=30959 7878 4328 1238 3550 23081
is_linear=0
shrinkage=0.05


Tree=95
num_leaves=7
num_cat=0
split_feature=27 35 21 21 35 3
split_gain=54.6243 44.7699 41.757 46.8756 65.3242 135.466
threshold=2.5000000000000004 15925.140833333337 0.99496226128362297 0.6002056202878685 48.906111111111123 34258.000000000007
decision_type=2 10 8 10 10 10
left_child=1 2 3 -1 5 -5
right_child=-2 -3 -4 4 -6 -7
leaf_value=0.0015732595622363417 0.049682320915076239 -0.033611267748607128 0.023023963808960643 -0.038396363891970611 -0.0026444196293030635 0.033756772734155067
leaf_weight=5030.3054836541414 49.025189038366079 97.37597044557333 181.71561970561743 341.13601284474134 1450.0323302000761 76.008873291313648
leaf_count=20025 52 1391 705 2354 6227 241
internal_value=-0.000406549 -0.000783072 -0.000308109 -0.00093903 -0.00769344 -0.0250051
internal_weight=7225.6 7176.57 7079.2 6897.48 1867.18 417.145
internal_count=30995 30943 29552 28847 8822 2595
is_linear=0
shrinkage=0.05


Tree=96
num_leaves=7
num_cat=0
split_feature=37 37 36 3 19 2
split_gain=42.6866 50.7937 43.0241 45.5278 142.232 75.5258
threshold=0.92724867724867732 0.87339743589743601 1.7748611111111112 241178.00000000003 27.500000000000004 263208.00000000006
decision_type=2 2 8 10 10 10
left_child=1 2 -1 -4 5 -5
right_child=-2 -3 3 4 -6 -7
leaf_value=-0.022409963483400189 0.042902691532952203 -0.030427941221844904 0.0010401606182749033 -0.028827406147525582 -0.06741601382696423 0.039948817589271907
leaf_weight=211.20621929317713 50.663806430995464 139.20442124456167 6582.4611942581832 67.49293252825737 93.740938410162926 84.281255275011063
leaf_count=864 149 456 28866 243 352 227
internal_value=-0.000715048 -0.00105254 -0.00045044 0.000244724 -0.0206767 0.00942054
internal_weight=7229.05 7178.39 7039.18 6827.98 245.515 151.774
internal_count=31157 31008 30552 29688 822 470
is_linear=0
shrinkage=0.05


Tree=97
num_leaves=7
num_cat=0
split_feature=23 17 34 4 16 31
split_gain=49.1477 58.1417 51.2593 103.542 53.3371 92.6342
threshold=5.936436594464511 51.500000000000007 10765.585138888891 138948.50000000003 958.50000000000011 1.5000000000000002
decision_type=10 10 8 10 10 2
left_child=1 2 4 -4 5 -1
right_child=-2 -3 3 -5 -6 -7
leaf_value=0.00099355737663111318 0.017282763485387233 -0.051854204709286547 -0.024892875349839517 0.069056974379957406 0.01440217911700652 -0.026053800683713237
leaf_weight=5386.3738337829709 405.11037142574787 49.75668229162693 363.44818865135312 27.067363053560257 656.38907396793365 331.31381349265575
leaf_count=23378 1660 63 3760 150 1944 108
internal_value=0.000472153 -0.000539171 -0.000123705 -0.0175904 0.00095936 -0.000595107
internal_weight=7219.46 6814.35 6764.59 390.516 6374.08 5717.69
internal_count=31063 29403 29340 3910 25430 23486
is_linear=0
shrinkage=0.05


Tree=98
num_leaves=7
num_cat=0
split_feature=40 36 36 16 36 34
split_gain=46.4829 42.7813 94.9962 87.2373 83.1115 73.199
threshold=10.500000000000002 9504.3365277777793 7084.3868055555567 129.50000000000003 5397.7402777777779 7823.1963888888904
decision_type=2 10 10 10 10 10
left_child=-1 2 4 -4 -2 -6
right_child=1 -3 3 -5 5 -7
leaf_value=0.014133497947013017 0.0001045795358119973 -0.031487785554119248 0.096242030097956677 -0.0067337920063298253 -0.041158775570457856 0.027441186515042681
leaf_weight=552.78899896144867 6192.9313796274364 107.34062922745943 43.316396072506905 34.739976711571217 208.12094600871205 43.875282503664494
leaf_count=191 27246 1144 257 198 1478 517
internal_value=0.000270752 -0.000894804 -0.000367641 0.052765 -0.00105155 -0.0289133
internal_weight=7183.11 6630.32 6522.98 78.0564 6444.93 251.996
internal_count=31031 30840 29696 455 29241 1995
is_linear=0
shrinkage=0.05


Tree=99
num_leaves=7
num_cat=0
split_feature=11 16 32 36 12 21
split_gain=55.2451 110.855 74.8978 85.93 74.5929 98.3429
threshold=206.50000000000003 22.500000000000004 3.5000000000000004 47.087083333333339 834.50000000000011 0.1972920063116681
decision_type=8 10 2 8 10 10
left_child=4 -2 3 -3 -1 -6
right_child=1 2 -4 -5 5 -7
leaf_value=-0.00057470829698221633 0.064334264594946164 -0.02618001555731065 0.047903531341651678 0.0090602203139135921 0.0024022353497146409 -0.040232322014580775
leaf_weight=5503.1926392540336 80.737878829240799 218.38137844949961 88.74253211170435 761.8437622115016 256.33307665586472 280.10056933015585
leaf_count=25533 279 656 85 2791 728 1048
internal_value=-0.000403366 0.00961815 0.00520523 0.00111614 -0.00231744 -0.0200255
internal_weight=7189.33 1149.71 1068.97 980.225 6039.63 536.434
internal_count=31120 3811 3532 3447 27309 1776
is_linear=0
shrinkage=0.05


Tree=100
num_leaves=7
num_cat=0
split_feature=29 21 21 25 16 36
split_gain=48.3755 43.9587 52.6804 63.851 78.3058 56.9313
threshold=6.5000000000000009 0.99496226128362297 0.6002056202878685 0.53194581890153392 440.50000000000006 813.90597222222243
decision_type=2 8 10 10 10 10
left_child=1 2 3 4 -1 -4
right_child=-2 -3 5 -5 -6 -7
leaf_value=0.0053651036419384819 0.047025818112882506 0.022988803696198639 -0.015205966714152839 -0.0014564776079639633 0.039962273161814998 0.002973166861112533
leaf_weight=776.01277320832014 48.464490655809641 185.47332590818405 1175.0997123010457 4165.0876416228712 202.94580443948507 675.91736603528261
leaf_count=3684 61 760 5541 16791 620 3755
internal_value=-0.00035949 -0.000711813 -0.0013562 0.00124811 0.012704 -0.00857755
internal_weight=7229 7180.54 6995.06 5144.05 978.959 1851.02
internal_count=31212 31151 30391 21095 4304 9296
is_linear=0
shrinkage=0.05


Tree=101
num_leaves=7
num_cat=0
split_feature=21 23 25 20 34 4
split_gain=39.5154 63.677 61.8404 74.2088 64.1961 85.9542
threshold=0.6002056202878685 1.2306355165679366 0.62506599788806771 0.0042441032121259591 2674.9512500000005 99652.500000000015
decision_type=10 10 10 10 10 10
left_child=2 -2 4 -4 -1 -6
right_child=1 -3 3 -5 5 -7
leaf_value=0.0051746173193551789 0.0013550423510706839 -0.01626700554089416 0.024470517986610128 -0.0042437688589655213 0.042349522845451175 -0.030901391879905166
leaf_weight=1543.1009585224092 1184.5144635140896 897.83402587845922 237.62874545156956 3098.7919926159084 242.82746619731188 44.006519459187984
leaf_count=6031 5770 4298 1069 12099 1739 254
internal_value=-0.000457318 -0.00626372 0.0018868 -0.0021651 0.00926018 0.0307744
internal_weight=7248.7 2082.35 5166.36 3336.42 1829.93 286.834
internal_count=31260 10068 21192 13168 8024 1993
is_linear=0
shrinkage=0.05


Tree=102
num_leaves=7
num_cat=0
split_feature=37 35 8 12 36 36
split_gain=49.8307 75.6885 106.207 87.1862 74.1047 115.351
threshold=0.25833333333333336 8988.4988888888893 1.0000000180025095e-35 21.500000000000004 5397.7402777777779 3806.3420833333334
decision_type=2 10 10 10 10 10
left_child=-1 4 -3 -4 5 -2
right_child=1 2 3 -5 -6 -7
leaf_value=-0.01084132139300659 3.5845841616622652e-05 0.095329665446054312 -0.026611257646355975 0.063887212005226693 -0.040700032880937258 0.047530681150110998
leaf_weight=988.53127730637789 5820.2294781729579 45.438136871904135 68.032962471246719 36.936971619725227 103.06475865095854 125.71213240176439
leaf_count=6842 22207 263 549 192 529 529
internal_value=-0.000445408 0.00121968 0.0356737 0.00669035 0.000334226 0.0010791
internal_weight=7187.95 6199.41 150.408 104.97 6049.01 5945.94
internal_count=31111 24269 1004 741 23265 22736
is_linear=0
shrinkage=0.05


Tree=103
num_leaves=7
num_cat=0
split_feature=8 23 21 40 16 24
split_gain=46.1855 41.8018 79.6578 61.5841 57.3646 58.1757
threshold=1139.5000000000002 2.1123555589154024 0.24332721976480745 10.500000000000002 1559.5000000000002 18.500000000000004
decision_type=8 10 10 2 10 10
left_child=1 -1 -3 -4 5 -5
right_child=-2 2 3 4 -6 -7
leaf_value=-0.0019098404734263605 0.030344513701554485 0.035677536959136773 0.03927163253496084 -0.017402083362950543 -0.046900456212092184 0.0098093585098103387
leaf_weight=5796.3249729946256 121.89860090613365 211.66748682036996 98.068143844604492 273.34059591218829 59.589892789721489 662.59049103409052
leaf_count=25109 366 756 37 1840 218 2794
internal_value=0.000446086 -8.81093e-05 0.00797817 0.00247889 -0.00132368 0.00181196
internal_weight=7223.48 7101.58 1305.26 1093.59 995.521 935.931
internal_count=31120 30754 5645 4889 4852 4634
is_linear=0
shrinkage=0.05


Tree=104
num_leaves=7
num_cat=0
split_feature=24 4 4 16 16 12
split_gain=47.7038 48.5164 75.2041 59.3201 58.5433 61.7007
threshold=706.50000000000011 25782.500000000004 48841.500000000007 346.50000000000006 338.50000000000006 1.0000000180025095e-35
decision_type=8 10 10 8 10 10
left_child=-1 3 -3 -2 -4 -6
right_child=1 2 4 -5 5 -7
leaf_value=-0.0015732202209499603 -0.0026821233242665344 -0.013823526766707915 0.046470366421030647 0.044875478672640322 0.036274433295730872 -0.0050873966882263389
leaf_weight=6030.6107332631946 102.57687573134899 362.19397634267807 113.97104345262051 174.13845674693584 121.23367470502853 312.16736459732056
leaf_count=27615 373 1103 329 423 310 945
internal_value=0.000231692 0.00937528 0.00373752 0.0275114 0.0153775 0.00676435
internal_weight=7216.89 1186.28 909.566 276.715 547.372 433.401
internal_count=31098 3483 2687 796 1584 1255
is_linear=0
shrinkage=0.05


Tree=105
num_leaves=7
num_cat=0
split_feature=25 8 24 8 24 24
split_gain=40.4296 63.1989 116.718 92.066 95.546 86.0835
threshold=0.22239159891598917 15.500000000000002 706.50000000000011 1.0000000180025095e-35 359.50000000000006 135.50000000000003
decision_type=10 10 10 10 10 10
left_child=-1 3 -3 -2 5 -5
right_child=1 2 -4 4 -6 -7
leaf_value=0.0094825067454390177 -0.0063753626620059317 -0.011832943771709653 0.0078380582499955123 0.0099361882085721998 -0.018358400217183646 0.03982595803848786
leaf_weight=923.73078387975693 1164.21981151402 2537.8662364892662 1067.9337109774351 961.71091728657484 212.88488459587097 318.87139781564474
leaf_count=3998 6670 10658 3093 4758 846 1041
internal_value=-0.000253536 -0.00169581 -0.00600418 0.00414983 0.0123485 0.0175048
internal_weight=7187.22 6263.49 3605.8 2657.69 1493.47 1280.58
internal_count=31064 27066 13751 13315 6645 5799
is_linear=0
shrinkage=0.05


Tree=106
num_leaves=7
num_cat=0
split_feature=19 0 3 16 21 10
split_gain=43.1365 38.1398 54.6642 54.3091 48.9726 70.5811
threshold=444.50000000000006 25.500000000000004 42235.500000000007 72.500000000000014 0.65394327894327908 2.5000000000000004
decision_type=8 10 10 10 10 10
left_child=1 2 4 -3 5 -1
right_child=-2 3 -4 -5 -6 -7
leaf_value=-0.0065851043730467615 0.037975617182443827 0.018122960366634161 0.044240803383290943 0.0010338477767057497 -0.018886390898212042 0.014617092586801312
leaf_weight=1837.3550529032946 71.188793107867241 527.47859335318208 52.057131938636303 3669.9505385830998 527.27406924217939 493.87261113151908
leaf_count=9715 180 2312 161 12789 4006 1938
internal_value=0.000553192 0.000151963 -0.00424225 0.00320039 -0.00520089 -0.00207173
internal_weight=7179.18 7107.99 2910.56 4197.43 2858.5 2331.23
internal_count=31101 30921 15820 15101 15659 11653
is_linear=0
shrinkage=0.05


Tree=107
num_leaves=7
num_cat=0
split_feature=27 36 15 12 35 24
split_gain=52.1253 41.752 44.1267 63.1407 66.1058 70.0014
threshold=2.5000000000000004 1.7748611111111112 1.0000000180025095e-35 74.500000000000014 205.22361111111113 21.500000000000004
decision_type=2 8 8 10 8 8
left_child=1 -1 -3 4 -4 -6
right_child=-2 2 3 -5 5 -7
leaf_value=-0.02207883985441671 0.049281937016302152 -0.014111475892040849 0.028230516613095377 -0.0036189288311689822 -0.015945790363936285 0.006973254424542147
leaf_weight=210.52118521928787 48.172240048646927 490.02700343728065 306.05702326074243 3171.4298234507442 378.76218644529581 2530.3132853582501
leaf_count=839 54 4146 370 11788 2955 10869
internal_value=-3.88736e-05 -0.000408623 0.000270353 0.00138402 0.00631691 0.00396695
internal_weight=7135.28 7087.11 6876.59 6386.56 3215.13 2909.08
internal_count=31021 30967 30128 25982 14194 13824
is_linear=0
shrinkage=0.05


Tree=108
num_leaves=7
num_cat=0
split_feature=23 17 25 1 1 0
split_gain=54.309 69.6912 64.6605 70.4346 65.844 42.5434
threshold=5.0353701788701182 51.500000000000007 0.50726750327460191 588.50000000000011 343.50000000000006 133.50000000000003
decision_type=8 10 10 10 8 10
left_child=1 5 4 -4 -2 -1
right_child=2 -3 3 -5 -6 -7
leaf_value=-0.0023552395408751952 -0.0080653750430547139 -0.05967594421066056 0.025706921751095985 -0.045782833362552122 0.038811628858040265 0.0099861551961858714
leaf_weight=5796.7432554811239 100.70194367691875 45.773403823375702 57.734794817864895 72.381831407546997 271.23474011197686 788.88242695853114
leaf_count=26816 545 60 270 270 937 2218
internal_value=-0.000116 -0.00132099 0.0156562 -0.0142843 0.026181 -0.000870428
internal_weight=7133.45 6631.4 502.053 130.117 371.937 6585.63
internal_count=31116 29094 2022 540 1482 29034
is_linear=0
shrinkage=0.05


Tree=109
num_leaves=7
num_cat=0
split_feature=21 4 30 12 34 8
split_gain=39.9012 33.5373 75.5597 65.1418 80.7893 72.9497
threshold=0.06277844413982181 2183.5000000000005 2.5000000000000004 13.500000000000002 2294.6472222222224 2.5000000000000004
decision_type=10 10 2 10 8 10
left_child=-1 2 3 -2 -5 -6
right_child=1 -3 -4 4 5 -7
leaf_value=0.041350206495975261 -0.035492698470829399 0.00026114448810002854 0.056808635104189535 -0.020383064897928582 -0.0024317942016708707 0.077564695354020816
leaf_weight=51.675003074109554 247.53972706198692 6531.4247002825141 32.442852146923542 194.62854304164648 65.422206349670887 45.096871823072433
leaf_count=159 2677 26366 57 936 570 377
internal_value=-0.000437782 -0.000770033 -0.0121851 -0.016708 -0.00114315 0.0321548
internal_weight=7168.23 7116.55 585.13 552.687 305.148 110.519
internal_count=31142 30983 4617 4560 1883 947
is_linear=0
shrinkage=0.05


Tree=110
num_leaves=7
num_cat=0
split_feature=12 30 1 12 11 16
split_gain=36.6757 86.6787 70.3635 75.3984 61.242 76.5587
threshold=74.500000000000014 4.5000000000000009 5347.5000000000009 22.500000000000004 174.50000000000003 34.500000000000007
decision_type=10 2 10 10 10 10
left_child=2 4 3 -1 -2 -6
right_child=1 -3 -4 -5 5 -7
leaf_value=-0.0042062785892151133 -0.0076356729289271882 -0.040267278305779128 0.020618910118088002 0.013090664047257439 0.039692756005288689 0.0017133637940003931
leaf_weight=2421.2855493240058 2044.04020774737 154.24294559657574 484.20174137502909 846.01908429712057 148.23918735980988 993.43278061598539
leaf_count=13126 8133 334 1636 3881 544 3371
internal_value=-0.000457036 -0.00426461 0.002934 0.000285662 -0.00246109 0.00679633
internal_weight=7091.46 3339.96 3751.51 3267.3 3185.71 1141.67
internal_count=31025 12382 18643 17007 12048 3915
is_linear=0
shrinkage=0.05


Tree=111
num_leaves=7
num_cat=0
split_feature=36 26 20 16 12 23
split_gain=30.8717 39.3542 35.9872 51.5125 65.7934 70.0179
threshold=1.4283333333333335 1.5000000000000002 0.35411605937921736 47.500000000000007 52.500000000000007 1.0939724866816303
decision_type=8 2 10 10 10 10
left_child=-1 2 -2 4 -4 -6
right_child=1 -3 3 -5 5 -7
leaf_value=-0.026139056874316169 0.0017084008832883753 0.033206313809417923 -0.011547021384389089 -0.013127077038691657 0.046079900277722352 -0.014573593418687384
leaf_weight=107.38474909961224 5504.8829706870019 84.56846034526825 222.63732824847102 1035.6617901884019 144.48028302565217 66.901912961155176
leaf_count=452 23477 39 2208 4162 524 330
internal_value=-0.000139373 0.00027436 -0.000148451 -0.00708574 0.00731547 0.0269901
internal_weight=7166.52 7059.13 6974.56 1469.68 434.02 211.382
internal_count=31192 30740 30701 7224 3062 854
is_linear=0
shrinkage=0.05


Tree=112
num_leaves=7
num_cat=0
split_feature=23 21 24 0 8 40
split_gain=39.8919 52.7603 56.5525 69.1217 46.4395 122.693
threshold=5.0353701788701182 0.24989660876757655 83.500000000000014 17.500000000000004 1.0000000180025095e-35 14.500000000000002
decision_type=8 10 10 10 10 2
left_child=4 -2 3 -3 5 -1
right_child=1 2 -4 -5 -6 -7
leaf_value=-0.053129650263853634 0.047175923027084857 -0.021305709490650502 -0.030554344728575225 0.028293201023137274 0.00064587322454404822 -0.0041327172688553687
leaf_weight=141.7107515335083 88.47672401368618 93.222610861063004 81.946014061570168 246.9394720569253 5459.8289404660463 998.27140022441745
leaf_count=50 300 595 302 813 22192 6828
internal_value=-0.00022804 0.0131671 0.00556977 0.0145887 -0.00127352 -0.0104289
internal_weight=7110.4 510.585 422.108 340.162 6599.81 1139.98
internal_count=31080 2010 1710 1408 29070 6878
is_linear=0
shrinkage=0.05


Tree=113
num_leaves=7
num_cat=0
split_feature=0 33 30 1 40 19
split_gain=38.1975 48.6868 130.676 96.52 42.4652 47.4203
threshold=129.50000000000003 1.5000000000000002 2.5000000000000004 1022.5000000000001 14.500000000000002 50.500000000000007
decision_type=8 2 2 10 2 10
left_child=1 -1 4 -4 -3 -6
right_child=-2 2 3 -5 5 -7
leaf_value=0.00058697238311290582 0.0093767254504944133 -0.044422616845961445 0.035756377673080264 -0.016688876883842008 -0.029116175867109274 0.017468346519982924
leaf_weight=5295.1376673914492 993.81582966819406 233.15399074554443 179.71809352189302 162.86329404264688 163.82891045510769 76.759966440498829
leaf_count=26874 2691 71 296 238 523 259
internal_value=0.000311267 -0.00116937 -0.0124962 0.0109425 -0.0293829 -0.0142003
internal_weight=7105.28 6111.46 816.324 342.581 473.743 240.589
internal_count=30952 28261 1387 534 853 782
is_linear=0
shrinkage=0.05


Tree=114
num_leaves=7
num_cat=0
split_feature=8 4 36 12 7 34
split_gain=39.6601 85.7763 84.4912 85.3688 82.7027 90.5799
threshold=182.50000000000003 110898.00000000001 3.3054166666666673 4847.0000000000009 49.500000000000007 155.44736111111115
decision_type=10 8 10 10 10 10
left_child=-1 2 -2 -4 5 -3
right_child=1 4 3 -5 -6 -7
leaf_value=0.0017913443164389226 -0.047327456610494048 -0.089845469983059922 -0.00075721013830271208 0.046581939766183994 -0.0049673776770873604 -0.020234098445181963
leaf_weight=5793.006592925638 79.724494349211454 78.427865400910378 798.25023187324405 103.11364331841469 212.35266537219286 115.19600590318441
leaf_count=26930 277 81 2437 246 698 505
internal_value=-2.82532e-05 -0.00760685 0.000424018 0.00488536 -0.0267834 -0.0499823
internal_weight=7180.07 1387.06 981.088 901.364 405.977 193.624
internal_count=31174 4244 2960 2683 1284 586
is_linear=0
shrinkage=0.05


Tree=115
num_leaves=7
num_cat=0
split_feature=37 35 19 24 35 4
split_gain=35.7367 75.2603 76.0009 62.4516 61.9264 60.8419
threshold=0.25833333333333336 9116.8369444444452 13.500000000000002 27.500000000000004 6954.3427777777788 103992.50000000001
decision_type=2 10 10 10 10 10
left_child=3 4 -3 -1 -2 -5
right_child=1 2 -4 5 -6 -7
leaf_value=-0.031616139621496051 0.0014393017040619897 0.062545132341295162 -0.010925779151713264 0.0039712599663210228 -0.02912206321130105 -0.03739805120848691
leaf_weight=225.3252775259316 5848.4724955633283 92.700839102268219 52.972240943461657 637.17468485608697 165.58899490535259 98.164693679660559
leaf_count=2389 22273 533 429 3846 1022 575
internal_value=4.83366e-05 0.00144926 0.0363523 -0.00889534 0.000574344 -0.00176664
internal_weight=7120.4 6159.73 145.673 960.665 6014.06 735.339
internal_count=31067 24257 962 6810 23295 4421
is_linear=0
shrinkage=0.05


Tree=116
num_leaves=7
num_cat=0
split_feature=35 34 35 34 25 22
split_gain=39.8359 38.8052 66.0009 41.5638 40.9876 59.483
threshold=15925.140833333337 8051.884027777779 13499.816805555558 9805.7581944444464 0.22239159891598917 1.2162453239567002
decision_type=10 10 10 10 10 10
left_child=1 4 3 -3 5 -1
right_child=-2 2 -4 -5 -6 -7
leaf_value=0.02945526266200077 -0.032700891928604328 -0.024278022072379574 0.092179012037532079 0.045836771434869028 -0.00202058639594632 0.0012156313295219393
leaf_weight=257.2328298650682 89.781549140810966 46.40376964956522 25.38116006180644 30.962472915649414 6032.7037979513407 647.04978823661804
leaf_count=1110 1396 359 225 297 24935 2782
internal_value=-0.000501986 -6.84179e-05 0.0297077 0.00486148 -0.000530527 0.00936649
internal_weight=7129.52 7039.73 102.747 77.3662 6936.99 904.283
internal_count=31104 29708 881 656 28827 3892
is_linear=0
shrinkage=0.05


Tree=117
num_leaves=7
num_cat=0
split_feature=29 33 19 37 33 20
split_gain=58.1004 41.6405 67.5447 64.5081 51.3028 45.4663
threshold=2.5000000000000004 1.5000000000000002 42.500000000000007 0.61043360433604354 2.5000000000000004 0.099530797864017348
decision_type=2 2 8 2 2 10
left_child=1 -1 4 -4 -3 -5
right_child=-2 2 3 5 -6 -7
leaf_value=0.00099136927284759996 0.02347688177688324 -0.0097346701089225038 0.027422721982364718 -0.033331771406802414 -0.044595556480703277 0.0077703364393026941
leaf_weight=5994.9472850672901 257.5821947902441 254.92951193451881 165.09578221291304 124.09048108011484 179.70545208454132 137.36062328517437
leaf_count=29297 383 353 276 233 367 202
internal_value=0.000395194 -0.000488453 -0.0107362 0.0034014 -0.0244916 -0.011997
internal_weight=7113.71 6856.13 861.182 426.547 434.635 261.451
internal_count=31111 30728 1431 711 720 435
is_linear=0
shrinkage=0.05


Tree=118
num_leaves=7
num_cat=0
split_feature=24 37 4 4 36 14
split_gain=41.9404 55.8273 59.2185 71.6133 96.0613 85.5466
threshold=706.50000000000011 0.41421568627450983 25782.500000000004 53731.500000000007 95.016944444444462 25.500000000000004
decision_type=8 2 10 10 10 10
left_child=-1 -2 -3 -4 -5 -6
right_child=1 2 3 4 5 -7
leaf_value=-0.001489731707215534 0.049115373956670615 0.026001328756390912 -0.01757409888475979 -0.027978558357631741 0.0523668700732874 0.0035355174110989853
leaf_weight=5898.9657113030553 75.261489376425743 269.55660323798656 356.60374094545841 110.95854517817497 151.21490643918514 212.46046471595764
leaf_count=27611 211 767 1127 398 435 545
internal_value=0.000231029 0.00883194 0.00586813 -0.000777162 0.0118944 0.0242743
internal_weight=7075.02 1176.06 1100.79 831.238 474.634 363.675
internal_count=31094 3483 3272 2505 1378 980
is_linear=0
shrinkage=0.05


Tree=119
num_leaves=7
num_cat=0
split_feature=18 18 20 40 16 35
split_gain=55.0675 48.7324 38.5644 85.8094 41.4642 77.3588
threshold=134.00000000000003 94.500000000000014 0.0042441032121259591 12.500000000000002 42.500000000000007 10857.063472222224
decision_type=8 10 10 2 10 10
left_child=1 2 3 -1 5 -4
right_child=-2 -3 4 -5 -6 -7
leaf_value=0.069830765921684551 0.044403446173563517 -0.045537385072377291 0.011348576080608064 0.0047373016068608829 -0.0026740441500455498 -0.03497815125168649
leaf_weight=56.376927733421326 64.290629282593727 54.26518065482378 1097.9071391001344 294.16856860369444 5545.2093183100224 93.288989245891571
leaf_count=20 158 159 6022 1667 21821 1251
internal_value=4.41251e-05 -0.000386019 -8.43163e-06 0.0160408 -0.000854873 0.00758944
internal_weight=7205.51 7141.22 7086.95 350.545 6736.41 1191.2
internal_count=31098 30940 30781 1687 29094 7273
is_linear=0
shrinkage=0.05


Tree=120
num_leaves=7
num_cat=0
split_feature=35 24 20 40 16 4
split_gain=36.3907 42.8117 36.6326 83.9333 47.7124 76.4053
threshold=15925.140833333337 59.500000000000007 0.0042441032121259591 12.500000000000002 42.500000000000007 2535.5000000000005
decision_type=10 10 10 2 10 10
left_child=2 -2 3 -1 5 -4
right_child=1 -3 4 -5 -6 -7
leaf_value=0.069247632304169499 -0.048706718631114559 0.030991502703989784 -0.014729643196431575 0.004415166996482269 -0.0026586636631826472 0.015585262623428834
leaf_weight=55.919782519340515 69.48195942491293 18.03055702522397 267.09673622623086 281.02627691626549 5577.8104230165482 882.36738434061408
leaf_count=20 1177 234 2377 1526 21492 4271
internal_value=-0.000342819 -0.0314987 6.51494e-05 0.01603 -0.000745788 0.00850781
internal_weight=7151.73 87.5125 7064.22 336.946 6727.27 1149.46
internal_count=31097 1411 29686 1546 28140 6648
is_linear=0
shrinkage=0.05


Tree=121
num_leaves=7
num_cat=0
split_feature=13 20 6 35 25 36
split_gain=32.8532 48.3783 47.5036 63.1386 41.936 56.5865
threshold=14.500000000000002 0.031340467328370557 37.500000000000007 846.56597222222229 0.88419706103050866 310.18694444444446
decision_type=8 10 10 8 10 10
left_child=2 -2 4 -4 -1 -6
right_child=1 -3 3 -5 5 -7
leaf_value=-1.3740045299001867e-05 0.040214200728433201 0.0035238753103828744 -0.058350136251131751 -0.0034064934006760718 0.016334766965920473 -0.02406084277744313
leaf_weight=4805.0769688300788 90.554774358868599 1532.4440373852849 81.798668742179871 133.19383746758103 107.40084539353848 387.86585771292448
leaf_count=23373 238 4704 221 534 432 1553
internal_value=-0.000554053 0.00568822 -0.00239446 -0.0251621 -0.00144811 -0.0152252
internal_weight=7138.33 1623 5515.34 214.993 5300.34 495.267
internal_count=31055 4942 26113 755 25358 1985
is_linear=0
shrinkage=0.05


Tree=122
num_leaves=7
num_cat=0
split_feature=17 20 25 40 8 25
split_gain=43.1762 39.0211 48.7648 66.3082 37.7101 66.0963
threshold=51.500000000000007 0.0042441032121259591 0.47380892990770768 12.500000000000002 12.500000000000002 0.8108932102834544
decision_type=10 10 10 2 10 10
left_child=1 2 -1 -4 5 -3
right_child=-2 4 3 -5 -6 -7
leaf_value=-0.019366492288905472 -0.042665114512506319 0.0070209511963642479 0.076431400035854719 0.013595191379512851 -0.0040360000994675198 -0.0146487045522719
leaf_weight=73.861571289598942 55.34116480499506 2228.7740057110786 47.089434266090393 234.3226737678051 4115.6072926186025 412.89195179566741
leaf_count=458 79 11348 17 1236 15863 2034
internal_value=-0.000548727 -0.000191287 0.0158425 0.0252605 -0.00104538 0.00361271
internal_weight=7167.89 7112.55 355.274 281.412 6757.27 2641.67
internal_count=31035 30956 1711 1253 29245 13382
is_linear=0
shrinkage=0.05


Tree=123
num_leaves=7
num_cat=0
split_feature=38 8 16 8 20 13
split_gain=49.7789 43.0195 88.7954 67.1124 59.0094 94.0094
threshold=3.5000000000000004 12.500000000000002 766.50000000000011 1.0000000180025095e-35 0.34312179739850218 12.500000000000002
decision_type=2 10 8 10 10 10
left_child=1 2 3 -1 5 -3
right_child=-2 4 -4 -5 -6 -7
leaf_value=-0.0056585479346856586 0.026776577053201606 -0.0057463561078390964 0.054890302761737231 0.010213146160375339 -0.015084723656754999 0.013057501347291259
leaf_weight=1228.4641825035214 168.7895595356822 2357.1379172727466 79.831405319273472 1443.6010279767215 868.08522338420153 919.97062096372247
leaf_count=7258 139 10048 294 6700 3662 2842
internal_value=0.000347756 -0.000317954 0.00452377 0.0029193 -0.00353384 -0.000455768
internal_weight=7065.88 6897.09 2751.9 2672.07 4145.19 3277.11
internal_count=30943 30804 14252 13958 16552 12890
is_linear=0
shrinkage=0.05


Tree=124
num_leaves=7
num_cat=0
split_feature=36 35 33 16 23 23
split_gain=36.4142 31.9539 43.5689 58.8616 80.2177 49.5084
threshold=1.4283333333333335 14.189861111111112 1.5000000000000002 566.50000000000011 0.98776205092048308 0.64090177523415137
decision_type=8 8 2 8 8 10
left_child=-1 -2 -3 5 -5 -4
right_child=1 2 3 4 -6 -7
leaf_value=-0.028200010907966366 0.025158528439095679 0.0018496922709971067 0.0098218522568031159 -0.024941536551135724 0.024412118200669908 -0.025845535560454908
leaf_weight=105.63053437322378 126.16124669462442 5912.5303437709808 118.12739308178425 123.78265942633152 223.97494588419795 492.17432613670826
leaf_count=450 90 28749 189 233 403 848
internal_value=0.000262119 0.000711645 0.00024477 -0.00961797 0.0067404 -0.0189182
internal_weight=7102.38 6996.75 6870.59 958.059 347.758 610.302
internal_count=30962 30512 30422 1673 636 1037
is_linear=0
shrinkage=0.05


Tree=125
num_leaves=7
num_cat=0
split_feature=21 40 40 3 12 4
split_gain=40.0762 73.7092 43.3695 42.1146 68.8165 53.4466
threshold=0.6002056202878685 12.500000000000002 14.500000000000002 7095.0000000000009 3274.0000000000005 14433.000000000002
decision_type=10 2 2 10 10 10
left_child=1 -1 -3 4 5 -2
right_child=3 2 -4 -5 -6 -7
leaf_value=0.017105908762046009 -0.014979172571246511 -0.023912206654032198 0.0012304250019335508 -0.0012225920102485331 0.036602216730126598 -0.0571866337263559
leaf_weight=752.12357649207115 409.79845195263624 173.95934069156647 4118.4837954826653 1509.9507239349186 49.124640554189682 88.756850741803646
leaf_count=256 3016 57 20661 6361 160 521
internal_value=0.000323552 0.00272214 0.000184837 -0.00554925 -0.0173589 -0.0229865
internal_weight=7102.2 5044.57 4292.44 2057.63 547.68 498.555
internal_count=31032 20974 20718 10058 3697 3537
is_linear=0
shrinkage=0.05


Tree=126
num_leaves=7
num_cat=0
split_feature=20 16 40 0 3 16
split_gain=32.7515 66.3476 70.7179 41.7394 61.2946 53.0842
threshold=0.0068104514533085967 37.500000000000007 14.500000000000002 25.500000000000004 42235.500000000007 72.500000000000014
decision_type=10 10 2 10 10 10
left_child=1 -1 -3 4 -2 -5
right_child=3 2 -4 5 -6 -7
leaf_value=-0.025301431896194722 -0.0071927222526069938 0.066025888171219141 0.011167466180470612 0.017032108586743172 0.045350301803204249 7.0139425513017861e-05
leaf_weight=86.649968426674604 2403.4856429211795 69.293562471866608 295.45239823684096 523.24681843072176 51.882284261286259 3638.2091794162989
leaf_count=578 13556 26 1518 2332 157 12838
internal_value=6.3686e-05 0.0130188 0.0223413 -0.000829265 -0.00599258 0.00222076
internal_weight=7068.22 451.396 364.746 6616.82 2455.37 4161.46
internal_count=31005 2122 1544 28883 13713 15170
is_linear=0
shrinkage=0.05


Tree=127
num_leaves=7
num_cat=0
split_feature=24 25 8 31 25 24
split_gain=36.39 52.7345 57.4586 85.1315 76.5453 96.3675
threshold=14.500000000000002 0.22239159891598917 15.500000000000002 1.5000000000000002 0.84356132611216739 143.50000000000003
decision_type=8 10 10 2 10 10
left_child=-1 -2 3 4 5 -3
right_child=1 2 -4 -5 -6 -7
leaf_value=-0.0099183281522469413 0.017840427530964882 0.0067916592099546858 -0.0036437498845327898 -0.038348862881780792 -0.01143784963168458 0.034702627433413825
leaf_weight=751.6714133694768 462.73513220995665 1510.6919258385897 3537.8033480420709 97.020815998315811 399.46878361329436 385.1230992525816
leaf_count=5572 1575 7570 13193 35 1909 1322
internal_value=0.000450984 0.00167701 0.000401785 0.00637955 0.00834945 0.012538
internal_weight=7144.51 6392.84 5930.11 2392.3 2295.28 1895.82
internal_count=31176 25604 24029 10836 10801 8892
is_linear=0
shrinkage=0.05


Tree=128
num_leaves=7
num_cat=0
split_feature=14 2 38 31 4 36
split_gain=42.7801 65.2883 63.9291 51.4293 42.503 92.3577
threshold=27.500000000000004 3489.5000000000005 1.0000000180025095e-35 1.5000000000000002 202207.00000000003 571.27708333333351
decision_type=8 10 2 2 10 8
left_child=3 2 -2 4 -1 -6
right_child=1 -3 -4 -5 5 -7
leaf_value=-0.0031608166585095233 0.0052920825515120565 -0.00050416887558118442 0.034735113473147873 -0.027278355769958726 -0.014937043034445109 0.049876665610043003
leaf_weight=4151.3487945385277 467.64324682950974 1713.052285362035 301.73939380794764 206.65182845294476 100.53544490039349 111.65242386609316
leaf_count=21949 2314 5665 295 69 337 390
internal_value=-0.000337141 0.00494071 0.0169889 -0.00320623 -0.00203629 0.0195308
internal_weight=7052.62 2482.43 769.383 4570.19 4363.54 212.188
internal_count=31019 8274 2609 22745 22676 727
is_linear=0
shrinkage=0.05


Tree=129
num_leaves=7
num_cat=0
split_feature=12 12 12 22 25 24
split_gain=37.3212 53.1849 48.8544 72.4542 83.081 89.9138
threshold=5565.5000000000009 7584.0000000000009 74.500000000000014 1.1510607487193443 0.59191108137243986 872.50000000000011
decision_type=10 10 10 10 10 10
left_child=2 -2 -1 4 -4 -6
right_child=1 -3 3 -5 5 -7
leaf_value=0.0030725530298390366 0.055223925587980775 0.0056930532088221037 0.01318815724530218 -0.014154477563554561 -0.020321965239080076 0.012593141312884233
leaf_weight=3811.4987507835031 65.525069452822208 240.33532765507698 793.01093169674277 1328.2421493530273 591.94531442597508 313.86727394163609
leaf_count=18774 172 780 2957 5146 2358 1001
internal_value=7.76509e-05 0.0170217 -0.000692069 -0.0054295 0.00141372 -0.00891024
internal_weight=7144.42 305.86 6838.56 3027.07 1698.82 905.813
internal_count=31188 952 30236 11462 6316 3359
is_linear=0
shrinkage=0.05


Tree=130
num_leaves=7
num_cat=0
split_feature=40 25 0 25 23 23
split_gain=33.5753 37.6896 52.8977 43.6609 55.5451 39.1948
threshold=4.5000000000000009 0.22239159891598917 27.500000000000004 0.15849358974358976 1.4999101456525643 1.2306355165679366
decision_type=2 10 8 8 8 10
left_child=-1 2 -2 5 -5 -4
right_child=1 -3 3 4 -6 -7
leaf_value=-0.026264878507229091 -0.0066892757886011711 -0.0012285998084826505 0.027686228714746991 0.0039266240733159844 0.063551441452201526 -0.0029415373647106962
leaf_weight=117.07376152276993 316.19158732518554 6087.4406615719199 174.70826100930572 64.803857110440731 96.052691847085953 247.42618216201663
leaf_count=44 2066 27032 569 304 209 890
internal_value=-0.000268812 0.000185272 0.00971101 0.0185871 0.0403731 0.00991005
internal_weight=7103.7 6986.62 899.183 582.991 160.857 422.134
internal_count=31114 31070 4038 1972 513 1459
is_linear=0
shrinkage=0.05


Tree=131
num_leaves=7
num_cat=0
split_feature=36 36 12 36 34 8
split_gain=42.7233 109.615 98.6899 65.1559 66.9356 127.221
threshold=9504.3365277777793 6841.5052777777792 36.500000000000007 5397.7402777777779 7823.1963888888904 33.500000000000007
decision_type=10 10 10 10 10 10
left_child=1 3 -3 -1 -5 -6
right_child=-2 2 -4 4 5 -7
leaf_value=0.00040084136460601452 -0.031622970266818144 0.10956358272208495 0.011124652928824108 -0.038799766310247709 0.11770051982823232 -0.038671074536467918
leaf_weight=6737.9034616723657 101.61335706338286 37.532104536890984 66.679394766688347 191.08639189973474 17.02424081414938 27.581831850111485
leaf_count=27488 1144 227 342 1414 163 370
internal_value=-0.00020698 0.000266052 0.0499707 -0.000511991 -0.026074 0.0268574
internal_weight=7179.42 7077.81 104.211 6973.6 235.692 44.6061
internal_count=31148 30004 569 29435 1947 533
is_linear=0
shrinkage=0.05


Tree=132
num_leaves=7
num_cat=0
split_feature=21 40 15 4 12 34
split_gain=46.3392 41.7953 32.7127 35.7213 48.9692 61.3889
threshold=0.081574453837783556 4.5000000000000009 1.0000000180025095e-35 141674.50000000003 13.500000000000002 2674.9512500000005
decision_type=10 2 10 10 10 8
left_child=-1 -2 3 4 -3 -6
right_child=1 2 -4 -5 5 -7
leaf_value=0.038340604966023165 -0.030532830950775549 -0.028906442814364271 0.0013842101315870296 0.028546439339873671 -0.018757848378010606 0.042751621431422221
leaf_weight=74.489876382052898 105.6836411356926 278.83224051073194 6427.6253330484033 44.481234900653362 98.614154133945704 61.767722923308611
leaf_count=261 38 2839 26651 182 518 602
internal_value=0.000379214 -5.07828e-05 0.000437066 -0.0120345 -0.0164194 0.00550756
internal_weight=7091.49 7017 6911.32 483.695 439.214 160.382
internal_count=31091 30830 30792 4141 3959 1120
is_linear=0
shrinkage=0.05


Tree=133
num_leaves=7
num_cat=0
split_feature=23 23 24 34 24 23
split_gain=38.8221 74.9571 47.3796 46.9945 46.5217 80.3582
threshold=5.0353701788701182 3.533420079077497 224.50000000000003 1.179027777777778 28.500000000000004 2.5905326821396195
decision_type=8 10 10 10 10 10
left_child=1 4 -2 -3 -1 -6
right_child=2 3 -4 -5 5 -7
leaf_value=-0.010240034795805202 0.018973884417018614 -0.062511539119796997 -0.020092694250916213 -0.011579396520064317 -0.00043159178072108549 0.028214561501707137
leaf_weight=1118.3997868895531 434.3844959884882 73.571425158530474 89.967030793428421 113.82189190015197 5010.2519183568656 252.38471486419439
leaf_count=7705 1747 380 320 557 19605 858
internal_value=-0.000882673 -0.00193106 0.0121445 -0.0326805 -0.00100316 0.000967693
internal_weight=7092.78 6568.43 524.352 187.393 6381.04 5262.64
internal_count=31172 29105 2067 937 28168 20463
is_linear=0
shrinkage=0.05


Tree=134
num_leaves=7
num_cat=0
split_feature=38 36 4 36 40 30
split_gain=39.259 26.9564 57.3809 74.9148 97.4188 89.2828
threshold=5.5000000000000009 47.087083333333339 4060.5000000000005 24.626666666666669 10.500000000000002 3.5000000000000004
decision_type=2 8 10 10 2 2
left_child=1 2 -1 4 -4 -5
right_child=-2 -3 3 5 -6 -7
leaf_value=0.029576706537045784 0.043338834769332368 0.00064146257816686137 0.044981520540670006 -0.014686808284608534 -0.010037921716548888 -0.076782406666623504
leaf_weight=87.754500117152929 46.082888960838318 5981.2228694632649 88.110694646835327 199.83413691073656 587.4905216768384 78.453747302293777
leaf_count=370 60 27638 42 718 2070 186
internal_value=-0.000336173 -0.000653391 -0.00805611 -0.0116544 -0.00258465 -0.0332388
internal_weight=7068.95 7022.87 1041.64 953.889 675.601 278.288
internal_count=31084 31024 3386 3016 2112 904
is_linear=0
shrinkage=0.05


Tree=135
num_leaves=7
num_cat=0
split_feature=16 23 31 33 35 12
split_gain=43.0507 70.5572 65.4475 60.1689 56.5518 52.1109
threshold=973.50000000000011 1.1596068525254337 1.5000000000000002 2.5000000000000004 14.189861111111112 72.500000000000014
decision_type=8 10 2 2 8 10
left_child=2 -2 4 5 -1 -3
right_child=1 3 -4 -5 -6 -7
leaf_value=0.044947679314410793 0.027744059775663712 0.010288229767838084 -0.021143031519507655 0.036413652958999169 4.6634092299771268e-05 -0.03153830121478899
leaf_weight=65.964641626924276 358.64690046384931 128.75387747585773 363.08369660377502 71.141722202301025 5928.4078085534275 165.58329030126333
leaf_count=60 982 457 127 156 28610 670
internal_value=0.000640903 0.0121486 -0.000678356 -0.00332332 0.000577793 -0.0133756
internal_weight=7081.58 724.126 6357.46 365.479 5994.37 294.337
internal_count=31062 2265 28797 1283 28670 1127
is_linear=0
shrinkage=0.05


Tree=136
num_leaves=7
num_cat=0
split_feature=17 18 12 23 9 36
split_gain=31.2204 32.393 72.1845 94.6139 42.5816 49.6722
threshold=51.500000000000007 26.500000000000004 11.500000000000002 0.66745218915352 25.500000000000004 44.12916666666667
decision_type=10 8 10 10 10 8
left_child=1 -1 -3 -4 5 -5
right_child=-2 2 3 4 -6 -7
leaf_value=-0.0010854743722097653 -0.037766779914736717 0.026747772532022582 0.032487694720217251 -0.051129434184512296 0.01611397217161761 -0.0093532087651362651
leaf_weight=5979.7734205164015 49.24819390848279 350.07322922721505 153.25783446058631 88.954388007521629 103.87072071433067 306.8814360126853
leaf_count=27925 79 1074 415 273 295 1013
internal_value=1.80708e-05 0.000311391 0.00860311 -0.0012541 -0.0118219 -0.0192621
internal_weight=7032.06 6982.81 1003.04 652.964 499.707 395.836
internal_count=31074 30995 3070 1996 1581 1286
is_linear=0
shrinkage=0.05


Tree=137
num_leaves=7
num_cat=0
split_feature=25 21 21 19 22 23
split_gain=41.4603 42.8986 39.3342 43.7011 57.4593 59.9066
threshold=0.18910678971654585 0.82234299516908227 0.39628393925448696 16.500000000000004 1.2258100535913703 0.88300949314577071
decision_type=10 10 10 10 10 10
left_child=2 -2 -1 4 5 -4
right_child=1 -3 3 -5 -6 -7
leaf_value=0.050041427448990532 -0.0013213303495943395 -0.030052644616678743 -0.014964973342439555 0.019415353159487031 -0.018173199316268342 0.051956649205756079
leaf_weight=52.491366988047957 6154.5934353135526 127.74164263904095 57.399579897522926 359.89686366915703 257.43890937790275 69.586509585380554
leaf_count=151 26642 1145 344 1187 1401 252
internal_value=-0.000563856 -0.00192897 0.0101441 0.00701528 -0.00469384 0.0222861
internal_weight=7079.15 6282.34 796.813 744.322 384.425 126.986
internal_count=31122 27787 3335 3184 1997 596
is_linear=0
shrinkage=0.05


Tree=138
num_leaves=7
num_cat=0
split_feature=37 36 37 24 34 36
split_gain=42.0648 62.9427 87.4773 69.3837 71.8182 72.5651
threshold=0.73385416666666681 1414.2820833333335 0.75204918032786894 27.500000000000004 2509.9959722222225 47.087083333333339
decision_type=2 10 2 10 10 10
left_child=-1 2 -2 -4 5 -5
right_child=1 -3 3 4 -6 -7
leaf_value=-0.0016793213774110125 0.032744763321518232 0.039012124761194755 -0.047140564696545532 -0.023307572166883006 0.050723044654807481 0.0078696117930626315
leaf_weight=5689.5944626647979 216.32119036465883 142.19812340289354 73.505220491439104 269.99525528401136 64.451951861381531 576.08087291568518
leaf_count=26823 557 369 510 886 300 1674
internal_value=0.000200651 0.00814444 0.00434109 -0.00203689 0.0018418 -0.00215796
internal_weight=7032.15 1342.55 1200.35 984.033 910.528 846.076
internal_count=31119 4296 3927 3370 2860 2560
is_linear=0
shrinkage=0.05


Tree=139
num_leaves=7
num_cat=0
split_feature=20 38 16 35 37 37
split_gain=38.3298 58.2346 64.7223 53.7364 70.2763 80.0356
threshold=0.089491413808824291 1.0000000180025095e-35 193.50000000000003 3731.5125000000003 0.84495192307692324 0.8062108810784786
decision_type=10 2 8 10 2 2
left_child=1 -1 -3 4 5 -2
right_child=3 2 -4 -5 -6 -7
leaf_value=0.00041528399974761939 -0.0061643604525575164 -0.0028795599435625712 0.028730017326013185 0.0070352299815348495 -0.036745276071417407 0.029082165699941428
leaf_weight=2052.3139113113284 2973.9287650734186 254.41111055761576 436.50962294638157 1034.5442602969706 171.0354665145278 165.34845323115587
leaf_count=10990 11483 175 395 7111 539 446
internal_value=3.21202e-05 0.00465461 0.0171537 -0.0028884 -0.00599568 -0.0042646
internal_weight=7088.09 2743.23 690.921 4344.86 3310.31 3139.28
internal_count=31139 11560 570 19579 12468 11929
is_linear=0
shrinkage=0.05


Tree=140
num_leaves=7
num_cat=0
split_feature=36 36 4 3 37 12
split_gain=28.9438 73.9979 89.0154 101.343 107.943 83.4496
threshold=47.087083333333339 237.7490277777778 146716.50000000003 606.50000000000011 0.45804195804195807 18389.500000000004
decision_type=8 8 10 10 2 8
left_child=-1 2 3 -2 -5 -3
right_child=1 5 -4 4 -6 -7
leaf_value=-0.0069418313422864517 -0.028593520493783098 -0.00067490790588194528 -0.028182651257242765 -0.012898125637330641 0.046490207135886398 0.051274714370415288
leaf_weight=1065.9467766899616 70.10962050780654 5268.8918411098421 84.426483392715454 93.926325097680092 367.60687007009983 73.453525245189667
leaf_count=3438 456 25401 284 271 963 175
internal_value=0.000627033 0.00198577 0.0183211 0.0258998 0.0343954 8.66394e-05
internal_weight=7024.36 5958.41 616.069 531.643 461.533 5342.35
internal_count=30988 27550 1974 1690 1234 25576
is_linear=0
shrinkage=0.05


Tree=141
num_leaves=7
num_cat=0
split_feature=21 15 36 24 22 34
split_gain=29.4728 49.682 75.0669 30.9614 65.8518 52.0015
threshold=0.99496226128362297 97.500000000000014 1241.6665277777781 872.50000000000011 0.6141212194428417 781.60888888888906
decision_type=8 10 10 10 10 10
left_child=3 2 -2 -1 -5 -6
right_child=1 -3 -4 4 5 -7
leaf_value=-0.0016723044658082432 0.065180553771522196 -0.01855389079929701 -0.01434363357911003 0.025849967121515369 -0.016113597255520726 0.023058153080549475
leaf_weight=6170.0731329377741 78.101062275469303 54.699772253632545 43.75348012149334 322.44973148405552 278.19502308964729 116.02181833982468
leaf_count=28039 300 187 268 1043 732 480
internal_value=-3.56244e-06 0.0198817 0.0371865 -0.000527412 0.00927272 -0.00444057
internal_weight=7063.29 176.554 121.855 6886.74 716.667 394.217
internal_count=31049 755 568 30294 2255 1212
is_linear=0
shrinkage=0.05


end of trees

feature_importances:
ev_gap_last=70
n_dying_ch=69
ev_h_since_prev=60
n_alarm_28d=54
n_rows_28d=53
ev_relapse_rate=52
act_share_7d=51
n_undef_28d=43
rate_28d=38
ev_h_since_inc=34
n_bad_28d=24
dying_share=24
n_alarm_7d=23
ev_open_ch=23
n_ch_bad_28d=20
hour=20
ev_inc_168h=19
act_share_1d=17
ev_inc_24h=14
n_active_ch=13
n_rows_7d=13
rate_7d=13
ev_inc_672h=13
ev_fail_3h=13
n_alarm_3d=11
n_rows_3d=10
ev_inc_72h=9
n_rows_1d=8
n_undef_7d=8
n_ch_bad_7d=6
ev_fail_168h=5
n_undef_3d=4
n_ch_bad_1d=4
n_bad_3d=3
n_undef_1d=3
ev_fail_24h=3
n_alarm_1d=2
ev_inc_6h=2
n_bad_7d=1

parameters:
[boosting: gbdt]
[objective: binary]
[metric: average_precision]
[tree_learner: serial]
[device_type: cpu]
[data_sample_strategy: bagging]
[data: ]
[valid: ]
[num_iterations: 2000]
[learning_rate: 0.05]
[num_leaves: 7]
[num_threads: 6]
[seed: 44]
[deterministic: 1]
[force_col_wise: 1]
[force_row_wise: 0]
[histogram_pool_size: -1]
[max_depth: -1]
[min_data_in_leaf: 200]
[min_sum_hessian_in_leaf: 0.001]
[bagging_fraction: 0.8]
[pos_bagging_fraction: 1]
[neg_bagging_fraction: 1]
[bagging_freq: 1]
[bagging_seed: 21897]
[bagging_by_query: 0]
[feature_fraction: 0.8]
[feature_fraction_bynode: 1]
[feature_fraction_seed: 12646]
[extra_trees: 0]
[extra_seed: 20733]
[early_stopping_round: 0]
[early_stopping_min_delta: 0]
[first_metric_only: 1]
[max_delta_step: 0]
[lambda_l1: 0]
[lambda_l2: 5]
[linear_lambda: 0]
[min_gain_to_split: 0]
[drop_rate: 0.1]
[max_drop: 50]
[skip_drop: 0.5]
[xgboost_dart_mode: 0]
[uniform_drop: 0]
[drop_seed: 20829]
[top_rate: 0.2]
[other_rate: 0.1]
[min_data_per_group: 100]
[max_cat_threshold: 32]
[cat_l2: 10]
[cat_smooth: 10]
[max_cat_to_onehot: 4]
[top_k: 20]
[monotone_constraints: ]
[monotone_constraints_method: basic]
[monotone_penalty: 0]
[feature_contri: ]
[forcedsplits_filename: ]
[refit_decay_rate: 0.9]
[cegb_tradeoff: 1]
[cegb_penalty_split: 0]
[cegb_penalty_feature_lazy: ]
[cegb_penalty_feature_coupled: ]
[path_smooth: 0]
[interaction_constraints: ]
[verbosity: -1]
[saved_feature_importance_type: 0]
[use_quantized_grad: 0]
[num_grad_quant_bins: 4]
[quant_train_renew_leaf: 0]
[stochastic_rounding: 1]
[linear_tree: 0]
[max_bin: 255]
[max_bin_by_feature: ]
[min_data_in_bin: 3]
[bin_construct_sample_cnt: 200000]
[data_random_seed: 182]
[is_enable_sparse: 1]
[enable_bundle: 1]
[use_missing: 1]
[zero_as_missing: 0]
[feature_pre_filter: 1]
[pre_partition: 0]
[two_round: 0]
[header: 0]
[label_column: ]
[weight_column: ]
[group_column: ]
[ignore_column: ]
[categorical_feature: ]
[forcedbins_filename: ]
[precise_float_parser: 0]
[parser_config_file: ]
[objective_seed: 3944]
[num_class: 1]
[is_unbalance: 0]
[scale_pos_weight: 1]
[sigmoid: 1]
[boost_from_average: 1]
[reg_sqrt: 0]
[alpha: 0.9]
[fair_c: 1]
[poisson_max_delta_step: 0.7]
[tweedie_variance_power: 1.5]
[lambdarank_truncation_level: 30]
[lambdarank_norm: 1]
[label_gain: ]
[lambdarank_position_bias_regularization: 0]
[eval_at: ]
[multi_error_top_k: 1]
[auc_mu_weights: ]
[num_machines: 1]
[local_listen_port: 12400]
[time_out: 120]
[machine_list_filename: ]
[machines: ]
[gpu_platform_id: -1]
[gpu_device_id: -1]
[gpu_use_dp: 0]
[num_gpu: 1]

end of parameters

pandas_categorical:[]
