tree
version=v4
num_class=1
num_tree_per_iteration=1
label_index=0
max_feature_idx=41
objective=binary sigmoid:1
feature_names=n_active_ch n_rows_1d n_rows_3d n_rows_7d n_rows_28d n_bad_1d n_bad_3d n_bad_7d n_bad_28d n_undef_1d n_undef_3d n_undef_7d n_undef_28d n_alarm_1d n_alarm_3d n_alarm_7d n_alarm_28d n_ch_bad_1d n_ch_bad_7d n_ch_bad_28d act_share_1d act_share_7d rate_7d rate_28d n_dying_ch dying_share ev_inc_6h ev_inc_24h ev_inc_72h ev_inc_168h ev_inc_672h ev_fail_3h ev_fail_24h ev_fail_168h ev_h_since_inc ev_h_since_prev ev_gap_last ev_relapse_rate ev_open_ch is_rearm hour dow
feature_infos=[0:1459] [0:200094] [0:575548] [0:1039472] [0:3446064] [0:32012] [0:32027] [0:32027] [0:32057] [0:37262] [0:71955] [0:122355] [0:165289] [0:32013] [0:32065] [0:32176] [0:33059] [0:383] [0:947] [0:1109] [0:1] [0.0054644808743169399:1] [0:52] [0:13] [0:1420] [0:1] [0:3] [0:7] [0:11] [0:18] [0:25] [0:191] [0:561] [0:1165] [1:22977.983611111111] [2.0238888888888891:28233.218888888889] [1.0238888888888888:21790.846388888887] [0.090909090909090912:0.96551724137931039] [0:195] [0:1] [0:23] [0:6]
tree_sizes=884 897 901 902 898 903 906 902 901 898 902 903 900 897 907 900 898 901 907 903 907 899 908 907 903 906 911 902 904 905 904 903 905 903 900 901 906 904 909 906 912 907 906 908 913 902 909 903 903 911 903 906 903 895 913 906 906 908 897 895 903 901 915 891 900 904 909 898 902 906 901 902 911 901 903 908 901 897 909 906 906 906 905 910 903 897 902 903 899 905 903 905 902 896 906 903 905 904 901 903 903 914 905 901 903 905 910 908 918 902 904 907 897 904

Tree=0
num_leaves=7
num_cat=0
split_feature=30 24 24 29 16 16
split_gain=4290.86 1501.6 508.713 505.799 485.305 347.597
threshold=1.5000000000000002 135.50000000000003 747.50000000000011 2.5000000000000004 291.50000000000006 582.50000000000011
decision_type=2 8 8 2 10 10
left_child=1 4 -3 5 -1 -2
right_child=3 2 -4 -5 -6 -7
leaf_value=-0.58460049455646468 -0.51572925618630117 -0.54354658341331619 -0.49278750534086047 -0.43467617098295414 -0.54378787272138429 -0.46642729045159598
leaf_weight=3931.6691199541092 787.40291929244995 1643.5989878177643 700.4818103313446 505.95518779754639 893.84639537334442 663.9935485124588
leaf_count=15713 1708 6148 2398 371 3328 1373
internal_value=-0.543192 -0.561112 -0.528303 -0.477675 -0.577049 -0.492987
internal_weight=9126.95 7169.6 2344.08 1957.35 4825.52 1451.4
internal_count=31039 27587 8546 3452 19041 3081
is_linear=0
shrinkage=1


Tree=1
num_leaves=7
num_cat=0
split_feature=35 35 24 24 30 15
split_gain=4462.04 1021.63 458.12 271.119 247.283 235.868
threshold=2665.1501388888896 228.41652777777782 102.50000000000001 872.50000000000011 2.5000000000000004 150.50000000000003
decision_type=8 10 8 10 2 10
left_child=1 4 -2 5 -1 -3
right_child=2 3 -4 -5 -6 -7
leaf_value=0.03747302009655961 -0.044625610174167697 0.0076617601809401345 -0.010893844726650578 0.054636513100744535 0.092930184474746019 0.042194973160559805
leaf_weight=282.96293990314007 3239.7370838373899 2106.1728693693876 1465.0211503058672 534.21015651524067 784.11586640775204 642.47597029805183
leaf_count=337 13450 6912 5808 1751 766 2031
internal_value=-0.000412038 0.0360693 -0.0341445 0.0221895 0.0784677 0.0157956
internal_weight=9054.7 4349.94 4704.76 3282.86 1067.08 2748.65
internal_count=31055 11797 19258 10694 1103 8943
is_linear=0
shrinkage=0.05


Tree=2
num_leaves=7
num_cat=0
split_feature=35 24 35 35 37 30
split_gain=4000.78 867.266 445.099 428.115 237.869 187.371
threshold=1332.7075000000002 635.50000000000011 205.22361111111113 5436.9231944444455 0.37797619047619052 2.5000000000000004
decision_type=8 8 10 8 2 2
left_child=2 3 5 4 -2 -1
right_child=1 -3 -4 -5 -6 -7
leaf_value=0.035016132756457936 -0.034616639314990164 0.036584486802054374 0.032287781463483413 -0.041473659865291106 -0.0012859457525862563 0.084534223266761258
leaf_weight=263.46322682499886 830.31549365818501 538.47871731221676 1944.1138441562653 3208.2928453087807 1491.4599160701036 806.41573651134968
leaf_count=314 3213 1976 5660 13477 5742 727
internal_value=-0.000363003 -0.0237463 0.0466796 -0.0296486 -0.0132545 0.0725597
internal_weight=9082.54 6068.55 3013.99 5530.07 2321.78 1069.88
internal_count=31109 24408 6701 22432 8955 1041
is_linear=0
shrinkage=0.05


Tree=3
num_leaves=7
num_cat=0
split_feature=35 35 16 24 12 1
split_gain=3746.66 872.862 469.479 413.174 268.177 232.394
threshold=2440.2983333333336 110.55194444444446 346.50000000000006 102.50000000000001 21.500000000000004 2255.5000000000005
decision_type=8 10 10 8 10 10
left_child=1 -1 -3 4 -2 -4
right_child=3 2 5 -5 -6 -7
leaf_value=0.079955298739967512 -0.052904775303047519 0.003956994819483496 0.05770161205595975 -0.0091747400393936054 -0.023749732458874361 0.020978844074619724
leaf_weight=821.28623276948929 1882.8488789945841 1701.9606630206108 940.03475275635719 1538.6626021713018 1378.6194758862257 807.84431354701519
leaf_count=595 8068 5423 2621 6137 5787 2480
internal_value=-0.000275065 0.0337696 0.0226746 -0.0305714 -0.0406362 0.0408371
internal_weight=9071.26 4271.13 3449.84 4800.13 3261.47 1747.88
internal_count=31111 11119 10524 19992 13855 5101
is_linear=0
shrinkage=0.05


Tree=4
num_leaves=7
num_cat=0
split_feature=35 38 24 15 24 20
split_gain=3341.37 679.828 381.153 327.772 251.271 242.051
threshold=2629.6495833333338 1.0000000180025095e-35 102.50000000000001 155.50000000000003 785.50000000000011 0.12220435869953557
decision_type=8 2 8 10 10 10
left_child=1 4 -2 5 -1 -3
right_child=2 3 -4 -5 -6 -7
leaf_value=0.0043952254075673679 -0.040087090513750472 0.0599507467888937 -0.0092267230240808702 0.081068449656406083 0.042551279459167993 0.015687428824517079
leaf_weight=1897.395973533392 3175.8286891430616 604.67625658214092 1465.0210625678301 669.15945191681385 554.0252870619297 635.76419058442116
leaf_count=8066 13645 370 5866 460 2297 476
internal_value=-0.000851505 0.0305551 -0.0303655 0.052886 0.0130876 0.0374185
internal_weight=9001.87 4361.02 4640.85 1909.6 2451.42 1240.44
internal_count=31180 11669 19511 1306 10363 846
is_linear=0
shrinkage=0.05


Tree=5
num_leaves=7
num_cat=0
split_feature=36 38 24 4 29 16
split_gain=2669.3 1215.56 354.964 235.065 217.859 202.547
threshold=2701.1322222222229 1.0000000180025095e-35 729.50000000000011 158808.50000000003 2.5000000000000004 582.50000000000011
decision_type=8 2 10 8 2 10
left_child=1 2 5 -2 -3 -1
right_child=3 4 -4 -5 -6 -7
leaf_value=-0.0099247298281025572 -0.038351305601535587 0.043358651930171646 0.036004190127208645 0.028931090181283578 0.083196667450529074 0.022647260783009823
leaf_weight=2398.0901853591204 3173.1073866486549 1488.1751070171595 698.79252594709396 131.86585927009583 455.52049848437309 590.66051237285137
leaf_count=10447 13387 1137 2888 477 191 2497
internal_value=1.23562e-05 0.0209422 0.0040567 -0.0356271 0.0528845 -0.00346052
internal_weight=8936.21 5631.24 3687.54 3304.97 1943.7 2988.75
internal_count=31024 17160 15832 13864 1328 12944
is_linear=0
shrinkage=0.05


Tree=6
num_leaves=7
num_cat=0
split_feature=36 30 24 16 24 12
split_gain=2299.42 1023.05 387.912 290.307 254.474 172.55
threshold=2701.1322222222229 2.5000000000000004 716.50000000000011 728.50000000000011 102.50000000000001 16.500000000000004
decision_type=8 2 10 10 8 10
left_child=1 2 3 -1 -2 -6
right_child=4 -3 -4 -5 5 -7
leaf_value=-0.0054013944108832427 -0.042181392664078839 0.060329135977652992 0.036090893418985401 0.035416792133664485 0.020453954013624039 -0.027260593766580656
leaf_weight=3109.5518042892218 2440.8973961025476 1159.5200431197882 953.44161169230938 501.43327277898788 295.87725888192654 508.2408541738987
leaf_count=11141 10694 1652 2849 1610 1058 2025
internal_value=-0.000562701 0.0184953 0.00781374 0.000307888 -0.0341563 -0.009686
internal_weight=8968.96 5723.95 4564.43 3610.99 3245.02 804.118
internal_count=31029 17252 15600 12751 13777 3083
is_linear=0
shrinkage=0.05


Tree=7
num_leaves=7
num_cat=0
split_feature=36 30 37 4 38 24
split_gain=2182.62 830.221 342.334 233.836 231.055 181.768
threshold=2914.9948611111117 2.5000000000000004 0.28991596638655465 236708.50000000003 1.0000000180025095e-35 747.50000000000011
decision_type=8 2 2 8 2 10
left_child=1 2 -1 -2 5 -4
right_child=3 -3 4 -5 -6 -7
leaf_value=-0.027185581224083218 -0.035302520826094488 0.056034224277937084 0.0002869066389023598 0.0667146367026622 0.033837812920656539 0.03090825334193702
leaf_weight=582.8116085678339 3148.1451418548822 1141.8274004757404 2372.2116519510746 52.747635737061501 1045.1947798728943 604.08730643987656
leaf_count=2254 13608 1633 10279 166 800 2469
internal_value=-0.000461976 0.0179662 0.00847506 -0.0335199 0.0136705 0.00654341
internal_weight=8947.03 5746.13 4604.31 3200.89 4021.49 2976.3
internal_count=31209 17435 15802 13774 13548 12748
is_linear=0
shrinkage=0.05


Tree=8
num_leaves=7
num_cat=0
split_feature=35 27 24 12 16 30
split_gain=2424.59 513.463 279.113 220.486 200.174 178.898
threshold=2818.6045833333342 1.0000000180025095e-35 102.50000000000001 20.500000000000004 533.50000000000011 4.5000000000000009
decision_type=8 2 8 10 10 2
left_child=1 4 3 -2 -1 -3
right_child=2 5 -4 -5 -6 -7
leaf_value=0.001896185168500002 -0.04667781091921358 0.035751258122137079 -0.0076781846472164786 -0.018960199424192446 0.030875281517880805 0.070498963476317719
leaf_weight=1838.8304718434811 1718.5329003334045 1458.9967513978481 1358.6176921576262 1247.8001099824905 877.1189928650856 505.89556330442429
leaf_count=7812 7903 714 5576 5502 3601 222
internal_value=0.000489974 0.0254147 -0.0264839 -0.0350698 0.0112946 0.0448539
internal_weight=9005.79 4680.84 4324.95 2966.33 2715.95 1964.89
internal_count=31330 12349 18981 13405 11413 936
is_linear=0
shrinkage=0.05


Tree=9
num_leaves=7
num_cat=0
split_feature=35 30 24 37 0 16
split_gain=2045 484.206 273.872 247.692 158.698 157.435
threshold=2892.4106944444452 2.5000000000000004 102.50000000000001 0.25833333333333336 128.50000000000003 728.50000000000011
decision_type=8 2 8 2 10 10
left_child=1 3 4 -1 -2 -5
right_child=2 -3 -4 5 -6 -7
leaf_value=-0.033304469533731194 -0.036132756484753469 0.050084776104644124 -0.0067737529902609063 0.011602174737709891 0.031710866998599922 0.03967712758897797
leaf_weight=260.49127820134163 2788.3462316244841 1188.3906248956919 1354.4663734734058 2635.3695863038301 85.282283589243889 613.58279155194759
leaf_count=806 12921 1672 5491 8077 312 1816
internal_value=-0.000131093 0.0225622 -0.0253425 0.0131843 -0.0340677 0.0169571
internal_weight=8925.93 4697.83 4228.09 3509.44 2873.63 3248.95
internal_count=31095 12371 18724 10699 13233 9893
is_linear=0
shrinkage=0.05


Tree=10
num_leaves=7
num_cat=0
split_feature=35 34 4 36 16 30
split_gain=1941.88 405.909 274.94 242.731 196.513 162.714
threshold=2558.7504166666672 38.665000000000006 2364.5000000000005 5118.1291666666675 278.50000000000006 2.5000000000000004
decision_type=8 10 10 10 10 2
left_child=1 5 -2 -4 -3 -1
right_child=2 4 3 -5 -6 -7
leaf_value=0.026873415903352984 -0.04675318453021024 -0.0066769928174128974 -0.0093457578073201063 -0.041033258222206104 0.021814767132814369 0.055606906552487824
leaf_weight=1103.8642004728317 974.20558923482895 1046.6622334420681 2633.520871669054 781.22345966100693 1423.7727644145489 913.48195099830627
leaf_count=701 4552 4466 11533 3477 5853 499
internal_value=0.00026099 0.0233751 -0.0233733 -0.0166446 0.00975441 0.0399896
internal_weight=8876.73 4487.78 4388.95 3414.74 2470.43 2017.35
internal_count=31081 11519 19562 15010 10319 1200
is_linear=0
shrinkage=0.05


Tree=11
num_leaves=7
num_cat=0
split_feature=35 16 35 24 36 37
split_gain=1857.59 525.328 336.555 215.952 177.039 172.085
threshold=1332.7075000000002 291.50000000000006 110.55194444444446 147.50000000000003 4824.6498611111119 0.28991596638655465
decision_type=8 8 10 10 10 2
left_child=2 3 -1 -2 -3 -4
right_child=1 4 5 -5 -6 -7
leaf_value=0.057967366346977828 -0.031707516421115044 0.014250922261827788 -0.036596043612255387 -0.0035104394984712727 -0.042204774490027699 0.024294269240856984
leaf_weight=849.03593200445175 3321.4122735857964 1352.6608222126961 118.31163081526756 854.88171564042568 149.82684561610222 2147.4375416636467
leaf_count=606 15172 5039 258 3318 690 5849
internal_value=0.000182762 -0.0168334 0.0311834 -0.0259467 0.00849989 0.0210412
internal_weight=8793.57 5678.78 3114.79 4176.29 1502.49 2265.75
internal_count=30932 24219 6713 18490 5729 6107
is_linear=0
shrinkage=0.05


Tree=12
num_leaves=7
num_cat=0
split_feature=35 0 16 36 34 37
split_gain=1644.25 436.612 230.359 225.38 187.213 186.821
threshold=1332.7075000000002 31.500000000000004 958.50000000000011 4824.6498611111119 3587.7365277777781 0.37797619047619052
decision_type=8 10 10 10 8 2
left_child=2 4 -1 -3 5 -2
right_child=1 3 -4 -5 -6 -7
leaf_value=0.021663247366632429 -0.03313378583646856 0.00733591825741593 0.05530029636383349 -0.037478975275111764 -0.040816402098377835 -0.0018805607099296236
leaf_weight=2457.1159675121307 935.8216927498579 1893.6763332635164 642.42438764870167 324.193035364151 1521.2462394833565 973.64608745276928
leaf_count=5575 4107 7335 1141 1482 7589 3751
internal_value=-0.000523055 -0.0165768 0.0287128 0.000715614 -0.0277407 -0.0172442
internal_weight=8748.12 5648.58 3099.54 2217.87 3430.71 1909.47
internal_count=30980 24264 6716 8817 15447 7858
is_linear=0
shrinkage=0.05


Tree=13
num_leaves=7
num_cat=0
split_feature=35 34 24 4 24 36
split_gain=1587.63 391.4 232.487 162.506 155.978 144.102
threshold=2846.2472222222227 14.850416666666669 635.50000000000011 2364.5000000000005 831.50000000000011 237.7490277777778
decision_type=8 10 8 10 10 10
left_child=1 5 3 -2 -3 -1
right_child=2 4 -4 -5 -6 -7
leaf_value=0.051664324930736694 -0.044076399752762514 0.0017078271778552215 0.031951749567254988 -0.019880015815378446 0.031515103803532472 0.023892169678847448
leaf_weight=903.3851969987154 910.65308621525764 2195.2576496005058 179.51654399931431 2958.4932043254375 543.77224443852901 995.15537771582603
leaf_count=391 4473 9253 697 13541 2190 456
internal_value=-0.000172368 0.0197906 -0.0230353 -0.0256245 0.00767203 0.037208
internal_weight=8686.23 4637.57 4048.66 3869.15 2739.03 1898.54
internal_count=31001 12290 18711 18014 11443 847
is_linear=0
shrinkage=0.05


Tree=14
num_leaves=7
num_cat=0
split_feature=35 29 37 14 24 38
split_gain=1271.09 320.092 247.556 221.705 134.387 131.012
threshold=2846.2472222222227 2.5000000000000004 0.25833333333333336 1.0000000180025095e-35 635.50000000000011 1.0000000180025095e-35
decision_type=8 2 2 8 8 2
left_child=1 2 -1 -2 -5 -4
right_child=3 -3 5 4 -6 -7
leaf_value=-0.033484992885070265 -0.03679041439016633 0.05484799396136273 0.0089108943527311437 -0.015049017686333955 0.030424845943624726 0.027588463350957423
leaf_weight=263.23571839928627 1387.5408967584372 509.79609642922878 2423.3055336326361 2438.6805265545845 169.4436903744936 1535.7126447707415
leaf_count=860 6870 375 10081 11209 635 1106
internal_value=7.99528e-05 0.0176055 0.0130492 -0.0206715 -0.0120421 0.0161816
internal_weight=8727.72 4732.05 4222.25 3995.67 2608.12 3959.02
internal_count=31136 12422 12047 18714 11844 11187
is_linear=0
shrinkage=0.05


Tree=15
num_leaves=7
num_cat=0
split_feature=35 16 16 4 28 3
split_gain=1302.96 418.724 242.678 181.573 170.171 189.261
threshold=1332.7075000000002 288.50000000000006 666.50000000000011 2535.5000000000005 2.5000000000000004 5296.5000000000009
decision_type=8 10 10 10 2 10
left_child=2 3 4 -2 5 -1
right_child=1 -3 -4 -5 -6 -7
leaf_value=0.031373130990354686 -0.041811739355809438 0.007740794496640363 0.045652173163083752 -0.016948852693599702 0.062107351908687318 -0.0012111677108876922
leaf_weight=722.40384747087955 968.01235698163509 1528.7283791452646 1036.0207830816507 3060.5645557940006 177.1503886282444 1149.5561887770891
leaf_count=1727 4879 5892 2046 13648 82 2837
internal_value=-5.88094e-05 -0.0145208 0.0259731 -0.0229675 0.0159366 0.0114134
internal_weight=8642.44 5557.31 3085.13 4028.58 2049.11 1871.96
internal_count=31111 24419 6692 18527 4646 4564
is_linear=0
shrinkage=0.05


Tree=16
num_leaves=7
num_cat=0
split_feature=35 16 16 4 3 28
split_gain=1255.71 393.058 249.604 182.153 160.408 150.777
threshold=1244.207916666667 288.50000000000006 706.50000000000011 2535.5000000000005 5296.5000000000009 2.5000000000000004
decision_type=8 8 10 10 10 2
left_child=2 3 4 -2 -1 -6
right_child=1 -3 -4 -5 5 -7
leaf_value=0.033553587919222083 -0.04098576664917581 0.0072819060325313356 0.047472402352337878 -0.016060693106769955 -0.00093559888435670304 0.054051354210576108
leaf_weight=820.40967477858067 962.91534869372845 1589.8054284751415 941.33925041556358 3082.5532273501158 1123.0683101862669 135.21366116404533
leaf_count=1705 4921 6032 1816 13779 2793 68
internal_value=0.000172973 -0.0137663 0.026163 -0.0220367 0.0164222 0.00516379
internal_weight=8655.3 5635.27 3020.03 4045.47 2078.69 1258.28
internal_count=31114 24732 6382 18700 4566 2861
is_linear=0
shrinkage=0.05


Tree=17
num_leaves=7
num_cat=0
split_feature=35 24 4 37 29 12
split_gain=1011.73 387.025 233.106 200.898 179.548 148.704
threshold=1244.207916666667 706.50000000000011 2364.5000000000005 0.37797619047619052 2.5000000000000004 32.500000000000007
decision_type=8 8 10 2 2 10
left_child=4 2 5 -4 -1 -2
right_child=1 -3 3 -5 -6 -7
leaf_value=0.017937082259510403 -0.050854350196695833 0.028893250009895306 -0.024091846135826111 -0.0018260995375612783 0.050531279872720769 -0.0042258004484895858
leaf_weight=2493.6263974756002 692.32083582878113 508.165412068367 1799.1204658448696 2312.5307992100716 507.27072234451771 227.80567260086536
leaf_count=5955 3682 1710 8558 9572 363 1110
internal_value=0.000162483 -0.0125006 -0.0167056 -0.0115863 0.0235217 -0.0393952
internal_weight=8540.84 5539.94 5031.78 4111.65 3000.9 920.127
internal_count=30950 24632 22922 18130 6318 4792
is_linear=0
shrinkage=0.05


Tree=18
num_leaves=7
num_cat=0
split_feature=35 0 38 12 24 20
split_gain=986.996 326.219 186.621 142.242 211.653 138.242
threshold=1309.4962500000004 31.500000000000004 1.0000000180025095e-35 32.500000000000007 54.500000000000007 0.12220435869953557
decision_type=8 8 2 10 10 10
left_child=2 3 -1 4 -2 -4
right_child=1 -3 5 -5 -6 -7
leaf_value=0.0087681066225253502 -0.043970445347184056 0.002154267222233009 0.048538528906691476 -0.0099524576113508081 -0.0097189196921036794 0.020097990158978795
leaf_weight=1355.0396258980036 1216.6729644238949 2223.5020846426487 814.43296550214291 1317.5416091233492 720.51506692171097 918.65946133434772
leaf_count=5530 6509 8997 520 5878 3179 568
internal_value=0.000132099 -0.0126076 0.0227157 -0.0226802 -0.0312888 0.0335643
internal_weight=8566.36 5478.23 3088.13 3254.73 1937.19 1733.09
internal_count=31181 24563 6618 15566 9688 1088
is_linear=0
shrinkage=0.05


Tree=19
num_leaves=7
num_cat=0
split_feature=35 24 4 28 36 36
split_gain=852.003 362.698 214.074 202.692 184.913 164.777
threshold=1187.8637500000002 706.50000000000011 2364.5000000000005 2.5000000000000004 4917.4005555555568 3806.3420833333334
decision_type=8 8 10 2 10 10
left_child=3 2 -2 -1 5 -4
right_child=1 -3 4 -5 -6 -7
leaf_value=0.017247524266626971 -0.037982879218296045 0.027186551926339276 -0.0082705604480496821 0.059687611671618214 -0.0330998371620791 0.047353976316185306
leaf_weight=2475.9669524133205 891.10851500928402 538.8662310987711 3290.0411219894886 314.04441492259502 769.40609522163868 133.80806393921375
leaf_count=5807 4824 1799 14199 165 3792 469
internal_value=-0.000442947 -0.0116488 -0.0157875 0.0221228 -0.0110311 -0.00603081
internal_weight=8413.24 5623.23 5084.36 2790.01 4193.26 3423.85
internal_count=31055 25083 23284 5972 18460 14668
is_linear=0
shrinkage=0.05


Tree=20
num_leaves=7
num_cat=0
split_feature=35 37 29 14 16 4
split_gain=751.132 305.838 207.867 190.141 132.797 179.582
threshold=2818.6045833333342 0.44949494949494956 2.5000000000000004 1.0000000180025095e-35 558.50000000000011 132140.00000000003
decision_type=8 2 2 8 10 10
left_child=1 -1 4 -2 -3 -6
right_child=3 2 -4 -5 5 -7
leaf_value=-0.012699544764506958 -0.032207667955903067 0.0076276865609296004 0.052552361959179505 -0.0086427200890160961 0.040525246604822492 -0.0019517997227728144
leaf_weight=903.19988958537579 1291.3701304644346 2060.8922163248062 421.88494162261486 2536.7304593920708 870.25119340419769 347.04146736860275
leaf_count=2683 6856 5969 328 11968 2171 1027
internal_value=-0.000270235 0.0133327 0.0196958 -0.0166238 0.0153938 0.0284569
internal_weight=8431.37 4603.27 3700.07 3828.1 3278.18 1217.29
internal_count=31002 12178 9495 18824 9167 3198
is_linear=0
shrinkage=0.05


Tree=21
num_leaves=7
num_cat=0
split_feature=35 16 23 2 37 35
split_gain=744.215 324.652 167.14 168.056 135.822 118.26
threshold=1187.8637500000002 288.50000000000006 12.99467867376177 2606.5000000000005 0.27922077922077926 11720.566805555556
decision_type=8 8 10 10 2 10
left_child=2 5 3 -1 -3 -2
right_child=1 4 -4 -5 -6 -7
leaf_value=0.032813208285083557 -0.016089951533377517 -0.030423497287238588 0.074943445720967214 0.0074522631855681231 0.012828824195556927 -0.04548353036539541
leaf_weight=1080.2523032426834 3534.2187927514315 202.60146982967854 128.57502144575119 1651.0338725298643 1448.3575959801674 376.37251502275467
leaf_count=2347 16614 933 111 3618 5316 2151
internal_value=-0.000474786 -0.0111313 0.0202322 0.0175244 0.00744518 -0.0189734
internal_weight=8421.41 5561.55 2859.86 2731.29 1650.96 3910.59
internal_count=31090 25014 6076 5965 6249 18765
is_linear=0
shrinkage=0.05


Tree=22
num_leaves=7
num_cat=0
split_feature=38 36 14 23 23 24
split_gain=616.693 396.306 161.241 136.345 131.24 126.525
threshold=1.0000000180025095e-35 3513.7331944444445 7.5000000000000009 5.0353701788701182 2.6525021272327147 863.50000000000011
decision_type=2 8 10 10 10 10
left_child=1 5 -2 -3 -4 -1
right_child=2 3 4 -5 -6 -7
leaf_value=-0.0025147607098266475 0.0018058916423645958 -0.030676161369611023 0.022761945858010873 0.0067866888729592109 0.056842600514844771 0.023772762742669158
leaf_weight=3445.3489483892918 686.42679776251316 1845.0003757178783 1226.337334856391 277.70875203609467 368.4601423740387 522.76031710207462
leaf_count=15511 579 10282 764 1495 302 2113
internal_value=-5.46749e-05 -0.00836028 0.0220909 -0.0257706 0.0307889 0.000973927
internal_weight=8372.04 6090.82 2281.22 2122.71 1594.8 3968.11
internal_count=31046 29401 1645 11777 1066 17624
is_linear=0
shrinkage=0.05


Tree=23
num_leaves=7
num_cat=0
split_feature=35 37 34 21 25 21
split_gain=662.502 363.69 222.013 166.094 226.221 129.637
threshold=5507.604444444446 0.37797619047619052 52.826111111111125 0.54890004782400781 0.38300148723707778 0.37936578334626903
decision_type=8 2 10 10 10 10
left_child=1 5 -3 4 -2 -1
right_child=3 2 -4 -5 -6 -7
leaf_value=-0.040062127811684632 0.055699789554734661 0.029757800905453907 0.0074979550172303722 -0.034134747504553073 -0.014909646610868632 -0.0036047328470726532
leaf_weight=361.44683170318604 120.00731894373894 1831.8627248555422 2883.16774328053 1181.5730063766241 1228.7415836304426 732.14987462759018
leaf_count=1412 537 1209 12293 6510 6447 2649
internal_value=0.000844125 0.0101449 0.0161686 -0.0204846 -0.00844453 -0.0157818
internal_weight=8338.95 5808.63 4715.03 2530.32 1348.75 1093.6
internal_count=31057 17563 13502 13494 6984 4061
is_linear=0
shrinkage=0.05


Tree=24
num_leaves=7
num_cat=0
split_feature=35 37 34 40 21 23
split_gain=598.49 322.777 189.508 166.138 128.302 112.902
threshold=5436.9231944444455 0.37797619047619052 37.387361111111119 11.500000000000002 0.30012406947890824 2.4727096735810989
decision_type=8 2 10 2 10 8
left_child=1 -1 -3 -2 5 -5
right_child=3 2 -4 4 -6 -7
leaf_value=-0.014900759016383134 0.063098369884264857 0.027868659066738351 0.0072985941116433944 -0.011403897207929149 -0.026344441126126453 0.049309027753450932
leaf_weight=1098.1951630264521 54.636392593383789 1804.2320907264948 2951.4907241910696 273.59112150967121 2100.4339910149574 100.6716096997261
leaf_count=4042 19 1049 12557 1389 11693 455
internal_value=0.000702252 0.00948309 0.0151236 -0.0195988 -0.0215482 0.00536182
internal_weight=8383.25 5853.92 4755.72 2529.33 2474.7 374.263
internal_count=31204 17648 13606 13556 13537 1844
is_linear=0
shrinkage=0.05


Tree=25
num_leaves=7
num_cat=0
split_feature=37 38 34 16 19 21
split_gain=540.283 388.927 207.032 168.232 133.587 113.971
threshold=0.25833333333333336 1.0000000180025095e-35 6301.748611111112 1163.5000000000002 4.5000000000000009 0.68895663956639575
decision_type=2 2 8 8 10 10
left_child=-1 2 -2 -3 5 -4
right_child=1 3 4 -5 -6 -7
leaf_value=-0.02842680318542079 0.0028713381323729739 0.017656656902200057 0.020199534767273677 0.056273139738658474 -0.040478886828305388 -0.041931005709610655
leaf_weight=1369.2417028099298 3992.8507059067488 1732.2469845414162 226.10835622251034 334.45295788347721 504.87589140236378 103.44761249423027
leaf_count=6858 17998 1202 1282 322 2879 618
internal_value=0.000202183 0.00590478 -0.00187056 0.0240267 -0.024443 0.000361565
internal_weight=8263.22 6893.98 4827.28 2066.7 834.432 329.556
internal_count=31159 24301 22777 1524 4779 1900
is_linear=0
shrinkage=0.05


Tree=26
num_leaves=7
num_cat=0
split_feature=35 35 21 25 15 37
split_gain=475.402 236.64 165.246 199.061 127.164 125.836
threshold=2846.2472222222227 205.22361111111113 0.46963109354413707 0.53194581890153392 52.500000000000007 0.25833333333333336
decision_type=8 10 10 10 10 2
left_child=1 -1 3 -2 -5 -3
right_child=2 5 -4 4 -6 -7
leaf_value=0.031790070554773869 0.047259775868864123 -0.030379150315685499 -0.023881844495304696 -0.015899599455320722 0.018239379371266694 0.0069460170119472059
leaf_weight=1010.4601823985577 175.02383290231228 237.28575396537781 1899.5152179002762 1211.5868481695652 347.09440505504608 3330.7776819467545
leaf_count=1018 805 816 10230 6167 1509 10473
internal_value=-0.000219701 0.0104923 -0.0137146 -0.00253831 -0.00826336 0.00442476
internal_weight=8211.74 4578.52 3633.22 1733.71 1558.68 3568.06
internal_count=31018 12307 18711 8481 7676 11289
is_linear=0
shrinkage=0.05


Tree=27
num_leaves=7
num_cat=0
split_feature=34 29 36 37 24 36
split_gain=455.563 244.163 182.257 162.218 109.836 128.141
threshold=1459.1844444444446 2.5000000000000004 3634.8136111111112 0.39047619047619053 92.500000000000014 142.88250000000002
decision_type=8 2 8 2 8 10
left_child=1 3 -2 -1 5 -5
right_child=2 -3 -4 4 -6 -7
leaf_value=-0.012251274707084488 -0.0025074521608017953 0.043133516874978989 -0.027085342320496447 0.02396776547959828 0.016112285896535457 -0.013816064369719451
leaf_weight=969.53682085871696 1485.3833673447371 481.9013032913208 1529.8424211442471 311.85664786398411 2655.3082593679428 764.31553065776825
leaf_count=3607 7272 389 9150 812 7311 2441
internal_value=0.000436751 0.00942411 -0.0150018 0.0059264 0.0106595 -0.00280674
internal_weight=8198.14 5182.92 3015.23 4701.02 3731.48 1076.17
internal_count=30982 14560 16422 14171 10564 3253
is_linear=0
shrinkage=0.05


Tree=28
num_leaves=7
num_cat=0
split_feature=35 37 33 24 4 19
split_gain=417.732 196.899 145.833 120.197 119.106 130.964
threshold=5436.9231944444455 0.39047619047619053 2.5000000000000004 81.500000000000014 68016.000000000015 52.500000000000007
decision_type=8 2 2 10 10 10
left_child=1 4 3 -3 -1 -6
right_child=-2 2 -4 -5 5 -7
leaf_value=-0.025491323435707924 -0.018293457979090804 -0.0076989030831442241 0.03123895652459089 0.012405255003854773 0.024337799625897379 -0.042549379568939838
leaf_weight=673.19429510831833 2429.2455402314663 1008.6910021454096 742.86078503727913 2792.6444646567106 308.94458340108395 90.573568820953369
leaf_count=2763 13604 3613 974 8812 1063 324
internal_value=-0.000991304 0.00650128 0.0110489 0.00706748 -0.0127251 0.00883551
internal_weight=8046.15 5616.91 4544.2 3801.34 1072.71 399.518
internal_count=31153 17549 13399 12425 4150 1387
is_linear=0
shrinkage=0.05


Tree=29
num_leaves=7
num_cat=0
split_feature=29 34 24 24 18 24
split_gain=383.642 281.827 158.115 137.316 118.552 109.931
threshold=2.5000000000000004 5507.9051388888902 872.50000000000011 1098.5000000000002 26.500000000000004 14.500000000000002
decision_type=2 8 8 10 10 10
left_child=1 2 4 -4 5 -1
right_child=-2 -3 3 -5 -6 -7
leaf_value=-0.02595443414823902 0.043656247995999903 -0.024990035408458802 0.04880846586345635 0.0053320192439663986 0.015896982248558147 -0.0019687477920185647
leaf_weight=532.71588963270187 463.30558687448502 1215.228049248457 297.07462184131145 458.98614272475243 817.25019499659538 4290.1410288512707
leaf_count=2490 396 7404 888 1350 2385 16127
internal_value=-0.000268842 -0.00296947 0.00123054 0.0226234 -0.00165468 -0.00464226
internal_weight=8074.7 7611.4 6396.17 756.061 5640.11 4822.86
internal_count=31040 30644 23240 2238 21002 18617
is_linear=0
shrinkage=0.05


Tree=30
num_leaves=7
num_cat=0
split_feature=34 24 37 22 4 12
split_gain=349.361 226.985 136.668 138.337 132.372 95.2566
threshold=106.64805555555557 14.500000000000002 0.7386128364389235 6.1578001033898904 1925.5000000000002 25.500000000000004
decision_type=8 10 2 8 10 10
left_child=2 -2 3 -1 5 -3
right_child=1 4 -4 -5 -6 -7
leaf_value=0.0034415085558437038 -0.030445001267943986 -0.047517167268029528 0.035878537249595048 0.046731562088271256 -5.7708799013273632e-05 0.003676131238061315
leaf_weight=1505.2697788029909 852.57092073559761 260.03504830598831 635.61925169825554 205.49893753230572 4455.965207144618 137.24303017556667
leaf_count=1544 5217 1659 632 198 21052 755
internal_value=-5.18745e-05 -0.00673056 0.0161688 0.00876257 -0.00253759 -0.0300061
internal_weight=8052.2 5705.81 2346.39 1710.77 4853.24 397.278
internal_count=31057 28683 2374 1742 23466 2414
is_linear=0
shrinkage=0.05


Tree=31
num_leaves=7
num_cat=0
split_feature=30 34 37 36 23 15
split_gain=338.222 217.202 166.595 132.205 109.917 98.3487
threshold=2.5000000000000004 5507.9051388888902 0.37797619047619052 1.7748611111111112 5.6123587603356873 115.50000000000001
decision_type=2 8 2 8 10 10
left_child=1 2 3 -1 -5 -2
right_child=5 -3 -4 4 -6 -7
leaf_value=-0.071633105947914319 0.0083416521384650447 -0.023395278164334316 0.0055628073920311822 -0.012010226154495283 0.055641921670785521 0.03962762128596059
leaf_weight=85.59400874376297 436.77645912766457 1198.4381197839975 4040.1904819458723 1648.7963951081038 57.409349575638771 596.84239596128464
leaf_count=375 756 7481 13789 7755 215 903
internal_value=-0.00012354 -0.00405541 -6.45551e-05 -0.0127334 -0.00957798 0.0265109
internal_weight=8064.05 7030.43 5831.99 1791.8 1706.21 1033.62
internal_count=31274 29615 22134 8345 7970 1659
is_linear=0
shrinkage=0.05


Tree=32
num_leaves=7
num_cat=0
split_feature=35 16 24 22 23 21
split_gain=291.459 159.716 167.852 165.688 144.169 147.091
threshold=5507.604444444446 728.50000000000011 150.50000000000003 7.447005371681068 5.0353701788701182 0.24332721976480745
decision_type=8 10 10 10 8 10
left_child=1 2 3 -1 -2 -6
right_child=4 -3 -4 -5 5 -7
leaf_value=-0.010913779826881857 -0.020465507193757154 0.021406214378275942 0.011144953765156925 0.060916114043028415 0.085585314969223253 -0.0006017578254273883
leaf_weight=2215.6030513942242 2015.7854281365871 1225.7808009535074 2126.7463857382536 78.366143196821213 55.679869413375854 268.41942848265171
leaf_count=7968 11913 3066 6452 113 204 1396
internal_value=-0.000673211 0.00547603 0.00103969 -0.00833279 -0.0154923 0.0152804
internal_weight=7986.38 5646.5 4420.72 2293.97 2339.88 324.099
internal_count=31112 17599 14533 8081 13513 1600
is_linear=0
shrinkage=0.05


Tree=33
num_leaves=7
num_cat=0
split_feature=38 37 8 1 4 12
split_gain=349.745 203.815 124.058 133.81 110.817 151.825
threshold=1.0000000180025095e-35 0.25833333333333336 1.5000000000000002 2215.5000000000005 2039.5000000000002 51.500000000000007
decision_type=2 2 8 10 10 10
left_child=1 -1 -2 -4 5 -3
right_child=2 4 3 -5 -6 -7
leaf_value=-0.024547656878256097 -0.0097482616746686936 -0.034883061984181486 0.036537701295312378 0.0089721951388970749 0.0018731593475095527 0.033462604003995103
leaf_weight=1125.140044271946 329.56887459754944 433.11409811675549 931.10840544104576 839.1612918227911 4145.9508093446493 95.558224588632584
leaf_count=6780 320 2802 761 536 19290 508
internal_value=0.000838884 -0.00549285 0.0182987 0.0235329 -0.000885206 -0.0223317
internal_weight=7899.6 5799.76 2099.84 1770.27 4674.62 528.672
internal_count=30997 29380 1617 1297 22600 3310
is_linear=0
shrinkage=0.05


Tree=34
num_leaves=7
num_cat=0
split_feature=37 15 21 23 35 40
split_gain=286.469 158.394 157.324 96.0745 95.7439 91.2325
threshold=0.25833333333333336 114.50000000000001 0.6002056202878685 12.99467867376177 14711.324027777779 10.500000000000002
decision_type=2 8 10 8 10 2
left_child=4 2 5 -3 -1 -2
right_child=1 3 -4 -5 -6 -7
leaf_value=-0.015668587084117721 0.034173220346320886 0.012728028429278249 -0.016236121973937912 0.057172180914024019 -0.051629334712780674 0.0021180169854199209
leaf_weight=1035.5482353493571 233.47789001464844 1814.2731146514416 1266.62430511415 126.0251235216856 222.96260154992342 3220.5675229653716
leaf_count=5274 68 5053 5664 192 1573 13226
internal_value=-0.000390134 0.00374767 -0.00119875 0.0157543 -0.0222186 0.00433107
internal_weight=7919.48 6660.97 4720.67 1940.3 1258.51 3454.05
internal_count=31050 24203 18958 5245 6847 13294
is_linear=0
shrinkage=0.05


Tree=35
num_leaves=7
num_cat=0
split_feature=35 16 21 36 34 12
split_gain=282.398 172.264 125.107 153.103 128.963 119.885
threshold=5507.604444444446 958.50000000000011 0.30012406947890824 7084.3868055555567 3467.9051388888893 17.500000000000004
decision_type=8 10 10 8 8 10
left_child=1 -1 3 -2 -5 -4
right_child=2 -3 5 4 -6 -7
leaf_value=0.0032177712865786912 -0.018319864789290145 0.028536388600989365 -0.031385324924441918 0.092227064420990129 0.006716352730012011 -0.0063328069436245906
leaf_weight=4904.9674424380064 189.51364763826132 773.7865242511034 981.87990114837885 76.576278939843178 97.819921515882015 931.34502662718296
leaf_count=15681 1021 1928 6418 260 562 5163
internal_value=0.000724834 0.00668975 -0.0141326 0.0126065 0.0457876 -0.0192382
internal_weight=7955.89 5678.75 2277.13 363.91 174.396 1913.22
internal_count=31033 17609 13424 1843 822 11581
is_linear=0
shrinkage=0.05


Tree=36
num_leaves=7
num_cat=0
split_feature=38 24 36 32 36 21
split_gain=252.851 174.917 138.346 138.512 124.609 110.989
threshold=1.0000000180025095e-35 19.500000000000004 20.552777777777781 1.5000000000000002 4917.4005555555568 0.6002056202878685
decision_type=2 8 10 2 10 10
left_child=1 -1 -2 5 -3 -4
right_child=2 4 3 -5 -6 -7
leaf_value=-0.02367570052860752 0.039489465043198418 0.0016415081905040312 0.025645866401437224 -0.015766660267854164 -0.023520040806100102 -0.0073558186035011866
leaf_weight=1076.3237152397633 436.87043985724449 4122.2965508326888 913.22444243729115 446.05064816772938 553.67749604582787 349.99323405325413
leaf_count=6825 394 19071 728 157 3512 370
internal_value=-8.74509e-05 -0.0055523 0.0145388 0.00806515 -0.00135979 0.0165093
internal_weight=7898.44 5752.3 2146.14 1709.27 4675.97 1263.22
internal_count=31057 29408 1649 1255 22583 1098
is_linear=0
shrinkage=0.05


Tree=37
num_leaves=7
num_cat=0
split_feature=15 28 37 15 2 8
split_gain=211.94 147.188 129.45 94.154 105.795 89.2576
threshold=1.0000000180025095e-35 2.5000000000000004 0.25833333333333336 108.50000000000001 3761.5000000000005 14.500000000000002
decision_type=8 2 2 8 10 10
left_child=-1 2 -2 5 -5 -4
right_child=1 -3 3 4 -6 -7
leaf_value=-0.027499959721185786 -0.017112066374586118 0.0385499458711413 0.0064381659973661853 0.027632991210335991 0.0028950210501307132 -0.008373254949557327
leaf_weight=702.71778364479542 967.14135871082544 249.14441488683224 1850.828022994101 672.59666033089161 1197.0950328707695 2246.1467596292496
leaf_count=4231 5151 163 7583 1778 3587 8578
internal_value=-0.00139373 0.00117763 -0.00019204 0.00256257 0.0118441 -0.00168243
internal_weight=7885.67 7182.95 6933.81 5966.67 1869.69 4096.97
internal_count=31071 26840 26677 21526 5365 16161
is_linear=0
shrinkage=0.05


Tree=38
num_leaves=7
num_cat=0
split_feature=15 24 22 16 15 4
split_gain=277.789 176.064 135.715 114.029 113.449 89.4063
threshold=143.50000000000003 135.50000000000003 1.4560782138994408 97.500000000000014 1.0000000180025095e-35 41151.000000000007
decision_type=8 10 10 10 10 10
left_child=1 4 -3 -4 -1 -2
right_child=5 2 3 -5 -6 -7
leaf_value=-0.03003808528559378 0.033258649922239418 -0.00021490786432534775 0.067237007304068466 0.014228554649345757 -0.0072652529233736274 0.0092237580109027374
leaf_weight=660.98212446272373 636.58642192184925 1992.3536097705364 133.89895412325859 391.42815317213535 3092.4753732457757 989.18807928264141
leaf_count=4157 1596 6705 243 1420 14180 2893
internal_value=0.00032273 -0.00445469 0.00576787 0.0282462 -0.0113102 0.018708
internal_weight=7896.91 6271.14 2517.68 525.327 3753.46 1625.77
internal_count=31194 26705 8368 1663 18337 4489
is_linear=0
shrinkage=0.05


Tree=39
num_leaves=7
num_cat=0
split_feature=29 37 23 34 36 36
split_gain=217.804 160.357 173.727 128.681 116.422 111.8
threshold=2.5000000000000004 0.56904761904761914 5.0353701788701182 10765.585138888891 5.0402777777777787 1.7748611111111112
decision_type=2 2 8 8 10 8
left_child=1 2 3 5 -3 -1
right_child=-2 4 -4 -5 -6 -7
leaf_value=-0.047027465780958351 0.035823810500321122 0.063321086670918292 0.022367457526047241 -0.034133073811949653 0.0053870993374876622 -0.0057739400372688876
leaf_weight=167.2841330319643 390.27206921577454 84.684965386986732 426.78530159592628 519.40213166177273 2689.6464178711176 3590.1598615050316
leaf_count=715 375 260 1793 3684 8417 15790
internal_value=-0.000348829 -0.00225934 -0.00787954 -0.0109205 0.00726624 -0.00767063
internal_weight=7868.23 7477.96 4703.63 4276.85 2774.33 3757.44
internal_count=31034 30659 21982 20189 8677 16505
is_linear=0
shrinkage=0.05


Tree=40
num_leaves=7
num_cat=0
split_feature=15 29 21 0 25 37
split_gain=202.166 150.28 120.616 109.908 92.2852 89.4381
threshold=1.0000000180025095e-35 2.5000000000000004 0.6002056202878685 28.500000000000004 0.26785347754006478 0.39047619047619053
decision_type=8 2 10 10 10 2
left_child=-1 2 5 -4 -5 -2
right_child=1 -3 3 4 -6 -7
leaf_value=-0.025895311732956641 -0.0062259098763549833 0.032524338422798463 -0.0249089578212419 0.013510276081772625 -0.01358864756142291 0.0093206517256373377
leaf_weight=672.31018823385239 1251.9228795468807 393.49824966490269 722.70356930047274 604.6037734746933 643.28030553460121 3507.4978138580918
leaf_count=4239 6212 361 3820 2103 2401 11908
internal_value=0.000209637 0.00268983 0.000922583 -0.00946537 -0.000457614 0.00522903
internal_weight=7795.82 7123.51 6730.01 1970.59 1247.88 4759.42
internal_count=31044 26805 26444 8324 4504 18120
is_linear=0
shrinkage=0.05


Tree=41
num_leaves=7
num_cat=0
split_feature=28 15 4 36 36 19
split_gain=184.823 150.031 105.324 105.014 101.363 164.348
threshold=2.5000000000000004 1.0000000180025095e-35 141674.50000000003 5118.1291666666675 3970.1341666666672 1.5000000000000002
decision_type=2 8 10 10 10 10
left_child=1 2 -1 4 -3 -6
right_child=-2 3 -4 -5 5 -7
leaf_value=-0.029013033917165032 0.044517370095241746 0.0024480581434543338 0.045287642398706855 -0.019076998217791338 -0.024841989668635663 0.075009163910663659
leaf_weight=604.40095225721598 230.33463181555271 6166.1206691339612 47.321316689252853 554.22947097569704 60.140130177140236 113.36160244047642
leaf_count=4053 162 22614 190 3307 376 368
internal_value=0.000882192 -0.000478404 -0.0233144 0.00169577 0.00352539 0.0406718
internal_weight=7775.91 7545.57 651.722 6893.85 6339.62 173.502
internal_count=31070 30908 4243 26665 23358 744
is_linear=0
shrinkage=0.05


Tree=42
num_leaves=7
num_cat=0
split_feature=14 37 23 27 21 37
split_gain=182.524 126.245 129.597 117.913 114.279 106.265
threshold=19.500000000000004 0.69732205778717427 12.99467867376177 2.5000000000000004 0.6250428375599727 0.25833333333333336
decision_type=8 2 8 2 10 2
left_child=3 2 -2 4 5 -1
right_child=1 -3 -4 -5 -6 -7
leaf_value=-0.020075741222012996 -0.00032404699858312719 0.024304877998000823 0.047636897739048063 0.060715849106823164 -0.02099713617290476 0.0019066490708741499
leaf_weight=681.42128469049931 2093.9122506454587 991.02492871880531 146.00316646695137 60.330074027180672 1093.9126003682613 2758.1683387160301
leaf_count=4007 7279 2523 280 28 5705 11228
internal_value=0.000396176 0.00949382 0.0029013 -0.00600576 -0.00695957 -0.00247113
internal_weight=7824.77 3230.94 2239.92 4593.83 4533.5 3439.59
internal_count=31050 10082 7559 20968 20940 15235
is_linear=0
shrinkage=0.05


Tree=43
num_leaves=7
num_cat=0
split_feature=34 16 8 22 24 19
split_gain=169.204 104.775 144.227 99.9857 103.698 96.2082
threshold=5507.9051388888902 958.50000000000011 29.500000000000004 6.1578001033898904 14.500000000000002 4.5000000000000009
decision_type=8 8 10 10 10 10
left_child=1 3 -3 4 -1 -2
right_child=5 2 -4 -5 -6 -7
leaf_value=-0.022684540336038755 -0.0023337188240978453 0.062649158137140448 0.0095078813907018226 0.033211635025333121 0.0015899989166262931 -0.032323226533861042
leaf_weight=475.52457665652037 506.62706343829632 154.49376255273819 653.19809886813164 224.36962279677391 5206.4558434858918 563.42049228399992
leaf_count=2436 3597 359 1786 551 18587 3812
internal_value=0.000216522 0.0031632 0.0199955 0.000846418 -0.000459694 -0.0182012
internal_weight=7784.09 6714.04 807.692 5906.35 5681.98 1070.05
internal_count=31128 23719 2145 21574 21023 7409
is_linear=0
shrinkage=0.05


Tree=44
num_leaves=7
num_cat=0
split_feature=14 37 23 24 36 23
split_gain=157.557 92.8042 125.95 84.4726 80.96 73.3512
threshold=1.0000000180025095e-35 0.73385416666666681 5.0353701788701182 106.50000000000001 1.7748611111111112 3.533420079077497
decision_type=8 2 8 10 8 10
left_child=3 2 4 -1 -2 -6
right_child=1 -3 -4 -5 5 -7
leaf_value=-0.020632587234169979 -0.035433613107764848 0.015300600377623975 0.026497635047395482 0.0076930806291686353 0.00026024521010177933 -0.036806247415974436
leaf_weight=1215.2987411543727 171.85582137107849 1268.7439942061901 410.43507491797209 332.72668971121311 4195.8369451910257 132.85328120738268
leaf_count=7350 723 3566 1367 1108 16404 579
internal_value=-0.000301306 0.00327417 0.000154759 -0.0145392 -0.00227436 -0.000918528
internal_weight=7727.75 6179.73 4910.98 1548.03 4500.55 4328.69
internal_count=31097 22639 19073 8458 17706 16983
is_linear=0
shrinkage=0.05


Tree=45
num_leaves=7
num_cat=0
split_feature=35 37 4 12 34 23
split_gain=167.877 173.671 94.0184 113.325 115.481 112.907
threshold=14.189861111111112 0.25833333333333336 2364.5000000000005 25.500000000000004 1571.7318055555559 0.92556524858230094
decision_type=8 2 10 10 10 10
left_child=-1 -2 3 -3 5 -5
right_child=1 2 -4 4 -6 -7
leaf_value=0.043613324785427066 -0.018819538878244609 -0.031414912369455157 0.0044397968040431864 0.039566379256045558 0.080488817946140101 -0.035606164557019586
leaf_weight=213.56768283247948 1134.1304041594267 409.80223627388477 5701.3146923333406 78.843100793659687 43.684342429041862 118.72077371925116
leaf_count=105 6823 2660 20421 286 248 574
internal_value=0.000419094 -0.000841396 0.00238064 -0.015548 0.0114953 -0.00537043
internal_weight=7700.06 7486.5 6352.37 651.05 241.248 197.564
internal_count=31117 31012 24189 3768 1108 860
is_linear=0
shrinkage=0.05


Tree=46
num_leaves=7
num_cat=0
split_feature=35 28 21 10 0 25
split_gain=147.98 117.95 98.1875 122.961 96.4626 108.53
threshold=15925.140833333337 2.5000000000000004 0.6002056202878685 190.50000000000003 28.500000000000004 0.26386813186813191
decision_type=10 2 10 8 10 10
left_child=1 2 3 -1 -4 -6
right_child=-2 -3 4 -5 5 -7
leaf_value=0.0017152088372506702 -0.046130034000214246 0.036246646852927278 -0.022208085040628562 0.036164184500696812 0.015227644713232388 -0.013761394739288649
leaf_weight=4874.3474208787084 165.97763793170452 223.98268972337246 850.05782111734152 268.61325658857822 588.08476750552654 703.64266907423735
leaf_count=19252 1402 166 4804 754 2095 2600
internal_value=-0.00013452 0.000912214 -0.000198323 0.00354783 -0.00918109 -0.000555728
internal_weight=7674.71 7508.73 7284.75 5142.96 2141.79 1291.73
internal_count=31073 29671 29505 20006 9499 4695
is_linear=0
shrinkage=0.05


Tree=47
num_leaves=7
num_cat=0
split_feature=4 36 12 15 4 23
split_gain=161.034 123.07 110.546 100.869 88.1649 84.6777
threshold=2364.5000000000005 133.43680555555559 25.500000000000004 1.0000000180025095e-35 1075.0000000000002 5.0353701788701182
decision_type=8 8 10 8 10 8
left_child=1 -1 -3 -2 -4 -5
right_child=3 2 4 5 -6 -7
leaf_value=0.041041915132655565 -0.020460988168501199 -0.040983490035214287 0.024560879885887163 0.0022858668283145169 -0.031915328523058915 0.024566609359306036
leaf_weight=68.59692394733429 450.8006022721529 487.58886755257845 147.22567491978407 5960.0391661822796 121.56122783571482 454.44024404883385
leaf_count=192 2767 3472 762 21725 690 1459
internal_value=-0.000243248 -0.0210464 -0.0269098 0.00227007 -0.00109737 0.00388227
internal_weight=7690.25 824.973 756.376 6865.28 268.787 6414.48
internal_count=31067 5116 4924 25951 1452 23184
is_linear=0
shrinkage=0.05


Tree=48
num_leaves=7
num_cat=0
split_feature=38 8 1 19 7 14
split_gain=178.408 97.2283 102.116 104.992 117.705 88.067
threshold=1.0000000180025095e-35 1.5000000000000002 998.50000000000011 10.500000000000002 41.500000000000007 1.0000000180025095e-35
decision_type=2 10 10 10 10 10
left_child=5 -2 -3 -4 -5 -1
right_child=1 2 3 4 -6 -7
leaf_value=-0.015300361330696274 -0.011133340311252092 0.033372776907784972 0.033346220210356721 -0.018739820785730357 0.019644008865582683 -0.00026587587205835478
leaf_weight=1252.0492920577526 335.52133674919605 671.94625203311443 304.05272786319256 427.01553747057915 366.47026968002319 4327.1955281123519
leaf_count=8273 334 589 196 329 197 21156
internal_value=0.00103031 0.0134158 0.018089 0.00862284 -0.0010003 -0.00365047
internal_weight=7684.25 2105.01 1769.48 1097.54 793.486 5579.24
internal_count=31074 1645 1311 722 526 29429
is_linear=0
shrinkage=0.05


Tree=49
num_leaves=7
num_cat=0
split_feature=38 35 4 12 34 16
split_gain=133.508 117.69 88.148 104.944 118.319 88.1265
threshold=1.0000000180025095e-35 15925.140833333337 2183.5000000000005 32.500000000000007 2268.798194444445 44.500000000000007
decision_type=2 10 10 10 10 10
left_child=1 2 3 -1 -5 -4
right_child=-2 -3 5 4 -6 -7
leaf_value=-0.033352645652672923 0.011236406348204532 -0.045003779739694404 0.015199270867503454 -0.0090558393549255035 0.088429597575193183 -0.0030186930696196376
leaf_weight=430.42791783064604 2090.4599893316627 161.23288547247648 789.47473303228617 140.31730621308088 34.733065143227577 4031.3033272251487
leaf_count=3316 1646 1432 4705 812 213 19075
internal_value=0.000472519 -0.00356104 -0.00228934 -0.0201892 0.0122055 -2.25713e-05
internal_weight=7677.95 5587.49 5426.26 605.478 175.05 4820.78
internal_count=31199 29553 28121 4341 1025 23780
is_linear=0
shrinkage=0.05


Tree=50
num_leaves=7
num_cat=0
split_feature=21 29 36 21 22 22
split_gain=116.66 112.72 108.445 97.0972 92.1525 141.434
threshold=0.6002056202878685 2.5000000000000004 5243.0150000000003 0.06277844413982181 1.2258100535913703 9.6842099534412203
decision_type=10 2 8 10 10 10
left_child=1 3 4 -1 -2 -6
right_child=2 -3 -4 -5 5 -7
leaf_value=0.063546216987871815 0.0081095561648030084 0.04230237522887953 -0.02763592949118171 0.0019561936853754107 -0.021699193700696118 0.049754955128217981
leaf_weight=59.802751809358597 896.95972094684839 181.31504479050636 594.67958301305771 5172.9365719482303 736.91461989283562 71.653113469481468
leaf_count=152 3183 179 4184 20808 2504 118
internal_value=7.58232e-05 0.00408348 -0.00934549 0.00272007 -0.00290588 -0.0151003
internal_weight=7714.26 5414.05 2300.21 5232.74 1705.53 808.568
internal_count=31128 21139 9989 20960 5805 2622
is_linear=0
shrinkage=0.05


Tree=51
num_leaves=7
num_cat=0
split_feature=22 24 11 34 4 35
split_gain=112.138 154.336 79.6095 90.122 77.2215 76.1297
threshold=35.665644235385699 14.500000000000002 206.50000000000003 10765.585138888891 126946.50000000001 110.55194444444446
decision_type=8 10 10 8 10 10
left_child=1 4 3 5 -1 -3
right_child=-2 2 -4 -5 -6 -7
leaf_value=-0.024228827859440954 0.050837387404461781 0.018148407430033316 0.015771742862936217 -0.02300409872570626 0.044345954732365654 -0.00042431075635247995
leaf_weight=778.31226400285959 103.86005036532879 619.27385957539082 929.5023872628808 390.26208651065826 38.82964888215065 4747.6821349263191
leaf_count=5111 311 1383 2862 2730 157 18585
internal_value=0.000454257 -0.000276477 0.00223546 3.82343e-05 -0.0207204 0.00173363
internal_weight=7607.72 7503.86 6686.72 5757.22 817.142 5366.96
internal_count=31139 30828 25560 22698 5268 19968
is_linear=0
shrinkage=0.05


Tree=52
num_leaves=7
num_cat=0
split_feature=37 37 40 36 4 23
split_gain=121.528 81.1458 73.3151 70.897 101.481 89.0646
threshold=0.25833333333333336 0.93933823529411775 10.500000000000002 40.326250000000009 195497.00000000003 5.2701905684159831
decision_type=2 2 2 10 8 10
left_child=-1 2 -2 4 5 -4
right_child=1 -3 3 -5 -6 -7
leaf_value=-0.015079256777963214 0.019673143452198949 0.061026696327018959 -0.016931869402549874 0.0041905374253306685 0.03406058329586286 0.011954758792364642
leaf_weight=1118.4018964022398 543.78794884681702 54.168536022305489 1319.5426840186119 4082.4346669018269 129.48643819987774 330.32078178972006
leaf_count=6855 174 123 6777 15192 427 1544
internal_value=9.99729e-05 0.00273765 0.00219751 0.000560943 -0.00775499 -0.0111298
internal_weight=7578.14 6459.74 6405.57 5861.78 1779.35 1649.86
internal_count=31092 24237 24114 23940 8748 8321
is_linear=0
shrinkage=0.05


Tree=53
num_leaves=7
num_cat=0
split_feature=15 27 2 36 29 8
split_gain=123.279 93.0863 75.478 94.6252 100.026 74.8108
threshold=115.50000000000001 2.5000000000000004 15539.500000000002 571.27708333333351 1.0000000180025095e-35 77.500000000000014
decision_type=8 2 10 8 2 10
left_child=1 2 -1 5 -5 -4
right_child=-2 -3 3 4 -6 -7
leaf_value=-0.0056466970792898169 0.011773801791654182 0.057567074208959283 0.016987962846351429 0.013457677215780704 0.075786308548690395 -0.034981192559779647
leaf_weight=5002.570823661983 1881.4991832002997 57.769871279597282 138.30643472075462 221.79896163195372 87.42804066836834 129.47359655797482
leaf_count=23388 5629 32 427 1143 113 454
internal_value=0.0007092 -0.00299084 -0.00366882 0.0133803 0.0320054 -0.00832012
internal_weight=7518.85 5637.35 5579.58 577.007 309.227 267.78
internal_count=31186 25557 25525 2137 1256 881
is_linear=0
shrinkage=0.05


Tree=54
num_leaves=7
num_cat=0
split_feature=27 37 37 22 21 35
split_gain=109.877 94.0219 66.2403 63.3769 58.3015 86.5729
threshold=2.5000000000000004 0.25833333333333336 0.92724867724867732 35.665644235385699 0.6002056202878685 87.317916666666676
decision_type=2 2 2 8 10 10
left_child=1 -1 3 4 -3 -6
right_child=-2 2 -4 -5 5 -7
leaf_value=-0.014836948974743911 0.05684670126957693 0.0028900103742899403 0.052908969594820325 0.038475631209844485 -0.025163474482159914 -0.00097851767841769955
leaf_weight=1104.1072147041559 76.866427391767502 4425.0858578160405 55.706339992582798 102.61921650916338 507.01941788941622 1335.8485706150532
leaf_count=6820 49 16009 130 308 2714 5022
internal_value=-0.000767518 -0.00139294 0.000926626 0.000430938 -0.000222102 -0.00768249
internal_weight=7607.25 7530.39 6426.28 6370.57 6267.95 1842.87
internal_count=31052 31003 24183 24053 23745 7736
is_linear=0
shrinkage=0.05


Tree=55
num_leaves=7
num_cat=0
split_feature=24 24 28 35 21 31
split_gain=103.421 108.481 79.9489 73.6917 72.5185 73.1176
threshold=872.50000000000011 1076.5000000000002 2.5000000000000004 15925.140833333337 0.081574453837783556 1.5000000000000002
decision_type=8 10 2 10 10 2
left_child=2 -2 3 4 -1 -6
right_child=1 -3 -4 -5 5 -7
leaf_value=0.053581696892149693 0.041248019531378403 0.0023791498136660552 0.029193950313263772 -0.037923792667944628 -0.0019476425844777191 -0.026168659010295921
leaf_weight=51.75857525318861 279.74241518974304 487.52220107614994 187.38756047934294 146.98106475919485 6080.5082370266318 323.49602766335011
leaf_count=161 828 1449 157 1391 27050 103
internal_value=-0.000613268 0.0167259 -0.00258341 -0.00350667 -0.00269434 -0.00319062
internal_weight=7557.4 767.265 6790.13 6602.74 6455.76 6404
internal_count=31139 2277 28862 28705 27314 27153
is_linear=0
shrinkage=0.05


Tree=56
num_leaves=7
num_cat=0
split_feature=24 22 4 23 24 8
split_gain=92.2164 119.127 100.221 88.7201 108.784 90.9065
threshold=879.50000000000011 0.6141212194428417 61089.000000000007 5.936436594464511 14.500000000000002 15.500000000000002
decision_type=8 10 10 10 10 10
left_child=3 -2 -3 4 -1 -6
right_child=1 2 -4 -5 5 -7
leaf_value=-0.022177229652469228 0.036733767396338164 -0.017790166592973354 0.039325093241171796 0.019179176791389023 0.0060171574224724992 -0.0067813226048865499
leaf_weight=706.20393803715706 359.597222417593 290.82482375204563 98.764583602547646 447.11798543483019 2378.2223873138428 3316.0132356956601
leaf_count=4768 1032 866 313 1664 10405 12058
internal_value=-0.000404001 0.0161907 -0.00299608 -0.0022301 -0.0037395 -0.00143539
internal_weight=7596.74 749.187 389.589 6847.56 6400.44 5694.24
internal_count=31106 2211 1179 28895 27231 22463
is_linear=0
shrinkage=0.05


Tree=57
num_leaves=7
num_cat=0
split_feature=27 15 31 21 12 16
split_gain=110.286 104.251 115.449 84.1109 109.568 122.883
threshold=2.5000000000000004 172.50000000000003 1.5000000000000002 0.57933578253010642 570.00000000000011 37.500000000000007
decision_type=2 10 2 10 10 10
left_child=1 2 3 -1 -5 -6
right_child=-2 -3 -4 4 5 -7
leaf_value=0.0018515629725476162 0.056779445648901875 0.012357773476832439 -0.035084240126105067 -0.019608225571404764 0.054562006658740426 -0.004801067743753995
leaf_weight=4178.8272732272744 79.216083586215973 1251.9914495795965 270.42953440546989 1188.454720325768 106.34158731997013 398.63321463763714
leaf_count=18119 49 3613 88 7055 485 1493
internal_value=-0.000115744 -0.000763193 -0.00344536 -0.00195972 -0.0113425 0.00811246
internal_weight=7473.89 7394.68 6142.69 5872.26 1693.43 504.975
internal_count=30902 30853 27240 27152 9033 1978
is_linear=0
shrinkage=0.05


Tree=58
num_leaves=7
num_cat=0
split_feature=36 19 36 35 36 34
split_gain=100.904 95.3828 122.012 115.273 115.312 149.19
threshold=5118.1291666666675 13.500000000000002 9504.3365277777793 8728.3116666666683 6841.5052777777792 6924.888750000001
decision_type=10 10 10 10 10 10
left_child=-1 2 3 -2 5 -5
right_child=1 -3 -4 4 -6 -7
leaf_value=0.00095112437116808782 -0.017797848275920524 -0.046216089825243167 -0.047067907071358522 -0.043827747336178974 0.10019428869057045 0.090907030766030072
leaf_weight=6937.0328818187118 141.78073151409626 218.97912929207087 115.67459847778082 50.581886194646358 52.251461662352085 27.620312191545963
leaf_count=27097 731 1480 971 369 300 222
internal_value=-0.000765054 -0.0202293 -0.005158 0.0131776 0.0462568 0.00636265
internal_weight=7543.92 606.888 387.909 272.234 130.454 78.2022
internal_count=31170 4073 2593 1622 891 591
is_linear=0
shrinkage=0.05


Tree=59
num_leaves=7
num_cat=0
split_feature=21 4 35 12 4 19
split_gain=88.0899 91.2594 94.9654 92.0743 94.3611 69.9016
threshold=0.06277844413982181 2364.5000000000005 613.5436111111112 32.500000000000007 1075.0000000000002 1.5000000000000002
decision_type=10 10 8 10 10 10
left_child=-1 2 -2 -4 5 -5
right_child=1 -3 3 4 -6 -7
leaf_value=0.059542392546547709 0.035525485938459507 0.0025230691705127109 -0.033643205562995375 0.0056377472812932398 -0.028826315140926862 0.084686392055388443
leaf_weight=59.061801299452782 77.103978037834167 6764.4045550525188 477.15812896192074 74.812484756112099 102.05478260666132 40.421735741198063
leaf_count=159 110 26066 3763 365 602 238
internal_value=0.0011579 0.000661148 -0.015574 -0.0214609 0.00544593 0.035735
internal_weight=7595.02 7535.96 771.551 694.447 217.289 115.234
internal_count=31303 31144 5078 4968 1205 603
is_linear=0
shrinkage=0.05


Tree=60
num_leaves=7
num_cat=0
split_feature=27 37 24 8 19 19
split_gain=106.358 75.3488 82.6048 67.1979 81.8444 62.744
threshold=2.5000000000000004 0.25833333333333336 27.500000000000004 57.500000000000007 3.5000000000000004 254.50000000000003
decision_type=2 2 10 10 10 8
left_child=1 2 -1 4 -4 -3
right_child=-2 5 3 -5 -6 -7
leaf_value=-0.035787814303025599 0.055438544903353218 0.00044646972343634464 -0.01311619924004416 -0.034854066872054841 0.022812617513418922 0.028223687024695722
leaf_weight=284.67911265790462 80.361301682889462 6195.7207288891077 358.33267734199762 142.64258349686861 276.24402263760567 205.20294234156609
leaf_count=2342 53 23679 2145 812 1461 505
internal_value=-5.68502e-05 -0.000691155 -0.0129933 -0.00446879 0.00258041 0.0013583
internal_weight=7543.18 7462.82 1061.9 777.219 634.577 6400.92
internal_count=30997 30944 6760 4418 3606 24184
is_linear=0
shrinkage=0.05


Tree=61
num_leaves=7
num_cat=0
split_feature=15 22 24 27 36 36
split_gain=82.7168 87.8682 61.9563 67.8348 59.1474 82.3414
threshold=1.0000000180025095e-35 35.665644235385699 14.500000000000002 2.5000000000000004 5118.1291666666675 3317.0227777777786
decision_type=8 8 10 2 10 10
left_child=-1 2 -2 4 5 -4
right_child=1 -3 3 -5 -6 -7
leaf_value=-0.017871655885317875 -0.014716755921822422 0.046903401784905152 0.0019856997883902212 0.054913418951592963 -0.015065994072651401 0.030001817030990058
leaf_weight=579.27046660333872 568.637914262712 100.939537063241 5501.5503811016679 56.01788118481636 468.13830478489399 270.45958646386862
leaf_count=4198 3283 254 19129 39 2972 1222
internal_value=0.00019947 0.001714 0.00101589 0.00244733 0.00193276 0.00332328
internal_weight=7545.01 6965.74 6864.8 6296.17 6240.15 5772.01
internal_count=31097 26899 26645 23362 23323 20351
is_linear=0
shrinkage=0.05


Tree=62
num_leaves=7
num_cat=0
split_feature=35 23 34 37 25 21
split_gain=99.4016 79.0947 77.5718 70.3824 54.3514 71.0058
threshold=15925.140833333337 5.0353701788701182 1.0000000180025095e-35 0.92724867724867732 0.50726750327460191 0.54656089869925117
decision_type=10 10 10 2 10 10
left_child=1 2 -1 -4 5 -3
right_child=-2 4 3 -5 -6 -7
leaf_value=-0.024331751968701604 -0.042069986781910464 0.054608870560733803 -2.7458671337031109e-05 0.055499322420404167 -0.0093219940318711829 0.011397048384749477
leaf_weight=326.51881048083305 133.33707273751497 151.44481957703829 6403.3086467757821 52.582027591764927 124.46927025914192 251.3745581805706
leaf_count=2643 1416 525 24767 126 521 943
internal_value=-8.16586e-05 0.000712489 -0.000743529 0.000467397 0.019272 0.0281134
internal_weight=7443.04 7309.7 6782.41 6455.89 527.289 402.819
internal_count=30941 29525 27536 24893 1989 1468
is_linear=0
shrinkage=0.05


Tree=63
num_leaves=7
num_cat=0
split_feature=37 4 35 12 4 19
split_gain=79.7096 72.4439 96.9485 101.4 89.9269 56.8101
threshold=0.94281045751633996 2364.5000000000005 372.73694444444453 25.500000000000004 1075.0000000000002 1.5000000000000002
decision_type=2 8 8 10 10 10
left_child=1 2 -1 -4 5 -5
right_child=-2 -3 3 4 -6 -7
leaf_value=0.049822216066189973 0.059762713175518768 0.0013021677447052206 -0.034532165215497533 0.0078800917267255032 -0.027833545418602168 0.072665343973694438
leaf_weight=48.98772905766964 50.562373429536819 6730.2458826899529 436.98777131736279 103.24563255906105 116.42387577146292 46.4073715955019
leaf_count=72 104 25832 3595 514 700 250
internal_value=9.64245e-05 -0.000346416 -0.015011 -0.0198484 0.00445948 0.0296698
internal_weight=7532.86 7482.3 752.052 703.065 266.077 149.653
internal_count=31067 30963 5131 5059 1464 764
is_linear=0
shrinkage=0.05


Tree=64
num_leaves=7
num_cat=0
split_feature=16 19 31 4 21 40
split_gain=92.6139 142.879 139.589 116.207 96.0724 88.5362
threshold=540.50000000000011 13.500000000000002 1.5000000000000002 41151.000000000007 0.6002056202878685 12.500000000000002
decision_type=8 10 2 10 10 2
left_child=2 -2 4 -3 5 -1
right_child=1 3 -4 -5 -6 -7
leaf_value=0.024180318912038826 0.040007001827306182 0.020743520508140115 -0.036483310376889566 -0.0075650061141183059 -0.01215239323134187 0.00024859116040738816
leaf_weight=429.2936247587204 319.6663865596056 587.97254092246294 290.14215125143528 928.3045951128006 1448.9657645598054 3510.3559640273452
leaf_count=131 1050 1501 93 2932 8066 17376
internal_value=0.00015521 0.00990189 -0.00300183 0.0034444 -0.00116692 0.00288371
internal_weight=7514.7 1835.94 5678.76 1516.28 5388.62 3939.65
internal_count=31149 5483 25666 4433 25573 17507
is_linear=0
shrinkage=0.05


Tree=65
num_leaves=7
num_cat=0
split_feature=35 21 36 36 8 12
split_gain=90.3042 69.6431 67.035 125.368 93.892 103.5
threshold=15925.140833333337 0.081574453837783556 4824.6498611111119 3806.3420833333334 18.500000000000004 10.500000000000002
decision_type=10 10 8 10 10 10
left_child=1 -1 3 -3 5 -4
right_child=-2 2 4 -5 -6 -7
leaf_value=0.04949347445294211 -0.040753538248861687 0.0017838786167470807 -0.019210400850195271 0.052965426048227598 -0.025394181236816984 0.015520387301100742
leaf_weight=68.205705210566521 127.02997346967459 5671.3467181250453 364.34717208892107 117.23919899016619 546.40179434418678 506.72216392308474
leaf_count=222 1404 19775 2757 458 3465 2921
internal_value=0.00022782 0.000970976 0.000477709 0.0028653 -0.0092484 0.000966612
internal_weight=7401.29 7274.26 7206.06 5788.59 1417.47 871.069
internal_count=31002 29598 29376 20233 9143 5678
is_linear=0
shrinkage=0.05


Tree=66
num_leaves=7
num_cat=0
split_feature=29 35 11 16 12 25
split_gain=70.6638 57.3743 50.3339 118.044 83.3463 74.359
threshold=4.5000000000000009 15925.140833333337 206.50000000000003 22.500000000000004 952.50000000000011 0.81252615062761524
decision_type=2 10 10 10 10 10
left_child=1 2 4 -4 -1 -6
right_child=-2 -3 3 -5 5 -7
leaf_value=-3.9617049335778217e-05 0.038660403699005308 -0.033767525330643824 0.064446372283261166 0.0049909851416170894 -0.043217128268307148 -0.0027701162895204766
leaf_weight=5609.3991744369268 112.26034823805094 122.07524931430817 85.562611296772957 1084.6312600299716 214.61110958456993 236.99057379364967
leaf_count=24251 116 1365 294 3547 801 694
internal_value=0.00015171 -0.000462063 0.000123136 0.00959396 -0.00171179 -0.0222542
internal_weight=7465.53 7353.27 7231.19 1170.19 6061 451.602
internal_count=31068 30952 29587 3841 25746 1495
is_linear=0
shrinkage=0.05


Tree=67
num_leaves=7
num_cat=0
split_feature=21 4 12 4 8 35
split_gain=69.9637 86.8834 77.2252 74.414 87.2723 73.7301
threshold=0.06277844413982181 2183.5000000000005 25.500000000000004 1075.0000000000002 1.5000000000000002 1262.8493055555557
decision_type=10 10 10 10 10 8
left_child=-1 2 5 4 -4 -2
right_child=1 -3 3 -5 -6 -7
leaf_value=0.052910999961416398 0.027252185703431214 0.00051341050944291098 -0.007117245017367449 -0.029274566061642256 0.067335114285653988 -0.039061155868986688
leaf_weight=55.23728471249342 43.714616887271404 6731.4853438064456 90.369380928575993 101.21997367590666 63.593643896281719 365.00359688699245
leaf_count=166 86 26148 491 570 294 3199
internal_value=-0.000757675 -0.00119401 -0.0183805 0.00319179 0.0247856 -0.0317249
internal_weight=7450.62 7395.39 663.901 255.183 153.963 408.718
internal_count=30954 30788 4640 1355 785 3285
is_linear=0
shrinkage=0.05


Tree=68
num_leaves=7
num_cat=0
split_feature=4 12 4 37 35 8
split_gain=78.376 73.1613 77.6215 66.8145 113.285 78.8593
threshold=2183.5000000000005 20.500000000000004 1075.0000000000002 0.73385416666666681 3563.5772222222226 12.500000000000002
decision_type=8 10 10 2 10 10
left_child=1 -1 -3 5 -5 -2
right_child=3 2 -4 4 -6 -7
leaf_value=-0.030392001650393893 0.0057374597511453806 0.02461748917041278 -0.027708724679850423 0.0073735913873991732 0.064659008055443876 -0.0063821794329678543
leaf_weight=389.15208870917559 2378.512884311378 165.56978601962328 116.30174177885056 1247.7361378073692 87.914852753281593 3067.3764009177685
leaf_count=3252 10827 833 648 3424 383 11695
internal_value=-0.000245307 -0.0164805 0.00292076 0.0013721 0.0113713 -0.00108847
internal_weight=7452.56 671.024 281.872 6781.54 1335.65 5445.89
internal_count=31062 4733 1481 26329 3807 22522
is_linear=0
shrinkage=0.05


Tree=69
num_leaves=7
num_cat=0
split_feature=32 21 23 4 19 19
split_gain=66.7825 63.1565 80.9754 76.5472 121.945 107.858
threshold=3.5000000000000004 0.6002056202878685 1.2306355165679366 84834.000000000015 23.500000000000004 187.50000000000003
decision_type=2 10 10 10 10 10
left_child=1 -1 3 5 -5 -3
right_child=-2 2 -4 4 -6 -7
leaf_value=0.0020793881451842571 0.025100604530540999 -0.014095156234941151 -0.019344282395286433 0.050073055396063271 -0.0041104308869371886 0.067575617690788459
leaf_weight=5098.8886946588755 250.59433022886515 684.21027982234955 913.8221270442009 165.83523179590702 263.05168866366148 38.018325999379158
leaf_count=20993 194 4023 4277 575 970 105
internal_value=-1.35481e-05 -0.000908948 -0.00827516 0.000557814 0.017176 -0.00936093
internal_weight=7414.42 7163.83 2064.94 1151.12 428.887 722.229
internal_count=31137 30943 9950 5673 1545 4128
is_linear=0
shrinkage=0.05


Tree=70
num_leaves=7
num_cat=0
split_feature=22 24 12 16 36 34
split_gain=69.0983 89.8164 64.4107 110.39 87.8819 83.005
threshold=24.457002346748819 17.500000000000004 14.500000000000002 44.500000000000007 3202.7754166666668 1785.2743055555559
decision_type=10 10 10 10 10 8
left_child=1 2 -1 4 5 -4
right_child=-2 -3 3 -5 -6 -7
leaf_value=-0.031943855423199462 0.035630298686201038 0.0020790834838944213 0.0096164694859543001 -0.027230264969196279 -0.021123664873541295 0.076897905119677507
leaf_weight=336.42623848095536 133.50734053552151 6286.9189861603081 116.80371187627316 264.66848741471767 95.56253956258297 72.297085121273994
leaf_count=3076 436 24402 410 1390 756 463
internal_value=0.000650773 -2.46784e-05 -0.0148846 -0.00424311 0.0172305 0.0366578
internal_weight=7306.18 7172.68 885.758 549.332 284.663 189.101
internal_count=30933 30497 6095 3019 1629 873
is_linear=0
shrinkage=0.05


Tree=71
num_leaves=7
num_cat=0
split_feature=14 20 11 23 2 34
split_gain=65.3861 60.3517 74.5122 75.5863 66.1141 92.2591
threshold=29.500000000000004 0.28474955277280861 1971.5000000000002 1.1977845800728264 4016.5000000000005 14.850416666666669
decision_type=8 10 10 10 10 8
left_child=-1 4 3 -3 5 -2
right_child=1 2 -4 -5 -6 -7
leaf_value=-0.0032499034513925975 0.046985332924708412 0.0052003760453343114 0.043014279258667083 -0.027469298098709863 0.0035251729566252703 0.0096337371538539954
leaf_weight=4958.5787420719862 260.32183003425598 384.78693404048681 68.932585164904594 320.88234908133745 970.91022063046694 447.86819010227919
leaf_count=23256 147 1305 119 1107 3110 2054
internal_value=5.30632e-05 0.00672092 -0.00480317 -0.00974394 0.0120357 0.0235969
internal_weight=7412.28 2453.7 774.602 705.669 1679.1 708.19
internal_count=31098 7842 2531 2412 5311 2201
is_linear=0
shrinkage=0.05


Tree=72
num_leaves=7
num_cat=0
split_feature=27 37 33 24 8 24
split_gain=79.4702 72.6669 95.1271 73.3048 58.4563 105.147
threshold=2.5000000000000004 0.25833333333333336 2.5000000000000004 27.500000000000004 13.500000000000002 872.50000000000011
decision_type=2 2 2 10 10 10
left_child=1 2 3 -1 -3 -6
right_child=-2 4 -4 -5 5 -7
leaf_value=-0.032176060249848086 0.053177555845644181 0.0073529910493472309 -0.074164300057378729 -0.0013506050652091232 -0.0062850786148746082 0.015395530734242512
leaf_weight=258.16010579839349 62.911191739141941 2233.0713106691837 55.745072551071644 723.79282212257385 3386.6796151250601 664.75761899352074
leaf_count=2380 51 9799 104 4378 12595 1921
internal_value=-0.000662332 -0.00116089 -0.0133854 -0.00957671 0.000866653 -0.00271314
internal_weight=7385.12 7322.21 1037.7 981.953 6284.51 4051.44
internal_count=31228 31177 6862 6758 24315 14516
is_linear=0
shrinkage=0.05


Tree=73
num_leaves=7
num_cat=0
split_feature=37 24 19 36 34 19
split_gain=81.333 57.1869 62.5036 61.2816 107.635 65.705
threshold=0.25833333333333336 27.500000000000004 19.500000000000004 9504.3365277777793 6445.748611111112 3.5000000000000004
decision_type=2 10 10 10 10 10
left_child=1 -1 3 4 5 -3
right_child=-2 2 -4 -5 -6 -7
leaf_value=-0.032657078648952814 0.0025595054148142833 -0.015782964048964881 -0.03418261046767973 -0.051422341813334799 0.075270682006982823 0.018897118585809915
leaf_weight=258.09405748173594 6314.2033160477877 310.2675413787365 149.81907051056623 45.95181430131197 45.867934748530388 235.97415061295033
leaf_count=2390 24093 1635 973 447 343 1126
internal_value=0.000417735 -0.0124621 -0.00568239 0.00122331 0.00570536 -0.000765797
internal_weight=7360.18 1045.97 787.881 638.061 592.11 546.242
internal_count=31007 6914 4524 3551 3104 2761
is_linear=0
shrinkage=0.05


Tree=74
num_leaves=7
num_cat=0
split_feature=21 4 30 8 37 25
split_gain=64.25 63.7042 84.1319 56.5316 104.34 105.949
threshold=0.06277844413982181 2364.5000000000005 2.5000000000000004 14.500000000000002 0.76764950166112966 0.81637582569259604
decision_type=10 10 2 10 2 10
left_child=-1 2 -2 4 5 -3
right_child=1 3 -4 -5 -6 -7
leaf_value=0.049584003933840229 -0.020587871952949487 0.0077664196760217092 0.052909744746371702 -0.0039666495264090466 0.058030242962810057 -0.021950759405615302
leaf_weight=56.300973020493984 647.2387408092618 2115.2449737638235 36.684076339006424 4071.27876958251 86.255051001906395 344.44662913680077
leaf_count=158 4926 9657 58 14505 263 1531
internal_value=-0.00139365 -0.00182042 -0.0162902 -0.00031372 0.00552409 0.00356884
internal_weight=7357.45 7301.15 683.923 6617.23 2545.95 2459.69
internal_count=31098 30940 4984 25956 11451 11188
is_linear=0
shrinkage=0.05


Tree=75
num_leaves=7
num_cat=0
split_feature=15 22 37 36 36 36
split_gain=70.7558 70.2079 71.7469 64.2363 58.495 152.484
threshold=1.0000000180025095e-35 35.665644235385699 0.73385416666666681 1.7748611111111112 237.7490277777778 95.016944444444462
decision_type=8 8 2 8 8 10
left_child=-1 2 3 -2 5 -5
right_child=1 -3 -4 4 -6 -7
leaf_value=-0.017694047446595137 -0.029895682452083839 0.041917602054755296 0.010880139525173339 0.00055570548199031765 -0.0033338361605763055 0.053746165665248508
leaf_weight=533.0987904779613 194.56876005977392 98.935134001076221 1331.6008710563183 689.53249274939299 4358.3810137808323 162.4967704564333
leaf_count=4163 804 251 3983 1861 19607 354
internal_value=-0.0002369 0.00113651 0.000506947 -0.00205634 -0.000989094 0.0109544
internal_weight=7368.61 6835.52 6736.58 5404.98 5210.41 852.029
internal_count=31023 26860 26609 22626 21822 2215
is_linear=0
shrinkage=0.05


Tree=76
num_leaves=7
num_cat=0
split_feature=35 15 2 22 22 40
split_gain=69.2935 55.5771 75.962 79.4963 79.4542 78.1712
threshold=15925.140833333337 108.50000000000001 3417.5000000000005 0.50390595855585862 0.68472105821992224 14.500000000000002
decision_type=10 10 10 10 10 2
left_child=1 -1 5 -4 -5 -3
right_child=-2 2 3 4 -6 -7
leaf_value=-0.0020108713428292012 -0.038085922224545196 0.045582923455880719 -0.03886413950475711 0.053026724969202778 0.0014248128381965774 0.0090219660950188376
leaf_weight=5237.7172059677541 111.98838970065117 221.3443666100502 109.300302952528 74.629135519266129 1185.9281952902675 422.36423230543733
leaf_count=23855 1407 82 296 244 3548 1755
internal_value=8.85149e-05 0.000703916 0.00775315 0.00107439 0.00467725 0.0218482
internal_weight=7363.27 7251.28 2013.57 1369.86 1260.56 643.709
internal_count=31187 29780 5925 4088 3792 1837
is_linear=0
shrinkage=0.05


Tree=77
num_leaves=7
num_cat=0
split_feature=21 12 12 27 40 36
split_gain=55.0223 52.782 75.8862 74.8851 66.1196 62.246
threshold=0.06277844413982181 5565.5000000000009 7584.0000000000009 2.5000000000000004 1.5000000000000002 387.55138888888894
decision_type=10 10 10 2 2 10
left_child=-1 3 -3 4 -2 -4
right_child=1 2 5 -5 -6 -7
leaf_value=0.047675036895406503 -0.058364253180678595 0.063722076819684823 -0.01344493033864368 0.052943886942402464 -0.0022138704221585093 0.037303691574169039
leaf_weight=52.93400714546442 47.842580080032349 67.182033061981201 158.89304123818874 56.128487069159746 6864.9796070307493 90.846784546971321
leaf_count=154 15 168 560 44 29992 213
internal_value=-0.000861063 -0.00124615 0.0185495 -0.00215903 -0.00264438 0.00538553
internal_weight=7338.81 7285.87 316.922 6968.95 6912.82 249.74
internal_count=31146 30992 941 30051 30007 773
is_linear=0
shrinkage=0.05


Tree=78
num_leaves=7
num_cat=0
split_feature=15 12 30 2 12 32
split_gain=70.5871 65.753 143.205 120.289 74.22 114.656
threshold=1.0000000180025095e-35 74.500000000000014 3.5000000000000004 14810.000000000002 31.500000000000004 1.5000000000000002
decision_type=10 8 2 10 10 2
left_child=-1 2 3 4 5 -2
right_child=1 -3 -4 -5 -6 -7
leaf_value=-0.016933196069818867 -0.0013773486325108462 -0.0030471167854858473 0.042585908966947222 0.027265627007690231 0.016105645745276839 -0.049584791695844815
leaf_weight=527.56657031923532 2057.2081700861454 3325.8238471895456 253.63367247581482 465.09039550274611 556.53544404357672 126.23181581497192
leaf_count=4177 10266 12017 394 1562 2519 66
internal_value=0.000595921 0.00197046 0.0067927 0.00389827 -0.000110599 -0.0042713
internal_weight=7312.09 6784.52 3458.7 3205.07 2739.98 2183.44
internal_count=31001 26824 14807 14413 12851 10332
is_linear=0
shrinkage=0.05


Tree=79
num_leaves=7
num_cat=0
split_feature=15 21 21 8 12 23
split_gain=57.1291 69.1029 79.3006 65.8089 63.1597 108.368
threshold=148.50000000000003 0.6002056202878685 0.99496226128362297 19.500000000000004 38.500000000000007 1.1977845800728264
decision_type=8 10 10 10 10 10
left_child=1 -1 -3 -4 -2 -6
right_child=4 2 3 -5 5 -7
leaf_value=0.00051804619500949627 0.022478190436915138 -0.015545440428501587 -0.0050314104749216229 0.065523358989820854 0.017091234908941925 -0.016176024033684559
leaf_weight=4383.2914033196867 510.50442805886269 1352.5030479840934 76.918627414852381 52.101814895868301 495.19745171070099 474.44805034995079
leaf_count=18711 1424 7465 438 157 1473 1489
internal_value=-0.000424393 -0.00264068 -0.0119565 0.024842 0.00833656 0.000814069
internal_weight=7344.96 5864.81 1481.52 129.02 1480.15 969.646
internal_count=31157 26771 8060 595 4386 2962
is_linear=0
shrinkage=0.05


Tree=80
num_leaves=7
num_cat=0
split_feature=27 11 37 35 19 35
split_gain=70.5718 66.8162 50.4168 69.5271 117.497 72.8715
threshold=2.5000000000000004 6262.5000000000009 0.25833333333333336 8988.4988888888893 13.500000000000002 6954.3427777777788
decision_type=2 8 2 10 10 10
left_child=1 2 -1 5 -5 -4
right_child=-2 -3 3 4 -6 -7
leaf_value=-0.01150644373550672 0.052218942282349412 0.039571827507592916 0.0006454508622315868 0.065623706363678078 -0.020286152590468901 -0.033140461177130577
leaf_weight=993.59472363069654 59.013588786125183 97.510321855545044 5857.7162991464138 97.591379538178444 61.920791603624821 159.06423465162516
leaf_count=6740 50 280 22072 555 456 950
internal_value=-5.0364e-05 -0.000510418 -0.00108273 0.000602106 0.0326715 -0.000274515
internal_weight=7326.41 7267.4 7169.89 6176.29 159.512 6016.78
internal_count=31103 31053 30773 24033 1011 23022
is_linear=0
shrinkage=0.05


Tree=81
num_leaves=7
num_cat=0
split_feature=38 14 4 20 19 40
split_gain=87.9949 62.1518 69.3627 58.4145 62.1195 77.4888
threshold=3.5000000000000004 1.0000000180025095e-35 202207.00000000003 0.64502923976608206 4.5000000000000009 11.500000000000002
decision_type=2 8 10 10 10 2
left_child=1 2 3 4 5 -1
right_child=-2 -3 -4 -5 -6 -7
leaf_value=-0.04753547222181459 0.034532497982995472 0.0012093155249604574 0.046415812953476195 -0.050337171257798421 -0.022334887410382309 0.0065108374751047795
leaf_weight=69.677480340003967 173.13939899206161 5763.9890071935952 46.311987906694412 92.007244907319546 542.21555056422949 587.65682925656438
leaf_count=23 133 22505 185 1016 3329 3937
internal_value=-0.000176702 -0.00104659 -0.0107341 -0.0129545 -0.00989011 0.000466325
internal_weight=7275 7101.86 1337.87 1291.56 1199.55 657.334
internal_count=31128 30995 8490 8305 7289 3960
is_linear=0
shrinkage=0.05


Tree=82
num_leaves=7
num_cat=0
split_feature=22 24 36 36 19 31
split_gain=61.7676 69.048 75.0345 93.118 119.093 71.1906
threshold=6.1578001033898904 27.500000000000004 4917.4005555555568 3806.3420833333334 9.5000000000000018 1.5000000000000002
decision_type=8 10 10 10 10 2
left_child=1 -1 3 5 -5 -3
right_child=-2 2 -4 4 -6 -7
leaf_value=-0.012436318847970159 0.017324609969615015 0.0028960022217852303 -0.018286826038799091 -0.0098138317914268428 0.083508379719689593 -0.021605047629611157
leaf_weight=1202.9148928336799 455.8722942173481 4742.3585538566113 470.13711798191071 58.940650723874569 73.387284740805626 311.24481689929962
leaf_count=7894 1779 17475 3263 267 201 103
internal_value=-0.000395085 -0.00158456 0.000732303 0.00247246 0.0430975 0.00136715
internal_weight=7314.86 6858.98 5656.07 5185.93 132.328 5053.6
internal_count=30982 29203 21309 18046 468 17578
is_linear=0
shrinkage=0.05


Tree=83
num_leaves=7
num_cat=0
split_feature=18 34 31 10 23 36
split_gain=54.2146 78.6481 76.3523 63.7062 91.6822 104.998
threshold=29.500000000000004 29.43930555555556 1.5000000000000002 1.0000000180025095e-35 0.96479764726789441 672.46597222222238
decision_type=8 10 2 10 10 10
left_child=2 -2 3 -1 5 -5
right_child=1 -3 -4 4 -6 -7
leaf_value=-0.0036126637354301628 0.026883571443338711 -0.0014363032279950819 -0.024051626746940571 0.040130029298919512 -0.0022786290364357727 0.0027250644802872081
leaf_weight=4224.3789711743593 429.14812468737364 562.07824704796076 353.82989907264709 360.28754467517138 983.35552819818258 387.3270500600338
leaf_count=21006 366 2432 114 1129 4110 1879
internal_value=5.7931e-05 0.0108981 -0.00165243 -0.00030255 0.00776282 0.020898
internal_weight=7300.41 991.226 6309.18 5955.35 1730.97 747.615
internal_count=31036 2798 28238 28124 7118 3008
is_linear=0
shrinkage=0.05


Tree=84
num_leaves=7
num_cat=0
split_feature=29 21 0 16 31 19
split_gain=67.945 50.7665 57.3438 77.9484 73.4075 65.4078
threshold=2.5000000000000004 0.06277844413982181 25.500000000000004 72.500000000000014 1.5000000000000002 10.500000000000002
decision_type=2 10 10 10 2 10
left_child=1 -1 4 5 -3 -4
right_child=-2 2 3 -5 -6 -7
leaf_value=0.045490176445124174 0.023052947093354606 -0.0050715138642385459 0.031603071265757718 -0.00015573212710630796 -0.04526131720124877 -0.0077925080905228402
leaf_weight=53.402569495141506 303.31229667365551 2740.3256049454212 369.98677489161491 3545.653839789331 113.6767480969429 144.15963609516621
leaf_count=163 385 15467 1596 12632 37 703
internal_value=8.31944e-05 -0.000932592 -0.00132378 0.00249347 -0.00674866 0.0205884
internal_weight=7270.52 6967.21 6913.8 4059.8 2854 514.146
internal_count=30983 30598 30435 14931 15504 2299
is_linear=0
shrinkage=0.05


Tree=85
num_leaves=7
num_cat=0
split_feature=15 22 18 36 12 36
split_gain=68.7526 60.646 86.5269 71.1316 58.9664 87.153
threshold=116.50000000000001 0.98240084619960566 61.500000000000007 672.46597222222238 38.500000000000007 586.6912500000002
decision_type=8 10 10 8 10 8
left_child=-1 2 3 -2 -3 -6
right_child=1 4 -4 -5 5 -7
leaf_value=-0.0025646273336111507 0.043057632127642902 0.017648544772406342 -0.024087883013036635 0.0063981710948626527 -0.019100832369694641 0.015264050109708438
leaf_weight=5360.1820083633065 327.05749274790287 388.99672192707658 87.634923420846462 223.31081802397966 481.2320526316762 292.71735761314631
leaf_count=25346 907 1177 252 748 1382 1072
internal_value=0.000275981 0.0087142 0.0210372 0.0283746 0.00189256 -0.00608905
internal_weight=7161.13 1800.95 638.003 550.368 1162.95 773.949
internal_count=30884 5538 1907 1655 3631 2454
is_linear=0
shrinkage=0.05


Tree=86
num_leaves=7
num_cat=0
split_feature=24 24 25 19 23 19
split_gain=61.8336 85.8838 75.3041 55.397 52.334 50.7394
threshold=872.50000000000011 1076.5000000000002 0.85685810547635743 77.500000000000014 1.5643133775432869 10.500000000000002
decision_type=8 10 10 10 10 10
left_child=2 3 5 -2 -4 -1
right_child=1 -3 4 -5 -6 -7
leaf_value=0.0055285969058007549 0.050937543005426238 0.001195459169175129 -0.03056269971314738 0.0031455905464897087 0.014621970493024959 -0.0036336674172567033
leaf_weight=2738.9921765588224 189.3334014415741 476.52112503349781 322.08134690672159 89.135562464594841 76.486252568662167 3358.0229676775634
leaf_count=14071 530 1428 1535 310 334 12846
internal_value=0.000677539 0.014172 -0.000900639 0.0359651 -0.0218179 0.000483499
internal_weight=7250.57 754.99 6495.58 278.469 398.568 6097.02
internal_count=31054 2268 28786 840 1869 26917
is_linear=0
shrinkage=0.05


Tree=87
num_leaves=7
num_cat=0
split_feature=24 24 4 8 18 21
split_gain=53.1212 108.829 85.645 53.4831 92.0574 140.329
threshold=872.50000000000011 1098.5000000000002 30932.000000000004 21.500000000000004 26.500000000000004 0.86679487179487191
decision_type=10 10 10 10 10 8
left_child=3 -2 -3 -1 5 -5
right_child=1 2 -4 4 -6 -7
leaf_value=0.0032317130804688692 0.035782451131865477 0.023096690081977941 -0.021519584469927477 -0.014645446282375074 0.0073575563380534718 0.031351172790870782
leaf_weight=3232.7421781346202 298.80479992926121 177.8025928735733 256.47504678368568 2159.9236326925457 939.96705214679241 174.91677369177341
leaf_count=16258 907 555 795 9178 2728 621
internal_value=0.000112704 0.0128254 -0.00319775 -0.00132814 -0.00582748 -0.0111399
internal_weight=7240.63 733.082 434.278 6507.55 3274.81 2334.84
internal_count=31042 2257 1350 28785 12527 9799
is_linear=0
shrinkage=0.05


Tree=88
num_leaves=7
num_cat=0
split_feature=27 40 40 28 11 16
split_gain=59.3195 41.4326 83.1757 53.2543 53.6681 109.774
threshold=2.5000000000000004 4.5000000000000009 10.500000000000002 1.5000000000000002 206.50000000000003 20.500000000000004
decision_type=2 2 2 2 8 10
left_child=1 -1 -3 4 -4 -6
right_child=-2 2 3 -5 5 -7
leaf_value=-0.028885592595596268 0.05083559389937238 0.022055541429083933 -0.0018362560436941768 -0.021604525335550975 0.072007452603106537 0.0062719748877786575
leaf_weight=117.68089640140533 52.67035061493516 413.06854999065399 5461.4847345910966 292.72075629234314 63.8654840067029 836.57940986007452
leaf_count=37 50 136 26949 316 253 3358
internal_value=0.000328029 -7.72934e-05 0.00042246 -0.000935903 3.13067e-05 0.0113063
internal_weight=7238.07 7185.4 7067.72 6654.65 6361.93 900.445
internal_count=31099 31049 31012 30876 30560 3611
is_linear=0
shrinkage=0.05


Tree=89
num_leaves=7
num_cat=0
split_feature=37 0 12 23 12 36
split_gain=44.8803 37.1026 65.7413 92.7211 101.446 101.399
threshold=0.92724867724867732 25.500000000000004 44.500000000000007 1.2222235172036422 6311.0000000000009 586.6912500000002
decision_type=2 8 10 10 10 8
left_child=1 -1 -3 -4 5 -5
right_child=-2 2 3 4 -6 -7
leaf_value=-0.0043026659677810938 0.044991635590797739 0.010266188952860411 0.0061256394772123846 -0.037600001319055366 0.023596635578174339 -0.0042376763038025822
leaf_weight=2939.2195745818317 50.90012314170599 1794.0585431568325 1409.3381195664406 420.24705652147532 154.28301060199738 493.50172086805105
leaf_count=15662 147 6895 4656 1230 482 2032
internal_value=0.000362897 1.69037e-05 0.00299081 -0.00228794 -0.013367 -0.0197026
internal_weight=7261.55 7210.65 4271.43 2477.37 1068.03 913.749
internal_count=31104 30957 15295 8400 3744 3262
is_linear=0
shrinkage=0.05


Tree=90
num_leaves=7
num_cat=0
split_feature=23 24 24 20 40 21
split_gain=57.3151 93.36 64.1869 53.5314 69.195 48.3088
threshold=5.0353701788701182 17.500000000000004 237.50000000000003 0.0042441032121259591 12.500000000000002 0.3330653804930333
decision_type=10 10 10 10 2 10
left_child=1 -1 5 4 -3 -2
right_child=2 3 -4 -5 -6 -7
leaf_value=-0.018804078790150912 0.056132941429701648 0.067097769792765813 -0.022615888675135181 -0.0012441496261598696 0.008146214553705235 0.014288304242750575
leaf_weight=748.20929422602057 82.543348528444767 57.373842835426331 90.557282388210297 5676.548948507756 255.75111632421613 355.33539036661386
leaf_count=5574 279 19 317 22204 1274 1427
internal_value=-0.000965614 -0.00221312 0.0148125 -0.000126682 0.0198327 0.022721
internal_weight=7266.32 6737.88 528.436 5989.67 313.125 437.879
internal_count=31094 29071 2023 23497 1293 1706
is_linear=0
shrinkage=0.05


Tree=91
num_leaves=7
num_cat=0
split_feature=35 36 36 21 12 35
split_gain=61.9683 48.551 52.4783 47.1147 50.7126 111.37
threshold=15925.140833333337 1.7748611111111112 5.0402777777777787 0.99496226128362297 74.500000000000014 205.22361111111113
decision_type=10 8 8 8 10 8
left_child=1 -1 -3 4 5 -4
right_child=-2 2 3 -5 -6 -7
leaf_value=-0.021644543036198189 -0.037329192745126048 0.03319911461609331 0.034281933002611044 0.026988117308829808 -0.0040084890935321044 0.0020669113773957013
leaf_weight=220.90870928019285 101.06928134709597 126.47465164586902 287.46489412337542 169.03258126974106 3121.8777785599232 3255.3945670351386
leaf_count=866 1386 302 354 695 11318 16212
internal_value=0.000609785 0.00116935 0.00190845 0.00130549 0.000634381 0.00472544
internal_weight=7282.22 7181.15 6960.24 6833.77 6664.74 3542.86
internal_count=31133 29747 28881 28579 27884 16566
is_linear=0
shrinkage=0.05


Tree=92
num_leaves=7
num_cat=0
split_feature=4 21 8 24 16 8
split_gain=49.2525 67.2188 62.9204 58.9268 57.4303 55.3697
threshold=2364.5000000000005 0.41291708796764415 5.5000000000000009 2.5000000000000004 64.500000000000014 12.500000000000002
decision_type=10 10 10 10 10 10
left_child=1 2 -1 -3 -4 -2
right_child=5 3 4 -5 -6 -7
leaf_value=-0.010557522030267505 0.0077350876929326452 0.012628203088295757 -0.012823431903005118 -0.041018820287117799 0.063068163308872979 -0.0018598084998312548
leaf_weight=280.72008157894015 2356.6908522211015 62.258852787315845 37.682189032435417 238.79108635336161 61.11168871819973 4134.3785396069288
leaf_count=1669 10872 375 322 2505 237 15063
internal_value=0.000282094 -0.0124641 0.00157527 -0.0298993 0.0348981 0.00162705
internal_weight=7171.63 680.564 379.514 301.05 98.7939 6491.07
internal_count=31043 5108 2228 2880 559 25935
is_linear=0
shrinkage=0.05


Tree=93
num_leaves=7
num_cat=0
split_feature=12 34 21 34 34 4
split_gain=47.7446 59.414 49.229 49.1649 44.9641 80.7985
threshold=5565.5000000000009 61.533333333333339 0.06277844413982181 1307.7318055555559 10765.585138888891 138948.50000000003
decision_type=8 10 10 10 8 10
left_child=2 -2 -1 -3 -4 -6
right_child=1 3 4 -5 5 -7
leaf_value=0.046810777586603743 0.045686958174459391 0.016414801584615151 0.0010571551494271232 -0.04125516858733673 -0.018936322631584523 0.054157134024257182
leaf_weight=51.308926768600941 127.16927812993526 139.42073740065098 6398.4645054452121 44.674030944705009 517.11101688444614 35.963444165885448
leaf_count=157 139 597 25261 212 4579 206
internal_value=0.00110624 0.020109 0.000247854 0.00169929 -0.000129223 -0.0137408
internal_weight=7314.11 311.264 7002.85 184.095 6951.54 553.074
internal_count=31151 948 30203 809 30046 4785
is_linear=0
shrinkage=0.05


Tree=94
num_leaves=7
num_cat=0
split_feature=29 14 16 22 15 36
split_gain=52.6486 42.5484 49.6327 51.0328 46.8105 52.2563
threshold=2.5000000000000004 192.50000000000003 891.50000000000011 1.095063737798281 150.50000000000003 1.7748611111111112
decision_type=2 10 10 10 8 8
left_child=1 4 -3 -4 5 -1
right_child=-2 2 3 -5 -6 -7
leaf_value=-0.029278016587384131 0.020383523852985336 -0.043260343086539067 0.033054223738523285 -0.024157643690836065 0.0095937162891005737 -0.0012714155992159942
leaf_weight=166.80452594906092 290.69364527985454 122.60146538168192 60.722510121762753 90.791181445121765 998.69694906845689 5476.9862477257848
leaf_count=744 380 362 162 344 3186 25780
internal_value=-0.000278037 -0.00116051 -0.0202847 -0.000905241 -0.000356645 -0.00212434
internal_weight=7207.3 6916.6 274.115 151.514 6642.49 5643.79
internal_count=30958 30578 868 506 29710 26524
is_linear=0
shrinkage=0.05


Tree=95
num_leaves=7
num_cat=0
split_feature=40 36 8 36 8 35
split_gain=55.9207 51.1682 72.3371 104.711 88.6554 127.154
threshold=10.500000000000002 5118.1291666666675 20.500000000000004 9504.3365277777793 9.5000000000000018 8728.3116666666683
decision_type=2 10 10 10 10 10
left_child=-1 -2 3 4 5 -3
right_child=1 2 -4 -5 -6 -7
leaf_value=0.015671779185690165 0.00051068712375417532 -0.039275126750334836 -0.039342433013588543 -0.044284702936341798 0.075245757310267752 0.040100603849844436
leaf_weight=554.56625306606293 6098.8077054172754 94.746127121150494 195.73391490057111 95.248487383127213 45.7326555326581 97.099519897252321
leaf_count=190 26671 568 1518 1011 316 692
internal_value=0.000493093 -0.000787889 -0.0156359 -0.00131827 0.0164653 0.000897712
internal_weight=7181.93 6627.37 528.561 332.827 237.578 191.846
internal_count=30966 30776 4105 2587 1576 1260
is_linear=0
shrinkage=0.05


Tree=96
num_leaves=7
num_cat=0
split_feature=21 25 37 23 10 35
split_gain=53.0571 78.9619 75.5008 74.5489 73.0272 73.0219
threshold=0.6002056202878685 0.6207423811030266 0.39047619047619053 1.1977845800728264 403.50000000000006 48.906111111111123
decision_type=10 10 2 10 10 10
left_child=1 4 5 -2 -1 -3
right_child=3 2 -4 -5 -6 -7
leaf_value=0.0080541842265545952 0.0014005339566986767 0.02866185740054903 0.002070436986828606 -0.017500474805552158 0.047429204137779353 -0.020399576984918379
leaf_weight=1653.3641078062356 1166.1767557412386 80.193812422454357 2582.8054043725133 937.981031332165 122.19872565567493 728.78129885345697
leaf_count=7289 5600 334 8791 4481 347 4311
internal_value=-0.000363054 0.00236268 -0.00211057 -0.00704658 0.0108896 -0.0153899
internal_weight=7271.5 5167.34 3391.78 2104.16 1775.56 808.975
internal_count=31153 21072 13436 10081 7636 4645
is_linear=0
shrinkage=0.05


Tree=97
num_leaves=7
num_cat=0
split_feature=21 4 35 16 20 23
split_gain=50.1152 46.1072 113.392 51.4677 100.306 110.943
threshold=0.06277844413982181 2039.5000000000002 636.23458333333349 36.500000000000007 0.73653699466056455 0.92045392907136281
decision_type=10 10 8 10 10 10
left_child=-1 2 -2 4 5 -3
right_child=1 3 -4 -5 -6 -7
leaf_value=0.045749049205256395 0.045708242645835111 0.03936403144208335 -0.021987563193115428 -0.00082969588549154216 -0.037897107423095329 0.0017845845179201613
leaf_weight=54.645730167627335 65.681206785142422 334.7343937754631 504.19701931625605 5743.3874035924673 85.754807025194168 466.6955043040216
leaf_count=150 115 1653 4288 21637 977 2300
internal_value=0.00010603 -0.000271871 -0.0138556 0.000905173 0.0120779 0.0176272
internal_weight=7255.1 7200.45 569.878 6630.57 887.185 801.43
internal_count=31120 30970 4403 26567 4930 3953
is_linear=0
shrinkage=0.05


Tree=98
num_leaves=7
num_cat=0
split_feature=31 8 35 25 35 24
split_gain=40.2371 47.4308 95.128 100.93 141.783 118.933
threshold=1.5000000000000002 15.500000000000002 14711.324027777779 0.8108932102834544 11985.063472222224 135.50000000000003
decision_type=2 10 10 10 8 10
left_child=1 2 3 5 -5 -1
right_child=-2 -3 -4 4 -6 -7
leaf_value=0.0063997738841660061 -0.014295378107291241 -0.002609164046907286 -0.049833943420272392 -0.021198482365413267 0.068020066728608219 0.035897632083787788
leaf_weight=1912.0673877298832 454.65578247606754 3903.0286525972188 69.873167302459478 463.43452858924866 44.332829259335995 411.99569965898991
leaf_count=10395 162 15774 1072 2156 229 1350
internal_value=2.266e-05 0.000989109 0.00582524 0.007284 -0.0128216 0.0116948
internal_weight=7259.39 6804.73 2901.7 2831.83 507.767 2324.06
internal_count=31138 30976 15202 14130 2385 11745
is_linear=0
shrinkage=0.05


Tree=99
num_leaves=7
num_cat=0
split_feature=13 12 40 22 19 10
split_gain=42.5216 53.4808 56.5183 48.5635 64.1912 66.3785
threshold=13.500000000000002 12.500000000000002 14.500000000000002 0.84775333010731369 12.500000000000002 1.0000000180025095e-35
decision_type=8 10 2 10 10 8
left_child=-1 2 -2 -3 -5 -6
right_child=1 3 -4 4 5 -7
leaf_value=-0.0017234021923302986 0.046175922127786456 0.017009261532329446 0.0092477386787305355 0.015647061127246436 -0.031609930465374241 0.0015180405789045506
leaf_weight=5524.4452210590243 151.90733361244202 364.81559001654387 315.23241213709116 266.49789724498987 272.94787753373384 330.65866836160421
leaf_count=25875 55 1123 1420 791 885 930
internal_value=0.000406468 0.00730427 0.0216181 0.00182436 -0.00460314 -0.0135989
internal_weight=7226.5 1702.06 467.14 1234.92 870.104 603.607
internal_count=31079 5204 1475 3729 2606 1815
is_linear=0
shrinkage=0.05


Tree=100
num_leaves=7
num_cat=0
split_feature=21 23 37 40 19 4
split_gain=50.5739 58.7956 71.6257 68.9384 60.3821 69.3992
threshold=0.6002056202878685 1.2306355165679366 0.84063492063492073 10.500000000000002 69.500000000000014 83666.500000000015
decision_type=10 10 2 2 10 10
left_child=-1 3 -3 -2 5 -5
right_child=1 2 -4 4 -6 -7
leaf_value=0.0024987105522284391 -0.039942662520667679 -0.0123743243052741 -0.068227451576106102 -0.012347110779182935 0.025319342344947746 0.017544382638341693
leaf_weight=5110.3443749323487 91.573541164398193 856.30936167016625 56.979869320988655 570.18573198840022 252.7002051025629 288.20369804650545
leaf_count=20896 30 4129 205 3777 839 1124
internal_value=-0.00019298 -0.00668438 -0.0162115 0.000587574 0.00409196 -0.00226758
internal_weight=7226.3 2115.95 913.289 1202.66 1111.09 858.389
internal_count=31000 10104 4334 5770 5740 4901
is_linear=0
shrinkage=0.05


Tree=101
num_leaves=7
num_cat=0
split_feature=21 35 8 16 31 21
split_gain=47.3541 39.3657 37.6318 133.094 79.4923 66.4519
threshold=0.06277844413982181 15925.140833333337 13.500000000000002 766.50000000000011 1.5000000000000002 0.68895663956639575
decision_type=10 10 10 10 2 8
left_child=-1 2 3 4 5 -2
right_child=1 -3 -4 -5 -6 -7
leaf_value=0.04386524392825298 0.0073882363021519973 -0.032709510761884851 -0.0032722939748142492 0.058240846628598686 -0.039876108460643045 -0.013739484430454071
leaf_weight=55.041260421276093 2150.4569054357708 89.924118652939796 4225.522155161947 104.47240224480629 103.81802374124527 445.07175081223249
leaf_count=151 10538 1384 15731 310 35 2832
internal_value=-0.000353364 -0.000725778 -0.000293661 0.00419315 0.00199754 0.00374588
internal_weight=7174.31 7119.27 7029.34 2803.82 2699.35 2595.53
internal_count=30981 30830 29446 13715 13405 13370
is_linear=0
shrinkage=0.05


Tree=102
num_leaves=7
num_cat=0
split_feature=4 36 12 36 36 4
split_gain=39.4257 66.3918 65.4121 47.3124 143.102 172.547
threshold=2183.5000000000005 133.43680555555559 20.500000000000004 47.087083333333339 237.7490277777778 146716.50000000003
decision_type=10 8 10 8 8 10
left_child=1 -1 -3 -2 5 -5
right_child=3 2 -4 4 -6 -7
leaf_value=0.038007098702582787 -0.0093030892061520421 -0.032868290765820672 0.0015030131559978274 0.037059342112975617 -0.00052767554804254008 -0.035053892559790571
leaf_weight=53.757284767925739 1045.7271035313606 314.37241994589567 243.57041990384459 499.75932467728853 4947.5557722188532 95.140113323926926
leaf_count=166 3291 3141 1411 1257 21505 300
internal_value=-0.000705498 -0.0127946 -0.0179834 0.000425803 0.00226814 0.0253305
internal_weight=7199.88 611.7 557.943 6588.18 5542.46 594.899
internal_count=31071 4718 4552 26353 23062 1557
is_linear=0
shrinkage=0.05


Tree=103
num_leaves=7
num_cat=0
split_feature=36 36 12 36 34 8
split_gain=45.6727 88.5122 134.135 62.7636 66.2095 129.894
threshold=9504.3365277777793 7084.3868055555567 53.500000000000007 5397.7402777777779 7823.1963888888904 33.500000000000007
decision_type=10 10 10 10 10 10
left_child=1 3 -3 -1 -5 -6
right_child=-2 2 -4 4 5 -7
leaf_value=0.00072936192344372262 -0.032435181085602831 0.10690123970976401 -0.0096477785850129782 -0.036028269703609853 0.1190468801823566 -0.037470366710679999
leaf_weight=6720.5285169109702 102.14370937272906 43.371551647782326 48.875702470541 210.18079883977771 17.424603819847107 28.306897848844528
leaf_count=27471 1130 223 252 1496 165 373
internal_value=-3.47998e-05 0.000455987 0.0478286 -0.000204211 -0.024265 0.0280212
internal_weight=7170.83 7068.69 92.2473 6976.44 255.912 45.7315
internal_count=31110 29980 475 29505 2034 538
is_linear=0
shrinkage=0.05


Tree=104
num_leaves=7
num_cat=0
split_feature=37 37 36 16 12 8
split_gain=47.3294 76.5172 73.5712 57.0343 59.8908 79.7546
threshold=0.73385416666666681 0.74813432835820903 1414.2820833333335 81.500000000000014 11.500000000000002 22.500000000000004
decision_type=2 2 10 10 10 10
left_child=-1 -2 3 -3 -5 -6
right_child=1 2 -4 4 5 -7
leaf_value=-0.0016860042936786752 0.040377341802830667 -0.044664793174954039 0.039256988886557133 0.016248098878988516 0.035893591765102505 -0.016516434860821629
leaf_weight=5866.3457743339241 162.1603869497776 62.622365146875381 127.84324645251036 446.5751703158021 81.232253633439541 458.8762369081378
leaf_count=26873 384 395 363 1421 247 1417
internal_value=0.000251837 0.00871453 0.00420042 -0.000236646 0.00279408 -0.00837704
internal_weight=7205.66 1339.31 1177.15 1049.31 986.684 540.108
internal_count=31100 4227 3843 3480 3085 1664
is_linear=0
shrinkage=0.05


Tree=105
num_leaves=7
num_cat=0
split_feature=33 24 36 36 36 36
split_gain=56.1539 52.1417 61.613 78.7635 112.287 85.4705
threshold=6.5000000000000009 28.500000000000004 4917.4005555555568 47.087083333333339 237.7490277777778 244.30972222222223
decision_type=2 10 10 8 8 8
left_child=1 -1 3 -3 -5 -6
right_child=-2 2 -4 4 5 -7
leaf_value=-0.0098003866693444353 0.024402289287850251 -0.011051303955044988 -0.016680456632836207 0.027836645300341325 -0.042853272251230555 0.0037438375953981399
leaf_weight=1380.5170780904591 217.2639331407845 866.04323414713144 444.7981290332973 490.08413126319647 96.191176995635033 3593.9913787767291
leaf_count=9107 438 2991 3268 1425 451 13408
internal_value=-0.000333344 -0.0011326 0.0010535 0.00263159 0.00547615 0.00247286
internal_weight=7088.89 6871.63 5491.11 5046.31 4180.27 3690.18
internal_count=31088 30650 21543 18275 15284 13859
is_linear=0
shrinkage=0.05


Tree=106
num_leaves=7
num_cat=0
split_feature=40 40 25 21 25 19
split_gain=72.7421 81.1655 46.5777 56.3358 53.7485 47.659
threshold=4.5000000000000009 6.5000000000000009 0.18910678971654585 0.82234299516908227 0.17509521218715998 16.500000000000004
decision_type=2 2 10 10 10 10
left_child=-1 -2 4 -4 5 -3
right_child=1 2 3 -5 -6 -7
leaf_value=-0.038239448702551117 0.06340853023200814 -0.0059472498912314575 -0.0011697652423056566 -0.033195309832891158 0.050287094083842188 0.020191499704415139
leaf_weight=121.64233368635178 45.100361943244934 359.46163910627365 6085.178709063679 135.50511474907398 73.86117559671402 330.55960754677653
leaf_count=42 16 1959 26596 1117 233 1117
internal_value=-0.000681989 -5.37243e-06 -0.000459912 -0.00189348 0.0111507 0.00662988
internal_weight=7151.31 7029.67 6984.57 6220.68 763.882 690.021
internal_count=31080 31038 31022 27713 3309 3076
is_linear=0
shrinkage=0.05


Tree=107
num_leaves=7
num_cat=0
split_feature=3 8 2 35 23 36
split_gain=39.0006 70.9772 72.2116 79.1919 138.636 67.6001
threshold=14840.500000000002 1420.5000000000002 2692.5000000000005 1645.4013888888892 0.59422853758702432 1213.121388888889
decision_type=8 10 10 8 10 10
left_child=1 2 3 4 -1 -2
right_child=5 -3 -4 -5 -6 -7
leaf_value=0.037171212217256305 -0.00049736049855298651 0.056833969403146778 -0.014006392597886122 -0.0059164363660355792 -0.00068570518859643024 0.016030517918170884
leaf_weight=342.30272518098354 2056.7178503721952 43.980652302503586 1207.1505213081837 1850.8056779690087 795.80834066495299 879.6384975425899
leaf_count=878 7274 97 4558 12009 2191 4092
internal_value=4.76918e-05 -0.00301841 -0.00371264 0.000461198 0.0108131 0.0044727
internal_weight=7176.4 4240.05 4196.07 2988.92 1138.11 2936.36
internal_count=31099 19733 19636 15078 3069 11366
is_linear=0
shrinkage=0.05


Tree=108
num_leaves=7
num_cat=0
split_feature=20 38 0 16 3 9
split_gain=34.6269 70.1345 51.5902 93.1317 82.3536 71.6373
threshold=0.0042441032121259591 1.0000000180025095e-35 25.500000000000004 41.500000000000007 42235.500000000007 1.0000000180025095e-35
decision_type=10 2 10 10 10 10
left_child=1 -1 4 -4 5 -2
right_child=2 -3 3 -5 -6 -7
leaf_value=0.0010573592285911019 -0.011329011625927501 0.049472689758060268 0.029021942086804156 0.00069150733265416805 0.055399469755054422 0.010764804835272406
leaf_weight=255.10924784839153 2086.5709900744259 100.96485581248999 308.3286064080894 3914.9306239783764 48.246463626623154 440.77824054285884
leaf_count=1624 12162 83 1367 13860 154 1906
internal_value=0.000191981 0.0152805 -0.000608894 0.00279171 -0.00617954 -0.00746213
internal_weight=7154.93 356.074 6798.85 4223.26 2575.6 2527.35
internal_count=31156 1707 29449 15227 14222 14068
is_linear=0
shrinkage=0.05


Tree=109
num_leaves=7
num_cat=0
split_feature=21 31 20 8 40 36
split_gain=41.5654 38.8037 38.8162 117.484 69.8056 75.7097
threshold=0.06277844413982181 1.5000000000000002 0.28897569444444449 59.500000000000007 13.500000000000002 237.7490277777778
decision_type=10 2 10 10 2 10
left_child=-1 2 -2 -4 -5 -6
right_child=1 -3 3 4 5 -7
leaf_value=0.041616337749014728 0.0022958269579487901 -0.01578614090335621 0.0026082521285385146 -0.057498223592291758 0.01019291316722744 -0.03040011833025083
leaf_weight=52.681414656341076 4800.77715042606 412.5469217300415 1237.4100655913353 120.77703201770782 179.54991692304611 304.24190989881754
leaf_count=158 21227 148 6907 40 887 1554
internal_value=-0.000656414 -0.00100131 -7.19181e-05 -0.00623252 -0.0242005 -0.0153846
internal_weight=7107.98 7055.3 6642.76 1841.98 604.569 483.792
internal_count=30921 30763 30615 9388 2481 2441
is_linear=0
shrinkage=0.05


Tree=110
num_leaves=7
num_cat=0
split_feature=23 24 40 23 12 4
split_gain=37.7893 57.0058 55.4452 52.7826 50.2131 49.8908
threshold=5.0353701788701182 224.50000000000003 11.500000000000002 3.533420079077497 30791.500000000004 202207.00000000003
decision_type=8 10 2 10 10 10
left_child=3 2 -2 4 5 -1
right_child=1 -3 -4 -5 -6 -7
leaf_value=-0.0017950961300721485 0.057977147792350782 -0.024484278913674763 0.011738374342775982 -0.025964895990587763 0.038178968303152559 0.015173660689978325
leaf_weight=5916.4165633581579 75.37338662147522 80.16783618927002 357.60454677045345 197.59603160619736 79.785455971956253 462.36731617152691
leaf_count=26362 32 298 1697 939 225 1534
internal_value=0.000176983 0.0131834 0.0203577 -0.000834869 -4.65405e-05 -0.000554192
internal_weight=7169.31 513.146 432.978 6656.17 6458.57 6378.78
internal_count=31087 2027 1729 29060 28121 27896
is_linear=0
shrinkage=0.05


Tree=111
num_leaves=7
num_cat=0
split_feature=20 38 23 25 21 1
split_gain=37.2695 61.5375 41.9434 59.4839 48.8225 45.9991
threshold=0.0042441032121259591 1.0000000180025095e-35 5.0353701788701182 0.50726750327460191 0.24989660876757655 219.50000000000003
decision_type=10 2 10 10 10 10
left_child=1 -1 -2 5 -5 -4
right_child=2 -3 3 4 -6 -7
leaf_value=0.0031358743957124861 -0.0021171900383613151 0.05060627425283868 -0.011189252410776151 0.020258876273177399 -0.043020438834313904 0.031382507602387824
leaf_weight=260.81154720857739 6267.8733790330589 87.837000638246536 77.441983986645937 47.526617214083672 69.774058885872364 298.71663273498416
leaf_count=1649 27312 79 456 184 317 990
internal_value=-0.00018172 0.0156418 -0.00100861 0.0129524 -0.0176016 0.0225862
internal_weight=7109.98 348.649 6761.33 493.459 117.301 376.159
internal_count=30987 1728 29259 1947 501 1446
is_linear=0
shrinkage=0.05


Tree=112
num_leaves=7
num_cat=0
split_feature=27 11 16 24 23 16
split_gain=36.9663 35.2478 61.996 64.632 54.1811 57.2693
threshold=2.5000000000000004 206.50000000000003 22.500000000000004 25.500000000000004 3.4094750756972743 42.500000000000007
decision_type=2 8 10 10 10 10
left_child=1 -1 -3 4 5 -4
right_child=-2 2 3 -5 -6 -7
leaf_value=-0.0018214669156284545 0.038663659237643949 0.04627109332497939 0.0097919035030682011 0.012144502975735005 0.026266167753698996 -0.041321018280853036
leaf_weight=5999.7845398895442 56.434076923877001 90.765406720340252 77.739041298627853 744.54983171820641 59.566073708236217 168.31533236056566
leaf_count=27159 58 307 359 2262 167 712
internal_value=4.3923e-05 -0.000288134 0.0077479 0.00421488 -0.0149877 -0.0252989
internal_weight=7197.15 7140.72 1140.94 1050.17 305.62 246.054
internal_count=31024 30966 3807 3500 1238 1071
is_linear=0
shrinkage=0.05


Tree=113
num_leaves=7
num_cat=0
split_feature=23 24 34 22 23 18
split_gain=45.1332 40.0754 72.5035 78.0206 89.3109 70.1276
threshold=5.936436594464511 706.50000000000011 1069.9959722222225 0.67760486003020393 0.91489193639993027 1.5000000000000002
decision_type=8 10 10 10 10 10
left_child=1 -1 3 5 -5 -3
right_child=-2 2 -4 4 -6 -7
leaf_value=-0.0027201421240052336 0.015922044548666265 -0.01928227582696318 0.032983051334437297 -0.047643891367403102 0.00054895970198209725 0.026817302785625625
leaf_weight=5579.5540653690696 415.19986349344254 103.68616190552711 219.98980244994164 127.56161417067051 349.4356482475996 348.04638230800629
leaf_count=25974 1676 301 906 274 1042 879
internal_value=2.39723e-05 -0.000968188 0.0075163 0.00133963 -0.0126996 0.0161408
internal_weight=7143.47 6728.27 1148.72 928.73 476.997 451.733
internal_count=31052 29376 3402 2496 1316 1180
is_linear=0
shrinkage=0.05


end of trees

feature_importances:
ev_gap_last=62
ev_h_since_prev=58
n_dying_ch=57
ev_relapse_rate=44
n_rows_28d=41
act_share_7d=41
n_alarm_28d=36
n_undef_28d=34
rate_28d=33
ev_h_since_inc=27
n_bad_28d=24
n_ch_bad_28d=24
n_alarm_7d=21
rate_7d=19
hour=17
ev_inc_168h=14
ev_open_ch=14
dying_share=13
ev_inc_24h=12
ev_inc_672h=11
n_alarm_3d=9
act_share_1d=9
ev_fail_3h=9
n_active_ch=8
ev_inc_72h=8
n_rows_3d=7
n_undef_7d=6
n_ch_bad_7d=5
n_rows_1d=4
n_rows_7d=4
n_undef_3d=4
ev_fail_24h=3
ev_fail_168h=3
n_bad_7d=1
n_undef_1d=1
n_alarm_1d=1

parameters:
[boosting: gbdt]
[objective: binary]
[metric: average_precision]
[tree_learner: serial]
[device_type: cpu]
[data_sample_strategy: bagging]
[data: ]
[valid: ]
[num_iterations: 2000]
[learning_rate: 0.05]
[num_leaves: 7]
[num_threads: 6]
[seed: 55]
[deterministic: 1]
[force_col_wise: 1]
[force_row_wise: 0]
[histogram_pool_size: -1]
[max_depth: -1]
[min_data_in_leaf: 200]
[min_sum_hessian_in_leaf: 0.001]
[bagging_fraction: 0.8]
[pos_bagging_fraction: 1]
[neg_bagging_fraction: 1]
[bagging_freq: 1]
[bagging_seed: 9057]
[bagging_by_query: 0]
[feature_fraction: 0.8]
[feature_fraction_bynode: 1]
[feature_fraction_seed: 15199]
[extra_trees: 0]
[extra_seed: 31159]
[early_stopping_round: 0]
[early_stopping_min_delta: 0]
[first_metric_only: 1]
[max_delta_step: 0]
[lambda_l1: 0]
[lambda_l2: 5]
[linear_lambda: 0]
[min_gain_to_split: 0]
[drop_rate: 0.1]
[max_drop: 50]
[skip_drop: 0.5]
[xgboost_dart_mode: 0]
[uniform_drop: 0]
[drop_seed: 20727]
[top_rate: 0.2]
[other_rate: 0.1]
[min_data_per_group: 100]
[max_cat_threshold: 32]
[cat_l2: 10]
[cat_smooth: 10]
[max_cat_to_onehot: 4]
[top_k: 20]
[monotone_constraints: ]
[monotone_constraints_method: basic]
[monotone_penalty: 0]
[feature_contri: ]
[forcedsplits_filename: ]
[refit_decay_rate: 0.9]
[cegb_tradeoff: 1]
[cegb_penalty_split: 0]
[cegb_penalty_feature_lazy: ]
[cegb_penalty_feature_coupled: ]
[path_smooth: 0]
[interaction_constraints: ]
[verbosity: -1]
[saved_feature_importance_type: 0]
[use_quantized_grad: 0]
[num_grad_quant_bins: 4]
[quant_train_renew_leaf: 0]
[stochastic_rounding: 1]
[linear_tree: 0]
[max_bin: 255]
[max_bin_by_feature: ]
[min_data_in_bin: 3]
[bin_construct_sample_cnt: 200000]
[data_random_seed: 218]
[is_enable_sparse: 1]
[enable_bundle: 1]
[use_missing: 1]
[zero_as_missing: 0]
[feature_pre_filter: 1]
[pre_partition: 0]
[two_round: 0]
[header: 0]
[label_column: ]
[weight_column: ]
[group_column: ]
[ignore_column: ]
[categorical_feature: ]
[forcedbins_filename: ]
[precise_float_parser: 0]
[parser_config_file: ]
[objective_seed: 19100]
[num_class: 1]
[is_unbalance: 0]
[scale_pos_weight: 1]
[sigmoid: 1]
[boost_from_average: 1]
[reg_sqrt: 0]
[alpha: 0.9]
[fair_c: 1]
[poisson_max_delta_step: 0.7]
[tweedie_variance_power: 1.5]
[lambdarank_truncation_level: 30]
[lambdarank_norm: 1]
[label_gain: ]
[lambdarank_position_bias_regularization: 0]
[eval_at: ]
[multi_error_top_k: 1]
[auc_mu_weights: ]
[num_machines: 1]
[local_listen_port: 12400]
[time_out: 120]
[machine_list_filename: ]
[machines: ]
[gpu_platform_id: -1]
[gpu_device_id: -1]
[gpu_use_dp: 0]
[num_gpu: 1]

end of parameters

pandas_categorical:[]
