tree
version=v4
num_class=1
num_tree_per_iteration=1
label_index=0
max_feature_idx=41
objective=binary sigmoid:1
feature_names=n_active_ch n_rows_1d n_rows_3d n_rows_7d n_rows_28d n_bad_1d n_bad_3d n_bad_7d n_bad_28d n_undef_1d n_undef_3d n_undef_7d n_undef_28d n_alarm_1d n_alarm_3d n_alarm_7d n_alarm_28d n_ch_bad_1d n_ch_bad_7d n_ch_bad_28d act_share_1d act_share_7d rate_7d rate_28d n_dying_ch dying_share ev_inc_6h ev_inc_24h ev_inc_72h ev_inc_168h ev_inc_672h ev_fail_3h ev_fail_24h ev_fail_168h ev_h_since_inc ev_h_since_prev ev_gap_last ev_relapse_rate ev_open_ch is_rearm hour dow
feature_infos=[0:1459] [0:200094] [0:575548] [0:1039472] [0:3446064] [0:32012] [0:32027] [0:32027] [0:32057] [0:37262] [0:71955] [0:122355] [0:165289] [0:32013] [0:32065] [0:32176] [0:33059] [0:383] [0:947] [0:1109] [0:1] [0.0054644808743169399:1] [0:52] [0:13] [0:1420] [0:1] [0:3] [0:7] [0:11] [0:18] [0:25] [0:191] [0:561] [0:1165] [1:22977.983611111111] [2.0238888888888891:28233.218888888889] [1.0238888888888888:21790.846388888887] [0.090909090909090912:0.96551724137931039] [0:195] [0:1] [0:23] [0:6]
tree_sizes=887 900 898 901 900 896 895 907 905 902 899 899 902 900 901 899 904 900 901 897 901 901 904 901 905 906 906 904 908 897 909 907 903 907 904 900 906 909 901 910 899 907 904 902 906 900 902 905 897 910 901 900 905 906 905 910 910 907 906 899 912 897 905 900 904 903 901 909 901 904 915 906 909 907 918 906 902 900 903 899 897 904 907 902 894 900 887 914 899 908 914 911 901 907 906 902 903 904 908 903 912 902 913 906 915 893 913 901 899 902 902 905 907

Tree=0
num_leaves=7
num_cat=0
split_feature=30 24 34 30 33 37
split_gain=4056.29 1463.71 697.529 439.921 271.804 252.915
threshold=1.5000000000000002 706.50000000000011 1340.0883333333336 2.5000000000000004 2.5000000000000004 0.45804195804195807
decision_type=2 8 8 2 2 2
left_child=1 2 5 -2 -5 -1
right_child=3 -3 -4 4 -6 -7
leaf_value=-0.56700173012528221 -0.50820602372596302 -0.49527200692568285 -0.58248092502599624 -0.48934831049067318 -0.43856654563269615 -0.53546168679108785
leaf_weight=1101.1555465459824 807.85494267940521 748.82295703887939 3828.2469453811646 473.18546104431152 653.99995243549347 1489.9764074087143
leaf_count=3772 1810 2578 16472 1084 588 4871
internal_value=-0.543864 -0.561211 -0.568935 -0.479721 -0.459551 -0.548885
internal_weight=9103.24 7168.2 6419.38 1935.04 1127.19 2591.13
internal_count=31175 27693 25115 3482 1672 8643
is_linear=0
shrinkage=1


Tree=1
num_leaves=7
num_cat=0
split_feature=35 35 24 16 24 12
split_gain=4639.45 954.572 486.233 381.912 345.894 250.27
threshold=2507.8823611111115 228.41652777777782 102.50000000000001 695.50000000000011 872.50000000000011 21.500000000000004
decision_type=8 10 8 10 10 10
left_child=1 -1 5 4 -3 -2
right_child=2 3 -4 -5 -6 -7
leaf_value=0.078667546822162468 -0.0556555170491706 0.0063156901460518673 -0.0098457071904335391 0.055673747275617691 0.057642358397869381 -0.027735183667308538
leaf_weight=1083.1412845402956 1930.7114797234535 2032.2039789110422 1524.4356383085251 737.52083350718021 386.86647820472717 1402.6718737185001
leaf_count=1114 8065 6729 6051 2269 1197 5734
internal_value=6.16688e-05 0.038258 -0.0332798 0.0242895 0.014626 -0.0439659
internal_weight=9097.55 4239.73 4857.82 3156.59 2419.07 3333.38
internal_count=31159 11309 19850 10195 7926 13799
is_linear=0
shrinkage=0.05


Tree=2
num_leaves=7
num_cat=0
split_feature=30 24 34 37 30 34
split_gain=3208.69 1317.34 651.416 436.042 362.375 205.218
threshold=1.5000000000000002 477.50000000000006 3154.3188888888894 0.37797619047619052 2.5000000000000004 52.826111111111125
decision_type=2 8 8 2 2 10
left_child=1 2 3 -1 -2 -6
right_child=4 -3 -4 -5 5 -7
leaf_value=-0.030950683296053452 0.031853872718939767 0.038155875764763293 -0.043735682438038825 0.0038303185142045553 0.086733821776241296 0.035884664577008916
leaf_weight=1523.1183922290802 871.08197511732578 998.85296525061131 2429.7292845547199 2193.8971177190542 872.36906236410141 269.75386470556259
leaf_count=5820 1771 3495 10690 7838 541 1131
internal_value=0.000742938 -0.0149715 -0.0236288 -0.0104443 0.0564183 0.0749327
internal_weight=9158.8 7145.6 6146.74 3717.02 2013.2 1142.12
internal_count=31286 27843 24348 13658 3443 1672
is_linear=0
shrinkage=0.05


Tree=3
num_leaves=7
num_cat=0
split_feature=35 38 30 4 36 16
split_gain=3802.46 852.497 318.032 286.818 285.252 269.665
threshold=2665.1501388888896 1.0000000180025095e-35 2.5000000000000004 2364.5000000000005 4917.4005555555568 487.50000000000006
decision_type=8 2 2 8 10 8
left_child=1 5 -3 -2 -5 -1
right_child=3 2 -4 4 -6 -7
leaf_value=0.0018696945600134636 -0.054023998167099935 0.040407807034911397 0.081433212019058177 -0.015944555962748252 -0.048314331774998748 0.036370871219941002
leaf_weight=1596.2278951257467 1052.768720895052 1109.2497964352369 845.92788873612881 2657.4410523474216 914.4022853821516 873.33053088188171
leaf_count=6817 4532 866 466 10951 3782 3674
internal_value=0.000578837 0.0336945 0.0583203 -0.0311077 -0.0242873 0.0141195
internal_weight=9049.35 4424.74 1955.18 4624.61 3571.84 2469.56
internal_count=31088 11823 1332 19265 14733 10491
is_linear=0
shrinkage=0.05


Tree=4
num_leaves=7
num_cat=0
split_feature=35 38 24 29 24 37
split_gain=3465.35 807.143 399.312 269.126 230.119 219.985
threshold=2818.6045833333342 1.0000000180025095e-35 102.50000000000001 2.5000000000000004 837.50000000000011 0.68857758620689669
decision_type=8 2 8 2 10 2
left_child=1 4 -2 5 -1 -3
right_child=2 3 -4 -5 -6 -7
leaf_value=0.0050046261277721348 -0.040906000609561337 0.029104958442903284 -0.0084441584433599046 0.088117696885969182 0.042645825908355348 0.068287213417834766
leaf_weight=2075.7991891950369 3099.678314730525 939.62565521895885 1367.7869046479464 464.44384717941284 500.31153900921345 588.82515670359135
leaf_count=8846 13256 650 5576 195 2078 512
internal_value=0.000307617 0.030908 -0.0309878 0.0547628 0.0123834 0.0443731
internal_weight=9036.47 4569.01 4467.47 1992.89 2576.11 1528.45
internal_count=31113 12281 18832 1357 10924 1162
is_linear=0
shrinkage=0.05


Tree=5
num_leaves=7
num_cat=0
split_feature=35 24 29 16 2 24
split_gain=3230.64 748.156 399.698 332.129 229.313 195.725
threshold=1332.7075000000002 143.50000000000003 2.5000000000000004 420.50000000000006 3761.5000000000005 706.50000000000011
decision_type=8 8 2 10 10 8
left_child=2 3 4 -2 -1 -3
right_child=1 5 -4 -5 -6 -7
leaf_value=0.049616839738495497 -0.036745026460730364 -0.0029030380569718254 0.080989363694461511 0.0076344190916433283 0.019223710095039911 0.035592605336699855
leaf_weight=1186.1771638393402 3849.4812893420458 1217.5944239199162 544.35793052613735 471.61077363789082 1317.6648470163345 447.71752612292767
leaf_count=2920 16283 4672 380 1861 3339 1616
internal_value=0.000397242 -0.020935 0.0422577 -0.0318982 0.0336924 0.00752204
internal_weight=9034.6 5986.4 3048.2 4321.09 2503.84 1665.31
internal_count=31071 24432 6639 18144 6259 6288
is_linear=0
shrinkage=0.05


Tree=6
num_leaves=7
num_cat=0
split_feature=36 34 16 30 24 19
split_gain=2412.09 1039.99 354.945 342.787 268.251 198.072
threshold=2914.9948611111117 52.826111111111125 285.50000000000006 2.5000000000000004 100.50000000000001 62.500000000000007
decision_type=8 10 10 2 8 8
left_child=1 3 -3 -1 -2 -6
right_child=4 2 -4 -5 5 -7
leaf_value=0.030270315050552655 -0.042202413969915337 -0.010239770806833659 0.02052534260557573 0.071796914552472058 -0.018292007954058845 0.055078753680965535
leaf_weight=1145.4565345048904 2445.4762867242098 1989.7845226377249 1764.2165851742029 891.21818624436855 674.32347603142262 101.47844173014164
leaf_count=775 10731 8715 7442 526 2690 299
internal_value=0.000563441 0.0198524 0.00422656 0.0485731 -0.034088 -0.00840353
internal_weight=9011.95 5790.68 3754 2036.67 3221.28 775.802
internal_count=31178 17458 16157 1301 13720 2989
is_linear=0
shrinkage=0.05


Tree=7
num_leaves=7
num_cat=0
split_feature=35 35 24 16 24 11
split_gain=2617.71 611.109 315.129 311.509 243.465 171.022
threshold=2602.2509722222226 228.41652777777782 108.50000000000001 717.50000000000011 872.50000000000011 6.5000000000000009
decision_type=8 10 10 10 10 10
left_child=1 -1 5 4 -3 -2
right_child=2 3 -4 -5 -6 -7
leaf_value=0.058259146690708689 -0.043731444940879438 0.0010158496037962126 -0.0074108211506501475 0.044303351018912467 0.042227641751503418 -0.017940279849719878
leaf_weight=1128.0514889359474 2205.4491824358702 2213.0957038998604 1372.6485668718815 741.41878850758076 422.67768085002899 920.94522005319595
leaf_count=1098 9904 7165 5557 2160 1249 3974
internal_value=-0.000454511 0.0264714 -0.027417 0.0157832 0.00769209 -0.0361749
internal_weight=9004.29 4505.24 4499.04 3377.19 2635.77 3126.39
internal_count=31107 11672 19435 10574 8414 13878
is_linear=0
shrinkage=0.05


Tree=8
num_leaves=7
num_cat=0
split_feature=35 16 24 27 12 24
split_gain=2396.37 526.127 294.628 279.393 196.897 185.19
threshold=2818.6045833333342 540.50000000000011 108.50000000000001 1.0000000180025095e-35 21.500000000000004 747.50000000000011
decision_type=8 10 8 2 10 10
left_child=1 3 4 5 -2 -1
right_child=2 -3 -4 -5 -6 -7
leaf_value=-0.0072840673360176633 -0.046577100095723356 0.047695898255945557 -0.0068911728096155925 0.031900514975106313 -0.020631159594647397 0.03281048917949797
leaf_weight=1501.3706630915403 1726.4224529862404 1626.7315939962864 1281.0230973213911 1128.422023460269 1289.0810314565897 351.07331140339375
leaf_count=6433 8000 3905 5216 524 5631 1437
internal_value=-0.000169618 0.0248654 -0.0270149 0.0123472 -0.0355381 0.000382479
internal_weight=8904.12 4607.6 4296.53 2980.87 3015.5 1852.44
internal_count=31146 12299 18847 8394 13631 7870
is_linear=0
shrinkage=0.05


Tree=9
num_leaves=7
num_cat=0
split_feature=35 29 14 16 4 24
split_gain=2104.59 489.046 270.549 230.162 211.93 204.053
threshold=2818.6045833333342 2.5000000000000004 1.0000000180025095e-35 728.50000000000011 113834.50000000001 872.50000000000011
decision_type=8 2 8 10 10 10
left_child=1 3 -2 5 -5 -1
right_child=2 -3 -4 4 -6 -7
leaf_value=0.0049512434799039171 -0.042990077716331988 0.066528655247093157 -0.016414518978890298 0.055160583638526932 0.0039206653819606222 0.039548501216645271
leaf_weight=2659.7587810307741 1467.9231011718512 562.82033869624138 2771.106050118804 628.74113655090332 297.25942102074623 502.97894003987312
leaf_count=8060 6823 387 12038 1518 846 1403
internal_value=-0.000189637 0.0230218 -0.0256571 0.0169591 0.0388212 0.0105071
internal_weight=8890.59 4651.56 4239.03 4088.74 926.001 3162.74
internal_count=31075 12214 18861 11827 2364 9463
is_linear=0
shrinkage=0.05


Tree=10
num_leaves=7
num_cat=0
split_feature=35 16 29 36 37 2
split_gain=1926.97 624.449 256.957 192.608 181.979 164.956
threshold=1244.207916666667 291.50000000000006 2.5000000000000004 3474.7206944444447 0.45804195804195807 3844.5000000000005
decision_type=8 8 2 8 2 10
left_child=2 3 4 -2 -1 -6
right_child=1 -3 -4 -5 5 -7
leaf_value=-0.0040374844215507371 -0.015245817129797829 0.0096852157844601276 0.063635585885157164 -0.036579655935574738 0.046813544233817943 0.017920813371849861
leaf_weight=431.16706997156143 1946.0823985487223 1594.1937638670206 536.01899617910385 2344.5827417820692 947.96880882978439 1047.0029074549675
leaf_count=916 8100 5950 361 10721 2343 2638
internal_value=-0.000460076 -0.017013 0.0323986 -0.0269324 0.0253805 0.0317327
internal_weight=8847.02 5884.86 2962.16 4290.67 2426.14 1994.97
internal_count=31029 24771 6258 18821 5897 4981
is_linear=0
shrinkage=0.05


Tree=11
num_leaves=7
num_cat=0
split_feature=36 38 4 28 16 16
split_gain=1565.07 586.386 247.023 236.102 215.393 201.259
threshold=2701.1322222222229 1.0000000180025095e-35 151889.50000000003 2.5000000000000004 558.50000000000011 285.50000000000006
decision_type=8 2 8 2 10 10
left_child=1 5 -2 4 -3 -1
right_child=2 3 -4 -5 -6 -7
leaf_value=-0.0077986512997998752 -0.032050718160771312 0.014998841172814331 0.035516746257591637 0.07531399875113895 0.051382449071391223 0.015600498284452766
leaf_weight=1937.1960254013538 2934.0564451217651 1061.5427580922842 137.80506996810436 327.90752445161343 660.94143703579903 1739.6140369176865
leaf_count=8626 13308 752 514 119 453 7246
internal_value=-0.00020097 0.0152398 -0.0289668 0.0366291 0.0290681 0.00327837
internal_weight=8799.06 5727.2 3071.86 2050.39 1722.48 3676.81
internal_count=31018 17196 13822 1324 1205 15872
is_linear=0
shrinkage=0.05


Tree=12
num_leaves=7
num_cat=0
split_feature=35 38 24 16 0 24
split_gain=1612.13 354.672 275.215 175.512 151.579 123.943
threshold=2665.1501388888896 1.0000000180025095e-35 120.50000000000001 366.50000000000006 128.50000000000003 837.50000000000011
decision_type=8 2 8 10 10 10
left_child=1 5 4 -3 -2 -1
right_child=2 3 -4 -5 -6 -7
leaf_value=0.0031839604601410082 -0.03140794955192483 0.019412330109370241 -0.0011021214425189767 0.049386041056926622 0.031453322826354158 0.030836532093107279
leaf_weight=2012.4245803356171 2966.9306849241257 850.5077054053545 1193.6364046931267 1174.9710885882378 95.263130500912666 502.85641172528267
leaf_count=8476 14076 600 4842 742 346 2025
internal_value=0.000619859 0.021331 -0.021477 0.0368787 -0.0294043 0.00876249
internal_weight=8796.59 4540.76 4255.83 2025.48 3062.19 2515.28
internal_count=31107 11843 19264 1342 14422 10501
is_linear=0
shrinkage=0.05


Tree=13
num_leaves=7
num_cat=0
split_feature=35 24 4 29 37 37
split_gain=1465.08 445.067 294.96 262.647 245.202 183.971
threshold=1309.4962500000004 706.50000000000011 2364.5000000000005 2.5000000000000004 0.37797619047619052 0.45804195804195807
decision_type=8 10 10 2 2 2
left_child=3 2 -2 5 -4 -1
right_child=1 -3 4 -5 -6 -7
leaf_value=-0.0093027912687013662 -0.043908327107302678 0.031190034071047718 -0.026899079375433593 0.058005250130573116 -0.0026244028558120242 0.026456437170010734
leaf_weight=429.41479694843292 991.18293540179729 469.30197134613991 1895.6213831752539 568.24671421945095 2300.8919954895973 2142.1435832381248
leaf_count=1021 4795 1632 8630 390 9478 5243
internal_value=-1.22666e-05 -0.0152108 -0.0194345 0.0273517 -0.0136086 0.0204787
internal_weight=8796.8 5657 5187.7 3139.81 4196.51 2571.56
internal_count=31189 24535 22903 6654 18108 6264
is_linear=0
shrinkage=0.05


Tree=14
num_leaves=7
num_cat=0
split_feature=35 28 16 4 24 12
split_gain=1331.25 314.773 295.578 228.427 225.14 184.621
threshold=2846.2472222222227 2.5000000000000004 558.50000000000011 83666.500000000015 68.500000000000014 20.500000000000004
decision_type=8 2 10 10 8 10
left_child=1 2 -1 -4 5 -2
right_child=4 -3 3 -5 -6 -7
leaf_value=0.0045174624732287677 -0.044131324811142625 0.065109952663980661 0.048525032133197171 0.00888918773635183 -0.0080886540523470822 -0.015381709545410139
leaf_weight=2888.5437746047974 1322.9788176864386 317.41128088533878 863.53950142860413 629.74970299005508 1731.4941883087158 977.14113318920135
leaf_count=8477 6660 156 1974 1768 7517 4483
internal_value=-0.00067611 0.0173996 0.0138733 0.0318953 -0.0217406 -0.0319777
internal_weight=8730.86 4699.24 4381.83 1493.29 4031.61 2300.12
internal_count=31035 12375 12219 3742 18660 11143
is_linear=0
shrinkage=0.05


Tree=15
num_leaves=7
num_cat=0
split_feature=35 24 0 36 34 24
split_gain=1422.71 392.626 245.95 187.355 186.137 105.51
threshold=1187.8637500000002 706.50000000000011 31.500000000000004 4824.6498611111119 37.387361111111119 147.50000000000003
decision_type=8 8 10 10 10 10
left_child=4 2 5 -4 -1 -2
right_child=1 -3 3 -5 -6 -7
leaf_value=0.038841884876579739 -0.031759764683564999 0.0256152310181278 0.0017118425631897694 -0.039857212764285256 0.013123675881081143 -0.0068056947656318801
leaf_weight=1635.6124353259802 2741.7810850143433 527.15141734480858 1600.9622516036034 321.21831803023815 1244.7045574784279 504.57375672459602
leaf_count=898 13163 1817 6427 1476 5088 2009
internal_value=-0.000839266 -0.0153187 -0.0195143 -0.00532021 0.02777 -0.0278976
internal_weight=8576 5695.69 5168.54 1922.18 2880.32 3246.35
internal_count=30878 24892 23075 7903 5986 15172
is_linear=0
shrinkage=0.05


Tree=16
num_leaves=7
num_cat=0
split_feature=35 29 24 37 12 16
split_gain=1136.34 284.775 232.464 191.827 162.831 136.018
threshold=2665.1501388888896 2.5000000000000004 102.50000000000001 0.44949494949494956 20.500000000000004 558.50000000000011
decision_type=8 2 8 2 10 10
left_child=1 3 4 -1 -2 -5
right_child=2 -3 -4 5 -6 -7
leaf_value=-0.0087773338969896995 -0.038863779412458083 0.053224395212835444 -0.0029171447993414463 0.0099160782763725048 -0.014117002437166098 0.031244292826226858
leaf_weight=838.39184622466564 1523.5253481417894 475.49285574257374 1392.3113338649273 1967.5184471160173 1191.4674552828074 1208.0133782327175
leaf_count=2546 7965 362 5817 5733 5682 3173
internal_value=-0.000551095 0.0168277 -0.019544 0.0124552 -0.0280496 0.018066
internal_weight=8596.72 4489.42 4107.3 4013.92 2714.99 3175.53
internal_count=31278 11814 19464 11452 13647 8906
is_linear=0
shrinkage=0.05


Tree=17
num_leaves=7
num_cat=0
split_feature=35 16 35 24 36 36
split_gain=1053.02 380.03 181.691 171.067 132.355 171.082
threshold=1332.7075000000002 288.50000000000006 110.55194444444446 150.50000000000003 4824.6498611111119 3317.0227777777786
decision_type=8 8 10 10 10 10
left_child=2 3 -1 -2 5 -3
right_child=1 4 -4 -5 -6 -7
leaf_value=0.044108559827825827 -0.026297002498511954 0.0084102129778235654 0.016467346274132256 -0.00053400019414963807 -0.035932788559364069 0.078915972581534738
leaf_weight=804.67514039576054 3123.3421964794397 1303.6496061682701 2285.1691306829453 811.73804345726967 147.84396381676197 87.290776282548904
leaf_count=592 15287 4923 6201 3205 682 236
internal_value=0.000410981 -0.012759 0.0237255 -0.02099 0.00828945 0.0131017
internal_weight=8563.71 5473.86 3089.84 3935.08 1538.78 1390.94
internal_count=31126 24333 6793 18492 5841 5159
is_linear=0
shrinkage=0.05


Tree=18
num_leaves=7
num_cat=0
split_feature=35 24 4 23 36 2
split_gain=994.73 317.803 235.546 177.656 176.051 174.623
threshold=1309.4962500000004 706.50000000000011 2304.5000000000005 12.99467867376177 5118.1291666666675 4016.5000000000005
decision_type=8 8 10 10 10 10
left_child=3 2 -2 5 -4 -1
right_child=1 -3 4 -5 -6 -7
leaf_value=0.032092915250939658 -0.040335216122191021 0.025158151658103436 -0.0073240289226081156 0.074201444026077784 -0.034620247595451709 0.007491658623224217
leaf_weight=1378.5111458301544 905.33242523670197 478.37713444232941 3344.7054325044155 150.8121522963047 713.64277556538582 1515.4330344796181
leaf_count=3066 4733 1642 14550 119 3522 3432
internal_value=-0.000779286 -0.0135799 -0.0173349 0.0220847 -0.0121606 0.0192454
internal_weight=8486.81 5442.06 4963.68 3044.76 4058.35 2893.94
internal_count=31064 24447 22805 6617 18072 6498
is_linear=0
shrinkage=0.05


Tree=19
num_leaves=7
num_cat=0
split_feature=35 16 38 4 2 23
split_gain=952.662 371.45 176.598 162.073 161.462 183.863
threshold=1187.8637500000002 285.50000000000006 1.0000000180025095e-35 2448.5000000000005 2606.5000000000005 1.5825191150864963
decision_type=8 8 2 10 10 10
left_child=2 3 -1 -2 -4 -6
right_child=1 -3 4 -5 5 -7
leaf_value=0.0099185574190474302 -0.037841860952715987 0.0085938543361684817 0.055135056332039828 -0.013855222130072137 0.0042804290990724192 0.0474961801317558
leaf_weight=1221.4981881678104 914.32974468171597 1681.9877983629704 620.08396258950233 3065.388324290514 583.62804621458054 422.00193332135677
leaf_count=4971 4797 6295 455 14046 350 249
internal_value=0.000774889 -0.011088 0.0243424 -0.0194067 0.0351163 0.0225607
internal_weight=8508.92 5661.71 2847.21 3979.72 1625.71 1005.63
internal_count=31163 25138 6025 18843 1054 599
is_linear=0
shrinkage=0.05


Tree=20
num_leaves=7
num_cat=0
split_feature=35 37 35 40 21 4
split_gain=793.792 380.69 237.43 170.212 136.641 135.873
threshold=5436.9231944444455 0.37797619047619052 228.41652777777782 11.500000000000002 0.30012406947890824 68016.000000000015
decision_type=8 2 10 2 10 10
left_child=1 5 -3 -2 -5 -1
right_child=3 2 -4 4 -6 -7
leaf_value=-0.028502344099886348 0.061475641766506328 0.039273242572343187 0.011196409763445003 0.0028773785699765147 -0.029159490017977571 0.0077968778642364765
leaf_weight=716.04691807925701 54.481806516647339 943.3834982663393 3692.670394808054 391.09101524949074 2197.0038394480944 398.47901909053326
leaf_count=2765 18 991 12499 1859 11681 1302
internal_value=0.000217685 0.0106403 0.0169459 -0.0224405 -0.0243221 -0.0155473
internal_weight=8393.16 5750.58 4636.05 2642.58 2588.09 1114.53
internal_count=31115 17557 13490 13558 13540 4067
is_linear=0
shrinkage=0.05


Tree=21
num_leaves=7
num_cat=0
split_feature=35 0 33 12 4 36
split_gain=703.415 278.145 210.495 151.758 141.271 134.214
threshold=1244.207916666667 23.500000000000004 6.5000000000000009 32.500000000000007 25782.500000000004 4824.6498611111119
decision_type=8 8 2 10 10 10
left_child=2 3 4 -2 -1 -3
right_child=1 5 -4 -5 -6 -7
leaf_value=0.03044912894902484 -0.032402471478632323 0.0046305307123874337 0.056291071351443893 -0.0082826511615747018 0.0059060495357078427 -0.026997291470058016
leaf_weight=897.88884127140045 1572.3851446807384 2374.4556175321341 337.30900859832764 1119.3747195452452 1681.4855750501156 385.47087186574936
leaf_count=1964 8175 9548 337 5099 3976 1931
internal_value=-0.000385258 -0.0109861 0.019414 -0.0224061 0.014492 0.000172332
internal_weight=8368.37 5451.69 2916.68 2691.76 2579.37 2759.93
internal_count=31030 24753 6277 13274 5940 11479
is_linear=0
shrinkage=0.05


Tree=22
num_leaves=7
num_cat=0
split_feature=35 37 14 23 38 21
split_gain=681.836 344.121 200.093 167.4 134.563 133.811
threshold=5507.604444444446 0.39047619047619053 38.500000000000007 5.0353701788701182 1.0000000180025095e-35 0.24511625690870978
decision_type=8 2 10 8 2 10
left_child=1 -1 -3 -2 -4 -5
right_child=3 2 4 5 -6 -7
leaf_value=-0.015204352899324609 -0.026770282751768366 0.0068893227667083711 0.015100845971198276 0.079688392846735831 0.042157645809271754 -0.0032338305716472062
leaf_weight=1149.0128598213196 2202.4883423000574 2826.0025441497564 973.77930901944637 53.544193118810654 880.41592259705067 285.84882733225822
leaf_count=4203 11820 8919 4027 210 550 1372
internal_value=-0.000155828 0.00926691 0.0152845 -0.0217405 0.0280269 0.0108154
internal_weight=8371.09 5829.21 4680.2 2541.88 1854.2 339.393
internal_count=31101 17699 13496 13402 4577 1582
is_linear=0
shrinkage=0.05


Tree=23
num_leaves=7
num_cat=0
split_feature=35 37 34 23 19 16
split_gain=636.513 263.246 198.026 165.432 131.544 116.557
threshold=1309.4962500000004 0.25833333333333336 6445.748611111112 12.99467867376177 4.5000000000000009 291.50000000000006
decision_type=8 2 8 10 10 8
left_child=3 -2 5 -1 -4 -3
right_child=1 2 4 -5 -6 -7
leaf_value=0.015604731965632236 -0.03046959843535621 -0.0060638616549812015 -0.0012073264345877268 0.073298331785226822 -0.041597369912197285 0.013502997699250502
leaf_weight=2960.2902747541666 1251.8710211068392 1996.411326020956 331.61036711931229 125.21923160552979 510.33616463840008 1223.185120344162
leaf_count=6506 6581 8794 1885 115 2856 4385
internal_value=1.49845e-05 -0.0104714 -0.00427762 0.0180609 -0.0257903 0.00137937
internal_weight=8398.92 5313.41 4061.54 3085.51 841.947 3219.6
internal_count=31122 24501 17920 6621 4741 13179
is_linear=0
shrinkage=0.05


Tree=24
num_leaves=7
num_cat=0
split_feature=35 16 2 21 25 28
split_gain=523.056 216.41 172.872 156.015 186.411 154.985
threshold=2846.2472222222227 728.50000000000011 260.50000000000006 0.6002056202878685 0.41040579251682752 2.5000000000000004
decision_type=8 10 8 10 10 2
left_child=1 5 -2 4 -4 -1
right_child=2 -3 3 -5 -6 -7
leaf_value=0.0019635125642833541 -0.032820722466975899 0.029617847258194857 0.055299386407430651 -0.024015006479931694 -0.0040869750708125213 0.050798711592457607
leaf_weight=3292.9813604801893 965.36821082234383 1121.4439192116261 138.98398053646088 990.51109392940998 1601.6657233983278 165.92906285822392
leaf_count=9661 5461 2561 567 5114 7553 90
internal_value=-0.000704927 0.0105818 -0.0146857 -0.00822736 0.000799601 0.00437615
internal_weight=8276.88 4580.35 3696.53 2731.16 1740.65 3458.91
internal_count=31007 12312 18695 13234 8120 9751
is_linear=0
shrinkage=0.05


Tree=25
num_leaves=7
num_cat=0
split_feature=16 38 37 21 2 37
split_gain=549.482 290.033 251.576 181.411 125.784 157.013
threshold=366.50000000000006 1.5000000000000002 0.25833333333333336 0.6002056202878685 14072.500000000002 0.57359307359307377
decision_type=8 2 2 10 10 2
left_child=2 -2 -1 4 -4 -6
right_child=1 -3 3 -5 5 -7
leaf_value=-0.028916459990456358 0.011121759803163735 0.055585787294430658 -0.00030989769898142824 -0.019353974415616038 0.0014256413049692511 0.070148085377939318
leaf_weight=1240.3077608346939 2449.1354799121618 427.29381461441517 2655.8493608236313 1243.0958241075277 186.37030106782913 145.32665611803532
leaf_count=6291 7694 281 10441 5416 760 354
internal_value=0.000137871 0.0178119 -0.00916227 -0.00334359 0.00333942 0.0321296
internal_weight=8347.38 2876.43 5470.95 4230.64 2987.55 331.697
internal_count=31237 7975 23262 16971 11555 1114
is_linear=0
shrinkage=0.05


Tree=26
num_leaves=7
num_cat=0
split_feature=35 37 16 21 40 24
split_gain=496.795 258.087 175.38 154.665 140.851 128.983
threshold=5436.9231944444455 0.37797619047619052 958.50000000000011 0.37936578334626903 11.500000000000002 93.500000000000014
decision_type=8 2 10 10 2 10
left_child=1 3 5 -1 -2 -3
right_child=4 2 -4 -5 -6 -7
leaf_value=-0.041566437967835795 0.055578363631379996 -0.005142924613383895 0.034297474942208236 -0.0010990866914881859 -0.020889552150806581 0.014602683485827423
leaf_weight=345.77669143676758 57.079138040542603 1197.9618656933308 788.385103687644 723.19289417564869 2418.7594749182463 2651.0680591315031
leaf_count=1393 19 3922 1804 2607 13561 7673
internal_value=-0.000336108 0.00777906 0.0128834 -0.0143215 -0.0190182 0.00845841
internal_weight=8182.22 5706.38 4637.42 1068.97 2475.84 3849.03
internal_count=30979 17399 13399 4000 13580 11595
is_linear=0
shrinkage=0.05


Tree=27
num_leaves=7
num_cat=0
split_feature=38 36 18 36 3 21
split_gain=455.872 283.256 137.701 117.361 98.512 109.551
threshold=1.0000000180025095e-35 3513.7331944444445 28.500000000000004 20.552777777777781 48009.000000000007 0.6250428375599727
decision_type=2 8 8 10 10 8
left_child=1 -1 3 -2 5 -3
right_child=2 4 -4 -5 -6 -7
leaf_value=0.00075054835106406657 0.038508237053708747 -0.015333197679795327 0.041835361000030595 0.0058297196303311385 0.038642899245662748 -0.040086735874832052
leaf_weight=3927.8914815783501 340.47531554102898 1258.8459236472845 521.28565423190594 1354.6468744724989 59.986272215843201 698.06312116980553
leaf_count=17572 329 7245 257 1034 304 4244
internal_value=0.000140596 -0.00707575 0.0194684 0.0124873 -0.0222816 -0.0242429
internal_weight=8161.19 5944.79 2216.41 1695.12 2016.9 1956.91
internal_count=30985 29365 1620 1363 11793 11489
is_linear=0
shrinkage=0.05


Tree=28
num_leaves=7
num_cat=0
split_feature=38 36 20 25 36 24
split_gain=520.33 265.814 138.217 189.379 135.104 111.604
threshold=1.0000000180025095e-35 3513.7331944444445 0.3330653804930333 0.26386813186813191 1241.6665277777781 843.50000000000011
decision_type=2 8 10 10 10 10
left_child=1 5 4 -4 -2 -1
right_child=2 -3 3 -5 -6 -7
leaf_value=-0.0027939969326068997 0.03711348582326212 -0.021703628272584687 0.034481406818663088 -0.023740670315744519 0.0022631018588095244 0.020980842280524006
leaf_weight=3367.9709416776896 1235.9296522289515 1992.2297073602676 234.39852474629879 330.26991863548756 359.28769417107105 573.23436567187309
leaf_count=15317 950 11805 178 290 210 2319
internal_value=0.000807026 -0.00684345 0.0217909 0.000518311 0.0292958 0.000686171
internal_weight=8093.32 5933.44 2159.89 564.668 1595.22 3941.21
internal_count=31069 29441 1628 468 1160 17636
is_linear=0
shrinkage=0.05


Tree=29
num_leaves=7
num_cat=0
split_feature=37 34 16 9 36 38
split_gain=415.009 217.986 158.195 127.314 120.504 106.871
threshold=0.25833333333333336 6301.748611111112 958.50000000000011 17.500000000000004 1.7748611111111112 2.5000000000000004
decision_type=2 8 8 10 8 2
left_child=-1 2 4 -3 -2 -4
right_child=1 3 5 -5 -6 -7
leaf_value=-0.026654607685606086 -0.035177904769488642 -0.024890667044080737 0.018780688021435087 0.06513371459708707 0.005369822518647943 0.065516698061917136
leaf_weight=1322.5904356986284 185.26013460755348 770.41225628554821 698.54025612771511 36.652297258377075 4990.927647382021 145.53150495886803
leaf_count=6907 689 4623 1848 200 16745 164
internal_value=-0.00107474 0.00389648 0.00717141 -0.0204264 0.00388604 0.0271771
internal_weight=8149.91 6827.32 6020.26 807.065 5176.19 844.072
internal_count=31176 24269 19446 4823 17434 2012
is_linear=0
shrinkage=0.05


Tree=30
num_leaves=7
num_cat=0
split_feature=35 29 37 23 21 24
split_gain=353.327 200.085 163.704 138.874 134.853 108.332
threshold=5436.9231944444455 2.5000000000000004 0.37797619047619052 5.0353701788701182 0.38334102756458349 441.50000000000006
decision_type=8 2 2 8 10 10
left_child=1 2 4 5 -1 -2
right_child=3 -3 -4 -5 -6 -7
leaf_value=-0.039901400391485729 -0.022621125373847792 0.039188636817890012 0.0083167643464486796 0.013810168793006556 -0.0011495124711796683 0.058792194212356333
leaf_weight=331.78027938306332 2014.3389012366533 433.55941501259804 4259.0329301357269 329.10211676359177 674.30314663052559 37.050873905420303
leaf_count=1391 11759 372 13164 1573 2589 153
internal_value=-2.01404e-05 0.00673787 0.00403105 -0.0161784 -0.014063 -0.0210113
internal_weight=8079.17 5698.68 5265.12 2380.49 1006.08 2051.39
internal_count=31001 17516 17144 13485 3980 11912
is_linear=0
shrinkage=0.05


Tree=31
num_leaves=7
num_cat=0
split_feature=38 24 36 29 4 12
split_gain=331.906 216.435 162.835 111.857 93.3704 121.349
threshold=1.0000000180025095e-35 16.500000000000004 4917.4005555555568 2.5000000000000004 1925.5000000000002 25.500000000000004
decision_type=2 10 10 2 10 10
left_child=1 -1 4 -2 5 -3
right_child=3 2 -4 -5 -6 -7
leaf_value=-0.0279167544610813 0.010991502898241598 -0.047206484671031917 -0.026825243833160109 0.040391491298387684 0.0033524498635634972 0.01604102496143715
leaf_weight=973.16335809230804 1830.4809894859791 204.91662110388279 582.50673770904541 389.99918664991856 3965.0136120021343 115.55659860372543
leaf_count=5915 1451 1275 3590 195 17941 605
internal_value=-0.000198864 -0.0064544 -0.00213961 0.0162344 0.00124314 -0.0245045
internal_weight=8061.64 5841.16 4867.99 2220.48 4285.49 320.473
internal_count=30972 29326 23411 1646 19821 1880
is_linear=0
shrinkage=0.05


Tree=32
num_leaves=7
num_cat=0
split_feature=37 34 19 30 20 4
split_gain=297.959 183.033 139.377 120.891 101.827 120.577
threshold=0.25833333333333336 6445.748611111112 4.5000000000000009 2.5000000000000004 0.60050505050505054 2119.5000000000005
decision_type=2 8 10 2 10 10
left_child=-1 3 4 -2 5 -3
right_child=1 2 -4 -5 -6 -7
leaf_value=-0.023019989376896446 0.003296890665860884 -0.016992214976168412 -0.036952222902549299 0.022725361295364392 -0.041652407263932184 0.053860932099115279
leaf_weight=1258.4593432694674 5018.1034700125456 104.54512529075146 455.51621589064598 948.27126345038414 77.971602872014046 130.36093452572823
leaf_count=6842 17986 686 2821 1580 515 715
internal_value=-0.000738236 0.00343932 -0.0194517 0.00640122 0.00620769 0.0226307
internal_weight=7993.23 6734.77 768.394 5966.37 312.878 234.906
internal_count=31145 24303 4737 19566 1916 1401
is_linear=0
shrinkage=0.05


Tree=33
num_leaves=7
num_cat=0
split_feature=15 21 37 11 16 22
split_gain=304.008 187.019 196.209 140.129 135.364 110.682
threshold=108.50000000000001 0.52539302382706965 0.48333333333333339 184.50000000000003 22.500000000000004 1.0720487265222964
decision_type=8 8 2 10 10 10
left_child=1 2 -1 -3 -5 -4
right_child=-2 3 5 4 -6 -7
leaf_value=-0.014102177348358842 0.015333232412246395 -0.026407383983258648 0.00064444723196784308 0.065350957801078011 -0.00673844065985435 0.023641894712771519
leaf_weight=1462.8542982786894 2130.8018326312304 1538.6163207292557 1363.0384811908007 69.917337834835052 493.23904514312744 844.40396694839001
leaf_count=7030 5968 8061 4834 297 1811 2976
internal_value=-0.000785591 -0.00674409 7.16149e-05 -0.0186182 0.002708 0.00947512
internal_weight=7902.87 5772.07 3670.3 2101.77 563.156 2207.44
internal_count=30977 25009 14840 10169 2108 7810
is_linear=0
shrinkage=0.05


Tree=34
num_leaves=7
num_cat=0
split_feature=35 4 4 36 35 12
split_gain=321.778 210.926 127.841 114.604 113.501 106.226
threshold=1286.2555555555557 2364.5000000000005 25782.500000000004 5118.1291666666675 14.189861111111112 32.500000000000007
decision_type=8 8 10 10 10 10
left_child=2 5 -1 -3 -4 -2
right_child=1 3 4 -5 -6 -7
leaf_value=0.027496590325231919 -0.042098754737838973 0.00030941116678493102 0.044359488653666679 -0.023339836277172007 0.001801915247792043 2.2568393475923473e-06
leaf_weight=1036.883553981781 576.37421917170286 3655.0078357160091 167.36340196430683 590.75408898293972 1726.4522478580475 201.84145380556583
leaf_count=2192 3775 16249 71 3446 4224 1101
internal_value=0.000272261 -0.00740648 0.0134258 -0.00300472 0.00566979 -0.0312489
internal_weight=7954.68 5023.98 2930.7 4245.76 1893.82 778.216
internal_count=31058 24571 6487 19695 4295 4876
is_linear=0
shrinkage=0.05


Tree=35
num_leaves=7
num_cat=0
split_feature=34 24 23 25 36 36
split_gain=278.208 205.67 117.073 113.228 122.331 111.927
threshold=61.533333333333339 14.500000000000002 2.6525021272327147 0.43599728355103462 240.49069444444447 5397.7402777777779
decision_type=8 10 8 10 10 10
left_child=2 -2 3 -1 -5 -3
right_child=1 5 -4 4 -6 -7
leaf_value=-0.010057022422266209 -0.028519531473159207 0.00066057219578177556 0.039893105165134453 0.03889095883709591 0.0062119276344799329 -0.025490125249631009
leaf_weight=505.77807040512562 834.95862793922424 4456.2740423604846 393.84694232046604 441.70035845041275 804.6354596465826 445.51681733131409
leaf_count=530 5330 21060 321 333 555 2878
internal_value=8.67648e-05 -0.0056589 0.015424 0.00982583 0.0179025 -0.00173978
internal_weight=7882.71 5736.75 2145.96 1752.11 1246.34 4901.79
internal_count=31007 29268 1739 1418 888 23938
is_linear=0
shrinkage=0.05


Tree=36
num_leaves=7
num_cat=0
split_feature=27 4 35 36 18 24
split_gain=296.551 183.799 134.864 102.782 127.985 98.6745
threshold=1.0000000180025095e-35 2183.5000000000005 15925.140833333337 20.552777777777781 3.5000000000000004 863.50000000000011
decision_type=2 10 10 10 10 10
left_child=1 -1 5 -2 -5 -3
right_child=3 2 -4 4 -6 -7
leaf_value=-0.028142742880881557 0.041276945272393138 -0.0020871598783077615 -0.047104519461872871 -0.0030801661517528872 0.024746215538359463 0.020410357328362286
leaf_weight=707.62331393361092 374.49820755422115 4504.4444964751601 149.33233962953091 743.06523706018925 923.105134293437 541.45198205113411
leaf_count=4676 206 22138 1078 343 536 2199
internal_value=0.00135168 -0.00433044 -0.00106311 0.0177582 0.0123643 0.00034476
internal_weight=7943.52 5902.85 5195.23 2040.67 1666.17 5045.9
internal_count=31176 30091 25415 1085 879 24337
is_linear=0
shrinkage=0.05


Tree=37
num_leaves=7
num_cat=0
split_feature=38 16 21 35 4 21
split_gain=290.097 208.812 162.534 160.282 132.876 102.629
threshold=1.0000000180025095e-35 728.50000000000011 0.6002056202878685 14711.324027777779 2246.5000000000005 0.41688948306595369
decision_type=2 8 10 10 10 10
left_child=3 2 -2 4 5 -1
right_child=1 -3 -4 -5 -6 -7
leaf_value=-0.0054789580254118748 0.017255965390048981 0.043081039091741026 -0.018608955458074186 -0.04698027662697641 -8.1892156679513569e-05 -0.044944461954785825
leaf_weight=355.16561809927225 1172.0291833430529 558.30245991051197 427.20191337168217 209.6618574410677 4877.3283658996224 304.8226116746664
leaf_count=2171 774 503 391 1571 23526 2192
internal_value=0.00128361 0.0168948 0.00764725 -0.00458674 -0.00294064 -0.0239074
internal_weight=7904.51 2157.53 1599.23 5746.98 5537.32 659.988
internal_count=31128 1668 1165 29460 27889 4363
is_linear=0
shrinkage=0.05


Tree=38
num_leaves=7
num_cat=0
split_feature=37 34 23 19 24 24
split_gain=229.328 153.483 146.098 136.006 114.828 102.195
threshold=0.25833333333333336 6445.748611111112 12.99467867376177 4.5000000000000009 27.500000000000004 872.50000000000011
decision_type=2 8 8 8 10 10
left_child=4 2 5 -3 -1 -2
right_child=1 3 -4 -5 -6 -7
leaf_value=-0.043396431949887265 0.0028508158026565311 0.008250079075597062 0.054389965014969711 -0.035110507653700163 -0.0095479041237479939 0.022517234872875876
leaf_weight=353.04322681576014 5035.7052598893642 304.01521987468004 151.61185652017593 435.66859908401966 848.51135542243719 755.69923160970211
leaf_count=2371 17019 1920 205 2859 4429 2237
internal_value=0.000431896 0.00405137 0.0067278 -0.0173533 -0.019632 0.00543422
internal_weight=7884.25 6682.7 5943.02 739.684 1201.55 5791.4
internal_count=31040 24240 19461 4779 6800 19256
is_linear=0
shrinkage=0.05


Tree=39
num_leaves=7
num_cat=0
split_feature=15 22 4 37 4 40
split_gain=205.638 135.278 132.43 99.7272 94.9303 79.7443
threshold=1.0000000180025095e-35 35.665644235385699 2364.5000000000005 0.73385416666666681 141674.50000000003 10.500000000000002
decision_type=10 10 10 2 10 2
left_child=4 2 -2 5 -1 -4
right_child=1 -3 3 -5 -6 -7
leaf_value=-0.032676733006728902 -0.02197047270415502 0.052926675513901227 0.020171199300290193 0.014641302802310628 0.037545672847557644 -0.0026029542403759641
leaf_weight=629.31308843940496 602.05163417011499 119.52075818926096 413.85519313812256 1326.9482835680246 47.969105914235115 4665.0682143419981
leaf_count=3994 3520 277 123 3662 180 19265
internal_value=-0.00124088 0.00126851 0.000350365 0.00246367 -0.0274645 -0.000729193
internal_weight=7804.73 7127.44 7007.92 6405.87 677.282 5078.92
internal_count=31021 26847 26570 23050 4174 19388
is_linear=0
shrinkage=0.05


Tree=40
num_leaves=7
num_cat=0
split_feature=35 24 12 16 10 37
split_gain=198.483 182.333 123.275 82.103 79.0091 86.8783
threshold=110.55194444444446 28.500000000000004 17.500000000000004 45.500000000000007 69.500000000000014 0.53708791208791218
decision_type=8 8 10 10 10 2
left_child=-1 2 -2 4 -4 -6
right_child=1 -3 3 -5 5 -7
leaf_value=0.025658738555559224 -0.033370572418116418 0.0018585316968648556 -0.007836815113866448 -0.019725334726210176 0.065598095826833847 -0.0014634251562962055
leaf_weight=683.88676135241985 678.22227731347084 5544.9518604129553 262.740095064044 476.55421226471663 97.866386160254478 90.633667454123497
leaf_count=606 4642 21382 1460 2215 361 385
internal_value=2.57718e-05 -0.00244187 -0.0172492 -0.00534862 0.00988439 0.0341493
internal_weight=7834.86 7150.97 1606.02 927.794 451.24 188.5
internal_count=31051 30445 9063 4421 2206 746
is_linear=0
shrinkage=0.05


Tree=41
num_leaves=7
num_cat=0
split_feature=37 34 4 8 21 4
split_gain=225.046 119.785 88.9221 82.9721 131.684 92.5126
threshold=0.25833333333333336 37.387361111111119 2039.5000000000002 12.500000000000002 0.67276375520259069 129955.50000000001
decision_type=2 8 10 10 10 10
left_child=-1 -2 -3 4 -4 -6
right_child=1 2 3 -5 5 -7
leaf_value=-0.020206698613461558 0.013682120184590108 -0.021264943968526309 0.01939999711657334 -0.0037233789162075164 -0.026155495218243108 0.049485326702896584
leaf_weight=1190.6457550525665 1969.5444733351469 480.27810474485159 1102.2637640088797 2769.3428245931864 294.83575127273798 42.021640837192535
leaf_count=6861 1225 3263 5330 12434 1698 199
internal_value=-0.000232749 0.00335151 -0.000997903 0.0013375 0.0110555 -0.0161338
internal_weight=7848.93 6658.29 4688.74 4208.46 1439.12 336.857
internal_count=31010 24149 22924 19661 7227 1897
is_linear=0
shrinkage=0.05


Tree=42
num_leaves=7
num_cat=0
split_feature=15 36 36 8 29 21
split_gain=181.508 107.554 111.041 191.798 100.608 76.1775
threshold=1.0000000180025095e-35 5118.1291666666675 3970.1341666666672 1.5000000000000002 4.5000000000000009 0.081574453837783556
decision_type=8 10 10 10 2 10
left_child=-1 2 4 -4 5 -2
right_child=1 -3 3 -5 -6 -7
leaf_value=-0.025730145614971833 0.051819085917316411 -0.019794748516905339 -0.029933718130892226 0.080544085706382162 0.043142530987325435 0.00067329794885449476
leaf_weight=662.97456136345863 68.67810246348381 540.36111940443516 56.584770381450653 109.32762768864632 141.9290469288826 6144.03267069906
leaf_count=4209 185 3330 372 368 111 22554
internal_value=-0.000817771 0.00153789 0.00331955 0.043092 0.00224808 0.0012799
internal_weight=7723.89 7060.91 6520.55 165.912 6354.64 6212.71
internal_count=31129 26920 23590 740 22850 22739
is_linear=0
shrinkage=0.05


Tree=43
num_leaves=7
num_cat=0
split_feature=37 22 34 19 4 20
split_gain=201.05 121.218 114.155 115.502 85.1004 83.8954
threshold=0.25833333333333336 35.665644235385699 6301.748611111112 4.5000000000000009 136660.00000000003 0.62639354663282887
decision_type=2 8 8 10 10 10
left_child=-1 2 -2 5 -5 -4
right_child=1 -3 3 4 -6 -7
leaf_value=-0.019113445989989538 0.0046989195923267451 0.051681392942878615 0.025038009640674364 -0.041557782309143323 0.028998076142593365 -0.037689222556128471
leaf_weight=1164.6907036975026 5781.8128345012665 122.40545696765184 197.21688276529312 362.80316513031721 44.790591776371002 67.557329997420311
leaf_count=6862 19321 309 1212 2574 233 505
internal_value=-1.20489e-05 0.00338269 0.0024274 -0.0169963 -0.0335469 0.00863121
internal_weight=7741.28 6576.59 6454.18 672.368 407.594 264.774
internal_count=31016 24154 23845 4524 2807 1717
is_linear=0
shrinkage=0.05


Tree=44
num_leaves=7
num_cat=0
split_feature=28 37 21 24 4 4
split_gain=167.486 150.201 115.916 97.8104 107.055 97.2335
threshold=2.5000000000000004 0.25833333333333336 0.06277844413982181 872.50000000000011 25782.500000000004 97375.000000000015
decision_type=2 2 10 10 10 10
left_child=1 -1 -3 -4 -5 -6
right_child=-2 2 3 4 5 -7
leaf_value=-0.01802275107800386 0.041109852924157239 0.071290944890481225 -0.0013170751445545699 0.044438141296361602 -0.0066266189665981079 0.046095581720536252
leaf_weight=1140.9141500890255 234.59871551394463 54.174667589366436 5574.0370149537921 247.01033899188042 407.57879699766636 106.03499886393547
leaf_count=6869 171 117 21763 685 1250 297
internal_value=-4.49148e-05 -0.00135357 0.00163497 0.000983504 0.0177412 0.00459729
internal_weight=7764.35 7529.75 6388.84 6334.66 760.624 513.614
internal_count=31152 30981 24112 23995 2232 1547
is_linear=0
shrinkage=0.05


Tree=45
num_leaves=7
num_cat=0
split_feature=30 35 21 1 36 12
split_gain=186.142 129.082 108.014 95.1513 152.594 169.338
threshold=2.5000000000000004 15925.140833333337 0.06277844413982181 1836.5000000000002 20.552777777777781 66.500000000000014
decision_type=2 10 10 10 10 10
left_child=1 2 -1 -2 -5 -6
right_child=3 -3 -4 4 5 -7
leaf_value=0.067887621499108722 0.033893670570249161 -0.046354150945242534 -0.0025339052391487151 0.041465233902256232 0.020784222182902871 -0.060335270641787599
leaf_weight=49.912733256816864 551.33123055100441 162.8516887947917 6531.4082368761301 146.70092818140984 119.16625863313675 130.05981133878231
leaf_count=106 950 1397 27875 203 197 281
internal_value=-0.000134753 -0.0030545 -0.0019487 0.0205598 0.00180118 -0.0219024
internal_weight=7691.43 6744.17 6581.32 947.258 395.927 249.226
internal_count=31009 29378 27981 1631 681 478
is_linear=0
shrinkage=0.05


Tree=46
num_leaves=7
num_cat=0
split_feature=14 35 35 31 4 38
split_gain=152.498 104.82 102.045 75.7974 70.5759 64.2253
threshold=1.0000000180025095e-35 110.55194444444446 781.87041666666676 1.5000000000000002 25782.500000000004 1.0000000180025095e-35
decision_type=10 8 8 2 10 2
left_child=2 4 -1 5 -2 -3
right_child=1 3 -4 -5 -6 -7
leaf_value=0.020085677197533482 0.04261322014655216 0.00035778213901790663 -0.01844731657685433 -0.024791998131882306 0.0088407871857858582 0.01440772197517521
leaf_weight=192.59674750268459 264.58450365066528 4256.8582539334893 1349.2458881065249 251.51916581392288 371.04571539908648 1000.5975227504969
leaf_count=384 239 20865 8085 79 348 1067
internal_value=0.000448892 0.00397846 -0.0135847 0.00175074 0.0231216 0.00304291
internal_weight=7686.45 6144.61 1541.84 5508.97 635.63 5257.46
internal_count=31067 22598 8469 22011 587 21932
is_linear=0
shrinkage=0.05


Tree=47
num_leaves=7
num_cat=0
split_feature=14 22 37 12 40 36
split_gain=157.254 104.87 114.642 97.7607 120.651 102.372
threshold=1.0000000180025095e-35 35.665644235385699 0.73385416666666681 74.500000000000014 11.500000000000002 1.7748611111111112
decision_type=8 8 2 10 2 8
left_child=-1 2 3 4 -2 -6
right_child=1 -3 -4 -5 5 -7
leaf_value=-0.015037522042500952 0.03730403908932034 0.049748995502742616 0.015175248869071506 -0.0083104547265626036 -0.040406044483168674 0.004698776849610925
leaf_weight=1542.8699416816235 264.79815483093262 111.57049832493067 1275.6653231605887 2572.6337605491281 129.83338694274426 1873.8832294940948
leaf_count=8501 80 255 3595 9269 572 8931
internal_value=-0.000774001 0.00276853 0.00187167 -0.00164592 0.00591372 0.00168285
internal_weight=7771.25 6228.38 6116.81 4841.15 2268.51 2003.72
internal_count=31203 22702 22447 18852 9583 9503
is_linear=0
shrinkage=0.05


Tree=48
num_leaves=7
num_cat=0
split_feature=34 27 37 36 36 16
split_gain=134.529 103.647 83.2768 109.118 94.2165 84.3761
threshold=5507.9051388888902 2.5000000000000004 0.37797619047619052 1.7748611111111112 1005.0658333333334 958.50000000000011
decision_type=8 2 2 8 8 8
left_child=1 2 3 -1 -5 -4
right_child=-2 -3 5 4 -6 -7
leaf_value=-0.063017284356308809 -0.017068109121981891 0.052003087885480095 0.0021022154582180995 0.018368643793909626 -0.011122066022502188 0.020640171940021101
leaf_weight=80.407232880592346 1031.80372351408 98.2825817912817 4046.6964282244444 336.9247807264328 1300.8799825161695 718.89339938759804
leaf_count=372 7408 53 13287 1112 6964 1888
internal_value=-0.000327077 0.0023082 0.00151543 -0.00790705 -0.00501787 0.00491738
internal_weight=7613.89 6582.08 6483.8 1718.21 1637.8 4765.59
internal_count=31084 23676 23623 8448 8076 15175
is_linear=0
shrinkage=0.05


Tree=49
num_leaves=7
num_cat=0
split_feature=37 21 29 11 12 36
split_gain=124.11 96.7951 110.982 106.338 111.555 97.5743
threshold=0.25833333333333336 0.6002056202878685 2.5000000000000004 188.50000000000003 952.50000000000011 5118.1291666666675
decision_type=2 10 2 8 10 8
left_child=-1 2 3 4 -2 -3
right_child=1 5 -4 -5 -6 -7
leaf_value=-0.015698794236302285 0.0048294842289302829 -0.00098750215143355419 0.046312853867514742 0.028051954391682538 -0.022468512722385182 -0.02721330675641926
leaf_weight=1145.5494816377759 3621.0521942004561 1494.4723209217191 160.05313060432673 429.47962331771851 412.36100944876671 460.18878777325153
leaf_count=6875 13806 4772 174 1183 1250 3079
internal_value=-0.000548091 0.00210046 0.00604298 0.00454856 0.00201428 -0.00721556
internal_weight=7723.16 6577.61 4622.95 4462.89 4033.41 1954.66
internal_count=31139 24264 16413 16239 15056 7851
is_linear=0
shrinkage=0.05


Tree=50
num_leaves=7
num_cat=0
split_feature=15 27 2 15 37 7
split_gain=154.51 98.9412 91.7213 88.8612 69.7501 71.8854
threshold=108.50000000000001 2.5000000000000004 3761.5000000000005 1.0000000180025095e-35 0.5783625730994153 78.500000000000014
decision_type=8 2 10 10 2 10
left_child=1 3 4 -1 -2 -6
right_child=2 -3 -4 -5 5 -7
leaf_value=-0.023032878471009866 0.00062185117935051044 0.058310754350592534 0.0036315375133456995 -0.0028613443473881456 0.04936456718176005 0.012020838097074521
leaf_weight=609.55638462305069 206.03550696372986 57.220606505870819 1333.4674422517419 4913.4617634937167 328.03247506171465 216.86824782192707
leaf_count=4219 689 29 4011 20916 703 576
internal_value=-6.5363e-05 -0.00440452 0.0115339 -0.00510643 0.0254496 0.0347464
internal_weight=7664.64 5580.24 2084.4 5523.02 750.936 544.901
internal_count=31143 25164 5979 25135 1968 1279
is_linear=0
shrinkage=0.05


Tree=51
num_leaves=7
num_cat=0
split_feature=15 21 28 2 0 23
split_gain=130.325 155.865 79.8704 77.287 76.6715 76.5017
threshold=148.50000000000003 0.6002056202878685 2.5000000000000004 14810.000000000002 50.500000000000007 6.3009915457578591
decision_type=8 10 2 10 10 10
left_child=1 2 3 5 -5 -1
right_child=-2 -3 -4 4 -6 -7
leaf_value=-0.0031848762999590568 0.012943624796616688 -0.016445954368790299 0.049596488224061153 0.043959965100967974 0.002947415696834555 0.030108511927538436
leaf_weight=3730.4612006247044 1554.7869459763169 1632.3393484354019 80.0025375187397 188.37616948783398 279.37559463083744 175.91127904504538
leaf_count=16154 4359 8073 49 637 972 779
internal_value=4.79302e-05 -0.00325419 0.00159332 0.000659714 0.0197545 -0.00164904
internal_weight=7641.25 6086.47 4454.13 4374.12 467.752 3906.37
internal_count=31023 26664 18591 18542 1609 16933
is_linear=0
shrinkage=0.05


Tree=52
num_leaves=7
num_cat=0
split_feature=36 24 23 19 8 8
split_gain=120.273 129.248 149.781 105.143 118.457 80.9584
threshold=5118.1291666666675 28.500000000000004 8.6504657122865201 13.500000000000002 8.5000000000000018 12.500000000000002
decision_type=10 10 10 10 10 10
left_child=1 2 -1 4 -2 -3
right_child=3 5 -4 -5 -6 -7
leaf_value=-0.017048420430480993 -0.018669547520477604 0.014696107119439299 0.030203987523240314 -0.048317947032022052 0.051433171173386527 0.0014745970141718458
leaf_weight=1316.5359177365899 304.37588373571634 1648.028600089252 187.44119314849377 221.44517935067415 69.877102173864841 3869.2383879870176
leaf_count=7542 2162 6377 700 1501 430 12396
internal_value=5.54071e-05 0.00189125 -0.0110788 -0.0214186 -0.00507508 0.00543364
internal_weight=7616.94 7021.24 1503.98 595.698 374.253 5517.27
internal_count=31108 27015 8242 4093 2592 18773
is_linear=0
shrinkage=0.05


Tree=53
num_leaves=7
num_cat=0
split_feature=23 34 37 4 24 8
split_gain=136.762 154.085 104.886 85.1898 74.0351 77.8955
threshold=5.0353701788701182 10765.585138888891 0.37797619047619052 128509.50000000001 92.500000000000014 11.500000000000002
decision_type=8 8 2 10 10 10
left_child=1 2 -1 -3 -4 -6
right_child=-2 3 4 -5 5 -7
leaf_value=-0.0097907883697182022 0.023974447385832126 -0.034313844380239156 -0.0048883502565033937 0.05217240293804988 0.023302869156927555 0.0044753243188974104
leaf_weight=1825.4628195688128 559.71789791435003 445.73815806955099 1504.0184803530574 26.029641136527061 694.32696849107742 2579.2692316770554
leaf_count=9774 2053 3619 5820 154 2075 7582
internal_value=0.000295123 -0.00159385 0.000387932 -0.0290449 0.00428325 0.00849808
internal_weight=7634.56 7074.85 6603.08 471.768 4777.61 3273.6
internal_count=31077 29024 25251 3773 15477 9657
is_linear=0
shrinkage=0.05


Tree=54
num_leaves=7
num_cat=0
split_feature=15 27 21 36 38 32
split_gain=118.061 84.2991 79.0667 79.8998 74.6375 110.542
threshold=1.0000000180025095e-35 2.5000000000000004 0.6002056202878685 1.7748611111111112 1.0000000180025095e-35 1.5000000000000002
decision_type=8 2 10 8 2 2
left_child=-1 2 3 -2 -5 -6
right_child=1 -3 -4 4 5 -7
leaf_value=-0.020845624502970738 -0.028098582071050534 0.049340441119761227 -0.0066925372260239454 0.002233514618788852 0.024834727815045417 -0.0081081615138735835
leaf_weight=605.10658758878708 171.54019540548325 88.122385583817959 2082.991507358849 3377.2193556502461 971.65743644535542 341.68908938765526
leaf_count=4217 669 55 8614 16557 808 127
internal_value=0.000253869 0.00208269 0.001448 0.00493881 0.00617567 0.0162658
internal_weight=7638.33 7033.22 6945.1 4862.11 4690.57 1313.35
internal_count=31047 26830 26775 18161 17492 935
is_linear=0
shrinkage=0.05


Tree=55
num_leaves=7
num_cat=0
split_feature=37 21 15 24 8 36
split_gain=137.455 88.8641 87.6604 71.4166 74.2442 68.1753
threshold=0.25833333333333336 0.06277844413982181 114.50000000000001 27.500000000000004 45.500000000000007 9504.3365277777793
decision_type=2 10 10 10 10 10
left_child=3 -2 -3 -1 5 -5
right_child=1 2 -4 4 -6 -7
leaf_value=-0.037675525040451525 0.06190301200539941 -0.0013375248804530183 0.011598383861847842 0.0045084831670233949 -0.037479450253157076 -0.052725906339198506
leaf_weight=281.39991362392902 58.388724811375141 4527.6602731570601 1837.1247512027621 581.83205588907003 168.60911422967911 52.092346727848053
leaf_count=2352 121 18921 5217 3091 922 441
internal_value=0.000208399 0.00299106 0.00240246 -0.0162191 -0.00850899 -0.000570526
internal_weight=7507.11 6423.17 6364.79 1083.93 802.534 633.924
internal_count=31065 24259 24138 6806 4454 3532
is_linear=0
shrinkage=0.05


Tree=56
num_leaves=7
num_cat=0
split_feature=14 22 35 8 25 24
split_gain=118.671 86.9497 77.8449 95.3703 122.457 129.299
threshold=18.500000000000004 24.457002346748819 15925.140833333337 14.500000000000002 0.84356132611216739 145.50000000000003
decision_type=8 8 10 10 10 10
left_child=2 -2 3 4 5 -1
right_child=1 -3 -4 -5 -6 -7
leaf_value=0.0014952856060886791 0.0056745855938338833 0.050394980131402894 -0.043912462028919651 -0.012941716927465622 -0.02564401958817189 0.036102489778161218
leaf_weight=1756.3781342580914 3141.3624511882663 107.72105980664492 122.45425251126289 1793.5054091587663 332.82793854922056 314.01084530353546
leaf_count=9144 10220 190 1246 7734 1567 967
internal_value=1.97912e-05 0.00723241 -0.00540796 -0.00423354 0.00227869 0.00681841
internal_weight=7568.26 3249.08 4319.18 4196.72 2403.22 2070.39
internal_count=31068 10410 20658 19412 11678 10111
is_linear=0
shrinkage=0.05


Tree=57
num_leaves=7
num_cat=0
split_feature=15 22 24 12 15 14
split_gain=116.324 93.1528 78.9968 70.2514 109.767 75.9641
threshold=1.0000000180025095e-35 35.665644235385699 28.500000000000004 78.500000000000014 160.50000000000003 18.500000000000004
decision_type=8 8 10 10 10 10
left_child=-1 2 -2 4 -4 -5
right_child=1 -3 3 5 -6 -7
leaf_value=-0.02101429665676131 -0.010610574667667808 0.047512581717330617 0.004737905729916443 -0.01139683160896451 0.030538160429371283 0.0052866788046797746
leaf_weight=588.43393282592297 1150.4912769347429 105.87390452623367 2430.6709573119879 1203.8152576833963 492.1516320630908 1561.836342163384
leaf_count=4204 6079 262 9606 4589 1405 4965
internal_value=0.000234225 0.00204843 0.0013104 0.00372861 0.00912694 -0.00198268
internal_weight=7533.27 6944.84 6838.97 5688.47 2922.82 2765.65
internal_count=31110 26906 26644 20565 11011 9554
is_linear=0
shrinkage=0.05


Tree=58
num_leaves=7
num_cat=0
split_feature=23 34 24 37 4 35
split_gain=104.52 137.869 83.7314 79.813 88.0901 99.3639
threshold=5.0353701788701182 10765.585138888891 224.50000000000003 0.37797619047619052 28119.500000000004 1501.2641666666671
decision_type=8 8 10 2 10 10
left_child=1 3 -2 -1 5 -5
right_child=2 -3 -4 4 -6 -7
leaf_value=-0.0080500606541652388 0.030171905725889538 -0.027542657048651161 -0.023037110675727293 0.024309931736355483 -0.00084431311705781761 -0.00018725894277237218
leaf_weight=1806.6130908951163 455.28562723100185 452.70678842812777 84.260763227939606 931.3143865019083 2975.9048016369343 741.81409350037575
leaf_count=9828 1739 3808 314 2324 9764 3302
internal_value=0.000636853 -0.00102483 0.021727 0.000854633 0.00431992 0.0134804
internal_weight=7447.9 6908.35 539.546 6455.65 4649.03 1673.13
internal_count=31079 29026 2053 25218 15390 5626
is_linear=0
shrinkage=0.05


Tree=59
num_leaves=7
num_cat=0
split_feature=15 30 14 21 21 0
split_gain=92.637 78.9521 95.1998 75.0527 74.9324 66.203
threshold=143.50000000000003 2.5000000000000004 192.50000000000003 0.6002056202878685 0.95920722135007852 128.50000000000003
decision_type=8 2 10 10 10 10
left_child=3 2 -2 -1 5 -5
right_child=1 -3 -4 4 -6 -7
leaf_value=0.00058178213429807459 0.011311869743128625 0.029521000978437958 -0.024106026518604266 -0.02073584544973835 0.012880555284716237 0.013452995658525271
leaf_weight=4402.3313412293792 925.74247688055038 411.05467195063829 233.41068800538778 1190.5292762219906 250.22526897490025 157.15224285423756
leaf_count=18608 2991 748 738 6635 1020 406
internal_value=4.04368e-05 0.0108326 0.00410711 -0.00279045 -0.012054 -0.0167141
internal_weight=7570.45 1570.21 1159.15 6000.24 1597.91 1347.68
internal_count=31146 4477 3729 26669 8061 7041
is_linear=0
shrinkage=0.05


Tree=60
num_leaves=7
num_cat=0
split_feature=15 28 25 25 21 23
split_gain=92.0344 72.1275 56.4255 83.024 76.6949 77.4172
threshold=1.0000000180025095e-35 2.5000000000000004 0.18910678971654585 0.17509521218715998 0.6002056202878685 1.1136425435219395
decision_type=10 2 10 10 10 10
left_child=-1 2 3 -2 -4 -6
right_child=1 -3 4 -5 5 -7
leaf_value=-0.019517174142843697 0.0072049809963295368 0.03054890376952063 0.0017207868566662928 0.059247599076665082 -0.00067409667055396327 -0.025019424753029703
leaf_weight=572.90723567456007 680.90103476494551 198.87432936578989 4690.4648444578052 81.674770422279835 705.76616366952658 603.19613364338875
leaf_count=4190 2891 168 17848 233 3155 2661
internal_value=-0.000343524 0.00124742 0.00036371 0.0131286 -0.00126839 -0.0119454
internal_weight=7533.78 6960.88 6762 762.576 5999.43 1308.96
internal_count=31146 26956 26788 3124 23664 5816
is_linear=0
shrinkage=0.05


Tree=61
num_leaves=7
num_cat=0
split_feature=4 12 4 35 23 24
split_gain=88.1707 104.117 112.118 93.6404 79.003 95.0106
threshold=2183.5000000000005 28.500000000000004 1075.0000000000002 372.73694444444453 5.0353701788701182 13.500000000000002
decision_type=8 10 10 8 8 10
left_child=1 3 -3 -1 5 -2
right_child=4 2 -4 -5 -6 -7
leaf_value=0.045052873028736465 -0.022405578480044458 0.043261353061568142 -0.026146239947375451 -0.036193134835059947 0.021426111735301283 0.0018507076448970297
leaf_weight=34.299325987696648 428.57177233695984 119.76031912118196 104.47047186642885 444.25096617639065 465.29630129784346 5855.4685996025801
leaf_count=37 2840 632 557 3475 1649 21795
internal_value=-0.000100037 -0.0168897 0.011059 -0.0299643 0.00165941 0.00017993
internal_weight=7452.12 702.781 224.231 478.55 6749.34 6284.04
internal_count=30985 4701 1189 3512 26284 24635
is_linear=0
shrinkage=0.05


Tree=62
num_leaves=7
num_cat=0
split_feature=15 24 21 11 12 24
split_gain=68.5196 74.6471 85.4437 67.4327 65.7915 97.3031
threshold=2172.0000000000005 14.500000000000002 0.39146178768820289 206.50000000000003 952.50000000000011 566.50000000000011
decision_type=8 10 8 10 10 10
left_child=1 2 -1 4 -3 -6
right_child=-2 3 -4 -5 5 -7
leaf_value=0.033486285790357798 0.0558879485263864 0.0010365668586779266 -0.019531249466339707 0.013881447788634605 -0.051478816579323475 -0.0028401194405576584
leaf_weight=79.8188122138381 49.565285623073578 5083.9715541824698 760.40534316003323 931.54527167975903 146.61331545561552 321.52771551907063
leaf_count=470 106 20984 5041 2862 589 914
internal_value=6.55826e-05 -0.000350073 -0.0143264 0.00147078 -0.00062212 -0.0184559
internal_weight=7373.45 7323.88 840.224 6483.66 5552.11 468.141
internal_count=30966 30860 5511 25349 22487 1503
is_linear=0
shrinkage=0.05


Tree=63
num_leaves=7
num_cat=0
split_feature=27 12 40 37 33 37
split_gain=78.5062 75.3516 78.1599 74.7633 74.7261 64.1629
threshold=2.5000000000000004 5565.5000000000009 4.5000000000000009 0.25833333333333336 2.5000000000000004 0.75204918032786894
decision_type=2 8 2 2 2 2
left_child=1 2 -1 4 -4 -3
right_child=-2 5 3 -5 -6 -7
leaf_value=-0.045127953034118734 0.047255043982692237 0.036448347030332694 -0.010738338921185551 0.00073487865879259687 -0.072048044743367831 -0.015578203792576312
leaf_weight=98.662219524383545 80.342956103384495 226.01905423402786 951.5798276886344 5969.4865242615342 47.712532788515091 76.497123673558235
leaf_count=30 53 678 6663 23278 97 246
internal_value=-0.000425722 -0.000977195 -0.00203006 -0.00138797 -0.0140098 0.023253
internal_weight=7450.3 7369.96 7067.44 6968.78 999.292 302.516
internal_count=31045 30992 30068 30038 6760 924
is_linear=0
shrinkage=0.05


Tree=64
num_leaves=7
num_cat=0
split_feature=24 29 4 4 24 8
split_gain=103.134 98.3914 91.2227 112.191 76.1747 126.167
threshold=872.50000000000011 2.5000000000000004 28825.500000000004 53731.500000000007 14.500000000000002 14.500000000000002
decision_type=10 2 10 10 10 10
left_child=1 4 -2 -4 -1 -6
right_child=2 -3 3 -5 5 -7
leaf_value=-0.017430808618032263 0.040291731344408194 0.025003672542827572 -0.014762750335671449 0.034078338068001639 0.0081670749112319873 -0.0072147854082682764
leaf_weight=783.74990018457174 280.18035423755646 327.62650562077761 292.96670417487621 189.3341701477766 2279.4258352220058 3196.3267946913838
leaf_count=5451 847 368 877 578 10478 12444
internal_value=0.000522491 -0.00149746 0.0178691 0.00456346 -0.0029034 -0.000810073
internal_weight=7349.61 6587.13 762.481 482.301 6259.5 5475.75
internal_count=31043 28741 2302 1455 28373 22922
is_linear=0
shrinkage=0.05


Tree=65
num_leaves=7
num_cat=0
split_feature=35 37 36 36 4 36
split_gain=94.9911 73.118 95.2234 90.894 164.739 101.988
threshold=15925.140833333337 0.73385416666666681 1.7748611111111112 237.7490277777778 31603.500000000004 95.016944444444462
decision_type=10 2 8 8 8 10
left_child=1 2 -1 4 -4 -6
right_child=-2 -3 3 -5 5 -7
leaf_value=-0.034971842707865443 -0.041315777570814782 0.011463339563835849 0.048982344408914587 -0.0026191257120528437 -0.0089037572329584268 0.041451073048504677
leaf_weight=195.74778492748737 127.91253910958767 1428.5525694042444 247.25074546784163 4828.4856339618564 502.60628811269999 120.39945359528065
leaf_count=789 1404 4245 628 22206 1362 261
internal_value=0.000576192 0.00133562 -0.00112651 6.56876e-05 0.0148918 0.00108015
internal_weight=7450.96 7323.04 5894.49 5698.74 870.256 623.006
internal_count=30895 29491 25246 24457 2251 1623
is_linear=0
shrinkage=0.05


Tree=66
num_leaves=7
num_cat=0
split_feature=37 37 24 34 23 23
split_gain=94.223 74.2172 83.8717 83.4667 126.828 107.594
threshold=0.25833333333333336 0.17424242424242428 102.50000000000001 2294.6472222222224 0.91489193639993027 0.77215606337179499
decision_type=2 2 10 10 10 10
left_child=1 3 -3 5 -5 -1
right_child=-2 2 -4 4 -6 -7
leaf_value=-0.058609994483204933 0.0025339371971529003 -0.036026727230277354 0.003856446775458751 0.072040613223198199 -0.020498611781333664 0.009830433198303375
leaf_weight=83.570084922015667 6423.8282016739249 444.00546725839376 185.32562823593616 81.930556163191795 61.391023270785809 160.06014168262482
leaf_count=446 24337 3612 962 637 430 712
internal_value=0.000292965 -0.0138151 -0.0243441 0.00340125 0.0330472 -0.0143526
internal_weight=7440.11 1016.28 629.331 386.952 143.322 243.63
internal_count=31136 6799 4574 2225 1067 1158
is_linear=0
shrinkage=0.05


Tree=67
num_leaves=7
num_cat=0
split_feature=21 27 9 37 33 24
split_gain=77.4837 67.5426 75.182 64.9707 64.9817 59.4512
threshold=0.06277844413982181 2.5000000000000004 1386.0000000000002 0.25833333333333336 1.5000000000000002 27.500000000000004
decision_type=10 2 10 2 2 10
left_child=-1 2 3 4 5 -2
right_child=1 -3 -4 -5 -6 -7
leaf_value=0.054983709735545706 -0.029507032933331925 0.045818766167546932 0.045995825169563694 0.00094916606795173916 -0.051905571125650453 -0.00094631674781312707
leaf_weight=59.821452669799328 243.32689048349857 74.83958275616169 81.217958390712738 6220.8451011180878 90.729501061141491 685.62426923960447
leaf_count=161 2315 51 179 23935 166 4348
internal_value=0.000555856 7.88135e-05 -0.000419669 -0.000971699 -0.0126379 -0.00854535
internal_weight=7456.4 7396.58 7321.74 7240.53 1019.68 928.951
internal_count=31155 30994 30943 30764 6829 6663
is_linear=0
shrinkage=0.05


Tree=68
num_leaves=7
num_cat=0
split_feature=30 12 16 35 1 14
split_gain=78.8309 94.1449 107.611 71.1621 62.0706 61.6123
threshold=2.5000000000000004 671.50000000000011 495.50000000000006 15925.140833333337 1836.5000000000002 207.50000000000003
decision_type=2 10 10 10 10 10
left_child=3 4 -3 5 -2 -1
right_child=1 2 -4 -5 -6 -7
leaf_value=-0.00021893785955760835 0.039427722072767041 -0.046121005734328528 0.014561026073944966 -0.039387092111197931 0.0068070408860361059 -0.027078423679298105
leaf_weight=6228.5899147465825 335.14525859057903 113.64179369807243 185.86946631968021 118.96484457701445 259.59574679285288 216.0886442065239
leaf_count=27429 539 237 423 1406 460 663
internal_value=3.82596e-05 0.0139223 -0.00884244 -0.0018625 0.0253647 -0.00113982
internal_weight=7457.9 894.252 299.511 6563.64 594.741 6444.68
internal_count=31157 1659 660 29498 999 28092
is_linear=0
shrinkage=0.05


Tree=69
num_leaves=7
num_cat=0
split_feature=15 27 36 21 34 34
split_gain=79.5226 74.879 69.0758 56.2821 75.4312 76.9252
threshold=1.0000000180025095e-35 2.5000000000000004 1.7748611111111112 0.42425280910544799 3969.2840277777782 2674.9512500000005
decision_type=10 2 8 10 10 8
left_child=3 2 -2 4 5 -1
right_child=1 -3 -4 -5 -6 -7
leaf_value=-0.0035883216565151771 -0.026729428437855387 0.053761942228051342 0.0025004357436630726 -0.032213371853157903 -0.04754562128356498 0.066111444765927146
leaf_weight=152.22732642292976 203.54213131219149 64.524200022220612 6575.6596895977855 295.10783903300762 59.604290194809437 48.279833026230335
leaf_count=679 824 49 25922 2500 633 372
internal_value=0.00065332 0.00213442 0.00160377 -0.0174591 -0.000427845 0.0143948
internal_weight=7398.95 6843.73 6779.2 555.219 260.111 200.507
internal_count=30979 26795 26746 4184 1684 1051
is_linear=0
shrinkage=0.05


Tree=70
num_leaves=7
num_cat=0
split_feature=35 21 31 34 8 14
split_gain=71.6115 61.7129 65.4238 68.5664 66.7838 87.2405
threshold=15925.140833333337 0.06277844413982181 1.5000000000000002 9.8809722222222245 12.500000000000002 1.5000000000000002
decision_type=10 10 2 8 10 10
left_child=1 -1 3 -3 -5 -6
right_child=-2 2 -4 4 5 -7
leaf_value=0.053343151061478439 -0.039135564817468778 0.011222436969451414 -0.019101645003539999 0.0051772126553545064 -0.023820584798021113 -0.002255044030560253
leaf_weight=49.228341840207577 112.56021943688393 1316.4164048433304 425.23260161280632 2222.7196833789349 565.55292429029942 2641.3726687580347
leaf_count=124 1387 517 146 13057 3468 12243
internal_value=-0.000425442 0.000204672 -0.000197017 0.00100789 -0.00147668 -0.00608937
internal_weight=7333.08 7220.52 7171.29 6746.06 5429.65 3206.93
internal_count=30942 29555 29431 29285 28768 15711
is_linear=0
shrinkage=0.05


Tree=71
num_leaves=7
num_cat=0
split_feature=0 16 4 21 10 37
split_gain=81.9001 148.528 121.097 89.3349 91.3379 73.8884
threshold=28.500000000000004 40.500000000000007 208536.50000000003 0.6250428375599727 2.5000000000000004 0.17424242424242428
decision_type=8 10 10 10 10 2
left_child=2 -2 3 4 -1 -5
right_child=1 -3 -4 5 -6 -7
leaf_value=-0.0073648451898353151 0.041552442950363422 0.0020866621347121624 0.072293189563255089 0.027379775887405734 0.01715949411976082 -0.027738663139718452
leaf_weight=2014.8920703083277 249.11822543293238 3866.5596645772457 43.569942779839039 63.001595787703991 462.63703034445643 654.83591067790985
leaf_count=10105 989 13100 151 472 1854 4288
internal_value=-0.000155406 0.00452301 -0.00609802 -0.00727819 -0.00276 -0.0227452
internal_weight=7354.61 4115.68 3238.94 3195.37 2477.53 717.838
internal_count=30959 14089 16870 16719 11959 4760
is_linear=0
shrinkage=0.05


Tree=72
num_leaves=7
num_cat=0
split_feature=29 24 21 25 8 24
split_gain=84.5312 61.0207 99.6151 69.0547 57.8353 135.893
threshold=4.5000000000000009 14.500000000000002 0.39146178768820289 0.22239159891598917 14.500000000000002 706.50000000000011
decision_type=2 8 8 10 10 10
left_child=1 2 -1 -3 -5 -6
right_child=-2 3 -4 4 5 -7
leaf_value=0.037821055504301891 0.044303235901820469 0.019914924980842727 -0.019035955630391004 0.0061990801024428815 -0.010183850184085599 0.010837226193030906
leaf_weight=81.497384127229452 103.68925864994526 466.96279145777225 721.90408305451274 2328.0883450955153 2556.0323482975364 1093.9805132448673
leaf_count=483 117 1534 5034 10530 10250 3110
internal_value=0.000535564 -0.00012064 -0.0130701 0.00150244 4.87594e-05 -0.00387721
internal_weight=7352.15 7248.47 803.401 6445.06 5978.1 3650.01
internal_count=31058 30941 5517 25424 23890 13360
is_linear=0
shrinkage=0.05


Tree=73
num_leaves=7
num_cat=0
split_feature=23 34 37 36 4 23
split_gain=81.169 95.9134 72.3945 84.4216 109.726 122.169
threshold=5.0353701788701182 10765.585138888891 0.73385416666666681 289.30611111111119 61089.000000000007 0.87827668042188878
decision_type=8 8 2 10 10 10
left_child=1 2 -1 -4 5 -5
right_child=-2 -3 3 4 -6 -7
leaf_value=-0.0018929476591679839 0.019726052287856486 -0.024043770437279004 -0.00041884697997020428 0.031762043194598653 0.053534150297489619 -0.023568844409863163
leaf_weight=5057.4958341345191 521.00018644332886 406.99421478435397 724.22871263325214 238.77627559006214 210.68475867807865 164.26050774753094
leaf_count=21137 2006 3745 2308 666 620 483
internal_value=0.000802571 -0.000660206 0.000845501 0.0111654 0.0247285 0.00919907
internal_weight=7323.44 6802.44 6395.45 1337.95 613.722 403.037
internal_count=30965 28959 25214 4077 1769 1149
is_linear=0
shrinkage=0.05


Tree=74
num_leaves=7
num_cat=0
split_feature=27 36 21 25 25 20
split_gain=57.9275 58.0191 64.3956 69.1719 64.8558 77.9644
threshold=2.5000000000000004 1.7748611111111112 0.6002056202878685 0.26785347754006478 0.57909117054932424 0.0042441032121259591
decision_type=2 8 10 10 10 10
left_child=1 -1 4 -4 -3 -6
right_child=-2 2 3 -5 5 -7
leaf_value=-0.027567080787817496 0.044127686022013529 0.012828281541609771 0.0024930567148860601 -0.015837135711288693 0.026157211733223787 -0.002189871783432639
leaf_weight=189.65528063476086 67.990710824728012 1286.2114311493933 960.08253918215632 1101.4540242888033 255.96487165614963 3434.3967309072614
leaf_count=811 53 5687 4249 5565 1132 13473
internal_value=-0.000192299 -0.000639428 0.000105244 -0.00731517 0.00318339 -0.000190976
internal_weight=7295.76 7227.76 7038.11 2061.54 4976.57 3690.36
internal_count=30970 30917 30106 9814 20292 14605
is_linear=0
shrinkage=0.05


Tree=75
num_leaves=7
num_cat=0
split_feature=11 16 12 14 23 26
split_gain=73.5519 98.3831 91.3392 119.284 96.4556 90.0479
threshold=206.50000000000003 22.500000000000004 74.500000000000014 1.0000000180025095e-35 1.1977845800728264 1.0000000180025095e-35
decision_type=8 10 10 10 10 2
left_child=2 -2 3 -1 -4 -6
right_child=1 -3 4 -5 5 -7
leaf_value=-0.012141011002404205 0.061063555843671027 0.0073115208770931613 -0.0011058537103632096 0.0076904467150483748 -0.014886308930650427 -0.055099940126326741
leaf_weight=1021.424820240587 87.489595957100391 1101.632808662951 1253.4044993668795 2898.3519974797964 776.03711695224047 166.66249293088913
leaf_count=6868 307 3593 4810 11825 3753 56
internal_value=0.000154335 0.0115054 -0.00206028 0.00251383 -0.0102117 -0.022249
internal_weight=7305 1189.12 6115.88 3919.78 2196.1 942.7
internal_count=31212 3900 27312 18693 8619 3809
is_linear=0
shrinkage=0.05


Tree=76
num_leaves=7
num_cat=0
split_feature=24 37 31 24 24 36
split_gain=67.1155 72.3408 76.9128 67.6323 71.0667 68.1194
threshold=872.50000000000011 0.93933823529411775 1.5000000000000002 1098.5000000000002 1151.5000000000002 310.18694444444446
decision_type=10 2 2 10 10 10
left_child=1 2 -1 -2 -5 -6
right_child=3 -3 -4 4 5 -7
leaf_value=-0.00055568506122914869 0.032365410623224226 0.05745224236836232 -0.023550722700995286 -0.039529151849941935 0.036469146077744728 -0.0059450063549091846
leaf_weight=6172.5653489045799 301.61998836696148 46.728162042796612 381.4222057312727 79.420651599764824 152.66471107304096 234.02161709964275
leaf_count=28501 898 118 129 208 467 705
internal_value=0.000183674 -0.00144744 -0.00191086 0.0141262 0.00210533 0.011052
internal_weight=7368.44 6600.72 6553.99 767.727 466.107 386.686
internal_count=31026 28748 28630 2278 1380 1172
is_linear=0
shrinkage=0.05


Tree=77
num_leaves=7
num_cat=0
split_feature=4 36 12 34 37 23
split_gain=54.1622 108.011 77.3707 103.112 81.0554 53.5496
threshold=2364.5000000000005 133.43680555555559 23.500000000000004 2077.9477777777779 0.29705882352941182 5.0353701788701182
decision_type=8 8 10 10 2 8
left_child=1 -1 -3 -4 -5 -2
right_child=5 2 3 4 -6 -7
leaf_value=0.048611159313043502 0.00023272035070045057 -0.031932042161276583 -0.014598702132055287 -0.0055663113709441955 0.10809402771582342 0.017749697727687586
leaf_weight=60.504903398454189 6150.1630292125046 414.05307547003031 194.76628998667002 27.039539612829685 30.880098924040794 464.61874417215586
leaf_count=201 24320 3435 1032 275 190 1652
internal_value=4.82951e-05 -0.0128553 -0.0187535 0.00304151 0.0588065 0.00147558
internal_weight=7342.03 727.244 666.739 252.686 57.9196 6614.78
internal_count=31105 5133 4932 1497 465 25972
is_linear=0
shrinkage=0.05


Tree=78
num_leaves=7
num_cat=0
split_feature=37 24 23 31 4 40
split_gain=63.0068 63.7186 102.008 81.1962 73.2752 68.1046
threshold=0.93933823529411775 872.50000000000011 0.54311328032006434 1.5000000000000002 97375.000000000015 16.500000000000004
decision_type=2 8 10 2 10 2
left_child=1 3 -3 -1 5 -4
right_child=-2 2 4 -5 -6 -7
leaf_value=-0.00086059495358408616 0.054146534331652674 0.04506897735625004 -0.038736584469361318 -0.025765054930920874 0.041099399625008387 0.0050323234375417962
leaf_weight=6128.0178044475615 47.972139291465282 182.97034782171249 112.27182078361511 340.77439820766449 96.844108760356903 363.43379986286163
leaf_count=28624 119 548 34 116 289 1389
internal_value=-0.000185502 -0.000583487 0.0131078 -0.00219144 0.00259216 -0.00559309
internal_weight=7272.28 7224.31 755.52 6468.79 572.55 475.706
internal_count=31119 31000 2260 28740 1712 1423
is_linear=0
shrinkage=0.05


Tree=79
num_leaves=7
num_cat=0
split_feature=27 4 12 4 36 36
split_gain=70.5994 56.8584 91.8011 92.0067 78.7049 134.259
threshold=2.5000000000000004 2364.5000000000005 26.500000000000004 1075.0000000000002 47.087083333333339 237.7490277777778
decision_type=2 10 10 10 8 8
left_child=1 2 -1 -4 -3 -6
right_child=-2 4 3 -5 5 -7
leaf_value=-0.026761035769439574 0.052423612894716767 -0.011267514648834215 0.035133980260682644 -0.023493726961680131 0.026366096450172391 0.0011625316887623413
leaf_weight=454.93119382858276 59.892684333026409 1013.8010904639959 150.90087544173002 112.69531942158937 586.58979395031929 4951.7680785432458
leaf_count=3601 50 3216 778 693 1528 21127
internal_value=0.000502612 3.91769e-05 -0.0132627 0.0100981 0.0015069 0.00385332
internal_weight=7330.58 7270.69 718.527 263.596 6552.16 5538.36
internal_count=30993 30943 5072 1471 25871 22655
is_linear=0
shrinkage=0.05


Tree=80
num_leaves=7
num_cat=0
split_feature=15 1 12 19 0 30
split_gain=50.1644 64.8183 82.5372 87.3078 102.112 76.0623
threshold=143.50000000000003 2838.5000000000005 72.500000000000014 26.500000000000004 218.50000000000003 2.5000000000000004
decision_type=8 10 10 10 10 2
left_child=-1 5 -3 -4 -5 -2
right_child=1 2 3 4 -6 -7
leaf_value=-0.0016063079787384004 0.0072075382308851785 0.018353224929303934 0.015325548514566915 -0.052625294141157346 0.0083872140275762994 0.039892441867768968
leaf_weight=5805.6237854510546 521.21600184589624 291.11427765339613 147.70299081504345 189.97762971371412 103.88903865963221 267.62772903591394
leaf_count=26506 1789 826 502 648 195 532
internal_value=0.000513122 0.00857891 -0.00213177 -0.0156912 -0.0312764 0.0184778
internal_weight=7327.15 1521.53 732.684 441.57 293.867 788.844
internal_count=30998 4492 2171 1345 843 2321
is_linear=0
shrinkage=0.05


Tree=81
num_leaves=7
num_cat=0
split_feature=35 16 31 23 12 18
split_gain=63.0183 61.3693 118.562 84.9512 65.6871 54.7735
threshold=15925.140833333337 958.50000000000011 1.5000000000000002 1.1379678670609683 67.500000000000014 5.5000000000000009
decision_type=10 8 2 10 10 10
left_child=1 2 -1 -3 -5 -6
right_child=-2 3 -4 4 5 -7
leaf_value=0.000954585498205959 -0.037024872228547653 0.032193480018219887 -0.028236580954122209 0.021800368787569122 -0.051832913996309543 -0.00086278073499204558
leaf_weight=6073.6653870940208 106.49202162399888 348.89605661481619 363.95755392313004 167.25735475122929 76.942819371819496 148.22461427003145
leaf_count=27349 1406 950 117 505 271 497
internal_value=0.000277818 0.000856548 -0.0007164 0.0144293 -0.00157076 -0.0190276
internal_weight=7285.44 7178.94 6437.62 741.321 392.425 225.167
internal_count=31095 29689 27466 2223 1273 768
is_linear=0
shrinkage=0.05


Tree=82
num_leaves=7
num_cat=0
split_feature=28 4 25 2 1 16
split_gain=62.5727 59.3512 69.3906 56.4186 50.6935 56.209
threshold=4.5000000000000009 2183.5000000000005 0.055320150659133711 1.0000000180025095e-35 17.500000000000004 36.500000000000007
decision_type=2 8 10 10 10 10
left_child=1 2 -1 -4 -3 -6
right_child=-2 4 3 -5 5 -7
leaf_value=0.029922906098496863 0.051908402672763782 0.01613795472591496 0.035072351566964886 -0.024374401137055208 0.012412091684551568 -0.0018745811090226279
leaf_weight=73.769895028322935 53.173824608325958 523.12381100282073 38.687369529157877 547.08382538706064 786.60135165974498 5279.3589261099696
leaf_count=380 49 2105 176 4165 4433 19776
internal_value=0.000259286 -0.000155117 -0.0143971 -0.0201846 0.00128029 -1.32649e-05
internal_weight=7301.8 7248.63 659.541 585.771 6589.08 6065.96
internal_count=31084 31035 4721 4341 26314 24209
is_linear=0
shrinkage=0.05


Tree=83
num_leaves=7
num_cat=0
split_feature=36 19 36 36 34 36
split_gain=48.2038 98.3392 101.843 106.144 96.7382 77.6119
threshold=5118.1291666666675 13.500000000000002 9504.3365277777793 7084.3868055555567 6604.0273611111124 3806.3420833333334
decision_type=10 10 10 10 10 10
left_child=5 2 3 4 -2 -1
right_child=1 -3 -4 -5 -6 -7
leaf_value=0.00035530890817303822 -0.01777511039068809 -0.041666679323971931 -0.04227976375245901 0.070438028436861408 0.073686385719042652 0.032538002345547191
leaf_weight=6597.4034084491432 155.73810835927725 198.8210793659091 89.317617516964674 66.083200007677078 30.252897419035435 187.81588227301836
leaf_count=26179 1004 1511 918 367 248 926
internal_value=0.000120995 -0.0141831 0.00219334 0.0184674 -0.00135859 0.00126943
internal_weight=7325.43 540.213 341.392 252.074 185.991 6785.22
internal_count=31153 4048 2537 1619 1252 27105
is_linear=0
shrinkage=0.05


Tree=84
num_leaves=7
num_cat=0
split_feature=4 12 34 35 37 40
split_gain=85.6926 80.8658 101.437 61.2774 61.0687 53.2403
threshold=2364.5000000000005 23.500000000000004 1884.196388888889 1141.5969444444447 0.29705882352941182 4.5000000000000009
decision_type=8 10 10 8 2 2
left_child=1 3 -3 -1 -4 -2
right_child=5 2 4 -5 -6 -7
leaf_value=0.025860719033591623 -0.034750131649853286 -0.012636559407119129 -0.0040575925046894921 -0.036068008928496799 0.090826166745254913 0.0025927038129054223
leaf_weight=40.956004552543163 91.877010822296143 208.40945985913277 26.264258749783039 383.3658097460866 40.828970089554787 6534.7240105234087
leaf_count=80 32 1052 278 3471 233 25929
internal_value=0.000287639 -0.0162881 0.00477304 -0.029859 0.0559777 0.00204914
internal_weight=7326.43 699.825 275.503 424.322 67.0932 6626.6
internal_count=31075 5114 1563 3551 511 25961
is_linear=0
shrinkage=0.05


Tree=85
num_leaves=7
num_cat=0
split_feature=37 31 8 16 25 21
split_gain=52.2705 63.4858 46.6238 121.93 79.7422 116.632
threshold=0.25833333333333336 1.5000000000000002 13.500000000000002 766.50000000000011 0.84356132611216739 0.66343486011005204
decision_type=2 2 10 10 10 10
left_child=1 -1 3 4 5 -2
right_child=2 -3 -4 -5 -6 -7
leaf_value=-0.0075633162869130069 0.016303665139108452 -0.0659577665138774 -0.0014293860764883759 0.059243815117154298 -0.015521449099606802 -0.013896954173754278
leaf_weight=952.40510132163763 1385.0140167698264 44.100048452615738 3985.6214386671782 103.58147704601288 386.90475607663393 410.98178468644619
leaf_count=6823 5481 17 14370 320 1680 2354
internal_value=0.000144009 -0.0104639 0.00183638 0.00751972 0.00493556 0.00937339
internal_weight=7268.61 996.505 6272.1 2286.48 2182.9 1796
internal_count=31045 6840 24205 9835 9515 7835
is_linear=0
shrinkage=0.05


Tree=86
num_leaves=7
num_cat=0
split_feature=35 36 35 9 4 3
split_gain=60.7016 42.7378 91.7769 70.9309 68.5079 77.6598
threshold=14.189861111111112 47.087083333333339 110.55194444444446 1386.0000000000002 10540.500000000002 42235.500000000007
decision_type=8 8 8 8 8 10
left_child=-1 4 -3 -4 -2 -6
right_child=1 2 3 -5 5 -7
leaf_value=0.031547518912574478 0.016510445622802652 0.040191036914742712 8.3073613730331878e-05 0.05942073499783769 -0.023556005169068583 0.019569776554449567
leaf_weight=151.04913790524006 192.40055717527866 144.89149881154299 5983.3212565928698 45.790986850857735 635.79293312877417 120.75699359923601
leaf_count=95 740 114 27397 88 2231 355
internal_value=0.000699059 2.3217e-05 0.00154391 0.000582606 -0.00982684 -0.0165892
internal_weight=7274 7122.95 6174 6029.11 948.95 756.55
internal_count=31020 30925 27599 27485 3326 2586
is_linear=0
shrinkage=0.05


Tree=87
num_leaves=7
num_cat=0
split_feature=21 0 31 21 16 9
split_gain=49.3228 54.2362 82.9873 73.0739 72.3803 63.6893
threshold=0.06277844413982181 25.500000000000004 1.5000000000000002 0.65022275531185758 72.500000000000014 2.5000000000000004
decision_type=10 10 2 10 10 10
left_child=-1 2 3 5 -3 -2
right_child=1 4 -4 -5 -6 -7
leaf_value=0.045566580650978163 -0.0033007664580810385 0.019829196748866074 -0.043216584599448923 -0.020271329468388194 0.00010129195019110377 0.02310074291787715
leaf_weight=52.181415155529976 1998.6483363285661 525.38960210606456 139.52542218565941 569.43051104620099 3768.2958691380918 252.8218298368156
leaf_count=163 10595 2296 45 4152 12979 1049
internal_value=-0.000689768 -0.00105366 -0.00625477 -0.00435336 0.00253552 -0.000291473
internal_weight=7306.29 7254.11 2960.43 2820.9 4293.69 2251.47
internal_count=31279 31116 15841 15796 15275 11644
is_linear=0
shrinkage=0.05


Tree=88
num_leaves=7
num_cat=0
split_feature=21 29 40 23 23 3
split_gain=59.9611 81.3745 56.5003 58.0095 83.4936 115.21
threshold=0.6002056202878685 2.5000000000000004 8.5000000000000018 1.2306355165679366 2.5905326821396195 46401.000000000007
decision_type=10 2 2 10 10 10
left_child=1 -1 -2 -4 -5 -6
right_child=2 -3 3 4 5 -7
leaf_value=0.0018022385647393007 -0.051971414307479272 0.039503402322492318 0.0017383287515802045 -0.028467966453342309 -0.013700673583501705 0.048815612091586774
leaf_weight=5094.176578130573 63.07136332988739 142.28994619473815 1155.2590006105602 503.20323478803039 276.88543992489576 94.80004470795393
leaf_count=20950 22 188 5694 2567 1435 272
internal_value=4.06295e-06 0.00286339 -0.00713871 -0.00562162 -0.0152948 0.0026807
internal_weight=7329.69 5236.47 2093.22 2030.15 874.889 371.685
internal_count=31128 21138 9990 9968 4274 1707
is_linear=0
shrinkage=0.05


Tree=89
num_leaves=7
num_cat=0
split_feature=27 18 8 24 21 36
split_gain=70.7363 52.7933 64.1331 124.877 103.053 78.7499
threshold=2.5000000000000004 26.500000000000004 21.500000000000004 872.50000000000011 0.84761073807691301 9504.3365277777793
decision_type=2 8 10 10 8 10
left_child=1 2 5 4 -4 -1
right_child=-2 -3 3 -5 -6 -7
leaf_value=0.0029325942476084578 0.051617643881482746 0.0090043737278039711 -0.016413100303851215 0.015245600085263098 0.021464774807755591 -0.042270833265825612
leaf_weight=3254.3398952893913 58.716053068637848 1056.0207210704684 2157.1965316794813 453.85282234847546 191.56170541793108 94.290615521371365
leaf_count=15716 52 3146 9088 1361 715 1010
internal_value=-0.000834796 -0.0012976 -0.00307208 -0.00864568 -0.0132848 0.00159863
internal_weight=7265.98 7207.26 6151.24 2802.61 2348.76 3348.63
internal_count=31088 31036 27890 11164 9803 16726
is_linear=0
shrinkage=0.05


Tree=90
num_leaves=7
num_cat=0
split_feature=25 28 24 32 8 24
split_gain=49.7709 82.9454 74.8016 69.6023 59.9684 89.7037
threshold=0.18910678971654585 2.5000000000000004 13.500000000000002 1.5000000000000002 14.500000000000002 706.50000000000011
decision_type=10 2 10 2 10 10
left_child=-1 2 -2 4 -4 -6
right_child=1 -3 3 -5 5 -7
leaf_value=0.01044080025701833 -0.026652426327064035 0.040790650464372163 0.0056316807404174357 -0.021074204608708617 -0.0099654865095429954 0.0083738683839819656
leaf_weight=808.59338708221912 323.50747830420732 102.92952339351177 2269.0853807590902 444.71482810378075 2407.6381613276899 917.11701908707619
leaf_count=3365 3097 92 10807 263 10504 3030
internal_value=-0.00121594 -0.00268082 -0.00341561 -0.00214971 -0.00062772 -0.00490169
internal_weight=7273.59 6464.99 6362.06 6038.56 5593.84 3324.76
internal_count=31158 27793 27701 24604 24341 13534
is_linear=0
shrinkage=0.05


Tree=91
num_leaves=7
num_cat=0
split_feature=31 40 35 8 36 36
split_gain=55.602 57.018 49.9051 51.1736 73.2308 129.044
threshold=1.5000000000000002 18.500000000000004 15925.140833333337 12.500000000000002 5397.7402777777779 3317.0227777777786
decision_type=2 2 10 10 10 10
left_child=1 -1 3 -3 5 -5
right_child=-2 2 -4 4 -6 -7
leaf_value=0.010179701973069924 -0.018492313576598536 0.0043739252191879689 -0.037015043470490082 -0.0055686209226436939 -0.038075745997154992 0.05007350592318599
leaf_weight=1156.2560226917267 422.95347409695387 2289.2773336134851 94.877684865146875 3006.8490351326764 157.66377231478691 102.95816005021334
leaf_count=383 151 13326 1377 14171 1206 579
internal_value=-0.00101082 8.80265e-05 -0.00198378 -0.00135291 -0.00536584 -0.00364902
internal_weight=7230.84 6807.88 5651.63 5556.75 3267.47 3109.81
internal_count=31193 31042 30659 29282 15956 14750
is_linear=0
shrinkage=0.05


Tree=92
num_leaves=7
num_cat=0
split_feature=36 21 36 8 36 23
split_gain=49.5655 94.2988 90.9165 147.058 82.6369 74.964
threshold=4917.4005555555568 0.31383948928408578 3806.3420833333334 9.5000000000000018 3474.7206944444447 12.99467867376177
decision_type=8 10 10 10 10 10
left_child=2 -2 4 -4 5 -1
right_child=1 -3 3 -5 -6 -7
leaf_value=0.0028563709878608552 0.022086497052279976 -0.01254611095063627 -0.017821187307960784 0.080614556808418142 -0.029666860465862078 0.056792636699253066
leaf_weight=5346.8623630851507 229.82522035762668 1208.5208992809057 61.146716795861721 88.794346444308758 189.47233418002725 60.228109899908304
leaf_count=18719 1147 8993 304 288 1548 112
internal_value=0.00133047 -0.00695502 0.00340856 0.0411923 0.00236041 0.00350907
internal_weight=7184.85 1438.35 5746.5 149.941 5596.56 5407.09
internal_count=31111 10140 20971 592 20379 18831
is_linear=0
shrinkage=0.05


Tree=93
num_leaves=7
num_cat=0
split_feature=23 34 4 24 17 37
split_gain=50.5418 61.9745 80.0575 55.4482 55.3716 52.0948
threshold=5.0353701788701182 10765.585138888891 144121.00000000003 224.50000000000003 49.500000000000007 0.37797619047619052
decision_type=8 8 10 10 10 2
left_child=1 4 -3 -2 5 -1
right_child=3 2 -4 -5 -6 -7
leaf_value=-0.0069582120228854826 0.022263929600506795 -0.026805887786402794 0.060584965870277424 -0.02104699807071661 -0.048925025966037997 0.0032246711662671903
leaf_weight=1727.0604178234935 429.65145411342382 356.70967693254352 23.574895225465298 84.897418022155762 52.354365572333336 4564.9756303057075
leaf_count=9730 1740 3674 137 316 71 15331
internal_value=-4.1578e-05 -0.00120157 -0.0206724 0.0149841 -1.91261e-05 0.000426332
internal_weight=7239.22 6724.67 380.285 514.549 6344.39 6292.04
internal_count=30999 28943 3811 2056 25132 25061
is_linear=0
shrinkage=0.05


Tree=94
num_leaves=7
num_cat=0
split_feature=21 4 30 12 34 12
split_gain=40.5326 42.482 73.4039 82.9982 89.5024 61.9255
threshold=0.06277844413982181 2364.5000000000005 2.5000000000000004 23.500000000000004 1884.196388888889 74.500000000000014
decision_type=10 10 2 10 10 10
left_child=-1 2 3 -2 -5 -3
right_child=1 5 -4 4 -6 -7
leaf_value=0.043631131131968523 -0.031459076381060887 0.0057099940891184907 0.054927747557224973 -0.011917648670564746 0.053320120851874167 -0.0040468191527074726
leaf_weight=47.547145202755928 370.56442081183195 3223.6193966008723 33.458283789455891 198.7712913826108 65.908858206123114 3271.9626457132399
leaf_count=153 3424 13978 59 1049 502 11943
internal_value=-0.000122391 -0.000442996 -0.0123943 -0.0163414 0.00501481 0.000795948
internal_weight=7211.83 7164.28 668.703 635.245 264.68 6495.58
internal_count=31108 30955 5034 4975 1551 25921
is_linear=0
shrinkage=0.05


Tree=95
num_leaves=7
num_cat=0
split_feature=37 15 4 12 19 36
split_gain=39.2109 36.3652 72.1236 82.0945 54.6217 46.3675
threshold=0.92724867724867732 1.0000000180025095e-35 141674.50000000003 12.500000000000002 4.5000000000000009 5778.1483333333344
decision_type=2 10 10 10 10 8
left_child=1 2 3 -1 5 -5
right_child=-2 -3 -4 4 -6 -7
leaf_value=-0.034735229606563167 0.042314988364280055 0.00070780283933090415 0.042888734627181076 0.004441322823214299 -0.032785124726343685 0.06946499693909261
leaf_weight=297.10635399073362 49.427884474396706 6653.1977207325399 47.3173683360219 80.055919144302607 50.487891383469105 37.301141791045666
leaf_count=2851 147 26799 193 589 339 226
internal_value=3.64175e-05 -0.000284526 -0.0130549 -0.0191439 0.00866113 0.0271027
internal_weight=7214.89 7165.47 512.269 464.951 167.845 117.357
internal_count=31144 30997 4198 4005 1154 815
is_linear=0
shrinkage=0.05


Tree=96
num_leaves=7
num_cat=0
split_feature=23 17 34 4 2 8
split_gain=52.6206 67.3345 54.5693 107.121 42.8401 154.517
threshold=5.936436594464511 51.500000000000007 10765.585138888891 138948.50000000003 60589.000000000007 31.500000000000004
decision_type=10 10 8 10 10 10
left_child=1 2 4 -4 -1 -6
right_child=-2 -3 3 -5 5 -7
leaf_value=0.0012550058546936015 0.016886582440922691 -0.057686608983384451 -0.026289948807160797 0.067788033240865034 0.025152326786161611 -0.046697266245371821
leaf_weight=6066.5620701722801 421.09121404215693 47.400359943509102 364.2090393230319 28.192086927592754 121.24766260385513 180.57556024193764
leaf_count=24558 1677 61 3776 159 365 627
internal_value=-0.000159607 -0.00122554 -0.000787353 -0.0187631 0.000334108 -0.0178945
internal_weight=7229.28 6808.19 6760.79 392.401 6368.39 301.823
internal_count=31223 29546 29485 3935 25550 992
is_linear=0
shrinkage=0.05


Tree=97
num_leaves=7
num_cat=0
split_feature=11 21 4 12 4 19
split_gain=48.4926 43.9124 40.1504 56.9249 88.2781 82.0303
threshold=6262.5000000000009 0.06277844413982181 2183.5000000000005 26.500000000000004 1075.0000000000002 1.5000000000000002
decision_type=8 10 10 10 10 10
left_child=1 -1 3 -3 5 -5
right_child=-2 2 -4 4 -6 -7
leaf_value=0.043158012130672635 0.034226043998508142 -0.026262458473175505 -0.00034302642930636885 -0.00026649831508631256 -0.03088743714805316 0.075117825902867363
leaf_weight=50.47273151949048 93.174296632409096 360.63768580928445 6451.3901772797108 93.008854366838932 98.726209118962288 53.92914342135191
leaf_count=160 281 3317 26024 505 566 260
internal_value=-0.000675291 -0.00115652 -0.00150376 -0.0137508 0.00477401 0.0289625
internal_weight=7201.34 7108.16 7057.69 606.302 245.664 146.938
internal_count=31113 30832 30672 4648 1331 765
is_linear=0
shrinkage=0.05


Tree=98
num_leaves=7
num_cat=0
split_feature=8 40 36 36 36 12
split_gain=39.7589 96.3709 72.4038 104.021 122.896 82.8618
threshold=1.0000000180025095e-35 16.500000000000004 6841.5052777777792 5397.7402777777779 3806.3420833333334 36.500000000000007
decision_type=8 2 10 10 10 10
left_child=1 -1 3 4 -2 -4
right_child=2 -3 5 -5 -6 -7
leaf_value=-0.039740748692463745 0.00078862133660761047 -0.002215912091506803 0.07677109566986233 -0.033905432506206146 0.043785759922625574 -0.0088446186146554483
leaf_weight=197.61965358257294 5372.1350217610598 1104.3878690972924 62.067779127508402 202.89657976478338 166.50017033517361 47.220711208879948
leaf_count=65 20529 7366 414 1705 690 271
internal_value=-0.000156836 -0.0080417 0.00160318 0.000818053 0.00211951 0.0410102
internal_weight=7152.83 1302.01 5850.82 5741.53 5538.64 109.288
internal_count=31040 7431 23609 22924 21219 685
is_linear=0
shrinkage=0.05


Tree=99
num_leaves=7
num_cat=0
split_feature=15 24 21 8 25 35
split_gain=36.7159 44.4895 60.1265 56.2233 100.116 121.954
threshold=1568.0000000000002 14.500000000000002 0.39146178768820289 18.500000000000004 0.82314018855130489 943.93986111111121
decision_type=8 10 8 10 10 10
left_child=1 2 -1 4 -3 -6
right_child=-2 3 -4 -5 5 -7
leaf_value=0.030688323338550833 0.038667514846217069 0.011963119888550408 -0.016150449354479443 -0.002315161374239092 0.041827209025907641 -0.023542872064362851
leaf_weight=71.75145198777318 57.757894553244114 2121.1189871169627 659.98971457406878 3772.8365825749934 80.893470160663128 422.95331660285592
leaf_count=475 170 9477 5004 13734 286 1940
internal_value=0.000590678 0.000255327 -0.0113805 0.00159401 0.00720635 -0.0127397
internal_weight=7187.3 7129.54 731.741 6397.8 2624.97 503.847
internal_count=31086 30916 5479 25437 11703 2226
is_linear=0
shrinkage=0.05


Tree=100
num_leaves=7
num_cat=0
split_feature=27 21 25 10 20 38
split_gain=51.6088 47.7251 78.7498 75.1441 68.7103 98.408
threshold=2.5000000000000004 0.6002056202878685 0.55076338835929639 163.50000000000003 0.0042441032121259591 1.0000000180025095e-35
decision_type=2 10 10 10 10 2
left_child=1 2 3 -1 5 -4
right_child=-2 -3 4 -5 -6 -7
leaf_value=0.010177323709446563 0.050141036623092418 -0.0057263035077309791 0.0045269108462170663 0.050133003069571885 -0.0017665428514644936 0.069470485802404031
leaf_weight=996.16333107277751 48.270280130207539 2035.6286103837192 197.23362349718809 129.24412383139133 3732.6231317482889 78.294144816696644
leaf_count=4567 49 10005 1146 336 14993 66
internal_value=0.00110825 0.000743397 0.00331193 0.0149674 2.47454e-05 0.0238906
internal_weight=7217.46 7169.19 5133.56 1125.41 4008.15 275.528
internal_count=31162 31113 21108 4903 16205 1212
is_linear=0
shrinkage=0.05


Tree=101
num_leaves=7
num_cat=0
split_feature=36 36 35 36 34 8
split_gain=48.5174 115.373 106.907 67.6239 116.849 180.448
threshold=9504.3365277777793 6841.5052777777792 8728.3116666666683 5118.1291666666675 7823.1963888888904 28.500000000000004
decision_type=10 10 10 10 10 10
left_child=1 3 -3 -1 -5 -6
right_child=-2 2 -4 4 5 -7
leaf_value=0.00052579876666158834 -0.03279375858143329 -0.012481770440744474 0.090703396676972387 -0.036642690344077515 0.14739485046312426 -0.036440593098264605
leaf_weight=6656.7751430682838 107.83940317854285 38.562044598162174 61.535650178790092 256.24952793493867 18.910912625491619 26.766246177256107
leaf_count=26974 1132 174 373 1821 172 368
internal_value=-0.000266678 0.000253109 0.0522493 -0.00053181 -0.0234783 0.0467028
internal_weight=7166.64 7058.8 100.098 6958.7 301.927 45.6772
internal_count=31014 29882 547 29335 2361 540
is_linear=0
shrinkage=0.05


Tree=102
num_leaves=7
num_cat=0
split_feature=29 36 21 15 12 34
split_gain=67.7188 45.1977 55.2615 49.1207 47.4351 65.7876
threshold=2.5000000000000004 1.7748611111111112 0.39146178768820289 1.0000000180025095e-35 74.500000000000014 4100.3929166666676
decision_type=2 8 10 8 10 10
left_child=1 2 -1 -3 -5 -6
right_child=-2 3 -4 4 5 -7
leaf_value=-0.047470559598786669 0.025550829776401909 -0.014599689051507906 0.005898032036188515 0.0059095551826067252 -0.0045737487548715202 0.02715110649404447
leaf_weight=104.89313691109419 257.93405449390411 500.88819240033627 85.052692092955112 3151.9265576153994 2918.2527290433645 168.13185990601778
leaf_count=463 370 4240 372 14184 10708 980
internal_value=0.000644229 -0.000300662 -0.0240352 0.000385623 0.00159956 -0.00280441
internal_weight=7187.08 6929.15 189.946 6739.2 6238.31 3086.38
internal_count=31317 30947 835 30112 25872 11688
is_linear=0
shrinkage=0.05


Tree=103
num_leaves=7
num_cat=0
split_feature=14 36 36 35 33 1
split_gain=47.749 49.082 131.731 68.7765 52.5287 47.0901
threshold=27.500000000000004 9504.3365277777793 6841.5052777777792 8988.4988888888893 1.5000000000000002 2010.5000000000002
decision_type=8 10 10 10 2 10
left_child=1 2 4 -4 -1 -2
right_child=5 -3 3 -5 -6 -7
leaf_value=-0.0021091834319798141 0.012601852232920058 -0.039278118444722364 0.0069016581346997355 0.093398031091702402 -0.019351311633533205 -0.0011080170757094433
leaf_weight=3960.7951706573367 1123.5297874361277 89.152729760855436 42.11505813151598 47.961500719189644 492.44348521530628 1405.8208933845162
leaf_count=20473 3797 1026 197 275 749 4543
internal_value=-0.000524485 -0.00354013 -0.00279644 0.0554466 -0.0040354 0.00499471
internal_weight=7161.82 4632.47 4543.32 90.0766 4453.24 2529.35
internal_count=31060 22720 21694 472 21222 8340
is_linear=0
shrinkage=0.05


Tree=104
num_leaves=7
num_cat=0
split_feature=20 16 40 0 16 10
split_gain=50.5588 60.6875 53.9446 47.0603 65.0636 46.831
threshold=0.0042441032121259591 37.500000000000007 4.5000000000000009 24.500000000000004 40.500000000000007 2.5000000000000004
decision_type=10 10 2 10 10 10
left_child=1 -1 -2 5 -5 -4
right_child=2 -3 3 4 -6 -7
leaf_value=-0.020826152122721403 -0.038301174964021807 0.028734182334672499 -0.0099955213559620379 0.024478343782428323 0.00089334430210253495 0.0057613685510943041
leaf_weight=74.920350179076195 91.005361139774323 280.25483682379127 1855.8610441982746 311.07656474038959 3913.3201896846294 627.91154011711478
leaf_count=561 32 1146 10963 1426 14127 2842
internal_value=-0.000120316 0.018136 -0.00108661 -0.000553598 0.00265698 -0.00600852
internal_weight=7154.35 355.175 6799.17 6708.17 4224.4 2483.77
internal_count=31097 1707 29390 29358 15553 13805
is_linear=0
shrinkage=0.05


Tree=105
num_leaves=7
num_cat=0
split_feature=27 24 36 19 36 8
split_gain=57.1137 54.9038 72.7425 67.2884 60.7749 58.9536
threshold=2.5000000000000004 716.50000000000011 40.326250000000009 12.500000000000002 1840.835416666667 704.50000000000011
decision_type=2 8 8 8 10 10
left_child=1 5 -3 4 -4 -1
right_child=-2 2 3 -5 -6 -7
leaf_value=-0.0010110668885931144 0.050342989740745241 -0.014549263376349268 0.01340656442875815 0.023747857765731736 -0.040727342260280304 -0.029583535606326445
leaf_weight=5780.1398899890482 51.841726630926132 234.98322337865829 124.3929790109396 703.42052584886551 81.850863143801689 181.3709876909852
leaf_count=26983 53 793 396 2007 264 603
internal_value=0.000422771 2.34456e-05 0.0100286 0.0164224 -0.00853274 -0.00190441
internal_weight=7158 7106.16 1144.65 909.664 206.244 5961.51
internal_count=31099 31046 3460 2667 660 27586
is_linear=0
shrinkage=0.05


Tree=106
num_leaves=7
num_cat=0
split_feature=21 19 8 24 37 36
split_gain=37.8478 35.0016 54.0109 52.8768 33.1976 62.5935
threshold=0.06277844413982181 278.50000000000006 704.50000000000011 542.50000000000011 0.73385416666666681 284.95125000000007
decision_type=10 10 10 10 2 10
left_child=-1 2 4 -4 -2 -6
right_child=1 -3 3 -5 5 -7
leaf_value=0.041970745625085223 -0.0024160465298073354 0.021460899601998314 -0.051222752239771352 0.0099455935731777821 -0.0040419445583646666 0.018372346186040247
leaf_weight=46.893919795751572 5572.8099463880062 166.05734043568373 98.637129433453083 51.447818502783775 652.88045048713684 588.09559860080481
leaf_count=156 26078 434 391 185 2189 1677
internal_value=-0.000576025 -0.000885073 -0.00143294 -0.0306101 -0.00076829 0.00661124
internal_weight=7176.82 7129.93 6963.87 150.085 6813.79 1240.98
internal_count=31110 30954 30520 576 29944 3866
is_linear=0
shrinkage=0.05


Tree=107
num_leaves=7
num_cat=0
split_feature=21 21 22 19 33 25
split_gain=62.3273 59.6023 63.2404 82.2979 90.199 77.463
threshold=0.99496226128362297 0.6002056202878685 1.2162453239567002 247.50000000000003 3.5000000000000004 0.18910678971654585
decision_type=8 10 10 10 2 10
left_child=1 -1 5 4 -4 -3
right_child=-2 2 3 -5 -6 -7
leaf_value=0.0024864112383997557 0.029401895553599396 0.033565271757967467 -0.01405018829253611 0.039228013535452237 -0.059103417522192628 -0.0049549507862159965
leaf_weight=5072.7903077155352 175.54124811291695 150.39739508926868 774.30673957243562 56.72824864834547 125.98627980425954 810.25429463014007
leaf_count=20926 762 633 4086 149 244 4185
internal_value=0.000396105 -0.000352769 -0.00785014 -0.016912 -0.0206465 0.00121826
internal_weight=7166 6990.46 1917.67 957.021 900.293 960.652
internal_count=30985 30223 9297 4479 4330 4818
is_linear=0
shrinkage=0.05


Tree=108
num_leaves=7
num_cat=0
split_feature=15 31 14 14 34 18
split_gain=39.7072 57.6851 49.0617 65.8263 56.9964 51.8132
threshold=150.50000000000003 1.5000000000000002 138.50000000000003 33.500000000000007 14.850416666666669 23.500000000000004
decision_type=8 2 10 8 8 10
left_child=1 -1 3 5 -5 -2
right_child=2 -3 -4 4 -6 -7
leaf_value=-0.00074785659661421547 -0.03035269106417986 -0.023351047207635669 -0.0048818934121846449 0.041346677120385283 0.010878568349380408 0.013949206330240858
leaf_weight=5514.8498037979007 119.82697051018476 292.52153831720352 515.15316370502114 249.28207963705063 400.44767596572638 135.59765837341547
leaf_count=26754 437 97 1533 150 1736 418
internal_value=-7.16232e-05 -0.0019055 0.00740715 0.0143896 0.0227948 -0.0070178
internal_weight=7227.68 5807.37 1420.31 905.154 649.73 255.425
internal_count=31125 26851 4274 2741 1886 855
is_linear=0
shrinkage=0.05


Tree=109
num_leaves=7
num_cat=0
split_feature=40 40 36 36 8 36
split_gain=41.9295 53.9074 40.7672 85.5197 133.711 57.5972
threshold=4.5000000000000009 7.5000000000000009 5118.1291666666675 3806.3420833333334 1.5000000000000002 3634.8136111111112
decision_type=2 2 10 10 10 10
left_child=-1 -2 3 5 -5 -3
right_child=1 2 -4 4 -6 -7
leaf_value=-0.028552672566758454 0.044996161809375483 0.00060946486940002473 -0.013769870185394981 -0.02017149035163102 0.064049212513272683 -0.049748392538724533
leaf_weight=120.95895349979401 62.574069797992706 6191.6115151755512 485.86638867482543 71.469493009150028 123.16452569514513 52.306666616350412
leaf_count=43 22 25280 4013 499 420 756
internal_value=3.894e-05 0.000553983 0.000120193 0.00117824 0.0333928 0.000148138
internal_weight=7107.95 6986.99 6924.42 6438.55 194.634 6243.92
internal_count=31033 30990 30968 26955 919 26036
is_linear=0
shrinkage=0.05


Tree=110
num_leaves=7
num_cat=0
split_feature=14 31 1 40 19 16
split_gain=42.8785 64.8545 64.8297 105.887 44.1261 105.597
threshold=27.500000000000004 1.5000000000000002 1497.5000000000002 22.500000000000004 13.500000000000002 426.50000000000006
decision_type=8 2 10 2 10 10
left_child=1 -1 3 -2 5 -4
right_child=2 -3 4 -5 -6 -7
leaf_value=-0.0015573725481653115 0.040044349980705753 -0.029680639498439833 -0.012248374034870042 0.0041469536060857824 -0.0056856856199005781 0.040439035058558719
leaf_weight=4430.1879987455904 296.28520065546036 209.98864729702473 188.47218292206526 649.9549327082932 1195.8425947204232 183.37353790923953
leaf_count=22718 118 71 736 3155 3732 553
internal_value=-1.21652e-05 -0.00286065 0.00524078 0.0155385 -0.00100445 0.0139259
internal_weight=7154.11 4640.18 2513.93 946.24 1567.69 371.846
internal_count=31083 22789 8294 3273 5021 1289
is_linear=0
shrinkage=0.05


Tree=111
num_leaves=7
num_cat=0
split_feature=9 24 34 16 18 3
split_gain=42.1339 38.1736 56.768 52.8745 50.3776 54.5514
threshold=1279.0000000000002 706.50000000000011 781.60888888888906 233.50000000000003 54.500000000000007 8452.0000000000018
decision_type=8 10 10 10 10 10
left_child=1 -1 3 -3 5 -5
right_child=-2 2 -4 4 -6 -7
leaf_value=-0.0022857048217516992 0.031494584627400686 -0.036011163029726442 0.024571785341151044 0.025443848469349536 -0.032036394679599185 -0.0034625011008061037
leaf_weight=5904.2988363094628 98.389105871319771 83.892960086464882 341.80107149481773 288.68027874827385 77.636811718344688 365.06821189820766
leaf_count=27422 209 192 1414 792 180 901
internal_value=-0.000193548 -0.000657044 0.0076277 0.000417505 0.00481217 0.00939812
internal_weight=7159.77 7061.38 1157.08 815.278 731.385 653.748
internal_count=31110 30901 3479 2065 1873 1693
is_linear=0
shrinkage=0.05


Tree=112
num_leaves=7
num_cat=0
split_feature=23 18 31 40 24 11
split_gain=36.2257 54.9506 47.9868 70.8858 43.2332 61.5511
threshold=5.936436594464511 12.500000000000002 1.5000000000000002 12.500000000000002 13.500000000000002 206.50000000000003
decision_type=8 8 2 2 10 10
left_child=2 -2 3 -1 -5 -6
right_child=1 -3 -4 4 5 -7
leaf_value=0.014928969011887875 0.0040696993945500016 0.044988160293176926 -0.017224245474232205 -0.015258592688415763 -0.0019864695314269938 0.013861411997124052
leaf_weight=777.89355874061584 314.6848477050662 106.55596989393234 385.15045347809792 489.06449523940682 4365.7138745374978 707.56753929704428
leaf_count=254 1384 301 131 4428 21677 2857
internal_value=0.00069126 0.0148266 -0.000204458 0.000842201 -0.00113947 0.000235297
internal_weight=7146.63 421.241 6725.39 6340.24 5562.35 5073.28
internal_count=31032 1685 29347 29216 28962 24534
is_linear=0
shrinkage=0.05


end of trees

feature_importances:
ev_gap_last=66
n_dying_ch=61
ev_h_since_prev=49
ev_relapse_rate=46
n_rows_28d=45
act_share_7d=42
n_alarm_28d=35
ev_h_since_inc=30
n_undef_28d=28
rate_28d=27
n_bad_28d=22
n_alarm_7d=19
dying_share=15
ev_open_ch=15
hour=15
n_alarm_3d=14
n_ch_bad_28d=14
ev_inc_168h=14
ev_inc_24h=13
ev_inc_672h=12
ev_fail_3h=11
n_rows_3d=10
n_active_ch=9
ev_inc_72h=8
n_undef_7d=7
n_ch_bad_7d=7
rate_7d=7
n_rows_1d=6
act_share_1d=6
ev_fail_168h=6
n_undef_1d=5
n_rows_7d=4
n_undef_3d=4
n_ch_bad_1d=2
ev_fail_24h=2
n_bad_7d=1
ev_inc_6h=1

parameters:
[boosting: gbdt]
[objective: binary]
[metric: average_precision]
[tree_learner: serial]
[device_type: cpu]
[data_sample_strategy: bagging]
[data: ]
[valid: ]
[num_iterations: 2000]
[learning_rate: 0.05]
[num_leaves: 7]
[num_threads: 6]
[seed: 64]
[deterministic: 1]
[force_col_wise: 1]
[force_row_wise: 0]
[histogram_pool_size: -1]
[max_depth: -1]
[min_data_in_leaf: 200]
[min_sum_hessian_in_leaf: 0.001]
[bagging_fraction: 0.8]
[pos_bagging_fraction: 1]
[neg_bagging_fraction: 1]
[bagging_freq: 1]
[bagging_seed: 7489]
[bagging_by_query: 0]
[feature_fraction: 0.8]
[feature_fraction_bynode: 1]
[feature_fraction_seed: 2393]
[extra_trees: 0]
[extra_seed: 964]
[early_stopping_round: 0]
[early_stopping_min_delta: 0]
[first_metric_only: 1]
[max_delta_step: 0]
[lambda_l1: 0]
[lambda_l2: 5]
[linear_lambda: 0]
[min_gain_to_split: 0]
[drop_rate: 0.1]
[max_drop: 50]
[skip_drop: 0.5]
[xgboost_dart_mode: 0]
[uniform_drop: 0]
[drop_seed: 17665]
[top_rate: 0.2]
[other_rate: 0.1]
[min_data_per_group: 100]
[max_cat_threshold: 32]
[cat_l2: 10]
[cat_smooth: 10]
[max_cat_to_onehot: 4]
[top_k: 20]
[monotone_constraints: ]
[monotone_constraints_method: basic]
[monotone_penalty: 0]
[feature_contri: ]
[forcedsplits_filename: ]
[refit_decay_rate: 0.9]
[cegb_tradeoff: 1]
[cegb_penalty_split: 0]
[cegb_penalty_feature_lazy: ]
[cegb_penalty_feature_coupled: ]
[path_smooth: 0]
[interaction_constraints: ]
[verbosity: -1]
[saved_feature_importance_type: 0]
[use_quantized_grad: 0]
[num_grad_quant_bins: 4]
[quant_train_renew_leaf: 0]
[stochastic_rounding: 1]
[linear_tree: 0]
[max_bin: 255]
[max_bin_by_feature: ]
[min_data_in_bin: 3]
[bin_construct_sample_cnt: 200000]
[data_random_seed: 247]
[is_enable_sparse: 1]
[enable_bundle: 1]
[use_missing: 1]
[zero_as_missing: 0]
[feature_pre_filter: 1]
[pre_partition: 0]
[two_round: 0]
[header: 0]
[label_column: ]
[weight_column: ]
[group_column: ]
[ignore_column: ]
[categorical_feature: ]
[forcedbins_filename: ]
[precise_float_parser: 0]
[parser_config_file: ]
[objective_seed: 13628]
[num_class: 1]
[is_unbalance: 0]
[scale_pos_weight: 1]
[sigmoid: 1]
[boost_from_average: 1]
[reg_sqrt: 0]
[alpha: 0.9]
[fair_c: 1]
[poisson_max_delta_step: 0.7]
[tweedie_variance_power: 1.5]
[lambdarank_truncation_level: 30]
[lambdarank_norm: 1]
[label_gain: ]
[lambdarank_position_bias_regularization: 0]
[eval_at: ]
[multi_error_top_k: 1]
[auc_mu_weights: ]
[num_machines: 1]
[local_listen_port: 12400]
[time_out: 120]
[machine_list_filename: ]
[machines: ]
[gpu_platform_id: -1]
[gpu_device_id: -1]
[gpu_use_dp: 0]
[num_gpu: 1]

end of parameters

pandas_categorical:[]
