tree
version=v4
num_class=1
num_tree_per_iteration=1
label_index=0
max_feature_idx=41
objective=binary sigmoid:1
feature_names=n_active_ch n_rows_1d n_rows_3d n_rows_7d n_rows_28d n_bad_1d n_bad_3d n_bad_7d n_bad_28d n_undef_1d n_undef_3d n_undef_7d n_undef_28d n_alarm_1d n_alarm_3d n_alarm_7d n_alarm_28d n_ch_bad_1d n_ch_bad_7d n_ch_bad_28d act_share_1d act_share_7d rate_7d rate_28d n_dying_ch dying_share ev_inc_6h ev_inc_24h ev_inc_72h ev_inc_168h ev_inc_672h ev_fail_3h ev_fail_24h ev_fail_168h ev_h_since_inc ev_h_since_prev ev_gap_last ev_relapse_rate ev_open_ch is_rearm hour dow
feature_infos=[0:1459] [0:200094] [0:575548] [0:1039472] [0:3446064] [0:32012] [0:32027] [0:32027] [0:32057] [0:37262] [0:71955] [0:122355] [0:165289] [0:32013] [0:32065] [0:32176] [0:33059] [0:383] [0:947] [0:1109] [0:1] [0.0054644808743169399:1] [0:52] [0:13] [0:1420] [0:1] [0:3] [0:7] [0:11] [0:18] [0:25] [0:191] [0:561] [0:1165] [1:22977.983611111111] [2.0238888888888891:28233.218888888889] [1.0238888888888888:21790.846388888887] [0.090909090909090912:0.96551724137931039] [0:195] [0:1] [0:23] [0:6]
tree_sizes=882 902 903 896 892 906 900 898 899 899 906 902 898 900 902 900 902 902 908 902 902 897 908 898 904 901 901 907 909 903 903 907 905 895 904 900 902 902 895 907 905 903 902 900 913 906 909 909 906 904 905 902 897 911 906 900 901 907 911 911 906 905 904 897 909 908 910 901 905 906 900 901 903 910 909 894 907 897 900 904 903 906 904 904 900 894 906 904 897 904 904 897 892 903 913 899 901 908 909 902 901 904 903 906 908 907 904

Tree=0
num_leaves=7
num_cat=0
split_feature=35 29 35 37 16 24
split_gain=4944.66 840.159 811.69 440.099 318.428 214.604
threshold=1501.2641666666671 2.5000000000000004 5507.604444444446 0.37797619047619052 717.50000000000011 872.50000000000011
decision_type=8 2 8 2 10 10
left_child=1 4 3 -2 5 -1
right_child=2 -3 -4 -5 -6 -7
leaf_value=-0.52327526484068976 -0.58012286223920728 -0.43440944923816405 -0.58781424683688333 -0.53643101250034675 -0.47687737957484799 -0.48022258828757663
leaf_weight=1645.9230955839157 844.57561039924622 494.33471941947937 3260.9357073307037 1788.3900172710419 726.74407374858856 349.07886052131653
leaf_count=4492 3242 377 13457 6841 1811 942
internal_value=-0.543955 -0.494132 -0.57116 -0.550489 -0.505159 -0.515603
internal_weight=9109.98 3216.08 5893.9 2632.97 2721.75 1995
internal_count=31162 7622 23540 10083 7245 5434
is_linear=0
shrinkage=1


Tree=1
num_leaves=7
num_cat=0
split_feature=35 35 24 16 24 12
split_gain=4514.49 1028.31 412.29 389.331 317.798 237.781
threshold=2665.1501388888896 228.41652777777782 102.50000000000001 558.50000000000011 758.50000000000011 21.500000000000004
decision_type=8 10 8 10 10 10
left_child=1 -1 5 4 -3 -2
right_child=2 3 -4 -5 -6 -7
leaf_value=0.077987345085634055 -0.055824279633090161 0.0012115428102078862 -0.012276497816346009 0.047638504036145723 0.047176354514334946 -0.028358788114845643
leaf_weight=1085.6932383179665 1887.8982271105051 1843.710392087698 1460.9203217476606 1020.7190605849028 467.48569479584694 1383.5947024524212
leaf_count=1115 7931 6107 5841 3155 1433 5591
internal_value=-0.000501471 0.0358282 -0.0344164 0.0219945 0.0105906 -0.0442695
internal_weight=9150.02 4417.61 4732.41 3331.92 2311.2 3271.49
internal_count=31173 11810 19363 10695 7540 13522
is_linear=0
shrinkage=0.05


Tree=2
num_leaves=7
num_cat=0
split_feature=35 35 16 21 37 34
split_gain=4096.66 902.597 410.409 278.792 268.022 227.98
threshold=2629.6495833333338 205.22361111111113 706.50000000000011 0.46963109354413707 0.39047619047619053 6301.748611111112
decision_type=8 10 10 10 2 8
left_child=1 -1 -3 4 -2 -6
right_child=3 2 -4 -5 5 -7
leaf_value=0.074855608118912065 -0.037259728283814263 0.012333222894226515 0.053674201155495427 -0.043878449165124317 0.014085736525506596 -0.033553685069759857
leaf_weight=1054.8768632262945 1057.2316974550486 2601.4469047486782 777.35873234272003 2499.8253631293774 734.11102537810802 375.39742492139339
leaf_count=996 4433 8460 2258 10445 2808 1651
internal_value=0.000179783 0.0345769 0.0219098 -0.0325028 -0.0193077 -0.00211108
internal_weight=9100.25 4433.68 3378.81 4666.57 2166.74 1109.51
internal_count=31051 11714 10718 19337 8892 4459
is_linear=0
shrinkage=0.05


Tree=3
num_leaves=7
num_cat=0
split_feature=35 24 29 36 4 0
split_gain=3673.26 714.926 545.229 403.45 189.46 170.678
threshold=1309.4962500000004 706.50000000000011 2.5000000000000004 3474.7206944444447 2183.5000000000005 128.50000000000003
decision_type=8 8 2 8 10 10
left_child=2 3 -1 4 -2 -5
right_child=1 -3 -4 5 -6 -7
leaf_value=0.034203327908626874 -0.048469427193750379 0.036366166991204839 0.091234924357622801 -0.043648488994526627 -0.0090979361724749502 0.021910926355190385
leaf_weight=2519.160498008132 348.48174354434013 453.58875063061714 501.73968890309334 2832.6883898824453 2285.5119496583939 100.01250877976418
leaf_count=6241 1458 1634 367 11868 9070 372
internal_value=-0.00113724 -0.0237092 0.0438108 -0.0286326 -0.0143888 -0.0413793
internal_weight=9041.18 6020.28 3020.9 5566.69 2633.99 2932.7
internal_count=31010 24402 6608 22768 10528 12240
is_linear=0
shrinkage=0.05


Tree=4
num_leaves=7
num_cat=0
split_feature=30 16 24 24 29 34
split_gain=2664.76 1150.08 457.243 374.637 331.389 222.058
threshold=1.5000000000000002 288.50000000000006 145.50000000000003 772.50000000000011 2.5000000000000004 972.02986111111125
decision_type=2 10 10 10 2 8
left_child=1 2 5 -3 -2 -1
right_child=4 3 -4 -5 -6 -7
leaf_value=-0.015071469313923183 0.038590054620437561 0.0048591511985411817 0.0017790685888546072 0.054280833788778453 0.084686866350158763 -0.042572255530240598
leaf_weight=998.69302289187908 1473.4417326897383 1609.062821701169 1048.5370569229126 498.9161995947361 535.88210503757 2845.7658902108669
leaf_count=3229 3059 6028 3950 1607 371 12795
internal_value=0.000381394 -0.0141908 -0.027484 0.016657 0.0510637 -0.0354571
internal_weight=9010.3 7000.97 4893 2107.98 2009.32 3844.46
internal_count=31039 27609 19974 7635 3430 16024
is_linear=0
shrinkage=0.05


Tree=5
num_leaves=7
num_cat=0
split_feature=36 38 16 30 3 14
split_gain=2397.86 1158.88 315.558 315.477 230.984 159.903
threshold=2701.1322222222229 1.0000000180025095e-35 288.50000000000006 2.5000000000000004 48009.000000000007 1.0000000180025095e-35
decision_type=8 2 10 2 8 10
left_child=1 2 -1 -3 5 -2
right_child=4 3 -4 -5 -6 -7
leaf_value=-0.011412229543146107 -0.050808864481039773 0.031857504718448164 0.017826881089623835 0.072190000922822212 0.035321947090384095 -0.027855041696322927
leaf_weight=1975.8828421086073 1286.1551831811666 1131.1391613483429 1722.5919624269009 863.84855538606644 110.09294238686562 1913.7722541987896
leaf_count=8606 5560 844 7238 462 366 7935
internal_value=-0.000874318 0.018796 0.00221178 0.0494587 -0.0346859 -0.0371458
internal_weight=9003.48 5693.46 3698.47 1994.99 3310.02 3199.93
internal_count=31011 17150 15844 1306 13861 13495
is_linear=0
shrinkage=0.05


Tree=6
num_leaves=7
num_cat=0
split_feature=35 24 38 36 15 20
split_gain=3065.61 657.698 407.361 340.202 162.762 195.218
threshold=1244.207916666667 706.50000000000011 1.0000000180025095e-35 3474.7206944444447 172.50000000000003 0.12220435869953557
decision_type=8 10 2 8 10 10
left_child=2 3 -1 -2 5 -4
right_child=1 -3 4 -5 -6 -7
leaf_value=0.020525515272103844 -0.012412635855575468 0.034591378408824244 0.066883906856804884 -0.037271305220075039 0.07844192233117539 0.023289003020646352
leaf_weight=1266.6624858528376 2680.1419625282288 496.91286776959896 528.50820894539356 2840.3778603374958 629.35990929603577 510.82177218794823
leaf_count=5257 10787 1740 325 12277 387 344
internal_value=0.000171834 -0.0202607 0.0420215 -0.0252249 0.0582285 0.0456715
internal_weight=8952.79 6017.43 2935.35 5520.52 1668.69 1039.33
internal_count=31117 24804 6313 23064 1056 669
is_linear=0
shrinkage=0.05


Tree=7
num_leaves=7
num_cat=0
split_feature=35 30 37 14 35 12
split_gain=2638.45 649.632 323.921 258.885 196.054 141.668
threshold=2846.2472222222227 2.5000000000000004 0.44949494949494956 1.0000000180025095e-35 205.22361111111113 623.50000000000011
decision_type=8 2 2 8 10 10
left_child=1 2 5 -2 -3 -1
right_child=3 4 -4 -5 -6 -7
leaf_value=-0.021294652665528106 -0.044294161741147794 0.07112728782053343 0.023969607230343457 -0.01860627343071624 0.027122547568079625 0.029496481379494257
leaf_weight=690.05349291861057 1523.9200078845024 841.49512255191803 2669.1675424426794 2776.8438121080399 373.7980927079916 166.46519856154919
leaf_count=2183 6819 715 8065 11832 925 458
internal_value=0.000592074 0.026304 0.0153951 -0.0277493 0.057759 -0.0113095
internal_weight=9041.74 4740.98 3525.69 4300.76 1215.29 856.519
internal_count=30997 12346 10706 18651 1640 2641
is_linear=0
shrinkage=0.05


Tree=8
num_leaves=7
num_cat=0
split_feature=35 30 24 37 24 34
split_gain=2401.92 552.248 344.871 260.192 173.459 163.517
threshold=2665.1501388888896 2.5000000000000004 108.50000000000001 0.28991596638655465 872.50000000000011 37.387361111111119
decision_type=8 2 8 2 10 10
left_child=1 3 -2 -1 5 -5
right_child=2 -3 -4 4 -6 -7
leaf_value=-0.032392646393273661 -0.035150692500453364 0.055350281327732689 -0.0046136944469974284 0.031949990577665226 0.044029304101345701 0.0050025974716884514
leaf_weight=256.8149296939373 3063.7857606709003 1172.2205282747746 1325.6536063700914 834.23554204404354 583.67059077322483 1717.2312759011984
leaf_count=767 13800 1643 5436 496 1622 7230
internal_value=0.000448439 0.0258311 -0.025944 0.0155631 0.0195367 0.0138587
internal_weight=8953.61 4564.17 4389.44 3391.95 3135.14 2551.47
internal_count=30994 11758 19236 10115 9348 7726
is_linear=0
shrinkage=0.05


Tree=9
num_leaves=7
num_cat=0
split_feature=35 30 24 37 12 15
split_gain=2174.51 504.662 290.318 272.945 215.461 135.525
threshold=2818.6045833333342 2.5000000000000004 102.50000000000001 0.44949494949494956 21.500000000000004 375.50000000000006
decision_type=8 2 8 2 10 10
left_child=1 3 4 -1 -2 -3
right_child=2 5 -4 -5 -6 -7
leaf_value=-0.011360646313295626 -0.0464224435864743 0.042361176000511654 -0.0066272210901343184 0.021534593437942836 -0.01883912872244671 0.084432641827469804
leaf_weight=824.20356032252312 1678.0110328197479 962.92070391774178 1341.6813873052597 2642.9137730300426 1240.8253594636917 245.17973533272743
leaf_count=2587 7792 1442 5577 8001 5471 244
internal_value=-8.9193e-05 0.0234449 -0.0259112 0.0137096 -0.0347488 0.0512122
internal_weight=8935.74 4675.22 4260.52 3467.12 2918.84 1208.1
internal_count=31114 12274 18840 10588 13263 1686
is_linear=0
shrinkage=0.05


Tree=10
num_leaves=7
num_cat=0
split_feature=35 35 24 16 24 12
split_gain=1860.62 498.616 314.775 232.727 223.392 197.284
threshold=2665.1501388888896 228.41652777777782 102.50000000000001 728.50000000000011 872.50000000000011 20.500000000000004
decision_type=8 10 8 10 10 10
left_child=1 -1 5 4 -3 -2
right_child=2 3 -4 -5 -6 -7
leaf_value=0.050838571873937158 -0.04434379578818981 -0.00046794158211332834 -0.0041292211645856591 0.037607839061334206 0.038377610864100388 -0.017915332823252743
leaf_weight=1134.7434446066618 1650.3849549740553 2270.6656910181046 1400.4775561243296 729.69438505172729 437.15124532580376 1250.2898918539286
leaf_count=1115 7882 7365 5765 2120 1296 5581
internal_value=-2.4947e-05 0.0221698 -0.023617 0.012646 0.00586248 -0.0330027
internal_weight=8873.41 4572.25 4301.15 3437.51 2707.82 2900.67
internal_count=31124 11896 19228 10781 8661 13463
is_linear=0
shrinkage=0.05


Tree=11
num_leaves=7
num_cat=0
split_feature=36 38 24 24 28 16
split_gain=1467.17 696.339 284.093 221.732 206.69 193.805
threshold=2701.1322222222229 1.0000000180025095e-35 729.50000000000011 68.500000000000014 2.5000000000000004 590.50000000000011
decision_type=8 2 10 8 2 10
left_child=1 2 -1 -2 5 -3
right_child=3 4 -4 -5 -6 -7
leaf_value=-0.0048459221483615998 -0.037680353863649735 0.017702871002657633 0.030344016654739493 -0.0091376990571158546 0.073961341229552766 0.052394161377506458
leaf_weight=2982.9866558909416 2009.0845249295235 1059.5927017480135 704.80285260081291 1033.5816710591316 335.94945724308491 652.80914957821369
leaf_count=12982 9442 739 2867 4277 121 446
internal_value=2.3434e-05 0.0149078 0.00191149 -0.0280154 0.0382442 0.0310421
internal_weight=8778.81 5736.14 3687.79 3042.67 2048.35 1712.4
internal_count=30874 17155 15849 13719 1306 1185
is_linear=0
shrinkage=0.05


Tree=12
num_leaves=7
num_cat=0
split_feature=35 16 28 4 37 36
split_gain=1575.08 494.805 201.392 196.655 185.758 164.2
threshold=1332.7075000000002 288.50000000000006 2.5000000000000004 2448.5000000000005 0.68857758620689669 4824.6498611111119
decision_type=8 8 2 10 2 10
left_child=2 3 4 -2 -1 -3
right_child=1 5 -4 -5 -6 -7
leaf_value=0.012703214128525406 -0.044055714912256766 0.014009604096152276 0.064193001681690287 -0.018650973354994254 0.039054513240702429 -0.039931639020194087
leaf_weight=1601.2562265396118 1011.6464504003525 1361.5483800023794 345.26489625871181 3111.2845633476973 1152.8681118637323 152.4762050807476
leaf_count=3828 4832 5161 159 13692 2672 692
internal_value=-0.000222524 -0.0159615 0.0283821 -0.0249304 0.0237846 0.00846367
internal_weight=8736.34 5636.96 3099.39 4122.93 2754.12 1514.02
internal_count=31036 24377 6659 18524 6500 5853
is_linear=0
shrinkage=0.05


Tree=13
num_leaves=7
num_cat=0
split_feature=35 0 34 36 36 4
split_gain=1503.76 467.717 251.291 243.589 186.469 173.502
threshold=1309.4962500000004 31.500000000000004 38.665000000000006 4824.6498611111119 3970.1341666666672 2364.5000000000005
decision_type=8 8 10 10 10 10
left_child=2 5 -1 4 -3 -2
right_child=1 3 -4 -5 -6 -7
leaf_value=0.041459187638325921 -0.044477436379578073 0.0066011361292812216 0.012534648162256558 -0.036549599414541931 0.089876261616472608 -0.019404612608603586
leaf_weight=1691.7206382751465 967.63479322195053 1852.2654171288013 1357.8683386594057 330.18732459843159 64.819131135940552 2437.0937625318766
leaf_count=1032 4699 7298 5548 1488 169 10824
internal_value=0.000351886 -0.0149132 0.0286218 0.00279015 0.00964325 -0.0265852
internal_weight=8701.59 5652 3049.59 2247.27 1917.08 3404.73
internal_count=31058 24478 6580 8955 7467 15523
is_linear=0
shrinkage=0.05


Tree=14
num_leaves=7
num_cat=0
split_feature=35 38 34 15 20 16
split_gain=1450.88 363.742 180.787 135.657 185.022 132.621
threshold=2818.6045833333342 1.0000000180025095e-35 5507.9051388888902 151.50000000000003 0.12010928961748635 295.50000000000006
decision_type=8 2 8 10 10 8
left_child=1 -1 5 4 -3 -2
right_child=2 3 -4 -5 -6 -7
leaf_value=0.0065363338481070612 -0.020316186433640394 0.044488396541538112 -0.036233833101740248 0.051512609394840453 0.0067570134051057988 0.0063683550321454799
leaf_weight=2601.058632388711 1977.7712296843529 616.39129221439362 1431.8891286104918 756.02486415207386 685.42373305559158 605.89109154045582
leaf_count=10853 8921 370 7355 472 484 2465
internal_value=1.04121e-05 0.0189855 -0.022001 0.0346669 0.0247242 -0.0140582
internal_weight=8674.45 4658.9 4015.55 2057.84 1301.82 2583.66
internal_count=30920 12179 18741 1326 854 11386
is_linear=0
shrinkage=0.05


Tree=15
num_leaves=7
num_cat=0
split_feature=35 16 28 21 37 4
split_gain=1230.83 367.29 237.128 218.303 205.027 202.139
threshold=2665.1501388888896 558.50000000000011 2.5000000000000004 0.49004753416518126 0.39047619047619053 120754.50000000001
decision_type=8 10 2 10 2 10
left_child=1 2 -1 4 -2 -3
right_child=3 5 -4 -5 -6 -7
leaf_value=0.0041448758990247454 -0.024265782379088968 0.048855937172865474 0.062235432547561115 -0.030867143833206906 0.00705626221396381 0.0092869184060138613
leaf_weight=2796.4335737675428 997.25436314940453 1131.2026878893375 182.53158243000507 2074.8780447244644 1087.7683085352182 454.64298902451992
leaf_count=8095 4731 2450 82 10010 4622 1236
internal_value=0.000257981 0.0181762 0.00780261 -0.0194025 -0.0079471 0.0375768
internal_weight=8724.71 4564.81 2978.97 4159.9 2085.02 1585.85
internal_count=31226 11863 8177 19363 9353 3686
is_linear=0
shrinkage=0.05


Tree=16
num_leaves=7
num_cat=0
split_feature=35 35 24 12 37 37
split_gain=1089.34 316.734 231.776 205.706 176.34 151.647
threshold=2665.1501388888896 228.41652777777782 68.500000000000014 21.500000000000004 0.25833333333333336 0.73174603174603181
decision_type=8 10 8 10 2 2
left_child=1 -1 3 -2 -3 -4
right_child=2 4 5 -5 -6 -7
leaf_value=0.040147271413213316 -0.041877337144991887 -0.034440240149359612 -0.0094000707293566965 -0.011674943243017566 0.012386675011435987 0.042430317091274421
leaf_weight=1112.8579516410828 1317.7875417172909 209.63826824724674 1622.4038814306259 991.5436669588089 3221.9921514987946 149.57955728471279
leaf_count=1102 6895 747 7219 4671 9921 572
internal_value=0.000195833 0.0170258 -0.018542 -0.0289628 0.00948007 -0.0049178
internal_weight=8625.8 4544.49 4081.31 2309.33 3431.63 1771.98
internal_count=31127 11770 19357 11566 10668 7791
is_linear=0
shrinkage=0.05


Tree=17
num_leaves=7
num_cat=0
split_feature=28 36 24 37 7 23
split_gain=885.489 487.437 208.514 167.8 137.412 135.384
threshold=1.0000000180025095e-35 3493.0963888888896 716.50000000000011 0.39047619047619053 41.500000000000007 5.0353701788701182
decision_type=2 8 10 2 10 10
left_child=1 2 -1 -2 -5 -3
right_child=3 5 -4 4 -6 -7
leaf_value=-0.004806225044930508 -0.004229396957018872 -0.033124786453671971 0.024335099004734382 0.02240023771650065 0.050390334371548863 0.002909805819908714
leaf_weight=3203.5118216723204 377.42590183019638 1954.512055426836 754.06805011630058 1287.9716780930758 673.65130776166916 299.76073065400124
leaf_count=14262 328 10367 3059 986 613 1563
internal_value=6.69071e-05 -0.00980729 0.000769995 0.026255 0.0321161 -0.0283373
internal_weight=8550.9 6211.85 3957.58 2339.05 1961.62 2254.27
internal_count=31178 29251 17321 1927 1599 11930
is_linear=0
shrinkage=0.05


Tree=18
num_leaves=7
num_cat=0
split_feature=36 38 4 24 23 24
split_gain=792.638 314.306 230.817 185.368 157.584 180.93
threshold=3012.6204166666671 1.0000000180025095e-35 236708.50000000003 837.50000000000011 5.0353701788701182 101.50000000000001
decision_type=8 2 8 10 10 10
left_child=1 3 4 -1 5 -2
right_child=2 -3 -4 -5 -6 -7
leaf_value=-0.0034692422959058862 -0.037130840132394073 0.02548574435497027 0.078890081684107605 0.027547128460719564 0.0069751040940048241 -0.0057606885013994471
leaf_weight=3173.4078347086906 1775.6455073058605 2074.9378872364759 50.33784207701683 562.78136730194092 346.17889581620693 622.35378962755203
leaf_count=13913 9273 1354 156 2268 1580 2576
internal_value=-0.000614692 0.00990743 -0.0224738 0.00123332 -0.0244733 -0.0290183
internal_weight=8605.64 5811.13 2794.52 3736.19 2744.18 2398
internal_count=31120 17535 13585 16181 13429 11849
is_linear=0
shrinkage=0.05


Tree=19
num_leaves=7
num_cat=0
split_feature=35 16 29 21 2 24
split_gain=931.648 406.316 198.026 178.621 171.228 167.683
threshold=1187.8637500000002 288.50000000000006 2.5000000000000004 0.6002056202878685 2606.5000000000005 797.50000000000011
decision_type=8 10 2 10 10 10
left_child=2 3 4 -2 -1 -3
right_child=1 5 -4 -5 -6 -7
leaf_value=0.033828667278552833 -0.012950907591664172 0.0019316197201813099 0.052175118627482378 -0.035937965660105022 0.0064095343466422199 0.042913217568723863
leaf_weight=953.46570484340191 2804.2328348606825 1339.6406218409538 497.43613143265247 1211.4000883698463 1410.0584662854671 301.90868854522705
leaf_count=2170 12751 5228 373 6128 3465 981
internal_value=0.000396434 -0.0113612 0.0236249 -0.0199215 0.0175187 0.00957625
internal_weight=8518.14 5657.18 2860.96 4015.63 2363.52 1641.55
internal_count=31096 25088 6008 18879 5635 6209
is_linear=0
shrinkage=0.05


Tree=20
num_leaves=7
num_cat=0
split_feature=35 16 16 28 23 21
split_gain=768.601 335.453 198.629 150.078 161.379 143.465
threshold=1244.207916666667 288.50000000000006 558.50000000000011 2.5000000000000004 0.55985639324761194 0.6250428375599727
decision_type=8 8 10 2 10 10
left_child=2 5 3 4 -1 -2
right_child=1 -3 -4 -5 -6 -7
leaf_value=0.039587224241899026 -0.013224191586145748 0.0080599499127784746 0.035631331111728268 0.053970911073751765 -0.0025358337169451095 -0.034587996368015926
leaf_weight=268.91687904298306 2799.7198384702206 1574.2541065216064 1216.789950221777 165.62573292851448 1335.3775409162045 1094.5596348941326
leaf_count=613 13044 6059 2476 78 3130 5664
internal_value=-0.000260695 -0.011399 0.0201181 0.00938265 0.00462602 -0.0192655
internal_weight=8455.24 5468.53 2986.71 1769.92 1604.29 3894.28
internal_count=31064 24767 6297 3821 3743 18708
is_linear=0
shrinkage=0.05


Tree=21
num_leaves=7
num_cat=0
split_feature=38 35 16 38 37 2
split_gain=741.527 401.403 176.269 178.351 171.553 118.18
threshold=1.0000000180025095e-35 5575.9002777777787 391.50000000000006 1.5000000000000002 0.37797619047619052 3004.5000000000005
decision_type=2 8 8 2 2 10
left_child=1 4 3 -2 -1 -4
right_child=2 -3 5 -5 -6 -7
leaf_value=-0.018020836389708271 0.022753808836568523 -0.024241082089679501 0.06054080525196609 -0.021885800141200569 0.0077361415332456718 0.026579666805998461
leaf_weight=827.31822729110718 865.97981338202953 2394.4626407772303 408.23775714635849 296.69119986891747 2890.8193958103657 716.65051428973675
leaf_count=3919 588 13138 340 275 12266 441
internal_value=0.000791438 -0.00829773 0.0250438 0.0113177 0.00198848 0.039118
internal_weight=8400.16 6112.6 2287.56 1162.67 3718.14 1124.89
internal_count=30967 29323 1644 863 16185 781
is_linear=0
shrinkage=0.05


Tree=22
num_leaves=7
num_cat=0
split_feature=35 35 24 12 16 24
split_gain=677.979 275.675 210.832 181.623 179.476 146.846
threshold=2818.6045833333342 110.55194444444446 68.500000000000014 20.500000000000004 540.50000000000011 747.50000000000011
decision_type=8 10 8 10 10 10
left_child=1 -1 3 -2 5 -3
right_child=2 4 -4 -5 -6 -7
leaf_value=0.03973410885236317 -0.038582514718643428 -0.0062892040740923126 -0.0021081542453468285 -0.0090670040494824425 0.023143993850673377 0.023141911623002217
leaf_weight=801.10671527683735 1201.8737862110138 2008.9053118079901 1679.6663481593132 924.27979610860348 1229.4075368195772 531.79488578438759
leaf_count=594 6798 6581 7531 4569 3549 1481
internal_value=0.000216428 0.013189 -0.0153619 -0.0258029 0.00750329 -9.56129e-05
internal_weight=8377.03 4571.21 3805.82 2126.15 3770.11 2540.7
internal_count=31103 12205 18898 11367 11611 8062
is_linear=0
shrinkage=0.05


Tree=23
num_leaves=7
num_cat=0
split_feature=35 4 37 37 2 23
split_gain=586.404 303.372 202.647 179.42 157.61 147.351
threshold=1309.4962500000004 2364.5000000000005 0.37797619047619052 0.44949494949494956 3761.5000000000005 1.5466605063930785
decision_type=8 8 2 2 10 10
left_child=3 -2 -3 -1 -5 -6
right_child=1 2 -4 4 5 -7
leaf_value=-0.010828191309365503 -0.037388871150936122 -0.018364181395294995 0.003487939058281775 0.036114972421802602 -0.0020444358738315612 0.031032175383967547
leaf_weight=484.15705946087837 877.03101724386215 1763.7020520120859 2648.1303149163723 1134.5288085490465 851.26253706216812 551.42006668448448
leaf_count=999 4804 8687 10949 2592 2068 983
internal_value=-0.00058101 -0.010617 -0.0052587 0.0169754 0.0222918 0.0110226
internal_weight=8310.23 5288.86 4411.83 3021.37 2537.21 1402.68
internal_count=31082 24440 19636 6642 5643 3051
is_linear=0
shrinkage=0.05


Tree=24
num_leaves=7
num_cat=0
split_feature=37 15 34 38 2 24
split_gain=556.128 381.751 207.065 146.061 118.618 105.412
threshold=0.25833333333333336 108.50000000000001 7621.4972222222232 1.0000000180025095e-35 3417.5000000000005 27.500000000000004
decision_type=2 8 8 2 10 10
left_child=5 2 -2 -3 -5 -1
right_child=1 3 -4 4 -6 -7
leaf_value=-0.049999258906802915 0.0023802506258033232 0.011518363776724029 -0.026801872964124524 0.05886560855980353 0.022796988955125087 -0.019704884822146686
leaf_weight=411.64419227838516 4120.7675044536591 1147.1412245482206 707.93840262293816 396.02142499387264 553.88385896384716 967.49010869860649
leaf_count=2374 14663 4867 4120 284 385 4411
internal_value=4.03845e-05 0.00581904 -0.00192145 0.0236046 0.0380637 -0.0288951
internal_weight=8304.89 6925.75 4828.71 2097.05 949.905 1379.13
internal_count=31104 24319 18783 5536 669 6785
is_linear=0
shrinkage=0.05


Tree=25
num_leaves=7
num_cat=0
split_feature=37 34 4 16 12 8
split_gain=495.042 290.373 210.845 156.893 127.61 122.889
threshold=0.25833333333333336 127.90027777777779 2039.5000000000002 958.50000000000011 51.500000000000007 1.5000000000000002
decision_type=2 8 10 8 10 10
left_child=-1 3 4 5 -3 -2
right_child=1 2 -4 -5 -6 -7
leaf_value=-0.027987662878679875 -0.019972249522831796 -0.041733229293304613 0.0015682593606019418 0.045428663769899701 0.022240120726187473 0.017911151839621244
leaf_weight=1377.4124816209078 243.80835741758347 463.50324462354183 4031.7293065190315 458.57108917832375 90.212651193141937 1557.6016936451197
leaf_count=6811 216 2719 18574 492 460 1777
internal_value=-0.000694753 0.00481345 -0.00241893 0.0194607 -0.0312048 0.0127428
internal_weight=8222.84 6845.43 4585.45 2259.98 553.716 1801.41
internal_count=31049 24238 21753 2485 3179 1993
is_linear=0
shrinkage=0.05


Tree=26
num_leaves=7
num_cat=0
split_feature=35 37 28 4 23 16
split_gain=470.045 240.29 179.585 147.41 134.589 134.296
threshold=5436.9231944444455 0.39047619047619053 2.5000000000000004 68016.000000000015 5.0353701788701182 958.50000000000011
decision_type=8 2 2 10 8 10
left_child=1 3 5 -1 -2 -3
right_child=4 2 -4 -5 -6 -7
leaf_value=-0.027548009414942943 -0.022978927136146562 0.0063910231930335033 0.053298294077675973 0.0098843541427898803 0.011719271797939076 0.030215567637606841
leaf_weight=684.93896666169167 2141.6116797477007 3718.1068882495165 251.07363338768482 421.68165028095245 318.17313246428967 699.51193383336067
leaf_count=2727 11938 11503 141 1366 1548 1756
internal_value=-0.000193987 0.00760184 0.0125661 -0.013304 -0.018476 0.0101934
internal_weight=8235.1 5775.31 4668.69 1106.62 2459.78 4417.62
internal_count=30979 17493 13400 4093 13486 13259
is_linear=0
shrinkage=0.05


Tree=27
num_leaves=7
num_cat=0
split_feature=38 35 35 37 37 21
split_gain=434.492 244.826 153.121 120.636 117.769 113.581
threshold=1.0000000180025095e-35 5575.9002777777787 205.22361111111113 0.37797619047619052 0.68857758620689669 0.41291708796764415
decision_type=2 8 10 2 2 10
left_child=1 3 5 -1 -4 -2
right_child=2 -3 4 -5 -6 -7
leaf_value=-0.015834727358405767 0.054936889242834235 -0.019697448934457563 -0.0020288095234751013 0.0059792424796989508 0.030513714710994053 0.019254511662382161
leaf_weight=806.54374334216118 393.92779797315598 2251.1909076273441 895.12227661907673 2888.9511618167162 397.89635789394379 525.68108975887299
leaf_count=3966 189 13130 658 12246 410 357
internal_value=0.000320101 -0.00671879 0.0192104 0.00120337 0.00806436 0.034754
internal_weight=8159.31 5946.69 2212.63 3695.49 1293.02 919.609
internal_count=30956 29342 1614 16212 1068 546
is_linear=0
shrinkage=0.05


Tree=28
num_leaves=7
num_cat=0
split_feature=35 27 4 36 4 36
split_gain=543.438 209.673 157.257 144.285 115.87 109.588
threshold=2602.2509722222226 1.0000000180025095e-35 2364.5000000000005 5118.1291666666675 4371.0000000000009 3806.3420833333334
decision_type=8 2 10 10 10 10
left_child=1 -1 -2 5 -5 -4
right_child=2 -3 3 4 -6 -7
leaf_value=0.0031454455815743305 -0.033751249814083041 0.02527455899809047 -0.0055810807252565523 0.030616731605907405 -0.036166440694786035 0.035475754398987196
leaf_weight=2571.8249720484018 757.61517289280891 1830.6122548729181 2204.6851382255554 69.116184383630753 588.11817719042301 170.45594906806946
leaf_count=10713 4528 921 10714 394 3182 760
internal_value=0.000423372 0.0123654 -0.0134464 -0.00832619 -0.0289652 -0.00256623
internal_weight=8192.43 4402.44 3789.99 3032.38 657.234 2375.14
internal_count=31212 11634 19578 15050 3576 11474
is_linear=0
shrinkage=0.05


Tree=29
num_leaves=7
num_cat=0
split_feature=30 37 4 35 20 16
split_gain=420.752 275.156 172.027 124.306 121.709 120.46
threshold=2.5000000000000004 0.25833333333333336 2364.5000000000005 205.22361111111113 0.72236607561684973 495.50000000000006
decision_type=2 2 8 10 10 10
left_child=1 -1 -3 -2 -4 -5
right_child=3 2 4 5 -6 -7
leaf_value=-0.024807917238032665 0.042448266027574261 -0.022601970526319449 0.0055613097066938887 -0.030164148771806051 -0.03595058419482023 0.027517284495991924
leaf_weight=1260.6429426372051 690.32490254938602 680.06007266044617 4929.6431283503771 136.34825477004051 178.17450900375843 247.21715423464775
leaf_count=6717 711 3697 18044 369 912 583
internal_value=0.000758937 -0.00368948 0.000927715 0.0298381 0.00407952 0.00688863
internal_weight=8122.41 7048.52 5787.88 1073.89 5107.82 383.565
internal_count=31033 29370 22653 1663 18956 952
is_linear=0
shrinkage=0.05


Tree=30
num_leaves=7
num_cat=0
split_feature=30 4 36 36 8 12
split_gain=353.804 255.861 199.852 119.527 200.941 116.347
threshold=2.5000000000000004 2364.5000000000005 5118.1291666666675 3806.3420833333334 1.5000000000000002 25.500000000000004
decision_type=2 8 10 10 10 10
left_child=1 5 3 -3 -5 -1
right_child=-2 2 -4 4 -6 -7
leaf_value=-0.041959448646256767 0.02733946937149891 0.0014006548742254224 -0.026836210518495308 -0.027232897455999345 0.080842588752521261 -0.0036310644898920178
leaf_weight=581.81843115389347 1035.1595256626606 5356.9056540131569 630.77996569871902 64.00224407017231 114.61279648542404 300.35148295760155
leaf_count=3553 1672 20045 3496 362 389 1504
internal_value=0.000116832 -0.00389771 -0.000285364 0.00276163 0.0424294 -0.0290038
internal_weight=8083.63 7048.47 6166.3 5535.52 178.615 882.17
internal_count=31021 29349 24292 20796 751 5057
is_linear=0
shrinkage=0.05


Tree=31
num_leaves=7
num_cat=0
split_feature=37 27 4 12 24 8
split_gain=344.406 208.082 137.661 135.114 95.5481 109.85
threshold=0.25833333333333336 1.0000000180025095e-35 2039.5000000000002 51.500000000000007 831.50000000000011 14.500000000000002
decision_type=2 2 10 10 10 10
left_child=-1 2 3 -2 5 -4
right_child=1 -3 4 -5 -6 -7
leaf_value=-0.023696185601695209 -0.036527593149357628 0.018069488462043325 0.0091544019585231892 0.028750730691350798 0.019600500615526387 -0.0083800353063829738
leaf_weight=1312.0107733756304 442.51620005071163 1938.0247456133366 1481.6806707829237 92.415174692869186 630.2117161154747 2232.783096536994
leaf_count=6938 2816 998 7360 478 2556 10092
internal_value=-0.00028731 0.00423165 -0.00127717 -0.0250882 0.00168 -0.00138273
internal_weight=8129.64 6817.63 4879.61 534.931 4344.68 3714.46
internal_count=31238 24300 23302 3294 20008 17452
is_linear=0
shrinkage=0.05


Tree=32
num_leaves=7
num_cat=0
split_feature=37 16 21 9 36 24
split_gain=284.999 201.978 153.431 119.224 116.501 104.915
threshold=0.25833333333333336 558.50000000000011 0.6002056202878685 151.50000000000003 237.7490277777778 27.500000000000004
decision_type=2 8 10 10 8 10
left_child=5 2 3 -2 -3 -1
right_child=1 4 -4 -5 -6 -7
leaf_value=-0.044170667778118705 0.0017805957213385697 0.03233205862463534 -0.016044210358676373 0.051411671876641141 0.0065788888730639282 -0.012943905485673205
leaf_weight=384.39098577201366 3406.5775785893202 762.56659035384655 1388.9618932306767 120.48052850365639 1034.105984762311 892.44626557826996
leaf_count=2457 12892 1770 6039 299 3164 4467
internal_value=-0.000875869 0.00324724 -0.00199943 0.00354632 0.0175688 -0.0224803
internal_weight=7989.53 6712.69 4916.02 3527.06 1796.67 1276.84
internal_count=31088 24164 19230 13191 4934 6924
is_linear=0
shrinkage=0.05


Tree=33
num_leaves=7
num_cat=0
split_feature=34 30 24 35 4 4
split_gain=301.189 189.814 133.68 112.936 101.14 117.373
threshold=5507.9051388888902 2.5000000000000004 706.50000000000011 205.22361111111113 25782.500000000004 47045.000000000007
decision_type=8 2 10 10 10 10
left_child=1 2 -1 -3 -4 -6
right_child=-2 3 4 -5 5 -7
leaf_value=-0.0029905278781922253 -0.023445199514827434 0.035533941395284256 0.04546556584232378 0.0012823114802030507 -0.015788209786224052 0.022980144223067194
leaf_weight=4818.2211818695068 1157.9789933413267 682.71385554969311 231.62178146839142 370.81507071852684 310.51306480169296 508.6866309940815
leaf_count=19036 7350 701 644 927 951 1511
internal_value=0.000100203 0.00405286 0.000537513 0.0235413 0.0166518 0.00827858
internal_weight=8080.55 6922.57 5869.04 1053.53 1050.82 819.2
internal_count=31120 23770 22142 1628 3106 2462
is_linear=0
shrinkage=0.05


Tree=34
num_leaves=7
num_cat=0
split_feature=15 15 21 29 23 36
split_gain=311.864 188.393 124.641 110.02 106.865 80.7109
threshold=114.50000000000001 1.0000000180025095e-35 0.6002056202878685 2.5000000000000004 12.99467867376177 1.7748611111111112
decision_type=8 10 10 2 8 8
left_child=1 -1 3 5 -2 -3
right_child=4 2 -4 -5 -6 -7
leaf_value=-0.02896246558483194 0.014585515226129464 -0.033554327460613001 -0.014537366840327366 0.050344818140649741 0.061865958882671185 0.0028654959101201919
leaf_weight=721.50009547919035 1890.0578376501799 153.82216407358646 1403.9620092958212 113.10991676151752 123.34721122682095 3605.5762416869402
leaf_count=4215 5496 635 6155 77 195 14356
internal_value=0.000626222 -0.00509093 -0.00180243 0.00282737 0.0176281 0.00133273
internal_weight=8011.38 5997.97 5276.47 3872.51 2013.41 3759.4
internal_count=31129 25438 21223 15068 5691 14991
is_linear=0
shrinkage=0.05


Tree=35
num_leaves=7
num_cat=0
split_feature=35 16 3 21 11 29
split_gain=307.254 214.935 113.051 111.03 124.027 103.015
threshold=1187.8637500000002 291.50000000000006 5296.5000000000009 0.6250428375599727 726.50000000000011 2.5000000000000004
decision_type=8 8 10 10 10 2
left_child=2 3 -1 4 -2 -4
right_child=1 -3 5 -5 -6 -7
leaf_value=0.028061730360868415 -0.01000353142095913 0.0086081367306568551 0.0013430282573086954 -0.027838441380936246 0.052200620865037711 0.033982507421804073
leaf_weight=934.69058759510517 2585.476030997932 1592.7654472142458 1500.7123392373323 970.24089691787958 77.78180456161499 283.26677347719669
leaf_count=2043 12902 6146 3743 5700 331 273
internal_value=0.000402461 -0.00668826 0.0140206 -0.0133961 -0.00809241 0.00660614
internal_weight=7944.93 5226.26 2718.67 3633.5 2663.26 1783.98
internal_count=31138 25079 6059 18933 13233 4016
is_linear=0
shrinkage=0.05


Tree=36
num_leaves=7
num_cat=0
split_feature=15 15 23 21 12 28
split_gain=246.448 154.658 101.89 100.85 87.1391 84.2167
threshold=114.50000000000001 1.0000000180025095e-35 12.99467867376177 0.6002056202878685 570.00000000000011 2.5000000000000004
decision_type=8 10 8 10 10 2
left_child=1 -1 -2 5 -5 -3
right_child=2 3 -4 4 -6 -7
leaf_value=-0.027917429376289396 0.011390307259202967 0.00016804900700302273 0.056610726761223334 -0.02289233453358578 0.0041821893881704023 0.047648601069598298
leaf_weight=690.24838748574257 1909.1803431361914 3753.6068847626448 128.81483800709248 942.51365657150745 431.00118687748909 90.775251433253288
leaf_count=4203 5537 14990 195 4643 1545 45
internal_value=-0.000591521 -0.00576372 0.0143801 -0.0028092 -0.0144121 0.00134962
internal_weight=7946.14 5908.15 2038 5217.9 1373.51 3844.38
internal_count=31158 25426 5732 21223 6188 15035
is_linear=0
shrinkage=0.05


Tree=37
num_leaves=7
num_cat=0
split_feature=38 24 36 19 33 31
split_gain=258.499 181.316 141.131 96.6322 95.487 118.731
threshold=1.0000000180025095e-35 19.500000000000004 4917.4005555555568 19.500000000000004 6.5000000000000009 1.5000000000000002
decision_type=2 10 10 10 2 2
left_child=1 -1 -3 -4 5 -2
right_child=4 2 3 -5 -6 -7
leaf_value=-0.023230676575307162 0.018027071069146319 0.0027354776882410068 -0.0084048517409913287 -0.051902592092320343 0.04278784609426213 -0.01316853249173737
leaf_weight=1064.8365912586451 1459.7331195175648 4163.442273683846 360.50331383943558 194.81506776809692 278.64439372718334 381.32151973247528
leaf_count=6841 1358 19233 2250 1245 162 116
internal_value=0.000829613 -0.0046459 -0.00043191 -0.0239916 0.0157453 0.0115476
internal_weight=7903.3 5783.6 4718.76 555.318 2119.7 1841.05
internal_count=31205 29569 22728 3495 1636 1474
is_linear=0
shrinkage=0.05


Tree=38
num_leaves=7
num_cat=0
split_feature=34 22 24 16 8 11
split_gain=212.166 169.71 135.243 146.13 118.146 108.971
threshold=5289.063472222223 6.1578001033898904 145.50000000000003 973.50000000000011 176.50000000000003 247.50000000000003
decision_type=8 8 10 10 10 10
left_child=1 2 3 -1 -5 -2
right_child=5 -3 -4 4 -6 -7
leaf_value=-0.0085571725767960068 -0.023155656258498459 0.038997883629721522 0.009156638712010421 0.056735691562062388 -0.009311375971182553 0.052319554586011507
leaf_weight=3088.7097120508552 1108.1736524403095 310.53568866848946 2989.0524725914001 157.74503210186958 113.8308229893446 45.351255610585213
leaf_count=12855 7374 765 9202 379 390 256
internal_value=-0.00022609 0.003207 0.00142722 -0.00545167 0.0293842 -0.0199753
internal_weight=7813.4 6659.87 6349.34 3360.29 271.576 1153.52
internal_count=31221 23591 22826 13624 769 7630
is_linear=0
shrinkage=0.05


Tree=39
num_leaves=7
num_cat=0
split_feature=15 24 29 35 36 8
split_gain=229.273 173.588 112.863 100.078 79.9628 75.2961
threshold=138.50000000000003 143.50000000000003 2.5000000000000004 11481.93652777778 267.20041666666674 21.500000000000004
decision_type=8 10 2 10 8 10
left_child=1 3 -2 5 -3 -1
right_child=2 4 -4 -5 -6 -7
leaf_value=-0.0037569741798202348 0.011263229160052769 0.021378261973973987 0.050082047067514818 -0.037405543902859294 0.00060105968747258725 -0.019636300251016824
leaf_weight=2470.0927948504686 1476.5151053965092 627.71614220738411 210.47607660293579 324.65568657964468 1728.3211815655231 1066.9277219548821
leaf_count=11660 4496 1826 243 2376 5988 4714
internal_value=-7.99242e-05 -0.00451737 0.0162401 -0.0110375 0.00617025 -0.00856787
internal_weight=7904.7 6217.71 1686.99 3861.68 2356.04 3537.02
internal_count=31303 26564 4739 18750 7814 16374
is_linear=0
shrinkage=0.05


Tree=40
num_leaves=7
num_cat=0
split_feature=37 34 19 23 16 24
split_gain=206.329 183.541 121.074 116.271 106.351 111.61
threshold=0.37797619047619052 5289.063472222223 4.5000000000000009 5.0353701788701182 958.50000000000011 82.500000000000014
decision_type=2 8 10 10 8 10
left_child=3 4 -3 -1 5 -2
right_child=1 2 -4 -5 -6 -7
leaf_value=-0.016149387486293177 -0.0071896454612642982 0.0089417794740834257 -0.033713560872087066 0.036513775582339057 0.025385606119873713 0.01043217044195624
leaf_weight=2085.2066504359245 1307.2291704714298 252.8556587100029 471.62889447808266 105.70633982121944 742.36217531561852 2849.1551812887192
leaf_count=10872 4733 1635 3055 370 1842 8550
internal_value=-0.000532489 0.00453955 -0.018867 -0.0135312 0.00801689 0.00488793
internal_weight=7814.14 5623.23 724.485 2190.91 4898.75 4156.38
internal_count=31057 19815 4690 11242 15125 13283
is_linear=0
shrinkage=0.05


Tree=41
num_leaves=7
num_cat=0
split_feature=34 37 23 36 4 36
split_gain=163.061 165.096 125.144 116.861 111.99 98.6171
threshold=5507.9051388888902 0.37797619047619052 5.0353701788701182 1.7748611111111112 25782.500000000004 1256.6805555555559
decision_type=8 2 10 8 10 10
left_child=1 2 3 -1 5 -3
right_child=-2 4 -4 -5 -6 -7
leaf_value=-0.070373141887059912 -0.018428186626066486 0.024952098612552733 0.04548601731817184 -0.010648131923498255 0.0015583738855626901 -0.0011209579873267944
leaf_weight=81.590875893831253 1084.1977127343416 1230.2563130557537 89.339862525463104 1603.0171488299966 3197.7816047817469 512.81000681221485
leaf_count=366 7430 3350 302 7751 10025 1850
internal_value=-0.000482307 0.00242686 -0.0106383 -0.0137405 0.00712374 0.0173001
internal_weight=7798.99 6714.8 1773.95 1684.61 4940.85 1743.07
internal_count=31074 23644 8419 8117 15225 5200
is_linear=0
shrinkage=0.05


Tree=42
num_leaves=7
num_cat=0
split_feature=37 21 28 36 4 23
split_gain=180.131 142.244 142.966 123.842 103.064 110.136
threshold=0.25833333333333336 0.06277844413982181 2.5000000000000004 47.087083333333339 195497.00000000003 5.0353701788701182
decision_type=2 10 2 10 10 10
left_child=-1 -2 3 4 5 -3
right_child=1 2 -4 -5 -6 -7
leaf_value=-0.017385546105256656 0.077531025078180549 -0.018299278738901026 0.042770908792479655 0.0060792975549000322 0.03304252185095774 0.0135598178957864
leaf_weight=1209.0621557235718 59.390984043478966 1442.8516709432006 211.74238978326321 4395.7695557326078 129.75651074945927 329.95055375993252
leaf_count=6902 116 6972 152 15017 445 1559
internal_value=0.000309493 0.00357688 0.00284322 0.00146804 -0.00917407 -0.0123483
internal_weight=7778.52 6569.46 6510.07 6298.33 1902.56 1772.8
internal_count=31163 24261 24145 23993 8976 8531
is_linear=0
shrinkage=0.05


Tree=43
num_leaves=7
num_cat=0
split_feature=36 4 21 27 4 25
split_gain=177.253 150.715 114.043 106.912 99.5849 104.618
threshold=2914.9948611111117 236708.50000000003 0.6250428375599727 2.5000000000000004 3081.5000000000005 0.39133414786780707
decision_type=8 8 10 2 10 10
left_child=3 2 4 -1 -2 -6
right_child=1 -3 -4 -5 5 -7
leaf_value=0.0040102947936349513 -0.026272606292981112 0.077314976577241679 -0.029930301790269915 0.054407688793158437 0.047808014851216898 -0.0030667633925843007
leaf_weight=5279.941576756537 430.21737062186003 42.02124148607254 702.05028186738491 102.42244802415371 106.47309695929289 1076.468369692564
leaf_count=17326 2844 154 4662 50 478 5564
internal_value=1.16732e-05 -0.011408 -0.0131815 0.00501893 -0.00582242 0.00169428
internal_weight=7739.59 2357.23 2315.21 5382.36 1613.16 1182.94
internal_count=31078 13702 13548 17376 8886 6042
is_linear=0
shrinkage=0.05


Tree=44
num_leaves=7
num_cat=0
split_feature=38 24 21 24 36 19
split_gain=204.172 129.247 113.63 99.4689 88.0429 100.603
threshold=1.0000000180025095e-35 14.500000000000002 0.57521929824561413 46.500000000000007 5118.1291666666675 13.500000000000002
decision_type=2 10 10 10 10 10
left_child=1 -1 -2 -4 -3 -6
right_child=2 4 3 -5 5 -7
leaf_value=-0.023503852073200961 0.022261418076355056 0.00088892861123410672 0.017952086149678238 -0.019720874442531372 -0.0017911405954632812 -0.046804822413970583
leaf_weight=760.14183388650417 1373.6232111603022 4372.2377262935042 317.99216625094414 378.06048987805843 289.88099902868271 212.62602507323027
leaf_count=5294 998 20763 362 286 1894 1460
internal_value=0.000535355 -0.00439847 0.0139464 -0.00250467 -0.00139824 -0.0211113
internal_weight=7704.56 5634.89 2069.68 696.053 4874.74 502.507
internal_count=31057 29411 1646 648 24117 3354
is_linear=0
shrinkage=0.05


Tree=45
num_leaves=7
num_cat=0
split_feature=37 28 24 24 23 36
split_gain=161.999 125.09 90.9254 88.2502 91.4686 125.975
threshold=0.25833333333333336 2.5000000000000004 27.500000000000004 872.50000000000011 5.936436594464511 40.326250000000009
decision_type=2 2 10 8 10 10
left_child=2 3 -1 4 5 -2
right_child=1 -3 -4 -5 -6 -7
leaf_value=-0.04011330313269474 -0.015322920352488993 0.041162769687073178 -0.0085507105821616674 0.017606098358982677 0.023053754544282972 0.0024685105893633378
leaf_weight=311.27981526404619 1336.6170250624418 203.75691425800323 833.72132078558207 772.20945486426353 382.49218548089266 3846.6360295116901
leaf_count=2359 6690 153 4423 2275 1550 13511
internal_value=3.91864e-05 0.00307942 -0.0172684 0.00182361 -0.000379938 -0.00212975
internal_weight=7686.71 6541.71 1145 6337.95 5565.75 5183.25
internal_count=30961 24179 6782 24026 21751 20201
is_linear=0
shrinkage=0.05


Tree=46
num_leaves=7
num_cat=0
split_feature=37 29 21 9 35 24
split_gain=158.825 118.267 115.355 92.8209 90.7793 81.9235
threshold=0.25833333333333336 2.5000000000000004 0.06277844413982181 821.50000000000011 14711.324027777779 14.500000000000002
decision_type=2 2 10 10 10 10
left_child=4 2 -2 5 -1 -4
right_child=1 -3 3 -5 -6 -7
leaf_value=-0.011228738230968698 0.071872487394643969 0.031595974604724686 -0.017421346578887227 0.047352902662507537 -0.049348789491352373 0.0016033319847174002
leaf_weight=973.81288819015026 52.011129401624203 329.65659818053246 626.90992340445518 98.570928186178207 182.30338315665722 5409.4361128360033
leaf_count=5279 124 346 3620 262 1545 19833
internal_value=-0.000388905 0.00264478 0.00107791 0.00041968 -0.0174264 -0.000385276
internal_weight=7672.7 6516.58 6186.93 6134.92 1156.12 6036.35
internal_count=31009 24185 23839 23715 6824 23453
is_linear=0
shrinkage=0.05


Tree=47
num_leaves=7
num_cat=0
split_feature=34 4 12 35 8 24
split_gain=156.909 134.686 96.6982 93.18 94.0539 112.297
threshold=52.826111111111125 2183.5000000000005 32.500000000000007 15925.140833333337 12.500000000000002 716.50000000000011
decision_type=8 10 10 10 10 10
left_child=-1 2 -2 4 -3 -6
right_child=1 3 -4 -5 5 -7
leaf_value=0.012026709594155013 -0.037262546540924389 0.0087227974882442931 0.005547215218852021 -0.043324313708045945 -0.010980757997816781 0.011894683311621725
leaf_weight=2099.1306694149971 466.72351067513227 1866.6458746120334 181.47611653804779 122.7200333327055 2267.8472968190908 697.78127202391624
leaf_count=1557 3526 10071 1103 1076 10858 2857
internal_value=0.000383655 -0.00398503 -0.0253264 -0.00117049 -5.62791e-05 -0.00558745
internal_weight=7702.32 5603.19 648.2 4954.99 4832.27 2965.63
internal_count=31048 29491 4629 24862 23786 13715
is_linear=0
shrinkage=0.05


Tree=48
num_leaves=7
num_cat=0
split_feature=0 35 16 29 24 10
split_gain=128.962 118.715 87.2526 92.6684 86.7705 74.8436
threshold=27.500000000000004 751.46277777777789 41.500000000000007 4.5000000000000009 13.500000000000002 54.500000000000007
decision_type=8 8 10 2 10 10
left_child=1 -1 -2 -4 -3 -6
right_child=2 4 3 -5 5 -7
leaf_value=0.013287850501273762 0.032151155417575197 -0.028686181661030624 0.0025552341292451042 0.054663378394158912 -0.010005139861988789 0.021447255638899269
leaf_weight=571.53756074607372 283.98423685133457 584.98318866640329 3918.9103168696165 82.244612127542496 2041.6751737073064 203.71035781502724
leaf_count=1145 1150 4309 13234 66 10271 891
internal_value=-0.0001531 -0.00741565 0.00561445 0.00369322 -0.0116124 -0.00711034
internal_weight=7687.05 3401.91 4285.14 4001.15 2830.37 2245.39
internal_count=31066 16616 14450 13300 15471 11162
is_linear=0
shrinkage=0.05


Tree=49
num_leaves=7
num_cat=0
split_feature=37 21 34 19 21 2
split_gain=138.698 80.9699 75.9886 139.366 77.6394 87.3472
threshold=0.25833333333333336 0.06277844413982181 6301.748611111112 4.5000000000000009 0.68895663956639575 332.50000000000006
decision_type=2 10 8 10 10 10
left_child=-1 -2 -3 4 5 -4
right_child=1 2 3 -5 -6 -7
leaf_value=-0.016455553779489498 0.061733544971475277 0.0039799504435885022 -0.00017505515458749943 -0.03189034801806085 -0.027301855601709342 0.065786878973312771
leaf_weight=1112.2700994536281 52.426873862743378 5718.3026314526796 108.3877090960741 410.19066109508276 77.712237142026424 88.425585336983204
leaf_count=6758 110 19285 754 2868 614 520
internal_value=-0.000189379 0.00262384 0.00209207 -0.0135888 0.0138382 0.0303564
internal_weight=7567.72 6455.45 6403.02 684.716 274.526 196.813
internal_count=30909 24151 24041 4756 1888 1274
is_linear=0
shrinkage=0.05


Tree=50
num_leaves=7
num_cat=0
split_feature=29 0 16 24 31 38
split_gain=136.869 109.862 99.201 93.752 80.0038 84.3574
threshold=2.5000000000000004 27.500000000000004 40.500000000000007 14.500000000000002 1.5000000000000002 1.5000000000000002
decision_type=2 8 10 10 2 2
left_child=1 3 -3 -1 5 -5
right_child=-2 2 -4 4 -6 -7
leaf_value=-0.02604669938579092 0.029484857462826437 0.033264559031946139 0.001074556494040002 -0.0045194259053257585 -0.044046343833621521 0.050970036900122265
leaf_weight=656.66913811117411 348.11448980867863 250.58132037520409 3772.8614884316921 2385.3618286177516 119.40944983065128 65.527640670537949
leaf_count=4662 384 1096 13176 11531 38 194
internal_value=-0.000913983 -0.00239284 0.00311816 -0.00925824 -0.00492683 -0.00293509
internal_weight=7598.53 7250.41 4023.44 3226.97 2570.3 2450.89
internal_count=31081 30697 14272 16425 11763 11725
is_linear=0
shrinkage=0.05


Tree=51
num_leaves=7
num_cat=0
split_feature=22 37 36 36 4 36
split_gain=136.332 152.731 158.547 114.409 158.732 120.516
threshold=35.665644235385699 0.56904761904761914 5.0402777777777787 47.087083333333339 36901.500000000007 133.43680555555559
decision_type=8 2 10 10 10 10
left_child=1 -1 -3 4 -4 -5
right_child=-2 2 3 5 -6 -7
leaf_value=-0.0063756927023775932 0.053066580461599948 0.063360724021520806 0.020252899551176793 0.050048008184795018 -0.033178928920365142 0.0075275469144455631
leaf_weight=4557.6047785058618 114.90581154823303 120.16689295321703 215.25004895031452 177.1142061650753 374.16288344562054 2004.7598978802562
leaf_count=21804 312 292 552 411 1256 6389
internal_value=0.000175373 -0.000675552 0.00830469 0.00580758 -0.0136597 0.0110857
internal_weight=7563.96 7449.06 2891.45 2771.29 589.413 2181.87
internal_count=31016 30704 8900 8608 1808 6800
is_linear=0
shrinkage=0.05


Tree=52
num_leaves=7
num_cat=0
split_feature=23 24 27 21 34 33
split_gain=107.569 166.85 105.201 102.408 95.2664 85.0213
threshold=5.936436594464511 14.500000000000002 2.5000000000000004 0.24989660876757655 11365.585138888891 6.5000000000000009
decision_type=8 10 2 10 8 2
left_child=1 -1 4 -2 -3 -5
right_child=3 2 -4 5 -6 -7
leaf_value=-0.023998720369441073 0.073760440974927274 0.0021902290706140352 0.059525730736321406 0.001473574454048234 -0.025764075317771085 0.062217657996994968
leaf_weight=708.20430504530668 79.116294480860233 6053.039035141468 72.146299213171005 316.45827351510525 315.92698450386524 65.494776003062725
leaf_count=4761 251 22330 39 1363 2304 77
internal_value=0.00046491 -0.00105163 0.00148807 0.0237393 0.000784458 0.0125589
internal_weight=7610.39 7149.32 6441.11 461.069 6368.97 381.953
internal_count=31125 29434 24673 1691 24634 1440
is_linear=0
shrinkage=0.05


Tree=53
num_leaves=7
num_cat=0
split_feature=15 22 4 36 37 8
split_gain=132.644 84.2942 94.307 77.1292 76.1799 90.8663
threshold=1.0000000180025095e-35 35.665644235385699 2364.5000000000005 133.43680555555559 0.73385416666666681 12.500000000000002
decision_type=8 8 10 8 2 10
left_child=-1 2 3 -2 5 -4
right_child=1 -3 4 -5 -6 -7
leaf_value=-0.022426937242914183 0.034743290735197392 0.045431090621453889 0.008090233463428782 -0.024075957348840188 0.013518417844749487 -0.0056434120278064138
leaf_weight=618.08930963277817 57.771580770611763 103.24206475168467 2025.4068062752485 531.99711263179779 1299.0842098593712 2955.5461317822337
leaf_count=4253 190 262 8475 3418 3656 11003
internal_value=-0.000323351 0.00165057 0.000960058 -0.0180706 0.00276021 -5.63817e-05
internal_weight=7591.14 6973.05 6869.81 589.769 6280.04 4980.95
internal_count=31257 27004 26742 3608 23134 19478
is_linear=0
shrinkage=0.05


Tree=54
num_leaves=7
num_cat=0
split_feature=22 24 27 36 19 8
split_gain=94.6522 124.877 86.0091 73.8099 82.7525 103.045
threshold=24.457002346748819 14.500000000000002 2.5000000000000004 5118.1291666666675 13.500000000000002 8.5000000000000018
decision_type=10 10 2 10 10 10
left_child=1 -1 3 -3 5 -5
right_child=-2 2 -4 4 -6 -7
leaf_value=-0.020529913546328379 0.038432736101537905 0.0018795645711351867 0.057236623546845479 -0.016846836713055272 -0.041206570024035924 0.047624075962588275
leaf_weight=754.92690461874008 147.77421794831753 6060.4819267317653 61.979305163025856 255.14478476345539 212.7702340260148 76.366955578327179
leaf_count=5090 431 22034 36 1542 1470 411
internal_value=-0.000525018 -0.00132607 0.00086229 0.000290375 -0.017261 -0.00150839
internal_weight=7569.44 7421.67 6666.74 6604.76 544.282 331.512
internal_count=31014 30583 25493 25457 3423 1953
is_linear=0
shrinkage=0.05


Tree=55
num_leaves=7
num_cat=0
split_feature=36 36 8 27 24 21
split_gain=123.452 110.235 133.162 113.302 111.053 125.285
threshold=4917.4005555555568 3806.3420833333334 65.500000000000014 1.5000000000000002 25.500000000000004 0.40633355614973271
decision_type=10 10 10 2 8 8
left_child=1 3 -3 4 5 -1
right_child=-2 2 -4 -5 -6 -7
leaf_value=0.01434756241154388 -0.020747486246779075 0.0058208081775383965 0.10014770859131764 0.032563828948109004 0.0031246019055907459 -0.022029410427816337
leaf_weight=308.09854594618082 638.23085293918848 94.700680024921894 57.580843389034271 270.93162783235312 5155.4506735280156 976.18704414367676
leaf_count=1502 4379 427 152 153 18405 5989
internal_value=0.000198399 0.00215998 0.0435376 0.0011893 -0.00015492 -0.0132808
internal_weight=7501.18 6862.95 152.282 6710.67 6439.74 1284.29
internal_count=31007 26628 579 26049 25896 7491
is_linear=0
shrinkage=0.05


Tree=56
num_leaves=7
num_cat=0
split_feature=34 8 15 35 3 21
split_gain=130.177 101.08 98.6382 96.8595 62.9071 83.0906
threshold=29.43930555555556 104.50000000000001 44.500000000000007 15925.140833333337 530.50000000000011 0.49625410517758356
decision_type=8 8 10 10 10 10
left_child=1 2 -1 4 5 -2
right_child=3 -3 -4 -5 -6 -7
leaf_value=0.015824982889525514 -0.0039814213075491716 0.026783615995597344 -0.013517233206955796 -0.043192414507354421 0.00035585201931180029 -0.041052501749234256
leaf_weight=655.99039811640978 482.05184236168861 736.78215748816729 500.60176202654839 139.40251427143812 4768.7054124772549 216.04318892210722
leaf_count=330 2980 456 301 1387 23706 1919
internal_value=0.00105823 0.0123756 0.00312143 -0.00277158 -0.00170233 -0.0156644
internal_weight=7499.58 1893.37 1156.59 5606.2 5466.8 698.095
internal_count=31079 1087 631 29992 28605 4899
is_linear=0
shrinkage=0.05


Tree=57
num_leaves=7
num_cat=0
split_feature=15 22 4 12 31 34
split_gain=116.914 82.0749 84.1141 87.1257 100.043 134.382
threshold=1.0000000180025095e-35 35.665644235385699 2364.5000000000005 11.500000000000002 1.5000000000000002 393.11972222222226
decision_type=8 8 10 10 2 8
left_child=-1 2 -2 4 5 -4
right_child=1 -3 3 -5 -6 -7
leaf_value=-0.021113710285844901 -0.017098243685915795 0.044003554177618219 0.032729564176870916 -0.00081355257720716633 -0.042212217350886823 0.0043271461763078577
leaf_weight=580.91404047608376 556.27496691048145 110.19826451689005 642.59683049470186 4310.6565046608448 76.638343572616577 1171.9949911236763
leaf_count=4198 3525 256 1161 15763 24 6149
internal_value=0.000326382 0.00215379 0.00143936 0.00311452 0.0120462 0.0144475
internal_weight=7449.27 6868.36 6758.16 6201.89 1891.23 1814.59
internal_count=31076 26878 26622 23097 7334 7310
is_linear=0
shrinkage=0.05


Tree=58
num_leaves=7
num_cat=0
split_feature=21 15 28 36 36 21
split_gain=96.2208 93.8019 72.7805 66.1594 68.8532 51.9416
threshold=0.06277844413982181 1.0000000180025095e-35 2.5000000000000004 1.7748611111111112 5.0402777777777787 0.6002056202878685
decision_type=10 10 2 8 8 10
left_child=-1 -2 3 -3 -5 -6
right_child=1 2 -4 4 5 -7
leaf_value=0.061539528676957216 -0.01981245858110027 -0.027475951639597242 0.031986882857801345 0.042128969874271269 0.0034539629802210698 -0.00643363920707039
leaf_weight=58.141128227114677 571.82437167316675 202.46175584197044 181.49858968704939 96.188880980014801 4531.4165156409144 1873.1654623001814
leaf_count=157 4167 823 155 273 17213 8262
internal_value=7.59106e-05 -0.000444257 0.00117762 0.000320196 0.00120634 0.000559346
internal_weight=7514.7 7456.56 6884.73 6703.23 6500.77 6404.58
internal_count=31050 30893 26726 26571 25748 25475
is_linear=0
shrinkage=0.05


Tree=59
num_leaves=7
num_cat=0
split_feature=22 27 15 21 24 8
split_gain=107.959 87.3527 85.4749 63.9142 81.9214 76.5931
threshold=35.665644235385699 2.5000000000000004 64.500000000000014 0.98679487179487191 13.500000000000002 15.500000000000002
decision_type=10 2 10 8 10 10
left_child=1 2 3 4 -1 -6
right_child=-2 -3 -4 -5 5 -7
leaf_value=-0.026463599509963517 0.047813266178957162 0.056182304859236858 0.0048817709259545931 0.027658382182200625 0.0014887964294273753 -0.012733315188987468
leaf_weight=487.32240452617407 108.30595713108778 60.357871532440186 2845.4938324540854 130.32517985254526 2144.4226176217198 1688.6068911254406
leaf_count=3993 307 38 9222 589 9730 7137
internal_value=-0.000621966 -0.00136704 -0.00188127 -0.00620577 -0.00725809 -0.00478505
internal_weight=7464.83 7356.53 7296.17 4450.68 4320.35 3833.03
internal_count=31016 30709 30671 21449 20860 16867
is_linear=0
shrinkage=0.05


Tree=60
num_leaves=7
num_cat=0
split_feature=15 1 31 4 12 4
split_gain=106.806 83.2282 75.9599 75.8056 103.584 82.7166
threshold=143.50000000000003 2181.5000000000005 1.5000000000000002 2364.5000000000005 23.500000000000004 1075.0000000000002
decision_type=8 10 2 10 10 10
left_child=2 -2 3 4 -1 -6
right_child=1 -3 -4 -5 5 -7
leaf_value=-0.032386430471286039 0.02380640928700611 0.00049478822825889239 -0.027217535272102158 -5.3839055018396974e-06 0.029652665661240168 -0.024922858315191448
leaf_weight=437.37984500080347 702.83948227018118 834.48871291428804 316.26948527991772 4921.8017134740949 158.77511613070965 115.73678390681744
leaf_count=3482 2050 2433 101 21400 824 702
internal_value=-0.000531752 0.0111951 -0.00356854 -0.00221795 -0.0174083 0.00660889
internal_weight=7487.29 1537.33 5949.96 5633.69 711.892 274.512
internal_count=30992 4483 26509 26408 5008 1526
is_linear=0
shrinkage=0.05


Tree=61
num_leaves=7
num_cat=0
split_feature=37 23 34 36 36 19
split_gain=82.7825 94.5254 79.3061 78.7523 105.857 96.1062
threshold=0.7386128364389235 5.0353701788701182 10765.585138888891 167.95194444444448 133.43680555555559 147.50000000000003
decision_type=2 8 8 10 10 10
left_child=1 2 -1 4 -2 -5
right_child=3 -3 -4 5 -6 -7
leaf_value=-0.0026576047997242209 0.0077720822149995768 0.018345747403600093 -0.025150067638002857 0.028178394195110548 -0.043457994193220571 -0.029105166574059638
leaf_weight=5199.0792463943362 546.93287465721369 494.30997502058744 419.03240332752466 666.96477357298136 118.38147424906492 78.099903345108032
leaf_count=21254 1553 1950 3668 1872 611 202
internal_value=1.45319e-05 -0.00250671 -0.0043561 0.0109116 -0.00159961 0.0220198
internal_weight=7522.8 6112.42 5618.11 1410.38 665.314 745.065
internal_count=31110 26872 24922 4238 2164 2074
is_linear=0
shrinkage=0.05


Tree=62
num_leaves=7
num_cat=0
split_feature=22 24 27 11 16 12
split_gain=88.3567 112.111 79.4628 70.3652 83.5284 76.703
threshold=24.457002346748819 14.500000000000002 2.5000000000000004 225.50000000000003 38.500000000000007 788.50000000000011
decision_type=8 10 2 10 10 10
left_child=1 -1 3 5 -5 -3
right_child=-2 2 -4 4 -6 -7
leaf_value=-0.019310007931655181 0.039969769864327265 0.00085092803885743131 0.055904675362017986 0.058670343199002134 0.0087112761961917595 -0.018551395384642292
leaf_weight=709.6728278324008 132.4343061670661 5111.8969660550356 61.524859271943569 88.727918639779091 809.25767503678799 560.71716337651014
leaf_count=5149 419 20777 40 329 2447 1904
internal_value=0.000249153 -0.000494058 0.00153238 0.000981133 0.0139452 -0.00108157
internal_weight=7474.23 7341.8 6632.12 6570.6 897.986 5672.61
internal_count=31065 30646 25497 25457 2776 22681
is_linear=0
shrinkage=0.05


Tree=63
num_leaves=7
num_cat=0
split_feature=15 4 12 36 36 36
split_gain=83.794 66.8857 72.3955 66.5647 56.4923 57.0702
threshold=1.0000000180025095e-35 141674.50000000003 16.500000000000004 6527.2881944444453 1.7748611111111112 21.719305555555561
decision_type=8 10 10 8 8 8
left_child=1 2 -1 -4 -2 -6
right_child=4 -3 3 -5 5 -7
leaf_value=-0.035182561463572869 -0.023294504736424526 0.03551715924878094 -0.014564065870616209 0.054805535713081048 0.021909724265130527 0.0015280573063212119
leaf_weight=369.46222601085901 211.96802229434252 49.182113960385323 121.79158419370651 42.589467391371727 358.09939500689507 6371.9004188999534
leaf_count=3056 838 191 706 301 857 25318
internal_value=0.000286446 -0.017837 -0.0230363 0.00449617 0.00182029 0.00262801
internal_weight=7524.99 583.025 533.843 164.381 6941.97 6730
internal_count=31267 4254 4063 1007 27013 26175
is_linear=0
shrinkage=0.05


Tree=64
num_leaves=7
num_cat=0
split_feature=36 36 19 36 21 19
split_gain=94.1177 75.1566 122.272 81.7534 74.5425 64.7647
threshold=4917.4005555555568 3806.3420833333334 4.5000000000000009 3634.8136111111112 0.06277844413982181 13.500000000000002
decision_type=10 10 10 10 10 10
left_child=1 3 -3 4 -1 -2
right_child=5 2 -4 -5 -6 -7
leaf_value=0.057901928088417966 -0.0070903592721719968 -0.022862867883369806 0.068919749109765879 -0.051951833730376797 0.00094363265090798053 -0.041048481660413125
leaf_weight=52.950939647853374 425.0984827503562 53.701672248542309 95.370995737612247 67.475821025669575 6578.4907667711377 206.70016592741013
leaf_count=126 2918 270 306 749 25222 1504
internal_value=-4.82915e-05 0.00166031 0.0361872 0.000865556 0.00144172 -0.0184352
internal_weight=7479.79 6847.99 149.073 6698.92 6631.44 631.799
internal_count=31095 26673 576 26097 25348 4422
is_linear=0
shrinkage=0.05


Tree=65
num_leaves=7
num_cat=0
split_feature=15 36 19 8 36 35
split_gain=92.1766 59.6169 57.8159 100.747 56.0857 74.9842
threshold=1.0000000180025095e-35 5118.1291666666675 13.500000000000002 8.5000000000000018 1.4283333333333335 14.189861111111112
decision_type=10 10 10 10 8 8
left_child=-1 4 3 -3 -2 -6
right_child=1 2 -4 -5 5 -7
leaf_value=-0.01947716545177669 -0.032087028028857767 -0.016493632661010595 -0.038267151484461893 0.05150585539398897 0.036816729351543058 0.0025595898435393019
leaf_weight=559.89521242678165 108.01830963790417 260.06958997249603 170.08938289433718 63.569724820554256 159.06857016682625 6120.4510420933366
leaf_count=4223 453 1729 1259 361 92 23088
internal_value=-6.04686e-05 0.00153237 -0.0151192 -0.00255666 0.00283028 0.00345597
internal_weight=7441.16 6881.27 493.729 323.639 6387.54 6279.52
internal_count=31205 26982 3349 2090 23633 23180
is_linear=0
shrinkage=0.05


Tree=66
num_leaves=7
num_cat=0
split_feature=37 21 35 19 35 37
split_gain=75.8903 69.9168 57.5912 91.1224 71.8357 57.5008
threshold=0.25833333333333336 0.06277844413982181 8988.4988888888893 13.500000000000002 7064.2965277777794 0.17424242424242428
decision_type=2 10 10 10 10 2
left_child=5 -2 4 -4 -3 -1
right_child=1 2 3 -5 -6 -7
leaf_value=0.0016693980842703916 0.055535830333775606 0.0010229725610168237 0.058067040060964074 -0.017892822979449153 -0.033206032904992959 -0.022235703963774538
leaf_weight=408.86319148540497 54.177845224738121 6013.5294585824013 100.68645167350769 59.982033543288708 152.28817439824343 646.09691109508276
leaf_count=2266 123 22293 562 459 900 4623
internal_value=-0.000617172 0.00143987 0.000933124 0.0300249 0.000151337 -0.0130068
internal_weight=7435.62 6380.66 6326.49 160.668 6165.82 1054.96
internal_count=31226 24337 24214 1021 23193 6889
is_linear=0
shrinkage=0.05


Tree=67
num_leaves=7
num_cat=0
split_feature=14 31 35 2 35 21
split_gain=108.36 77.8191 78.449 59.0453 62.3118 73.4713
threshold=29.500000000000004 1.5000000000000002 15925.140833333337 3489.5000000000005 409.50986111111115 0.28454929401407986
decision_type=8 2 10 10 8 10
left_child=1 2 -1 4 -2 -6
right_child=3 -3 -4 -5 5 -7
leaf_value=-0.00087529021882434821 0.041063607898414262 -0.032161294552895701 -0.042385539783667651 0.0041911019628776188 0.031024499918410248 -0.0052016354409475871
leaf_weight=4596.5991390421987 250.14724454283714 217.6031094789505 111.71732541173697 1723.142197214067 248.80130000412464 309.36040684580803
leaf_count=21809 435 70 1301 5480 786 1246
internal_value=0.00104858 -0.00327202 -0.00190415 0.00944586 0.0205532 0.0110783
internal_weight=7457.37 4925.92 4708.32 2531.45 808.309 558.162
internal_count=31127 23180 23110 7947 2467 2032
is_linear=0
shrinkage=0.05


Tree=68
num_leaves=7
num_cat=0
split_feature=15 27 36 36 36 36
split_gain=70.9586 62.4575 64.9892 79.5512 57.8835 105.009
threshold=1.0000000180025095e-35 2.5000000000000004 1.7748611111111112 5.0402777777777787 47.087083333333339 237.7490277777778
decision_type=8 2 8 8 8 8
left_child=-1 2 -2 -4 -5 -6
right_child=1 -3 3 4 5 -7
leaf_value=-0.017223107356300327 -0.026433294248768266 0.0452768780333992 0.043013101311041496 -0.011776026844068402 0.021805539786571626 0.00036406545322591622
leaf_weight=547.28940604254603 206.03408513218164 75.165670409798622 109.79591250419617 773.27754373848438 637.52910309284925 5133.0378710627556
leaf_count=4268 827 52 297 2244 1779 21848
internal_value=2.58006e-05 0.00139849 0.000885062 0.00175021 0.00102556 0.00274973
internal_weight=7482.13 6934.84 6859.67 6653.64 6543.84 5770.57
internal_count=31315 27047 26995 26168 25871 23627
is_linear=0
shrinkage=0.05


Tree=69
num_leaves=7
num_cat=0
split_feature=23 16 19 24 31 4
split_gain=85.6028 90.648 109.762 82.4807 105.167 97.2258
threshold=5.0353701788701182 973.50000000000011 13.500000000000002 872.50000000000011 1.5000000000000002 28825.500000000004
decision_type=10 10 10 10 2 10
left_child=1 3 -3 4 -1 -5
right_child=-2 2 -4 5 -6 -7
leaf_value=-0.0031835338614071801 0.019926551674098136 0.058679185860301922 0.0068497676920033449 0.037158113635196076 -0.035343999707558083 -0.0015260603068002988
leaf_weight=5304.4322867020965 529.52695252001286 120.88448942452669 551.31702402234077 263.05502067506313 262.10140982270241 411.23646005988121
leaf_count=24932 2023 337 1654 742 84 1219
internal_value=0.000648636 -0.000841357 0.0165349 -0.0027247 -0.00472818 0.0137279
internal_weight=7442.55 6913.03 672.202 6240.83 5566.53 674.291
internal_count=30991 28968 1991 26977 25016 1961
is_linear=0
shrinkage=0.05


Tree=70
num_leaves=7
num_cat=0
split_feature=28 24 4 4 40 31
split_gain=68.2028 60.606 107.353 100.118 123.092 97.6746
threshold=2.5000000000000004 872.50000000000011 28825.500000000004 97375.000000000015 16.500000000000004 1.5000000000000002
decision_type=2 8 10 10 2 2
left_child=1 5 -3 4 -4 -1
right_child=-2 2 3 -5 -6 -7
leaf_value=-0.0015717330474761507 0.029761299422931604 0.035889167068293974 -0.068499604551026633 0.041128217618674544 0.00052350756488961814 -0.030013958188351255
leaf_weight=6165.5534232929349 174.91683359444141 284.87172503769398 77.960777044296265 96.951668545603752 291.39578874409199 312.43798349052668
leaf_count=28533 163 810 23 307 1111 103
internal_value=-0.000648223 -0.00140407 0.0119928 -0.00283153 -0.0147656 -0.00296561
internal_weight=7404.09 7229.17 751.18 466.308 369.357 6477.99
internal_count=31050 30887 2251 1441 1134 28636
is_linear=0
shrinkage=0.05


Tree=71
num_leaves=7
num_cat=0
split_feature=27 23 21 2 36 35
split_gain=75.4809 65.9561 66.5163 59.8977 59.8644 96.6741
threshold=2.5000000000000004 5.936436594464511 0.22241354741587596 474.50000000000006 51.192083333333336 110.55194444444446
decision_type=2 8 10 10 10 10
left_child=1 4 -3 -4 -1 -6
right_child=-2 2 3 -5 5 -7
leaf_value=-0.0101261127158621 0.053780234418165054 0.066219888566993818 -0.031742901890959109 0.019795772173237761 0.049576215210262391 -0.00019622706111269747
leaf_weight=1664.3267796859145 59.099670968949795 57.498913690447807 64.975629009306431 290.07813630253077 94.452308803796768 5125.7669208906591
leaf_count=7865 47 192 412 1032 71 21382
internal_value=-0.000241004 -0.000715051 0.0185815 0.0100542 -0.00188403 0.000750911
internal_weight=7356.2 7297.1 412.553 355.054 6884.55 5220.22
internal_count=31001 30954 1636 1444 29318 21453
is_linear=0
shrinkage=0.05


Tree=72
num_leaves=7
num_cat=0
split_feature=21 10 25 4 29 36
split_gain=71.7188 99.7642 77.8964 69.6597 65.2137 57.8721
threshold=0.6002056202878685 188.50000000000003 0.26386813186813191 84834.000000000015 2.5000000000000004 1.7748611111111112
decision_type=10 8 10 10 2 8
left_child=1 4 3 -2 5 -1
right_child=2 -3 -4 -5 -6 -7
leaf_value=-0.028714832385177996 -0.0070777910451307368 0.031639990452721145 -0.01615741910420956 0.020705610770625466 0.034746713688541812 0.0018441755049338684
leaf_weight=155.27834685146809 612.16789273917675 292.62657278776169 1147.1415561363101 350.7473998516798 141.01571970432997 4639.6206335164607
leaf_count=645 2982 776 5723 1267 167 19404
internal_value=0.000386152 0.00352603 -0.00738413 0.00309715 0.00182895 0.000825669
internal_weight=7338.6 5228.54 2110.06 962.915 4935.91 4794.9
internal_count=30964 20992 9972 4249 20216 20049
is_linear=0
shrinkage=0.05


Tree=73
num_leaves=7
num_cat=0
split_feature=35 21 29 25 37 25
split_gain=73.115 63.6001 92.8924 77.7029 82.4146 60.6839
threshold=14.189861111111112 0.6002056202878685 2.5000000000000004 0.61376765969667857 0.39047619047619053 0.22239159891598917
decision_type=8 10 2 10 2 10
left_child=-1 2 3 -2 -5 -3
right_child=1 5 -4 4 -6 -7
leaf_value=0.032876940904306144 0.01071465393709314 0.0036864294721973344 0.047829308785194369 -0.016106219606071975 0.0019639562308347808 -0.014130060020541187
leaf_weight=166.35092716664076 1637.9922286011279 752.07494325935841 107.10374952107668 836.11165777593851 2522.3656474724412 1297.9417136088014
leaf_count=102 7279 3444 152 4695 8854 6540
internal_value=0.000600168 -0.000172841 0.00281535 0.00180359 -0.00255197 -0.00760079
internal_weight=7319.94 7153.59 5103.57 4996.47 3358.48 2050.02
internal_count=31066 30964 20980 20828 13549 9984
is_linear=0
shrinkage=0.05


Tree=74
num_leaves=7
num_cat=0
split_feature=38 21 40 25 24 11
split_gain=83.0951 88.6834 91.192 69.0797 63.2597 60.5144
threshold=3.5000000000000004 0.6002056202878685 10.500000000000002 0.57909117054932424 872.50000000000011 56.500000000000007
decision_type=2 10 2 10 10 10
left_child=1 2 -1 5 -5 -4
right_child=-2 -3 3 4 -6 -7
leaf_value=0.026237953205718298 0.033450885660536021 -0.0094025276075633806 0.0056349885222426316 -0.0058995523412646274 0.011252245669237635 0.033675763033617065
leaf_weight=381.06760108470917 177.87747197598219 2064.6232286766171 970.64310581982136 2812.6147558651865 659.51690420508385 235.91289555281401
leaf_count=128 129 9972 4903 12748 2223 832
internal_value=0.000171426 -0.000682354 0.00288167 0.000953374 -0.00263014 0.011234
internal_weight=7302.26 7124.38 5059.76 4678.69 3472.13 1206.56
internal_count=30935 30806 20834 20706 14971 5735
is_linear=0
shrinkage=0.05


Tree=75
num_leaves=7
num_cat=0
split_feature=36 36 36 16 34 8
split_gain=61.3104 109.539 107.72 79.8297 57.3022 117.361
threshold=9504.3365277777793 6841.5052777777792 5397.7402777777779 79.500000000000014 7823.1963888888904 44.500000000000007
decision_type=10 10 10 10 10 10
left_child=1 2 -1 -3 -4 -6
right_child=-2 3 4 -5 5 -7
leaf_value=0.0014517650716445426 -0.033445362815477324 0.10662007753750552 -0.042933415305610373 0.01573057390417398 0.094404970125775201 -0.046332679184922246
leaf_weight=6894.1780471093953 126.47215987741947 35.734612733125687 204.32947386056185 64.6205073595047 20.963339686393738 29.77813196182251
leaf_count=27613 1121 202 1372 368 209 326
internal_value=0.000394201 0.00100719 0.000261168 0.0516187 -0.0313281 0.0150643
internal_weight=7376.08 7249.6 7149.25 100.355 255.071 50.7415
internal_count=31211 30090 29520 570 1907 535
is_linear=0
shrinkage=0.05


Tree=76
num_leaves=7
num_cat=0
split_feature=27 37 14 12 2 4
split_gain=74.1497 63.5575 55.7336 95.2133 83.4344 65.9544
threshold=2.5000000000000004 0.93933823529411775 1.0000000180025095e-35 26.500000000000004 24498.500000000004 994.50000000000011
decision_type=2 2 8 10 10 10
left_child=1 2 3 4 -1 -5
right_child=-2 -3 -4 5 -6 -7
leaf_value=-0.023557582759808279 0.052371367417038107 0.054156769533379057 0.0016811626074265771 0.054302310664638864 0.053057545859930846 0.00035337683722405828
leaf_weight=789.22696303203702 63.126998126506805 48.708581492304802 5883.5627137571573 59.08159614354372 32.578784056007862 489.24248142540455
leaf_count=5727 53 119 22582 305 119 2328
internal_value=0.000449686 -3.46884e-05 -0.000435638 -0.00949859 -0.0202178 0.00660451
internal_weight=7365.53 7302.4 7253.69 1370.13 821.806 548.324
internal_count=31233 31180 31061 8479 5846 2633
is_linear=0
shrinkage=0.05


Tree=77
num_leaves=7
num_cat=0
split_feature=27 37 33 35 8 35
split_gain=69.1814 67.35 81.4834 65.0995 66.0601 65.2287
threshold=2.5000000000000004 0.25833333333333336 2.5000000000000004 9116.8369444444452 1.0000000180025095e-35 6954.3427777777788
decision_type=2 2 2 10 10 10
left_child=1 2 -1 5 -5 -3
right_child=-2 3 -4 4 -6 -7
leaf_value=-0.0082395026231831571 0.051997870763527125 0.0020753631026098271 -0.067860888098955879 0.083146918291157154 0.011427192425505836 -0.0292921917929253
leaf_weight=957.42619672045112 59.69028302282095 5922.1275244280696 56.157573044300079 42.734960943460464 104.21249479800463 165.5115860030055
leaf_count=6702 52 22194 98 240 715 1006
internal_value=0.00052058 6.11002e-05 -0.0118597 0.00200707 0.0343343 0.0011992
internal_weight=7307.86 7248.17 1013.58 6234.59 146.947 6087.64
internal_count=31007 30955 6800 24155 955 23200
is_linear=0
shrinkage=0.05


Tree=78
num_leaves=7
num_cat=0
split_feature=24 4 4 23 16 40
split_gain=56.5375 96.4838 100.682 78.2778 73.7938 68.0651
threshold=872.50000000000011 28119.500000000004 53731.500000000007 0.42620181554257824 291.50000000000006 10.500000000000002
decision_type=10 10 10 10 10 2
left_child=3 4 -3 -1 -2 -5
right_child=1 2 -4 5 -6 -7
leaf_value=-0.01800123250984375 -0.0033847606560498374 -0.01924457440151757 0.027043343136218534 0.01891305083090683 0.054014700555922938 -0.0012686616257397902
leaf_weight=645.39038235321641 78.821922391653061 284.55020911991596 192.68498340249062 447.37584882974625 183.67844313383102 5458.2133578285575
leaf_count=3363 273 883 604 153 511 25310
internal_value=-5.5033e-05 0.0129999 -0.000469082 -0.00153798 0.0370381 0.000274903
internal_weight=7290.72 739.736 477.235 6550.98 262.5 5905.59
internal_count=31097 2271 1487 28826 784 25463
is_linear=0
shrinkage=0.05


Tree=79
num_leaves=7
num_cat=0
split_feature=22 4 4 11 34 8
split_gain=60.4043 57.389 78.3617 89.1708 74.7562 62.2047
threshold=35.665644235385699 2183.5000000000005 1075.0000000000002 2.5000000000000004 440.29166666666669 15.500000000000002
decision_type=8 10 10 10 8 10
left_child=1 2 3 4 -1 -3
right_child=-2 5 -4 -5 -6 -7
leaf_value=0.030267804247989333 0.036864172527307539 0.0074796119054959549 -0.034634574273204904 0.034655026684802012 -0.032550567713455325 -0.0024928136188781327
leaf_weight=59.120021060109138 107.97428554669023 2562.4596624337137 266.87998190149665 123.06016135215759 181.43851692229509 3995.5471035540104
leaf_count=115 316 11732 2056 766 1658 14376
internal_value=0.000587451 1.73152e-05 -0.0143296 0.000841034 -0.0168103 0.00140652
internal_weight=7296.48 7188.51 630.499 363.619 240.559 6558.01
internal_count=31019 30703 4595 2539 1773 26108
is_linear=0
shrinkage=0.05


Tree=80
num_leaves=7
num_cat=0
split_feature=21 37 37 36 22 4
split_gain=71.1495 61.4009 115.584 87.0969 174.273 84.1441
threshold=0.6002056202878685 0.17424242424242428 0.25833333333333336 644.59027777777794 2.2625798910863035 134456.00000000003
decision_type=10 2 2 10 10 10
left_child=-1 -2 -3 -4 5 -5
right_child=1 2 3 4 -6 -7
leaf_value=0.0032770528459843823 0.02735605967358197 -0.048666761965162113 -0.013617224154953976 -0.01304803796883966 0.075373333717353178 0.031523673733616801
leaf_weight=5236.8469178751111 114.16541136801243 168.27754506468773 1223.6603122241795 394.88756450265646 81.139523394405842 139.03151458501816
leaf_count=21066 734 1447 5461 1697 261 441
internal_value=0.000147926 -0.00756698 -0.00961658 -0.00592046 0.00937859 -0.00125686
internal_weight=7358.01 2121.16 2007 1838.72 615.059 533.919
internal_count=31107 10041 9307 7860 2399 2138
is_linear=0
shrinkage=0.05


Tree=81
num_leaves=7
num_cat=0
split_feature=35 16 23 6 38 16
split_gain=66.2203 61.8957 87.1675 84.6745 78.3993 52.0466
threshold=15925.140833333337 958.50000000000011 1.1596068525254337 114.50000000000001 1.5000000000000002 1437.5000000000002
decision_type=10 8 10 10 2 10
left_child=1 3 -3 -1 5 -4
right_child=-2 2 4 -5 -6 -7
leaf_value=-0.00097336746858042245 -0.038324744247112151 0.029998488259629176 0.0055774246569548968 -0.046262536504820831 0.04256059895471178 -0.033913809250605172
leaf_weight=6328.6723978817463 110.08004799485207 383.42451520264149 168.65050152689219 99.922754965722561 71.052493311464787 157.80926774442196
leaf_count=27163 1389 1006 563 251 122 604
internal_value=-0.000695377 -9.46639e-05 0.0131512 -0.00171273 -0.00326976 -0.0137361
internal_weight=7319.61 7209.53 780.937 6428.6 397.512 326.46
internal_count=31098 29709 2295 27414 1289 1167
is_linear=0
shrinkage=0.05


Tree=82
num_leaves=7
num_cat=0
split_feature=23 34 4 20 40 40
split_gain=68.2339 64.1148 130.349 62.2805 71.9396 56.1946
threshold=5.936436594464511 10765.585138888891 138948.50000000003 0.0042441032121259591 12.500000000000002 1.5000000000000002
decision_type=10 8 8 10 2 2
left_child=1 3 -3 4 -1 -5
right_child=-2 2 -4 5 -6 -7
leaf_value=0.068660362211524203 0.018853626512525354 -0.027954027111298404 0.079491132699941167 -0.051378475768913905 0.0091733089683867907 -0.0010454027421775457
leaf_weight=58.630966067314148 428.12230696901679 391.2845066562295 25.600875653326511 50.96847403049469 263.2425773255527 6073.1802790574729
leaf_count=18 1696 3769 158 17 1190 24275
internal_value=-0.000394659 -0.00160826 -0.0204919 -0.000372053 0.0208937 -0.00150587
internal_weight=7291.03 6862.91 416.885 6446.02 321.874 6124.15
internal_count=31123 29427 3927 25500 1208 24292
is_linear=0
shrinkage=0.05


Tree=83
num_leaves=7
num_cat=0
split_feature=22 24 8 21 4 36
split_gain=48.5997 44.4706 66.1298 91.2566 123.003 75.3143
threshold=35.665644235385699 14.500000000000002 12.500000000000002 0.37211832882050772 62994.500000000007 1119.9545833333334
decision_type=8 10 10 8 10 8
left_child=1 -1 3 4 -3 -5
right_child=-2 2 -4 5 -6 -7
leaf_value=-0.012391516747446185 0.03248046869159596 -0.011070044644572037 -0.0029109966989525602 0.030385880979618887 0.038445281160660101 0.0063518780767974556
leaf_weight=693.35041233152151 109.15985111892223 858.51960612088442 4156.1657992489636 539.82812584936619 141.77707390487194 820.1817335523665
leaf_count=5281 311 3901 15209 1748 476 4311
internal_value=0.000112156 -0.000400085 0.000884322 0.00755937 -0.00389568 0.015968
internal_weight=7318.98 7209.82 6516.47 2360.31 1000.3 1360.01
internal_count=31237 30926 25645 10436 4377 6059
is_linear=0
shrinkage=0.05


Tree=84
num_leaves=7
num_cat=0
split_feature=27 35 40 23 40 37
split_gain=61.3318 55.0058 52.982 56.1885 71.1801 72.5874
threshold=2.5000000000000004 15925.140833333337 4.5000000000000009 5.0353701788701182 11.500000000000002 0.66333333333333344
decision_type=2 10 2 8 2 2
left_child=1 2 -1 -4 -5 -6
right_child=-2 -3 3 4 5 -7
leaf_value=-0.035812805210694479 0.050634309196820972 -0.036323819570667298 -0.0017816708687306611 0.058319796088620125 0.014513712292499962 -0.049568818548011429
leaf_weight=102.97514724731445 51.610208470374346 107.36237179860473 6395.7398386634886 76.630293011665344 378.86004808545113 45.018581598997116
leaf_count=33 48 1421 27610 26 1814 153
internal_value=-0.00120524 -0.00161705 -0.00105913 -0.000514614 0.0155339 0.0072092
internal_weight=7158.2 7106.59 6999.22 6896.25 500.509 423.879
internal_count=31105 31057 29636 29603 1993 1967
is_linear=0
shrinkage=0.05


Tree=85
num_leaves=7
num_cat=0
split_feature=18 12 23 8 19 34
split_gain=62.0387 64.4578 79.2251 63.1367 107.504 84.3009
threshold=29.500000000000004 11.500000000000002 0.66745218915352 292.50000000000006 160.50000000000003 14.850416666666669
decision_type=8 10 10 10 10 10
left_child=3 -2 -3 -1 5 -5
right_child=1 2 -4 4 -6 -7
leaf_value=-0.00037215687730981226 0.028909474119332743 0.035585802505695208 -0.0067376997970338198 -0.089982382357978119 0.012802982373780254 -0.022968594828993216
leaf_weight=5902.0828373916447 348.1698254942894 135.68465033173561 511.88616348057985 60.110229000449181 146.7049755230546 188.70055191963911
leaf_count=26993 996 358 1440 60 386 852
internal_value=0.000160285 0.011725 0.002335 -0.00167612 -0.0208869 -0.0406122
internal_weight=7293.34 995.741 647.571 6297.6 395.516 248.811
internal_count=31085 2794 1798 28291 1298 912
is_linear=0
shrinkage=0.05


Tree=86
num_leaves=7
num_cat=0
split_feature=16 6 19 19 37 37
split_gain=43.6523 110.489 80.1617 72.6236 57.09 72.3695
threshold=973.50000000000011 115.50000000000001 23.500000000000004 96.500000000000014 0.84495192307692324 0.73385416666666681
decision_type=10 10 10 10 2 2
left_child=1 4 -2 -4 5 -1
right_child=2 -3 3 -5 -6 -7
leaf_value=-0.0012822218950800919 0.041382965659915505 -0.054228487762969284 -0.027466532112978084 0.013366404423591993 -0.02241226059272361 0.014690800855690793
leaf_weight=5329.9920022003353 170.68484767526388 90.889016844332218 143.27773897349834 405.22803129255772 270.78262893855572 812.84603282809258
leaf_count=25034 518 230 538 1177 909 2641
internal_value=0.000342288 -0.000953476 0.0119871 0.00254848 -0.000156847 0.000841624
internal_weight=7223.7 6504.51 719.191 548.506 6413.62 6142.84
internal_count=31047 28814 2233 1715 28584 27675
is_linear=0
shrinkage=0.05


Tree=87
num_leaves=7
num_cat=0
split_feature=20 40 40 0 25 23
split_gain=64.2127 109.418 61.319 58.1992 59.941 60.5982
threshold=0.0068104514533085967 12.500000000000002 4.5000000000000009 25.500000000000004 0.26386813186813191 3.303024865380324
decision_type=10 2 2 10 10 10
left_child=1 -1 -2 -4 5 -5
right_child=2 -3 3 4 -6 -7
leaf_value=0.071791923438625546 -0.036450002257330069 0.0072592551792071934 -0.0064551345341561225 0.0059182656227709232 0.00050820035082016371 0.037087387027978397
leaf_weight=73.581103801727295 115.20448786020279 409.53146049380302 2482.591841891408 459.85136343538761 3428.8097100816667 232.85158650949597
leaf_count=25 42 2090 13653 1830 12667 701
internal_value=0.000212136 0.0177227 -0.0010591 -0.00041462 0.00322729 0.0165864
internal_weight=7202.42 483.113 6719.31 6604.1 4121.51 692.703
internal_count=31008 2115 28893 28851 15198 2531
is_linear=0
shrinkage=0.05


Tree=88
num_leaves=7
num_cat=0
split_feature=16 31 38 40 40 4
split_gain=54.7265 115.256 86.9105 72.1456 105.054 70.4277
threshold=582.50000000000011 1.5000000000000002 2.5000000000000004 12.500000000000002 14.500000000000002 132140.00000000003
decision_type=8 2 2 2 2 10
left_child=1 3 5 -1 -5 -2
right_child=2 -3 -4 4 -6 -7
leaf_value=0.01643951772419543 0.011843775435434155 -0.030657924392754912 0.04522804827725653 -0.04368764687633156 -0.0011325272377226739 -0.011547311755386853
leaf_weight=559.02862668037415 1021.6917780339718 331.18420046567917 139.0220390111208 144.7524716258049 4607.8491875678301 464.10006516426802
leaf_count=177 3280 108 176 44 25690 1559
internal_value=6.27058e-05 -0.00226652 0.00813399 -0.000469123 -0.0024732 0.00452314
internal_weight=7267.63 5642.81 1624.81 5311.63 4752.6 1485.79
internal_count=31034 26019 5015 25911 25734 4839
is_linear=0
shrinkage=0.05


Tree=89
num_leaves=7
num_cat=0
split_feature=36 36 12 36 34 8
split_gain=56.5448 102.257 119.091 72.4101 63.5764 108.693
threshold=9504.3365277777793 7084.3868055555567 53.500000000000007 5397.7402777777779 7823.1963888888904 44.500000000000007
decision_type=10 10 10 10 10 10
left_child=1 3 -3 -1 -5 -6
right_child=-2 2 -4 4 5 -7
leaf_value=0.00075727808504080253 -0.034060053874767737 0.10745356641358744 -0.0022420082532440357 -0.038751381420084031 0.097253043853239754 -0.042537266372675409
leaf_weight=6829.3960498794913 115.38225817680359 43.026467315852642 50.621997684240341 199.08400036022067 21.068790309131145 25.431473262608051
leaf_count=27484 1134 223 270 1467 207 324
internal_value=-7.63501e-05 0.000493991 0.051049 -0.000210763 -0.0266088 0.024093
internal_weight=7284.01 7168.63 93.6485 7074.98 245.584 46.5003
internal_count=31109 29975 493 29482 1998 531
is_linear=0
shrinkage=0.05


Tree=90
num_leaves=7
num_cat=0
split_feature=35 21 34 24 35 12
split_gain=53.4654 52.7165 42.2335 96.8229 124.662 39.1191
threshold=15925.140833333337 0.06277844413982181 8051.884027777779 10.500000000000002 10117.123888888891 74.500000000000014
decision_type=10 10 10 10 8 10
left_child=1 -1 5 -4 -5 -3
right_child=-2 2 3 4 -6 -7
leaf_value=0.048540034994148523 -0.035512719424121514 0.0028754025332680027 -0.04043039078484062 -0.014766727312759824 0.11032405889284634 -0.0046342851310719017
leaf_weight=50.925774268805981 101.44803157448769 3653.7909035980701 30.407359603792429 31.998838104307652 43.504403911530972 3291.7967526838183
leaf_count=123 1417 16570 365 196 342 12103
internal_value=-0.000339873 0.00018715 -0.0001962 0.0304147 0.0596852 -0.000684518
internal_weight=7203.87 7102.42 7051.5 105.911 75.5032 6945.59
internal_count=31116 29699 29576 903 538 28673
is_linear=0
shrinkage=0.05


Tree=91
num_leaves=7
num_cat=0
split_feature=12 12 27 12 37 4
split_gain=58.2278 65.487 54.7863 50.0106 44.0232 44.5871
threshold=5565.5000000000009 7584.0000000000009 2.5000000000000004 18389.500000000004 0.92724867724867732 202207.00000000003
decision_type=10 10 2 10 2 10
left_child=2 -2 4 -3 5 -1
right_child=1 3 -4 -5 -6 -7
leaf_value=-0.0030441998010995292 0.0627847101897471 -0.015646845061177809 0.050479052407429864 0.028637783993007589 0.044990166239721879 0.012567996390611381
leaf_weight=6278.6664816588163 66.726464718580246 114.06478762626648 45.950217422097921 133.03105887770653 45.414684005081654 488.30407158285379
leaf_count=28221 167 367 45 401 135 1724
internal_value=-0.000208379 0.02068 -0.00117855 0.00829016 -0.00156376 -0.00190918
internal_weight=7172.16 313.822 6858.34 247.096 6812.39 6766.97
internal_count=31060 935 30125 768 30080 29945
is_linear=0
shrinkage=0.05


Tree=92
num_leaves=7
num_cat=0
split_feature=34 8 15 1 4 12
split_gain=54.6495 72.8389 60.0036 99.9509 50.584 108.802
threshold=14.850416666666669 2.5000000000000004 44.500000000000007 1180.5000000000002 2039.5000000000002 32.500000000000007
decision_type=8 8 10 10 10 10
left_child=1 -1 -3 -4 5 -2
right_child=4 2 3 -5 -6 -7
leaf_value=-0.011557947753233773 -0.031662692193351882 0.028782757326558824 0.027782948846524269 -0.0051304618961769107 0.00023571935163280817 0.017473367114977056
leaf_weight=351.39111737906933 351.21373300626874 448.52883763611317 356.13354066759348 635.08880750089884 4919.47554692626 160.93028943240643
leaf_count=166 3310 234 208 413 25646 1087
internal_value=0.00117125 0.00873208 0.013707 0.006775 -0.00132776 -0.0162031
internal_weight=7222.76 1791.14 1439.75 991.222 5431.62 512.144
internal_count=31064 1021 855 621 30043 4397
is_linear=0
shrinkage=0.05


Tree=93
num_leaves=7
num_cat=0
split_feature=21 4 16 10 23 24
split_gain=45.389 43.342 66.5668 114.26 113.014 99.5309
threshold=0.06277844413982181 2183.5000000000005 36.500000000000007 67.500000000000014 0.96479764726789441 11.500000000000002
decision_type=10 10 10 10 10 10
left_child=-1 -2 3 5 -5 -3
right_child=1 2 -4 4 -6 -7
leaf_value=0.043349416026300581 -0.013184679570078664 -0.027281620567752435 -0.0013722249087509573 0.082958060140635059 -0.0083744970488517142 0.015539115798222045
leaf_weight=54.277551848441362 617.92382100969553 174.44710477441549 5644.727000657469 97.18033504486084 49.389484524726868 552.89508267492056
leaf_count=162 4706 1669 21374 359 221 2580
internal_value=-0.000222533 -0.00058404 0.000619607 0.0134198 0.0529208 0.00515277
internal_weight=7190.84 7136.56 6518.64 873.912 146.57 727.342
internal_count=31071 30909 26203 4829 580 4249
is_linear=0
shrinkage=0.05


Tree=94
num_leaves=7
num_cat=0
split_feature=24 8 0 35 25 25
split_gain=53.0238 83.3025 99.5523 79.3775 70.9338 69.8726
threshold=706.50000000000011 13.500000000000002 67.500000000000014 14711.324027777779 0.18910678971654585 0.84356132611216739
decision_type=8 10 10 10 10 10
left_child=1 2 3 5 -3 -1
right_child=-2 4 -4 -5 -6 -7
leaf_value=0.0055039628138148873 0.0092946824083096659 0.010130454085359147 0.029960378592549686 -0.050049189793319286 -0.010965137923516003 -0.018986979980662844
leaf_weight=2110.4251540601254 1185.2508499920368 463.67754912376404 320.81729727983475 70.10448918864131 2686.7106326408684 332.77547181397676
leaf_count=10814 3526 1707 1010 1053 11382 1577
internal_value=-0.000344469 -0.0022597 0.00395635 0.00058411 -0.00784913 0.00213622
internal_weight=7169.76 5984.51 2834.12 2513.31 3150.39 2443.2
internal_count=31069 27543 14454 13444 13089 12391
is_linear=0
shrinkage=0.05


Tree=95
num_leaves=7
num_cat=0
split_feature=28 12 4 38 17 36
split_gain=55.7783 39.936 66.4028 48.1433 41.6062 38.012
threshold=2.5000000000000004 5565.5000000000009 132140.00000000003 1.0000000180025095e-35 36.500000000000007 1.7748611111111112
decision_type=2 10 10 2 10 8
left_child=1 4 3 -3 5 -1
right_child=-2 2 -4 -5 -6 -7
leaf_value=-0.022908440449806999 0.031209241417610126 0.011421279463313141 -0.019785065149447518 0.060542485097084132 -0.043046923733021068 -0.00018985236210701962
leaf_weight=184.4250593483448 137.18602917343378 119.4073993563652 80.637996941804886 84.493096798658371 53.862081974744797 6576.0969288721681
leaf_count=800 156 527 292 63 98 29215
internal_value=0.000201556 -0.000419209 0.0177685 0.0327382 -0.00119112 -0.000826081
internal_weight=7236.11 7098.92 284.538 203.9 6814.38 6760.52
internal_count=31151 30995 882 590 30113 30015
is_linear=0
shrinkage=0.05


Tree=96
num_leaves=7
num_cat=0
split_feature=15 4 36 4 31 23
split_gain=60.9009 65.0659 148.798 65.2434 68.9761 57.5448
threshold=150.50000000000003 202207.00000000003 1128.0269444444446 174359.50000000003 1.5000000000000002 1.2059731417392985
decision_type=8 10 8 10 2 10
left_child=1 3 -3 4 -1 -2
right_child=5 2 -4 -5 -6 -7
leaf_value=-0.0008623205613870901 0.019010563465307845 -0.0015972476414788574 0.07379508322615598 -0.043460824912848188 -0.02634286878305744 -0.0010605684129091734
leaf_weight=5047.963760111481 776.62447702139616 224.0604745298624 87.330745942890644 92.60729493200779 275.37233752012253 656.59382997453213
leaf_count=25271 2247 794 318 352 95 2083
internal_value=0.000644747 -0.00166381 0.0203788 -0.00294878 -0.00220389 0.00984375
internal_weight=7160.55 5727.33 311.391 5415.94 5323.34 1433.22
internal_count=31160 26830 1112 25718 25366 4330
is_linear=0
shrinkage=0.05


Tree=97
num_leaves=7
num_cat=0
split_feature=27 37 24 23 23 4
split_gain=54.6271 40.9092 42.6319 73.3161 60.8242 57.7534
threshold=2.5000000000000004 0.92724867724867732 872.50000000000011 0.54311328032006434 0.42620181554257824 97375.000000000015
decision_type=2 2 8 10 10 10
left_child=1 2 4 -4 -1 -5
right_child=-2 -3 3 5 -6 -7
leaf_value=-0.016354287530234053 0.049860466339901183 0.04426623264899851 0.039389254706676272 -0.0051697179096793734 -0.0001357500838094164 0.036496370099529461
leaf_weight=637.94762236624956 50.060442145913839 46.506431192159653 168.15177954733372 468.23515455424786 5731.2961738407612 95.919372662901878
leaf_count=3390 55 145 522 1431 25123 287
internal_value=0.000248323 -0.000133739 -0.000455444 0.0109276 -0.00177176 0.00217287
internal_weight=7198.12 7148.06 7101.55 732.306 6369.24 564.155
internal_count=30953 30898 30753 2240 28513 1718
is_linear=0
shrinkage=0.05


Tree=98
num_leaves=7
num_cat=0
split_feature=15 21 25 4 8 36
split_gain=40.3953 40.7656 87.3898 79.9833 78.5128 69.2055
threshold=1568.0000000000002 0.6002056202878685 0.60741543340380566 202207.00000000003 72.500000000000014 813.90597222222243
decision_type=8 10 10 10 10 10
left_child=1 2 -1 -4 -5 -3
right_child=-2 5 3 4 -6 -7
leaf_value=0.011585784363344552 0.037758901223436947 -0.013134712485554513 -0.0039994799766509036 0.073099465155586837 -0.00034809045314944159 0.0059616731236097524
leaf_weight=1618.5391605645418 65.054667793214321 1324.7994398064911 3374.9280451126397 62.946293771266937 78.230858534574509 733.91264170408249
leaf_count=7121 196 5901 13512 196 282 4074
internal_value=-2.56497e-05 -0.000393353 0.00199039 -0.00243676 0.03378 -0.00632907
internal_weight=7258.41 7193.36 5134.64 3516.11 141.177 2058.71
internal_count=31282 31086 21111 13990 478 9975
is_linear=0
shrinkage=0.05


Tree=99
num_leaves=7
num_cat=0
split_feature=37 31 24 37 35 4
split_gain=44.7141 60.549 48.4622 51.9472 82.7581 49.0796
threshold=0.25833333333333336 1.5000000000000002 27.500000000000004 0.17424242424242428 6199.9002777777787 103992.50000000001
decision_type=2 2 10 2 10 10
left_child=1 2 3 4 -1 -4
right_child=-2 -3 5 -5 -6 -7
leaf_value=-0.052276133082857446 0.0015979557253238382 -0.064175091059004194 0.004365504003979402 -0.043846766281681014 0.048943158389278006 -0.033192500039123794
leaf_weight=29.770696304738522 6236.8902883753181 43.745351150631905 637.80246381089091 147.55124464631081 43.298358112573624 95.598312072455883
leaf_count=227 24379 17 3890 1710 400 594
internal_value=2.35359e-05 -0.00977683 -0.00696088 -0.0272258 0.00699633 -0.000721766
internal_weight=7234.66 997.766 954.021 220.62 73.0691 733.401
internal_count=31217 6838 6821 2337 627 4484
is_linear=0
shrinkage=0.05


Tree=100
num_leaves=7
num_cat=0
split_feature=36 36 36 35 34 19
split_gain=49.1371 98.5371 74.7354 67.5837 55.312 110.165
threshold=9504.3365277777793 6841.5052777777792 5397.7402777777779 9116.8369444444452 7823.1963888888904 22.500000000000004
decision_type=10 10 10 10 10 10
left_child=1 2 -1 -3 -4 -6
right_child=-2 3 4 -5 5 -7
leaf_value=0.0005389722593004293 -0.032495988620771722 0.0050858378022102099 -0.03929563924810954 0.086574686075596125 0.10359837179766614 -0.03928700369907516
leaf_weight=6712.6796557307243 111.2873766720295 48.499126702547073 192.29754010587931 50.107996210455894 17.639238968491554 28.912046570330858
leaf_count=27585 1153 264 1409 291 152 379
internal_value=-0.000258851 0.000272687 -0.000448385 0.0486747 -0.0276394 0.019652
internal_weight=7161.42 7050.14 6951.53 98.6071 238.849 46.5513
internal_count=31233 30080 29525 555 1940 531
is_linear=0
shrinkage=0.05


Tree=101
num_leaves=7
num_cat=0
split_feature=14 1 3 19 4 38
split_gain=47.3974 56.1236 69.4795 69.0683 113.564 68.4774
threshold=29.500000000000004 2010.5000000000002 15775.000000000002 27.500000000000004 598833.00000000012 1.0000000180025095e-35
decision_type=10 10 10 10 10 2
left_child=-1 5 -3 -4 -5 -2
right_child=1 2 3 4 -6 -7
leaf_value=-0.0023734051628282178 0.0049466032792225339 -0.024827867625498445 0.02071262818706552 0.0025069287173514602 -0.059957014771269683 0.03118552338162377
leaf_weight=4809.319882966578 667.63770442456007 237.78029177337885 412.69059199094772 588.95382950082421 77.968485653400421 393.46928820759058
leaf_count=23145 3208 574 1450 1988 322 383
internal_value=0.000481817 0.00624794 -0.00065169 0.00476292 -0.00518742 0.0147769
internal_weight=7187.82 2378.5 1317.39 1079.61 666.922 1061.11
internal_count=31070 7925 4334 3760 2310 3591
is_linear=0
shrinkage=0.05


Tree=102
num_leaves=7
num_cat=0
split_feature=13 23 12 8 12 36
split_gain=50.3196 55.6203 73.0659 84.7703 67.766 65.6828
threshold=12.500000000000002 0.84823303764424896 12.500000000000002 31.500000000000004 1442.5000000000002 1119.9545833333334
decision_type=8 10 10 10 10 10
left_child=-1 5 -3 -4 -5 -2
right_child=1 2 3 4 -6 -7
leaf_value=-0.0025890518567125661 0.034508308953596051 0.020025192907099077 0.016377981498731847 -0.027650137629498701 0.0082556490819426388 -0.0044773317455333314
leaf_weight=5409.225256126374 319.45531193912029 374.03126096352935 280.48075892031193 421.03994313254952 187.24761356413364 160.40249486640096
leaf_count=25607 948 1054 947 1361 503 606
internal_value=-0.000208056 0.00716884 0.00163499 -0.00617312 -0.0166202 0.0215648
internal_weight=7151.88 1742.66 1262.8 888.768 608.288 479.858
internal_count=31026 5419 3865 2811 1864 1554
is_linear=0
shrinkage=0.05


Tree=103
num_leaves=7
num_cat=0
split_feature=17 21 4 12 4 19
split_gain=63.4497 43.4534 52.1892 86.9053 88.9014 89.6855
threshold=51.500000000000007 0.06277844413982181 2364.5000000000005 25.500000000000004 1075.0000000000002 1.5000000000000002
decision_type=10 10 10 10 10 10
left_child=1 -1 3 -3 5 -5
right_child=-2 2 -4 4 -6 -7
leaf_value=0.044518792183815437 -0.054385440206338669 -0.028255608037446218 0.0011048723997797564 0.0027636607603034537 -0.022459979970314417 0.082774914939355307
leaf_weight=49.573995307087898 48.888071365654469 396.34047252312303 6447.3484693430364 87.617849387228489 120.23639451339841 53.749375447630882
leaf_count=151 75 3538 25943 496 721 280
internal_value=-0.000333778 7.32699e-05 -0.000267917 -0.0136271 0.00865004 0.0349733
internal_weight=7203.75 7154.87 7105.29 657.944 261.604 141.367
internal_count=31204 31129 30978 5035 1497 776
is_linear=0
shrinkage=0.05


Tree=104
num_leaves=7
num_cat=0
split_feature=8 35 25 24 35 12
split_gain=59.3993 85.7284 82.6825 128.691 111.965 81.9641
threshold=14.500000000000002 14711.324027777779 0.82314018855130489 135.50000000000003 11053.123888888891 189.50000000000003
decision_type=10 10 10 8 8 10
left_child=1 2 3 -1 -4 -5
right_child=-2 -3 4 5 -6 -7
leaf_value=0.0050807580684359768 -0.0037616425178233688 -0.049344289633639328 -0.021394889862959673 0.046180276131026023 0.056527069132787149 -0.0069338111737710338
leaf_weight=2024.3192731589079 4186.9864129424095 64.723974477499723 405.58970746397972 339.94559190422297 47.099138811230659 90.493108838796616
leaf_count=10389 16045 1067 1902 1051 246 340
internal_value=7.38799e-05 0.00547434 0.0067773 0.0103986 -0.0127587 0.0350625
internal_weight=7159.16 2972.17 2907.45 2454.76 452.689 430.439
internal_count=31040 14995 13928 11780 2148 1391
is_linear=0
shrinkage=0.05


Tree=105
num_leaves=7
num_cat=0
split_feature=11 12 21 16 8 23
split_gain=49.2365 112.232 110.044 102.685 87.4242 69.9399
threshold=206.50000000000003 952.50000000000011 0.1972920063116681 36.500000000000007 9.5000000000000018 0.88873643506832523
decision_type=8 10 10 10 10 10
left_child=1 -1 -3 5 -5 -2
right_child=3 2 -4 4 -6 -7
leaf_value=-0.00028271874890319797 0.074551368549050409 -1.9618455762419179e-05 -0.049246379867740261 -0.026552925548665337 0.010544115044840057 0.0034807055132526285
leaf_weight=5532.5702301859856 87.536583088338375 214.31230397522449 236.42120761424303 192.72610954195261 803.02975957095623 56.119858250021935
leaf_count=25733 319 629 876 856 2440 237
internal_value=-0.000431804 -0.00224755 -0.0260973 0.00907122 0.00326728 0.0478383
internal_weight=7122.72 5983.3 450.734 1139.41 995.756 143.656
internal_count=31090 27238 1505 3852 3296 556
is_linear=0
shrinkage=0.05


Tree=106
num_leaves=7
num_cat=0
split_feature=37 23 23 35 19 25
split_gain=45.0079 38.0073 66.8153 61.4638 79.6455 52.3686
threshold=0.92724867724867732 5.0353701788701182 3.533420079077497 562.75666666666677 28.500000000000004 0.50726750327460191
decision_type=2 10 10 8 10 10
left_child=1 2 -1 -4 -5 -3
right_child=-2 5 3 4 -6 -7
leaf_value=-0.00053730927069370001 0.045714638102537924 0.022217606483785811 -0.081936866893291549 -0.043515037942278741 0.028416008480417726 -0.013911460179387589
leaf_weight=6399.3442514911294 48.316891394555569 374.32671644538641 39.67827296257019 89.102175500243902 60.667054191231728 132.49129359796643
leaf_count=28001 150 1477 98 577 255 546
internal_value=-5.29291e-05 -0.00039655 -0.00141508 -0.0302892 -0.0144012 0.0127292
internal_weight=7143.93 7095.61 6588.79 189.448 149.769 506.818
internal_count=31104 30954 28931 930 832 2023
is_linear=0
shrinkage=0.05


end of trees

feature_importances:
ev_gap_last=63
ev_h_since_prev=57
n_dying_ch=53
n_rows_28d=51
ev_relapse_rate=45
act_share_7d=35
n_alarm_28d=34
n_undef_28d=29
rate_28d=29
ev_h_since_inc=25
n_bad_28d=24
n_alarm_7d=21
n_ch_bad_28d=18
ev_open_ch=17
ev_inc_24h=15
ev_inc_72h=12
ev_inc_168h=12
dying_share=11
hour=11
rate_7d=10
ev_fail_3h=10
n_rows_3d=8
ev_inc_672h=8
n_active_ch=6
n_undef_7d=6
n_alarm_3d=5
act_share_1d=5
n_rows_7d=4
n_rows_1d=3
n_undef_3d=3
ev_fail_168h=3
n_bad_3d=2
n_undef_1d=2
n_ch_bad_1d=2
n_bad_7d=1
n_alarm_1d=1
n_ch_bad_7d=1

parameters:
[boosting: gbdt]
[objective: binary]
[metric: average_precision]
[tree_learner: serial]
[device_type: cpu]
[data_sample_strategy: bagging]
[data: ]
[valid: ]
[num_iterations: 2000]
[learning_rate: 0.05]
[num_leaves: 7]
[num_threads: 6]
[seed: 47]
[deterministic: 1]
[force_col_wise: 1]
[force_row_wise: 0]
[histogram_pool_size: -1]
[max_depth: -1]
[min_data_in_leaf: 200]
[min_sum_hessian_in_leaf: 0.001]
[bagging_fraction: 0.8]
[pos_bagging_fraction: 1]
[neg_bagging_fraction: 1]
[bagging_freq: 1]
[bagging_seed: 21374]
[bagging_by_query: 0]
[feature_fraction: 0.8]
[feature_fraction_bynode: 1]
[feature_fraction_seed: 19300]
[extra_trees: 0]
[extra_seed: 32513]
[early_stopping_round: 0]
[early_stopping_min_delta: 0]
[first_metric_only: 1]
[max_delta_step: 0]
[lambda_l1: 0]
[lambda_l2: 5]
[linear_lambda: 0]
[min_gain_to_split: 0]
[drop_rate: 0.1]
[max_drop: 50]
[skip_drop: 0.5]
[xgboost_dart_mode: 0]
[uniform_drop: 0]
[drop_seed: 8886]
[top_rate: 0.2]
[other_rate: 0.1]
[min_data_per_group: 100]
[max_cat_threshold: 32]
[cat_l2: 10]
[cat_smooth: 10]
[max_cat_to_onehot: 4]
[top_k: 20]
[monotone_constraints: ]
[monotone_constraints_method: basic]
[monotone_penalty: 0]
[feature_contri: ]
[forcedsplits_filename: ]
[refit_decay_rate: 0.9]
[cegb_tradeoff: 1]
[cegb_penalty_split: 0]
[cegb_penalty_feature_lazy: ]
[cegb_penalty_feature_coupled: ]
[path_smooth: 0]
[interaction_constraints: ]
[verbosity: -1]
[saved_feature_importance_type: 0]
[use_quantized_grad: 0]
[num_grad_quant_bins: 4]
[quant_train_renew_leaf: 0]
[stochastic_rounding: 1]
[linear_tree: 0]
[max_bin: 255]
[max_bin_by_feature: ]
[min_data_in_bin: 3]
[bin_construct_sample_cnt: 200000]
[data_random_seed: 192]
[is_enable_sparse: 1]
[enable_bundle: 1]
[use_missing: 1]
[zero_as_missing: 0]
[feature_pre_filter: 1]
[pre_partition: 0]
[two_round: 0]
[header: 0]
[label_column: ]
[weight_column: ]
[group_column: ]
[ignore_column: ]
[categorical_feature: ]
[forcedbins_filename: ]
[precise_float_parser: 0]
[parser_config_file: ]
[objective_seed: 2120]
[num_class: 1]
[is_unbalance: 0]
[scale_pos_weight: 1]
[sigmoid: 1]
[boost_from_average: 1]
[reg_sqrt: 0]
[alpha: 0.9]
[fair_c: 1]
[poisson_max_delta_step: 0.7]
[tweedie_variance_power: 1.5]
[lambdarank_truncation_level: 30]
[lambdarank_norm: 1]
[label_gain: ]
[lambdarank_position_bias_regularization: 0]
[eval_at: ]
[multi_error_top_k: 1]
[auc_mu_weights: ]
[num_machines: 1]
[local_listen_port: 12400]
[time_out: 120]
[machine_list_filename: ]
[machines: ]
[gpu_platform_id: -1]
[gpu_device_id: -1]
[gpu_use_dp: 0]
[num_gpu: 1]

end of parameters

pandas_categorical:[]
