tree
version=v4
num_class=1
num_tree_per_iteration=1
label_index=0
max_feature_idx=41
objective=binary sigmoid:1
feature_names=n_active_ch n_rows_1d n_rows_3d n_rows_7d n_rows_28d n_bad_1d n_bad_3d n_bad_7d n_bad_28d n_undef_1d n_undef_3d n_undef_7d n_undef_28d n_alarm_1d n_alarm_3d n_alarm_7d n_alarm_28d n_ch_bad_1d n_ch_bad_7d n_ch_bad_28d act_share_1d act_share_7d rate_7d rate_28d n_dying_ch dying_share ev_inc_6h ev_inc_24h ev_inc_72h ev_inc_168h ev_inc_672h ev_fail_3h ev_fail_24h ev_fail_168h ev_h_since_inc ev_h_since_prev ev_gap_last ev_relapse_rate ev_open_ch is_rearm hour dow
feature_infos=[0:1459] [0:200094] [0:575548] [0:1039472] [0:3446064] [0:32012] [0:32027] [0:32027] [0:32057] [0:37262] [0:71955] [0:122355] [0:165289] [0:32013] [0:32065] [0:32176] [0:33059] [0:383] [0:947] [0:1109] [0:1] [0.0054644808743169399:1] [0:52] [0:13] [0:1420] [0:1] [0:3] [0:7] [0:11] [0:18] [0:25] [0:191] [0:561] [0:1165] [1:22977.983611111111] [2.0238888888888891:28233.218888888889] [1.0238888888888888:21790.846388888887] [0.090909090909090912:0.96551724137931039] [0:195] [0:1] [0:23] [0:6]
tree_sizes=888 901 899 898 904 903 904 901 898 898 901 901 901 901 901 905 899 905 897 897 905 906 899 901 902 903 897 906 895 900 906 903 897 900 901 903 899 910 913 910 914 905 901 907 911 899 907 907 904 906 912 904 905 907 908 902 908 905 904 899 907 897 904 896 919 911 905 909 902 904 904 907 907 903 898 910 911 907 914 892 906 907 897 909 902 898 903 907 899 894 904 908 896 900 911 908 905 901 911 898 906 905 909 906 910 902 906 902 901 904 908 901 913 906 905 909 902 901 901 917 900 902 911 907 905 907 904 901 908 908 904 900 909 904 910 900 905 904 905 903 899 900 905 899 902 907 902 909 903 912 918 906 903 902 898 906 904 898 909 897 903 905 902 901 903 908 905 898 906 900 903 906 908 900 906 903 910 902 909 906 900

Tree=0
num_leaves=7
num_cat=0
split_feature=35 35 24 16 12 2
split_gain=5111.31 1156.35 465.628 464.055 226.499 217.527
threshold=2665.1501388888896 228.41652777777782 102.50000000000001 350.50000000000006 21.500000000000004 3761.5000000000005
decision_type=8 10 10 10 10 10
left_child=1 -1 4 -3 -2 -5
right_child=2 3 -4 5 -6 -7
leaf_value=-0.45904772694322377 -0.60069960974855052 -0.53657185585533151 -0.55552644795088257 -0.47604771478624519 -0.57391797071532058 -0.51434973181212174
leaf_weight=1065.5969359874725 1903.2002353668213 1754.6906678676605 1462.3196849822998 616.11721551418304 1384.9273676872253 956.59692585468292
leaf_count=1127 7895 5814 5788 1783 5581 3150
internal_value=-0.543122 -0.50427 -0.579054 -0.518858 -0.589483 -0.499178
internal_weight=9143.45 4393 4750.45 3327.4 3288.13 1572.71
internal_count=31138 11874 19264 10747 13476 4933
is_linear=0
shrinkage=1


Tree=1
num_leaves=7
num_cat=0
split_feature=30 24 34 29 37 15
split_gain=3894.23 1399.92 603.416 500.704 489.334 249.748
threshold=1.5000000000000002 706.50000000000011 3107.2854166666671 2.5000000000000004 0.37797619047619052 61.500000000000007
decision_type=2 10 8 2 2 10
left_child=1 2 4 -2 -1 -6
right_child=3 -3 -4 -5 5 -7
leaf_value=-0.034389715904096639 0.046169645189850027 0.047539137366228612 -0.044320585646917682 0.10355742008230771 -0.010893538069601305 0.023029749379217104
leaf_weight=1556.4494411349297 1505.4379215240479 733.3778081536293 2500.3331732153893 512.99678799510002 1437.9378436356783 864.53318458795547
leaf_count=5838 3102 2578 10880 370 5236 3048
internal_value=-0.000213751 -0.0176576 -0.0252079 0.0609749 -0.0127827 0.0018663
internal_weight=9111.07 7092.63 6359.25 2018.43 3858.92 2302.47
internal_count=31052 27580 25002 3472 14122 8284
is_linear=0
shrinkage=0.05


Tree=2
num_leaves=7
num_cat=0
split_feature=35 30 24 24 16 35
split_gain=4105.34 927.266 387.941 322.804 325.334 245.264
threshold=2665.1501388888896 2.5000000000000004 102.50000000000001 729.50000000000011 717.50000000000011 205.22361111111113
decision_type=8 2 8 10 10 10
left_child=1 3 -2 4 -1 -3
right_child=2 5 -4 -5 -6 -7
leaf_value=0.0029760483983912456 -0.042456948310544376 0.088876215832806346 -0.011273194297671554 0.047367237093161721 0.051207898784361265 0.038336991485557866
leaf_weight=1981.9283063709736 3200.6285465210676 785.08934053778648 1454.4270093590021 846.17656235396862 419.69953103363514 361.77816390991211
leaf_count=6403 13422 719 5768 2460 1228 935
internal_value=-3.23853e-05 0.0346072 -0.0327364 0.0208986 0.0114937 0.0731693
internal_weight=9049.73 4394.67 4655.06 3247.8 2401.63 1146.87
internal_count=30935 11745 19190 10091 7631 1654
is_linear=0
shrinkage=0.05


Tree=3
num_leaves=7
num_cat=0
split_feature=35 16 30 24 36 35
split_gain=3634.85 705.311 544.051 299.156 225.675 219.587
threshold=1501.2641666666671 288.50000000000006 2.5000000000000004 147.50000000000003 4824.6498611111119 205.22361111111113
decision_type=8 8 2 10 10 10
left_child=2 3 -1 -2 -3 -4
right_child=1 4 5 -5 -6 -7
leaf_value=0.026746981047229907 -0.039994666774393332 0.013608281313697339 0.08381926217713738 -0.0060536426663491847 -0.048503974763324249 0.035964568276441747
leaf_weight=2139.3519773185253 3577.5428730398417 1275.1692986339331 803.97382618486881 795.31566376984119 160.17162108421326 357.15183062851429
leaf_count=5897 15000 4817 721 3134 682 932
internal_value=-5.8247e-05 -0.0238626 0.0418055 -0.0338356 0.00653278 0.0693169
internal_weight=9108.68 5808.2 3300.48 4372.86 1435.34 1161.13
internal_count=31183 23633 7550 18134 5499 1653
is_linear=0
shrinkage=0.05


Tree=4
num_leaves=7
num_cat=0
split_feature=35 30 24 37 16 12
split_gain=3353.81 795.769 383.189 324.958 195.405 186.013
threshold=2818.6045833333342 2.5000000000000004 102.50000000000001 0.44949494949494956 728.50000000000011 21.500000000000004
decision_type=8 2 8 2 10 10
left_child=1 3 5 -1 -5 -2
right_child=2 -3 -4 4 -6 -7
leaf_value=-0.009487540497057672 -0.051494609441465403 0.065924202288869999 -0.0093232886222746111 0.019188812645989425 0.052982110843919995 -0.026409866433811276
leaf_weight=831.03275042772293 1786.6872540712357 1137.8780024200678 1384.5708319097757 2016.0113848000765 542.55548675358295 1292.0699330717325
leaf_count=2564 7863 1657 5563 6339 1625 5468
internal_value=-0.000474684 0.0298298 -0.0312137 0.0176338 0.0264442 -0.0410271
internal_weight=8990.81 4527.48 4463.33 3389.6 2558.57 3078.76
internal_count=31079 12185 18894 10528 7964 13331
is_linear=0
shrinkage=0.05


Tree=5
num_leaves=7
num_cat=0
split_feature=35 38 24 15 24 37
split_gain=3131.38 722.478 292.231 265.292 225.749 150.823
threshold=2818.6045833333342 1.0000000180025095e-35 102.50000000000001 151.50000000000003 837.50000000000011 0.51389961389961403
decision_type=8 2 10 10 10 2
left_child=1 4 -2 -3 -1 -4
right_child=2 3 5 -5 -6 -7
leaf_value=0.0039258783087460468 -0.038902959486169369 0.036844297902796939 -0.021687713476178028 0.074734948172727467 0.041552789713565658 0.014583348812758641
leaf_weight=2084.749378234148 3049.9503525644541 1249.0334786772728 974.54200533032417 749.47331984341145 488.26120582222939 401.0849542170763
leaf_count=8813 13401 840 3998 466 2018 1556
internal_value=-0.000319767 0.0286878 -0.0302824 0.051205 0.0111328 -0.0110978
internal_weight=8997.09 4571.52 4425.58 1998.51 2573.01 1375.63
internal_count=31092 12137 18955 1306 10831 5554
is_linear=0
shrinkage=0.05


Tree=6
num_leaves=7
num_cat=0
split_feature=35 24 38 35 3 23
split_gain=3014.75 611.6 431.559 328.91 262.168 188.194
threshold=1332.7075000000002 635.50000000000011 1.0000000180025095e-35 5436.9231944444455 14088.000000000002 5.0353701788701182
decision_type=8 10 2 8 10 10
left_child=2 3 -1 4 -2 -5
right_child=1 -3 -4 5 -6 -7
leaf_value=0.019083204418671826 -0.025927909410939937 0.029870919589758013 0.056714439441410081 -0.041257380995680111 0.0083002648717332966 -0.0033363593241987665
leaf_weight=1368.4983014762402 1319.5814590901136 538.29587681591511 1734.8734522610903 2668.8264962732792 965.15743283927441 373.84785217046738
leaf_count=5685 5266 1976 1086 11939 3621 1538
internal_value=0.000361634 -0.02072 0.0401775 -0.0258551 -0.0114821 -0.0366112
internal_weight=8969.08 5865.71 3103.37 5327.41 2284.74 3042.67
internal_count=31111 24340 6771 22364 8887 13477
is_linear=0
shrinkage=0.05


Tree=7
num_leaves=7
num_cat=0
split_feature=35 29 16 24 24 35
split_gain=2529.05 640.675 408.224 368.704 214.876 185.576
threshold=2507.8823611111115 2.5000000000000004 558.50000000000011 108.50000000000001 747.50000000000011 1065.152638888889
decision_type=8 2 10 8 10 10
left_child=1 2 4 -2 5 -1
right_child=3 -3 -4 -5 -6 -7
leaf_value=0.016955863299402848 -0.035396029360380901 0.079460384751635096 0.043017209565955589 -0.0045248844501979239 0.035611012758079666 -0.013467517613765424
leaf_weight=946.25472703576088 3145.8563908934593 514.36189530789852 1301.5822127461433 1397.9203219562769 569.95269459486008 1054.5669853389263
leaf_count=2324 14056 378 3449 5680 1506 3700
internal_value=0.000216285 0.0272805 0.020256 -0.0259137 0.00867089 0.000927105
internal_weight=8930.5 4386.72 3872.36 4543.78 2570.77 2000.82
internal_count=31093 11357 10979 19736 7530 6024
is_linear=0
shrinkage=0.05


Tree=8
num_leaves=7
num_cat=0
split_feature=35 30 24 37 12 34
split_gain=2151.81 653.97 290.758 252.88 234.003 160.21
threshold=2665.1501388888896 2.5000000000000004 68.500000000000014 0.25833333333333336 20.500000000000004 38.665000000000006
decision_type=8 2 8 2 10 10
left_child=1 3 4 -1 -2 -3
right_child=2 5 -4 -5 -6 -7
leaf_value=-0.038075382550524853 -0.049365118709291181 0.064706210388221871 -0.010209731345846882 0.015940183302636132 -0.018378005432910641 0.021812183664080963
leaf_weight=228.30851235985756 1456.8986442834139 945.69444370269775 1842.2785128653049 3085.6139199584723 1059.9786631166935 291.13263264298439
leaf_count=717 6804 515 7757 9461 4639 1178
internal_value=-0.000251537 0.0237846 -0.0253426 0.0121671 -0.0363773 0.054738
internal_weight=8909.91 4550.75 4359.16 3313.92 2516.88 1236.83
internal_count=31071 11871 19200 10178 11443 1693
is_linear=0
shrinkage=0.05


Tree=9
num_leaves=7
num_cat=0
split_feature=35 16 29 16 4 24
split_gain=1886.12 556.225 310.828 218.684 245.076 213.096
threshold=1309.4962500000004 288.50000000000006 2.5000000000000004 706.50000000000011 95154.500000000015 147.50000000000003
decision_type=8 8 2 10 10 10
left_child=2 5 3 -1 -5 -2
right_child=1 -3 -4 4 -6 -7
leaf_value=0.014133171013184471 -0.03255906644636291 0.0078459221719415755 0.065291331373994302 0.068335436491860913 0.0068115277501310054 -0.0041612268513303722
leaf_weight=1811.6313070356846 3406.8532954454422 1560.595940977335 536.57445907592773 459.86705090105534 250.17893593013287 821.21088756620884
leaf_count=4589 15252 5897 364 1026 634 3312
internal_value=-0.000870019 -0.0176471 0.0308626 0.023422 0.0468572 -0.0270548
internal_weight=8846.91 5788.66 3058.25 2521.68 710.046 4228.06
internal_count=31074 24461 6613 6249 1660 18564
is_linear=0
shrinkage=0.05


Tree=10
num_leaves=7
num_cat=0
split_feature=35 30 24 24 12 37
split_gain=2013.38 462.652 237.182 231.756 204.528 161.523
threshold=2665.1501388888896 2.5000000000000004 872.50000000000011 102.50000000000001 21.500000000000004 0.25833333333333336
decision_type=8 2 10 8 10 2
left_child=1 2 5 4 -2 -1
right_child=3 -3 -4 -5 -6 -7
leaf_value=-0.031099542357038035 -0.043893253431834228 0.050875079500599441 0.043733050659496724 -0.0076516677029696573 -0.017008806939672841 0.011746518359724643
leaf_weight=235.75066569447517 1658.3435137122869 1141.3204197734594 556.0418723076582 1407.3458032011986 1248.1197412163019 2566.689964979887
leaf_count=721 7919 1658 1609 5801 5559 7772
internal_value=5.05694e-05 0.0234364 0.0140501 -0.0243425 -0.0323973 0.0080932
internal_weight=8813.61 4499.8 3358.48 4313.81 2906.46 2802.44
internal_count=31039 11760 10102 19279 13478 8493
is_linear=0
shrinkage=0.05


Tree=11
num_leaves=7
num_cat=0
split_feature=36 28 4 16 29 21
split_gain=1534.63 609.148 277.5 194.474 171.419 148.854
threshold=2914.9948611111117 1.0000000180025095e-35 236708.50000000003 288.50000000000006 2.5000000000000004 0.49625410517758356
decision_type=8 2 8 10 2 8
left_child=1 3 5 -1 -3 -2
right_child=2 4 -4 -5 -6 -7
leaf_value=-0.008721728972523473 -0.019391379079772161 0.027632768811703668 0.082001638193564527 0.014400009343365099 0.061011889889423666 -0.041866078373001478
leaf_weight=1935.465855807066 1392.5542808175087 1575.0222458988428 50.236643940210342 1706.6830712556839 513.5662335306406 1597.4941182434559
leaf_count=8644 6054 1288 164 7105 309 7443
internal_value=-0.000756382 0.0144747 -0.0294426 0.00211783 0.0359665 -0.0314488
internal_weight=8771.02 5730.74 3040.29 3642.15 2088.59 2990.05
internal_count=31007 17346 13661 15749 1597 13497
is_linear=0
shrinkage=0.05


Tree=12
num_leaves=7
num_cat=0
split_feature=35 35 16 24 24 4
split_gain=1599.99 430.756 237.983 229.538 200.778 180.514
threshold=2846.2472222222227 110.55194444444446 686.50000000000011 102.50000000000001 872.50000000000011 118948.50000000001
decision_type=8 10 10 8 10 10
left_child=1 -1 4 -2 -3 -4
right_child=3 2 5 -5 -6 -7
leaf_value=0.052614920714272456 -0.031346755119818916 -0.00020799419058655367 0.04933676109608344 -0.0061312856607155467 0.036182429597341047 0.0026443834752126966
leaf_weight=818.07246534526348 2749.9600664973259 2420.3758576512337 641.15134903788567 1346.5246857404709 444.40425716340542 305.42820475995541
leaf_count=598 13300 7773 1689 5561 1277 930
internal_value=-0.000330294 0.0198 0.0126969 -0.0230759 0.00549034 0.0343638
internal_weight=8725.92 4629.43 3811.36 4096.48 2864.78 946.58
internal_count=31128 12267 11669 18861 9050 2619
is_linear=0
shrinkage=0.05


Tree=13
num_leaves=7
num_cat=0
split_feature=35 24 0 38 36 2
split_gain=1514.84 397.456 243.192 224.427 200.579 167.397
threshold=1309.4962500000004 706.50000000000011 28.500000000000004 1.0000000180025095e-35 4917.4005555555568 3761.5000000000005
decision_type=8 8 10 2 10 10
left_child=3 2 -2 -1 -4 -5
right_child=1 -3 4 5 -6 -7
leaf_value=0.012191478946648142 -0.02879165672575806 0.027685466143870321 0.0010061666120286933 0.056019739324646461 -0.039590132909511265 0.024642608562938789
leaf_weight=1350.535143211484 3136.8638738691807 470.97595980763435 1643.370328143239 808.77099916338921 368.33584682643414 920.15782126784325
leaf_count=5521 14509 1631 6685 558 1682 512
internal_value=-0.000630998 -0.0160731 -0.020099 0.0275288 -0.00650659 0.0394396
internal_weight=8699.01 5619.55 5148.57 3079.46 2011.71 1728.93
internal_count=31098 24507 22876 6591 8367 1070
is_linear=0
shrinkage=0.05


Tree=14
num_leaves=7
num_cat=0
split_feature=35 16 2 27 21 24
split_gain=1297.26 369.623 238.041 171.559 165.697 149.18
threshold=2846.2472222222227 558.50000000000011 260.50000000000006 2.5000000000000004 0.48290122928610141 135.50000000000003
decision_type=8 10 8 2 10 10
left_child=1 3 -2 5 -4 -1
right_child=2 -3 4 -5 -6 -7
leaf_value=-0.0063632820779417941 -0.04017940555099251 0.037014355405462371 0.00026973411246764191 0.071771991996195203 -0.023683964274838445 0.016201196411887862
leaf_weight=1392.4484975934029 1110.7900447994471 1666.4228092133999 1304.8538617193699 96.021523714065552 1610.8344852775335 1535.6579049825668
leaf_count=4180 5487 3842 5705 35 7592 4309
internal_value=0.00027946 0.0181417 -0.0205254 0.00769814 -0.0129819 0.0054782
internal_weight=8717.03 4690.55 4026.48 3024.13 2915.69 2928.11
internal_count=31150 12366 18784 8524 13297 8489
is_linear=0
shrinkage=0.05


Tree=15
num_leaves=7
num_cat=0
split_feature=35 38 4 24 29 24
split_gain=1251.44 358.69 217.262 167.198 147.223 139.882
threshold=2846.2472222222227 1.0000000180025095e-35 2364.5000000000005 635.50000000000011 2.5000000000000004 831.50000000000011
decision_type=8 2 8 8 2 10
left_child=1 5 -2 -4 -3 -1
right_child=2 4 3 -5 -6 -7
leaf_value=-0.00035404497965511807 -0.042538030367672668 0.02590243385672461 -0.017250728439253658 0.032235637951004301 0.058150556779588358 0.028314261894681711
leaf_weight=2110.0069797635078 878.58692838251591 1541.7318526506424 2914.1268653273582 176.76250845193863 463.01357893645763 527.93708443641663
leaf_count=8873 4466 1114 13645 671 194 2122
internal_value=-5.37996e-05 0.0175615 -0.0206528 -0.0143732 0.0334766 0.00542611
internal_weight=8612.17 4642.69 3969.48 3090.89 2004.75 2637.94
internal_count=31085 12303 18782 14316 1308 10995
is_linear=0
shrinkage=0.05


Tree=16
num_leaves=7
num_cat=0
split_feature=35 16 24 28 36 12
split_gain=1069.71 307.53 201.846 186.689 163.852 140.407
threshold=2892.4106944444452 558.50000000000011 102.50000000000001 2.5000000000000004 237.7490277777778 20.500000000000004
decision_type=8 10 8 2 10 10
left_child=1 3 5 -1 -3 -2
right_child=2 4 -4 -5 -6 -7
leaf_value=0.0025129663916727591 -0.038671460618961234 0.047929833939563571 -0.0043844582891129731 0.057869429434513245 0.016211546411672838 -0.015197552146080534
leaf_weight=2879.3480769395828 1477.684934809804 826.86446610093117 1297.2502474784851 155.85231950879097 812.61462476849556 1134.7387004494667
leaf_count=8494 7741 1718 5476 73 2120 5410
internal_value=-0.00124408 0.0148905 -0.0205301 0.00544592 0.0323056 -0.0285238
internal_weight=8584.35 4674.68 3909.67 3035.2 1639.48 2612.42
internal_count=31032 12405 18627 8567 3838 13151
is_linear=0
shrinkage=0.05


Tree=17
num_leaves=7
num_cat=0
split_feature=35 24 4 37 37 38
split_gain=982.497 400.482 246.123 203.932 183.315 210.748
threshold=1187.8637500000002 706.50000000000011 2364.5000000000005 0.37797619047619052 0.28991596638655465 1.0000000180025095e-35
decision_type=8 8 10 2 2 2
left_child=4 2 -2 -4 -1 -6
right_child=1 -3 3 -5 5 -7
leaf_value=-0.031208188391592784 -0.039252359354318478 0.029673821184745153 -0.023699938932370324 -0.0014012775467720172 0.010491877360266712 0.038567904218097984
leaf_weight=140.24649946391582 951.69342702627182 515.62546540796757 1810.4395738840103 2357.5046998113394 1170.7827105671167 1568.1591858714819
leaf_count=247 4850 1781 8537 9678 4763 990
internal_value=4.32911e-06 -0.0121342 -0.0163697 -0.011104 0.0237421 0.0266076
internal_weight=8514.45 5635.26 5119.64 4167.94 2879.19 2738.94
internal_count=30846 24846 23065 18215 6000 5753
is_linear=0
shrinkage=0.05


Tree=18
num_leaves=7
num_cat=0
split_feature=35 34 37 36 24 8
split_gain=903.891 297.289 183.44 152.707 132.133 131.144
threshold=5436.9231944444455 37.387361111111119 0.37797619047619052 20.552777777777781 88.500000000000014 104.50000000000001
decision_type=8 10 2 10 10 10
left_child=1 3 -3 -1 -4 -5
right_child=-2 2 4 5 -6 -7
leaf_value=0.055189711484676766 -0.024252475621748083 -0.018455852461157034 -0.007823108457712875 0.0068781679681550224 0.015173817061591981 0.034916023735985374
leaf_weight=366.77897720038891 2679.2856644839048 815.10189984738827 889.68501731753349 921.2816625982523 2071.2999922186136 761.76256817579269
leaf_count=190 13617 3835 3982 548 8603 464
internal_value=-0.000243035 0.01081 0.00247826 0.026115 0.00826241 0.0196342
internal_weight=8505.2 5825.91 3776.09 2049.82 2960.99 1683.04
internal_count=31239 17622 16420 1202 12585 1012
is_linear=0
shrinkage=0.05


Tree=19
num_leaves=7
num_cat=0
split_feature=35 24 4 35 37 2
split_gain=889.894 326.435 227.35 198.396 159.936 153.105
threshold=1309.4962500000004 706.50000000000011 2364.5000000000005 110.55194444444446 0.37797619047619052 2606.5000000000005
decision_type=8 8 10 10 2 10
left_child=3 2 -2 -1 -4 -5
right_child=1 -3 4 5 -6 -7
leaf_value=0.043057417411792039 -0.03832551080693436 0.027121943069822158 -0.021862282520508355 0.030496227743252627 -0.0018305469926282306 0.003689461267683861
leaf_weight=802.30754162371159 909.31339555978775 481.94538940489292 1781.4238927215338 865.8721836656332 2255.5588420182467 1375.6522857993841
leaf_count=586 4821 1625 8604 2352 9370 3651
internal_value=0.000163355 -0.0119685 -0.0158009 0.021783 -0.0106862 0.0140894
internal_weight=8472.07 5428.24 4946.3 3043.83 4036.98 2241.52
internal_count=31009 24420 22795 6589 17974 6003
is_linear=0
shrinkage=0.05


Tree=20
num_leaves=7
num_cat=0
split_feature=35 37 29 23 21 24
split_gain=739.29 377.535 220.613 169.133 160.894 126.647
threshold=5436.9231944444455 0.37797619047619052 2.5000000000000004 5.0353701788701182 0.24332721976480745 441.50000000000006
decision_type=8 2 2 8 10 10
left_child=1 -1 -3 5 -5 -2
right_child=3 2 -4 4 -6 -7
leaf_value=-0.017669709307703195 -0.030137132330600749 0.011045058851005063 0.047900424291387911 0.088295760663310296 -0.0054830544523907275 0.055596193741223224
leaf_weight=1119.6358238756657 2237.8804314136505 4239.1653774827719 444.95396555960178 49.101449742913246 292.77674826979637 39.494097232818604
leaf_count=4066 11801 13095 349 189 1421 162
internal_value=-0.00159208 0.00835946 0.0145934 -0.0236167 0.00906428 -0.0285318
internal_weight=8423.01 5803.76 4684.12 2619.25 341.878 2277.37
internal_count=31083 17510 13444 13573 1610 11963
is_linear=0
shrinkage=0.05


Tree=21
num_leaves=7
num_cat=0
split_feature=38 24 16 31 24 12
split_gain=739.797 321.018 234.799 249.303 183.637 103.189
threshold=1.0000000180025095e-35 19.500000000000004 566.50000000000011 1.5000000000000002 729.50000000000011 67.500000000000014
decision_type=2 10 8 2 10 10
left_child=1 5 3 -2 -3 -1
right_child=2 4 -4 -5 -6 -7
leaf_value=-0.041130051101951087 0.022614447661848256 -0.0073130466282697844 0.046205044526483649 -0.029541794915385191 0.019344517824835473 -0.0098786469838941428
leaf_weight=860.01911096274853 1171.0977507978678 4107.2364561855793 801.11680287122726 279.98886257410049 761.54576703906059 385.84878870844841
leaf_count=4947 984 19508 587 85 3073 1914
internal_value=8.84541e-05 -0.00893578 0.0245544 0.012484 -0.00312786 -0.0315296
internal_weight=8366.85 6114.65 2252.2 1451.09 4868.78 1245.87
internal_count=31098 29442 1656 1069 22581 6861
is_linear=0
shrinkage=0.05


Tree=22
num_leaves=7
num_cat=0
split_feature=35 15 23 3 4 12
split_gain=733.863 298.28 152.003 147.025 141.679 132.858
threshold=1187.8637500000002 64.500000000000014 12.99467867376177 5296.5000000000009 2364.5000000000005 32.500000000000007
decision_type=8 8 10 10 10 10
left_child=2 4 3 -1 5 -2
right_child=1 -3 -4 -5 -6 -7
leaf_value=0.034000475680786957 -0.0468649332565024 0.0083317166911100055 0.070388758665585957 0.0096131679728664252 -0.012602053285792621 -0.00051440994499824335
leaf_weight=948.18449212610722 637.17497570812702 1545.9457543641329 142.63266503810883 1775.1568128168583 3139.1444658488035 203.77402144670486
leaf_count=2060 3599 6021 120 3898 14394 1044
internal_value=0.000358441 -0.010288 0.0208687 0.0181508 -0.0175217 -0.035703
internal_weight=8392.01 5526.04 2865.97 2723.34 3980.09 840.949
internal_count=31136 25058 6078 5958 19037 4643
is_linear=0
shrinkage=0.05


Tree=23
num_leaves=7
num_cat=0
split_feature=35 34 37 2 28 38
split_gain=645.75 249.506 248.453 149.451 120.033 106.73
threshold=1244.207916666667 5507.9051388888902 0.37797619047619052 2606.5000000000005 2.5000000000000004 1.0000000180025095e-35
decision_type=8 8 2 10 2 2
left_child=3 2 -2 5 -5 -1
right_child=1 -3 -4 4 -6 -7
leaf_value=0.016242959526002618 -0.018788338582461872 -0.028664290067877643 0.0064065764749557472 0.0059129505908921782 0.045363794695449558 0.047709340772210798
leaf_weight=487.21103291213512 1611.2368384301662 1298.7798466980457 2475.4425550848246 1604.2298824042082 214.52761143445969 619.67919930815697
leaf_count=1983 7763 7427 9604 3745 119 451
internal_value=0.000652314 -0.00961832 -0.00353773 0.0195424 0.0106779 0.0339944
internal_weight=8311.11 5385.46 4086.68 2925.65 1818.76 1106.89
internal_count=31092 24794 17367 6298 3864 2434
is_linear=0
shrinkage=0.05


Tree=24
num_leaves=7
num_cat=0
split_feature=35 0 16 23 24 28
split_gain=614.394 253.612 174.672 147.376 143.191 140.255
threshold=1309.4962500000004 23.500000000000004 706.50000000000011 0.55985639324761194 13.500000000000002 2.5000000000000004
decision_type=8 10 10 10 10 2
left_child=2 4 3 -1 -2 -5
right_child=1 -3 -4 5 -6 -7
leaf_value=0.039523837527880801 -0.041101094918035347 0.0007311239655841109 0.035955603641068139 1.7395737824099284e-05 -0.014194518688918729 0.049535400972304362
leaf_weight=351.12753170728683 668.90812815725803 2667.1313133686781 939.73377533257008 1650.5009581744671 1896.8150764554739 151.56358091533184
leaf_count=767 3882 11301 1847 3914 9215 76
internal_value=0.000370696 -0.010069 0.0180212 0.0101287 -0.0212756 0.00430767
internal_weight=8325.78 5232.85 3092.93 2153.19 2565.72 1802.06
internal_count=31002 24398 6604 4757 13097 3990
is_linear=0
shrinkage=0.05


Tree=25
num_leaves=7
num_cat=0
split_feature=35 29 37 4 23 35
split_gain=520.12 305.533 193.066 154.055 148.748 124.311
threshold=5507.604444444446 2.5000000000000004 0.37797619047619052 71409.000000000015 5.0353701788701182 3995.5125000000003
decision_type=8 2 2 10 10 10
left_child=1 2 3 -1 -2 -5
right_child=4 -3 -4 5 -6 -7
leaf_value=-0.027907335652680235 -0.023805606406039067 0.047121971962614848 0.0096756588466209159 -0.0040644084971759196 0.011851633942440284 0.064854244694268787
leaf_weight=692.34986399114132 2154.0058592110872 462.07383751869202 4224.6382675915956 269.37703496217728 335.20442493259907 81.202359899878502
leaf_count=2785 11907 378 13088 878 1594 374
internal_value=7.09818e-05 0.00836115 0.00491957 -0.0143004 -0.0189898 0.0125862
internal_weight=8218.85 5729.64 5267.57 1042.93 2489.21 350.579
internal_count=31004 17503 17125 4037 13501 1252
is_linear=0
shrinkage=0.05


Tree=26
num_leaves=7
num_cat=0
split_feature=34 36 29 7 3 21
split_gain=514.504 321.902 181.068 109.994 109.699 109.191
threshold=52.826111111111125 3513.7331944444445 2.5000000000000004 32.500000000000007 44898.000000000007 0.6250428375599727
decision_type=8 8 2 8 10 8
left_child=2 -2 3 -1 5 -3
right_child=1 4 -4 -5 -6 -7
leaf_value=0.0053664374502853055 0.0012970729740729343 -0.016561833238698746 0.049738478962334333 0.031775247661743652 0.033266425783235666 -0.041104556158864138
leaf_weight=1225.4365287274122 3945.0872424840927 1287.7994662225246 435.28005719184875 578.20721691846848 79.03613518178463 705.48589612543583
leaf_count=812 17678 7297 289 449 400 4260
internal_value=0.000525009 -0.00708956 0.0209604 0.0138969 -0.0230199 -0.0253294
internal_weight=8256.33 6017.41 2238.92 1803.64 2072.32 1993.29
internal_count=31185 29635 1550 1261 11957 11557
is_linear=0
shrinkage=0.05


Tree=27
num_leaves=7
num_cat=0
split_feature=35 4 36 16 36 8
split_gain=485.902 217.156 161.65 140.276 134.096 173.102
threshold=1309.4962500000004 2364.5000000000005 5118.1291666666675 706.50000000000011 3806.3420833333334 1.5000000000000002
decision_type=8 10 10 10 10 10
left_child=3 -2 4 -1 -3 -6
right_child=1 2 -4 -5 5 -7
leaf_value=0.0085960463934191527 -0.033103195326540595 -0.0032215836560490286 -0.027680678823976186 0.032146817627318795 -0.023955105362615331 0.074732318047505436
leaf_weight=2108.6423208266497 817.71478600800037 3535.2740890830755 666.46825975179672 901.68381386995316 66.090048238635063 119.32865975797176
leaf_count=4832 4819 15414 3502 1837 387 383
internal_value=-0.000282488 -0.00952769 -0.00510081 0.0156918 -0.00102448 0.0398511
internal_weight=8215.2 5204.88 4387.16 3010.33 3720.69 185.419
internal_count=31174 24505 19686 6669 16184 770
is_linear=0
shrinkage=0.05


Tree=28
num_leaves=7
num_cat=0
split_feature=35 16 23 3 27 4
split_gain=401.291 254.322 161.322 141.54 117.397 109.439
threshold=1187.8637500000002 288.50000000000006 12.99467867376177 5296.5000000000009 2.5000000000000004 2364.5000000000005
decision_type=8 8 10 10 2 10
left_child=2 5 3 -1 -5 -2
right_child=1 -3 -4 4 -6 -7
leaf_value=0.028345218806469431 -0.032018921242514757 0.0083357534997991044 0.071410014962063117 0.0011696592882315391 0.057616146700354004 -0.010930381786629981
leaf_weight=926.59929221868515 776.56861697137356 1621.2697270810604 117.04837115108967 1682.4843117147684 92.463879019021988 2944.673209220171
leaf_count=2015 4707 6207 114 3861 40 14149
internal_value=-0.0001223 -0.00817387 0.0151265 0.0125605 0.00426376 -0.0153683
internal_weight=8161.11 5342.51 2818.6 2701.55 1774.95 3721.24
internal_count=31093 25063 6030 5916 3901 18856
is_linear=0
shrinkage=0.05


Tree=29
num_leaves=7
num_cat=0
split_feature=37 34 34 19 35 21
split_gain=429.59 278.289 151.134 150.061 114.198 102.502
threshold=0.25833333333333336 29.43930555555556 6301.748611111112 4.5000000000000009 1244.207916666667 0.68895663956639575
decision_type=2 8 8 10 10 10
left_child=-1 4 -3 5 -2 -4
right_child=1 2 3 -5 -6 -7
leaf_value=-0.025158785246591098 0.027686727563622528 0.0031976979288102381 0.025000875717145005 -0.038150039785625964 -0.0017568749110648857 -0.035296108962900849
leaf_weight=1341.7759871780872 1563.4729844927788 4044.4201472848654 218.50793704390526 477.53292624652386 416.11423687636852 98.052057102322578
leaf_count=6837 820 18331 1302 2870 217 633
internal_value=0.000648328 0.00574178 -0.00072453 -0.020596 0.0215088 0.00606592
internal_weight=8159.88 6818.1 4838.51 794.093 1979.59 316.56
internal_count=31010 24173 23136 4805 1037 1935
is_linear=0
shrinkage=0.05


Tree=30
num_leaves=7
num_cat=0
split_feature=38 37 23 25 36 23
split_gain=361.675 234.769 162.926 145.726 133.996 101.017
threshold=1.0000000180025095e-35 0.25833333333333336 2.6525021272327147 0.37514568764568773 5397.7402777777779 5.2701905684159831
decision_type=2 2 8 10 8 10
left_child=1 -1 3 -2 -3 -6
right_child=2 4 -4 -5 5 -7
leaf_value=-0.026692586472733468 -0.015701170908194138 0.0031837345361211602 0.044139796125050021 0.018401897602867923 -0.024189855835787796 0.012059773416570621
leaf_weight=1142.6528188586235 405.35571147501469 3634.911736920476 447.7178620249033 1327.0691898167133 893.24194078147411 241.16637577116489
leaf_count=6678 311 16132 450 883 5396 1344
internal_value=3.05625e-05 -0.00638924 0.0174142 0.0104002 -0.00150202 -0.0164644
internal_weight=8092.12 5911.97 2180.14 1732.42 4769.32 1134.41
internal_count=31194 29550 1644 1194 22872 6740
is_linear=0
shrinkage=0.05


Tree=31
num_leaves=7
num_cat=0
split_feature=36 22 24 23 16 4
split_gain=316.387 177.705 146.217 113.377 112.508 111.161
threshold=3513.7331944444445 11.095189929230523 202.50000000000003 4.7890309316432376 958.50000000000011 10865.500000000002
decision_type=8 10 8 10 10 10
left_child=1 4 3 -2 -1 -6
right_child=2 -3 -4 -5 5 -7
leaf_value=0.001476563138391268 -0.026094559785276514 0.066067231884402486 0.022306078889728603 0.0079755159038677383 0.073806724288237202 0.014898031402128739
leaf_weight=5018.0435513108969 1670.2584694325924 113.53351673483849 210.79622480273247 283.48563285171986 86.554880082607269 680.90820074081421
leaf_count=16998 9851 146 815 1462 160 1744
internal_value=-0.000542434 0.00545797 -0.0168703 -0.0211433 0.00421257 0.0219765
internal_weight=8063.58 5899.04 2164.54 1953.74 5785.51 767.463
internal_count=31176 19048 12128 11313 18902 1904
is_linear=0
shrinkage=0.05


Tree=32
num_leaves=7
num_cat=0
split_feature=34 36 30 23 18 1
split_gain=347.057 207.913 135.169 119.965 106.821 105.977
threshold=106.64805555555557 3513.7331944444445 2.5000000000000004 5.0353701788701182 4.5000000000000009 1740.5000000000002
decision_type=8 8 2 10 8 10
left_child=2 -2 4 -3 -1 -4
right_child=1 3 5 -5 -6 -7
leaf_value=-0.0036608575349759485 0.0010244752182837654 -0.024386593341694771 0.050832547808856737 0.010929117429849505 0.022629192373747633 0.014446381735732828
leaf_weight=846.22112798690796 3767.3553957641125 1630.1138161718845 419.45537704229355 278.96081252396107 704.2177542001009 389.00708939135075
leaf_count=766 17014 10185 419 1537 868 342
internal_value=0.000907204 -0.00579198 0.0170062 -0.0192111 0.00831458 0.0335211
internal_weight=8035.33 5676.43 2358.9 1909.07 1550.44 808.462
internal_count=31131 28736 2395 11722 1634 761
is_linear=0
shrinkage=0.05


Tree=33
num_leaves=7
num_cat=0
split_feature=37 34 23 4 12 35
split_gain=284.48 194.894 148.289 125.915 147.395 87.9999
threshold=0.25833333333333336 29.43930555555556 2.3073315307690661 2039.5000000000002 51.500000000000007 14711.324027777779
decision_type=2 8 8 10 10 10
left_child=5 2 -2 4 -3 -1
right_child=1 3 -4 -5 -6 -7
leaf_value=-0.015731167419230082 0.01010725514770542 -0.036838198890046636 0.04473830710906429 0.0011959955525973674 0.031283008718817604 -0.049859899134002197
leaf_weight=1055.8324532657862 1497.6284065842628 432.82064999639988 386.14809592068195 4308.2889329940081 92.966102853417397 227.85135930776596
leaf_count=5324 810 2812 224 19975 497 1556
internal_value=-0.000439204 0.00368617 0.0173058 -0.00163361 -0.0246122 -0.0219589
internal_weight=8001.54 6717.85 1883.78 4834.08 525.787 1283.68
internal_count=31198 24318 1034 23284 3309 6880
is_linear=0
shrinkage=0.05


Tree=34
num_leaves=7
num_cat=0
split_feature=36 4 28 24 21 23
split_gain=288.871 211.879 182.434 115.609 113.472 120.029
threshold=2914.9948611111117 236708.50000000003 2.5000000000000004 872.50000000000011 0.6250428375599727 5.936436594464511
decision_type=8 8 2 10 10 10
left_child=2 4 3 -1 5 -2
right_child=1 -3 -4 -5 -6 -7
leaf_value=0.0017729196237100974 -0.013384458696427074 0.080213364861460745 0.046781279654259628 0.022924162014320359 -0.031788821158729844 0.028208206029916524
leaf_weight=4539.6793324500322 1474.6732705160975 53.841275468468666 267.03097833693027 748.4415178745985 763.90215162187815 191.76040180027485
leaf_count=15212 7975 171 161 2120 4707 891
internal_value=0.000506981 -0.0136499 0.0068443 0.00478534 -0.0158897 -0.00852823
internal_weight=8039.33 2484.18 5555.15 5288.12 2430.34 1666.43
internal_count=31237 13744 17493 17332 13573 8866
is_linear=0
shrinkage=0.05


Tree=35
num_leaves=7
num_cat=0
split_feature=37 34 19 22 24 20
split_gain=264.986 165.08 138.247 135.574 95.3771 88.7161
threshold=0.25833333333333336 6445.748611111112 4.5000000000000009 24.457002346748819 14.500000000000002 0.60050505050505054
decision_type=2 8 10 8 10 10
left_child=-1 3 5 4 -2 -3
right_child=1 2 -4 -5 -6 -7
leaf_value=-0.021041167227136753 -0.017780836634092922 0.023512766680718073 -0.035364340436441467 0.058365587330775931 0.0075008903189332735 -0.037552483110196842
leaf_weight=1234.4200884252787 395.59999284148216 228.99322040379047 448.92923457175493 120.28850032389164 5475.913979113102 74.904251627624035
leaf_count=6820 1714 1383 2869 118 17702 521
internal_value=0.00020926 0.00411128 -0.0178823 0.00688722 0.00578383 0.00809727
internal_weight=7979.05 6744.63 752.827 5991.8 5871.51 303.897
internal_count=31127 24307 4773 19534 19416 1904
is_linear=0
shrinkage=0.05


Tree=36
num_leaves=7
num_cat=0
split_feature=37 34 24 9 16 4
split_gain=255.878 143.72 117.795 116.092 113.368 98.1109
threshold=0.25833333333333336 6301.748611111112 26.500000000000004 17.500000000000004 958.50000000000011 10865.500000000002
decision_type=2 8 10 10 8 10
left_child=2 4 -1 -3 -2 -6
right_child=1 3 -4 -5 5 -7
leaf_value=-0.045120982891858175 0.0038763133712682615 -0.020949179530605835 -0.010921426864377089 0.066978524267776063 0.072865386247622441 0.017643262371127302
leaf_weight=347.89337901026011 5108.0115438774228 718.45897598564625 896.22308194637299 34.788394957780838 86.546870425343513 726.61659106612206
leaf_count=2333 17338 4625 4477 196 150 1830
internal_value=0.000144114 0.00402841 -0.020627 -0.0164734 0.00664819 0.0239301
internal_weight=7918.54 6674.42 1244.12 753.247 5921.18 813.163
internal_count=30949 24139 6810 4821 19318 1980
is_linear=0
shrinkage=0.05


Tree=37
num_leaves=7
num_cat=0
split_feature=38 35 36 24 18 20
split_gain=254.238 155.137 120.856 107.251 101.053 83.8914
threshold=1.0000000180025095e-35 15925.140833333337 20.552777777777781 747.50000000000011 23.500000000000004 0.12220435869953557
decision_type=2 10 10 10 10 10
left_child=1 3 -2 -1 5 -4
right_child=2 -3 4 -5 -6 -7
leaf_value=-0.0059983178400460947 0.039283282591514465 -0.049007079281107008 0.016355351714987431 0.014447521036692314 0.029127700820399612 -0.0092660120298482893
leaf_weight=4826.8205905631185 417.15595731139183 186.99488404393196 570.37667621672153 734.75210542976856 470.49733948707581 713.55230483412743
leaf_count=25090 407 1390 427 2978 240 621
internal_value=0.000691705 -0.00481516 0.0152469 -0.00328662 0.00943632 0.0021354
internal_weight=7920.15 5748.57 2171.58 5561.57 1754.43 1283.93
internal_count=31153 29458 1695 28068 1288 1048
is_linear=0
shrinkage=0.05


Tree=38
num_leaves=7
num_cat=0
split_feature=15 15 21 37 21 15
split_gain=239.307 158.438 95.1411 85.0707 87.8703 110.629
threshold=1.0000000180025095e-35 116.50000000000001 0.6002056202878685 0.48333333333333339 0.43752584780810594 17.500000000000004
decision_type=10 10 10 2 10 10
left_child=-1 2 3 4 -2 -6
right_child=1 -3 -4 -5 5 -7
leaf_value=-0.027929663101491389 -0.016876342089059485 0.01508909571687302 -0.012828287903124966 0.0084983849229668899 0.02697491730194871 -0.015271787194508972
leaf_weight=680.25632589310408 880.44226773828268 1960.601826608181 1375.2211513891816 2311.1648121029139 333.60597220808268 281.2770451977849
leaf_count=4231 4098 5597 6199 8212 1392 1374
internal_value=0.000295985 0.00300194 -0.00158161 0.00249313 -0.00678594 0.00768194
internal_weight=7822.57 7142.31 5181.71 3806.49 1495.33 614.883
internal_count=31103 26872 21275 15076 6864 2766
is_linear=0
shrinkage=0.05


Tree=39
num_leaves=7
num_cat=0
split_feature=15 21 37 34 11 37
split_gain=235.075 181.412 109.336 93.4616 79.6986 78.1068
threshold=116.50000000000001 0.6002056202878685 0.48333333333333339 3969.2840277777782 174.50000000000003 0.31009615384615391
decision_type=8 10 2 8 10 2
left_child=1 2 -1 -4 -3 -2
right_child=5 4 3 -5 -6 -7
leaf_value=-0.0096020657791111921 -0.021866751102781093 -0.027776941950239477 0.010962291002431106 -0.014172533129377871 -0.0036046954685773035 0.017451585761345523
leaf_weight=1737.9043809324503 131.45893937349319 1038.5928012803197 2128.1886481642723 442.92447113990784 508.96848011016846 1830.0482435375452
leaf_count=8403 572 5738 6718 2688 1896 4998
internal_value=-0.000191612 -0.00521013 6.97558e-05 0.00661322 -0.0198643 0.0147676
internal_weight=7818.09 5856.58 4309.02 2571.11 1547.56 1961.51
internal_count=31013 25443 17809 9406 7634 5570
is_linear=0
shrinkage=0.05


Tree=40
num_leaves=7
num_cat=0
split_feature=15 29 37 24 23 8
split_gain=190.609 149.222 119.317 88.9069 96.0649 95.2928
threshold=1.0000000180025095e-35 2.5000000000000004 0.25833333333333336 872.50000000000011 0.54311328032006434 13.500000000000002
decision_type=8 2 2 8 10 10
left_child=-1 2 -2 5 -5 -4
right_child=1 -3 3 4 -6 -7
leaf_value=-0.026193759351439222 -0.016545742681990615 0.032393284447646373 0.0090155804500297639 0.048915649902277356 0.0080254488093360193 -0.0051644465445369065
leaf_weight=668.94638801366091 940.34815997630358 368.48201587796211 1903.3948627486825 189.49045576155186 559.72501483559608 3119.7960954234004
leaf_count=4260 5119 365 7816 549 1711 11308
internal_value=-0.000784395 0.00163275 -7.8634e-05 0.00261592 0.0186231 0.000212292
internal_weight=7750.18 7081.24 6712.75 5772.41 749.215 5023.19
internal_count=31128 26868 26503 21384 2260 19124
is_linear=0
shrinkage=0.05


Tree=41
num_leaves=7
num_cat=0
split_feature=16 21 35 19 23 19
split_gain=197.451 163.966 151.259 137.677 177.352 119.935
threshold=465.50000000000006 0.6002056202878685 306.87513888888896 13.500000000000002 1.1977845800728264 71.500000000000014
decision_type=8 10 8 10 10 10
left_child=1 -1 -2 4 -4 -5
right_child=2 -3 3 5 -6 -7
leaf_value=1.2609831248918715e-05 0.03323594218309648 -0.018930634405619904 0.071227991203094185 -0.025410283151693015 -0.0020521742255348598 0.0074042529509730009
leaf_weight=4026.0119336768985 615.58418990671635 1589.8048534840345 152.07973927259445 412.94104325771332 173.48299756646156 829.84429402649403
leaf_count=16819 910 7855 472 1530 659 2794
internal_value=-0.000401107 -0.00536218 0.012339 0.00405733 0.0327387 -0.00355718
internal_weight=7799.75 5615.82 2183.93 1568.35 325.563 1242.79
internal_count=31039 24674 6365 5455 1131 4324
is_linear=0
shrinkage=0.05


Tree=42
num_leaves=7
num_cat=0
split_feature=34 29 37 36 19 35
split_gain=195.988 146.534 126.749 168.419 102.653 145.132
threshold=5507.9051388888902 4.5000000000000009 0.72821969696969713 1.7748611111111112 4.5000000000000009 14711.324027777779
decision_type=8 2 2 8 10 10
left_child=1 2 3 -1 5 -2
right_child=4 -3 -4 -5 -6 -7
leaf_value=-0.04928684862479929 0.010237837068745034 0.053100451617597327 0.015349039732417417 0.00043994169443671268 -0.033862272546096119 -0.055121889122382098
leaf_weight=171.36269015073776 413.0855649933219 141.03115355968475 1473.318305015564 4930.3557286337018 568.51804681867361 101.605174459517
leaf_count=623 2738 112 4231 18815 3864 839
internal_value=0.000372537 0.00355955 0.00245738 -0.00127696 -0.019313 -0.00307103
internal_weight=7799.28 6716.07 6575.04 5101.72 1083.21 514.691
internal_count=31222 23781 23669 19438 7441 3577
is_linear=0
shrinkage=0.05


Tree=43
num_leaves=7
num_cat=0
split_feature=14 36 29 34 36 4
split_gain=189.168 115.494 100.542 88.2887 83.8457 124.733
threshold=1.0000000180025095e-35 5118.1291666666675 2.5000000000000004 3587.7365277777781 3970.1341666666672 27393.500000000004
decision_type=10 10 2 8 10 10
left_child=3 2 4 -1 -2 -6
right_child=1 -3 -4 -5 5 -7
leaf_value=-0.0059848550604333058 0.0034643336486995277 -0.02017166706693789 0.032044344277962676 -0.030302852017236773 -0.0068413263933616263 0.085330570907653391
leaf_weight=1020.0383231341839 5241.8824624344707 442.36911048740149 348.52861423790455 586.63240684568882 68.393579617142677 72.534951999783516
leaf_count=4154 18990 2607 343 4389 406 186
internal_value=0.000325289 0.00430435 0.00620945 -0.0149304 0.0045085 0.0418972
internal_weight=7780.38 6173.71 5731.34 1606.67 5382.81 140.929
internal_count=31075 22532 19925 8543 19582 592
is_linear=0
shrinkage=0.05


Tree=44
num_leaves=7
num_cat=0
split_feature=15 15 38 21 12 23
split_gain=239.577 144.306 131.316 86.1772 95.6934 88.4485
threshold=143.50000000000003 1.0000000180025095e-35 1.0000000180025095e-35 0.6002056202878685 570.00000000000011 0.77813609516101834
decision_type=8 10 2 10 10 10
left_child=1 -1 -2 -3 -5 -6
right_child=2 3 -4 4 5 -7
leaf_value=-0.02615576057995346 0.005621652061306116 0.0025792832619461457 0.034765812234929826 -0.020947695789681791 0.041565417326788624 -0.0065630283535528765
leaf_weight=640.80778668820858 913.09888884425163 4023.1516254916787 668.21973413228989 940.247195109725 125.96126900613308 348.39871376752853
leaf_count=4190 3981 15782 562 4831 421 1272
internal_value=0.000702914 -0.00381002 0.0180079 -0.0011551 -0.0117474 0.00651722
internal_weight=7659.89 6078.57 1581.32 5437.76 1414.61 474.36
internal_count=31039 26496 4543 22306 6524 1693
is_linear=0
shrinkage=0.05


Tree=45
num_leaves=7
num_cat=0
split_feature=4 21 29 25 36 37
split_gain=158.407 118.013 122.55 114.34 104.774 87.2839
threshold=2364.5000000000005 0.6002056202878685 2.5000000000000004 0.30079966866318342 133.43680555555559 0.72821969696969713
decision_type=8 10 2 10 8 2
left_child=4 2 3 -2 -1 -5
right_child=1 -3 -4 5 -6 -7
leaf_value=0.036496616952370262 0.055810291271205119 -0.0080587899948687189 0.047208749258481716 -0.00021888167490000354 -0.02662478482294009 0.016642167701347722
leaf_weight=67.630139797925949 101.6280425786972 2079.4716239199042 170.4723704457283 3557.2695967853069 756.36937329918146 973.68065805733204
leaf_count=185 338 8550 175 14126 4908 2795
internal_value=-0.000606422 0.00187936 0.00618596 0.00462711 -0.0212552 0.00341883
internal_weight=7706.52 6882.52 4803.05 4632.58 824 4530.95
internal_count=31077 25984 17434 17259 5093 16921
is_linear=0
shrinkage=0.05


Tree=46
num_leaves=7
num_cat=0
split_feature=34 37 36 36 19 16
split_gain=141.548 115.101 112.771 114.516 98.4305 102.066
threshold=5507.9051388888902 0.37797619047619052 1.7748611111111112 1005.0658333333334 4.5000000000000009 9.5000000000000018
decision_type=8 2 8 8 10 10
left_child=1 2 -1 -4 5 -2
right_child=4 -3 3 -5 -6 -7
leaf_value=-0.061560477262336093 -0.029194310294833128 0.0069856249952998904 0.020128873012185092 -0.011766531254145446 -0.031535515621232087 0.016676622751366395
leaf_weight=87.921141937375069 191.02872210741043 4895.836822450161 353.56174129247665 1305.5866780802608 536.55486685782671 312.98818936944008
leaf_count=374 1564 15291 1102 6979 3819 2044
internal_value=0.000365919 0.00305533 -0.00794711 -0.00492962 -0.0167355 -0.00082503
internal_weight=7683.48 6642.91 1747.07 1659.15 1040.57 504.017
internal_count=31173 23746 8455 8081 7427 3608
is_linear=0
shrinkage=0.05


Tree=47
num_leaves=7
num_cat=0
split_feature=14 22 35 27 37 4
split_gain=179.702 126.958 99.0262 91.444 67.8985 66.8395
threshold=18.500000000000004 24.457002346748819 14711.324027777779 2.5000000000000004 0.68857758620689669 2364.5000000000005
decision_type=8 8 10 2 2 10
left_child=2 4 3 5 -2 -1
right_child=1 -3 -4 -5 -6 -7
leaf_value=-0.019805804324436502 0.0023092005095016791 0.061478655183397325 -0.044233024207046862 0.058344086445143023 0.018144337694797692 -0.0027548037816751444
leaf_weight=681.84184342622757 2078.883293941617 107.96922454237938 159.53468257188797 51.812182292342186 1000.1073938384652 3536.3280319720507
leaf_count=4294 7446 184 1388 26 2739 14947
internal_value=0.000350585 0.00939683 -0.00616129 -0.00468878 0.00747379 -0.00553118
internal_weight=7616.48 3186.96 4429.52 4269.98 3078.99 4218.17
internal_count=31024 10369 20655 19267 10185 19241
is_linear=0
shrinkage=0.05


Tree=48
num_leaves=7
num_cat=0
split_feature=36 24 22 36 8 12
split_gain=140.543 121.488 142.902 92.6351 274.871 89.4365
threshold=5118.1291666666675 28.500000000000004 24.457002346748819 3317.0227777777786 1.5000000000000002 18.500000000000004
decision_type=10 8 10 10 10 10
left_child=1 2 5 -3 -5 -1
right_child=-2 3 -4 4 -6 -7
leaf_value=-0.030287358966893687 -0.022161422023560012 0.0042505298012038119 0.037856800718701657 -0.029736965143468276 0.075733106852601081 -0.0045847653085419205
leaf_weight=562.59955295175314 640.85641808062792 5243.2095681875944 136.20160173624754 97.524663396179676 153.89360515028238 843.76767271012068
leaf_count=3997 4089 17616 387 566 566 3903
internal_value=0.000161688 0.00220888 -0.0101689 0.00568991 0.0350394 -0.0149376
internal_weight=7678.05 7037.2 1542.57 5494.63 251.418 1406.37
internal_count=31124 27035 8287 18748 1132 7900
is_linear=0
shrinkage=0.05


Tree=49
num_leaves=7
num_cat=0
split_feature=14 35 36 37 37 8
split_gain=142.007 100.429 75.0129 69.0596 72.1137 94.5731
threshold=1.0000000180025095e-35 14.189861111111112 3493.0963888888896 0.73385416666666681 0.75204918032786894 14.500000000000002
decision_type=10 8 10 2 2 10
left_child=2 -2 -1 -3 -5 -6
right_child=1 3 -4 4 5 -7
leaf_value=-0.0067818227347122995 0.04076429282767275 -0.00010270773899382484 -0.032250158817765676 0.038660199355239296 0.054235418461782474 0.0022814284004748719
leaf_weight=1150.6604681462049 173.22908385843039 4665.4073655381799 382.97477483004332 222.78866319358349 92.171629503369331 894.06834364682436
leaf_count=5784 88 18853 2768 528 296 2707
internal_value=0.000337928 0.00378566 -0.0132258 0.00266148 0.0132844 0.00738601
internal_weight=7581.3 6047.67 1533.64 5874.44 1209.03 986.24
internal_count=31024 22472 8552 22384 3531 3003
is_linear=0
shrinkage=0.05


Tree=50
num_leaves=7
num_cat=0
split_feature=15 22 4 16 23 16
split_gain=131.484 105.372 99.0175 83.5266 103.474 103.398
threshold=1.0000000180025095e-35 35.665644235385699 2364.5000000000005 36.500000000000007 1.1136425435219395 325.50000000000006
decision_type=8 8 10 10 10 10
left_child=-1 2 -2 4 -4 -5
right_child=1 -3 3 5 -6 -7
leaf_value=-0.022635462959197362 -0.01877863464241997 0.04918369182031565 0.037616553151910502 -0.0061526445756145721 -0.005576755391835002 0.0072908007634759327
leaf_weight=607.56548034399748 589.24224674701691 109.07814468443394 347.54443412274122 2785.3838895112276 226.64049193263054 2929.5389542132616
leaf_count=4201 3542 255 1518 11598 1016 8770
internal_value=-0.000423339 0.00152284 0.000731845 0.0025733 0.0206665 0.000738978
internal_weight=7594.99 6987.43 6878.35 6289.11 574.185 5714.92
internal_count=30900 26699 26444 22902 2534 20368
is_linear=0
shrinkage=0.05


Tree=51
num_leaves=7
num_cat=0
split_feature=21 10 29 19 36 23
split_gain=110.206 157.898 111.001 100.607 87.5817 69.5373
threshold=0.6002056202878685 190.50000000000003 2.5000000000000004 247.50000000000003 1.7748611111111112 6.3009915457578591
decision_type=10 8 2 10 8 10
left_child=1 2 4 -2 -1 -6
right_child=3 -3 -4 -5 5 -7
leaf_value=-0.035033562051268965 -0.011146123637074198 0.039274851609309186 0.041796461871606447 0.035989580621124478 0.00085775370396254976 0.030018722979900617
leaf_weight=158.61360977590084 2156.9936926290393 301.62847474217415 167.04910434782505 114.65002552419901 4533.3379147574306 209.1081370934844
leaf_count=674 9824 776 166 245 18546 892
internal_value=0.000527073 0.0044322 0.00232187 -0.00869336 0.000935183 0.00217381
internal_weight=7641.38 5369.74 5068.11 2271.64 4901.06 4742.45
internal_count=31123 21054 20278 10069 20112 19438
is_linear=0
shrinkage=0.05


Tree=52
num_leaves=7
num_cat=0
split_feature=35 24 36 19 8 36
split_gain=124.724 112.754 98.6591 82.2709 106.177 78.1587
threshold=228.41652777777782 17.500000000000004 5118.1291666666675 13.500000000000002 9.5000000000000018 3806.3420833333334
decision_type=8 8 10 10 10 10
left_child=-1 -2 5 4 -4 -3
right_child=1 2 3 -5 -6 -7
leaf_value=0.018103282006474326 -0.017783341254148093 0.0015891124585849432 -0.017863131776747761 -0.043023882808375602 0.053262848249833086 0.034424839685626735
leaf_weight=870.7075410336256 959.13584429770708 5054.8831072449684 246.37287104129791 217.55797418951988 61.326454259455204 182.99765568226576
leaf_count=1099 6299 19580 1487 1443 352 798
internal_value=0.00035368 -0.0019571 0.000689934 -0.0198637 -0.00306227 0.00276804
internal_weight=7592.98 6722.27 5763.14 525.257 307.699 5237.88
internal_count=31058 29959 23660 3282 1839 20378
is_linear=0
shrinkage=0.05


Tree=53
num_leaves=7
num_cat=0
split_feature=37 21 29 15 37 24
split_gain=127.197 119.539 83.9453 77.0456 72.9008 126.422
threshold=0.25833333333333336 0.06277844413982181 2.5000000000000004 85.500000000000014 0.17424242424242428 103.50000000000001
decision_type=2 10 2 10 2 10
left_child=4 -2 3 -3 -1 -6
right_child=1 2 -4 -5 5 -7
leaf_value=0.0010561098848299966 0.072795265463260969 -0.003142215130850621 0.02817581140975919 0.0086362252865035335 -0.038598562557728144 0.0083004555187489379
leaf_weight=422.41675612330437 55.577834732830524 3983.7554568499327 292.10159481316805 2124.7664426937699 497.22535087913275 199.11073715984821
leaf_count=2265 125 17229 341 6523 3642 922
internal_value=0.000184817 0.00288499 0.00222159 0.000958468 -0.0153411 -0.0252247
internal_weight=7574.95 6456.2 6400.62 6108.52 1118.75 696.336
internal_count=31047 24218 24093 23752 6829 4564
is_linear=0
shrinkage=0.05


Tree=54
num_leaves=7
num_cat=0
split_feature=28 37 36 35 1 21
split_gain=136.417 114.969 90.3461 125.019 95.8142 101.431
threshold=2.5000000000000004 0.25833333333333336 47.087083333333339 228.41652777777782 6123.0000000000009 0.54890004782400781
decision_type=2 2 10 10 8 10
left_child=1 -1 4 -4 5 -3
right_child=-2 2 3 -5 -6 -7
leaf_value=-0.015897341072141486 0.039564849081183913 -0.0017666107796869776 0.035690027290375209 0.0031783548626401282 0.024424165618435398 -0.027189150159957872
leaf_weight=1092.4369198232889 208.62138564139605 1013.8143296912313 313.71873610466719 4115.2046584561467 202.80449263006449 635.82906575500965
leaf_count=6804 164 4442 319 14787 706 3817
internal_value=0.000175043 -0.000965437 0.00164205 0.00551894 -0.0076169 -0.0116179
internal_weight=7582.43 7373.81 6281.37 4428.92 1852.45 1649.64
internal_count=31039 30875 24071 15106 8965 8259
is_linear=0
shrinkage=0.05


Tree=55
num_leaves=7
num_cat=0
split_feature=23 24 27 24 8 0
split_gain=103.334 122.317 77.3357 82.6093 120.322 130.833
threshold=12.99467867376177 14.500000000000002 2.5000000000000004 872.50000000000011 15.500000000000002 69.500000000000014
decision_type=8 10 2 10 10 10
left_child=1 -1 3 4 5 -3
right_child=-2 2 -4 -5 -6 -7
leaf_value=-0.019972451199152422 0.034508324018204438 0.003050972661561728 0.056598986535485889 0.016469506344236325 -0.0073747032161928811 0.039252420079107911
leaf_weight=742.05798134952784 208.19522036612034 2127.9213282614946 57.81382392346859 743.46019206941128 3310.2835138142109 277.91245083510876
leaf_count=5053 702 9777 35 2235 12285 896
internal_value=0.000198277 -0.000808782 0.0013868 0.000849247 -0.001195 0.00730556
internal_weight=7467.64 7259.45 6517.39 6459.58 5716.12 2405.83
internal_count=30983 30281 25228 25193 22958 10673
is_linear=0
shrinkage=0.05


Tree=56
num_leaves=7
num_cat=0
split_feature=35 23 24 16 12 34
split_gain=112.541 88.1285 87.6448 66.9072 129.221 62.426
threshold=15925.140833333337 5.936436594464511 17.500000000000004 42.500000000000007 17.500000000000004 8291.2043055555569
decision_type=10 8 10 10 10 10
left_child=1 2 3 4 -1 -4
right_child=-2 -3 5 -5 -6 -7
leaf_value=-0.031281083133520585 -0.043360058902959582 0.023464411928678666 0.0011544454919659357 -0.031701263409217799 0.02244239448233222 0.051555521428081431
leaf_weight=205.27569518983364 141.05417710542679 405.87112256884575 6085.0468712896109 360.20791778713465 234.37705714255571 57.068072989583015
leaf_count=1753 1400 1614 22606 1985 1246 377
internal_value=0.000100815 0.000964037 -0.000367416 -0.0158823 -0.00271101 0.00166429
internal_weight=7488.9 7347.85 6941.98 799.861 439.653 6142.11
internal_count=30981 29581 27967 4984 2999 22983
is_linear=0
shrinkage=0.05


Tree=57
num_leaves=7
num_cat=0
split_feature=37 21 33 35 31 34
split_gain=119.796 101.766 83.4797 70.8074 65.7354 76.8211
threshold=0.25833333333333336 0.06277844413982181 6.5000000000000009 14711.324027777779 1.5000000000000002 7823.1963888888904
decision_type=2 10 2 10 2 10
left_child=3 -2 -3 4 5 -1
right_child=1 2 -4 -5 -6 -7
leaf_value=-0.0094520925413356452 0.067146657172504121 0.0015075769198517335 0.030568651016876919 -0.045687629651997623 -0.069367290594874523 0.061978314368018386
leaf_weight=856.49273810535669 56.839126423001289 6097.3023577928543 252.58982327580452 152.43784942477942 38.525934517383575 34.403263784945011
leaf_count=4966 125 23692 430 1558 14 269
internal_value=0.000709027 0.00331052 0.00268673 -0.0146413 -0.00933201 -0.0063632
internal_weight=7488.59 6406.73 6349.89 1081.86 929.422 890.896
internal_count=31054 24247 24122 6807 5249 5235
is_linear=0
shrinkage=0.05


Tree=58
num_leaves=7
num_cat=0
split_feature=15 31 24 8 37 25
split_gain=141.76 93.1083 96.8892 93.4978 125.645 124.442
threshold=143.50000000000003 1.5000000000000002 14.500000000000002 14.500000000000002 0.6198686371100165 0.77145966112233799
decision_type=10 2 10 10 2 10
left_child=1 2 -1 5 -5 -4
right_child=-2 -3 3 4 -6 -7
leaf_value=-0.019237995208817894 0.013073190755905734 -0.031557891225900359 0.014887850755550809 -0.015230750754829853 0.0068412057171446192 -0.011529864341920196
leaf_weight=731.10330807417631 1585.4425239264965 281.32103946805 1635.7959259748459 1558.218694075942 1093.5230672806501 607.86475494503975
leaf_count=5246 4580 94 7493 7283 3650 2776
internal_value=-0.000178278 -0.00374253 -0.002325 0.000217922 -0.00613299 0.0077209
internal_weight=7493.27 5907.83 5626.51 4895.4 2651.74 2243.66
internal_count=31122 26542 26448 21202 10933 10269
is_linear=0
shrinkage=0.05


Tree=59
num_leaves=7
num_cat=0
split_feature=38 37 0 4 12 25
split_gain=97.7955 116.269 88.2588 86.5183 121.19 78.998
threshold=1.0000000180025095e-35 0.7421798631476052 32.500000000000007 2039.5000000000002 25.500000000000004 0.26785347754006478
decision_type=2 2 10 10 10 10
left_child=3 5 -3 4 -1 -2
right_child=1 2 -4 -5 -6 -7
leaf_value=-0.038427020382692481 0.023416978356810766 0.0558727398547334 0.013284309241878848 -0.0012139000064605324 0.0095933066506988518 -0.0036907422447353651
leaf_weight=371.15217176824808 342.67722235620022 195.8982225805521 319.52630309015512 4891.1227652430534 199.3211887255311 1179.9165621325374
leaf_count=3131 318 198 300 25006 1264 860
internal_value=0.000115459 0.00944885 0.0298522 -0.00337279 -0.0217113 0.00246684
internal_weight=7499.61 2038.02 515.425 5461.6 570.473 1522.59
internal_count=31077 1676 498 29401 4395 1178
is_linear=0
shrinkage=0.05


Tree=60
num_leaves=7
num_cat=0
split_feature=22 34 27 12 14 32
split_gain=105.708 93.2858 66.7265 66.6453 65.0841 128.246
threshold=35.665644235385699 10765.585138888891 2.5000000000000004 570.00000000000011 29.500000000000004 1.5000000000000002
decision_type=8 8 2 10 10 2
left_child=1 2 4 -3 5 -1
right_child=-2 3 -4 -5 -6 -7
leaf_value=-0.001845863734821196 0.048488796439595423 -0.024554423732294259 0.046083703366192823 0.050612357674337985 0.0064078172965029677 -0.037974400463954401
leaf_weight=4149.7906305864453 102.03998243063688 553.65046413242817 72.97422793507576 26.552008539438248 2281.5397800281644 256.13434318453074
leaf_count=18726 302 4506 48 148 7223 139
internal_value=-0.000841968 -0.00156024 9.74767e-05 -0.0207115 -0.000438384 -0.00398683
internal_weight=7442.68 7340.64 6760.44 580.202 6687.46 4405.92
internal_count=31092 30790 26136 4654 26088 18865
is_linear=0
shrinkage=0.05


Tree=61
num_leaves=7
num_cat=0
split_feature=37 22 35 12 8 35
split_gain=91.1038 71.999 54.3241 103.27 92.1898 73.0472
threshold=0.25833333333333336 35.665644235385699 9116.8369444444452 21.500000000000004 11.500000000000002 6954.3427777777788
decision_type=2 8 10 10 10 10
left_child=-1 2 5 4 -4 -2
right_child=1 -3 3 -5 -6 -7
leaf_value=-0.013433521335202345 0.0018187947930419876 0.041148093089102375 0.049410845043961232 0.084167846178838657 -0.04144584317635544 -0.03099371970499264
leaf_weight=1059.6050613299012 5948.7773989289999 112.47496159374714 46.669937424361706 52.310733690857887 55.740552246570587 169.59269039332867
leaf_count=6815 21963 305 263 284 415 996
internal_value=0.000108619 0.00236452 0.00163692 0.0304238 0.000331549 0.000884713
internal_weight=7445.17 6385.57 6273.09 154.721 102.41 6118.37
internal_count=31041 24226 23921 962 678 22959
is_linear=0
shrinkage=0.05


Tree=62
num_leaves=7
num_cat=0
split_feature=35 23 37 24 4 4
split_gain=85.8346 79.881 79.7711 76.7076 100.897 103.923
threshold=15925.140833333337 5.0353701788701182 0.92724867724867732 706.50000000000011 25782.500000000004 48017.000000000007
decision_type=10 8 2 10 10 10
left_child=1 2 3 -1 -5 -6
right_child=-2 -3 -4 4 5 -7
leaf_value=-0.0036097363405782042 -0.03973555099552855 0.019307730048728017 0.056611808260753606 0.035978452434591406 -0.018793664685803187 0.015771099992991974
leaf_weight=5554.6631019711494 127.69432316720486 537.2840291261673 55.319288313388824 285.8377538472414 355.23704636096954 543.80491337180138
leaf_count=24195 1409 1993 130 794 1084 1585
internal_value=0.000119551 0.000840261 -0.000633124 -0.00114462 0.0103783 0.00208517
internal_weight=7459.84 7332.15 6794.86 6739.54 1184.88 899.042
internal_count=31190 29781 27788 27658 3463 2669
is_linear=0
shrinkage=0.05


Tree=63
num_leaves=7
num_cat=0
split_feature=14 28 16 6 4 16
split_gain=89.1646 70.3212 65.1271 78.5846 69.0467 97.8628
threshold=27.500000000000004 2.5000000000000004 973.50000000000011 122.50000000000001 118948.50000000001 1437.5000000000002
decision_type=10 2 10 10 10 10
left_child=1 -1 3 -2 -4 -6
right_child=2 -3 4 -5 5 -7
leaf_value=-0.0042326446741550719 0.0058526607538601227 0.04085817555059424 0.036244847885713964 -0.044141293234971381 0.03087093040564657 -0.036438669173907326
leaf_weight=4766.4678261354566 1961.5986490249634 83.0925362855196 355.57021404802799 76.908435292541981 112.90408656001091 94.635077111423016
leaf_count=22747 6553 51 909 216 329 315
internal_value=0.000586858 -0.00341877 0.00804581 0.00386311 0.0230203 4.34708e-05
internal_weight=7451.18 4849.56 2601.62 2038.51 563.109 207.539
internal_count=31120 22798 8322 6769 1553 644
is_linear=0
shrinkage=0.05


Tree=64
num_leaves=7
num_cat=0
split_feature=38 20 35 8 36 36
split_gain=87.5132 121.017 70.8269 63.3722 94.3788 163.079
threshold=1.0000000180025095e-35 0.087001221801710535 15925.140833333337 12.500000000000002 5118.1291666666675 3317.0227777777786
decision_type=2 10 10 10 10 10
left_child=2 -2 3 -1 5 -5
right_child=1 -3 -4 4 -6 -7
leaf_value=0.0041824972906356981 0.02541552787046546 -0.0001185419112327548 -0.039610830973420386 -0.0066638802366382815 -0.040769594798914705 0.064050334508910248
leaf_weight=2201.4503034502268 715.83937945216894 1302.3497970476747 125.38178779184818 2845.8790557086468 187.94696556031704 78.954540908336639
leaf_count=12831 559 1085 1430 13547 1300 413
internal_value=9.94947e-05 0.00897866 -0.00320005 -0.00230456 -0.00689175 -0.00464893
internal_weight=7457.8 2018.19 5439.61 5314.23 3112.78 2924.83
internal_count=31165 1644 29521 28091 15260 13960
is_linear=0
shrinkage=0.05


Tree=65
num_leaves=7
num_cat=0
split_feature=27 15 36 22 34 20
split_gain=97.9372 63.1944 67.3055 48.4476 49.4422 61.2535
threshold=2.5000000000000004 1.0000000180025095e-35 1.7748611111111112 35.665644235385699 10765.585138888891 0.0042441032121259591
decision_type=2 8 8 8 8 10
left_child=1 -1 -3 4 5 -4
right_child=-2 2 3 -5 -6 -7
leaf_value=-0.016764782240577203 0.054674163871121388 -0.027578585604671454 0.024787699402499072 0.036726093038688269 -0.015675656435163939 0.000799309744991998
leaf_weight=578.99872250854969 74.896487891674042 203.67486533522606 273.9858087003231 89.929188154637814 423.20211705565453 5777.9574771821499
leaf_count=4245 52 815 1072 253 3227 21429
internal_value=-0.000385785 -0.000983816 0.000377466 0.0012651 0.00074465 0.00190489
internal_weight=7422.64 7347.75 6768.75 6565.07 6475.15 6051.94
internal_count=31093 31041 26796 25981 25728 22501
is_linear=0
shrinkage=0.05


Tree=66
num_leaves=7
num_cat=0
split_feature=21 4 36 9 21 35
split_gain=84.5292 83.9083 85.8092 71.2913 70.3661 92.9228
threshold=0.06277844413982181 2364.5000000000005 133.43680555555559 2.5000000000000004 0.6002056202878685 228.41652777777782
decision_type=10 10 8 10 10 10
left_child=-1 2 -2 -4 5 -3
right_child=1 4 3 -5 -6 -7
leaf_value=0.060120231090207289 0.037843578877582454 0.019685414258896854 -0.026302584759835268 0.032707223442943176 -0.0061642686199881161 0.0016333848247859998
leaf_weight=53.737804777920246 62.451996199786663 872.65403644740582 612.22207464650273 51.59616181999445 2005.5406186804175 3802.7811593785882
leaf_count=148 199 2573 4541 319 8490 14946
internal_value=0.000375512 -9.81841e-05 -0.0161784 -0.0215057 0.00166065 0.00502016
internal_weight=7460.98 7407.25 726.27 663.818 6680.98 4675.44
internal_count=31216 31068 5059 4860 26009 17519
is_linear=0
shrinkage=0.05


Tree=67
num_leaves=7
num_cat=0
split_feature=34 35 19 2 8 14
split_gain=88.2918 77.3739 63.7881 81.9475 50.7128 80.8682
threshold=9.8809722222222245 15925.140833333337 6.5000000000000009 3923.0000000000005 12.500000000000002 1.0000000180025095e-35
decision_type=8 10 8 10 10 10
left_child=2 4 -1 -4 -2 -6
right_child=1 -3 3 -5 5 -7
leaf_value=-0.0039531014187409834 0.0041656398101572413 -0.041618616780849375 0.031712452969988293 0.0057934532966956546 -0.024977788962784509 -0.0023396083297265746
leaf_weight=547.8843397051096 2274.7661346569657 118.15493857115507 513.67833243310452 747.01009756326675 455.54657310992479 2760.1496481895447
leaf_count=209 13186 1414 197 282 2884 12882
internal_value=0.000676085 -0.00242298 0.0102669 0.0164379 -0.00154238 -0.00558041
internal_weight=7417.19 5608.62 1808.57 1260.69 5490.46 3215.7
internal_count=31054 30366 688 479 28952 15766
is_linear=0
shrinkage=0.05


Tree=68
num_leaves=7
num_cat=0
split_feature=37 4 36 16 36 4
split_gain=69.0699 81.5522 72.6751 68.037 66.9405 183.461
threshold=0.73385416666666681 195497.00000000003 1.7748611111111112 114.50000000000001 237.7490277777778 32445.000000000004
decision_type=2 10 8 10 8 10
left_child=2 3 -1 -2 5 -4
right_child=1 -3 4 -5 -6 -7
leaf_value=-0.033357111746587592 -0.035113974079495333 0.058025745198373106 0.045528130937602669 0.0091896301029038459 -0.0044819851614487502 -0.0045586000924662468
leaf_weight=188.85991486907005 88.311745591461658 75.367672219872475 257.10294442623854 1229.0596374571323 4914.5004273205996 601.9049680903554
leaf_count=790 547 204 646 3512 23676 1627
internal_value=-0.000899704 0.0091057 -0.00324252 0.00609814 -0.00222942 0.0106092
internal_weight=7355.11 1392.74 5962.37 1317.37 5773.51 859.008
internal_count=31002 4263 26739 4059 25949 2273
is_linear=0
shrinkage=0.05


Tree=69
num_leaves=7
num_cat=0
split_feature=21 4 35 10 8 24
split_gain=72.0202 71.272 86.9768 109.808 67.4012 123.487
threshold=0.06277844413982181 2183.5000000000005 1065.152638888889 21.500000000000004 12.500000000000002 13.500000000000002
decision_type=10 10 8 10 10 10
left_child=-1 2 -2 -4 5 -3
right_child=1 4 3 -5 -6 -7
leaf_value=0.054640604766058858 0.025194090956464518 -0.018132708597419233 -0.028822768177687242 0.068341902933871559 -0.0025344444059341126 0.012732194466968483
leaf_weight=55.164124220609665 104.19051131606102 380.00369460880756 531.36983557790518 26.074291862547398 4250.3119183555245 2055.4448895975947
leaf_count=160 230 2590 4267 135 15098 8499
internal_value=0.000157994 -0.000287941 -0.0158783 -0.0237108 0.00126562 0.00788905
internal_weight=7402.56 7347.4 661.635 557.444 6685.76 2435.45
internal_count=30979 30819 4632 4402 26187 11089
is_linear=0
shrinkage=0.05


Tree=70
num_leaves=7
num_cat=0
split_feature=21 3 8 3 31 24
split_gain=65.1159 65.2561 57.4583 104.737 77.8845 94.4847
threshold=0.06277844413982181 606.50000000000011 12.500000000000002 34840.000000000007 1.5000000000000002 13.500000000000002
decision_type=10 10 10 10 2 10
left_child=-1 -2 3 4 5 -3
right_child=1 2 -4 -5 -6 -7
leaf_value=0.051121698515410041 -0.013030251129617624 -0.016674640849141342 -0.0022112840016947394 0.04214783343576696 -0.041258530495522416 0.011360396263105921
leaf_weight=56.792782142758369 894.91750100627542 361.50220923498273 4096.073899820447 195.86640208959579 84.730440467596054 1672.7355750799179
leaf_count=157 5804 2568 14721 662 28 7103
internal_value=1.03897e-05 -0.000421622 0.00134724 0.00763519 0.00435331 0.00634965
internal_weight=7362.62 7305.83 6410.91 2314.83 2118.97 2034.24
internal_count=31043 30886 25082 10361 9699 9671
is_linear=0
shrinkage=0.05


Tree=71
num_leaves=7
num_cat=0
split_feature=12 27 37 40 21 21
split_gain=58.1036 69.7919 58.2457 56.0327 54.751 65.0485
threshold=5565.5000000000009 2.5000000000000004 0.93541666666666679 4.5000000000000009 0.99496226128362297 0.6002056202878685
decision_type=10 2 2 2 8 10
left_child=1 2 3 -1 5 -5
right_child=-2 -3 -4 4 -6 -7
leaf_value=-0.03847452211679938 0.019583615567904944 0.052939696826831431 0.049983478181278455 -0.00024570209464994341 0.024761730721472981 -0.011333378774579694
leaf_weight=105.24786067008972 312.89865294098854 51.793668702244759 47.058786138892174 4854.9605625495315 173.94446732848883 1813.3216536976397
leaf_count=34 937 42 119 20217 761 8993
internal_value=-0.00132781 -0.00226963 -0.00271597 -0.00310862 -0.00253692 -0.00326703
internal_weight=7359.23 7046.33 6994.53 6947.47 6842.23 6668.28
internal_count=31103 30166 30124 30005 29971 29210
is_linear=0
shrinkage=0.05


Tree=72
num_leaves=7
num_cat=0
split_feature=15 37 36 3 4 19
split_gain=59.2883 54.707 66.7779 101.472 107.002 146.428
threshold=1568.0000000000002 0.25833333333333336 47.087083333333339 42235.500000000007 41151.000000000007 166.50000000000003
decision_type=8 2 10 10 10 10
left_child=1 -1 3 4 -3 -6
right_child=-2 2 -4 -5 5 -7
leaf_value=-0.011855760971294671 0.042710323642021403 -0.00089852641934600223 0.0038877673510079197 0.026129754962453178 -0.019228185854617091 -0.10257864266487147
leaf_weight=1046.1285154484212 72.340571098029613 1024.6718272119761 4362.3820941373706 198.63520605117083 644.59094957262278 52.92692718654871
leaf_count=6823 188 5386 15081 655 2863 148
internal_value=-0.000839255 -0.00129791 0.000467955 -0.00728871 -0.0112076 -0.0262378
internal_weight=7401.68 7329.34 6283.21 1920.82 1722.19 697.518
internal_count=31144 30956 24133 9052 8397 3011
is_linear=0
shrinkage=0.05


Tree=73
num_leaves=7
num_cat=0
split_feature=35 37 24 4 8 8
split_gain=77.5478 70.8925 62.5448 53.3038 75.0515 57.1056
threshold=14.189861111111112 0.25833333333333336 27.500000000000004 86976.500000000015 2.5000000000000004 57.500000000000007
decision_type=8 2 10 10 10 10
left_child=-1 2 -2 4 -4 -6
right_child=1 -3 3 -5 5 -7
leaf_value=0.033210199633339536 -0.034174665867330374 0.0015380629952220478 -0.016728333074176215 -0.029668932173429342 0.032614004875081946 -0.016393891521105399
leaf_weight=170.22238801419735 250.97625716775656 6147.8735647052526 271.7474719285965 168.25732411444187 214.01527621597052 78.050674639642239
leaf_count=98 2378 24166 1713 1020 1180 488
internal_value=0.000348519 -0.000458643 -0.0128904 -0.00541121 0.00202512 0.0194618
internal_weight=7301.14 7130.92 983.047 732.071 563.813 292.066
internal_count=31043 30945 6779 4401 3381 1668
is_linear=0
shrinkage=0.05


Tree=74
num_leaves=7
num_cat=0
split_feature=21 4 12 4 19 35
split_gain=71.8477 63.6943 92.0473 105.751 112.039 78.9629
threshold=0.06277844413982181 2183.5000000000005 26.500000000000004 1075.0000000000002 1.5000000000000002 1065.152638888889
decision_type=10 10 10 10 10 8
left_child=-1 2 5 4 -4 -2
right_child=1 -3 3 -5 -6 -7
leaf_value=0.053608030654833855 0.031601152846407264 0.00050061462781914251 0.0018649972403924084 -0.030033269082283393 0.0932382920551688 -0.037686424447559881
leaf_weight=55.838183045387268 42.449498549103737 6668.4944430999458 88.916475355625153 97.882116429507732 49.080415479838848 365.04704258963466
leaf_count=152 69 26368 487 553 261 3262
internal_value=-0.000504074 -0.00095366 -0.0159146 0.00883279 0.0364869 -0.0301731
internal_weight=7367.71 7311.87 643.376 235.879 137.997 407.497
internal_count=31152 31000 4632 1301 748 3331
is_linear=0
shrinkage=0.05


Tree=75
num_leaves=7
num_cat=0
split_feature=35 23 37 8 20 21
split_gain=61.9752 58.677 66.0407 87.9524 100.518 80.7644
threshold=15925.140833333337 5.0353701788701182 0.73385416666666681 12.500000000000002 0.21540934949295082 0.21896970636889992
decision_type=10 8 2 10 10 8
left_child=1 2 3 5 -5 -1
right_child=-2 -3 -4 4 -6 -7
leaf_value=-0.017406505729974851 -0.036261386278890174 0.017333819140725258 0.0097670757014243249 -0.001774017560349776 -0.02156586614521613 0.0080174951365929361
leaf_weight=361.47186921536922 107.24566546082497 516.43218056857586 1351.1956837028265 1862.461296133697 974.40501440316439 2117.5297288559377
leaf_count=1635 1401 2004 4161 6980 4404 10326
internal_value=0.000605565 0.00118081 -8.24608e-05 -0.00259286 -0.00859809 0.00428276
internal_weight=7290.74 7183.5 6667.06 5315.87 2836.87 2479
internal_count=30911 29510 27506 23345 11384 11961
is_linear=0
shrinkage=0.05


Tree=76
num_leaves=7
num_cat=0
split_feature=17 40 36 36 36 19
split_gain=63.329 74.1882 60.408 103.777 66.6724 79.3238
threshold=3.5000000000000004 15.500000000000002 9504.3365277777793 7084.3868055555567 5118.1291666666675 15.500000000000002
decision_type=8 2 10 10 10 10
left_child=2 -2 3 4 -1 -6
right_child=1 -3 -4 -5 5 -7
leaf_value=-0.00029089679672486107 0.033291830614708473 0.0026073218732272094 -0.037237244479829644 0.052662283015154757 -0.0032869216049452215 -0.053285773209621017
leaf_weight=5917.4393066801131 290.76472473144531 592.69282320141792 110.50179112330079 84.663043200969696 199.14063949882984 127.63796854764223
leaf_count=24621 106 2575 1096 441 1300 1016
internal_value=0.000322645 0.0128368 -0.00140287 -0.000748304 -0.00151403 -0.0233249
internal_weight=7322.84 883.458 6439.38 6328.88 6244.22 326.779
internal_count=31155 2681 28474 27378 26937 2316
is_linear=0
shrinkage=0.05


Tree=77
num_leaves=7
num_cat=0
split_feature=11 12 24 40 31 38
split_gain=75.6477 92.419 100.245 94.642 78.4578 74.3593
threshold=206.50000000000003 788.50000000000011 566.50000000000011 10.500000000000002 2.5000000000000004 2.5000000000000004
decision_type=8 10 10 2 2 2
left_child=1 3 -3 -1 5 -5
right_child=-2 2 -4 4 -6 -7
leaf_value=0.022597770753596529 0.011380871515875475 -0.050017163775689689 -0.0060773282903756375 -0.0021649655383850787 -0.045324285632134864 0.053867535745635957
leaf_weight=403.99588489532471 1159.4290531203151 196.91510926187038 368.08895024657249 4992.5471880920231 99.26325586438179 54.923639923334122
leaf_count=140 3804 788 1118 24995 36 154
internal_value=-0.000300711 -0.00252281 -0.0216956 -0.000553454 -0.00239089 -0.00150255
internal_weight=7275.16 6115.73 565.004 5550.73 5146.73 5047.47
internal_count=31035 27231 1906 25325 25185 25149
is_linear=0
shrinkage=0.05


Tree=78
num_leaves=7
num_cat=0
split_feature=27 36 37 15 12 23
split_gain=52.402 58.2005 57.2081 56.8707 62.8943 78.2051
threshold=2.5000000000000004 1.7748611111111112 0.53229166666666672 1.0000000180025095e-35 74.500000000000014 1.1529941116614466
decision_type=2 8 2 10 10 10
left_child=1 2 -1 -3 -5 -6
right_child=-2 3 -4 4 5 -7
leaf_value=-0.041690800060753118 0.042368806147325806 -0.015602798131134833 0.016269900099321097 0.0060445037202783922 0.0033547313172849246 -0.012173603346112937
leaf_weight=155.30639147758484 65.607359193265438 543.30670415982604 54.881594084203243 3279.7846696712077 1767.6077453643084 1490.3677188381553
leaf_count=684 54 4242 162 14225 6302 5486
internal_value=-0.000499208 -0.000913709 -0.0265305 -0.000135141 0.00116121 -0.00375651
internal_weight=7356.86 7291.25 210.188 7081.07 6537.76 3257.98
internal_count=31155 31101 846 30255 26013 11788
is_linear=0
shrinkage=0.05


Tree=79
num_leaves=7
num_cat=0
split_feature=4 12 34 35 34 4
split_gain=56.5363 79.8035 94.5568 84.671 81.1426 61.9253
threshold=2364.5000000000005 26.500000000000004 2077.9477777777779 1187.8637500000002 4391.0766666666677 1075.0000000000002
decision_type=8 10 10 8 10 10
left_child=1 3 5 -1 -4 -3
right_child=-2 2 4 -5 -6 -7
leaf_value=0.033231381659981012 0.0021919861923377013 0.018055215171772852 0.110646736222379 -0.033093878465423658 -0.0044836081645572377 -0.036053286588014898
leaf_weight=50.588210482150316 6629.7478680200875 109.70044181495905 31.838333919644356 397.29639997333288 25.538183685392141 93.395872488617897
leaf_count=86 26156 515 211 3527 243 502
internal_value=0.00075439 -0.0126216 0.00927615 -0.0253183 0.0631507 -0.00709553
internal_weight=7338.11 708.357 260.473 447.885 57.3765 203.096
internal_count=31240 5084 1471 3613 454 1017
is_linear=0
shrinkage=0.05


Tree=80
num_leaves=7
num_cat=0
split_feature=0 16 36 36 31 35
split_gain=53.1588 85.5899 61.4003 96.1535 54.8666 70.7215
threshold=25.500000000000004 36.500000000000007 9504.3365277777793 7084.3868055555567 1.5000000000000002 14.189861111111112
decision_type=10 10 10 10 2 8
left_child=2 -2 3 4 5 -1
right_child=1 -3 -4 -5 -6 -7
leaf_value=0.059895431331517493 0.030790420880532167 0.0024084610838694884 -0.044654479510049694 0.062100037443634154 -0.035844504767157177 -0.003859027638688289
leaf_weight=39.220807000994682 279.53667611628771 4018.6540037840605 86.774050816893578 50.483569636940956 127.05827009677887 2694.1813705675304
leaf_count=20 1196 13987 960 269 43 14521
internal_value=0.000725673 0.00428794 -0.00438061 -0.00310555 -0.0043627 -0.00283654
internal_weight=7295.91 4298.19 2997.72 2910.94 2860.46 2733.4
internal_count=30996 15183 15813 14853 14584 14541
is_linear=0
shrinkage=0.05


Tree=81
num_leaves=7
num_cat=0
split_feature=38 21 25 10 21 29
split_gain=64.9733 72.6932 75.3251 68.5229 74.3743 65.6283
threshold=3.5000000000000004 0.6002056202878685 0.50021097046413521 403.50000000000006 0.49277845655650593 3.5000000000000004
decision_type=2 10 10 8 10 2
left_child=1 2 3 4 -1 -3
right_child=-2 5 -4 -5 -6 -7
leaf_value=0.032813497516397803 0.028681853767052623 -0.0082754351275802288 -0.0013553274499212443 0.065141167078426168 -0.0014216791789184915 -0.056811847750061532
leaf_weight=244.82819214463234 171.33328729867935 1969.9605254381895 4382.2223911248147 59.633679255843163 433.56755100563169 67.419970788061619
leaf_count=1027 131 9929 17600 177 2199 94
internal_value=-0.00130379 -0.00204109 0.00113915 0.0158601 0.0110832 -0.0100167
internal_weight=7328.97 7157.63 5120.25 738.029 678.396 2037.38
internal_count=31157 31026 21003 3403 3226 10023
is_linear=0
shrinkage=0.05


Tree=82
num_leaves=7
num_cat=0
split_feature=36 36 24 34 19 36
split_gain=53.0275 74.796 117.64 110.054 200.699 69.5017
threshold=5118.1291666666675 6841.5052777777792 68.500000000000014 7823.1963888888904 18.500000000000004 3806.3420833333334
decision_type=10 10 10 10 10 10
left_child=5 3 -3 -2 -5 -1
right_child=1 2 -4 4 -6 -7
leaf_value=0.00032785887153040366 -0.042056982862329173 -0.02104486189974334 0.053834652684539547 0.14086564382069969 -0.041452258848250254 0.029967791646445582
leaf_weight=6602.5586735829711 279.45264619588852 130.08466900140047 80.907635316252708 20.332347311079502 33.332631923258305 198.89090842008591
leaf_count=26128 1856 1254 424 163 402 939
internal_value=1.01679e-05 -0.0149365 0.00825015 -0.0295274 0.0337422 0.00121598
internal_weight=7345.56 544.11 210.992 333.118 53.665 6801.45
internal_count=31166 4099 1678 2421 565 27067
is_linear=0
shrinkage=0.05


Tree=83
num_leaves=7
num_cat=0
split_feature=21 14 10 40 36 4
split_gain=54.6328 55.3891 61.9945 49.9003 48.7317 77.5932
threshold=0.06277844413982181 1.0000000180025095e-35 2.5000000000000004 10.500000000000002 51.192083333333336 11479.000000000002
decision_type=10 10 10 2 8 10
left_child=-1 2 -2 -3 5 -5
right_child=1 3 -4 4 -6 -7
leaf_value=0.048462472558452423 -0.012961718754135543 0.017197852682788388 0.020099468687341752 0.019058006371428186 0.0029541416077558356 -0.016450360837253236
leaf_weight=53.76386996358633 1191.7030701823533 498.83556437492371 156.33476845175028 187.41222983598709 4437.0817345194519 771.5495093986392
leaf_count=155 7557 172 804 732 19149 2462
internal_value=0.000446357 5.67496e-05 -0.00906744 0.00214918 0.000743377 -0.00944802
internal_weight=7296.68 7242.92 1348.04 5894.88 5396.04 958.962
internal_count=31031 30876 8361 22515 22343 3194
is_linear=0
shrinkage=0.05


Tree=84
num_leaves=7
num_cat=0
split_feature=37 35 35 19 36 21
split_gain=47.8019 64.4905 75.8228 75.4591 56.8065 52.1041
threshold=0.25833333333333336 8988.4988888888893 6954.3427777777788 13.500000000000002 1.4283333333333335 0.36829412760196317
decision_type=2 10 10 10 8 10
left_child=-1 2 4 -3 5 -2
right_child=1 3 -4 -5 -6 -7
leaf_value=-0.010574780772853676 -0.066582637370339232 0.057693051758709937 -0.03327341059491256 -0.014152890706303455 0.0019335178474685875 0.0023360766103778215
leaf_weight=1003.2148382104933 53.571428894996643 98.88099430501461 158.27903705090284 53.812484011054039 5827.1002509146929 50.954964935779572
leaf_count=6813 226 550 968 443 21842 190
internal_value=-0.000472542 0.0011581 0.000340365 0.0327271 0.00126458 -0.0344129
internal_weight=7245.81 6242.6 6089.91 152.693 5931.63 104.526
internal_count=31032 24219 23226 993 22258 416
is_linear=0
shrinkage=0.05


Tree=85
num_leaves=7
num_cat=0
split_feature=27 15 32 2 24 14
split_gain=76.0491 61.4089 104.1 56.6745 69.5431 77.7825
threshold=2.5000000000000004 138.50000000000003 1.5000000000000002 3923.0000000000005 156.50000000000003 192.50000000000003
decision_type=2 8 2 10 10 10
left_child=1 2 -1 -3 -5 -6
right_child=-2 3 -4 4 5 -7
leaf_value=-0.00037679189037002507 0.053256932017668929 0.022428208644952832 -0.02783366366797721 0.014301859546753396 0.00036518496946896822 -0.045255785658275489
leaf_weight=5266.1656244434416 63.293979831039906 519.8308744058013 364.44250877946615 545.47368878126144 351.36316348612309 122.23644253611565
leaf_count=26029 52 1528 228 1799 994 306
internal_value=0.000743847 0.000243459 -0.00217706 0.00907813 0.00219198 -0.0117594
internal_weight=7232.81 7169.51 5630.61 1538.9 1019.07 473.6
internal_count=30936 30884 26257 4627 3099 1300
is_linear=0
shrinkage=0.05


Tree=86
num_leaves=7
num_cat=0
split_feature=28 24 21 35 35 21
split_gain=61.4315 53.621 83.8844 83.8066 94.0384 60.1611
threshold=2.5000000000000004 28.500000000000004 0.40633355614973271 393.81013888888896 2533.575416666667 0.99496226128362297
decision_type=2 10 8 10 8 10
left_child=1 2 3 -1 -5 -4
right_child=-2 -3 5 4 -6 -7
leaf_value=0.042741767189905244 0.030288950547739391 0.0014777406979067662 -0.021283926141162132 -0.040352598966573984 0.020680490367324892 0.011948932961886427
leaf_weight=129.21079951524734 158.33694077283144 5645.4592839255929 915.48383229970932 107.67365944385529 138.74799701571465 156.50025535747409
leaf_count=603 164 21780 6681 376 933 680
internal_value=-2.78409e-05 -0.000725454 -0.00929305 0.0109358 -0.00625999 -0.0163993
internal_weight=7251.41 7093.08 1447.62 375.632 246.422 1071.98
internal_count=31217 31053 9273 1912 1309 7361
is_linear=0
shrinkage=0.05


Tree=87
num_leaves=7
num_cat=0
split_feature=0 16 3 21 10 32
split_gain=60.7903 73.6696 69.7696 71.634 92.8825 69.8456
threshold=25.500000000000004 40.500000000000007 42235.500000000007 0.6250428375599727 2.5000000000000004 1.5000000000000002
decision_type=8 10 10 10 10 2
left_child=2 -2 3 4 5 -1
right_child=1 -3 -4 -5 -6 -7
leaf_value=-0.0059188792835720158 0.026909671310030761 0.0011464298093287258 0.04814666872868132 -0.02248993394304297 0.016845462417552332 -0.047993439890510178
leaf_weight=1768.3558750487864 293.43770868331194 3959.1226865500212 52.701482214033604 615.87562130391598 452.59235788136721 99.663409657776356
leaf_count=9483 1309 13902 169 4420 1763 41
internal_value=-0.000886046 0.00295367 -0.00634442 -0.00740256 -0.00335872 -0.00828579
internal_weight=7241.75 4252.56 2989.19 2936.49 2320.61 1868.02
internal_count=31087 15211 15876 15707 11287 9524
is_linear=0
shrinkage=0.05


Tree=88
num_leaves=7
num_cat=0
split_feature=21 29 23 23 37 32
split_gain=68.485 92.0164 91.012 76.96 85.3154 64.2164
threshold=0.6002056202878685 2.5000000000000004 1.2306355165679366 2.5905326821396195 0.48333333333333339 1.5000000000000002
decision_type=10 2 10 10 2 2
left_child=1 -1 -2 5 -5 -4
right_child=2 -3 3 4 -6 -7
leaf_value=0.002412656727487902 0.0019149097130185993 0.043426830026523193 -0.025383081506997904 0.039738885097707038 -0.015187954125703149 -0.085578766470216769
leaf_weight=4998.6635428927839 1182.1044347137213 135.63494954258204 483.47596770897508 89.033842004835606 279.92639238759875 45.349135100841522
leaf_count=20798 5771 175 2559 378 1331 43
internal_value=0.000436913 0.00353734 -0.00720676 -0.0191612 -0.00157944 -0.0312983
internal_weight=7214.19 5134.3 2079.89 897.785 368.96 528.825
internal_count=31055 20973 10082 4311 1709 2602
is_linear=0
shrinkage=0.05


Tree=89
num_leaves=7
num_cat=0
split_feature=11 12 32 16 38 21
split_gain=55.79 96.1996 91.3241 90.4723 96.8645 87.5775
threshold=206.50000000000003 952.50000000000011 3.5000000000000004 22.500000000000004 1.5000000000000002 0.1972920063116681
decision_type=8 10 2 10 2 10
left_child=1 -1 3 -2 -5 -3
right_child=2 5 -4 4 -6 -7
leaf_value=0.0003588248449818584 0.053587244677498085 0.00042444383975143401 0.058067973644548979 0.0073580748890074398 -0.042216289350874653 -0.04339428005834281
leaf_weight=5601.350780300796 87.779818527400494 209.26426999270916 87.74323558807373 900.94124716520309 105.57003505527973 245.30549674481153
leaf_count=25570 297 649 87 3355 108 858
internal_value=0.000496506 -0.00144519 0.0104086 0.0063404 0.00197539 -0.0234369
internal_weight=7237.95 6055.92 1182.03 1094.29 1006.51 454.57
internal_count=30924 27077 3847 3760 3463 1507
is_linear=0
shrinkage=0.05


Tree=90
num_leaves=7
num_cat=0
split_feature=25 0 24 8 25 24
split_gain=69.5673 87.5945 77.5113 81.1442 128.27 103.911
threshold=0.22239159891598917 109.50000000000001 14.500000000000002 14.500000000000002 0.84023383886417879 872.50000000000011
decision_type=10 8 10 10 10 10
left_child=1 -1 -2 4 -4 -5
right_child=2 -3 3 5 -6 -7
leaf_value=0.0028367842097557017 -0.024738609179512858 0.035924927172011824 0.012669420007755781 -0.0088996586916654692 -0.017009426599565159 0.013049549479326433
leaf_weight=637.59144323319197 331.88067644461989 287.10143673419952 1924.8667636029422 2910.4780077561736 444.13581458851695 656.94301882386208
leaf_count=3229 3111 748 8598 11383 1971 1905
internal_value=0.000484122 0.013248 -0.00140786 -8.38101e-05 0.00708118 -0.00484509
internal_weight=7193 924.693 6268.3 5936.42 2369 3567.42
internal_count=30945 3977 26968 23857 10569 13288
is_linear=0
shrinkage=0.05


Tree=91
num_leaves=7
num_cat=0
split_feature=23 24 31 8 19 37
split_gain=47.1902 53.3869 75.5221 88.7152 133.855 120.68
threshold=5.936436594464511 706.50000000000011 1.5000000000000002 59.500000000000007 50.500000000000007 0.58514492753623204
decision_type=8 10 2 10 10 2
left_child=1 2 3 -1 -5 -6
right_child=-2 -3 -4 4 5 -7
leaf_value=0.0026627063843099319 0.015920997267486074 0.0084607816287289653 -0.029276715789980187 -0.034111125743135164 -0.022409558011029163 0.0089785349828474161
leaf_weight=3628.9390940032899 431.55531236156821 1213.2596204280853 257.36474378407001 457.49883377924562 484.27597852796316 813.81615050137043
leaf_count=18924 1669 3498 88 2353 2056 2503
internal_value=-1.86905e-05 -0.00103302 -0.0030803 -0.00180219 -0.0110128 -0.0027724
internal_weight=7286.71 6855.15 5641.89 5384.53 1755.59 1298.09
internal_count=31091 29422 25924 25836 6912 4559
is_linear=0
shrinkage=0.05


Tree=92
num_leaves=7
num_cat=0
split_feature=27 12 12 36 36 11
split_gain=61.0137 56.2146 70.0068 77.9214 58.4132 50.7711
threshold=2.5000000000000004 5565.5000000000009 7584.0000000000009 387.55138888888894 21.719305555555561 1590.5000000000002
decision_type=2 8 10 10 10 10
left_child=1 5 -3 4 -4 -1
right_child=-2 2 3 -5 -6 -7
leaf_value=-0.0013710681705200439 0.050649914498037733 0.061626891327521763 0.022993251949920371 0.041515841616910659 -0.038162752512869297 -0.038313360589339908
leaf_weight=6814.4344233460724 52.81142283976078 70.47398142516613 59.020453825592995 93.114571884274483 97.039562985301018 89.304819129407406
leaf_count=30032 50 168 222 224 337 238
internal_value=-0.000512613 -0.000921448 0.0194132 0.00649647 -0.0150383 -0.00187633
internal_weight=7276.2 7223.39 319.649 249.175 156.06 6903.74
internal_count=31271 31221 951 783 559 30270
is_linear=0
shrinkage=0.05


Tree=93
num_leaves=7
num_cat=0
split_feature=27 14 32 6 40 16
split_gain=53.4658 49.6363 83.0086 60.1331 77.0979 66.1249
threshold=2.5000000000000004 18.500000000000004 1.5000000000000002 121.50000000000001 11.500000000000002 958.50000000000011
decision_type=2 8 2 10 2 8
left_child=1 2 -1 4 -3 -5
right_child=-2 3 -4 5 -6 -7
leaf_value=-0.0018677043177029906 0.049995208279803277 0.025550786343935584 -0.034091565484186133 -0.053797510446212615 0.0030709870329824985 0.0074841098229052371
leaf_weight=3883.7807413302362 49.013877216726542 448.73406624794006 205.74535041302443 83.985151462256908 2405.282440777868 84.992454767227173
leaf_count=20593 49 151 108 213 9748 256
internal_value=0.000437345 6.09497e-05 -0.00352855 0.00491465 0.00664397 -0.0236448
internal_weight=7161.53 7112.52 4089.53 3022.99 2854.02 168.978
internal_count=31118 31069 20701 10368 9899 469
is_linear=0
shrinkage=0.05


Tree=94
num_leaves=7
num_cat=0
split_feature=29 21 24 11 8 16
split_gain=57.3402 46.4237 52.5546 53.7845 57.2363 79.8841
threshold=4.5000000000000009 0.06277844413982181 14.500000000000002 206.50000000000003 18.500000000000004 766.50000000000011
decision_type=2 10 10 10 10 8
left_child=1 -1 -3 4 5 -4
right_child=-2 2 3 -5 -6 -7
leaf_value=0.045405805986135514 0.039568313335097784 -0.013223483007125149 0.0025075546839234126 0.01206413462937014 -0.0056374061453653423 0.043142654484926816
leaf_weight=49.86533135175705 85.835979267954826 750.99829782173038 2222.8946528211236 892.43860138207674 3072.0119218938053 122.96606587618589
leaf_count=152 113 5425 10345 2836 11718 386
internal_value=9.39068e-05 -0.000410039 -0.000765479 0.000726459 -0.0011505 0.00472481
internal_weight=7197.01 7111.17 7061.31 6310.31 5417.87 2345.86
internal_count=30975 30862 30710 25285 22449 10731
is_linear=0
shrinkage=0.05


Tree=95
num_leaves=7
num_cat=0
split_feature=21 29 29 25 0 24
split_gain=44.1976 40.0504 54.041 47.5784 90.9093 56.466
threshold=0.06277844413982181 4.5000000000000009 3.5000000000000004 0.22239159891598917 27.500000000000004 14.500000000000002
decision_type=10 2 2 10 10 10
left_child=-1 2 3 4 -2 -5
right_child=1 -3 -4 5 -6 -7
leaf_value=0.043712051679792724 -0.011364487779342528 0.032255764154596404 -0.048934602162471773 -0.022854759807653797 0.02207214097533184 -0.0012430610151754752
leaf_weight=51.223854474723339 313.55179995670915 85.539435178041458 53.829043284058571 313.61656457558274 560.2543373554945 5897.0044348463416
leaf_count=150 2003 114 74 3067 1885 23791
internal_value=-0.000448207 -0.000791365 -0.00120968 -0.000812796 0.0100775 -0.00235189
internal_weight=7275.02 7223.8 7138.26 7084.43 873.806 6210.62
internal_count=31084 30934 30820 30746 3888 26858
is_linear=0
shrinkage=0.05


Tree=96
num_leaves=7
num_cat=0
split_feature=20 16 0 16 4 2
split_gain=50.608 66.4731 52.4757 88.8063 60.7188 74.4139
threshold=0.0065729372830359185 40.500000000000007 17.500000000000004 36.500000000000007 2535.5000000000005 915.50000000000011
decision_type=10 8 10 10 10 10
left_child=1 -1 -2 4 -4 -6
right_child=2 -3 3 -5 5 -7
leaf_value=-0.021311742740073782 -0.0086085577563430465 0.025686412243728175 -0.025051339835667444 -0.00092565342217038136 0.072246462033285996 0.017821956932391674
leaf_weight=90.951063837856054 1794.2277586311102 356.12397360801697 59.911651570349932 4520.0426483526826 71.390977188944817 390.21703961119056
leaf_count=594 10487 1361 550 16338 307 1527
internal_value=-0.000207178 0.0159953 -0.00127777 0.0013371 0.0207711 0.0269231
internal_weight=7282.87 447.075 6835.79 5041.56 521.52 461.608
internal_count=31164 1955 29209 18722 2384 1834
is_linear=0
shrinkage=0.05


Tree=97
num_leaves=7
num_cat=0
split_feature=11 12 21 16 24 23
split_gain=48.6936 106.04 85.937 74.2097 96.6002 76.8146
threshold=184.50000000000003 834.50000000000011 0.1972920063116681 36.500000000000007 24.500000000000004 3.4094750756972743
decision_type=8 10 10 10 10 10
left_child=1 -1 -3 -2 5 -5
right_child=3 2 -4 4 -6 -7
leaf_value=0.00033349676469697715 0.040904063914701826 -0.0008709646417004417 -0.041076110686528014 -0.036275532640264486 0.013028169730714703 0.028173079706324624
leaf_weight=5460.7109959311783 155.65824641287327 242.37075664103031 289.8865585103631 200.69953496754169 789.62179686129093 55.594543188810349
leaf_count=25272 576 683 1025 819 2435 180
internal_value=9.22101e-05 -0.0017515 -0.0229466 0.00925705 0.00437499 -0.0220239
internal_weight=7194.54 5992.97 532.257 1201.57 1045.92 256.294
internal_count=30990 26980 1708 4010 3434 999
is_linear=0
shrinkage=0.05


Tree=98
num_leaves=7
num_cat=0
split_feature=12 12 15 4 23 36
split_gain=54.727 64.2282 106.656 101.772 88.6764 83.3796
threshold=5565.5000000000009 74.500000000000014 177.50000000000003 202207.00000000003 0.95345255857718747 2290.9488888888895
decision_type=8 10 8 10 10 10
left_child=1 2 3 -1 5 -3
right_child=-2 4 -4 -5 -6 -7
leaf_value=-0.0021734886449593857 0.020086836929605466 0.010258635193515534 0.025471153580341029 0.038152317776364908 -0.013945155515563679 -0.021258905574797881
leaf_weight=3217.8176576606929 303.45438972115517 966.29362121969461 454.01135255023837 159.44347127526999 1797.0149230286479 262.77032713592052
leaf_count=16663 931 3210 1385 539 6919 1293
internal_value=-0.000516505 -0.00144222 0.00285712 -0.000216086 -0.00688129 0.00346144
internal_weight=7160.81 6857.35 3831.27 3377.26 3026.08 1229.06
internal_count=30940 30009 18587 17202 11422 4503
is_linear=0
shrinkage=0.05


Tree=99
num_leaves=7
num_cat=0
split_feature=11 28 4 12 4 36
split_gain=46.9539 38.2942 38.153 85.7062 116.64 63.3492
threshold=6262.5000000000009 2.5000000000000004 2364.5000000000005 32.500000000000007 1075.0000000000002 133.43680555555559
decision_type=8 2 10 10 10 8
left_child=1 2 3 5 -5 -1
right_child=-2 -3 -4 4 -6 -7
leaf_value=0.036598539382856191 0.032767749045003312 0.025522267384659708 0.00011172685723191987 0.046042833389527436 -0.024556379194672191 -0.030559108549583193
leaf_weight=34.181632339954376 102.11851198971272 132.74000189825892 6282.2443321943283 117.66619349643588 107.41571248695254 410.12107460573316
leaf_count=133 284 160 25564 621 645 3675
internal_value=-8.8499e-05 -0.000584886 -0.00110138 -0.012403 0.0125493 -0.0250427
internal_weight=7186.49 7084.37 6951.63 669.385 225.082 444.303
internal_count=31082 30798 30638 5074 1266 3808
is_linear=0
shrinkage=0.05


Tree=100
num_leaves=7
num_cat=0
split_feature=24 24 23 36 3 36
split_gain=55.3833 73.7994 73.1781 65.1025 135.86 119.139
threshold=872.50000000000011 1076.5000000000002 0.48638513372428915 47.087083333333339 53915.500000000007 24.626666666666669
decision_type=8 10 10 8 10 10
left_child=2 -2 -1 4 5 -4
right_child=1 -3 3 -5 -6 -7
leaf_value=-0.014805009174794846 0.033754329025028444 0.0012525061181964565 -0.0070534757957620882 0.0031493710384359955 0.046148338721584574 -0.053135361326357704
leaf_weight=838.22123409435153 272.49286046624184 472.36502277851105 532.97793053463101 4886.5122740119696 84.336060218513012 186.3175630569458
leaf_count=4438 815 1433 1551 22177 206 577
internal_value=0.000418804 0.0132885 -0.00105862 0.000977597 -0.0121658 -0.0192744
internal_weight=7273.22 744.858 6528.37 5690.14 803.632 719.295
internal_count=31197 2248 28949 24511 2334 2128
is_linear=0
shrinkage=0.05


Tree=101
num_leaves=7
num_cat=0
split_feature=27 24 24 24 18 33
split_gain=52.045 49.406 85.0081 63.6107 60.1434 91.964
threshold=2.5000000000000004 872.50000000000011 1076.5000000000002 1151.5000000000002 29.500000000000004 4.5000000000000009
decision_type=2 8 10 10 10 2
left_child=1 4 -3 -4 5 -1
right_child=-2 2 3 -5 -6 -7
leaf_value=-0.0026741447386069636 0.049334982821077428 0.033358375690817718 -0.033994688502729062 0.0090040461478661377 0.010522532819972459 -0.038901574250983062
leaf_weight=5396.0116809122264 47.619893226772547 275.37762187421322 109.40400649607182 341.70281907916069 831.86428940296173 176.11198683083057
leaf_count=26133 51 846 282 1146 2362 327
internal_value=-0.000208984 -0.000574195 0.0117371 -0.0016825 -0.00197889 -0.00385299
internal_weight=7178.09 7130.47 726.484 451.107 6403.99 5572.12
internal_count=31147 31096 2274 1428 28822 26460
is_linear=0
shrinkage=0.05


Tree=102
num_leaves=7
num_cat=0
split_feature=21 35 12 8 8 24
split_gain=55.8692 49.6954 39.786 36.7913 81.8769 111.191
threshold=0.99496226128362297 14.189861111111112 30791.500000000004 15.500000000000002 1.0000000180025095e-35 359.50000000000006
decision_type=8 8 10 10 10 10
left_child=1 -1 3 4 -3 -6
right_child=-2 2 -4 -5 5 -7
leaf_value=0.028539657775887736 0.026950233865005314 -0.0076277863030041089 0.027253601304681463 -0.0054118942395479808 0.014498412173025747 -0.023935775381184542
leaf_weight=133.7163618542254 177.3571445569396 1230.7494328394532 111.6976572573185 3809.5301080271602 1416.2675456926227 212.29706062376499
leaf_count=91 758 7151 345 15066 6734 848
internal_value=-0.000367922 -0.00108763 -0.00169249 -0.00219737 0.00208738 0.00943027
internal_weight=7091.62 6914.26 6780.54 6668.84 2859.31 1628.56
internal_count=30993 30235 30144 29799 14733 7582
is_linear=0
shrinkage=0.05


Tree=103
num_leaves=7
num_cat=0
split_feature=37 35 8 36 36 4
split_gain=45.7207 62.363 95.8389 70.7586 55.2193 64.7011
threshold=0.25833333333333336 8988.4988888888893 1.0000000180025095e-35 5397.7402777777779 3806.3420833333334 61089.000000000007
decision_type=2 10 10 10 10 10
left_child=-1 3 -3 4 -2 -6
right_child=1 2 -4 -5 5 -7
leaf_value=-0.009791456009832852 0.00099051333947472692 0.088179545606370036 0.0057133619461711017 -0.040002423365593585 -0.0052800075952517504 0.062582182866322986
leaf_weight=970.29513403773308 5786.867274094373 47.298978857696056 110.31577707082033 98.271266348659992 61.796503335237503 74.228643365204334
leaf_count=6817 22113 258 775 518 264 280
internal_value=0.000270114 0.00185679 0.0324112 0.00103074 0.00174472 0.0326581
internal_weight=7149.07 6178.78 157.615 6021.16 5922.89 136.025
internal_count=31025 24208 1033 23175 22657 544
is_linear=0
shrinkage=0.05


Tree=104
num_leaves=7
num_cat=0
split_feature=23 17 34 4 8 35
split_gain=40.0157 59.8681 52.3159 135.202 40.2431 71.7408
threshold=5.936436594464511 51.500000000000007 10765.585138888891 138948.50000000003 1.0000000180025095e-35 13499.816805555558
decision_type=10 10 8 10 10 8
left_child=1 2 4 -4 -1 -6
right_child=-2 -3 3 -5 5 -7
leaf_value=-0.0079731192475280526 0.015018156504817089 -0.053334530078672206 -0.026150032693412897 0.083162773084777084 0.0013135317652741545 0.030713066245009815
leaf_weight=1099.8057765327394 418.94483281299472 48.831741377711296 366.21921940892935 25.776756778359413 5048.2940505333245 211.42894953116775
leaf_count=6003 1668 63 3770 156 18235 1212
internal_value=0.000114056 -0.00081449 -0.000395441 -0.018005 0.00070329 0.00252337
internal_weight=7219.3 6800.36 6751.52 391.996 6359.53 5259.72
internal_count=31107 29439 29376 3926 25450 19447
is_linear=0
shrinkage=0.05


Tree=105
num_leaves=7
num_cat=0
split_feature=21 36 23 4 12 40
split_gain=42.7576 62.371 87.939 59.6085 75.436 55.5925
threshold=0.6002056202878685 813.90597222222243 2.6525021272327147 134456.00000000003 254.50000000000003 14.500000000000002
decision_type=10 10 10 10 10 2
left_child=-1 -2 3 5 -5 -3
right_child=1 2 -4 4 -6 -7
leaf_value=0.0018983493058978521 -0.01330550006301535 -0.043806213508968656 0.070445979046106985 -0.0085490150959977289 0.063328308257454113 -0.00030439421391893247
leaf_weight=5106.7448684424162 1289.3596675917506 81.571217060089111 42.784483224153519 68.143641479313374 71.091237716376781 484.71133086830378
leaf_count=21163 5933 26 160 289 203 3399
internal_value=-0.0005455 -0.00665988 0.00480315 0.000354672 0.0290736 -0.00689925
internal_weight=7144.41 2037.66 748.302 705.517 139.235 566.283
internal_count=31173 10010 4077 3917 492 3425
is_linear=0
shrinkage=0.05


Tree=106
num_leaves=7
num_cat=0
split_feature=2 4 30 12 4 19
split_gain=44.8203 37.3734 55.6338 64.5444 73.0527 66.5759
threshold=1.0000000180025095e-35 2183.5000000000005 2.5000000000000004 32.500000000000007 1075.0000000000002 1.0000000180025095e-35
decision_type=10 8 2 10 10 10
left_child=-1 2 3 -2 5 -5
right_child=1 -3 -4 4 -6 -7
leaf_value=0.044404785668130012 -0.029228923276213816 -0.00028117614643667036 0.048552755346959596 -0.00013471469598900403 -0.026651316576670178 0.080063986858520106
leaf_weight=48.904841139912605 365.74567559361458 6563.2518367506564 29.388205602765083 59.227405842393637 84.268520675599575 40.933759406208992
leaf_count=227 3432 26380 58 311 505 246
internal_value=-0.00101855 -0.00136039 -0.013475 -0.0171957 0.0068092 0.0348892
internal_weight=7191.72 7142.82 579.564 550.175 184.43 100.161
internal_count=31159 30932 4552 4494 1062 557
is_linear=0
shrinkage=0.05


Tree=107
num_leaves=7
num_cat=0
split_feature=12 40 29 16 12 22
split_gain=44.3611 106.65 76.7938 85.9801 74.4578 79.449
threshold=74.500000000000014 11.500000000000002 1.5000000000000002 465.50000000000006 27.500000000000004 0.787885923427874
decision_type=10 2 2 10 8 10
left_child=1 -1 -2 -4 -3 -6
right_child=2 4 3 -5 5 -7
leaf_value=0.025431153603578532 -0.0013585638450224575 -0.0031240189332798884 -0.053703729513067545 -0.0028303934799846771 0.0375374507978532 0.0025162159972735481
leaf_weight=499.06244552135468 3040.4060835801065 2620.6474838666618 151.10766137391329 178.73573087155819 249.15494064241648 448.5352461412549
leaf_count=173 12014 14976 170 276 1355 2127
internal_value=0.000313772 0.00400216 -0.00386371 -0.0265904 0.000745921 0.0152009
internal_weight=7187.65 3817.4 3370.25 329.843 3318.34 697.69
internal_count=31091 18631 12460 446 18458 3482
is_linear=0
shrinkage=0.05


Tree=108
num_leaves=7
num_cat=0
split_feature=36 36 16 36 34 19
split_gain=47.0647 70.392 93.816 84.6834 89.6392 181.741
threshold=9504.3365277777793 6841.5052777777792 83.500000000000014 5118.1291666666675 8051.884027777779 18.500000000000004
decision_type=10 10 10 10 10 10
left_child=1 3 -3 -1 -5 -6
right_child=-2 2 -4 4 5 -7
leaf_value=0.00097584281546551118 -0.032302799083132869 0.098245969696779303 0.0031347008247079398 -0.036975003652786831 0.14160795991434355 -0.041978307910557719
leaf_weight=6739.0591642707586 106.63931303843856 37.553800031542778 67.237510502338409 261.65535518154502 17.943283230066299 28.706761628389359
leaf_count=27003 1112 206 370 1868 141 388
internal_value=-8.85931e-05 0.000413955 0.0401414 -0.000204817 -0.0256158 0.0355082
internal_weight=7258.8 7152.16 104.791 7047.36 308.305 46.65
internal_count=31088 29976 576 29400 2397 529
is_linear=0
shrinkage=0.05


Tree=109
num_leaves=7
num_cat=0
split_feature=36 37 15 12 35 34
split_gain=37.8676 41.2029 36.3352 56.2594 66.094 63.549
threshold=1.7748611111111112 0.53229166666666672 1.0000000180025095e-35 74.500000000000014 205.22361111111113 4100.3929166666676
decision_type=8 2 8 10 8 10
left_child=1 -1 -2 4 -4 -5
right_child=2 -3 3 5 -6 -7
leaf_value=-0.034630439248281249 -0.012711076856023924 0.01553802505914937 0.027635706259709909 -0.0050940902003041456 0.0035348448293219558 0.02654456400097845
leaf_weight=148.95138935744762 498.50282884389162 52.424585908651352 310.55920169502497 3043.2296700179577 2913.5069253630936 162.49695339053869
leaf_count=685 4223 155 400 10871 13820 966
internal_value=-0.000404203 -0.02151 0.000224321 0.0012363 0.00589557 -0.0034515
internal_weight=7129.67 201.376 6928.3 6429.79 3224.07 3205.73
internal_count=31120 840 30280 26057 14220 11837
is_linear=0
shrinkage=0.05


Tree=110
num_leaves=7
num_cat=0
split_feature=38 12 2 30 32 12
split_gain=45.3086 46.8925 94.2231 82.6685 87.1461 79.3869
threshold=3.5000000000000004 74.500000000000014 14810.000000000002 3.5000000000000004 1.5000000000000002 67.500000000000014
decision_type=2 10 8 2 2 10
left_child=1 2 3 4 5 -1
right_child=-2 -3 -4 -5 -6 -7
leaf_value=-0.0017366243589825388 0.026321987065985299 -0.0049291252608014242 0.022837625736900832 0.028950515443766874 -0.044596105402324449 0.05146716396516459
leaf_weight=2839.4444189108908 155.77441204339266 3240.9383736625314 523.85612712800503 225.34239515289664 111.13460912555456 66.886127486824989
leaf_count=16073 128 12378 1824 358 63 339
internal_value=7.80521e-05 -0.000523685 0.00326838 7.67975e-05 -0.0021238 -0.000425907
internal_weight=7163.38 7007.6 3766.66 3242.81 3017.47 2906.33
internal_count=31163 31035 18657 16833 16475 16412
is_linear=0
shrinkage=0.05


Tree=111
num_leaves=7
num_cat=0
split_feature=37 36 16 36 4 37
split_gain=45.954 76.5067 60.9378 59.6231 54.7129 49.9678
threshold=0.73385416666666681 1414.2820833333335 99.500000000000014 1256.6805555555559 5289.5000000000009 0.75204918032786894
decision_type=2 10 10 10 10 2
left_child=-1 2 -2 4 -4 -6
right_child=1 -3 3 -5 5 -7
leaf_value=-0.0020456118852839157 -0.038730477577368021 0.041772978338655252 0.041245575219593773 -0.033926492614956331 0.028468152710731554 1.7269837464679906e-05
leaf_weight=5740.1862722672522 73.280896708369255 145.7376285046339 119.28059747815132 78.239568397402763 189.43518454581499 748.14708644896746
leaf_count=26728 455 378 392 272 491 2293
internal_value=-8.97697e-05 0.00817817 0.00397101 0.00688554 0.0100524 0.00588619
internal_weight=7094.31 1354.12 1208.38 1135.1 1056.86 937.582
internal_count=31009 4281 3903 3448 3176 2784
is_linear=0
shrinkage=0.05


Tree=112
num_leaves=7
num_cat=0
split_feature=20 34 3 8 12 4
split_gain=40.0181 77.6241 39.4776 71.0877 60.1618 78.5349
threshold=0.0042441032121259591 29.43930555555556 15097.500000000002 1420.5000000000002 3928.5000000000005 14024.500000000002
decision_type=10 8 10 10 10 10
left_child=1 -1 3 4 5 -2
right_child=2 -3 -4 -5 -6 -7
leaf_value=0.055499158189692525 -0.00038958400166071345 0.0022283830225927098 0.0034524583536602914 0.05585777310863177 0.015159518264602446 -0.015402812773403702
leaf_weight=87.727270141243935 1989.3851266168058 262.21785830333829 2823.8377301134169 43.533579543232918 331.79739965498447 1544.9357452429831
leaf_count=34 10725 1657 11152 100 1156 6261
internal_value=-0.000186994 0.0161764 -0.00104879 -0.00430017 -0.00504884 -0.00696471
internal_weight=7083.43 349.945 6733.49 3909.65 3866.12 3534.32
internal_count=31085 1691 29394 18242 18142 16986
is_linear=0
shrinkage=0.05


Tree=113
num_leaves=7
num_cat=0
split_feature=11 12 16 19 34 12
split_gain=36.4885 80.0738 75.4843 82.2333 77.0871 70.5547
threshold=206.50000000000003 952.50000000000011 36.500000000000007 16.500000000000004 2555.5141666666673 1546.5000000000002
decision_type=8 10 10 10 8 10
left_child=1 -1 -2 4 -4 -3
right_child=2 5 3 -5 -6 -7
leaf_value=-0.00015426889059439082 0.043267840858586828 -0.045877034965871165 -0.026087683972332305 0.013709015513176291 0.036857735174581706 -0.0060475762792133883
leaf_weight=5502.9674705900252 128.4133145660162 178.46520007401705 297.97044449299574 650.23626160621643 53.402799718081951 286.84589967131615
leaf_count=25557 543 554 1038 1898 320 958
internal_value=-0.000285439 -0.00184681 0.00793283 0.00321022 -0.0161381 -0.0216491
internal_weight=7098.3 5968.28 1130.02 1001.61 351.373 465.311
internal_count=30868 27069 3799 3256 1358 1512
is_linear=0
shrinkage=0.05


Tree=114
num_leaves=7
num_cat=0
split_feature=24 4 4 16 30 25
split_gain=42.4347 84.0907 109.209 84.1596 48.6584 48.4175
threshold=872.50000000000011 25782.500000000004 83666.500000000015 285.50000000000006 1.0000000180025095e-35 0.85685810547635743
decision_type=8 10 10 8 2 10
left_child=5 3 4 -2 -3 -1
right_child=1 2 -4 -5 -6 -7
leaf_value=8.6465766278750474e-05 -0.0083274789641491851 0.011432119607452449 0.039830720104687412 0.054414841703269989 -0.025751144885081557 -0.017738150006393897
leaf_weight=5954.0863673239946 75.452245146036148 128.97539582848549 123.33172106742859 168.79479996860027 256.76143312454224 402.02021200209856
leaf_count=26880 246 528 381 471 680 1867
internal_value=0.000279016 0.011459 -0.000189642 0.0352544 -0.0133313 -0.00105399
internal_weight=7109.42 753.316 509.069 244.247 385.737 6356.11
internal_count=31053 2306 1589 717 1208 28747
is_linear=0
shrinkage=0.05


Tree=115
num_leaves=7
num_cat=0
split_feature=36 36 12 36 4 36
split_gain=42.3916 99.4521 106.684 56.6248 59.956 38.894
threshold=9504.3365277777793 7084.3868055555567 55.500000000000007 5397.7402777777779 6368.5000000000009 3806.3420833333334
decision_type=10 10 10 10 10 10
left_child=1 3 -3 5 -5 -1
right_child=-2 2 -4 4 -6 -7
leaf_value=-0.00012224548551054387 -0.031338143115112967 0.098857745194482705 -0.0032799707635470434 0.037808854846649698 -0.033322819046715968 0.018867857824363787
leaf_weight=6394.1609684117138 100.89867190644145 47.852472119033337 48.918778896331787 30.105847895145416 209.73088893666863 276.49765902012587
leaf_count=25993 1153 236 259 292 1702 1392
internal_value=6.04821e-05 0.000534618 0.0496017 -0.000187859 -0.0238041 0.000678433
internal_weight=7108.17 7007.27 96.7713 6910.5 239.837 6670.66
internal_count=31027 29874 495 29379 1994 27385
is_linear=0
shrinkage=0.05


Tree=116
num_leaves=7
num_cat=0
split_feature=36 36 8 36 19 36
split_gain=50.7864 64.8241 143.187 74.2309 61.3734 68.5542
threshold=5118.1291666666675 3806.3420833333334 1.5000000000000002 3493.0963888888896 19.500000000000004 9504.3365277777793
decision_type=10 10 10 10 10 10
left_child=1 3 -3 -1 5 -2
right_child=4 2 -4 -5 -6 -7
leaf_value=0.0010304255584440371 0.007996567257958961 -0.024949643154931811 0.058817398676555277 -0.0325540562276527 -0.043357612380100691 -0.042482666612306798
leaf_weight=6286.3475459441543 271.30124232545495 77.475903928279877 132.57053951919079 163.94921751692891 136.62538250535727 83.96310817450285
leaf_count=24616 1755 520 431 1423 1280 987
internal_value=-9.69491e-05 0.0010527 0.0280581 0.000152244 -0.0155175 -0.00435771
internal_weight=7152.23 6660.34 210.046 6450.3 491.89 355.264
internal_count=31012 26990 951 26039 4022 2742
is_linear=0
shrinkage=0.05


Tree=117
num_leaves=7
num_cat=0
split_feature=17 21 24 21 37 29
split_gain=47.5041 42.1362 54.7894 71.6167 46.2338 43.1967
threshold=51.500000000000007 0.99496226128362297 14.500000000000002 0.39628393925448696 0.19090909090909094 1.5000000000000002
decision_type=10 8 10 10 2 2
left_child=1 2 3 -1 -5 -6
right_child=-2 -3 -4 4 5 -7
leaf_value=0.032049719865866938 -0.044295886981773634 0.02475471261416742 0.0013937355249964874 0.029522359362042866 -0.029133673823847173 0.025667798038081252
leaf_weight=68.562702778726816 54.310223497450352 171.61029744520783 6301.1510931402445 38.157214656472206 451.72425876557827 35.243439428508282
leaf_count=485 75 756 25368 358 4002 69
internal_value=0.000265588 0.00063915 2.14177e-05 -0.0144338 -0.0207479 -0.024947
internal_weight=7120.76 7066.45 6894.84 593.688 525.125 486.968
internal_count=31113 31038 30282 4914 4429 4071
is_linear=0
shrinkage=0.05


Tree=118
num_leaves=7
num_cat=0
split_feature=11 16 32 24 11 33
split_gain=44.9194 70.0999 68.3073 55.6277 53.6833 45.3371
threshold=206.50000000000003 22.500000000000004 2.5000000000000004 25.500000000000004 277.50000000000006 1.5000000000000002
decision_type=8 10 2 10 10 2
left_child=-1 -2 3 -3 -5 -6
right_child=1 2 -4 4 5 -7
leaf_value=-0.0017434363134502192 0.049624541030891277 -0.017655004656892865 0.042373138922363926 0.047755090960937996 0.011938501935346223 -0.019197552896672743
leaf_weight=5910.3132319822907 92.641383923590183 278.74375520646572 105.92912565171719 73.074823349714279 428.57669252157211 155.20165406167507
leaf_count=27066 297 1207 112 228 1633 358
internal_value=7.46178e-06 0.00909925 0.00527475 0.00087152 0.00880746 0.00356803
internal_weight=7044.48 1134.17 1041.53 935.597 656.853 583.778
internal_count=30901 3835 3538 3426 2219 1991
is_linear=0
shrinkage=0.05


Tree=119
num_leaves=7
num_cat=0
split_feature=20 38 25 22 12 21
split_gain=47.1076 102.023 42.2356 63.5455 57.8746 48.9886
threshold=0.0042441032121259591 1.0000000180025095e-35 0.18910678971654585 1.2162453239567002 1.0000000180025095e-35 0.6002056202878685
decision_type=10 2 10 10 10 10
left_child=1 -1 3 -2 -5 -4
right_child=2 -3 5 4 -6 -7
leaf_value=0.0010607414755467997 0.034629230990156988 0.060387177253361228 2.602120993267497e-05 0.036010609984405223 -0.0060837189004170032 -0.010856483639907126
leaf_weight=261.58748899400234 191.59000526368618 95.333189681172371 4658.279835395515 94.456377103924751 451.38057448714972 1324.2112316824496
leaf_count=1648 843 88 19336 462 1869 6980
internal_value=-5.0106e-05 0.0175221 -0.000995768 0.0102539 0.0014614 -0.00238985
internal_weight=7076.84 356.921 6719.92 737.427 545.837 5982.49
internal_count=31226 1736 29490 3174 2331 26316
is_linear=0
shrinkage=0.05


Tree=120
num_leaves=7
num_cat=0
split_feature=17 0 40 8 7 6
split_gain=66.3405 40.592 55.9878 39.4661 52.7534 56.2511
threshold=51.500000000000007 133.50000000000003 4.5000000000000009 12.500000000000002 35.500000000000007 71.500000000000014
decision_type=10 8 2 10 10 10
left_child=1 2 -1 -3 -5 -6
right_child=-2 3 -4 4 5 -7
leaf_value=-0.034951340915675581 -0.055195771343952905 0.038242247141544804 -0.00050116810714402886 -0.0070493423280196983 0.029902666800909191 -0.012299215861901872
leaf_weight=115.26004189252853 49.343320541083813 105.52963975071907 6115.9416049793363 379.84063153713942 294.02566309273243 104.11872839182615
leaf_count=42 70 257 28548 1180 737 274
internal_value=-0.000161356 0.000258823 -0.00116591 0.0102571 0.00624114 0.0188508
internal_weight=7164.06 7114.72 6231.2 883.515 777.985 398.144
internal_count=31108 31038 28590 2448 2191 1011
is_linear=0
shrinkage=0.05


Tree=121
num_leaves=7
num_cat=0
split_feature=15 12 4 19 36 36
split_gain=36.9339 55.1604 61.9846 44.2362 53.7049 33.9366
threshold=1.0000000180025095e-35 13.500000000000002 134456.00000000003 4.5000000000000009 5778.1483333333344 47.087083333333339
decision_type=8 10 10 10 8 8
left_child=1 2 -1 4 -3 -2
right_child=5 3 -4 -5 -6 -7
leaf_value=-0.03291637985514604 -0.006547908210645984 0.0030852275185913798 0.030545916738471707 -0.026097218381528155 0.073615070107080835 0.0031896490133206295
leaf_weight=280.25036229938269 1060.2912801764905 79.028672430664301 40.463985465466976 52.175054661929607 36.359891802072525 5590.0924698486924
leaf_count=2844 3395 585 206 344 221 23565
internal_value=0.000655424 -0.0125463 -0.0245635 0.0104996 0.0274441 0.00163341
internal_weight=7138.66 488.278 320.714 167.564 115.389 6650.38
internal_count=31160 4200 3050 1150 806 26960
is_linear=0
shrinkage=0.05


Tree=122
num_leaves=7
num_cat=0
split_feature=27 31 40 40 8 35
split_gain=39.4238 45.1537 42.9128 63.0793 34.7995 69.4523
threshold=1.5000000000000002 1.5000000000000002 4.5000000000000009 12.500000000000002 14.500000000000002 14711.324027777779
decision_type=2 2 2 2 10 10
left_child=1 2 -1 -4 5 -5
right_child=-2 -3 3 4 -6 -7
leaf_value=-0.037113384803939893 0.021710063904213275 -0.017952947856250106 0.015284201177005803 0.0049868214741501313 -0.0041199377392753247 -0.048427210832331001
leaf_weight=69.683041095733643 203.49348219111562 341.33824668824673 686.04239356517792 2480.5671835280955 3251.5040249451995 57.410207785665989
leaf_count=23 158 115 221 13743 15706 1031
internal_value=0.000289644 -0.000358609 0.000571955 0.00100581 -0.000697882 0.00368573
internal_weight=7090.04 6886.55 6545.21 6475.52 5789.48 2537.98
internal_count=30997 30839 30724 30701 30480 14774
is_linear=0
shrinkage=0.05


Tree=123
num_leaves=7
num_cat=0
split_feature=0 3 16 20 36 38
split_gain=46.2688 86.0368 83.8425 61.4805 41.4373 63.0188
threshold=27.500000000000004 42235.500000000007 72.500000000000014 0.65571120689655182 44.12916666666667 1.0000000180025095e-35
decision_type=8 10 10 10 8 2
left_child=1 3 4 -1 -2 -6
right_child=2 -3 -4 -5 5 -7
leaf_value=-0.0035838997942444772 -0.010729257646681083 0.048210129614608133 0.0020078125038627674 -0.046666579191736973 0.018091444695190442 0.062326035721302353
leaf_weight=2851.6199095323682 71.579184241592884 73.486323162913322 3542.0160723142326 80.346941336989403 319.02973029389977 106.12885013222694
leaf_count=15278 185 233 12425 1054 1781 66
internal_value=0.00122732 -0.00346687 0.00472049 -0.00484196 0.0238506 0.0297295
internal_weight=7044.21 3005.45 4038.75 2931.97 496.738 425.159
internal_count=31022 16565 14457 16332 2032 1847
is_linear=0
shrinkage=0.05


Tree=124
num_leaves=7
num_cat=0
split_feature=18 6 40 16 19 4
split_gain=33.7777 38.005 101.378 33.7609 118.279 117.851
threshold=134.00000000000003 74.500000000000014 12.500000000000002 717.50000000000011 27.500000000000004 94036.500000000015
decision_type=8 10 2 10 10 10
left_child=1 3 -3 -1 -5 -6
right_child=-2 2 -4 4 5 -7
leaf_value=-0.0014476011586000155 0.034417533117166471 -0.068010945390847413 -0.00096150449779111601 0.034455421753613151 0.012920207241981946 -0.031780268911889668
leaf_weight=5754.8908197395504 63.772704541683197 71.244301319122314 216.90581423416734 298.17205119878054 394.92199236154556 228.64855400472879
leaf_count=27104 158 25 803 955 1218 851
internal_value=-0.000452441 -0.000796187 -0.0184165 -2.25158e-05 0.0088348 -0.00359282
internal_weight=7028.56 6964.78 288.15 6676.63 921.743 623.571
internal_count=31114 30956 828 30128 3024 2069
is_linear=0
shrinkage=0.05


Tree=125
num_leaves=7
num_cat=0
split_feature=21 32 16 36 36 35
split_gain=39.9026 43.7775 101.15 39.2306 94.9297 103.138
threshold=0.081574453837783556 1.5000000000000002 346.50000000000006 47.087083333333339 24.827777777777779 709.12666666666678
decision_type=10 2 10 8 10 10
left_child=-1 3 -3 4 -2 -6
right_child=1 2 -4 -5 5 -7
leaf_value=0.034893413290957902 0.0020339401876257024 -0.033161572338906958 0.0071693606738675716 0.0018213002128082659 -0.062263684915680684 -0.0006289638829092151
leaf_weight=73.724955908954144 554.52295215427876 314.84682407975197 299.63617762178183 5602.2697048187256 142.7890936434269 125.71451692283154
leaf_count=266 2332 223 246 27156 401 536
internal_value=-0.000507009 -0.000902247 -0.0135961 0.000321361 -0.00983794 -0.0339451
internal_weight=7113.5 7039.78 614.483 6425.3 823.027 268.504
internal_count=31160 30894 469 30425 3269 937
is_linear=0
shrinkage=0.05


Tree=126
num_leaves=7
num_cat=0
split_feature=25 24 21 22 8 24
split_gain=30.8973 50.3722 41.0275 57.033 57.496 53.9448
threshold=0.18910678971654585 13.500000000000002 0.46963109354413707 1.2650179771927224 16.500000000000004 29.500000000000004
decision_type=10 10 10 10 10 10
left_child=2 -2 -1 5 -5 -4
right_child=1 -3 3 4 -6 -7
leaf_value=0.040709352050929126 -0.021180495655899169 0.00025022579083367732 0.0024690669909830563 -0.026423513990682886 0.0091144460114737664 0.050219429830391127
leaf_weight=89.233659720048308 282.5010662227869 5921.6717054694891 123.51633435115218 179.12405210733414 293.58553807809949 109.4669525846839
leaf_count=347 3107 24598 625 1000 1046 322
internal_value=0.000449994 -0.000741872 0.00969865 0.00551858 -0.00448759 0.0254883
internal_weight=6999.1 6204.17 794.927 705.693 472.71 232.983
internal_count=31045 27705 3340 2993 2046 947
is_linear=0
shrinkage=0.05


Tree=127
num_leaves=7
num_cat=0
split_feature=21 25 34 35 21 22
split_gain=39.88 61.489 74.65 104.623 67.5792 66.6148
threshold=0.57933578253010642 0.57909117054932424 2918.1495833333338 1118.3027777777781 0.47665334302325585 5.4767130114984361
decision_type=10 10 10 8 10 8
left_child=1 2 3 -1 -4 -5
right_child=-2 -3 4 5 -6 -7
leaf_value=0.031178234896461002 -0.0057243091013653566 -0.00066611030491263684 0.10640592497005603 -0.011334635919012662 0.025604901778618405 0.027911015947224602
leaf_weight=312.47438143007457 2176.2520680110902 3783.9596315585077 30.33514367416501 543.35332852602005 116.86427399516106 129.74792229384184
leaf_count=758 10868 15129 193 2691 859 540
internal_value=-9.6644e-05 0.00239757 0.0125895 0.00751468 0.0452051 -0.00361957
internal_weight=7092.99 4916.73 1132.78 985.576 147.199 673.101
internal_count=31038 20170 5041 3989 1052 3231
is_linear=0
shrinkage=0.05


Tree=128
num_leaves=7
num_cat=0
split_feature=21 0 16 34 1 36
split_gain=29.9424 31.1915 70.5216 59.2677 83.1255 63.8617
threshold=0.06277844413982181 25.500000000000004 72.500000000000014 3777.2840277777782 45110.500000000007 4917.4005555555568
decision_type=10 10 10 10 10 10
left_child=-1 -2 -3 -4 5 -5
right_child=1 2 3 4 -6 -7
leaf_value=0.037433137175689538 -0.0047447323664357235 0.0188180473345727 -0.0020541174643736414 0.059302645872968678 -0.044051315501182686 -0.0013520895198474697
leaf_weight=46.88403157889843 2831.9276125561446 540.07987676560879 3462.4119125753641 116.75849152356386 32.839364171028137 67.088215727359056
leaf_count=155 15698 2287 11497 609 168 610
internal_value=-0.000412102 -0.000690089 0.0020338 -0.000452272 0.0246125 0.0377191
internal_weight=7097.99 7051.11 4219.18 3679.1 216.686 183.847
internal_count=31024 30869 15171 12884 1387 1219
is_linear=0
shrinkage=0.05


Tree=129
num_leaves=7
num_cat=0
split_feature=14 20 16 38 2 34
split_gain=29.9164 30.1717 63.4353 58.8872 46.1518 57.8037
threshold=964.50000000000011 0.0042441032121259591 50.500000000000007 1.0000000180025095e-35 332.50000000000006 1.179027777777778
decision_type=8 10 10 2 10 10
left_child=1 2 -1 -4 5 -3
right_child=-2 4 3 -5 -6 -7
leaf_value=-0.018513939360666937 0.037462369934413972 -0.029049487238572209 0.0099707127558460902 0.061550557693165503 0.00085150104801275648 -0.0027526449557984042
leaf_weight=101.16770267114043 48.355554264038801 297.920036457479 164.74658828228712 80.262978985905647 5708.5679473616183 677.7460518758744
leaf_count=710 129 1658 894 80 22838 4744
internal_value=0.000163727 -0.000119257 0.0141663 0.0277609 -0.000869146 -0.0108896
internal_weight=7078.77 7030.41 346.177 245.01 6684.23 975.666
internal_count=31053 30924 1684 974 29240 6402
is_linear=0
shrinkage=0.05


Tree=130
num_leaves=7
num_cat=0
split_feature=36 36 12 36 34 19
split_gain=35.7414 53.669 72.8529 53.4051 69.8048 141.377
threshold=9504.3365277777793 7084.3868055555567 53.500000000000007 5118.1291666666675 7823.1963888888904 14.500000000000002
decision_type=10 10 10 10 10 10
left_child=1 3 -3 -1 -5 -6
right_child=-2 2 -4 4 5 -7
leaf_value=0.0004355693067706163 -0.030244280153384814 0.080073195705103989 -0.0054105566420318101 -0.031089524595285668 0.12517888756659065 -0.035919931508730588
leaf_weight=6629.1333274394274 93.999773884192109 43.799828134477139 49.735857844352722 256.76623420417309 18.314525552093983 28.851403720676899
leaf_count=26989 1148 209 249 1915 122 418
internal_value=-0.000411023 9.29946e-06 0.0366507 -0.000511096 -0.0208319 0.0326371
internal_weight=7120.6 7026.6 93.5357 6933.07 303.932 47.1659
internal_count=31050 29902 458 29444 2455 540
is_linear=0
shrinkage=0.05


Tree=131
num_leaves=7
num_cat=0
split_feature=23 40 16 8 14 35
split_gain=50.9806 54.6479 44.1476 69.0403 58.482 58.3792
threshold=5.6123587603356873 11.500000000000002 958.50000000000011 38.500000000000007 207.50000000000003 2602.2509722222226
decision_type=8 2 10 10 10 8
left_child=2 -2 4 -4 -1 -5
right_child=1 -3 3 5 -6 -7
leaf_value=-0.0014065249963229544 0.057141317084411739 0.0090025385471450819 0.042482085893269537 0.011228563239911678 -0.038528600899636667 -0.030498703235910675
leaf_weight=5820.1732056476176 65.930982232093811 366.73008693754673 136.60499658435583 423.19927772879601 103.08030693233013 99.266425952315331
leaf_count=26779 30 1765 398 1186 335 530
internal_value=0.00038261 0.0169072 -0.000715569 0.0115104 -0.0020845 0.00308659
internal_weight=7014.99 432.661 6582.32 659.071 5923.25 522.466
internal_count=31023 1795 29228 2114 27114 1716
is_linear=0
shrinkage=0.05


Tree=132
num_leaves=7
num_cat=0
split_feature=32 12 2 24 12 14
split_gain=44.0221 40.3855 80.843 69.2116 67.6578 74.7397
threshold=2.5000000000000004 74.500000000000014 14810.000000000002 772.50000000000011 67.500000000000014 1.0000000180025095e-35
decision_type=2 10 8 8 10 10
left_child=1 2 4 -4 5 -1
right_child=-2 -3 3 -5 -6 -7
leaf_value=-0.014084933075693806 0.019555350010560607 -0.004720079461521841 0.013364102638217934 0.064295095171014269 0.0444404383563409 0.0035161177493685985
leaf_weight=818.79169550538063 279.93018888309598 3084.3809424974024 445.16259666904807 74.494197741150856 78.406355317682028 2247.0393944773823
leaf_count=6348 264 12157 1612 193 356 10115
internal_value=0.000304113 -0.000508349 0.00303882 0.0212084 6.98575e-06 -0.00119988
internal_weight=7028.21 6748.28 3663.89 519.657 3144.24 3065.83
internal_count=31045 30781 18624 1805 16819 16463
is_linear=0
shrinkage=0.05


Tree=133
num_leaves=7
num_cat=0
split_feature=15 21 29 0 19 40
split_gain=38.3749 31.4722 85.9928 54.0821 53.9907 58.79
threshold=1568.0000000000002 0.6002056202878685 3.5000000000000004 28.500000000000004 247.50000000000003 13.500000000000002
decision_type=8 10 2 10 8 2
left_child=1 -1 3 -3 5 -5
right_child=-2 2 -4 4 -6 -7
leaf_value=0.0012664327255152864 0.039156374445183884 -0.015415397583582605 -0.064924697106044663 -0.023795515358222535 0.041009066718471307 0.0046972031738604378
leaf_weight=5055.2769921645522 55.526688735932112 693.94635540060699 55.391690038144588 219.31852757930756 77.736728101968765 933.47592280805111
leaf_count=20915 184 5172 80 68 181 4460
internal_value=-0.000486712 -0.000827192 -0.00616265 -0.00430746 0.00199379 -0.000802874
internal_weight=7090.67 7035.15 1979.87 1924.48 1230.53 1152.79
internal_count=31060 30876 9961 9881 4709 4528
is_linear=0
shrinkage=0.05


Tree=134
num_leaves=7
num_cat=0
split_feature=31 35 30 10 16 12
split_gain=46.1999 33.4822 30.7738 32.1124 75.4858 50.5797
threshold=1.5000000000000002 16645.656527777781 9.5000000000000018 219.50000000000003 22.500000000000004 74.500000000000014
decision_type=2 10 2 10 10 10
left_child=1 2 3 5 -5 -1
right_child=-2 -3 -4 4 -6 -7
leaf_value=0.0043748125141889376 -0.016592391892904682 -0.031308975486664656 -0.034065502695758358 0.05867347820199257 0.0058965538742676502 -0.0050478348059640691
leaf_weight=3495.2791267931461 391.52655738592148 74.360666662454605 55.735718972980976 72.391410484910011 557.01339476555586 2396.2472500130534
leaf_count=17341 149 1339 126 269 2090 9777
internal_value=-1.22435e-05 0.000975512 0.00136405 0.00169274 0.0123813 0.00054133
internal_weight=7042.55 6651.03 6576.67 6520.93 629.405 5891.53
internal_count=31091 30942 29603 29477 2359 27118
is_linear=0
shrinkage=0.05


Tree=135
num_leaves=7
num_cat=0
split_feature=15 30 21 13 35 38
split_gain=30.5471 54.3552 75.0092 73.7335 58.4926 58.1158
threshold=116.50000000000001 2.5000000000000004 0.71612777053455023 86.500000000000014 503.60000000000008 1.0000000180025095e-35
decision_type=8 2 10 10 8 2
left_child=-1 3 -3 4 -2 -6
right_child=1 2 -4 -5 5 -7
leaf_value=-0.0019310477099993102 -0.019544097639800629 0.036512785050203465 -0.0097894627781340143 -0.02719352013071847 0.0041207281474168736 0.033296353380564407
leaf_weight=5248.606868898496 189.24360737204552 269.82889231294394 125.68469169363379 194.58670825511217 794.09926889836788 213.07266787439585
leaf_count=25448 367 599 283 566 3594 211
internal_value=-8.43961e-06 0.00562962 0.0218605 0.000952802 0.00562468 0.010427
internal_weight=7035.12 1786.52 395.514 1391 1196.42 1007.17
internal_count=31068 5620 882 4738 4172 3805
is_linear=0
shrinkage=0.05


Tree=136
num_leaves=7
num_cat=0
split_feature=24 24 23 19 4 3
split_gain=32.1163 72.6517 57.2201 45.9544 44.9716 42.6185
threshold=872.50000000000011 1076.5000000000002 0.42620181554257824 77.500000000000014 19294.500000000004 12538.500000000002
decision_type=8 10 10 10 10 10
left_child=2 3 4 -2 -1 -6
right_child=1 -3 -4 -5 5 -7
leaf_value=-0.0053230333376020995 0.044306867541321696 -0.0014912531179794234 0.00084339684199703563 -0.0014433481076487724 -0.04990969879839223 -0.0035522520819598401
leaf_weight=420.51395091786981 185.0596861988306 473.35313771665096 5661.4749812744558 76.743173345923424 134.90147945657372 78.053199790418148
leaf_count=2508 535 1434 25356 293 612 279
internal_value=0.000401731 0.0102541 -0.000756103 0.0311202 -0.0149459 -0.0333898
internal_weight=7030.1 735.156 6294.94 261.803 633.469 212.955
internal_count=31017 2262 28755 828 3399 891
is_linear=0
shrinkage=0.05


Tree=137
num_leaves=7
num_cat=0
split_feature=20 19 12 9 21 1
split_gain=41.083 72.2633 63.0953 88.0611 50.1008 49.3873
threshold=0.35036231884057972 26.500000000000004 42.500000000000007 189.50000000000003 0.74742158426368965 90935.000000000015
decision_type=10 10 10 10 10 10
left_child=-1 5 4 -4 -3 -2
right_child=1 2 3 -5 -6 -7
leaf_value=0.0022430776958281078 -0.0022011524162841136 -0.019196515957684512 -0.062886296829296612 -0.0017225910521469394 0.026893018917864189 0.040961435602723362
leaf_weight=5576.9146484676749 902.36044392921031 186.92637782916427 153.14192802086473 94.185658127069473 80.236373610794544 66.498521342873573
leaf_count=23671 5168 828 578 210 328 151
internal_value=0.000275183 -0.00710615 -0.0221522 -0.04009 -0.00511479 0.000956446
internal_weight=7060.26 1483.35 514.49 247.328 267.163 968.859
internal_count=30934 7263 1944 788 1156 5319
is_linear=0
shrinkage=0.05


Tree=138
num_leaves=7
num_cat=0
split_feature=40 17 13 16 26 41
split_gain=59.7268 35.1226 40.6852 49.0613 71.2502 49.5417
threshold=4.5000000000000009 51.500000000000007 12.500000000000002 413.50000000000006 1.0000000180025095e-35 2.5000000000000004
decision_type=2 10 8 8 2 2
left_child=-1 2 -2 5 -5 -4
right_child=1 -3 3 4 -6 -7
leaf_value=-0.033519034667471588 -0.00075968707971592764 -0.039310892330058994 0.0093601469399415913 0.0052868317199050198 0.033116173998894091 -0.018656246124561775
leaf_weight=122.13014483451843 5306.7514261845499 48.464650943875313 363.6924508921802 659.71207146905363 350.09441492334008 270.98654239624739
leaf_count=45 25629 78 1246 2904 155 1066
internal_value=0.000445842 0.00106196 0.0013715 0.00823028 0.0150507 -0.00265423
internal_weight=7121.83 6999.7 6951.24 1644.49 1009.81 634.679
internal_count=31123 31078 31000 5371 3059 2312
is_linear=0
shrinkage=0.05


Tree=139
num_leaves=7
num_cat=0
split_feature=16 4 37 34 2 0
split_gain=37.2385 96.6125 66.2273 54.9068 70.1898 66.4985
threshold=81.500000000000014 202207.00000000003 0.8320512820512822 3834.255694444445 145047.00000000003 49.500000000000007
decision_type=10 8 2 10 10 10
left_child=1 2 -1 -2 5 -5
right_child=3 -3 -4 4 -6 -7
leaf_value=0.0053201155752663071 -0.0040105855715001993 0.082889689561703256 -0.053098083657606487 0.0066989552701403601 -0.051842176404984945 0.054457732293418187
leaf_weight=1941.9037379175425 4728.3093555122614 34.475478433072567 44.778423879295588 210.61622250452638 29.503152474761009 107.84102091565728
leaf_count=11417 16756 114 383 1586 158 679
internal_value=-0.000309171 0.00542244 0.00387342 -0.00259435 0.0164346 0.0234636
internal_weight=7097.43 2021.16 1986.68 5076.27 347.96 318.457
internal_count=31093 11914 11800 19179 2423 2265
is_linear=0
shrinkage=0.05


Tree=140
num_leaves=7
num_cat=0
split_feature=40 40 6 16 11 16
split_gain=30.5645 49.8232 29.1116 59.4938 43.9474 71.9097
threshold=4.5000000000000009 6.5000000000000009 121.50000000000001 1059.5000000000002 232.50000000000003 22.500000000000004
decision_type=2 2 10 10 8 10
left_child=-1 -2 4 -4 -3 -6
right_child=1 2 3 -5 5 -7
leaf_value=-0.023099063571638837 0.050410337187048584 -0.00041487294168589869 -0.044371607998541035 0.013588670903364047 0.052676164781362091 0.0065908566836616099
leaf_weight=127.8870068192482 45.870394289493561 5762.3020029682666 96.410883530974388 75.294347271323204 88.59101328253746 912.07267274335027
leaf_count=47 15 27164 227 234 296 3241
internal_value=0.000656191 0.00110762 0.000745416 -0.0192902 0.00126798 0.0109125
internal_weight=7108.43 6980.54 6934.67 171.705 6762.97 1000.66
internal_count=31224 31177 31162 461 30701 3537
is_linear=0
shrinkage=0.05


Tree=141
num_leaves=7
num_cat=0
split_feature=35 20 40 0 4 14
split_gain=33.9457 36.8548 38.073 40.8323 44.4337 36.7302
threshold=14.189861111111112 0.62639354663282887 14.500000000000002 614.50000000000011 129955.50000000001 195.50000000000003
decision_type=8 10 2 10 10 10
left_child=-1 5 -3 4 -4 -2
right_child=1 2 3 -5 -6 -7
leaf_value=0.024284781824008884 0.0013739806799798527 -0.04922276150469368 -0.027502651688798681 0.046321362768064936 0.021540018006590163 -0.017925511102350002
leaf_weight=139.67511746659875 6322.872327901423 65.451585710048676 167.66377453319728 26.342526122927666 58.858444556593895 251.53044052049518
leaf_count=100 28063 22 1635 99 291 809
internal_value=0.000315478 -0.000187491 -0.0166685 -0.00745108 -0.0145697 0.000622539
internal_weight=7032.39 6892.72 318.316 252.865 226.522 6574.4
internal_count=31019 30919 2047 2025 1926 28872
is_linear=0
shrinkage=0.05


Tree=142
num_leaves=7
num_cat=0
split_feature=14 2 36 36 23 23
split_gain=39.008 47.0778 74.9882 46.4656 89.0471 68.1714
threshold=27.500000000000004 3489.5000000000005 310.18694444444446 1895.0873611111112 0.88873643506832523 0.97570330465365418
decision_type=8 10 10 10 10 10
left_child=-1 2 -2 5 -5 -3
right_child=1 3 -4 4 -6 -7
leaf_value=-0.0023983274356603047 0.030887933870007035 0.01267803127569259 2.9590020704479871e-05 -0.022487824894686901 0.039783192594495045 -0.010404724104001983
leaf_weight=4611.2844102829695 389.18136956356466 471.61250875517726 393.33341778814793 80.412908382713795 174.96254927664995 968.28793759271502
leaf_count=22840 1293 1382 1332 428 719 3171
internal_value=0.000320031 0.00537366 0.0154756 0.000678978 0.0201199 -0.00282669
internal_weight=7089.08 2477.79 782.515 1695.28 255.375 1439.9
internal_count=31165 8325 2625 5700 1147 4553
is_linear=0
shrinkage=0.05


Tree=143
num_leaves=7
num_cat=0
split_feature=36 37 4 11 20 40
split_gain=31.0517 39.6549 33.3046 27.8236 29.7297 79.3515
threshold=1.7748611111111112 0.53229166666666672 13144.500000000002 6262.5000000000009 0.0042441032121259591 12.500000000000002
decision_type=8 2 10 8 10 2
left_child=1 2 -1 4 5 -2
right_child=3 -3 -4 -5 -6 -7
leaf_value=-0.0089533049599202913 0.06612238321044997 0.016517325839874451 -0.057561967302394268 0.028349844179342207 -0.00033674035571345053 0.0035013791716127646
leaf_weight=74.782716386020184 56.683001756668091 52.890568923205137 65.572077266871929 85.448722265660763 6421.2912645079195 284.8762146756053
leaf_count=404 20 161 280 278 28336 1670
internal_value=0.000237481 -0.019271 -0.0328616 0.00080163 0.00043287 0.0146976
internal_weight=7041.54 193.245 140.355 6848.3 6762.85 341.559
internal_count=31149 845 684 30304 30026 1690
is_linear=0
shrinkage=0.05


Tree=144
num_leaves=7
num_cat=0
split_feature=23 24 4 31 34 4
split_gain=34.482 72.8495 62.8723 55.2667 43.7325 57.6246
threshold=5.0353701788701182 224.50000000000003 8819.5000000000018 1.5000000000000002 10765.585138888891 144121.00000000003
decision_type=8 10 8 2 8 10
left_child=3 2 -2 4 -1 -6
right_child=1 -3 -4 -5 5 -7
leaf_value=0.0011517621918454618 -0.0095436490170658604 -0.029275402395594265 0.032766903895151543 -0.019866181827917107 -0.022674464647094907 0.052515054248693509
leaf_weight=5830.2534124217927 119.89738849364221 82.658269882202148 304.67264745384455 361.38601493835449 323.18812218308449 22.924147978425026
leaf_count=25162 635 308 1102 127 3688 132
internal_value=-2.04416e-05 0.0124726 0.0208465 -0.000998497 0.000120648 -0.0170175
internal_weight=7044.98 507.228 424.57 6537.75 6176.37 346.112
internal_count=31154 2045 1737 29109 28982 3820
is_linear=0
shrinkage=0.05


Tree=145
num_leaves=7
num_cat=0
split_feature=8 16 31 2 37 37
split_gain=34.3582 72.9721 101.986 71.1459 65.6396 115.677
threshold=182.50000000000003 314.50000000000006 1.5000000000000002 21592.000000000004 0.8320512820512822 0.81530214424951275
decision_type=10 8 2 10 2 2
left_child=1 2 4 -2 5 -1
right_child=3 -3 -4 -5 -6 -7
leaf_value=0.00038424252148470939 -0.0028861863192940571 0.011164480323656308 -0.04206304485639141 -0.040747031314369832 -0.027630244629925322 0.065497016283853474
leaf_weight=3678.8570374641567 1218.8685893267393 1591.6258501727134 143.88175541162491 133.27797434851527 197.55035965889692 64.501225188374519
leaf_count=20352 3789 5189 54 435 978 229
internal_value=0.000393463 0.00210056 -0.00144049 -0.00675441 9.40471e-05 0.00159206
internal_weight=7028.56 5676.42 4084.79 1352.15 3940.91 3743.36
internal_count=31026 26802 21613 4224 21559 20581
is_linear=0
shrinkage=0.05


Tree=146
num_leaves=7
num_cat=0
split_feature=28 32 40 4 12 34
split_gain=40.9213 31.0636 38.5031 34.4277 73.913 94.4372
threshold=2.5000000000000004 1.5000000000000002 18.500000000000004 1925.5000000000002 32.500000000000007 2674.9512500000005
decision_type=2 2 2 10 10 10
left_child=1 2 -1 4 -4 -6
right_child=-2 -3 3 -5 5 -7
leaf_value=0.009922682155414822 0.028158895758744407 -0.012009575582606001 -0.028399835116714046 0.00048198138408131729 -0.0068871333760775096 0.086767462769868783
leaf_weight=1006.6999506950378 126.83578345924616 491.67419251054525 291.8360738735646 4979.9171287398785 114.0155985802412 29.987669080495834
leaf_count=318 164 340 3168 26083 736 248
internal_value=0.000564144 3.79509e-05 0.00096888 -0.000703102 -0.0140958 0.0148729
internal_weight=7040.97 6914.13 6422.46 5415.76 435.839 144.003
internal_count=31057 30893 30553 30235 4152 984
is_linear=0
shrinkage=0.05


Tree=147
num_leaves=7
num_cat=0
split_feature=25 24 37 28 25 19
split_gain=42.1441 53.6565 45.5936 44.7964 40.4151 38.9054
threshold=0.22239159891598917 29.500000000000004 0.50675675675675691 2.5000000000000004 0.23627743879281973 16.500000000000004
decision_type=10 8 2 2 10 10
left_child=1 2 5 4 -2 -1
right_child=3 -3 -4 -5 -6 -7
leaf_value=-0.0014300944318600406 -0.042447183505618789 0.025644019492249422 -0.030261900986195758 0.035206782899689502 -0.00068126560193577761 0.031165963339840681
leaf_weight=332.47055543400347 53.482931572943926 364.06884936988354 91.70014863461256 81.248196471482515 6065.3320344109088 121.1125638820231
leaf_count=1979 235 1124 445 94 26889 536
internal_value=0.000900209 0.0109213 0.000947647 -0.000577177 -0.00108069 0.00751839
internal_weight=7109.42 909.352 545.283 6200.06 6118.81 453.583
internal_count=31302 4084 2960 27218 27124 2515
is_linear=0
shrinkage=0.05


Tree=148
num_leaves=7
num_cat=0
split_feature=16 19 37 37 18 35
split_gain=28.6623 79.4664 59.5029 57.1732 59.4368 46.9007
threshold=973.50000000000011 13.500000000000002 0.87339743589743601 0.76533166458072599 5.5000000000000009 922.99527777777791
decision_type=8 10 2 2 10 10
left_child=2 -2 -1 4 -3 -4
right_child=1 3 5 -5 -6 -7
leaf_value=1.6849087059604704e-06 0.045679387775394889 -0.023442506962232917 -0.060575893344076606 -0.029710372943901719 0.019113548908612117 -0.0033711891343832286
leaf_weight=6217.7449737582356 122.17200740426779 101.03231550380588 68.194933019578457 109.56993238255382 362.81312403827906 71.414934679865837
leaf_count=28422 400 363 193 348 1134 270
internal_value=0.000321454 0.00991993 -0.00073573 0.001972 0.00969307 -0.0324422
internal_weight=7052.94 695.587 6357.35 573.415 463.845 139.61
internal_count=31130 2245 28885 1845 1497 463
is_linear=0
shrinkage=0.05


Tree=149
num_leaves=7
num_cat=0
split_feature=15 8 35 25 35 21
split_gain=38.3242 61.7568 56.3728 55.1865 107.839 73.2563
threshold=150.50000000000003 14.500000000000002 14711.324027777779 0.77772430756068889 11985.063472222224 0.6250428375599727
decision_type=8 10 10 10 8 10
left_child=1 2 3 5 -5 -1
right_child=-2 -3 -4 4 -6 -7
leaf_value=0.01411726868522456 0.0077289735770738627 -0.0067900507464051761 -0.047145932906997132 -0.015898826863495589 0.055235046857835972 -0.0071361607337077047
leaf_weight=1530.3951687552035 1314.5084742791951 2910.7137900441885 48.497751716524363 527.7557315453887 54.295098248869181 547.39594059064984
leaf_count=7050 4276 12348 1012 2453 282 3552
internal_value=6.00955e-05 -0.00173922 0.00369153 0.00470519 -0.00884936 0.00851434
internal_weight=6933.56 5619.05 2708.34 2659.84 582.051 2077.79
internal_count=30973 26697 14349 13337 2735 10602
is_linear=0
shrinkage=0.05


Tree=150
num_leaves=7
num_cat=0
split_feature=2 4 25 12 10 30
split_gain=33.7073 32.1225 50.3878 46.7702 77.6082 75.5944
threshold=1.0000000180025095e-35 2039.5000000000002 0.055320150659133711 45.500000000000007 11.500000000000002 3.5000000000000004
decision_type=10 10 10 10 10 2
left_child=-1 2 -2 4 -3 -5
right_child=1 3 -4 5 -6 -7
leaf_value=0.039127575196629134 0.026586891478568589 0.0069221898086943333 -0.018189763195424785 -0.00097376079033741384 -0.038150452864157934 -0.027674508254488348
leaf_weight=49.741786241531372 68.294785307720304 2813.3165070787072 453.50163074396551 3256.8343145959079 93.930763449519873 283.61433511227369
leaf_count=232 355 12746 3944 12780 342 617
internal_value=4.58014e-05 -0.000260979 -0.0121325 0.000708411 0.00540293 -0.00314869
internal_weight=7019.23 6969.49 521.796 6447.7 2907.25 3540.45
internal_count=31016 30784 4299 26485 13088 13397
is_linear=0
shrinkage=0.05


Tree=151
num_leaves=7
num_cat=0
split_feature=24 34 19 35 8 21
split_gain=39.3144 63.071 82.7515 54.0729 51.9324 73.9007
threshold=706.50000000000011 1148.9848611111113 12.500000000000002 855.35180555555564 21.500000000000004 0.74742158426368965
decision_type=8 10 8 10 10 10
left_child=4 2 -2 -4 -1 -6
right_child=1 -3 3 -5 5 -7
leaf_value=0.0029541455318974996 -0.026732594511836877 0.033186201872782033 -0.0015632307546195681 0.02450703268513256 -0.010769183613972754 0.0091554891685785081
leaf_weight=3132.1265709828585 183.05898152291775 207.88068495690823 442.95940752327442 355.16228194534779 2146.7004431709647 589.66559688001871
leaf_count=16281 501 858 1103 1045 9122 2234
internal_value=0.000241211 0.00851183 0.00314237 0.0101183 -0.00144038 -0.0064667
internal_weight=7057.55 1189.06 981.181 798.122 5868.49 2736.37
internal_count=31144 3507 2649 2148 27637 11356
is_linear=0
shrinkage=0.05


Tree=152
num_leaves=7
num_cat=0
split_feature=32 8 4 7 34 36
split_gain=35.8789 37.0643 71.6917 91.452 75.2177 68.5412
threshold=8.5000000000000018 185.50000000000003 120754.50000000001 56.500000000000007 155.44736111111115 672.46597222222238
decision_type=2 10 10 10 10 8
left_child=1 -1 5 4 -4 -3
right_child=-2 2 3 -5 -6 -7
leaf_value=0.0011916436820922343 0.039442954006817341 0.0090529459591807034 -0.092243373025263198 -0.0026772099009898602 -0.023768674175234119 -0.018539946421837757
leaf_weight=5645.5099586211145 51.477142259478569 612.77144629508257 68.003869250416756 184.54160472378135 99.956570640206337 349.05496914312243
leaf_count=26830 62 1762 73 593 442 1269
internal_value=-0.000248953 -0.000570632 -0.00811606 -0.0272341 -0.0533579 -0.00100484
internal_weight=7011.32 6959.84 1314.33 352.502 167.96 961.826
internal_count=31031 30969 4139 1108 515 3031
is_linear=0
shrinkage=0.05


Tree=153
num_leaves=7
num_cat=0
split_feature=29 9 8 4 40 36
split_gain=30.654 37.6327 40.5226 104.333 71.8489 70.7579
threshold=2.5000000000000004 1386.0000000000002 182.50000000000003 120754.50000000001 15.500000000000002 47.087083333333339
decision_type=2 8 10 10 2 10
left_child=1 2 -1 5 -5 -4
right_child=-2 -3 3 4 -6 -7
leaf_value=0.00040545401410312576 0.01669106039239512 0.033837158685159789 -0.025449605653450693 -0.072961240209675204 -0.019384504920254963 0.0077557082303019069
leaf_weight=5500.7533383388072 248.77452084794641 71.610207095742226 207.8287154212594 80.707661628723145 255.04542285948992 646.72232619300485
leaf_count=26630 376 179 761 23 1053 2128
internal_value=-0.00036994 -0.00100942 -0.00140735 -0.00975152 -0.0331448 -0.000420962
internal_weight=7011.44 6762.67 6691.06 1190.3 335.753 854.551
internal_count=31150 30774 30595 3965 1076 2889
is_linear=0
shrinkage=0.05


Tree=154
num_leaves=7
num_cat=0
split_feature=29 29 11 32 34 16
split_gain=34.0032 47.671 39.6381 62.6971 57.9976 64.4841
threshold=4.5000000000000009 3.5000000000000004 174.50000000000003 3.5000000000000004 4166.5927777777788 36.500000000000007
decision_type=2 2 10 2 8 10
left_child=1 2 -1 4 5 -4
right_child=-2 -3 3 -5 -6 -7
leaf_value=-0.00097702376890300598 0.034317365541489224 -0.040914865728123868 0.034764898056892292 0.051678592412442263 0.047351588532157214 -0.0023061247728645316
leaf_weight=5744.2109468020499 69.272260829806328 64.441596001386642 130.53722494840622 75.794429905712605 73.452538069337606 868.59314088523388
leaf_count=26855 112 83 458 67 415 3039
internal_value=0.000665316 0.000305832 0.0007206 0.00917958 0.00595052 0.00268623
internal_weight=7026.3 6957.03 6892.59 1148.38 1072.58 999.13
internal_count=31029 30917 30834 3979 3912 3497
is_linear=0
shrinkage=0.05


Tree=155
num_leaves=7
num_cat=0
split_feature=21 37 37 25 11 35
split_gain=29.2946 73.301 80.6334 68.0089 70.6241 68.5424
threshold=0.6002056202878685 0.17424242424242428 0.25833333333333336 0.50726750327460191 56.500000000000007 954.6373611111112
decision_type=10 2 2 10 8 8
left_child=3 -2 -3 4 5 -1
right_child=1 2 -4 -5 -6 -7
leaf_value=0.042766556953895217 0.032645007647017228 -0.044204110236207537 -0.0053268749132285784 -0.0012847624708886391 0.043143101036360265 -0.00080274674365395776
leaf_weight=104.2774651274085 110.72399715706706 139.9743026457727 1698.5742618106306 4252.2186731342226 165.96949627995491 517.94120504707098
leaf_count=246 758 1428 7809 17570 525 2754
internal_value=-0.00079276 -0.00598963 -0.00839858 0.00122097 0.0146621 0.00678174
internal_weight=6989.68 1949.27 1838.55 5040.41 788.188 622.219
internal_count=31090 9995 9237 21095 3525 3000
is_linear=0
shrinkage=0.05


Tree=156
num_leaves=7
num_cat=0
split_feature=21 12 36 36 32 16
split_gain=23.951 25.2406 63.5897 46.6965 29.7503 67.1083
threshold=0.081574453837783556 5565.5000000000009 150.45527777777781 21.719305555555561 1.5000000000000002 338.50000000000006
decision_type=10 10 10 10 2 8
left_child=-1 4 3 -3 -2 -6
right_child=1 2 -4 -5 5 -7
leaf_value=0.028960381600013987 -0.00020720142269486653 0.018506819921469634 0.036732522120311424 -0.03614962158247622 -0.030856550005183586 0.0054424169172075723
leaf_weight=64.528048656880856 6129.1296707969159 72.821205906569958 144.50065769255161 74.069011509418488 250.61733397096395 251.16733273491263
leaf_count=262 29529 251 389 270 187 216
internal_value=-0.000239894 -0.000532798 0.0137435 -0.00933629 -0.00117004 -0.0128127
internal_weight=6986.83 6922.31 291.391 146.89 6630.91 501.785
internal_count=31104 30842 910 521 29932 403
is_linear=0
shrinkage=0.05


Tree=157
num_leaves=7
num_cat=0
split_feature=4 36 36 36 37 4
split_gain=34.5651 66.502 99.607 111.381 88.6389 84.809
threshold=62994.500000000007 1213.121388888889 1061.2623611111114 924.64527777777789 0.70106382978723414 598833.00000000012
decision_type=8 10 10 10 2 10
left_child=-1 2 3 -2 5 -3
right_child=1 4 -4 -5 -6 -7
leaf_value=-0.0030505488072277293 -0.00052199611348422369 0.0055669995748220576 -0.043503199565284707 0.062531822689419786 0.066954706303078648 0.063408080224398797
leaf_weight=4152.0093102529645 1789.4053369574249 743.57874155789614 123.90913616120815 67.886560961604118 71.59988035261631 64.432073101401329
leaf_count=19874 6475 3704 468 178 216 170
internal_value=-0.000138141 0.0040867 -0.00100035 0.00194441 0.0154855 0.0105409
internal_weight=7012.82 2860.81 1981.2 1857.29 879.611 808.011
internal_count=31085 11211 7121 6653 4090 3874
is_linear=0
shrinkage=0.05


Tree=158
num_leaves=7
num_cat=0
split_feature=25 22 10 19 4 21
split_gain=29.348 61.2937 62.0783 58.6356 50.2755 41.5579
threshold=0.18910678971654585 1.2162453239567002 179.50000000000003 15.500000000000002 2699448.0000000005 0.82234299516908227
decision_type=10 10 10 10 10 10
left_child=1 -1 3 -3 5 -2
right_child=4 2 -4 -5 -6 -7
leaf_value=0.032676814412026176 0.0005824142770146564 -0.0059078357400981323 -0.027253412964367171 0.031205663616756502 -0.048620777232247975 -0.028106287650910829
leaf_weight=208.62121138721704 6028.6821884158999 234.97224948368967 138.64629204943776 187.57177041098475 48.671423584222794 123.93001703731716
leaf_count=909 26511 1321 438 674 179 1136
internal_value=0.000707851 0.00988269 0.00119529 0.0107395 -0.000438135 -1.78058e-05
internal_weight=6971.1 769.812 561.19 422.544 6201.28 6152.61
internal_count=31168 3342 2433 1995 27826 27647
is_linear=0
shrinkage=0.05


Tree=159
num_leaves=7
num_cat=0
split_feature=9 9 28 36 4 2
split_gain=38.5941 48.276 45.37 31.297 61.3995 58.9519
threshold=787.50000000000011 475.50000000000006 2.5000000000000004 47.087083333333339 4060.5000000000005 23360.500000000004
decision_type=8 10 2 8 10 10
left_child=1 2 3 4 -1 -6
right_child=-2 -3 -4 -5 5 -7
leaf_value=0.031370849607101473 0.029064372721832179 -0.045573799009701293 0.031586880013092671 0.00085066965040893827 -0.01721045818628017 0.030945833575189621
leaf_weight=80.275799207389355 108.35842848569155 53.507571019232273 107.09600479155779 5867.221670884639 757.03532518073916 64.78287860751152
leaf_count=358 291 126 134 27361 2618 196
internal_value=0.000125517 -0.000347609 3.71683e-05 -0.000484919 -0.0091284 -0.0132502
internal_weight=7038.28 6929.92 6876.41 6769.32 902.094 821.818
internal_count=31084 30793 30667 30533 3172 2814
is_linear=0
shrinkage=0.05


Tree=160
num_leaves=7
num_cat=0
split_feature=5 6 35 1 40 2
split_gain=30.2386 50.9543 49.2103 48.6927 66.0083 43.9725
threshold=1.0000000180025095e-35 37.500000000000007 855.35180555555564 2720.5000000000005 12.500000000000002 13823.500000000002
decision_type=8 10 8 10 2 10
left_child=1 -1 -3 4 -2 -5
right_child=3 2 -4 5 -6 -7
leaf_value=-0.00050734513575950799 0.03691650486811715 -0.059022325609743125 -0.0053602210941110463 -0.015680435391033289 0.0056681021941700589 0.0084967943013754977
leaf_weight=5342.0406516902149 236.08440732955933 68.623552024364471 104.46641441434622 345.12917889282107 573.13429059647024 401.59342171996832
leaf_count=25631 93 194 446 1054 2547 1228
internal_value=0.000352807 -0.00138493 -0.027695 0.00649703 0.0149553 -0.0027077
internal_weight=7071.07 5515.13 173.09 1555.94 809.219 746.723
internal_count=31193 26271 640 4922 2640 2282
is_linear=0
shrinkage=0.05


Tree=161
num_leaves=7
num_cat=0
split_feature=8 36 8 36 12 24
split_gain=31.5119 68.834 137.619 124.424 59.6634 88.7051
threshold=12.500000000000002 3012.6204166666671 9.5000000000000018 2387.3827777777783 1.0000000180025095e-35 135.50000000000003
decision_type=10 10 10 10 10 10
left_child=1 3 -3 4 -1 -6
right_child=-2 2 -4 -5 5 -7
leaf_value=-0.0090045573524067477 -0.001835962077867178 -0.01453214953787127 0.068354093228272961 0.066993814190907872 0.0046196460478677105 0.032189922958593076
leaf_weight=447.68043774738908 4249.1827124282718 662.4461417645216 49.199895191937685 85.439036786556244 1146.8376111313701 387.30987824499607
leaf_count=2659 16750 4873 280 306 4959 1228
internal_value=0.000871169 0.00500645 -0.00836486 0.00961854 0.00698265 0.011662
internal_weight=7028.1 2778.91 711.646 2067.27 1981.83 1534.15
internal_count=31055 14305 5153 9152 8846 6187
is_linear=0
shrinkage=0.05


Tree=162
num_leaves=7
num_cat=0
split_feature=20 40 23 23 8 23
split_gain=33.4525 52.5234 50.0126 54.909 53.084 52.177
threshold=0.3330653804930333 14.500000000000002 1.1189898117024579 2.5306950480679795 1.5000000000000002 0.48638513372428915
decision_type=10 2 10 10 10 10
left_child=-1 -2 5 4 -4 -3
right_child=1 2 3 -5 -6 -7
leaf_value=0.0015780295293416199 -0.02386363935486345 -0.021908508425291604 0.013947861052961572 0.0076356465881988137 -0.033045245239488576 0.014072784062070562
leaf_weight=5434.0769923944026 342.01522582769394 118.70662964135408 71.783527767285705 213.89773119240999 300.81423570029438 544.40234705992043
leaf_count=23030 116 898 576 1328 1777 3324
internal_value=-0.000290148 -0.00665341 -0.00186666 -0.0124486 -0.0239269 0.00751583
internal_weight=7025.7 1591.62 1249.6 586.495 372.598 663.109
internal_count=31049 8019 7903 3681 2353 4222
is_linear=0
shrinkage=0.05


Tree=163
num_leaves=7
num_cat=0
split_feature=24 23 4 40 4 8
split_gain=26.8029 65.4348 65.2607 77.2567 49.7677 43.2401
threshold=872.50000000000011 0.54311328032006434 85929.500000000015 13.500000000000002 32445.000000000004 21.500000000000004
decision_type=8 10 10 2 10 10
left_child=5 -2 3 -3 -5 -1
right_child=1 2 -4 4 -6 -7
leaf_value=0.0034614570987315575 0.035616679596278789 -0.052105696937404682 0.032874446002176552 0.023941736187453003 -0.013882275534484206 -0.0048333330158377196
leaf_weight=3135.8376933448017 174.86515794694424 76.83207094669342 118.30589878559113 143.81707845628262 204.31748655438423 3138.875558078289
leaf_count=16377 527 24 370 525 794 12507
internal_value=0.000361469 0.0094768 0.000814982 -0.00838851 0.00186087 -0.00068849
internal_weight=6992.85 718.138 543.273 424.967 348.135 6274.71
internal_count=31124 2240 1713 1343 1319 28884
is_linear=0
shrinkage=0.05


Tree=164
num_leaves=7
num_cat=0
split_feature=40 35 11 16 34 35
split_gain=28.6036 32.1201 30.8314 78.9515 51.3333 66.951
threshold=10.500000000000002 48.906111111111123 206.50000000000003 22.500000000000004 4469.8237500000005 7064.2965277777794
decision_type=2 8 8 10 8 8
left_child=-1 -2 -3 -4 5 -5
right_child=1 2 3 4 -6 -7
leaf_value=0.011442634166627341 -0.017824620396415591 -0.0015569012343937009 0.053033910737279977 0.0050125239283633711 0.048543944366563896 -0.043037206297537406
leaf_weight=509.99839478731155 260.69726769067347 5285.6035745069385 84.167073272168636 723.81359729170799 54.055056925863028 75.504142746329308
leaf_count=185 257 26934 298 2656 306 451
internal_value=0.000100617 -0.00079964 -7.26992e-05 0.00825871 0.00355939 0.000234388
internal_weight=6993.84 6483.84 6223.14 937.54 853.373 799.318
internal_count=31087 30902 30645 3711 3413 3107
is_linear=0
shrinkage=0.05


Tree=165
num_leaves=7
num_cat=0
split_feature=15 12 4 36 12 31
split_gain=28.7547 42.2003 61.5921 35.9156 33.9595 73.1695
threshold=1.0000000180025095e-35 13.500000000000002 141674.50000000003 6527.2881944444453 74.500000000000014 2.5000000000000004
decision_type=8 10 10 8 10 2
left_child=1 2 -1 -3 5 -2
right_child=4 3 -4 -5 -6 -7
leaf_value=-0.031342520377825624 0.0055870837524530856 -0.0060073678494567979 0.030417057868267001 0.044766219602207724 -0.0026066588743978007 -0.052140046296092271
leaf_weight=266.62361508049071 3221.3175412788987 115.95527160167694 43.310177028179169 44.211961429566145 3236.5459781102836 50.87523265182972
leaf_count=2914 14768 816 181 300 12048 18
internal_value=0.000156828 -0.0117186 -0.0223663 0.00893888 0.00102288 0.00461138
internal_weight=6978.84 470.101 309.934 160.167 6508.74 3272.19
internal_count=31045 4211 3095 1116 26834 14786
is_linear=0
shrinkage=0.05


Tree=166
num_leaves=7
num_cat=0
split_feature=0 2 28 32 36 37
split_gain=33.3618 41.2325 36.7364 73.0521 36.5911 74.8435
threshold=25.500000000000004 1354.5000000000002 1.5000000000000002 1.5000000000000002 758.90708333333339 0.77207792207792225
decision_type=8 10 2 2 10 2
left_child=2 -2 3 -1 -3 -6
right_child=1 4 -4 -5 5 -7
leaf_value=-0.0036985969107280383 0.014163535262152596 -0.0035226089689193575 0.02966256597154536 -0.044222845283609126 0.0033349784577854529 0.045573922659316111
leaf_weight=2602.0658404305577 643.2568157762289 2210.8474108465016 71.728396404534578 111.26305433362722 1268.6137558370829 109.43984012305737
leaf_count=15593 2614 7320 84 48 5048 310
internal_value=-0.000237677 0.00255808 -0.00448306 -0.00543862 0.000461165 0.00684207
internal_weight=7017.22 4232.16 2785.06 2713.33 3588.9 1378.05
internal_count=31017 15292 15725 15641 12678 5358
is_linear=0
shrinkage=0.05


Tree=167
num_leaves=7
num_cat=0
split_feature=36 36 3 2 12 36
split_gain=27.2248 82.9724 110.519 131.047 120.918 92.2461
threshold=47.087083333333339 237.7490277777778 670.50000000000011 9915.5000000000018 155.50000000000003 244.30972222222223
decision_type=8 8 10 10 10 8
left_child=-1 2 -2 -4 -5 -3
right_child=1 5 3 4 -6 -7
leaf_value=-0.0064014115170533438 -0.039152209881313217 -0.047358226369427624 0.045535869782830703 0.02978508871312114 -0.047232718834321903 0.0011895884439578233
leaf_weight=1057.8420718498528 66.387506444007158 94.714923866093159 345.44438160583377 106.94575955718756 88.631943754851818 5219.5494229290634
leaf_count=3473 458 447 953 321 254 25104
internal_value=0.000968383 0.00228921 0.0197166 0.0272326 -0.00542521 0.000280629
internal_weight=6979.52 5921.67 607.41 541.022 195.578 5314.26
internal_count=31010 27537 1986 1528 575 25551
is_linear=0
shrinkage=0.05


Tree=168
num_leaves=7
num_cat=0
split_feature=29 29 9 32 20 4
split_gain=31.2956 26.3658 32.0201 29.2949 30.2773 37.9361
threshold=4.5000000000000009 3.5000000000000004 1386.0000000000002 1.5000000000000002 0.62639354663282887 126946.50000000001
decision_type=2 2 8 2 10 10
left_child=1 2 3 4 -1 -6
right_child=-2 -3 -4 -5 5 -7
leaf_value=0.00096425317724311329 0.033012375583181423 -0.03165414228376158 0.031811447345826659 -0.012577592858788117 -0.027857827101421997 0.012391059241940332
leaf_weight=6092.619952885434 64.895764209330082 62.738890536129475 71.738303035497665 475.0583671592176 191.04942474886775 80.049639962613583
leaf_count=28489 109 84 174 345 1640 322
internal_value=-0.000278515 -0.000611764 -0.000307255 -0.000667173 0.000231129 -0.015964
internal_weight=7038.15 6973.25 6910.52 6838.78 6363.72 271.099
internal_count=31163 31054 30970 30796 30451 1962
is_linear=0
shrinkage=0.05


Tree=169
num_leaves=7
num_cat=0
split_feature=20 40 4 8 36 24
split_gain=25.6228 42.614 35.05 52.2443 99.6922 83.8196
threshold=0.0042441032121259591 12.500000000000002 61089.000000000007 285.50000000000006 237.7490277777778 716.50000000000011
decision_type=10 2 10 10 8 10
left_child=1 -1 -2 -4 -5 -6
right_child=2 -3 3 4 5 -7
leaf_value=0.051732378856727504 -0.0033839972063491514 0.0055455226031100834 0.0067012350839530431 0.017598601995228499 -0.048814798269681881 0.015171450994049668
leaf_weight=55.648545384407043 3837.6731141805649 292.07451315969229 2452.8337595276535 164.79977881163359 185.46987774595618 67.275911599397659
leaf_count=20 18183 1698 9915 466 725 209
internal_value=0.000430388 0.0135657 -0.000260098 0.00391515 -0.0123371 -0.031819
internal_weight=7055.78 347.723 6708.05 2870.38 417.546 252.746
internal_count=31216 1718 29498 11315 1400 934
is_linear=0
shrinkage=0.05


Tree=170
num_leaves=7
num_cat=0
split_feature=4 36 12 34 4 25
split_gain=28.1337 56.4312 68.6237 92.2434 42.3704 72.3088
threshold=2364.5000000000005 133.43680555555559 23.500000000000004 2709.8979166666672 12168.500000000002 0.84745014160151777
decision_type=8 8 8 10 10 10
left_child=1 -1 -3 -4 5 -2
right_child=4 2 3 -5 -6 -7
leaf_value=0.036437853454922661 0.0141600884649678 -0.029666436743142649 -0.0095722321628758274 0.067297579593640494 -0.0010369643885011419 -0.013720288511495166
leaf_weight=54.716744663193822 1171.5544504821301 321.67770046181977 196.0312292277813 43.466672077775002 4871.4648839179426 285.60046546906233
leaf_count=202 5279 3381 1122 386 19362 1194
internal_value=0.000206954 -0.00995026 -0.0147551 0.00546987 0.00120251 0.00866734
internal_weight=6944.51 615.892 561.176 239.498 6328.62 1457.15
internal_count=30926 5091 4889 1508 25835 6473
is_linear=0
shrinkage=0.05


Tree=171
num_leaves=7
num_cat=0
split_feature=35 36 34 21 18 36
split_gain=38.6236 100.887 90.7053 75.9603 68.7667 67.6733
threshold=3809.4140277777783 2914.9948611111117 4469.8237500000005 0.65022275531185758 27.500000000000004 726.09916666666675
decision_type=10 10 10 10 10 10
left_child=1 2 -1 -4 5 -2
right_child=4 -3 3 -5 -6 -7
leaf_value=-0.0024277028017894845 -0.022352561338384445 -0.046148476038856912 0.10212784421284399 -0.011984240421992764 0.049111975012448093 0.0079131415575275626
leaf_weight=5257.0626322198659 211.05475499108434 126.01093177497387 33.129905551671982 22.068003322929144 82.76684308424592 1270.7220259308815
leaf_count=19484 1472 403 200 302 391 8798
internal_value=-0.000809803 -0.0028018 -0.00173115 0.0593 0.00610113 0.00354162
internal_weight=7002.82 5438.27 5312.26 55.1979 1564.54 1481.78
internal_count=31050 20389 19986 502 10661 10270
is_linear=0
shrinkage=0.05


Tree=172
num_leaves=7
num_cat=0
split_feature=21 8 25 15 34 24
split_gain=30.1815 40.7301 28.7302 25.4504 27.9329 64.2604
threshold=0.99496226128362297 19.500000000000004 0.055320150659133711 1568.0000000000002 661.15569444444452 716.50000000000011
decision_type=8 8 10 10 10 10
left_child=3 2 -2 4 -1 -6
right_child=1 -3 -4 -5 5 -7
leaf_value=-0.0042291806092283881 -0.027161074747549266 0.046543366261747689 0.023783113573562067 0.033483080053289337 -0.00050483884510317068 0.021759027974515559
leaf_weight=3768.9745620395988 49.500150877982378 73.985331937670708 51.241220278665423 47.803604945540428 2635.401775829494 364.51699681580067
leaf_count=11997 266 250 241 183 16337 1512
internal_value=-0.000564844 0.0196607 -0.00134944 -0.0010973 -0.00136605 0.00223212
internal_weight=6991.42 174.727 100.741 6816.7 6768.89 2999.92
internal_count=30786 757 507 30029 29846 17849
is_linear=0
shrinkage=0.05


Tree=173
num_leaves=7
num_cat=0
split_feature=24 4 31 8 30 40
split_gain=28.3919 53.9986 29.1691 35.4692 51.5375 102.902
threshold=1236.5000000000002 29506.000000000004 1.5000000000000002 202.50000000000003 4.5000000000000009 13.500000000000002
decision_type=8 10 2 10 2 2
left_child=2 -2 3 -1 5 -5
right_child=1 -3 -4 4 -6 -7
leaf_value=0.0022706351856638753 0.042891039314499446 -0.015422923123300267 -0.013630533504557663 -0.046752491606242855 0.02330408049125959 -0.0036614373675260235
leaf_weight=5464.9254491496831 99.015301525592804 60.849011853337288 371.27743138372898 167.27898824214935 111.84908498451114 712.8196523450315
leaf_count=26994 309 230 142 53 267 3098
internal_value=0.000397171 0.0209005 -9.78056e-05 0.000690286 -0.00798403 -0.0120695
internal_weight=6988.01 159.864 6828.15 6456.87 991.948 880.099
internal_count=31093 539 30554 30412 3418 3151
is_linear=0
shrinkage=0.05


Tree=174
num_leaves=7
num_cat=0
split_feature=37 35 19 12 36 24
split_gain=38.3578 76.7401 68.2176 63.4063 58.1004 37.6498
threshold=0.25833333333333336 8988.4988888888893 1.0000000180025095e-35 21.500000000000004 5397.7402777777779 27.500000000000004
decision_type=2 10 10 10 10 10
left_child=5 4 -3 -4 -2 -1
right_child=1 2 3 -5 -6 -7
leaf_value=-0.027875308860263587 0.0016451345548500616 0.08163571509305223 -0.020359358376118492 0.057551088985703804 -0.037690827090379048 -0.0036343998217341655
leaf_weight=199.90787880681455 5837.4549642894417 49.793722558766603 60.379468999803066 38.766840785741806 90.409046992659569 743.05383264273405
leaf_count=2376 22752 265 541 194 519 4482
internal_value=0.000462058 0.0019199 0.0367732 0.0114046 0.00101394 -0.00889339
internal_weight=7019.77 6076.8 148.94 99.1463 5927.86 942.962
internal_count=31129 24271 1000 735 23271 6858
is_linear=0
shrinkage=0.05


Tree=175
num_leaves=7
num_cat=0
split_feature=16 12 36 36 24 35
split_gain=45.4064 52.8011 73.6104 60.1127 47.142 45.5241
threshold=973.50000000000011 38.500000000000007 1414.2820833333335 1198.2280555555558 123.50000000000001 3854.3308333333339
decision_type=8 10 10 8 10 8
left_child=5 4 3 -3 -2 -1
right_child=1 2 -4 -5 -6 -7
leaf_value=-0.0040917237488956922 0.057454750259541693 0.0034245877295614648 0.048721986544581493 -0.047302662517857835 0.010593712944857482 0.0047311825399817369
leaf_weight=4042.0446988809854 98.246309537440538 347.07742175832391 70.105275213718414 65.085941389203072 117.63979464769363 2284.0704755075276
leaf_count=13087 296 1081 277 242 356 15838
internal_value=0.000434123 0.0124879 0.00318048 -0.00505685 0.0327372 -0.000904956
internal_weight=7024.27 698.155 482.269 412.163 215.886 6326.12
internal_count=31177 2252 1600 1323 652 28925
is_linear=0
shrinkage=0.05


Tree=176
num_leaves=7
num_cat=0
split_feature=20 22 34 4 35 36
split_gain=21.0138 42.4743 50.3494 42.2617 40.2352 49.915
threshold=0.089491413808824291 0.31719166506619151 1.179027777777778 208536.50000000003 3685.5476388888892 3474.7206944444447
decision_type=10 10 8 8 10 10
left_child=3 2 -2 -1 -3 -6
right_child=1 4 -4 -5 5 -7
leaf_value=0.0023204818742645203 -0.071844169959918033 -0.003788338214092934 -0.011917452588444262 0.043351024976384621 0.021506070150543455 -0.0017049298818923042
leaf_weight=2611.3535191062838 37.351722717285156 3137.643917793408 222.14670006930828 59.335011973977089 391.20822774246335 555.98320476152003
leaf_count=11324 12 11695 1500 175 2239 4273
internal_value=-0.000175284 -0.00232005 -0.0217383 0.00331137 -0.0010614 0.00794425
internal_weight=7015.02 4344.33 259.498 2670.69 4084.84 947.191
internal_count=31218 19719 1512 11499 18207 6512
is_linear=0
shrinkage=0.05


Tree=177
num_leaves=7
num_cat=0
split_feature=18 18 37 18 34 34
split_gain=25.5368 25.2363 117.704 46.62 61.0093 45.1227
threshold=141.50000000000003 52.500000000000007 0.66333333333333344 34.500000000000007 63.217361111111117 9.8809722222222245
decision_type=8 10 2 10 10 10
left_child=1 3 -3 -1 -5 -4
right_child=-2 2 5 4 -6 -7
leaf_value=-0.0015825592223113105 0.034240825527372197 0.020319630685093019 -0.065035104255021597 0.039566422805369136 -0.0015654494215036744 -0.018016648899615049
leaf_weight=6229.9162688981742 45.970578599721193 146.14491253346205 82.820400163531303 157.93674863129854 201.00419031456113 135.49434347450733
leaf_count=28863 130 384 36 187 896 584
internal_value=-0.00102351 -0.00128109 -0.0139973 -0.000567618 0.0168278 -0.0369104
internal_weight=6999.29 6953.32 364.46 6588.86 358.941 218.315
internal_count=31080 30950 1004 29946 1083 620
is_linear=0
shrinkage=0.05


Tree=178
num_leaves=7
num_cat=0
split_feature=21 21 36 4 21 37
split_gain=27.5368 25.7447 98.9743 45.0105 43.4112 40.9808
threshold=0.081574453837783556 0.16947763445636713 310.18694444444446 31603.500000000004 0.24332721976480745 0.5783625730994153
decision_type=10 10 10 10 10 2
left_child=-1 2 3 -2 5 -3
right_child=1 4 -4 -5 -6 -7
leaf_value=0.03100579061720873 0.03599986775432891 0.026508926580235272 -0.019626007059940685 -0.0058009822622033117 -1.4828571905466574e-05 0.0019518041805909902
leaf_weight=69.110850088298321 141.43571560829878 312.27483879588544 561.24950448796153 112.78748799860477 5438.2814868036658 367.57622294127941
leaf_count=264 502 1217 2082 354 25543 1152
internal_value=0.000689258 0.000364953 -0.00795253 0.0177005 0.00147916 0.0133428
internal_weight=7002.72 6933.61 815.473 254.223 6118.13 679.851
internal_count=31114 30850 2938 856 27912 2369
is_linear=0
shrinkage=0.05


Tree=179
num_leaves=7
num_cat=0
split_feature=36 36 12 36 34 19
split_gain=25.577 59.1786 68.7805 49.2521 96.5229 155.268
threshold=9504.3365277777793 6841.5052777777792 36.500000000000007 5118.1291666666675 7823.1963888888904 12.500000000000002
decision_type=10 10 10 10 10 10
left_child=1 3 -3 -1 -5 -6
right_child=-2 2 -4 4 5 -7
leaf_value=-1.204558234037547e-05 -0.02649358474050207 0.083509745674445163 0.0036803923474189879 -0.034268184029146824 0.12792714258669699 -0.036685449698423619
leaf_weight=6526.2919851951301 89.564872002229095 40.017461068928242 68.571579433977604 236.60346649214625 21.298668801784515 27.793927133083344
leaf_count=26958 1148 216 348 1801 127 428
internal_value=-0.000665977 -0.000312835 0.0354803 -0.000909013 -0.0210462 0.0399547
internal_weight=7010.14 6920.58 108.589 6811.99 285.696 49.0926
internal_count=31026 29878 564 29314 2356 555
is_linear=0
shrinkage=0.05


Tree=180
num_leaves=7
num_cat=0
split_feature=40 4 19 36 4 3
split_gain=45.1969 39.3754 125.795 161.187 38.8776 35.1332
threshold=4.5000000000000009 202207.00000000003 27.500000000000004 571.27708333333351 174359.50000000003 73205.000000000015
decision_type=2 8 10 8 10 10
left_child=-1 4 -3 5 -2 -4
right_child=1 2 3 -5 -6 -7
leaf_value=-0.030611061712804751 -1.8730616169451449e-05 0.036046044524760922 -0.012258421369146207 0.040307860821163354 -0.025962933881242274 -0.062092203593913722
leaf_weight=114.04187002778053 6242.1161565538496 280.6662627980113 60.348886013031006 86.068113215267658 142.81681344658136 91.954284131526947
leaf_count=43 28758 899 227 286 488 394
internal_value=-6.43667e-05 0.000462001 0.0136378 -0.0129449 -0.000618906 -0.0433633
internal_weight=7018.01 6903.97 519.038 238.371 6384.93 152.303
internal_count=31095 31052 1806 907 29246 621
is_linear=0
shrinkage=0.05


end of trees

feature_importances:
ev_gap_last=107
ev_h_since_prev=83
n_dying_ch=80
n_rows_28d=75
ev_relapse_rate=63
act_share_7d=59
n_undef_28d=56
n_alarm_28d=56
ev_h_since_inc=46
n_bad_28d=41
rate_28d=39
n_ch_bad_28d=32
ev_inc_168h=27
hour=27
n_alarm_7d=25
n_rows_3d=20
dying_share=20
ev_open_ch=20
act_share_1d=17
n_active_ch=16
ev_fail_24h=16
n_undef_7d=15
n_rows_7d=14
n_alarm_3d=14
rate_7d=14
ev_inc_672h=14
ev_inc_24h=13
ev_inc_72h=13
ev_fail_3h=13
n_ch_bad_7d=9
n_undef_3d=8
n_undef_1d=7
n_bad_3d=6
n_rows_1d=5
n_ch_bad_1d=5
n_bad_7d=3
ev_fail_168h=3
n_alarm_1d=2
n_bad_1d=1
ev_inc_6h=1
dow=1

parameters:
[boosting: gbdt]
[objective: binary]
[metric: average_precision]
[tree_learner: serial]
[device_type: cpu]
[data_sample_strategy: bagging]
[data: ]
[valid: ]
[num_iterations: 2000]
[learning_rate: 0.05]
[num_leaves: 7]
[num_threads: 6]
[seed: 58]
[deterministic: 1]
[force_col_wise: 1]
[force_row_wise: 0]
[histogram_pool_size: -1]
[max_depth: -1]
[min_data_in_leaf: 200]
[min_sum_hessian_in_leaf: 0.001]
[bagging_fraction: 0.8]
[pos_bagging_fraction: 1]
[neg_bagging_fraction: 1]
[bagging_freq: 1]
[bagging_seed: 8535]
[bagging_by_query: 0]
[feature_fraction: 0.8]
[feature_fraction_bynode: 1]
[feature_fraction_seed: 21853]
[extra_trees: 0]
[extra_seed: 10171]
[early_stopping_round: 0]
[early_stopping_min_delta: 0]
[first_metric_only: 1]
[max_delta_step: 0]
[lambda_l1: 0]
[lambda_l2: 5]
[linear_lambda: 0]
[min_gain_to_split: 0]
[drop_rate: 0.1]
[max_drop: 50]
[skip_drop: 0.5]
[xgboost_dart_mode: 0]
[uniform_drop: 0]
[drop_seed: 8784]
[top_rate: 0.2]
[other_rate: 0.1]
[min_data_per_group: 100]
[max_cat_threshold: 32]
[cat_l2: 10]
[cat_smooth: 10]
[max_cat_to_onehot: 4]
[top_k: 20]
[monotone_constraints: ]
[monotone_constraints_method: basic]
[monotone_penalty: 0]
[feature_contri: ]
[forcedsplits_filename: ]
[refit_decay_rate: 0.9]
[cegb_tradeoff: 1]
[cegb_penalty_split: 0]
[cegb_penalty_feature_lazy: ]
[cegb_penalty_feature_coupled: ]
[path_smooth: 0]
[interaction_constraints: ]
[verbosity: -1]
[saved_feature_importance_type: 0]
[use_quantized_grad: 0]
[num_grad_quant_bins: 4]
[quant_train_renew_leaf: 0]
[stochastic_rounding: 1]
[linear_tree: 0]
[max_bin: 255]
[max_bin_by_feature: ]
[min_data_in_bin: 3]
[bin_construct_sample_cnt: 200000]
[data_random_seed: 228]
[is_enable_sparse: 1]
[enable_bundle: 1]
[use_missing: 1]
[zero_as_missing: 0]
[feature_pre_filter: 1]
[pre_partition: 0]
[two_round: 0]
[header: 0]
[label_column: ]
[weight_column: ]
[group_column: ]
[ignore_column: ]
[categorical_feature: ]
[forcedbins_filename: ]
[precise_float_parser: 0]
[parser_config_file: ]
[objective_seed: 17276]
[num_class: 1]
[is_unbalance: 0]
[scale_pos_weight: 1]
[sigmoid: 1]
[boost_from_average: 1]
[reg_sqrt: 0]
[alpha: 0.9]
[fair_c: 1]
[poisson_max_delta_step: 0.7]
[tweedie_variance_power: 1.5]
[lambdarank_truncation_level: 30]
[lambdarank_norm: 1]
[label_gain: ]
[lambdarank_position_bias_regularization: 0]
[eval_at: ]
[multi_error_top_k: 1]
[auc_mu_weights: ]
[num_machines: 1]
[local_listen_port: 12400]
[time_out: 120]
[machine_list_filename: ]
[machines: ]
[gpu_platform_id: -1]
[gpu_device_id: -1]
[gpu_use_dp: 0]
[num_gpu: 1]

end of parameters

pandas_categorical:[]
