tree
version=v4
num_class=1
num_tree_per_iteration=1
label_index=0
max_feature_idx=41
objective=binary sigmoid:1
feature_names=n_active_ch n_rows_1d n_rows_3d n_rows_7d n_rows_28d n_bad_1d n_bad_3d n_bad_7d n_bad_28d n_undef_1d n_undef_3d n_undef_7d n_undef_28d n_alarm_1d n_alarm_3d n_alarm_7d n_alarm_28d n_ch_bad_1d n_ch_bad_7d n_ch_bad_28d act_share_1d act_share_7d rate_7d rate_28d n_dying_ch dying_share ev_inc_6h ev_inc_24h ev_inc_72h ev_inc_168h ev_inc_672h ev_fail_3h ev_fail_24h ev_fail_168h ev_h_since_inc ev_h_since_prev ev_gap_last ev_relapse_rate ev_open_ch is_rearm hour dow
feature_infos=[0:1459] [0:200094] [0:575548] [0:1039472] [0:3446064] [0:32012] [0:32027] [0:32027] [0:32057] [0:37262] [0:71955] [0:122355] [0:165289] [0:32013] [0:32065] [0:32176] [0:33059] [0:383] [0:947] [0:1109] [0:1] [0.0054644808743169399:1] [0:52] [0:13] [0:1420] [0:1] [0:3] [0:7] [0:11] [0:18] [0:25] [0:191] [0:561] [0:1165] [1:22977.983611111111] [2.0238888888888891:28233.218888888889] [1.0238888888888888:21790.846388888887] [0.090909090909090912:0.96551724137931039] [0:195] [0:1] [0:23] [0:6]
tree_sizes=888 897 903 901 896 896 898 899 901 896 897 898 899 903 904 902 899 896 897 907 901 899 907 898 901 902 896 904 905 901 899 902 904 902 908 901 898 909 909 902 902 911 907 907 908 897 900 906 910 913 898 909 910 894 901 910 903 906 907 909 905 907 906 902 908 907 906 908 907 910 910 911 904 900 903 907 903 904 905 899 901 903 901 909 899 904 898 898 903 907 901 909 899 913 907 897 905 900 895 894 906 907 910 907 909 901 914 914 900 908 912 896 906 908 899 895 906 908 896 908

Tree=0
num_leaves=7
num_cat=0
split_feature=35 30 24 24 16 12
split_gain=5072.88 1129.21 455.227 374.199 307.302 226.855
threshold=2629.6495833333338 2.5000000000000004 102.50000000000001 729.50000000000011 728.50000000000011 21.500000000000004
decision_type=8 2 10 10 10 10
left_child=1 3 5 4 -1 -2
right_child=2 -3 -4 -5 -6 -7
leaf_value=-0.53639860639975856 -0.59990803168854856 -0.45979099872722329 -0.5552402044094471 -0.48961124633322806 -0.48780500193008125 -0.57306612133464585
leaf_weight=2015.2215622663498 1893.9038606882095 1098.134242773056 1485.7930306196213 829.93382740020752 383.47544491291046 1381.2088181972504
leaf_count=6459 7897 1659 5833 2409 1160 5537
internal_value=-0.542651 -0.503489 -0.578247 -0.518458 -0.52853 -0.58865
internal_weight=9087.67 4326.77 4760.91 3228.63 2398.7 3275.11
internal_count=30954 11687 19267 10028 7619 13434
is_linear=0
shrinkage=1


Tree=1
num_leaves=7
num_cat=0
split_feature=35 24 35 16 24 30
split_gain=4413.88 879.966 585.291 401.593 305.132 295.008
threshold=1332.7075000000002 145.50000000000003 205.22361111111113 401.50000000000006 706.50000000000011 2.5000000000000004
decision_type=8 8 10 10 8 2
left_child=2 3 5 -2 -3 -1
right_child=1 4 -4 -5 -6 -7
leaf_value=0.034690664612100235 -0.041306080417246482 -0.006221694194910761 0.033963206884630136 0.0056815839639597892 0.042049024112060282 0.096829952045325685
leaf_weight=265.75100299715996 3900.4724135696888 1178.3146833777428 1947.4719722121954 513.38525708019733 447.81764282286167 752.04761898517609
leaf_count=310 16038 4557 5684 1947 1618 692
internal_value=0.000256756 -0.0242674 0.050167 -0.0358406 0.00715964 0.0808541
internal_weight=9005.26 6039.99 2965.27 4413.86 1626.13 1017.8
internal_count=30846 24160 6686 17985 6175 1002
is_linear=0
shrinkage=0.05


Tree=2
num_leaves=7
num_cat=0
split_feature=30 37 29 34 37 16
split_gain=3299.97 1267.01 438.788 429.766 377.188 364.485
threshold=1.5000000000000002 0.56385869565217395 2.5000000000000004 3059.6743055555557 0.37797619047619052 148.50000000000003
decision_type=2 2 2 8 2 10
left_child=1 3 -2 4 -1 -3
right_child=2 5 -4 -5 -6 -7
leaf_value=-0.032912147876633588 0.042388772316223462 -0.014625796830484908 0.096167868924476763 -0.044903026736630824 0.0031217042783593676 0.033163979381733419
leaf_weight=1548.9401897937059 1448.1231969445944 567.48367446660995 518.48529912531376 2334.2822450697422 1361.9406303316355 1319.8700284063816
leaf_count=5827 3078 2180 379 10258 4794 4642
internal_value=-0.000484799 -0.0163015 0.0567753 -0.0289357 -0.0160762 0.018794
internal_weight=9099.13 7132.52 1966.61 5245.16 2910.88 1887.35
internal_count=31158 27701 3457 20879 10621 6822
is_linear=0
shrinkage=0.05


Tree=3
num_leaves=7
num_cat=0
split_feature=35 30 37 14 35 38
split_gain=3790.96 885.633 327.761 309.793 200.434 178.91
threshold=2818.6045833333342 2.5000000000000004 0.44949494949494956 1.0000000180025095e-35 205.22361111111113 1.0000000180025095e-35
decision_type=8 2 2 8 10 2
left_child=1 2 -1 -2 -3 -4
right_child=3 4 5 -5 -6 -7
leaf_value=-0.0084947977583975359 -0.04993513511307341 0.083799422309545402 0.018400812377991547 -0.022554757094931637 0.037688678471492189 0.046032533170603636
leaf_weight=805.59619034826756 1607.6941849589348 802.26486760377884 1717.545373275876 2923.8811467587948 351.18286439776421 894.47357657551765
leaf_count=2515 6855 713 7280 12006 939 721
internal_value=7.65859e-05 0.0321866 0.0193464 -0.032313 0.0699836 0.027933
internal_weight=9102.64 4571.06 3417.62 4531.58 1153.45 2612.02
internal_count=31029 12168 10516 18861 1652 8001
is_linear=0
shrinkage=0.05


Tree=4
num_leaves=7
num_cat=0
split_feature=35 27 24 24 29 15
split_gain=3542.23 746.388 420.696 244.9 221.625 216.411
threshold=2507.8823611111115 1.0000000180025095e-35 102.50000000000001 837.50000000000011 2.5000000000000004 132.50000000000003
decision_type=8 2 8 10 2 10
left_child=1 3 -2 5 -3 -1
right_child=2 4 -4 -5 -6 -7
leaf_value=-0.0032114817294556079 -0.039802940768885749 0.046416964667759575 -0.007645310388933603 0.046839619598185604 0.085998741110490329 0.033646743008292741
leaf_weight=1419.091922134161 3182.3918208777905 1386.268939524889 1497.7435980141163 479.20317989587784 487.90400473773479 548.20603328943253
leaf_count=6040 13744 708 6071 1993 218 2292
internal_value=0.000591965 0.0332174 -0.029531 0.0149786 0.0569227 0.00711867
internal_weight=9000.81 4320.67 4680.14 2446.5 1874.17 1967.3
internal_count=31066 11251 19815 10325 926 8332
is_linear=0
shrinkage=0.05


Tree=5
num_leaves=7
num_cat=0
split_feature=35 35 16 24 24 12
split_gain=3064.01 674.421 340.676 320.362 280.629 204.599
threshold=2818.6045833333342 205.22361111111113 717.50000000000011 102.50000000000001 772.50000000000011 21.500000000000004
decision_type=8 10 10 8 10 10
left_child=1 -1 4 5 -3 -2
right_child=3 2 -4 -5 -6 -7
leaf_value=0.0633374941980894 -0.049454163964050474 0.001274608183817734 0.047281923995918108 -0.0091728997830483328 0.039753632970765222 -0.023081512641774805
leaf_weight=1085.45235440135 1757.195083245635 2119.4503051191568 780.6077668517828 1365.4878325760365 605.39740437269211 1288.5772152841091
leaf_count=1005 7823 7100 2308 5544 1813 5467
internal_value=0.000400567 0.028979 0.018265 -0.0293409 0.0098809 -0.0383528
internal_weight=9002.17 4590.91 3505.46 4411.26 2724.85 3045.77
internal_count=31060 12226 11221 18834 8913 13290
is_linear=0
shrinkage=0.05


Tree=6
num_leaves=7
num_cat=0
split_feature=35 16 38 36 16 37
split_gain=2893.9 599.946 401.342 230.896 194.72 191.866
threshold=1332.7075000000002 291.50000000000006 1.0000000180025095e-35 3493.0963888888896 706.50000000000011 0.31009615384615391
decision_type=8 8 2 8 10 2
left_child=2 3 -1 -2 -4 -3
right_child=1 5 4 -5 -6 -7
leaf_value=0.018343745945124938 -0.017139858809143978 -0.031614188500070133 0.041802029666769193 -0.04028022205737878 0.076655766964816796 0.014924094059223431
leaf_weight=1355.0427277386189 1977.7016593515873 264.35897520184517 1139.3714781552553 2397.7572427093983 641.06056854128838 1243.9951012581587
leaf_count=5626 8077 1128 668 10533 432 4645
internal_value=0.00018476 -0.0204867 0.0389462 -0.0298523 0.054531 0.00669014
internal_weight=9019.29 5883.81 3135.47 4375.46 1780.43 1508.35
internal_count=31109 24383 6726 18610 1100 5773
is_linear=0
shrinkage=0.05


Tree=7
num_leaves=7
num_cat=0
split_feature=35 24 29 16 2 24
split_gain=2483.04 609.03 292.496 256.88 231.884 191.478
threshold=1332.7075000000002 145.50000000000003 2.5000000000000004 401.50000000000006 3761.5000000000005 706.50000000000011
decision_type=8 8 2 10 10 8
left_child=2 3 4 -2 -1 -3
right_child=1 5 -4 -5 -6 -7
leaf_value=0.044668537494981016 -0.033861427143808763 -0.0040705727177549975 0.069404022087059286 0.0041971050518163676 0.014656588560895849 0.033780457886519337
leaf_weight=1219.1516956239939 3709.6448872536421 1207.9646077901125 536.59168347716331 502.28903438150883 1372.7839334756136 456.41571868956089
leaf_count=2935 16190 4662 369 1952 3398 1626
internal_value=-6.00831e-05 -0.0192142 0.0358903 -0.0293232 0.0288319 0.00637924
internal_weight=9004.84 5876.31 3128.53 4211.93 2591.94 1664.38
internal_count=31132 24430 6702 18142 6333 6288
is_linear=0
shrinkage=0.05


Tree=8
num_leaves=7
num_cat=0
split_feature=35 34 24 16 29 12
split_gain=2376.11 547.378 320.776 244.428 195.639 177.571
threshold=2818.6045833333342 14.850416666666669 102.50000000000001 533.50000000000011 2.5000000000000004 21.500000000000004
decision_type=8 10 10 10 2 10
left_child=1 4 5 -3 -1 -2
right_child=2 3 -4 -5 -6 -7
leaf_value=0.036212923608335376 -0.04616652045613881 0.00037853705007419108 -0.0062329654530857365 0.032442310769194058 0.073216757520787032 -0.021120514822477409
leaf_weight=1461.8965380191803 1682.1147906333208 1837.1033893078566 1369.3232831954956 873.74313652515411 480.44927762448788 1244.1846003681421
leaf_count=666 7815 7785 5618 3583 204 5474
internal_value=0.000561956 0.0253037 -0.0262375 0.0107538 0.0455305 -0.0355718
internal_weight=8948.82 4653.19 4295.62 2710.85 1942.35 2926.3
internal_count=31145 12238 18907 11368 870 13289
is_linear=0
shrinkage=0.05


Tree=9
num_leaves=7
num_cat=0
split_feature=36 34 24 30 24 0
split_gain=1890.79 777.943 324.181 270.102 223.079 170.564
threshold=2701.1322222222229 63.217361111111117 716.50000000000011 2.5000000000000004 100.50000000000001 128.50000000000003
decision_type=8 10 10 2 10 10
left_child=1 3 -3 -1 5 -2
right_child=4 2 -4 -5 -6 -7
leaf_value=0.024621443053883859 -0.040901963002397825 -0.0042669199317899144 0.033198973157109367 0.060285701170042387 -0.0084168247490515775 0.045348049135704303
leaf_weight=1173.0609773099422 2271.4214016199112 2927.0394256263971 713.99893099069595 983.43855479359627 821.713119328022 54.862475842237473
leaf_count=942 10504 12776 2923 621 3147 197
internal_value=0.000290459 0.0172258 0.0031155 0.0409874 -0.0308766 -0.038775
internal_weight=8945.53 5797.54 3641.04 2156.5 3148 2326.28
internal_count=31110 17262 15699 1563 13848 10701
is_linear=0
shrinkage=0.05


Tree=10
num_leaves=7
num_cat=0
split_feature=35 16 24 27 4 37
split_gain=2025.12 501.984 279.633 237.968 197.872 168.226
threshold=2818.6045833333342 558.50000000000011 108.50000000000001 2.5000000000000004 41151.000000000007 0.25833333333333336
decision_type=8 10 8 2 10 2
left_child=1 3 -2 5 -3 -1
right_child=2 4 -4 -5 -6 -7
leaf_value=-0.028869291179360119 -0.033151259905602838 0.06596132019533188 -0.0050385390654195368 0.085664563988505776 0.030402431054679303 0.012453624384451994
leaf_weight=266.86978229880333 2900.4919099360704 695.11289970576763 1274.6198267787695 98.898113906383514 925.41526658833027 2637.7108428478241
leaf_count=829 13532 1382 5210 36 2434 7528
internal_value=0.000643125 0.0234241 -0.024585 0.0112891 0.0458111 0.00861383
internal_weight=8799.12 4624.01 4175.11 3003.48 1620.53 2904.58
internal_count=30951 12209 18742 8393 3816 8357
is_linear=0
shrinkage=0.05


Tree=11
num_leaves=7
num_cat=0
split_feature=34 36 30 24 23 8
split_gain=1496.6 788.544 278.348 250.444 136.839 125.098
threshold=63.217361111111117 3493.0963888888896 2.5000000000000004 716.50000000000011 5.0353701788701182 104.50000000000001
decision_type=8 8 2 10 10 8
left_child=2 3 5 -2 -3 -1
right_child=1 4 -4 -5 -6 -7
leaf_value=0.010790571914109405 -0.0039571829194904188 -0.038672769413487296 0.056949736220207707 0.028149459077142475 -0.0033148003337085709 0.042786498557330396
leaf_weight=944.29120063781738 3241.8705822527409 2108.9410070031881 902.42170906066895 742.17922635376453 315.45893742144108 450.2420180439949
leaf_count=795 14289 10347 626 3024 1539 399
internal_value=0.000777123 -0.0116365 0.0353608 0.00205167 -0.0340883 0.0212368
internal_weight=8705.4 6408.45 2296.95 3984.05 2424.4 1394.53
internal_count=31019 29199 1820 17313 11886 1194
is_linear=0
shrinkage=0.05


Tree=12
num_leaves=7
num_cat=0
split_feature=35 29 37 16 4 37
split_gain=1600.2 390.865 310.999 255.197 237.989 180.575
threshold=2665.1501388888896 2.5000000000000004 0.25833333333333336 728.50000000000011 2364.5000000000005 0.25833333333333336
decision_type=8 2 2 10 8 2
left_child=1 2 -1 -4 -2 -6
right_child=4 -3 3 -5 5 -7
leaf_value=-0.038857574236021014 -0.045335104343816587 0.060910669860517276 0.010665519429962529 0.04092194295116891 -0.034217912404034358 -0.0088421552724773783
leaf_weight=251.66646030545235 929.65925493836403 506.17858181893826 2866.1464368999004 918.40243725478649 1011.3263380229473 2277.68577696383
leaf_count=781 4503 369 8363 2288 4769 9931
internal_value=-0.000885325 0.0196975 0.0144601 0.0180522 -0.0230447 -0.016685
internal_weight=8761.07 4542.39 4036.22 3784.55 4218.67 3289.01
internal_count=31004 11801 11432 10651 19203 14700
is_linear=0
shrinkage=0.05


Tree=13
num_leaves=7
num_cat=0
split_feature=36 38 4 14 24 24
split_gain=1330.06 532.353 248.622 219.85 206.798 149.4
threshold=2914.9948611111117 1.0000000180025095e-35 236708.50000000003 30.500000000000004 863.50000000000011 447.50000000000006
decision_type=8 2 8 10 10 10
left_child=1 4 5 -3 -1 -2
right_child=2 3 -4 -5 -6 -7
leaf_value=-0.0020758032430661564 -0.031413494248142132 0.017259419973519978 0.077534984576747235 0.049963634663580371 0.032494932887955442 0.030467836487428901
leaf_weight=3253.4733932316303 2818.5943403989077 1008.6055128872395 50.829599797725677 1059.8500337302685 493.83689543604851 97.228271573781967
leaf_count=14187 13154 709 153 633 1997 340
internal_value=-0.000126522 0.0137686 -0.0273436 0.0340967 0.00251731 -0.0293014
internal_weight=8782.42 5815.77 2966.65 2068.46 3747.31 2915.82
internal_count=31173 17526 13647 1342 16184 13494
is_linear=0
shrinkage=0.05


Tree=14
num_leaves=7
num_cat=0
split_feature=36 34 16 4 21 23
split_gain=1175.12 513.84 228.436 189.349 164.085 186.424
threshold=2914.9948611111117 37.387361111111119 285.50000000000006 151889.50000000003 0.6250428375599727 4.7890309316432376
decision_type=8 10 10 10 8 10
left_child=1 -1 -3 4 5 -2
right_child=3 2 -4 -5 -6 -7
leaf_value=0.033803415890133741 -0.026332996756175717 -0.0097028197016652967 0.014975425027204137 0.030333822037199493 -0.045977963803298244 0.020079650254696452
leaf_weight=1931.7793268412352 1631.1940485239029 1958.9227169752121 1789.7421108782291 138.16762028634548 930.04131712019444 245.58274345099926
leaf_count=1114 7566 8737 7452 525 4606 1032
internal_value=-0.000395294 0.012891 0.00208368 -0.0260011 -0.0288232 -0.0202225
internal_weight=8625.43 5680.44 3748.66 2944.99 2806.82 1876.78
internal_count=31032 17303 16189 13729 13204 8598
is_linear=0
shrinkage=0.05


Tree=15
num_leaves=7
num_cat=0
split_feature=35 0 36 2 12 24
split_gain=1328.93 424.88 223.21 209.539 163.507 202.003
threshold=1244.207916666667 31.500000000000004 4824.6498611111119 2924.0000000000005 32.500000000000007 54.500000000000007
decision_type=8 10 10 10 10 10
left_child=3 4 -3 -1 5 -2
right_child=1 2 -4 -5 -6 -7
leaf_value=0.043202496951757006 -0.046716205283760831 0.0084111618063333737 -0.036569098937785559 0.015949807077712885 -0.012283565289333052 -0.01351849052731046
leaf_weight=1196.4396348446608 1271.1713907271624 1996.4976548403502 314.90782964229584 1732.3663583397865 1376.5297248512506 723.31972861289978
leaf_count=2575 6475 7715 1465 3734 5999 3146
internal_value=-0.000195184 -0.0142943 0.00221731 0.0271374 -0.0256023 -0.0347407
internal_weight=8611.23 5682.43 2311.41 2928.81 3371.02 1994.49
internal_count=31109 24800 9180 6309 15620 9621
is_linear=0
shrinkage=0.05


Tree=16
num_leaves=7
num_cat=0
split_feature=36 38 29 37 19 37
split_gain=1026.13 437.134 188.774 226.653 179.744 135.612
threshold=3012.6204166666671 1.0000000180025095e-35 2.5000000000000004 0.68857758620689669 86.500000000000014 0.25833333333333336
decision_type=8 2 2 2 8 2
left_child=1 5 3 -3 -2 -1
right_child=4 2 -4 -5 -6 -7
leaf_value=-0.025159489705006352 -0.02755829836821775 0.006669281372593156 0.05740038919367673 0.045880920571165516 0.046551152392720167 0.0046215157649948128
leaf_weight=427.14841602742672 2742.7841119468212 982.11260156333447 475.82753901183605 586.88788770139217 79.950833380222321 3306.8628166019917
leaf_count=2008 13244 642 199 495 281 14141
internal_value=-0.000696807 0.0113718 0.0299242 0.0214356 -0.0253806 0.00118566
internal_weight=8601.57 5778.84 2044.83 1569 2822.73 3734.01
internal_count=31010 17485 1336 1137 13525 16149
is_linear=0
shrinkage=0.05


Tree=17
num_leaves=7
num_cat=0
split_feature=35 0 36 23 2 36
split_gain=1075.6 357.081 205.103 201.728 186.263 166.461
threshold=1332.7075000000002 31.500000000000004 4824.6498611111119 12.99467867376177 4016.5000000000005 3970.1341666666672
decision_type=8 8 10 10 10 10
left_child=3 -2 5 4 -1 -3
right_child=1 2 -4 -5 -6 -7
leaf_value=0.033750745334458092 -0.023637194724779431 0.0055191506112650677 -0.035325101395295974 0.081380674566923147 0.0087698708411302149 0.082716081224245633
leaf_weight=1431.297368645668 3262.4685898572206 1843.9349513053894 305.86891180276871 139.58026354014874 1563.0250421464443 67.637533560395241
leaf_count=3108 15440 7214 1495 114 3462 169
internal_value=0.000231018 -0.0131274 0.00235388 0.0235731 0.0207472 0.00845929
internal_weight=8613.81 5479.91 2217.44 3133.9 2994.32 1911.57
internal_count=31002 24318 8878 6684 6570 7383
is_linear=0
shrinkage=0.05


Tree=18
num_leaves=7
num_cat=0
split_feature=35 24 4 29 37 3
split_gain=976.107 379.17 267.946 213.447 151.173 143.689
threshold=1244.207916666667 706.50000000000011 2364.5000000000005 2.5000000000000004 0.37797619047619052 5818.5000000000009
decision_type=8 8 10 2 2 10
left_child=3 2 -2 5 -4 -1
right_child=1 -3 4 -5 -6 -7
leaf_value=0.033128036885975952 -0.040453112096457411 0.02886901212306129 -0.021782781026990255 0.053038339227492307 -0.0024028967641369185 0.0080836249686912845
leaf_weight=901.72605183720589 929.993786662817 507.55633048713207 1765.6435254365206 500.03759807348251 2334.2471807003021 1567.3892825841904
leaf_count=2120 4798 1725 8577 369 9622 3789
internal_value=0.000272345 -0.0121277 -0.0162891 0.0233798 -0.0107653 0.0172784
internal_weight=8506.59 5537.44 5029.88 2969.15 4099.89 2469.12
internal_count=31000 24722 22997 6278 18199 5909
is_linear=0
shrinkage=0.05


Tree=19
num_leaves=7
num_cat=0
split_feature=35 16 4 24 20 4
split_gain=884.492 283.418 210.765 168.708 155.017 144.414
threshold=2846.2472222222227 558.50000000000011 2535.5000000000005 135.50000000000003 0.66678090015992697 132140.00000000003
decision_type=8 10 8 10 10 10
left_child=1 3 -2 -1 -4 -3
right_child=2 5 4 -5 -6 -7
leaf_value=-0.0067268623922998334 -0.039459755985067041 0.040529093170290957 -0.0081547908588248518 0.016755165897894678 -0.050738155987073014 0.0072834276062297768
leaf_weight=1469.0975126326084 871.05422368645668 1173.1876434236765 2732.8666933178902 1586.0518682301044 227.24158577620983 455.44080965220928
leaf_count=4206 4676 2656 12749 4332 1254 1173
internal_value=-9.76973e-05 0.01447 -0.0179031 0.00547107 -0.0115039 0.0312828
internal_weight=8514.94 4683.78 3831.16 3055.15 2960.11 1628.63
internal_count=31046 12367 18679 8538 14003 3829
is_linear=0
shrinkage=0.05


Tree=20
num_leaves=7
num_cat=0
split_feature=35 22 24 16 12 24
split_gain=758.995 228.092 192.01 188.663 162.142 123.535
threshold=2892.4106944444452 11.095189929230523 106.50000000000001 686.50000000000011 20.500000000000004 872.50000000000011
decision_type=8 10 8 10 10 10
left_child=1 3 4 5 -2 -1
right_child=2 -3 -4 -5 -6 -7
leaf_value=0.00038521203005639949 -0.036292114111427673 0.074308935174379115 -0.0010945953029146834 0.027555384529645954 -0.011005211214907794 0.02738520824900233
leaf_weight=2806.3845334798098 1440.3647594004869 140.5017402023077 1220.1522227674723 1204.4482023864985 1139.969381570816 493.99767814576626
leaf_count=8132 7915 153 5218 2798 5552 1329
internal_value=-0.000888671 0.012663 -0.0174477 0.01066 -0.0251635 0.00446185
internal_weight=8445.82 4645.33 3800.49 4504.83 2580.33 3300.38
internal_count=31097 12412 18685 12259 13467 9461
is_linear=0
shrinkage=0.05


Tree=21
num_leaves=7
num_cat=0
split_feature=35 16 29 21 23 36
split_gain=805.467 280.652 223.815 153.166 145.454 118.689
threshold=1309.4962500000004 288.50000000000006 2.5000000000000004 0.6002056202878685 0.55985639324761194 4824.6498611111119
decision_type=8 10 2 10 10 10
left_child=2 3 4 -2 -1 -3
right_child=1 5 -4 -5 -6 -7
leaf_value=0.042138603929232792 -0.011359922494713575 0.011602436371942464 0.05127623630416224 -0.032863834950073306 0.0098322283872580348 -0.034480857401216286
leaf_weight=411.34657156467438 2646.7089074105024 1400.4328050464392 507.85663118958473 1206.595322266221 2171.483658477664 150.28893698751926
leaf_count=938 12334 5257 383 6222 5347 708
internal_value=0.000735599 -0.0109056 0.0210749 -0.0181274 0.0150489 0.00703979
internal_weight=8494.71 5404.03 3090.69 3853.3 2582.83 1550.72
internal_count=31189 24521 6668 18556 6285 5965
is_linear=0
shrinkage=0.05


Tree=22
num_leaves=7
num_cat=0
split_feature=35 24 4 38 37 15
split_gain=722.013 317.466 200.956 187.332 143.393 128.686
threshold=1262.8493055555557 706.50000000000011 2364.5000000000005 1.0000000180025095e-35 0.25833333333333336 242.50000000000003
decision_type=8 8 10 2 2 10
left_child=3 2 -2 -1 -4 -5
right_child=1 -3 4 5 -6 -7
leaf_value=0.0057155103732251964 -0.036277017049000583 0.027183859780396332 -0.02613099418400679 0.022742060729291622 -0.0044066373237052437 0.054862590802434164
leaf_weight=1313.4495611935854 878.62852309644222 494.40103875100613 1013.1613456606865 1240.0135993212461 3002.0437346845865 419.31938356161118
leaf_count=5337 4815 1709 5198 769 12993 298
internal_value=9.47606e-05 -0.0108166 -0.0146794 0.0198567 -0.00991405 0.0309995
internal_weight=8361.02 5388.23 4893.83 2972.78 4015.21 1659.33
internal_count=31119 24715 23006 6404 18191 1067
is_linear=0
shrinkage=0.05


Tree=23
num_leaves=7
num_cat=0
split_feature=38 35 16 38 1 24
split_gain=637.031 358.863 182.504 170.97 138.579 121.648
threshold=1.0000000180025095e-35 5507.604444444446 366.50000000000006 1.5000000000000002 1022.5000000000001 747.50000000000011
decision_type=2 8 8 2 10 10
left_child=1 5 3 -2 -4 -1
right_child=2 -3 4 -5 -6 -7
leaf_value=-0.0030562571677857277 0.020210757526550931 -0.023495484104345751 0.058260115569298922 -0.023825487257002471 0.022225471473269608 0.019794229890285689
leaf_weight=2959.4281617701054 825.4734932333231 2369.6687736660242 455.55165611207485 295.3979317843914 659.94309417903423 719.89220555126667
leaf_count=13184 553 13224 364 287 440 2907
internal_value=8.83525e-05 -0.00834249 0.0228601 0.00855104 0.0371358 0.00143544
internal_weight=8285.36 6048.99 2236.37 1120.87 1115.49 3679.32
internal_count=30959 29315 1644 840 804 16091
is_linear=0
shrinkage=0.05


Tree=24
num_leaves=7
num_cat=0
split_feature=34 35 8 37 37 24
split_gain=625.264 321.245 178.463 160.111 132.425 110.952
threshold=61.533333333333339 5575.9002777777787 1.5000000000000002 0.37797619047619052 0.37797619047619052 85.500000000000014
decision_type=8 8 8 2 2 10
left_child=2 4 -1 -4 -2 -6
right_child=1 -3 3 -5 5 -7
leaf_value=-0.011471993737099053 -0.016011257590121151 -0.021998739024511871 -0.0072858825867711087 0.033942826583878538 -0.0084613063411817496 0.013137517453945936
leaf_weight=322.82365034520626 815.52642907202244 2339.6926672458649 270.22811987996101 1746.5703686326742 839.0123818218708 2012.5832746773958
leaf_count=205 3935 13217 229 1321 3779 8370
internal_value=0.000997891 -0.00754404 0.022898 0.0284143 0.00169573 0.0067789
internal_weight=8346.44 6006.81 2339.62 2016.8 3667.12 2851.6
internal_count=31056 29301 1755 1550 16084 12149
is_linear=0
shrinkage=0.05


Tree=25
num_leaves=7
num_cat=0
split_feature=15 36 38 3 28 24
split_gain=509.517 282.436 158.456 149.092 141.956 114.647
threshold=114.50000000000001 3513.7331944444445 1.0000000180025095e-35 48009.000000000007 2.5000000000000004 872.50000000000011
decision_type=8 8 2 10 2 10
left_child=1 4 -2 -3 5 -1
right_child=2 3 -4 -5 -6 -7
leaf_value=-0.0046511825516582089 0.008735756821916631 -0.024599873110369284 0.03612181867668271 0.05041048902674277 0.049130680801573096 0.020616207111081766
leaf_weight=3458.841262370348 1179.6710681766272 2021.3678228110075 957.80467952787876 63.949793666601181 139.15696293115616 510.80193983018398
leaf_count=12632 5070 11050 668 261 61 1512
internal_value=4.3196e-05 -0.00722154 0.0210631 -0.0221845 0.00039026 -0.00137801
internal_weight=8331.59 6194.12 2137.48 2085.32 4108.8 3969.64
internal_count=31254 25516 5738 11311 14205 14144
is_linear=0
shrinkage=0.05


Tree=26
num_leaves=7
num_cat=0
split_feature=35 37 23 21 36 34
split_gain=516.575 261.512 164.408 145.681 141.122 136.19
threshold=5507.604444444446 0.37797619047619052 12.99467867376177 0.32231329690346094 7084.3868055555567 3467.9051388888893
decision_type=8 2 10 10 8 8
left_child=1 -1 -3 4 -2 -6
right_child=3 2 -4 -5 5 -7
leaf_value=-0.013464643046358271 -0.020958728437654121 0.01184809132781889 0.066991656363410604 -0.024814736400833478 0.079837199722468805 0.001072153235045575
leaf_weight=1108.9423705488443 223.1850058734417 4498.5764963030815 134.66895399987698 2006.8127142041922 91.271209672093391 127.96962182223797
leaf_count=4078 1155 13334 117 11281 302 714
internal_value=0.000102499 0.0083026 0.0135214 -0.0191002 0.0068081 0.0349115
internal_weight=8191.43 5742.19 4633.25 2449.24 442.426 219.241
internal_count=30981 17529 13451 13452 2171 1016
is_linear=0
shrinkage=0.05


Tree=27
num_leaves=7
num_cat=0
split_feature=35 4 37 23 38 2
split_gain=527.656 307.35 176.635 132.466 126.252 128.098
threshold=1187.8637500000002 2304.5000000000005 0.56385869565217395 5.0353701788701182 1.0000000180025095e-35 2606.5000000000005
decision_type=8 8 2 8 2 10
left_child=4 -2 3 -3 -1 -6
right_child=1 2 -4 -5 5 -7
leaf_value=0.0062346042194187067 -0.036316822862707446 -0.012394502093261482 0.012665114036661243 0.022661269787896707 0.045320019341198121 0.016227868308559205
leaf_weight=1220.6015775054693 822.36210146546364 3012.2781683504581 1264.7216549366713 291.3274884968996 620.39769430458546 982.28276713192463
leaf_count=4961 4785 14372 4638 1302 461 589
internal_value=0.000895145 -0.00827485 -0.00319272 -0.00927354 0.0183877 0.0275954
internal_weight=8213.97 5390.69 4568.33 3303.61 2823.28 1602.68
internal_count=31108 25097 20312 15674 6011 1050
is_linear=0
shrinkage=0.05


Tree=28
num_leaves=7
num_cat=0
split_feature=30 37 34 19 35 21
split_gain=442.078 297.224 170.797 149.801 133.58 101.619
threshold=2.5000000000000004 0.25833333333333336 6301.748611111112 4.5000000000000009 205.22361111111113 0.68895663956639575
decision_type=2 2 8 10 10 10
left_child=1 -1 -3 5 -2 -4
right_child=4 2 3 -5 -6 -7
leaf_value=-0.026765075330039946 0.041469750119838035 0.003209981818419921 0.023338219931207278 -0.038764606945745718 0.0042011990270071622 -0.036918090784800295
leaf_weight=1288.288540199399 722.58039134740829 4985.4285289943218 224.81783716380596 488.85756567120552 360.92990559339523 95.669352471828461
leaf_count=6764 711 17848 1312 2869 950 612
internal_value=-0.000536376 -0.00509208 -0.000254836 -0.0214862 0.0291315 0.00506017
internal_weight=8166.57 7083.06 5794.77 809.345 1083.51 320.487
internal_count=31066 29405 22641 4793 1661 1924
is_linear=0
shrinkage=0.05


Tree=29
num_leaves=7
num_cat=0
split_feature=35 29 23 21 16 8
split_gain=402.674 230.248 148.07 125.903 119.571 110.024
threshold=5436.9231944444455 2.5000000000000004 5.0353701788701182 0.24332721976480745 582.50000000000011 38.500000000000007
decision_type=8 2 8 10 10 10
left_child=1 4 -2 -4 -1 -6
right_child=2 -3 3 -5 5 -7
leaf_value=0.00011195654727126224 -0.021630109162605826 0.042529089293185947 0.081369390394720409 0.0002790417030235092 0.048686482047305253 0.010954643072945573
leaf_weight=3830.1820294111967 2079.243173122406 432.41720466315746 52.571107119321823 284.19185870885849 224.61844179034233 1253.7353159338236
leaf_count=13003 12014 378 207 1391 659 3464
internal_value=0.000451295 0.00765767 -0.0166531 0.0139431 0.00477981 0.0168323
internal_weight=8156.96 5740.95 2416.01 336.763 5308.54 1478.35
internal_count=31116 17504 13612 1598 17126 4123
is_linear=0
shrinkage=0.05


Tree=30
num_leaves=7
num_cat=0
split_feature=37 34 34 11 16 24
split_gain=387.175 268.6 146.653 122.549 106.547 104.394
threshold=0.25833333333333336 106.64805555555557 6445.748611111112 206.50000000000003 1163.5000000000002 26.500000000000004
decision_type=2 8 8 10 8 10
left_child=5 4 -3 -4 -2 -1
right_child=1 2 3 -5 -6 -7
leaf_value=-0.047308786004156993 0.014654944706055696 0.0020600501635605925 -0.02597377149846199 0.064878711615645249 0.04590589996686429 -0.015799319108745484
leaf_weight=371.60909436643124 1860.9601898640394 3814.6443876624107 750.28411218523979 34.346573397517204 317.04838410019875 901.13854449987411
leaf_count=2311 1827 17354 4562 185 324 4489
internal_value=9.93181e-05 0.00485578 -0.00199731 -0.0216111 0.0192988 -0.0251484
internal_weight=8050.03 6777.28 4599.28 784.631 2178.01 1272.75
internal_count=31052 24252 22101 4747 2151 6800
is_linear=0
shrinkage=0.05


Tree=31
num_leaves=7
num_cat=0
split_feature=34 37 28 16 23 4
split_gain=333.601 283.827 154.531 125.401 124.058 119.612
threshold=5507.9051388888902 0.37797619047619052 2.5000000000000004 958.50000000000011 5.0353701788701182 120754.50000000001
decision_type=8 2 2 8 10 10
left_child=1 4 3 -3 -1 -5
right_child=-2 2 -4 5 -6 -7
leaf_value=-0.015661882668984588 -0.024542495324987115 0.0049443168249120309 0.049460153170566762 0.041801501469386375 0.039627197742201137 -0.0015724829516333425
leaf_weight=1764.0283772051334 1182.7061622142792 4127.5956400483847 234.7546423971653 478.96709324419498 102.91816802322865 236.15459911525249
leaf_count=8125 7381 13349 146 1173 314 656
internal_value=-5.36871e-05 0.00413167 0.0102593 0.00830993 -0.0125163 0.0275666
internal_weight=8127.12 6944.42 5077.47 4842.72 1866.95 715.122
internal_count=31144 23763 15324 15178 8439 1829
is_linear=0
shrinkage=0.05


Tree=32
num_leaves=7
num_cat=0
split_feature=34 27 16 24 22 33
split_gain=276.104 192.333 167.012 160.077 106.252 131.312
threshold=5289.063472222223 2.5000000000000004 958.50000000000011 135.50000000000003 6.5124614312407507 4.5000000000000009
decision_type=8 2 8 10 10 2
left_child=1 2 3 4 5 -1
right_child=-2 -3 -4 -5 -6 -7
leaf_value=-0.0080480922048967365 -0.022406975763858139 0.065205740453063391 0.023862675264853278 0.0083680801326612344 0.031481518135720928 -0.060555545213205858
leaf_weight=2874.7921613901854 1192.9023691266775 119.46901309490204 798.28667743504047 2750.1814427673817 155.99538454413414 119.41227629780769
leaf_count=12115 7544 55 2139 8593 417 256
internal_value=-0.000267393 0.00361973 0.00247355 -0.000438029 -0.008127 -0.0102396
internal_weight=8011.04 6818.14 6698.67 5900.38 3150.2 2994.2
internal_count=31119 23575 23520 21381 12788 12371
is_linear=0
shrinkage=0.05


Tree=33
num_leaves=7
num_cat=0
split_feature=35 4 36 36 4 12
split_gain=298.368 222.963 167.148 127.89 168.144 117.747
threshold=205.22361111111113 2364.5000000000005 5118.1291666666675 3806.3420833333334 30932.000000000004 5565.5000000000009
decision_type=8 8 10 10 10 8
left_child=-1 -2 3 5 -5 -3
right_child=1 2 -4 4 -6 -7
leaf_value=0.026858935511989025 -0.027367186660376065 -0.00043684897099580063 -0.024795190926728227 -0.0054699489568031112 0.091948562115353807 0.034373802149498783
leaf_weight=910.6193563491106 853.0406256467104 5116.7863391935825 614.33078296482563 85.547254592180252 85.685519129037857 250.02227023243904
leaf_count=985 5026 19972 3507 493 262 790
internal_value=1.5873e-05 -0.00349007 -0.000159918 0.00259276 0.0445043 0.00121535
internal_weight=7916.03 7005.41 6152.37 5538.04 171.233 5366.81
internal_count=31035 30050 25024 21517 755 20762
is_linear=0
shrinkage=0.05


Tree=34
num_leaves=7
num_cat=0
split_feature=38 24 36 18 36 36
split_gain=297.546 198.881 141.808 110.449 104.108 102.926
threshold=1.0000000180025095e-35 16.500000000000004 4917.4005555555568 28.500000000000004 20.552777777777781 3317.0227777777786
decision_type=2 10 10 8 10 10
left_child=1 -1 5 4 -2 -3
right_child=3 2 -4 -5 -6 -7
leaf_value=-0.026205104747381948 0.035711643173996131 0.0002126506219989969 -0.024467837435743642 0.03667977631812299 0.0039740966059078472 0.037224684111970316
leaf_weight=948.80583158880472 315.00068934261799 4080.7818180173635 573.10427732765675 506.64678709208965 1350.6944360285997 191.90228947997093
leaf_count=5985 330 18802 3577 261 1062 1050
internal_value=0.000582221 -0.00533504 -0.00122588 0.0163422 0.0100649 0.00191657
internal_weight=7966.94 5794.59 4845.79 2172.34 1665.7 4272.68
internal_count=31067 29414 23429 1653 1392 19852
is_linear=0
shrinkage=0.05


Tree=35
num_leaves=7
num_cat=0
split_feature=37 15 21 21 23 2
split_gain=241.535 174.258 112.742 133.276 98.0795 89.4791
threshold=0.25833333333333336 83.500000000000014 0.6002056202878685 0.97752525252525257 12.99467867376177 4016.5000000000005
decision_type=2 8 10 10 8 10
left_child=-1 2 -2 -4 5 -3
right_child=1 4 3 -5 -6 -7
leaf_value=-0.020520297460868128 0.0022064325011006158 0.024206113808146513 -0.022863203867434213 0.02637272711490209 0.053251756606268054 0.0038111231022506867
leaf_weight=1249.3005128279328 3130.6820011138916 854.68763513118029 989.2539477199316 155.21041803061962 144.95525959134102 1442.5255456864834
leaf_count=6832 12203 2375 4534 598 220 4381
internal_value=-0.000378194 0.00338035 -0.00270738 -0.0161002 0.014021 0.0114353
internal_weight=7966.62 6717.31 4275.15 1144.46 2442.17 2297.21
internal_count=31143 24311 17335 5132 6976 6756
is_linear=0
shrinkage=0.05


Tree=36
num_leaves=7
num_cat=0
split_feature=37 34 19 22 37 36
split_gain=242.564 147.291 141.423 127.886 96.8055 92.839
threshold=0.25833333333333336 6445.748611111112 4.5000000000000009 24.457002346748819 0.93933823529411775 1.7748611111111112
decision_type=2 8 10 8 2 8
left_child=-1 3 -3 4 5 -2
right_child=1 2 -4 -5 -6 -7
leaf_value=-0.020786202089164672 -0.02850640078433915 0.0090100724705009117 -0.035555215323127762 0.058976066747239909 0.065194602609727939 0.0053225346672127636
leaf_weight=1246.2855811342597 205.51065073907375 293.00744314491749 442.08220712095499 105.99743925035 60.603783771395683 5596.042405217886
leaf_count=6802 718 1869 2826 108 115 18597
internal_value=-0.000576585 0.00319353 -0.0178506 0.00579828 0.0047873 0.00410068
internal_weight=7949.53 6703.24 735.09 5968.15 5862.16 5801.55
internal_count=31035 24233 4695 19538 19430 19315
is_linear=0
shrinkage=0.05


Tree=37
num_leaves=7
num_cat=0
split_feature=37 34 35 24 19 35
split_gain=268.033 205.63 132.511 115.355 104.988 96.7154
threshold=0.37797619047619052 5389.8062500000005 228.41652777777782 92.500000000000014 4.5000000000000009 14711.324027777779
decision_type=2 8 10 10 10 10
left_child=5 2 -2 -4 -3 -1
right_child=1 4 3 -5 -6 -7
leaf_value=-0.011538323478869565 0.024796989332623847 0.0060483116527675612 -0.007753943239569564 0.010672286009105317 -0.033283406515922757 -0.047011732415840557
leaf_weight=1985.1828297823668 1059.5718391090631 262.68069139868021 1232.4041690528393 2707.2746930867434 467.28514761477709 208.77411139011383
leaf_count=9722 1501 1640 4909 8789 3026 1538
internal_value=-0.000172035 0.00551938 0.00914215 0.0049057 -0.0191849 -0.0150131
internal_weight=7923.17 5729.22 4999.25 3939.68 729.966 2193.96
internal_count=31125 19865 15199 13698 4666 11260
is_linear=0
shrinkage=0.05


Tree=38
num_leaves=7
num_cat=0
split_feature=38 4 8 35 12 37
split_gain=249.69 162.094 148.987 120.505 115.478 105.791
threshold=1.0000000180025095e-35 2183.5000000000005 1.5000000000000002 15925.140833333337 25.500000000000004 0.44949494949494956
decision_type=2 10 8 10 10 2
left_child=1 4 -2 -3 -1 -4
right_child=2 3 5 -5 -6 -7
leaf_value=-0.041286183855089482 -0.016799551201850421 -0.00066153130655902321 -0.0050488194446991234 -0.046504062477921326 0.001994908780553585 0.026119759901766515
leaf_weight=479.88915602862835 312.27741664648056 4861.8396699279547 331.82050061225891 142.71459603309631 225.26568849384785 1474.9997422844172
leaf_count=3368 320 23577 197 1083 1330 1112
internal_value=0.000252472 -0.00518815 0.0148894 -0.00201393 -0.0275431 0.0203975
internal_weight=7828.81 5709.71 2119.1 5004.55 705.155 1806.82
internal_count=30987 29358 1629 24660 4698 1309
is_linear=0
shrinkage=0.05


Tree=39
num_leaves=7
num_cat=0
split_feature=34 30 12 16 4 8
split_gain=162.457 118.427 109.77 146.316 121.974 98.5272
threshold=5507.9051388888902 2.5000000000000004 226.50000000000003 487.50000000000006 41151.000000000007 1.0000000180025095e-35
decision_type=8 2 10 10 10 8
left_child=1 5 -3 -4 -5 -1
right_child=-2 2 3 4 -6 -7
leaf_value=-0.014255116490571668 -0.018624593067444222 0.033918079019222155 -0.041056487107131716 0.050320767520971789 -0.010873553016067882 0.002491851567805365
leaf_weight=1074.2137266844511 1095.001327060163 514.64342631399632 141.62277825176716 154.43484687805176 163.46767202019691 4711.9018809273839
leaf_count=4897 7450 707 307 297 329 17170
internal_value=-0.000804175 0.00209393 0.0181751 0.000368603 0.0191731 -0.000626908
internal_weight=7855.29 6760.28 974.169 459.525 317.903 5786.12
internal_count=31157 23707 1640 933 626 22067
is_linear=0
shrinkage=0.05


Tree=40
num_leaves=7
num_cat=0
split_feature=14 28 24 4 4 35
split_gain=212.37 164.845 117.664 128.716 167.626 93.2907
threshold=1.0000000180025095e-35 2.5000000000000004 872.50000000000011 28119.500000000004 83666.500000000015 804.58444444444456
decision_type=8 2 8 10 10 8
left_child=5 2 -2 -4 -5 -1
right_child=1 -3 3 4 -6 -7
leaf_value=0.014914000038934143 -0.00035673538457441019 0.045023493097042566 0.047506193888183425 -0.013265117147616998 0.053480444801525931 -0.020948668984441372
leaf_weight=204.25541546940804 5239.2985659092665 229.62175907194614 276.97745533287525 345.47198922932148 123.62299188971519 1415.1157783120871
leaf_count=385 20281 158 765 1086 364 8119
internal_value=-0.000294743 0.00390967 0.00229612 0.0208042 0.0047032 -0.0163932
internal_weight=7834.36 6214.99 5985.37 746.072 469.095 1619.37
internal_count=31158 22654 22496 2215 1450 8504
is_linear=0
shrinkage=0.05


Tree=41
num_leaves=7
num_cat=0
split_feature=15 21 23 38 10 12
split_gain=212.023 136.14 94.9899 113.798 97.9303 92.6084
threshold=113.50000000000001 0.6002056202878685 1.5643133775432869 1.0000000180025095e-35 2.5000000000000004 393.50000000000006
decision_type=10 10 10 2 10 10
left_child=1 2 4 -4 -1 -3
right_child=-2 5 3 -5 -6 -7
leaf_value=-0.0079653375450665503 0.014789047784093012 -0.025597070518919796 0.0032841284428670389 0.0389955294047191 0.015459325098748851 0.00035501270523433993
leaf_weight=2609.586251616478 1994.5688745826483 1014.1870757490396 831.93688194453716 300.3541402220726 533.19673676043749 518.49583992362022
leaf_count=11444 5755 5721 4316 199 1830 1861
internal_value=0.000745392 -0.00408622 0.000502363 0.0128868 -0.00397292 -0.0168451
internal_weight=7802.33 5807.76 4275.07 1132.29 3142.78 1532.68
internal_count=31126 25371 17789 4515 13274 7582
is_linear=0
shrinkage=0.05


Tree=42
num_leaves=7
num_cat=0
split_feature=15 21 12 16 24 37
split_gain=190.393 151.615 123.376 109.967 112.401 82.4796
threshold=164.50000000000003 0.57933578253010642 473.50000000000006 33.500000000000007 25.500000000000004 0.48333333333333339
decision_type=8 10 10 10 10 2
left_child=1 5 -3 -4 -5 -1
right_child=-2 2 3 4 -6 -7
leaf_value=-0.0075591478534792617 0.016606331340581773 -0.024599741176864035 0.046398201588060115 -0.038296337904331353 0.010470292596153161 0.0063525723577666842
leaf_weight=1710.4746878892183 1370.8282039165497 1275.4865249916911 111.72675535082817 181.5856950879097 318.05732947587967 2806.8941867426038
leaf_count=8354 3893 6889 450 745 952 9913
internal_value=-0.000270445 -0.00389307 -0.0157764 0.00268162 -0.00745684 0.00108245
internal_weight=7775.05 6404.23 1886.86 611.37 499.643 4517.37
internal_count=31196 27303 9036 2147 1697 18267
is_linear=0
shrinkage=0.05


Tree=43
num_leaves=7
num_cat=0
split_feature=15 22 36 24 27 36
split_gain=201.792 144.799 124.136 132.667 103.603 104.108
threshold=1.0000000180025095e-35 24.457002346748819 5118.1291666666675 14.500000000000002 2.5000000000000004 3806.3420833333334
decision_type=8 8 10 10 2 10
left_child=-1 2 3 -2 5 -5
right_child=1 -3 -4 4 -6 -7
leaf_value=-0.026428666645469192 -0.020417740443463176 0.049765717184391149 -0.021434380737897118 0.0033819990171503628 0.06144717245695315 0.043404549276115409
leaf_weight=665.62568896263838 542.35070022940636 151.84343303740025 553.25744117051363 5686.3185255005956 76.100209668278694 162.32862221449614
leaf_count=4202 2796 391 3318 19657 36 685
internal_value=-0.000199628 0.00225131 0.00118893 0.00313941 0.00531123 0.00452895
internal_weight=7837.82 7172.2 7020.36 6467.1 5924.75 5848.65
internal_count=31085 26883 26492 23174 20378 20342
is_linear=0
shrinkage=0.05


Tree=44
num_leaves=7
num_cat=0
split_feature=14 40 23 36 36 8
split_gain=165.745 142.267 82.2601 84.326 104.016 163.98
threshold=1.0000000180025095e-35 10.500000000000002 5.0353701788701182 5118.1291666666675 3970.1341666666672 1.5000000000000002
decision_type=10 2 10 8 10 10
left_child=-1 -2 3 4 -3 -6
right_child=1 2 -4 -5 5 -7
leaf_value=-0.014685061191063815 0.028501607619027137 0.00086524168990461704 0.023093167138859685 -0.015487609688911809 -0.029898567800023201 0.084590793514301016
leaf_weight=1562.9772642999887 516.81750988960266 4315.8363048359752 393.99451308697462 787.29396249353886 44.734442375600338 85.023392096161842
leaf_count=8559 162 15654 1471 4791 281 309
internal_value=-0.000174173 0.00352638 0.00120919 -0.000458966 0.00221695 0.0454754
internal_weight=7706.68 6143.7 5626.88 5232.89 4445.59 129.758
internal_count=31227 22668 22506 21035 16244 590
is_linear=0
shrinkage=0.05


Tree=45
num_leaves=7
num_cat=0
split_feature=35 24 11 21 12 31
split_gain=190.851 155.95 115.848 110.941 106.85 103.843
threshold=228.41652777777782 14.500000000000002 220.50000000000003 0.39146178768820289 45.500000000000007 1.5000000000000002
decision_type=8 8 8 8 10 2
left_child=4 3 5 -2 -1 -3
right_child=1 2 -4 -5 -6 -7
leaf_value=0.04014935768465254 0.032316637963723187 -0.0011025978412863139 0.018874269816688834 -0.028524417197141268 0.0055159877184262247 -0.03790383780898731
leaf_weight=414.61412621289492 78.765174761414528 4948.553106687963 715.70910766720772 772.82199624180794 478.54554775357246 194.42928710579872
leaf_count=435 491 21825 2538 4913 661 59
internal_value=8.1029e-05 -0.00281417 9.92456e-05 -0.0227413 0.0217272 -0.00252932
internal_weight=7603.44 6710.28 5858.69 851.587 893.16 5142.98
internal_count=30922 29826 24422 5404 1096 21884
is_linear=0
shrinkage=0.05


Tree=46
num_leaves=7
num_cat=0
split_feature=37 22 24 16 8 35
split_gain=142.997 102.824 85.4929 85.2711 127.249 136.027
threshold=0.25833333333333336 35.665644235385699 27.500000000000004 728.50000000000011 13.500000000000002 2507.8823611111115
decision_type=2 8 10 10 10 8
left_child=2 3 -1 -2 -5 -6
right_child=1 -3 -4 4 5 -7
leaf_value=-0.038194809965218304 -0.00087950719329439272 0.048236537960809123 -0.0078445801802421774 0.062969741979309199 0.016414867832388196 -0.031418262616156462
leaf_weight=318.49932199716568 5264.465597614646 116.68416807800531 834.02009157091379 114.3818891197443 883.02093859016895 173.73142172396183
leaf_count=2362 20650 310 4474 318 2188 713
internal_value=-0.000158746 0.0027014 -0.0163606 0.00183899 0.014011 0.00844012
internal_weight=7704.8 6552.28 1152.52 6435.6 1171.13 1056.75
internal_count=31015 24179 6836 23869 3219 2901
is_linear=0
shrinkage=0.05


Tree=47
num_leaves=7
num_cat=0
split_feature=15 22 36 27 36 40
split_gain=171.184 98.147 88.6934 79.5459 84.818 71.7008
threshold=1.0000000180025095e-35 35.665644235385699 5118.1291666666675 2.5000000000000004 1.7748611111111112 4.5000000000000009
decision_type=10 10 8 2 10 2
left_child=-1 2 3 4 -2 -6
right_child=1 -3 -4 -5 5 -7
leaf_value=-0.024663494168527176 -0.027923452959671319 0.051467694603582075 -0.010941482044743669 0.051312890227213741 -0.033437341888250899 0.0053883804580024917
leaf_weight=643.43827901780605 204.22638531029224 94.614072978496552 1185.1501036286354 82.72825114428997 116.70450735092163 5309.1494767814875
leaf_count=4207 810 260 7311 45 35 18438
internal_value=-8.68212e-05 0.00219067 0.00147798 0.00406177 0.00332255 0.00452326
internal_weight=7636.01 6992.57 6897.96 5712.81 5630.08 5425.85
internal_count=31106 26899 26639 19328 19283 18473
is_linear=0
shrinkage=0.05


Tree=48
num_leaves=7
num_cat=0
split_feature=29 37 21 4 12 16
split_gain=145.412 130.292 73.9839 83.3462 130.939 95.6909
threshold=2.5000000000000004 0.25833333333333336 0.081574453837783556 2039.5000000000002 51.500000000000007 36.500000000000007
decision_type=2 2 10 10 10 10
left_child=1 -1 -3 4 -4 -5
right_child=-2 2 3 5 -6 -7
leaf_value=-0.017512952098667805 0.030737515466598971 0.049659786453345928 -0.030930885834376073 0.01920426580826394 0.027711953153928992 -0.00028649519541077009
leaf_weight=1114.7232835367322 354.95732513070107 72.190846763551235 428.41330859065056 717.90746886283159 117.75685600936413 4884.4834491759539
leaf_count=6841 382 228 2784 3249 499 17149
internal_value=-0.000290317 -0.00181164 0.00101375 0.000402705 -0.0181505 0.00222601
internal_weight=7690.43 7335.48 6220.75 6148.56 546.17 5602.39
internal_count=31132 30750 23909 23681 3283 20398
is_linear=0
shrinkage=0.05


Tree=49
num_leaves=7
num_cat=0
split_feature=15 29 24 24 23 21
split_gain=128.607 103.311 76.3658 108.884 97.2858 83.0943
threshold=1.0000000180025095e-35 2.5000000000000004 872.50000000000011 1098.5000000000002 5.936436594464511 0.22542729371798617
decision_type=10 2 10 10 10 10
left_child=-1 2 4 -4 -2 -6
right_child=1 -3 3 -5 5 -7
leaf_value=-0.021872262839613094 -0.0032471794376002609 0.027363394974633644 0.038022412965295453 -0.00031736802374580746 0.080931991441748813 0.013199551262437229
leaf_weight=628.06538943946362 5591.0597561299801 365.23059892654419 303.72284334897995 462.57456371188164 50.092123433947563 271.63544669747353
leaf_count=4195 22935 388 915 1358 157 1165
internal_value=-0.000284868 0.00165399 0.000228717 0.0150266 -0.00170017 0.0248225
internal_weight=7672.38 7044.32 6679.08 766.297 5912.79 321.728
internal_count=31113 26918 26530 2273 24257 1322
is_linear=0
shrinkage=0.05


Tree=50
num_leaves=7
num_cat=0
split_feature=35 4 12 4 35 21
split_gain=116.2 102.515 132.261 106.608 88.7216 85.9732
threshold=14.189861111111112 2364.5000000000005 23.500000000000004 1075.0000000000002 1262.8493055555557 0.6002056202878685
decision_type=8 8 10 10 8 10
left_child=-1 2 4 -4 -2 -3
right_child=1 5 3 -5 -6 -7
leaf_value=0.038961941216272909 0.037494397311042094 0.0049209396057046696 0.035195123231051277 -0.023847463821746316 -0.03995496629765459 -0.0074763415052576838
leaf_weight=183.04946891963482 36.373231261968613 4639.3578463643789 161.97216454893351 136.35693879425526 449.58377268910408 1996.0668441355228
leaf_count=97 93 17456 841 743 3396 8490
internal_value=0.000146522 -0.000836675 -0.0178719 0.00826034 -0.0338352 0.00118877
internal_weight=7602.76 7419.71 784.286 298.329 485.957 6635.42
internal_count=31116 31019 5073 1584 3489 25946
is_linear=0
shrinkage=0.05


Tree=51
num_leaves=7
num_cat=0
split_feature=35 21 3 21 27 21
split_gain=132.955 94.6657 89.4658 79.8196 74.041 70.3623
threshold=15925.140833333337 0.06277844413982181 606.50000000000011 0.41688948306595369 2.5000000000000004 0.6002056202878685
decision_type=10 10 10 10 2 10
left_child=1 -1 3 -3 5 -4
right_child=-2 2 4 -5 -6 -7
leaf_value=0.06485988396401618 -0.044741366103164412 -0.0024077518363522063 0.0058605201345212788 -0.032735612458453814 0.049471554639686471 -0.0054948386187269951
leaf_weight=53.257478050887585 154.66280220448971 589.63582452386618 4398.8828994780779 339.06213123351336 79.466680251061916 1971.8977397829294
leaf_count=121 1385 3019 15926 2515 45 8052
internal_value=0.000403752 0.00137266 0.000870834 -0.0135963 0.00296271 0.00234423
internal_weight=7586.87 7432.2 7378.95 928.698 6450.25 6370.78
internal_count=31063 29678 29557 5534 24023 23978
is_linear=0
shrinkage=0.05


Tree=52
num_leaves=7
num_cat=0
split_feature=27 37 24 37 21 0
split_gain=122.768 104.681 91.3438 98.5528 73.3691 101.962
threshold=1.5000000000000002 0.25833333333333336 68.500000000000014 0.17424242424242428 0.6002056202878685 28.500000000000004
decision_type=2 2 10 2 10 10
left_child=1 2 3 -1 -3 -6
right_child=-2 4 -4 -5 5 -7
leaf_value=-0.00093942085976933705 0.032916188943983474 0.0049143467018981542 0.0012573233135189231 -0.043030200987744155 -0.022302201745619032 0.0020364128957677387
leaf_weight=214.99121752381325 270.79985522478819 4402.8829687982798 461.96930782496929 389.99946328997612 677.51803953200579 1162.5172044858336
leaf_count=1416 159 16354 2384 3006 3822 4029
internal_value=0.000168686 -0.00106614 -0.015501 -0.028203 0.00141131 -0.00696144
internal_weight=7580.68 7309.88 1066.96 604.991 6242.92 1840.04
internal_count=31170 31011 6806 4422 24205 7851
is_linear=0
shrinkage=0.05


Tree=53
num_leaves=7
num_cat=0
split_feature=29 4 12 4 8 9
split_gain=131.576 108.616 98.3912 115.563 99.918 85.4911
threshold=2.5000000000000004 2183.5000000000005 25.500000000000004 1075.0000000000002 1.5000000000000002 1386.0000000000002
decision_type=2 8 10 10 10 8
left_child=1 2 -1 4 -4 -3
right_child=-2 5 3 -5 -6 -7
leaf_value=-0.033414268099435387 0.030609079317512673 4.051077952192144e-06 0.00034957758863249973 -0.034063393179249439 0.081748748164200566 0.050945756279296289
leaf_weight=462.91551310569048 331.22158727049828 6474.2188500016928 96.16429028660059 107.21493161469698 57.056815013289452 78.42078897356987
leaf_count=3359 363 25844 504 590 259 166
internal_value=2.87134e-05 -0.00138345 -0.0197007 0.0048449 0.0322867 0.000652092
internal_weight=7607.21 7275.99 723.352 260.436 153.221 6552.64
internal_count=31085 30722 4712 1353 763 26010
is_linear=0
shrinkage=0.05


Tree=54
num_leaves=7
num_cat=0
split_feature=15 15 12 4 19 31
split_gain=112.053 73.2407 65.1205 74.0871 70.8993 60.0924
threshold=1.0000000180025095e-35 138.50000000000003 24.500000000000004 179896.50000000003 4.5000000000000009 1.5000000000000002
decision_type=8 8 10 10 10 2
left_child=2 5 3 -1 -4 -2
right_child=1 -3 4 -5 -6 -7
leaf_value=-0.03464470605900629 0.0001744963480502451 0.011019929041881529 0.03679879071686816 0.041228298675702935 -0.034905845681647556 -0.023187133423271472
leaf_weight=439.75807728618383 5013.7576968297362 1621.7338255494833 85.008712477982044 30.544310934841633 51.100870087742805 286.25294494628906
leaf_count=3312 22160 4674 518 99 280 94
internal_value=-7.17087e-05 0.00173948 -0.0205902 -0.0293352 0.00959512 -0.00110793
internal_weight=7528.16 6921.74 606.412 470.302 136.11 5300.01
internal_count=31137 26928 4209 3411 798 22254
is_linear=0
shrinkage=0.05


Tree=55
num_leaves=7
num_cat=0
split_feature=15 22 4 16 37 36
split_gain=99.2465 85.5015 81.103 78.1522 84.2291 103.138
threshold=1.0000000180025095e-35 35.665644235385699 2183.5000000000005 36.500000000000007 0.73385416666666681 1.7748611111111112
decision_type=8 8 10 10 2 8
left_child=-1 2 -2 -4 5 -5
right_child=1 -3 3 4 -6 -7
leaf_value=-0.020027077375477115 -0.018409432477475382 0.045728760987932854 0.018649669593452409 -0.04028658542976625 0.011361298215582752 -0.0016031740273472193
leaf_weight=603.41144768148661 527.32211770117283 100.35073128342628 623.23808277398348 174.50631110370159 1281.143791615963 4313.7412403151393
leaf_count=4230 3270 257 2714 653 3653 16417
internal_value=-0.000654578 0.0010236 0.000342754 0.00190278 7.91206e-05 -0.00315037
internal_weight=7623.71 7020.3 6919.95 6392.63 5769.39 4488.25
internal_count=31194 26964 26707 23437 20723 17070
is_linear=0
shrinkage=0.05


Tree=56
num_leaves=7
num_cat=0
split_feature=15 22 36 36 8 36
split_gain=99.662 87.2502 70.5213 69.3159 135.353 68.737
threshold=1.0000000180025095e-35 35.665644235385699 5118.1291666666675 3970.1341666666672 1.5000000000000002 6841.5052777777792
decision_type=8 8 10 10 10 10
left_child=-1 2 3 -2 -5 -4
right_child=1 -3 5 4 -6 -7
leaf_value=-0.019077294784098621 0.0019450975079019547 0.045161313412196431 -0.031139865720458928 -0.028365866442542621 0.063591371007442804 0.0062796450353455923
leaf_weight=597.3998788818717 6154.8884352967143 110.80292899161577 306.89624442905188 56.210727266967297 116.17162746191025 199.96157732605934
leaf_count=4204 22488 261 1995 371 377 1287
internal_value=0.00043235 0.00212308 0.00139279 0.00283481 0.0336515 -0.0164603
internal_weight=7542.33 6944.93 6834.13 6327.27 172.382 506.858
internal_count=30983 26779 26518 23236 748 3282
is_linear=0
shrinkage=0.05


Tree=57
num_leaves=7
num_cat=0
split_feature=37 24 33 36 3 21
split_gain=87.685 94.7265 65.6488 62.9398 105.138 108.122
threshold=0.25833333333333336 27.500000000000004 6.5000000000000009 40.326250000000009 42235.500000000007 0.57933578253010642
decision_type=2 10 2 10 8 10
left_child=1 -1 3 4 5 -2
right_child=2 -3 -4 -5 -6 -7
leaf_value=-0.038425023505484109 -0.0023167892706610366 -0.0050577434798097136 0.026152455702643199 0.003527129203086907 0.027859102631237989 -0.029598733890690471
leaf_weight=285.62705780565739 1061.5250410139561 800.54505804926157 251.29602053016424 4434.1433227211237 183.05269384384155 547.77679049968719
leaf_count=2385 4746 4429 429 15295 641 3275
internal_value=-0.000855443 -0.0139681 0.00135231 0.000331221 -0.00756302 -0.011666
internal_weight=7563.97 1086.17 6477.79 6226.5 1792.35 1609.3
internal_count=31200 6814 24386 23957 8662 8021
is_linear=0
shrinkage=0.05


Tree=58
num_leaves=7
num_cat=0
split_feature=15 1 38 8 8 21
split_gain=126.529 83.4606 95.5582 82.9289 139.337 119.276
threshold=60.500000000000007 2010.5000000000002 1.0000000180025095e-35 15.500000000000002 1.0000000180025095e-35 0.86679487179487191
decision_type=8 10 2 10 10 10
left_child=3 2 -2 4 -1 -5
right_child=1 -3 -4 5 -6 -7
leaf_value=-0.011804246718734045 0.0066900692844795483 0.00028532445354139145 0.032641885621669364 -0.016325704233363585 0.011159482997155436 0.03978548609255974
leaf_weight=1206.0014539584517 920.61880305409431 1580.3417249768972 575.56785529851913 1685.580926515162 1448.3582687303424 95.640229843556881
leaf_count=6715 4247 5133 471 7549 6623 302
internal_value=0.00052194 0.00830614 0.0167489 -0.00488047 0.000723395 -0.01321
internal_weight=7512.11 3076.53 1496.19 4435.58 2654.36 1781.22
internal_count=31040 9851 4718 21189 13338 7851
is_linear=0
shrinkage=0.05


Tree=59
num_leaves=7
num_cat=0
split_feature=15 28 21 34 34 36
split_gain=89.0998 74.1015 62.4547 86.6823 72.5445 52.5463
threshold=1.0000000180025095e-35 2.5000000000000004 0.42671717171717177 3709.3612500000004 2674.9512500000005 5118.1291666666675
decision_type=8 2 10 10 8 10
left_child=2 5 3 4 -1 -2
right_child=1 -3 -4 -5 -6 -7
leaf_value=-0.0028008757397231625 0.0011251410311646744 0.031971516487236867 -0.035030922602475277 -0.047946661300104013 0.06555676364157273 -0.015530114351684441
leaf_weight=142.43900019675493 6165.1580706760287 179.47004022449255 304.8284549638629 68.62741656601429 48.155312620103359 507.93399658799171
leaf_count=691 23364 154 2479 653 363 3321
internal_value=-0.000867449 0.000710772 -0.0198788 -0.00173512 0.0157046 -0.000153281
internal_weight=7416.61 6852.56 564.05 259.222 190.594 6673.09
internal_count=31025 26839 4186 1707 1054 26685
is_linear=0
shrinkage=0.05


Tree=60
num_leaves=7
num_cat=0
split_feature=4 12 24 4 37 23
split_gain=73.5104 94.2311 101.581 88.9881 77.4864 98.4587
threshold=2364.5000000000005 23.500000000000004 1.0000000180025095e-35 1075.0000000000002 0.73385416666666681 5.0353701788701182
decision_type=8 10 10 10 2 8
left_child=1 2 -1 -3 5 -2
right_child=4 3 -4 -5 -6 -7
leaf_value=0.040793056183848507 -0.0029112112749327505 0.031466079386385626 -0.036331838836745414 -0.023485143430584225 0.012548195585194842 0.022310469272348872
leaf_weight=43.347658917307854 5004.0714550837874 163.29766865819693 417.13232824206352 126.32873947173357 1314.227866075933 414.34385046362877
leaf_count=178 20578 821 3307 726 3810 1518
internal_value=2.32407e-05 -0.0147704 -0.0287114 0.00750575 0.00168118 -0.00096373
internal_weight=7482.75 750.106 460.48 289.626 6732.64 5418.42
internal_count=30938 5032 3485 1547 25906 22096
is_linear=0
shrinkage=0.05


Tree=61
num_leaves=7
num_cat=0
split_feature=27 21 25 37 8 18
split_gain=93.0312 82.5545 83.1971 143.345 86.7204 172.729
threshold=2.5000000000000004 0.6002056202878685 0.6207423811030266 0.39047619047619053 21.500000000000004 23.500000000000004
decision_type=2 10 10 2 10 10
left_child=1 2 4 -4 -1 -6
right_child=-2 -3 3 -5 5 -7
leaf_value=0.020022679417355291 0.055528050086145579 -0.0094125233208905163 -0.020133234853622554 0.0034672241853907189 -0.018997602174635378 0.033427139078639694
leaf_weight=1063.1945312023163 68.105900637805462 2143.8879279196262 845.30972203612328 2639.8681302294135 492.0907891318202 224.75823987275362
leaf_count=4806 45 10035 4699 8883 2196 590
internal_value=-0.000600279 -0.00115332 0.00221539 -0.00227757 0.010994 -0.00244285
internal_weight=7477.22 7409.11 5265.22 3485.18 1780.04 716.849
internal_count=31254 31209 21174 13582 7592 2786
is_linear=0
shrinkage=0.05


Tree=62
num_leaves=7
num_cat=0
split_feature=21 0 29 23 34 36
split_gain=90.3073 102.512 90.8646 83.5047 78.0677 74.9302
threshold=0.6002056202878685 28.500000000000004 2.5000000000000004 6.3009915457578591 10765.585138888891 1.7748611111111112
decision_type=10 10 2 8 8 8
left_child=2 -2 3 4 5 -1
right_child=1 -3 -4 -5 -6 -7
leaf_value=-0.030679302926453208 -0.02340029314592719 -0.0010455245179534325 0.037007287357284202 0.029890694353674953 -0.024544649691970604 0.0029316159158361442
leaf_weight=167.34393334388733 810.02281435579062 1384.4612197726965 181.49504821747541 240.98826885223389 298.04405120760202 4383.8792713060975
leaf_count=691 5125 4819 197 941 2366 16814
internal_value=-0.000820353 -0.0093315 0.00272809 0.00147073 2.90479e-05 0.00166346
internal_weight=7466.23 2194.48 5271.75 5090.26 4849.27 4551.22
internal_count=30953 9944 21009 20812 19871 17505
is_linear=0
shrinkage=0.05


Tree=63
num_leaves=7
num_cat=0
split_feature=21 37 37 40 24 35
split_gain=84.3229 76.1707 89.8443 101.009 74.2551 76.6581
threshold=0.06277844413982181 0.73385416666666681 0.82785560344827591 10.500000000000002 28.500000000000004 3349.1543055555562
decision_type=10 2 2 2 10 10
left_child=-1 -2 -3 -4 -5 -6
right_child=1 2 3 4 5 -7
leaf_value=0.058542748185104403 -0.0026919426992492437 0.020765292955552697 0.053364349525172605 -0.056309657678748209 -0.012571689115784346 0.0449039035860751
leaf_weight=56.525211870670319 6006.3408548235893 826.21565863490105 61.475755929946899 75.37370290607214 384.93308843672276 63.187632583081722
leaf_count=149 26645 2306 22 469 1232 234
internal_value=0.000248895 -0.000234469 0.0101977 -0.00477754 -0.0120456 -0.00406123
internal_weight=7474.05 7417.53 1411.19 584.97 523.494 448.121
internal_count=31057 30908 4263 1957 1935 1466
is_linear=0
shrinkage=0.05


Tree=64
num_leaves=7
num_cat=0
split_feature=27 24 24 35 8 25
split_gain=80.2636 78.2053 88.9454 66.0353 81.1989 131.47
threshold=2.5000000000000004 872.50000000000011 1076.5000000000002 15925.140833333337 15.500000000000002 0.22239159891598917
decision_type=2 8 10 10 10 10
left_child=1 3 -3 4 -1 -6
right_child=-2 2 -4 -5 5 -7
leaf_value=0.0037724481439413713 0.047030503896755116 0.036425143669028298 0.0009608731643503222 -0.037301581493422928 0.014856064502042007 -0.01152507088258059
leaf_weight=2896.5027876645327 81.399381265044212 270.27211348712444 495.0157854706049 133.93291097134352 554.02395904064178 3054.4018940627575
leaf_count=13894 56 813 1426 1389 2002 11497
internal_value=-0.000883899 -0.00144204 0.0136407 -0.00318965 -0.00245919 -0.00745966
internal_weight=7485.55 7404.15 765.288 6638.86 6504.93 3608.43
internal_count=31077 31021 2239 28782 27393 13499
is_linear=0
shrinkage=0.05


Tree=65
num_leaves=7
num_cat=0
split_feature=15 21 21 31 38 10
split_gain=78.3559 92.8719 69.7635 65.0737 68.9912 67.5862
threshold=150.50000000000003 0.6002056202878685 0.59986291980808781 1.5000000000000002 1.5000000000000002 1.0000000180025095e-35
decision_type=8 10 8 2 2 10
left_child=1 2 3 4 5 -1
right_child=-2 -3 -4 -5 -6 -7
leaf_value=-0.002381287503808319 0.010441633690266537 -0.013057304543787394 0.05845058868933195 -0.028311581398394695 0.050545357279028882 0.013258450592714381
leaf_weight=3223.3902447670698 1455.8619307652116 1533.6715216264129 47.6041095033288 182.27729952335358 66.396088525652885 873.85072883218527
leaf_count=14846 4263 8139 206 61 119 3489
internal_value=6.88573e-05 -0.0024856 0.00121537 0.000521982 0.00181671 0.000966417
internal_weight=7383.05 5927.19 4393.52 4345.91 4163.64 4097.24
internal_count=31123 26860 18721 18515 18454 18335
is_linear=0
shrinkage=0.05


Tree=66
num_leaves=7
num_cat=0
split_feature=35 21 35 4 12 34
split_gain=74.3139 74.148 64.049 54.584 112.074 87.5246
threshold=15925.140833333337 0.06277844413982181 14.189861111111112 2183.5000000000005 25.500000000000004 2365.6219444444446
decision_type=10 10 8 10 10 10
left_child=1 -1 -3 4 -4 -6
right_child=-2 2 3 -5 5 -7
leaf_value=0.057221860889303082 -0.036938017983971623 0.02923973836047726 -0.030824051905091243 0.00061927610014035682 -0.0017944435421759113 0.075760405118960372
leaf_weight=52.016080133616924 130.54975109547377 177.3129255771637 398.31765162944794 6422.4388336241245 205.60659701377153 39.143262885510921
leaf_count=127 1403 97 3119 25080 1008 262
internal_value=-0.000255535 0.000425792 -2.12965e-05 -0.000775777 -0.0146057 0.0118774
internal_weight=7425.39 7294.84 7242.82 7065.51 643.068 244.75
internal_count=31096 29693 29566 29469 4389 1270
is_linear=0
shrinkage=0.05


Tree=67
num_leaves=7
num_cat=0
split_feature=37 27 36 19 36 36
split_gain=69.2025 63.2382 57.5524 98.0712 125.537 95.4719
threshold=0.93933823529411775 2.5000000000000004 5118.1291666666675 13.500000000000002 9504.3365277777793 7084.3868055555567
decision_type=2 2 10 10 10 10
left_child=1 2 -1 4 5 -4
right_child=-2 -3 3 -5 -6 -7
leaf_value=0.00048543856328013145 0.056933007981370701 0.044453724908161185 -0.00027187949121748476 -0.042652720699423448 -0.044998481676747387 0.067232036983109242
leaf_weight=6731.6333578154445 48.151874788105488 73.01460837572813 179.65948754549026 210.5627029389143 102.87463846802711 68.911056183278561
leaf_count=26896 114 51 1255 1485 959 360
internal_value=8.55565e-05 -0.000324389 -0.000802796 -0.0161013 0.000181769 0.0193989
internal_weight=7414.81 7366.66 7293.64 562.008 351.445 248.571
internal_count=31120 31006 30955 4059 2574 1615
is_linear=0
shrinkage=0.05


Tree=68
num_leaves=7
num_cat=0
split_feature=37 21 35 19 12 36
split_gain=76.9595 77.2542 69.9085 111.615 94.5344 94.485
threshold=0.25833333333333336 0.06277844413982181 8988.4988888888893 1.0000000180025095e-35 21.500000000000004 5397.7402777777779
decision_type=2 10 10 10 10 10
left_child=-1 -2 5 -4 -5 -3
right_child=1 2 3 4 -6 -7
leaf_value=-0.01231515899871548 0.057809593268639416 0.0016911842247119592 0.096888785197194696 -0.026364793742140236 0.064518166240824612 -0.043663581892265491
leaf_weight=1054.4444351270795 56.929074995219707 6068.4287503585219 44.265926711261272 74.710889093577862 39.696240648627281 112.04518301039934
leaf_count=6823 125 22636 258 550 203 535
internal_value=0.000167529 0.00223341 0.00168914 0.0339425 0.00655035 0.000834322
internal_weight=7450.52 6396.08 6339.15 158.673 114.407 6180.47
internal_count=31130 24307 24182 1011 753 23171
is_linear=0
shrinkage=0.05


Tree=69
num_leaves=7
num_cat=0
split_feature=0 16 20 18 24 8
split_gain=66.9055 112.222 71.0862 66.4948 60.0792 98.9056
threshold=24.500000000000004 41.500000000000007 0.57972848596410509 26.500000000000004 872.50000000000011 13.500000000000002
decision_type=10 10 10 10 10 10
left_child=2 -2 -1 4 5 -3
right_child=1 3 -4 -5 -6 -7
leaf_value=-0.0041343622161255375 0.031667204543065437 0.01059278514074046 -0.040410492374312774 0.013094663285893716 0.014927150713814941 -0.010718146313528489
leaf_weight=2838.5828867480159 329.4974507689476 750.49380362033844 136.92390999943018 950.65217261761427 446.33880163729191 1947.2096760571003
leaf_count=14204 1409 2720 1302 2622 1423 7378
internal_value=-7.68643e-05 0.00382067 -0.00586867 0.00154398 -0.0019638 -0.00478087
internal_weight=7399.7 4424.19 2975.51 4094.69 3144.04 2697.7
internal_count=31058 15552 15506 14143 11521 10098
is_linear=0
shrinkage=0.05


Tree=70
num_leaves=7
num_cat=0
split_feature=4 8 25 24 24 25
split_gain=69.4796 82.9009 94.2875 94.7848 93.7798 115.605
threshold=2304.5000000000005 12.500000000000002 0.18910678971654585 477.50000000000006 13.500000000000002 0.77772430756068889
decision_type=8 10 10 10 8 10
left_child=-1 4 -3 -4 -2 -6
right_child=1 2 3 -5 5 -7
leaf_value=-0.015405576498776316 -0.01408890500380728 0.018161400168401978 -0.012213960916667668 0.0039657847197766497 0.018594349654418498 -0.010431903481814072
leaf_weight=710.35318404436111 389.3378362506628 453.95888830721378 2290.8528969958425 1491.1296825930476 1634.5725771859288 430.27628546208143
leaf_count=5021 2596 1478 9326 4321 6581 1851
internal_value=-0.000594557 0.000988397 -0.00324758 -0.00583793 0.00829146 0.0125352
internal_weight=7400.48 6690.13 4235.94 3781.98 2454.19 2064.85
internal_count=31174 26153 15125 13647 11028 8432
is_linear=0
shrinkage=0.05


Tree=71
num_leaves=7
num_cat=0
split_feature=14 36 36 8 25 24
split_gain=75.1217 71.298 113.198 58.1468 92.2241 116.123
threshold=27.500000000000004 9504.3365277777793 7868.1345833333344 15.500000000000002 0.82048491950559421 135.50000000000003
decision_type=8 10 10 10 10 10
left_child=1 2 3 4 5 -1
right_child=-2 -3 -4 -5 -6 -7
leaf_value=0.00069890706296500888 0.0072369498736311322 -0.04290324877141765 0.07291777173102848 -0.0093133001271439777 -0.019352437024791742 0.031263089903782806
leaf_weight=1717.7430631890893 2576.6112106963992 106.2935229614377 44.363991901278496 2109.6403430178761 418.42224809527397 374.47099761664867
leaf_count=9232 8357 1022 222 9037 2021 1155
internal_value=0.000365396 -0.00334938 -0.00240309 -0.00320436 0.00193717 0.00623087
internal_weight=7347.55 4770.93 4664.64 4620.28 2510.64 2092.21
internal_count=31046 22689 21667 21445 12408 10387
is_linear=0
shrinkage=0.05


Tree=72
num_leaves=7
num_cat=0
split_feature=24 23 12 12 40 37
split_gain=56.0599 108.913 64.2104 85.8392 98.4434 64.8165
threshold=14.500000000000002 8.6504657122865201 3928.5000000000005 834.50000000000011 16.500000000000004 0.56125000000000014
decision_type=8 10 8 10 2 2
left_child=1 -1 3 5 -5 -2
right_child=2 -3 -4 4 -6 -7
leaf_value=-0.020586803679743079 -0.0017616117768885849 0.025520284864905981 0.019680162776014986 -0.04439551182503703 -0.0040591372722238468 0.0095923064142908604
leaf_weight=682.38054989278316 3327.97887481004 152.92406549304724 455.31763301789761 207.29569113254547 530.27370818704367 2013.7372396886349
leaf_count=4961 15617 575 1544 65 2209 6148
internal_value=0.000113036 -0.0120441 0.00167508 0.000311492 -0.0156184 0.00252359
internal_weight=7369.91 835.305 6534.6 6079.29 737.569 5341.72
internal_count=31119 5536 25583 24039 2274 21765
is_linear=0
shrinkage=0.05


Tree=73
num_leaves=7
num_cat=0
split_feature=21 11 36 36 3 8
split_gain=73.3546 100.74 68.2529 69.0353 100.452 81.9793
threshold=0.6002056202878685 190.50000000000003 1.7748611111111112 1198.2280555555558 13606.500000000002 202.50000000000003
decision_type=10 8 8 10 10 8
left_child=1 2 -1 -4 -5 -6
right_child=-2 -3 3 4 5 -7
leaf_value=-0.028793479408196449 -0.0068165056340069134 0.027819196552215854 0.0080943576421249018 -0.012849662588225058 0.018880829594907361 -0.031933053354441618
leaf_weight=167.15576820075512 2139.0604700371623 409.3012021034956 2871.2534131258726 1194.4429295584559 548.76376944035292 88.011396035552025
leaf_count=689 9985 1185 10513 5983 2373 329
internal_value=0.0009845 0.00414898 0.00213296 0.0032617 -0.00431706 0.0116636
internal_weight=7417.99 5278.93 4869.63 4702.47 1831.22 636.775
internal_count=31057 21072 19887 19198 8685 2702
is_linear=0
shrinkage=0.05


Tree=74
num_leaves=7
num_cat=0
split_feature=15 22 31 34 0 40
split_gain=63.8232 51.8451 86.6147 92.5817 98.5161 80.339
threshold=1.0000000180025095e-35 6.1578001033898904 1.5000000000000002 9.8809722222222245 45.500000000000007 11.500000000000002
decision_type=8 8 2 8 10 2
left_child=-1 2 3 4 -2 -3
right_child=1 5 -4 -5 -6 -7
leaf_value=-0.015796413031954171 0.031433021014080041 0.063585561863493331 -0.022511605181326423 -0.00085334163150455565 0.0019592252301692346 0.0081629523139707914
leaf_weight=547.87729584053159 501.56684750318527 75.887677311897278 372.13077722489834 4806.6780975013971 645.50419963896275 351.96557733416557
leaf_count=4251 195 29 126 24663 254 1545
internal_value=0.000537224 0.00187295 0.000726848 0.00219701 0.0149274 0.0186141
internal_weight=7301.61 6753.73 6325.88 5953.75 1147.07 427.853
internal_count=31063 26812 25238 25112 449 1574
is_linear=0
shrinkage=0.05


Tree=75
num_leaves=7
num_cat=0
split_feature=15 31 12 21 11 30
split_gain=69.9331 63.3458 61.481 76.8742 101.949 75.7124
threshold=114.50000000000001 1.5000000000000002 38.500000000000007 0.69919165580182541 1.0000000180025095e-35 1.5000000000000002
decision_type=8 2 10 10 10 2
left_child=1 -1 -2 4 5 -4
right_child=2 -3 3 -5 -6 -7
leaf_value=-0.0023514279979895292 0.019628418673913725 -0.027252782835725034 0.0028194116381937548 -0.016984355370480441 0.019887499775839375 -0.05529870235379062
leaf_weight=5177.5321823842824 672.1633642539382 263.74741500616074 152.69854936003685 401.72734743356705 625.72664365172386 83.113643229007721
leaf_count=25291 1932 89 565 1308 1672 193
internal_value=-0.000678867 -0.00358235 0.00747219 0.000952183 0.00936556 -0.0183876
internal_weight=7376.71 5441.28 1935.43 1263.27 861.539 235.812
internal_count=31050 25380 5670 3738 2430 758
is_linear=0
shrinkage=0.05


Tree=76
num_leaves=7
num_cat=0
split_feature=27 37 2 37 37 24
split_gain=53.7784 49.9821 48.8189 65.7937 89.9495 71.6015
threshold=2.5000000000000004 0.92724867724867732 332.50000000000006 0.84495192307692324 0.81530214424951275 147.50000000000003
decision_type=2 2 10 2 2 10
left_child=1 2 -1 4 -4 -6
right_child=-2 -3 3 -5 5 -7
leaf_value=-0.010775580848416082 0.042534257921098564 0.046197967848831095 -7.5695509470963653e-05 -0.025054220104783309 0.063942953271552236 0.0070612254292204387
leaf_weight=1240.3927543200552 65.299275316298008 49.726587675511837 5527.8640363179147 244.10330828279257 94.145914383232594 128.38849826157093
leaf_count=7622 50 139 21758 799 273 367
internal_value=-0.000989784 -0.00140884 -0.00176773 0.00010362 0.0011924 0.0320021
internal_weight=7349.92 7284.62 7234.89 5994.5 5750.4 222.534
internal_count=31008 30958 30819 23197 22398 640
is_linear=0
shrinkage=0.05


Tree=77
num_leaves=7
num_cat=0
split_feature=24 8 25 24 12 36
split_gain=52.8224 73.9661 97.8975 99.1262 83.657 79.846
threshold=14.500000000000002 14.500000000000002 0.84356132611216739 135.50000000000003 254.50000000000003 9504.3365277777793
decision_type=10 10 10 10 10 10
left_child=-1 2 3 5 -5 -2
right_child=1 -3 -4 4 -6 -7
leaf_value=-0.011076622793798197 0.0097781720254605086 -0.0018134526651668711 -0.012607687649735147 0.043832135579091894 -0.010566533807438029 -0.050280088247698501
leaf_weight=821.1063377968967 1561.6228054463863 4083.0367899686098 426.80890692770481 377.59792804718018 84.591473177075386 52.455151684582233
leaf_count=5516 7064 14664 1897 1178 325 511
internal_value=0.000842559 0.00233583 0.00909428 0.013575 0.0338694 0.00767712
internal_weight=7407.22 6586.11 2503.08 2076.27 462.189 1614.08
internal_count=31155 25639 10975 9078 1503 7575
is_linear=0
shrinkage=0.05


Tree=78
num_leaves=7
num_cat=0
split_feature=35 21 37 37 4 35
split_gain=68.9672 65.2728 52.0484 71.1065 82.0146 123.149
threshold=15925.140833333337 0.06277844413982181 0.73385416666666681 0.75204918032786894 2364.5000000000005 3599.1830555555557
decision_type=10 10 2 2 10 10
left_child=1 -1 -3 -4 -5 -6
right_child=-2 2 3 4 5 -7
leaf_value=0.054673879470783462 -0.037534283306191386 -0.0015996691101316136 0.03258963849974008 -0.047859155413222956 0.0023092453711845203 0.065766059442670111
leaf_weight=51.045026838779449 113.4853595122695 5778.1308635920286 257.48766267299652 67.309980422258377 1007.6021059751511 77.774534463882446
leaf_count=121 1419 25260 595 460 2878 344
internal_value=0.000304658 0.000923325 0.000503898 0.00909837 0.0037328 0.00713708
internal_weight=7352.84 7239.35 7188.31 1410.17 1152.69 1085.38
internal_count=31077 29658 29537 4277 3682 3222
is_linear=0
shrinkage=0.05


Tree=79
num_leaves=7
num_cat=0
split_feature=16 8 32 12 31 40
split_gain=55.2895 89.3297 91.2686 101.211 80.4623 102.717
threshold=958.50000000000011 32.500000000000007 1.5000000000000002 11.500000000000002 1.5000000000000002 12.500000000000002
decision_type=8 10 2 10 2 2
left_child=4 -2 3 -3 5 -1
right_child=1 2 -4 -5 -6 -7
leaf_value=0.018221909464758445 0.046024264627216767 0.031964654927847454 0.048950648365114702 -0.016400694897076341 -0.024003505913211015 -0.0024529697711345075
leaf_weight=670.61067247390747 153.35976756364107 141.5435683503747 91.343611128628254 408.49411098659039 370.74511548876762 5416.9215358532965
leaf_count=213 418 368 91 1434 119 28287
internal_value=-1.3915e-05 0.0123879 0.00405133 -0.0037788 -0.00154845 -0.000162312
internal_weight=7253.02 794.741 641.381 550.038 6458.28 6087.53
internal_count=30930 2311 1893 1802 28619 28500
is_linear=0
shrinkage=0.05


Tree=80
num_leaves=7
num_cat=0
split_feature=35 11 21 4 12 34
split_gain=73.2243 79.7794 60.662 54.1083 86.6566 80.6017
threshold=110.55194444444446 55.500000000000007 0.06277844413982181 2183.5000000000005 20.500000000000004 1934.0211111111114
decision_type=8 10 10 10 10 10
left_child=1 -1 -2 4 -4 -6
right_child=2 -3 3 -5 5 -7
leaf_value=0.033153018064981485 0.051134251530184652 -0.0038771160052049579 -0.03135169988105551 -0.00028254857878685132 -0.0094702914020101097 0.054770549414207947
leaf_weight=329.43161428719759 49.710885282605886 255.72220280021429 361.18514062091708 5997.8280404657125 191.16805946081877 60.101646170020103
leaf_count=338 157 274 3150 25628 977 461
internal_value=0.000193849 0.0170745 -0.001301 -0.00173367 -0.0158273 0.0066644
internal_weight=7245.15 585.154 6659.99 6610.28 612.455 251.27
internal_count=30985 612 30373 30216 4588 1438
is_linear=0
shrinkage=0.05


Tree=81
num_leaves=7
num_cat=0
split_feature=21 10 23 36 23 37
split_gain=56.0704 67.8717 66.0954 95.2624 76.5211 79.0738
threshold=0.6002056202878685 188.50000000000003 1.1250572435394344 2701.1322222222229 2.5905326821396195 0.48333333333333339
decision_type=10 8 10 8 10 2
left_child=1 -1 3 -2 -4 -6
right_child=2 -3 4 -5 5 -7
leaf_value=0.0017905382275462762 0.01198717406425805 0.025910203375952862 -0.025385864579951834 -0.021540442579219846 0.042858889429701896 -0.010001618929982302
leaf_weight=4944.3181935250759 743.01579224318266 305.03101075440645 669.6245525740087 290.63652700185776 87.944409277290106 291.45336010679603
leaf_count=20408 2735 786 3127 2448 359 1303
internal_value=0.000461484 0.00321541 -0.00647083 0.00250176 -0.0152819 0.00264955
internal_weight=7332.02 5249.35 2082.67 1033.65 1049.02 379.398
internal_count=31166 21194 9972 5183 4789 1662
is_linear=0
shrinkage=0.05


Tree=82
num_leaves=7
num_cat=0
split_feature=40 29 21 25 23 10
split_gain=54.4029 51.2676 46.3533 90.5799 86.2866 85.4222
threshold=1.5000000000000002 4.5000000000000009 0.6002056202878685 0.57909117054932424 1.1977845800728264 403.50000000000006
decision_type=2 2 10 10 10 8
left_child=-1 2 3 5 -4 -2
right_child=1 -3 4 -5 -6 -7
leaf_value=-0.050234716430470443 0.0097112989297973851 0.035779288050330579 0.0030181456754949068 -0.0014267070882629622 -0.017555205239107079 0.05428144838677406
leaf_weight=48.276321351528168 1223.941287830472 96.404243133962154 1113.8051427826285 3806.2076211757958 932.67268338054419 113.3725898116827
leaf_count=16 5514 116 5595 15151 4415 300
internal_value=0.000107649 0.000475413 -2.24801e-05 0.00250996 -0.006378 0.0136779
internal_weight=7334.68 7286.4 7190 5143.52 2046.48 1337.31
internal_count=31107 31091 30975 20965 10010 5814
is_linear=0
shrinkage=0.05


Tree=83
num_leaves=7
num_cat=0
split_feature=35 8 16 25 24 36
split_gain=64.2234 69.4283 93.7569 85.2565 110.248 83.5
threshold=15925.140833333337 12.500000000000002 751.50000000000011 0.77772430756068889 135.50000000000003 5243.0150000000003
decision_type=10 10 8 10 10 10
left_child=1 2 3 4 -1 -3
right_child=-2 5 -4 -5 -6 -7
leaf_value=0.0041882753847727527 -0.03776910137640236 -0.002178594609015374 0.052304887369695012 -0.01256649631837607 0.035023086859485422 -0.036854136356822553
leaf_weight=1783.4842943884432 107.49781305342913 4229.5303151421249 102.31749888509512 564.66721702367067 341.59578348696232 176.09300074726343
leaf_count=9413 1389 15055 299 2620 1087 1219
internal_value=-0.000282382 0.000303314 0.00646536 0.00462782 0.00921539 -0.00360479
internal_weight=7305.19 7197.69 2792.06 2689.75 2125.08 4405.62
internal_count=31082 29693 13419 13120 10500 16274
is_linear=0
shrinkage=0.05


Tree=84
num_leaves=7
num_cat=0
split_feature=37 36 36 4 36 12
split_gain=51.352 73.2622 109.91 180.143 162.794 98.5873
threshold=0.73385416666666681 1.7748611111111112 237.7490277777778 31603.500000000004 95.016944444444462 92.500000000000014
decision_type=2 8 8 10 10 10
left_child=1 -1 3 -3 5 -5
right_child=-2 2 -4 4 -6 -7
leaf_value=-0.031223299885491985 0.009169141807391392 0.05033962498080681 -0.003488386577182102 0.021729718340761928 0.050660744211688029 -0.026193939322585087
leaf_weight=196.16522323340178 1366.9178261235356 258.22378810122609 4842.3246358931065 149.15158391743898 126.20896446704865 351.50008806586266
leaf_count=802 4298 627 23757 347 279 1037
internal_value=0.000452085 -0.00156549 -0.000523355 0.0156269 0.00104243 -0.0118431
internal_weight=7290.49 5923.57 5727.41 885.084 626.861 500.652
internal_count=31147 26849 26047 2290 1663 1384
is_linear=0
shrinkage=0.05


Tree=85
num_leaves=7
num_cat=0
split_feature=24 22 3 23 40 15
split_gain=60.5747 85.8019 83.1422 71.2207 60.9218 58.9511
threshold=872.50000000000011 0.63644034196265753 17179.500000000004 0.42620181554257824 10.500000000000002 62.500000000000007
decision_type=8 10 10 10 2 8
left_child=3 5 -3 -1 -5 -2
right_child=1 2 -4 4 -6 -7
leaf_value=-0.018560768312636158 0.0071423770297907698 -0.016787012885830954 0.035127241212980699 0.016728915924825349 -0.0022864181776984858 0.04760152948976077
leaf_weight=620.50247233361006 164.22247315943241 300.30045035481453 98.236845225095749 451.59360104799271 5432.8616592511535 199.95202299952507
leaf_count=3301 514 877 331 157 25361 565
internal_value=-0.000954078 0.0123302 -0.0037138 -0.00251994 -0.000814152 0.0297005
internal_weight=7267.67 762.712 398.537 6504.96 5884.46 364.174
internal_count=31106 2287 1208 28819 25518 1079
is_linear=0
shrinkage=0.05


Tree=86
num_leaves=7
num_cat=0
split_feature=23 34 4 20 16 24
split_gain=59.8677 65.0302 83.8535 66.5277 67.1606 60.549
threshold=5.0353701788701182 10765.585138888891 134456.00000000003 0.0042441032121259591 40.500000000000007 242.50000000000003
decision_type=8 8 10 10 10 10
left_child=1 3 -3 4 -1 -2
right_child=5 2 -4 -5 -6 -7
leaf_value=-0.02342846707949145 0.023304655282914848 -0.026538021060820944 0.06617976484521336 -0.0011339402781552694 0.033788329067823995 -0.023642005289414247
leaf_weight=60.423345249146223 447.31577818095684 373.40869198367 21.348445899784565 6046.1333189718425 249.48784989863634 76.804861485958099
leaf_count=326 1717 3642 134 24038 849 298
internal_value=7.04506e-05 -0.0011981 -0.0207588 3.21216e-05 0.0224379 0.0162667
internal_weight=7274.92 6750.8 394.757 6356.04 309.911 524.121
internal_count=31004 28989 3776 25213 1175 2015
is_linear=0
shrinkage=0.05


Tree=87
num_leaves=7
num_cat=0
split_feature=27 22 36 4 3 36
split_gain=66.3956 51.0193 48.779 111.007 114.137 106.233
threshold=2.5000000000000004 35.665644235385699 47.087083333333339 10540.500000000002 42235.500000000007 237.7490277777778
decision_type=2 8 8 10 10 8
left_child=1 2 3 -1 -5 -4
right_child=-2 -3 5 4 -6 -7
leaf_value=0.021595509265990936 0.052116176827318672 0.035978382359302723 0.019954609527056563 -0.027319073558439155 0.02464279032797672 -0.0015614989921480388
leaf_weight=202.41623064130545 55.460113778710365 89.588384315371513 636.27424334734678 685.8334890678525 120.73746445029974 5438.3452580608428
leaf_count=749 49 296 1942 2277 354 25429
internal_value=-6.14439e-05 -0.00050088 -0.000987296 -0.0111393 -0.0194369 0.000706722
internal_weight=7228.66 7173.2 7083.61 1008.99 806.571 6074.62
internal_count=31096 31047 30751 3380 2631 27371
is_linear=0
shrinkage=0.05


Tree=88
num_leaves=7
num_cat=0
split_feature=27 4 12 4 19 16
split_gain=57.4748 54.8768 76.7504 109.908 67.1921 46.4631
threshold=2.5000000000000004 2364.5000000000005 26.500000000000004 1075.0000000000002 1.0000000180025095e-35 36.500000000000007
decision_type=2 8 10 10 10 10
left_child=1 2 -1 4 -4 -3
right_child=-2 5 3 -5 -6 -7
leaf_value=-0.026438879776676055 0.050857535865946914 0.012495473477964114 0.0051487036719191255 -0.026877868372813297 0.072739268070178734 0.00014965157515330209
leaf_weight=412.70921641215682 51.904856897890568 876.62177645042539 80.057788714766502 120.07744847983122 64.324726223945618 5622.0415919870138
leaf_count=3589 50 4652 444 716 307 21311
internal_value=0.000805699 0.000408499 -0.0130833 0.00786296 0.0366881 0.00182334
internal_weight=7227.74 7175.83 677.169 264.46 144.383 6498.66
internal_count=31069 31019 5056 1467 751 25963
is_linear=0
shrinkage=0.05


Tree=89
num_leaves=7
num_cat=0
split_feature=38 21 25 23 40 16
split_gain=63.4175 63.2237 83.9681 63.6644 82.6688 76.8815
threshold=3.5000000000000004 0.6002056202878685 0.50021097046413521 1.2306355165679366 10.500000000000002 303.50000000000006
decision_type=2 10 10 10 2 10
left_child=1 2 -1 4 -3 -6
right_child=-2 3 -4 -5 5 -7
leaf_value=0.018536390505795447 0.030565456732228564 -0.047685108008740755 0.00035857784821116201 -0.017187025938253286 -0.0071959006796950753 0.019804907699238559
leaf_weight=739.6066949814558 169.12485820800066 77.740130543708801 4328.6181147098541 910.6445602029562 622.25605028495193 450.14130967110395
leaf_count=3402 132 25 17642 4323 4024 1596
internal_value=0.000752574 2.43819e-05 0.00302692 -0.00734943 0.000480365 0.00417707
internal_weight=7298.13 7129.01 5068.22 2060.78 1150.14 1072.4
internal_count=31144 31012 21044 9968 5645 5620
is_linear=0
shrinkage=0.05


Tree=90
num_leaves=7
num_cat=0
split_feature=37 35 19 35 21 12
split_gain=61.6323 55.2314 95.8707 83.3845 55.4227 49.1351
threshold=0.25833333333333336 8988.4988888888893 13.500000000000002 6954.3427777777788 0.081574453837783556 1.0000000180025095e-35
decision_type=2 10 10 10 10 10
left_child=-1 3 5 4 -2 -3
right_child=1 2 -4 -5 -6 -7
leaf_value=-0.011370386506422355 0.044604239411435681 0.016091805608087258 -0.019662831366193859 -0.03432408568577737 0.001615669404343358 0.087617557464601176
leaf_weight=998.04921479895711 70.952687881886959 43.397281877696514 57.814222358167171 155.79967637360096 5902.8491570167243 57.442398689687252
leaf_count=6811 203 258 450 960 22057 316
internal_value=0.000140349 0.00197487 0.0306424 0.0012085 0.00216313 0.0590502
internal_weight=7286.3 6288.26 158.654 6129.6 5973.8 100.84
internal_count=31055 24244 1024 23220 22260 574
is_linear=0
shrinkage=0.05


Tree=91
num_leaves=7
num_cat=0
split_feature=14 31 40 8 35 25
split_gain=43.9935 74.1868 71.0835 60.4726 84.9782 77.6472
threshold=19.500000000000004 1.5000000000000002 7.5000000000000009 14.500000000000002 14711.324027777779 0.77772430756068889
decision_type=10 2 2 10 10 10
left_child=1 2 -1 4 5 -4
right_child=-2 -3 3 -5 -6 -7
leaf_value=0.048968242729004303 0.0046794693897811877 -0.034882752882756433 0.0094021011101433419 -0.0097817471442548602 -0.049875676851892758 -0.013351392364732012
leaf_weight=62.700722813606262 3008.8613266684115 172.37837620079517 1713.5718705095351 1710.0040719620883 69.452371276915073 474.88984204828739
leaf_count=23 10057 56 9269 8201 1029 2373
internal_value=6.82986e-05 -0.00323441 -0.00183935 -0.00270283 0.00266808 0.00444548
internal_weight=7211.86 4203 4030.62 3967.92 2257.91 2188.46
internal_count=31008 20951 20895 20872 12671 11642
is_linear=0
shrinkage=0.05


Tree=92
num_leaves=7
num_cat=0
split_feature=29 21 24 21 31 38
split_gain=49.9473 65.0436 58.798 90.6168 52.5479 68.1129
threshold=2.5000000000000004 0.99496226128362297 14.500000000000002 0.39628393925448696 1.5000000000000002 2.5000000000000004
decision_type=2 8 10 10 2 2
left_child=1 2 3 -1 5 -4
right_child=-2 -3 4 -5 -6 -7
leaf_value=0.033204092652683356 0.020804088600225635 0.029357698605414758 0.0013613436233553908 -0.02249075532933641 -0.017704207256549191 0.057575308223816402
leaf_weight=79.59276382625103 297.21335351839662 179.23854186013341 5774.9718941263855 550.00230748206377 358.62799677252769 49.399496987462044
leaf_count=482 382 770 24857 4434 114 152
internal_value=0.000902839 4.26014e-05 -0.00074964 -0.0152437 0.000737371 0.0018871
internal_weight=7289.05 6991.83 6812.59 629.595 6183 5824.37
internal_count=31191 30809 30039 4916 25123 25009
is_linear=0
shrinkage=0.05


Tree=93
num_leaves=7
num_cat=0
split_feature=29 25 24 8 31 24
split_gain=58.483 48.9493 77.4464 83.1575 95.9889 79.8168
threshold=2.5000000000000004 0.18910678971654585 13.500000000000002 12.500000000000002 1.5000000000000002 872.50000000000011
decision_type=2 10 10 10 2 10
left_child=1 -1 -3 4 -4 -5
right_child=-2 2 3 5 -6 -7
leaf_value=0.010628763157908916 0.021681631749912698 -0.026723565639245633 0.0084376223711303596 -0.0095833174085159702 -0.039289198104030941 0.0097209171482738454
leaf_weight=749.67652239650488 280.78149275481701 317.29512330517173 2114.8636914081872 3019.9850348010659 105.94932398200035 646.38736456632614
leaf_count=3243 376 3131 10297 12064 36 1937
internal_value=-0.00048691 -0.00139692 -0.00285735 -0.00154948 0.00607755 -0.00617135
internal_weight=7234.94 6954.16 6204.48 5887.19 2220.81 3666.37
internal_count=31084 30708 27465 24334 10333 14001
is_linear=0
shrinkage=0.05


Tree=94
num_leaves=7
num_cat=0
split_feature=20 40 25 21 25 0
split_gain=53.3168 90.8613 43.8028 55.2853 54.6392 60.0437
threshold=0.0075963662742770484 14.500000000000002 0.22239159891598917 0.6002056202878685 0.15849358974358976 19.500000000000004
decision_type=10 2 10 10 10 10
left_child=1 -1 4 -4 -2 -6
right_child=2 -3 3 -5 5 -7
leaf_value=0.056115377730297157 0.0012609358322608222 0.0044328344946168337 -0.0003197943498678448 -0.01210515181621832 -0.014735799805059924 0.041836552754563015
leaf_weight=103.41241610050201 655.00036995112896 399.27574995532632 4605.3280616030097 1264.473394036293 58.759532019495964 191.6838386952877
leaf_count=35 2716 2198 18634 6370 445 659
internal_value=-0.000115968 0.0155129 -0.00128613 -0.00286674 0.00892009 0.0285348
internal_weight=7277.93 502.688 6775.25 5869.8 905.444 250.443
internal_count=31057 2233 28824 25004 3820 1104
is_linear=0
shrinkage=0.05


Tree=95
num_leaves=7
num_cat=0
split_feature=16 6 8 3 37 37
split_gain=55.3469 116.452 67.4573 70.2694 59.1294 78.8984
threshold=973.50000000000011 121.50000000000001 32.500000000000007 94348.000000000015 0.44949494949494956 0.76533166458072599
decision_type=8 10 10 10 2 2
left_child=1 -1 -2 4 -4 -6
right_child=2 -3 3 -5 5 -7
leaf_value=-0.0010762552499631783 0.043066391547508645 -0.054974189849108013 -0.02712889119683657 -0.041017261234191325 0.031194669268043027 -0.015144619732420829
leaf_weight=6370.6119057536125 140.21681711822748 96.823936440050602 80.210432820022106 68.110898062586784 324.43174508213997 123.87027242034674
leaf_count=28722 424 226 350 250 858 365
internal_value=-0.000442646 -0.00192501 0.0124937 0.00501036 0.0112709 0.0183648
internal_weight=7204.28 6467.44 736.84 596.623 528.512 448.302
internal_count=31195 28948 2247 1823 1573 1223
is_linear=0
shrinkage=0.05


Tree=96
num_leaves=7
num_cat=0
split_feature=23 22 36 24 2 34
split_gain=39.3895 76.3193 86.7678 59.5639 61.3845 45.5736
threshold=5.0353701788701182 4.8606965331935292 367.62430555555562 224.50000000000003 412.50000000000006 10765.585138888891
decision_type=10 10 10 10 10 8
left_child=1 5 -3 4 -2 -1
right_child=3 2 -4 -5 -6 -7
leaf_value=0.00064934947655352735 -0.015454494189840906 -0.068233844186641565 0.015083164594904098 -0.023254641673590561 0.030188882188960903 -0.017670045027702863
leaf_weight=6212.8322425782681 89.92957017570734 81.659743867814541 46.448222994804382 89.173466041684151 345.03551068156958 354.10222191736102
leaf_count=24898 543 379 195 306 1191 3567
internal_value=-7.40305e-05 -0.00111118 -0.0385937 0.0130592 0.0206837 -0.000351161
internal_weight=7219.18 6695.04 128.108 524.139 434.965 6566.93
internal_count=31079 29039 574 2040 1734 28465
is_linear=0
shrinkage=0.05


Tree=97
num_leaves=7
num_cat=0
split_feature=16 8 0 20 40 23
split_gain=46.7906 61.0832 61.5243 55.5041 69.8793 56.751
threshold=9.5000000000000018 12.500000000000002 88.500000000000014 0.28897569444444449 18.500000000000004 5.0353701788701182
decision_type=8 10 8 10 2 10
left_child=-1 2 -2 4 -3 -5
right_child=1 3 -4 5 -6 -7
leaf_value=-0.01750788136082071 0.0052771541056183986 0.014544261495174536 0.033419974807285355 -0.015502150755520106 -0.0028365657420259816 0.019952326883597635
leaf_weight=336.78653870522976 2281.3829863891006 750.07595282793045 207.67195529490709 1012.8434525020421 2465.457437928766 122.61991576477885
leaf_count=2855 10905 249 608 4316 11725 384
internal_value=0.000547365 0.0014485 0.00768752 -0.00212536 0.00123408 -0.0116027
internal_weight=7176.84 6840.05 2489.05 4351 3215.53 1135.46
internal_count=31042 28187 11513 16674 11974 4700
is_linear=0
shrinkage=0.05


Tree=98
num_leaves=7
num_cat=0
split_feature=23 31 34 4 24 4
split_gain=41.345 62.257 62.479 80.4883 44.4262 47.3542
threshold=5.0353701788701182 1.5000000000000002 10765.585138888891 144121.00000000003 224.50000000000003 8819.5000000000018
decision_type=8 2 8 10 10 8
left_child=1 2 -1 -4 5 -2
right_child=4 -3 3 -5 -6 -7
leaf_value=0.0012595777146988632 -0.0062772875639487084 -0.020524146699240822 -0.02574554854468173 0.065225871470098548 -0.018905766263365882 0.029965432967421282
leaf_weight=5904.1778610087931 123.58280496299267 387.59196075797081 350.85920767113566 21.365028113126755 85.140495404601097 313.44615559279919
leaf_count=25152 647 132 3659 131 307 1083
internal_value=-0.00014262 -0.00120808 1.5286e-07 -0.0197286 0.0133374 0.0197617
internal_weight=7186.16 6663.99 6276.4 372.224 522.169 437.029
internal_count=31111 29074 28942 3790 2037 1730
is_linear=0
shrinkage=0.05


Tree=99
num_leaves=7
num_cat=0
split_feature=2 19 3 40 35 24
split_gain=40.4008 96.8557 192.014 57.4108 53.2158 63.75
threshold=15044.000000000002 27.500000000000004 161374.00000000003 15.500000000000002 4086.4772222222223 785.50000000000011
decision_type=8 10 10 2 8 10
left_child=-1 -2 3 -3 5 -5
right_child=1 2 -4 4 -6 -7
leaf_value=-0.0012682931270051989 0.025339240212414512 0.037090739046542719 -0.066077445799431617 -0.02077942419692173 0.035309990955309588 0.03049589267107607
leaf_weight=6072.903552968055 500.33941929414868 124.28863936662674 99.226916179060936 269.10994454473257 76.688704669475555 73.111761018633842
leaf_count=27205 1769 43 381 1089 420 287
internal_value=0.000356668 0.00895997 -0.00389383 0.00796441 -0.00101279 -0.00954364
internal_weight=7215.67 1142.77 642.426 543.199 418.91 342.222
internal_count=31194 3989 2220 1839 1796 1376
is_linear=0
shrinkage=0.05


Tree=100
num_leaves=7
num_cat=0
split_feature=15 4 36 0 36 24
split_gain=35.9898 57.5382 37.0667 52.6318 44.6774 76.1694
threshold=1.0000000180025095e-35 202207.00000000003 1.7748611111111112 45.500000000000007 20.552777777777781 242.50000000000003
decision_type=8 10 8 10 8 10
left_child=1 -1 3 -2 5 -4
right_child=2 -3 4 -5 -6 -7
leaf_value=-0.017752617147806654 -0.042074001972682441 0.053893215840523839 -0.00076292075129690039 0.0093768644290306898 -8.9164789895866369e-05 0.049869209377326078
leaf_weight=474.21961867436767 114.88474229723215 24.96682533621788 186.56284101679921 82.286579415202141 6183.1136777698994 118.25550049543381
leaf_count=4117 571 84 479 244 25237 293
internal_value=-0.000788563 -0.0136703 0.000182836 -0.0209009 0.000839181 0.0193678
internal_weight=7184.29 499.186 6685.1 197.171 6487.93 304.818
internal_count=31025 4201 26824 815 26009 772
is_linear=0
shrinkage=0.05


Tree=101
num_leaves=7
num_cat=0
split_feature=20 16 0 16 19 40
split_gain=43.1771 78.4435 69.7257 97.2536 71.4717 68.8682
threshold=0.0068104514533085967 40.500000000000007 17.500000000000004 36.500000000000007 5.5000000000000009 12.500000000000002
decision_type=10 10 10 10 10 2
left_child=1 -1 -2 4 -4 -3
right_child=2 5 3 -5 -6 -7
leaf_value=-0.025182606538315378 -0.0096701897124258484 0.071497313892201667 0.03108718853272005 -0.00039811191346822368 -0.019196032126677687 0.014791025829673227
leaf_weight=94.183517657220364 1733.5382099114358 60.927214503288269 417.79395512863994 4405.0675331018865 81.321324359625578 309.3432393334806
leaf_count=622 10283 21 1875 16262 495 1475
internal_value=-3.03733e-05 0.0146242 -0.00106602 0.00198215 0.0227854 0.0249502
internal_weight=7102.17 464.454 6637.72 4904.18 499.115 370.27
internal_count=31033 2118 28915 18632 2370 1496
is_linear=0
shrinkage=0.05


Tree=102
num_leaves=7
num_cat=0
split_feature=11 12 21 21 35 21
split_gain=44.7462 97.603 90.6321 61.5451 64.8446 76.688
threshold=206.50000000000003 834.50000000000011 0.1972920063116681 0.57933578253010642 228.41652777777782 0.30012406947890824
decision_type=8 10 10 10 10 10
left_child=1 3 -3 4 5 -1
right_child=-2 2 -4 -5 -6 -7
leaf_value=0.036279673774660536 0.0097471095057508148 0.0016476245633713542 -0.03962428028505259 -0.0080289022844098751 0.0009746705638810886 0.0047986119990161228
leaf_weight=305.68873503431678 1165.6719371750951 239.08067579567432 293.76195791363716 1387.0856225937605 3273.419874317944 517.51719496399164
leaf_count=871 3857 707 1054 7866 14342 2340
internal_value=0.000803105 -0.000936398 -0.0212629 0.00105626 0.00413846 0.0166372
internal_weight=7182.23 6016.55 532.843 5483.71 4096.63 823.206
internal_count=31037 27180 1761 25419 17553 3211
is_linear=0
shrinkage=0.05


Tree=103
num_leaves=7
num_cat=0
split_feature=38 12 34 34 20 40
split_gain=55.7961 47.698 61.6239 55.9353 49.4782 111.569
threshold=3.5000000000000004 5565.5000000000009 84.256666666666675 1381.0704166666669 0.28897569444444449 14.500000000000002
decision_type=2 8 10 10 10 2
left_child=1 4 -3 -4 -1 -6
right_child=-2 2 3 -5 5 -7
leaf_value=0.00086732636249606948 0.029705885610690781 0.045827538658779116 0.016063169599815949 -0.045375956427791256 -0.034711842753699831 -0.0029401390352638713
leaf_weight=4872.1803947798908 147.07020033895969 117.71846854686737 136.34710662066936 45.203225687146187 332.86069416999817 1523.1977072581649
leaf_count=20757 126 144 583 214 110 9251
internal_value=-0.000258657 -0.000906423 0.0184585 -4.04011e-05 -0.00178083 -0.00871594
internal_weight=7174.58 7027.51 299.269 181.55 6728.24 1856.06
internal_count=31185 31059 941 797 30118 9361
is_linear=0
shrinkage=0.05


Tree=104
num_leaves=7
num_cat=0
split_feature=8 21 23 8 35 23
split_gain=44.3845 43.4022 91.9322 79.3919 72.9159 66.6813
threshold=1288.5000000000002 0.49625410517758356 1.2389986153100445 599.50000000000011 110.55194444444446 2.3073315307690661
decision_type=8 10 10 10 10 10
left_child=1 4 -3 5 -1 -4
right_child=-2 2 3 -5 -6 -7
leaf_value=0.017542243231524573 0.031029364292625525 0.002079812668554306 -0.023813432805730832 -0.070840087274139707 -0.0002800339156395889 0.00073634477261652587
leaf_weight=680.03918815031648 107.55225400626659 1701.141094725579 619.18889217451215 57.93145015090704 3536.4748079553246 496.17853011935949
leaf_count=2470 303 8433 3063 223 14292 2430
internal_value=-0.000123112 -0.00061715 -0.00534988 -0.0160851 0.00261171 -0.0129378
internal_weight=7198.51 7090.95 2874.44 1173.3 4216.51 1115.37
internal_count=31214 30911 14149 5716 16762 5493
is_linear=0
shrinkage=0.05


Tree=105
num_leaves=7
num_cat=0
split_feature=40 17 38 14 31 40
split_gain=42.2651 39.2764 45.8177 40.1842 80.1204 42.6186
threshold=4.5000000000000009 51.500000000000007 3.5000000000000004 19.500000000000004 1.5000000000000002 12.500000000000002
decision_type=2 10 2 8 2 2
left_child=-1 2 3 4 -2 -5
right_child=1 -3 -4 5 -6 -7
leaf_value=-0.027051469357321563 -0.0015373589276979609 -0.039097716446893221 0.029388540712985429 0.01903087988161159 -0.041219941768760787 0.0022431997733576643
leaf_weight=136.28967148065567 3935.6594498977065 56.8586340919137 133.52959334850311 447.03221786022186 126.4685991704464 2321.6786759123206
leaf_count=48 20903 72 115 156 42 9837
internal_value=2.44325e-05 0.000568882 0.000920546 0.000342963 -0.00282198 0.00498314
internal_weight=7157.52 7021.23 6964.37 6830.84 4062.13 2768.71
internal_count=31173 31125 31053 30938 20945 9993
is_linear=0
shrinkage=0.05


Tree=106
num_leaves=7
num_cat=0
split_feature=14 12 23 13 16 11
split_gain=47.8661 75.2042 75.6905 84.76 110.992 69.7425
threshold=1.0000000180025095e-35 74.500000000000014 0.95345255857718747 4.5000000000000009 34.500000000000007 240.50000000000003
decision_type=8 10 10 10 10 10
left_child=-1 -2 3 4 -3 -4
right_child=1 2 5 -5 -6 -7
leaf_value=-0.0080574963795212295 0.0083154689065902294 0.043429201720380103 -0.015936844684178018 0.021757662077739603 -0.01437036755751972 0.0046725982578517114
leaf_weight=1320.3499252013862 2827.7470926232636 93.417023316025734 1257.4242864772677 524.78817978128791 529.02164931595325 605.48824643343687
leaf_count=8442 11765 351 4806 1626 2033 2010
internal_value=0.000521714 0.0024673 -0.00303119 0.00705333 -0.00541872 -0.00924374
internal_weight=7158.24 5837.89 3010.14 1147.23 622.439 1862.91
internal_count=31033 22591 10826 4010 2384 6816
is_linear=0
shrinkage=0.05


Tree=107
num_leaves=7
num_cat=0
split_feature=27 0 3 25 31 20
split_gain=36.4928 33.8608 63.9297 60.3314 59.1548 63.5185
threshold=2.5000000000000004 25.500000000000004 42235.500000000007 0.26785347754006478 1.5000000000000002 0.57972848596410509
decision_type=2 8 10 10 2 10
left_child=1 2 4 -3 5 -1
right_child=-2 3 -4 -5 -6 -7
leaf_value=-0.0026695329819916508 0.038746497114428881 0.015006847783025088 0.047298423366333137 -0.00060828883498039864 -0.038969105047649902 -0.039738061252702926
leaf_weight=2603.9492518566549 54.147495739161968 746.63738213852048 52.66126175224781 3492.1898134276271 124.17558072507381 115.99641682580113
leaf_count=14367 50 2603 168 12626 43 1302
internal_value=-0.000366273 -0.000689997 -0.00485199 0.00215664 -0.00589891 -0.00432039
internal_weight=7189.76 7135.61 2896.78 4238.83 2844.12 2719.95
internal_count=31159 31109 15880 15229 15712 15669
is_linear=0
shrinkage=0.05


Tree=108
num_leaves=7
num_cat=0
split_feature=35 24 35 36 36 36
split_gain=36.8868 61.0555 35.9687 139.574 50.3101 105.598
threshold=15925.140833333337 59.500000000000007 13499.816805555558 6388.7086111111121 4917.4005555555568 6841.5052777777792
decision_type=10 10 10 10 10 10
left_child=2 -2 4 -4 -1 -6
right_child=1 -3 3 -5 5 -7
leaf_value=0.0017686335976096858 -0.04988103225892912 0.041602948536616592 0.12461526769590903 -0.024688251575767692 -0.032186396218197875 0.020379198657952024
leaf_weight=6589.1054842211306 74.434692483395338 19.526911720633507 21.98256953433156 34.140584129840136 298.14233999326825 135.45579350739717
leaf_count=26387 1186 221 205 310 2096 823
internal_value=0.000588219 -0.0297276 0.00101132 0.0392016 0.00067844 -0.0157198
internal_weight=7172.79 93.9616 7078.83 56.1232 7022.7 433.598
internal_count=31228 1407 29821 515 29306 2919
is_linear=0
shrinkage=0.05


Tree=109
num_leaves=7
num_cat=0
split_feature=9 31 36 36 16 36
split_gain=42.8604 42.1706 37.8974 116.502 99.3046 93.1342
threshold=1876.5000000000002 1.5000000000000002 47.087083333333339 237.7490277777778 446.50000000000006 244.30972222222223
decision_type=8 2 8 8 10 8
left_child=1 2 -1 4 -4 -5
right_child=-2 -3 3 5 -6 -7
leaf_value=-0.0093770062476005393 0.038728215333317557 -0.01692161722523405 0.0011989927649260186 -0.047862308478793497 0.04259413964935662 -3.7619166246817917e-06
leaf_weight=941.82832461968064 63.410857573151588 389.70381562411785 279.99942369759083 98.723457098007202 295.89187395572662 5098.4263593442738
leaf_count=3313 137 141 1093 463 847 25069
internal_value=-0.000659936 -0.00103848 -0.000104781 0.00141472 0.0226513 -0.000957997
internal_weight=7167.98 7104.57 6714.87 5773.04 575.891 5197.15
internal_count=31063 30926 30785 27472 1940 25532
is_linear=0
shrinkage=0.05


Tree=110
num_leaves=7
num_cat=0
split_feature=17 36 36 36 16 19
split_gain=39.4732 40.3217 73.5017 71.3679 66.5687 57.7321
threshold=51.500000000000007 9504.3365277777793 7084.3868055555567 5397.7402777777779 126.50000000000001 13.500000000000002
decision_type=10 10 10 10 10 10
left_child=1 2 3 -1 -4 -5
right_child=-2 -3 4 5 -6 -7
leaf_value=-0.00026285837332603663 -0.041597362235511644 -0.031214759054700073 0.083623220309162194 -0.0025572162054564537 -0.0012200079242378706 -0.051434324523485501
leaf_weight=6670.8486677147448 55.729568488895893 104.53295961022377 43.974742732942104 117.5621079839766 43.523749798536301 120.49422628059983
leaf_count=27423 79 1133 248 883 216 1114
internal_value=-0.00145664 -0.00111256 -0.000640829 -0.00123272 0.0436356 -0.0278459
internal_weight=7156.67 7100.94 6996.4 6908.91 87.4985 238.056
internal_count=31096 31017 29884 29420 464 1997
is_linear=0
shrinkage=0.05


Tree=111
num_leaves=7
num_cat=0
split_feature=23 23 40 37 16 36
split_gain=40.58 54.2601 44.0708 76.4233 49.736 42.5218
threshold=5.0353701788701182 3.8330386798887557 11.500000000000002 0.66333333333333344 299.50000000000006 404.28041666666672
decision_type=8 10 2 2 8 8
left_child=1 -1 -2 4 -4 -3
right_child=2 5 3 -5 -6 -7
leaf_value=-0.00021092540258464766 0.04714899399630762 -0.056735446174115189 0.0021464691069622644 -0.051135966743401484 0.040382719350411017 -0.0059315927451687664
leaf_weight=6444.7058164589107 77.607136726379395 70.837602511048317 263.62676620855927 45.05482030659914 120.98139102011919 93.039741955697536
leaf_count=28379 31 216 1405 155 439 510
internal_value=0.000105984 -0.000944211 0.0136633 0.00714224 0.0145379 -0.0289217
internal_weight=7115.85 6608.58 507.27 429.663 384.608 163.877
internal_count=31135 29105 2030 1999 1844 726
is_linear=0
shrinkage=0.05


Tree=112
num_leaves=7
num_cat=0
split_feature=36 36 12 36 19 20
split_gain=40.6158 89.9693 90.6728 57.4463 56.2012 59.0689
threshold=9504.3365277777793 6841.5052777777792 53.500000000000007 5397.7402777777779 13.500000000000002 0.14534044362871279
decision_type=10 10 10 10 10 10
left_child=1 3 -3 -1 5 -5
right_child=-2 2 -4 4 -6 -7
leaf_value=-0.00052492063409011777 -0.031852636656161545 0.093852316115062173 0.0016879263039025615 -0.036838239606937516 -0.049634935284053994 0.03322145129693397
leaf_weight=6679.9309049248695 100.98467416316271 45.126801483333111 57.468255758285522 52.521329715847969 114.85645409673452 58.078294359147549
leaf_count=27441 1132 251 296 320 1081 488
internal_value=-0.00113122 -0.000666136 0.0447043 -0.00137207 -0.025916 -0.0002027
internal_weight=7108.97 7007.98 102.595 6905.39 225.456 110.6
internal_count=31009 29877 547 29330 1889 808
is_linear=0
shrinkage=0.05


Tree=113
num_leaves=7
num_cat=0
split_feature=17 40 24 12 36 24
split_gain=46.866 38.5246 39.6148 58.0633 94.9848 77.8693
threshold=51.500000000000007 4.5000000000000009 28.500000000000004 78.500000000000014 6.7808333333333346 44.500000000000007
decision_type=10 2 8 10 8 10
left_child=1 -1 -3 4 -4 -5
right_child=-2 2 3 5 -6 -7
leaf_value=-0.026680759830154922 -0.044846496507034289 -0.0069336169466926063 -0.023310151355211115 0.028144772863649255 0.0099637309285507281 -0.0051746063282181584
leaf_weight=127.6501989364624 53.697432793676853 1418.0360278375447 228.42181949317455 183.48592958599329 2675.1457671485841 2519.2342187464237
leaf_count=47 73 9181 880 713 11193 9012
internal_value=-0.00035118 1.39911e-05 0.000517737 0.00240696 0.00731052 -0.00286478
internal_weight=7205.67 7151.97 7024.32 5606.29 2903.57 2702.72
internal_count=31099 31026 30979 21798 12073 9725
is_linear=0
shrinkage=0.05


Tree=114
num_leaves=7
num_cat=0
split_feature=21 17 1 34 2 36
split_gain=45.7931 43.0336 89.1285 75.7021 41.2906 40.8188
threshold=0.06277844413982181 3.5000000000000004 2720.5000000000005 1.179027777777778 17387.500000000004 23.345000000000002
decision_type=10 10 10 8 8 10
left_child=-1 -2 3 -3 5 -4
right_child=1 2 4 -5 -6 -7
leaf_value=0.043154383909008581 -0.0021017847881766014 0.049482010210612631 0.01294789396884829 0.007845487865597689 0.013772772599951992 -0.030212780991750517
leaf_weight=55.189538761973381 6212.8528711162508 182.30597221851349 72.184123009443283 267.25464958325028 151.06675681471825 194.91012424975634
leaf_count=164 28296 69 193 1301 468 638
internal_value=-0.000274186 -0.000642903 0.00975483 0.0250885 -0.00683191 -0.0185247
internal_weight=7135.76 7080.57 867.722 449.561 418.161 267.094
internal_count=31129 30965 2669 1370 1299 831
is_linear=0
shrinkage=0.05


Tree=115
num_leaves=7
num_cat=0
split_feature=36 34 3 4 37 36
split_gain=32.2439 105.933 108.867 141.483 92.2576 103.608
threshold=47.087083333333339 4391.0766666666677 42235.500000000007 36901.500000000007 0.56125000000000014 26.900138888888893
decision_type=10 10 8 10 2 10
left_child=1 2 3 4 -1 -6
right_child=-2 -3 -4 -5 5 -7
leaf_value=-0.0090418400383220476 0.0030622685138983695 0.045303210929853482 0.025833732705347223 -0.02853692925220961 0.045234876577527096 -0.022392413717528398
leaf_weight=630.44509134441614 5211.7623585574329 96.11327501386404 213.7367989346385 700.6837839782238 189.84544701129198 76.27118182182312
leaf_count=4010 21886 757 663 2957 509 255
internal_value=0.00102711 -0.00452809 -0.00729021 -0.0117895 0.00138466 0.0257968
internal_weight=7118.86 1907.1 1810.98 1597.25 896.562 266.117
internal_count=31037 9151 8394 7731 4774 764
is_linear=0
shrinkage=0.05


Tree=116
num_leaves=7
num_cat=0
split_feature=27 37 12 32 4 12
split_gain=53.7409 38.8812 33.236 111.475 97.3921 103.541
threshold=2.5000000000000004 0.92724867724867732 74.500000000000014 2.5000000000000004 202207.00000000003 67.500000000000014
decision_type=2 2 10 2 8 10
left_child=1 2 3 4 5 -1
right_child=-2 -3 -4 -5 -6 -7
leaf_value=-0.00023492362974734851 0.050453752979872257 0.041957846693328686 -0.0049135309929244537 -0.058672843835872734 0.036074843663060956 0.054357692301032878
leaf_weight=3404.441196590662 46.196776207536459 47.396095782518387 3323.8776947855949 69.366029419004917 206.85460419952869 84.12551748752594
leaf_count=17604 47 145 12330 57 664 355
internal_value=-0.000591601 -0.000957149 -0.00127346 0.00194256 0.00315811 0.00115747
internal_weight=7182.26 7136.06 7088.67 3764.79 3695.42 3488.57
internal_count=31202 31155 31010 18680 18623 17959
is_linear=0
shrinkage=0.05


Tree=117
num_leaves=7
num_cat=0
split_feature=38 3 19 3 22 25
split_gain=52.7742 43.7945 88.0712 102.315 75.1702 94.9767
threshold=3.5000000000000004 15775.000000000002 22.500000000000004 161374.00000000003 1.2162453239567002 0.63497259241940107
decision_type=2 8 10 10 10 10
left_child=1 -1 4 -4 -3 -6
right_child=-2 2 3 -5 5 -7
leaf_value=-0.0031650176619736473 0.029344854025005626 0.028167244946204539 0.00083052709303810225 -0.044654478855126162 -0.0071565693251071693 0.034878137432028611
leaf_weight=4277.1788729131222 151.62146643549204 561.30968526005745 1362.9180078916252 130.95180548727512 521.0742507763207 175.55179660022259
leaf_count=20165 129 2196 5171 476 2486 540
internal_value=0.000639042 -5.86961e-07 0.00491476 -0.00329232 0.0146356 0.00360936
internal_weight=7180.61 7028.98 2751.81 1493.87 1257.94 696.626
internal_count=31163 31034 10869 5647 5222 3026
is_linear=0
shrinkage=0.05


Tree=118
num_leaves=7
num_cat=0
split_feature=24 4 19 8 16 23
split_gain=44.9002 95.3679 67.6342 59.63 54.4072 53.9409
threshold=872.50000000000011 25782.500000000004 120.50000000000001 49.500000000000007 291.50000000000006 0.42620181554257824
decision_type=8 10 10 10 8 10
left_child=5 4 3 -3 -2 -1
right_child=1 2 -4 -5 -6 -7
leaf_value=-0.014453381601793262 0.00094425933981511748 -0.010841894112997935 -0.031478018046639349 0.02806056931131817 0.053374404587980755 0.0011103393957283118
leaf_weight=611.55052851885557 69.591541454195976 176.45238158106804 122.0008536875248 212.20115058124065 167.78828676044941 5731.599551089108
leaf_count=3323 250 557 386 631 455 25376
internal_value=0.000969677 0.0125129 0.000251652 0.0104851 0.0383403 -0.000400379
internal_weight=7091.18 748.034 510.654 388.654 237.38 6343.15
internal_count=30978 2279 1574 1188 705 28699
is_linear=0
shrinkage=0.05


Tree=119
num_leaves=7
num_cat=0
split_feature=29 21 0 16 34 1
split_gain=44.7408 41.4857 32.4203 53.6918 46.2582 73.3614
threshold=4.5000000000000009 0.06277844413982181 25.500000000000004 72.500000000000014 3777.2840277777782 45110.500000000007
decision_type=2 10 10 10 10 8
left_child=1 -1 -3 -4 -5 -6
right_child=-2 2 3 4 5 -7
leaf_value=0.043585237581833351 0.036981775123805995 -0.004616527644293677 0.017356126724972016 -0.001243351352103289 0.034061302394715637 -0.043581681567429788
leaf_weight=48.844351872801781 77.133841536939144 2814.293738938868 514.93379797041416 3449.1178210787475 188.23666787147522 31.670459628105164
leaf_count=158 112 15719 2328 11518 1240 167
internal_value=0.000292039 -0.000135483 -0.000471532 0.00231874 0.000187546 0.0221591
internal_weight=7124.23 7047.1 6998.25 4183.96 3669.02 219.907
internal_count=31242 31130 30972 15253 12925 1407
is_linear=0
shrinkage=0.05


end of trees

feature_importances:
ev_gap_last=67
n_dying_ch=65
ev_h_since_prev=53
ev_relapse_rate=50
act_share_7d=44
n_rows_28d=40
n_alarm_28d=40
n_undef_28d=34
rate_28d=30
ev_h_since_inc=29
n_bad_28d=27
n_alarm_7d=20
ev_open_ch=19
hour=19
ev_inc_168h=17
n_ch_bad_28d=15
dying_share=15
ev_inc_24h=15
n_active_ch=13
n_rows_7d=13
rate_7d=13
ev_fail_3h=13
n_rows_3d=9
act_share_1d=9
ev_inc_672h=9
n_alarm_3d=8
n_undef_7d=7
n_rows_1d=4
n_undef_3d=4
n_ch_bad_1d=4
ev_inc_72h=4
n_ch_bad_7d=3
n_undef_1d=2
ev_fail_24h=2
ev_fail_168h=2
n_bad_3d=1
n_alarm_1d=1

parameters:
[boosting: gbdt]
[objective: binary]
[metric: average_precision]
[tree_learner: serial]
[device_type: cpu]
[data_sample_strategy: bagging]
[data: ]
[valid: ]
[num_iterations: 2000]
[learning_rate: 0.05]
[num_leaves: 7]
[num_threads: 6]
[seed: 61]
[deterministic: 1]
[force_col_wise: 1]
[force_row_wise: 0]
[histogram_pool_size: -1]
[max_depth: -1]
[min_data_in_leaf: 200]
[min_sum_hessian_in_leaf: 0.001]
[bagging_fraction: 0.8]
[pos_bagging_fraction: 1]
[neg_bagging_fraction: 1]
[bagging_freq: 1]
[bagging_seed: 8012]
[bagging_by_query: 0]
[feature_fraction: 0.8]
[feature_fraction_bynode: 1]
[feature_fraction_seed: 28507]
[extra_trees: 0]
[extra_seed: 21951]
[early_stopping_round: 0]
[early_stopping_min_delta: 0]
[first_metric_only: 1]
[max_delta_step: 0]
[lambda_l1: 0]
[lambda_l2: 5]
[linear_lambda: 0]
[min_gain_to_split: 0]
[drop_rate: 0.1]
[max_drop: 50]
[skip_drop: 0.5]
[xgboost_dart_mode: 0]
[uniform_drop: 0]
[drop_seed: 29608]
[top_rate: 0.2]
[other_rate: 0.1]
[min_data_per_group: 100]
[max_cat_threshold: 32]
[cat_l2: 10]
[cat_smooth: 10]
[max_cat_to_onehot: 4]
[top_k: 20]
[monotone_constraints: ]
[monotone_constraints_method: basic]
[monotone_penalty: 0]
[feature_contri: ]
[forcedsplits_filename: ]
[refit_decay_rate: 0.9]
[cegb_tradeoff: 1]
[cegb_penalty_split: 0]
[cegb_penalty_feature_lazy: ]
[cegb_penalty_feature_coupled: ]
[path_smooth: 0]
[interaction_constraints: ]
[verbosity: -1]
[saved_feature_importance_type: 0]
[use_quantized_grad: 0]
[num_grad_quant_bins: 4]
[quant_train_renew_leaf: 0]
[stochastic_rounding: 1]
[linear_tree: 0]
[max_bin: 255]
[max_bin_by_feature: ]
[min_data_in_bin: 3]
[bin_construct_sample_cnt: 200000]
[data_random_seed: 237]
[is_enable_sparse: 1]
[enable_bundle: 1]
[use_missing: 1]
[zero_as_missing: 0]
[feature_pre_filter: 1]
[pre_partition: 0]
[two_round: 0]
[header: 0]
[label_column: ]
[weight_column: ]
[group_column: ]
[ignore_column: ]
[categorical_feature: ]
[forcedbins_filename: ]
[precise_float_parser: 0]
[parser_config_file: ]
[objective_seed: 15452]
[num_class: 1]
[is_unbalance: 0]
[scale_pos_weight: 1]
[sigmoid: 1]
[boost_from_average: 1]
[reg_sqrt: 0]
[alpha: 0.9]
[fair_c: 1]
[poisson_max_delta_step: 0.7]
[tweedie_variance_power: 1.5]
[lambdarank_truncation_level: 30]
[lambdarank_norm: 1]
[label_gain: ]
[lambdarank_position_bias_regularization: 0]
[eval_at: ]
[multi_error_top_k: 1]
[auc_mu_weights: ]
[num_machines: 1]
[local_listen_port: 12400]
[time_out: 120]
[machine_list_filename: ]
[machines: ]
[gpu_platform_id: -1]
[gpu_device_id: -1]
[gpu_use_dp: 0]
[num_gpu: 1]

end of parameters

pandas_categorical:[]
