tree
version=v4
num_class=1
num_tree_per_iteration=1
label_index=0
max_feature_idx=41
objective=binary sigmoid:1
feature_names=n_active_ch n_rows_1d n_rows_3d n_rows_7d n_rows_28d n_bad_1d n_bad_3d n_bad_7d n_bad_28d n_undef_1d n_undef_3d n_undef_7d n_undef_28d n_alarm_1d n_alarm_3d n_alarm_7d n_alarm_28d n_ch_bad_1d n_ch_bad_7d n_ch_bad_28d act_share_1d act_share_7d rate_7d rate_28d n_dying_ch dying_share ev_inc_6h ev_inc_24h ev_inc_72h ev_inc_168h ev_inc_672h ev_fail_3h ev_fail_24h ev_fail_168h ev_h_since_inc ev_h_since_prev ev_gap_last ev_relapse_rate ev_open_ch is_rearm hour dow
feature_infos=[0:1459] [0:200094] [0:575548] [0:1039472] [0:3446064] [0:32012] [0:32027] [0:32027] [0:32057] [0:37262] [0:71955] [0:122355] [0:165289] [0:32013] [0:32065] [0:32176] [0:33059] [0:383] [0:947] [0:1109] [0:1] [0.0054644808743169399:1] [0:52] [0:13] [0:1420] [0:1] [0:3] [0:7] [0:11] [0:18] [0:25] [0:191] [0:561] [0:1165] [1:22977.983611111111] [2.0238888888888891:28233.218888888889] [1.0238888888888888:21790.846388888887] [0.090909090909090912:0.96551724137931039] [0:195] [0:1] [0:23] [0:6]
tree_sizes=883 905 903 899 898 897 903 905 902 900 902 902 904 902 906 905 906 907 897 906 903 901 899 907 905 905 900 901 911 907 900 905 908 907 904 903 898 903 899 908 903 902 906 905 911 905 905 910 897 895 906 903 897 906 902 898 906 906 909 908 904 906 908 897 899 903 908 905 912 902 906 899 905 908 902 897 904 909 898 904 903 906 909 900 909 915 902 903 893 909 908 902 913 908 904 902 907 908 908 896 913 905 899 897 906 910 907 898 904 903 897 916 902 898 904 910 902 895 906 908 914 897 904 893 908 903 897 897 902 910 897 906 907 897 914 891 905

Tree=0
num_leaves=7
num_cat=0
split_feature=35 35 29 16 16 3
split_gain=5197.01 991.44 690.519 474.127 302.367 230.791
threshold=1244.207916666667 5436.9231944444455 2.5000000000000004 288.50000000000006 706.50000000000011 5296.5000000000009
decision_type=8 8 2 10 10 10
left_child=2 3 4 -2 5 -1
right_child=1 -3 -4 -5 -6 -7
leaf_value=-0.48611229308770199 -0.56346377322632391 -0.58734241999414172 -0.43290222860595967 -0.5225094394656391 -0.47046473930263544 -0.52482100435503432
leaf_weight=623.0894980430603 1784.6714675426483 3246.9911450147629 492.4754444360733 1162.9764335155487 694.90399193763733 1015.6289088726044
leaf_count=1603 6825 13495 383 4304 1646 2690
internal_value=-0.542674 -0.568306 -0.486545 -0.547297 -0.498077 -0.509973
internal_weight=9020.74 6194.64 2826.1 2947.65 2333.62 1638.72
internal_count=30946 24624 6322 11129 5939 4293
is_linear=0
shrinkage=1


Tree=1
num_leaves=7
num_cat=0
split_feature=35 35 24 16 35 24
split_gain=4376.62 924.699 469.694 408.07 183.684 199.509
threshold=2629.6495833333338 228.41652777777782 102.50000000000001 346.50000000000006 1187.8637500000002 635.50000000000011
decision_type=8 10 10 10 10 10
left_child=1 -1 -2 4 -3 -6
right_child=2 3 -4 -5 5 -7
leaf_value=0.078143036196783755 -0.043727470026644115 0.024572040271740737 -0.0096623855957305264 0.042043408299634502 -0.019200487203002221 0.041035518177866583
leaf_weight=1018.7095207571983 3256.3532519191504 765.64240929484367 1472.0501630157232 1550.9008449167013 762.28823743760586 162.61231817305088
leaf_count=1096 13440 2173 5841 4940 2857 589
internal_value=-4.32981e-05 0.0366911 -0.0331437 0.0235634 0.00653596 -0.00844633
internal_weight=8988.56 4260.15 4728.4 3241.44 1690.54 924.901
internal_count=30936 11655 19281 10559 5619 3446
is_linear=0
shrinkage=0.05


Tree=2
num_leaves=7
num_cat=0
split_feature=35 35 24 37 38 24
split_gain=4049.92 950.13 400.111 376.198 259.225 237.988
threshold=2818.6045833333342 110.55194444444446 108.50000000000001 0.25833333333333336 1.0000000180025095e-35 837.50000000000011
decision_type=8 10 10 2 2 10
left_child=1 -1 -2 -3 5 -5
right_child=2 3 -4 4 -6 -7
leaf_value=0.081656804445007058 -0.042894866410160937 -0.035108966529766035 -0.010151419110519937 0.0089200386279905241 0.046272197007303395 0.048568395263726916
leaf_weight=823.95171165466309 3241.4978091418743 260.18146409094334 1314.5210537463427 1842.293132185936 1138.0165978223085 472.47732509672642
leaf_count=604 13639 839 5231 7853 991 1998
internal_value=-0.000188579 0.0332321 -0.0334691 0.0223907 0.026768 0.0171001
internal_weight=9092.94 4536.92 4556.02 3712.97 3452.79 2314.77
internal_count=31155 12285 18870 11681 10842 9851
is_linear=0
shrinkage=0.05


Tree=3
num_leaves=7
num_cat=0
split_feature=35 24 29 16 24 16
split_gain=3692.16 785.699 521.951 345.206 259.647 252.625
threshold=1309.4962500000004 145.50000000000003 2.5000000000000004 401.50000000000006 706.50000000000011 706.50000000000011
decision_type=8 8 2 10 8 10
left_child=2 3 5 -2 -3 -1
right_child=1 4 -4 -5 -6 -7
leaf_value=0.025082778404326642 -0.038312112821973721 -0.0048846371626648684 0.090091256292060884 0.0048075654415790882 0.039508684038488756 0.060110471433521856
leaf_weight=1721.4992229342461 3892.040593996644 1214.1066843271255 537.47113448381424 525.7326288819313 446.54571311175823 738.97927708923817
leaf_count=4540 16187 4707 385 2016 1618 1678
internal_value=0.000223645 -0.0221696 0.0455879 -0.0331811 0.00713539 0.0357036
internal_weight=9076.38 6078.43 2997.95 4417.77 1660.65 2460.48
internal_count=31131 24528 6603 18203 6325 6218
is_linear=0
shrinkage=0.05


Tree=4
num_leaves=7
num_cat=0
split_feature=35 30 24 24 16 35
split_gain=3351.48 811.326 366.909 335.976 270.953 202.786
threshold=2818.6045833333342 2.5000000000000004 102.50000000000001 729.50000000000011 728.50000000000011 205.22361111111113
decision_type=8 2 8 10 10 10
left_child=1 3 -2 4 -1 -3
right_child=2 5 -4 -5 -6 -7
leaf_value=0.00126479329947658 -0.040603596772638473 0.079586686584785071 -0.0094853844337318242 0.044785368303508863 0.045007309865935041 0.034036200815061306
leaf_weight=2166.4247248619795 3094.9902596324682 805.24828016757965 1369.4352379590273 838.31699933111668 418.24272228777409 366.36314621567726
leaf_count=6837 13301 732 5552 2448 1236 959
internal_value=-0.000244853 0.0297175 -0.0310796 0.0173757 0.0084163 0.0655482
internal_weight=9059.02 4594.6 4464.43 3422.98 2584.67 1171.61
internal_count=31065 12212 18853 10521 8073 1691
is_linear=0
shrinkage=0.05


Tree=5
num_leaves=7
num_cat=0
split_feature=35 30 24 24 16 4
split_gain=3009.28 631.871 377.788 283.27 210.75 172.943
threshold=2665.1501388888896 2.5000000000000004 102.50000000000001 729.50000000000011 728.50000000000011 25782.500000000004
decision_type=8 2 8 10 10 10
left_child=1 3 -2 4 -1 -5
right_child=2 -3 -4 5 -6 -7
leaf_value=0.0021490986598309571 -0.039075273848049374 0.060699573068206586 -0.008055016133667537 0.081545695711948654 0.041507678579244284 0.029183944238284461
leaf_weight=2034.7588718831539 3082.2993709295988 1138.8842701613903 1443.5395834296942 205.25353333353996 403.53284820914268 679.55344593524933
leaf_count=6518 13474 1625 5819 564 1188 1921
internal_value=-0.000490131 0.0286317 -0.029201 0.0175668 0.00873448 0.0417206
internal_weight=8987.82 4461.98 4525.84 3323.1 2438.29 884.807
internal_count=31109 11816 19293 10191 7706 2485
is_linear=0
shrinkage=0.05


Tree=6
num_leaves=7
num_cat=0
split_feature=35 35 24 37 12 16
split_gain=2808.1 796.107 309.498 241.546 224.214 176.158
threshold=2818.6045833333342 228.41652777777782 108.50000000000001 0.25833333333333336 21.500000000000004 728.50000000000011
decision_type=8 10 8 2 10 10
left_child=1 -1 4 -3 -2 -5
right_child=2 3 -4 5 -6 -7
leaf_value=0.061843849898161898 -0.049383518708742691 -0.032457288019200357 -0.0086929863358920639 0.01198375230480862 -0.021968195269110705 0.040606387973762502
leaf_weight=1185.2023577392101 1776.5027519911528 250.40652965009212 1299.2685169279575 2529.654895067215 1306.1849667876959 680.47039252519608
leaf_count=1126 7977 824 5269 8176 5656 2096
internal_value=-0.000508507 0.0265605 -0.0292046 0.0144045 -0.0378216 0.0181048
internal_weight=9027.69 4645.73 4381.96 3460.53 3082.69 3210.13
internal_count=31124 12222 18902 11096 13633 10272
is_linear=0
shrinkage=0.05


Tree=7
num_leaves=7
num_cat=0
split_feature=36 38 24 16 24 19
split_gain=2052.92 981.986 330.885 260.629 251.686 282.862
threshold=2914.9948611111117 1.0000000180025095e-35 747.50000000000011 540.50000000000011 100.50000000000001 62.500000000000007
decision_type=8 2 10 10 8 8
left_child=1 2 -1 -3 -2 -6
right_child=4 3 -4 -5 5 -7
leaf_value=-0.0041991193938071209 -0.040617514840816188 0.030746043717772745 0.033957338534054853 0.068093404529562793 -0.01977402965931277 0.066908214255157139
leaf_weight=3083.2431641370058 2373.0009377151728 1124.265304043889 691.31437881290913 814.52433228492737 673.38949626684189 104.32777217030525
leaf_count=13374 10682 769 2839 538 2693 302
internal_value=-0.000167586 0.0176977 0.00282496 0.0465712 -0.0325403 -0.00779281
internal_weight=8864.07 5713.35 3774.56 1938.79 3150.72 777.717
internal_count=31197 17520 16213 1307 13677 2995
is_linear=0
shrinkage=0.05


Tree=8
num_leaves=7
num_cat=0
split_feature=35 16 29 24 34 12
split_gain=2408.31 540.754 387.164 208.48 175.262 151.243
threshold=1501.2641666666671 291.50000000000006 2.5000000000000004 147.50000000000003 2404.6625000000008 21.500000000000004
decision_type=8 8 2 10 8 10
left_child=2 3 -1 5 -3 -2
right_child=1 4 -4 -5 -6 -7
leaf_value=0.026336622645643043 -0.042769623490876395 0.019248741060823093 0.072009931531468729 -0.0052754195442077413 -0.019156203877599302 -0.021183722924147764
leaf_weight=2827.2708686292171 1991.7805880606174 962.06754986941814 553.83835527300835 784.39210142195225 424.17264047265053 1397.3639249056578
leaf_count=7119 8959 3440 384 3081 1924 6049
internal_value=0.000665631 -0.0195659 0.0339134 -0.0285443 0.00747068 -0.0339139
internal_weight=8940.89 5559.78 3381.11 4173.54 1386.24 3389.14
internal_count=30956 23453 7503 18089 5364 15008
is_linear=0
shrinkage=0.05


Tree=9
num_leaves=7
num_cat=0
split_feature=35 35 2 36 24 16
split_gain=2158.79 540.128 238.856 221.417 216.969 189.862
threshold=2846.2472222222227 205.22361111111113 288.50000000000006 5118.1291666666675 872.50000000000011 706.50000000000011
decision_type=8 10 8 10 10 10
left_child=1 -1 -2 -4 5 -3
right_child=2 4 3 -5 -6 -7
leaf_value=0.053836375027617712 -0.044440069963795091 0.0018940561621552518 -0.010156705505405372 -0.041528289827278041 0.041681735426276061 0.032489323254353088
leaf_weight=1111.6716636121273 1224.6793280988932 2352.6083499640226 2213.9020702689886 751.41988448798656 585.47308224439621 641.64180783927441
leaf_count=1011 5667 7679 9625 3316 1800 1818
internal_value=0.000180872 0.0234656 -0.0258871 -0.0181629 0.0139722 0.00849359
internal_weight=8881.4 4691.39 4190 2965.32 3579.72 2994.25
internal_count=30916 12308 18608 12941 11297 9497
is_linear=0
shrinkage=0.05


Tree=10
num_leaves=7
num_cat=0
split_feature=35 16 29 4 36 37
split_gain=1829.43 527.061 270.559 235.635 195.976 162.188
threshold=1187.8637500000002 288.50000000000006 2.5000000000000004 2535.5000000000005 4824.6498611111119 0.37797619047619052
decision_type=8 8 2 10 10 2
left_child=2 3 -1 -2 -3 -5
right_child=1 4 -4 5 -6 -7
leaf_value=0.025123139786310367 -0.045701855532164298 0.013342240322130314 0.065080539634857507 -0.030285622672149098 -0.044967046624850911 -0.0078665404084165211
leaf_weight=2315.7923597693443 1073.0236607342958 1497.1798019856215 518.21448048949242 1551.2090252935886 154.49943041801453 1684.9926027655602
leaf_count=5618 4962 5455 370 7061 686 6843
internal_value=-0.000507498 -0.0162293 0.0325313 -0.0254258 0.00776869 -0.0186428
internal_weight=8794.91 5960.9 2834.01 4309.23 1651.68 3236.2
internal_count=30995 25007 5988 18866 6141 13904
is_linear=0
shrinkage=0.05


Tree=11
num_leaves=7
num_cat=0
split_feature=35 16 38 4 21 23
split_gain=1799.71 420.639 309.117 176.484 163.356 157.247
threshold=1501.2641666666671 288.50000000000006 1.0000000180025095e-35 2448.5000000000005 0.6002056202878685 1.5643133775432869
decision_type=8 8 2 10 8 10
left_child=2 3 -1 -2 -5 -4
right_child=1 -3 5 4 -6 -7
leaf_value=0.012829650300786031 -0.043854062641650801 0.006324245471035557 0.032050232979785008 -0.011421754867073166 -0.036257142932967681 0.063187667838542502
leaf_weight=1539.1373430639505 993.17634238302708 1387.3473605960608 1142.8426130861044 2042.7950790077448 980.23778019845486 645.42480978369713
leaf_count=6317 4712 5404 724 8848 4514 403
internal_value=0.000414188 -0.0173946 0.0293176 -0.0255857 -0.0195214 0.0434333
internal_weight=8730.96 5403.56 3327.4 4016.21 3023.03 1788.27
internal_count=30922 23478 7444 18074 13362 1127
is_linear=0
shrinkage=0.05


Tree=12
num_leaves=7
num_cat=0
split_feature=35 30 37 24 37 24
split_gain=1767.85 455.862 249.761 249.354 136.46 136.264
threshold=2818.6045833333342 2.5000000000000004 0.44949494949494956 102.50000000000001 0.51389961389961403 88.500000000000014
decision_type=8 2 2 10 2 10
left_child=1 2 -1 -2 -5 -4
right_child=3 -3 5 4 -6 -7
leaf_value=-0.011858114173366264 -0.032365354976100498 0.048014019100040377 0.00078011894868243979 -0.01633161053997928 0.01867277340677059 0.026250691402333909
leaf_weight=831.78015805780888 2777.1662568151951 1171.5383676588535 716.84561650454998 936.85321636497974 390.56012769043446 1961.3482712358236
leaf_count=2521 13261 1627 2309 3969 1532 5714
internal_value=8.04512e-05 0.0210709 0.0120224 -0.0238568 -0.00600097 0.0194474
internal_weight=8786.09 4681.51 3509.97 4104.58 1327.41 2678.19
internal_count=30933 12171 10544 18762 5501 8023
is_linear=0
shrinkage=0.05


Tree=13
num_leaves=7
num_cat=0
split_feature=35 34 24 15 16 11
split_gain=1401.35 389.771 261.73 171.056 154.848 150.958
threshold=2665.1501388888896 52.826111111111125 102.50000000000001 192.50000000000003 533.50000000000011 5.5000000000000009
decision_type=8 10 8 10 10 10
left_child=1 3 5 -1 -3 -2
right_child=2 4 -4 -5 -6 -7
leaf_value=0.027035996476612669 -0.037199703523687948 -0.00198839410976951 -0.0028330734720508786 0.059970657339096282 0.024318903780975482 -0.012056850038311522
leaf_weight=1478.5543852746487 1897.9940328001976 1714.1622792333364 1411.8808185607195 543.06164747476578 824.82894346117973 879.31991142034531
leaf_count=892 9401 7226 5798 390 3339 4075
internal_value=0.000487971 0.0196555 -0.0203775 0.0360093 0.00658892 -0.0292752
internal_weight=8749.8 4560.61 4189.19 2021.62 2538.99 2777.31
internal_count=31121 11847 19274 1282 10565 13476
is_linear=0
shrinkage=0.05


Tree=14
num_leaves=7
num_cat=0
split_feature=36 38 3 24 16 21
split_gain=1228.44 570.287 241.485 199.922 179.605 175.298
threshold=2701.1322222222229 1.0000000180025095e-35 48009.000000000007 831.50000000000011 666.50000000000011 0.48758930771125897
decision_type=8 2 8 10 10 8
left_child=1 3 5 -1 -3 -2
right_child=2 4 -4 -5 -6 -7
leaf_value=-0.0033521263511948544 -0.015401054698649394 0.023657392712140068 0.046143296850130737 0.028521277557130909 0.055164076018065979 -0.040133847310827434
leaf_weight=3108.4119039177895 1330.0208071470261 1299.8983702510595 107.11594620347023 579.32536888122559 701.67216570675373 1573.1256025582552
leaf_count=13627 5908 842 381 2343 462 7602
internal_value=-0.000303406 0.0133612 -0.0261084 0.00168687 0.0348123 -0.028849
internal_weight=8699.57 5689.31 3010.26 3687.74 2001.57 2903.15
internal_count=31165 17274 13891 15970 1304 13510
is_linear=0
shrinkage=0.05


Tree=15
num_leaves=7
num_cat=0
split_feature=35 38 0 37 2 36
split_gain=1232.61 335.223 205.765 190.628 170.259 135.386
threshold=2846.2472222222227 1.0000000180025095e-35 19.500000000000004 0.44949494949494956 3337.5000000000005 5118.1291666666675
decision_type=8 2 8 2 10 10
left_child=1 -1 -2 -3 -5 -4
right_child=2 3 5 4 -6 -7
leaf_value=0.0058875221723692387 -0.031122538263257171 -0.00010344608540311103 -0.0012034468785835869 0.058668881397173113 0.026577594339698359 -0.032405680709988276
leaf_weight=2647.233242675662 2015.4400606900454 368.51642793416977 1516.3523828834295 693.95920599997044 1052.6930837035179 446.22596542537212
leaf_count=11047 9941 183 6723 515 663 2124
internal_value=0.000612911 0.0177653 -0.0199182 0.0325821 0.0394588 -0.00836213
internal_weight=8740.42 4762.4 3978.02 2115.17 1746.65 1962.58
internal_count=31196 12408 18788 1361 1178 8847
is_linear=0
shrinkage=0.05


Tree=16
num_leaves=7
num_cat=0
split_feature=35 30 14 37 23 36
split_gain=1104.21 328.441 202.68 169.349 137.524 121.815
threshold=2846.2472222222227 2.5000000000000004 1.0000000180025095e-35 0.44949494949494956 1.9802519544791943 5118.1291666666675
decision_type=8 2 8 2 10 10
left_child=1 3 -2 4 -1 -4
right_child=2 -3 5 -5 -6 -7
leaf_value=-0.020649511973151988 -0.035097753257534142 0.039305337232480128 -0.0054529460805124936 0.014915880078486321 0.030663786427039583 -0.031596896399669207
leaf_weight=675.22747866809368 1345.2434885501862 1176.2740451544523 2037.3562239557505 2684.6682961285114 156.93342256546021 566.36653403937817
leaf_count=2198 6873 1712 9256 8131 387 2647
internal_value=0.000102635 0.0164893 -0.0193681 0.008813 -0.0108472 -0.0111895
internal_weight=8642.07 4693.1 3948.97 3516.83 832.161 2603.72
internal_count=31204 12428 18776 10716 2585 11903
is_linear=0
shrinkage=0.05


Tree=17
num_leaves=7
num_cat=0
split_feature=36 38 4 24 21 25
split_gain=896.908 397.4 218.096 167.882 150.998 202.186
threshold=2914.9948611111117 1.0000000180025095e-35 236708.50000000003 729.50000000000011 0.49004753416518126 0.53194581890153392
decision_type=8 2 8 10 10 10
left_child=1 3 4 -1 5 -2
right_child=2 -3 -4 -5 -6 -7
leaf_value=-0.0037823046622015642 0.037451993314819472 0.029468979109362609 0.077610964068711125 0.023232227859167166 -0.036014063104790016 -0.020379280007789328
leaf_weight=2986.3447060883045 169.80613535642624 1912.9490687698126 47.737197041511536 707.01202791929245 1507.8688108026981 1124.308774381876
leaf_count=13178 738 1304 157 2859 7588 5209
internal_value=-0.000604156 0.0110041 -0.0234206 0.00141345 -0.025277 -0.0126761
internal_weight=8456.03 5606.31 2849.72 3693.36 2801.98 1294.11
internal_count=31033 17341 13692 16037 13535 5947
is_linear=0
shrinkage=0.05


Tree=18
num_leaves=7
num_cat=0
split_feature=35 16 24 28 4 34
split_gain=879.455 266.633 202.702 188.389 176.65 141.363
threshold=2846.2472222222227 558.50000000000011 452.50000000000006 2.5000000000000004 41151.000000000007 5507.9051388888902
decision_type=8 10 10 2 10 8
left_child=1 3 5 -1 -3 -2
right_child=2 4 -4 -5 -6 -7
leaf_value=0.001764081599675997 -0.01395491359633548 0.049532322331176652 0.025435392237736637 0.055220228713601584 0.015869459345025313 -0.034358164658169481
leaf_weight=2894.0291780233383 2268.8554427623749 667.43941493332386 239.76561568677425 169.79690624773502 944.51389536261559 1364.1049785465002
leaf_count=8485 10468 1407 933 77 2382 7318
internal_value=-0.00109937 0.0134897 -0.0187083 0.00481176 0.0299178 -0.0216526
internal_weight=8548.51 4675.78 3872.73 3063.83 1611.95 3632.96
internal_count=31070 12351 18719 8562 3789 17786
is_linear=0
shrinkage=0.05


Tree=19
num_leaves=7
num_cat=0
split_feature=38 36 29 24 15 23
split_gain=826.751 453.389 226.039 169.57 123.124 113.787
threshold=1.0000000180025095e-35 3513.7331944444445 2.5000000000000004 716.50000000000011 99.500000000000014 5.0353701788701182
decision_type=2 8 2 10 8 10
left_child=1 3 4 -1 -2 -3
right_child=2 5 -4 -5 -6 -7
leaf_value=-0.0045376708717908129 0.0066114529913130276 -0.032184819644137358 0.056981822671181417 0.021622987396451337 0.032806701770334332 0.002034749899673931
leaf_weight=3252.0410470068455 1068.3770912885666 1908.166644975543 454.04126097261906 759.89974761009216 772.34570749104023 277.60718263685703
leaf_count=14581 892 10341 198 3080 564 1460
internal_value=-5.69713e-05 -0.00955063 0.0255486 0.000438154 0.0176618 -0.027844
internal_weight=8492.48 6197.71 2294.76 4011.94 1840.72 2185.77
internal_count=31116 29462 1654 17661 1456 11801
is_linear=0
shrinkage=0.05


Tree=20
num_leaves=7
num_cat=0
split_feature=35 24 4 2 37 38
split_gain=854.584 341.947 244.409 183.316 162.347 136.239
threshold=1286.2555555555557 706.50000000000011 2364.5000000000005 4016.5000000000005 0.37797619047619052 1.0000000180025095e-35
decision_type=8 8 10 10 2 2
left_child=3 2 -2 5 -4 -1
right_child=1 -3 4 -5 -6 -7
leaf_value=0.016572562579387152 -0.039458465630558978 0.027759946778340983 -0.022205682128662575 0.0092642977757712002 -0.00199973620711135 0.048157707043075121
leaf_weight=621.86243277788162 917.91045778989792 480.32107828557491 1773.1174837052822 1569.4665142446756 2257.032167583704 773.48759473860264
leaf_count=2529 4863 1655 8564 3446 9491 571
internal_value=-0.000534246 -0.0123223 -0.0162373 0.0210334 -0.0109061 0.0341907
internal_weight=8393.2 5428.38 4948.06 2964.82 4030.15 1395.35
internal_count=31119 24573 22918 6546 18055 3100
is_linear=0
shrinkage=0.05


Tree=21
num_leaves=7
num_cat=0
split_feature=35 0 29 36 12 24
split_gain=762.812 289.848 186.784 161.033 158.852 216.823
threshold=1309.4962500000004 31.500000000000004 2.5000000000000004 4917.4005555555568 32.500000000000007 54.500000000000007
decision_type=8 8 2 10 10 10
left_child=2 4 -1 -3 5 -2
right_child=1 3 -4 -5 -6 -7
leaf_value=0.014664313886985676 -0.043341810632794298 0.008251431000924004 0.048190856190479012 -0.031029866011669235 -0.0073785426227675633 -0.0082853828989212265
leaf_weight=2561.4634616225958 1160.5323480665684 1899.250101596117 493.23651416599751 297.36378465592861 1319.9384395033121 714.14147067070007
leaf_count=6265 6422 7470 391 1539 6012 3165
internal_value=0.00020419 -0.0111041 0.0201477 0.00287538 -0.0207059 -0.0300449
internal_weight=8445.93 5391.23 3054.7 2196.61 3194.61 1874.67
internal_count=31264 24608 6656 9009 15599 9587
is_linear=0
shrinkage=0.05


Tree=22
num_leaves=7
num_cat=0
split_feature=35 16 29 23 4 12
split_gain=702.859 299.609 192.149 141.085 136.235 143.457
threshold=1244.207916666667 288.50000000000006 2.5000000000000004 0.55985639324761194 2364.5000000000005 32.500000000000007
decision_type=8 10 2 10 10 10
left_child=2 4 3 -1 5 -2
right_child=1 -3 -4 -5 -6 -7
leaf_value=0.04157020362777842 -0.04652701392281125 0.0083595932292669563 0.049513071498131583 0.0093038527612475993 -0.012487194001481515 0.0017571340898284438
leaf_weight=402.69026157259941 648.19118522107601 1570.8858388662338 470.71128025650978 2036.2718091756105 3004.9019817262888 200.76010394096375
leaf_count=893 3665 6030 376 5018 14090 1046
internal_value=0.00060585 -0.0100264 0.0204117 0.0147054 -0.017522 -0.0351653
internal_weight=8334.41 5424.74 2909.67 2438.96 3853.85 848.951
internal_count=31118 24831 6287 5911 18801 4711
is_linear=0
shrinkage=0.05


Tree=23
num_leaves=7
num_cat=0
split_feature=30 37 34 24 19 24
split_gain=591.319 401.67 261.152 150.663 138.119 114.918
threshold=2.5000000000000004 0.25833333333333336 6301.748611111112 729.50000000000011 4.5000000000000009 27.500000000000004
decision_type=2 2 8 8 10 10
left_child=1 5 3 -3 -4 -1
right_child=-2 2 4 -5 -6 -7
leaf_value=-0.050960266091960665 0.033877757428538213 0.00054773121011025079 0.00021621984966338433 0.022085974666302383 -0.041144541345784463 -0.019507930519885048
leaf_weight=427.62110912799835 1121.0051155537367 4058.9800575822592 329.80718533694744 1010.0645560920238 515.01912280917168 920.76896810531616
leaf_count=2405 1665 15007 1878 2912 2887 4386
internal_value=0.000162287 -0.00506177 0.000561104 0.004857 -0.0250917 -0.029634
internal_weight=8383.27 7262.26 5913.87 5069.04 844.826 1348.39
internal_count=31140 29475 22684 17919 4765 6791
is_linear=0
shrinkage=0.05


Tree=24
num_leaves=7
num_cat=0
split_feature=35 4 37 35 2 21
split_gain=626.856 243.999 199.978 188.999 137.025 123.772
threshold=1332.7075000000002 2364.5000000000005 0.37797619047619052 110.55194444444446 2606.5000000000005 0.47181396888447541
decision_type=8 8 2 10 10 10
left_child=3 -2 -3 -1 -5 -4
right_child=1 2 5 4 -6 -7
leaf_value=0.040341306266453492 -0.034383032873135204 -0.018267383819680703 0.013525396688283757 0.026431235483323795 0.0014580003674199925 -0.0081575023935946695
leaf_weight=751.26923942565918 846.40482898056507 1737.4480027854443 1425.1556828022003 911.33787107467651 1372.7688874155283 1214.7111941576004
leaf_count=610 4820 8695 5594 2364 3758 5273
internal_value=0.000608342 -0.00988965 -0.00511975 0.0186614 0.0114581 0.00355164
internal_weight=8259.1 5223.72 4377.31 3035.38 2284.11 2639.87
internal_count=31114 24382 19562 6732 6122 10867
is_linear=0
shrinkage=0.05


Tree=25
num_leaves=7
num_cat=0
split_feature=38 36 16 31 20 24
split_gain=495.34 294.773 186.461 133.128 151.327 103.736
threshold=1.0000000180025095e-35 3493.0963888888896 958.50000000000011 1.5000000000000002 0.12010928961748635 872.50000000000011
decision_type=2 8 8 2 10 10
left_child=1 5 3 4 -2 -1
right_child=2 -3 -4 -5 -6 -7
leaf_value=-0.0028142103676125942 0.038481625594518808 -0.022937537045802103 0.047820917547954686 -0.012310229183640475 0.0051806959582446866 0.021155497316277565
leaf_weight=3454.3975770920515 604.30556079745293 2071.1835981756449 464.18742904067039 416.42237256467342 779.3156426846981 514.11488121747971
leaf_count=15548 453 11938 385 124 692 2079
internal_value=-0.000194531 -0.00767216 0.0197245 0.0123668 0.0198113 0.000313743
internal_weight=8303.93 6039.7 2264.23 1800.04 1383.62 3968.51
internal_count=31219 29565 1654 1269 1145 17627
is_linear=0
shrinkage=0.05


Tree=26
num_leaves=7
num_cat=0
split_feature=35 24 0 23 2 35
split_gain=478.787 318.499 165.559 126.657 120 119.777
threshold=997.54763888888908 706.50000000000011 23.500000000000004 12.99467867376177 3761.5000000000005 14711.324027777779
decision_type=8 10 10 10 10 10
left_child=3 2 5 4 -1 -2
right_child=1 -3 -4 -5 -6 -7
leaf_value=0.028059002827151205 -0.01748209043127015 0.025431154774752288 -0.0026240749611394273 0.067258420103259914 0.0056329171125040073 -0.057265814550552213
leaf_weight=1100.6919705271721 2354.4477249830961 642.95334939658642 2489.8643034547567 122.28659971058369 1302.2584879398346 202.28752934932709
leaf_count=2362 12009 2093 10542 119 2664 1292
internal_value=0.000457714 -0.00758393 -0.0118112 0.0185553 0.0159423 -0.0207354
internal_weight=8214.79 5689.55 5046.6 2525.24 2402.95 2556.74
internal_count=31081 25936 23843 5145 5026 13301
is_linear=0
shrinkage=0.05


Tree=27
num_leaves=7
num_cat=0
split_feature=37 34 35 24 12 35
split_gain=440.08 368.752 237.774 162 151.883 139.433
threshold=0.37797619047619052 5507.9051388888902 228.41652777777782 77.500000000000014 671.50000000000011 14711.324027777779
decision_type=2 8 10 8 10 10
left_child=5 2 4 -4 -2 -1
right_child=1 -3 3 -5 -6 -7
leaf_value=-0.014157479471147264 0.044224387486169997 -0.024433134258283855 -0.010109918153495582 0.012596478611864107 0.0032106207163798113 -0.054097125257953939
leaf_weight=2114.5056166946888 792.75687721371651 790.33814868330956 1073.5614569932222 2891.6445786207914 315.95938435196877 239.95006400346756
leaf_count=9695 999 4612 4352 9434 488 1570
internal_value=-9.68435e-05 0.00723456 0.0121865 0.00644384 0.0326033 -0.0183339
internal_weight=8218.72 5864.26 5073.92 3965.21 1108.72 2354.46
internal_count=31150 19885 15273 13786 1487 11265
is_linear=0
shrinkage=0.05


Tree=28
num_leaves=7
num_cat=0
split_feature=37 34 29 23 20 19
split_gain=392.272 349.038 176.546 132.276 118.501 102.882
threshold=0.39047619047619053 5507.9051388888902 2.5000000000000004 5.0353701788701182 0.32942514312602938 4.5000000000000009
decision_type=2 8 2 10 10 10
left_child=3 2 4 -1 -2 -3
right_child=1 5 -4 -5 -6 -7
leaf_value=-0.020322930091107676 0.012536038533294609 -9.4889121619559793e-05 0.043258217031972329 0.035772055799650891 -0.0074985733436894525 -0.038009643914564212
leaf_weight=2244.4241174310446 3698.7576065659523 276.94662660360336 393.4978516548872 105.79140132665634 918.17993359267712 500.63596844673157
leaf_count=10905 11796 1630 335 364 3057 2974
internal_value=-0.000522056 0.00647338 0.0113143 -0.0177273 0.00854791 -0.0245927
internal_weight=8138.23 5788.02 5010.44 2350.22 4616.94 777.583
internal_count=31061 19792 15188 11269 14853 4604
is_linear=0
shrinkage=0.05


Tree=29
num_leaves=7
num_cat=0
split_feature=37 34 15 21 22 19
split_gain=358.135 315.162 145.698 146.875 109.775 105.887
threshold=0.37797619047619052 5507.9051388888902 83.500000000000014 0.48758930771125897 1.2440728362168147 4.5000000000000009
decision_type=2 8 10 10 10 10
left_child=-1 2 3 4 -2 -3
right_child=1 5 -4 -5 -6 -7
leaf_value=-0.018249498394374258 0.0026740437316143586 0.00037440435144579868 0.019554893234078496 -0.014043041618897637 0.029577047412556123 -0.038171899990786844
leaf_weight=2263.5056586414576 1331.7226809263229 276.97196918725967 2170.5119163095951 918.21623268723488 525.76239205896854 493.91609904170036
leaf_count=11089 4490 1636 5749 3346 1570 2992
internal_value=-0.0014386 0.00522727 0.00986626 0.00226852 0.0103479 -0.0244095
internal_weight=7980.61 5717.1 4946.21 2775.7 1857.49 770.888
internal_count=30872 19783 15155 9406 6060 4628
is_linear=0
shrinkage=0.05


Tree=30
num_leaves=7
num_cat=0
split_feature=34 24 8 37 2 36
split_gain=383.266 216.137 197.091 170.276 147.004 131.99
threshold=85.895277777777792 14.500000000000002 1.5000000000000002 0.37797619047619052 3078.0000000000005 4917.4005555555568
decision_type=8 10 8 2 10 10
left_child=2 -2 -1 -4 -5 -3
right_child=1 5 3 4 -6 -7
leaf_value=-0.020013643959181697 -0.030332008894311244 3.799184254617631e-05 -0.014122504423004901 0.047991482940705432 0.017623744119527072 -0.025001411669559916
leaf_weight=311.01206822693348 845.15160830318928 4310.3090350776911 272.74155309796333 607.09798899292946 1172.8341620117426 594.49966712296009
leaf_count=228 5204 20088 293 567 1089 3603
internal_value=-8.92783e-05 -0.00705673 0.016839 0.0224579 0.028087 -0.00301934
internal_weight=8113.65 5749.96 2363.69 2052.67 1779.93 4904.81
internal_count=31072 28895 2177 1949 1656 23691
is_linear=0
shrinkage=0.05


Tree=31
num_leaves=7
num_cat=0
split_feature=37 15 34 24 4 3
split_gain=324.646 229.593 124.395 96.2714 95.4348 99.1224
threshold=0.25833333333333336 108.50000000000001 8051.884027777779 27.500000000000004 85929.500000000015 14596.500000000002
decision_type=2 8 8 10 10 10
left_child=3 2 -2 -1 5 -5
right_child=1 -3 -4 4 -6 -7
leaf_value=-0.045117544774133281 0.00053433538323424603 0.017294018741409258 -0.022944351289533937 -0.016296216781424785 -0.043806593857934506 0.028212065133686876
leaf_weight=378.77864937484264 4098.0416989177465 2053.5888139456511 649.17470388114452 521.17525027692318 213.19136461615562 159.24936254322529
leaf_count=2403 14781 5495 4065 2677 1061 686
internal_value=-0.000994054 0.00334774 -0.0026971 -0.0241227 -0.0150221 -0.0057495
internal_weight=8073.2 6800.81 4747.22 1272.39 893.616 680.425
internal_count=31168 24341 18846 6827 4424 3363
is_linear=0
shrinkage=0.05


Tree=32
num_leaves=7
num_cat=0
split_feature=14 22 27 37 37 21
split_gain=278.098 167.959 161.303 183.798 157.423 142.851
threshold=18.500000000000004 24.457002346748819 2.5000000000000004 0.25833333333333336 0.69732205778717427 0.6002056202878685
decision_type=8 8 2 2 2 10
left_child=2 4 3 -1 -2 -5
right_child=1 -3 -4 5 -6 -7
leaf_value=-0.028711726241461535 0.00093575416943095723 0.065435417357804046 0.066044624608426847 0.0017875320178495258 0.024978827577746113 -0.020512331900909772
leaf_weight=968.18312083929777 2212.9418226927519 129.38231387734413 66.994492277503014 2656.0948097854853 978.60535070300102 978.94444736838341
leaf_count=5457 7576 198 29 10556 2595 4578
internal_value=-0.000397066 0.0106551 -0.00825911 -0.009411 0.00833548 -0.00423792
internal_weight=7991.15 3320.93 4670.22 4603.22 3191.55 3635.04
internal_count=30989 10369 20620 20591 10171 15134
is_linear=0
shrinkage=0.05


Tree=33
num_leaves=7
num_cat=0
split_feature=34 24 37 4 36 25
split_gain=325.497 197.566 153.67 136.221 122.626 117.532
threshold=29.43930555555556 13.500000000000002 0.45804195804195807 2039.5000000000002 4917.4005555555568 0.13805642633228843
decision_type=8 10 2 10 10 10
left_child=2 5 -1 -3 -5 -2
right_child=1 3 -4 4 -6 -7
leaf_value=-0.0078823418379336749 -0.0032673346239330582 -0.028268661330121937 0.024749127795619018 0.0036875090824638095 -0.021576086925002361 -0.043113037303963597
leaf_weight=459.55798123776913 294.1009681224823 435.91091542690992 1639.7665520310402 4183.5424788743258 537.54567962884903 498.22782348096371
leaf_count=253 1673 2679 862 19030 3303 3381
internal_value=0.000701185 -0.00527308 0.0176041 -0.00169018 0.000791199 -0.0284361
internal_weight=8048.65 5949.33 2099.32 5157 4721.09 792.329
internal_count=31181 30066 1115 25012 22333 5054
is_linear=0
shrinkage=0.05


Tree=34
num_leaves=7
num_cat=0
split_feature=28 24 37 36 19 16
split_gain=277.805 167.726 163.012 126.223 96.1525 90.8517
threshold=1.0000000180025095e-35 16.500000000000004 0.37797619047619052 4917.4005555555568 18.500000000000004 1195.5000000000002
decision_type=2 10 2 10 10 8
left_child=1 -1 -2 -3 -5 -4
right_child=2 3 5 4 -6 -7
leaf_value=-0.025098374889867221 -0.0174833598804249 0.0011788875771905514 0.016244827745189951 -0.0085772690865889342 -0.051759945520026766 0.047315423300637559
leaf_weight=914.25157094746828 321.53747089207172 4240.7766305953264 1637.559009552002 367.16625682264566 195.80217330157757 272.65492962300777
leaf_count=5884 308 19717 1342 2315 1244 247
internal_value=0.00030917 -0.00553069 0.0152505 -0.00178433 -0.0239198 0.0207916
internal_weight=7949.75 5718 2231.75 4803.75 562.968 1910.21
internal_count=31057 29160 1897 23276 3559 1589
is_linear=0
shrinkage=0.05


Tree=35
num_leaves=7
num_cat=0
split_feature=28 4 37 36 36 4
split_gain=288.253 202.492 141.548 103.617 198.65 193.549
threshold=2.5000000000000004 2364.5000000000005 0.25833333333333336 47.087083333333339 237.7490277777778 136660.00000000003
decision_type=2 10 2 8 8 10
left_child=1 -1 -3 -4 5 -5
right_child=-2 2 3 4 -6 -7
leaf_value=-0.024607047659604836 0.050218534079917332 -0.016238107939836384 -0.011229410383908929 0.046581478894663984 0.0030266502259384421 -0.026474445933110255
leaf_weight=873.65375239402056 268.51932433247566 1020.2606092020869 941.88221311569214 497.98691062629223 4264.0796265006065 107.15380230545998
leaf_count=5076 164 5523 3074 1147 15859 333
internal_value=-0.00022371 -0.00201305 0.000892354 0.00391134 0.00684862 0.0335343
internal_weight=7973.54 7705.02 6831.36 5811.1 4869.22 605.141
internal_count=31176 31012 25936 20413 17339 1480
is_linear=0
shrinkage=0.05


Tree=36
num_leaves=7
num_cat=0
split_feature=35 37 21 34 19 36
split_gain=256.2 229.444 124.773 119.265 116.429 108.794
threshold=110.55194444444446 0.25833333333333336 0.06277844413982181 6301.748611111112 4.5000000000000009 1.7748611111111112
decision_type=8 2 10 8 10 8
left_child=-1 -2 -3 5 -5 -4
right_child=1 2 3 4 -6 -7
leaf_value=0.029178130942212527 -0.022844251672509922 0.07590819638639254 -0.038757307175216915 0.0061999063080645936 -0.034088128034079172 0.004489042973575043
leaf_weight=688.08835411071777 1171.8515322506428 50.509191572666168 144.7271856367588 295.44462318718433 446.0644912943244 5094.3154545128345
leaf_count=599 6766 111 657 1840 2874 18173
internal_value=0.000142748 -0.00264929 0.00129031 0.00059724 -0.0181019 0.00325856
internal_weight=7891 7202.91 6031.06 5980.55 741.509 5239.04
internal_count=31020 30421 23655 23544 4714 18830
is_linear=0
shrinkage=0.05


Tree=37
num_leaves=7
num_cat=0
split_feature=15 15 30 40 27 4
split_gain=218.612 127.486 113.938 113.326 86.3772 83.6497
threshold=108.50000000000001 1.0000000180025095e-35 2.5000000000000004 10.500000000000002 2.5000000000000004 41151.000000000007
decision_type=8 10 2 2 2 10
left_child=1 -1 -2 -3 -5 -4
right_child=2 3 5 4 -6 -7
leaf_value=-0.025426174338925391 0.0061788553813756667 0.026148727693457902 0.049665440810745393 -0.0051826287940541036 0.060215990699326517 0.011930352857279237
leaf_weight=687.25885701179504 1510.9318781197071 317.29483795166016 311.39987134933472 4716.7027917653322 46.059332370758057 281.76433323323727
leaf_count=4226 5032 93 473 20820 23 480
internal_value=-0.000262566 -0.00529599 0.0135139 -0.00255034 -0.00448769 0.0319901
internal_weight=7871.41 5767.32 2104.1 5080.06 4762.76 593.164
internal_count=31147 25162 5985 20936 20843 953
is_linear=0
shrinkage=0.05


Tree=38
num_leaves=7
num_cat=0
split_feature=37 15 21 21 23 2
split_gain=216.025 133.726 130.037 118.753 101.085 86.7017
threshold=0.25833333333333336 136.50000000000003 0.6002056202878685 0.95920722135007852 12.99467867376177 3923.0000000000005
decision_type=2 8 10 10 8 10
left_child=-1 2 -2 -4 5 -3
right_child=1 4 3 -5 -6 -7
leaf_value=-0.02043349539694625 0.0034743736463727377 0.027447152181642637 -0.02112945412878257 0.018884507671209239 0.061804135818944984 0.0028044554056850489
leaf_weight=1183.2749588266015 3743.0115625485778 555.14900980889797 1128.9059991464019 217.62091671675444 103.33344897627831 987.51746010780334
leaf_count=6768 14025 1432 5106 819 176 2837
internal_value=-0.000777394 0.00268831 -0.00132156 -0.0146166 0.0150536 0.0117325
internal_weight=7918.81 6735.54 5089.54 1346.53 1646 1542.67
internal_count=31163 24395 19950 5925 4445 4269
is_linear=0
shrinkage=0.05


Tree=39
num_leaves=7
num_cat=0
split_feature=38 4 12 36 32 35
split_gain=226.554 142.574 119.787 109.597 115.719 103.991
threshold=1.0000000180025095e-35 2183.5000000000005 21.500000000000004 20.552777777777781 1.5000000000000002 15925.140833333337
decision_type=2 10 10 10 2 10
left_child=1 2 -1 -2 -5 -3
right_child=3 5 -4 4 -6 -7
leaf_value=-0.04163564683092124 0.037317732531526364 -0.00074070556327416822 0.0021497473726311504 0.016068747151648282 -0.013496889284996108 -0.044310936567535188
leaf_weight=440.65951074659824 407.44232039153576 4835.3925970122218 239.77086012810469 1304.5575370490551 438.64148065447807 135.94594638794661
leaf_count=3176 384 23550 1432 1095 160 1076
internal_value=0.000331314 -0.00492505 -0.0263034 0.0141241 0.00861182 -0.0019755
internal_weight=7802.41 5651.77 680.43 2150.64 1743.2 4971.34
internal_count=30873 29234 4608 1639 1255 24626
is_linear=0
shrinkage=0.05


Tree=40
num_leaves=7
num_cat=0
split_feature=15 15 23 3 24 27
split_gain=213.488 144.506 110.058 99.9931 150.17 90.5074
threshold=114.50000000000001 1.0000000180025095e-35 12.99467867376177 10066.500000000002 55.500000000000007 2.5000000000000004
decision_type=10 10 10 10 10 2
left_child=1 -1 3 4 -2 -3
right_child=2 5 -4 -5 -6 -7
leaf_value=-0.027315943404781762 -0.037759531013667032 -0.0033450143637225923 0.059100006235777804 0.0016499639320827872 0.033603739702923539 0.051902676298332333
leaf_weight=659.6427104100585 79.304297469556332 5100.458977907896 119.28168983757496 1198.653044000268 624.27336889505386 70.233460798859596
leaf_count=4182 357 21263 195 3653 1461 33
internal_value=-0.000513524 -0.00536873 0.0134683 0.0104595 0.0253503 -0.00254517
internal_weight=7851.85 5830.34 2021.51 1902.23 703.578 5170.69
internal_count=31144 25478 5666 5471 1818 21296
is_linear=0
shrinkage=0.05


Tree=41
num_leaves=7
num_cat=0
split_feature=28 34 37 36 23 21
split_gain=188.886 152.77 132.219 137.432 112.989 108.865
threshold=2.5000000000000004 5507.9051388888902 0.37797619047619052 1.7748611111111112 5.0353701788701182 0.081574453837783556
decision_type=2 8 2 8 10 10
left_child=1 2 3 -1 -5 -4
right_child=-2 -3 5 4 -6 -7
leaf_value=-0.071689740916875966 0.042807958478932789 -0.019066291386499724 0.06550361813315074 -0.010270637180318169 0.049588209614517126 0.0046391221579850806
leaf_weight=82.35831892490387 241.66563895344734 1074.1696651056409 69.695865988731384 1564.317769408226 78.086495950818062 4628.4756274670362
leaf_count=366 165 7379 155 7717 293 14881
internal_value=-0.000243923 -0.00165929 0.00126442 -0.0105566 -0.00728284 0.00561071
internal_weight=7738.77 7497.1 6422.93 1724.76 1642.4 4698.17
internal_count=30956 30791 23412 8376 8010 15036
is_linear=0
shrinkage=0.05


Tree=42
num_leaves=7
num_cat=0
split_feature=14 22 24 35 36 36
split_gain=180.317 154.089 103.743 100.652 90.9716 84.3624
threshold=1.0000000180025095e-35 24.457002346748819 16.500000000000004 781.87041666666676 5118.1291666666675 3317.0227777777786
decision_type=8 8 10 8 10 10
left_child=3 2 -2 -1 5 -4
right_child=1 -3 4 -5 -6 -7
leaf_value=0.018781789334174358 -0.018677581787918937 0.053061730937926377 0.0053803269686085653 -0.019377084533561035 -0.018092104974808784 0.037634676179830504
leaf_weight=193.18011444807053 503.61946285516024 152.33436280488968 4875.2130543738604 1391.3446277007461 393.29072895646095 206.7505117431283
leaf_count=383 2540 353 16424 8178 2342 890
internal_value=0.000328224 0.0042158 0.00292797 -0.0146804 0.0049305 0.00672824
internal_weight=7715.73 6131.21 5978.87 1584.52 5475.25 5081.96
internal_count=31110 22549 22196 8561 19656 17314
is_linear=0
shrinkage=0.05


Tree=43
num_leaves=7
num_cat=0
split_feature=15 22 36 36 19 12
split_gain=182.252 138.853 96.3904 105.134 173.745 86.6179
threshold=1.0000000180025095e-35 24.457002346748819 5118.1291666666675 3806.3420833333334 1.0000000180025095e-35 9888.5000000000018
decision_type=8 8 8 10 10 10
left_child=-1 2 3 5 -5 -2
right_child=1 -3 -4 4 -6 -7
leaf_value=-0.025949428958140532 0.0011007585143535789 0.047533714584452151 -0.012060545656587155 -0.035073269243707218 0.071884145420828063 0.039254853735145707
leaf_weight=644.79574991762638 5401.0170571357012 156.58977756649256 1223.6248127371073 50.177412159740925 124.42223392426968 147.97853973507881
leaf_count=4207 17943 389 7288 331 448 431
internal_value=-0.00060291 0.00171437 0.000648158 0.00337326 0.0410254 0.00215266
internal_weight=7748.61 7103.81 6947.22 5723.6 174.6 5549
internal_count=31037 26830 26441 19153 779 18374
is_linear=0
shrinkage=0.05


Tree=44
num_leaves=7
num_cat=0
split_feature=35 37 21 24 23 34
split_gain=196.248 140.631 96.4729 93.2765 93.0743 113.254
threshold=110.55194444444446 0.25833333333333336 0.65814529803052058 872.50000000000011 5.6123587603356873 1.0000000180025095e-35
decision_type=8 2 10 8 10 10
left_child=2 -2 -1 4 5 -3
right_child=1 3 -4 -5 -6 -7
leaf_value=0.039520957839093609 -0.018949691140509269 -0.0299240079010821 -0.00070948202889066709 0.017329380079934946 0.021709901735390877 -0.0015773741383960768
leaf_weight=431.100500613451 1113.566963121295 377.90770335495472 226.10322345048189 709.18301624059677 380.14376132935286 4426.4303697869182
leaf_count=346 6788 2693 245 2235 1623 17102
internal_value=-0.000239356 -0.00269627 0.0257793 0.00038816 -0.00194369 -0.0038359
internal_weight=7664.44 7007.23 657.204 5893.66 5184.48 4804.34
internal_count=31032 30441 591 23653 21418 19795
is_linear=0
shrinkage=0.05


Tree=45
num_leaves=7
num_cat=0
split_feature=16 27 31 4 20 38
split_gain=155.194 113.171 106.863 100.242 107.665 96.0586
threshold=303.50000000000006 2.5000000000000004 1.5000000000000002 202207.00000000003 0.57972848596410509 1.5000000000000002
decision_type=8 2 2 10 10 2
left_child=1 2 3 4 -1 -2
right_child=5 -3 -4 -5 -6 -7
leaf_value=-0.004581599003249723 0.0049668942726803396 0.058575134681993615 -0.045415183169095652 0.032642250130358895 -0.034801371681826059 0.030424292273543142
leaf_weight=3829.5224168226123 2790.8896186128259 61.921357408165932 168.66651703417301 161.68606142699718 314.58234135806561 422.88053806126118
leaf_count=18867 9404 33 54 568 2003 301
internal_value=-4.01615e-05 -0.00599296 -0.00695089 -0.00539324 -0.00691478 0.00835874
internal_weight=7750.15 4536.38 4474.46 4305.79 4144.1 3213.77
internal_count=31230 21525 21492 21438 20870 9705
is_linear=0
shrinkage=0.05


Tree=46
num_leaves=7
num_cat=0
split_feature=15 21 12 16 19 22
split_gain=152.822 116.666 92.3379 82.9427 86.5076 71.3295
threshold=150.50000000000003 0.6002056202878685 473.50000000000006 37.500000000000007 9.5000000000000018 1.4883808024647398
decision_type=8 10 10 10 10 10
left_child=1 5 -3 -4 -5 -1
right_child=-2 2 3 4 -6 -7
leaf_value=-0.0026419135108821171 0.014475407072231529 -0.0226781079784866 0.041205317865124318 -0.033697571566863149 0.011299202439058076 0.012081013223398662
leaf_weight=3449.5883572995663 1496.6202879324555 1129.4110147058964 105.23676910996437 176.99589481949806 254.34586782753468 1074.8296206071973
leaf_count=14502 4272 6259 412 727 762 4331
internal_value=0.000164964 -0.00330368 -0.014594 0.00247411 -0.00733924 0.000865169
internal_weight=7687.03 6190.41 1665.99 536.579 431.342 4524.42
internal_count=31265 26993 8160 1901 1489 18833
is_linear=0
shrinkage=0.05


Tree=47
num_leaves=7
num_cat=0
split_feature=37 15 37 8 20 25
split_gain=140.682 89.8699 84.6483 71.5664 108.874 124.203
threshold=0.25833333333333336 113.50000000000001 0.17424242424242428 14.500000000000002 0.65571120689655182 0.84356132611216739
decision_type=2 10 2 10 10 10
left_child=2 3 -1 4 5 -2
right_child=1 -3 -4 -5 -6 -7
leaf_value=0.0019185064242286717 0.014810662865620145 0.012406701822940071 -0.026311062335365693 -0.0062853816815738863 -0.038147193698185949 -0.016172165599672526
leaf_weight=420.39990415424109 1670.8916751593351 1872.7503264322877 712.97378093749285 2512.8947622105479 126.14894111454487 396.45502219349146
leaf_count=2252 6827 5313 4584 9625 819 1674
internal_value=0.000352697 0.00315857 -0.0158775 -0.000530677 0.00606128 0.0088444
internal_weight=7712.51 6579.14 1133.37 4706.39 2193.5 2067.35
internal_count=31094 24258 6836 18945 9320 8501
is_linear=0
shrinkage=0.05


Tree=48
num_leaves=7
num_cat=0
split_feature=15 36 36 8 27 22
split_gain=142.23 98.8151 104.128 211.139 92.137 79.7245
threshold=1.0000000180025095e-35 5118.1291666666675 3970.1341666666672 1.5000000000000002 2.5000000000000004 35.665644235385699
decision_type=8 10 10 10 2 8
left_child=-1 2 4 -4 5 -2
right_child=1 -3 3 -5 -6 -7
leaf_value=-0.023504873107200019 0.00031353526207619276 -0.01978437091632913 -0.032995378015133026 0.083052892144588872 0.051086493476613919 0.045936528367323759
leaf_weight=635.62640593200922 6160.8113261908293 518.98575709760189 57.810508668422699 103.82599227875471 88.279188334941864 92.26879458129406
leaf_count=4258 22518 3321 369 358 50 257
internal_value=-0.000951636 0.00110514 0.0027862 0.0418027 0.00175954 0.0010229
internal_weight=7657.61 7021.98 6503 161.637 6341.36 6253.08
internal_count=31131 26873 23552 727 22825 22775
is_linear=0
shrinkage=0.05


Tree=49
num_leaves=7
num_cat=0
split_feature=32 24 21 36 22 36
split_gain=157.71 118.329 111.472 96.019 88.3382 81.0923
threshold=3.5000000000000004 17.500000000000004 0.38651515151515153 5118.1291666666675 5.1532309670752143 3806.3420833333334
decision_type=2 10 8 10 10 10
left_child=1 2 4 5 -1 -3
right_child=-2 3 -4 -5 -6 -7
leaf_value=-0.016183773263042937 0.036959109526278767 0.001875576083741011 -0.022377073060149015 -0.019522430236434924 0.07032440213533514 0.035583168377187495
leaf_weight=53.203020386397839 271.67326186597347 5637.2077112495899 955.41748041659594 512.89473596215248 57.241881623864174 179.295993283391
leaf_count=358 203 20377 5971 3300 204 823
internal_value=-0.000104393 -0.00149001 -0.0168613 0.00110976 0.029756 0.0029443
internal_weight=7666.93 7395.26 1065.86 6329.4 110.445 5816.5
internal_count=31236 31033 6533 24500 562 21200
is_linear=0
shrinkage=0.05


Tree=50
num_leaves=7
num_cat=0
split_feature=4 36 12 37 23 36
split_gain=127.579 121.689 130.677 107.778 120.937 92.2801
threshold=2364.5000000000005 133.43680555555559 23.500000000000004 0.73385416666666681 5.0353701788701182 1.7748611111111112
decision_type=8 8 10 2 8 8
left_child=1 -1 -3 4 5 -2
right_child=3 2 -4 -5 -6 -7
leaf_value=0.040111175093063924 -0.038824419844379149 -0.041607408331937192 0.0018923310273615077 0.014730710145803811 0.023902100111379727 -0.0020254374838594852
leaf_weight=74.337049193680286 171.57539333403111 454.09236644208431 276.03819434344769 1329.2168295681477 439.07179246097803 4870.5937343761325
leaf_count=202 682 3356 1536 3776 1508 19890
internal_value=-0.000242779 -0.0190094 -0.0252606 0.0019863 -0.00111486 -0.00331486
internal_weight=7614.93 804.468 730.131 6810.46 5481.24 5042.17
internal_count=30950 5094 4892 25856 22080 20572
is_linear=0
shrinkage=0.05


Tree=51
num_leaves=7
num_cat=0
split_feature=37 33 21 36 3 40
split_gain=117.638 103.826 109.514 88.2906 115.277 106.653
threshold=0.25833333333333336 6.5000000000000009 0.06277844413982181 40.326250000000009 42235.500000000007 10.500000000000002
decision_type=2 2 10 10 10 2
left_child=-1 2 -2 4 5 -4
right_child=1 -3 3 -5 -6 -7
leaf_value=-0.014750198233737103 0.069476596079103115 0.031335719757639553 0.038541274963835505 0.0045954968506002579 0.028449653243967254 -0.015932824699293521
leaf_weight=1111.1856710538268 53.561435118317604 299.15438321232796 90.735559582710266 4407.9816796258092 184.48299009352922 1533.5096776708961
leaf_count=6878 119 441 31 15164 614 7957
internal_value=0.00025803 0.00280588 0.00142084 0.000779132 -0.00850861 -0.0127808
internal_weight=7680.61 6569.43 6270.27 6216.71 1808.73 1624.25
internal_count=31204 24326 23885 23766 8602 7988
is_linear=0
shrinkage=0.05


Tree=52
num_leaves=7
num_cat=0
split_feature=28 35 4 12 4 35
split_gain=155.152 121.284 98.4358 110.864 136.593 80.9154
threshold=2.5000000000000004 15925.140833333337 2364.5000000000005 32.500000000000007 1075.0000000000002 1187.8637500000002
decision_type=2 10 8 10 10 8
left_child=1 2 3 5 -5 -1
right_child=-2 -3 -4 4 -6 -7
leaf_value=0.025840833175035327 0.041534142838244477 -0.045087423152483291 0.002201352238167322 0.051067872531978357 -0.026607144681956185 -0.036291087314936202
leaf_weight=55.406158447265625 219.00236568599939 145.79061342030764 6458.4480234310031 109.25820561498404 107.67640570551157 464.2108646556735
leaf_count=121 158 1386 24761 564 598 3492
internal_value=0.000542382 -0.000707989 0.000221948 -0.0170323 0.0127827 -0.0294829
internal_weight=7559.79 7340.79 7195 736.552 216.935 519.617
internal_count=31080 30922 29536 4775 1162 3613
is_linear=0
shrinkage=0.05


Tree=53
num_leaves=7
num_cat=0
split_feature=23 37 24 12 16 24
split_gain=119.446 132.166 83.1566 81.1115 151.62 126.586
threshold=5.936436594464511 0.56125000000000014 14.500000000000002 22.500000000000004 97.500000000000014 34.500000000000007
decision_type=8 2 8 10 10 10
left_child=1 3 -3 5 -5 -1
right_child=-2 2 -4 4 -6 -7
leaf_value=-0.036202953652919721 0.023646698280179766 -0.033610184764153422 0.0072897617904601857 0.014151754987311039 -0.011838130407705408 -0.0073384516242244666
leaf_weight=553.79848387092352 454.7274909093976 125.13315111398697 2801.7593526393175 875.39132490009069 1542.94340698421 1197.1290637627244
leaf_count=4472 1640 530 8459 4014 6283 5620
internal_value=-0.00105345 -0.00265179 0.00548683 -0.00836497 -0.0024205 -0.0165451
internal_weight=7550.88 7096.15 2926.89 4169.26 2418.33 1750.93
internal_count=31018 29378 8989 20389 10297 10092
is_linear=0
shrinkage=0.05


Tree=54
num_leaves=7
num_cat=0
split_feature=4 23 24 24 36 21
split_gain=110.238 94.3477 99.2194 106.154 90.7757 87.8615
threshold=2364.5000000000005 5.6123587603356873 872.50000000000011 1076.5000000000002 133.43680555555559 0.41688948306595369
decision_type=8 8 10 10 8 10
left_child=4 2 -2 -4 -1 -6
right_child=1 -3 3 -5 5 -7
leaf_value=0.03746594251624643 -0.0019355079846403213 0.025215829504827321 0.040748575116750889 0.0027344579085185356 -0.0080298987747419864 -0.043667645861326702
leaf_weight=63.137093335390091 5567.2858657315373 402.88682825863361 290.05483947694302 488.4708447009325 411.98242343217134 296.69048070907593
leaf_count=184 22367 1399 832 1428 2424 2459
internal_value=-0.000145795 0.00190598 0.000407387 0.017067 -0.0179833 -0.0231513
internal_weight=7520.51 6748.7 6345.81 778.526 771.81 708.673
internal_count=31093 26026 24627 2260 5067 4883
is_linear=0
shrinkage=0.05


Tree=55
num_leaves=7
num_cat=0
split_feature=15 2 30 24 21 37
split_gain=105.35 91.7135 84.8818 82.4077 79.5058 82.144
threshold=155.50000000000003 21592.000000000004 2.5000000000000004 42.500000000000007 0.6002056202878685 0.17424242424242428
decision_type=8 10 2 10 10 2
left_child=4 2 -2 -3 -1 -6
right_child=1 3 -4 -5 5 -7
leaf_value=7.2632240323392959e-05 0.0086082858520305176 0.030400994840123204 0.037760018601173645 -0.031474319211873179 0.028112924636303556 -0.015987357246778758
leaf_weight=4464.9818575158715 808.27656183391809 69.47487523406744 359.17617341130972 192.64806659519672 109.10554465651512 1491.0235684812069
leaf_count=18729 2656 146 650 676 701 7454
internal_value=-0.000478616 0.0117076 0.0176998 -0.0148124 -0.00335825 -0.0129022
internal_weight=7494.69 1429.58 1167.45 262.123 6065.11 1600.13
internal_count=31012 4128 3306 822 26884 8155
is_linear=0
shrinkage=0.05


Tree=56
num_leaves=7
num_cat=0
split_feature=38 21 24 24 23 25
split_gain=116.821 92.8639 137.306 77.5828 74.3594 66.9472
threshold=1.0000000180025095e-35 0.57521929824561413 46.500000000000007 14.500000000000002 1.5825191150864963 0.077849927849927864
decision_type=2 10 10 10 8 10
left_child=3 4 -3 5 -2 -1
right_child=1 2 -4 -5 -6 -7
leaf_value=0.004077056756495178 0.010498524419053624 0.021578475478795295 -0.021961453650676751 -0.00074768885776043022 0.035517745167512674 -0.029024470647063455
leaf_weight=222.1764854490757 955.1914791688323 308.43638215214014 423.97384279966354 4773.7087961882353 430.62084732949734 476.04790307581425
leaf_count=1284 661 349 308 24036 358 4057
internal_value=0.000827701 0.0107834 -0.00360371 -0.00303252 0.0183726 -0.0185374
internal_weight=7590.16 2118.22 732.41 5471.93 1385.81 698.224
internal_count=31053 1676 657 29377 1019 5341
is_linear=0
shrinkage=0.05


Tree=57
num_leaves=7
num_cat=0
split_feature=15 22 36 8 8 24
split_gain=94.372 90.1691 66.3789 78.2493 104.655 77.5686
threshold=1.0000000180025095e-35 35.665644235385699 5118.1291666666675 20.500000000000004 9.5000000000000018 28.500000000000004
decision_type=8 8 10 10 10 10
left_child=-1 2 5 4 -4 -2
right_child=1 -3 3 -5 -6 -7
leaf_value=-0.018715881098372435 -0.0094881724162768528 0.04585302151746818 -0.012351011188058076 -0.039910146025117978 0.068353277056128564 0.0052462455284938616
leaf_weight=585.45317499339581 1071.2738880217075 110.8319900110364 250.11231114715338 199.9971804395318 42.678002201020718 5252.8319659456611
leaf_count=4240 5518 260 1698 1339 288 17732
internal_value=0.000473384 0.00210737 0.00136305 -0.0162186 0.000362848 0.00274478
internal_weight=7513.18 6927.73 6816.89 492.787 292.79 6324.11
internal_count=31075 26835 26575 3325 1986 23250
is_linear=0
shrinkage=0.05


Tree=58
num_leaves=7
num_cat=0
split_feature=28 24 21 11 12 4
split_gain=116.159 97.9323 128.024 119.216 82.776 106.533
threshold=2.5000000000000004 14.500000000000002 0.39146178768820289 240.50000000000003 76.500000000000014 2039.5000000000002
decision_type=2 10 8 10 10 10
left_child=1 2 -1 4 5 -3
right_child=-2 3 -4 -5 -6 -7
leaf_value=0.039300130340577652 0.038078006121499232 -0.023058959094434187 -0.023809300950644405 0.018302854333694336 -0.0092354962434906991 0.0062319030950430069
leaf_weight=85.447846971452236 189.90262190997601 340.65983076393604 746.11869879812002 862.08354607969522 2172.7098374962807 3046.3842876031995
leaf_count=482 156 2318 5011 2746 8149 12186
internal_value=-1.39962e-05 -0.00103683 -0.0171283 0.00105857 -0.00162934 0.00325626
internal_weight=7443.31 7253.4 831.567 6421.84 5559.75 3387.04
internal_count=31048 30892 5493 25399 22653 14504
is_linear=0
shrinkage=0.05


Tree=59
num_leaves=7
num_cat=0
split_feature=15 27 37 12 36 36
split_gain=109.433 84.5829 69.6605 66.3792 65.1484 95.4384
threshold=1.0000000180025095e-35 2.5000000000000004 0.93541666666666679 13.500000000000002 1.7748611111111112 5.0402777777777787
decision_type=8 2 2 10 8 8
left_child=3 2 4 -1 -2 -6
right_child=1 -3 -4 -5 5 -7
leaf_value=-0.031946258662419631 -0.026644864736189995 0.048852624643243928 0.056632136004565597 0.0040325328029412067 0.04678833943625655 0.00055645755938793355
leaf_weight=406.05726927518845 209.48253628611565 88.34978636354208 50.671732068061829 184.80329773575068 108.60659149289131 6424.6506198868155
leaf_count=3105 832 56 106 1150 279 25530
internal_value=-0.000197219 0.00158153 0.000931283 -0.0207538 0.000471037 0.00136019
internal_weight=7472.62 6881.76 6793.41 590.861 6742.74 6533.26
internal_count=31058 26803 26747 4255 26641 25809
is_linear=0
shrinkage=0.05


Tree=60
num_leaves=7
num_cat=0
split_feature=35 35 37 24 24 8
split_gain=101.624 89.8685 78.3484 54.9246 79.5051 76.6329
threshold=15925.140833333337 14.189861111111112 0.93933823529411775 872.50000000000011 1076.5000000000002 13.500000000000002
decision_type=10 8 2 8 10 10
left_child=1 -1 3 5 -5 -3
right_child=-2 2 -4 4 -6 -7
leaf_value=0.03547367032769351 -0.041837681024999407 0.0044450567180486979 0.058897697525880657 0.034709354856077394 0.00053225573066573671 -0.0066035805706721983
leaf_weight=179.16595477610826 136.19715259224176 2745.7771359235048 51.217162922024727 256.22410055994987 488.59609940648079 3650.1213057339191
leaf_count=97 1420 13457 112 801 1425 13861
internal_value=0.000180618 0.000984831 0.000101595 -0.00036104 0.0124425 -0.0018606
internal_weight=7507.3 7371.1 7191.94 7140.72 744.82 6395.9
internal_count=31173 29753 29656 29544 2226 27318
is_linear=0
shrinkage=0.05


Tree=61
num_leaves=7
num_cat=0
split_feature=14 23 36 36 15 4
split_gain=85.9427 73.4386 70.416 82.7284 58.5942 57.3174
threshold=34.500000000000007 11.426794385836724 1.7748611111111112 5.0402777777777787 1.0000000180025095e-35 141674.50000000003
decision_type=8 8 8 8 10 10
left_child=2 -2 -1 -4 5 -5
right_child=1 -3 3 4 -6 -7
leaf_value=-0.034001786560379124 0.0068670868888347425 0.04839099313646094 0.052140578443790955 -0.022232250811139245 -0.00045037634741666689 0.03403238858590845
leaf_weight=169.09960022568703 2147.2774854525924 107.27838610857725 65.478698626160622 520.50842842459679 4373.1348596662283 45.10433092713356
leaf_count=731 6746 238 144 4033 18892 185
internal_value=0.000809695 0.00894562 -0.00274119 -0.00165197 -0.00241717 -0.0174866
internal_weight=7427.88 2254.56 5173.33 5004.23 4938.75 565.613
internal_count=30969 6984 23985 23254 23110 4218
is_linear=0
shrinkage=0.05


Tree=62
num_leaves=7
num_cat=0
split_feature=21 10 29 19 23 36
split_gain=96.4383 121.737 92.0104 75.6081 71.1091 71.9604
threshold=0.6002056202878685 126.50000000000001 2.5000000000000004 278.50000000000006 1.2306355165679366 2701.1322222222229
decision_type=10 8 2 10 10 8
left_child=1 2 -1 4 5 -2
right_child=3 -3 -4 -5 -6 -7
leaf_value=-0.00055800077682593616 0.0045816118270733449 0.031656894173064831 0.038255203436013518 0.033863898766468142 -0.022304675284005451 -0.022616866594073096
leaf_weight=4769.6039924547076 806.77275240421295 334.12172269821167 152.73871951550245 89.753460466861725 906.54455075412989 342.3800623267889
leaf_count=19912 2985 926 165 198 4216 2680
internal_value=-0.000965958 0.00268093 0.000683958 -0.00988649 -0.0118742 -0.00358481
internal_weight=7401.92 5256.46 4922.34 2145.45 2055.7 1149.15
internal_count=31082 21003 20077 10079 9881 5665
is_linear=0
shrinkage=0.05


Tree=63
num_leaves=7
num_cat=0
split_feature=4 36 36 4 36 19
split_gain=100.286 93.806 83.6758 95.8241 75.3985 139.211
threshold=2183.5000000000005 133.43680555555559 5118.1291666666675 4371.0000000000009 3806.3420833333334 1.5000000000000002
decision_type=8 8 10 10 10 10
left_child=1 -1 4 -4 -2 -6
right_child=2 -3 3 -5 5 -7
leaf_value=0.04306977349655338 0.0025490202583850733 -0.023578297796194948 0.039651037286101531 -0.025047252476712287 -0.020396995187187905 0.070533753327902488
leaf_weight=53.006297752261162 6072.5823342949152 631.74850107729435 60.669268347322941 462.59983945637941 65.498348660767078 104.24460212886333
leaf_count=165 21900 4598 467 3166 433 359
internal_value=1.82411e-05 -0.0181443 0.00186854 -0.0172417 0.00348299 0.0358668
internal_weight=7450.35 684.755 6765.59 523.269 6242.33 169.743
internal_count=31088 4763 26325 3633 22692 792
is_linear=0
shrinkage=0.05


Tree=64
num_leaves=7
num_cat=0
split_feature=21 27 4 12 4 8
split_gain=88.5989 85.2929 73.2637 90.6754 96.0618 90.6421
threshold=0.06277844413982181 2.5000000000000004 2364.5000000000005 25.500000000000004 1075.0000000000002 1.5000000000000002
decision_type=10 2 10 10 10 10
left_child=-1 2 3 -2 5 -5
right_child=1 -3 -4 4 -6 -7
leaf_value=0.059864430820477543 -0.030131747707049041 0.054444157721662195 0.00043543083105314562 0.00072172959885184046 -0.02513962085346625 0.080308039363954795
leaf_weight=55.913093455135822 443.69575024396181 64.501726895570755 6609.0851290300488 85.465430781245232 123.191610455513 56.648591324687004
leaf_count=155 3558 46 25766 488 695 267
internal_value=-0.000190238 -0.00068528 -0.00120803 -0.0164236 0.00663501 0.0340972
internal_weight=7438.5 7382.59 7318.09 709.001 265.306 142.114
internal_count=30975 30820 30774 5008 1450 755
is_linear=0
shrinkage=0.05


Tree=65
num_leaves=7
num_cat=0
split_feature=12 37 34 37 24 8
split_gain=80.886 78.3424 76.1675 65.0705 60.1842 59.5724
threshold=5565.5000000000009 0.94281045751633996 59.632916666666674 0.25833333333333336 26.500000000000004 57.500000000000007
decision_type=8 2 10 2 10 10
left_child=1 3 -2 4 -1 -6
right_child=2 -3 -4 -5 5 -7
leaf_value=-0.034443583232508783 0.05262423803103923 0.059602887469921512 0.0033572997074810007 0.00017903356819144037 -0.00044466749363770329 -0.039220461871700044
leaf_weight=251.6610139682889 131.53235188126564 47.34717633575201 186.14859476685524 6031.9546467736363 647.78330337256193 111.95743965357542
leaf_count=2300 123 100 804 23286 3665 758
internal_value=-0.000227994 -0.00134121 0.0242551 -0.00179289 -0.0134964 -0.00637784
internal_weight=7408.38 7090.7 317.681 7043.36 1011.4 759.741
internal_count=31036 30109 927 30009 6723 4423
is_linear=0
shrinkage=0.05


Tree=66
num_leaves=7
num_cat=0
split_feature=35 15 36 8 21 21
split_gain=90.4017 72.1764 57.2192 61.8042 118 93.9327
threshold=15925.140833333337 143.50000000000003 1.7748611111111112 21.500000000000004 0.26677384780278673 0.86679487179487191
decision_type=10 8 8 10 10 10
left_child=1 2 -1 -4 -5 -6
right_child=-2 -3 3 4 5 -7
leaf_value=-0.028529025915146434 -0.041476965053952625 0.010285497664489662 0.0039197829529144237 0.0090244544594676127 -0.017441414705420367 0.024000653558324942
leaf_weight=189.80794179439545 124.41350151970983 1537.7056353464723 2993.2955202534795 815.7684013620019 1606.0706757158041 145.0889541208744
leaf_count=780 1416 4457 14559 2602 6915 433
internal_value=-5.32993e-05 0.000681822 -0.00189315 -0.000959075 -0.00664487 -0.0139493
internal_weight=7412.15 7287.74 5750.03 5560.22 2566.93 1751.16
internal_count=31162 29746 25289 24509 9950 7348
is_linear=0
shrinkage=0.05


Tree=67
num_leaves=7
num_cat=0
split_feature=27 37 24 22 34 23
split_gain=81.7157 59.6005 61.9063 126.795 71.6535 70.9831
threshold=2.5000000000000004 0.92724867724867732 872.50000000000011 0.6284855873322498 637.30708333333348 5.0353701788701182
decision_type=2 2 8 10 10 10
left_child=1 2 5 -4 -5 -1
right_child=-2 -3 3 4 -6 -7
leaf_value=-0.0035880715023609159 0.053914771085716851 0.050354307695857449 0.033141069296276721 -0.023292703150669336 0.021272615254024047 0.016066995475516356
leaf_weight=6030.2745089419186 65.662729635834694 53.042680844664574 380.90548945963383 246.77690114080906 135.87290507555008 492.26050395518541
leaf_count=26744 50 138 1074 614 556 1942
internal_value=0.000403309 -0.000111834 -0.000513507 0.0129093 -0.00739799 -0.00209352
internal_weight=7404.8 7339.13 7286.09 763.555 382.65 6522.54
internal_count=31118 31068 30930 2244 1170 28686
is_linear=0
shrinkage=0.05


Tree=68
num_leaves=7
num_cat=0
split_feature=21 15 27 4 12 20
split_gain=77.4353 68.5425 57.6505 55.0894 56.2067 50.9044
threshold=0.06277844413982181 1.0000000180025095e-35 2.5000000000000004 141674.50000000003 13.500000000000002 0.0042441032121259591
decision_type=10 10 2 10 10 10
left_child=-1 3 5 4 -2 -3
right_child=1 2 -4 -5 -6 -7
leaf_value=0.056194000650204426 -0.034388888852939552 0.019406575557238463 0.044517642144290159 0.033579487278037994 0.0008729682724960869 -0.00066341282181544745
leaf_weight=55.598613046109676 326.76477704942226 327.2436490803957 69.602415077388287 43.774155430495739 171.02360977232456 6432.754373319447
leaf_count=165 2840 1420 50 179 1129 25371
internal_value=-9.61176e-05 -0.000558502 0.000804428 -0.0175964 -0.0223859 0.000321777
internal_weight=7426.76 7371.16 6829.6 541.563 497.788 6760
internal_count=31154 30989 26841 4148 3969 26791
is_linear=0
shrinkage=0.05


Tree=69
num_leaves=7
num_cat=0
split_feature=28 37 36 3 4 33
split_gain=119.234 58.5735 69.7394 127.62 109.568 97.5793
threshold=2.5000000000000004 0.25833333333333336 47.087083333333339 43542.500000000007 41151.000000000007 1.5000000000000002
decision_type=2 2 10 8 10 2
left_child=1 -1 3 4 -3 -6
right_child=-2 2 -4 -5 5 -7
leaf_value=-0.010978760771053043 0.042127845665593369 -0.00019545550148934257 0.0052988639751288128 0.032568154118312646 -0.017780794910959016 -0.069746465630155505
leaf_weight=1024.7949765920639 167.50453822314739 977.89765609800816 4396.5828043743968 184.23868428170681 549.0117065384984 104.79495666921139
leaf_count=6848 157 5360 15078 619 2815 194
internal_value=0.00104553 6.62742e-05 0.00189559 -0.00633602 -0.0108148 -0.0265762
internal_weight=7404.83 7237.32 6212.53 1815.94 1631.7 653.807
internal_count=31071 30914 24066 8988 8369 3009
is_linear=0
shrinkage=0.05


Tree=70
num_leaves=7
num_cat=0
split_feature=28 21 21 40 10 16
split_gain=85.8935 84.0159 90.8597 77.2385 84.9987 65.6266
threshold=2.5000000000000004 0.6002056202878685 0.99496226128362297 11.500000000000002 1.0000000180025095e-35 566.50000000000011
decision_type=2 10 10 2 8 10
left_child=1 3 5 -1 -5 -3
right_child=-2 2 -4 4 -6 -7
leaf_value=0.020506083454423844 0.036575315601818613 -0.017108654409393589 0.026688873144251831 -0.002234431658522986 0.014047188119628243 0.0032126488429934635
leaf_weight=604.79673790931702 162.44702610373497 1359.1679199039936 167.72083228826523 3454.75886939466 1038.405976049602 558.57199397683144
leaf_count=186 160 7548 730 16441 4305 1745
internal_value=0.0011749 0.000349461 -0.00809333 0.00380776 0.00153981 -0.0111968
internal_weight=7345.87 7183.42 2085.46 5097.96 4493.16 1917.74
internal_count=31115 30955 10023 20932 20746 9293
is_linear=0
shrinkage=0.05


Tree=71
num_leaves=7
num_cat=0
split_feature=22 34 4 19 35 20
split_gain=72.6337 63.6864 89.3993 68.1836 77.4325 66.3176
threshold=35.665644235385699 10765.585138888891 138948.50000000003 4.5000000000000009 11481.93652777778 0.61034790365744884
decision_type=8 8 10 10 10 10
left_child=1 -1 3 4 5 -3
right_child=-2 2 -4 -5 -6 -7
leaf_value=0.001713250664174268 0.040872299297248373 0.035314806295927488 0.054360149304971739 -0.035525643909412576 -0.050256519657166959 -0.042803772254319285
leaf_weight=6680.2488116212189 107.31994577497244 122.81479672342539 37.416879706084728 318.80564460530877 48.983130857348442 29.971404604613781
leaf_count=26159 319 878 209 2715 576 296
internal_value=0.000972784 0.000353396 -0.0157973 -0.0213092 0.00146948 0.0191198
internal_weight=7345.56 7238.24 557.992 520.575 201.769 152.786
internal_count=31152 30833 4674 4465 1750 1174
is_linear=0
shrinkage=0.05


Tree=72
num_leaves=7
num_cat=0
split_feature=35 21 8 0 25 24
split_gain=70.4662 61.4632 54.8401 124.604 80.5178 117.89
threshold=15925.140833333337 0.06277844413982181 12.500000000000002 67.500000000000014 0.77772430756068889 135.50000000000003
decision_type=10 10 10 10 10 10
left_child=1 -1 3 4 5 -3
right_child=-2 2 -4 -5 -6 -7
leaf_value=0.052418606272347568 -0.03860613129278348 0.0016130907269310158 -0.0033271632819210986 0.035069300236163774 -0.014870937211376188 0.036679632116111235
leaf_weight=51.714918650686741 111.6183804422617 1674.1599004007876 4393.6132234558463 313.3254367262125 554.73410703241825 274.83147460222244
leaf_count=123 1370 9068 16269 1003 2517 818
internal_value=-4.76677e-05 0.000571106 0.000163191 0.00560317 0.00185313 0.0066391
internal_weight=7374 7262.38 7210.66 2817.05 2503.73 1948.99
internal_count=31168 29798 29675 13406 12403 9886
is_linear=0
shrinkage=0.05


Tree=73
num_leaves=7
num_cat=0
split_feature=27 37 0 16 35 25
split_gain=74.6639 63.6889 59.082 129.577 65.2536 60.1604
threshold=2.5000000000000004 0.93541666666666679 25.500000000000004 36.500000000000007 14711.324027777779 0.26386813186813191
decision_type=2 2 10 10 10 10
left_child=1 2 4 -4 -1 -5
right_child=-2 -3 3 5 -6 -7
leaf_value=-0.005609219755582099 0.05294336685801071 0.053424705635941441 0.035248269238629198 0.013521088727047121 -0.04538148602449546 -0.0029026002382932089
leaf_weight=2835.9361929185688 59.195417646318674 47.940797917544842 271.42249645292759 664.79513586312532 102.18425742164254 3323.2084877155721
leaf_count=14348 49 122 1190 2251 1305 11657
internal_value=-0.000743293 -0.00121812 -0.00161891 0.00214315 -0.0070672 -0.000151289
internal_weight=7304.68 7245.49 7197.55 4259.43 2938.12 3988
internal_count=30922 30873 30751 15098 15653 13908
is_linear=0
shrinkage=0.05


Tree=74
num_leaves=7
num_cat=0
split_feature=21 10 29 8 4 37
split_gain=78.535 103.922 96.3486 66.3095 101.054 91.8553
threshold=0.6002056202878685 190.50000000000003 2.5000000000000004 182.50000000000003 32445.000000000004 0.76533166458072599
decision_type=10 8 2 10 10 2
left_child=1 2 3 -1 5 -5
right_child=-2 -3 -4 4 -6 -7
leaf_value=0.0033459046745740757 -0.0076920220263105368 0.032003502138863847 0.043443462374107511 0.038239847423664111 -0.025927391082156512 -0.017588756074994657
leaf_weight=3960.5434410795569 2148.8447977267206 299.57712921500206 130.66680325195193 146.00663421303034 501.49766262620687 139.61824527382851
leaf_count=17489 10025 760 169 438 1618 444
internal_value=0.000332926 0.00366751 0.00189641 0.000708441 -0.0124998 0.0111168
internal_weight=7326.75 5177.91 4878.33 4747.67 787.123 285.625
internal_count=30943 20918 20158 19989 2500 882
is_linear=0
shrinkage=0.05


Tree=75
num_leaves=7
num_cat=0
split_feature=16 19 31 18 22 8
split_gain=53.5722 107.173 88.0198 73.6027 63.6202 56.2706
threshold=973.50000000000011 13.500000000000002 1.5000000000000002 23.500000000000004 1.1797567339582971 704.50000000000011
decision_type=8 10 2 10 10 10
left_child=2 -2 -1 4 -3 -5
right_child=1 3 -4 5 -6 -7
leaf_value=-0.00066197800011256894 0.052238404800848764 0.00062753351434492385 -0.025645174786616882 0.035670798476812454 -0.050383790406074873 -0.0051903683762141379
leaf_weight=6189.7911437414587 130.75212538987398 185.92853102087975 368.86718735098839 195.10289848595858 85.968911856412888 143.5842554718256
leaf_count=28760 383 618 120 472 312 442
internal_value=-0.000642595 0.0120516 -0.00208553 0.0030915 -0.0161198 0.0185245
internal_weight=7300 741.337 6558.66 610.585 271.897 338.687
internal_count=31107 2227 28880 1844 930 914
is_linear=0
shrinkage=0.05


Tree=76
num_leaves=7
num_cat=0
split_feature=27 16 19 35 31 2
split_gain=66.2672 53.6557 138.538 125.711 110.687 100.759
threshold=2.5000000000000004 558.50000000000011 13.500000000000002 2478.750833333334 1.5000000000000002 3923.0000000000005
decision_type=2 8 10 8 2 10
left_child=1 4 -3 5 -1 -4
right_child=-2 2 3 -5 -6 -7
leaf_value=-0.0010451197621015684 0.051481416096408716 0.037750228732087165 0.025475587639525878 -0.029088145298760373 -0.032490952100027976 -0.0043850475021704419
leaf_weight=5317.6634833849967 57.253814309835434 303.32418584823608 479.87875753641129 277.87481092661619 290.40947327017784 673.96680047363043
leaf_count=25750 52 966 1231 1211 93 1838
internal_value=0.000112112 -0.000323169 0.00734825 0.000798322 -0.00270101 0.00809018
internal_weight=7400.37 7343.12 1735.04 1431.72 5608.07 1153.85
internal_count=31141 31089 5246 4280 25843 3069
is_linear=0
shrinkage=0.05


Tree=77
num_leaves=7
num_cat=0
split_feature=21 36 36 12 36 34
split_gain=60.8872 58.7156 102.318 102.437 95.1117 61.0234
threshold=0.06277844413982181 9504.3365277777793 6841.5052777777792 78.500000000000014 5397.7402777777779 7823.1963888888904
decision_type=10 10 10 10 10 10
left_child=-1 2 4 -4 -2 -6
right_child=1 -3 3 -5 5 -7
leaf_value=0.051734666696275758 0.00085546734012506499 -0.034140442738645721 0.098212763648338253 -0.0035716152709357172 -0.04176686493822418 0.018767004248689125
leaf_weight=51.967707015573978 6837.5809877477586 119.93849439173937 48.087396077811718 45.624631077051163 205.32371867448092 48.795398905873299
leaf_count=156 27383 1123 278 273 1402 525
internal_value=0.000243594 -0.000157829 0.000432753 0.0509872 -0.000270743 -0.0300054
internal_weight=7357.32 7305.35 7185.41 93.712 7091.7 254.119
internal_count=31140 30984 29861 551 29310 1927
is_linear=0
shrinkage=0.05


Tree=78
num_leaves=7
num_cat=0
split_feature=21 4 12 4 35 8
split_gain=53.3943 54.6195 101.32 111.728 84.8396 74.618
threshold=0.06277844413982181 2364.5000000000005 25.500000000000004 1075.0000000000002 1187.8637500000002 12.500000000000002
decision_type=10 10 10 10 8 10
left_child=-1 2 4 -4 -2 -3
right_child=1 5 3 -5 -6 -7
leaf_value=0.049458245465681241 0.038892830493747706 0.0086574443832263658 0.039113337974553679 -0.024510317014790322 -0.035415699861624413 -0.002404162751024095
leaf_weight=50.409711800515652 38.500962570309639 2382.6569738984108 148.90331204235554 120.54276422411203 384.12067117542028 4213.3780650421977
leaf_count=152 84 10895 786 710 3453 14974
internal_value=0.000561486 0.000189606 -0.0131214 0.0107219 -0.0282706 0.0015951
internal_weight=7338.51 7288.1 692.068 269.446 422.622 6596.04
internal_count=31054 30902 5033 1496 3537 25869
is_linear=0
shrinkage=0.05


Tree=79
num_leaves=7
num_cat=0
split_feature=21 25 37 10 34 21
split_gain=54.4027 99.5031 79.1418 68.0119 70.489 94.7169
threshold=0.6002056202878685 0.6207423811030266 0.39047619047619053 351.50000000000006 2674.9512500000005 0.46963109354413707
decision_type=10 10 2 8 10 10
left_child=1 3 -3 4 -1 -6
right_child=-2 2 -4 -5 5 -7
leaf_value=0.0042889833000230642 -0.0073525023210405096 -0.016220809720846531 0.0014496047646198888 0.045249728906625153 0.082740410683987284 0.014060428391228492
leaf_weight=1372.3011977002025 2150.3786129318178 833.83594156056643 2587.7497620657086 134.71607787907124 64.570139728486538 190.5251676440239
leaf_count=5426 10081 4674 8782 379 427 1365
internal_value=-0.000675943 0.00209814 -0.00287404 0.0117337 0.00882914 0.0327012
internal_weight=7334.08 5183.7 3421.59 1762.11 1627.4 255.095
internal_count=31134 21053 13456 7597 7218 1792
is_linear=0
shrinkage=0.05


Tree=80
num_leaves=7
num_cat=0
split_feature=35 37 4 4 16 36
split_gain=62.8777 55.5524 82.2102 70.901 68.8343 63.1459
threshold=15925.140833333337 0.73385416666666681 195497.00000000003 146716.50000000003 105.50000000000001 1.7748611111111112
decision_type=10 2 10 10 10 8
left_child=1 5 3 4 -3 -1
right_child=-2 2 -4 -5 -6 -7
leaf_value=-0.029551269701481343 -0.037108862443522621 -0.036939947373936508 0.057264935151007772 -0.031655035642873162 0.012935454303772076 -0.0005472054814779719
leaf_weight=189.16605249047279 107.0267797447741 68.847651623189449 79.969199493527412 106.92885812371969 1141.0154500976205 5606.0052132345736
leaf_count=801 1413 450 209 358 3274 24518
internal_value=6.20942e-05 0.000640651 0.00957292 0.0064709 0.00995693 -0.00151861
internal_weight=7298.96 7191.93 1396.76 1316.79 1209.86 5795.17
internal_count=31023 29610 4291 4082 3724 25319
is_linear=0
shrinkage=0.05


Tree=81
num_leaves=7
num_cat=0
split_feature=37 36 36 4 12 15
split_gain=72.9734 63.6401 69.2118 173.22 127.654 69.6923
threshold=0.72821969696969713 1.7748611111111112 240.49069444444447 31603.500000000004 92.500000000000014 589.50000000000011
decision_type=2 8 8 10 10 10
left_child=1 -1 3 -3 -5 -4
right_child=-2 2 5 4 -6 -7
leaf_value=-0.031301347725471475 0.010325855685221524 0.045318484249260993 -0.0028652176508845335 0.029866300373665305 -0.018632648672754697 -0.051944839309715801
leaf_weight=176.94879813492298 1448.7272725328803 261.20932020619512 4711.5308497101068 195.43769044429064 415.11901803314686 68.485258735716343
leaf_count=766 4524 652 23208 451 1196 288
internal_value=0.000303095 -0.00219477 -0.00125663 0.0116594 -0.00299176 -0.00362195
internal_weight=7277.46 5828.73 5651.78 871.766 610.557 4780.02
internal_count=31085 26561 25795 2299 1647 23496
is_linear=0
shrinkage=0.05


Tree=82
num_leaves=7
num_cat=0
split_feature=0 20 25 23 8 19
split_gain=64.2943 55.4016 51.4906 70.6661 60.5417 59.9018
threshold=25.500000000000004 0.59859612349968927 0.26785347754006478 5.0353701788701182 14.500000000000002 50.500000000000007
decision_type=8 10 10 8 10 10
left_child=1 -1 3 -2 -4 -6
right_child=2 -3 4 -5 5 -7
leaf_value=-0.0039491843847922394 0.0064974372872419186 -0.036506677466102769 0.013000473971900659 0.040540590187860867 -0.010784963839918402 0.0043335705183488995
leaf_weight=2845.8784198835492 564.56885339319706 132.09551398456097 863.02683051303029 205.13815514370799 1148.9446746408939 1511.3920555561781
leaf_count=14516 2074 1309 3382 576 4496 4797
internal_value=0.000187907 -0.00545212 0.00410202 0.0157735 0.00153354 -0.0022038
internal_weight=7271.04 2977.97 4293.07 769.707 3523.36 2660.34
internal_count=31150 15825 15325 2650 12675 9293
is_linear=0
shrinkage=0.05


Tree=83
num_leaves=7
num_cat=0
split_feature=27 4 12 4 19 36
split_gain=63.5332 51.4396 74.777 87.4573 74.5575 63.3483
threshold=2.5000000000000004 2364.5000000000005 25.500000000000004 1075.0000000000002 1.5000000000000002 47.087083333333339
decision_type=2 10 10 10 10 8
left_child=1 2 -1 4 -4 -3
right_child=-2 5 3 -5 -6 -7
leaf_value=-0.026742741149880175 0.05104632375796473 -0.010910470739178961 0.0031828260950443193 -0.025553544788987526 0.073457041871106729 0.0027725348852638129
leaf_weight=419.16586386039853 54.780060637742281 994.67502343654633 95.777243800461292 114.52329031378031 57.809290401637554 5494.0032813809812
leaf_count=3608 51 3231 497 687 280 22657
internal_value=-0.000286392 -0.000713527 -0.0136695 0.00688477 0.0311158 0.000668227
internal_weight=7230.73 7175.95 687.276 268.11 153.587 6488.68
internal_count=31011 30960 5072 1464 777 25888
is_linear=0
shrinkage=0.05


Tree=84
num_leaves=7
num_cat=0
split_feature=40 21 35 36 34 21
split_gain=55.0748 55.7944 50.6804 50.7459 92.1389 102.136
threshold=10.500000000000002 0.06277844413982181 15925.140833333337 40.326250000000009 4391.0766666666677 0.7861640703712317
decision_type=2 10 10 10 10 10
left_child=-1 -2 3 4 -3 -6
right_child=1 2 -4 -5 5 -7
leaf_value=0.015395230356029979 0.049296383717750594 -0.010914145050506557 -0.035911859463543132 0.0020193288270784026 0.066043349609809995 -0.040374885179752178
leaf_weight=570.02733272314072 50.288763586431742 1616.7565642185509 98.171914681792259 4859.1458285786211 74.976672671735287 27.525012098252773
leaf_count=193 150 8029 1345 20682 483 274
internal_value=0.000542883 -0.000726188 -0.00113957 -0.000593772 -0.00796363 0.0369179
internal_weight=7296.89 6726.86 6676.58 6578.4 1719.26 102.502
internal_count=31156 30963 30813 29468 8786 757
is_linear=0
shrinkage=0.05


Tree=85
num_leaves=7
num_cat=0
split_feature=24 25 20 40 4 16
split_gain=41.1421 51.808 43.8788 80.1462 62.139 84.9786
threshold=14.500000000000002 0.20710681244743484 0.0042441032121259591 12.500000000000002 2039.5000000000002 36.500000000000007
decision_type=8 10 10 2 10 10
left_child=1 -1 3 -2 -4 -6
right_child=2 -3 4 -5 5 -7
leaf_value=-0.00034437404917566901 0.069595341027844329 -0.026190534402431437 -0.022705936779408745 0.0065879257632694525 0.019059930842225129 -0.0011193770824163907
leaf_weight=455.76783742383122 57.105908632278442 332.60297867655754 288.30034911260009 276.59783850982785 574.03872764855623 5266.3991872742772
leaf_count=2363 19 3202 1997 1350 2580 19600
internal_value=-0.000599127 -0.0113449 0.000719531 0.0182384 -0.000248446 0.000878592
internal_weight=7250.81 788.371 6462.44 333.704 6128.74 5840.44
internal_count=31111 5565 25546 1369 24177 22180
is_linear=0
shrinkage=0.05


Tree=86
num_leaves=7
num_cat=0
split_feature=37 37 36 23 24 34
split_gain=55.6284 77.5249 80.775 68.7569 66.1998 77.8669
threshold=0.73385416666666681 0.75204918032786894 1414.2820833333335 5.0353701788701182 28.500000000000004 2509.9959722222225
decision_type=2 2 10 8 10 10
left_child=3 -2 4 -1 -3 -6
right_child=1 2 -4 -5 5 -7
leaf_value=-0.0036305715935170488 0.033619488756268377 -0.044677016768689529 0.04349808843166985 0.016241906297217397 -0.0014144923743148663 0.053192960331982987
leaf_weight=5432.7902362793684 256.33567851036787 75.198248580098152 107.9566760212183 468.19737994670868 879.78469582647085 65.495111361145973
leaf_count=24946 589 515 323 1901 2593 302
internal_value=7.65375e-05 0.00907681 0.00337797 -0.00204143 -0.00105775 0.00262904
internal_weight=7285.76 1384.77 1128.43 5900.99 1020.48 945.28
internal_count=31169 4322 3733 26847 3410 2895
is_linear=0
shrinkage=0.05


Tree=87
num_leaves=7
num_cat=0
split_feature=24 19 35 34 19 25
split_gain=59.4879 78.0016 87.7486 57.9631 54.5912 98.1394
threshold=706.50000000000011 12.500000000000002 855.35180555555564 422.0819444444445 10.500000000000002 0.22239159891598917
decision_type=8 8 8 10 10 10
left_child=4 3 -3 -2 -1 -6
right_child=1 2 -4 -5 5 -7
leaf_value=0.002859607712187079 -0.039160813654291776 0.00048640405714234913 0.031109558493507668 0.0094895739072486315 0.013436687791477196 -0.010735318972335298
leaf_weight=3062.0580605305731 117.44127321243286 435.84976236522198 500.33460494875908 119.31857369840145 501.17752483859658 2471.9334841482341
leaf_count=15707 235 1060 1693 486 1789 10188
internal_value=0.000180402 0.0104589 0.016931 -0.0149536 -0.00182424 -0.00664492
internal_weight=7208.11 1172.94 936.184 236.76 6035.17 2973.11
internal_count=31158 3474 2753 721 27684 11977
is_linear=0
shrinkage=0.05


Tree=88
num_leaves=7
num_cat=0
split_feature=15 12 23 11 36 18
split_gain=49.6237 73.4953 99.5886 99.7104 68.1019 80.6529
threshold=150.50000000000003 38.500000000000007 1.2222235172036422 81.500000000000014 192.11847222222227 53.500000000000007
decision_type=8 10 10 10 10 10
left_child=-1 4 -3 -4 -2 -6
right_child=1 2 3 -5 5 -7
leaf_value=-0.0018657533225228959 0.045827155696335393 0.0159888393360549 -0.042169312173712135 0.0049889206104127455 0.023402832443885385 -0.035863273694839465
leaf_weight=5776.0866412781179 203.76269397884607 476.74999208003283 202.49981103092432 241.7402421683073 216.91988060995936 72.605746947228909
leaf_count=26806 551 1476 708 697 670 195
internal_value=0.00019106 0.00856832 0.00019813 -0.0167375 0.024037 0.00818386
internal_weight=7190.37 1414.28 920.99 444.24 493.288 289.526
internal_count=31103 4297 2881 1405 1416 865
is_linear=0
shrinkage=0.05


Tree=89
num_leaves=7
num_cat=0
split_feature=36 36 16 36 19 35
split_gain=53.0521 111.071 121.675 74.2416 79.2388 99.4357
threshold=9504.3365277777793 6841.5052777777792 83.500000000000014 5118.1291666666675 15.500000000000002 12253.995972222225
decision_type=10 10 10 10 10 10
left_child=1 3 -3 -1 5 -5
right_child=-2 2 -4 4 -6 -7
leaf_value=0.00053357885705959532 -0.033739781524069777 0.12049985848775863 0.0082230582773863813 -0.019940648582392684 -0.052165795167080836 0.072810276672983662
leaf_weight=6711.6972845718265 112.15134671330452 34.609019935131073 63.809336848556995 139.99786322191358 136.00496929138899 31.090599410235882
leaf_count=26978 1140 209 371 925 1156 273
internal_value=-0.000366209 0.000183001 0.0516224 -0.000574524 -0.0244133 -0.00149689
internal_weight=7229.36 7117.21 98.4184 7018.79 307.093 171.088
internal_count=31052 29912 580 29332 2354 1198
is_linear=0
shrinkage=0.05


Tree=90
num_leaves=7
num_cat=0
split_feature=27 0 21 16 11 31
split_gain=57.8192 52.8154 102.946 100.12 78.341 55.13
threshold=2.5000000000000004 28.500000000000004 0.65022275531185758 41.500000000000007 498.50000000000006 1.5000000000000002
decision_type=2 10 10 10 8 2
left_child=1 2 4 -3 5 -1
right_child=-2 3 -4 -5 -6 -7
leaf_value=-0.0021860199190187365 0.050114295265427877 0.032393608770887421 -0.024335947574283211 0.00067654276195745658 0.030121049454920959 -0.038676972948990321
leaf_weight=2251.3816288374364 50.709637124091387 261.68671645596623 603.56107489392161 3716.5566525571048 177.65160761028528 103.54184646904469
leaf_count=11886 50 1022 4352 13055 629 36
internal_value=-0.000626245 -0.00102285 -0.00587011 0.00280092 -0.00143007 -0.00386901
internal_weight=7165.09 7114.38 3136.14 3978.24 2532.58 2354.92
internal_count=31030 30980 16903 14077 12551 11922
is_linear=0
shrinkage=0.05


Tree=91
num_leaves=7
num_cat=0
split_feature=14 40 16 35 38 6
split_gain=46.9779 79.033 49.5729 112.65 82.803 60.7959
threshold=19.500000000000004 4.5000000000000009 558.50000000000011 668.97625000000005 1.5000000000000002 36.500000000000007
decision_type=10 2 10 8 2 10
left_child=-1 -2 3 -3 5 -4
right_child=1 2 4 -5 -6 -7
leaf_value=-0.0037349056145956575 -0.050779279646454893 -0.025501263377540408 0.016036750946597105 0.0066511910625489433 0.045234570737357774 -0.0093080487542421941
leaf_weight=4215.0243858844042 58.365365743637085 338.80877928808331 737.36450400203466 1307.0559803955257 168.72334989905357 343.37221498042345
leaf_count=20982 22 732 2486 5543 193 1103
internal_value=-0.000348371 0.00448248 0.0056821 -2.47284e-05 0.0131696 0.00797841
internal_weight=7168.71 2953.69 2895.32 1645.86 1249.46 1080.74
internal_count=31061 10079 10057 6275 3782 3589
is_linear=0
shrinkage=0.05


Tree=92
num_leaves=7
num_cat=0
split_feature=15 16 20 10 0 23
split_gain=44.0775 45.6971 76.6687 75.728 85.8713 56.6593
threshold=1.0000000180025095e-35 42.500000000000007 0.0042441032121259591 67.500000000000014 36.500000000000007 0.96479764726789441
decision_type=10 10 10 10 10 10
left_child=-1 3 -3 4 -2 -5
right_child=1 2 -4 5 -6 -7
leaf_value=-0.014633476593989739 -0.0049182878839114305 0.02501938423995529 -0.0024839420580471199 0.056191326493809014 0.037809138603465992 -0.0033328339418911782
leaf_weight=518.77296881377697 598.89729081466794 260.55171775817871 5531.9871729202569 130.64242385327816 141.0745437964797 55.923738360404968
leaf_count=4211 3518 1016 21201 423 500 277
internal_value=-0.000663074 0.000425646 -0.00122632 0.0107045 0.00342672 0.0387275
internal_weight=7237.85 6719.08 5792.54 926.538 739.972 186.566
internal_count=31146 26935 22217 4718 4018 700
is_linear=0
shrinkage=0.05


Tree=93
num_leaves=7
num_cat=0
split_feature=23 34 3 31 34 23
split_gain=58.2075 61.6546 56.7945 50.3747 60.5647 86.8329
threshold=5.936436594464511 10765.585138888891 6372.5000000000009 1.5000000000000002 9.8809722222222245 0.91022238101378361
decision_type=8 8 10 2 10 10
left_child=1 3 -3 4 5 -1
right_child=-2 2 -4 -5 -6 -7
leaf_value=-0.0038640656806589731 0.018670513559402645 -0.032693400853786872 0.0063617716248126179 -0.015663202658034534 -0.00037241027918881589 0.023316426967288299
leaf_weight=497.30260714143515 428.58200363814831 261.14066224172711 140.97010660916567 420.05172184109688 4799.8710007928312 708.81411232054234
leaf_count=193 1674 2802 1105 143 24914 275
internal_value=0.000905899 -0.000221977 -0.0190916 0.000972721 0.00214828 0.0121398
internal_weight=7256.73 6828.15 402.111 6426.04 6005.99 1206.12
internal_count=31106 29432 3907 25525 25382 468
is_linear=0
shrinkage=0.05


Tree=94
num_leaves=7
num_cat=0
split_feature=40 40 8 4 24 3
split_gain=66.7196 61.8416 53.6631 108.704 95.7224 75.2804
threshold=12.500000000000002 13.500000000000002 12.500000000000002 125346.50000000001 849.50000000000011 8888.5000000000018
decision_type=2 2 10 8 10 10
left_child=-1 -2 3 -3 5 -4
right_child=1 2 4 -5 -6 -7
leaf_value=0.012100203893703554 -0.03083955744400629 0.0021204769384798624 -0.019280736636516409 0.040584797802673392 0.013906442400646283 -0.0022924032476447712
leaf_weight=1098.8622382879257 166.71043622493744 2257.1786600612104 990.28005880117416 195.02544433996081 588.40513034164906 1895.9574575275183
leaf_count=366 54 13418 5601 799 2144 8560
internal_value=0.000789315 -0.00125865 -0.0004013 0.00525593 -0.00439566 -0.00814443
internal_weight=7192.42 6093.56 5926.85 2452.2 3474.64 2886.24
internal_count=30942 30576 30522 14217 16305 14161
is_linear=0
shrinkage=0.05


Tree=95
num_leaves=7
num_cat=0
split_feature=14 40 10 16 0 40
split_gain=40.1285 47.0183 44.7945 43.1105 69.9218 51.3415
threshold=1.0000000180025095e-35 4.5000000000000009 2.5000000000000004 42.500000000000007 28.500000000000004 11.500000000000002
decision_type=8 2 10 10 8 2
left_child=2 -2 -1 4 -3 -5
right_child=1 3 -4 5 -6 -7
leaf_value=-0.010550685943698287 -0.031194062371739013 0.0044785812172438181 0.017709480000507847 0.015309927095456267 0.041081790055433227 -0.00044878420350479698
leaf_weight=1193.892167519778 97.97301459312439 448.33725534752011 154.21634947881103 578.9768528342247 179.88598246872425 4494.493760548532
leaf_count=7659 35 2359 836 195 698 19282
internal_value=0.000490083 0.00229728 -0.00726438 0.00289959 0.0152012 0.00136288
internal_weight=7147.78 5799.67 1348.11 5701.69 628.223 5073.47
internal_count=31064 22569 8495 22534 3057 19477
is_linear=0
shrinkage=0.05


Tree=96
num_leaves=7
num_cat=0
split_feature=27 21 25 40 0 23
split_gain=63.1024 47.7495 79.5533 74.2743 76.6366 94.2306
threshold=2.5000000000000004 0.6002056202878685 0.57909117054932424 13.500000000000002 21.500000000000004 1.2222235172036422
decision_type=2 10 10 2 10 10
left_child=1 2 -1 -3 -5 -6
right_child=-2 3 -4 4 5 -7
leaf_value=0.011808526031316139 0.050268712251812044 -0.027995849056767309 -0.002403666559431826 -0.019533166500502883 0.016385096052288158 -0.011807370849714574
leaf_weight=1330.9529331289232 54.888002377003431 364.70640468597412 3739.9248826317489 501.1852050088346 652.59783066809177 534.88094339519739
leaf_count=5839 56 119 15138 4095 3118 2647
internal_value=-0.000842528 -0.00127129 0.00133456 -0.00769415 -0.00323982 0.00368999
internal_weight=7179.14 7124.25 5070.88 2053.37 1688.66 1187.48
internal_count=31012 30956 20977 9979 9860 5765
is_linear=0
shrinkage=0.05


Tree=97
num_leaves=7
num_cat=0
split_feature=35 21 35 16 12 37
split_gain=52.8857 55.2693 45.5187 39.3291 141.799 112.087
threshold=15925.140833333337 0.06277844413982181 14.189861111111112 44.500000000000007 380.50000000000006 0.50675675675675691
decision_type=10 10 8 10 10 2
left_child=1 -1 -3 4 -4 -6
right_child=-2 2 3 -5 5 -7
leaf_value=0.050006542551657533 -0.036119760864207123 0.028217074072917542 0.00039081503906986527 -0.0019978704588170487 0.080536632680924314 0.0060354655837585132
leaf_weight=51.503367781639099 93.596912026405334 138.6383896805346 1058.7498420774937 5664.1006527394056 103.98835659772158 95.679403737187386
leaf_count=122 1421 97 6554 22221 393 403
internal_value=0.000248514 0.000752129 0.000357742 -0.000220165 0.00775748 0.0458558
internal_weight=7206.26 7112.66 7061.16 6922.52 1258.42 199.668
internal_count=31211 29790 29668 29571 7350 796
is_linear=0
shrinkage=0.05


Tree=98
num_leaves=7
num_cat=0
split_feature=25 21 29 18 18 33
split_gain=54.5921 76.0822 75.5325 63.7997 60.3255 71.6391
threshold=0.22239159891598917 0.6002056202878685 2.5000000000000004 52.500000000000007 34.500000000000007 1.5000000000000002
decision_type=10 10 2 10 10 2
left_child=-1 2 3 4 5 -2
right_child=1 -3 -4 -5 -6 -7
leaf_value=0.011248250131631938 0.0018173786881610775 -0.012628443821242653 0.037430315138568072 -0.027805640610818194 0.025478943544374466 -0.020304328480636631
leaf_weight=914.39225032925606 4036.2748611904681 1283.7127778194845 133.31936428695917 193.4625726044178 236.42073772102594 397.41930824518204
leaf_count=4014 18695 6585 178 555 662 450
internal_value=-0.00013182 -0.00179627 0.000996377 -3.97571e-05 0.00113897 -0.000186164
internal_weight=7195 6280.61 4996.9 4863.58 4670.11 4433.69
internal_count=31139 27125 20540 20362 19807 19145
is_linear=0
shrinkage=0.05


Tree=99
num_leaves=7
num_cat=0
split_feature=16 6 8 36 18 23
split_gain=59.2724 89.6905 80.572 73.654 84.5717 63.9176
threshold=973.50000000000011 111.50000000000001 32.500000000000007 237.7490277777778 13.500000000000002 5.0353701788701182
decision_type=8 10 10 8 10 10
left_child=1 5 -2 -4 -5 -1
right_child=2 -3 3 4 -6 -7
leaf_value=-0.0028836831676345587 0.046685088405368953 -0.04594053804849222 0.024038960032565924 -0.044745245445688253 0.0075222127976842003 0.017273418708198551
leaf_weight=5923.6955445222557 135.66213123500347 110.87047492712736 262.93311189115047 115.19211209565401 214.1219996958971 416.25775478407741
leaf_count=26865 425 274 756 394 648 1782
internal_value=-0.00081645 -0.00234564 0.012659 0.00453931 -0.0111564 -0.00154767
internal_weight=7178.73 6450.82 727.909 592.247 329.314 6339.95
internal_count=31144 28921 2223 1798 1042 28647
is_linear=0
shrinkage=0.05


Tree=100
num_leaves=7
num_cat=0
split_feature=21 40 14 12 31 40
split_gain=48.8004 44.4222 49.61 64.045 100.741 79.3731
threshold=0.06277844413982181 4.5000000000000009 1.0000000180025095e-35 74.500000000000014 2.5000000000000004 10.500000000000002
decision_type=10 2 10 10 2 2
left_child=-1 -2 -3 4 5 -4
right_child=1 2 3 -5 -6 -7
leaf_value=0.045794830541266922 -0.029357636365453535 -0.0090179103686139784 0.03793370478701108 -0.0033991287476861178 -0.058150603318174565 0.0060514461167500387
leaf_weight=51.771227732300758 128.14175754785538 1297.5630518421531 206.62006270885468 2926.2055189013481 52.958794087171555 2573.4649077169597
leaf_count=158 45 8452 73 10712 18 11627
internal_value=-0.000380877 -0.000745211 -0.000205231 0.00178637 0.00713894 0.00848483
internal_weight=7236.73 7184.95 7056.81 5759.25 2833.04 2780.08
internal_count=31085 30927 30882 22430 11718 11700
is_linear=0
shrinkage=0.05


Tree=101
num_leaves=7
num_cat=0
split_feature=28 36 4 36 23 36
split_gain=35.9634 49.1292 69.8566 78.2559 76.2992 65.3358
threshold=2.5000000000000004 47.087083333333339 4210.5000000000009 24.827777777777779 2.5306950480679795 237.7490277777778
decision_type=2 8 10 10 10 8
left_child=1 2 -1 4 -4 -3
right_child=-2 5 3 -5 -6 -7
leaf_value=0.029252752015406225 0.023597620840097835 0.015850792269101376 -0.013504577294510756 -0.038293986387263175 0.034009459512688266 -0.0010779584815640184
leaf_weight=90.896616995334625 147.10969071090221 631.64471532776952 517.42604203522205 263.38875387609005 95.900845147669315 5436.8469538837671
leaf_count=369 169 1960 1792 878 282 25645
internal_value=-0.000456488 -0.000975807 -0.0114084 -0.0157661 -0.00586027 0.000695685
internal_weight=7183.21 7036.1 967.612 876.716 613.327 6068.49
internal_count=31095 30926 3321 2952 2074 27605
is_linear=0
shrinkage=0.05


Tree=102
num_leaves=7
num_cat=0
split_feature=36 36 12 36 19 35
split_gain=48.7871 114.255 109.66 82.4495 57.028 74.9262
threshold=9504.3365277777793 7084.3868055555567 53.500000000000007 5397.7402777777779 13.500000000000002 9248.7726388888896
decision_type=10 10 10 10 10 10
left_child=1 3 -3 -1 5 -5
right_child=-2 2 -4 4 -6 -7
leaf_value=0.0020983003066829689 -0.031346019830058122 0.11238965509715032 0.0018196962850574657 -0.033969023731352653 -0.050726135732037207 0.043767663573464545
leaf_weight=6752.3736607283354 107.87979720905423 40.465575806796551 44.577528037130833 71.024896696209908 121.77142794802785 47.348187249153852
leaf_count=27528 1159 217 243 474 1103 416
internal_value=0.00126818 0.00178708 0.057751 0.00106567 -0.0274204 -0.0023614
internal_weight=7185.44 7077.56 85.0431 6992.52 240.145 118.373
internal_count=31140 29981 460 29521 1993 890
is_linear=0
shrinkage=0.05


Tree=103
num_leaves=7
num_cat=0
split_feature=12 34 34 8 36 36
split_gain=50.2855 52.9798 54.7695 47.9227 120.681 103.14
threshold=5565.5000000000009 84.256666666666675 1381.0704166666669 185.50000000000003 237.7490277777778 47.087083333333339
decision_type=8 10 10 10 8 10
left_child=3 -2 -3 -1 5 -5
right_child=1 2 -4 4 -6 -7
leaf_value=0.0014637085723305785 0.044088552495051191 0.018317237490092796 -0.042420929448958533 -0.010721753113012732 -0.022440097850565981 0.034850590078950916
leaf_weight=5686.91587504372 127.16577788442373 136.11021579802036 45.375934094190598 276.33036258816719 720.95962994545698 217.92113520205021
leaf_count=26499 155 581 216 805 2416 564
internal_value=0.000425184 0.0200055 0.00240101 -0.000464263 -0.00945576 0.00951941
internal_weight=7210.78 308.652 181.486 6902.13 1215.21 494.251
internal_count=31236 952 797 30284 3785 1369
is_linear=0
shrinkage=0.05


Tree=104
num_leaves=7
num_cat=0
split_feature=37 35 19 35 38 12
split_gain=53.2183 65.8282 94.0461 66.1217 61.4812 59.6334
threshold=0.25833333333333336 8988.4988888888893 13.500000000000002 6954.3427777777788 3.5000000000000004 1.0000000180025095e-35
decision_type=2 10 10 10 2 10
left_child=-1 3 5 4 -2 -3
right_child=1 2 -4 -5 -6 -7
leaf_value=-0.011443639807899792 0.00037019159887101373 0.014981902252986831 -0.018313746677051077 -0.03107511624235762 0.033520501410687797 0.093706651994449511
leaf_weight=966.29040871933103 5709.2491320185363 43.977515459060669 55.310690585523844 158.29310894012451 138.38046255707741 54.801331423223019
leaf_count=6809 22031 263 451 953 115 303
internal_value=-0.000565795 0.00114846 0.0328937 0.000307307 0.00118264 0.0610679
internal_weight=7126.3 6160.01 154.09 6005.92 5847.63 98.7788
internal_count=30925 24116 1017 23099 22146 566
is_linear=0
shrinkage=0.05


Tree=105
num_leaves=7
num_cat=0
split_feature=21 23 25 4 16 33
split_gain=43.7862 74.5977 56.7123 82.0926 70.4023 69.6125
threshold=0.6002056202878685 1.1136425435219395 0.57909117054932424 202207.00000000003 322.50000000000006 4.5000000000000009
decision_type=10 10 10 10 10 2
left_child=2 -2 -1 5 -5 -4
right_child=1 -3 3 4 -6 -7
leaf_value=0.012005675260242522 0.0043168720237015913 -0.014663505282846049 -0.0029398179100968563 0.061101829826355571 -0.0042536195281684562 0.034105004303743622
leaf_weight=1324.2828875295818 998.27652509137988 1066.3222797848284 3483.0654401034117 94.290494874119759 69.389698266983032 126.60996004194021
leaf_count=5865 5036 5035 14499 277 250 173
internal_value=0.000636968 -0.00549784 0.00312458 -4.05297e-06 0.0340906 -0.00159509
internal_weight=7162.24 2064.6 5097.64 3773.36 163.68 3609.68
internal_count=31135 10071 21064 15199 527 14672
is_linear=0
shrinkage=0.05


Tree=106
num_leaves=7
num_cat=0
split_feature=18 6 16 12 12 12
split_gain=43.0379 46.7321 65.5369 40.6534 62.4074 43.3658
threshold=134.00000000000003 121.50000000000001 958.50000000000011 5565.5000000000009 8057.5000000000009 834.50000000000011
decision_type=8 10 10 10 10 10
left_child=1 3 -3 5 -5 -1
right_child=-2 2 -4 4 -6 -7
leaf_value=0.00051131161388294922 0.039392321832869344 -0.058587754486078697 0.0052488695686048756 0.057395761548682138 0.0038610013804272337 -0.010794050669972939
leaf_weight=5669.9328657202423 61.518356084823608 77.919614069163799 76.584055088460445 69.789949119091034 203.06608536839485 992.3831203430891
leaf_count=26235 163 187 219 198 666 3496
internal_value=-0.000639685 -0.00101457 -0.0277727 -0.000398863 0.0183403 -0.00117951
internal_weight=7151.19 7089.68 154.504 6935.17 272.856 6662.32
internal_count=31164 31001 406 30595 864 29731
is_linear=0
shrinkage=0.05


Tree=107
num_leaves=7
num_cat=0
split_feature=15 22 12 36 36 18
split_gain=58.1388 56.098 75.1537 82.5465 70.7731 62.2923
threshold=150.50000000000003 1.13209853993926 74.500000000000014 586.6912500000002 261.9013888888889 60.500000000000007
decision_type=10 10 10 8 10 10
left_child=-1 5 -3 4 -4 -2
right_child=1 2 3 -5 -6 -7
leaf_value=-0.0024399403142928234 0.028748456018634738 0.020311019487035866 -0.0077183747761454882 0.016136504182225894 -0.055911159527317511 -0.012664128022336643
leaf_weight=5759.8320677094162 465.69277141615748 289.10243749246001 199.08547512441874 170.99287782609463 120.37738384306431 109.44137313961983
leaf_count=26860 1475 897 551 626 399 313
internal_value=-0.000246537 0.00905397 0.000290899 -0.011596 -0.0264597 0.0208269
internal_weight=7114.52 1354.69 779.558 490.456 319.463 575.134
internal_count=31121 4261 2473 1576 950 1788
is_linear=0
shrinkage=0.05


Tree=108
num_leaves=7
num_cat=0
split_feature=12 35 34 8 35 25
split_gain=40.5998 37.1627 37.5179 77.8906 69.3631 32.9513
threshold=30791.500000000004 15925.140833333337 8051.884027777779 2.5000000000000004 10665.063472222224 0.18910678971654585
decision_type=10 10 10 10 10 10
left_child=1 2 5 4 -4 -1
right_child=-2 -3 3 -5 -6 -7
leaf_value=0.0084979112008474102 0.02787749431874556 -0.032757435379103583 0.008356775648059464 -0.017402210198671907 0.11821389358349049 -0.0023624372261819362
leaf_weight=784.79270951077342 118.28790498524904 86.305425237864256 28.030291698873043 47.412404153496027 26.363064095377922 6036.7950198873878
leaf_count=3230 338 1404 257 397 229 25290
internal_value=-0.00056698 -0.00106651 -0.000648099 0.0287577 0.0670711 -0.00110769
internal_weight=7127.99 7009.7 6923.39 101.806 54.3934 6821.59
internal_count=31145 30807 29403 883 486 28520
is_linear=0
shrinkage=0.05


Tree=109
num_leaves=7
num_cat=0
split_feature=36 36 12 36 34 19
split_gain=38.954 98.8436 83.7791 73.3369 89.9921 171.313
threshold=9504.3365277777793 6841.5052777777792 36.500000000000007 5118.1291666666675 7823.1963888888904 14.500000000000002
decision_type=10 10 10 10 10 10
left_child=1 3 -3 -1 -5 -6
right_child=-2 2 -4 4 5 -7
leaf_value=0.00097973821911266482 -0.030219700172402761 0.099514464231026736 0.0099321774944548663 -0.036348976228707218 0.13958613391124602 -0.037815585337327227
leaf_weight=6640.6980830579996 98.823248762637377 40.69190539419651 63.811925433576107 247.65946079790592 17.94102431833744 29.614335596561432
leaf_count=27119 1124 224 342 1812 136 418
internal_value=0.000183836 0.000631741 0.0477651 -0.000112317 -0.0242847 0.0360246
internal_weight=7139.24 7040.42 104.504 6935.91 295.215 47.5554
internal_count=31175 30051 566 29485 2366 554
is_linear=0
shrinkage=0.05


Tree=110
num_leaves=7
num_cat=0
split_feature=27 11 16 32 38 24
split_gain=50.099 43.4661 90.8398 85.2347 72.0235 69.6165
threshold=2.5000000000000004 232.50000000000003 37.500000000000007 3.5000000000000004 1.5000000000000002 25.500000000000004
decision_type=2 8 10 2 2 10
left_child=1 -1 -3 4 5 -4
right_child=-2 2 3 -5 -6 -7
leaf_value=-0.0021217762955288788 0.048948226140250239 0.044340568987237733 -0.022388356969987588 0.052239424639194038 -0.04100751618191012 0.012039379857116138
leaf_weight=5980.6381573453546 46.723614439368248 148.68880984932184 190.11349945515394 75.187365308403969 97.542654365301132 589.31677986681461
leaf_count=27341 52 586 865 75 95 2116
internal_value=-8.17163e-05 -0.000439524 0.00866801 0.00289487 -0.00160786 0.00355281
internal_weight=7128.21 7081.49 1100.85 952.16 876.973 779.43
internal_count=31130 31078 3737 3151 3076 2981
is_linear=0
shrinkage=0.05


Tree=111
num_leaves=7
num_cat=0
split_feature=25 4 24 34 24 19
split_gain=51.5818 57.9899 59.9101 50.5907 56.1354 100.545
threshold=0.18910678971654585 2699448.0000000005 14.500000000000002 774.64611111111128 716.50000000000011 21.500000000000004
decision_type=10 10 10 10 10 10
left_child=-1 2 -2 -4 5 -5
right_child=1 -3 3 4 -6 -7
leaf_value=0.011787307998869262 -0.021545457868068909 -0.053966540943357059 -0.0039943351398381236 0.0094837410161206226 0.024101410380700121 -0.013875022968948903
leaf_weight=790.97515742853284 339.69045215845108 47.658454537391663 3488.5214553289115 1497.6297165937722 338.34279710054398 659.46601495146751
leaf_count=3370 3418 173 10498 8720 1397 3592
internal_value=-0.00021404 -0.00171204 -0.0012759 -0.000108229 0.00532151 0.00232694
internal_weight=7162.28 6371.31 6323.65 5983.96 2495.44 2157.1
internal_count=31168 27798 27625 24207 13709 12312
is_linear=0
shrinkage=0.05


Tree=112
num_leaves=7
num_cat=0
split_feature=16 8 18 6 23 21
split_gain=58.9269 99.4967 77.5602 66.0819 59.8629 58.0979
threshold=958.50000000000011 30.500000000000004 23.500000000000004 114.50000000000001 5.936436594464511 0.24989660876757655
decision_type=8 10 10 10 10 10
left_child=3 -2 -3 4 -1 -6
right_child=1 2 -4 -5 5 -7
leaf_value=-0.0012962405125888348 0.052997091477714857 -0.013649640303264647 0.022270371621978716 -0.041785283546675565 0.064518874937656165 0.010341341659719202
leaf_weight=6013.7729803882539 129.88356037437916 279.77625430747867 313.69969534873962 91.787917193025351 56.377992037683725 270.35598458722234
leaf_count=27212 411 971 925 254 193 1237
internal_value=0.000743005 0.0142222 0.0053644 -0.000782704 -0.000156676 0.0205212
internal_weight=7155.65 723.36 593.476 6432.29 6340.51 326.734
internal_count=31203 2307 1896 28896 28642 1430
is_linear=0
shrinkage=0.05


Tree=113
num_leaves=7
num_cat=0
split_feature=24 34 4 37 34 23
split_gain=42.9931 66.1158 62.0619 82.8441 57.7298 57.292
threshold=706.50000000000011 1091.6044444444449 25782.500000000004 0.58114035087719318 178.13194444444449 1.034571996991797
decision_type=8 10 10 2 10 10
left_child=-1 2 -2 4 -4 -5
right_child=1 -3 3 5 -6 -7
leaf_value=-0.00093964462632688717 0.025382723441763302 0.033592215582345646 0.04933275005568466 -0.029061256590393016 -0.0058875953121708359 0.0031734045978516357
leaf_weight=5931.8580174185336 242.03553868830204 224.23744621872902 101.45404402911663 278.30234454572201 83.488298118114471 266.7392380386591
leaf_count=27624 611 924 121 715 340 817
internal_value=0.000806435 0.00943256 0.00371573 -0.00359205 0.0249059 -0.0134004
internal_weight=7128.11 1196.26 972.019 729.984 184.942 545.042
internal_count=31152 3528 2604 1993 461 1532
is_linear=0
shrinkage=0.05


Tree=114
num_leaves=7
num_cat=0
split_feature=3 8 6 34 35 36
split_gain=39.0153 80.2707 60.9417 98.7451 61.7218 89.6318
threshold=15097.500000000002 1420.5000000000002 74.500000000000014 13.674166666666668 1332.7075000000002 1008.2155555555556
decision_type=8 10 10 8 10 10
left_child=1 2 4 -4 5 -1
right_child=-2 -3 3 -5 -6 -7
leaf_value=0.0016025705874160947 0.0045101312313228529 0.05852356149800924 -0.067062282075584123 0.0084559242536432211 -0.0083476206361081558 0.053199113020829962
leaf_weight=1849.8998573757708 2885.9755340404809 47.387210130691528 90.017488949000835 77.665554977953434 2146.9589019566774 83.203821837902069
leaf_count=7502 11299 104 57 346 11758 116
internal_value=1.84698e-05 -0.00300129 -0.00375565 -0.0328525 -0.00252108 0.00395488
internal_weight=7181.11 4295.13 4247.75 167.683 4080.06 1933.1
internal_count=31182 19883 19779 403 19376 7618
is_linear=0
shrinkage=0.05


Tree=115
num_leaves=7
num_cat=0
split_feature=17 40 31 8 25 21
split_gain=36.129 43.3499 42.5659 55.4054 69.3085 90.6477
threshold=3.5000000000000004 11.500000000000002 1.5000000000000002 12.500000000000002 0.78109048429286143 0.66679487179487185
decision_type=8 2 2 10 10 10
left_child=2 -2 3 4 5 -1
right_child=1 -3 -4 -5 -6 -7
leaf_value=0.014910810372768181 0.030205418932216996 0.0034065835681607822 -0.018311755813141036 -0.0046629658128269462 -0.010544059531054136 -0.0094655891427756957
leaf_weight=1613.7655852772295 192.67077600955963 644.6371135301888 342.81623604893684 3282.5687680281699 559.88136354833841 495.1376007758081
leaf_count=8045 74 2595 115 14100 2779 3402
internal_value=-9.57169e-06 0.00971589 -0.00131003 -0.000316125 0.00502915 0.00917876
internal_weight=7131.48 837.308 6294.17 5951.35 2668.78 2108.9
internal_count=31110 2669 28441 28326 14226 11447
is_linear=0
shrinkage=0.05


Tree=116
num_leaves=7
num_cat=0
split_feature=12 34 34 36 36 36
split_gain=41.6212 51.1768 42.6482 41.8179 99.9278 82.0214
threshold=5565.5000000000009 84.256666666666675 1262.6854166666669 1.7748611111111112 5.0402777777777787 6.7808333333333346
decision_type=10 10 10 8 8 8
left_child=3 -2 -3 -1 -5 -6
right_child=1 2 -4 4 5 -7
leaf_value=-0.021818669584046359 0.042999572751279219 0.015720205043920951 -0.038053485001484019 0.048326952533849839 -0.046629604663050765 0.00069687192474618832
leaf_weight=205.51355868577957 123.49870417267084 135.76060712337494 44.967887341976166 103.86128110811114 87.869332417845726 6440.0212132297456
leaf_count=830 157 582 216 269 331 28705
internal_value=0.000932685 0.0188752 0.00167628 0.000121115 0.00081694 2.46283e-05
internal_weight=7141.49 304.227 180.728 6837.27 6631.75 6527.89
internal_count=31090 955 798 30135 29305 29036
is_linear=0
shrinkage=0.05


Tree=117
num_leaves=7
num_cat=0
split_feature=37 36 12 16 8 10
split_gain=40.8111 62.512 83.4844 79.1577 90.7474 68.7781
threshold=0.73385416666666681 284.95125000000007 1610.5000000000002 446.50000000000006 128.50000000000003 606.50000000000011
decision_type=2 10 10 10 10 10
left_child=-1 5 3 4 -3 -2
right_child=1 2 -4 -5 -6 -7
leaf_value=-0.002052279136152598 0.0026021499567758888 0.01214790369975411 0.060579838868961428 -0.013003791600152595 0.076520079829967044 -0.04951775474905263
leaf_weight=5776.7354709859937 672.79172183945775 252.09839276969433 97.229927763342857 205.38038090616465 65.911943212151527 64.828547134995461
leaf_count=26562 2305 816 226 574 160 162
internal_value=-0.000217514 0.00756483 0.0191917 0.0110026 0.0264679 -0.00228116
internal_weight=7134.98 1358.24 620.621 523.391 318.01 737.62
internal_count=30805 4243 1776 1550 976 2467
is_linear=0
shrinkage=0.05


Tree=118
num_leaves=7
num_cat=0
split_feature=28 32 40 24 8 21
split_gain=36.6607 48.2577 54.6812 49.1446 56.8481 75.9501
threshold=2.5000000000000004 1.5000000000000002 12.500000000000002 13.500000000000002 14.500000000000002 0.35446570972886765
decision_type=2 2 2 10 10 8
left_child=1 2 -1 -4 5 -5
right_child=-2 -3 3 4 -6 -7
leaf_value=0.014308907846141462 0.027175054737777 -0.015030409016820474 -0.013455628208677975 -0.0041198753211271295 -0.0027614486143402823 0.015521402906069038
leaf_weight=743.1019024848938 126.00323598459363 463.08090758323669 607.04568747803569 799.43255366757512 3093.1113172285259 1268.4204056300223
leaf_count=232 157 324 5117 4113 14256 6854
internal_value=0.000969638 0.000477054 0.00159066 -5.88298e-05 0.00152843 0.00793646
internal_weight=7100.2 6974.19 6511.11 5768.01 5160.96 2067.85
internal_count=31053 30896 30572 30340 25223 10967
is_linear=0
shrinkage=0.05


Tree=119
num_leaves=7
num_cat=0
split_feature=38 0 31 21 35 40
split_gain=49.9655 32.8203 77.4655 54.8617 64.5185 84.7964
threshold=3.5000000000000004 25.500000000000004 1.5000000000000002 0.64060235507246388 943.93986111111121 13.500000000000002
decision_type=2 8 2 10 10 2
left_child=1 2 3 4 -1 -6
right_child=-2 -3 -4 -5 5 -7
leaf_value=0.012623538599405138 0.028675060872569463 0.0024907720355678456 -0.046300958388334743 -0.016579020748507374 -0.048329724308504268 -0.0020090417221301751
leaf_weight=747.69978620484471 146.11751290410757 4093.2693369276822 101.61322109401226 572.53670912608504 101.6157191991806 1355.89228836447
leaf_count=3244 132 15130 37 4367 32 8114
internal_value=0.000230891 -0.000385302 -0.00447113 -0.00286051 0.000730672 -0.00539265
internal_weight=7118.74 6972.63 2879.36 2777.74 2205.21 1457.51
internal_count=31056 30924 15794 15757 11390 8146
is_linear=0
shrinkage=0.05


Tree=120
num_leaves=7
num_cat=0
split_feature=31 14 12 34 12 25
split_gain=31.1333 28.66 57.2145 55.918 58.5877 55.5409
threshold=1.5000000000000002 1.0000000180025095e-35 74.500000000000014 4100.3929166666676 95.500000000000014 0.85685810547635743
decision_type=2 10 10 10 10 10
left_child=1 -1 5 4 -4 -3
right_child=-2 2 3 -5 -6 -7
leaf_value=-0.0061853279638144267 -0.013308827276039277 0.010153382014827361 -0.040060888826774846 0.026210510819820988 -0.0030999026908099421 -0.010590119902683923
leaf_weight=1273.9497264027596 426.33943238854408 2327.681142764166 107.15109969303012 150.04453295841813 2474.0415354445577 370.32988205179572
leaf_count=8461 155 10210 498 873 9398 1467
internal_value=-0.000288091 0.000549362 0.00213386 -0.00296534 -0.00470872 0.0072918
internal_weight=7129.54 6703.2 5429.25 2731.24 2581.19 2698.01
internal_count=31062 30907 22446 10769 9896 11677
is_linear=0
shrinkage=0.05


Tree=121
num_leaves=7
num_cat=0
split_feature=24 21 4 35 16 0
split_gain=36.5718 59.9655 76.349 57.6629 90.2896 68.8216
threshold=27.500000000000004 0.40633355614973271 25782.500000000004 3599.1830555555557 23.500000000000004 5.5000000000000009
decision_type=8 8 10 8 10 10
left_child=1 3 -3 4 -1 -5
right_child=-2 2 -4 5 -6 -7
leaf_value=-0.049155664279489412 0.0012861291497629306 -0.025950698186939604 0.0013929576265145932 0.0016228171033764614 0.02049363715569846 0.063545183333351268
leaf_weight=77.382567904889584 5767.1020859442651 571.76253191381693 457.14404518902302 99.23481497913599 102.45455260574818 77.316790327429771
leaf_count=261 22065 4751 2465 832 314 375
internal_value=-0.000467687 -0.00774734 -0.0138539 0.00983029 -0.00999494 0.0297436
internal_weight=7152.4 1385.3 1028.91 356.389 179.837 176.552
internal_count=31063 8998 7216 1782 575 1207
is_linear=0
shrinkage=0.05


Tree=122
num_leaves=7
num_cat=0
split_feature=40 21 24 35 19 21
split_gain=48.6843 37.0714 40.66 55.1384 66.2104 50.251
threshold=4.5000000000000009 0.99191937513881701 27.500000000000004 326.44291666666669 2.5000000000000004 0.73349875930521102
decision_type=2 8 10 8 8 10
left_child=-1 2 3 -2 5 -5
right_child=1 -3 -4 4 -6 -7
leaf_value=-0.031414316090147623 0.026052929617276718 0.021510566443850548 0.001577926234811953 0.0052456592717440307 -0.027102881339698539 -0.026979101109155131
leaf_weight=117.3218415081501 100.81012708693743 197.03052416443825 5584.116701297462 530.36888751387596 426.18557197973132 151.32979288324714
leaf_count=43 199 833 21848 3199 3370 1551
internal_value=-0.000142943 0.000404015 -0.000223567 -0.0085186 -0.0117673 -0.00205225
internal_weight=7107.16 6989.84 6792.81 1208.69 1107.88 681.699
internal_count=31043 31000 30167 8319 8120 4750
is_linear=0
shrinkage=0.05


Tree=123
num_leaves=7
num_cat=0
split_feature=31 2 19 23 3 36
split_gain=49.5667 41.0272 163.468 66.7589 59.565 86.4926
threshold=1.5000000000000002 80256.500000000015 27.500000000000004 1.1977845800728264 60695.000000000007 379.47569444444451
decision_type=2 10 10 10 10 8
left_child=1 4 3 -3 -1 -6
right_child=-2 2 -4 -5 5 -7
leaf_value=0.00015327894208193239 -0.016699652750840184 0.046599007323622869 -0.066241654923022295 -0.020357351935370679 -0.016656150091340177 0.056154372688433291
leaf_weight=6207.941498329863 460.19962078332901 73.848148718476295 102.48964853584766 66.435024708509445 61.274918742477894 106.78459896892309
leaf_count=29224 167 268 400 261 210 415
internal_value=-0.00092368 0.000184992 -0.0197773 0.0152806 0.000959978 0.0298932
internal_weight=7078.97 6618.77 242.773 140.283 6376 168.06
internal_count=30945 30778 929 529 29849 625
is_linear=0
shrinkage=0.05


Tree=124
num_leaves=7
num_cat=0
split_feature=21 4 12 4 31 12
split_gain=43.3696 35.9341 55.2588 85.0144 81.9101 68.6725
threshold=0.99496226128362297 2183.5000000000005 78.500000000000014 202207.00000000003 1.5000000000000002 95.500000000000014
decision_type=8 10 10 10 2 10
left_child=1 -1 3 4 -3 -4
right_child=-2 2 5 -5 -6 -7
leaf_value=-0.012464702988752494 0.023584698527707001 0.0044681925651554764 -0.043424122371796159 0.034397772614481764 -0.03623604681057823 -0.0029387269745621948
leaf_weight=582.26983163692057 184.93425247818232 2931.6987509578466 103.67694086953998 223.2938272356987 124.04942058026791 2934.2043858468533
leaf_count=4557 785 13643 525 712 44 10743
internal_value=1.42432e-05 -0.00063419 0.000465297 0.00496288 0.00275929 -0.0043895
internal_weight=7084.13 6899.19 6316.92 3279.04 3055.75 3037.88
internal_count=31009 30224 25667 14399 13687 11268
is_linear=0
shrinkage=0.05


Tree=125
num_leaves=7
num_cat=0
split_feature=24 24 36 25 35 8
split_gain=29.3134 69.5097 66.7343 59.8601 95.0393 57.0718
threshold=872.50000000000011 1098.5000000000002 310.18694444444446 0.85685810547635743 8865.0634722222239 21.500000000000004
decision_type=8 10 10 10 8 10
left_child=3 -2 -3 5 -5 -1
right_child=1 2 -4 4 -6 -7
leaf_value=0.0049762701278791887 0.0279638390879299 0.021514884682680924 -0.018082868791248253 -0.03038272679268085 0.035890787140244379 -0.0047830847399622234
leaf_weight=2874.1603235211223 290.33062748610973 165.09931455552578 279.38128010928631 336.5493392534554 59.914856180548668 3117.8431333079934
leaf_count=14752 881 518 841 1528 363 12116
internal_value=-0.000263862 0.00915884 -0.00329883 -0.00135399 -0.020045 -0.000101608
internal_weight=7123.28 734.811 444.481 6388.47 396.464 5992
internal_count=30999 2240 1359 28759 1891 26868
is_linear=0
shrinkage=0.05


Tree=126
num_leaves=7
num_cat=0
split_feature=37 4 4 4 36 36
split_gain=34.6985 52.666 70.3563 52.6819 158.593 60.0764
threshold=0.73385416666666681 195497.00000000003 146716.50000000003 54558.000000000007 45.622083333333343 27.480138888888892
decision_type=2 10 10 10 10 10
left_child=-1 2 3 5 -5 -2
right_child=1 -3 -4 4 -6 -7
leaf_value=-0.0013770772374324019 0.030391837229240867 0.047131298362543012 -0.032109929678087311 -0.019193418930548371 0.05659549667009256 -0.0034639598923947921
leaf_weight=5725.9411306548864 154.77006105333567 74.114579275250435 111.07400235533714 109.6672393605113 172.50653713941574 724.41270947083831
leaf_count=26697 395 209 369 423 474 2418
internal_value=0.000322708 0.00752909 0.00504696 0.00872312 0.0273187 0.00263413
internal_weight=7072.49 1346.55 1272.43 1161.36 282.174 879.183
internal_count=30985 4288 4079 3710 897 2813
is_linear=0
shrinkage=0.05


Tree=127
num_leaves=7
num_cat=0
split_feature=21 4 4 37 8 40
split_gain=38.272 31.5589 64.0332 71.5935 70.4031 44.4694
threshold=0.06277844413982181 2183.5000000000005 1075.0000000000002 0.8320512820512822 17.500000000000004 4.5000000000000009
decision_type=10 10 10 2 10 2
left_child=-1 2 3 4 -2 -3
right_child=1 5 -4 -5 -6 -7
leaf_value=0.041455417649184499 -0.0015904057298745042 -0.0313043817148164 -0.029790504489826172 -0.054876322850039308 0.053777776083618424 0.0019822365304546204
leaf_weight=52.336713120341301 234.7884464059025 96.958069384098053 245.99741653725505 41.098608497530222 70.881174270063639 6344.6718421243131
leaf_count=158 1740 35 2070 370 444 26314
internal_value=0.000770479 0.000438548 -0.0105521 0.00332502 0.0119077 0.00145732
internal_weight=7086.73 7034.4 592.766 346.768 305.67 6441.63
internal_count=31131 30973 4624 2554 2184 26349
is_linear=0
shrinkage=0.05


Tree=128
num_leaves=7
num_cat=0
split_feature=17 40 9 16 34 4
split_gain=38.1272 56.8553 47.085 67.2591 63.1488 65.553
threshold=1.0000000180025095e-35 12.500000000000002 26.500000000000004 20.500000000000004 13.674166666666668 43622.500000000007
decision_type=8 2 10 10 10 10
left_child=2 -2 -1 -4 -5 -6
right_child=1 -3 3 4 5 -7
leaf_value=-0.0024390668875670309 0.024188227631907776 0.0021465158080946028 0.057100650024821245 0.035961686011484341 0.023328089078404571 -0.025133450572081679
leaf_weight=5087.2310539111495 391.43200990557671 1121.0288389381021 71.049765072762966 116.6582879498601 107.35093227401376 179.87006185948849
leaf_count=24372 143 4704 248 135 514 937
internal_value=0.000886738 0.00791192 -0.00102894 0.0139438 0.00574631 -0.00693136
internal_weight=7074.62 1512.46 5562.16 474.929 403.879 287.221
internal_count=31053 4847 26206 1834 1586 1451
is_linear=0
shrinkage=0.05


Tree=129
num_leaves=7
num_cat=0
split_feature=25 25 19 1 24 34
split_gain=40.0581 87.5352 43.3122 47.9322 35.0469 50.77
threshold=0.18910678971654585 0.17509521218715998 16.500000000000004 7187.0000000000009 13.500000000000002 757.38111111111118
decision_type=10 8 10 10 10 10
left_child=1 2 -1 -4 -2 -6
right_child=4 -3 3 -5 5 -7
leaf_value=-0.0066721534351937969 -0.018161637973117303 0.055898448276513413 0.028063756043192663 -0.017323568409873619 -0.0040838820133372181 0.0051738474916298563
leaf_weight=378.35348295979202 277.44048704206944 90.366542749106884 254.72835788503289 71.253537725657225 3472.937935244292 2574.1898720152676
leaf_count=1967 3151 248 949 191 10495 14154
internal_value=0.000386325 0.0109303 0.00480757 0.0180311 -0.000946152 -0.000141959
internal_weight=7119.27 794.702 704.335 325.982 6324.57 6047.13
internal_count=31155 3355 3107 1140 27800 24649
is_linear=0
shrinkage=0.05


Tree=130
num_leaves=7
num_cat=0
split_feature=36 36 4 3 12 36
split_gain=45.491 73.4518 101.423 111.038 77.0463 70.4726
threshold=47.087083333333339 211.38513888888892 132140.00000000003 606.50000000000011 18389.500000000004 24.626666666666669
decision_type=8 8 10 10 8 10
left_child=5 2 3 -2 -3 -1
right_child=1 4 -4 -5 -6 -7
leaf_value=-0.0019478468938582902 -0.029254328478583919 -0.001392728327322136 -0.025369811763239537 0.03804507207585734 0.049156199778237597 -0.030415930550703636
leaf_weight=761.78773039951921 68.42162586376071 5372.3188019916415 105.49737064540386 399.6888479962945 71.454718425869942 299.63203599303961
leaf_count=2460 457 25596 343 1031 164 991
internal_value=-0.000571015 0.00111489 0.0180523 0.028003 -0.000684727 -0.0100891
internal_weight=7078.8 6017.38 573.608 468.11 5443.77 1061.42
internal_count=31042 27591 1831 1488 25760 3451
is_linear=0
shrinkage=0.05


Tree=131
num_leaves=7
num_cat=0
split_feature=24 8 12 16 34 12
split_gain=33.8164 58.89 77.7054 99.3017 73.9524 95.9961
threshold=706.50000000000011 21.500000000000004 11.500000000000002 114.50000000000001 3834.255694444445 436.50000000000006
decision_type=8 10 10 10 10 10
left_child=1 -1 3 -3 5 -4
right_child=-2 2 4 -5 -6 -7
leaf_value=0.0025102962969838936 0.0070790853229647527 -0.031580602689455395 -0.027777619645811366 0.010870523237001314 0.025275229647160259 -0.0037359070397602169
leaf_weight=3171.5451024416834 1192.2530855685472 160.40768344700336 869.40336786210537 820.55066255480051 109.6289296336472 794.03122837841511
leaf_count=16298 3491 1305 3561 3181 732 2486
internal_value=-0.000586377 -0.00213337 -0.0074759 0.00380391 -0.0137097 -0.016347
internal_weight=7117.82 5925.57 2754.02 980.958 1773.06 1663.43
internal_count=31054 27563 11265 4486 6779 6047
is_linear=0
shrinkage=0.05


Tree=132
num_leaves=7
num_cat=0
split_feature=17 37 31 36 36 24
split_gain=30.8608 29.9333 59.0754 42.8156 58.237 54.5768
threshold=51.500000000000007 0.25833333333333336 1.5000000000000002 9504.3365277777793 7084.3868055555567 26.500000000000004
decision_type=10 2 2 10 10 10
left_child=1 2 3 4 5 -1
right_child=-2 -3 -4 -5 -6 -7
leaf_value=-0.029878451468070312 -0.037398096779688965 0.0012493742638542051 -0.06223582012609178 -0.045533263677951602 0.051955519195697054 0.0013321258590924018
leaf_weight=174.52954678982496 50.739156760275364 6064.8943178746849 43.19773031771183 56.889392763376236 41.577876098453999 635.52220473065972
leaf_count=1901 71 24143 17 868 235 3821
internal_value=-0.000340686 -4.62732e-05 -0.00826627 -0.00537357 -0.00244076 -0.00553438
internal_weight=7067.35 7016.61 951.717 908.519 851.63 810.052
internal_count=31056 30985 6842 6825 5957 5722
is_linear=0
shrinkage=0.05


Tree=133
num_leaves=7
num_cat=0
split_feature=17 0 36 4 2 2
split_gain=40.0572 45.3176 55.6832 65.02 61.8707 47.6758
threshold=51.500000000000007 127.50000000000001 1895.0873611111112 129955.50000000001 8756.5000000000018 80256.500000000015
decision_type=10 8 8 8 10 10
left_child=1 5 4 -4 -3 -1
right_child=-2 2 3 -5 -6 -7
leaf_value=-0.00030002706922868644 -0.043524766526003171 0.018948079506615319 0.012122107362955003 0.079244994181492084 -0.0088692172537599041 -0.027444967864763015
leaf_weight=5920.3700734674931 46.951838873326778 401.09481456130743 97.508471131324768 54.444789625704288 389.35957244038582 161.30343464016914
leaf_count=27754 68 1019 380 177 1159 572
internal_value=0.000218657 0.000541808 0.0107138 0.0379305 0.0052763 -0.00104194
internal_weight=7071.03 7024.08 942.408 151.953 790.454 6081.67
internal_count=31129 31061 2735 557 2178 28326
is_linear=0
shrinkage=0.05


Tree=134
num_leaves=7
num_cat=0
split_feature=17 20 38 0 16 8
split_gain=47.0329 37.6634 71.6551 42.4618 49.499 56.2085
threshold=51.500000000000007 0.0042441032121259591 1.0000000180025095e-35 17.500000000000004 36.500000000000007 2.5000000000000004
decision_type=10 10 2 10 10 10
left_child=1 2 -1 -3 5 -5
right_child=-2 3 -4 4 -6 -7
leaf_value=0.0025174072658553644 -0.045038502828036397 -0.0068414922884024168 0.052883109387606722 0.029223253059286525 0.00041436611091983598 -0.0052244287599525823
leaf_weight=256.59496190771461 52.015628673136234 1798.7860693521798 92.719935923814774 323.62967003136873 4382.6689257677644 183.04053198546171
leaf_count=1632 74 10703 84 1421 16220 959
internal_value=0.000191292 0.000557337 0.0164438 -0.000284062 0.00213294 0.0168492
internal_weight=7089.46 7037.44 349.315 6688.13 4889.34 506.67
internal_count=31093 31019 1716 29303 18600 2380
is_linear=0
shrinkage=0.05


Tree=135
num_leaves=7
num_cat=0
split_feature=37 33 16 36 10 40
split_gain=36.1491 28.9673 105.277 71.8061 67.7366 65.6687
threshold=0.92724867724867732 1.5000000000000002 391.50000000000006 20.552777777777781 1.5000000000000002 13.500000000000002
decision_type=2 2 8 8 10 2
left_child=1 -1 3 -3 -4 -6
right_child=-2 2 4 -5 5 -7
leaf_value=-0.0001029338462886228 0.041056318028392463 0.0069326364843116488 0.022605669520058658 -0.036311738143635551 -0.032792598848475629 0.0152744248828453
leaf_weight=5976.040938930586 45.349251337349415 126.20305562019348 287.61590000614524 377.88949187844992 155.94006669521332 123.1636590436101
leaf_count=29371 149 164 456 693 63 419
internal_value=-0.00116208 -0.00146269 -0.00901555 -0.0255235 0.0057629 -0.0116859
internal_weight=7092.2 7046.85 1070.81 504.093 566.72 279.104
internal_count=31315 31166 1795 857 938 482
is_linear=0
shrinkage=0.05


Tree=136
num_leaves=7
num_cat=0
split_feature=23 36 34 23 4 21
split_gain=35.3779 43.8409 103.079 120.045 80.0591 75.2086
threshold=5.936436594464511 51.192083333333336 4469.8237500000005 0.71287448029539269 202207.00000000003 0.50062034739454109
decision_type=8 10 10 10 10 10
left_child=1 2 4 -4 5 -1
right_child=-2 -3 3 -5 -6 -7
leaf_value=-0.0051871011305396801 0.013982617647277762 0.0012384565331091219 -0.013980273012612197 0.092549798979695813 0.028241702510787212 -0.028612154417324183
leaf_weight=854.98675104230642 409.47238524630666 5041.2000745423138 50.232973836362362 48.295845605432987 113.31775905191898 569.97582997381687
leaf_count=3439 1697 21458 391 358 396 3416
internal_value=-0.000192512 -0.00107149 -0.008168 0.0401854 -0.0113853 -0.0146243
internal_weight=7087.48 6678.01 1636.81 98.5288 1538.28 1424.96
internal_count=31155 29458 8000 749 7251 6855
is_linear=0
shrinkage=0.05


end of trees

feature_importances:
ev_gap_last=85
n_dying_ch=67
ev_h_since_prev=63
n_rows_28d=54
ev_relapse_rate=51
act_share_7d=49
n_alarm_28d=45
n_undef_28d=41
ev_h_since_inc=38
rate_28d=32
n_bad_28d=27
n_ch_bad_28d=25
n_alarm_7d=23
dying_share=20
hour=20
ev_open_ch=17
ev_inc_24h=15
n_active_ch=14
ev_fail_3h=13
n_rows_3d=12
rate_7d=12
n_rows_7d=11
ev_inc_168h=11
act_share_1d=10
ev_inc_72h=10
n_undef_3d=8
n_alarm_3d=8
n_ch_bad_7d=8
ev_inc_672h=7
n_bad_3d=5
n_undef_7d=5
n_ch_bad_1d=5
ev_fail_168h=5
ev_fail_24h=4
n_rows_1d=1
n_undef_1d=1

parameters:
[boosting: gbdt]
[objective: binary]
[metric: average_precision]
[tree_learner: serial]
[device_type: cpu]
[data_sample_strategy: bagging]
[data: ]
[valid: ]
[num_iterations: 2000]
[learning_rate: 0.05]
[num_leaves: 7]
[num_threads: 6]
[seed: 42]
[deterministic: 1]
[force_col_wise: 1]
[force_row_wise: 0]
[histogram_pool_size: -1]
[max_depth: -1]
[min_data_in_leaf: 200]
[min_sum_hessian_in_leaf: 0.001]
[bagging_fraction: 0.8]
[pos_bagging_fraction: 1]
[neg_bagging_fraction: 1]
[bagging_freq: 1]
[bagging_seed: 400]
[bagging_by_query: 0]
[feature_fraction: 0.8]
[feature_fraction_bynode: 1]
[feature_fraction_seed: 30056]
[extra_trees: 0]
[extra_seed: 12879]
[early_stopping_round: 0]
[early_stopping_min_delta: 0]
[first_metric_only: 1]
[max_delta_step: 0]
[lambda_l1: 0]
[lambda_l2: 5]
[linear_lambda: 0]
[min_gain_to_split: 0]
[drop_rate: 0.1]
[max_drop: 50]
[skip_drop: 0.5]
[xgboost_dart_mode: 0]
[uniform_drop: 0]
[drop_seed: 17869]
[top_rate: 0.2]
[other_rate: 0.1]
[min_data_per_group: 100]
[max_cat_threshold: 32]
[cat_l2: 10]
[cat_smooth: 10]
[max_cat_to_onehot: 4]
[top_k: 20]
[monotone_constraints: ]
[monotone_constraints_method: basic]
[monotone_penalty: 0]
[feature_contri: ]
[forcedsplits_filename: ]
[refit_decay_rate: 0.9]
[cegb_tradeoff: 1]
[cegb_penalty_split: 0]
[cegb_penalty_feature_lazy: ]
[cegb_penalty_feature_coupled: ]
[path_smooth: 0]
[interaction_constraints: ]
[verbosity: -1]
[saved_feature_importance_type: 0]
[use_quantized_grad: 0]
[num_grad_quant_bins: 4]
[quant_train_renew_leaf: 0]
[stochastic_rounding: 1]
[linear_tree: 0]
[max_bin: 255]
[max_bin_by_feature: ]
[min_data_in_bin: 3]
[bin_construct_sample_cnt: 200000]
[data_random_seed: 175]
[is_enable_sparse: 1]
[enable_bundle: 1]
[use_missing: 1]
[zero_as_missing: 0]
[feature_pre_filter: 1]
[pre_partition: 0]
[two_round: 0]
[header: 0]
[label_column: ]
[weight_column: ]
[group_column: ]
[ignore_column: ]
[categorical_feature: ]
[forcedbins_filename: ]
[precise_float_parser: 0]
[parser_config_file: ]
[objective_seed: 16083]
[num_class: 1]
[is_unbalance: 0]
[scale_pos_weight: 1]
[sigmoid: 1]
[boost_from_average: 1]
[reg_sqrt: 0]
[alpha: 0.9]
[fair_c: 1]
[poisson_max_delta_step: 0.7]
[tweedie_variance_power: 1.5]
[lambdarank_truncation_level: 30]
[lambdarank_norm: 1]
[label_gain: ]
[lambdarank_position_bias_regularization: 0]
[eval_at: ]
[multi_error_top_k: 1]
[auc_mu_weights: ]
[num_machines: 1]
[local_listen_port: 12400]
[time_out: 120]
[machine_list_filename: ]
[machines: ]
[gpu_platform_id: -1]
[gpu_device_id: -1]
[gpu_use_dp: 0]
[num_gpu: 1]

end of parameters

pandas_categorical:[]
