episode_id,channel_id,section_id,started_at,ended_at,fault_value
865,135185,,2019-01-01 13:53:32+03,2019-01-03 08:03:47+03,Много неисправных устройств
1667,135186,,2019-01-01 13:53:32+03,2019-01-01 15:31:31+03,Много неисправных устройств
2515,162899,,2019-01-01 13:54:00+03,2019-01-04 08:39:02+03,Много неисправных устройств
216,214096,548,2019-01-02 20:48:10+03,2019-01-03 11:39:22+03,Неисправен
1025,214097,,2019-01-02 20:48:10+03,2019-01-03 11:39:22+03,Неисправен
1776,214098,,2019-01-02 20:48:10+03,2019-01-03 11:39:22+03,Неисправен
2614,214099,,2019-01-02 20:48:10+03,2019-01-03 11:39:22+03,Неисправен
3323,214100,,2019-01-02 20:48:10+03,2019-01-03 11:39:22+03,Неисправен
4041,214101,,2019-01-02 20:48:10+03,2019-01-03 11:39:22+03,Неисправен
4754,214102,,2019-01-02 20:48:10+03,2019-01-03 11:39:22+03,Неисправен
7020,214105,,2019-01-02 20:48:10+03,2019-01-03 11:39:22+03,Неисправен
7703,214106,,2019-01-02 20:48:10+03,2019-01-03 11:39:22+03,Неисправен
8385,214107,,2019-01-02 20:48:10+03,2019-01-03 11:39:22+03,Неисправен
9078,214108,,2019-01-02 20:48:10+03,2019-01-03 11:39:22+03,Неисправен
9995,214109,,2019-01-02 20:48:10+03,2019-01-03 11:39:22+03,Неисправен
9084,214220,,2019-01-02 20:48:10+03,2019-01-03 11:39:22+03,Неисправен
11544,214223,,2019-01-02 20:48:10+03,2019-01-03 11:39:22+03,Неисправен
2620,214227,,2019-01-02 20:48:10+03,2019-01-03 11:39:22+03,Неисправен
3330,214228,,2019-01-02 20:48:10+03,2019-01-03 11:39:22+03,Неисправен
217,214096,548,2019-01-03 12:15:00+03,2019-01-03 14:14:41+03,Неисправен
1026,214097,,2019-01-03 12:15:00+03,2019-01-03 14:14:41+03,Неисправен
1777,214098,,2019-01-03 12:15:00+03,2019-01-03 14:14:41+03,Неисправен
2615,214099,,2019-01-03 12:15:00+03,2019-01-03 14:14:41+03,Неисправен
3324,214100,,2019-01-03 12:15:00+03,2019-01-03 14:14:41+03,Неисправен
4042,214101,,2019-01-03 12:15:00+03,2019-01-03 14:14:41+03,Неисправен
4755,214102,,2019-01-03 12:15:00+03,2019-01-03 14:14:41+03,Неисправен
7021,214105,,2019-01-03 12:15:00+03,2019-01-03 14:14:41+03,Неисправен
7704,214106,,2019-01-03 12:15:00+03,2019-01-03 14:14:41+03,Неисправен
8386,214107,,2019-01-03 12:15:00+03,2019-01-03 14:14:41+03,Неисправен
9079,214108,,2019-01-03 12:15:00+03,2019-01-03 14:14:41+03,Неисправен
9996,214109,,2019-01-03 12:15:00+03,2019-01-03 14:14:41+03,Неисправен
10825,214110,,2019-01-03 12:15:00+03,2019-01-03 14:14:41+03,Неисправен
9085,214220,,2019-01-03 12:15:00+03,2019-01-03 14:14:41+03,Неисправен
11545,214223,,2019-01-03 12:15:00+03,2019-01-03 14:14:41+03,Неисправен
2621,214227,,2019-01-03 12:15:00+03,2019-01-03 14:14:41+03,Неисправен
3331,214228,,2019-01-03 12:15:00+03,2019-01-03 14:14:41+03,Неисправен
218,214096,548,2019-01-03 14:14:48+03,2019-01-15 20:33:06+03,Неисправен
1027,214097,,2019-01-03 14:14:48+03,2019-01-15 20:33:06+03,Неисправен
1778,214098,,2019-01-03 14:14:48+03,2019-01-15 20:33:06+03,Неисправен
2616,214099,,2019-01-03 14:14:48+03,2019-01-15 20:33:06+03,Неисправен
3325,214100,,2019-01-03 14:14:48+03,2019-01-15 20:33:06+03,Неисправен
4043,214101,,2019-01-03 14:14:48+03,2019-01-15 20:33:06+03,Неисправен
4756,214102,,2019-01-03 14:14:48+03,2019-01-15 20:33:06+03,Неисправен
7022,214105,,2019-01-03 14:14:48+03,2019-01-15 20:33:06+03,Неисправен
7705,214106,,2019-01-03 14:14:48+03,2019-01-15 20:33:06+03,Неисправен
8387,214107,,2019-01-03 14:14:48+03,2019-01-15 20:33:06+03,Неисправен
9080,214108,,2019-01-03 14:14:48+03,2019-01-15 20:33:06+03,Неисправен
9997,214109,,2019-01-03 14:14:48+03,2019-01-15 20:33:06+03,Неисправен
10826,214110,,2019-01-03 14:14:48+03,2019-01-15 20:33:06+03,Неисправен
9086,214220,,2019-01-03 14:14:48+03,2019-01-15 20:32:24+03,Неисправен
11546,214223,,2019-01-03 14:14:48+03,2019-01-15 20:32:24+03,Неисправен
2622,214227,,2019-01-03 14:14:48+03,2019-01-15 20:32:24+03,Неисправен
3332,214228,,2019-01-03 14:14:48+03,2019-01-15 20:32:24+03,Неисправен
6977,171385,,2019-01-08 12:00:45+03,2019-01-14 09:13:39+03,Не определено
9013,171388,,2019-01-08 12:00:45+03,2019-01-14 12:20:23+03,Не определено
11479,171391,,2019-01-08 12:00:45+03,2019-01-14 21:24:26+03,Не определено
219,214096,548,2019-01-15 20:38:21+03,2019-01-16 11:42:25+03,Неисправен
1028,214097,,2019-01-15 20:38:21+03,2019-01-16 11:42:25+03,Неисправен
1779,214098,,2019-01-15 20:38:21+03,2019-01-16 11:42:25+03,Неисправен
2617,214099,,2019-01-15 20:38:21+03,2019-01-16 11:42:25+03,Неисправен
3326,214100,,2019-01-15 20:38:21+03,2019-01-16 11:42:25+03,Неисправен
4044,214101,,2019-01-15 20:38:21+03,2019-01-16 11:42:25+03,Неисправен
4757,214102,,2019-01-15 20:38:21+03,2019-01-16 11:42:25+03,Неисправен
7023,214105,,2019-01-15 20:38:21+03,2019-01-16 11:42:25+03,Неисправен
7706,214106,,2019-01-15 20:38:21+03,2019-01-16 11:42:25+03,Неисправен
8388,214107,,2019-01-15 20:38:21+03,2019-01-16 11:42:25+03,Неисправен
9081,214108,,2019-01-15 20:38:21+03,2019-01-16 11:42:25+03,Неисправен
9998,214109,,2019-01-15 20:38:21+03,2019-01-16 11:42:25+03,Неисправен
10827,214110,,2019-01-15 20:38:21+03,2019-01-16 11:42:25+03,Неисправен
9087,214220,,2019-01-15 20:38:21+03,2019-01-16 11:42:25+03,Неисправен
11547,214223,,2019-01-15 20:38:21+03,2019-01-16 11:42:25+03,Неисправен
2623,214227,,2019-01-15 20:38:21+03,2019-01-16 11:42:25+03,Неисправен
3333,214228,,2019-01-15 20:38:21+03,2019-01-16 11:42:25+03,Неисправен
220,214096,548,2019-01-16 12:42:15+03,2019-01-17 10:14:24+03,Неисправен
1029,214097,,2019-01-16 12:42:15+03,2019-01-17 10:14:24+03,Неисправен
1780,214098,,2019-01-16 12:42:15+03,2019-01-17 10:14:24+03,Неисправен
2618,214099,,2019-01-16 12:42:15+03,2019-01-17 10:14:24+03,Неисправен
3327,214100,,2019-01-16 12:42:15+03,2019-01-17 10:14:11+03,Неисправен
4045,214101,,2019-01-16 12:42:15+03,2019-01-17 10:14:11+03,Неисправен
4758,214102,,2019-01-16 12:42:15+03,2019-01-17 10:14:11+03,Неисправен
7024,214105,,2019-01-16 12:42:15+03,2019-01-17 10:14:24+03,Неисправен
7707,214106,,2019-01-16 12:42:15+03,2019-01-17 10:14:24+03,Неисправен
8389,214107,,2019-01-16 12:42:15+03,2019-01-17 11:16:45+03,Неисправен
9082,214108,,2019-01-16 12:42:15+03,2019-01-17 10:14:24+03,Неисправен
9999,214109,,2019-01-16 12:42:15+03,2019-01-17 10:14:11+03,Неисправен
10828,214110,,2019-01-16 12:42:15+03,2019-01-17 10:14:11+03,Неисправен
9088,214220,,2019-01-16 12:42:15+03,2019-01-17 10:14:36+03,Неисправен
11548,214223,,2019-01-16 12:42:15+03,2019-01-17 10:13:59+03,Неисправен
2624,214227,,2019-01-16 12:42:15+03,2019-01-17 10:14:11+03,Неисправен
3334,214228,,2019-01-16 12:42:15+03,2019-01-17 10:14:11+03,Неисправен
3275,196228,,2019-01-17 11:04:37+03,2019-01-17 14:00:41+03,Много неисправных устройств
5477,196231,,2019-01-17 11:04:38+03,2019-01-17 14:00:41+03,Много неисправных устройств
11549,214223,,2019-01-17 11:53:22+03,2019-01-18 10:34:44+03,Неисправен
2625,214227,,2019-01-17 11:53:34+03,2019-01-29 15:10:39+03,Неисправен
3335,214228,,2019-01-17 11:53:34+03,2019-01-29 15:10:41+03,Неисправен
10837,214222,,2019-01-18 12:35:26+03,2019-01-21 12:34:33+03,Неисправен
11550,214223,,2019-01-18 12:35:26+03,2019-01-21 12:34:09+03,Неисправен
4759,214118,559,2019-01-18 13:48:49+03,2019-01-28 11:22:04+03,Неисправен
5534,214119,564,2019-01-18 13:48:49+03,2019-01-28 11:22:04+03,Неисправен
6247,214120,567,2019-01-18 13:48:49+03,2019-01-28 11:22:04+03,Неисправен
7025,214121,570,2019-01-18 13:48:49+03,2019-01-28 11:22:04+03,Неисправен
7708,214122,574,2019-01-18 13:48:49+03,2019-01-28 11:22:04+03,Неисправен
8392,214123,579,2019-01-18 13:48:49+03,2019-01-28 11:22:04+03,Неисправен
11551,214223,,2019-01-21 14:09:58+03,2019-01-22 12:02:20+03,Неисправен
10748,171678,,2019-01-21 14:14:29+03,2019-01-25 09:52:28+03,Неисправен
10838,214222,,2019-01-22 14:59:12+03,2019-01-23 10:20:56+03,Неисправен
11552,214223,,2019-01-22 14:59:12+03,2019-01-23 10:20:56+03,Неисправен
11553,214223,,2019-01-23 14:21:30+03,2019-01-28 09:30:22+03,Неисправен
6063,3128,509,2019-01-25 14:35:31+03,2019-01-25 16:15:05+03,Батарея неисправна
866,135185,,2019-01-28 01:50:22+03,2019-01-28 18:52:26+03,Много неисправных устройств
1668,135186,,2019-01-28 01:50:22+03,2019-01-28 18:48:45+03,Много неисправных устройств
4573,93590,725,2019-01-28 12:10:51+03,2019-02-03 20:40:16+03,Неисправен
1606,93522,752,2019-01-28 12:16:13+03,2019-02-03 20:40:13+03,Неисправен
10839,214222,,2019-01-28 15:11:41+03,2019-01-29 09:01:22+03,Неисправен
11554,214223,,2019-01-28 15:11:41+03,2019-01-29 09:01:22+03,Неисправен
867,135185,,2019-01-31 09:01:20+03,2019-01-31 11:43:43+03,Много неисправных устройств
1669,135186,,2019-01-31 09:01:20+03,2019-01-31 11:43:53+03,Много неисправных устройств
2516,162899,,2019-01-31 10:21:21+03,2019-01-31 13:27:39+03,Много неисправных устройств
868,135185,,2019-01-31 12:11:26+03,2019-01-31 13:42:11+03,Много неисправных устройств
1670,135186,,2019-01-31 12:11:26+03,2019-01-31 13:42:21+03,Много неисправных устройств
8390,214107,,2019-02-01 09:47:31+03,2019-02-01 12:04:06+03,Неисправен
8391,214107,,2019-02-01 12:04:51+03,2019-02-01 14:23:18+03,Неисправен
3276,196228,,2019-02-11 11:29:47+03,2019-02-11 13:55:34+03,Много неисправных устройств
5478,196231,,2019-02-11 11:29:47+03,2019-02-11 13:55:34+03,Много неисправных устройств
8985,135196,1221,2019-02-12 08:22:14+03,2019-02-12 10:50:45+03,Не определено
869,135185,,2019-02-12 10:50:45+03,2019-02-12 15:48:48+03,Много неисправных устройств
1671,135186,,2019-02-12 10:50:45+03,2019-02-12 16:54:13+03,Много неисправных устройств
2517,162899,,2019-02-13 06:49:05+03,2019-02-13 14:12:24+03,Много неисправных устройств
870,135185,,2019-02-13 07:31:17+03,2019-02-13 08:42:51+03,Много неисправных устройств
4,9328,,2019-02-13 12:20:10+03,2019-02-13 13:25:31+03,Много неисправных устройств
783,9329,,2019-02-13 12:20:10+03,2019-02-13 13:25:10+03,Много неисправных устройств
1571,9330,,2019-02-13 12:20:10+03,2019-02-13 13:25:21+03,Много неисправных устройств
843,116145,,2019-02-18 12:59:47+03,2019-02-18 15:04:36+03,Много неисправных устройств
2430,116147,,2019-02-18 12:59:47+03,2019-02-18 15:04:36+03,Много неисправных устройств
5432,146135,,2019-02-18 12:59:48+03,2019-02-18 15:04:36+03,Много неисправных устройств
10754,178334,,2019-02-18 12:59:48+03,2019-02-18 15:04:36+03,Много неисправных устройств
1730,171490,,2019-02-19 11:47:39+03,2019-02-19 15:34:01+03,Неисправен
8981,120172,401,2019-02-20 12:42:06+03,2019-02-27 23:06:26+03,Не определено
3956,120197,,2019-02-20 12:42:06+03,2019-02-27 23:06:27+03,Не определено
5424,120199,,2019-02-20 12:42:06+03,2019-02-27 23:06:27+03,Не определено
2437,120211,,2019-02-20 12:42:06+03,2019-02-27 23:06:27+03,Не определено
4643,120214,,2019-02-20 12:42:06+03,2019-02-24 08:00:22+03,Не определено
6900,120217,,2019-02-20 12:42:07+03,2019-02-27 23:06:27+03,Не определено
844,116145,,2019-02-26 12:49:34+03,2019-02-26 14:49:44+03,Много неисправных устройств
9014,171804,,2019-02-26 13:24:39+03,2019-04-01 10:42:04+03,Неисправен
871,135185,,2019-03-06 15:07:59+03,2019-03-06 19:39:08+03,Много неисправных устройств
1672,135186,,2019-03-06 15:08:00+03,2019-03-06 20:08:05+03,Много неисправных устройств
3258,154100,,2019-03-11 16:30:35+03,2019-03-11 19:01:07+03,Много неисправных устройств
4702,154102,,2019-03-11 16:30:35+03,2019-03-11 19:01:07+03,Много неисправных устройств
872,135185,,2019-03-11 16:30:38+03,2019-03-11 19:13:24+03,Много неисправных устройств
1673,135186,,2019-03-11 16:30:38+03,2019-03-11 19:13:24+03,Много неисправных устройств
2518,162899,,2019-03-11 16:31:28+03,2019-03-11 19:52:46+03,Много неисправных устройств
873,135185,,2019-03-12 14:17:15+03,2019-03-12 17:01:46+03,Много неисправных устройств
1674,135186,,2019-03-12 14:17:15+03,2019-03-12 17:01:46+03,Много неисправных устройств
2519,162899,,2019-03-14 14:50:14+03,2019-03-15 08:00:56+03,Много неисправных устройств
874,135185,,2019-03-14 14:51:32+03,2019-03-15 08:17:35+03,Много неисправных устройств
1675,135186,,2019-03-14 14:51:32+03,2019-03-14 15:57:46+03,Много неисправных устройств
2520,162899,,2019-03-21 15:34:58+03,2019-03-21 16:39:03+03,Много неисправных устройств
7657,193082,,2019-04-03 02:19:01+03,2019-04-11 16:19:16+03,Не определено
1734,193090,817,2019-04-03 02:19:02+03,2019-04-11 16:19:17+03,Не определено
10760,193150,805,2019-04-03 02:19:04+03,2019-04-08 19:50:41+03,Не определено
10773,193166,808,2019-04-03 02:19:05+03,2019-04-09 13:40:26+03,Не определено
10786,193182,800,2019-04-03 02:19:06+03,2019-04-11 16:19:21+03,Не определено
5451,193207,793,2019-04-03 02:19:08+03,2019-04-04 17:25:21+03,Не определено
5464,193223,791,2019-04-03 02:19:08+03,2019-04-11 16:19:22+03,Не определено
7669,193226,786,2019-04-03 02:19:09+03,2019-04-09 13:29:22+03,Не определено
171,193120,831,2019-04-03 02:30:28+03,2019-04-11 16:19:18+03,Не определено
2568,193123,828,2019-04-03 02:30:29+03,2019-04-11 16:19:18+03,Не определено
4013,193141,822,2019-04-03 02:30:29+03,2019-04-03 11:34:19+03,Не определено
875,135185,,2019-04-11 14:28:57+03,2019-04-11 17:33:20+03,Много неисправных устройств
1676,135186,,2019-04-11 14:28:57+03,2019-04-11 17:19:24+03,Много неисправных устройств
3299,196820,,2019-04-12 08:58:05+03,2019-04-12 11:01:03+03,Много неисправных устройств
5501,196823,,2019-04-12 08:58:05+03,2019-04-12 11:02:04+03,Много неисправных устройств
6220,196824,,2019-04-12 08:58:05+03,2019-04-12 11:02:25+03,Много неисправных устройств
7658,193082,,2019-04-12 16:41:58+03,2019-04-15 01:33:41+03,Не определено
1735,193090,817,2019-04-12 16:41:59+03,2019-04-15 01:33:42+03,Не определено
172,193120,831,2019-04-12 16:42:02+03,2019-04-15 01:33:43+03,Не определено
2569,193123,828,2019-04-12 16:42:03+03,2019-04-15 01:33:43+03,Не определено
4014,193141,822,2019-04-12 16:42:04+03,2019-04-13 02:26:00+03,Не определено
10761,193150,805,2019-04-12 16:42:04+03,2019-04-15 01:33:45+03,Не определено
10774,193166,808,2019-04-12 16:42:06+03,2019-04-15 01:33:46+03,Не определено
10787,193182,800,2019-04-12 16:42:07+03,2019-04-15 01:33:46+03,Не определено
5452,193207,793,2019-04-12 16:42:08+03,2019-04-15 01:33:48+03,Не определено
5465,193223,791,2019-04-12 16:42:09+03,2019-04-15 01:33:49+03,Не определено
7670,193226,786,2019-04-12 16:42:09+03,2019-04-15 01:33:49+03,Не определено
2521,162899,,2019-04-18 20:39:52+03,2019-04-19 08:02:43+03,Много неисправных устройств
3294,196756,1461,2019-04-26 13:28:11+03,2019-07-12 11:48:09+03,Неисправен
11561,222047,1306,2019-04-30 11:45:21+03,2019-04-30 14:50:29+03,Неисправен
2522,162899,,2019-05-17 01:00:20+03,2019-05-17 08:06:49+03,Много неисправных устройств
2523,162899,,2019-05-20 13:43:39+03,2019-05-20 16:51:56+03,Много неисправных устройств
2524,162899,,2019-05-29 12:36:57+03,2019-05-29 16:35:49+03,Много неисправных устройств
4046,214133,580,2019-06-03 07:12:31+03,2019-06-03 14:47:52+03,Неисправен
6232,197000,1512,2019-06-10 10:50:51+03,2019-06-10 14:35:58+03,Неисправен
6248,223576,,2019-06-10 11:36:32+03,2019-06-13 10:40:06+03,Неисправен
1030,214129,562,2019-06-11 12:26:19+03,2019-06-13 07:48:29+03,Неисправен
11543,214127,,2019-06-11 22:24:05+03,2019-06-13 07:41:05+03,Неисправен
221,214128,557,2019-06-13 07:48:46+03,2019-06-13 15:49:02+03,Неисправен
1031,214129,562,2019-06-13 07:48:46+03,2019-06-13 16:28:33+03,Неисправен
8928,77532,,2019-06-14 10:30:22+03,2019-06-14 13:41:52+03,Много неисправных устройств
9733,77533,,2019-06-14 10:30:22+03,2019-06-14 13:42:02+03,Много неисправных устройств
7650,178330,,2019-06-14 10:30:30+03,2019-06-14 13:42:12+03,Много неисправных устройств
8929,77532,,2019-06-16 11:20:48+03,2019-06-16 12:53:00+03,Много неисправных устройств
9734,77533,,2019-06-16 11:20:48+03,2019-06-16 12:53:10+03,Много неисправных устройств
7651,178330,,2019-06-16 11:20:57+03,2019-06-16 12:53:20+03,Много неисправных устройств
8930,77532,,2019-06-16 13:23:50+03,2019-06-16 14:39:56+03,Много неисправных устройств
9735,77533,,2019-06-16 13:23:50+03,2019-06-16 14:40:26+03,Много неисправных устройств
7652,178330,,2019-06-16 13:23:56+03,2019-06-16 14:40:36+03,Много неисправных устройств
4761,223574,,2019-06-17 11:27:12+03,2019-06-17 15:21:51+03,Неисправен
5360,94103,842,2019-06-17 14:53:04+03,2019-07-02 09:45:55+03,Неисправен
7659,193082,,2019-06-20 02:48:15+03,2019-06-26 15:19:06+03,Не определено
1736,193090,817,2019-06-20 02:48:15+03,2019-06-26 15:19:06+03,Не определено
9031,193100,800,2019-06-20 02:48:16+03,2019-06-20 18:46:47+03,Не определено
173,193120,831,2019-06-20 02:48:18+03,2019-06-23 06:11:52+03,Не определено
2570,193123,828,2019-06-20 02:48:18+03,2019-06-26 15:19:06+03,Не определено
4015,193141,822,2019-06-20 02:48:19+03,2019-06-23 09:15:50+03,Не определено
10762,193150,805,2019-06-20 02:48:20+03,2019-06-26 15:19:06+03,Не определено
10788,193182,800,2019-06-20 02:48:22+03,2019-06-26 15:19:06+03,Не определено
995,193185,800,2019-06-20 02:48:22+03,2019-06-21 18:17:51+03,Не определено
5453,193207,793,2019-06-20 02:48:23+03,2019-06-20 23:11:01+03,Не определено
5466,193223,791,2019-06-20 02:48:24+03,2019-06-26 15:19:06+03,Не определено
7671,193226,786,2019-06-20 02:48:24+03,2019-06-20 23:23:54+03,Не определено
3271,171668,,2019-06-24 09:56:22+03,2019-06-24 11:17:38+03,Неисправен
3272,171668,,2019-06-24 11:17:42+03,2019-06-24 13:37:46+03,Неисправен
2554,171475,,2019-06-25 01:11:29+03,2019-06-25 09:06:22+03,Неисправен
9880,147933,1261,2019-06-26 09:59:27+03,2019-06-26 16:08:51+03,Неисправен
7660,193082,,2019-06-26 15:19:10+03,2019-07-02 09:46:34+03,Не определено
1737,193090,817,2019-06-26 15:19:10+03,2019-07-02 09:46:35+03,Не определено
9032,193100,800,2019-06-26 15:19:12+03,2019-06-27 02:46:27+03,Не определено
174,193120,831,2019-06-26 15:19:14+03,2019-07-02 09:46:36+03,Не определено
2571,193123,828,2019-06-26 15:19:14+03,2019-07-02 09:46:36+03,Не определено
4016,193141,822,2019-06-26 15:19:15+03,2019-07-02 09:46:37+03,Не определено
10763,193150,805,2019-06-26 15:19:16+03,2019-07-02 09:46:38+03,Не определено
10775,193166,808,2019-06-26 15:19:17+03,2019-07-01 14:11:35+03,Не определено
10789,193182,800,2019-06-26 15:19:18+03,2019-07-02 09:46:40+03,Не определено
996,193185,800,2019-06-26 15:19:18+03,2019-06-27 04:27:53+03,Не определено
5454,193207,793,2019-06-26 15:19:19+03,2019-06-27 00:18:41+03,Не определено
5467,193223,791,2019-06-26 15:19:20+03,2019-07-02 09:46:42+03,Не определено
7672,193226,786,2019-06-26 15:19:21+03,2019-06-27 02:31:49+03,Не определено
9881,147933,1261,2019-06-27 08:59:54+03,2019-06-27 11:10:09+03,Неисправен
2525,162899,,2019-07-02 03:15:21+03,2019-07-02 08:19:48+03,Много неисправных устройств
1583,93138,,2019-07-02 09:45:16+03,2019-07-02 11:57:31+03,Много неисправных устройств
2500,157315,,2019-07-05 13:55:10+03,2019-07-05 15:19:28+03,Неисправен
2526,162899,,2019-07-07 16:55:30+03,2019-07-08 08:03:14+03,Много неисправных устройств
94,143696,1258,2019-07-08 09:30:09+03,2019-07-08 14:05:41+03,Не определено
6102,143512,1263,2019-07-08 09:39:29+03,2019-07-09 06:40:16+03,Не определено
1686,143522,,2019-07-08 09:39:30+03,2019-07-09 07:45:39+03,Не определено
888,143537,1243,2019-07-08 09:39:30+03,2019-07-11 11:17:53+03,Не определено
2452,143587,1233,2019-07-08 09:39:32+03,2019-07-12 09:55:01+03,Не определено
6925,143593,1231,2019-07-08 09:39:32+03,2019-07-08 18:01:42+03,Не определено
7605,143610,1278,2019-07-08 09:39:33+03,2019-07-12 09:55:01+03,Не определено
9846,143613,1276,2019-07-08 09:39:33+03,2019-07-09 04:11:42+03,Не определено
6939,143625,1266,2019-07-08 09:39:33+03,2019-07-12 09:55:01+03,Не определено
3987,143653,1240,2019-07-08 09:39:34+03,2019-07-12 09:55:01+03,Не определено
6103,143512,1263,2019-07-12 09:55:19+03,2019-07-12 21:53:35+03,Не определено
1687,143522,,2019-07-12 09:55:20+03,2019-07-16 23:18:17+03,Не определено
889,143537,1243,2019-07-12 09:55:21+03,2019-07-15 14:52:01+03,Не определено
2453,143587,1233,2019-07-12 09:55:23+03,2019-08-09 17:42:12+03,Не определено
6926,143593,1231,2019-07-12 09:55:23+03,2019-07-12 21:45:02+03,Не определено
7606,143610,1278,2019-07-12 09:55:23+03,2019-08-09 17:42:12+03,Не определено
9847,143613,1276,2019-07-12 09:55:24+03,2019-07-13 15:15:40+03,Не определено
6940,143625,1266,2019-07-12 09:55:24+03,2019-08-09 02:10:43+03,Не определено
3988,143653,1240,2019-07-12 09:55:25+03,2019-07-17 01:18:07+03,Не определено
7661,193082,,2019-07-18 15:51:43+03,2019-08-09 12:19:20+03,Не определено
1738,193090,817,2019-07-18 15:51:44+03,2019-08-09 12:19:22+03,Не определено
9033,193100,800,2019-07-18 15:51:45+03,2019-07-18 19:09:13+03,Не определено
175,193120,831,2019-07-18 15:51:47+03,2019-07-26 14:14:06+03,Не определено
2572,193123,828,2019-07-18 15:51:48+03,2019-08-09 12:19:27+03,Не определено
4017,193141,822,2019-07-18 15:51:49+03,2019-08-09 12:19:29+03,Не определено
10764,193150,805,2019-07-18 15:51:49+03,2019-08-09 12:19:29+03,Не определено
10776,193166,808,2019-07-18 15:51:51+03,2019-08-09 12:19:31+03,Не определено
10790,193182,800,2019-07-18 15:51:52+03,2019-07-24 13:11:42+03,Не определено
997,193185,800,2019-07-18 15:51:52+03,2019-07-21 16:13:06+03,Не определено
5455,193207,793,2019-07-18 15:51:53+03,2019-07-18 23:01:59+03,Не определено
5468,193223,791,2019-07-18 15:51:54+03,2019-08-09 12:19:35+03,Не определено
7673,193226,786,2019-07-18 15:51:55+03,2019-07-19 22:03:23+03,Не определено
7662,193082,,2019-08-09 12:28:19+03,2019-08-15 09:57:46+03,Не определено
1739,193090,817,2019-08-09 12:28:20+03,2019-08-15 09:57:46+03,Не определено
9034,193100,800,2019-08-09 12:28:21+03,2019-08-10 08:19:48+03,Не определено
176,193120,831,2019-08-09 12:28:23+03,2019-08-15 09:57:46+03,Не определено
2573,193123,828,2019-08-09 12:28:23+03,2019-08-15 09:57:46+03,Не определено
4018,193141,822,2019-08-09 12:28:25+03,2019-08-15 09:57:46+03,Не определено
10765,193150,805,2019-08-09 12:28:25+03,2019-08-15 09:57:46+03,Не определено
10777,193166,808,2019-08-09 12:28:26+03,2019-08-13 21:24:44+03,Не определено
10791,193182,800,2019-08-09 12:28:27+03,2019-08-13 18:02:24+03,Не определено
998,193185,800,2019-08-09 12:28:28+03,2019-08-10 12:37:58+03,Не определено
5456,193207,793,2019-08-09 12:28:29+03,2019-08-12 20:56:58+03,Не определено
5469,193223,791,2019-08-09 12:28:30+03,2019-08-15 09:57:47+03,Не определено
7674,193226,786,2019-08-09 12:28:30+03,2019-08-13 23:02:17+03,Не определено
6104,143512,1263,2019-08-09 17:42:47+03,2019-08-10 07:25:39+03,Не определено
1688,143522,,2019-08-09 17:42:47+03,2019-08-13 12:18:50+03,Не определено
890,143537,1243,2019-08-09 17:42:48+03,2019-08-10 04:54:36+03,Не определено
2454,143587,1233,2019-08-09 17:42:50+03,2019-08-13 12:18:53+03,Не определено
6927,143593,1231,2019-08-09 17:42:50+03,2019-08-10 06:48:54+03,Не определено
7607,143610,1278,2019-08-09 17:42:51+03,2019-08-13 12:18:54+03,Не определено
9848,143613,1276,2019-08-09 17:42:51+03,2019-08-10 11:52:46+03,Не определено
6941,143625,1266,2019-08-09 17:42:51+03,2019-08-13 12:18:54+03,Не определено
2468,143635,1261,2019-08-09 17:42:52+03,2019-08-13 12:18:55+03,Не определено
3989,143653,1240,2019-08-09 17:42:52+03,2019-08-14 07:40:48+03,Не определено
6105,143512,1263,2019-08-14 07:41:24+03,2019-08-14 09:10:32+03,Не определено
1689,143522,,2019-08-14 07:41:25+03,2019-08-14 11:13:43+03,Не определено
891,143537,1243,2019-08-14 07:41:25+03,2019-08-14 11:53:15+03,Не определено
2455,143587,1233,2019-08-14 07:41:27+03,2019-08-14 11:53:15+03,Не определено
7608,143610,1278,2019-08-14 07:41:28+03,2019-08-14 11:53:15+03,Не определено
9849,143613,1276,2019-08-14 07:41:28+03,2019-08-14 11:53:15+03,Не определено
6942,143625,1266,2019-08-14 07:41:29+03,2019-08-14 11:53:15+03,Не определено
2469,143635,1261,2019-08-14 07:41:29+03,2019-08-14 11:53:15+03,Не определено
3990,143653,1240,2019-08-14 07:41:30+03,2019-08-14 11:53:15+03,Не определено
95,143696,1258,2019-08-14 07:41:35+03,2019-08-14 11:41:08+03,Не определено
6106,143512,1263,2019-08-14 11:53:52+03,2019-08-14 22:04:52+03,Не определено
1690,143522,,2019-08-14 11:53:53+03,2019-08-14 21:45:27+03,Не определено
892,143537,1243,2019-08-14 11:53:54+03,2019-08-15 07:36:58+03,Не определено
2456,143587,1233,2019-08-14 11:53:56+03,2019-09-05 09:16:22+03,Не определено
6928,143593,1231,2019-08-14 11:53:56+03,2019-08-14 21:32:22+03,Не определено
7609,143610,1278,2019-08-14 11:53:56+03,2019-09-05 09:17:38+03,Не определено
9850,143613,1276,2019-08-14 11:53:57+03,2019-08-16 01:32:59+03,Не определено
6943,143625,1266,2019-08-14 11:53:57+03,2019-09-05 09:18:42+03,Не определено
2470,143635,1261,2019-08-14 11:53:58+03,2019-08-17 09:05:35+03,Не определено
3991,143653,1240,2019-08-14 11:53:58+03,2019-09-05 09:21:13+03,Не определено
7663,193082,,2019-08-15 10:35:05+03,2019-09-25 10:47:54+03,Не определено
1740,193090,817,2019-08-15 10:35:06+03,2019-09-25 10:47:54+03,Не определено
9035,193100,800,2019-08-15 10:35:07+03,2019-08-15 17:00:25+03,Не определено
177,193120,831,2019-08-15 10:35:08+03,2019-09-25 10:47:56+03,Не определено
2574,193123,828,2019-08-15 10:35:08+03,2019-09-25 10:47:56+03,Не определено
4019,193141,822,2019-08-15 10:35:09+03,2019-09-19 01:15:51+03,Не определено
10766,193150,805,2019-08-15 10:35:10+03,2019-09-25 10:47:57+03,Не определено
10778,193166,808,2019-08-15 10:35:11+03,2019-08-15 22:11:23+03,Не определено
10792,193182,800,2019-08-15 10:35:12+03,2019-08-19 13:32:47+03,Не определено
999,193185,800,2019-08-15 10:35:12+03,2019-08-15 15:46:37+03,Не определено
5457,193207,793,2019-08-15 10:35:13+03,2019-08-15 22:04:15+03,Не определено
5470,193223,791,2019-08-15 10:35:14+03,2019-08-19 12:12:50+03,Не определено
7675,193226,786,2019-08-15 10:35:14+03,2019-08-18 22:25:06+03,Не определено
1759,196738,1487,2019-08-19 20:39:08+03,2019-08-20 01:16:33+03,Неисправен
7700,212330,1534,2019-08-22 13:04:55+03,2019-08-22 15:29:36+03,Неисправен
876,135185,,2019-08-26 13:30:02+03,2019-08-26 16:39:18+03,Много неисправных устройств
1677,135186,,2019-08-26 13:30:02+03,2019-08-26 15:01:14+03,Много неисправных устройств
2333,2867,,2019-08-27 06:33:15+03,2019-09-01 22:31:21+03,Не определено
3893,2869,531,2019-08-27 06:33:15+03,2019-08-27 13:56:29+03,Не определено
5320,2871,530,2019-08-27 06:33:16+03,2019-09-01 22:31:21+03,Не определено
8275,2875,529,2019-08-27 06:33:16+03,2019-08-29 00:02:42+03,Не определено
9709,2877,528,2019-08-27 06:33:16+03,2019-09-01 22:31:21+03,Не определено
765,2881,526,2019-08-27 06:33:16+03,2019-09-01 22:31:21+03,Не определено
3896,2885,526,2019-08-27 06:33:17+03,2019-08-28 02:56:57+03,Не определено
5323,2887,525,2019-08-27 06:33:17+03,2019-08-27 15:18:54+03,Не определено
6834,2889,,2019-08-27 06:33:17+03,2019-09-01 22:31:21+03,Не определено
8278,2891,,2019-08-27 06:33:17+03,2019-08-27 19:29:59+03,Не определено
8282,2907,516,2019-08-27 06:33:19+03,2019-08-27 07:42:03+03,Не определено
768,2945,511,2019-08-27 06:33:22+03,2019-08-27 23:28:59+03,Не определено
2338,2947,510,2019-08-27 06:33:22+03,2019-08-27 22:29:18+03,Не определено
3899,2949,,2019-08-27 06:33:22+03,2019-08-27 22:00:29+03,Не определено
5326,2951,,2019-08-27 06:33:23+03,2019-08-27 22:23:13+03,Не определено
9712,2957,506,2019-08-27 06:33:23+03,2019-08-27 07:36:39+03,Не определено
11402,2959,,2019-08-27 06:33:23+03,2019-09-01 22:31:21+03,Не определено
773,2961,504,2019-08-27 06:33:24+03,2019-08-27 19:38:10+03,Не определено
5330,2967,,2019-08-27 06:33:24+03,2019-08-27 19:59:01+03,Не определено
8286,2971,,2019-08-27 06:33:24+03,2019-08-27 08:00:13+03,Не определено
778,2977,496,2019-08-27 06:33:25+03,2019-08-27 19:11:53+03,Не определено
2343,2979,495,2019-08-27 06:33:25+03,2019-09-01 22:31:21+03,Не определено
3904,2981,,2019-08-27 06:33:25+03,2019-08-27 19:58:00+03,Не определено
8931,77532,,2019-08-30 03:08:05+03,2019-08-30 05:37:04+03,Много неисправных устройств
9736,77533,,2019-08-30 03:08:05+03,2019-08-30 05:37:14+03,Много неисправных устройств
7653,178330,,2019-08-30 03:08:28+03,2019-08-30 05:37:24+03,Много неисправных устройств
6217,196792,1454,2019-09-14 12:27:54+03,2019-09-14 14:14:45+03,Неисправен
104,144736,1279,2019-09-18 10:53:32+03,2019-09-23 09:48:31+03,Не определено
3243,144740,1290,2019-09-18 10:53:32+03,2019-09-23 09:48:31+03,Не определено
4667,144742,1298,2019-09-18 10:53:32+03,2019-09-23 09:48:31+03,Не определено
6117,144744,1302,2019-09-18 10:53:32+03,2019-09-23 09:48:31+03,Не определено
112,144752,1310,2019-09-18 10:53:33+03,2019-09-23 09:48:31+03,Не определено
3216,115716,1060,2019-09-20 15:48:49+03,2019-09-20 20:27:46+03,Неисправен
3943,115717,1060,2019-09-20 15:48:49+03,2019-09-20 20:27:46+03,Неисправен
845,116145,,2019-09-20 20:28:13+03,2019-09-23 09:14:27+03,Много неисправных устройств
2431,116147,,2019-09-20 20:28:14+03,2019-09-20 23:46:48+03,Много неисправных устройств
2587,196755,1481,2019-09-22 18:55:15+03,2019-09-22 20:29:19+03,Неисправен
8943,93756,653,2019-09-23 04:49:49+03,2019-09-25 10:46:50+03,Не определено
4588,93782,624,2019-09-23 04:49:52+03,2019-09-25 10:46:51+03,Не определено
105,144736,1279,2019-09-23 09:48:51+03,2019-10-01 00:11:59+03,Не определено
3244,144740,1290,2019-09-23 09:48:52+03,2019-10-15 13:01:03+03,Не определено
4668,144742,1298,2019-09-23 09:48:52+03,2019-10-07 08:01:58+03,Не определено
6118,144744,1302,2019-09-23 09:48:52+03,2019-10-07 07:59:19+03,Не определено
113,144752,1310,2019-09-23 09:48:53+03,2019-10-15 13:01:04+03,Не определено
3251,144756,1280,2019-09-23 09:48:53+03,2019-10-07 23:38:34+03,Не определено
4674,144758,1281,2019-09-23 09:48:54+03,2019-09-29 13:00:02+03,Не определено
6125,144760,1282,2019-09-23 09:48:54+03,2019-10-07 07:45:44+03,Не определено
7620,144762,1283,2019-09-23 09:48:54+03,2019-10-07 07:31:26+03,Не определено
8988,144764,1283,2019-09-23 09:48:54+03,2019-10-09 02:42:18+03,Не определено
10719,144766,1284,2019-09-23 09:48:54+03,2019-09-23 12:46:37+03,Не определено
120,144768,1285,2019-09-23 09:48:55+03,2019-10-15 13:01:05+03,Не определено
4678,144774,1288,2019-09-23 09:48:55+03,2019-10-15 13:01:06+03,Не определено
6131,144776,1289,2019-09-23 09:48:56+03,2019-10-07 07:56:35+03,Не определено
10724,144782,1291,2019-09-23 09:48:56+03,2019-09-27 08:04:32+03,Не определено
127,144784,1292,2019-09-23 09:48:56+03,2019-10-06 07:56:04+03,Не определено
1695,144786,1293,2019-09-23 09:48:57+03,2019-09-24 01:27:34+03,Не определено
10731,144798,1296,2019-09-23 09:48:58+03,2019-10-06 07:55:12+03,Не определено
133,144800,1297,2019-09-23 09:48:58+03,2019-10-02 11:14:03+03,Не определено
1699,144802,1297,2019-09-23 09:48:58+03,2019-10-03 12:17:42+03,Не определено
4684,144806,,2019-09-23 09:48:59+03,2019-09-23 13:56:23+03,Не определено
7626,144810,1304,2019-09-23 09:48:59+03,2019-09-28 07:43:36+03,Не определено
8994,144812,1306,2019-09-23 09:48:59+03,2019-10-07 07:33:31+03,Не определено
904,144817,1290,2019-09-23 09:49:00+03,2019-10-15 13:01:09+03,Не определено
5427,144823,1309,2019-09-23 09:49:00+03,2019-09-24 07:15:28+03,Не определено
7633,144826,1310,2019-09-23 09:49:00+03,2019-09-26 06:02:40+03,Не определено
9871,144829,1282,2019-09-23 09:49:01+03,2019-10-03 11:53:06+03,Не определено
4628,116134,989,2019-09-30 08:32:01+03,2019-09-30 09:51:56+03,Неисправен
222,214128,557,2019-10-01 07:40:27+03,2019-10-01 09:18:48+03,Неисправен
1032,214129,562,2019-10-01 07:40:27+03,2019-10-01 09:18:48+03,Неисправен
1781,214130,568,2019-10-01 07:40:27+03,2019-10-01 09:18:48+03,Неисправен
2619,214131,573,2019-10-01 07:40:27+03,2019-10-01 09:18:48+03,Неисправен
3328,214132,573,2019-10-01 07:40:27+03,2019-10-01 09:18:48+03,Неисправен
4047,214133,580,2019-10-01 07:40:27+03,2019-10-01 09:18:48+03,Неисправен
4629,116134,989,2019-10-01 09:53:40+03,2019-10-01 13:36:28+03,Неисправен
8944,93756,653,2019-10-16 14:16:34+03,2019-10-17 08:46:16+03,Не определено
4589,93782,624,2019-10-16 14:16:36+03,2019-10-17 16:38:10+03,Не определено
1678,135186,,2019-10-27 10:26:12+03,2019-10-27 21:24:53+03,Много неисправных устройств
1584,93138,,2019-10-29 09:37:52+03,2019-10-29 10:49:46+03,Много неисправных устройств
3259,154100,,2019-11-05 07:56:39+03,2019-11-05 17:37:04+03,Много неисправных устройств
8932,77532,,2019-11-06 02:17:31+03,2019-11-06 05:23:22+03,Много неисправных устройств
9737,77533,,2019-11-06 02:17:31+03,2019-11-06 05:23:32+03,Много неисправных устройств
7654,178330,,2019-11-06 02:18:01+03,2019-11-06 05:23:42+03,Много неисправных устройств
2527,162899,,2019-11-06 02:43:12+03,2019-11-06 08:05:54+03,Много неисправных устройств
8383,212283,1521,2019-11-08 13:22:01+03,2019-11-08 15:15:18+03,Неисправен
6107,143512,1263,2019-11-13 13:59:40+03,2019-11-21 00:37:33+03,Не определено
1691,143522,,2019-11-13 13:59:41+03,2019-11-14 06:43:00+03,Не определено
893,143537,1243,2019-11-13 13:59:41+03,2019-11-13 16:31:31+03,Не определено
2457,143587,1233,2019-11-13 13:59:43+03,2019-11-21 04:27:44+03,Не определено
6929,143593,1231,2019-11-13 13:59:43+03,2019-11-21 04:27:44+03,Не определено
7610,143610,1278,2019-11-13 13:59:44+03,2019-11-21 04:27:45+03,Не определено
9851,143613,1276,2019-11-13 13:59:44+03,2019-11-15 16:41:47+03,Не определено
6944,143625,1266,2019-11-13 13:59:45+03,2019-11-14 10:23:21+03,Не определено
2471,143635,1261,2019-11-13 13:59:45+03,2019-11-16 21:07:31+03,Не определено
3992,143653,1240,2019-11-13 13:59:46+03,2019-11-20 17:08:36+03,Не определено
6137,147000,,2019-11-22 03:14:39+03,2019-11-22 06:05:16+03,Много неисправных устройств
6962,147001,,2019-11-22 03:14:39+03,2019-11-22 06:05:26+03,Много неисправных устройств
9724,50637,,2019-11-22 04:30:48+03,2019-11-22 05:59:49+03,Много неисправных устройств
9725,50637,,2019-11-23 06:41:08+03,2019-11-23 08:29:32+03,Много неисправных устройств
6138,147000,,2019-11-23 16:51:09+03,2019-11-23 20:54:35+03,Много неисправных устройств
6963,147001,,2019-11-23 16:51:09+03,2019-11-23 20:54:45+03,Много неисправных устройств
9726,50637,,2019-11-23 17:39:15+03,2019-11-23 20:42:48+03,Много неисправных устройств
10613,50638,,2019-11-23 17:39:15+03,2019-11-23 20:42:48+03,Много неисправных устройств
2448,135203,1220,2019-11-27 12:02:11+03,2019-11-27 16:28:05+03,Не определено
4662,135190,1220,2019-11-27 12:02:15+03,2019-11-27 16:28:05+03,Не определено
6097,135192,1220,2019-11-27 12:02:15+03,2019-11-27 16:28:05+03,Не определено
7603,135194,1219,2019-11-27 12:02:16+03,2019-11-27 16:28:05+03,Не определено
8986,135196,1221,2019-11-27 12:02:16+03,2019-11-27 16:28:05+03,Не определено
10708,135198,1222,2019-11-27 12:02:16+03,2019-11-27 16:28:05+03,Не определено
91,135200,1223,2019-11-27 12:02:16+03,2019-11-27 16:28:05+03,Не определено
9842,135213,1219,2019-11-27 12:02:17+03,2019-11-27 16:28:05+03,Не определено
5425,135223,1222,2019-11-27 12:02:17+03,2019-11-27 16:28:05+03,Не определено
3240,135188,1214,2019-11-27 12:09:15+03,2019-11-27 16:28:05+03,Не определено
1692,143522,,2019-11-28 10:17:43+03,2019-11-29 02:25:16+03,Не определено
96,143696,1258,2019-11-28 10:55:51+03,2020-01-16 13:48:01+03,Не определено
9861,144733,,2019-12-07 23:16:36+03,2019-12-08 01:43:36+03,Много неисправных устройств
10710,144734,,2019-12-07 23:16:36+03,2019-12-08 00:26:52+03,Много неисправных устройств
8346,178331,,2019-12-07 23:16:50+03,2019-12-08 01:43:57+03,Много неисправных устройств
1585,93138,,2019-12-11 11:06:17+03,2019-12-11 12:49:04+03,Много неисправных устройств
2528,162899,,2019-12-12 16:27:22+03,2019-12-12 18:07:13+03,Много неисправных устройств
2529,162899,,2019-12-17 22:09:38+03,2019-12-18 08:02:35+03,Много неисправных устройств
11398,2943,515,2019-12-19 15:58:44+03,2019-12-20 07:45:19+03,Не определено
769,2945,511,2019-12-19 15:58:44+03,2019-12-20 16:26:28+03,Не определено
2339,2947,510,2019-12-19 15:58:44+03,2019-12-20 09:52:39+03,Не определено
5327,2951,,2019-12-19 15:58:44+03,2019-12-20 09:53:05+03,Не определено
9713,2957,506,2019-12-19 15:58:45+03,2019-12-20 09:54:55+03,Не определено
774,2961,504,2019-12-19 15:58:45+03,2019-12-20 09:55:17+03,Не определено
3900,2965,501,2019-12-19 15:58:46+03,2019-12-20 09:56:05+03,Не определено
5331,2967,,2019-12-19 15:58:46+03,2019-12-20 11:38:28+03,Не определено
8287,2971,,2019-12-19 15:58:46+03,2019-12-20 12:20:00+03,Не определено
779,2977,496,2019-12-19 15:58:47+03,2019-12-20 12:20:01+03,Не определено
2344,2979,495,2019-12-19 15:58:47+03,2019-12-20 12:20:01+03,Не определено
3905,2981,,2019-12-19 15:58:47+03,2019-12-20 12:20:01+03,Не определено
5334,2983,,2019-12-19 15:58:47+03,2019-12-19 23:47:24+03,Не определено
2334,2867,,2019-12-23 10:11:59+03,2019-12-30 20:13:14+03,Не определено
3894,2869,531,2019-12-23 10:11:59+03,2019-12-28 21:48:11+03,Не определено
5321,2871,530,2019-12-23 10:11:59+03,2019-12-31 14:13:01+03,Не определено
8276,2875,529,2019-12-23 10:12:00+03,2020-01-17 12:04:38+03,Не определено
9710,2877,528,2019-12-23 10:12:00+03,2020-01-15 09:24:22+03,Не определено
11396,2879,527,2019-12-23 10:12:00+03,2019-12-23 12:50:57+03,Не определено
766,2881,526,2019-12-23 10:12:00+03,2020-01-09 13:42:03+03,Не определено
3897,2885,526,2019-12-23 10:12:00+03,2020-01-17 12:04:38+03,Не определено
5324,2887,525,2019-12-23 10:12:01+03,2019-12-23 11:14:44+03,Не определено
6835,2889,,2019-12-23 10:12:01+03,2020-01-17 12:04:38+03,Не определено
8279,2891,,2019-12-23 10:12:01+03,2020-01-01 09:25:47+03,Не определено
2336,2899,519,2019-12-23 10:12:02+03,2019-12-24 22:49:45+03,Не определено
8283,2907,516,2019-12-23 10:12:03+03,2019-12-23 15:32:30+03,Не определено
11399,2943,515,2019-12-23 10:12:06+03,2019-12-23 11:37:46+03,Не определено
770,2945,511,2019-12-23 10:12:06+03,2020-01-17 12:04:39+03,Не определено
2340,2947,510,2019-12-23 10:12:06+03,2020-01-17 12:04:39+03,Не определено
5328,2951,,2019-12-23 10:12:07+03,2019-12-23 14:57:08+03,Не определено
9714,2957,506,2019-12-23 10:12:07+03,2019-12-25 18:49:30+03,Не определено
775,2961,504,2019-12-23 10:12:07+03,2019-12-29 16:07:07+03,Не определено
3901,2965,501,2019-12-23 10:12:08+03,2019-12-27 12:51:32+03,Не определено
5332,2967,,2019-12-23 10:12:08+03,2019-12-29 05:09:52+03,Не определено
8288,2971,,2019-12-23 10:12:08+03,2020-01-17 12:04:39+03,Не определено
780,2977,496,2019-12-23 10:12:09+03,2019-12-30 10:23:11+03,Не определено
2345,2979,495,2019-12-23 10:12:09+03,2019-12-31 06:39:07+03,Не определено
3906,2981,,2019-12-23 10:12:09+03,2020-01-17 12:04:39+03,Не определено
8027,229610,1825,2019-12-23 20:47:58+03,2019-12-23 22:47:40+03,Неисправен
10364,229629,1788,2019-12-23 20:47:58+03,2019-12-23 22:47:40+03,Неисправен
5813,229639,1758,2019-12-23 20:47:59+03,2019-12-23 22:47:44+03,Неисправен
8032,229642,1741,2019-12-23 20:48:00+03,2019-12-23 22:47:44+03,Неисправен
11927,229647,2028,2019-12-23 20:48:00+03,2019-12-23 22:47:44+03,Неисправен
3701,229652,2015,2019-12-23 20:48:00+03,2019-12-23 22:47:44+03,Неисправен
11932,229663,1998,2019-12-23 20:48:01+03,2019-12-23 22:47:45+03,Неисправен
2143,229666,1987,2019-12-23 20:48:01+03,2019-12-23 22:47:46+03,Неисправен
2995,229667,1987,2019-12-23 20:48:01+03,2019-12-23 22:47:46+03,Неисправен
5818,229671,1987,2019-12-23 20:48:01+03,2019-12-23 22:47:46+03,Неисправен
6583,229672,1987,2019-12-23 20:48:01+03,2019-12-23 22:47:46+03,Неисправен
9411,229676,1987,2019-12-23 20:48:02+03,2019-12-23 22:47:46+03,Неисправен
10387,229677,1987,2019-12-23 20:48:02+03,2019-12-23 22:47:46+03,Неисправен
1364,229681,1987,2019-12-23 20:48:02+03,2019-12-23 22:47:46+03,Неисправен
2155,229682,1987,2019-12-23 20:48:02+03,2019-12-23 22:47:46+03,Неисправен
5137,229686,1987,2019-12-23 20:48:02+03,2019-12-23 22:47:46+03,Неисправен
1374,229697,1982,2019-12-23 20:48:03+03,2019-12-23 22:47:49+03,Неисправен
4398,229701,1966,2019-12-23 20:48:03+03,2019-12-23 22:47:49+03,Неисправен
7322,229705,1873,2019-12-23 20:48:06+03,2019-12-23 22:47:49+03,Неисправен
2162,229714,2019,2019-12-23 20:48:07+03,2019-12-23 22:47:49+03,Неисправен
8028,229610,1825,2019-12-23 23:03:43+03,2019-12-24 01:09:18+03,Неисправен
10365,229629,1788,2019-12-23 23:03:43+03,2019-12-24 01:09:19+03,Неисправен
5814,229639,1758,2019-12-23 23:03:44+03,2019-12-24 01:09:22+03,Неисправен
8033,229642,1741,2019-12-23 23:03:45+03,2019-12-24 01:09:23+03,Неисправен
11928,229647,2028,2019-12-23 23:03:45+03,2019-12-24 01:09:23+03,Неисправен
3702,229652,2015,2019-12-23 23:03:45+03,2019-12-24 01:09:23+03,Неисправен
11933,229663,1998,2019-12-23 23:03:46+03,2019-12-24 01:09:23+03,Неисправен
2144,229666,1987,2019-12-23 23:03:46+03,2019-12-24 01:09:23+03,Неисправен
2996,229667,1987,2019-12-23 23:03:46+03,2019-12-24 01:09:23+03,Неисправен
5819,229671,1987,2019-12-23 23:03:47+03,2019-12-24 01:09:24+03,Неисправен
6584,229672,1987,2019-12-23 23:03:47+03,2019-12-24 01:09:24+03,Неисправен
9412,229676,1987,2019-12-23 23:03:47+03,2019-12-24 01:09:24+03,Неисправен
10388,229677,1987,2019-12-23 23:03:47+03,2019-12-24 01:09:24+03,Неисправен
1365,229681,1987,2019-12-23 23:03:47+03,2019-12-24 01:09:24+03,Неисправен
2156,229682,1987,2019-12-23 23:03:47+03,2019-12-24 01:09:24+03,Неисправен
5138,229686,1987,2019-12-23 23:03:47+03,2019-12-24 01:09:24+03,Неисправен
1375,229697,1982,2019-12-23 23:03:48+03,2019-12-24 01:09:24+03,Неисправен
4399,229701,1966,2019-12-23 23:03:48+03,2019-12-24 01:09:27+03,Неисправен
7323,229705,1873,2019-12-23 23:03:51+03,2019-12-24 01:09:27+03,Неисправен
2163,229714,2019,2019-12-23 23:03:52+03,2019-12-24 01:09:27+03,Неисправен
8029,229610,1825,2019-12-24 05:33:23+03,2019-12-24 07:33:45+03,Неисправен
10366,229629,1788,2019-12-24 05:33:23+03,2019-12-24 07:33:45+03,Неисправен
5815,229639,1758,2019-12-24 05:33:23+03,2019-12-24 07:33:49+03,Неисправен
8034,229642,1741,2019-12-24 05:33:25+03,2019-12-24 07:33:49+03,Неисправен
11929,229647,2028,2019-12-24 05:33:25+03,2019-12-24 07:33:49+03,Неисправен
3703,229652,2015,2019-12-24 05:33:25+03,2019-12-24 07:33:49+03,Неисправен
11934,229663,1998,2019-12-24 05:33:26+03,2019-12-24 07:33:49+03,Неисправен
2145,229666,1987,2019-12-24 05:33:26+03,2019-12-24 07:33:49+03,Неисправен
2997,229667,1987,2019-12-24 05:33:26+03,2019-12-24 07:33:49+03,Неисправен
5820,229671,1987,2019-12-24 05:33:26+03,2019-12-24 07:33:51+03,Неисправен
6585,229672,1987,2019-12-24 05:33:26+03,2019-12-24 07:33:51+03,Неисправен
9413,229676,1987,2019-12-24 05:33:27+03,2019-12-24 07:33:51+03,Неисправен
10389,229677,1987,2019-12-24 05:33:27+03,2019-12-24 07:33:51+03,Неисправен
1366,229681,1987,2019-12-24 05:33:27+03,2019-12-24 07:33:51+03,Неисправен
2157,229682,1987,2019-12-24 05:33:27+03,2019-12-24 07:33:51+03,Неисправен
5139,229686,1987,2019-12-24 05:33:27+03,2019-12-24 07:33:51+03,Неисправен
1376,229697,1982,2019-12-24 05:33:28+03,2019-12-24 07:33:51+03,Неисправен
4400,229701,1966,2019-12-24 05:33:28+03,2019-12-24 07:33:53+03,Неисправен
7324,229705,1873,2019-12-24 05:33:31+03,2019-12-24 07:33:54+03,Неисправен
2164,229714,2019,2019-12-24 05:33:32+03,2019-12-24 07:33:54+03,Неисправен
8030,229610,1825,2019-12-24 07:46:59+03,2019-12-24 09:43:30+03,Неисправен
10367,229629,1788,2019-12-24 07:46:59+03,2019-12-24 09:28:46+03,Неисправен
5816,229639,1758,2019-12-24 07:47:00+03,2019-12-24 09:43:34+03,Неисправен
8035,229642,1741,2019-12-24 07:47:01+03,2019-12-24 09:43:34+03,Неисправен
11930,229647,2028,2019-12-24 07:47:01+03,2019-12-24 09:43:34+03,Неисправен
3704,229652,2015,2019-12-24 07:47:01+03,2019-12-24 09:43:34+03,Неисправен
11935,229663,1998,2019-12-24 07:47:02+03,2019-12-24 09:43:34+03,Неисправен
2146,229666,1987,2019-12-24 07:47:02+03,2019-12-24 09:43:34+03,Неисправен
2998,229667,1987,2019-12-24 07:47:02+03,2019-12-24 09:43:34+03,Неисправен
5821,229671,1987,2019-12-24 07:47:02+03,2019-12-24 09:43:35+03,Неисправен
6586,229672,1987,2019-12-24 07:47:02+03,2019-12-24 09:43:35+03,Неисправен
9414,229676,1987,2019-12-24 07:47:03+03,2019-12-24 09:43:36+03,Неисправен
10390,229677,1987,2019-12-24 07:47:03+03,2019-12-24 09:43:36+03,Неисправен
1367,229681,1987,2019-12-24 07:47:03+03,2019-12-24 09:43:36+03,Неисправен
2158,229682,1987,2019-12-24 07:47:03+03,2019-12-24 09:43:36+03,Неисправен
5140,229686,1987,2019-12-24 07:47:03+03,2019-12-24 09:43:36+03,Неисправен
1377,229697,1982,2019-12-24 07:47:04+03,2019-12-24 09:43:36+03,Неисправен
4401,229701,1966,2019-12-24 07:47:04+03,2019-12-24 09:43:39+03,Неисправен
7325,229705,1873,2019-12-24 07:47:07+03,2019-12-24 09:43:39+03,Неисправен
2165,229714,2019,2019-12-24 07:47:07+03,2019-12-24 09:43:39+03,Неисправен
578,229584,1831,2019-12-24 11:52:33+03,2019-12-24 12:55:08+03,Неисправен
3697,229588,1831,2019-12-24 11:52:33+03,2019-12-24 12:55:08+03,Неисправен
8031,229610,1825,2019-12-24 11:52:35+03,2019-12-24 12:55:13+03,Неисправен
11925,229615,1825,2019-12-24 11:52:35+03,2019-12-24 12:55:13+03,Неисправен
7318,229657,2014,2019-12-24 11:52:38+03,2019-12-24 12:55:18+03,Неисправен
9410,229660,2014,2019-12-24 11:52:38+03,2019-12-24 12:55:18+03,Неисправен
2147,229666,1987,2019-12-24 11:52:38+03,2019-12-24 12:55:18+03,Неисправен
6587,229672,1987,2019-12-24 11:52:39+03,2019-12-24 12:55:18+03,Неисправен
10391,229677,1987,2019-12-24 11:52:39+03,2019-12-24 12:55:18+03,Неисправен
1368,229681,1987,2019-12-24 11:52:39+03,2019-12-24 12:55:18+03,Неисправен
579,229584,1831,2019-12-24 16:36:29+03,2019-12-24 17:51:36+03,Неисправен
2965,229587,1831,2019-12-24 16:36:29+03,2019-12-24 17:51:36+03,Неисправен
7319,229657,2014,2019-12-24 16:36:31+03,2019-12-24 17:51:43+03,Неисправен
2148,229666,1987,2019-12-24 16:36:32+03,2019-12-24 17:51:43+03,Неисправен
10392,229677,1987,2019-12-24 16:36:33+03,2019-12-24 17:51:44+03,Неисправен
1369,229681,1987,2019-12-24 16:36:33+03,2019-12-24 17:51:44+03,Неисправен
10396,229709,1828,2019-12-24 16:36:34+03,2019-12-24 17:51:48+03,Неисправен
600,229712,1828,2019-12-24 16:36:35+03,2019-12-24 17:51:48+03,Неисправен
580,229584,1831,2019-12-24 18:14:20+03,2019-12-24 19:42:13+03,Неисправен
2966,229587,1831,2019-12-24 18:14:20+03,2019-12-24 19:42:13+03,Неисправен
7320,229657,2014,2019-12-24 18:14:24+03,2019-12-24 19:42:21+03,Неисправен
2149,229666,1987,2019-12-24 18:14:24+03,2019-12-24 19:42:21+03,Неисправен
10393,229677,1987,2019-12-24 18:14:25+03,2019-12-24 19:42:21+03,Неисправен
1370,229681,1987,2019-12-24 18:14:25+03,2019-12-24 19:42:21+03,Неисправен
10397,229709,1828,2019-12-24 18:14:29+03,2019-12-24 19:42:26+03,Неисправен
601,229712,1828,2019-12-24 18:14:29+03,2019-12-24 19:42:26+03,Неисправен
581,229584,1831,2019-12-24 19:47:09+03,2019-12-25 00:41:15+03,Неисправен
2967,229587,1831,2019-12-24 19:47:10+03,2019-12-25 00:41:15+03,Неисправен
7321,229657,2014,2019-12-24 19:47:12+03,2019-12-25 00:41:17+03,Неисправен
2150,229666,1987,2019-12-24 19:47:14+03,2019-12-25 00:41:18+03,Неисправен
10394,229677,1987,2019-12-24 19:47:15+03,2019-12-25 00:41:18+03,Неисправен
1371,229681,1987,2019-12-24 19:47:15+03,2019-12-25 00:41:18+03,Неисправен
10398,229709,1828,2019-12-24 19:47:19+03,2019-12-25 00:41:19+03,Неисправен
602,229712,1828,2019-12-24 19:47:19+03,2019-12-25 00:41:19+03,Неисправен
582,229584,1831,2019-12-25 12:28:25+03,2019-12-25 14:19:07+03,Неисправен
2968,229587,1831,2019-12-25 12:28:25+03,2019-12-25 14:19:07+03,Неисправен
2151,229666,1987,2019-12-25 12:28:27+03,2019-12-25 14:19:10+03,Неисправен
10395,229677,1987,2019-12-25 12:28:28+03,2019-12-25 14:19:10+03,Неисправен
1372,229681,1987,2019-12-25 12:28:28+03,2019-12-25 14:19:10+03,Неисправен
10368,229629,1788,2019-12-26 15:51:00+03,2019-12-26 17:43:25+03,Неисправен
2969,229587,1831,2019-12-26 15:53:51+03,2019-12-26 17:43:25+03,Неисправен
2970,229587,1831,2019-12-26 18:10:46+03,2019-12-27 01:39:02+03,Неисправен
10369,229629,1788,2019-12-26 18:10:47+03,2019-12-27 01:39:06+03,Неисправен
2971,229587,1831,2019-12-27 01:50:37+03,2019-12-27 10:54:58+03,Неисправен
10370,229629,1788,2019-12-27 01:50:39+03,2019-12-27 09:27:28+03,Неисправен
3705,229652,2015,2019-12-27 01:50:40+03,2019-12-27 09:13:58+03,Неисправен
2972,229587,1831,2019-12-27 11:20:32+03,2019-12-27 12:24:58+03,Неисправен
2973,229587,1831,2019-12-27 12:28:42+03,2019-12-27 15:46:10+03,Неисправен
2974,229587,1831,2019-12-27 15:49:54+03,2019-12-28 09:35:57+03,Неисправен
2975,229587,1831,2019-12-28 09:49:18+03,2019-12-28 11:16:37+03,Неисправен
2976,229587,1831,2019-12-28 17:14:38+03,2019-12-28 19:12:25+03,Неисправен
2977,229587,1831,2019-12-28 19:13:18+03,2019-12-28 20:24:07+03,Неисправен
2978,229587,1831,2019-12-28 22:48:49+03,2019-12-29 00:50:21+03,Неисправен
2513,158995,1335,2019-12-28 22:56:34+03,2019-12-29 00:02:18+03,Неисправен
4010,158997,1335,2019-12-28 22:59:35+03,2019-12-29 00:04:25+03,Неисправен
5842,230695,,2019-12-30 12:46:59+03,2019-12-30 14:36:43+03,Неисправен
7352,230697,,2019-12-30 12:46:59+03,2019-12-30 14:36:43+03,Неисправен
8746,230699,,2019-12-30 12:46:59+03,2019-12-30 14:36:43+03,Неисправен
10413,230701,,2019-12-30 12:46:59+03,2019-12-30 14:36:44+03,Неисправен
583,229584,1831,2019-12-30 12:47:11+03,2019-12-30 14:36:22+03,Неисправен
2979,229587,1831,2019-12-30 12:47:11+03,2019-12-30 14:36:22+03,Неисправен
6549,229592,1829,2019-12-30 12:47:12+03,2019-12-30 14:36:22+03,Неисправен
6565,229624,1811,2019-12-30 12:47:12+03,2019-12-30 14:36:23+03,Неисправен
10371,229629,1788,2019-12-30 12:47:13+03,2019-12-30 14:36:23+03,Неисправен
2127,229634,1772,2019-12-30 12:47:13+03,2019-12-30 14:36:23+03,Неисправен
2182,230658,,2020-01-09 22:59:25+03,2020-01-10 00:14:34+03,Неисправен
6604,230664,,2020-01-09 22:59:25+03,2020-01-10 00:14:34+03,Неисправен
3018,230675,,2020-01-09 22:59:26+03,2020-01-10 00:14:34+03,Неисправен
4419,230677,,2020-01-09 22:59:26+03,2020-01-10 00:14:34+03,Неисправен
5839,230679,,2020-01-09 22:59:26+03,2020-01-10 00:14:34+03,Неисправен
625,230688,,2020-01-09 22:59:26+03,2020-01-10 00:14:34+03,Неисправен
5843,230695,,2020-01-09 22:59:26+03,2020-01-10 00:14:35+03,Неисправен
7353,230697,,2020-01-09 22:59:26+03,2020-01-10 00:14:35+03,Неисправен
8747,230699,,2020-01-09 22:59:26+03,2020-01-10 00:14:35+03,Неисправен
10414,230701,,2020-01-09 22:59:26+03,2020-01-10 00:14:35+03,Неисправен
584,229584,1831,2020-01-09 23:00:47+03,2020-01-10 00:14:12+03,Неисправен
2980,229587,1831,2020-01-09 23:00:47+03,2020-01-10 00:14:13+03,Неисправен
6550,229592,1829,2020-01-09 23:00:47+03,2020-01-10 00:14:13+03,Неисправен
6566,229624,1811,2020-01-09 23:00:48+03,2020-01-10 00:14:13+03,Неисправен
10372,229629,1788,2020-01-09 23:00:48+03,2020-01-10 00:14:13+03,Неисправен
2128,229634,1772,2020-01-09 23:00:48+03,2020-01-10 00:14:13+03,Неисправен
10417,230749,,2020-01-10 01:18:23+03,2020-01-10 02:37:16+03,Много неисправных устройств
6605,230664,,2020-01-10 02:52:32+03,2020-01-10 04:29:16+03,Неисправен
3019,230675,,2020-01-10 02:52:32+03,2020-01-10 04:29:16+03,Неисправен
4420,230677,,2020-01-10 02:52:32+03,2020-01-10 04:29:16+03,Неисправен
5840,230679,,2020-01-10 02:52:32+03,2020-01-10 04:29:16+03,Неисправен
626,230688,,2020-01-10 02:52:33+03,2020-01-10 04:29:17+03,Неисправен
5844,230695,,2020-01-10 02:52:33+03,2020-01-10 04:29:17+03,Неисправен
7354,230697,,2020-01-10 02:52:33+03,2020-01-10 04:29:17+03,Неисправен
8748,230699,,2020-01-10 02:52:33+03,2020-01-10 04:29:17+03,Неисправен
10415,230701,,2020-01-10 02:52:33+03,2020-01-10 04:29:17+03,Неисправен
6606,230664,,2020-01-10 05:43:33+03,2020-01-10 07:40:12+03,Неисправен
3020,230675,,2020-01-10 05:43:33+03,2020-01-10 07:40:12+03,Неисправен
4421,230677,,2020-01-10 05:43:33+03,2020-01-10 07:40:12+03,Неисправен
5841,230679,,2020-01-10 05:43:33+03,2020-01-10 07:40:12+03,Неисправен
627,230688,,2020-01-10 05:43:33+03,2020-01-10 07:40:12+03,Неисправен
5845,230695,,2020-01-10 05:43:34+03,2020-01-10 07:40:12+03,Неисправен
7355,230697,,2020-01-10 05:43:34+03,2020-01-10 07:40:13+03,Неисправен
8749,230699,,2020-01-10 05:43:34+03,2020-01-10 07:40:13+03,Неисправен
10416,230701,,2020-01-10 05:43:34+03,2020-01-10 07:40:13+03,Неисправен
10418,230749,,2020-01-10 07:40:15+03,2020-01-13 14:57:33+03,Много неисправных устройств
3219,120116,,2020-01-10 14:35:33+03,2020-01-13 08:07:03+03,Много неисправных устройств
3945,120117,,2020-01-10 14:35:33+03,2020-01-10 16:59:47+03,Много неисправных устройств
4630,120118,,2020-01-10 14:35:33+03,2020-02-27 14:17:25+03,Много неисправных устройств
10419,230749,,2020-01-13 16:23:14+03,2020-01-13 23:20:04+03,Много неисправных устройств
10420,230749,,2020-01-14 00:16:12+03,2020-01-21 09:59:25+03,Много неисправных устройств
2530,162899,,2020-01-16 02:23:44+03,2020-01-16 08:19:13+03,Много неисправных устройств
10846,227502,,2020-01-17 08:57:35+03,2020-01-17 10:02:17+03,Неисправен
2335,2867,,2020-01-17 12:04:42+03,2020-01-21 09:27:14+03,Не определено
3895,2869,531,2020-01-17 12:04:42+03,2020-01-20 22:00:10+03,Не определено
5322,2871,530,2020-01-17 12:04:42+03,2020-02-02 08:50:11+03,Не определено
8277,2875,529,2020-01-17 12:04:42+03,2020-02-18 10:34:49+03,Не определено
9711,2877,528,2020-01-17 12:04:43+03,2020-01-24 09:45:13+03,Не определено
11397,2879,527,2020-01-17 12:04:43+03,2020-01-17 22:05:50+03,Не определено
767,2881,526,2020-01-17 12:04:43+03,2020-01-27 12:32:15+03,Не определено
3898,2885,526,2020-01-17 12:04:43+03,2020-01-30 09:57:28+03,Не определено
5325,2887,525,2020-01-17 12:04:43+03,2020-01-22 05:11:04+03,Не определено
6836,2889,,2020-01-17 12:04:44+03,2020-01-23 02:35:12+03,Не определено
8280,2891,,2020-01-17 12:04:44+03,2020-01-21 23:40:05+03,Не определено
2337,2899,519,2020-01-17 12:04:44+03,2020-01-19 01:33:44+03,Не определено
8284,2907,516,2020-01-17 12:04:45+03,2020-01-17 13:20:33+03,Не определено
11400,2943,515,2020-01-17 12:04:48+03,2020-01-18 05:02:31+03,Не определено
771,2945,511,2020-01-17 12:04:49+03,2020-02-06 19:08:09+03,Не определено
2341,2947,510,2020-01-17 12:04:49+03,2020-02-07 04:01:37+03,Не определено
5329,2951,,2020-01-17 12:04:49+03,2020-02-18 10:34:51+03,Не определено
9715,2957,506,2020-01-17 12:04:50+03,2020-01-22 15:24:52+03,Не определено
776,2961,504,2020-01-17 12:04:50+03,2020-01-23 06:49:42+03,Не определено
3902,2965,501,2020-01-17 12:04:50+03,2020-01-21 22:37:19+03,Не определено
5333,2967,,2020-01-17 12:04:50+03,2020-01-22 00:33:02+03,Не определено
8289,2971,,2020-01-17 12:04:51+03,2020-02-07 03:36:43+03,Не определено
781,2977,496,2020-01-17 12:04:51+03,2020-01-21 12:21:57+03,Не определено
2346,2979,495,2020-01-17 12:04:51+03,2020-02-06 05:42:49+03,Не определено
3907,2981,,2020-01-17 12:04:51+03,2020-02-06 07:23:15+03,Не определено
8324,120283,,2020-01-21 08:41:22+03,2020-01-21 10:49:08+03,Неисправен
10421,230749,,2020-01-21 10:31:08+03,2020-01-24 11:36:39+03,Много неисправных устройств
1693,143522,,2020-01-21 18:01:19+03,2020-01-22 04:42:37+03,Не определено
1694,143522,,2020-01-22 06:55:31+03,2020-01-22 10:29:39+03,Не определено
2531,162899,,2020-01-22 21:40:35+03,2020-01-22 23:57:29+03,Много неисправных устройств
2532,162899,,2020-01-23 22:03:17+03,2020-01-24 08:10:45+03,Много неисправных устройств
3260,154100,,2020-01-23 22:13:14+03,2020-01-23 23:42:09+03,Много неисправных устройств
4703,154102,,2020-01-23 22:13:14+03,2020-01-23 23:42:39+03,Много неисправных устройств
3261,154100,,2020-01-24 12:01:59+03,2020-01-24 14:17:04+03,Много неисправных устройств
4704,154102,,2020-01-24 12:01:59+03,2020-01-24 14:17:04+03,Много неисправных устройств
2986,229619,1825,2020-01-24 12:17:27+03,2020-01-24 13:22:43+03,Неисправен
6567,229624,1811,2020-01-24 12:17:27+03,2020-01-24 13:22:44+03,Неисправен
10373,229629,1788,2020-01-24 12:17:27+03,2020-01-24 13:22:44+03,Неисправен
2129,229634,1772,2020-01-24 12:17:27+03,2020-01-24 13:22:44+03,Неисправен
10422,230749,,2020-01-24 14:42:57+03,2020-01-24 15:50:26+03,Много неисправных устройств
3262,154100,,2020-01-24 14:48:56+03,2020-01-24 17:30:34+03,Много неисправных устройств
4705,154102,,2020-01-24 14:48:56+03,2020-01-24 17:30:53+03,Много неисправных устройств
2533,162899,,2020-01-24 15:52:33+03,2020-01-24 21:56:45+03,Много неисправных устройств
3358,228612,1813,2020-01-24 16:13:55+03,2020-01-25 10:01:39+03,Неисправен
4052,228613,1813,2020-01-24 16:13:55+03,2020-01-25 10:01:39+03,Неисправен
4766,228614,1812,2020-01-24 16:13:55+03,2020-01-25 10:01:39+03,Неисправен
5547,228615,1813,2020-01-24 16:13:55+03,2020-01-25 10:01:39+03,Неисправен
6265,228616,1814,2020-01-24 16:13:55+03,2020-01-25 10:01:39+03,Неисправен
7035,228617,1815,2020-01-24 16:13:55+03,2020-01-25 10:01:39+03,Неисправен
7726,228618,1815,2020-01-24 16:13:55+03,2020-01-25 10:01:39+03,Неисправен
8415,228619,1816,2020-01-24 16:13:55+03,2020-01-25 10:01:39+03,Неисправен
9102,228620,1816,2020-01-24 16:13:55+03,2020-01-25 10:01:39+03,Неисправен
10023,228621,1818,2020-01-24 16:13:55+03,2020-01-25 10:01:39+03,Неисправен
10849,228622,1819,2020-01-24 16:13:55+03,2020-01-25 10:01:39+03,Неисправен
11593,228623,1819,2020-01-24 16:13:55+03,2020-01-25 10:01:39+03,Неисправен
247,228624,1820,2020-01-24 16:13:55+03,2020-01-25 10:01:39+03,Неисправен
1038,228625,1821,2020-01-24 16:13:55+03,2020-01-25 10:01:39+03,Неисправен
1795,228626,1821,2020-01-24 16:13:55+03,2020-01-25 10:01:39+03,Неисправен
2641,228627,1822,2020-01-24 16:13:55+03,2020-01-25 10:01:39+03,Неисправен
3366,228628,1823,2020-01-24 16:13:55+03,2020-01-25 10:01:39+03,Неисправен
4065,228629,1823,2020-01-24 16:13:55+03,2020-01-25 10:01:39+03,Неисправен
4777,228630,1824,2020-01-24 16:13:55+03,2020-01-25 10:01:39+03,Неисправен
5558,228631,1825,2020-01-24 16:13:55+03,2020-01-25 10:01:39+03,Неисправен
6276,228632,1825,2020-01-24 16:13:55+03,2020-01-25 10:01:39+03,Неисправен
7048,228633,1826,2020-01-24 16:13:55+03,2020-01-25 10:01:39+03,Неисправен
7737,228634,1826,2020-01-24 16:13:55+03,2020-01-25 10:01:39+03,Неисправен
8425,228635,1827,2020-01-24 16:13:55+03,2020-01-25 10:01:39+03,Неисправен
9111,228636,1829,2020-01-24 16:13:55+03,2020-01-25 10:01:39+03,Неисправен
10031,228637,1829,2020-01-24 16:13:55+03,2020-01-25 10:01:39+03,Неисправен
10857,228638,1829,2020-01-24 16:13:55+03,2020-01-25 10:01:39+03,Неисправен
11602,228639,1829,2020-01-24 16:13:55+03,2020-01-25 10:01:39+03,Неисправен
257,228640,1830,2020-01-24 16:13:55+03,2020-01-25 10:01:39+03,Неисправен
1047,228641,1830,2020-01-24 16:13:55+03,2020-01-25 10:01:39+03,Неисправен
1802,228642,1830,2020-01-24 16:13:55+03,2020-01-25 10:01:39+03,Неисправен
2651,228643,1830,2020-01-24 16:13:55+03,2020-01-25 10:01:39+03,Неисправен
3375,228644,1830,2020-01-24 16:13:55+03,2020-01-25 10:01:39+03,Неисправен
4076,228645,1830,2020-01-24 16:13:55+03,2020-01-25 10:01:39+03,Неисправен
4784,228646,1830,2020-01-24 16:13:55+03,2020-01-25 10:01:39+03,Неисправен
5567,228647,1830,2020-01-24 16:13:55+03,2020-01-25 10:01:39+03,Неисправен
6285,228648,1829,2020-01-24 16:13:55+03,2020-01-25 10:01:39+03,Неисправен
7056,228649,1829,2020-01-24 16:13:55+03,2020-01-25 10:01:39+03,Неисправен
7746,228650,1827,2020-01-24 16:13:55+03,2020-01-25 10:01:39+03,Неисправен
8433,228651,1826,2020-01-24 16:13:55+03,2020-01-25 10:01:39+03,Неисправен
9120,228652,1826,2020-01-24 16:13:55+03,2020-01-25 10:01:39+03,Неисправен
10039,228653,1826,2020-01-24 16:13:55+03,2020-01-25 10:01:39+03,Неисправен
10865,228654,1826,2020-01-24 16:13:55+03,2020-01-25 10:01:39+03,Неисправен
11610,228655,1825,2020-01-24 16:13:55+03,2020-01-25 10:01:39+03,Неисправен
265,228656,1824,2020-01-24 16:13:55+03,2020-01-25 10:01:39+03,Неисправен
1058,228657,1824,2020-01-24 16:13:55+03,2020-01-25 10:01:39+03,Неисправен
1810,228658,1823,2020-01-24 16:13:55+03,2020-01-25 10:01:39+03,Неисправен
2660,228659,1822,2020-01-24 16:13:55+03,2020-01-25 10:01:39+03,Неисправен
3383,228660,1822,2020-01-24 16:13:55+03,2020-01-25 10:01:39+03,Неисправен
4086,228661,1821,2020-01-24 16:13:55+03,2020-01-25 10:01:39+03,Неисправен
4792,228662,1820,2020-01-24 16:13:55+03,2020-01-25 10:01:39+03,Неисправен
5575,228663,1821,2020-01-24 16:13:55+03,2020-01-25 10:01:39+03,Неисправен
6294,228664,1820,2020-01-24 16:13:55+03,2020-01-25 10:01:39+03,Неисправен
7064,228665,1820,2020-01-24 16:13:55+03,2020-01-25 10:01:39+03,Неисправен
7755,228666,1819,2020-01-24 16:13:55+03,2020-01-25 10:01:39+03,Неисправен
8441,228667,1818,2020-01-24 16:13:55+03,2020-01-25 10:01:39+03,Неисправен
9130,228668,1818,2020-01-24 16:13:55+03,2020-01-25 10:01:39+03,Неисправен
10050,228669,1816,2020-01-24 16:13:55+03,2020-01-25 10:01:39+03,Неисправен
10875,228670,1815,2020-01-24 16:13:55+03,2020-01-25 10:01:39+03,Неисправен
11619,228671,1815,2020-01-24 16:13:55+03,2020-01-25 10:01:39+03,Неисправен
273,228672,1814,2020-01-24 16:13:55+03,2020-01-25 10:01:39+03,Неисправен
1067,228673,1813,2020-01-24 16:13:55+03,2020-01-25 10:01:39+03,Неисправен
1818,228674,1813,2020-01-24 16:13:55+03,2020-01-25 10:01:39+03,Неисправен
2671,228675,1812,2020-01-24 16:13:55+03,2020-01-25 10:01:39+03,Неисправен
3392,228676,1812,2020-01-24 16:13:55+03,2020-01-25 10:01:39+03,Неисправен
4094,228677,1811,2020-01-24 16:13:55+03,2020-01-25 10:01:39+03,Неисправен
4800,228678,1810,2020-01-24 16:13:55+03,2020-01-25 10:01:39+03,Неисправен
5583,228679,1810,2020-01-24 16:13:55+03,2020-01-25 10:01:39+03,Неисправен
6302,228680,1809,2020-01-24 16:13:55+03,2020-01-25 10:01:39+03,Неисправен
7072,228681,1808,2020-01-24 16:13:55+03,2020-01-25 10:01:39+03,Неисправен
7765,228682,1808,2020-01-24 16:13:55+03,2020-01-25 10:01:39+03,Неисправен
8449,228683,1807,2020-01-24 16:13:55+03,2020-01-25 10:01:39+03,Неисправен
9138,228684,1807,2020-01-24 16:13:55+03,2020-01-25 10:01:39+03,Неисправен
10058,228685,1805,2020-01-24 16:13:55+03,2020-01-25 10:01:39+03,Неисправен
10883,228686,1804,2020-01-24 16:13:55+03,2020-01-25 10:01:39+03,Неисправен
11627,228687,1804,2020-01-24 16:13:55+03,2020-01-25 10:01:39+03,Неисправен
281,228688,1803,2020-01-24 16:13:55+03,2020-01-25 10:01:39+03,Неисправен
1075,228689,1802,2020-01-24 16:13:55+03,2020-01-25 10:01:39+03,Неисправен
1826,228690,1802,2020-01-24 16:13:55+03,2020-01-25 10:01:39+03,Неисправен
2681,228691,1801,2020-01-24 16:13:55+03,2020-01-25 10:01:39+03,Неисправен
3402,228692,1801,2020-01-24 16:13:55+03,2020-01-25 10:01:39+03,Неисправен
4102,228693,1802,2020-01-24 16:13:55+03,2020-01-25 10:01:39+03,Неисправен
4812,228694,1803,2020-01-24 16:13:55+03,2020-01-25 10:01:39+03,Неисправен
5591,228695,1803,2020-01-24 16:13:55+03,2020-01-25 10:01:39+03,Неисправен
6314,228696,1804,2020-01-24 16:13:55+03,2020-01-25 10:01:39+03,Неисправен
7085,228697,1805,2020-01-24 16:13:55+03,2020-01-25 10:01:39+03,Неисправен
7776,228698,1805,2020-01-24 16:13:55+03,2020-01-25 10:01:39+03,Неисправен
8463,228699,1807,2020-01-24 16:13:55+03,2020-01-25 10:01:39+03,Неисправен
9147,228700,1807,2020-01-24 16:13:55+03,2020-01-25 10:01:39+03,Неисправен
10071,228701,1808,2020-01-24 16:13:55+03,2020-01-25 10:01:39+03,Неисправен
10891,228702,1809,2020-01-24 16:13:55+03,2020-01-25 10:01:39+03,Неисправен
11641,228703,1809,2020-01-24 16:13:55+03,2020-01-25 10:01:39+03,Неисправен
290,228704,1810,2020-01-24 16:13:55+03,2020-01-25 10:01:39+03,Неисправен
1087,228705,1810,2020-01-24 16:13:55+03,2020-01-25 10:01:39+03,Неисправен
1835,228706,1811,2020-01-24 16:13:55+03,2020-01-25 10:01:39+03,Неисправен
585,229584,1831,2020-01-24 16:19:23+03,2020-01-25 10:01:50+03,Неисправен
2981,229587,1831,2020-01-24 16:19:24+03,2020-01-25 10:01:51+03,Неисправен
6551,229592,1829,2020-01-24 16:19:24+03,2020-01-25 10:01:57+03,Неисправен
2987,229619,1825,2020-01-24 16:19:25+03,2020-01-25 10:02:00+03,Неисправен
6568,229624,1811,2020-01-24 16:19:25+03,2020-01-25 09:56:29+03,Неисправен
10374,229629,1788,2020-01-24 16:19:25+03,2020-01-25 09:55:11+03,Неисправен
2130,229634,1772,2020-01-24 16:19:25+03,2020-01-25 09:55:11+03,Неисправен
3263,154100,,2020-01-24 21:58:09+03,2020-01-24 23:52:25+03,Много неисправных устройств
4706,154102,,2020-01-24 21:58:09+03,2020-01-24 23:52:46+03,Много неисправных устройств
2534,162899,,2020-01-24 22:22:26+03,2020-01-24 23:48:43+03,Много неисправных устройств
3359,228612,1813,2020-01-25 10:02:38+03,2020-01-25 16:06:38+03,Неисправен
4053,228613,1813,2020-01-25 10:02:38+03,2020-01-25 16:06:38+03,Неисправен
4767,228614,1812,2020-01-25 10:02:38+03,2020-01-25 16:06:38+03,Неисправен
5548,228615,1813,2020-01-25 10:02:38+03,2020-01-25 16:06:38+03,Неисправен
6266,228616,1814,2020-01-25 10:02:38+03,2020-01-25 16:06:38+03,Неисправен
7036,228617,1815,2020-01-25 10:02:38+03,2020-01-25 16:06:38+03,Неисправен
7727,228618,1815,2020-01-25 10:02:38+03,2020-01-25 16:06:38+03,Неисправен
8416,228619,1816,2020-01-25 10:02:38+03,2020-01-25 16:06:38+03,Неисправен
9103,228620,1816,2020-01-25 10:02:38+03,2020-01-25 16:06:38+03,Неисправен
10024,228621,1818,2020-01-25 10:02:38+03,2020-01-25 16:06:38+03,Неисправен
10850,228622,1819,2020-01-25 10:02:38+03,2020-01-25 16:06:38+03,Неисправен
11594,228623,1819,2020-01-25 10:02:38+03,2020-01-25 16:06:38+03,Неисправен
248,228624,1820,2020-01-25 10:02:38+03,2020-01-25 16:06:38+03,Неисправен
1039,228625,1821,2020-01-25 10:02:38+03,2020-01-25 16:06:38+03,Неисправен
1796,228626,1821,2020-01-25 10:02:38+03,2020-01-25 16:06:38+03,Неисправен
2642,228627,1822,2020-01-25 10:02:38+03,2020-01-25 16:06:38+03,Неисправен
3367,228628,1823,2020-01-25 10:02:38+03,2020-01-25 16:06:38+03,Неисправен
4066,228629,1823,2020-01-25 10:02:38+03,2020-01-25 16:06:38+03,Неисправен
4778,228630,1824,2020-01-25 10:02:38+03,2020-01-25 16:06:38+03,Неисправен
5559,228631,1825,2020-01-25 10:02:38+03,2020-01-25 16:06:38+03,Неисправен
6277,228632,1825,2020-01-25 10:02:38+03,2020-01-25 16:06:38+03,Неисправен
7049,228633,1826,2020-01-25 10:02:38+03,2020-01-25 16:06:38+03,Неисправен
7738,228634,1826,2020-01-25 10:02:38+03,2020-01-25 16:06:38+03,Неисправен
8426,228635,1827,2020-01-25 10:02:38+03,2020-01-25 16:06:38+03,Неисправен
9112,228636,1829,2020-01-25 10:02:38+03,2020-01-25 16:06:38+03,Неисправен
10032,228637,1829,2020-01-25 10:02:38+03,2020-01-25 16:06:38+03,Неисправен
10858,228638,1829,2020-01-25 10:02:38+03,2020-01-25 16:06:38+03,Неисправен
11603,228639,1829,2020-01-25 10:02:38+03,2020-01-25 16:06:38+03,Неисправен
258,228640,1830,2020-01-25 10:02:38+03,2020-01-25 16:06:38+03,Неисправен
1048,228641,1830,2020-01-25 10:02:38+03,2020-01-25 16:06:38+03,Неисправен
1803,228642,1830,2020-01-25 10:02:39+03,2020-01-25 16:06:38+03,Неисправен
2652,228643,1830,2020-01-25 10:02:39+03,2020-01-25 16:06:38+03,Неисправен
3376,228644,1830,2020-01-25 10:02:39+03,2020-01-25 16:06:38+03,Неисправен
4077,228645,1830,2020-01-25 10:02:39+03,2020-01-25 16:06:38+03,Неисправен
4785,228646,1830,2020-01-25 10:02:39+03,2020-01-25 16:06:38+03,Неисправен
5568,228647,1830,2020-01-25 10:02:39+03,2020-01-25 16:06:38+03,Неисправен
6286,228648,1829,2020-01-25 10:02:39+03,2020-01-25 16:06:38+03,Неисправен
7057,228649,1829,2020-01-25 10:02:39+03,2020-01-25 16:06:38+03,Неисправен
7747,228650,1827,2020-01-25 10:02:39+03,2020-01-25 16:06:38+03,Неисправен
8434,228651,1826,2020-01-25 10:02:39+03,2020-01-25 16:06:38+03,Неисправен
9121,228652,1826,2020-01-25 10:02:39+03,2020-01-25 16:06:39+03,Неисправен
10040,228653,1826,2020-01-25 10:02:39+03,2020-01-25 16:06:39+03,Неисправен
10866,228654,1826,2020-01-25 10:02:39+03,2020-01-25 16:06:39+03,Неисправен
11611,228655,1825,2020-01-25 10:02:39+03,2020-01-25 16:06:39+03,Неисправен
266,228656,1824,2020-01-25 10:02:39+03,2020-01-25 16:06:39+03,Неисправен
1059,228657,1824,2020-01-25 10:02:39+03,2020-01-25 16:06:39+03,Неисправен
1811,228658,1823,2020-01-25 10:02:39+03,2020-01-25 16:06:39+03,Неисправен
2661,228659,1822,2020-01-25 10:02:39+03,2020-01-25 16:06:39+03,Неисправен
3384,228660,1822,2020-01-25 10:02:39+03,2020-01-25 16:06:39+03,Неисправен
4087,228661,1821,2020-01-25 10:02:39+03,2020-01-25 16:06:39+03,Неисправен
4793,228662,1820,2020-01-25 10:02:39+03,2020-01-25 16:06:39+03,Неисправен
5576,228663,1821,2020-01-25 10:02:39+03,2020-01-25 16:06:39+03,Неисправен
6295,228664,1820,2020-01-25 10:02:39+03,2020-01-25 16:06:39+03,Неисправен
7065,228665,1820,2020-01-25 10:02:39+03,2020-01-25 16:06:39+03,Неисправен
7756,228666,1819,2020-01-25 10:02:39+03,2020-01-25 16:06:39+03,Неисправен
8442,228667,1818,2020-01-25 10:02:39+03,2020-01-25 16:06:39+03,Неисправен
9131,228668,1818,2020-01-25 10:02:39+03,2020-01-25 16:06:39+03,Неисправен
10051,228669,1816,2020-01-25 10:02:39+03,2020-01-25 16:06:39+03,Неисправен
10876,228670,1815,2020-01-25 10:02:39+03,2020-01-25 16:06:39+03,Неисправен
11620,228671,1815,2020-01-25 10:02:39+03,2020-01-25 16:06:39+03,Неисправен
274,228672,1814,2020-01-25 10:02:39+03,2020-01-25 16:06:39+03,Неисправен
1068,228673,1813,2020-01-25 10:02:39+03,2020-01-25 16:06:39+03,Неисправен
1819,228674,1813,2020-01-25 10:02:39+03,2020-01-25 16:06:39+03,Неисправен
2672,228675,1812,2020-01-25 10:02:39+03,2020-01-25 16:06:39+03,Неисправен
3393,228676,1812,2020-01-25 10:02:39+03,2020-01-25 16:06:39+03,Неисправен
4095,228677,1811,2020-01-25 10:02:39+03,2020-01-25 16:06:39+03,Неисправен
4801,228678,1810,2020-01-25 10:02:39+03,2020-01-25 16:06:39+03,Неисправен
5584,228679,1810,2020-01-25 10:02:39+03,2020-01-25 16:06:39+03,Неисправен
6303,228680,1809,2020-01-25 10:02:39+03,2020-01-25 16:06:39+03,Неисправен
7073,228681,1808,2020-01-25 10:02:39+03,2020-01-25 16:06:39+03,Неисправен
7766,228682,1808,2020-01-25 10:02:39+03,2020-01-25 16:06:39+03,Неисправен
8450,228683,1807,2020-01-25 10:02:39+03,2020-01-25 16:06:39+03,Неисправен
9139,228684,1807,2020-01-25 10:02:39+03,2020-01-25 16:06:39+03,Неисправен
10059,228685,1805,2020-01-25 10:02:39+03,2020-01-25 16:06:39+03,Неисправен
10884,228686,1804,2020-01-25 10:02:39+03,2020-01-25 16:06:39+03,Неисправен
11628,228687,1804,2020-01-25 10:02:39+03,2020-01-25 16:06:39+03,Неисправен
282,228688,1803,2020-01-25 10:02:39+03,2020-01-25 16:06:39+03,Неисправен
1076,228689,1802,2020-01-25 10:02:39+03,2020-01-25 16:06:39+03,Неисправен
1827,228690,1802,2020-01-25 10:02:39+03,2020-01-25 16:06:39+03,Неисправен
2682,228691,1801,2020-01-25 10:02:39+03,2020-01-25 16:06:39+03,Неисправен
3403,228692,1801,2020-01-25 10:02:39+03,2020-01-25 16:06:39+03,Неисправен
4103,228693,1802,2020-01-25 10:02:39+03,2020-01-25 16:06:39+03,Неисправен
4813,228694,1803,2020-01-25 10:02:39+03,2020-01-25 16:06:39+03,Неисправен
5592,228695,1803,2020-01-25 10:02:39+03,2020-01-25 16:06:39+03,Неисправен
6315,228696,1804,2020-01-25 10:02:39+03,2020-01-25 16:06:39+03,Неисправен
7086,228697,1805,2020-01-25 10:02:39+03,2020-01-25 16:06:39+03,Неисправен
7777,228698,1805,2020-01-25 10:02:39+03,2020-01-25 16:06:39+03,Неисправен
8464,228699,1807,2020-01-25 10:02:39+03,2020-01-25 16:06:40+03,Неисправен
9148,228700,1807,2020-01-25 10:02:39+03,2020-01-25 16:06:40+03,Неисправен
10072,228701,1808,2020-01-25 10:02:39+03,2020-01-25 16:06:40+03,Неисправен
10892,228702,1809,2020-01-25 10:02:39+03,2020-01-25 16:06:40+03,Неисправен
11642,228703,1809,2020-01-25 10:02:39+03,2020-01-25 16:06:40+03,Неисправен
291,228704,1810,2020-01-25 10:02:39+03,2020-01-25 16:06:40+03,Неисправен
1088,228705,1810,2020-01-25 10:02:39+03,2020-01-25 16:06:40+03,Неисправен
1836,228706,1811,2020-01-25 10:02:39+03,2020-01-25 16:06:40+03,Неисправен
586,229584,1831,2020-01-25 11:59:37+03,2020-01-25 13:13:01+03,Неисправен
2982,229587,1831,2020-01-25 11:59:38+03,2020-01-25 13:13:01+03,Неисправен
6552,229592,1829,2020-01-25 11:59:38+03,2020-01-25 13:13:01+03,Неисправен
2988,229619,1825,2020-01-25 11:59:39+03,2020-01-25 13:13:02+03,Неисправен
6569,229624,1811,2020-01-25 11:59:39+03,2020-01-25 13:13:02+03,Неисправен
10375,229629,1788,2020-01-25 11:59:40+03,2020-01-25 13:13:03+03,Неисправен
2131,229634,1772,2020-01-25 11:59:40+03,2020-01-25 13:13:03+03,Неисправен
587,229584,1831,2020-01-25 14:28:09+03,2020-01-25 16:06:53+03,Неисправен
2983,229587,1831,2020-01-25 14:28:09+03,2020-01-25 16:06:53+03,Неисправен
6553,229592,1829,2020-01-25 14:28:10+03,2020-01-25 16:06:53+03,Неисправен
2989,229619,1825,2020-01-25 14:28:11+03,2020-01-25 16:06:53+03,Неисправен
6570,229624,1811,2020-01-25 14:28:11+03,2020-01-25 16:06:54+03,Неисправен
10376,229629,1788,2020-01-25 14:28:11+03,2020-01-25 16:06:54+03,Неисправен
2132,229634,1772,2020-01-25 14:28:11+03,2020-01-25 16:06:54+03,Неисправен
10423,230749,,2020-01-25 16:07:16+03,2020-01-27 11:41:12+03,Много неисправных устройств
6278,228632,1825,2020-01-27 10:04:02+03,2020-01-27 11:41:16+03,Неисправен
7037,228617,1815,2020-01-27 10:06:20+03,2020-01-27 11:41:16+03,Неисправен
10025,228621,1818,2020-01-27 10:06:44+03,2020-01-27 11:41:16+03,Неисправен
11595,228623,1819,2020-01-27 10:07:06+03,2020-01-27 11:41:16+03,Неисправен
4768,228614,1812,2020-01-27 10:07:20+03,2020-01-27 11:41:16+03,Неисправен
9104,228620,1816,2020-01-27 10:08:02+03,2020-01-27 11:41:16+03,Неисправен
3368,228628,1823,2020-01-27 10:08:02+03,2020-01-27 11:41:16+03,Неисправен
5549,228615,1813,2020-01-27 10:08:06+03,2020-01-27 11:41:16+03,Неисправен
4067,228629,1823,2020-01-27 10:08:42+03,2020-01-27 11:41:16+03,Неисправен
4054,228613,1813,2020-01-27 10:10:24+03,2020-01-27 11:41:16+03,Неисправен
9122,228652,1826,2020-01-27 10:17:18+03,2020-01-27 11:41:16+03,Неисправен
2673,228675,1812,2020-01-27 10:17:18+03,2020-01-27 11:41:18+03,Неисправен
1040,228625,1821,2020-01-27 10:35:04+03,2020-01-27 11:41:16+03,Неисправен
2653,228643,1830,2020-01-27 10:35:04+03,2020-01-27 11:41:16+03,Неисправен
7038,228617,1815,2020-01-27 11:44:05+03,2020-01-27 13:02:52+03,Неисправен
8417,228619,1816,2020-01-27 11:44:05+03,2020-01-27 13:05:52+03,Неисправен
9105,228620,1816,2020-01-27 11:44:05+03,2020-01-27 12:52:14+03,Неисправен
10026,228621,1818,2020-01-27 11:44:05+03,2020-01-27 13:05:52+03,Неисправен
10851,228622,1819,2020-01-27 11:44:05+03,2020-01-27 13:05:52+03,Неисправен
11596,228623,1819,2020-01-27 11:44:05+03,2020-01-27 13:05:52+03,Неисправен
1041,228625,1821,2020-01-27 11:44:05+03,2020-01-27 13:05:52+03,Неисправен
2643,228627,1822,2020-01-27 11:44:05+03,2020-01-27 13:05:52+03,Неисправен
3369,228628,1823,2020-01-27 11:44:05+03,2020-01-27 13:05:52+03,Неисправен
4068,228629,1823,2020-01-27 11:44:05+03,2020-01-27 13:05:52+03,Неисправен
5560,228631,1825,2020-01-27 11:44:05+03,2020-01-27 13:05:52+03,Неисправен
6279,228632,1825,2020-01-27 11:44:05+03,2020-01-27 13:03:12+03,Неисправен
7739,228634,1826,2020-01-27 11:44:05+03,2020-01-27 13:05:52+03,Неисправен
8427,228635,1827,2020-01-27 11:44:05+03,2020-01-27 13:05:52+03,Неисправен
10033,228637,1829,2020-01-27 11:44:05+03,2020-01-27 13:05:52+03,Неисправен
10859,228638,1829,2020-01-27 11:44:05+03,2020-01-27 13:05:52+03,Неисправен
11604,228639,1829,2020-01-27 11:44:05+03,2020-01-27 13:05:52+03,Неисправен
259,228640,1830,2020-01-27 11:44:05+03,2020-01-27 13:05:52+03,Неисправен
1049,228641,1830,2020-01-27 11:44:05+03,2020-01-27 13:05:52+03,Неисправен
1804,228642,1830,2020-01-27 11:44:05+03,2020-01-27 13:05:52+03,Неисправен
3377,228644,1830,2020-01-27 11:44:05+03,2020-01-27 13:05:52+03,Неисправен
4078,228645,1830,2020-01-27 11:44:05+03,2020-01-27 13:05:52+03,Неисправен
4786,228646,1830,2020-01-27 11:44:05+03,2020-01-27 13:05:52+03,Неисправен
5569,228647,1830,2020-01-27 11:44:05+03,2020-01-27 13:05:52+03,Неисправен
7058,228649,1829,2020-01-27 11:44:05+03,2020-01-27 13:05:52+03,Неисправен
7748,228650,1827,2020-01-27 11:44:05+03,2020-01-27 13:05:52+03,Неисправен
8435,228651,1826,2020-01-27 11:44:05+03,2020-01-27 13:05:52+03,Неисправен
9123,228652,1826,2020-01-27 11:44:05+03,2020-01-27 12:52:14+03,Неисправен
10041,228653,1826,2020-01-27 11:44:05+03,2020-01-27 13:05:52+03,Неисправен
10867,228654,1826,2020-01-27 11:44:05+03,2020-01-27 13:05:52+03,Неисправен
267,228656,1824,2020-01-27 11:44:05+03,2020-01-27 13:05:52+03,Неисправен
1060,228657,1824,2020-01-27 11:44:05+03,2020-01-27 13:05:52+03,Неисправен
1812,228658,1823,2020-01-27 11:44:05+03,2020-01-27 13:05:52+03,Неисправен
2662,228659,1822,2020-01-27 11:44:05+03,2020-01-27 13:05:52+03,Неисправен
3385,228660,1822,2020-01-27 11:44:05+03,2020-01-27 12:56:32+03,Неисправен
4088,228661,1821,2020-01-27 11:44:05+03,2020-01-27 13:05:52+03,Неисправен
4794,228662,1820,2020-01-27 11:44:05+03,2020-01-27 12:56:32+03,Неисправен
5577,228663,1821,2020-01-27 11:44:05+03,2020-01-27 13:05:52+03,Неисправен
7066,228665,1820,2020-01-27 11:44:05+03,2020-01-27 13:05:52+03,Неисправен
7757,228666,1819,2020-01-27 11:44:05+03,2020-01-27 13:05:52+03,Неисправен
8443,228667,1818,2020-01-27 11:44:05+03,2020-01-27 13:05:52+03,Неисправен
9132,228668,1818,2020-01-27 11:44:05+03,2020-01-27 13:05:52+03,Неисправен
10052,228669,1816,2020-01-27 11:44:05+03,2020-01-27 13:05:52+03,Неисправен
10877,228670,1815,2020-01-27 11:44:05+03,2020-01-27 13:05:52+03,Неисправен
275,228672,1814,2020-01-27 11:44:05+03,2020-01-27 13:05:52+03,Неисправен
1820,228674,1813,2020-01-27 11:44:05+03,2020-01-27 13:05:52+03,Неисправен
2674,228675,1812,2020-01-27 11:44:05+03,2020-01-27 13:05:52+03,Неисправен
3394,228676,1812,2020-01-27 11:44:05+03,2020-01-27 13:05:52+03,Неисправен
4096,228677,1811,2020-01-27 11:44:05+03,2020-01-27 13:05:52+03,Неисправен
5585,228679,1810,2020-01-27 11:44:05+03,2020-01-27 13:05:52+03,Неисправен
6304,228680,1809,2020-01-27 11:44:05+03,2020-01-27 13:05:52+03,Неисправен
7767,228682,1808,2020-01-27 11:44:05+03,2020-01-27 13:05:52+03,Неисправен
8451,228683,1807,2020-01-27 11:44:05+03,2020-01-27 13:05:52+03,Неисправен
9140,228684,1807,2020-01-27 11:44:05+03,2020-01-27 13:05:52+03,Неисправен
10060,228685,1805,2020-01-27 11:44:05+03,2020-01-27 13:05:52+03,Неисправен
10885,228686,1804,2020-01-27 11:44:05+03,2020-01-27 13:05:52+03,Неисправен
11629,228687,1804,2020-01-27 11:44:05+03,2020-01-27 13:05:52+03,Неисправен
283,228688,1803,2020-01-27 11:44:05+03,2020-01-27 13:05:52+03,Неисправен
1077,228689,1802,2020-01-27 11:44:05+03,2020-01-27 13:05:52+03,Неисправен
1828,228690,1802,2020-01-27 11:44:05+03,2020-01-27 13:05:52+03,Неисправен
2683,228691,1801,2020-01-27 11:44:05+03,2020-01-27 13:05:52+03,Неисправен
4104,228693,1802,2020-01-27 11:44:05+03,2020-01-27 13:05:52+03,Неисправен
4814,228694,1803,2020-01-27 11:44:05+03,2020-01-27 13:05:52+03,Неисправен
5593,228695,1803,2020-01-27 11:44:05+03,2020-01-27 13:05:52+03,Неисправен
7087,228697,1805,2020-01-27 11:44:05+03,2020-01-27 13:05:52+03,Неисправен
7778,228698,1805,2020-01-27 11:44:05+03,2020-01-27 13:05:52+03,Неисправен
8465,228699,1807,2020-01-27 11:44:05+03,2020-01-27 13:05:52+03,Неисправен
9149,228700,1807,2020-01-27 11:44:05+03,2020-01-27 13:05:52+03,Неисправен
10073,228701,1808,2020-01-27 11:44:05+03,2020-01-27 13:05:52+03,Неисправен
10893,228702,1809,2020-01-27 11:44:05+03,2020-01-27 13:05:52+03,Неисправен
292,228704,1810,2020-01-27 11:44:05+03,2020-01-27 13:05:52+03,Неисправен
1089,228705,1810,2020-01-27 11:44:05+03,2020-01-27 13:05:52+03,Неисправен
1837,228706,1811,2020-01-27 11:44:05+03,2020-01-27 13:05:52+03,Неисправен
7785,228714,1788,2020-01-27 11:44:08+03,2020-01-27 13:05:52+03,Неисправен
8478,228715,1788,2020-01-27 11:44:08+03,2020-01-27 13:05:52+03,Неисправен
9157,228716,1788,2020-01-27 11:44:08+03,2020-01-27 13:05:52+03,Неисправен
10084,228717,1788,2020-01-27 11:44:08+03,2020-01-27 13:05:52+03,Неисправен
10899,228718,1789,2020-01-27 11:44:08+03,2020-01-27 13:05:52+03,Неисправен
11651,228719,1790,2020-01-27 11:44:08+03,2020-01-27 13:05:52+03,Неисправен
298,228720,1790,2020-01-27 11:44:08+03,2020-01-27 13:05:52+03,Неисправен
1096,228721,1791,2020-01-27 11:44:08+03,2020-01-27 13:05:52+03,Неисправен
1844,228722,1792,2020-01-27 11:44:08+03,2020-01-27 13:05:52+03,Неисправен
2695,228723,1792,2020-01-27 11:44:08+03,2020-01-27 13:05:52+03,Неисправен
3419,228724,1793,2020-01-27 11:44:08+03,2020-01-27 13:05:52+03,Неисправен
4113,228725,1793,2020-01-27 11:44:08+03,2020-01-27 13:05:52+03,Неисправен
4830,228726,1794,2020-01-27 11:44:08+03,2020-01-27 13:05:52+03,Неисправен
5599,228727,1794,2020-01-27 11:44:08+03,2020-01-27 13:05:52+03,Неисправен
6324,228728,1794,2020-01-27 11:44:08+03,2020-01-27 13:05:52+03,Неисправен
7095,228729,1794,2020-01-27 11:44:08+03,2020-01-27 13:05:52+03,Неисправен
7788,228730,1796,2020-01-27 11:44:08+03,2020-01-27 13:05:52+03,Неисправен
8481,228731,1797,2020-01-27 11:44:08+03,2020-01-27 13:05:52+03,Неисправен
9160,228732,1797,2020-01-27 11:44:08+03,2020-01-27 13:05:52+03,Неисправен
10087,228733,1798,2020-01-27 11:44:08+03,2020-01-27 13:05:52+03,Неисправен
10902,228734,1799,2020-01-27 11:44:08+03,2020-01-27 13:05:52+03,Неисправен
11654,228735,1800,2020-01-27 11:44:08+03,2020-01-27 13:05:52+03,Неисправен
301,228736,1801,2020-01-27 11:44:08+03,2020-01-27 13:05:52+03,Неисправен
1099,228737,1800,2020-01-27 11:44:08+03,2020-01-27 13:05:52+03,Неисправен
1847,228738,1800,2020-01-27 11:44:08+03,2020-01-27 13:05:52+03,Неисправен
2698,228739,1799,2020-01-27 11:44:08+03,2020-01-27 13:05:52+03,Неисправен
3422,228740,1798,2020-01-27 11:44:08+03,2020-01-27 13:05:52+03,Неисправен
4116,228741,1798,2020-01-27 11:44:08+03,2020-01-27 13:05:52+03,Неисправен
4833,228742,1798,2020-01-27 11:44:08+03,2020-01-27 13:05:52+03,Неисправен
5602,228743,1798,2020-01-27 11:44:08+03,2020-01-27 13:05:52+03,Неисправен
6327,228744,1797,2020-01-27 11:44:08+03,2020-01-27 13:05:52+03,Неисправен
7098,228745,1796,2020-01-27 11:44:08+03,2020-01-27 13:05:52+03,Неисправен
7791,228746,1796,2020-01-27 11:44:08+03,2020-01-27 13:05:52+03,Неисправен
8484,228747,1794,2020-01-27 11:44:08+03,2020-01-27 13:05:52+03,Неисправен
9163,228748,1793,2020-01-27 11:44:08+03,2020-01-27 13:05:52+03,Неисправен
10090,228749,1793,2020-01-27 11:44:08+03,2020-01-27 13:05:52+03,Неисправен
10905,228750,1792,2020-01-27 11:44:08+03,2020-01-27 13:05:52+03,Неисправен
11657,228751,1791,2020-01-27 11:44:08+03,2020-01-27 13:05:52+03,Неисправен
304,228752,1791,2020-01-27 11:44:08+03,2020-01-27 13:05:52+03,Неисправен
1102,228753,1790,2020-01-27 11:44:08+03,2020-01-27 13:05:52+03,Неисправен
1850,228754,1789,2020-01-27 11:44:08+03,2020-01-27 13:05:52+03,Неисправен
2701,228755,1789,2020-01-27 11:44:08+03,2020-01-27 13:05:52+03,Неисправен
3425,228756,1788,2020-01-27 11:44:08+03,2020-01-27 13:05:52+03,Неисправен
4119,228757,1788,2020-01-27 11:44:08+03,2020-01-27 13:05:52+03,Неисправен
4836,228758,1787,2020-01-27 11:44:08+03,2020-01-27 13:05:52+03,Неисправен
5605,228759,1786,2020-01-27 11:44:08+03,2020-01-27 13:05:52+03,Неисправен
6330,228760,1785,2020-01-27 11:44:08+03,2020-01-27 13:05:52+03,Неисправен
7101,228761,1785,2020-01-27 11:44:08+03,2020-01-27 13:05:52+03,Неисправен
7794,228762,1783,2020-01-27 11:44:08+03,2020-01-27 13:05:52+03,Неисправен
8487,228763,1782,2020-01-27 11:44:08+03,2020-01-27 13:05:52+03,Неисправен
9166,228764,1782,2020-01-27 11:44:08+03,2020-01-27 13:05:52+03,Неисправен
10093,228765,1781,2020-01-27 11:44:08+03,2020-01-27 13:05:52+03,Неисправен
10908,228766,1780,2020-01-27 11:44:08+03,2020-01-27 13:05:52+03,Неисправен
11660,228767,1780,2020-01-27 11:44:08+03,2020-01-27 13:05:52+03,Неисправен
307,228768,1779,2020-01-27 11:44:08+03,2020-01-27 13:05:52+03,Неисправен
1105,228769,1778,2020-01-27 11:44:08+03,2020-01-27 13:05:52+03,Неисправен
1853,228770,1778,2020-01-27 11:44:08+03,2020-01-27 13:05:52+03,Неисправен
3428,228772,1776,2020-01-27 11:44:08+03,2020-01-27 13:05:52+03,Неисправен
4122,228773,1776,2020-01-27 11:44:08+03,2020-01-27 13:05:52+03,Неисправен
4839,228774,1727,2020-01-27 11:44:08+03,2020-01-27 13:05:52+03,Неисправен
5608,228775,1727,2020-01-27 11:44:08+03,2020-01-27 13:05:52+03,Неисправен
6333,228776,1728,2020-01-27 11:44:08+03,2020-01-27 13:05:52+03,Неисправен
7104,228777,1839,2020-01-27 11:44:08+03,2020-01-27 13:05:52+03,Неисправен
7797,228778,1950,2020-01-27 11:44:08+03,2020-01-27 13:05:52+03,Неисправен
8490,228779,1950,2020-01-27 11:44:08+03,2020-01-27 13:05:52+03,Неисправен
9169,228780,1950,2020-01-27 11:44:08+03,2020-01-27 13:05:52+03,Неисправен
10096,228781,1776,2020-01-27 11:44:08+03,2020-01-27 13:05:52+03,Неисправен
10911,228782,1776,2020-01-27 11:44:08+03,2020-01-27 13:05:52+03,Неисправен
11663,228783,1775,2020-01-27 11:44:08+03,2020-01-27 13:05:52+03,Неисправен
310,228784,1774,2020-01-27 11:44:08+03,2020-01-27 13:05:52+03,Неисправен
1108,228785,1774,2020-01-27 11:44:08+03,2020-01-27 13:05:52+03,Неисправен
1856,228786,1772,2020-01-27 11:44:08+03,2020-01-27 13:05:52+03,Неисправен
2704,228787,1772,2020-01-27 11:44:08+03,2020-01-27 13:05:52+03,Неисправен
3431,228788,1772,2020-01-27 11:44:08+03,2020-01-27 13:05:52+03,Неисправен
4125,228789,1772,2020-01-27 11:44:08+03,2020-01-27 13:05:52+03,Неисправен
4842,228790,1774,2020-01-27 11:44:08+03,2020-01-27 13:05:52+03,Неисправен
5611,228791,1775,2020-01-27 11:44:08+03,2020-01-27 13:05:52+03,Неисправен
6336,228792,1775,2020-01-27 11:44:08+03,2020-01-27 13:05:52+03,Неисправен
7107,228793,1776,2020-01-27 11:44:08+03,2020-01-27 13:05:52+03,Неисправен
7800,228794,1777,2020-01-27 11:44:08+03,2020-01-27 13:05:52+03,Неисправен
8493,228795,1777,2020-01-27 11:44:08+03,2020-01-27 13:05:52+03,Неисправен
9172,228796,1778,2020-01-27 11:44:08+03,2020-01-27 13:05:52+03,Неисправен
10099,228797,1778,2020-01-27 11:44:08+03,2020-01-27 13:05:52+03,Неисправен
10914,228798,1779,2020-01-27 11:44:08+03,2020-01-27 13:05:52+03,Неисправен
11667,228799,1780,2020-01-27 11:44:08+03,2020-01-27 13:05:52+03,Неисправен
314,228800,1781,2020-01-27 11:44:08+03,2020-01-27 13:05:52+03,Неисправен
1112,228801,1781,2020-01-27 11:44:08+03,2020-01-27 13:05:52+03,Неисправен
1859,228802,1782,2020-01-27 11:44:08+03,2020-01-27 13:05:52+03,Неисправен
2707,228803,1783,2020-01-27 11:44:08+03,2020-01-27 13:05:52+03,Неисправен
3435,228804,1783,2020-01-27 11:44:08+03,2020-01-27 13:05:52+03,Неисправен
4128,228805,1785,2020-01-27 11:44:08+03,2020-01-27 13:05:52+03,Неисправен
4846,228806,1786,2020-01-27 11:44:08+03,2020-01-27 13:05:52+03,Неисправен
5616,228807,1786,2020-01-27 11:44:08+03,2020-01-27 13:05:52+03,Неисправен
6339,228808,1787,2020-01-27 11:44:08+03,2020-01-27 13:05:52+03,Неисправен
7110,228809,1788,2020-01-27 11:44:08+03,2020-01-27 13:05:52+03,Неисправен
9175,228812,1758,2020-01-27 11:44:11+03,2020-01-27 13:05:53+03,Неисправен
10102,228813,1758,2020-01-27 11:44:11+03,2020-01-27 13:05:53+03,Неисправен
10917,228814,1759,2020-01-27 11:44:11+03,2020-01-27 13:05:53+03,Неисправен
11670,228815,1759,2020-01-27 11:44:11+03,2020-01-27 13:05:53+03,Неисправен
317,228816,1760,2020-01-27 11:44:11+03,2020-01-27 13:05:53+03,Неисправен
1115,228817,1761,2020-01-27 11:44:11+03,2020-01-27 13:05:53+03,Неисправен
1862,228818,1761,2020-01-27 11:44:11+03,2020-01-27 13:05:53+03,Неисправен
2710,228819,1763,2020-01-27 11:44:11+03,2020-01-27 13:05:53+03,Неисправен
3438,228820,1764,2020-01-27 11:44:11+03,2020-01-27 13:05:53+03,Неисправен
4131,228821,1765,2020-01-27 11:44:11+03,2020-01-27 13:05:53+03,Неисправен
4849,228822,1765,2020-01-27 11:44:11+03,2020-01-27 13:05:53+03,Неисправен
5619,228823,1766,2020-01-27 11:44:11+03,2020-01-27 13:05:53+03,Неисправен
6342,228824,1767,2020-01-27 11:44:11+03,2020-01-27 13:05:53+03,Неисправен
7113,228825,1767,2020-01-27 11:44:11+03,2020-01-27 13:05:53+03,Неисправен
7803,228826,1768,2020-01-27 11:44:11+03,2020-01-27 13:05:53+03,Неисправен
8496,228827,1768,2020-01-27 11:44:11+03,2020-01-27 13:05:53+03,Неисправен
9181,228828,1769,2020-01-27 11:44:11+03,2020-01-27 13:05:53+03,Неисправен
10108,228829,1769,2020-01-27 11:44:11+03,2020-01-27 13:05:53+03,Неисправен
10923,228830,1770,2020-01-27 11:44:11+03,2020-01-27 13:05:53+03,Неисправен
11676,228831,1771,2020-01-27 11:44:11+03,2020-01-27 13:05:53+03,Неисправен
323,228832,1771,2020-01-27 11:44:11+03,2020-01-27 13:05:53+03,Неисправен
1121,228833,1772,2020-01-27 11:44:11+03,2020-01-27 13:05:53+03,Неисправен
1868,228834,1772,2020-01-27 11:44:11+03,2020-01-27 13:05:53+03,Неисправен
2716,228835,1771,2020-01-27 11:44:11+03,2020-01-27 13:05:53+03,Неисправен
3444,228836,1771,2020-01-27 11:44:11+03,2020-01-27 13:05:53+03,Неисправен
4137,228837,1770,2020-01-27 11:44:11+03,2020-01-27 13:05:53+03,Неисправен
4855,228838,1769,2020-01-27 11:44:11+03,2020-01-27 13:05:53+03,Неисправен
5625,228839,1769,2020-01-27 11:44:11+03,2020-01-27 13:05:53+03,Неисправен
6348,228840,1768,2020-01-27 11:44:11+03,2020-01-27 13:05:53+03,Неисправен
7119,228841,1768,2020-01-27 11:44:11+03,2020-01-27 13:05:53+03,Неисправен
7809,228842,1767,2020-01-27 11:44:11+03,2020-01-27 13:05:53+03,Неисправен
8502,228843,1766,2020-01-27 11:44:11+03,2020-01-27 13:05:53+03,Неисправен
9188,228844,1766,2020-01-27 11:44:11+03,2020-01-27 13:05:53+03,Неисправен
10117,228845,1765,2020-01-27 11:44:11+03,2020-01-27 13:05:53+03,Неисправен
10930,228846,1764,2020-01-27 11:44:11+03,2020-01-27 13:05:53+03,Неисправен
11683,228847,1764,2020-01-27 11:44:11+03,2020-01-27 13:05:53+03,Неисправен
330,228848,1763,2020-01-27 11:44:11+03,2020-01-27 13:05:53+03,Неисправен
1128,228849,1761,2020-01-27 11:44:11+03,2020-01-27 13:05:53+03,Неисправен
1875,228850,1760,2020-01-27 11:44:11+03,2020-01-27 13:05:53+03,Неисправен
2723,228851,1760,2020-01-27 11:44:11+03,2020-01-27 13:05:53+03,Неисправен
3451,228852,1759,2020-01-27 11:44:11+03,2020-01-27 13:05:53+03,Неисправен
4144,228853,1758,2020-01-27 11:44:11+03,2020-01-27 13:05:53+03,Неисправен
4862,228854,1758,2020-01-27 11:44:11+03,2020-01-27 13:05:53+03,Неисправен
5632,228855,1757,2020-01-27 11:44:11+03,2020-01-27 13:05:53+03,Неисправен
6355,228856,1757,2020-01-27 11:44:11+03,2020-01-27 13:05:53+03,Неисправен
7126,228857,1756,2020-01-27 11:44:11+03,2020-01-27 13:05:53+03,Неисправен
7818,228858,1755,2020-01-27 11:44:11+03,2020-01-27 13:05:53+03,Неисправен
8510,228859,1755,2020-01-27 11:44:11+03,2020-01-27 13:05:53+03,Неисправен
9196,228860,1754,2020-01-27 11:44:11+03,2020-01-27 13:05:53+03,Неисправен
10125,228861,1753,2020-01-27 11:44:11+03,2020-01-27 13:05:53+03,Неисправен
10938,228862,1753,2020-01-27 11:44:11+03,2020-01-27 13:05:53+03,Неисправен
11690,228863,1752,2020-01-27 11:44:11+03,2020-01-27 13:05:53+03,Неисправен
338,228864,1750,2020-01-27 11:44:11+03,2020-01-27 13:05:53+03,Неисправен
1136,228865,1749,2020-01-27 11:44:11+03,2020-01-27 13:05:53+03,Неисправен
1883,228866,1749,2020-01-27 11:44:11+03,2020-01-27 13:05:53+03,Неисправен
2990,229619,1825,2020-01-27 11:45:15+03,2020-01-27 12:49:59+03,Неисправен
6571,229624,1811,2020-01-27 11:45:16+03,2020-01-27 12:49:59+03,Неисправен
10377,229629,1788,2020-01-27 11:45:16+03,2020-01-27 12:49:59+03,Неисправен
2133,229634,1772,2020-01-27 11:45:16+03,2020-01-27 12:49:59+03,Неисправен
7074,228681,1808,2020-01-27 11:58:40+03,2020-01-27 13:05:52+03,Неисправен
3404,228692,1801,2020-01-27 11:58:40+03,2020-01-27 13:05:52+03,Неисправен
3360,228612,1813,2020-01-27 13:06:14+03,2020-01-27 15:33:58+03,Неисправен
4769,228614,1812,2020-01-27 13:06:14+03,2020-01-27 15:39:23+03,Неисправен
5550,228615,1813,2020-01-27 13:06:14+03,2020-01-27 15:39:23+03,Неисправен
6267,228616,1814,2020-01-27 13:06:14+03,2020-01-27 15:39:23+03,Неисправен
7728,228618,1815,2020-01-27 13:06:14+03,2020-01-27 15:39:23+03,Неисправен
8418,228619,1816,2020-01-27 13:06:14+03,2020-01-27 15:39:23+03,Неисправен
10852,228622,1819,2020-01-27 13:06:14+03,2020-01-27 15:39:23+03,Неисправен
249,228624,1820,2020-01-27 13:06:14+03,2020-01-27 15:39:23+03,Неисправен
1042,228625,1821,2020-01-27 13:06:14+03,2020-01-27 15:39:23+03,Неисправен
1797,228626,1821,2020-01-27 13:06:14+03,2020-01-27 15:39:23+03,Неисправен
2644,228627,1822,2020-01-27 13:06:14+03,2020-01-27 15:39:23+03,Неисправен
3370,228628,1823,2020-01-27 13:06:14+03,2020-01-27 15:39:23+03,Неисправен
4069,228629,1823,2020-01-27 13:06:14+03,2020-01-27 15:39:23+03,Неисправен
4779,228630,1824,2020-01-27 13:06:14+03,2020-01-27 15:39:23+03,Неисправен
5561,228631,1825,2020-01-27 13:06:14+03,2020-01-27 15:39:23+03,Неисправен
6280,228632,1825,2020-01-27 13:06:14+03,2020-01-27 15:39:23+03,Неисправен
7050,228633,1826,2020-01-27 13:06:14+03,2020-01-27 15:39:23+03,Неисправен
7740,228634,1826,2020-01-27 13:06:14+03,2020-01-27 15:39:23+03,Неисправен
8428,228635,1827,2020-01-27 13:06:14+03,2020-01-27 15:39:23+03,Неисправен
9113,228636,1829,2020-01-27 13:06:14+03,2020-01-27 15:39:23+03,Неисправен
10034,228637,1829,2020-01-27 13:06:14+03,2020-01-27 15:39:23+03,Неисправен
10860,228638,1829,2020-01-27 13:06:14+03,2020-01-27 15:39:23+03,Неисправен
11605,228639,1829,2020-01-27 13:06:14+03,2020-01-27 15:39:23+03,Неисправен
260,228640,1830,2020-01-27 13:06:14+03,2020-01-27 15:39:23+03,Неисправен
1050,228641,1830,2020-01-27 13:06:14+03,2020-01-27 15:39:23+03,Неисправен
1805,228642,1830,2020-01-27 13:06:14+03,2020-01-27 15:39:23+03,Неисправен
2654,228643,1830,2020-01-27 13:06:14+03,2020-01-27 15:39:23+03,Неисправен
3378,228644,1830,2020-01-27 13:06:14+03,2020-01-27 15:39:23+03,Неисправен
4079,228645,1830,2020-01-27 13:06:14+03,2020-01-27 15:39:23+03,Неисправен
4787,228646,1830,2020-01-27 13:06:14+03,2020-01-27 15:39:23+03,Неисправен
5570,228647,1830,2020-01-27 13:06:14+03,2020-01-27 15:39:23+03,Неисправен
6287,228648,1829,2020-01-27 13:06:14+03,2020-01-27 15:39:23+03,Неисправен
7059,228649,1829,2020-01-27 13:06:14+03,2020-01-27 15:39:23+03,Неисправен
7749,228650,1827,2020-01-27 13:06:14+03,2020-01-27 15:39:23+03,Неисправен
8436,228651,1826,2020-01-27 13:06:14+03,2020-01-27 15:39:23+03,Неисправен
9124,228652,1826,2020-01-27 13:06:14+03,2020-01-27 15:39:23+03,Неисправен
10042,228653,1826,2020-01-27 13:06:14+03,2020-01-27 15:39:23+03,Неисправен
10868,228654,1826,2020-01-27 13:06:14+03,2020-01-27 15:39:23+03,Неисправен
11612,228655,1825,2020-01-27 13:06:14+03,2020-01-27 15:39:23+03,Неисправен
268,228656,1824,2020-01-27 13:06:14+03,2020-01-27 15:39:23+03,Неисправен
1061,228657,1824,2020-01-27 13:06:14+03,2020-01-27 15:39:23+03,Неисправен
1813,228658,1823,2020-01-27 13:06:14+03,2020-01-27 15:39:23+03,Неисправен
2663,228659,1822,2020-01-27 13:06:14+03,2020-01-27 15:39:23+03,Неисправен
3386,228660,1822,2020-01-27 13:06:14+03,2020-01-27 15:39:23+03,Неисправен
4089,228661,1821,2020-01-27 13:06:14+03,2020-01-27 15:39:23+03,Неисправен
4795,228662,1820,2020-01-27 13:06:14+03,2020-01-27 15:39:23+03,Неисправен
5578,228663,1821,2020-01-27 13:06:14+03,2020-01-27 15:39:23+03,Неисправен
6296,228664,1820,2020-01-27 13:06:14+03,2020-01-27 15:39:23+03,Неисправен
7067,228665,1820,2020-01-27 13:06:14+03,2020-01-27 15:39:23+03,Неисправен
7758,228666,1819,2020-01-27 13:06:14+03,2020-01-27 15:39:23+03,Неисправен
8444,228667,1818,2020-01-27 13:06:14+03,2020-01-27 15:39:23+03,Неисправен
9133,228668,1818,2020-01-27 13:06:14+03,2020-01-27 15:39:23+03,Неисправен
10053,228669,1816,2020-01-27 13:06:14+03,2020-01-27 15:39:23+03,Неисправен
10878,228670,1815,2020-01-27 13:06:14+03,2020-01-27 15:39:23+03,Неисправен
11621,228671,1815,2020-01-27 13:06:14+03,2020-01-27 15:39:23+03,Неисправен
276,228672,1814,2020-01-27 13:06:14+03,2020-01-27 15:39:23+03,Неисправен
1069,228673,1813,2020-01-27 13:06:14+03,2020-01-27 15:39:23+03,Неисправен
1821,228674,1813,2020-01-27 13:06:14+03,2020-01-27 15:39:23+03,Неисправен
2675,228675,1812,2020-01-27 13:06:14+03,2020-01-27 15:39:23+03,Неисправен
3395,228676,1812,2020-01-27 13:06:14+03,2020-01-27 15:39:23+03,Неисправен
4097,228677,1811,2020-01-27 13:06:14+03,2020-01-27 15:39:23+03,Неисправен
4802,228678,1810,2020-01-27 13:06:14+03,2020-01-27 15:39:23+03,Неисправен
5586,228679,1810,2020-01-27 13:06:14+03,2020-01-27 15:39:23+03,Неисправен
6305,228680,1809,2020-01-27 13:06:14+03,2020-01-27 15:39:23+03,Неисправен
7075,228681,1808,2020-01-27 13:06:14+03,2020-01-27 15:39:23+03,Неисправен
7768,228682,1808,2020-01-27 13:06:14+03,2020-01-27 15:39:23+03,Неисправен
8452,228683,1807,2020-01-27 13:06:14+03,2020-01-27 15:39:23+03,Неисправен
9141,228684,1807,2020-01-27 13:06:14+03,2020-01-27 15:39:23+03,Неисправен
10061,228685,1805,2020-01-27 13:06:14+03,2020-01-27 15:39:23+03,Неисправен
10886,228686,1804,2020-01-27 13:06:14+03,2020-01-27 15:39:23+03,Неисправен
11630,228687,1804,2020-01-27 13:06:14+03,2020-01-27 15:39:23+03,Неисправен
284,228688,1803,2020-01-27 13:06:14+03,2020-01-27 15:39:23+03,Неисправен
1078,228689,1802,2020-01-27 13:06:14+03,2020-01-27 15:39:23+03,Неисправен
1829,228690,1802,2020-01-27 13:06:14+03,2020-01-27 15:39:23+03,Неисправен
2684,228691,1801,2020-01-27 13:06:14+03,2020-01-27 15:39:23+03,Неисправен
3405,228692,1801,2020-01-27 13:06:14+03,2020-01-27 15:39:23+03,Неисправен
4105,228693,1802,2020-01-27 13:06:14+03,2020-01-27 15:39:23+03,Неисправен
4815,228694,1803,2020-01-27 13:06:14+03,2020-01-27 15:39:23+03,Неисправен
5594,228695,1803,2020-01-27 13:06:14+03,2020-01-27 15:39:23+03,Неисправен
6316,228696,1804,2020-01-27 13:06:14+03,2020-01-27 15:39:23+03,Неисправен
7088,228697,1805,2020-01-27 13:06:14+03,2020-01-27 15:39:23+03,Неисправен
7779,228698,1805,2020-01-27 13:06:14+03,2020-01-27 15:39:23+03,Неисправен
8466,228699,1807,2020-01-27 13:06:14+03,2020-01-27 15:39:23+03,Неисправен
9150,228700,1807,2020-01-27 13:06:14+03,2020-01-27 15:39:23+03,Неисправен
10074,228701,1808,2020-01-27 13:06:14+03,2020-01-27 15:39:23+03,Неисправен
10894,228702,1809,2020-01-27 13:06:14+03,2020-01-27 15:39:23+03,Неисправен
11643,228703,1809,2020-01-27 13:06:14+03,2020-01-27 15:39:23+03,Неисправен
293,228704,1810,2020-01-27 13:06:14+03,2020-01-27 15:39:23+03,Неисправен
1090,228705,1810,2020-01-27 13:06:14+03,2020-01-27 15:39:23+03,Неисправен
1838,228706,1811,2020-01-27 13:06:14+03,2020-01-27 15:39:23+03,Неисправен
7786,228714,1788,2020-01-27 13:06:19+03,2020-01-27 15:39:28+03,Неисправен
8479,228715,1788,2020-01-27 13:06:19+03,2020-01-27 15:39:28+03,Неисправен
9158,228716,1788,2020-01-27 13:06:19+03,2020-01-27 15:39:28+03,Неисправен
10085,228717,1788,2020-01-27 13:06:19+03,2020-01-27 15:39:28+03,Неисправен
10900,228718,1789,2020-01-27 13:06:19+03,2020-01-27 15:39:28+03,Неисправен
11652,228719,1790,2020-01-27 13:06:19+03,2020-01-27 15:39:28+03,Неисправен
299,228720,1790,2020-01-27 13:06:19+03,2020-01-27 15:39:28+03,Неисправен
1097,228721,1791,2020-01-27 13:06:19+03,2020-01-27 15:39:28+03,Неисправен
1845,228722,1792,2020-01-27 13:06:19+03,2020-01-27 15:39:28+03,Неисправен
2696,228723,1792,2020-01-27 13:06:19+03,2020-01-27 15:39:28+03,Неисправен
3420,228724,1793,2020-01-27 13:06:19+03,2020-01-27 15:39:28+03,Неисправен
4114,228725,1793,2020-01-27 13:06:19+03,2020-01-27 15:39:28+03,Неисправен
4831,228726,1794,2020-01-27 13:06:19+03,2020-01-27 15:39:28+03,Неисправен
5600,228727,1794,2020-01-27 13:06:19+03,2020-01-27 15:39:28+03,Неисправен
6325,228728,1794,2020-01-27 13:06:19+03,2020-01-27 15:39:28+03,Неисправен
7096,228729,1794,2020-01-27 13:06:19+03,2020-01-27 15:39:28+03,Неисправен
7789,228730,1796,2020-01-27 13:06:19+03,2020-01-27 15:39:28+03,Неисправен
8482,228731,1797,2020-01-27 13:06:19+03,2020-01-27 15:39:28+03,Неисправен
9161,228732,1797,2020-01-27 13:06:19+03,2020-01-27 15:39:28+03,Неисправен
10088,228733,1798,2020-01-27 13:06:19+03,2020-01-27 15:39:28+03,Неисправен
10903,228734,1799,2020-01-27 13:06:19+03,2020-01-27 15:39:28+03,Неисправен
11655,228735,1800,2020-01-27 13:06:19+03,2020-01-27 15:39:28+03,Неисправен
302,228736,1801,2020-01-27 13:06:19+03,2020-01-27 15:39:28+03,Неисправен
1100,228737,1800,2020-01-27 13:06:19+03,2020-01-27 15:39:28+03,Неисправен
1848,228738,1800,2020-01-27 13:06:19+03,2020-01-27 15:39:28+03,Неисправен
2699,228739,1799,2020-01-27 13:06:19+03,2020-01-27 15:39:28+03,Неисправен
3423,228740,1798,2020-01-27 13:06:19+03,2020-01-27 15:39:28+03,Неисправен
4117,228741,1798,2020-01-27 13:06:19+03,2020-01-27 15:39:28+03,Неисправен
4834,228742,1798,2020-01-27 13:06:19+03,2020-01-27 15:39:28+03,Неисправен
5603,228743,1798,2020-01-27 13:06:20+03,2020-01-27 15:39:28+03,Неисправен
6328,228744,1797,2020-01-27 13:06:20+03,2020-01-27 15:39:28+03,Неисправен
7099,228745,1796,2020-01-27 13:06:20+03,2020-01-27 15:39:28+03,Неисправен
7792,228746,1796,2020-01-27 13:06:20+03,2020-01-27 15:39:28+03,Неисправен
8485,228747,1794,2020-01-27 13:06:20+03,2020-01-27 15:39:28+03,Неисправен
9164,228748,1793,2020-01-27 13:06:20+03,2020-01-27 15:39:28+03,Неисправен
10091,228749,1793,2020-01-27 13:06:20+03,2020-01-27 15:39:28+03,Неисправен
10906,228750,1792,2020-01-27 13:06:20+03,2020-01-27 15:39:28+03,Неисправен
11658,228751,1791,2020-01-27 13:06:20+03,2020-01-27 15:39:28+03,Неисправен
305,228752,1791,2020-01-27 13:06:20+03,2020-01-27 15:39:28+03,Неисправен
1103,228753,1790,2020-01-27 13:06:20+03,2020-01-27 15:39:28+03,Неисправен
1851,228754,1789,2020-01-27 13:06:20+03,2020-01-27 15:39:28+03,Неисправен
2702,228755,1789,2020-01-27 13:06:20+03,2020-01-27 15:39:28+03,Неисправен
3426,228756,1788,2020-01-27 13:06:20+03,2020-01-27 15:39:28+03,Неисправен
4120,228757,1788,2020-01-27 13:06:20+03,2020-01-27 15:39:28+03,Неисправен
4837,228758,1787,2020-01-27 13:06:20+03,2020-01-27 15:39:28+03,Неисправен
5606,228759,1786,2020-01-27 13:06:20+03,2020-01-27 15:39:28+03,Неисправен
6331,228760,1785,2020-01-27 13:06:20+03,2020-01-27 15:39:28+03,Неисправен
7102,228761,1785,2020-01-27 13:06:20+03,2020-01-27 15:39:28+03,Неисправен
7795,228762,1783,2020-01-27 13:06:20+03,2020-01-27 15:39:28+03,Неисправен
8488,228763,1782,2020-01-27 13:06:20+03,2020-01-27 15:39:28+03,Неисправен
9167,228764,1782,2020-01-27 13:06:20+03,2020-01-27 15:39:28+03,Неисправен
10094,228765,1781,2020-01-27 13:06:20+03,2020-01-27 15:39:28+03,Неисправен
10909,228766,1780,2020-01-27 13:06:20+03,2020-01-27 15:39:28+03,Неисправен
11661,228767,1780,2020-01-27 13:06:20+03,2020-01-27 15:39:28+03,Неисправен
308,228768,1779,2020-01-27 13:06:20+03,2020-01-27 15:39:28+03,Неисправен
1106,228769,1778,2020-01-27 13:06:20+03,2020-01-27 15:39:28+03,Неисправен
1854,228770,1778,2020-01-27 13:06:20+03,2020-01-27 15:39:28+03,Неисправен
3429,228772,1776,2020-01-27 13:06:20+03,2020-01-27 15:39:28+03,Неисправен
4123,228773,1776,2020-01-27 13:06:20+03,2020-01-27 15:39:28+03,Неисправен
4840,228774,1727,2020-01-27 13:06:20+03,2020-01-27 15:39:28+03,Неисправен
5609,228775,1727,2020-01-27 13:06:20+03,2020-01-27 15:39:28+03,Неисправен
6334,228776,1728,2020-01-27 13:06:20+03,2020-01-27 15:39:28+03,Неисправен
7105,228777,1839,2020-01-27 13:06:20+03,2020-01-27 15:39:28+03,Неисправен
7798,228778,1950,2020-01-27 13:06:20+03,2020-01-27 15:39:28+03,Неисправен
8491,228779,1950,2020-01-27 13:06:20+03,2020-01-27 15:39:28+03,Неисправен
9170,228780,1950,2020-01-27 13:06:20+03,2020-01-27 15:39:28+03,Неисправен
10097,228781,1776,2020-01-27 13:06:20+03,2020-01-27 15:39:28+03,Неисправен
10912,228782,1776,2020-01-27 13:06:20+03,2020-01-27 15:39:28+03,Неисправен
11664,228783,1775,2020-01-27 13:06:20+03,2020-01-27 15:39:28+03,Неисправен
311,228784,1774,2020-01-27 13:06:20+03,2020-01-27 15:39:28+03,Неисправен
1109,228785,1774,2020-01-27 13:06:20+03,2020-01-27 15:39:28+03,Неисправен
1857,228786,1772,2020-01-27 13:06:20+03,2020-01-27 15:39:28+03,Неисправен
2705,228787,1772,2020-01-27 13:06:20+03,2020-01-27 15:39:28+03,Неисправен
3432,228788,1772,2020-01-27 13:06:20+03,2020-01-27 15:39:28+03,Неисправен
4126,228789,1772,2020-01-27 13:06:20+03,2020-01-27 15:39:28+03,Неисправен
4843,228790,1774,2020-01-27 13:06:20+03,2020-01-27 15:39:28+03,Неисправен
5612,228791,1775,2020-01-27 13:06:20+03,2020-01-27 15:39:28+03,Неисправен
6337,228792,1775,2020-01-27 13:06:20+03,2020-01-27 15:39:28+03,Неисправен
7108,228793,1776,2020-01-27 13:06:20+03,2020-01-27 15:39:28+03,Неисправен
7801,228794,1777,2020-01-27 13:06:20+03,2020-01-27 15:39:28+03,Неисправен
8494,228795,1777,2020-01-27 13:06:20+03,2020-01-27 15:39:28+03,Неисправен
9173,228796,1778,2020-01-27 13:06:20+03,2020-01-27 15:39:28+03,Неисправен
10100,228797,1778,2020-01-27 13:06:20+03,2020-01-27 15:39:28+03,Неисправен
10915,228798,1779,2020-01-27 13:06:20+03,2020-01-27 15:39:28+03,Неисправен
11668,228799,1780,2020-01-27 13:06:20+03,2020-01-27 15:39:28+03,Неисправен
315,228800,1781,2020-01-27 13:06:20+03,2020-01-27 15:39:28+03,Неисправен
1113,228801,1781,2020-01-27 13:06:20+03,2020-01-27 15:39:28+03,Неисправен
1860,228802,1782,2020-01-27 13:06:20+03,2020-01-27 15:39:28+03,Неисправен
2708,228803,1783,2020-01-27 13:06:20+03,2020-01-27 15:39:28+03,Неисправен
3436,228804,1783,2020-01-27 13:06:20+03,2020-01-27 15:39:28+03,Неисправен
4129,228805,1785,2020-01-27 13:06:20+03,2020-01-27 15:39:28+03,Неисправен
4847,228806,1786,2020-01-27 13:06:20+03,2020-01-27 15:39:28+03,Неисправен
5617,228807,1786,2020-01-27 13:06:20+03,2020-01-27 15:39:28+03,Неисправен
6340,228808,1787,2020-01-27 13:06:20+03,2020-01-27 15:39:28+03,Неисправен
7111,228809,1788,2020-01-27 13:06:20+03,2020-01-27 15:39:28+03,Неисправен
9176,228812,1758,2020-01-27 13:06:22+03,2020-01-27 15:39:33+03,Неисправен
10103,228813,1758,2020-01-27 13:06:22+03,2020-01-27 15:39:33+03,Неисправен
10918,228814,1759,2020-01-27 13:06:22+03,2020-01-27 15:39:33+03,Неисправен
11671,228815,1759,2020-01-27 13:06:22+03,2020-01-27 15:39:33+03,Неисправен
318,228816,1760,2020-01-27 13:06:22+03,2020-01-27 15:39:33+03,Неисправен
1116,228817,1761,2020-01-27 13:06:22+03,2020-01-27 15:39:33+03,Неисправен
1863,228818,1761,2020-01-27 13:06:22+03,2020-01-27 15:39:33+03,Неисправен
2711,228819,1763,2020-01-27 13:06:22+03,2020-01-27 15:39:33+03,Неисправен
3439,228820,1764,2020-01-27 13:06:22+03,2020-01-27 15:39:33+03,Неисправен
4132,228821,1765,2020-01-27 13:06:22+03,2020-01-27 15:39:33+03,Неисправен
4850,228822,1765,2020-01-27 13:06:22+03,2020-01-27 15:39:33+03,Неисправен
5620,228823,1766,2020-01-27 13:06:22+03,2020-01-27 15:39:33+03,Неисправен
6343,228824,1767,2020-01-27 13:06:22+03,2020-01-27 15:39:33+03,Неисправен
7114,228825,1767,2020-01-27 13:06:22+03,2020-01-27 15:39:33+03,Неисправен
7804,228826,1768,2020-01-27 13:06:22+03,2020-01-27 15:39:33+03,Неисправен
8497,228827,1768,2020-01-27 13:06:22+03,2020-01-27 15:39:33+03,Неисправен
9182,228828,1769,2020-01-27 13:06:22+03,2020-01-27 15:39:33+03,Неисправен
10109,228829,1769,2020-01-27 13:06:22+03,2020-01-27 15:39:33+03,Неисправен
10924,228830,1770,2020-01-27 13:06:22+03,2020-01-27 15:39:33+03,Неисправен
11677,228831,1771,2020-01-27 13:06:22+03,2020-01-27 15:39:33+03,Неисправен
324,228832,1771,2020-01-27 13:06:22+03,2020-01-27 15:39:33+03,Неисправен
1122,228833,1772,2020-01-27 13:06:22+03,2020-01-27 15:39:33+03,Неисправен
1869,228834,1772,2020-01-27 13:06:22+03,2020-01-27 15:39:33+03,Неисправен
2717,228835,1771,2020-01-27 13:06:22+03,2020-01-27 15:39:33+03,Неисправен
3445,228836,1771,2020-01-27 13:06:22+03,2020-01-27 15:39:33+03,Неисправен
4138,228837,1770,2020-01-27 13:06:22+03,2020-01-27 15:39:33+03,Неисправен
4856,228838,1769,2020-01-27 13:06:22+03,2020-01-27 15:39:33+03,Неисправен
5626,228839,1769,2020-01-27 13:06:22+03,2020-01-27 15:39:33+03,Неисправен
6349,228840,1768,2020-01-27 13:06:22+03,2020-01-27 15:39:33+03,Неисправен
7120,228841,1768,2020-01-27 13:06:22+03,2020-01-27 15:39:33+03,Неисправен
7810,228842,1767,2020-01-27 13:06:22+03,2020-01-27 15:39:33+03,Неисправен
8503,228843,1766,2020-01-27 13:06:22+03,2020-01-27 15:39:33+03,Неисправен
9189,228844,1766,2020-01-27 13:06:22+03,2020-01-27 15:39:33+03,Неисправен
10118,228845,1765,2020-01-27 13:06:22+03,2020-01-27 15:39:33+03,Неисправен
10931,228846,1764,2020-01-27 13:06:22+03,2020-01-27 15:39:33+03,Неисправен
11684,228847,1764,2020-01-27 13:06:22+03,2020-01-27 15:39:33+03,Неисправен
331,228848,1763,2020-01-27 13:06:22+03,2020-01-27 15:39:33+03,Неисправен
1129,228849,1761,2020-01-27 13:06:22+03,2020-01-27 15:39:33+03,Неисправен
1876,228850,1760,2020-01-27 13:06:22+03,2020-01-27 15:39:33+03,Неисправен
2724,228851,1760,2020-01-27 13:06:22+03,2020-01-27 15:39:33+03,Неисправен
3452,228852,1759,2020-01-27 13:06:22+03,2020-01-27 15:39:33+03,Неисправен
4145,228853,1758,2020-01-27 13:06:22+03,2020-01-27 15:39:33+03,Неисправен
4863,228854,1758,2020-01-27 13:06:22+03,2020-01-27 15:39:33+03,Неисправен
5633,228855,1757,2020-01-27 13:06:22+03,2020-01-27 15:39:33+03,Неисправен
6356,228856,1757,2020-01-27 13:06:22+03,2020-01-27 15:39:33+03,Неисправен
7127,228857,1756,2020-01-27 13:06:22+03,2020-01-27 15:39:33+03,Неисправен
7819,228858,1755,2020-01-27 13:06:22+03,2020-01-27 15:39:33+03,Неисправен
8511,228859,1755,2020-01-27 13:06:22+03,2020-01-27 15:39:33+03,Неисправен
9197,228860,1754,2020-01-27 13:06:22+03,2020-01-27 15:39:33+03,Неисправен
10126,228861,1753,2020-01-27 13:06:22+03,2020-01-27 15:39:33+03,Неисправен
10939,228862,1753,2020-01-27 13:06:22+03,2020-01-27 15:39:33+03,Неисправен
11691,228863,1752,2020-01-27 13:06:22+03,2020-01-27 15:39:33+03,Неисправен
339,228864,1750,2020-01-27 13:06:22+03,2020-01-27 15:39:33+03,Неисправен
1137,228865,1749,2020-01-27 13:06:22+03,2020-01-27 15:39:33+03,Неисправен
1884,228866,1749,2020-01-27 13:06:22+03,2020-01-27 15:39:33+03,Неисправен
388,229216,2019,2020-01-27 13:06:43+03,2020-01-27 15:39:36+03,Неисправен
1183,229217,2019,2020-01-27 13:06:43+03,2020-01-27 15:39:36+03,Неисправен
1936,229218,2019,2020-01-27 13:06:43+03,2020-01-27 15:39:36+03,Неисправен
3504,229220,1729,2020-01-27 13:06:43+03,2020-01-27 15:39:36+03,Неисправен
4199,229221,1729,2020-01-27 13:06:43+03,2020-01-27 15:39:36+03,Неисправен
4917,229222,1740,2020-01-27 13:06:43+03,2020-01-27 15:39:36+03,Неисправен
5679,229223,1740,2020-01-27 13:06:43+03,2020-01-27 15:39:36+03,Неисправен
6403,229224,1751,2020-01-27 13:06:43+03,2020-01-27 15:39:36+03,Неисправен
7170,229225,1751,2020-01-27 13:06:43+03,2020-01-27 15:39:36+03,Неисправен
7862,229226,1762,2020-01-27 13:06:43+03,2020-01-27 15:39:36+03,Неисправен
8551,229227,1762,2020-01-27 13:06:43+03,2020-01-27 15:39:36+03,Неисправен
9241,229228,1773,2020-01-27 13:06:43+03,2020-01-27 15:39:36+03,Неисправен
10168,229229,1773,2020-01-27 13:06:43+03,2020-01-27 15:39:36+03,Неисправен
10983,229230,1784,2020-01-27 13:06:43+03,2020-01-27 15:39:36+03,Неисправен
11732,229231,1784,2020-01-27 13:06:43+03,2020-01-27 15:39:36+03,Неисправен
392,229232,1795,2020-01-27 13:06:43+03,2020-01-27 15:39:36+03,Неисправен
1187,229233,1795,2020-01-27 13:06:43+03,2020-01-27 15:39:36+03,Неисправен
1940,229234,1795,2020-01-27 13:06:43+03,2020-01-27 15:39:36+03,Неисправен
2777,229235,1806,2020-01-27 13:06:43+03,2020-01-27 15:39:36+03,Неисправен
3508,229236,1806,2020-01-27 13:06:43+03,2020-01-27 15:39:36+03,Неисправен
4203,229237,1817,2020-01-27 13:06:43+03,2020-01-27 15:39:36+03,Неисправен
4921,229238,1817,2020-01-27 13:06:43+03,2020-01-27 15:39:36+03,Неисправен
5683,229239,1828,2020-01-27 13:06:43+03,2020-01-27 15:39:36+03,Неисправен
6407,229240,1828,2020-01-27 13:06:43+03,2020-01-27 15:39:36+03,Неисправен
7174,229241,1828,2020-01-27 13:06:43+03,2020-01-27 15:39:36+03,Неисправен
7864,229242,1828,2020-01-27 13:06:43+03,2020-01-27 15:39:36+03,Неисправен
8553,229243,1828,2020-01-27 13:06:43+03,2020-01-27 15:39:36+03,Неисправен
9243,229244,1840,2020-01-27 13:06:43+03,2020-01-27 15:39:36+03,Неисправен
10170,229245,1840,2020-01-27 13:06:43+03,2020-01-27 15:39:36+03,Неисправен
10985,229246,1851,2020-01-27 13:06:43+03,2020-01-27 15:39:36+03,Неисправен
11734,229247,1851,2020-01-27 13:06:43+03,2020-01-27 15:39:36+03,Неисправен
394,229248,2019,2020-01-27 13:06:43+03,2020-01-27 15:39:36+03,Неисправен
1189,229249,2019,2020-01-27 13:06:43+03,2020-01-27 15:39:36+03,Неисправен
1942,229250,2019,2020-01-27 13:06:43+03,2020-01-27 15:39:36+03,Неисправен
2779,229251,2019,2020-01-27 13:06:43+03,2020-01-27 15:39:36+03,Неисправен
3510,229252,2008,2020-01-27 13:06:43+03,2020-01-27 15:39:36+03,Неисправен
4205,229253,2008,2020-01-27 13:06:43+03,2020-01-27 15:39:36+03,Неисправен
4923,229254,1997,2020-01-27 13:06:43+03,2020-01-27 15:39:36+03,Неисправен
5685,229255,1997,2020-01-27 13:06:43+03,2020-01-27 15:39:36+03,Неисправен
6409,229256,1997,2020-01-27 13:06:43+03,2020-01-27 15:39:36+03,Неисправен
7176,229257,1986,2020-01-27 13:06:43+03,2020-01-27 15:39:36+03,Неисправен
7866,229258,1986,2020-01-27 13:06:43+03,2020-01-27 15:39:36+03,Неисправен
8555,229259,1975,2020-01-27 13:06:43+03,2020-01-27 15:39:36+03,Неисправен
9245,229260,1975,2020-01-27 13:06:43+03,2020-01-27 15:39:36+03,Неисправен
10172,229261,1964,2020-01-27 13:06:43+03,2020-01-27 15:39:36+03,Неисправен
10987,229262,1964,2020-01-27 13:06:43+03,2020-01-27 15:39:36+03,Неисправен
11736,229263,1964,2020-01-27 13:06:43+03,2020-01-27 15:39:36+03,Неисправен
396,229264,1950,2020-01-27 13:06:43+03,2020-01-27 15:39:36+03,Неисправен
1191,229265,1950,2020-01-27 13:06:43+03,2020-01-27 15:39:36+03,Неисправен
1944,229266,1839,2020-01-27 13:06:43+03,2020-01-27 15:39:36+03,Неисправен
2781,229267,1839,2020-01-27 13:06:43+03,2020-01-27 15:39:36+03,Неисправен
3512,229268,1728,2020-01-27 13:06:43+03,2020-01-27 15:39:36+03,Неисправен
4207,229269,1728,2020-01-27 13:06:43+03,2020-01-27 15:39:36+03,Неисправен
4925,229270,1727,2020-01-27 13:06:43+03,2020-01-27 15:39:36+03,Неисправен
2991,229619,1825,2020-01-27 13:07:09+03,2020-01-27 15:39:38+03,Неисправен
6572,229624,1811,2020-01-27 13:07:10+03,2020-01-27 15:39:39+03,Неисправен
10378,229629,1788,2020-01-27 13:07:10+03,2020-01-27 15:39:39+03,Неисправен
2134,229634,1772,2020-01-27 13:07:10+03,2020-01-27 15:39:39+03,Неисправен
4055,228613,1813,2020-01-27 15:39:23+03,2020-01-27 16:51:00+03,Неисправен
4770,228614,1812,2020-01-27 15:39:23+03,2020-01-27 16:59:36+03,Неисправен
5551,228615,1813,2020-01-27 15:39:23+03,2020-01-27 16:53:04+03,Неисправен
6268,228616,1814,2020-01-27 15:39:23+03,2020-01-27 16:59:32+03,Неисправен
7039,228617,1815,2020-01-27 15:39:23+03,2020-01-27 16:59:16+03,Неисправен
7729,228618,1815,2020-01-27 15:39:23+03,2020-01-27 21:05:46+03,Неисправен
8419,228619,1816,2020-01-27 15:39:23+03,2020-01-28 15:27:50+03,Неисправен
9106,228620,1816,2020-01-27 15:39:23+03,2020-01-27 17:26:26+03,Неисправен
10027,228621,1818,2020-01-27 15:39:23+03,2020-01-28 15:27:50+03,Неисправен
10853,228622,1819,2020-01-27 15:39:23+03,2020-01-28 15:27:50+03,Неисправен
11597,228623,1819,2020-01-27 15:39:23+03,2020-01-27 16:59:16+03,Неисправен
250,228624,1820,2020-01-27 15:39:23+03,2020-01-28 07:10:22+03,Неисправен
1043,228625,1821,2020-01-27 15:39:23+03,2020-01-28 15:27:50+03,Неисправен
1798,228626,1821,2020-01-27 15:39:23+03,2020-01-28 15:27:50+03,Неисправен
2645,228627,1822,2020-01-27 15:39:23+03,2020-01-27 22:06:58+03,Неисправен
3371,228628,1823,2020-01-27 15:39:23+03,2020-01-28 15:27:50+03,Неисправен
4780,228630,1824,2020-01-27 15:39:23+03,2020-01-28 15:27:50+03,Неисправен
5562,228631,1825,2020-01-27 15:39:23+03,2020-01-27 16:53:04+03,Неисправен
6281,228632,1825,2020-01-27 15:39:23+03,2020-01-28 15:27:50+03,Неисправен
7051,228633,1826,2020-01-27 15:39:23+03,2020-01-28 15:27:50+03,Неисправен
7741,228634,1826,2020-01-27 15:39:23+03,2020-01-28 09:07:24+03,Неисправен
8429,228635,1827,2020-01-27 15:39:23+03,2020-01-28 15:27:50+03,Неисправен
9114,228636,1829,2020-01-27 15:39:23+03,2020-01-27 22:07:00+03,Неисправен
10035,228637,1829,2020-01-27 15:39:23+03,2020-01-28 15:27:50+03,Неисправен
10861,228638,1829,2020-01-27 15:39:23+03,2020-01-28 15:27:50+03,Неисправен
11606,228639,1829,2020-01-27 15:39:23+03,2020-01-28 15:27:50+03,Неисправен
261,228640,1830,2020-01-27 15:39:23+03,2020-01-28 15:27:50+03,Неисправен
1051,228641,1830,2020-01-27 15:39:23+03,2020-01-28 15:27:50+03,Неисправен
1806,228642,1830,2020-01-27 15:39:23+03,2020-01-28 15:27:50+03,Неисправен
2655,228643,1830,2020-01-27 15:39:23+03,2020-01-27 23:23:28+03,Неисправен
3379,228644,1830,2020-01-27 15:39:23+03,2020-01-28 15:27:50+03,Неисправен
4080,228645,1830,2020-01-27 15:39:23+03,2020-01-28 07:15:42+03,Неисправен
4788,228646,1830,2020-01-27 15:39:23+03,2020-01-28 15:27:50+03,Неисправен
5571,228647,1830,2020-01-27 15:39:23+03,2020-01-28 15:27:50+03,Неисправен
6288,228648,1829,2020-01-27 15:39:23+03,2020-01-27 20:47:04+03,Неисправен
7060,228649,1829,2020-01-27 15:39:23+03,2020-01-28 15:27:50+03,Неисправен
7750,228650,1827,2020-01-27 15:39:23+03,2020-01-27 20:47:04+03,Неисправен
8437,228651,1826,2020-01-27 15:39:23+03,2020-01-28 15:27:50+03,Неисправен
9125,228652,1826,2020-01-27 15:39:23+03,2020-01-28 03:37:14+03,Неисправен
10043,228653,1826,2020-01-27 15:39:23+03,2020-01-27 18:44:56+03,Неисправен
10869,228654,1826,2020-01-27 15:39:23+03,2020-01-27 17:45:48+03,Неисправен
11613,228655,1825,2020-01-27 15:39:23+03,2020-01-27 18:22:36+03,Неисправен
269,228656,1824,2020-01-27 15:39:23+03,2020-01-28 15:27:50+03,Неисправен
1062,228657,1824,2020-01-27 15:39:23+03,2020-01-27 21:05:46+03,Неисправен
1814,228658,1823,2020-01-27 15:39:23+03,2020-01-28 15:27:50+03,Неисправен
2664,228659,1822,2020-01-27 15:39:23+03,2020-01-27 20:47:04+03,Неисправен
3387,228660,1822,2020-01-27 15:39:23+03,2020-01-28 05:22:38+03,Неисправен
4090,228661,1821,2020-01-27 15:39:23+03,2020-01-28 15:27:50+03,Неисправен
4796,228662,1820,2020-01-27 15:39:23+03,2020-01-28 15:27:50+03,Неисправен
5579,228663,1821,2020-01-27 15:39:23+03,2020-01-28 15:27:50+03,Неисправен
6297,228664,1820,2020-01-27 15:39:23+03,2020-01-27 21:11:44+03,Неисправен
7068,228665,1820,2020-01-27 15:39:23+03,2020-01-28 15:27:50+03,Неисправен
7759,228666,1819,2020-01-27 15:39:23+03,2020-01-27 21:05:46+03,Неисправен
8445,228667,1818,2020-01-27 15:39:23+03,2020-01-28 15:27:50+03,Неисправен
9134,228668,1818,2020-01-27 15:39:23+03,2020-01-28 15:27:50+03,Неисправен
10054,228669,1816,2020-01-27 15:39:23+03,2020-01-28 15:27:50+03,Неисправен
10879,228670,1815,2020-01-27 15:39:23+03,2020-01-28 15:27:50+03,Неисправен
11622,228671,1815,2020-01-27 15:39:23+03,2020-01-27 21:11:44+03,Неисправен
277,228672,1814,2020-01-27 15:39:23+03,2020-01-28 15:27:50+03,Неисправен
1070,228673,1813,2020-01-27 15:39:23+03,2020-01-27 21:05:46+03,Неисправен
1822,228674,1813,2020-01-27 15:39:23+03,2020-01-28 15:27:50+03,Неисправен
2676,228675,1812,2020-01-27 15:39:23+03,2020-01-27 21:11:44+03,Неисправен
3396,228676,1812,2020-01-27 15:39:23+03,2020-01-27 22:05:30+03,Неисправен
4098,228677,1811,2020-01-27 15:39:23+03,2020-01-28 15:27:50+03,Неисправен
4803,228678,1810,2020-01-27 15:39:23+03,2020-01-27 18:44:56+03,Неисправен
5587,228679,1810,2020-01-27 15:39:23+03,2020-01-28 15:27:50+03,Неисправен
6306,228680,1809,2020-01-27 15:39:23+03,2020-01-28 00:16:26+03,Неисправен
7076,228681,1808,2020-01-27 15:39:23+03,2020-01-27 18:01:00+03,Неисправен
7769,228682,1808,2020-01-27 15:39:23+03,2020-01-28 00:18:30+03,Неисправен
8453,228683,1807,2020-01-27 15:39:23+03,2020-01-27 17:02:16+03,Неисправен
9142,228684,1807,2020-01-27 15:39:23+03,2020-01-28 07:15:42+03,Неисправен
10062,228685,1805,2020-01-27 15:39:23+03,2020-01-27 22:40:32+03,Неисправен
10887,228686,1804,2020-01-27 15:39:23+03,2020-01-28 15:27:50+03,Неисправен
11631,228687,1804,2020-01-27 15:39:23+03,2020-01-27 17:04:40+03,Неисправен
285,228688,1803,2020-01-27 15:39:23+03,2020-01-28 03:55:40+03,Неисправен
1079,228689,1802,2020-01-27 15:39:23+03,2020-01-28 03:17:50+03,Неисправен
1830,228690,1802,2020-01-27 15:39:23+03,2020-01-28 00:07:40+03,Неисправен
2685,228691,1801,2020-01-27 15:39:23+03,2020-01-27 23:23:28+03,Неисправен
4106,228693,1802,2020-01-27 15:39:23+03,2020-01-28 15:27:50+03,Неисправен
4816,228694,1803,2020-01-27 15:39:23+03,2020-01-27 17:04:40+03,Неисправен
5595,228695,1803,2020-01-27 15:39:23+03,2020-01-28 15:27:50+03,Неисправен
6317,228696,1804,2020-01-27 15:39:23+03,2020-01-27 20:56:02+03,Неисправен
7089,228697,1805,2020-01-27 15:39:23+03,2020-01-28 05:09:32+03,Неисправен
7780,228698,1805,2020-01-27 15:39:23+03,2020-01-27 17:26:26+03,Неисправен
8467,228699,1807,2020-01-27 15:39:23+03,2020-01-27 18:01:00+03,Неисправен
9151,228700,1807,2020-01-27 15:39:23+03,2020-01-27 23:23:28+03,Неисправен
10075,228701,1808,2020-01-27 15:39:23+03,2020-01-27 18:12:52+03,Неисправен
10895,228702,1809,2020-01-27 15:39:23+03,2020-01-28 15:27:50+03,Неисправен
11644,228703,1809,2020-01-27 15:39:23+03,2020-01-27 18:12:52+03,Неисправен
294,228704,1810,2020-01-27 15:39:23+03,2020-01-28 15:27:50+03,Неисправен
1091,228705,1810,2020-01-27 15:39:23+03,2020-01-28 01:40:36+03,Неисправен
1839,228706,1811,2020-01-27 15:39:23+03,2020-01-28 05:22:38+03,Неисправен
7787,228714,1788,2020-01-27 15:39:28+03,2020-01-28 15:27:50+03,Неисправен
8480,228715,1788,2020-01-27 15:39:28+03,2020-01-28 15:27:50+03,Неисправен
9159,228716,1788,2020-01-27 15:39:28+03,2020-01-28 15:27:50+03,Неисправен
10086,228717,1788,2020-01-27 15:39:28+03,2020-01-28 15:27:50+03,Неисправен
10901,228718,1789,2020-01-27 15:39:28+03,2020-01-28 15:27:50+03,Неисправен
11653,228719,1790,2020-01-27 15:39:28+03,2020-01-28 15:27:50+03,Неисправен
300,228720,1790,2020-01-27 15:39:28+03,2020-01-28 15:27:50+03,Неисправен
1098,228721,1791,2020-01-27 15:39:28+03,2020-01-28 15:27:50+03,Неисправен
1846,228722,1792,2020-01-27 15:39:28+03,2020-01-28 15:27:50+03,Неисправен
2697,228723,1792,2020-01-27 15:39:28+03,2020-01-28 15:27:50+03,Неисправен
3421,228724,1793,2020-01-27 15:39:28+03,2020-01-28 15:27:50+03,Неисправен
4115,228725,1793,2020-01-27 15:39:28+03,2020-01-28 15:27:50+03,Неисправен
4832,228726,1794,2020-01-27 15:39:28+03,2020-01-28 15:27:50+03,Неисправен
5601,228727,1794,2020-01-27 15:39:28+03,2020-01-28 15:27:50+03,Неисправен
6326,228728,1794,2020-01-27 15:39:28+03,2020-01-28 15:27:50+03,Неисправен
7097,228729,1794,2020-01-27 15:39:28+03,2020-01-28 15:27:50+03,Неисправен
7790,228730,1796,2020-01-27 15:39:28+03,2020-01-28 15:27:50+03,Неисправен
8483,228731,1797,2020-01-27 15:39:28+03,2020-01-28 15:27:50+03,Неисправен
9162,228732,1797,2020-01-27 15:39:28+03,2020-01-28 15:27:50+03,Неисправен
10089,228733,1798,2020-01-27 15:39:28+03,2020-01-28 15:27:50+03,Неисправен
10904,228734,1799,2020-01-27 15:39:28+03,2020-01-28 15:27:50+03,Неисправен
11656,228735,1800,2020-01-27 15:39:28+03,2020-01-28 15:27:50+03,Неисправен
303,228736,1801,2020-01-27 15:39:28+03,2020-01-28 15:27:50+03,Неисправен
1101,228737,1800,2020-01-27 15:39:28+03,2020-01-28 15:27:50+03,Неисправен
1849,228738,1800,2020-01-27 15:39:28+03,2020-01-28 15:27:50+03,Неисправен
2700,228739,1799,2020-01-27 15:39:28+03,2020-01-28 15:27:50+03,Неисправен
3424,228740,1798,2020-01-27 15:39:28+03,2020-01-28 15:27:50+03,Неисправен
4118,228741,1798,2020-01-27 15:39:28+03,2020-01-28 15:27:50+03,Неисправен
4835,228742,1798,2020-01-27 15:39:28+03,2020-01-28 15:27:50+03,Неисправен
5604,228743,1798,2020-01-27 15:39:28+03,2020-01-28 15:27:50+03,Неисправен
6329,228744,1797,2020-01-27 15:39:28+03,2020-01-28 15:27:50+03,Неисправен
7100,228745,1796,2020-01-27 15:39:28+03,2020-01-28 15:27:50+03,Неисправен
7793,228746,1796,2020-01-27 15:39:28+03,2020-01-28 15:27:50+03,Неисправен
8486,228747,1794,2020-01-27 15:39:28+03,2020-01-28 15:27:50+03,Неисправен
9165,228748,1793,2020-01-27 15:39:28+03,2020-01-28 15:27:50+03,Неисправен
10092,228749,1793,2020-01-27 15:39:28+03,2020-01-28 15:27:50+03,Неисправен
10907,228750,1792,2020-01-27 15:39:28+03,2020-01-28 15:27:50+03,Неисправен
11659,228751,1791,2020-01-27 15:39:28+03,2020-01-28 15:27:50+03,Неисправен
306,228752,1791,2020-01-27 15:39:28+03,2020-01-28 15:27:50+03,Неисправен
1104,228753,1790,2020-01-27 15:39:28+03,2020-01-28 15:27:50+03,Неисправен
1852,228754,1789,2020-01-27 15:39:28+03,2020-01-28 15:27:50+03,Неисправен
2703,228755,1789,2020-01-27 15:39:28+03,2020-01-28 15:27:50+03,Неисправен
3427,228756,1788,2020-01-27 15:39:28+03,2020-01-28 15:27:50+03,Неисправен
4121,228757,1788,2020-01-27 15:39:28+03,2020-01-28 15:27:50+03,Неисправен
4838,228758,1787,2020-01-27 15:39:28+03,2020-01-28 15:27:50+03,Неисправен
5607,228759,1786,2020-01-27 15:39:28+03,2020-01-28 15:27:50+03,Неисправен
6332,228760,1785,2020-01-27 15:39:28+03,2020-01-28 15:27:50+03,Неисправен
7103,228761,1785,2020-01-27 15:39:28+03,2020-01-28 15:27:50+03,Неисправен
7796,228762,1783,2020-01-27 15:39:28+03,2020-01-28 15:27:50+03,Неисправен
8489,228763,1782,2020-01-27 15:39:28+03,2020-01-28 15:27:50+03,Неисправен
9168,228764,1782,2020-01-27 15:39:28+03,2020-01-28 15:27:50+03,Неисправен
10095,228765,1781,2020-01-27 15:39:28+03,2020-01-28 15:27:50+03,Неисправен
10910,228766,1780,2020-01-27 15:39:28+03,2020-01-28 15:27:50+03,Неисправен
11662,228767,1780,2020-01-27 15:39:28+03,2020-01-28 15:27:50+03,Неисправен
309,228768,1779,2020-01-27 15:39:28+03,2020-01-28 15:27:50+03,Неисправен
1107,228769,1778,2020-01-27 15:39:28+03,2020-01-28 15:27:50+03,Неисправен
1855,228770,1778,2020-01-27 15:39:28+03,2020-01-28 15:27:50+03,Неисправен
3430,228772,1776,2020-01-27 15:39:28+03,2020-01-28 15:27:50+03,Неисправен
4124,228773,1776,2020-01-27 15:39:28+03,2020-01-28 15:27:50+03,Неисправен
4841,228774,1727,2020-01-27 15:39:28+03,2020-01-28 15:27:50+03,Неисправен
5610,228775,1727,2020-01-27 15:39:28+03,2020-01-28 15:27:50+03,Неисправен
6335,228776,1728,2020-01-27 15:39:28+03,2020-01-28 15:27:50+03,Неисправен
7106,228777,1839,2020-01-27 15:39:28+03,2020-01-28 15:27:50+03,Неисправен
7799,228778,1950,2020-01-27 15:39:28+03,2020-01-28 15:27:50+03,Неисправен
8492,228779,1950,2020-01-27 15:39:28+03,2020-01-28 15:27:50+03,Неисправен
9171,228780,1950,2020-01-27 15:39:28+03,2020-01-28 15:27:50+03,Неисправен
10098,228781,1776,2020-01-27 15:39:28+03,2020-01-28 15:27:50+03,Неисправен
10913,228782,1776,2020-01-27 15:39:28+03,2020-01-28 15:27:50+03,Неисправен
11665,228783,1775,2020-01-27 15:39:28+03,2020-01-28 15:27:50+03,Неисправен
312,228784,1774,2020-01-27 15:39:28+03,2020-01-28 15:27:50+03,Неисправен
1110,228785,1774,2020-01-27 15:39:28+03,2020-01-28 15:27:50+03,Неисправен
1858,228786,1772,2020-01-27 15:39:28+03,2020-01-28 15:27:50+03,Неисправен
2706,228787,1772,2020-01-27 15:39:28+03,2020-01-28 15:27:50+03,Неисправен
3433,228788,1772,2020-01-27 15:39:28+03,2020-01-28 15:27:50+03,Неисправен
4127,228789,1772,2020-01-27 15:39:28+03,2020-01-28 15:27:50+03,Неисправен
4844,228790,1774,2020-01-27 15:39:28+03,2020-01-28 15:27:50+03,Неисправен
5613,228791,1775,2020-01-27 15:39:28+03,2020-01-28 15:27:50+03,Неисправен
6338,228792,1775,2020-01-27 15:39:28+03,2020-01-28 15:27:50+03,Неисправен
7109,228793,1776,2020-01-27 15:39:28+03,2020-01-28 15:27:50+03,Неисправен
7802,228794,1777,2020-01-27 15:39:28+03,2020-01-28 15:27:50+03,Неисправен
8495,228795,1777,2020-01-27 15:39:28+03,2020-01-28 15:27:50+03,Неисправен
9174,228796,1778,2020-01-27 15:39:28+03,2020-01-28 15:27:50+03,Неисправен
10101,228797,1778,2020-01-27 15:39:28+03,2020-01-28 15:27:50+03,Неисправен
10916,228798,1779,2020-01-27 15:39:28+03,2020-01-28 15:27:50+03,Неисправен
11669,228799,1780,2020-01-27 15:39:28+03,2020-01-28 15:27:50+03,Неисправен
316,228800,1781,2020-01-27 15:39:28+03,2020-01-28 15:27:51+03,Неисправен
1114,228801,1781,2020-01-27 15:39:28+03,2020-01-28 15:27:51+03,Неисправен
1861,228802,1782,2020-01-27 15:39:28+03,2020-01-28 15:27:51+03,Неисправен
2709,228803,1783,2020-01-27 15:39:28+03,2020-01-28 15:27:51+03,Неисправен
3437,228804,1783,2020-01-27 15:39:28+03,2020-01-28 15:27:51+03,Неисправен
4130,228805,1785,2020-01-27 15:39:28+03,2020-01-28 15:27:51+03,Неисправен
4848,228806,1786,2020-01-27 15:39:28+03,2020-01-28 15:27:51+03,Неисправен
5618,228807,1786,2020-01-27 15:39:28+03,2020-01-28 15:27:51+03,Неисправен
6341,228808,1787,2020-01-27 15:39:28+03,2020-01-28 15:27:51+03,Неисправен
7112,228809,1788,2020-01-27 15:39:28+03,2020-01-28 15:27:51+03,Неисправен
9177,228812,1758,2020-01-27 15:40:11+03,2020-01-28 15:27:51+03,Неисправен
10104,228813,1758,2020-01-27 15:40:11+03,2020-01-28 15:27:51+03,Неисправен
10919,228814,1759,2020-01-27 15:40:11+03,2020-01-28 15:27:51+03,Неисправен
11672,228815,1759,2020-01-27 15:40:11+03,2020-01-28 15:27:51+03,Неисправен
319,228816,1760,2020-01-27 15:40:11+03,2020-01-28 15:27:51+03,Неисправен
1117,228817,1761,2020-01-27 15:40:11+03,2020-01-28 15:27:51+03,Неисправен
1864,228818,1761,2020-01-27 15:40:11+03,2020-01-28 15:27:51+03,Неисправен
2712,228819,1763,2020-01-27 15:40:11+03,2020-01-28 15:27:51+03,Неисправен
3440,228820,1764,2020-01-27 15:40:11+03,2020-01-28 15:27:51+03,Неисправен
4133,228821,1765,2020-01-27 15:40:11+03,2020-01-28 15:27:51+03,Неисправен
4851,228822,1765,2020-01-27 15:40:11+03,2020-01-28 15:27:51+03,Неисправен
5621,228823,1766,2020-01-27 15:40:11+03,2020-01-28 15:27:51+03,Неисправен
6344,228824,1767,2020-01-27 15:40:11+03,2020-01-28 15:27:51+03,Неисправен
7115,228825,1767,2020-01-27 15:40:11+03,2020-01-28 15:27:51+03,Неисправен
7805,228826,1768,2020-01-27 15:40:11+03,2020-01-28 15:27:51+03,Неисправен
8498,228827,1768,2020-01-27 15:40:11+03,2020-01-28 15:27:51+03,Неисправен
9183,228828,1769,2020-01-27 15:40:11+03,2020-01-28 15:27:51+03,Неисправен
10110,228829,1769,2020-01-27 15:40:11+03,2020-01-28 15:27:51+03,Неисправен
10925,228830,1770,2020-01-27 15:40:11+03,2020-01-28 15:27:51+03,Неисправен
11678,228831,1771,2020-01-27 15:40:11+03,2020-01-28 15:27:51+03,Неисправен
325,228832,1771,2020-01-27 15:40:11+03,2020-01-28 15:27:51+03,Неисправен
1123,228833,1772,2020-01-27 15:40:11+03,2020-01-28 15:27:51+03,Неисправен
1870,228834,1772,2020-01-27 15:40:11+03,2020-01-28 15:27:51+03,Неисправен
2718,228835,1771,2020-01-27 15:40:11+03,2020-01-28 15:27:51+03,Неисправен
3446,228836,1771,2020-01-27 15:40:11+03,2020-01-28 15:27:51+03,Неисправен
4139,228837,1770,2020-01-27 15:40:11+03,2020-01-28 15:27:51+03,Неисправен
4857,228838,1769,2020-01-27 15:40:11+03,2020-01-28 15:27:51+03,Неисправен
5627,228839,1769,2020-01-27 15:40:11+03,2020-01-28 15:27:51+03,Неисправен
6350,228840,1768,2020-01-27 15:40:11+03,2020-01-28 15:27:51+03,Неисправен
7121,228841,1768,2020-01-27 15:40:11+03,2020-01-28 15:27:51+03,Неисправен
7811,228842,1767,2020-01-27 15:40:12+03,2020-01-28 15:27:51+03,Неисправен
8504,228843,1766,2020-01-27 15:40:12+03,2020-01-28 15:27:51+03,Неисправен
9190,228844,1766,2020-01-27 15:40:12+03,2020-01-28 15:27:51+03,Неисправен
10119,228845,1765,2020-01-27 15:40:12+03,2020-01-28 15:27:51+03,Неисправен
10932,228846,1764,2020-01-27 15:40:12+03,2020-01-28 15:27:51+03,Неисправен
11685,228847,1764,2020-01-27 15:40:12+03,2020-01-28 15:27:51+03,Неисправен
332,228848,1763,2020-01-27 15:40:12+03,2020-01-28 15:27:51+03,Неисправен
1130,228849,1761,2020-01-27 15:40:12+03,2020-01-28 15:27:51+03,Неисправен
1877,228850,1760,2020-01-27 15:40:12+03,2020-01-28 15:27:51+03,Неисправен
2725,228851,1760,2020-01-27 15:40:12+03,2020-01-28 15:27:51+03,Неисправен
3453,228852,1759,2020-01-27 15:40:12+03,2020-01-28 15:27:51+03,Неисправен
4146,228853,1758,2020-01-27 15:40:12+03,2020-01-28 15:27:51+03,Неисправен
4864,228854,1758,2020-01-27 15:40:12+03,2020-01-28 15:27:51+03,Неисправен
5634,228855,1757,2020-01-27 15:40:12+03,2020-01-28 15:27:51+03,Неисправен
6357,228856,1757,2020-01-27 15:40:12+03,2020-01-28 15:27:51+03,Неисправен
7128,228857,1756,2020-01-27 15:40:12+03,2020-01-28 15:27:51+03,Неисправен
7820,228858,1755,2020-01-27 15:40:12+03,2020-01-28 15:27:51+03,Неисправен
8512,228859,1755,2020-01-27 15:40:12+03,2020-01-28 15:27:51+03,Неисправен
9198,228860,1754,2020-01-27 15:40:12+03,2020-01-28 15:27:51+03,Неисправен
10127,228861,1753,2020-01-27 15:40:12+03,2020-01-28 15:27:51+03,Неисправен
10940,228862,1753,2020-01-27 15:40:12+03,2020-01-28 15:27:51+03,Неисправен
11692,228863,1752,2020-01-27 15:40:12+03,2020-01-28 15:27:51+03,Неисправен
340,228864,1750,2020-01-27 15:40:12+03,2020-01-28 15:27:51+03,Неисправен
1138,228865,1749,2020-01-27 15:40:12+03,2020-01-28 15:27:51+03,Неисправен
1885,228866,1749,2020-01-27 15:40:12+03,2020-01-28 15:27:51+03,Неисправен
389,229216,2019,2020-01-27 15:41:13+03,2020-01-28 15:27:51+03,Неисправен
1184,229217,2019,2020-01-27 15:41:13+03,2020-01-28 15:27:51+03,Неисправен
1937,229218,2019,2020-01-27 15:41:13+03,2020-01-28 15:27:51+03,Неисправен
3505,229220,1729,2020-01-27 15:41:13+03,2020-01-28 15:27:51+03,Неисправен
4200,229221,1729,2020-01-27 15:41:13+03,2020-01-28 15:27:51+03,Неисправен
4918,229222,1740,2020-01-27 15:41:13+03,2020-01-28 15:27:51+03,Неисправен
5680,229223,1740,2020-01-27 15:41:13+03,2020-01-28 15:27:51+03,Неисправен
6404,229224,1751,2020-01-27 15:41:13+03,2020-01-28 15:27:51+03,Неисправен
7171,229225,1751,2020-01-27 15:41:13+03,2020-01-28 15:27:51+03,Неисправен
7863,229226,1762,2020-01-27 15:41:13+03,2020-01-28 15:27:51+03,Неисправен
8552,229227,1762,2020-01-27 15:41:13+03,2020-01-28 15:27:51+03,Неисправен
9242,229228,1773,2020-01-27 15:41:13+03,2020-01-28 15:27:51+03,Неисправен
10169,229229,1773,2020-01-27 15:41:13+03,2020-01-28 15:27:51+03,Неисправен
10984,229230,1784,2020-01-27 15:41:13+03,2020-01-28 15:27:51+03,Неисправен
11733,229231,1784,2020-01-27 15:41:13+03,2020-01-28 15:27:51+03,Неисправен
393,229232,1795,2020-01-27 15:41:13+03,2020-01-28 15:27:51+03,Неисправен
1188,229233,1795,2020-01-27 15:41:13+03,2020-01-28 15:27:51+03,Неисправен
1941,229234,1795,2020-01-27 15:41:13+03,2020-01-28 15:27:51+03,Неисправен
2778,229235,1806,2020-01-27 15:41:13+03,2020-01-28 15:27:51+03,Неисправен
3509,229236,1806,2020-01-27 15:41:13+03,2020-01-28 15:27:51+03,Неисправен
4204,229237,1817,2020-01-27 15:41:13+03,2020-01-28 15:27:51+03,Неисправен
4922,229238,1817,2020-01-27 15:41:13+03,2020-01-28 15:27:51+03,Неисправен
5684,229239,1828,2020-01-27 15:41:13+03,2020-01-28 15:27:51+03,Неисправен
6408,229240,1828,2020-01-27 15:41:13+03,2020-01-28 15:27:51+03,Неисправен
7175,229241,1828,2020-01-27 15:41:13+03,2020-01-28 15:27:51+03,Неисправен
7865,229242,1828,2020-01-27 15:41:13+03,2020-01-28 15:27:51+03,Неисправен
8554,229243,1828,2020-01-27 15:41:13+03,2020-01-28 15:27:51+03,Неисправен
9244,229244,1840,2020-01-27 15:41:13+03,2020-01-28 15:27:51+03,Неисправен
10171,229245,1840,2020-01-27 15:41:13+03,2020-01-28 15:27:51+03,Неисправен
10986,229246,1851,2020-01-27 15:41:13+03,2020-01-28 15:27:51+03,Неисправен
11735,229247,1851,2020-01-27 15:41:13+03,2020-01-28 15:27:51+03,Неисправен
395,229248,2019,2020-01-27 15:41:13+03,2020-01-28 15:27:51+03,Неисправен
1190,229249,2019,2020-01-27 15:41:13+03,2020-01-28 15:27:51+03,Неисправен
1943,229250,2019,2020-01-27 15:41:13+03,2020-01-28 15:27:51+03,Неисправен
2780,229251,2019,2020-01-27 15:41:13+03,2020-01-28 15:27:51+03,Неисправен
3511,229252,2008,2020-01-27 15:41:13+03,2020-01-28 15:27:51+03,Неисправен
4206,229253,2008,2020-01-27 15:41:13+03,2020-01-28 15:27:51+03,Неисправен
4924,229254,1997,2020-01-27 15:41:13+03,2020-01-28 15:27:51+03,Неисправен
5686,229255,1997,2020-01-27 15:41:13+03,2020-01-28 15:27:51+03,Неисправен
6410,229256,1997,2020-01-27 15:41:13+03,2020-01-28 15:27:51+03,Неисправен
7177,229257,1986,2020-01-27 15:41:13+03,2020-01-28 15:27:51+03,Неисправен
7867,229258,1986,2020-01-27 15:41:13+03,2020-01-28 15:27:51+03,Неисправен
8556,229259,1975,2020-01-27 15:41:13+03,2020-01-28 15:27:51+03,Неисправен
9246,229260,1975,2020-01-27 15:41:13+03,2020-01-28 15:27:51+03,Неисправен
10173,229261,1964,2020-01-27 15:41:13+03,2020-01-28 15:27:51+03,Неисправен
10988,229262,1964,2020-01-27 15:41:13+03,2020-01-28 15:27:51+03,Неисправен
11737,229263,1964,2020-01-27 15:41:13+03,2020-01-28 15:27:51+03,Неисправен
397,229264,1950,2020-01-27 15:41:13+03,2020-01-28 15:27:51+03,Неисправен
1192,229265,1950,2020-01-27 15:41:13+03,2020-01-28 15:27:51+03,Неисправен
1945,229266,1839,2020-01-27 15:41:13+03,2020-01-28 15:27:51+03,Неисправен
2782,229267,1839,2020-01-27 15:41:13+03,2020-01-28 15:27:51+03,Неисправен
3513,229268,1728,2020-01-27 15:41:13+03,2020-01-28 15:27:51+03,Неисправен
4208,229269,1728,2020-01-27 15:41:13+03,2020-01-28 15:27:51+03,Неисправен
4926,229270,1727,2020-01-27 15:41:13+03,2020-01-28 15:27:51+03,Неисправен
2992,229619,1825,2020-01-27 15:41:38+03,2020-01-28 15:44:18+03,Неисправен
6573,229624,1811,2020-01-27 15:41:40+03,2020-01-28 15:44:18+03,Неисправен
10379,229629,1788,2020-01-27 15:41:40+03,2020-01-28 15:44:19+03,Неисправен
2135,229634,1772,2020-01-27 15:41:41+03,2020-01-28 15:44:19+03,Неисправен
3406,228692,1801,2020-01-27 16:14:10+03,2020-01-27 18:12:52+03,Неисправен
4056,228613,1813,2020-01-27 16:51:50+03,2020-01-28 00:05:40+03,Неисправен
7040,228617,1815,2020-01-27 17:00:06+03,2020-01-28 01:29:42+03,Неисправен
11598,228623,1819,2020-01-27 17:00:06+03,2020-01-28 15:27:50+03,Неисправен
6269,228616,1814,2020-01-27 17:00:22+03,2020-01-27 18:14:58+03,Неисправен
4771,228614,1812,2020-01-27 17:00:26+03,2020-01-27 21:41:54+03,Неисправен
8454,228683,1807,2020-01-27 17:03:02+03,2020-01-27 22:37:14+03,Неисправен
11632,228687,1804,2020-01-27 17:05:24+03,2020-01-27 19:49:08+03,Неисправен
4817,228694,1803,2020-01-27 17:05:24+03,2020-01-27 18:07:14+03,Неисправен
9107,228620,1816,2020-01-27 17:27:12+03,2020-01-28 15:27:50+03,Неисправен
4070,228629,1823,2020-01-27 17:27:12+03,2020-01-27 20:56:02+03,Неисправен
7781,228698,1805,2020-01-27 17:27:12+03,2020-01-28 15:27:50+03,Неисправен
5552,228615,1813,2020-01-27 17:46:34+03,2020-01-27 20:56:02+03,Неисправен
5563,228631,1825,2020-01-27 17:46:34+03,2020-01-28 15:27:50+03,Неисправен
10870,228654,1826,2020-01-27 17:46:34+03,2020-01-28 15:27:50+03,Неисправен
7077,228681,1808,2020-01-27 18:01:46+03,2020-01-27 22:36:30+03,Неисправен
8468,228699,1807,2020-01-27 18:01:46+03,2020-01-27 20:46:10+03,Неисправен
3407,228692,1801,2020-01-27 18:13:38+03,2020-01-28 02:02:46+03,Неисправен
6270,228616,1814,2020-01-27 18:15:44+03,2020-01-28 15:27:50+03,Неисправен
10076,228701,1808,2020-01-27 18:17:18+03,2020-01-28 02:02:46+03,Неисправен
11614,228655,1825,2020-01-27 18:23:22+03,2020-01-28 02:37:00+03,Неисправен
4804,228678,1810,2020-01-27 18:45:40+03,2020-01-28 02:54:58+03,Неисправен
10044,228653,1826,2020-01-27 19:20:54+03,2020-01-27 20:25:06+03,Неисправен
4818,228694,1803,2020-01-27 19:20:54+03,2020-01-27 21:56:16+03,Неисправен
11645,228703,1809,2020-01-27 19:20:54+03,2020-01-28 02:26:06+03,Неисправен
11633,228687,1804,2020-01-27 19:55:18+03,2020-01-28 01:06:08+03,Неисправен
10045,228653,1826,2020-01-27 20:25:52+03,2020-01-28 00:24:28+03,Неисправен
8469,228699,1807,2020-01-27 20:46:56+03,2020-01-27 22:39:28+03,Неисправен
6289,228648,1829,2020-01-27 20:47:50+03,2020-01-28 05:55:40+03,Неисправен
7751,228650,1827,2020-01-27 20:47:50+03,2020-01-28 15:27:50+03,Неисправен
2665,228659,1822,2020-01-27 20:48:19+03,2020-01-28 00:18:30+03,Неисправен
5553,228615,1813,2020-01-27 20:56:48+03,2020-01-28 07:15:42+03,Неисправен
4071,228629,1823,2020-01-27 20:56:48+03,2020-01-27 23:23:28+03,Неисправен
6318,228696,1804,2020-01-27 20:56:48+03,2020-01-28 01:40:36+03,Неисправен
1063,228657,1824,2020-01-27 21:06:32+03,2020-01-28 15:27:50+03,Неисправен
7760,228666,1819,2020-01-27 21:06:32+03,2020-01-28 09:01:00+03,Неисправен
1071,228673,1813,2020-01-27 21:06:32+03,2020-01-28 15:27:50+03,Неисправен
7730,228618,1815,2020-01-27 21:12:30+03,2020-01-27 23:55:08+03,Неисправен
6298,228664,1820,2020-01-27 21:12:30+03,2020-01-28 15:27:50+03,Неисправен
11623,228671,1815,2020-01-27 21:12:30+03,2020-01-28 15:27:50+03,Неисправен
2677,228675,1812,2020-01-27 21:12:30+03,2020-01-28 15:27:50+03,Неисправен
4772,228614,1812,2020-01-27 21:42:44+03,2020-01-28 11:32:06+03,Неисправен
4819,228694,1803,2020-01-27 21:57:02+03,2020-01-27 23:18:56+03,Неисправен
3397,228676,1812,2020-01-27 22:06:16+03,2020-01-28 05:22:38+03,Неисправен
2646,228627,1822,2020-01-27 22:07:44+03,2020-01-28 00:18:30+03,Неисправен
9115,228636,1829,2020-01-27 22:07:44+03,2020-01-28 07:10:22+03,Неисправен
7078,228681,1808,2020-01-27 22:37:18+03,2020-01-28 00:40:54+03,Неисправен
8455,228683,1807,2020-01-27 22:38:00+03,2020-01-28 03:47:32+03,Неисправен
8470,228699,1807,2020-01-27 22:40:14+03,2020-01-28 02:10:40+03,Неисправен
10063,228685,1805,2020-01-27 23:08:48+03,2020-01-28 00:42:14+03,Неисправен
4072,228629,1823,2020-01-27 23:24:14+03,2020-01-28 15:27:50+03,Неисправен
2686,228691,1801,2020-01-27 23:24:14+03,2020-01-28 06:41:42+03,Неисправен
9152,228700,1807,2020-01-27 23:24:14+03,2020-01-28 06:41:42+03,Неисправен
7731,228618,1815,2020-01-27 23:56:00+03,2020-01-28 07:10:06+03,Неисправен
2647,228627,1822,2020-01-28 00:19:16+03,2020-01-28 15:27:50+03,Неисправен
2656,228643,1830,2020-01-28 00:19:16+03,2020-01-28 15:27:50+03,Неисправен
2666,228659,1822,2020-01-28 00:19:16+03,2020-01-28 03:37:14+03,Неисправен
7770,228682,1808,2020-01-28 00:19:16+03,2020-01-28 03:37:14+03,Неисправен
10046,228653,1826,2020-01-28 00:25:12+03,2020-01-28 15:27:50+03,Неисправен
4057,228613,1813,2020-01-28 00:41:18+03,2020-01-28 02:50:18+03,Неисправен
7079,228681,1808,2020-01-28 00:41:40+03,2020-01-28 03:28:36+03,Неисправен
10064,228685,1805,2020-01-28 00:43:00+03,2020-01-28 02:37:00+03,Неисправен
1831,228690,1802,2020-01-28 01:00:50+03,2020-01-28 15:27:50+03,Неисправен
6307,228680,1809,2020-01-28 01:06:54+03,2020-01-28 03:41:40+03,Неисправен
11634,228687,1804,2020-01-28 01:06:54+03,2020-01-28 03:09:28+03,Неисправен
4820,228694,1803,2020-01-28 01:17:36+03,2020-01-28 04:22:04+03,Неисправен
7041,228617,1815,2020-01-28 01:30:32+03,2020-01-28 11:34:18+03,Неисправен
6319,228696,1804,2020-01-28 01:41:22+03,2020-01-28 08:19:16+03,Неисправен
1092,228705,1810,2020-01-28 01:41:22+03,2020-01-28 15:27:50+03,Неисправен
3408,228692,1801,2020-01-28 02:03:30+03,2020-01-28 03:17:10+03,Неисправен
11615,228655,1825,2020-01-28 02:37:46+03,2020-01-28 15:27:50+03,Неисправен
4805,228678,1810,2020-01-28 02:55:44+03,2020-01-28 04:22:04+03,Неисправен
7080,228681,1808,2020-01-28 03:29:22+03,2020-01-28 06:02:12+03,Неисправен
1080,228689,1802,2020-01-28 03:33:54+03,2020-01-28 06:10:44+03,Неисправен
4058,228613,1813,2020-01-28 03:38:04+03,2020-01-28 06:41:42+03,Неисправен
9126,228652,1826,2020-01-28 03:38:04+03,2020-01-28 15:27:50+03,Неисправен
2667,228659,1822,2020-01-28 03:38:04+03,2020-01-28 15:27:50+03,Неисправен
7771,228682,1808,2020-01-28 03:38:04+03,2020-01-28 09:06:54+03,Неисправен
6308,228680,1809,2020-01-28 03:42:26+03,2020-01-28 06:29:10+03,Неисправен
10065,228685,1805,2020-01-28 03:49:34+03,2020-01-28 05:16:08+03,Неисправен
11635,228687,1804,2020-01-28 03:51:44+03,2020-01-28 05:37:14+03,Неисправен
286,228688,1803,2020-01-28 03:56:26+03,2020-01-28 15:27:50+03,Неисправен
3409,228692,1801,2020-01-28 04:09:16+03,2020-01-28 05:18:44+03,Неисправен
4806,228678,1810,2020-01-28 04:22:50+03,2020-01-28 06:10:44+03,Неисправен
8456,228683,1807,2020-01-28 04:29:22+03,2020-01-28 05:37:14+03,Неисправен
8471,228699,1807,2020-01-28 04:29:58+03,2020-01-28 05:47:40+03,Неисправен
7090,228697,1805,2020-01-28 05:10:18+03,2020-01-28 08:31:52+03,Неисправен
4821,228694,1803,2020-01-28 05:23:20+03,2020-01-28 06:48:54+03,Неисправен
3388,228660,1822,2020-01-28 05:23:24+03,2020-01-28 15:27:50+03,Неисправен
3398,228676,1812,2020-01-28 05:23:24+03,2020-01-28 15:27:50+03,Неисправен
1840,228706,1811,2020-01-28 05:23:24+03,2020-01-28 15:27:50+03,Неисправен
8472,228699,1807,2020-01-28 05:48:28+03,2020-01-28 07:09:00+03,Неисправен
6290,228648,1829,2020-01-28 05:56:26+03,2020-01-28 15:27:50+03,Неисправен
8457,228683,1807,2020-01-28 06:09:56+03,2020-01-28 07:29:06+03,Неисправен
10077,228701,1808,2020-01-28 06:09:56+03,2020-01-28 07:14:02+03,Неисправен
1081,228689,1802,2020-01-28 06:11:30+03,2020-01-28 07:18:28+03,Неисправен
4807,228678,1810,2020-01-28 06:29:56+03,2020-01-28 08:17:32+03,Неисправен
6309,228680,1809,2020-01-28 06:29:56+03,2020-01-28 08:44:08+03,Неисправен
1586,93138,,2020-01-28 06:31:02+03,2020-01-28 08:36:02+03,Много неисправных устройств
11646,228703,1809,2020-01-28 06:36:10+03,2020-01-28 09:04:32+03,Неисправен
2687,228691,1801,2020-01-28 06:42:30+03,2020-01-28 09:06:54+03,Неисправен
9153,228700,1807,2020-01-28 06:42:30+03,2020-01-28 15:27:50+03,Неисправен
3410,228692,1801,2020-01-28 06:43:00+03,2020-01-28 07:45:26+03,Неисправен
7081,228681,1808,2020-01-28 06:47:30+03,2020-01-28 15:27:50+03,Неисправен
4822,228694,1803,2020-01-28 06:49:40+03,2020-01-28 08:33:32+03,Неисправен
8473,228699,1807,2020-01-28 07:09:46+03,2020-01-28 08:20:00+03,Неисправен
7732,228618,1815,2020-01-28 07:10:56+03,2020-01-28 11:32:26+03,Неисправен
251,228624,1820,2020-01-28 07:11:12+03,2020-01-28 15:27:50+03,Неисправен
11636,228687,1804,2020-01-28 07:14:22+03,2020-01-28 08:19:16+03,Неисправен
10078,228701,1808,2020-01-28 07:14:48+03,2020-01-28 15:27:50+03,Неисправен
5554,228615,1813,2020-01-28 07:16:28+03,2020-01-28 11:35:34+03,Неисправен
4081,228645,1830,2020-01-28 07:16:28+03,2020-01-28 15:27:50+03,Неисправен
9143,228684,1807,2020-01-28 07:16:28+03,2020-01-28 15:27:50+03,Неисправен
9116,228636,1829,2020-01-28 07:19:14+03,2020-01-28 15:27:50+03,Неисправен
1082,228689,1802,2020-01-28 07:19:14+03,2020-01-28 08:44:08+03,Неисправен
8458,228683,1807,2020-01-28 07:29:52+03,2020-01-28 08:33:32+03,Неисправен
4059,228613,1813,2020-01-28 07:30:32+03,2020-01-28 08:57:26+03,Неисправен
10066,228685,1805,2020-01-28 07:38:32+03,2020-01-28 09:01:22+03,Неисправен
3411,228692,1801,2020-01-28 07:46:12+03,2020-01-28 08:56:42+03,Неисправен
6320,228696,1804,2020-01-28 08:20:06+03,2020-01-28 15:27:50+03,Неисправен
7091,228697,1805,2020-01-28 08:32:38+03,2020-01-28 15:27:50+03,Неисправен
8459,228683,1807,2020-01-28 08:34:18+03,2020-01-28 15:27:50+03,Неисправен
8474,228699,1807,2020-01-28 08:43:30+03,2020-01-28 15:27:50+03,Неисправен
6310,228680,1809,2020-01-28 08:44:54+03,2020-01-28 15:27:50+03,Неисправен
1083,228689,1802,2020-01-28 08:44:54+03,2020-01-28 15:27:50+03,Неисправен
3412,228692,1801,2020-01-28 08:57:30+03,2020-01-28 15:27:50+03,Неисправен
11637,228687,1804,2020-01-28 08:58:12+03,2020-01-28 15:27:50+03,Неисправен
4060,228613,1813,2020-01-28 09:01:48+03,2020-01-28 11:32:06+03,Неисправен
7761,228666,1819,2020-01-28 09:01:48+03,2020-01-28 15:27:50+03,Неисправен
10067,228685,1805,2020-01-28 09:05:18+03,2020-01-28 15:27:50+03,Неисправен
4823,228694,1803,2020-01-28 09:05:18+03,2020-01-28 15:27:50+03,Неисправен
11647,228703,1809,2020-01-28 09:05:18+03,2020-01-28 15:27:50+03,Неисправен
3361,228612,1813,2020-01-28 09:07:30+03,2020-01-28 11:32:02+03,Неисправен
4808,228678,1810,2020-01-28 09:07:40+03,2020-01-28 15:27:50+03,Неисправен
7772,228682,1808,2020-01-28 09:07:40+03,2020-01-28 15:27:50+03,Неисправен
2688,228691,1801,2020-01-28 09:07:40+03,2020-01-28 15:27:50+03,Неисправен
7742,228634,1826,2020-01-28 09:08:16+03,2020-01-28 15:27:50+03,Неисправен
4773,228614,1812,2020-01-28 11:34:08+03,2020-01-28 15:27:50+03,Неисправен
3362,228612,1813,2020-01-28 11:34:34+03,2020-01-28 15:27:50+03,Неисправен
7733,228618,1815,2020-01-28 11:34:48+03,2020-01-28 15:27:50+03,Неисправен
4061,228613,1813,2020-01-28 11:34:54+03,2020-01-28 15:27:50+03,Неисправен
7042,228617,1815,2020-01-28 11:35:10+03,2020-01-28 15:27:50+03,Неисправен
588,229584,1831,2020-01-28 15:52:58+03,2020-01-29 17:51:45+03,Неисправен
2984,229587,1831,2020-01-28 15:52:58+03,2020-01-29 12:25:14+03,Неисправен
6554,229592,1829,2020-01-28 15:52:58+03,2020-01-29 17:51:46+03,Неисправен
2993,229619,1825,2020-01-28 15:54:49+03,2020-01-29 09:42:35+03,Неисправен
6574,229624,1811,2020-01-28 15:54:49+03,2020-01-29 14:24:08+03,Неисправен
10380,229629,1788,2020-01-28 15:54:49+03,2020-01-29 14:24:08+03,Неисправен
2136,229634,1772,2020-01-28 15:54:50+03,2020-01-29 14:24:08+03,Неисправен
589,229584,1831,2020-01-29 17:52:51+03,2020-01-30 10:22:22+03,Неисправен
6555,229592,1829,2020-01-29 17:52:51+03,2020-01-30 10:22:22+03,Неисправен
10399,229709,1828,2020-01-29 17:52:58+03,2020-01-30 10:22:26+03,Неисправен
603,229712,1828,2020-01-29 17:52:58+03,2020-01-30 10:22:26+03,Неисправен
10424,230749,,2020-01-30 11:00:08+03,2020-01-30 13:15:24+03,Много неисправных устройств
10425,230749,,2020-01-30 14:09:56+03,2020-01-30 17:46:44+03,Много неисправных устройств
6575,229624,1811,2020-01-30 17:49:10+03,2020-01-30 20:11:11+03,Неисправен
10381,229629,1788,2020-01-30 17:49:10+03,2020-01-30 19:35:19+03,Неисправен
2137,229634,1772,2020-01-30 17:49:10+03,2020-01-30 19:32:55+03,Неисправен
390,229216,2019,2020-01-30 17:54:58+03,2020-01-30 20:12:59+03,Неисправен
1185,229217,2019,2020-01-30 17:54:58+03,2020-01-30 20:12:59+03,Неисправен
1938,229218,2019,2020-01-30 17:54:58+03,2020-01-30 20:12:59+03,Неисправен
2775,229219,1729,2020-01-30 17:54:58+03,2020-01-30 20:12:59+03,Неисправен
3506,229220,1729,2020-01-30 17:54:58+03,2020-01-30 20:12:59+03,Неисправен
4201,229221,1729,2020-01-30 17:54:58+03,2020-01-30 20:12:59+03,Неисправен
4919,229222,1740,2020-01-30 17:54:58+03,2020-01-30 20:12:59+03,Неисправен
5681,229223,1740,2020-01-30 17:54:58+03,2020-01-30 20:12:59+03,Неисправен
6405,229224,1751,2020-01-30 17:54:58+03,2020-01-30 20:12:59+03,Неисправен
7172,229225,1751,2020-01-30 17:54:58+03,2020-01-30 20:12:59+03,Неисправен
9239,229116,1966,2020-01-30 17:56:26+03,2020-01-30 20:12:58+03,Неисправен
10166,229117,1966,2020-01-30 17:56:26+03,2020-01-30 20:12:58+03,Неисправен
10981,229118,1966,2020-01-30 17:56:26+03,2020-01-30 20:12:58+03,Неисправен
11730,229119,1966,2020-01-30 17:56:26+03,2020-01-30 20:12:58+03,Неисправен
386,229120,1966,2020-01-30 17:56:26+03,2020-01-30 20:12:58+03,Неисправен
1181,229121,1966,2020-01-30 17:56:26+03,2020-01-30 20:12:58+03,Неисправен
1934,229122,1967,2020-01-30 17:56:26+03,2020-01-30 20:12:58+03,Неисправен
2773,229123,1967,2020-01-30 17:56:26+03,2020-01-30 20:12:58+03,Неисправен
3502,229124,1968,2020-01-30 17:56:26+03,2020-01-30 20:12:58+03,Неисправен
4197,229125,1968,2020-01-30 17:56:26+03,2020-01-30 20:12:58+03,Неисправен
384,229008,1999,2020-01-30 17:58:34+03,2020-01-30 20:12:58+03,Неисправен
1932,229010,1999,2020-01-30 17:58:34+03,2020-01-30 20:12:58+03,Неисправен
2771,229011,1999,2020-01-30 17:58:34+03,2020-01-30 20:12:58+03,Неисправен
3500,229012,1999,2020-01-30 17:58:34+03,2020-01-30 20:12:58+03,Неисправен
4195,229013,2000,2020-01-30 17:58:34+03,2020-01-30 20:12:58+03,Неисправен
4915,229014,2000,2020-01-30 17:58:34+03,2020-01-30 20:12:58+03,Неисправен
5677,229015,2001,2020-01-30 17:58:34+03,2020-01-30 20:12:58+03,Неисправен
6400,229016,2001,2020-01-30 17:58:34+03,2020-01-30 20:12:58+03,Неисправен
7168,229017,2002,2020-01-30 17:58:34+03,2020-01-30 20:12:58+03,Неисправен
9178,228812,1758,2020-01-30 18:02:20+03,2020-01-30 20:05:50+03,Неисправен
10105,228813,1758,2020-01-30 18:02:20+03,2020-01-30 20:05:50+03,Неисправен
10920,228814,1759,2020-01-30 18:02:20+03,2020-01-30 20:05:50+03,Неисправен
11673,228815,1759,2020-01-30 18:02:20+03,2020-01-30 20:05:50+03,Неисправен
320,228816,1760,2020-01-30 18:02:20+03,2020-01-30 20:05:50+03,Неисправен
1118,228817,1761,2020-01-30 18:02:20+03,2020-01-30 20:05:50+03,Неисправен
1865,228818,1761,2020-01-30 18:02:20+03,2020-01-30 20:05:50+03,Неисправен
2713,228819,1763,2020-01-30 18:02:20+03,2020-01-30 20:05:50+03,Неисправен
3441,228820,1764,2020-01-30 18:02:20+03,2020-01-30 20:05:50+03,Неисправен
4134,228821,1765,2020-01-30 18:02:20+03,2020-01-30 20:05:50+03,Неисправен
4852,228822,1765,2020-01-30 18:02:20+03,2020-01-30 20:05:50+03,Неисправен
5622,228823,1766,2020-01-30 18:02:20+03,2020-01-30 20:05:50+03,Неисправен
6345,228824,1767,2020-01-30 18:02:20+03,2020-01-30 20:05:50+03,Неисправен
7116,228825,1767,2020-01-30 18:02:20+03,2020-01-30 20:05:50+03,Неисправен
7806,228826,1768,2020-01-30 18:02:20+03,2020-01-30 20:05:50+03,Неисправен
8499,228827,1768,2020-01-30 18:02:20+03,2020-01-30 20:05:50+03,Неисправен
9184,228828,1769,2020-01-30 18:02:20+03,2020-01-30 20:05:50+03,Неисправен
10111,228829,1769,2020-01-30 18:02:20+03,2020-01-30 20:05:50+03,Неисправен
10926,228830,1770,2020-01-30 18:02:20+03,2020-01-30 20:05:50+03,Неисправен
11679,228831,1771,2020-01-30 18:02:20+03,2020-01-30 20:05:50+03,Неисправен
326,228832,1771,2020-01-30 18:02:20+03,2020-01-30 20:05:50+03,Неисправен
1124,228833,1772,2020-01-30 18:02:20+03,2020-01-30 20:05:50+03,Неисправен
1871,228834,1772,2020-01-30 18:02:20+03,2020-01-30 20:05:50+03,Неисправен
2719,228835,1771,2020-01-30 18:02:20+03,2020-01-30 20:05:50+03,Неисправен
3447,228836,1771,2020-01-30 18:02:20+03,2020-01-30 20:05:50+03,Неисправен
4140,228837,1770,2020-01-30 18:02:20+03,2020-01-30 20:05:50+03,Неисправен
4858,228838,1769,2020-01-30 18:02:20+03,2020-01-30 20:05:50+03,Неисправен
5628,228839,1769,2020-01-30 18:02:20+03,2020-01-30 20:05:50+03,Неисправен
6351,228840,1768,2020-01-30 18:02:20+03,2020-01-30 20:05:50+03,Неисправен
7122,228841,1768,2020-01-30 18:02:20+03,2020-01-30 20:05:50+03,Неисправен
7812,228842,1767,2020-01-30 18:02:20+03,2020-01-30 20:05:50+03,Неисправен
8505,228843,1766,2020-01-30 18:02:20+03,2020-01-30 20:05:50+03,Неисправен
9191,228844,1766,2020-01-30 18:02:20+03,2020-01-30 20:05:50+03,Неисправен
10120,228845,1765,2020-01-30 18:02:20+03,2020-01-30 20:05:50+03,Неисправен
10933,228846,1764,2020-01-30 18:02:20+03,2020-01-30 20:05:50+03,Неисправен
11686,228847,1764,2020-01-30 18:02:20+03,2020-01-30 20:05:50+03,Неисправен
333,228848,1763,2020-01-30 18:02:20+03,2020-01-30 20:05:50+03,Неисправен
1131,228849,1761,2020-01-30 18:02:20+03,2020-01-30 20:05:50+03,Неисправен
1878,228850,1760,2020-01-30 18:02:20+03,2020-01-30 20:05:50+03,Неисправен
2726,228851,1760,2020-01-30 18:02:20+03,2020-01-30 20:05:50+03,Неисправен
3454,228852,1759,2020-01-30 18:02:20+03,2020-01-30 20:05:50+03,Неисправен
4147,228853,1758,2020-01-30 18:02:20+03,2020-01-30 20:05:50+03,Неисправен
4865,228854,1758,2020-01-30 18:02:20+03,2020-01-30 20:05:50+03,Неисправен
5635,228855,1757,2020-01-30 18:02:20+03,2020-01-30 20:05:50+03,Неисправен
6358,228856,1757,2020-01-30 18:02:20+03,2020-01-30 20:05:50+03,Неисправен
7129,228857,1756,2020-01-30 18:02:20+03,2020-01-30 20:05:50+03,Неисправен
7821,228858,1755,2020-01-30 18:02:20+03,2020-01-30 20:05:50+03,Неисправен
8513,228859,1755,2020-01-30 18:02:20+03,2020-01-30 20:05:50+03,Неисправен
9199,228860,1754,2020-01-30 18:02:20+03,2020-01-30 20:05:50+03,Неисправен
10128,228861,1753,2020-01-30 18:02:20+03,2020-01-30 20:05:50+03,Неисправен
10941,228862,1753,2020-01-30 18:02:20+03,2020-01-30 20:05:50+03,Неисправен
11693,228863,1752,2020-01-30 18:02:20+03,2020-01-30 20:05:50+03,Неисправен
341,228864,1750,2020-01-30 18:02:20+03,2020-01-30 20:05:50+03,Неисправен
1139,228865,1749,2020-01-30 18:02:20+03,2020-01-30 20:05:50+03,Неисправен
1886,228866,1749,2020-01-30 18:02:20+03,2020-01-30 20:05:50+03,Неисправен
2731,228867,1748,2020-01-30 18:02:20+03,2020-01-30 20:05:50+03,Неисправен
3459,228868,1747,2020-01-30 18:02:20+03,2020-01-30 20:05:50+03,Неисправен
4152,228869,1747,2020-01-30 18:02:20+03,2020-01-30 20:05:50+03,Неисправен
4870,228870,1746,2020-01-30 18:02:20+03,2020-01-30 20:05:50+03,Неисправен
5641,228871,1745,2020-01-30 18:02:20+03,2020-01-30 20:05:50+03,Неисправен
6363,228872,1745,2020-01-30 18:02:20+03,2020-01-30 20:05:50+03,Неисправен
7134,228873,1745,2020-01-30 18:02:20+03,2020-01-30 20:05:50+03,Неисправен
7826,228874,1727,2020-01-30 18:02:20+03,2020-01-30 20:05:50+03,Неисправен
8519,228875,1727,2020-01-30 18:02:20+03,2020-01-30 20:05:50+03,Неисправен
9204,228876,1728,2020-01-30 18:02:20+03,2020-01-30 20:05:50+03,Неисправен
10132,228877,1839,2020-01-30 18:02:20+03,2020-01-30 20:05:50+03,Неисправен
10946,228878,1839,2020-01-30 18:02:20+03,2020-01-30 20:05:50+03,Неисправен
11697,228879,1950,2020-01-30 18:02:20+03,2020-01-30 20:05:50+03,Неисправен
346,228880,1950,2020-01-30 18:02:20+03,2020-01-30 20:05:50+03,Неисправен
1144,228881,1745,2020-01-30 18:02:20+03,2020-01-30 20:05:50+03,Неисправен
1891,228882,1744,2020-01-30 18:02:20+03,2020-01-30 20:05:50+03,Неисправен
2735,228883,1744,2020-01-30 18:02:20+03,2020-01-30 20:05:50+03,Неисправен
3464,228884,1744,2020-01-30 18:02:20+03,2020-01-30 20:05:50+03,Неисправен
4157,228885,1745,2020-01-30 18:02:20+03,2020-01-30 20:05:50+03,Неисправен
4876,228886,1745,2020-01-30 18:02:20+03,2020-01-30 20:05:50+03,Неисправен
5646,228887,1746,2020-01-30 18:02:20+03,2020-01-30 20:05:50+03,Неисправен
6369,228888,1746,2020-01-30 18:02:20+03,2020-01-30 20:05:50+03,Неисправен
7140,228889,1747,2020-01-30 18:02:20+03,2020-01-30 20:05:50+03,Неисправен
7834,228890,1748,2020-01-30 18:02:20+03,2020-01-30 20:05:50+03,Неисправен
8527,228891,1748,2020-01-30 18:02:20+03,2020-01-30 20:05:50+03,Неисправен
9212,228892,1749,2020-01-30 18:02:20+03,2020-01-30 20:05:50+03,Неисправен
10138,228893,1750,2020-01-30 18:02:20+03,2020-01-30 20:05:50+03,Неисправен
10953,228894,1750,2020-01-30 18:02:20+03,2020-01-30 20:05:50+03,Неисправен
11702,228895,1752,2020-01-30 18:02:20+03,2020-01-30 20:05:50+03,Неисправен
351,228896,1753,2020-01-30 18:02:20+03,2020-01-30 20:05:50+03,Неисправен
1152,228897,1754,2020-01-30 18:02:20+03,2020-01-30 20:05:50+03,Неисправен
1898,228898,1754,2020-01-30 18:02:20+03,2020-01-30 20:05:50+03,Неисправен
2743,228899,1755,2020-01-30 18:02:20+03,2020-01-30 20:05:50+03,Неисправен
3472,228900,1756,2020-01-30 18:02:20+03,2020-01-30 20:05:50+03,Неисправен
4167,228901,1756,2020-01-30 18:02:20+03,2020-01-30 20:05:50+03,Неисправен
4884,228902,1757,2020-01-30 18:02:20+03,2020-01-30 20:05:50+03,Неисправен
5653,228903,1758,2020-01-30 18:02:20+03,2020-01-30 20:05:50+03,Неисправен
6376,228904,1758,2020-01-30 18:02:20+03,2020-01-30 20:05:50+03,Неисправен
7144,228905,1758,2020-01-30 18:02:20+03,2020-01-30 20:05:50+03,Неисправен
7838,228906,1758,2020-01-30 18:02:20+03,2020-01-30 20:05:50+03,Неисправен
10142,228909,2028,2020-01-30 18:24:44+03,2020-01-30 20:12:57+03,Неисправен
10957,228910,2028,2020-01-30 18:24:44+03,2020-01-30 20:12:57+03,Неисправен
11706,228911,2029,2020-01-30 18:24:44+03,2020-01-30 20:12:57+03,Неисправен
355,228912,2029,2020-01-30 18:24:44+03,2020-01-30 20:12:57+03,Неисправен
1156,228913,1730,2020-01-30 18:24:44+03,2020-01-30 20:12:57+03,Неисправен
1902,228914,1730,2020-01-30 18:24:44+03,2020-01-30 20:12:57+03,Неисправен
2747,228915,1731,2020-01-30 18:24:44+03,2020-01-30 20:12:57+03,Неисправен
3476,228916,1732,2020-01-30 18:24:44+03,2020-01-30 20:12:57+03,Неисправен
4171,228917,1733,2020-01-30 18:24:44+03,2020-01-30 20:12:57+03,Неисправен
4888,228918,1733,2020-01-30 18:24:44+03,2020-01-30 20:12:57+03,Неисправен
5657,228919,1734,2020-01-30 18:24:44+03,2020-01-30 20:12:57+03,Неисправен
6380,228920,1735,2020-01-30 18:24:44+03,2020-01-30 20:12:57+03,Неисправен
7148,228921,1735,2020-01-30 18:24:44+03,2020-01-30 20:12:57+03,Неисправен
7842,228922,1736,2020-01-30 18:24:44+03,2020-01-30 20:12:57+03,Неисправен
8531,228923,1737,2020-01-30 18:24:44+03,2020-01-30 20:12:57+03,Неисправен
9216,228924,1737,2020-01-30 18:24:44+03,2020-01-30 20:12:57+03,Неисправен
10146,228925,1738,2020-01-30 18:24:44+03,2020-01-30 20:12:57+03,Неисправен
10961,228926,1739,2020-01-30 18:24:44+03,2020-01-30 20:12:57+03,Неисправен
11710,228927,1741,2020-01-30 18:24:44+03,2020-01-30 20:12:57+03,Неисправен
359,228928,1741,2020-01-30 18:24:44+03,2020-01-30 20:12:57+03,Неисправен
1160,228929,1741,2020-01-30 18:24:44+03,2020-01-30 20:12:57+03,Неисправен
1906,228930,1741,2020-01-30 18:24:44+03,2020-01-30 20:12:57+03,Неисправен
2751,228931,1742,2020-01-30 18:24:44+03,2020-01-30 20:12:57+03,Неисправен
3480,228932,1743,2020-01-30 18:24:44+03,2020-01-30 20:12:57+03,Неисправен
4175,228933,1743,2020-01-30 18:24:44+03,2020-01-30 20:12:57+03,Неисправен
4892,228934,1743,2020-01-30 18:24:44+03,2020-01-30 20:12:57+03,Неисправен
5661,228935,1742,2020-01-30 18:24:44+03,2020-01-30 20:12:57+03,Неисправен
6384,228936,1742,2020-01-30 18:24:44+03,2020-01-30 20:12:57+03,Неисправен
7152,228937,1741,2020-01-30 18:24:44+03,2020-01-30 20:12:57+03,Неисправен
7846,228938,1739,2020-01-30 18:24:44+03,2020-01-30 20:12:57+03,Неисправен
8535,228939,1739,2020-01-30 18:24:44+03,2020-01-30 20:12:57+03,Неисправен
9220,228940,1738,2020-01-30 18:24:44+03,2020-01-30 20:12:57+03,Неисправен
10150,228941,1738,2020-01-30 18:24:44+03,2020-01-30 20:12:57+03,Неисправен
10965,228942,1737,2020-01-30 18:24:44+03,2020-01-30 20:12:57+03,Неисправен
11714,228943,1736,2020-01-30 18:24:44+03,2020-01-30 20:12:57+03,Неисправен
363,228944,1736,2020-01-30 18:24:44+03,2020-01-30 20:12:57+03,Неисправен
1164,228945,1735,2020-01-30 18:24:44+03,2020-01-30 20:12:57+03,Неисправен
1910,228946,1734,2020-01-30 18:24:44+03,2020-01-30 20:12:57+03,Неисправен
2755,228947,1734,2020-01-30 18:24:44+03,2020-01-30 20:12:57+03,Неисправен
3484,228948,1733,2020-01-30 18:24:44+03,2020-01-30 20:12:57+03,Неисправен
4179,228949,1732,2020-01-30 18:24:44+03,2020-01-30 20:12:57+03,Неисправен
4896,228950,1731,2020-01-30 18:24:44+03,2020-01-30 20:12:57+03,Неисправен
5665,228951,1731,2020-01-30 18:24:44+03,2020-01-30 20:12:57+03,Неисправен
6388,228952,1730,2020-01-30 18:24:44+03,2020-01-30 20:12:57+03,Неисправен
7156,228953,2029,2020-01-30 18:24:44+03,2020-01-30 20:12:57+03,Неисправен
7850,228954,1730,2020-01-30 18:24:44+03,2020-01-30 20:12:57+03,Неисправен
8539,228955,1727,2020-01-30 18:24:44+03,2020-01-30 20:12:57+03,Неисправен
9224,228956,1727,2020-01-30 18:24:44+03,2020-01-30 20:12:57+03,Неисправен
10154,228957,1728,2020-01-30 18:24:44+03,2020-01-30 20:12:57+03,Неисправен
10969,228958,1839,2020-01-30 18:24:44+03,2020-01-30 20:12:57+03,Неисправен
11718,228959,1839,2020-01-30 18:24:44+03,2020-01-30 20:12:57+03,Неисправен
367,228960,1950,2020-01-30 18:24:44+03,2020-01-30 20:12:57+03,Неисправен
1168,228961,1950,2020-01-30 18:24:44+03,2020-01-30 20:12:57+03,Неисправен
1914,228962,2029,2020-01-30 18:24:44+03,2020-01-30 20:12:57+03,Неисправен
2759,228963,2029,2020-01-30 18:24:44+03,2020-01-30 20:12:57+03,Неисправен
3488,228964,2028,2020-01-30 18:24:44+03,2020-01-30 20:12:57+03,Неисправен
4183,228965,2028,2020-01-30 18:24:44+03,2020-01-30 20:12:57+03,Неисправен
4900,228966,2027,2020-01-30 18:24:44+03,2020-01-30 20:12:57+03,Неисправен
5669,228967,2027,2020-01-30 18:24:44+03,2020-01-30 20:12:57+03,Неисправен
6392,228968,2026,2020-01-30 18:24:44+03,2020-01-30 20:12:57+03,Неисправен
7160,228969,2026,2020-01-30 18:24:44+03,2020-01-30 20:12:57+03,Неисправен
7854,228970,2025,2020-01-30 18:24:44+03,2020-01-30 20:12:57+03,Неисправен
8543,228971,2025,2020-01-30 18:24:44+03,2020-01-30 20:12:57+03,Неисправен
9228,228972,2024,2020-01-30 18:24:44+03,2020-01-30 20:12:57+03,Неисправен
10158,228973,2023,2020-01-30 18:24:44+03,2020-01-30 20:12:57+03,Неисправен
10973,228974,2023,2020-01-30 18:24:44+03,2020-01-30 20:12:57+03,Неисправен
11722,228975,2022,2020-01-30 18:24:44+03,2020-01-30 20:12:57+03,Неисправен
371,228976,2021,2020-01-30 18:24:44+03,2020-01-30 20:12:57+03,Неисправен
1172,228977,2021,2020-01-30 18:24:44+03,2020-01-30 20:12:57+03,Неисправен
1918,228978,2020,2020-01-30 18:24:44+03,2020-01-30 20:12:57+03,Неисправен
2763,228979,2018,2020-01-30 18:24:44+03,2020-01-30 20:12:57+03,Неисправен
3492,228980,2017,2020-01-30 18:24:44+03,2020-01-30 20:12:57+03,Неисправен
4187,228981,2017,2020-01-30 18:24:44+03,2020-01-30 20:12:57+03,Неисправен
4904,228982,2017,2020-01-30 18:24:44+03,2020-01-30 20:12:57+03,Неисправен
5673,228983,2018,2020-01-30 18:24:44+03,2020-01-30 20:12:57+03,Неисправен
6396,228984,2018,2020-01-30 18:24:44+03,2020-01-30 20:12:57+03,Неисправен
7164,228985,2020,2020-01-30 18:24:44+03,2020-01-30 20:12:57+03,Неисправен
7858,228986,2021,2020-01-30 18:24:44+03,2020-01-30 20:12:57+03,Неисправен
8547,228987,2022,2020-01-30 18:24:44+03,2020-01-30 20:12:57+03,Неисправен
9232,228988,2022,2020-01-30 18:24:44+03,2020-01-30 20:12:57+03,Неисправен
10162,228989,2023,2020-01-30 18:24:44+03,2020-01-30 20:12:57+03,Неисправен
10977,228990,2024,2020-01-30 18:24:44+03,2020-01-30 20:12:57+03,Неисправен
11726,228991,2024,2020-01-30 18:24:44+03,2020-01-30 20:12:57+03,Неисправен
375,228992,2025,2020-01-30 18:24:44+03,2020-01-30 20:12:57+03,Неисправен
1176,228993,2025,2020-01-30 18:24:44+03,2020-01-30 20:12:57+03,Неисправен
1922,228994,2026,2020-01-30 18:24:44+03,2020-01-30 20:12:57+03,Неисправен
2767,228995,2027,2020-01-30 18:24:44+03,2020-01-30 20:12:57+03,Неисправен
3496,228996,2027,2020-01-30 18:24:44+03,2020-01-30 20:12:57+03,Неисправен
4191,228997,2028,2020-01-30 18:24:44+03,2020-01-30 20:12:57+03,Неисправен
6576,229624,1811,2020-01-30 20:14:08+03,2020-01-30 21:42:31+03,Неисправен
10382,229629,1788,2020-01-30 20:14:08+03,2020-01-30 22:08:24+03,Неисправен
2138,229634,1772,2020-01-30 20:14:08+03,2020-01-30 21:42:38+03,Неисправен
9185,228828,1769,2020-01-30 20:39:24+03,2020-01-30 21:39:41+03,Неисправен
10112,228829,1769,2020-01-30 20:39:24+03,2020-01-30 21:39:41+03,Неисправен
10927,228830,1770,2020-01-30 20:39:24+03,2020-01-30 21:39:41+03,Неисправен
11680,228831,1771,2020-01-30 20:39:24+03,2020-01-30 21:39:41+03,Неисправен
327,228832,1771,2020-01-30 20:39:24+03,2020-01-30 21:39:41+03,Неисправен
1125,228833,1772,2020-01-30 20:39:24+03,2020-01-30 21:39:41+03,Неисправен
1872,228834,1772,2020-01-30 20:39:24+03,2020-01-30 21:39:41+03,Неисправен
2720,228835,1771,2020-01-30 20:39:24+03,2020-01-30 21:39:41+03,Неисправен
3448,228836,1771,2020-01-30 20:39:24+03,2020-01-30 21:39:41+03,Неисправен
4141,228837,1770,2020-01-30 20:39:24+03,2020-01-30 21:39:41+03,Неисправен
4859,228838,1769,2020-01-30 20:39:24+03,2020-01-30 21:39:41+03,Неисправен
5629,228839,1769,2020-01-30 20:39:24+03,2020-01-30 21:39:41+03,Неисправен
6352,228840,1768,2020-01-30 20:39:24+03,2020-01-30 21:39:41+03,Неисправен
7123,228841,1768,2020-01-30 20:39:24+03,2020-01-30 21:39:41+03,Неисправен
7813,228842,1767,2020-01-30 20:39:24+03,2020-01-30 21:39:41+03,Неисправен
8506,228843,1766,2020-01-30 20:39:24+03,2020-01-30 21:39:41+03,Неисправен
9192,228844,1766,2020-01-30 20:39:24+03,2020-01-30 21:39:41+03,Неисправен
10121,228845,1765,2020-01-30 20:39:24+03,2020-01-30 21:39:41+03,Неисправен
10934,228846,1764,2020-01-30 20:39:24+03,2020-01-30 21:39:41+03,Неисправен
334,228848,1763,2020-01-30 20:39:24+03,2020-01-30 21:39:41+03,Неисправен
1132,228849,1761,2020-01-30 20:39:24+03,2020-01-30 21:39:41+03,Неисправен
1879,228850,1760,2020-01-30 20:39:24+03,2020-01-30 21:39:41+03,Неисправен
2727,228851,1760,2020-01-30 20:39:24+03,2020-01-30 21:39:41+03,Неисправен
3455,228852,1759,2020-01-30 20:39:24+03,2020-01-30 21:39:41+03,Неисправен
4148,228853,1758,2020-01-30 20:39:24+03,2020-01-30 21:39:41+03,Неисправен
4866,228854,1758,2020-01-30 20:39:24+03,2020-01-30 21:39:41+03,Неисправен
5636,228855,1757,2020-01-30 20:39:24+03,2020-01-30 21:39:41+03,Неисправен
6359,228856,1757,2020-01-30 20:39:24+03,2020-01-30 21:39:41+03,Неисправен
7130,228857,1756,2020-01-30 20:39:24+03,2020-01-30 21:39:41+03,Неисправен
7822,228858,1755,2020-01-30 20:39:24+03,2020-01-30 21:39:41+03,Неисправен
8514,228859,1755,2020-01-30 20:39:24+03,2020-01-30 21:39:41+03,Неисправен
9200,228860,1754,2020-01-30 20:39:24+03,2020-01-30 21:39:41+03,Неисправен
10942,228862,1753,2020-01-30 20:39:24+03,2020-01-30 21:39:41+03,Неисправен
342,228864,1750,2020-01-30 20:39:24+03,2020-01-30 21:39:41+03,Неисправен
1140,228865,1749,2020-01-30 20:39:24+03,2020-01-30 21:39:41+03,Неисправен
1887,228866,1749,2020-01-30 20:39:24+03,2020-01-30 21:39:41+03,Неисправен
3460,228868,1747,2020-01-30 20:39:24+03,2020-01-30 21:39:41+03,Неисправен
4153,228869,1747,2020-01-30 20:39:24+03,2020-01-30 21:39:41+03,Неисправен
4871,228870,1746,2020-01-30 20:39:24+03,2020-01-30 21:39:41+03,Неисправен
6364,228872,1745,2020-01-30 20:39:24+03,2020-01-30 21:39:41+03,Неисправен
7827,228874,1727,2020-01-30 20:39:24+03,2020-01-30 21:39:41+03,Неисправен
8520,228875,1727,2020-01-30 20:39:24+03,2020-01-30 21:39:41+03,Неисправен
9205,228876,1728,2020-01-30 20:39:24+03,2020-01-30 21:39:41+03,Неисправен
10947,228878,1839,2020-01-30 20:39:24+03,2020-01-30 21:39:41+03,Неисправен
347,228880,1950,2020-01-30 20:39:24+03,2020-01-30 21:39:41+03,Неисправен
1145,228881,1745,2020-01-30 20:39:24+03,2020-01-30 21:39:41+03,Неисправен
2736,228883,1744,2020-01-30 20:39:24+03,2020-01-30 21:39:41+03,Неисправен
3465,228884,1744,2020-01-30 20:39:24+03,2020-01-30 21:39:41+03,Неисправен
4158,228885,1745,2020-01-30 20:39:24+03,2020-01-30 21:39:41+03,Неисправен
4877,228886,1745,2020-01-30 20:39:24+03,2020-01-30 21:39:41+03,Неисправен
6370,228888,1746,2020-01-30 20:39:24+03,2020-01-30 21:39:41+03,Неисправен
7141,228889,1747,2020-01-30 20:39:24+03,2020-01-30 21:39:41+03,Неисправен
7835,228890,1748,2020-01-30 20:39:24+03,2020-01-30 21:39:41+03,Неисправен
8528,228891,1748,2020-01-30 20:39:24+03,2020-01-30 21:39:41+03,Неисправен
9213,228892,1749,2020-01-30 20:39:24+03,2020-01-30 21:39:41+03,Неисправен
10139,228893,1750,2020-01-30 20:39:24+03,2020-01-30 21:39:41+03,Неисправен
10954,228894,1750,2020-01-30 20:39:24+03,2020-01-30 21:39:41+03,Неисправен
11703,228895,1752,2020-01-30 20:39:24+03,2020-01-30 21:39:41+03,Неисправен
352,228896,1753,2020-01-30 20:39:24+03,2020-01-30 21:39:41+03,Неисправен
1153,228897,1754,2020-01-30 20:39:24+03,2020-01-30 21:39:41+03,Неисправен
1899,228898,1754,2020-01-30 20:39:24+03,2020-01-30 21:39:41+03,Неисправен
2744,228899,1755,2020-01-30 20:39:24+03,2020-01-30 21:39:41+03,Неисправен
3473,228900,1756,2020-01-30 20:39:24+03,2020-01-30 21:39:41+03,Неисправен
4168,228901,1756,2020-01-30 20:39:24+03,2020-01-30 21:39:41+03,Неисправен
4885,228902,1757,2020-01-30 20:39:24+03,2020-01-30 21:39:41+03,Неисправен
5654,228903,1758,2020-01-30 20:39:24+03,2020-01-30 21:39:41+03,Неисправен
6377,228904,1758,2020-01-30 20:39:24+03,2020-01-30 21:39:41+03,Неисправен
7145,228905,1758,2020-01-30 20:39:24+03,2020-01-30 21:39:41+03,Неисправен
7839,228906,1758,2020-01-30 20:39:24+03,2020-01-30 21:39:41+03,Неисправен
6577,229624,1811,2020-01-30 22:21:17+03,2020-01-31 02:02:38+03,Неисправен
10383,229629,1788,2020-01-30 22:21:17+03,2020-01-31 02:02:38+03,Неисправен
2139,229634,1772,2020-01-30 22:21:17+03,2020-01-31 02:02:38+03,Неисправен
590,229584,1831,2020-01-30 22:25:51+03,2020-01-31 07:24:04+03,Неисправен
6556,229592,1829,2020-01-30 22:25:51+03,2020-01-31 07:24:04+03,Неисправен
9179,228812,1758,2020-01-30 22:49:24+03,2020-01-31 02:15:36+03,Неисправен
10106,228813,1758,2020-01-30 22:49:24+03,2020-01-31 02:15:36+03,Неисправен
10921,228814,1759,2020-01-30 22:49:24+03,2020-01-31 02:15:38+03,Неисправен
11674,228815,1759,2020-01-30 22:49:24+03,2020-01-31 02:15:38+03,Неисправен
321,228816,1760,2020-01-30 22:49:24+03,2020-01-31 02:15:38+03,Неисправен
1119,228817,1761,2020-01-30 22:49:24+03,2020-01-31 02:15:38+03,Неисправен
1866,228818,1761,2020-01-30 22:49:24+03,2020-01-31 02:15:38+03,Неисправен
2714,228819,1763,2020-01-30 22:49:24+03,2020-01-31 02:15:38+03,Неисправен
3442,228820,1764,2020-01-30 22:49:24+03,2020-01-31 02:15:38+03,Неисправен
4135,228821,1765,2020-01-30 22:49:24+03,2020-01-31 02:15:38+03,Неисправен
4853,228822,1765,2020-01-30 22:49:24+03,2020-01-31 02:15:38+03,Неисправен
5623,228823,1766,2020-01-30 22:49:24+03,2020-01-31 02:15:38+03,Неисправен
6346,228824,1767,2020-01-30 22:49:24+03,2020-01-31 02:15:38+03,Неисправен
7117,228825,1767,2020-01-30 22:49:24+03,2020-01-31 02:15:38+03,Неисправен
7807,228826,1768,2020-01-30 22:49:24+03,2020-01-31 02:15:38+03,Неисправен
8500,228827,1768,2020-01-30 22:49:24+03,2020-01-31 02:15:38+03,Неисправен
9186,228828,1769,2020-01-30 22:49:24+03,2020-01-31 02:15:38+03,Неисправен
10113,228829,1769,2020-01-30 22:49:24+03,2020-01-31 02:15:38+03,Неисправен
10928,228830,1770,2020-01-30 22:49:24+03,2020-01-31 02:15:38+03,Неисправен
11681,228831,1771,2020-01-30 22:49:24+03,2020-01-31 02:15:38+03,Неисправен
328,228832,1771,2020-01-30 22:49:24+03,2020-01-31 02:15:38+03,Неисправен
1126,228833,1772,2020-01-30 22:49:24+03,2020-01-31 02:15:38+03,Неисправен
1873,228834,1772,2020-01-30 22:49:24+03,2020-01-31 02:15:38+03,Неисправен
2721,228835,1771,2020-01-30 22:49:24+03,2020-01-31 02:15:38+03,Неисправен
3449,228836,1771,2020-01-30 22:49:24+03,2020-01-31 02:15:38+03,Неисправен
4142,228837,1770,2020-01-30 22:49:24+03,2020-01-31 02:15:38+03,Неисправен
4860,228838,1769,2020-01-30 22:49:24+03,2020-01-31 02:15:38+03,Неисправен
5630,228839,1769,2020-01-30 22:49:24+03,2020-01-31 02:15:38+03,Неисправен
6353,228840,1768,2020-01-30 22:49:24+03,2020-01-31 02:15:38+03,Неисправен
7124,228841,1768,2020-01-30 22:49:24+03,2020-01-31 02:15:38+03,Неисправен
7814,228842,1767,2020-01-30 22:49:24+03,2020-01-31 02:15:38+03,Неисправен
8507,228843,1766,2020-01-30 22:49:24+03,2020-01-31 02:15:38+03,Неисправен
9193,228844,1766,2020-01-30 22:49:24+03,2020-01-31 02:15:38+03,Неисправен
10122,228845,1765,2020-01-30 22:49:24+03,2020-01-31 02:15:38+03,Неисправен
10935,228846,1764,2020-01-30 22:49:24+03,2020-01-31 02:15:38+03,Неисправен
11687,228847,1764,2020-01-30 22:49:24+03,2020-01-31 02:15:38+03,Неисправен
335,228848,1763,2020-01-30 22:49:24+03,2020-01-31 02:15:38+03,Неисправен
1133,228849,1761,2020-01-30 22:49:24+03,2020-01-31 02:15:38+03,Неисправен
1880,228850,1760,2020-01-30 22:49:24+03,2020-01-31 02:15:38+03,Неисправен
2728,228851,1760,2020-01-30 22:49:24+03,2020-01-31 02:15:38+03,Неисправен
3456,228852,1759,2020-01-30 22:49:24+03,2020-01-31 02:15:38+03,Неисправен
4149,228853,1758,2020-01-30 22:49:24+03,2020-01-31 02:15:38+03,Неисправен
4867,228854,1758,2020-01-30 22:49:24+03,2020-01-31 02:15:38+03,Неисправен
5637,228855,1757,2020-01-30 22:49:24+03,2020-01-31 02:15:38+03,Неисправен
6360,228856,1757,2020-01-30 22:49:24+03,2020-01-31 02:15:38+03,Неисправен
7131,228857,1756,2020-01-30 22:49:24+03,2020-01-31 02:15:38+03,Неисправен
7823,228858,1755,2020-01-30 22:49:24+03,2020-01-31 02:15:38+03,Неисправен
8515,228859,1755,2020-01-30 22:49:24+03,2020-01-31 02:15:38+03,Неисправен
9201,228860,1754,2020-01-30 22:49:24+03,2020-01-31 02:15:38+03,Неисправен
10129,228861,1753,2020-01-30 22:49:24+03,2020-01-31 02:15:38+03,Неисправен
10943,228862,1753,2020-01-30 22:49:24+03,2020-01-31 02:15:38+03,Неисправен
11694,228863,1752,2020-01-30 22:49:24+03,2020-01-31 02:15:38+03,Неисправен
343,228864,1750,2020-01-30 22:49:24+03,2020-01-31 02:15:38+03,Неисправен
1141,228865,1749,2020-01-30 22:49:24+03,2020-01-31 02:15:38+03,Неисправен
1888,228866,1749,2020-01-30 22:49:24+03,2020-01-31 02:15:38+03,Неисправен
2732,228867,1748,2020-01-30 22:49:24+03,2020-01-31 02:15:38+03,Неисправен
3461,228868,1747,2020-01-30 22:49:24+03,2020-01-31 02:15:38+03,Неисправен
4154,228869,1747,2020-01-30 22:49:24+03,2020-01-31 02:15:38+03,Неисправен
4872,228870,1746,2020-01-30 22:49:24+03,2020-01-31 02:15:38+03,Неисправен
5642,228871,1745,2020-01-30 22:49:24+03,2020-01-31 02:15:38+03,Неисправен
6365,228872,1745,2020-01-30 22:49:24+03,2020-01-31 02:15:38+03,Неисправен
7135,228873,1745,2020-01-30 22:49:24+03,2020-01-31 02:15:38+03,Неисправен
7828,228874,1727,2020-01-30 22:49:24+03,2020-01-31 02:15:38+03,Неисправен
8521,228875,1727,2020-01-30 22:49:24+03,2020-01-31 02:15:38+03,Неисправен
9206,228876,1728,2020-01-30 22:49:24+03,2020-01-31 02:15:38+03,Неисправен
10133,228877,1839,2020-01-30 22:49:24+03,2020-01-31 02:15:38+03,Неисправен
10948,228878,1839,2020-01-30 22:49:24+03,2020-01-31 02:15:38+03,Неисправен
11698,228879,1950,2020-01-30 22:49:24+03,2020-01-31 02:15:38+03,Неисправен
348,228880,1950,2020-01-30 22:49:24+03,2020-01-31 02:15:38+03,Неисправен
1146,228881,1745,2020-01-30 22:49:24+03,2020-01-31 02:15:38+03,Неисправен
1892,228882,1744,2020-01-30 22:49:24+03,2020-01-31 02:15:38+03,Неисправен
2737,228883,1744,2020-01-30 22:49:24+03,2020-01-31 02:15:38+03,Неисправен
3466,228884,1744,2020-01-30 22:49:24+03,2020-01-31 02:15:38+03,Неисправен
4159,228885,1745,2020-01-30 22:49:24+03,2020-01-31 02:15:38+03,Неисправен
4878,228886,1745,2020-01-30 22:49:24+03,2020-01-31 02:15:38+03,Неисправен
5647,228887,1746,2020-01-30 22:49:24+03,2020-01-31 02:15:38+03,Неисправен
6371,228888,1746,2020-01-30 22:49:24+03,2020-01-31 02:15:38+03,Неисправен
7142,228889,1747,2020-01-30 22:49:24+03,2020-01-31 02:15:38+03,Неисправен
7836,228890,1748,2020-01-30 22:49:24+03,2020-01-31 02:15:38+03,Неисправен
8529,228891,1748,2020-01-30 22:49:24+03,2020-01-31 02:15:38+03,Неисправен
9214,228892,1749,2020-01-30 22:49:24+03,2020-01-31 02:15:38+03,Неисправен
10140,228893,1750,2020-01-30 22:49:24+03,2020-01-31 02:15:38+03,Неисправен
10955,228894,1750,2020-01-30 22:49:24+03,2020-01-31 02:15:38+03,Неисправен
11704,228895,1752,2020-01-30 22:49:24+03,2020-01-31 02:15:38+03,Неисправен
353,228896,1753,2020-01-30 22:49:24+03,2020-01-31 02:15:38+03,Неисправен
1154,228897,1754,2020-01-30 22:49:24+03,2020-01-31 02:15:38+03,Неисправен
1900,228898,1754,2020-01-30 22:49:24+03,2020-01-31 02:15:38+03,Неисправен
2745,228899,1755,2020-01-30 22:49:24+03,2020-01-31 02:15:38+03,Неисправен
3474,228900,1756,2020-01-30 22:49:24+03,2020-01-31 02:15:38+03,Неисправен
4169,228901,1756,2020-01-30 22:49:24+03,2020-01-31 02:15:38+03,Неисправен
4886,228902,1757,2020-01-30 22:49:24+03,2020-01-31 02:15:38+03,Неисправен
5655,228903,1758,2020-01-30 22:49:24+03,2020-01-31 02:15:38+03,Неисправен
6378,228904,1758,2020-01-30 22:49:25+03,2020-01-31 02:15:38+03,Неисправен
7146,228905,1758,2020-01-30 22:49:25+03,2020-01-31 02:15:38+03,Неисправен
7840,228906,1758,2020-01-30 22:49:25+03,2020-01-31 02:15:38+03,Неисправен
385,229008,1999,2020-01-30 22:51:55+03,2020-01-31 07:23:51+03,Неисправен
1933,229010,1999,2020-01-30 22:51:55+03,2020-01-31 07:23:51+03,Неисправен
2772,229011,1999,2020-01-30 22:51:55+03,2020-01-31 07:23:52+03,Неисправен
3501,229012,1999,2020-01-30 22:51:55+03,2020-01-31 07:23:52+03,Неисправен
4196,229013,2000,2020-01-30 22:51:55+03,2020-01-31 07:23:52+03,Неисправен
4916,229014,2000,2020-01-30 22:51:55+03,2020-01-31 07:23:52+03,Неисправен
5678,229015,2001,2020-01-30 22:51:55+03,2020-01-31 07:23:52+03,Неисправен
6401,229016,2001,2020-01-30 22:51:55+03,2020-01-31 07:23:52+03,Неисправен
7169,229017,2002,2020-01-30 22:51:55+03,2020-01-31 07:23:52+03,Неисправен
10143,228909,2028,2020-01-30 22:52:51+03,2020-01-31 02:21:26+03,Неисправен
10958,228910,2028,2020-01-30 22:52:51+03,2020-01-31 02:21:26+03,Неисправен
11707,228911,2029,2020-01-30 22:52:51+03,2020-01-31 02:21:26+03,Неисправен
356,228912,2029,2020-01-30 22:52:51+03,2020-01-31 02:21:26+03,Неисправен
1157,228913,1730,2020-01-30 22:52:51+03,2020-01-31 02:21:26+03,Неисправен
1903,228914,1730,2020-01-30 22:52:51+03,2020-01-31 02:21:26+03,Неисправен
2748,228915,1731,2020-01-30 22:52:51+03,2020-01-31 02:21:26+03,Неисправен
3477,228916,1732,2020-01-30 22:52:51+03,2020-01-31 02:21:26+03,Неисправен
4172,228917,1733,2020-01-30 22:52:51+03,2020-01-31 02:21:26+03,Неисправен
4889,228918,1733,2020-01-30 22:52:51+03,2020-01-31 02:21:26+03,Неисправен
5658,228919,1734,2020-01-30 22:52:51+03,2020-01-31 02:21:26+03,Неисправен
6381,228920,1735,2020-01-30 22:52:51+03,2020-01-31 02:21:26+03,Неисправен
7149,228921,1735,2020-01-30 22:52:51+03,2020-01-31 02:21:26+03,Неисправен
7843,228922,1736,2020-01-30 22:52:51+03,2020-01-31 02:21:26+03,Неисправен
8532,228923,1737,2020-01-30 22:52:51+03,2020-01-31 02:21:26+03,Неисправен
9217,228924,1737,2020-01-30 22:52:51+03,2020-01-31 02:21:26+03,Неисправен
10147,228925,1738,2020-01-30 22:52:51+03,2020-01-31 02:21:26+03,Неисправен
10962,228926,1739,2020-01-30 22:52:51+03,2020-01-31 02:21:26+03,Неисправен
11711,228927,1741,2020-01-30 22:52:51+03,2020-01-31 02:21:26+03,Неисправен
360,228928,1741,2020-01-30 22:52:51+03,2020-01-31 02:21:26+03,Неисправен
1161,228929,1741,2020-01-30 22:52:51+03,2020-01-31 02:21:26+03,Неисправен
1907,228930,1741,2020-01-30 22:52:51+03,2020-01-31 02:21:26+03,Неисправен
2752,228931,1742,2020-01-30 22:52:51+03,2020-01-31 02:21:26+03,Неисправен
3481,228932,1743,2020-01-30 22:52:51+03,2020-01-31 02:21:26+03,Неисправен
4176,228933,1743,2020-01-30 22:52:51+03,2020-01-31 02:21:26+03,Неисправен
4893,228934,1743,2020-01-30 22:52:51+03,2020-01-31 02:21:26+03,Неисправен
5662,228935,1742,2020-01-30 22:52:51+03,2020-01-31 02:21:26+03,Неисправен
6385,228936,1742,2020-01-30 22:52:51+03,2020-01-31 02:21:26+03,Неисправен
7153,228937,1741,2020-01-30 22:52:51+03,2020-01-31 02:21:26+03,Неисправен
7847,228938,1739,2020-01-30 22:52:51+03,2020-01-31 02:21:26+03,Неисправен
8536,228939,1739,2020-01-30 22:52:51+03,2020-01-31 02:21:26+03,Неисправен
9221,228940,1738,2020-01-30 22:52:51+03,2020-01-31 02:21:26+03,Неисправен
10151,228941,1738,2020-01-30 22:52:51+03,2020-01-31 02:21:26+03,Неисправен
10966,228942,1737,2020-01-30 22:52:51+03,2020-01-31 02:21:26+03,Неисправен
11715,228943,1736,2020-01-30 22:52:51+03,2020-01-31 02:21:26+03,Неисправен
364,228944,1736,2020-01-30 22:52:51+03,2020-01-31 02:21:26+03,Неисправен
1165,228945,1735,2020-01-30 22:52:51+03,2020-01-31 02:21:26+03,Неисправен
1911,228946,1734,2020-01-30 22:52:51+03,2020-01-31 02:21:26+03,Неисправен
2756,228947,1734,2020-01-30 22:52:51+03,2020-01-31 02:21:26+03,Неисправен
3485,228948,1733,2020-01-30 22:52:51+03,2020-01-31 02:21:26+03,Неисправен
4180,228949,1732,2020-01-30 22:52:51+03,2020-01-31 02:21:26+03,Неисправен
4897,228950,1731,2020-01-30 22:52:51+03,2020-01-31 02:21:26+03,Неисправен
5666,228951,1731,2020-01-30 22:52:51+03,2020-01-31 02:21:26+03,Неисправен
6389,228952,1730,2020-01-30 22:52:51+03,2020-01-31 02:21:26+03,Неисправен
7157,228953,2029,2020-01-30 22:52:51+03,2020-01-31 02:21:26+03,Неисправен
7851,228954,1730,2020-01-30 22:52:51+03,2020-01-31 02:21:26+03,Неисправен
8540,228955,1727,2020-01-30 22:52:51+03,2020-01-31 02:21:26+03,Неисправен
9225,228956,1727,2020-01-30 22:52:51+03,2020-01-31 02:21:26+03,Неисправен
10155,228957,1728,2020-01-30 22:52:51+03,2020-01-31 02:21:26+03,Неисправен
10970,228958,1839,2020-01-30 22:52:51+03,2020-01-31 02:21:26+03,Неисправен
11719,228959,1839,2020-01-30 22:52:51+03,2020-01-31 02:21:26+03,Неисправен
368,228960,1950,2020-01-30 22:52:51+03,2020-01-31 02:21:26+03,Неисправен
1169,228961,1950,2020-01-30 22:52:51+03,2020-01-31 02:21:26+03,Неисправен
1915,228962,2029,2020-01-30 22:52:51+03,2020-01-31 02:21:26+03,Неисправен
2760,228963,2029,2020-01-30 22:52:51+03,2020-01-31 02:21:26+03,Неисправен
3489,228964,2028,2020-01-30 22:52:51+03,2020-01-31 02:21:26+03,Неисправен
4184,228965,2028,2020-01-30 22:52:51+03,2020-01-31 02:21:26+03,Неисправен
4901,228966,2027,2020-01-30 22:52:51+03,2020-01-31 02:21:26+03,Неисправен
5670,228967,2027,2020-01-30 22:52:51+03,2020-01-31 02:21:26+03,Неисправен
6393,228968,2026,2020-01-30 22:52:51+03,2020-01-31 02:21:26+03,Неисправен
7161,228969,2026,2020-01-30 22:52:51+03,2020-01-31 02:21:26+03,Неисправен
7855,228970,2025,2020-01-30 22:52:52+03,2020-01-31 02:21:26+03,Неисправен
8544,228971,2025,2020-01-30 22:52:52+03,2020-01-31 02:21:26+03,Неисправен
9229,228972,2024,2020-01-30 22:52:52+03,2020-01-31 02:21:26+03,Неисправен
10159,228973,2023,2020-01-30 22:52:52+03,2020-01-31 02:21:26+03,Неисправен
10974,228974,2023,2020-01-30 22:52:52+03,2020-01-31 02:21:26+03,Неисправен
11723,228975,2022,2020-01-30 22:52:52+03,2020-01-31 02:21:26+03,Неисправен
372,228976,2021,2020-01-30 22:52:52+03,2020-01-31 02:21:26+03,Неисправен
1173,228977,2021,2020-01-30 22:52:52+03,2020-01-31 02:21:26+03,Неисправен
1919,228978,2020,2020-01-30 22:52:52+03,2020-01-31 02:21:26+03,Неисправен
2764,228979,2018,2020-01-30 22:52:52+03,2020-01-31 02:21:26+03,Неисправен
3493,228980,2017,2020-01-30 22:52:52+03,2020-01-31 02:21:26+03,Неисправен
4188,228981,2017,2020-01-30 22:52:52+03,2020-01-31 02:21:26+03,Неисправен
4905,228982,2017,2020-01-30 22:52:52+03,2020-01-31 02:21:26+03,Неисправен
5674,228983,2018,2020-01-30 22:52:52+03,2020-01-31 02:21:26+03,Неисправен
6397,228984,2018,2020-01-30 22:52:52+03,2020-01-31 02:21:26+03,Неисправен
7165,228985,2020,2020-01-30 22:52:52+03,2020-01-31 02:21:26+03,Неисправен
7859,228986,2021,2020-01-30 22:52:52+03,2020-01-31 02:21:26+03,Неисправен
8548,228987,2022,2020-01-30 22:52:52+03,2020-01-31 02:21:26+03,Неисправен
9233,228988,2022,2020-01-30 22:52:52+03,2020-01-31 02:21:26+03,Неисправен
10163,228989,2023,2020-01-30 22:52:52+03,2020-01-31 02:21:26+03,Неисправен
10978,228990,2024,2020-01-30 22:52:52+03,2020-01-31 02:21:26+03,Неисправен
11727,228991,2024,2020-01-30 22:52:52+03,2020-01-31 02:21:26+03,Неисправен
376,228992,2025,2020-01-30 22:52:52+03,2020-01-31 02:21:26+03,Неисправен
1177,228993,2025,2020-01-30 22:52:52+03,2020-01-31 02:21:26+03,Неисправен
1923,228994,2026,2020-01-30 22:52:52+03,2020-01-31 02:21:26+03,Неисправен
2768,228995,2027,2020-01-30 22:52:52+03,2020-01-31 02:21:26+03,Неисправен
3497,228996,2027,2020-01-30 22:52:52+03,2020-01-31 02:21:26+03,Неисправен
4192,228997,2028,2020-01-30 22:52:52+03,2020-01-31 02:21:26+03,Неисправен
9240,229116,1966,2020-01-30 22:53:55+03,2020-01-31 07:23:54+03,Неисправен
10167,229117,1966,2020-01-30 22:53:55+03,2020-01-31 07:23:54+03,Неисправен
10982,229118,1966,2020-01-30 22:53:55+03,2020-01-31 07:23:54+03,Неисправен
11731,229119,1966,2020-01-30 22:53:55+03,2020-01-31 07:23:54+03,Неисправен
387,229120,1966,2020-01-30 22:53:55+03,2020-01-31 07:23:54+03,Неисправен
1182,229121,1966,2020-01-30 22:53:55+03,2020-01-31 07:23:54+03,Неисправен
1935,229122,1967,2020-01-30 22:53:55+03,2020-01-31 07:23:54+03,Неисправен
2774,229123,1967,2020-01-30 22:53:55+03,2020-01-31 07:23:54+03,Неисправен
3503,229124,1968,2020-01-30 22:53:55+03,2020-01-31 07:23:54+03,Неисправен
4198,229125,1968,2020-01-30 22:53:55+03,2020-01-31 07:23:54+03,Неисправен
391,229216,2019,2020-01-30 22:57:14+03,2020-01-31 07:23:57+03,Неисправен
1186,229217,2019,2020-01-30 22:57:14+03,2020-01-31 07:23:57+03,Неисправен
1939,229218,2019,2020-01-30 22:57:14+03,2020-01-31 07:23:57+03,Неисправен
2776,229219,1729,2020-01-30 22:57:14+03,2020-01-31 07:23:57+03,Неисправен
3507,229220,1729,2020-01-30 22:57:14+03,2020-01-31 07:23:57+03,Неисправен
4202,229221,1729,2020-01-30 22:57:14+03,2020-01-31 07:23:57+03,Неисправен
4920,229222,1740,2020-01-30 22:57:14+03,2020-01-31 07:23:57+03,Неисправен
5682,229223,1740,2020-01-30 22:57:14+03,2020-01-31 07:23:57+03,Неисправен
6406,229224,1751,2020-01-30 22:57:14+03,2020-01-31 07:23:57+03,Неисправен
7173,229225,1751,2020-01-30 22:57:14+03,2020-01-31 07:23:57+03,Неисправен
9180,228812,1758,2020-01-31 02:16:46+03,2020-01-31 07:23:46+03,Неисправен
10107,228813,1758,2020-01-31 02:16:46+03,2020-01-31 07:23:46+03,Неисправен
10922,228814,1759,2020-01-31 02:16:46+03,2020-01-31 07:23:46+03,Неисправен
11675,228815,1759,2020-01-31 02:16:46+03,2020-01-31 07:23:46+03,Неисправен
322,228816,1760,2020-01-31 02:16:46+03,2020-01-31 07:23:46+03,Неисправен
1120,228817,1761,2020-01-31 02:16:46+03,2020-01-31 07:23:46+03,Неисправен
1867,228818,1761,2020-01-31 02:16:46+03,2020-01-31 07:23:46+03,Неисправен
2715,228819,1763,2020-01-31 02:16:46+03,2020-01-31 07:23:47+03,Неисправен
3443,228820,1764,2020-01-31 02:16:46+03,2020-01-31 07:23:47+03,Неисправен
4136,228821,1765,2020-01-31 02:16:46+03,2020-01-31 07:23:47+03,Неисправен
4854,228822,1765,2020-01-31 02:16:46+03,2020-01-31 07:23:47+03,Неисправен
5624,228823,1766,2020-01-31 02:16:46+03,2020-01-31 07:23:47+03,Неисправен
6347,228824,1767,2020-01-31 02:16:46+03,2020-01-31 07:23:47+03,Неисправен
7118,228825,1767,2020-01-31 02:16:46+03,2020-01-31 07:23:47+03,Неисправен
7808,228826,1768,2020-01-31 02:16:46+03,2020-01-31 07:23:47+03,Неисправен
8501,228827,1768,2020-01-31 02:16:46+03,2020-01-31 07:23:47+03,Неисправен
9187,228828,1769,2020-01-31 02:16:46+03,2020-01-31 07:23:47+03,Неисправен
10114,228829,1769,2020-01-31 02:16:46+03,2020-01-31 07:23:47+03,Неисправен
10929,228830,1770,2020-01-31 02:16:46+03,2020-01-31 07:23:47+03,Неисправен
11682,228831,1771,2020-01-31 02:16:46+03,2020-01-31 07:23:47+03,Неисправен
329,228832,1771,2020-01-31 02:16:46+03,2020-01-31 07:23:47+03,Неисправен
1127,228833,1772,2020-01-31 02:16:46+03,2020-01-31 07:23:47+03,Неисправен
1874,228834,1772,2020-01-31 02:16:46+03,2020-01-31 07:23:47+03,Неисправен
2722,228835,1771,2020-01-31 02:16:46+03,2020-01-31 07:23:47+03,Неисправен
3450,228836,1771,2020-01-31 02:16:46+03,2020-01-31 07:23:47+03,Неисправен
4143,228837,1770,2020-01-31 02:16:46+03,2020-01-31 07:23:47+03,Неисправен
4861,228838,1769,2020-01-31 02:16:46+03,2020-01-31 07:23:47+03,Неисправен
5631,228839,1769,2020-01-31 02:16:46+03,2020-01-31 07:23:47+03,Неисправен
6354,228840,1768,2020-01-31 02:16:46+03,2020-01-31 07:23:47+03,Неисправен
7125,228841,1768,2020-01-31 02:16:46+03,2020-01-31 07:23:47+03,Неисправен
7815,228842,1767,2020-01-31 02:16:46+03,2020-01-31 07:23:47+03,Неисправен
8508,228843,1766,2020-01-31 02:16:46+03,2020-01-31 07:23:47+03,Неисправен
9194,228844,1766,2020-01-31 02:16:46+03,2020-01-31 07:23:47+03,Неисправен
10123,228845,1765,2020-01-31 02:16:46+03,2020-01-31 07:23:47+03,Неисправен
10936,228846,1764,2020-01-31 02:16:46+03,2020-01-31 07:23:47+03,Неисправен
11688,228847,1764,2020-01-31 02:16:48+03,2020-01-31 07:23:47+03,Неисправен
336,228848,1763,2020-01-31 02:16:48+03,2020-01-31 07:23:47+03,Неисправен
1134,228849,1761,2020-01-31 02:16:48+03,2020-01-31 07:23:47+03,Неисправен
1881,228850,1760,2020-01-31 02:16:48+03,2020-01-31 07:23:47+03,Неисправен
2729,228851,1760,2020-01-31 02:16:48+03,2020-01-31 07:23:47+03,Неисправен
3457,228852,1759,2020-01-31 02:16:48+03,2020-01-31 07:23:47+03,Неисправен
4150,228853,1758,2020-01-31 02:16:48+03,2020-01-31 07:23:47+03,Неисправен
4868,228854,1758,2020-01-31 02:16:48+03,2020-01-31 07:23:47+03,Неисправен
5638,228855,1757,2020-01-31 02:16:48+03,2020-01-31 07:23:48+03,Неисправен
6361,228856,1757,2020-01-31 02:16:48+03,2020-01-31 07:23:48+03,Неисправен
7132,228857,1756,2020-01-31 02:16:48+03,2020-01-31 07:23:48+03,Неисправен
7824,228858,1755,2020-01-31 02:16:48+03,2020-01-31 07:23:48+03,Неисправен
8516,228859,1755,2020-01-31 02:16:48+03,2020-01-31 07:23:48+03,Неисправен
9202,228860,1754,2020-01-31 02:16:48+03,2020-01-31 07:23:48+03,Неисправен
10130,228861,1753,2020-01-31 02:16:48+03,2020-01-31 07:23:48+03,Неисправен
10944,228862,1753,2020-01-31 02:16:48+03,2020-01-31 07:23:48+03,Неисправен
11695,228863,1752,2020-01-31 02:16:48+03,2020-01-31 07:23:48+03,Неисправен
344,228864,1750,2020-01-31 02:16:48+03,2020-01-31 07:23:48+03,Неисправен
1142,228865,1749,2020-01-31 02:16:48+03,2020-01-31 07:23:48+03,Неисправен
1889,228866,1749,2020-01-31 02:16:48+03,2020-01-31 07:23:48+03,Неисправен
2733,228867,1748,2020-01-31 02:16:48+03,2020-01-31 07:23:48+03,Неисправен
3462,228868,1747,2020-01-31 02:16:48+03,2020-01-31 07:23:48+03,Неисправен
4155,228869,1747,2020-01-31 02:16:48+03,2020-01-31 07:23:48+03,Неисправен
4873,228870,1746,2020-01-31 02:16:48+03,2020-01-31 07:23:48+03,Неисправен
5643,228871,1745,2020-01-31 02:16:48+03,2020-01-31 07:23:48+03,Неисправен
6366,228872,1745,2020-01-31 02:16:48+03,2020-01-31 07:23:48+03,Неисправен
7136,228873,1745,2020-01-31 02:16:48+03,2020-01-31 07:23:48+03,Неисправен
7829,228874,1727,2020-01-31 02:16:48+03,2020-01-31 07:23:48+03,Неисправен
8522,228875,1727,2020-01-31 02:16:48+03,2020-01-31 07:23:48+03,Неисправен
9207,228876,1728,2020-01-31 02:16:48+03,2020-01-31 07:23:48+03,Неисправен
10134,228877,1839,2020-01-31 02:16:48+03,2020-01-31 07:23:48+03,Неисправен
10949,228878,1839,2020-01-31 02:16:48+03,2020-01-31 07:23:48+03,Неисправен
11699,228879,1950,2020-01-31 02:16:48+03,2020-01-31 07:23:48+03,Неисправен
349,228880,1950,2020-01-31 02:16:48+03,2020-01-31 07:23:48+03,Неисправен
1147,228881,1745,2020-01-31 02:16:48+03,2020-01-31 07:23:48+03,Неисправен
1893,228882,1744,2020-01-31 02:16:48+03,2020-01-31 07:23:48+03,Неисправен
2738,228883,1744,2020-01-31 02:16:48+03,2020-01-31 07:23:48+03,Неисправен
3467,228884,1744,2020-01-31 02:16:48+03,2020-01-31 07:23:48+03,Неисправен
4160,228885,1745,2020-01-31 02:16:48+03,2020-01-31 07:23:48+03,Неисправен
4879,228886,1745,2020-01-31 02:16:48+03,2020-01-31 07:23:48+03,Неисправен
5648,228887,1746,2020-01-31 02:16:48+03,2020-01-31 07:23:49+03,Неисправен
6372,228888,1746,2020-01-31 02:16:48+03,2020-01-31 07:23:49+03,Неисправен
7143,228889,1747,2020-01-31 02:16:48+03,2020-01-31 07:23:49+03,Неисправен
7837,228890,1748,2020-01-31 02:16:48+03,2020-01-31 07:23:49+03,Неисправен
8530,228891,1748,2020-01-31 02:16:48+03,2020-01-31 07:23:49+03,Неисправен
9215,228892,1749,2020-01-31 02:16:48+03,2020-01-31 07:23:49+03,Неисправен
10141,228893,1750,2020-01-31 02:16:48+03,2020-01-31 07:23:49+03,Неисправен
10956,228894,1750,2020-01-31 02:16:48+03,2020-01-31 07:23:49+03,Неисправен
11705,228895,1752,2020-01-31 02:16:48+03,2020-01-31 07:23:49+03,Неисправен
354,228896,1753,2020-01-31 02:16:48+03,2020-01-31 07:23:49+03,Неисправен
1155,228897,1754,2020-01-31 02:16:48+03,2020-01-31 07:23:49+03,Неисправен
1901,228898,1754,2020-01-31 02:16:48+03,2020-01-31 07:23:49+03,Неисправен
2746,228899,1755,2020-01-31 02:16:48+03,2020-01-31 07:23:49+03,Неисправен
3475,228900,1756,2020-01-31 02:16:48+03,2020-01-31 07:23:49+03,Неисправен
4170,228901,1756,2020-01-31 02:16:48+03,2020-01-31 07:23:49+03,Неисправен
4887,228902,1757,2020-01-31 02:16:48+03,2020-01-31 07:23:49+03,Неисправен
5656,228903,1758,2020-01-31 02:16:48+03,2020-01-31 07:23:49+03,Неисправен
6379,228904,1758,2020-01-31 02:16:48+03,2020-01-31 07:23:49+03,Неисправен
7147,228905,1758,2020-01-31 02:16:48+03,2020-01-31 07:23:49+03,Неисправен
7841,228906,1758,2020-01-31 02:16:48+03,2020-01-31 07:23:49+03,Неисправен
10144,228909,2028,2020-01-31 02:21:50+03,2020-01-31 07:23:49+03,Неисправен
10959,228910,2028,2020-01-31 02:21:50+03,2020-01-31 07:23:49+03,Неисправен
11708,228911,2029,2020-01-31 02:21:50+03,2020-01-31 07:23:49+03,Неисправен
357,228912,2029,2020-01-31 02:21:50+03,2020-01-31 07:23:49+03,Неисправен
1158,228913,1730,2020-01-31 02:21:50+03,2020-01-31 07:23:49+03,Неисправен
1904,228914,1730,2020-01-31 02:21:50+03,2020-01-31 07:23:49+03,Неисправен
2749,228915,1731,2020-01-31 02:21:50+03,2020-01-31 07:23:49+03,Неисправен
3478,228916,1732,2020-01-31 02:21:50+03,2020-01-31 07:23:49+03,Неисправен
4173,228917,1733,2020-01-31 02:21:50+03,2020-01-31 07:23:49+03,Неисправен
4890,228918,1733,2020-01-31 02:21:50+03,2020-01-31 07:23:49+03,Неисправен
5659,228919,1734,2020-01-31 02:21:50+03,2020-01-31 07:23:49+03,Неисправен
6382,228920,1735,2020-01-31 02:21:50+03,2020-01-31 07:23:49+03,Неисправен
7150,228921,1735,2020-01-31 02:21:50+03,2020-01-31 07:23:49+03,Неисправен
7844,228922,1736,2020-01-31 02:21:50+03,2020-01-31 07:23:49+03,Неисправен
8533,228923,1737,2020-01-31 02:21:50+03,2020-01-31 07:23:49+03,Неисправен
9218,228924,1737,2020-01-31 02:21:50+03,2020-01-31 07:23:49+03,Неисправен
10148,228925,1738,2020-01-31 02:21:50+03,2020-01-31 07:23:49+03,Неисправен
10963,228926,1739,2020-01-31 02:21:50+03,2020-01-31 07:23:49+03,Неисправен
11712,228927,1741,2020-01-31 02:21:50+03,2020-01-31 07:23:49+03,Неисправен
361,228928,1741,2020-01-31 02:21:50+03,2020-01-31 07:23:49+03,Неисправен
1162,228929,1741,2020-01-31 02:21:50+03,2020-01-31 07:23:49+03,Неисправен
1908,228930,1741,2020-01-31 02:21:50+03,2020-01-31 07:23:49+03,Неисправен
2753,228931,1742,2020-01-31 02:21:50+03,2020-01-31 07:23:49+03,Неисправен
3482,228932,1743,2020-01-31 02:21:50+03,2020-01-31 07:23:49+03,Неисправен
4177,228933,1743,2020-01-31 02:21:50+03,2020-01-31 07:23:50+03,Неисправен
4894,228934,1743,2020-01-31 02:21:50+03,2020-01-31 07:23:50+03,Неисправен
5663,228935,1742,2020-01-31 02:21:50+03,2020-01-31 07:23:50+03,Неисправен
6386,228936,1742,2020-01-31 02:21:50+03,2020-01-31 07:23:50+03,Неисправен
7154,228937,1741,2020-01-31 02:21:50+03,2020-01-31 07:23:50+03,Неисправен
7848,228938,1739,2020-01-31 02:21:50+03,2020-01-31 07:23:50+03,Неисправен
8537,228939,1739,2020-01-31 02:21:50+03,2020-01-31 07:23:50+03,Неисправен
9222,228940,1738,2020-01-31 02:21:50+03,2020-01-31 07:23:50+03,Неисправен
10152,228941,1738,2020-01-31 02:21:50+03,2020-01-31 07:23:50+03,Неисправен
10967,228942,1737,2020-01-31 02:21:50+03,2020-01-31 07:23:50+03,Неисправен
11716,228943,1736,2020-01-31 02:21:50+03,2020-01-31 07:23:50+03,Неисправен
365,228944,1736,2020-01-31 02:21:50+03,2020-01-31 07:23:50+03,Неисправен
1166,228945,1735,2020-01-31 02:21:50+03,2020-01-31 07:23:50+03,Неисправен
1912,228946,1734,2020-01-31 02:21:50+03,2020-01-31 07:23:50+03,Неисправен
2757,228947,1734,2020-01-31 02:21:50+03,2020-01-31 07:23:50+03,Неисправен
3486,228948,1733,2020-01-31 02:21:50+03,2020-01-31 07:23:50+03,Неисправен
4181,228949,1732,2020-01-31 02:21:50+03,2020-01-31 07:23:50+03,Неисправен
4898,228950,1731,2020-01-31 02:21:50+03,2020-01-31 07:23:50+03,Неисправен
5667,228951,1731,2020-01-31 02:21:50+03,2020-01-31 07:23:50+03,Неисправен
6390,228952,1730,2020-01-31 02:21:50+03,2020-01-31 07:23:50+03,Неисправен
7158,228953,2029,2020-01-31 02:21:50+03,2020-01-31 07:23:50+03,Неисправен
7852,228954,1730,2020-01-31 02:21:50+03,2020-01-31 07:23:50+03,Неисправен
8541,228955,1727,2020-01-31 02:21:50+03,2020-01-31 07:23:50+03,Неисправен
9226,228956,1727,2020-01-31 02:21:50+03,2020-01-31 07:23:50+03,Неисправен
10156,228957,1728,2020-01-31 02:21:50+03,2020-01-31 07:23:50+03,Неисправен
10971,228958,1839,2020-01-31 02:21:50+03,2020-01-31 07:23:50+03,Неисправен
11720,228959,1839,2020-01-31 02:21:50+03,2020-01-31 07:23:50+03,Неисправен
369,228960,1950,2020-01-31 02:21:50+03,2020-01-31 07:23:50+03,Неисправен
1170,228961,1950,2020-01-31 02:21:50+03,2020-01-31 07:23:50+03,Неисправен
1916,228962,2029,2020-01-31 02:21:50+03,2020-01-31 07:23:50+03,Неисправен
2761,228963,2029,2020-01-31 02:21:50+03,2020-01-31 07:23:50+03,Неисправен
3490,228964,2028,2020-01-31 02:21:50+03,2020-01-31 07:23:50+03,Неисправен
4185,228965,2028,2020-01-31 02:21:50+03,2020-01-31 07:23:50+03,Неисправен
4902,228966,2027,2020-01-31 02:21:50+03,2020-01-31 07:23:50+03,Неисправен
5671,228967,2027,2020-01-31 02:21:50+03,2020-01-31 07:23:50+03,Неисправен
6394,228968,2026,2020-01-31 02:21:50+03,2020-01-31 07:23:50+03,Неисправен
7162,228969,2026,2020-01-31 02:21:50+03,2020-01-31 07:23:50+03,Неисправен
7856,228970,2025,2020-01-31 02:21:50+03,2020-01-31 07:23:50+03,Неисправен
8545,228971,2025,2020-01-31 02:21:50+03,2020-01-31 07:23:50+03,Неисправен
9230,228972,2024,2020-01-31 02:21:50+03,2020-01-31 07:23:50+03,Неисправен
10160,228973,2023,2020-01-31 02:21:50+03,2020-01-31 07:23:50+03,Неисправен
10975,228974,2023,2020-01-31 02:21:50+03,2020-01-31 07:23:50+03,Неисправен
11724,228975,2022,2020-01-31 02:21:50+03,2020-01-31 07:23:50+03,Неисправен
373,228976,2021,2020-01-31 02:21:50+03,2020-01-31 07:23:50+03,Неисправен
1174,228977,2021,2020-01-31 02:21:50+03,2020-01-31 07:23:50+03,Неисправен
1920,228978,2020,2020-01-31 02:21:50+03,2020-01-31 07:23:50+03,Неисправен
2765,228979,2018,2020-01-31 02:21:50+03,2020-01-31 07:23:50+03,Неисправен
3494,228980,2017,2020-01-31 02:21:50+03,2020-01-31 07:23:50+03,Неисправен
4189,228981,2017,2020-01-31 02:21:50+03,2020-01-31 07:23:50+03,Неисправен
4906,228982,2017,2020-01-31 02:21:50+03,2020-01-31 07:23:50+03,Неисправен
5675,228983,2018,2020-01-31 02:21:50+03,2020-01-31 07:23:50+03,Неисправен
6398,228984,2018,2020-01-31 02:21:50+03,2020-01-31 07:23:50+03,Неисправен
7166,228985,2020,2020-01-31 02:21:50+03,2020-01-31 07:23:50+03,Неисправен
7860,228986,2021,2020-01-31 02:21:50+03,2020-01-31 07:23:50+03,Неисправен
8549,228987,2022,2020-01-31 02:21:50+03,2020-01-31 07:23:50+03,Неисправен
9234,228988,2022,2020-01-31 02:21:50+03,2020-01-31 07:23:50+03,Неисправен
10164,228989,2023,2020-01-31 02:21:50+03,2020-01-31 07:23:51+03,Неисправен
10979,228990,2024,2020-01-31 02:21:50+03,2020-01-31 07:23:51+03,Неисправен
11728,228991,2024,2020-01-31 02:21:50+03,2020-01-31 07:23:51+03,Неисправен
377,228992,2025,2020-01-31 02:21:50+03,2020-01-31 07:23:51+03,Неисправен
1178,228993,2025,2020-01-31 02:21:50+03,2020-01-31 07:23:51+03,Неисправен
1924,228994,2026,2020-01-31 02:21:50+03,2020-01-31 07:23:51+03,Неисправен
2769,228995,2027,2020-01-31 02:21:50+03,2020-01-31 07:23:51+03,Неисправен
3498,228996,2027,2020-01-31 02:21:50+03,2020-01-31 07:23:51+03,Неисправен
4193,228997,2028,2020-01-31 02:21:50+03,2020-01-31 07:23:51+03,Неисправен
591,229584,1831,2020-01-31 07:37:55+03,2020-01-31 09:17:54+03,Неисправен
3698,229588,1831,2020-01-31 07:37:55+03,2020-01-31 09:17:54+03,Неисправен
6557,229592,1829,2020-01-31 07:37:56+03,2020-01-31 09:17:54+03,Неисправен
592,229584,1831,2020-01-31 09:21:35+03,2020-01-31 15:37:15+03,Неисправен
3699,229588,1831,2020-01-31 09:21:35+03,2020-01-31 10:27:52+03,Неисправен
6558,229592,1829,2020-01-31 09:21:35+03,2020-01-31 15:37:15+03,Неисправен
604,229712,1828,2020-01-31 09:21:42+03,2020-01-31 10:29:17+03,Неисправен
3700,229588,1831,2020-01-31 10:27:52+03,2020-01-31 11:30:04+03,Неисправен
10145,228909,2028,2020-01-31 12:36:01+03,2020-01-31 14:18:22+03,Неисправен
10960,228910,2028,2020-01-31 12:36:01+03,2020-01-31 14:18:22+03,Неисправен
11709,228911,2029,2020-01-31 12:36:01+03,2020-01-31 13:53:56+03,Неисправен
358,228912,2029,2020-01-31 12:36:01+03,2020-01-31 13:53:56+03,Неисправен
1159,228913,1730,2020-01-31 12:36:01+03,2020-01-31 14:18:22+03,Неисправен
1905,228914,1730,2020-01-31 12:36:01+03,2020-01-31 14:18:22+03,Неисправен
2750,228915,1731,2020-01-31 12:36:01+03,2020-01-31 14:18:22+03,Неисправен
3479,228916,1732,2020-01-31 12:36:01+03,2020-01-31 14:18:22+03,Неисправен
4174,228917,1733,2020-01-31 12:36:01+03,2020-01-31 14:18:22+03,Неисправен
4891,228918,1733,2020-01-31 12:36:01+03,2020-01-31 14:18:22+03,Неисправен
5660,228919,1734,2020-01-31 12:36:01+03,2020-01-31 14:18:22+03,Неисправен
6383,228920,1735,2020-01-31 12:36:01+03,2020-01-31 14:18:22+03,Неисправен
7151,228921,1735,2020-01-31 12:36:01+03,2020-01-31 14:18:22+03,Неисправен
7845,228922,1736,2020-01-31 12:36:01+03,2020-01-31 14:18:22+03,Неисправен
8534,228923,1737,2020-01-31 12:36:01+03,2020-01-31 14:18:22+03,Неисправен
9219,228924,1737,2020-01-31 12:36:01+03,2020-01-31 14:18:22+03,Неисправен
10149,228925,1738,2020-01-31 12:36:01+03,2020-01-31 14:18:22+03,Неисправен
10964,228926,1739,2020-01-31 12:36:01+03,2020-01-31 14:18:22+03,Неисправен
11713,228927,1741,2020-01-31 12:36:01+03,2020-01-31 14:18:22+03,Неисправен
362,228928,1741,2020-01-31 12:36:01+03,2020-01-31 14:18:22+03,Неисправен
1163,228929,1741,2020-01-31 12:36:01+03,2020-01-31 14:18:22+03,Неисправен
1909,228930,1741,2020-01-31 12:36:01+03,2020-01-31 14:18:22+03,Неисправен
2754,228931,1742,2020-01-31 12:36:01+03,2020-01-31 14:18:22+03,Неисправен
3483,228932,1743,2020-01-31 12:36:01+03,2020-01-31 14:18:22+03,Неисправен
4178,228933,1743,2020-01-31 12:36:01+03,2020-01-31 14:18:22+03,Неисправен
4895,228934,1743,2020-01-31 12:36:01+03,2020-01-31 14:18:22+03,Неисправен
5664,228935,1742,2020-01-31 12:36:01+03,2020-01-31 14:18:22+03,Неисправен
6387,228936,1742,2020-01-31 12:36:01+03,2020-01-31 14:18:22+03,Неисправен
7155,228937,1741,2020-01-31 12:36:01+03,2020-01-31 14:18:22+03,Неисправен
7849,228938,1739,2020-01-31 12:36:01+03,2020-01-31 14:18:22+03,Неисправен
8538,228939,1739,2020-01-31 12:36:02+03,2020-01-31 14:18:22+03,Неисправен
9223,228940,1738,2020-01-31 12:36:02+03,2020-01-31 14:18:22+03,Неисправен
10153,228941,1738,2020-01-31 12:36:02+03,2020-01-31 14:18:22+03,Неисправен
10968,228942,1737,2020-01-31 12:36:02+03,2020-01-31 14:18:22+03,Неисправен
11717,228943,1736,2020-01-31 12:36:02+03,2020-01-31 14:18:22+03,Неисправен
366,228944,1736,2020-01-31 12:36:02+03,2020-01-31 14:18:22+03,Неисправен
1167,228945,1735,2020-01-31 12:36:02+03,2020-01-31 14:18:22+03,Неисправен
1913,228946,1734,2020-01-31 12:36:02+03,2020-01-31 14:18:22+03,Неисправен
2758,228947,1734,2020-01-31 12:36:02+03,2020-01-31 14:18:22+03,Неисправен
3487,228948,1733,2020-01-31 12:36:02+03,2020-01-31 14:18:22+03,Неисправен
4182,228949,1732,2020-01-31 12:36:02+03,2020-01-31 14:18:22+03,Неисправен
4899,228950,1731,2020-01-31 12:36:02+03,2020-01-31 14:18:22+03,Неисправен
5668,228951,1731,2020-01-31 12:36:02+03,2020-01-31 14:18:22+03,Неисправен
6391,228952,1730,2020-01-31 12:36:02+03,2020-01-31 14:18:22+03,Неисправен
7159,228953,2029,2020-01-31 12:36:02+03,2020-01-31 14:18:22+03,Неисправен
7853,228954,1730,2020-01-31 12:36:02+03,2020-01-31 14:18:22+03,Неисправен
8542,228955,1727,2020-01-31 12:36:02+03,2020-01-31 14:18:22+03,Неисправен
9227,228956,1727,2020-01-31 12:36:02+03,2020-01-31 14:18:22+03,Неисправен
10157,228957,1728,2020-01-31 12:36:02+03,2020-01-31 14:18:22+03,Неисправен
10972,228958,1839,2020-01-31 12:36:02+03,2020-01-31 14:18:22+03,Неисправен
11721,228959,1839,2020-01-31 12:36:02+03,2020-01-31 14:18:22+03,Неисправен
370,228960,1950,2020-01-31 12:36:02+03,2020-01-31 13:50:58+03,Неисправен
1171,228961,1950,2020-01-31 12:36:02+03,2020-01-31 14:18:22+03,Неисправен
1917,228962,2029,2020-01-31 12:36:02+03,2020-01-31 14:18:22+03,Неисправен
2762,228963,2029,2020-01-31 12:36:02+03,2020-01-31 14:18:22+03,Неисправен
3491,228964,2028,2020-01-31 12:36:02+03,2020-01-31 14:18:22+03,Неисправен
4186,228965,2028,2020-01-31 12:36:02+03,2020-01-31 14:18:22+03,Неисправен
4903,228966,2027,2020-01-31 12:36:02+03,2020-01-31 14:18:22+03,Неисправен
5672,228967,2027,2020-01-31 12:36:02+03,2020-01-31 14:18:22+03,Неисправен
6395,228968,2026,2020-01-31 12:36:02+03,2020-01-31 14:18:22+03,Неисправен
7163,228969,2026,2020-01-31 12:36:02+03,2020-01-31 14:18:22+03,Неисправен
7857,228970,2025,2020-01-31 12:36:02+03,2020-01-31 14:18:23+03,Неисправен
8546,228971,2025,2020-01-31 12:36:02+03,2020-01-31 14:18:23+03,Неисправен
9231,228972,2024,2020-01-31 12:36:02+03,2020-01-31 14:18:23+03,Неисправен
10161,228973,2023,2020-01-31 12:36:02+03,2020-01-31 14:18:23+03,Неисправен
10976,228974,2023,2020-01-31 12:36:02+03,2020-01-31 14:18:23+03,Неисправен
11725,228975,2022,2020-01-31 12:36:02+03,2020-01-31 14:18:23+03,Неисправен
374,228976,2021,2020-01-31 12:36:02+03,2020-01-31 14:18:23+03,Неисправен
1175,228977,2021,2020-01-31 12:36:02+03,2020-01-31 14:18:23+03,Неисправен
1921,228978,2020,2020-01-31 12:36:02+03,2020-01-31 14:18:23+03,Неисправен
2766,228979,2018,2020-01-31 12:36:02+03,2020-01-31 14:18:23+03,Неисправен
3495,228980,2017,2020-01-31 12:36:02+03,2020-01-31 14:18:23+03,Неисправен
4190,228981,2017,2020-01-31 12:36:02+03,2020-01-31 14:18:23+03,Неисправен
4907,228982,2017,2020-01-31 12:36:02+03,2020-01-31 14:18:23+03,Неисправен
5676,228983,2018,2020-01-31 12:36:02+03,2020-01-31 14:18:23+03,Неисправен
6399,228984,2018,2020-01-31 12:36:02+03,2020-01-31 14:18:23+03,Неисправен
7167,228985,2020,2020-01-31 12:36:02+03,2020-01-31 14:18:23+03,Неисправен
7861,228986,2021,2020-01-31 12:36:02+03,2020-01-31 14:18:23+03,Неисправен
8550,228987,2022,2020-01-31 12:36:02+03,2020-01-31 14:18:23+03,Неисправен
9235,228988,2022,2020-01-31 12:36:02+03,2020-01-31 14:18:23+03,Неисправен
10165,228989,2023,2020-01-31 12:36:02+03,2020-01-31 14:18:23+03,Неисправен
10980,228990,2024,2020-01-31 12:36:02+03,2020-01-31 14:18:23+03,Неисправен
11729,228991,2024,2020-01-31 12:36:02+03,2020-01-31 14:18:23+03,Неисправен
378,228992,2025,2020-01-31 12:36:02+03,2020-01-31 14:18:23+03,Неисправен
1179,228993,2025,2020-01-31 12:36:02+03,2020-01-31 14:18:23+03,Неисправен
1925,228994,2026,2020-01-31 12:36:02+03,2020-01-31 14:18:23+03,Неисправен
2770,228995,2027,2020-01-31 12:36:02+03,2020-01-31 14:18:23+03,Неисправен
3499,228996,2027,2020-01-31 12:36:02+03,2020-01-31 14:18:23+03,Неисправен
4194,228997,2028,2020-01-31 12:36:02+03,2020-01-31 14:18:23+03,Неисправен
6559,229592,1829,2020-01-31 15:39:20+03,2020-01-31 17:20:38+03,Неисправен
6578,229624,1811,2020-01-31 15:39:26+03,2020-01-31 17:20:39+03,Неисправен
593,229584,1831,2020-01-31 17:24:25+03,2020-01-31 19:33:32+03,Неисправен
6560,229592,1829,2020-01-31 17:24:25+03,2020-01-31 19:33:32+03,Неисправен
10400,229709,1828,2020-01-31 17:24:32+03,2020-01-31 18:58:32+03,Неисправен
605,229712,1828,2020-01-31 17:24:32+03,2020-01-31 18:55:12+03,Неисправен
9438,230748,1727,2020-02-02 10:23:07+03,2020-02-02 11:28:00+03,Много неисправных устройств
10426,230749,,2020-02-02 10:23:07+03,2020-02-02 11:28:00+03,Много неисправных устройств
6607,231352,,2020-02-02 10:23:10+03,2020-02-02 11:28:00+03,Много неисправных устройств
9439,230748,1727,2020-02-03 16:25:43+03,2020-02-03 19:39:03+03,Много неисправных устройств
10427,230749,,2020-02-03 16:25:43+03,2020-02-05 06:59:12+03,Много неисправных устройств
6608,231352,,2020-02-03 16:25:47+03,2020-02-03 20:03:22+03,Много неисправных устройств
8725,230443,2015,2020-02-04 09:16:48+03,2020-02-04 10:56:58+03,Неисправен
3311,212548,,2020-02-05 12:27:33+03,2020-02-05 15:12:51+03,Неисправен
1019,212689,,2020-02-05 13:34:58+03,2020-02-05 15:13:05+03,Неисправен
9236,229052,2016,2020-02-05 14:38:59+03,2020-02-05 15:52:36+03,Неисправен
379,228992,2025,2020-02-05 16:19:42+03,2020-02-05 17:40:50+03,Неисправен
1926,228994,2026,2020-02-05 16:19:42+03,2020-02-05 17:41:34+03,Неисправен
4908,228998,2028,2020-02-05 16:19:42+03,2020-02-05 17:43:28+03,Неисправен
9237,229052,2016,2020-02-05 16:19:47+03,2020-02-05 17:38:24+03,Неисправен
5159,230710,,2020-02-05 18:19:18+03,,Неисправен
594,229584,1831,2020-02-06 12:46:47+03,2020-02-06 14:46:54+03,Неисправен
6561,229592,1829,2020-02-06 12:46:48+03,2020-02-06 14:46:54+03,Неисправен
6579,229624,1811,2020-02-06 12:46:49+03,2020-02-06 14:46:58+03,Неисправен
10384,229629,1788,2020-02-06 12:46:49+03,2020-02-06 14:46:58+03,Неисправен
2140,229634,1772,2020-02-06 12:46:49+03,2020-02-06 14:46:58+03,Неисправен
4422,230693,,2020-02-06 15:24:28+03,2020-02-06 16:40:28+03,Неисправен
5158,230694,,2020-02-06 15:24:28+03,2020-02-06 16:28:48+03,Неисправен
7356,230697,,2020-02-06 15:24:28+03,2020-02-06 16:25:46+03,Неисправен
595,229584,1831,2020-02-06 15:26:16+03,2020-02-06 16:29:44+03,Неисправен
6562,229592,1829,2020-02-06 15:26:18+03,2020-02-06 16:29:44+03,Неисправен
2141,229634,1772,2020-02-06 15:27:01+03,2020-02-06 16:29:36+03,Неисправен
5164,231782,2063,2020-02-06 16:11:06+03,2020-02-06 19:42:33+03,Неисправен
5854,231847,2073,2020-02-06 16:11:20+03,2020-02-06 19:42:34+03,Неисправен
6654,231864,2035,2020-02-06 16:11:21+03,2020-02-06 19:42:35+03,Неисправен
11244,231870,2033,2020-02-06 16:11:22+03,2020-02-06 19:42:35+03,Неисправен
11963,231871,2034,2020-02-06 16:11:22+03,2020-02-06 19:42:35+03,Неисправен
6655,231880,2036,2020-02-06 16:11:22+03,2020-02-06 19:42:35+03,Неисправен
11250,231886,2037,2020-02-06 16:11:23+03,2020-02-06 19:42:35+03,Неисправен
5169,231894,2038,2020-02-06 16:11:23+03,2020-02-06 19:42:35+03,Неисправен
3726,231908,2039,2020-02-06 16:11:24+03,2020-02-06 19:42:35+03,Неисправен
633,231920,2040,2020-02-06 16:11:25+03,2020-02-06 19:42:36+03,Неисправен
5174,231926,2040,2020-02-06 16:11:25+03,2020-02-06 19:42:36+03,Неисправен
8753,231931,2041,2020-02-06 16:11:25+03,2020-02-06 19:42:36+03,Неисправен
2195,231938,2040,2020-02-06 16:11:26+03,2020-02-06 19:42:36+03,Неисправен
3036,231939,2040,2020-02-06 16:11:26+03,2020-02-06 19:42:36+03,Неисправен
9491,231948,2042,2020-02-06 16:11:26+03,2020-02-06 19:42:36+03,Неисправен
6660,231960,2045,2020-02-06 16:11:27+03,2020-02-06 19:42:37+03,Неисправен
7362,231961,2045,2020-02-06 16:11:27+03,2020-02-06 19:42:37+03,Неисправен
5861,231991,2048,2020-02-06 16:11:29+03,2020-02-06 19:42:37+03,Неисправен
7367,232105,,2020-02-06 19:42:39+03,2020-02-13 09:07:14+03,Много неисправных устройств
8069,232106,,2020-02-06 19:42:39+03,2020-02-13 09:07:14+03,Много неисправных устройств
8420,228619,1816,2020-02-07 09:40:44+03,2020-02-07 11:31:07+03,Неисправен
7043,228617,1815,2020-02-07 09:41:04+03,2020-02-07 11:31:07+03,Неисправен
6271,228616,1814,2020-02-07 09:41:20+03,2020-02-07 11:07:39+03,Неисправен
5165,231782,2063,2020-02-07 09:56:16+03,2020-02-07 12:28:26+03,Неисправен
5855,231847,2073,2020-02-07 09:56:32+03,2020-02-07 12:28:58+03,Неисправен
11245,231870,2033,2020-02-07 09:56:34+03,2020-02-07 12:29:00+03,Неисправен
11964,231871,2034,2020-02-07 09:56:34+03,2020-02-07 12:29:00+03,Неисправен
6656,231880,2036,2020-02-07 09:56:35+03,2020-02-07 12:29:01+03,Неисправен
11251,231886,2037,2020-02-07 09:56:36+03,2020-02-07 12:29:02+03,Неисправен
5170,231894,2038,2020-02-07 09:56:37+03,2020-02-07 12:29:04+03,Неисправен
3727,231908,2039,2020-02-07 09:56:39+03,2020-02-07 12:29:06+03,Неисправен
5175,231926,2040,2020-02-07 09:56:41+03,2020-02-07 12:29:08+03,Неисправен
2196,231938,2040,2020-02-07 09:56:42+03,2020-02-07 12:29:09+03,Неисправен
3037,231939,2040,2020-02-07 09:56:42+03,2020-02-07 12:29:09+03,Неисправен
9492,231948,2042,2020-02-07 09:56:43+03,2020-02-07 12:29:10+03,Неисправен
6661,231960,2045,2020-02-07 09:56:45+03,2020-02-07 12:29:12+03,Неисправен
7363,231961,2045,2020-02-07 09:56:45+03,2020-02-07 12:29:12+03,Неисправен
5862,231991,2048,2020-02-07 09:56:49+03,2020-02-07 12:29:18+03,Неисправен
6272,228616,1814,2020-02-07 11:31:07+03,2020-02-07 13:03:52+03,Неисправен
7044,228617,1815,2020-02-07 11:31:07+03,2020-02-07 13:03:52+03,Неисправен
8421,228619,1816,2020-02-07 11:31:07+03,2020-02-07 13:03:52+03,Неисправен
5166,231782,2063,2020-02-07 13:24:04+03,2020-02-07 16:06:20+03,Неисправен
5856,231847,2073,2020-02-07 13:24:18+03,2020-02-07 17:23:01+03,Неисправен
11246,231870,2033,2020-02-07 13:24:20+03,2020-02-07 17:23:03+03,Неисправен
11965,231871,2034,2020-02-07 13:24:20+03,2020-02-07 17:23:03+03,Неисправен
6657,231880,2036,2020-02-07 13:24:20+03,2020-02-07 17:23:04+03,Неисправен
11252,231886,2037,2020-02-07 13:24:21+03,2020-02-07 17:23:05+03,Неисправен
5171,231894,2038,2020-02-07 13:24:21+03,2020-02-07 17:23:06+03,Неисправен
3728,231908,2039,2020-02-07 13:24:22+03,2020-02-07 17:23:08+03,Неисправен
5176,231926,2040,2020-02-07 13:24:23+03,2020-02-07 15:34:36+03,Неисправен
2197,231938,2040,2020-02-07 13:24:24+03,2020-02-07 17:23:11+03,Неисправен
3038,231939,2040,2020-02-07 13:24:24+03,2020-02-07 17:23:11+03,Неисправен
9493,231948,2042,2020-02-07 13:24:25+03,2020-02-07 17:23:12+03,Неисправен
6662,231960,2045,2020-02-07 13:24:26+03,2020-02-07 17:23:14+03,Неисправен
7364,231961,2045,2020-02-07 13:24:26+03,2020-02-07 17:23:14+03,Неисправен
5863,231991,2048,2020-02-07 13:24:28+03,2020-02-07 17:23:18+03,Неисправен
5177,231926,2040,2020-02-07 15:34:36+03,2020-02-07 17:23:10+03,Неисправен
5857,231847,2073,2020-02-07 18:46:42+03,2020-02-10 10:25:38+03,Неисправен
11247,231870,2033,2020-02-07 18:46:44+03,2020-02-10 10:25:39+03,Неисправен
11966,231871,2034,2020-02-07 18:46:44+03,2020-02-10 10:25:39+03,Неисправен
6658,231880,2036,2020-02-07 18:46:45+03,2020-02-10 10:25:40+03,Неисправен
11253,231886,2037,2020-02-07 18:46:46+03,2020-02-10 10:25:41+03,Неисправен
5172,231894,2038,2020-02-07 18:46:47+03,2020-02-10 10:25:41+03,Неисправен
3729,231908,2039,2020-02-07 18:46:49+03,2020-02-10 10:25:42+03,Неисправен
5178,231926,2040,2020-02-07 18:46:51+03,2020-02-10 10:25:43+03,Неисправен
2198,231938,2040,2020-02-07 18:46:52+03,2020-02-10 10:25:44+03,Неисправен
3039,231939,2040,2020-02-07 18:46:52+03,2020-02-10 10:25:44+03,Неисправен
9494,231948,2042,2020-02-07 18:46:53+03,2020-02-10 10:25:44+03,Неисправен
6663,231960,2045,2020-02-07 18:46:55+03,2020-02-10 10:25:46+03,Неисправен
7365,231961,2045,2020-02-07 18:46:55+03,2020-02-10 10:25:46+03,Неисправен
5864,231991,2048,2020-02-07 18:46:58+03,2020-02-10 10:25:48+03,Неисправен
5858,231847,2073,2020-02-10 11:20:13+03,2020-02-12 12:12:58+03,Неисправен
11248,231870,2033,2020-02-10 11:20:14+03,2020-02-13 09:07:46+03,Неисправен
11967,231871,2034,2020-02-10 11:20:14+03,2020-02-12 11:54:41+03,Неисправен
6659,231880,2036,2020-02-10 11:20:15+03,2020-02-12 11:47:38+03,Неисправен
11254,231886,2037,2020-02-10 11:20:15+03,2020-02-12 11:48:32+03,Неисправен
5173,231894,2038,2020-02-10 11:20:16+03,2020-02-12 11:43:29+03,Неисправен
3730,231908,2039,2020-02-10 11:20:17+03,2020-02-12 11:36:43+03,Неисправен
5179,231926,2040,2020-02-10 11:20:18+03,2020-02-12 10:33:39+03,Неисправен
2199,231938,2040,2020-02-10 11:20:19+03,2020-02-13 09:07:54+03,Неисправен
3040,231939,2040,2020-02-10 11:20:19+03,2020-02-13 09:07:54+03,Неисправен
9495,231948,2042,2020-02-10 11:20:19+03,2020-02-13 09:07:55+03,Неисправен
6664,231960,2045,2020-02-10 11:20:20+03,2020-02-12 10:45:07+03,Неисправен
7366,231961,2045,2020-02-10 11:20:20+03,2020-02-12 10:49:27+03,Неисправен
5865,231991,2048,2020-02-10 11:20:23+03,2020-02-13 09:08:01+03,Неисправен
169,178336,,2020-02-11 18:33:36+03,2020-02-11 20:58:43+03,Неисправен
6652,231688,,2020-02-13 08:36:56+03,2020-02-13 11:24:22+03,Неисправен
629,231696,,2020-02-13 08:36:56+03,2020-02-13 12:00:20+03,Неисправен
10478,231709,,2020-02-13 08:36:56+03,2020-02-13 12:00:20+03,Неисправен
3027,231715,,2020-02-13 08:36:56+03,2020-02-13 12:00:20+03,Неисправен
8063,231722,,2020-02-13 08:36:56+03,2020-02-13 12:00:20+03,Неисправен
2187,231730,,2020-02-13 08:36:56+03,2020-02-13 12:00:16+03,Неисправен
10480,231741,,2020-02-13 08:36:56+03,2020-02-13 12:00:16+03,Неисправен
2189,231746,,2020-02-13 08:36:56+03,2020-02-13 12:00:16+03,Неисправен
7358,231753,,2020-02-13 08:36:56+03,2020-02-13 12:00:16+03,Неисправен
2191,231762,,2020-02-13 08:36:56+03,2020-02-13 12:00:16+03,Неисправен
8065,231770,,2020-02-13 08:36:56+03,2020-02-13 12:00:16+03,Неисправен
631,231776,,2020-02-13 08:36:56+03,2020-02-13 12:00:16+03,Неисправен
8751,231787,,2020-02-13 08:36:57+03,2020-02-13 12:00:17+03,Неисправен
2193,231794,,2020-02-13 08:36:57+03,2020-02-13 12:00:17+03,Неисправен
7360,231801,,2020-02-13 08:36:57+03,2020-02-13 12:00:17+03,Неисправен
1398,231825,,2020-02-13 08:36:57+03,2020-02-13 12:00:17+03,Неисправен
5852,231831,,2020-02-13 08:36:57+03,2020-02-13 12:00:17+03,Неисправен
9487,231852,,2020-02-13 08:36:57+03,2020-02-13 12:00:18+03,Неисправен
1400,231873,,2020-02-13 08:36:57+03,2020-02-13 12:00:18+03,Неисправен
5167,231878,,2020-02-13 08:36:57+03,2020-02-13 12:00:18+03,Неисправен
10484,231885,,2020-02-13 08:36:57+03,2020-02-13 12:00:18+03,Неисправен
4424,231893,,2020-02-13 08:36:57+03,2020-02-13 12:00:18+03,Неисправен
10486,231901,,2020-02-13 08:36:57+03,2020-02-13 12:00:18+03,Неисправен
3034,231907,,2020-02-13 08:36:57+03,2020-02-13 12:00:19+03,Неисправен
11968,231919,,2020-02-13 08:36:57+03,2020-02-13 12:00:19+03,Неисправен
9489,231932,,2020-02-13 08:36:57+03,2020-02-13 12:00:19+03,Неисправен
1402,231937,,2020-02-13 08:36:57+03,2020-02-13 12:00:19+03,Неисправен
8067,231946,,2020-02-13 08:36:58+03,2020-02-13 12:00:19+03,Неисправен
1404,231953,,2020-02-13 08:36:58+03,2020-02-13 12:00:19+03,Неисправен
5859,231959,,2020-02-13 08:36:58+03,2020-02-13 12:00:19+03,Неисправен
11255,231966,,2020-02-13 08:36:58+03,2020-02-13 12:00:19+03,Неисправен
1406,231985,,2020-02-13 08:36:58+03,2020-02-13 12:00:19+03,Неисправен
5180,231990,,2020-02-13 08:36:58+03,2020-02-13 12:00:19+03,Неисправен
10488,231997,,2020-02-13 08:36:58+03,2020-02-13 12:00:19+03,Неисправен
5867,232007,,2020-02-13 08:36:58+03,2020-02-13 12:00:19+03,Неисправен
3029,231811,,2020-02-13 08:40:32+03,2020-02-13 12:00:17+03,Неисправен
3724,231844,,2020-02-13 09:07:43+03,2020-02-13 12:00:18+03,Неисправен
11249,231870,2033,2020-02-13 09:07:46+03,2020-02-13 10:23:45+03,Неисправен
2200,231938,2040,2020-02-13 09:07:54+03,2020-02-13 11:40:27+03,Неисправен
9496,231948,2042,2020-02-13 09:07:55+03,2020-02-13 11:44:23+03,Неисправен
5866,231991,2048,2020-02-13 09:08:01+03,2020-02-13 11:51:47+03,Неисправен
9497,232012,,2020-02-13 09:30:31+03,2020-02-13 12:00:20+03,Неисправен
10990,229310,1836,2020-02-13 09:30:48+03,2020-02-13 10:42:12+03,Неисправен
4210,229317,,2020-02-13 09:30:48+03,2020-02-13 10:42:08+03,Неисправен
6411,229288,1842,2020-02-13 09:30:52+03,2020-02-13 10:41:58+03,Неисправен
7178,229289,1841,2020-02-13 09:30:52+03,2020-02-13 10:41:58+03,Неисправен
7868,229290,1841,2020-02-13 09:30:52+03,2020-02-13 10:41:58+03,Неисправен
8557,229291,1838,2020-02-13 09:30:52+03,2020-02-13 10:41:58+03,Неисправен
9247,229292,1838,2020-02-13 09:30:52+03,2020-02-13 10:41:58+03,Неисправен
10174,229293,1837,2020-02-13 09:30:52+03,2020-02-13 10:41:58+03,Неисправен
10989,229294,1836,2020-02-13 09:30:52+03,2020-02-13 10:41:58+03,Неисправен
11739,229295,1836,2020-02-13 09:30:52+03,2020-02-13 10:41:58+03,Неисправен
398,229296,1835,2020-02-13 09:30:52+03,2020-02-13 10:41:58+03,Неисправен
1193,229297,1834,2020-02-13 09:30:52+03,2020-02-13 10:41:54+03,Неисправен
1946,229298,1834,2020-02-13 09:30:52+03,2020-02-13 10:41:54+03,Неисправен
2783,229299,1833,2020-02-13 09:30:52+03,2020-02-13 10:41:54+03,Неисправен
3514,229300,1832,2020-02-13 09:30:52+03,2020-02-13 10:41:54+03,Неисправен
4209,229301,1832,2020-02-13 09:30:52+03,2020-02-13 10:41:54+03,Неисправен
4927,229302,1831,2020-02-13 09:30:52+03,2020-02-13 10:41:54+03,Неисправен
5687,229303,1831,2020-02-13 09:30:52+03,2020-02-13 10:41:54+03,Неисправен
6412,229304,1832,2020-02-13 09:30:52+03,2020-02-13 10:41:54+03,Неисправен
7179,229305,1832,2020-02-13 09:30:52+03,2020-02-13 10:41:54+03,Неисправен
7869,229306,1833,2020-02-13 09:30:52+03,2020-02-13 10:41:54+03,Неисправен
8558,229307,1834,2020-02-13 09:30:52+03,2020-02-13 10:41:54+03,Неисправен
9248,229308,1834,2020-02-13 09:30:52+03,2020-02-13 10:41:54+03,Неисправен
10175,229309,1835,2020-02-13 09:30:52+03,2020-02-13 10:42:12+03,Неисправен
11740,229311,1836,2020-02-13 09:30:52+03,2020-02-13 10:42:12+03,Неисправен
399,229312,1837,2020-02-13 09:30:52+03,2020-02-13 10:41:54+03,Неисправен
1194,229313,1838,2020-02-13 09:30:52+03,2020-02-13 10:41:54+03,Неисправен
1947,229314,1838,2020-02-13 09:30:52+03,2020-02-13 10:41:54+03,Неисправен
2784,229315,1841,2020-02-13 09:30:52+03,2020-02-13 10:41:54+03,Неисправен
3515,229316,1841,2020-02-13 09:30:52+03,2020-02-13 10:41:54+03,Неисправен
2188,231730,,2020-02-13 16:51:09+03,2020-02-14 09:09:58+03,Неисправен
10481,231741,,2020-02-13 16:51:09+03,2020-02-14 09:09:58+03,Неисправен
2192,231762,,2020-02-13 16:51:09+03,2020-02-14 09:09:58+03,Неисправен
8066,231770,,2020-02-13 16:51:09+03,2020-02-14 09:09:58+03,Неисправен
2190,231746,,2020-02-13 16:51:10+03,2020-02-14 09:09:58+03,Неисправен
7359,231753,,2020-02-13 16:51:10+03,2020-02-14 09:09:58+03,Неисправен
632,231776,,2020-02-13 16:51:10+03,2020-02-14 09:09:58+03,Неисправен
8752,231787,,2020-02-13 16:51:10+03,2020-02-14 09:09:58+03,Неисправен
2194,231794,,2020-02-13 16:51:10+03,2020-02-14 09:09:58+03,Неисправен
7361,231801,,2020-02-13 16:51:10+03,2020-02-14 09:09:58+03,Неисправен
3030,231811,,2020-02-13 16:51:10+03,2020-02-14 09:13:18+03,Неисправен
1399,231825,,2020-02-13 16:51:10+03,2020-02-14 09:09:58+03,Неисправен
5853,231831,,2020-02-13 16:51:10+03,2020-02-14 09:09:58+03,Неисправен
9488,231852,,2020-02-13 16:51:10+03,2020-02-14 09:09:58+03,Неисправен
3725,231844,,2020-02-13 16:51:11+03,2020-02-14 09:09:58+03,Неисправен
1401,231873,,2020-02-13 16:51:11+03,2020-02-14 09:09:58+03,Неисправен
5168,231878,,2020-02-13 16:51:11+03,2020-02-14 09:09:58+03,Неисправен
10485,231885,,2020-02-13 16:51:11+03,2020-02-14 09:09:58+03,Неисправен
4425,231893,,2020-02-13 16:51:11+03,2020-02-14 09:09:59+03,Неисправен
10487,231901,,2020-02-13 16:51:11+03,2020-02-14 09:10:00+03,Неисправен
3035,231907,,2020-02-13 16:51:11+03,2020-02-14 09:10:00+03,Неисправен
9490,231932,,2020-02-13 16:51:11+03,2020-02-14 09:10:00+03,Неисправен
630,231696,,2020-02-13 16:51:12+03,2020-02-14 09:09:57+03,Неисправен
11969,231919,,2020-02-13 16:51:12+03,2020-02-14 09:10:00+03,Неисправен
1403,231937,,2020-02-13 16:51:12+03,2020-02-14 09:10:00+03,Неисправен
8068,231946,,2020-02-13 16:51:12+03,2020-02-14 09:10:00+03,Неисправен
1405,231953,,2020-02-13 16:51:12+03,2020-02-14 09:10:00+03,Неисправен
5860,231959,,2020-02-13 16:51:12+03,2020-02-14 09:10:00+03,Неисправен
11256,231966,,2020-02-13 16:51:12+03,2020-02-14 09:10:00+03,Неисправен
1407,231985,,2020-02-13 16:51:12+03,2020-02-14 09:10:00+03,Неисправен
5181,231990,,2020-02-13 16:51:12+03,2020-02-14 09:10:00+03,Неисправен
10489,231997,,2020-02-13 16:51:12+03,2020-02-14 09:10:00+03,Неисправен
5868,232007,,2020-02-13 16:51:12+03,2020-02-14 09:10:00+03,Неисправен
9498,232012,,2020-02-13 16:51:12+03,2020-02-14 09:10:00+03,Неисправен
6653,231688,,2020-02-13 16:51:13+03,2020-02-14 08:33:10+03,Неисправен
10479,231709,,2020-02-13 16:51:13+03,2020-02-14 09:09:57+03,Неисправен
3028,231715,,2020-02-13 16:51:13+03,2020-02-14 09:09:57+03,Неисправен
8064,231722,,2020-02-13 16:51:13+03,2020-02-14 09:09:58+03,Неисправен
8721,229691,1987,2020-02-14 04:58:18+03,2020-02-14 11:11:25+03,Неисправен
3031,231811,,2020-02-14 09:13:43+03,2020-02-14 10:37:43+03,Неисправен
9440,230748,1727,2020-02-14 11:11:49+03,2020-02-14 14:58:52+03,Много неисправных устройств
10428,230749,,2020-02-14 11:11:49+03,2020-02-14 14:58:52+03,Много неисправных устройств
6609,231352,,2020-02-14 11:11:52+03,2020-02-14 14:58:52+03,Много неисправных устройств
106,144736,1279,2020-02-14 15:51:47+03,2020-03-08 04:25:32+03,Не определено
3245,144740,1290,2020-02-14 15:51:47+03,2020-03-19 09:38:44+03,Не определено
4669,144742,1298,2020-02-14 15:51:48+03,2020-03-05 22:32:42+03,Не определено
6119,144744,1302,2020-02-14 15:51:48+03,2020-03-26 12:21:57+03,Не определено
114,144752,1310,2020-02-14 15:51:49+03,2020-03-19 09:38:45+03,Не определено
3252,144756,1280,2020-02-14 15:51:49+03,2020-03-26 12:21:58+03,Не определено
4675,144758,1281,2020-02-14 15:51:49+03,2020-03-07 14:17:21+03,Не определено
6126,144760,1282,2020-02-14 15:51:49+03,2020-03-19 09:38:46+03,Не определено
7621,144762,1283,2020-02-14 15:51:50+03,2020-03-26 12:21:58+03,Не определено
8989,144764,1283,2020-02-14 15:51:50+03,2020-03-26 12:21:58+03,Не определено
10720,144766,1284,2020-02-14 15:51:50+03,2020-03-26 12:21:58+03,Не определено
121,144768,1285,2020-02-14 15:51:50+03,2020-03-26 12:21:58+03,Не определено
4679,144774,1288,2020-02-14 15:51:51+03,2020-03-18 11:14:30+03,Не определено
6132,144776,1289,2020-02-14 15:51:51+03,2020-03-18 10:51:51+03,Не определено
10725,144782,1291,2020-02-14 15:51:52+03,2020-03-10 11:21:43+03,Не определено
128,144784,1292,2020-02-14 15:51:52+03,2020-03-26 12:21:59+03,Не определено
1700,144802,1297,2020-02-14 15:51:54+03,2020-03-09 16:04:15+03,Не определено
4685,144806,,2020-02-14 15:51:54+03,2020-02-17 10:13:08+03,Не определено
7627,144810,1304,2020-02-14 15:51:55+03,2020-03-26 12:22:01+03,Не определено
8995,144812,1306,2020-02-14 15:51:55+03,2020-03-26 12:22:01+03,Не определено
5428,144823,1309,2020-02-14 15:51:55+03,2020-03-01 19:11:08+03,Не определено
9872,144829,1282,2020-02-14 15:51:56+03,2020-03-07 14:17:48+03,Не определено
2481,144835,1284,2020-02-14 15:51:56+03,2020-03-26 12:22:02+03,Не определено
6952,144841,1288,2020-02-14 15:51:57+03,2020-03-26 12:22:02+03,Не определено
9000,144844,,2020-02-14 15:51:57+03,2020-03-26 12:22:02+03,Не определено
138,144848,1293,2020-02-14 15:51:57+03,2020-03-06 08:47:11+03,Не определено
4690,144854,1295,2020-02-14 15:51:57+03,2020-03-07 13:35:42+03,Не определено
9876,144861,1299,2020-02-14 15:51:58+03,2020-03-19 09:38:55+03,Не определено
4002,144869,1306,2020-02-14 15:51:58+03,2020-03-19 09:38:55+03,Не определено
6956,144873,1290,2020-02-14 15:51:58+03,2020-02-19 00:47:27+03,Не определено
8037,230378,1728,2020-02-14 18:34:15+03,2020-02-16 08:12:37+03,Неисправен
11937,230383,2008,2020-02-14 18:34:16+03,2020-02-16 08:13:00+03,Неисправен
3707,230388,1729,2020-02-14 18:34:16+03,2020-02-16 08:13:03+03,Неисправен
7327,230393,1873,2020-02-14 18:34:16+03,2020-02-16 08:13:28+03,Неисправен
11178,230398,1895,2020-02-14 18:34:16+03,2020-02-16 08:13:34+03,Неисправен
3003,230403,1963,2020-02-14 18:34:16+03,2020-02-16 08:13:38+03,Неисправен
6590,230408,1967,2020-02-14 18:34:17+03,2020-02-16 08:13:40+03,Неисправен
10401,230413,1980,2020-02-14 18:34:17+03,2020-02-16 08:13:42+03,Неисправен
2167,230418,1983,2020-02-14 18:34:17+03,2020-02-16 08:13:44+03,Неисправен
5825,230423,1996,2020-02-14 18:34:17+03,2020-02-16 08:13:46+03,Неисправен
9420,230428,1999,2020-02-14 18:34:17+03,2020-02-16 08:13:48+03,Неисправен
1379,230433,2013,2020-02-14 18:34:17+03,2020-02-16 08:13:50+03,Неисправен
5143,230438,2015,2020-02-14 18:34:17+03,2020-02-16 08:13:52+03,Неисправен
8726,230443,2015,2020-02-14 18:34:18+03,2020-02-16 08:13:57+03,Неисправен
606,230448,2027,2020-02-14 18:34:18+03,2020-02-16 08:13:59+03,Неисправен
4403,230453,2029,2020-02-14 18:34:18+03,2020-02-16 08:14:04+03,Неисправен
8043,230458,1730,2020-02-14 18:34:18+03,2020-02-16 08:14:06+03,Неисправен
11942,230463,1743,2020-02-14 18:34:18+03,2020-02-16 08:14:10+03,Неисправен
3710,230468,1744,2020-02-14 18:34:18+03,2020-02-16 08:14:13+03,Неисправен
7333,230473,1745,2020-02-14 18:34:19+03,2020-02-16 08:14:15+03,Неисправен
11184,230478,1757,2020-02-14 18:34:19+03,2020-02-16 08:14:17+03,Неисправен
3009,230483,1760,2020-02-14 18:34:19+03,2020-02-16 08:14:19+03,Неисправен
6596,230488,1770,2020-02-14 18:34:19+03,2020-02-16 08:14:21+03,Неисправен
10405,230493,1776,2020-02-14 18:34:19+03,2020-02-16 08:18:20+03,Неисправен
2173,230498,1776,2020-02-14 18:34:19+03,2020-02-16 08:14:23+03,Неисправен
5828,230503,1786,2020-02-14 18:34:19+03,2020-02-16 08:14:26+03,Неисправен
9427,230508,1789,2020-02-14 18:34:19+03,2020-02-16 08:14:28+03,Неисправен
1386,230513,1797,2020-02-14 18:34:19+03,2020-02-16 08:14:30+03,Неисправен
5148,230518,1809,2020-02-14 18:34:20+03,2020-02-16 08:14:31+03,Неисправен
8732,230523,1814,2020-02-14 18:34:20+03,2020-02-16 08:14:33+03,Неисправен
614,230528,1826,2020-02-14 18:34:20+03,2020-02-16 08:14:35+03,Неисправен
4409,230533,1831,2020-02-14 18:34:20+03,2020-02-16 08:14:37+03,Неисправен
8049,230538,1842,2020-02-14 18:34:20+03,2020-02-16 08:14:39+03,Неисправен
634,231920,2040,2020-02-17 10:19:45+03,2020-02-17 11:30:38+03,Неисправен
6189,178264,1397,2020-02-17 10:25:33+03,2020-02-17 11:35:22+03,Неисправен
10842,227214,1397,2020-02-17 10:25:33+03,2020-02-17 11:35:22+03,Неисправен
5535,227223,1397,2020-02-17 10:25:33+03,2020-02-17 11:35:22+03,Неисправен
6252,227224,1397,2020-02-17 10:25:33+03,2020-02-17 11:35:22+03,Неисправен
11581,227215,1397,2020-02-17 10:25:34+03,2020-02-17 11:35:21+03,Неисправен
3347,227220,1397,2020-02-17 10:25:34+03,2020-02-17 11:35:21+03,Неисправен
9095,227228,1397,2020-02-17 10:25:34+03,2020-02-17 11:35:22+03,Неисправен
2564,178259,1376,2020-02-18 09:50:11+03,2020-02-18 10:55:50+03,Неисправен
3336,227188,1376,2020-02-18 09:50:11+03,2020-02-18 10:55:43+03,Неисправен
7027,227193,1376,2020-02-18 09:50:11+03,2020-02-18 10:55:41+03,Неисправен
10008,227197,1376,2020-02-18 09:50:11+03,2020-02-18 10:55:39+03,Неисправен
3342,227204,1376,2020-02-18 09:50:11+03,2020-02-18 10:55:48+03,Неисправен
9090,227212,1376,2020-02-18 09:50:11+03,2020-02-18 10:55:51+03,Неисправен
10847,227502,,2020-02-18 09:50:11+03,2020-02-18 10:55:40+03,Неисправен
7368,232105,,2020-02-18 10:18:39+03,2020-02-20 08:52:06+03,Много неисправных устройств
8070,232106,,2020-02-18 10:18:39+03,2020-02-20 13:35:20+03,Много неисправных устройств
9892,178333,,2020-02-18 11:50:38+03,2020-02-18 18:33:51+03,Неисправен
2535,162899,,2020-02-18 14:06:27+03,2020-02-18 15:52:58+03,Много неисправных устройств
2159,229682,1987,2020-02-20 12:42:12+03,2020-02-20 13:43:28+03,Неисправен
2160,229682,1987,2020-02-20 14:26:40+03,2020-02-20 15:36:32+03,Неисправен
1378,229697,1982,2020-02-20 14:26:41+03,2020-02-20 16:01:05+03,Неисправен
4402,229701,1966,2020-02-20 14:26:42+03,2020-02-20 16:01:05+03,Неисправен
7326,229705,1873,2020-02-20 14:26:42+03,2020-02-20 16:01:05+03,Неисправен
2166,229714,2019,2020-02-20 14:26:44+03,2020-02-20 16:01:05+03,Неисправен
7690,196730,1437,2020-02-21 08:51:22+03,2020-02-21 09:53:44+03,Неисправен
6993,196729,1438,2020-02-21 08:52:23+03,2020-02-21 09:57:50+03,Неисправен
8309,113979,,2020-02-25 10:03:30+03,2020-02-25 12:07:05+03,Много неисправных устройств
8968,113980,,2020-02-25 10:03:30+03,2020-02-25 11:50:48+03,Много неисправных устройств
9015,178332,,2020-02-25 10:03:30+03,2020-02-25 12:07:26+03,Много неисправных устройств
9893,178333,,2020-02-25 12:06:59+03,2020-02-25 14:15:22+03,Батарея неисправна
9894,178333,,2020-02-25 14:21:11+03,2020-03-03 10:33:07+03,Батарея неисправна
9441,230748,1727,2020-02-26 12:32:35+03,2020-02-26 13:50:08+03,Много неисправных устройств
10429,230749,,2020-02-26 12:32:35+03,2020-02-26 13:50:08+03,Много неисправных устройств
6610,231352,,2020-02-26 12:32:39+03,2020-02-26 13:50:08+03,Много неисправных устройств
11197,231422,1843,2020-02-26 12:32:39+03,2020-02-26 13:50:08+03,Много неисправных устройств
8933,77532,,2020-03-02 13:45:36+03,2020-03-02 16:54:19+03,Много неисправных устройств
9738,77533,,2020-03-02 13:45:36+03,2020-03-02 16:54:29+03,Много неисправных устройств
7655,178330,,2020-03-02 13:45:47+03,2020-03-02 16:54:39+03,Много неисправных устройств
10482,231853,2032,2020-03-04 10:41:49+03,2020-03-04 13:27:16+03,Неисправен
10483,231853,2032,2020-03-04 13:27:26+03,2020-03-04 15:03:29+03,Неисправен
877,135185,,2020-03-05 12:50:49+03,2020-03-05 14:20:02+03,Много неисправных устройств
1679,135186,,2020-03-05 12:50:49+03,2020-03-05 14:11:27+03,Много неисправных устройств
9895,178333,,2020-03-10 09:59:57+03,2020-03-18 10:01:09+03,Батарея неисправна
10011,228541,1892,2020-03-11 19:30:52+03,2020-03-11 20:43:52+03,Неисправен
8413,228539,1892,2020-03-14 06:04:24+03,2020-03-20 17:08:10+03,Неисправен
6190,178264,1397,2020-03-16 10:13:17+03,2020-03-16 11:13:26+03,Неисправен
11582,227215,1397,2020-03-16 10:13:18+03,2020-03-16 11:13:25+03,Неисправен
10843,227214,1397,2020-03-16 10:13:19+03,2020-03-16 11:13:22+03,Неисправен
3348,227220,1397,2020-03-16 10:13:20+03,2020-03-16 11:13:21+03,Неисправен
8400,227227,1397,2020-03-16 11:14:19+03,2020-03-16 12:40:03+03,Неисправен
242,227232,1397,2020-03-16 11:14:19+03,2020-03-16 12:40:04+03,Неисправен
240,227216,1397,2020-03-16 11:14:20+03,2020-03-16 12:40:14+03,Неисправен
2628,227235,1397,2020-03-16 11:14:20+03,2020-03-16 12:40:13+03,Неисправен
2626,227219,1397,2020-03-16 11:14:24+03,2020-03-16 12:40:15+03,Неисправен
11585,227231,1397,2020-03-16 11:14:24+03,2020-03-16 12:40:16+03,Неисправен
8325,120283,,2020-03-17 08:36:03+03,2020-03-17 12:47:07+03,Неисправен
1654,120226,409,2020-03-17 11:19:05+03,2020-03-17 12:47:04+03,Неисправен
7592,120234,409,2020-03-17 11:19:06+03,2020-03-17 12:47:04+03,Неисправен
145,154848,409,2020-03-17 11:19:07+03,2020-03-17 12:47:04+03,Неисправен
1707,154850,401,2020-03-17 11:19:09+03,2020-03-17 12:47:05+03,Неисправен
3976,120261,401,2020-03-17 11:19:10+03,2020-03-17 12:47:06+03,Неисправен
2493,154851,401,2020-03-17 11:19:11+03,2020-03-17 12:47:06+03,Неисправен
11448,120223,,2020-03-17 11:21:51+03,2020-03-17 12:47:03+03,Неисправен
4644,120230,409,2020-03-17 11:21:52+03,2020-03-17 12:47:04+03,Неисправен
9798,120237,409,2020-03-17 11:21:53+03,2020-03-17 12:47:04+03,Неисправен
3957,120245,453,2020-03-17 11:21:53+03,2020-03-17 12:47:05+03,Неисправен
951,154849,422,2020-03-17 11:21:54+03,2020-03-17 12:47:05+03,Неисправен
10689,120254,401,2020-03-17 11:21:55+03,2020-03-17 12:47:06+03,Неисправен
6901,120265,401,2020-03-17 11:21:56+03,2020-03-17 12:34:24+03,Неисправен
4639,120198,,2020-03-17 11:33:42+03,2020-03-17 12:47:02+03,Неисправен
75,120208,,2020-03-17 11:33:42+03,2020-03-17 12:47:02+03,Неисправен
7588,120218,,2020-03-17 11:33:43+03,2020-03-17 12:47:03+03,Неисправен
9005,147628,,2020-03-17 11:33:49+03,2020-03-17 12:47:08+03,Неисправен
3230,120196,,2020-03-17 11:38:55+03,2020-03-17 12:47:02+03,Неисправен
3233,120212,,2020-03-17 11:38:56+03,2020-03-17 12:47:02+03,Неисправен
9896,178333,,2020-03-18 11:08:35+03,2020-03-19 10:38:45+03,Батарея неисправна
7000,196777,1429,2020-03-19 09:43:29+03,2020-03-19 13:54:29+03,Неисправен
9897,178333,,2020-03-19 10:38:46+03,2020-03-23 06:23:38+03,Батарея неисправна
10012,228541,1892,2020-03-20 15:14:10+03,2020-03-20 17:08:10+03,Неисправен
8414,228539,1892,2020-03-20 17:14:52+03,2020-03-23 11:20:00+03,Неисправен
9442,230748,1727,2020-03-20 17:26:26+03,2020-03-20 19:34:14+03,Много неисправных устройств
10430,230749,,2020-03-20 17:26:26+03,2020-04-25 18:53:27+03,Много неисправных устройств
6611,231352,,2020-03-20 17:26:29+03,2020-03-20 19:58:59+03,Много неисправных устройств
11198,231422,1843,2020-03-20 17:26:30+03,2020-04-16 15:04:43+03,Много неисправных устройств
878,135185,,2020-03-20 18:34:10+03,2020-03-20 21:06:37+03,Много неисправных устройств
1680,135186,,2020-03-20 18:34:10+03,2020-03-20 19:37:03+03,Много неисправных устройств
9898,178333,,2020-03-26 11:34:39+03,2020-03-28 10:59:23+03,Батарея неисправна
9899,178333,,2020-03-28 10:59:25+03,2020-03-31 11:22:13+03,Батарея неисправна
9900,178333,,2020-03-31 11:22:15+03,2020-04-13 12:04:25+03,Батарея неисправна
7693,196746,1463,2020-04-02 22:10:36+03,2020-04-02 23:17:47+03,Неисправен
6139,147000,,2020-04-10 15:43:48+03,2020-04-11 08:35:59+03,Много неисправных устройств
9727,50637,,2020-04-10 15:43:55+03,2020-04-10 19:03:26+03,Много неисправных устройств
10614,50638,,2020-04-10 15:43:55+03,2020-04-10 17:26:46+03,Много неисправных устройств
8934,77532,,2020-04-10 16:53:16+03,2020-04-10 19:23:49+03,Много неисправных устройств
9739,77533,,2020-04-10 16:53:16+03,2020-04-10 19:23:59+03,Много неисправных устройств
9862,144733,,2020-04-10 16:53:17+03,2020-04-10 18:18:36+03,Много неисправных устройств
10711,144734,,2020-04-10 16:53:17+03,2020-04-10 18:18:46+03,Много неисправных устройств
3277,196228,,2020-04-10 16:53:21+03,2020-04-10 18:19:11+03,Много неисправных устройств
5479,196231,,2020-04-10 16:53:21+03,2020-04-10 18:19:41+03,Много неисправных устройств
8347,178331,,2020-04-10 16:53:22+03,2020-04-10 18:18:56+03,Много неисправных устройств
7656,178330,,2020-04-10 16:53:28+03,2020-04-10 19:24:40+03,Много неисправных устройств
9901,178333,,2020-04-13 12:04:35+03,2020-04-13 18:23:48+03,Батарея неисправна
8326,120283,,2020-04-14 08:33:23+03,2020-04-14 09:39:08+03,Неисправен
9902,178333,,2020-04-18 10:38:43+03,2020-04-23 11:18:44+03,Батарея неисправна
2536,162899,,2020-04-20 05:56:09+03,2020-04-20 07:51:18+03,Много неисправных устройств
879,135185,,2020-04-23 03:00:58+03,2020-04-23 04:38:32+03,Много неисправных устройств
1681,135186,,2020-04-23 03:00:58+03,2020-04-23 04:38:42+03,Много неисправных устройств
9903,178333,,2020-04-23 11:18:45+03,2020-05-03 10:25:07+03,Батарея неисправна
10741,171534,,2020-04-26 10:09:25+03,2020-04-26 14:13:07+03,Неисправен
1731,171698,,2020-04-27 10:04:16+03,2020-04-27 11:24:19+03,Неисправен
2537,162899,,2020-05-02 06:52:29+03,2020-05-02 09:26:53+03,Много неисправных устройств
9904,178333,,2020-05-03 10:27:31+03,2020-05-07 12:28:33+03,Батарея неисправна
9905,178333,,2020-05-07 12:28:34+03,2020-05-16 23:55:27+03,Батарея неисправна
170,178336,,2020-05-11 15:48:03+03,2020-05-11 19:02:06+03,Неисправен
9906,178333,,2020-05-16 23:55:37+03,2020-05-21 10:10:01+03,Батарея неисправна
9443,230748,1727,2020-05-20 10:14:44+03,2020-05-21 01:25:01+03,Много неисправных устройств
10431,230749,,2020-05-20 10:14:44+03,2020-07-06 12:38:04+03,Много неисправных устройств
6612,231352,,2020-05-20 10:14:50+03,2020-05-21 01:29:39+03,Много неисправных устройств
11199,231422,1843,2020-05-20 10:14:51+03,2020-07-06 12:38:04+03,Много неисправных устройств
9907,178333,,2020-05-21 10:37:10+03,2020-05-22 11:15:51+03,Батарея неисправна
9908,178333,,2020-05-22 11:19:13+03,2020-05-25 19:23:57+03,Батарея неисправна
9909,178333,,2020-05-25 19:23:58+03,2020-05-27 05:35:58+03,Батарея неисправна
5336,3127,,2020-05-26 11:26:00+03,2020-05-26 13:42:53+03,Неисправен
9910,178333,,2020-05-27 05:36:03+03,2020-05-27 10:39:48+03,Батарея неисправна
10690,120254,401,2020-05-27 10:32:24+03,2020-05-27 11:50:23+03,Неисправен
9911,178333,,2020-05-27 10:43:04+03,2020-05-27 14:00:56+03,Батарея неисправна
9912,178333,,2020-05-27 14:16:23+03,2020-05-29 10:22:29+03,Батарея неисправна
9913,178333,,2020-05-29 10:53:24+03,2020-05-29 12:46:06+03,Батарея неисправна
9914,178333,,2020-05-29 12:46:07+03,2020-05-29 14:24:54+03,Батарея неисправна
9915,178333,,2020-05-29 14:24:55+03,2020-06-02 12:46:05+03,Батарея неисправна
2538,162899,,2020-06-01 19:12:50+03,2020-06-02 07:51:31+03,Много неисправных устройств
9916,178333,,2020-06-02 12:46:06+03,2020-06-08 11:07:58+03,Батарея неисправна
880,135185,,2020-06-02 15:04:11+03,2020-06-02 16:13:01+03,Много неисправных устройств
1682,135186,,2020-06-02 15:04:11+03,2020-06-02 16:13:11+03,Много неисправных устройств
2539,162899,,2020-06-02 15:14:01+03,2020-06-02 16:16:50+03,Много неисправных устройств
2540,162899,,2020-06-05 21:35:27+03,2020-06-06 01:16:44+03,Много неисправных устройств
1783,215858,1381,2020-06-05 21:45:02+03,2020-06-06 01:27:23+03,Неисправен
9917,178333,,2020-06-08 11:47:56+03,2020-06-09 13:15:41+03,Батарея неисправна
8327,120283,,2020-06-09 08:28:06+03,2020-06-09 14:46:32+03,Неисправен
10013,228541,1892,2020-06-09 13:35:34+03,2020-06-10 17:38:48+03,Неисправен
9918,178333,,2020-06-09 14:08:01+03,2020-06-10 12:51:28+03,Батарея неисправна
9919,178333,,2020-06-10 13:29:02+03,2020-06-12 04:53:20+03,Батарея неисправна
9843,135213,1219,2020-06-11 21:56:03+03,2020-06-12 03:53:34+03,Не определено
8328,120283,,2020-06-14 23:37:27+03,2020-06-15 03:03:11+03,Неисправен
7369,232105,,2020-06-16 11:17:11+03,2020-06-16 15:10:22+03,Много неисправных устройств
8071,232106,,2020-06-16 11:17:11+03,2020-06-16 15:10:22+03,Много неисправных устройств
3278,196228,,2020-06-16 12:09:55+03,2020-06-16 14:16:02+03,Много неисправных устройств
5480,196231,,2020-06-16 12:09:55+03,2020-06-16 15:04:24+03,Много неисправных устройств
8072,232106,,2020-06-16 16:47:20+03,2020-06-17 05:09:21+03,Много неисправных устройств
7370,232105,,2020-06-17 05:33:52+03,2020-06-17 07:05:25+03,Много неисправных устройств
8073,232106,,2020-06-17 05:33:52+03,2020-06-17 10:25:09+03,Много неисправных устройств
9920,178333,,2020-06-17 12:19:08+03,2020-06-17 13:39:34+03,Батарея неисправна
9921,178333,,2020-06-17 13:45:29+03,2020-06-19 12:54:55+03,Батарея неисправна
7371,232105,,2020-06-18 21:52:22+03,2020-06-18 22:54:06+03,Много неисправных устройств
9922,178333,,2020-06-19 12:54:57+03,2020-06-22 14:40:39+03,Батарея неисправна
11404,50671,,2020-06-20 16:26:02+03,2020-06-20 17:55:24+03,Не определено
9923,178333,,2020-06-22 14:40:41+03,2020-06-23 13:09:53+03,Батарея неисправна
8977,115420,,2020-06-23 09:12:23+03,2020-06-23 14:32:28+03,Неисправен
9924,178333,,2020-06-23 13:43:41+03,2020-06-23 15:05:31+03,Батарея неисправна
8310,113979,,2020-06-23 15:05:31+03,2020-06-23 17:34:42+03,Много неисправных устройств
9016,178332,,2020-06-23 15:05:31+03,2020-06-23 17:34:43+03,Много неисправных устройств
9925,178333,,2020-06-23 15:44:20+03,2020-06-23 17:34:49+03,Батарея неисправна
2541,162899,,2020-06-24 00:15:28+03,2020-06-25 08:34:44+03,Много неисправных устройств
9926,178333,,2020-06-26 09:31:58+03,2020-06-26 11:59:40+03,Батарея неисправна
8978,115420,,2020-06-26 09:57:14+03,2020-06-26 11:58:20+03,Неисправен
9927,178333,,2020-06-26 12:50:17+03,2020-06-29 12:52:47+03,Батарея неисправна
10014,228541,1892,2020-06-26 16:28:08+03,2020-06-27 12:39:38+03,Неисправен
9928,178333,,2020-06-29 12:52:49+03,2020-07-03 13:39:08+03,Батарея неисправна
243,227232,1397,2020-07-03 09:29:28+03,2020-07-03 13:59:47+03,Неисправен
9929,178333,,2020-07-03 13:39:11+03,2020-07-06 09:55:33+03,Батарея неисправна
9930,178333,,2020-07-06 11:46:34+03,2020-07-07 11:31:55+03,Батарея неисправна
9931,178333,,2020-07-07 12:15:03+03,2020-07-08 12:52:41+03,Батарея неисправна
3300,196820,,2020-07-07 21:58:42+03,2020-07-08 08:00:38+03,Много неисправных устройств
5502,196823,,2020-07-07 21:58:42+03,2020-07-08 07:38:03+03,Много неисправных устройств
6221,196824,,2020-07-07 21:58:42+03,2020-07-17 14:34:56+03,Много неисправных устройств
9932,178333,,2020-07-08 12:52:42+03,2020-07-13 14:41:39+03,Батарея неисправна
6108,143512,1263,2020-07-10 23:16:58+03,2020-07-11 04:31:42+03,Не определено
6916,143529,,2020-07-10 23:16:59+03,2020-07-11 10:14:11+03,Не определено
894,143537,1243,2020-07-10 23:16:59+03,2020-07-11 10:16:44+03,Не определено
2458,143587,1233,2020-07-10 23:17:01+03,2020-07-22 14:09:43+03,Не определено
6930,143593,1231,2020-07-10 23:17:01+03,2020-07-11 04:11:04+03,Не определено
7611,143610,1278,2020-07-10 23:17:02+03,2020-07-22 14:09:43+03,Не определено
9852,143613,1276,2020-07-10 23:17:02+03,2020-07-11 09:25:32+03,Не определено
6945,143625,1266,2020-07-10 23:17:02+03,2020-07-11 14:35:53+03,Не определено
2472,143635,1261,2020-07-10 23:17:03+03,2020-07-12 23:20:35+03,Не определено
3993,143653,1240,2020-07-10 23:17:03+03,2020-07-22 14:07:28+03,Не определено
97,143696,1258,2020-07-10 23:17:08+03,2020-07-11 05:10:40+03,Не определено
9933,178333,,2020-07-13 14:41:40+03,2020-07-15 10:47:23+03,Батарея неисправна
9934,178333,,2020-07-15 10:47:26+03,2020-07-15 14:44:28+03,Батарея неисправна
9935,178333,,2020-07-15 15:02:40+03,2020-07-17 12:22:26+03,Батарея неисправна
9936,178333,,2020-07-17 12:22:47+03,2020-07-20 10:53:52+03,Батарея неисправна
2542,162899,,2020-07-17 14:39:29+03,2020-07-19 11:10:46+03,Много неисправных устройств
881,135185,,2020-07-21 15:49:43+03,2020-07-22 00:45:54+03,Много неисправных устройств
1683,135186,,2020-07-21 15:49:43+03,2020-07-22 00:45:54+03,Много неисправных устройств
9937,178333,,2020-07-22 09:35:57+03,2020-07-22 10:36:51+03,Батарея неисправна
9938,178333,,2020-07-22 11:16:10+03,2020-07-22 12:48:32+03,Батарея неисправна
9939,178333,,2020-07-22 12:48:33+03,2020-07-22 13:53:18+03,Батарея неисправна
9940,178333,,2020-07-22 13:53:19+03,2020-07-23 14:26:35+03,Батарея неисправна
6140,147000,,2020-07-22 14:09:43+03,2020-07-22 15:39:21+03,Много неисправных устройств
6964,147001,,2020-07-22 14:09:43+03,2020-07-22 15:39:32+03,Много неисправных устройств
9941,178333,,2020-07-23 14:26:36+03,2020-07-27 13:18:15+03,Батарея неисправна
10691,120254,401,2020-07-27 11:05:57+03,2020-07-27 12:10:25+03,Неисправен
850,120257,401,2020-07-27 11:05:58+03,2020-07-27 12:25:26+03,Неисправен
3977,120261,401,2020-07-27 11:05:58+03,2020-07-27 12:25:26+03,Неисправен
2494,154851,401,2020-07-27 11:05:59+03,2020-07-27 12:25:27+03,Неисправен
6902,120265,401,2020-07-27 11:12:31+03,2020-07-27 12:25:27+03,Неисправен
9942,178333,,2020-07-27 14:15:30+03,2020-07-27 17:47:34+03,Батарея неисправна
9943,178333,,2020-07-27 17:47:38+03,2020-07-28 10:50:57+03,Батарея неисправна
9944,178333,,2020-07-28 11:25:28+03,2020-07-30 09:48:21+03,Батарея неисправна
3220,120116,,2020-07-28 12:02:14+03,2020-07-28 13:31:02+03,Много неисправных устройств
3946,120117,,2020-07-28 12:02:15+03,2020-07-28 13:31:12+03,Много неисправных устройств
4631,120118,,2020-07-28 12:02:15+03,2020-07-28 13:31:22+03,Много неисправных устройств
9823,120285,,2020-07-28 12:02:19+03,2020-07-28 13:31:02+03,Много неисправных устройств
7664,193082,,2020-07-29 11:55:00+03,,Не определено
1741,193090,817,2020-07-29 11:55:01+03,2020-08-05 11:09:47+03,Не определено
9036,193100,800,2020-07-29 11:55:02+03,2020-07-29 14:39:17+03,Не определено
178,193120,831,2020-07-29 11:55:03+03,2020-08-20 15:12:41+03,Не определено
2575,193123,828,2020-07-29 11:55:03+03,2020-07-30 14:46:02+03,Не определено
4020,193141,822,2020-07-29 11:55:04+03,2020-08-20 15:12:42+03,Не определено
10767,193150,805,2020-07-29 11:55:05+03,2020-08-20 15:12:42+03,Не определено
10779,193166,808,2020-07-29 11:55:06+03,2020-07-31 05:32:37+03,Не определено
10793,193182,800,2020-07-29 11:55:07+03,2020-08-20 15:12:44+03,Не определено
1000,193185,800,2020-07-29 11:55:07+03,2020-07-29 15:33:10+03,Не определено
5458,193207,793,2020-07-29 11:55:08+03,2020-07-30 07:23:03+03,Не определено
5471,193223,791,2020-07-29 11:55:09+03,2020-08-20 15:12:46+03,Не определено
7676,193226,786,2020-07-29 11:55:09+03,2020-07-30 08:19:26+03,Не определено
9945,178333,,2020-07-30 10:49:49+03,2020-07-30 12:08:38+03,Батарея неисправна
9946,178333,,2020-07-30 12:08:39+03,2020-07-30 13:37:38+03,Батарея неисправна
9947,178333,,2020-07-30 13:37:39+03,2020-07-30 18:03:49+03,Батарея неисправна
9948,178333,,2020-07-30 18:03:51+03,2020-08-04 15:30:19+03,Батарея неисправна
11444,115615,962,2020-08-01 16:16:11+03,2020-08-01 20:43:25+03,Неисправен
9949,178333,,2020-08-04 15:30:20+03,2020-08-05 10:36:21+03,Батарея неисправна
9950,178333,,2020-08-05 10:36:22+03,2020-08-05 11:44:01+03,Батарея неисправна
9951,178333,,2020-08-05 11:44:02+03,2020-08-05 13:39:55+03,Батарея неисправна
9952,178333,,2020-08-05 13:39:56+03,2020-08-06 09:51:56+03,Батарея неисправна
9953,178333,,2020-08-06 09:51:58+03,2020-08-07 08:46:46+03,Батарея неисправна
9954,178333,,2020-08-07 08:47:44+03,2020-08-09 11:17:01+03,Батарея неисправна
9955,178333,,2020-08-09 11:17:03+03,2020-08-09 15:41:05+03,Батарея неисправна
9956,178333,,2020-08-09 15:41:07+03,2020-08-10 12:21:28+03,Батарея неисправна
9957,178333,,2020-08-10 12:21:29+03,2020-08-10 14:24:21+03,Батарея неисправна
9958,178333,,2020-08-10 14:24:22+03,2020-08-12 09:54:08+03,Батарея неисправна
9959,178333,,2020-08-12 09:54:09+03,2020-08-12 12:14:35+03,Батарея неисправна
9960,178333,,2020-08-12 12:14:37+03,2020-08-13 09:57:33+03,Батарея неисправна
9961,178333,,2020-08-13 09:57:38+03,2020-08-13 12:51:32+03,Батарея неисправна
9962,178333,,2020-08-13 12:51:34+03,2020-08-13 14:12:57+03,Батарея неисправна
9963,178333,,2020-08-13 14:17:05+03,2020-08-17 10:04:12+03,Батарея неисправна
911,154129,,2020-08-14 12:02:54+03,2020-08-14 14:06:29+03,Неисправен
2543,162899,,2020-08-16 00:02:25+03,2020-08-17 08:03:33+03,Много неисправных устройств
8405,227467,1413,2020-08-17 08:41:04+03,2020-08-17 13:21:53+03,Неисправен
9964,178333,,2020-08-17 10:04:13+03,2020-08-17 12:13:47+03,Батарея неисправна
4717,171766,,2020-08-17 10:47:51+03,2020-08-17 12:10:19+03,Неисправен
9965,178333,,2020-08-17 12:14:01+03,2020-08-20 19:42:49+03,Батарея неисправна
846,116145,,2020-08-20 13:53:30+03,2020-08-20 17:30:17+03,Много неисправных устройств
2432,116147,,2020-08-20 13:53:30+03,2020-08-20 17:30:14+03,Много неисправных устройств
5433,146135,,2020-08-20 13:53:30+03,2020-08-20 19:59:02+03,Много неисправных устройств
10755,178334,,2020-08-20 13:53:31+03,2020-08-20 17:24:55+03,Много неисправных устройств
1732,171714,,2020-08-20 14:19:19+03,2020-08-20 16:47:56+03,Неисправен
9966,178333,,2020-08-20 19:42:51+03,2020-09-03 10:48:48+03,Батарея неисправна
10015,228541,1892,2020-08-21 01:19:41+03,2020-08-21 08:45:20+03,Неисправен
3354,227476,1413,2020-08-21 11:00:07+03,2020-08-21 12:32:17+03,Неисправен
10016,228541,1892,2020-08-22 02:04:28+03,2020-08-22 10:01:23+03,Неисправен
10017,228541,1892,2020-08-23 14:19:18+03,2020-08-23 21:25:44+03,Неисправен
3355,227476,1413,2020-08-24 10:44:28+03,2020-08-24 11:55:33+03,Неисправен
6260,227464,1413,2020-08-27 13:02:35+03,2020-08-27 14:22:30+03,Неисправен
10018,228541,1892,2020-08-29 17:14:22+03,2020-09-01 11:51:08+03,Неисправен
7648,171674,,2020-08-31 12:04:48+03,2020-08-31 13:23:05+03,Неисправен
10019,228541,1892,2020-09-02 11:41:04+03,2020-09-02 13:01:32+03,Неисправен
10020,228541,1892,2020-09-02 13:13:23+03,2020-09-03 03:23:26+03,Неисправен
10021,228541,1892,2020-09-03 04:40:20+03,2020-09-03 09:06:18+03,Неисправен
10022,228541,1892,2020-09-03 09:57:38+03,2020-09-04 11:13:14+03,Неисправен
9967,178333,,2020-09-03 10:49:04+03,2020-09-03 12:59:30+03,Батарея неисправна
1785,227458,1413,2020-09-07 08:56:11+03,2020-09-07 13:50:32+03,Неисправен
2544,162899,,2020-09-10 03:17:40+03,2020-09-10 08:04:13+03,Много неисправных устройств
6109,143512,1263,2020-09-11 14:46:31+03,2020-09-14 10:51:12+03,Не определено
6917,143529,,2020-09-11 14:46:32+03,2020-09-12 04:06:59+03,Не определено
895,143537,1243,2020-09-11 14:46:32+03,2020-09-12 04:34:47+03,Не определено
2459,143587,1233,2020-09-11 14:46:34+03,2020-09-14 12:55:41+03,Не определено
6931,143593,1231,2020-09-11 14:46:35+03,2020-09-12 04:04:48+03,Не определено
7612,143610,1278,2020-09-11 14:46:35+03,2020-09-14 12:55:41+03,Не определено
9853,143613,1276,2020-09-11 14:46:35+03,2020-09-14 12:55:41+03,Не определено
2473,143635,1261,2020-09-11 14:46:36+03,2020-09-14 12:55:41+03,Не определено
3994,143653,1240,2020-09-11 14:46:37+03,2020-09-14 12:55:41+03,Не определено
98,143696,1258,2020-09-11 14:46:42+03,2020-09-12 14:04:18+03,Не определено
9044,193228,,2020-09-13 14:48:54+03,2020-09-13 16:16:10+03,Неисправен
6110,143512,1263,2020-09-14 12:56:00+03,2020-09-15 10:39:25+03,Не определено
896,143537,1243,2020-09-14 12:56:01+03,2020-09-14 14:13:32+03,Не определено
2460,143587,1233,2020-09-14 12:56:03+03,2020-09-15 14:54:54+03,Не определено
6932,143593,1231,2020-09-14 12:56:04+03,2020-09-15 04:10:06+03,Не определено
7613,143610,1278,2020-09-14 12:56:04+03,2020-09-15 14:54:54+03,Не определено
9854,143613,1276,2020-09-14 12:56:04+03,2020-09-15 14:54:54+03,Не определено
2474,143635,1261,2020-09-14 12:56:05+03,2020-09-15 14:54:55+03,Не определено
3995,143653,1240,2020-09-14 12:56:06+03,2020-09-15 14:54:55+03,Не определено
8311,113979,,2020-09-16 10:04:17+03,2020-09-16 15:52:59+03,Много неисправных устройств
8969,113980,,2020-09-16 10:04:17+03,2020-09-16 12:16:42+03,Много неисправных устройств
9017,178332,,2020-09-16 10:04:17+03,2020-09-16 12:16:42+03,Много неисправных устройств
7372,232105,,2020-09-16 10:13:41+03,2020-09-16 17:09:49+03,Много неисправных устройств
8074,232106,,2020-09-16 10:13:41+03,2020-09-16 11:33:29+03,Много неисправных устройств
6141,147000,,2020-09-16 10:14:05+03,2020-09-17 06:22:30+03,Много неисправных устройств
6965,147001,,2020-09-16 10:14:05+03,2020-09-17 09:13:11+03,Много неисправных устройств
9728,50637,,2020-09-16 10:14:30+03,2020-09-16 19:55:17+03,Много неисправных устройств
10615,50638,,2020-09-16 10:14:30+03,2020-09-16 21:11:29+03,Много неисправных устройств
3301,196820,,2020-09-16 10:44:50+03,2020-09-16 17:09:31+03,Много неисправных устройств
5503,196823,,2020-09-16 10:44:50+03,2020-09-16 12:44:38+03,Много неисправных устройств
6222,196824,,2020-09-16 10:44:50+03,2020-09-17 09:31:35+03,Много неисправных устройств
1587,93138,,2020-09-16 10:45:12+03,2020-09-16 16:57:22+03,Много неисправных устройств
5,9328,,2020-09-16 10:45:51+03,2020-09-16 14:40:37+03,Много неисправных устройств
784,9329,,2020-09-16 10:45:51+03,2020-09-16 19:44:30+03,Много неисправных устройств
1572,9330,,2020-09-16 10:45:51+03,2020-09-16 19:33:33+03,Много неисправных устройств
2545,162899,,2020-09-16 10:46:26+03,2020-09-16 16:11:14+03,Много неисправных устройств
847,116145,,2020-09-16 10:46:28+03,2020-09-16 17:06:05+03,Много неисправных устройств
2433,116147,,2020-09-16 10:46:28+03,2020-09-16 17:04:58+03,Много неисправных устройств
5434,146135,,2020-09-16 10:46:29+03,2020-09-16 20:00:09+03,Много неисправных устройств
10756,178334,,2020-09-16 10:46:30+03,2020-09-24 13:31:25+03,Много неисправных устройств
3221,120116,,2020-09-16 10:47:06+03,2020-09-16 16:52:46+03,Много неисправных устройств
3947,120117,,2020-09-16 10:47:06+03,2020-09-16 16:59:51+03,Много неисправных устройств
9824,120285,,2020-09-16 10:47:12+03,2020-09-16 16:53:45+03,Много неисправных устройств
3279,196228,,2020-09-16 10:47:16+03,2020-09-16 20:36:51+03,Много неисправных устройств
5481,196231,,2020-09-16 10:47:17+03,2020-09-16 17:04:18+03,Много неисправных устройств
9444,230748,1727,2020-09-16 10:48:26+03,2020-09-16 16:51:50+03,Много неисправных устройств
10432,230749,,2020-09-16 10:48:26+03,2020-09-18 07:21:13+03,Много неисправных устройств
6613,231352,,2020-09-16 10:48:30+03,2020-09-16 17:03:14+03,Много неисправных устройств
11200,231422,1843,2020-09-16 10:48:30+03,2020-09-28 13:32:18+03,Много неисправных устройств
9045,193228,,2020-09-16 11:10:00+03,2020-09-16 15:11:03+03,Неисправен
9018,178332,,2020-09-17 09:02:40+03,2020-09-17 12:35:05+03,Много неисправных устройств
7373,232105,,2020-09-17 09:12:00+03,2020-09-17 16:11:41+03,Много неисправных устройств
8075,232106,,2020-09-17 09:12:00+03,2020-10-01 09:32:12+03,Много неисправных устройств
9729,50637,,2020-09-17 09:12:01+03,2020-09-17 12:47:46+03,Много неисправных устройств
10616,50638,,2020-09-17 09:12:01+03,2020-09-17 12:47:46+03,Много неисправных устройств
6142,147000,,2020-09-17 09:13:11+03,2020-09-17 12:37:57+03,Много неисправных устройств
6966,147001,,2020-09-17 09:13:11+03,2020-09-17 12:38:44+03,Много неисправных устройств
3231,120196,,2020-09-23 11:09:57+03,2020-09-23 13:53:59+03,Неисправен
4640,120198,,2020-09-23 11:09:57+03,2020-09-23 13:53:59+03,Неисправен
76,120208,,2020-09-23 11:09:58+03,2020-09-23 13:53:59+03,Неисправен
3234,120212,,2020-09-23 11:09:58+03,2020-09-23 13:53:59+03,Неисправен
7589,120218,,2020-09-23 11:10:00+03,2020-09-23 13:54:00+03,Неисправен
11449,120223,,2020-09-23 11:10:01+03,2020-09-23 13:54:00+03,Неисправен
11453,154847,409,2020-09-23 11:10:01+03,2020-09-23 13:54:00+03,Неисправен
1655,120226,409,2020-09-23 11:10:02+03,2020-09-23 13:54:01+03,Неисправен
4645,120230,409,2020-09-23 11:10:03+03,2020-09-23 13:54:01+03,Неисправен
9799,120237,409,2020-09-23 11:10:03+03,2020-09-23 13:54:01+03,Неисправен
3958,120245,453,2020-09-23 11:10:04+03,2020-09-23 13:54:02+03,Неисправен
146,154848,409,2020-09-23 11:10:04+03,2020-09-23 13:54:01+03,Неисправен
952,154849,422,2020-09-23 11:10:05+03,2020-09-23 13:54:02+03,Неисправен
1708,154850,401,2020-09-23 11:10:06+03,2020-09-23 13:54:02+03,Неисправен
851,120257,401,2020-09-23 11:10:08+03,2020-09-23 13:54:03+03,Неисправен
6903,120265,401,2020-09-23 11:10:08+03,2020-09-23 13:54:03+03,Неисправен
9006,147628,,2020-09-23 11:10:10+03,2020-09-23 13:54:05+03,Неисправен
6212,196728,1441,2020-09-27 17:10:29+03,2020-09-27 18:38:16+03,Неисправен
6994,196729,1438,2020-09-27 17:23:50+03,2020-09-27 18:40:50+03,Неисправен
8926,9340,519,2020-09-28 13:20:43+03,2020-10-16 03:20:48+03,Не определено
6839,9337,526,2020-09-28 13:22:00+03,2020-10-23 04:31:55+03,Не определено
7551,9338,524,2020-09-28 13:22:00+03,2020-09-30 19:32:02+03,Не определено
4762,227494,1353,2020-09-29 08:53:01+03,2020-09-29 10:52:31+03,Неисправен
9008,147932,1247,2020-09-30 09:43:43+03,2020-09-30 14:03:32+03,Неисправен
9445,230748,1727,2020-09-30 10:32:19+03,2020-09-30 16:43:48+03,Много неисправных устройств
10433,230749,,2020-09-30 10:32:19+03,2020-10-04 21:20:25+03,Много неисправных устройств
6614,231352,,2020-09-30 10:32:23+03,2020-09-30 17:00:52+03,Много неисправных устройств
11201,231422,1843,2020-09-30 10:32:24+03,2020-10-04 21:20:25+03,Много неисправных устройств
9446,230748,1727,2020-10-08 02:50:39+03,2020-10-08 07:19:25+03,Много неисправных устройств
10434,230749,,2020-10-08 02:50:39+03,2020-10-22 10:42:17+03,Много неисправных устройств
6615,231352,,2020-10-08 02:50:44+03,2020-10-08 07:12:39+03,Много неисправных устройств
11202,231422,1843,2020-10-08 02:50:44+03,2020-10-22 10:42:17+03,Много неисправных устройств
1588,93138,,2020-10-08 13:39:53+03,2020-10-08 15:01:15+03,Много неисправных устройств
5531,212631,,2020-10-11 21:14:46+03,,Неисправен
6840,93481,769,2020-10-12 11:38:59+03,2020-10-12 13:16:34+03,Не определено
9741,93501,763,2020-10-12 11:39:00+03,2020-10-12 13:16:34+03,Не определено
5356,93543,751,2020-10-12 11:39:02+03,2020-10-12 13:16:34+03,Не определено
6,9328,,2020-10-21 08:14:06+03,2020-10-21 09:32:41+03,Много неисправных устройств
785,9329,,2020-10-21 08:14:06+03,2020-10-21 09:35:41+03,Много неисправных устройств
1573,9330,,2020-10-21 08:14:06+03,2020-10-21 09:35:41+03,Много неисправных устройств
6208,196472,,2020-10-21 13:43:54+03,2020-10-21 14:45:29+03,Неисправен
7687,196506,,2020-10-21 13:44:00+03,2020-10-21 14:44:43+03,Неисправен
912,154129,,2020-10-23 12:04:39+03,2020-10-23 16:02:44+03,Неисправен
5337,3127,,2020-10-27 11:27:44+03,2020-10-27 14:51:23+03,Неисправен
6111,143512,1263,2020-10-28 13:38:25+03,2020-11-11 11:43:59+03,Не определено
6918,143529,,2020-10-28 13:38:26+03,2020-10-29 07:25:39+03,Не определено
897,143537,1243,2020-10-28 13:38:27+03,2020-10-29 00:52:36+03,Не определено
2461,143587,1233,2020-10-28 13:38:29+03,2020-11-08 17:53:31+03,Не определено
6933,143593,1231,2020-10-28 13:38:29+03,2020-11-11 07:50:26+03,Не определено
7614,143610,1278,2020-10-28 13:38:29+03,2020-11-11 11:43:59+03,Не определено
9855,143613,1276,2020-10-28 13:38:29+03,2020-11-06 02:49:56+03,Не определено
6946,143625,1266,2020-10-28 13:38:30+03,2020-11-11 11:43:59+03,Не определено
2475,143635,1261,2020-10-28 13:38:30+03,2020-10-30 04:47:04+03,Не определено
3996,143653,1240,2020-10-28 13:38:31+03,2020-11-11 11:43:59+03,Не определено
9037,193100,800,2020-10-30 12:56:01+03,2020-11-07 16:20:16+03,Не определено
179,193120,831,2020-10-30 12:56:02+03,2020-11-07 16:20:16+03,Не определено
2576,193123,828,2020-10-30 12:56:02+03,2020-11-07 16:20:16+03,Не определено
4021,193141,822,2020-10-30 12:56:03+03,2020-11-04 02:39:38+03,Не определено
10768,193150,805,2020-10-30 12:56:04+03,2020-11-07 16:20:16+03,Не определено
10780,193166,808,2020-10-30 12:56:05+03,2020-11-07 16:20:16+03,Не определено
10794,193182,800,2020-10-30 12:56:06+03,2020-11-07 16:20:16+03,Не определено
1001,193185,800,2020-10-30 12:56:06+03,2020-11-07 16:20:16+03,Не определено
5459,193207,793,2020-10-30 12:56:07+03,2020-11-07 16:20:16+03,Не определено
5472,193223,791,2020-10-30 12:56:08+03,2020-11-07 16:20:16+03,Не определено
7677,193226,786,2020-10-30 12:56:08+03,2020-11-05 21:09:39+03,Не определено
913,154129,,2020-11-06 12:04:48+03,2020-11-06 13:31:20+03,Неисправен
1589,93138,,2020-11-07 14:40:33+03,2020-11-07 15:48:43+03,Много неисправных устройств
914,154129,,2020-11-10 14:19:32+03,2020-11-11 07:40:22+03,Батарея неисправна
915,154129,,2020-11-11 10:31:58+03,2020-11-16 17:58:19+03,Батарея неисправна
973,171393,,2020-11-11 14:01:47+03,2020-11-11 15:58:05+03,Неисправен
2501,157315,,2020-11-11 15:13:17+03,2020-11-11 19:25:12+03,Неисправен
916,154129,,2020-11-17 07:59:56+03,2020-11-18 03:43:20+03,Батарея неисправна
917,154129,,2020-11-18 05:12:12+03,2020-11-18 07:13:40+03,Батарея неисправна
918,154129,,2020-11-18 07:53:33+03,2020-11-19 09:32:19+03,Батарея неисправна
919,154129,,2020-11-19 10:10:56+03,2020-11-20 10:15:57+03,Батарея неисправна
920,154129,,2020-11-20 11:23:24+03,2020-11-20 13:45:57+03,Батарея неисправна
921,154129,,2020-11-21 08:45:42+03,2020-11-21 09:49:00+03,Батарея неисправна
922,154129,,2020-11-21 09:59:56+03,2020-11-21 11:56:39+03,Батарея неисправна
923,154129,,2020-11-21 11:56:40+03,2020-11-21 14:12:09+03,Батарея неисправна
924,154129,,2020-11-21 15:17:23+03,2020-11-22 09:30:39+03,Батарея неисправна
925,154129,,2020-11-22 09:30:40+03,2020-11-22 13:21:04+03,Батарея неисправна
926,154129,,2020-11-22 14:01:08+03,2020-11-23 07:08:56+03,Батарея неисправна
927,154129,,2020-11-23 07:22:26+03,2020-11-24 12:45:54+03,Батарея неисправна
928,154129,,2020-11-24 12:46:05+03,2020-11-24 18:30:45+03,Батарея неисправна
929,154129,,2020-11-24 18:32:59+03,2020-11-30 15:45:20+03,Батарея неисправна
2502,157315,,2020-11-25 15:12:44+03,2020-11-25 16:32:31+03,Неисправен
7,9328,,2020-11-29 02:13:12+03,2020-11-29 04:24:54+03,Много неисправных устройств
786,9329,,2020-11-29 02:13:13+03,2020-11-29 04:18:53+03,Много неисправных устройств
1574,9330,,2020-11-29 02:13:13+03,2020-11-29 04:24:54+03,Много неисправных устройств
930,154129,,2020-12-01 08:44:54+03,2020-12-01 16:48:40+03,Батарея неисправна
5540,227463,1413,2020-12-03 10:51:23+03,2020-12-03 14:44:09+03,Неисправен
931,154129,,2020-12-03 17:23:47+03,2020-12-04 13:29:11+03,Батарея неисправна
11587,227471,1413,2020-12-04 09:12:57+03,2020-12-04 11:27:29+03,Неисправен
932,154129,,2020-12-05 10:41:10+03,2020-12-05 14:31:53+03,Батарея неисправна
933,154129,,2020-12-05 15:11:51+03,2020-12-06 14:18:25+03,Батарея неисправна
934,154129,,2020-12-06 14:18:26+03,2020-12-07 07:22:14+03,Батарея неисправна
935,154129,,2020-12-07 07:33:16+03,2020-12-08 12:54:55+03,Батарея неисправна
5541,227463,1413,2020-12-07 09:41:23+03,2020-12-07 11:35:14+03,Неисправен
1742,193090,817,2020-12-07 12:24:59+03,2020-12-07 14:30:54+03,Не определено
9038,193100,800,2020-12-07 12:25:00+03,2020-12-07 14:16:25+03,Не определено
180,193120,831,2020-12-07 12:25:02+03,2020-12-07 14:14:20+03,Не определено
2577,193123,828,2020-12-07 12:25:02+03,2020-12-07 14:14:36+03,Не определено
4022,193141,822,2020-12-07 12:25:03+03,2020-12-07 14:32:02+03,Не определено
10769,193150,805,2020-12-07 12:25:04+03,2020-12-07 14:16:29+03,Не определено
10781,193166,808,2020-12-07 12:25:05+03,2020-12-07 14:31:46+03,Не определено
10795,193182,800,2020-12-07 12:25:06+03,2020-12-07 14:14:18+03,Не определено
1002,193185,800,2020-12-07 12:25:06+03,2020-12-07 14:17:25+03,Не определено
5460,193207,793,2020-12-07 12:25:07+03,2020-12-07 14:32:37+03,Не определено
5473,193223,791,2020-12-07 12:25:08+03,2020-12-07 14:14:21+03,Не определено
7678,193226,786,2020-12-07 12:25:08+03,2020-12-07 14:15:45+03,Не определено
1743,193090,817,2020-12-08 13:54:24+03,2020-12-08 15:29:44+03,Не определено
9039,193100,800,2020-12-08 13:54:25+03,2020-12-08 15:24:53+03,Не определено
181,193120,831,2020-12-08 13:54:27+03,2020-12-08 15:31:54+03,Не определено
2578,193123,828,2020-12-08 13:54:27+03,2020-12-08 15:31:54+03,Не определено
4023,193141,822,2020-12-08 13:54:28+03,2020-12-08 15:31:54+03,Не определено
10770,193150,805,2020-12-08 13:54:28+03,2020-12-08 15:31:54+03,Не определено
10782,193166,808,2020-12-08 13:54:29+03,2020-12-08 15:31:54+03,Не определено
10796,193182,800,2020-12-08 13:54:30+03,2020-12-08 15:31:54+03,Не определено
1003,193185,800,2020-12-08 13:54:30+03,2020-12-08 15:24:53+03,Не определено
5461,193207,793,2020-12-08 13:54:31+03,2020-12-08 15:29:16+03,Не определено
5474,193223,791,2020-12-08 13:54:32+03,2020-12-08 15:31:54+03,Не определено
7679,193226,786,2020-12-08 13:54:32+03,2020-12-08 15:31:54+03,Не определено
936,154129,,2020-12-08 14:03:34+03,2020-12-08 17:30:39+03,Батарея неисправна
10797,193182,800,2020-12-08 15:49:41+03,2020-12-14 15:39:30+03,Не определено
7680,193226,786,2020-12-08 15:49:43+03,2020-12-14 15:39:32+03,Не определено
1744,193090,817,2020-12-08 16:10:38+03,2020-12-14 15:39:04+03,Не определено
9040,193100,800,2020-12-08 16:10:39+03,2020-12-08 18:19:00+03,Не определено
3302,196820,,2020-12-14 12:50:40+03,2020-12-14 14:05:36+03,Много неисправных устройств
5504,196823,,2020-12-14 12:50:40+03,2020-12-14 14:05:36+03,Много неисправных устройств
6223,196824,,2020-12-14 12:50:40+03,2020-12-14 14:05:37+03,Много неисправных устройств
8945,93756,653,2020-12-14 23:56:44+03,2020-12-25 12:41:36+03,Не определено
4590,93782,624,2020-12-14 23:56:47+03,2021-01-11 01:22:10+03,Не определено
937,154129,,2020-12-18 12:05:11+03,2020-12-18 13:08:51+03,Неисправен
9730,50637,,2020-12-22 00:03:57+03,2020-12-22 02:00:11+03,Много неисправных устройств
6143,147000,,2020-12-22 00:04:25+03,2020-12-22 02:53:26+03,Много неисправных устройств
6967,147001,,2020-12-22 00:04:25+03,2020-12-22 02:53:26+03,Много неисправных устройств
2600,210643,1461,2020-12-22 00:46:12+03,2020-12-22 06:15:46+03,Неисправен
938,154129,,2020-12-22 13:29:13+03,2020-12-24 16:42:25+03,Батарея неисправна
939,154129,,2021-01-01 12:05:17+03,2021-01-01 14:54:46+03,Неисправен
940,154129,,2021-01-05 13:13:20+03,2021-01-15 12:28:02+03,Батарея неисправна
941,154129,,2021-01-19 13:22:15+03,2021-01-25 17:33:36+03,Батарея неисправна
882,135185,,2021-01-19 15:10:04+03,2021-01-19 17:24:22+03,Много неисправных устройств
1684,135186,,2021-01-19 15:10:04+03,2021-01-19 17:24:33+03,Много неисправных устройств
2503,157315,,2021-01-20 15:08:06+03,2021-01-20 17:35:57+03,Неисправен
1180,229041,2014,2021-01-26 14:26:20+03,2021-01-27 13:45:05+03,Неисправен
942,154129,,2021-01-27 16:48:59+03,2021-02-01 17:23:35+03,Батарея неисправна
6250,227208,1376,2021-01-28 10:20:01+03,2021-01-28 14:58:23+03,Неисправен
4763,227494,1353,2021-02-02 09:04:37+03,2021-02-02 13:12:54+03,Неисправен
943,154129,,2021-02-02 15:05:35+03,2021-02-03 07:35:51+03,Батарея неисправна
2592,196995,1512,2021-02-05 10:42:00+03,2021-02-05 11:57:20+03,Неисправен
6233,197000,1512,2021-02-05 10:42:01+03,2021-02-05 11:57:09+03,Неисправен
1745,193090,817,2021-02-07 22:53:45+03,2021-03-10 02:54:03+03,Не определено
9041,193100,800,2021-02-07 22:53:46+03,2021-02-10 02:51:11+03,Не определено
182,193120,831,2021-02-07 22:53:48+03,2021-03-10 02:54:03+03,Не определено
2579,193123,828,2021-02-07 22:53:48+03,2021-03-10 02:54:03+03,Не определено
4024,193141,822,2021-02-07 22:53:49+03,2021-02-23 22:58:23+03,Не определено
10771,193150,805,2021-02-07 22:53:50+03,2021-03-10 02:54:03+03,Не определено
10783,193166,808,2021-02-07 22:53:51+03,2021-03-10 02:54:03+03,Не определено
10798,193182,800,2021-02-07 22:53:52+03,2021-03-10 02:54:03+03,Не определено
1004,193185,800,2021-02-07 22:53:52+03,2021-02-11 20:47:57+03,Не определено
5462,193207,793,2021-02-07 22:53:53+03,2021-03-10 02:54:03+03,Не определено
5475,193223,791,2021-02-07 22:53:53+03,2021-03-10 02:54:03+03,Не определено
7681,193226,786,2021-02-07 22:53:53+03,2021-03-10 02:54:03+03,Не определено
5338,3127,,2021-02-08 07:27:31+03,2021-02-08 12:18:29+03,Неисправен
5846,230871,1403,2021-02-09 09:49:52+03,2021-02-09 16:09:05+03,Неисправен
6665,236728,2080,2021-02-10 11:38:33+03,2021-02-10 14:00:16+03,Неисправен
3273,171764,,2021-02-10 12:06:05+03,2021-02-10 13:56:41+03,Неисправен
1733,171794,,2021-02-10 12:28:50+03,2021-02-10 13:54:18+03,Неисправен
3274,171764,,2021-02-10 14:23:52+03,2021-02-11 11:40:41+03,Неисправен
8341,144875,1287,2021-02-14 00:50:12+03,2021-02-20 09:18:44+03,Батарея неисправна
944,154129,,2021-02-23 11:29:58+03,2021-02-24 08:11:32+03,Батарея неисправна
4716,171430,,2021-03-04 09:44:59+03,2021-03-04 12:46:23+03,Неисправен
7649,171754,,2021-03-07 07:57:56+03,2021-03-08 03:09:52+03,Неисправен
8946,93756,653,2021-03-10 09:10:03+03,2021-03-11 09:49:23+03,Не определено
4591,93782,624,2021-03-10 09:10:04+03,2021-03-26 15:56:26+03,Не определено
1617,93794,619,2021-03-10 09:10:04+03,2021-03-12 13:20:04+03,Не определено
1619,93826,599,2021-03-10 09:10:04+03,2021-03-11 00:14:51+03,Не определено
10638,93838,849,2021-03-10 09:10:04+03,2021-04-12 11:49:46+03,Не определено
47,93856,841,2021-03-10 09:10:04+03,2021-03-14 16:24:41+03,Не определено
7552,93898,588,2021-03-10 09:10:04+03,2021-03-10 10:22:16+03,Не определено
10640,93902,738,2021-03-10 09:10:04+03,2021-03-14 19:01:11+03,Не определено
3194,93908,637,2021-03-10 09:10:04+03,2021-03-12 17:33:16+03,Не определено
8292,93931,659,2021-03-10 09:10:04+03,2021-04-15 07:14:21+03,Не определено
8294,93995,624,2021-03-10 09:10:04+03,2021-03-25 15:50:03+03,Не определено
11405,93999,623,2021-03-10 09:10:04+03,2021-03-25 13:39:35+03,Не определено
2380,94035,609,2021-03-10 09:10:05+03,2021-04-11 21:41:54+03,Не определено
3925,94053,603,2021-03-10 09:10:05+03,2021-03-16 18:54:50+03,Не определено
5358,94071,594,2021-03-10 09:10:05+03,2021-06-19 22:54:08+03,Не определено
2382,94083,591,2021-03-10 09:10:05+03,2021-03-11 10:14:28+03,Не определено
6841,94089,852,2021-03-10 09:10:05+03,2021-04-03 19:28:11+03,Не определено
8296,94091,849,2021-03-10 09:10:05+03,2021-03-29 18:00:31+03,Не определено
8948,94092,848,2021-03-10 09:10:05+03,2021-03-29 17:35:02+03,Не определено
820,94097,848,2021-03-10 09:10:05+03,2021-03-29 17:50:50+03,Не определено
7560,94122,841,2021-03-10 09:10:05+03,2021-03-11 14:23:39+03,Не определено
8950,94124,836,2021-03-10 09:10:05+03,2021-03-11 06:21:33+03,Не определено
6843,94137,835,2021-03-10 09:10:05+03,2021-03-15 10:42:45+03,Не определено
7562,94138,813,2021-03-10 09:10:05+03,2021-03-12 17:35:16+03,Не определено
3197,94148,779,2021-03-10 09:10:06+03,2021-03-13 10:59:51+03,Не определено
6081,94152,779,2021-03-10 09:10:06+03,2021-03-15 12:04:05+03,Не определено
1621,94162,732,2021-03-10 09:10:06+03,2021-03-15 16:36:48+03,Не определено
4602,94166,732,2021-03-10 09:10:06+03,2021-03-12 16:29:52+03,Не определено
822,94177,675,2021-03-10 09:10:06+03,2021-03-12 19:06:57+03,Не определено
8952,94188,621,2021-03-10 09:10:06+03,2021-03-15 20:31:01+03,Не определено
1623,94194,588,2021-03-10 09:10:06+03,2021-03-10 10:30:17+03,Не определено
3199,94196,588,2021-03-10 09:10:06+03,2021-03-10 10:29:17+03,Не определено
5369,94199,851,2021-03-10 09:10:06+03,2021-03-10 15:35:20+03,Не определено
5371,94215,587,2021-03-10 09:10:06+03,2021-03-25 16:58:39+03,Не определено
6083,94216,587,2021-03-10 09:10:06+03,2021-03-14 14:54:24+03,Не определено
8966,98220,666,2021-03-10 09:10:06+03,2021-05-14 16:02:02+03,Не определено
835,98225,666,2021-03-10 09:10:06+03,2021-05-17 17:21:06+03,Не определено
8329,120283,,2021-03-11 12:51:45+03,2021-03-11 15:37:15+03,Неисправен
9778,98189,670,2021-03-17 11:00:56+03,2021-03-17 14:21:15+03,Неисправен
5387,94855,675,2021-03-17 13:14:42+03,2021-03-17 14:21:19+03,Неисправен
2504,157315,,2021-03-17 15:04:29+03,2021-03-17 16:44:16+03,Неисправен
10749,171710,,2021-03-18 10:34:04+03,2021-03-18 14:07:31+03,Неисправен
8330,120283,,2021-03-25 12:50:24+03,2021-03-25 14:31:41+03,Неисправен
7709,222042,565,2021-03-25 15:08:09+03,2021-03-25 17:55:26+03,Неисправен
4718,171798,,2021-03-27 11:37:50+03,2021-03-27 14:48:02+03,Неисправен
5869,255335,1353,2021-03-30 13:37:35+03,2021-03-30 15:46:03+03,Неисправен
143,154112,,2021-03-31 10:44:14+03,2021-04-12 08:12:08+03,Не определено
4712,154118,,2021-03-31 10:44:14+03,2021-04-23 11:00:13+03,Не определено
7642,154122,,2021-03-31 10:44:14+03,2021-04-19 11:25:40+03,Не определено
168,171760,,2021-03-31 11:15:14+03,2021-03-31 16:17:03+03,Неисправен
5372,94823,634,2021-04-06 10:39:29+03,2021-06-01 11:40:26+03,Неисправен
11494,193183,800,2021-04-06 13:11:36+03,2021-04-06 14:32:14+03,Неисправен
6209,196472,,2021-04-07 11:55:41+03,2021-04-07 13:30:01+03,Неисправен
8331,120283,,2021-04-08 12:49:09+03,2021-04-08 15:46:02+03,Неисправен
7710,222042,565,2021-04-08 15:08:23+03,2021-04-08 16:17:33+03,Неисправен
2505,157315,,2021-04-14 15:02:10+03,2021-04-14 16:35:14+03,Неисправен
6187,171656,,2021-04-15 11:01:54+03,2021-04-15 12:15:21+03,Неисправен
6096,115800,952,2021-04-16 16:16:31+03,2021-04-16 21:52:28+03,Неисправен
9447,230748,1727,2021-04-19 15:20:51+03,2021-04-19 16:28:50+03,Много неисправных устройств
10435,230749,,2021-04-19 15:20:51+03,2021-04-19 16:28:50+03,Много неисправных устройств
6616,231352,,2021-04-19 15:20:52+03,2021-04-19 16:28:50+03,Много неисправных устройств
11203,231422,1843,2021-04-19 15:20:52+03,2021-04-19 16:28:50+03,Много неисправных устройств
9968,178333,,2021-04-20 23:22:52+03,2021-04-21 00:53:31+03,Батарея неисправна
6112,143512,1263,2021-04-21 11:58:26+03,2021-04-22 15:43:39+03,Не определено
6919,143529,,2021-04-21 11:58:26+03,2021-05-12 11:34:44+03,Не определено
898,143537,1243,2021-04-21 11:58:26+03,2021-05-12 11:23:14+03,Не определено
2462,143587,1233,2021-04-21 11:58:26+03,2021-05-12 11:33:48+03,Не определено
6934,143593,1231,2021-04-21 11:58:26+03,2021-05-12 11:36:21+03,Не определено
7615,143610,1278,2021-04-21 11:58:26+03,2021-06-26 20:31:59+03,Не определено
9856,143613,1276,2021-04-21 11:58:26+03,2021-04-24 20:28:27+03,Не определено
6947,143625,1266,2021-04-21 11:58:26+03,2021-06-26 20:31:59+03,Не определено
2476,143635,1261,2021-04-21 11:58:26+03,2021-06-26 20:31:59+03,Не определено
3997,143653,1240,2021-04-21 11:58:26+03,2021-06-26 20:31:59+03,Не определено
99,143696,1258,2021-04-21 11:58:27+03,2021-05-19 16:44:53+03,Не определено
6413,229448,1904,2021-04-21 16:34:22+03,2021-04-21 20:28:12+03,Неисправен
7180,229449,1903,2021-04-21 16:34:22+03,2021-04-21 20:28:12+03,Неисправен
7870,229450,1903,2021-04-21 16:34:24+03,2021-04-21 20:28:12+03,Неисправен
8559,229451,1902,2021-04-21 16:34:24+03,2021-04-21 20:28:12+03,Неисправен
9249,229452,1902,2021-04-21 16:34:24+03,2021-04-22 00:25:04+03,Неисправен
10214,229453,1902,2021-04-21 16:34:24+03,2021-04-22 00:25:04+03,Неисправен
11035,229454,1901,2021-04-21 16:34:24+03,2021-04-22 08:11:31+03,Неисправен
11785,229455,1901,2021-04-21 16:34:24+03,2021-04-22 08:11:31+03,Неисправен
431,229456,1900,2021-04-21 16:34:26+03,2021-04-22 08:11:31+03,Неисправен
1222,229457,1900,2021-04-21 16:34:26+03,2021-04-22 08:11:31+03,Неисправен
1986,229458,1899,2021-04-21 16:34:26+03,2021-04-22 08:11:31+03,Неисправен
2824,229459,1899,2021-04-21 16:34:26+03,2021-04-22 08:11:31+03,Неисправен
4251,229461,1898,2021-04-21 16:34:26+03,2021-04-22 08:11:31+03,Неисправен
4970,229462,1898,2021-04-21 16:34:26+03,2021-04-22 08:11:31+03,Неисправен
5716,229463,1897,2021-04-21 16:34:28+03,2021-04-22 08:11:31+03,Неисправен
6455,229464,1897,2021-04-21 16:34:28+03,2021-04-22 08:11:31+03,Неисправен
7213,229465,1897,2021-04-21 16:34:28+03,2021-04-22 08:11:31+03,Неисправен
7900,229466,1896,2021-04-21 16:34:28+03,2021-04-22 08:11:31+03,Неисправен
8603,229467,1896,2021-04-21 16:34:28+03,2021-04-22 08:11:31+03,Неисправен
9288,229468,1894,2021-04-21 16:34:28+03,2021-04-22 08:11:31+03,Неисправен
10257,229469,1894,2021-04-21 16:34:30+03,2021-04-22 08:11:31+03,Неисправен
11081,229470,1893,2021-04-21 16:34:30+03,2021-04-22 08:11:31+03,Неисправен
11821,229471,1893,2021-04-21 16:34:30+03,2021-04-22 08:11:31+03,Неисправен
469,229472,1893,2021-04-21 16:34:30+03,2021-04-22 08:11:31+03,Неисправен
1253,229473,1892,2021-04-21 16:34:30+03,2021-04-22 08:11:31+03,Неисправен
2020,229474,1892,2021-04-21 16:34:30+03,2021-04-22 08:11:31+03,Неисправен
2862,229475,1892,2021-04-21 16:34:30+03,2021-04-22 08:11:31+03,Неисправен
3596,229476,1909,2021-04-21 16:34:32+03,2021-04-22 08:11:31+03,Неисправен
4285,229477,1910,2021-04-21 16:34:32+03,2021-04-22 08:11:31+03,Неисправен
5019,229478,1910,2021-04-21 16:34:32+03,2021-04-22 08:11:31+03,Неисправен
5751,229479,1910,2021-04-21 16:34:32+03,2021-04-22 08:11:31+03,Неисправен
6487,229480,1910,2021-04-21 16:34:32+03,2021-04-22 08:11:31+03,Неисправен
7248,229481,1910,2021-04-21 16:34:32+03,2021-04-22 08:11:31+03,Неисправен
7947,229482,1911,2021-04-21 16:34:34+03,2021-04-22 08:11:31+03,Неисправен
8647,229483,1911,2021-04-21 16:34:34+03,2021-04-22 08:11:31+03,Неисправен
9334,229484,1912,2021-04-21 16:34:34+03,2021-04-22 08:11:31+03,Неисправен
10295,229485,1912,2021-04-21 16:34:34+03,2021-04-22 08:11:31+03,Неисправен
11114,229486,1913,2021-04-21 16:34:34+03,2021-04-22 08:11:31+03,Неисправен
11862,229487,1913,2021-04-21 16:34:34+03,2021-04-22 08:11:31+03,Неисправен
501,229488,1913,2021-04-21 16:34:34+03,2021-04-22 08:11:31+03,Неисправен
1293,229489,1914,2021-04-21 16:34:36+03,2021-04-22 08:11:31+03,Неисправен
2059,229490,1914,2021-04-21 16:34:36+03,2021-04-22 08:11:31+03,Неисправен
2893,229491,1914,2021-04-21 16:34:36+03,2021-04-22 08:11:31+03,Неисправен
3616,229492,1914,2021-04-21 16:34:36+03,2021-04-22 08:11:31+03,Неисправен
4333,229493,1915,2021-04-21 16:34:36+03,2021-04-22 08:11:31+03,Неисправен
5063,229494,1915,2021-04-21 16:34:36+03,2021-04-22 08:11:31+03,Неисправен
5776,229495,1916,2021-04-21 16:34:38+03,2021-04-22 08:11:31+03,Неисправен
6519,229496,1916,2021-04-21 16:34:38+03,2021-04-22 08:11:31+03,Неисправен
7279,229497,1918,2021-04-21 16:34:38+03,2021-04-22 08:11:31+03,Неисправен
7978,229498,1918,2021-04-21 16:34:38+03,2021-04-22 08:11:31+03,Неисправен
8686,229499,1918,2021-04-21 16:34:38+03,2021-04-22 08:11:31+03,Неисправен
9372,229500,1919,2021-04-21 16:34:38+03,2021-04-22 08:11:31+03,Неисправен
10324,229501,1919,2021-04-21 16:34:38+03,2021-04-22 08:11:31+03,Неисправен
11146,229502,1920,2021-04-21 16:34:40+03,2021-04-22 08:11:31+03,Неисправен
11888,229503,1920,2021-04-21 16:34:40+03,2021-04-22 08:11:31+03,Неисправен
543,229504,1921,2021-04-21 16:34:40+03,2021-04-22 08:11:31+03,Неисправен
1326,229505,1921,2021-04-21 16:34:40+03,2021-04-22 08:11:31+03,Неисправен
2092,229506,1921,2021-04-21 16:34:40+03,2021-04-22 08:11:31+03,Неисправен
2930,229507,1922,2021-04-21 16:34:40+03,2021-04-22 08:11:31+03,Неисправен
3651,229508,1922,2021-04-21 16:34:42+03,2021-04-22 08:11:31+03,Неисправен
4364,229509,1923,2021-04-21 16:34:42+03,2021-04-22 08:11:31+03,Неисправен
5097,229510,1923,2021-04-21 16:34:42+03,2021-04-22 08:11:31+03,Неисправен
8086,232218,1923,2021-04-21 16:34:42+03,2021-04-22 08:11:31+03,Неисправен
8754,232219,1924,2021-04-21 16:34:42+03,2021-04-22 08:11:31+03,Неисправен
9499,232220,1924,2021-04-21 16:34:42+03,2021-04-22 08:11:31+03,Неисправен
2361,93491,763,2021-04-22 14:52:05+03,2021-04-22 16:00:16+03,Неисправен
9335,229484,1912,2021-04-23 07:56:32+03,2021-04-23 09:10:28+03,Неисправен
10296,229485,1912,2021-04-23 07:56:32+03,2021-04-23 09:06:36+03,Неисправен
2931,229507,1922,2021-04-23 07:56:38+03,2021-04-23 09:08:50+03,Неисправен
3652,229508,1922,2021-04-23 07:56:40+03,2021-04-23 09:30:18+03,Неисправен
5098,229510,1923,2021-04-23 07:56:40+03,2021-04-23 09:27:48+03,Неисправен
1327,229505,1921,2021-04-23 08:01:10+03,2021-04-23 09:16:56+03,Неисправен
4971,229462,1898,2021-04-23 08:07:40+03,2021-04-23 10:15:22+03,Неисправен
9289,229468,1894,2021-04-23 08:07:40+03,2021-04-23 09:34:18+03,Неисправен
10258,229469,1894,2021-04-23 08:07:42+03,2021-04-23 09:25:32+03,Неисправен
5020,229478,1910,2021-04-23 08:07:44+03,2021-04-23 09:11:20+03,Неисправен
502,229488,1913,2021-04-23 08:08:34+03,2021-04-23 09:54:26+03,Неисправен
2894,229491,1914,2021-04-23 08:08:36+03,2021-04-23 09:16:48+03,Неисправен
2825,229459,1899,2021-04-23 08:29:38+03,2021-04-23 09:30:44+03,Неисправен
11115,229486,1913,2021-04-23 08:29:46+03,2021-04-23 09:32:10+03,Неисправен
7871,229450,1903,2021-04-23 08:32:02+03,2021-04-23 09:32:40+03,Неисправен
8560,229451,1902,2021-04-23 08:38:46+03,2021-04-23 09:46:50+03,Неисправен
10996,229438,1908,2021-04-23 08:41:04+03,2021-04-23 09:41:14+03,Неисправен
7979,229498,1918,2021-04-23 08:45:36+03,2021-04-23 09:51:08+03,Неисправен
6488,229480,1910,2021-04-23 08:49:04+03,2021-04-23 10:27:40+03,Неисправен
5717,229463,1897,2021-04-23 08:52:04+03,2021-04-23 09:58:00+03,Неисправен
11036,229454,1901,2021-04-23 08:53:38+03,2021-04-23 10:11:22+03,Неисправен
9250,229452,1902,2021-04-23 08:57:30+03,2021-04-23 09:57:44+03,Неисправен
544,229504,1921,2021-04-23 09:02:26+03,2021-04-23 10:52:36+03,Неисправен
9500,232220,1924,2021-04-23 09:02:28+03,2021-04-23 10:12:54+03,Неисправен
2021,229474,1892,2021-04-23 09:08:40+03,2021-04-23 10:29:52+03,Неисправен
10297,229485,1912,2021-04-23 09:08:44+03,2021-04-23 10:45:30+03,Неисправен
2060,229490,1914,2021-04-23 09:08:46+03,2021-04-23 10:26:20+03,Неисправен
8087,232218,1923,2021-04-23 09:08:52+03,2021-04-23 10:29:38+03,Неисправен
4928,229446,1904,2021-04-23 09:14:50+03,2021-04-23 11:36:58+03,Неисправен
10259,229469,1894,2021-04-23 09:26:10+03,2021-04-23 10:26:18+03,Неисправен
8755,232219,1924,2021-04-23 09:27:20+03,2021-04-23 10:40:52+03,Неисправен
11822,229471,1893,2021-04-23 09:31:34+03,2021-04-23 10:36:46+03,Неисправен
9290,229468,1894,2021-04-23 09:35:02+03,2021-04-23 11:01:56+03,Неисправен
9336,229484,1912,2021-04-23 09:39:12+03,2021-04-23 11:29:32+03,Неисправен
7280,229497,1918,2021-04-23 09:39:16+03,2021-04-23 10:57:50+03,Неисправен
11741,229439,1908,2021-04-23 09:44:58+03,2021-04-23 10:57:56+03,Неисправен
11786,229455,1901,2021-04-23 09:45:54+03,2021-04-23 11:08:00+03,Неисправен
4286,229477,1910,2021-04-23 09:55:30+03,2021-04-23 11:23:42+03,Неисправен
7901,229466,1896,2021-04-23 10:00:16+03,2021-04-23 11:09:34+03,Неисправен
5064,229494,1915,2021-04-23 10:06:20+03,2021-04-23 11:16:54+03,Неисправен
8561,229451,1902,2021-04-23 10:07:18+03,2021-04-23 11:36:22+03,Неисправен
5777,229495,1916,2021-04-23 10:10:42+03,2021-04-23 11:28:02+03,Неисправен
11037,229454,1901,2021-04-23 10:13:38+03,2021-04-23 12:05:28+03,Неисправен
9373,229500,1919,2021-04-23 10:13:52+03,2021-04-23 11:42:46+03,Неисправен
60,94848,848,2021-04-23 10:14:49+03,2021-04-23 13:36:30+03,Неисправен
9770,98173,848,2021-04-23 10:14:49+03,2021-04-23 13:36:51+03,Неисправен
3653,229508,1922,2021-04-23 10:18:58+03,2021-04-23 11:50:22+03,Неисправен
8365,193211,792,2021-04-23 10:20:56+03,2021-04-23 13:40:11+03,Неисправен
3554,229460,1899,2021-04-23 10:24:22+03,2021-04-23 11:24:48+03,Неисправен
10997,229438,1908,2021-04-23 10:27:26+03,2021-04-23 11:34:58+03,Неисправен
2061,229490,1914,2021-04-23 10:28:22+03,2021-04-23 11:30:22+03,Неисправен
8756,232219,1924,2021-04-23 10:42:00+03,2021-04-23 12:22:48+03,Неисправен
7948,229482,1911,2021-04-23 10:45:28+03,2021-04-23 12:32:46+03,Неисправен
1223,229457,1900,2021-04-23 10:47:04+03,2021-04-23 11:50:06+03,Неисправен
9501,232220,1924,2021-04-23 10:51:48+03,2021-04-23 11:52:22+03,Неисправен
7281,229497,1918,2021-04-23 11:00:34+03,2021-04-23 12:08:06+03,Неисправен
470,229472,1893,2021-04-23 11:07:26+03,2021-04-23 12:32:42+03,Неисправен
10325,229501,1919,2021-04-23 11:10:52+03,2021-04-23 12:39:02+03,Неисправен
2932,229507,1922,2021-04-23 11:24:34+03,2021-04-23 12:42:14+03,Неисправен
5021,229478,1910,2021-04-23 11:26:46+03,2021-04-23 12:28:40+03,Неисправен
11823,229471,1893,2021-04-23 11:33:48+03,2021-04-23 13:14:24+03,Неисправен
10649,94094,848,2021-04-23 11:40:57+03,2021-04-23 13:37:08+03,Неисправен
400,229440,1908,2021-04-23 11:57:12+03,2021-04-23 12:57:14+03,Неисправен
4213,229445,1905,2021-04-23 12:05:26+03,2021-04-23 14:04:00+03,Неисправен
6456,229464,1897,2021-04-23 12:15:38+03,2021-04-23 13:25:32+03,Неисправен
5778,229495,1916,2021-04-23 12:21:46+03,2021-04-23 13:25:02+03,Неисправен
11863,229487,1913,2021-04-23 12:40:36+03,2021-04-23 14:54:32+03,Неисправен
8604,229467,1896,2021-04-23 12:48:30+03,2021-04-23 14:18:26+03,Неисправен
432,229456,1900,2021-04-23 12:50:12+03,2021-04-23 13:54:56+03,Неисправен
471,229472,1893,2021-04-23 12:51:58+03,2021-04-23 14:13:12+03,Неисправен
11742,229439,1908,2021-04-23 12:59:10+03,2021-04-23 14:10:20+03,Неисправен
7980,229498,1918,2021-04-23 13:11:32+03,2021-04-23 14:40:48+03,Неисправен
4972,229462,1898,2021-04-23 13:14:22+03,2021-04-23 14:15:26+03,Неисправен
10260,229469,1894,2021-04-23 13:19:42+03,2021-04-23 14:51:12+03,Неисправен
7949,229482,1911,2021-04-23 13:19:46+03,2021-04-23 15:08:22+03,Неисправен
8687,229499,1918,2021-04-23 13:22:36+03,2021-04-23 14:29:36+03,Неисправен
2785,229443,1907,2021-04-23 13:24:06+03,2021-04-23 14:25:02+03,Неисправен
4287,229477,1910,2021-04-23 13:25:36+03,2021-04-23 15:05:30+03,Неисправен
1328,229505,1921,2021-04-23 13:32:04+03,2021-04-23 14:48:20+03,Неисправен
9374,229500,1919,2021-04-23 13:37:00+03,2021-04-23 15:11:14+03,Неисправен
11787,229455,1901,2021-04-23 13:41:32+03,2021-04-23 15:13:40+03,Неисправен
10326,229501,1919,2021-04-23 13:44:26+03,2021-04-23 14:53:22+03,Неисправен
11038,229454,1901,2021-04-23 13:50:12+03,2021-04-23 15:13:32+03,Неисправен
3516,229444,1905,2021-04-23 13:59:10+03,2021-04-23 15:57:48+03,Неисправен
7249,229481,1910,2021-04-23 14:00:02+03,2021-04-23 15:46:36+03,Неисправен
1987,229458,1899,2021-04-23 14:09:32+03,2021-04-23 15:51:06+03,Неисправен
4365,229509,1923,2021-04-23 14:14:36+03,2021-04-23 15:44:52+03,Неисправен
1254,229473,1892,2021-04-23 14:20:20+03,2021-04-23 15:32:24+03,Неисправен
2022,229474,1892,2021-04-23 14:20:20+03,2021-04-23 16:31:18+03,Неисправен
6520,229496,1916,2021-04-23 14:20:26+03,2021-04-23 15:22:50+03,Неисправен
6489,229480,1910,2021-04-23 14:22:40+03,2021-04-23 15:42:42+03,Неисправен
7282,229497,1918,2021-04-23 14:22:46+03,2021-04-23 15:29:40+03,Неисправен
7872,229450,1903,2021-04-23 14:25:54+03,2021-04-23 15:57:06+03,Неисправен
5099,229510,1923,2021-04-23 14:26:14+03,2021-04-23 16:15:22+03,Неисправен
4214,229445,1905,2021-04-23 14:28:20+03,2021-04-23 16:01:46+03,Неисправен
10298,229485,1912,2021-04-23 14:32:18+03,2021-04-23 16:12:36+03,Неисправен
2895,229491,1914,2021-04-23 14:33:56+03,2021-04-23 15:43:34+03,Неисправен
11824,229471,1893,2021-04-23 14:37:12+03,2021-04-23 15:37:38+03,Неисправен
11116,229486,1913,2021-04-23 14:37:16+03,2021-04-23 15:38:56+03,Неисправен
2062,229490,1914,2021-04-23 14:37:18+03,2021-04-23 15:39:34+03,Неисправен
2933,229507,1922,2021-04-23 14:39:02+03,2021-04-23 15:39:36+03,Неисправен
8605,229467,1896,2021-04-23 14:43:52+03,2021-04-23 16:11:20+03,Неисправен
11082,229470,1893,2021-04-23 14:43:54+03,2021-04-23 15:45:50+03,Неисправен
11743,229439,1908,2021-04-23 14:48:58+03,2021-04-23 15:58:24+03,Неисправен
9502,232220,1924,2021-04-23 14:49:20+03,2021-04-23 16:12:56+03,Неисправен
9375,229500,1919,2021-04-23 15:12:50+03,2021-04-23 17:27:32+03,Неисправен
1948,229442,1907,2021-04-23 15:21:38+03,2021-04-23 16:33:50+03,Неисправен
1224,229457,1900,2021-04-23 15:21:42+03,2021-04-23 16:22:40+03,Неисправен
6457,229464,1897,2021-04-23 15:21:46+03,2021-04-23 16:27:48+03,Неисправен
7981,229498,1918,2021-04-23 15:26:50+03,2021-04-23 17:06:52+03,Неисправен
4288,229477,1910,2021-04-23 15:30:42+03,2021-04-23 16:36:10+03,Неисправен
10215,229453,1902,2021-04-23 15:32:46+03,2021-04-23 16:39:56+03,Неисправен
8562,229451,1902,2021-04-23 15:33:24+03,2021-04-23 17:15:54+03,Неисправен
4252,229461,1898,2021-04-23 15:36:52+03,2021-04-23 16:47:52+03,Неисправен
5718,229463,1897,2021-04-23 15:36:54+03,2021-04-23 17:29:42+03,Неисправен
8757,232219,1924,2021-04-23 15:37:08+03,2021-04-23 17:01:42+03,Неисправен
10998,229438,1908,2021-04-23 15:51:46+03,2021-04-23 17:04:00+03,Неисправен
3555,229460,1899,2021-04-23 15:51:52+03,2021-04-23 18:03:20+03,Неисправен
11147,229502,1920,2021-04-23 15:52:04+03,2021-04-23 17:10:10+03,Неисправен
4215,229445,1905,2021-04-23 16:02:30+03,2021-04-23 17:04:02+03,Неисправен
3517,229444,1905,2021-04-23 16:03:52+03,2021-04-23 17:16:48+03,Неисправен
1255,229473,1892,2021-04-23 16:07:46+03,2021-04-23 17:18:16+03,Неисправен
11825,229471,1893,2021-04-23 16:10:50+03,2021-04-23 17:22:24+03,Неисправен
11788,229455,1901,2021-04-23 16:12:26+03,2021-04-23 17:23:18+03,Неисправен
5779,229495,1916,2021-04-23 16:14:42+03,2021-04-23 17:16:26+03,Неисправен
7214,229465,1897,2021-04-23 16:23:36+03,2021-04-23 18:10:56+03,Неисправен
11744,229439,1908,2021-04-23 16:25:52+03,2021-04-23 17:43:10+03,Неисправен
9291,229468,1894,2021-04-23 16:26:02+03,2021-04-23 17:38:00+03,Неисправен
2863,229475,1892,2021-04-23 16:35:04+03,2021-04-23 17:39:32+03,Неисправен
4334,229493,1915,2021-04-23 16:35:10+03,2021-04-23 18:06:36+03,Неисправен
4289,229477,1910,2021-04-23 16:38:00+03,2021-04-23 17:48:12+03,Неисправен
7181,229449,1903,2021-04-23 16:39:30+03,2021-04-23 17:40:44+03,Неисправен
5022,229478,1910,2021-04-23 16:39:40+03,2021-04-23 17:40:04+03,Неисправен
2934,229507,1922,2021-04-23 16:39:48+03,2021-04-23 17:46:52+03,Неисправен
10216,229453,1902,2021-04-23 16:40:24+03,2021-04-23 17:53:28+03,Неисправен
2826,229459,1899,2021-04-23 16:41:12+03,2021-04-23 17:52:28+03,Неисправен
11889,229503,1920,2021-04-23 16:41:26+03,2021-04-23 18:06:24+03,Неисправен
1988,229458,1899,2021-04-23 16:43:16+03,2021-04-23 18:35:34+03,Неисправен
5100,229510,1923,2021-04-23 16:43:32+03,2021-04-23 17:43:40+03,Неисправен
9503,232220,1924,2021-04-23 16:47:26+03,2021-04-23 17:58:14+03,Неисправен
5688,229447,1904,2021-04-23 16:49:26+03,2021-04-23 18:47:26+03,Неисправен
3654,229508,1922,2021-04-23 16:49:44+03,2021-04-23 17:54:36+03,Неисправен
6458,229464,1897,2021-04-23 16:54:30+03,2021-04-23 18:02:18+03,Неисправен
8088,232218,1923,2021-04-23 16:54:44+03,2021-04-23 18:18:28+03,Неисправен
3597,229476,1909,2021-04-23 16:56:42+03,2021-04-23 18:26:36+03,Неисправен
8758,232219,1924,2021-04-23 17:06:56+03,2021-04-23 19:01:28+03,Неисправен
9251,229452,1902,2021-04-23 17:10:52+03,2021-04-23 18:26:10+03,Неисправен
5780,229495,1916,2021-04-23 17:17:04+03,2021-04-23 18:19:18+03,Неисправен
1225,229457,1900,2021-04-23 17:35:22+03,2021-04-23 18:56:22+03,Неисправен
4216,229445,1905,2021-04-23 17:41:10+03,2021-04-23 18:56:42+03,Неисправен
4290,229477,1910,2021-04-23 17:50:12+03,2021-04-23 19:43:50+03,Неисправен
2093,229506,1921,2021-04-23 17:50:22+03,2021-04-23 19:49:46+03,Неисправен
7873,229450,1903,2021-04-23 17:53:04+03,2021-04-23 20:02:52+03,Неисправен
11148,229502,1920,2021-04-23 17:53:20+03,2021-04-23 19:47:00+03,Неисправен
10217,229453,1902,2021-04-23 17:54:20+03,2021-04-23 18:56:04+03,Неисправен
2786,229443,1907,2021-04-23 17:58:36+03,2021-04-23 19:26:30+03,Неисправен
6459,229464,1897,2021-04-23 18:05:06+03,2021-04-23 19:05:42+03,Неисправен
5719,229463,1897,2021-04-23 18:08:38+03,2021-04-23 20:07:48+03,Неисправен
1256,229473,1892,2021-04-23 18:08:42+03,2021-04-23 20:25:04+03,Неисправен
10327,229501,1919,2021-04-23 18:11:42+03,2021-04-23 19:14:18+03,Неисправен
4929,229446,1904,2021-04-23 18:16:30+03,2021-04-23 19:32:46+03,Неисправен
3556,229460,1899,2021-04-23 18:18:12+03,2021-04-23 19:50:12+03,Неисправен
10299,229485,1912,2021-04-23 18:25:40+03,2021-04-23 19:44:56+03,Неисправен
5101,229510,1923,2021-04-23 18:32:14+03,2021-04-23 19:45:36+03,Неисправен
8648,229483,1911,2021-04-23 18:43:50+03,2021-04-23 20:32:02+03,Неисправен
433,229456,1900,2021-04-23 18:47:28+03,2021-04-23 19:54:42+03,Неисправен
11864,229487,1913,2021-04-23 18:47:38+03,2021-04-23 19:49:56+03,Неисправен
10261,229469,1894,2021-04-23 18:50:30+03,2021-04-23 20:42:14+03,Неисправен
11745,229439,1908,2021-04-23 19:07:40+03,2021-04-23 20:27:32+03,Неисправен
3518,229444,1905,2021-04-23 19:15:44+03,2021-04-23 20:24:08+03,Неисправен
4253,229461,1898,2021-04-23 19:21:56+03,2021-04-23 20:32:18+03,Неисправен
2023,229474,1892,2021-04-23 19:22:00+03,2021-04-23 20:24:34+03,Неисправен
9337,229484,1912,2021-04-23 19:30:30+03,2021-04-23 20:54:40+03,Неисправен
9292,229468,1894,2021-04-23 19:36:26+03,2021-04-23 20:37:42+03,Неисправен
8563,229451,1902,2021-04-23 19:37:52+03,2021-04-23 20:45:38+03,Неисправен
7902,229466,1896,2021-04-23 19:41:52+03,2021-04-23 20:51:24+03,Неисправен
11826,229471,1893,2021-04-23 19:44:18+03,2021-04-23 20:49:26+03,Неисправен
10218,229453,1902,2021-04-23 19:52:38+03,2021-04-23 20:56:50+03,Неисправен
4366,229509,1923,2021-04-23 19:52:54+03,2021-04-23 21:01:14+03,Неисправен
4217,229445,1905,2021-04-23 19:58:40+03,2021-04-23 21:16:58+03,Неисправен
4335,229493,1915,2021-04-23 20:07:58+03,2021-04-23 22:18:46+03,Неисправен
8089,232218,1923,2021-04-23 20:16:22+03,2021-04-23 21:19:32+03,Неисправен
8759,232219,1924,2021-04-23 20:16:22+03,2021-04-23 21:25:56+03,Неисправен
2787,229443,1907,2021-04-23 20:21:50+03,2021-04-23 21:48:28+03,Неисправен
5102,229510,1923,2021-04-23 20:26:10+03,2021-04-23 21:41:34+03,Неисправен
10177,229437,1908,2021-04-23 20:30:10+03,2021-04-23 21:46:24+03,Неисправен
4254,229461,1898,2021-04-23 20:34:42+03,2021-04-23 21:47:24+03,Неисправен
1257,229473,1892,2021-04-23 20:34:46+03,2021-04-23 21:37:16+03,Неисправен
4930,229446,1904,2021-04-23 20:40:28+03,2021-04-23 23:07:50+03,Неисправен
3557,229460,1899,2021-04-23 20:44:44+03,2021-04-23 21:57:32+03,Неисправен
7250,229481,1910,2021-04-23 20:51:28+03,2021-04-23 22:03:34+03,Неисправен
7950,229482,1911,2021-04-23 20:51:28+03,2021-04-23 22:27:48+03,Неисправен
9504,232220,1924,2021-04-23 21:01:54+03,2021-04-23 22:02:40+03,Неисправен
9338,229484,1912,2021-04-23 21:08:38+03,2021-04-23 22:21:40+03,Неисправен
9376,229500,1919,2021-04-23 21:11:06+03,2021-04-23 22:16:14+03,Неисправен
4291,229477,1910,2021-04-23 21:18:06+03,2021-04-23 23:04:04+03,Неисправен
6414,229448,1904,2021-04-23 21:20:40+03,2021-04-23 23:19:24+03,Неисправен
7982,229498,1918,2021-04-23 21:23:02+03,2021-04-23 22:23:44+03,Неисправен
1226,229457,1900,2021-04-23 21:26:40+03,2021-04-23 22:54:10+03,Неисправен
7182,229449,1903,2021-04-23 21:30:56+03,2021-04-23 22:41:32+03,Неисправен
2864,229475,1892,2021-04-23 21:31:04+03,2021-04-24 01:17:10+03,Неисправен
3617,229492,1914,2021-04-23 21:32:04+03,2021-04-23 22:57:46+03,Неисправен
10999,229438,1908,2021-04-23 21:38:08+03,2021-04-23 22:52:34+03,Неисправен
3519,229444,1905,2021-04-23 21:44:46+03,2021-04-23 22:57:22+03,Неисправен
5065,229494,1915,2021-04-23 21:47:02+03,2021-04-23 23:19:22+03,Неисправен
5720,229463,1897,2021-04-23 21:53:30+03,2021-04-23 23:30:52+03,Неисправен
4255,229461,1898,2021-04-23 21:56:54+03,2021-04-23 23:44:28+03,Неисправен
503,229488,1913,2021-04-23 22:11:12+03,2021-04-23 23:31:48+03,Неисправен
1195,229441,1907,2021-04-23 22:15:56+03,2021-04-23 23:23:54+03,Неисправен
10300,229485,1912,2021-04-23 22:16:10+03,2021-04-23 23:51:04+03,Неисправен
1949,229442,1907,2021-04-23 22:22:24+03,2021-04-23 23:49:48+03,Неисправен
7874,229450,1903,2021-04-23 22:27:10+03,2021-04-23 23:54:38+03,Неисправен
4973,229462,1898,2021-04-23 22:27:14+03,2021-04-23 23:50:58+03,Неисправен
434,229456,1900,2021-04-23 22:36:20+03,2021-04-23 23:55:22+03,Неисправен
2788,229443,1907,2021-04-23 22:40:26+03,2021-04-24 00:01:58+03,Неисправен
1258,229473,1892,2021-04-23 22:45:22+03,2021-04-23 23:53:44+03,Неисправен
2896,229491,1914,2021-04-23 22:47:40+03,2021-04-24 00:42:58+03,Неисправен
9377,229500,1919,2021-04-23 22:47:42+03,2021-04-24 00:08:54+03,Неисправен
8606,229467,1896,2021-04-23 22:49:26+03,2021-04-24 00:02:38+03,Неисправен
2827,229459,1899,2021-04-23 22:59:28+03,2021-04-24 01:01:18+03,Неисправен
1989,229458,1899,2021-04-23 23:00:20+03,2021-04-24 00:09:50+03,Неисправен
7951,229482,1911,2021-04-23 23:13:30+03,2021-04-24 00:33:24+03,Неисправен
2063,229490,1914,2021-04-23 23:34:20+03,2021-04-24 00:43:16+03,Неисправен
11890,229503,1920,2021-04-23 23:35:10+03,2021-04-24 01:01:26+03,Неисправен
545,229504,1921,2021-04-23 23:47:24+03,2021-04-24 00:53:18+03,Неисправен
1196,229441,1907,2021-04-23 23:48:24+03,2021-04-24 01:19:42+03,Неисправен
5689,229447,1904,2021-04-23 23:50:52+03,2021-04-24 01:20:30+03,Неисправен
7983,229498,1918,2021-04-23 23:51:08+03,2021-04-24 01:21:02+03,Неисправен
8607,229467,1896,2021-04-24 00:03:06+03,2021-04-24 01:15:10+03,Неисправен
1294,229489,1914,2021-04-24 00:11:34+03,2021-04-24 01:49:58+03,Неисправен
3520,229444,1905,2021-04-24 00:13:14+03,2021-04-24 01:18:26+03,Неисправен
1950,229442,1907,2021-04-24 00:14:00+03,2021-04-24 01:46:52+03,Неисправен
11827,229471,1893,2021-04-24 00:29:14+03,2021-04-24 01:41:04+03,Неисправен
9252,229452,1902,2021-04-24 00:29:56+03,2021-04-24 01:46:44+03,Неисправен
435,229456,1900,2021-04-24 00:31:54+03,2021-04-24 02:03:54+03,Неисправен
10328,229501,1919,2021-04-24 00:39:44+03,2021-04-24 02:13:34+03,Неисправен
4336,229493,1915,2021-04-24 00:41:10+03,2021-04-24 02:52:12+03,Неисправен
3655,229508,1922,2021-04-24 00:43:02+03,2021-04-24 01:51:30+03,Неисправен
2064,229490,1914,2021-04-24 00:44:06+03,2021-04-24 02:24:04+03,Неисправен
9378,229500,1919,2021-04-24 00:46:54+03,2021-04-24 01:47:12+03,Неисправен
4256,229461,1898,2021-04-24 00:55:06+03,2021-04-24 02:00:34+03,Неисправен
4218,229445,1905,2021-04-24 00:59:40+03,2021-04-24 02:07:46+03,Неисправен
7903,229466,1896,2021-04-24 01:12:34+03,2021-04-24 02:19:18+03,Неисправен
2789,229443,1907,2021-04-24 01:25:18+03,2021-04-24 02:31:04+03,Неисправен
8760,232219,1924,2021-04-24 01:29:04+03,2021-04-24 03:10:58+03,Неисправен
1990,229458,1899,2021-04-24 01:39:52+03,2021-04-24 03:26:46+03,Неисправен
5752,229479,1910,2021-04-24 01:39:58+03,2021-04-24 02:54:52+03,Неисправен
10301,229485,1912,2021-04-24 01:40:00+03,2021-04-24 04:40:46+03,Неисправен
504,229488,1913,2021-04-24 01:40:00+03,2021-04-24 03:24:00+03,Неисправен
3656,229508,1922,2021-04-24 01:52:10+03,2021-04-24 03:24:44+03,Неисправен
10219,229453,1902,2021-04-24 01:54:18+03,2021-04-24 02:57:10+03,Неисправен
11828,229471,1893,2021-04-24 01:59:34+03,2021-04-24 03:08:06+03,Неисправен
6521,229496,1916,2021-04-24 02:02:24+03,2021-04-24 03:28:04+03,Неисправен
2865,229475,1892,2021-04-24 02:30:04+03,2021-04-24 03:51:42+03,Неисправен
5023,229478,1910,2021-04-24 02:32:46+03,2021-04-24 03:46:20+03,Неисправен
10329,229501,1919,2021-04-24 02:32:54+03,2021-04-24 03:33:16+03,Неисправен
8090,232218,1923,2021-04-24 02:32:56+03,2021-04-24 03:46:04+03,Неисправен
8564,229451,1902,2021-04-24 02:45:12+03,2021-04-24 04:03:16+03,Неисправен
4974,229462,1898,2021-04-24 03:01:26+03,2021-04-24 04:14:06+03,Неисправен
7904,229466,1896,2021-04-24 03:01:28+03,2021-04-24 04:24:20+03,Неисправен
8608,229467,1896,2021-04-24 03:02:58+03,2021-04-24 04:18:42+03,Неисправен
7283,229497,1918,2021-04-24 03:04:42+03,2021-04-24 05:18:04+03,Неисправен
10262,229469,1894,2021-04-24 03:07:12+03,2021-04-24 04:16:10+03,Неисправен
2065,229490,1914,2021-04-24 03:09:44+03,2021-04-24 04:11:58+03,Неисправен
9379,229500,1919,2021-04-24 03:09:46+03,2021-04-24 04:34:42+03,Неисправен
11789,229455,1901,2021-04-24 03:12:18+03,2021-04-24 04:28:38+03,Неисправен
5103,229510,1923,2021-04-24 03:22:34+03,2021-04-24 04:36:10+03,Неисправен
2828,229459,1899,2021-04-24 03:26:04+03,2021-04-24 04:34:56+03,Неисправен
8688,229499,1918,2021-04-24 03:27:52+03,2021-04-24 04:32:10+03,Неисправен
10178,229437,1908,2021-04-24 03:36:38+03,2021-04-24 04:45:50+03,Неисправен
3558,229460,1899,2021-04-24 03:39:46+03,2021-04-24 04:55:18+03,Неисправен
7251,229481,1910,2021-04-24 03:43:20+03,2021-04-24 04:51:20+03,Неисправен
3521,229444,1905,2021-04-24 03:49:42+03,2021-04-24 04:57:02+03,Неисправен
3657,229508,1922,2021-04-24 03:57:48+03,2021-04-24 05:05:22+03,Неисправен
11829,229471,1893,2021-04-24 04:00:12+03,2021-04-24 05:33:50+03,Неисправен
9253,229452,1902,2021-04-24 04:05:58+03,2021-04-24 05:25:12+03,Неисправен
6415,229448,1904,2021-04-24 04:10:10+03,2021-04-24 05:37:10+03,Неисправен
6490,229480,1910,2021-04-24 04:13:34+03,2021-04-24 05:13:48+03,Неисправен
436,229456,1900,2021-04-24 04:16:54+03,2021-04-24 06:14:28+03,Неисправен
2066,229490,1914,2021-04-24 04:17:06+03,2021-04-24 05:24:28+03,Неисправен
5781,229495,1916,2021-04-24 04:17:06+03,2021-04-24 05:39:20+03,Неисправен
1991,229458,1899,2021-04-24 04:20:22+03,2021-04-24 05:46:40+03,Неисправен
9293,229468,1894,2021-04-24 04:20:24+03,2021-04-24 05:47:30+03,Неисправен
472,229472,1893,2021-04-24 04:41:30+03,2021-04-24 06:22:44+03,Неисправен
4292,229477,1910,2021-04-24 04:41:32+03,2021-04-24 06:12:22+03,Неисправен
10302,229485,1912,2021-04-24 04:41:34+03,2021-04-24 05:49:46+03,Неисправен
11039,229454,1901,2021-04-24 04:46:54+03,2021-04-24 05:53:32+03,Неисправен
6460,229464,1897,2021-04-24 04:52:50+03,2021-04-24 06:36:30+03,Неисправен
4337,229493,1915,2021-04-24 04:53:00+03,2021-04-24 06:24:26+03,Неисправен
1227,229457,1900,2021-04-24 05:04:22+03,2021-04-24 06:26:24+03,Неисправен
9505,232220,1924,2021-04-24 05:13:58+03,2021-04-24 06:19:44+03,Неисправен
11746,229439,1908,2021-04-24 05:19:24+03,2021-04-24 07:20:10+03,Неисправен
3559,229460,1899,2021-04-24 05:22:34+03,2021-04-24 06:22:56+03,Неисправен
5024,229478,1910,2021-04-24 05:27:44+03,2021-04-24 06:44:22+03,Неисправен
7284,229497,1918,2021-04-24 05:29:20+03,2021-04-24 07:00:54+03,Неисправен
5104,229510,1923,2021-04-24 05:35:34+03,2021-04-24 06:38:02+03,Неисправен
4931,229446,1904,2021-04-24 05:47:24+03,2021-04-24 06:58:06+03,Неисправен
10179,229437,1908,2021-04-24 05:59:00+03,2021-04-24 07:10:22+03,Неисправен
401,229440,1908,2021-04-24 05:59:00+03,2021-04-24 07:11:02+03,Неисправен
2829,229459,1899,2021-04-24 05:59:06+03,2021-04-24 08:06:50+03,Неисправен
7905,229466,1896,2021-04-24 05:59:08+03,2021-04-24 07:23:04+03,Неисправен
5690,229447,1904,2021-04-24 06:05:14+03,2021-04-24 07:35:36+03,Неисправен
1259,229473,1892,2021-04-24 06:14:32+03,2021-04-24 07:26:38+03,Неисправен
2935,229507,1922,2021-04-24 06:14:44+03,2021-04-24 07:15:08+03,Неисправен
1329,229505,1921,2021-04-24 06:17:10+03,2021-04-24 07:21:16+03,Неисправен
8761,232219,1924,2021-04-24 06:21:54+03,2021-04-24 07:32:20+03,Неисправен
3560,229460,1899,2021-04-24 06:24:08+03,2021-04-24 08:40:28+03,Неисправен
9339,229484,1912,2021-04-24 06:24:14+03,2021-04-24 07:50:02+03,Неисправен
11891,229503,1920,2021-04-24 06:24:20+03,2021-04-24 07:34:54+03,Неисправен
4367,229509,1923,2021-04-24 06:24:22+03,2021-04-24 07:41:00+03,Неисправен
4338,229493,1915,2021-04-24 06:28:22+03,2021-04-24 08:29:04+03,Неисправен
2790,229443,1907,2021-04-24 06:30:36+03,2021-04-24 07:38:28+03,Неисправен
1951,229442,1907,2021-04-24 06:33:00+03,2021-04-24 07:36:50+03,Неисправен
11040,229454,1901,2021-04-24 06:48:30+03,2021-04-24 07:54:06+03,Неисправен
7252,229481,1910,2021-04-24 06:48:38+03,2021-04-24 07:48:52+03,Неисправен
8649,229483,1911,2021-04-24 06:48:40+03,2021-04-24 08:07:28+03,Неисправен
9294,229468,1894,2021-04-24 06:56:54+03,2021-04-24 08:07:14+03,Неисправен
7285,229497,1918,2021-04-24 07:02:00+03,2021-04-24 08:24:28+03,Неисправен
7215,229465,1897,2021-04-24 07:03:24+03,2021-04-24 08:34:04+03,Неисправен
4932,229446,1904,2021-04-24 07:04:44+03,2021-04-24 08:13:24+03,Неисправен
402,229440,1908,2021-04-24 07:12:20+03,2021-04-24 08:22:38+03,Неисправен
3522,229444,1905,2021-04-24 07:12:20+03,2021-04-24 08:38:42+03,Неисправен
505,229488,1913,2021-04-24 07:12:34+03,2021-04-24 08:27:12+03,Неисправен
437,229456,1900,2021-04-24 07:13:50+03,2021-04-24 08:21:48+03,Неисправен
2866,229475,1892,2021-04-24 07:13:56+03,2021-04-24 08:20:34+03,Неисправен
10263,229469,1894,2021-04-24 07:17:04+03,2021-04-24 08:34:16+03,Неисправен
5025,229478,1910,2021-04-24 07:21:54+03,2021-04-24 08:48:10+03,Неисправен
1330,229505,1921,2021-04-24 07:22:02+03,2021-04-24 08:23:50+03,Неисправен
6491,229480,1910,2021-04-24 07:22:52+03,2021-04-24 10:05:46+03,Неисправен
8091,232218,1923,2021-04-24 07:28:54+03,2021-04-24 08:45:38+03,Неисправен
11892,229503,1920,2021-04-24 07:37:08+03,2021-04-24 09:57:56+03,Неисправен
9506,232220,1924,2021-04-24 07:37:12+03,2021-04-24 08:48:28+03,Неисправен
6416,229448,1904,2021-04-24 07:44:14+03,2021-04-24 08:52:50+03,Неисправен
11149,229502,1920,2021-04-24 07:52:32+03,2021-04-24 09:14:08+03,Неисправен
4975,229462,1898,2021-04-24 07:53:42+03,2021-04-24 09:26:48+03,Неисправен
6461,229464,1897,2021-04-24 07:58:50+03,2021-04-24 10:09:50+03,Неисправен
2094,229506,1921,2021-04-24 07:59:04+03,2021-04-24 09:00:12+03,Неисправен
4368,229509,1923,2021-04-24 08:01:32+03,2021-04-24 09:39:18+03,Неисправен
11117,229486,1913,2021-04-24 08:02:48+03,2021-04-24 09:12:40+03,Неисправен
11865,229487,1913,2021-04-24 08:05:02+03,2021-04-24 09:38:06+03,Неисправен
7906,229466,1896,2021-04-24 08:10:18+03,2021-04-24 09:10:40+03,Неисправен
11083,229470,1893,2021-04-24 08:12:02+03,2021-04-24 09:43:08+03,Неисправен
11830,229471,1893,2021-04-24 08:23:34+03,2021-04-24 09:28:44+03,Неисправен
1331,229505,1921,2021-04-24 08:24:30+03,2021-04-24 09:27:16+03,Неисправен
8689,229499,1918,2021-04-24 08:29:44+03,2021-04-24 09:50:40+03,Неисправен
2791,229443,1907,2021-04-24 08:35:40+03,2021-04-24 09:44:28+03,Неисправен
8650,229483,1911,2021-04-24 08:39:22+03,2021-04-24 10:01:50+03,Неисправен
2067,229490,1914,2021-04-24 08:39:24+03,2021-04-24 09:41:44+03,Неисправен
3561,229460,1899,2021-04-24 08:43:12+03,2021-04-24 09:44:12+03,Неисправен
6522,229496,1916,2021-04-24 08:46:26+03,2021-04-24 10:16:16+03,Неисправен
1952,229442,1907,2021-04-24 08:47:46+03,2021-04-24 10:45:52+03,Неисправен
4219,229445,1905,2021-04-24 08:53:20+03,2021-04-24 09:59:24+03,Неисправен
11790,229455,1901,2021-04-24 08:56:10+03,2021-04-24 10:03:00+03,Неисправен
1260,229473,1892,2021-04-24 09:01:06+03,2021-04-24 10:35:46+03,Неисправен
2830,229459,1899,2021-04-24 09:04:48+03,2021-04-24 10:10:32+03,Неисправен
546,229504,1921,2021-04-24 09:06:20+03,2021-04-24 10:07:10+03,Неисправен
10220,229453,1902,2021-04-24 09:09:54+03,2021-04-24 10:44:54+03,Неисправен
4293,229477,1910,2021-04-24 09:10:02+03,2021-04-24 11:42:32+03,Неисправен
4976,229462,1898,2021-04-24 09:29:18+03,2021-04-24 10:30:36+03,Неисправен
11866,229487,1913,2021-04-24 09:44:20+03,2021-04-24 11:50:30+03,Неисправен
1295,229489,1914,2021-04-24 09:44:20+03,2021-04-24 10:51:48+03,Неисправен
5026,229478,1910,2021-04-24 09:52:36+03,2021-04-24 11:36:04+03,Неисправен
4933,229446,1904,2021-04-24 10:00:02+03,2021-04-24 11:55:10+03,Неисправен
7907,229466,1896,2021-04-24 10:00:08+03,2021-04-24 11:19:02+03,Неисправен
2024,229474,1892,2021-04-24 10:00:10+03,2021-04-24 12:29:20+03,Неисправен
8690,229499,1918,2021-04-24 10:08:30+03,2021-04-24 12:14:22+03,Неисправен
2936,229507,1922,2021-04-24 10:08:32+03,2021-04-24 12:00:22+03,Неисправен
4339,229493,1915,2021-04-24 10:13:14+03,2021-04-24 11:46:14+03,Неисправен
506,229488,1913,2021-04-24 10:22:04+03,2021-04-24 11:22:14+03,Неисправен
5753,229479,1910,2021-04-24 10:27:58+03,2021-04-24 11:44:58+03,Неисправен
7952,229482,1911,2021-04-24 10:28:58+03,2021-04-24 11:56:16+03,Неисправен
4977,229462,1898,2021-04-24 10:31:02+03,2021-04-24 12:05:04+03,Неисправен
1261,229473,1892,2021-04-24 10:36:36+03,2021-04-24 11:43:12+03,Неисправен
2897,229491,1914,2021-04-24 10:43:18+03,2021-04-24 12:08:08+03,Неисправен
10180,229437,1908,2021-04-24 10:45:12+03,2021-04-24 11:58:46+03,Неисправен
9254,229452,1902,2021-04-24 10:58:08+03,2021-04-24 12:30:38+03,Неисправен
5721,229463,1897,2021-04-24 11:01:34+03,2021-04-24 12:14:50+03,Неисправен
11150,229502,1920,2021-04-24 11:01:46+03,2021-04-24 12:30:16+03,Неисправен
8762,232219,1924,2021-04-24 11:01:50+03,2021-04-24 12:17:56+03,Неисправен
7253,229481,1910,2021-04-24 11:02:36+03,2021-04-24 12:27:08+03,Неисправен
2831,229459,1899,2021-04-24 11:08:36+03,2021-04-24 13:10:50+03,Неисправен
7286,229497,1918,2021-04-24 11:15:50+03,2021-04-24 12:17:48+03,Неисправен
8651,229483,1911,2021-04-24 11:29:12+03,2021-04-24 13:55:08+03,Неисправен
7183,229449,1903,2021-04-24 11:38:46+03,2021-04-24 13:28:18+03,Неисправен
1228,229457,1900,2021-04-24 11:38:48+03,2021-04-24 12:47:10+03,Неисправен
7216,229465,1897,2021-04-24 11:38:52+03,2021-04-24 12:44:02+03,Неисправен
5027,229478,1910,2021-04-24 11:38:56+03,2021-04-24 12:39:38+03,Неисправен
10221,229453,1902,2021-04-24 11:49:14+03,2021-04-24 13:26:06+03,Неисправен
507,229488,1913,2021-04-24 11:49:24+03,2021-04-24 12:58:02+03,Неисправен
3618,229492,1914,2021-04-24 11:49:26+03,2021-04-24 13:42:56+03,Неисправен
3658,229508,1922,2021-04-24 11:53:50+03,2021-04-24 12:59:26+03,Неисправен
4934,229446,1904,2021-04-24 11:57:20+03,2021-04-24 13:27:14+03,Неисправен
9295,229468,1894,2021-04-24 11:57:26+03,2021-04-24 13:29:00+03,Неисправен
11831,229471,1893,2021-04-24 11:57:28+03,2021-04-24 13:24:12+03,Неисправен
547,229504,1921,2021-04-24 11:57:38+03,2021-04-24 13:13:10+03,Неисправен
11791,229455,1901,2021-04-24 12:02:26+03,2021-04-24 13:23:50+03,Неисправен
8565,229451,1902,2021-04-24 12:08:38+03,2021-04-24 13:09:20+03,Неисправен
2867,229475,1892,2021-04-24 12:16:10+03,2021-04-24 13:25:04+03,Неисправен
1262,229473,1892,2021-04-24 12:18:28+03,2021-04-24 13:27:10+03,Неисправен
2095,229506,1921,2021-04-24 12:36:44+03,2021-04-24 16:06:46+03,Неисправен
8691,229499,1918,2021-04-24 12:45:42+03,2021-04-24 14:01:50+03,Неисправен
9380,229500,1919,2021-04-24 12:55:06+03,2021-04-24 14:04:12+03,Неисправен
403,229440,1908,2021-04-24 12:57:48+03,2021-04-24 15:34:52+03,Неисправен
1296,229489,1914,2021-04-24 13:08:40+03,2021-04-24 14:12:32+03,Неисправен
8566,229451,1902,2021-04-24 13:11:52+03,2021-04-24 14:23:18+03,Неисправен
548,229504,1921,2021-04-24 13:14:44+03,2021-04-24 14:17:26+03,Неисправен
5105,229510,1923,2021-04-24 13:17:32+03,2021-04-24 14:25:54+03,Неисправен
11041,229454,1901,2021-04-24 13:28:56+03,2021-04-24 14:36:38+03,Неисправен
7875,229450,1903,2021-04-24 13:39:34+03,2021-04-24 14:51:02+03,Неисправен
11792,229455,1901,2021-04-24 13:39:36+03,2021-04-24 14:50:00+03,Неисправен
4978,229462,1898,2021-04-24 13:39:38+03,2021-04-24 14:40:00+03,Неисправен
7217,229465,1897,2021-04-24 13:39:38+03,2021-04-24 15:05:24+03,Неисправен
11832,229471,1893,2021-04-24 13:39:40+03,2021-04-24 15:26:06+03,Неисправен
11867,229487,1913,2021-04-24 13:39:44+03,2021-04-24 14:41:02+03,Неисправен
1263,229473,1892,2021-04-24 13:40:32+03,2021-04-24 15:04:34+03,Неисправен
8609,229467,1896,2021-04-24 13:42:32+03,2021-04-24 14:53:00+03,Неисправен
11151,229502,1920,2021-04-24 13:42:42+03,2021-04-24 15:11:50+03,Неисправен
2898,229491,1914,2021-04-24 13:49:20+03,2021-04-24 14:58:10+03,Неисправен
2025,229474,1892,2021-04-24 13:56:06+03,2021-04-24 15:15:48+03,Неисправен
8652,229483,1911,2021-04-24 13:56:08+03,2021-04-24 16:25:56+03,Неисправен
7184,229449,1903,2021-04-24 14:13:10+03,2021-04-24 15:16:08+03,Неисправен
9340,229484,1912,2021-04-24 14:13:20+03,2021-04-24 15:47:48+03,Неисправен
3619,229492,1914,2021-04-24 14:13:22+03,2021-04-24 15:42:40+03,Неисправен
4369,229509,1923,2021-04-24 14:13:28+03,2021-04-24 15:23:02+03,Неисправен
9507,232220,1924,2021-04-24 14:13:28+03,2021-04-24 15:15:40+03,Неисправен
2792,229443,1907,2021-04-24 14:18:30+03,2021-04-24 16:00:54+03,Неисправен
7908,229466,1896,2021-04-24 14:29:30+03,2021-04-24 15:40:52+03,Неисправен
9381,229500,1919,2021-04-24 14:32:58+03,2021-04-24 16:05:18+03,Неисправен
4935,229446,1904,2021-04-24 14:39:38+03,2021-04-24 15:56:10+03,Неисправен
4294,229477,1910,2021-04-24 14:46:10+03,2021-04-24 16:20:58+03,Неисправен
4979,229462,1898,2021-04-24 14:54:14+03,2021-04-24 16:40:12+03,Неисправен
7984,229498,1918,2021-04-24 14:54:26+03,2021-04-24 16:08:56+03,Неисправен
1953,229442,1907,2021-04-24 15:00:20+03,2021-04-24 16:09:02+03,Неисправен
4340,229493,1915,2021-04-24 15:03:56+03,2021-04-24 16:05:52+03,Неисправен
1297,229489,1914,2021-04-24 15:07:52+03,2021-04-24 16:43:36+03,Неисправен
11893,229503,1920,2021-04-24 15:16:26+03,2021-04-24 18:24:42+03,Неисправен
1229,229457,1900,2021-04-24 15:45:10+03,2021-04-24 17:10:10+03,Неисправен
8567,229451,1902,2021-04-24 15:50:54+03,2021-04-24 16:59:50+03,Неисправен
5106,229510,1923,2021-04-24 16:08:40+03,2021-04-24 17:18:10+03,Неисправен
2832,229459,1899,2021-04-24 16:10:04+03,2021-04-24 17:12:00+03,Неисправен
8092,232218,1923,2021-04-24 16:12:18+03,2021-04-24 17:33:06+03,Неисправен
2793,229443,1907,2021-04-24 16:18:08+03,2021-04-24 17:32:14+03,Неисправен
3562,229460,1899,2021-04-24 16:18:14+03,2021-04-24 17:57:02+03,Неисправен
9296,229468,1894,2021-04-24 16:21:42+03,2021-04-24 17:39:18+03,Неисправен
10264,229469,1894,2021-04-24 16:21:42+03,2021-04-24 17:23:50+03,Неисправен
5722,229463,1897,2021-04-24 16:25:26+03,2021-04-24 17:33:04+03,Неисправен
11000,229438,1908,2021-04-24 16:30:16+03,2021-04-24 17:38:28+03,Неисправен
7254,229481,1910,2021-04-24 16:33:14+03,2021-04-24 17:39:22+03,Неисправен
1332,229505,1921,2021-04-24 16:51:06+03,2021-04-24 17:58:02+03,Неисправен
8653,229483,1911,2021-04-24 16:54:52+03,2021-04-24 18:40:48+03,Неисправен
4257,229461,1898,2021-04-24 16:59:12+03,2021-04-24 18:30:36+03,Неисправен
3523,229444,1905,2021-04-24 17:06:16+03,2021-04-24 18:22:00+03,Неисправен
438,229456,1900,2021-04-24 17:06:20+03,2021-04-24 18:21:54+03,Неисправен
3620,229492,1914,2021-04-24 17:06:30+03,2021-04-24 18:15:46+03,Неисправен
5754,229479,1910,2021-04-24 17:17:24+03,2021-04-24 18:38:56+03,Неисправен
11793,229455,1901,2021-04-24 17:18:40+03,2021-04-24 18:45:36+03,Неисправен
2096,229506,1921,2021-04-24 17:27:14+03,2021-04-24 18:37:00+03,Неисправен
5028,229478,1910,2021-04-24 17:33:58+03,2021-04-24 18:39:46+03,Неисправен
11084,229470,1893,2021-04-24 17:35:00+03,2021-04-24 18:39:38+03,Неисправен
8093,232218,1923,2021-04-24 17:35:12+03,2021-04-24 18:39:48+03,Неисправен
10181,229437,1908,2021-04-24 17:39:10+03,2021-04-24 18:41:12+03,Неисправен
7909,229466,1896,2021-04-24 17:47:50+03,2021-04-24 19:13:40+03,Неисправен
1197,229441,1907,2021-04-24 17:49:38+03,2021-04-24 19:27:14+03,Неисправен
6462,229464,1897,2021-04-24 17:57:50+03,2021-04-24 19:01:32+03,Неисправен
6523,229496,1916,2021-04-24 17:58:00+03,2021-04-24 19:00:02+03,Неисправен
1264,229473,1892,2021-04-24 18:00:06+03,2021-04-24 19:01:12+03,Неисправен
10330,229501,1919,2021-04-24 18:04:46+03,2021-04-24 19:22:38+03,Неисправен
11152,229502,1920,2021-04-24 18:10:30+03,2021-04-24 19:25:48+03,Неисправен
11747,229439,1908,2021-04-24 18:14:10+03,2021-04-24 20:45:38+03,Неисправен
10265,229469,1894,2021-04-24 18:18:34+03,2021-04-24 19:25:38+03,Неисправен
4370,229509,1923,2021-04-24 18:28:14+03,2021-04-24 20:13:14+03,Неисправен
8692,229499,1918,2021-04-24 18:36:02+03,2021-04-24 20:01:46+03,Неисправен
7985,229498,1918,2021-04-24 18:42:10+03,2021-04-24 19:49:10+03,Неисправен
3621,229492,1914,2021-04-24 18:49:58+03,2021-04-24 19:54:50+03,Неисправен
404,229440,1908,2021-04-24 19:05:20+03,2021-04-24 20:19:26+03,Неисправен
2833,229459,1899,2021-04-24 19:13:38+03,2021-04-24 20:18:44+03,Неисправен
8654,229483,1911,2021-04-24 19:13:46+03,2021-04-24 20:33:06+03,Неисправен
10222,229453,1902,2021-04-24 19:15:26+03,2021-04-24 20:25:00+03,Неисправен
11001,229438,1908,2021-04-24 19:41:06+03,2021-04-24 20:51:32+03,Неисправен
1992,229458,1899,2021-04-24 19:41:12+03,2021-04-24 21:37:38+03,Неисправен
11042,229454,1901,2021-04-24 19:46:02+03,2021-04-24 21:06:10+03,Неисправен
7953,229482,1911,2021-04-24 19:46:40+03,2021-04-24 20:54:20+03,Неисправен
7986,229498,1918,2021-04-24 19:52:24+03,2021-04-24 21:29:08+03,Неисправен
9341,229484,1912,2021-04-24 19:58:46+03,2021-04-24 21:29:52+03,Неисправен
7910,229466,1896,2021-04-24 20:02:46+03,2021-04-24 21:19:14+03,Неисправен
2868,229475,1892,2021-04-24 20:05:54+03,2021-04-24 21:15:44+03,Неисправен
4341,229493,1915,2021-04-24 20:09:28+03,2021-04-24 21:11:38+03,Неисправен
2794,229443,1907,2021-04-24 20:11:10+03,2021-04-24 21:19:06+03,Неисправен
1265,229473,1892,2021-04-24 20:18:50+03,2021-04-24 21:36:32+03,Неисправен
9508,232220,1924,2021-04-24 20:19:02+03,2021-04-24 22:01:06+03,Неисправен
4295,229477,1910,2021-04-24 20:27:26+03,2021-04-24 21:48:06+03,Неисправен
3563,229460,1899,2021-04-24 20:31:34+03,2021-04-24 21:35:12+03,Неисправен
3524,229444,1905,2021-04-24 20:37:28+03,2021-04-24 22:34:36+03,Неисправен
11085,229470,1893,2021-04-24 20:37:36+03,2021-04-24 21:39:28+03,Неисправен
11894,229503,1920,2021-04-24 20:42:06+03,2021-04-24 22:01:00+03,Неисправен
7218,229465,1897,2021-04-24 20:51:12+03,2021-04-24 22:21:32+03,Неисправен
7287,229497,1918,2021-04-24 21:00:36+03,2021-04-24 22:02:34+03,Неисправен
11748,229439,1908,2021-04-24 21:03:02+03,2021-04-24 22:30:02+03,Неисправен
10303,229485,1912,2021-04-24 21:03:18+03,2021-04-24 22:04:00+03,Неисправен
1198,229441,1907,2021-04-24 21:19:06+03,2021-04-24 22:24:18+03,Неисправен
11833,229471,1893,2021-04-24 21:19:16+03,2021-04-24 22:21:54+03,Неисправен
11118,229486,1913,2021-04-24 21:19:20+03,2021-04-24 22:29:08+03,Неисправен
2899,229491,1914,2021-04-24 21:19:22+03,2021-04-24 22:34:14+03,Неисправен
5107,229510,1923,2021-04-24 21:27:40+03,2021-04-24 23:10:02+03,Неисправен
549,229504,1921,2021-04-24 21:33:28+03,2021-04-24 22:37:46+03,Неисправен
10182,229437,1908,2021-04-24 21:39:58+03,2021-04-24 23:08:30+03,Неисправен
508,229488,1913,2021-04-24 21:40:14+03,2021-04-24 23:02:06+03,Неисправен
7185,229449,1903,2021-04-24 21:54:02+03,2021-04-24 22:56:00+03,Неисправен
2097,229506,1921,2021-04-24 21:54:18+03,2021-04-24 23:46:12+03,Неисправен
7876,229450,1903,2021-04-24 21:55:56+03,2021-04-24 23:14:02+03,Неисправен
439,229456,1900,2021-04-24 22:04:44+03,2021-04-24 23:42:46+03,Неисправен
6524,229496,1916,2021-04-24 22:04:56+03,2021-04-24 23:37:34+03,Неисправен
7911,229466,1896,2021-04-24 22:17:22+03,2021-04-24 23:23:58+03,Неисправен
2795,229443,1907,2021-04-24 22:20:00+03,2021-04-24 23:25:52+03,Неисправен
11794,229455,1901,2021-04-24 22:27:54+03,2021-04-24 23:59:14+03,Неисправен
11086,229470,1893,2021-04-24 22:28:00+03,2021-04-24 23:31:30+03,Неисправен
2900,229491,1914,2021-04-24 22:34:52+03,2021-04-24 23:46:40+03,Неисправен
5029,229478,1910,2021-04-24 22:36:58+03,2021-04-24 23:39:20+03,Неисправен
4258,229461,1898,2021-04-24 22:38:26+03,2021-04-24 23:48:56+03,Неисправен
3659,229508,1922,2021-04-24 22:38:40+03,2021-04-24 23:47:32+03,Неисправен
9297,229468,1894,2021-04-24 22:47:32+03,2021-04-25 00:50:10+03,Неисправен
5723,229463,1897,2021-04-24 22:57:36+03,2021-04-25 00:13:50+03,Неисправен
9509,232220,1924,2021-04-24 23:02:14+03,2021-04-25 00:15:10+03,Неисправен
1333,229505,1921,2021-04-24 23:06:16+03,2021-04-25 00:15:34+03,Неисправен
11119,229486,1913,2021-04-24 23:09:12+03,2021-04-25 00:18:20+03,Неисправен
6417,229448,1904,2021-04-24 23:11:16+03,2021-04-25 00:27:56+03,Неисправен
8094,232218,1923,2021-04-24 23:14:56+03,2021-04-25 00:20:36+03,Неисправен
10304,229485,1912,2021-04-24 23:17:44+03,2021-04-25 00:51:44+03,Неисправен
11834,229471,1893,2021-04-24 23:20:58+03,2021-04-25 00:25:00+03,Неисправен
2068,229490,1914,2021-04-24 23:21:04+03,2021-04-25 00:59:40+03,Неисправен
5755,229479,1910,2021-04-24 23:23:10+03,2021-04-25 00:29:48+03,Неисправен
2026,229474,1892,2021-04-24 23:25:28+03,2021-04-25 00:37:14+03,Неисправен
7186,229449,1903,2021-04-24 23:33:06+03,2021-04-25 02:02:26+03,Неисправен
7877,229450,1903,2021-04-24 23:41:54+03,2021-04-25 01:03:32+03,Неисправен
509,229488,1913,2021-04-24 23:48:16+03,2021-04-25 01:03:18+03,Неисправен
4220,229445,1905,2021-04-24 23:52:04+03,2021-04-25 01:05:52+03,Неисправен
10266,229469,1894,2021-04-25 00:02:00+03,2021-04-25 01:10:54+03,Неисправен
5782,229495,1916,2021-04-25 00:10:24+03,2021-04-25 01:13:10+03,Неисправен
5030,229478,1910,2021-04-25 00:17:16+03,2021-04-25 01:46:28+03,Неисправен
11868,229487,1913,2021-04-25 00:17:18+03,2021-04-25 01:51:12+03,Неисправен
10331,229501,1919,2021-04-25 00:17:22+03,2021-04-25 01:40:44+03,Неисправен
4936,229446,1904,2021-04-25 00:37:42+03,2021-04-25 01:50:42+03,Неисправен
2098,229506,1921,2021-04-25 00:41:52+03,2021-04-25 02:11:24+03,Неисправен
10223,229453,1902,2021-04-25 00:44:32+03,2021-04-25 02:21:46+03,Неисправен
3660,229508,1922,2021-04-25 00:52:22+03,2021-04-25 01:57:00+03,Неисправен
11043,229454,1901,2021-04-25 00:54:36+03,2021-04-25 02:20:52+03,Неисправен
5108,229510,1923,2021-04-25 00:54:52+03,2021-04-25 01:56:36+03,Неисправен
5691,229447,1904,2021-04-25 00:57:44+03,2021-04-25 02:15:36+03,Неисправен
440,229456,1900,2021-04-25 01:01:22+03,2021-04-25 02:19:12+03,Неисправен
1199,229441,1907,2021-04-25 01:05:26+03,2021-04-25 02:06:26+03,Неисправен
9342,229484,1912,2021-04-25 01:05:38+03,2021-04-25 02:44:22+03,Неисправен
3622,229492,1914,2021-04-25 01:05:40+03,2021-04-25 02:29:02+03,Неисправен
11120,229486,1913,2021-04-25 01:13:06+03,2021-04-25 03:18:46+03,Неисправен
2901,229491,1914,2021-04-25 01:19:22+03,2021-04-25 02:21:28+03,Неисправен
2796,229443,1907,2021-04-25 01:39:34+03,2021-04-25 03:16:40+03,Неисправен
4980,229462,1898,2021-04-25 01:39:40+03,2021-04-25 02:41:40+03,Неисправен
7987,229498,1918,2021-04-25 01:39:50+03,2021-04-25 03:35:00+03,Неисправен
6492,229480,1910,2021-04-25 01:44:14+03,2021-04-25 04:15:38+03,Неисправен
11153,229502,1920,2021-04-25 01:44:20+03,2021-04-25 02:52:40+03,Неисправен
9510,232220,1924,2021-04-25 01:44:24+03,2021-04-25 02:49:12+03,Неисправен
8655,229483,1911,2021-04-25 01:46:14+03,2021-04-25 02:54:32+03,Неисправен
2869,229475,1892,2021-04-25 01:48:44+03,2021-04-25 02:59:52+03,Неисправен
5031,229478,1910,2021-04-25 01:48:46+03,2021-04-25 02:55:22+03,Неисправен
6525,229496,1916,2021-04-25 01:48:52+03,2021-04-25 02:52:52+03,Неисправен
9382,229500,1919,2021-04-25 01:48:52+03,2021-04-25 03:01:28+03,Неисправен
7954,229482,1911,2021-04-25 01:52:44+03,2021-04-25 02:53:40+03,Неисправен
550,229504,1921,2021-04-25 01:58:36+03,2021-04-25 03:01:36+03,Неисправен
1266,229473,1892,2021-04-25 02:02:56+03,2021-04-25 04:07:16+03,Неисправен
8610,229467,1896,2021-04-25 02:08:16+03,2021-04-25 03:42:38+03,Неисправен
7288,229497,1918,2021-04-25 02:15:30+03,2021-04-25 03:16:22+03,Неисправен
5783,229495,1916,2021-04-25 02:19:24+03,2021-04-25 03:35:26+03,Неисправен
4342,229493,1915,2021-04-25 02:31:52+03,2021-04-25 03:50:42+03,Неисправен
8568,229451,1902,2021-04-25 02:45:08+03,2021-04-25 03:46:20+03,Неисправен
1954,229442,1907,2021-04-25 02:47:16+03,2021-04-25 04:01:02+03,Неисправен
10224,229453,1902,2021-04-25 02:59:46+03,2021-04-25 04:46:26+03,Неисправен
4981,229462,1898,2021-04-25 02:59:48+03,2021-04-25 04:05:30+03,Неисправен
3598,229476,1909,2021-04-25 02:59:52+03,2021-04-25 04:11:22+03,Неисправен
11895,229503,1920,2021-04-25 03:16:08+03,2021-04-25 05:05:34+03,Неисправен
11795,229455,1901,2021-04-25 03:23:32+03,2021-04-25 04:48:24+03,Неисправен
7912,229466,1896,2021-04-25 03:28:16+03,2021-04-25 04:33:40+03,Неисправен
11044,229454,1901,2021-04-25 03:30:28+03,2021-04-25 04:50:20+03,Неисправен
1298,229489,1914,2021-04-25 03:30:38+03,2021-04-25 04:36:52+03,Неисправен
1200,229441,1907,2021-04-25 03:33:34+03,2021-04-25 06:07:20+03,Неисправен
5784,229495,1916,2021-04-25 03:36:06+03,2021-04-25 04:49:04+03,Неисправен
1230,229457,1900,2021-04-25 03:42:10+03,2021-04-25 06:17:16+03,Неисправен
11154,229502,1920,2021-04-25 03:42:24+03,2021-04-25 04:58:52+03,Неисправен
5032,229478,1910,2021-04-25 03:45:20+03,2021-04-25 04:52:58+03,Неисправен
8656,229483,1911,2021-04-25 03:45:22+03,2021-04-25 04:51:44+03,Неисправен
2937,229507,1922,2021-04-25 03:45:30+03,2021-04-25 05:01:22+03,Неисправен
8569,229451,1902,2021-04-25 03:47:02+03,2021-04-25 05:09:46+03,Неисправен
7289,229497,1918,2021-04-25 03:54:34+03,2021-04-25 04:57:32+03,Неисправен
7878,229450,1903,2021-04-25 04:01:30+03,2021-04-25 05:10:22+03,Неисправен
3564,229460,1899,2021-04-25 04:01:32+03,2021-04-25 05:26:30+03,Неисправен
9343,229484,1912,2021-04-25 04:01:40+03,2021-04-25 05:39:12+03,Неисправен
8693,229499,1918,2021-04-25 04:03:54+03,2021-04-25 05:31:04+03,Неисправен
9383,229500,1919,2021-04-25 04:07:24+03,2021-04-25 05:26:06+03,Неисправен
441,229456,1900,2021-04-25 04:15:10+03,2021-04-25 07:25:24+03,Неисправен
473,229472,1893,2021-04-25 04:15:14+03,2021-04-25 05:28:00+03,Неисправен
8763,232219,1924,2021-04-25 04:22:24+03,2021-04-25 05:27:08+03,Неисправен
6418,229448,1904,2021-04-25 04:23:58+03,2021-04-25 05:31:24+03,Неисправен
2902,229491,1914,2021-04-25 04:30:30+03,2021-04-25 05:32:42+03,Неисправен
11002,229438,1908,2021-04-25 04:37:10+03,2021-04-25 05:52:02+03,Неисправен
7255,229481,1910,2021-04-25 04:37:22+03,2021-04-25 05:37:38+03,Неисправен
8095,232218,1923,2021-04-25 04:41:38+03,2021-04-25 06:14:48+03,Неисправен
7913,229466,1896,2021-04-25 04:43:14+03,2021-04-25 05:48:46+03,Неисправен
5756,229479,1910,2021-04-25 04:49:34+03,2021-04-25 05:58:06+03,Неисправен
11121,229486,1913,2021-04-25 04:49:36+03,2021-04-25 06:03:48+03,Неисправен
2099,229506,1921,2021-04-25 04:57:10+03,2021-04-25 06:01:42+03,Неисправен
2938,229507,1922,2021-04-25 05:02:08+03,2021-04-25 06:08:42+03,Неисправен
4221,229445,1905,2021-04-25 05:05:16+03,2021-04-25 06:09:04+03,Неисправен
11835,229471,1893,2021-04-25 05:05:24+03,2021-04-25 06:30:58+03,Неисправен
2870,229475,1892,2021-04-25 05:05:26+03,2021-04-25 07:01:38+03,Неисправен
551,229504,1921,2021-04-25 05:05:34+03,2021-04-25 06:37:10+03,Неисправен
3599,229476,1909,2021-04-25 05:06:04+03,2021-04-25 06:39:30+03,Неисправен
3661,229508,1922,2021-04-25 05:06:14+03,2021-04-25 06:34:14+03,Неисправен
2834,229459,1899,2021-04-25 05:13:20+03,2021-04-25 06:32:40+03,Неисправен
11045,229454,1901,2021-04-25 05:26:28+03,2021-04-25 06:44:36+03,Неисправен
3623,229492,1914,2021-04-25 05:27:52+03,2021-04-25 07:23:24+03,Неисправен
474,229472,1893,2021-04-25 05:29:00+03,2021-04-25 06:49:02+03,Неисправен
11749,229439,1908,2021-04-25 05:32:04+03,2021-04-25 07:33:24+03,Неисправен
11796,229455,1901,2021-04-25 05:41:06+03,2021-04-25 06:47:22+03,Неисправен
5724,229463,1897,2021-04-25 05:44:38+03,2021-04-25 06:53:36+03,Неисправен
9255,229452,1902,2021-04-25 05:46:38+03,2021-04-25 07:05:24+03,Неисправен
6463,229464,1897,2021-04-25 05:46:42+03,2021-04-25 06:48:12+03,Неисправен
4371,229509,1923,2021-04-25 05:46:56+03,2021-04-25 07:21:48+03,Неисправен
2027,229474,1892,2021-04-25 05:54:14+03,2021-04-25 06:58:24+03,Неисправен
1955,229442,1907,2021-04-25 06:00:02+03,2021-04-25 07:12:46+03,Неисправен
1299,229489,1914,2021-04-25 06:06:26+03,2021-04-25 07:50:26+03,Неисправен
5066,229494,1915,2021-04-25 06:10:14+03,2021-04-25 07:20:54+03,Неисправен
7988,229498,1918,2021-04-25 06:11:54+03,2021-04-25 07:19:40+03,Неисправен
1231,229457,1900,2021-04-25 06:17:58+03,2021-04-25 07:52:46+03,Неисправен
8694,229499,1918,2021-04-25 06:18:10+03,2021-04-25 07:49:24+03,Неисправен
9511,232220,1924,2021-04-25 06:34:16+03,2021-04-25 07:36:46+03,Неисправен
6419,229448,1904,2021-04-25 06:38:02+03,2021-04-25 08:20:52+03,Неисправен
9384,229500,1919,2021-04-25 06:38:18+03,2021-04-25 07:48:50+03,Неисправен
11087,229470,1893,2021-04-25 06:42:08+03,2021-04-25 08:00:44+03,Неисправен
2835,229459,1899,2021-04-25 06:47:24+03,2021-04-25 08:03:24+03,Неисправен
5757,229479,1910,2021-04-25 06:47:30+03,2021-04-25 07:55:32+03,Неисправен
475,229472,1893,2021-04-25 06:49:44+03,2021-04-25 07:51:40+03,Неисправен
6493,229480,1910,2021-04-25 06:49:48+03,2021-04-25 08:00:26+03,Неисправен
11155,229502,1920,2021-04-25 06:55:40+03,2021-04-25 07:56:44+03,Неисправен
405,229440,1908,2021-04-25 06:56:54+03,2021-04-25 08:37:16+03,Неисправен
6464,229464,1897,2021-04-25 07:07:24+03,2021-04-25 08:51:50+03,Неисправен
510,229488,1913,2021-04-25 07:07:32+03,2021-04-25 08:42:40+03,Неисправен
2939,229507,1922,2021-04-25 07:07:38+03,2021-04-25 08:07:54+03,Неисправен
2028,229474,1892,2021-04-25 07:09:24+03,2021-04-25 08:11:04+03,Неисправен
7290,229497,1918,2021-04-25 07:09:32+03,2021-04-25 08:15:14+03,Неисправен
5692,229447,1904,2021-04-25 07:15:30+03,2021-04-25 08:15:40+03,Неисправен
2100,229506,1921,2021-04-25 07:18:08+03,2021-04-25 08:26:28+03,Неисправен
7879,229450,1903,2021-04-25 07:22:58+03,2021-04-25 08:28:48+03,Неисправен
4982,229462,1898,2021-04-25 07:25:58+03,2021-04-25 09:12:16+03,Неисправен
10267,229469,1894,2021-04-25 07:26:00+03,2021-04-25 08:42:02+03,Неисправен
5785,229495,1916,2021-04-25 07:28:42+03,2021-04-25 08:44:18+03,Неисправен
6526,229496,1916,2021-04-25 07:52:58+03,2021-04-25 09:04:30+03,Неисправен
1232,229457,1900,2021-04-25 07:56:12+03,2021-04-25 09:02:40+03,Неисправен
7955,229482,1911,2021-04-25 08:01:16+03,2021-04-25 09:32:04+03,Неисправен
9512,232220,1924,2021-04-25 08:01:26+03,2021-04-25 09:36:52+03,Неисправен
3624,229492,1914,2021-04-25 08:08:30+03,2021-04-25 09:27:24+03,Неисправен
11797,229455,1901,2021-04-25 08:14:46+03,2021-04-25 09:24:48+03,Неисправен
11896,229503,1920,2021-04-25 08:18:04+03,2021-04-25 10:11:00+03,Неисправен
9298,229468,1894,2021-04-25 08:19:12+03,2021-04-25 10:00:10+03,Неисправен
2903,229491,1914,2021-04-25 08:23:44+03,2021-04-25 09:39:36+03,Неисправен
7880,229450,1903,2021-04-25 08:30:40+03,2021-04-25 09:49:14+03,Неисправен
11869,229487,1913,2021-04-25 08:30:52+03,2021-04-25 09:36:46+03,Неисправен
5033,229478,1910,2021-04-25 08:33:46+03,2021-04-25 10:25:22+03,Неисправен
11046,229454,1901,2021-04-25 08:35:58+03,2021-04-25 10:26:06+03,Неисправен
1201,229441,1907,2021-04-25 08:36:32+03,2021-04-25 09:37:04+03,Неисправен
8695,229499,1918,2021-04-25 08:42:44+03,2021-04-25 09:50:20+03,Неисправен
2940,229507,1922,2021-04-25 08:52:34+03,2021-04-25 10:24:54+03,Неисправен
4259,229461,1898,2021-04-25 08:53:44+03,2021-04-25 10:10:12+03,Неисправен
2069,229490,1914,2021-04-25 08:57:24+03,2021-04-25 10:21:04+03,Неисправен
1267,229473,1892,2021-04-25 09:00:40+03,2021-04-25 10:09:48+03,Неисправен
6420,229448,1904,2021-04-25 09:09:56+03,2021-04-25 10:33:10+03,Неисправен
1300,229489,1914,2021-04-25 09:10:40+03,2021-04-25 10:19:18+03,Неисправен
5786,229495,1916,2021-04-25 09:11:44+03,2021-04-25 10:14:34+03,Неисправен
1993,229458,1899,2021-04-25 09:16:26+03,2021-04-25 10:46:30+03,Неисправен
1956,229442,1907,2021-04-25 09:22:40+03,2021-04-25 10:49:56+03,Неисправен
3565,229460,1899,2021-04-25 09:23:24+03,2021-04-25 10:26:06+03,Неисправен
10183,229437,1908,2021-04-25 09:25:52+03,2021-04-25 10:26:46+03,Неисправен
3525,229444,1905,2021-04-25 09:26:54+03,2021-04-25 10:38:08+03,Неисправен
2797,229443,1907,2021-04-25 10:01:12+03,2021-04-25 12:04:40+03,Неисправен
9344,229484,1912,2021-04-25 10:02:56+03,2021-04-25 11:08:08+03,Неисправен
10184,229437,1908,2021-04-25 10:27:54+03,2021-04-25 11:54:46+03,Неисправен
6494,229480,1910,2021-04-25 10:44:26+03,2021-04-25 12:02:14+03,Неисправен
6421,229448,1904,2021-04-25 10:46:52+03,2021-04-25 12:27:50+03,Неисправен
8764,232219,1924,2021-04-25 10:47:12+03,2021-04-25 11:56:34+03,Неисправен
9385,229500,1919,2021-04-25 10:48:18+03,2021-04-25 11:50:08+03,Неисправен
10225,229453,1902,2021-04-25 10:55:00+03,2021-04-25 12:04:20+03,Неисправен
2029,229474,1892,2021-04-25 10:58:40+03,2021-04-25 12:20:44+03,Неисправен
2904,229491,1914,2021-04-25 11:04:54+03,2021-04-25 12:42:34+03,Неисправен
5067,229494,1915,2021-04-25 11:04:54+03,2021-04-25 13:18:56+03,Неисправен
9513,232220,1924,2021-04-25 11:05:00+03,2021-04-25 12:36:24+03,Неисправен
11750,229439,1908,2021-04-25 11:10:32+03,2021-04-25 12:15:30+03,Неисправен
11798,229455,1901,2021-04-25 11:13:54+03,2021-04-25 12:24:44+03,Неисправен
2871,229475,1892,2021-04-25 11:14:00+03,2021-04-25 12:19:00+03,Неисправен
10305,229485,1912,2021-04-25 11:21:18+03,2021-04-25 14:25:52+03,Неисправен
7219,229465,1897,2021-04-25 11:23:02+03,2021-04-25 12:27:16+03,Неисправен
1202,229441,1907,2021-04-25 11:32:08+03,2021-04-25 12:44:32+03,Неисправен
7881,229450,1903,2021-04-25 11:32:12+03,2021-04-25 13:08:56+03,Неисправен
4296,229477,1910,2021-04-25 11:32:20+03,2021-04-25 12:36:38+03,Неисправен
6465,229464,1897,2021-04-25 11:37:48+03,2021-04-25 12:40:20+03,Неисправен
476,229472,1893,2021-04-25 11:39:32+03,2021-04-25 12:42:26+03,Неисправен
11003,229438,1908,2021-04-25 11:41:04+03,2021-04-25 12:45:38+03,Неисправен
10332,229501,1919,2021-04-25 11:43:40+03,2021-04-25 13:41:48+03,Неисправен
8096,232218,1923,2021-04-25 11:43:42+03,2021-04-25 12:51:24+03,Неисправен
8657,229483,1911,2021-04-25 11:47:42+03,2021-04-25 12:51:42+03,Неисправен
3526,229444,1905,2021-04-25 11:53:58+03,2021-04-25 12:54:28+03,Неисправен
10185,229437,1908,2021-04-25 11:58:36+03,2021-04-25 14:29:24+03,Неисправен
6527,229496,1916,2021-04-25 11:58:54+03,2021-04-25 13:41:34+03,Неисправен
1334,229505,1921,2021-04-25 11:58:58+03,2021-04-25 13:15:28+03,Неисправен
1957,229442,1907,2021-04-25 12:07:06+03,2021-04-25 14:05:10+03,Неисправен
8611,229467,1896,2021-04-25 12:07:14+03,2021-04-25 13:28:18+03,Неисправен
3662,229508,1922,2021-04-25 12:07:28+03,2021-04-25 13:19:28+03,Неисправен
7291,229497,1918,2021-04-25 12:09:24+03,2021-04-25 13:30:38+03,Неисправен
9345,229484,1912,2021-04-25 12:19:36+03,2021-04-25 13:41:56+03,Неисправен
8696,229499,1918,2021-04-25 12:22:14+03,2021-04-25 13:44:24+03,Неисправен
11897,229503,1920,2021-04-25 12:22:14+03,2021-04-25 13:44:56+03,Неисправен
442,229456,1900,2021-04-25 12:23:10+03,2021-04-25 13:46:56+03,Неисправен
6466,229464,1897,2021-04-25 12:49:30+03,2021-04-25 14:25:34+03,Неисправен
8658,229483,1911,2021-04-25 12:52:26+03,2021-04-25 14:58:18+03,Неисправен
11088,229470,1893,2021-04-25 13:00:34+03,2021-04-25 14:23:56+03,Неисправен
1268,229473,1892,2021-04-25 13:00:34+03,2021-04-25 14:06:58+03,Неисправен
4937,229446,1904,2021-04-25 13:07:54+03,2021-04-25 14:27:04+03,Неисправен
11836,229471,1893,2021-04-25 13:08:02+03,2021-04-25 15:21:06+03,Неисправен
8097,232218,1923,2021-04-25 13:10:44+03,2021-04-25 14:11:18+03,Неисправен
1335,229505,1921,2021-04-25 13:16:08+03,2021-04-25 15:31:10+03,Неисправен
11004,229438,1908,2021-04-25 13:22:52+03,2021-04-25 14:47:54+03,Неисправен
4297,229477,1910,2021-04-25 13:26:14+03,2021-04-25 14:30:26+03,Неисправен
7914,229466,1896,2021-04-25 13:38:46+03,2021-04-25 15:09:44+03,Неисправен
10333,229501,1919,2021-04-25 13:42:46+03,2021-04-25 14:55:58+03,Неисправен
2872,229475,1892,2021-04-25 13:47:02+03,2021-04-25 15:14:48+03,Неисправен
2101,229506,1921,2021-04-25 13:56:24+03,2021-04-25 15:23:00+03,Неисправен
511,229488,1913,2021-04-25 14:03:50+03,2021-04-25 16:31:40+03,Неисправен
7989,229498,1918,2021-04-25 14:03:54+03,2021-04-25 15:15:00+03,Неисправен
3663,229508,1922,2021-04-25 14:05:08+03,2021-04-25 15:07:18+03,Неисправен
1958,229442,1907,2021-04-25 14:05:52+03,2021-04-25 15:24:26+03,Неисправен
7187,229449,1903,2021-04-25 14:11:54+03,2021-04-25 15:27:56+03,Неисправен
8098,232218,1923,2021-04-25 14:12:14+03,2021-04-25 15:16:44+03,Неисправен
11751,229439,1908,2021-04-25 14:13:10+03,2021-04-25 15:15:48+03,Неисправен
5109,229510,1923,2021-04-25 14:25:48+03,2021-04-25 15:35:12+03,Неисправен
6467,229464,1897,2021-04-25 14:26:18+03,2021-04-25 15:39:56+03,Неисправен
7256,229481,1910,2021-04-25 14:28:20+03,2021-04-25 15:40:58+03,Неисправен
9299,229468,1894,2021-04-25 14:32:58+03,2021-04-25 17:22:34+03,Неисправен
1233,229457,1900,2021-04-25 14:40:06+03,2021-04-25 16:26:30+03,Неисправен
4938,229446,1904,2021-04-25 14:45:40+03,2021-04-25 16:47:32+03,Неисправен
8765,232219,1924,2021-04-25 14:59:10+03,2021-04-25 16:23:00+03,Неисправен
7292,229497,1918,2021-04-25 15:06:28+03,2021-04-25 16:11:08+03,Неисправен
477,229472,1893,2021-04-25 15:08:48+03,2021-04-25 16:13:10+03,Неисправен
6495,229480,1910,2021-04-25 15:11:34+03,2021-04-25 16:12:54+03,Неисправен
11752,229439,1908,2021-04-25 15:16:22+03,2021-04-25 16:20:48+03,Неисправен
1203,229441,1907,2021-04-25 15:20:56+03,2021-04-25 16:27:16+03,Неисправен
9256,229452,1902,2021-04-25 15:21:00+03,2021-04-25 16:22:12+03,Неисправен
5034,229478,1910,2021-04-25 15:21:08+03,2021-04-25 16:35:42+03,Неисправен
2941,229507,1922,2021-04-25 15:21:18+03,2021-04-25 16:46:32+03,Неисправен
7956,229482,1911,2021-04-25 15:34:10+03,2021-04-25 16:34:40+03,Неисправен
11005,229438,1908,2021-04-25 15:39:24+03,2021-04-25 16:42:48+03,Неисправен
11898,229503,1920,2021-04-25 15:39:44+03,2021-04-25 16:49:58+03,Неисправен
11089,229470,1893,2021-04-25 15:41:30+03,2021-04-25 17:04:22+03,Неисправен
6468,229464,1897,2021-04-25 15:44:50+03,2021-04-25 16:47:40+03,Неисправен
2070,229490,1914,2021-04-25 15:44:58+03,2021-04-25 16:48:28+03,Неисправен
10186,229437,1908,2021-04-25 15:50:28+03,2021-04-25 17:01:22+03,Неисправен
5758,229479,1910,2021-04-25 15:50:42+03,2021-04-25 17:12:24+03,Неисправен
7915,229466,1896,2021-04-25 15:52:20+03,2021-04-25 17:04:32+03,Неисправен
4298,229477,1910,2021-04-25 16:03:20+03,2021-04-25 17:07:30+03,Неисправен
9386,229500,1919,2021-04-25 16:03:26+03,2021-04-25 17:05:38+03,Неисправен
3664,229508,1922,2021-04-25 16:03:28+03,2021-04-25 17:19:08+03,Неисправен
1336,229505,1921,2021-04-25 16:05:00+03,2021-04-25 18:07:22+03,Неисправен
5693,229447,1904,2021-04-25 16:05:46+03,2021-04-25 17:26:02+03,Неисправен
3625,229492,1914,2021-04-25 16:07:00+03,2021-04-25 17:43:16+03,Неисправен
7990,229498,1918,2021-04-25 16:08:32+03,2021-04-25 17:11:40+03,Неисправен
8766,232219,1924,2021-04-25 16:24:30+03,2021-04-25 17:32:48+03,Неисправен
1994,229458,1899,2021-04-25 16:36:18+03,2021-04-25 17:50:38+03,Неисправен
11870,229487,1913,2021-04-25 16:38:38+03,2021-04-25 17:45:56+03,Неисправен
8612,229467,1896,2021-04-25 16:49:28+03,2021-04-25 18:22:04+03,Неисправен
1269,229473,1892,2021-04-25 16:59:40+03,2021-04-25 18:06:58+03,Неисправен
11799,229455,1901,2021-04-25 17:09:32+03,2021-04-25 18:55:38+03,Неисправен
2942,229507,1922,2021-04-25 17:09:48+03,2021-04-25 18:30:38+03,Неисправен
9514,232220,1924,2021-04-25 17:09:50+03,2021-04-25 18:56:58+03,Неисправен
4222,229445,1905,2021-04-25 17:25:16+03,2021-04-25 18:28:02+03,Неисправен
2030,229474,1892,2021-04-25 17:28:50+03,2021-04-25 19:11:26+03,Неисправен
7916,229466,1896,2021-04-25 17:33:42+03,2021-04-25 18:37:10+03,Неисправен
8659,229483,1911,2021-04-25 17:33:48+03,2021-04-25 18:38:54+03,Неисправен
11122,229486,1913,2021-04-25 17:33:48+03,2021-04-25 18:41:40+03,Неисправен
4260,229461,1898,2021-04-25 17:37:42+03,2021-04-25 18:44:42+03,Неисправен
3566,229460,1899,2021-04-25 17:44:14+03,2021-04-25 19:09:52+03,Неисправен
552,229504,1921,2021-04-25 18:03:18+03,2021-04-25 19:19:26+03,Неисправен
3665,229508,1922,2021-04-25 18:03:20+03,2021-04-25 19:07:48+03,Неисправен
2943,229507,1922,2021-04-25 18:33:14+03,2021-04-25 19:52:04+03,Неисправен
11006,229438,1908,2021-04-25 18:45:50+03,2021-04-25 21:08:08+03,Неисправен
7882,229450,1903,2021-04-25 18:50:42+03,2021-04-25 20:11:18+03,Неисправен
10226,229453,1902,2021-04-25 18:56:38+03,2021-04-25 20:28:36+03,Неисправен
8660,229483,1911,2021-04-25 18:56:48+03,2021-04-25 20:06:56+03,Неисправен
6422,229448,1904,2021-04-25 18:59:20+03,2021-04-25 21:07:04+03,Неисправен
10268,229469,1894,2021-04-25 19:05:30+03,2021-04-25 20:14:52+03,Неисправен
5068,229494,1915,2021-04-25 19:05:38+03,2021-04-25 20:06:54+03,Неисправен
9300,229468,1894,2021-04-25 19:11:58+03,2021-04-25 20:52:20+03,Неисправен
4939,229446,1904,2021-04-25 19:13:48+03,2021-04-25 20:26:32+03,Неисправен
9387,229500,1919,2021-04-25 19:14:04+03,2021-04-25 20:35:46+03,Неисправен
406,229440,1908,2021-04-25 19:15:38+03,2021-04-25 20:16:48+03,Неисправен
7220,229465,1897,2021-04-25 19:17:08+03,2021-04-25 20:20:44+03,Неисправен
5110,229510,1923,2021-04-25 19:24:42+03,2021-04-25 21:07:44+03,Неисправен
553,229504,1921,2021-04-25 19:37:18+03,2021-04-25 20:47:20+03,Неисправен
2873,229475,1892,2021-04-25 19:56:38+03,2021-04-25 21:24:18+03,Неисправен
3567,229460,1899,2021-04-25 20:01:58+03,2021-04-25 21:05:48+03,Неисправен
1270,229473,1892,2021-04-25 20:05:36+03,2021-04-25 21:07:26+03,Неисправен
7917,229466,1896,2021-04-25 20:21:50+03,2021-04-25 21:27:58+03,Неисправен
9257,229452,1902,2021-04-25 20:29:26+03,2021-04-25 21:39:26+03,Неисправен
4299,229477,1910,2021-04-25 20:29:34+03,2021-04-25 21:47:38+03,Неисправен
5759,229479,1910,2021-04-25 20:46:58+03,2021-04-25 21:55:40+03,Неисправен
8613,229467,1896,2021-04-25 20:54:36+03,2021-04-25 22:00:26+03,Неисправен
11156,229502,1920,2021-04-25 20:54:46+03,2021-04-25 22:04:56+03,Неисправен
11753,229439,1908,2021-04-25 21:29:02+03,2021-04-25 22:45:36+03,Неисправен
11047,229454,1901,2021-04-25 21:29:08+03,2021-04-25 22:33:18+03,Неисправен
478,229472,1893,2021-04-25 21:29:14+03,2021-04-25 22:38:24+03,Неисправен
11800,229455,1901,2021-04-25 21:40:40+03,2021-04-25 22:47:22+03,Неисправен
512,229488,1913,2021-04-25 21:40:50+03,2021-04-25 22:55:24+03,Неисправен
10334,229501,1919,2021-04-25 21:47:44+03,2021-04-25 22:51:56+03,Неисправен
9388,229500,1919,2021-04-25 22:00:08+03,2021-04-25 23:31:02+03,Неисправен
6528,229496,1916,2021-04-25 22:11:34+03,2021-04-25 23:27:02+03,Неисправен
10269,229469,1894,2021-04-25 22:16:56+03,2021-04-25 23:35:38+03,Неисправен
9515,232220,1924,2021-04-25 22:30:28+03,2021-04-25 23:44:16+03,Неисправен
1959,229442,1907,2021-04-25 22:33:38+03,2021-04-25 23:39:58+03,Неисправен
3527,229444,1905,2021-04-25 22:37:56+03,2021-04-25 23:53:18+03,Неисправен
5725,229463,1897,2021-04-25 22:48:02+03,2021-04-26 00:26:54+03,Неисправен
7257,229481,1910,2021-04-25 22:48:08+03,2021-04-25 23:52:52+03,Неисправен
7188,229449,1903,2021-04-25 22:56:56+03,2021-04-26 00:41:34+03,Неисправен
11048,229454,1901,2021-04-25 23:03:10+03,2021-04-26 00:40:56+03,Неисправен
8099,232218,1923,2021-04-25 23:04:38+03,2021-04-26 00:18:02+03,Неисправен
7918,229466,1896,2021-04-25 23:08:08+03,2021-04-26 00:12:54+03,Неисправен
7991,229498,1918,2021-04-25 23:13:42+03,2021-04-26 00:14:02+03,Неисправен
8767,232219,1924,2021-04-25 23:23:40+03,2021-04-26 00:28:20+03,Неисправен
9301,229468,1894,2021-04-25 23:25:58+03,2021-04-26 00:31:44+03,Неисправен
7293,229497,1918,2021-04-25 23:26:08+03,2021-04-26 00:33:38+03,Неисправен
407,229440,1908,2021-04-25 23:35:30+03,2021-04-26 00:59:42+03,Неисправен
11899,229503,1920,2021-04-25 23:49:36+03,2021-04-26 00:53:54+03,Неисправен
11007,229438,1908,2021-04-25 23:53:58+03,2021-04-26 01:23:10+03,Неисправен
7258,229481,1910,2021-04-25 23:54:12+03,2021-04-26 01:26:26+03,Неисправен
2031,229474,1892,2021-04-25 23:55:40+03,2021-04-26 00:56:14+03,Неисправен
4300,229477,1910,2021-04-25 23:55:40+03,2021-04-26 01:11:22+03,Неисправен
9389,229500,1919,2021-04-25 23:55:48+03,2021-04-26 00:57:30+03,Неисправен
3568,229460,1899,2021-04-25 23:56:56+03,2021-04-26 01:16:20+03,Неисправен
3528,229444,1905,2021-04-26 00:00:59+03,2021-04-26 01:03:36+03,Неисправен
5694,229447,1904,2021-04-26 00:00:59+03,2021-04-26 01:34:06+03,Неисправен
1960,229442,1907,2021-04-26 00:09:48+03,2021-04-26 01:42:04+03,Неисправен
7221,229465,1897,2021-04-26 00:13:52+03,2021-04-26 01:30:28+03,Неисправен
6423,229448,1904,2021-04-26 00:20:20+03,2021-04-26 01:30:06+03,Неисправен
1204,229441,1907,2021-04-26 00:33:22+03,2021-04-26 01:43:30+03,Неисправен
5035,229478,1910,2021-04-26 00:34:28+03,2021-04-26 02:39:46+03,Неисправен
11090,229470,1893,2021-04-26 00:40:10+03,2021-04-26 02:13:30+03,Неисправен
7189,229449,1903,2021-04-26 00:44:08+03,2021-04-26 01:44:38+03,Неисправен
1337,229505,1921,2021-04-26 00:44:56+03,2021-04-26 02:06:06+03,Неисправен
7957,229482,1911,2021-04-26 00:50:36+03,2021-04-26 01:51:18+03,Неисправен
8570,229451,1902,2021-04-26 00:53:22+03,2021-04-26 02:01:12+03,Неисправен
4983,229462,1898,2021-04-26 00:56:48+03,2021-04-26 02:07:08+03,Неисправен
7992,229498,1918,2021-04-26 00:56:58+03,2021-04-26 02:08:36+03,Неисправен
11900,229503,1920,2021-04-26 00:57:00+03,2021-04-26 02:06:28+03,Неисправен
2102,229506,1921,2021-04-26 00:57:00+03,2021-04-26 02:39:22+03,Неисправен
8661,229483,1911,2021-04-26 01:02:34+03,2021-04-26 02:49:24+03,Неисправен
1995,229458,1899,2021-04-26 01:06:10+03,2021-04-26 02:48:18+03,Неисправен
3626,229492,1914,2021-04-26 01:06:20+03,2021-04-26 02:50:40+03,Неисправен
408,229440,1908,2021-04-26 01:08:52+03,2021-04-26 02:17:40+03,Неисправен
7883,229450,1903,2021-04-26 01:12:28+03,2021-04-26 02:29:52+03,Неисправен
10335,229501,1919,2021-04-26 01:16:58+03,2021-04-26 02:23:42+03,Неисправен
8768,232219,1924,2021-04-26 01:18:54+03,2021-04-26 02:46:00+03,Неисправен
3569,229460,1899,2021-04-26 01:20:12+03,2021-04-26 03:09:56+03,Неисправен
443,229456,1900,2021-04-26 01:32:02+03,2021-04-26 02:37:06+03,Неисправен
7919,229466,1896,2021-04-26 01:33:46+03,2021-04-26 03:23:10+03,Неисправен
4261,229461,1898,2021-04-26 01:38:16+03,2021-04-26 03:13:02+03,Неисправен
4301,229477,1910,2021-04-26 01:39:42+03,2021-04-26 02:42:40+03,Неисправен
9302,229468,1894,2021-04-26 01:51:14+03,2021-04-26 03:29:02+03,Неисправен
4984,229462,1898,2021-04-26 02:12:56+03,2021-04-26 04:03:48+03,Неисправен
11123,229486,1913,2021-04-26 02:16:36+03,2021-04-26 04:13:42+03,Неисправен
5069,229494,1915,2021-04-26 02:24:42+03,2021-04-26 03:48:52+03,Неисправен
11901,229503,1920,2021-04-26 02:29:48+03,2021-04-26 03:31:38+03,Неисправен
7884,229450,1903,2021-04-26 02:37:28+03,2021-04-26 03:40:10+03,Неисправен
9258,229452,1902,2021-04-26 02:37:28+03,2021-04-26 03:47:30+03,Неисправен
11837,229471,1893,2021-04-26 02:37:34+03,2021-04-26 04:01:38+03,Неисправен
10336,229501,1919,2021-04-26 02:41:08+03,2021-04-26 03:43:28+03,Неисправен
11008,229438,1908,2021-04-26 02:41:26+03,2021-04-26 03:54:46+03,Неисправен
10187,229437,1908,2021-04-26 02:43:10+03,2021-04-26 03:50:02+03,Неисправен
2798,229443,1907,2021-04-26 02:48:52+03,2021-04-26 03:52:10+03,Неисправен
1234,229457,1900,2021-04-26 02:52:58+03,2021-04-26 04:04:26+03,Неисправен
11049,229454,1901,2021-04-26 03:04:48+03,2021-04-26 05:00:26+03,Неисправен
7993,229498,1918,2021-04-26 03:12:06+03,2021-04-26 04:38:44+03,Неисправен
7294,229497,1918,2021-04-26 03:13:52+03,2021-04-26 05:05:10+03,Неисправен
4302,229477,1910,2021-04-26 03:17:54+03,2021-04-26 04:27:20+03,Неисправен
2071,229490,1914,2021-04-26 03:24:22+03,2021-04-26 04:26:02+03,Неисправен
9390,229500,1919,2021-04-26 03:36:54+03,2021-04-26 05:28:24+03,Неисправен
11902,229503,1920,2021-04-26 03:38:28+03,2021-04-26 04:57:54+03,Неисправен
9303,229468,1894,2021-04-26 03:42:00+03,2021-04-26 04:44:00+03,Неисправен
3529,229444,1905,2021-04-26 03:50:32+03,2021-04-26 04:59:38+03,Неисправен
11091,229470,1893,2021-04-26 03:50:40+03,2021-04-26 05:08:00+03,Неисправен
8697,229499,1918,2021-04-26 03:50:50+03,2021-04-26 04:56:04+03,Неисправен
6529,229496,1916,2021-04-26 04:00:56+03,2021-04-26 05:31:48+03,Неисправен
4343,229493,1915,2021-04-26 04:07:56+03,2021-04-26 05:13:24+03,Неисправен
409,229440,1908,2021-04-26 04:10:52+03,2021-04-26 05:39:44+03,Неисправен
5036,229478,1910,2021-04-26 04:18:08+03,2021-04-26 05:53:22+03,Неисправен
8662,229483,1911,2021-04-26 04:18:08+03,2021-04-26 05:44:08+03,Неисправен
11124,229486,1913,2021-04-26 04:18:10+03,2021-04-26 05:50:58+03,Неисправен
5760,229479,1910,2021-04-26 04:20:08+03,2021-04-26 05:30:40+03,Неисправен
5787,229495,1916,2021-04-26 04:20:12+03,2021-04-26 05:33:52+03,Неисправен
11754,229439,1908,2021-04-26 04:25:48+03,2021-04-26 05:28:16+03,Неисправен
554,229504,1921,2021-04-26 04:33:36+03,2021-04-26 06:40:38+03,Неисправен
10270,229469,1894,2021-04-26 04:34:34+03,2021-04-26 06:00:28+03,Неисправен
7994,229498,1918,2021-04-26 04:40:14+03,2021-04-26 06:00:18+03,Неисправен
9304,229468,1894,2021-04-26 04:45:20+03,2021-04-26 06:07:58+03,Неисправен
7259,229481,1910,2021-04-26 04:56:46+03,2021-04-26 06:03:26+03,Неисправен
513,229488,1913,2021-04-26 05:10:38+03,2021-04-26 06:10:52+03,Неисправен
6424,229448,1904,2021-04-26 05:11:44+03,2021-04-26 06:58:22+03,Неисправен
1271,229473,1892,2021-04-26 05:16:36+03,2021-04-26 06:48:28+03,Неисправен
2905,229491,1914,2021-04-26 05:25:10+03,2021-04-26 06:47:10+03,Неисправен
4372,229509,1923,2021-04-26 05:30:02+03,2021-04-26 07:14:36+03,Неисправен
7190,229449,1903,2021-04-26 05:34:18+03,2021-04-26 06:57:34+03,Неисправен
3666,229508,1922,2021-04-26 05:41:22+03,2021-04-26 06:47:58+03,Неисправен
8769,232219,1924,2021-04-26 05:41:24+03,2021-04-26 06:45:28+03,Неисправен
3530,229444,1905,2021-04-26 05:43:56+03,2021-04-26 06:45:20+03,Неисправен
1996,229458,1899,2021-04-26 05:44:00+03,2021-04-26 07:06:34+03,Неисправен
2874,229475,1892,2021-04-26 05:44:06+03,2021-04-26 06:51:04+03,Неисправен
11050,229454,1901,2021-04-26 05:45:18+03,2021-04-26 08:14:44+03,Неисправен
2072,229490,1914,2021-04-26 05:52:22+03,2021-04-26 06:53:24+03,Неисправен
11755,229439,1908,2021-04-26 05:53:54+03,2021-04-26 06:58:40+03,Неисправен
11871,229487,1913,2021-04-26 05:54:52+03,2021-04-26 06:56:36+03,Неисправен
1961,229442,1907,2021-04-26 06:09:30+03,2021-04-26 07:09:58+03,Неисправен
11125,229486,1913,2021-04-26 06:21:02+03,2021-04-26 07:27:52+03,Неисправен
5070,229494,1915,2021-04-26 06:37:34+03,2021-04-26 08:39:04+03,Неисправен
4223,229445,1905,2021-04-26 06:53:48+03,2021-04-26 08:24:54+03,Неисправен
3600,229476,1909,2021-04-26 06:53:58+03,2021-04-26 07:54:52+03,Неисправен
2073,229490,1914,2021-04-26 07:03:34+03,2021-04-26 08:27:34+03,Неисправен
6425,229448,1904,2021-04-26 07:06:32+03,2021-04-26 08:18:46+03,Неисправен
8571,229451,1902,2021-04-26 07:06:32+03,2021-04-26 08:19:10+03,Неисправен
4985,229462,1898,2021-04-26 07:06:36+03,2021-04-26 08:57:24+03,Неисправен
9259,229452,1902,2021-04-26 07:09:16+03,2021-04-26 08:17:26+03,Неисправен
10337,229501,1919,2021-04-26 07:12:28+03,2021-04-26 08:17:20+03,Неисправен
11801,229455,1901,2021-04-26 07:15:44+03,2021-04-26 08:19:32+03,Неисправен
7958,229482,1911,2021-04-26 07:18:58+03,2021-04-26 08:31:40+03,Неисправен
7995,229498,1918,2021-04-26 07:21:04+03,2021-04-26 08:27:38+03,Неисправен
6469,229464,1897,2021-04-26 07:28:42+03,2021-04-26 09:12:26+03,Неисправен
9346,229484,1912,2021-04-26 07:31:04+03,2021-04-26 08:40:00+03,Неисправен
11092,229470,1893,2021-04-26 07:32:12+03,2021-04-26 09:15:38+03,Неисправен
4373,229509,1923,2021-04-26 07:40:04+03,2021-04-26 08:44:44+03,Неисправен
5037,229478,1910,2021-04-26 07:44:24+03,2021-04-26 08:48:44+03,Неисправен
3570,229460,1899,2021-04-26 07:48:56+03,2021-04-26 09:38:00+03,Неисправен
2944,229507,1922,2021-04-26 07:55:56+03,2021-04-26 09:09:20+03,Неисправен
1962,229442,1907,2021-04-26 08:05:22+03,2021-04-26 09:14:32+03,Неисправен
9516,232220,1924,2021-04-26 08:14:40+03,2021-04-26 10:28:56+03,Неисправен
1338,229505,1921,2021-04-26 08:17:22+03,2021-04-26 09:40:10+03,Неисправен
11009,229438,1908,2021-04-26 08:18:22+03,2021-04-26 09:29:22+03,Неисправен
8572,229451,1902,2021-04-26 08:21:10+03,2021-04-26 09:22:04+03,Неисправен
4224,229445,1905,2021-04-26 08:27:06+03,2021-04-26 09:36:10+03,Неисправен
11903,229503,1920,2021-04-26 08:30:30+03,2021-04-26 10:08:14+03,Неисправен
444,229456,1900,2021-04-26 08:35:48+03,2021-04-26 10:07:22+03,Неисправен
1272,229473,1892,2021-04-26 08:35:54+03,2021-04-26 09:49:38+03,Неисправен
2074,229490,1914,2021-04-26 08:46:06+03,2021-04-26 10:13:48+03,Неисправен
3627,229492,1914,2021-04-26 08:54:02+03,2021-04-26 10:11:38+03,Неисправен
5788,229495,1916,2021-04-26 08:54:04+03,2021-04-26 09:57:22+03,Неисправен
7222,229465,1897,2021-04-26 08:56:16+03,2021-04-26 09:56:18+03,Неисправен
11756,229439,1908,2021-04-26 09:02:56+03,2021-04-26 10:24:28+03,Неисправен
10188,229437,1908,2021-04-26 09:11:38+03,2021-04-26 10:23:54+03,Неисправен
2945,229507,1922,2021-04-26 09:12:00+03,2021-04-26 11:07:34+03,Неисправен
7920,229466,1896,2021-04-26 09:39:58+03,2021-04-26 10:55:28+03,Неисправен
5038,229478,1910,2021-04-26 09:40:02+03,2021-04-26 11:01:24+03,Неисправен
8663,229483,1911,2021-04-26 09:44:32+03,2021-04-26 10:50:38+03,Неисправен
1339,229505,1921,2021-04-26 09:44:40+03,2021-04-26 10:50:02+03,Неисправен
5111,229510,1923,2021-04-26 09:46:48+03,2021-04-26 11:50:18+03,Неисправен
11802,229455,1901,2021-04-26 09:50:16+03,2021-04-26 11:06:56+03,Неисправен
1273,229473,1892,2021-04-26 09:50:20+03,2021-04-26 11:03:42+03,Неисправен
4344,229493,1915,2021-04-26 09:53:10+03,2021-04-26 11:12:48+03,Неисправен
2032,229474,1892,2021-04-26 09:54:58+03,2021-04-26 10:56:38+03,Неисправен
1205,229441,1907,2021-04-26 10:05:18+03,2021-04-26 11:17:10+03,Неисправен
7885,229450,1903,2021-04-26 10:05:20+03,2021-04-26 11:20:38+03,Неисправен
8573,229451,1902,2021-04-26 10:13:36+03,2021-04-26 12:11:00+03,Неисправен
2836,229459,1899,2021-04-26 10:13:38+03,2021-04-26 11:20:44+03,Неисправен
4303,229477,1910,2021-04-26 10:13:44+03,2021-04-26 11:27:58+03,Неисправен
10306,229485,1912,2021-04-26 10:13:46+03,2021-04-26 11:23:08+03,Неисправен
7996,229498,1918,2021-04-26 10:16:18+03,2021-04-26 11:20:50+03,Неисправен
8698,229499,1918,2021-04-26 10:16:18+03,2021-04-26 11:20:22+03,Неисправен
6530,229496,1916,2021-04-26 10:20:28+03,2021-04-26 11:21:26+03,Неисправен
2799,229443,1907,2021-04-26 10:23:54+03,2021-04-26 11:37:36+03,Неисправен
5695,229447,1904,2021-04-26 10:23:56+03,2021-04-26 11:29:34+03,Неисправен
3571,229460,1899,2021-04-26 10:28:32+03,2021-04-26 11:36:10+03,Неисправен
10271,229469,1894,2021-04-26 10:28:34+03,2021-04-26 12:06:56+03,Неисправен
7295,229497,1918,2021-04-26 10:34:46+03,2021-04-26 11:41:50+03,Неисправен
10338,229501,1919,2021-04-26 10:34:48+03,2021-04-26 11:38:24+03,Неисправен
1340,229505,1921,2021-04-26 10:51:36+03,2021-04-26 12:08:58+03,Неисправен
7554,94074,591,2021-04-26 10:52:02+03,2021-04-26 13:34:52+03,Неисправен
5761,229479,1910,2021-04-26 10:53:40+03,2021-04-26 11:54:20+03,Неисправен
410,229440,1908,2021-04-26 11:16:10+03,2021-04-26 12:44:02+03,Неисправен
3531,229444,1905,2021-04-26 11:16:12+03,2021-04-26 12:51:42+03,Неисправен
5726,229463,1897,2021-04-26 11:16:18+03,2021-04-26 12:20:20+03,Неисправен
11803,229455,1901,2021-04-26 11:18:08+03,2021-04-26 13:04:40+03,Неисправен
9391,229500,1919,2021-04-26 11:32:10+03,2021-04-26 12:56:44+03,Неисправен
1963,229442,1907,2021-04-26 11:37:34+03,2021-04-26 12:41:44+03,Неисправен
2837,229459,1899,2021-04-26 11:40:04+03,2021-04-26 12:59:58+03,Неисправен
7959,229482,1911,2021-04-26 11:44:10+03,2021-04-26 12:48:34+03,Неисправен
5789,229495,1916,2021-04-26 11:44:14+03,2021-04-26 13:31:56+03,Неисправен
10189,229437,1908,2021-04-26 11:51:06+03,2021-04-26 13:32:32+03,Неисправен
11051,229454,1901,2021-04-26 11:55:50+03,2021-04-26 13:04:04+03,Неисправен
8574,229451,1902,2021-04-26 12:11:28+03,2021-04-26 13:22:58+03,Неисправен
5039,229478,1910,2021-04-26 12:15:50+03,2021-04-26 14:15:28+03,Неисправен
8664,229483,1911,2021-04-26 12:15:52+03,2021-04-26 13:37:42+03,Неисправен
11126,229486,1913,2021-04-26 12:15:54+03,2021-04-26 13:27:08+03,Неисправен
4345,229493,1915,2021-04-26 12:19:30+03,2021-04-26 13:30:12+03,Неисправен
7997,229498,1918,2021-04-26 12:19:32+03,2021-04-26 13:35:26+03,Неисправен
4304,229477,1910,2021-04-26 12:31:38+03,2021-04-26 13:54:00+03,Неисправен
1301,229489,1914,2021-04-26 12:33:06+03,2021-04-26 13:49:26+03,Неисправен
7921,229466,1896,2021-04-26 12:34:52+03,2021-04-26 13:56:16+03,Неисправен
10227,229453,1902,2021-04-26 12:35:34+03,2021-04-26 13:38:30+03,Неисправен
3572,229460,1899,2021-04-26 12:38:50+03,2021-04-26 13:57:14+03,Неисправен
514,229488,1913,2021-04-26 12:40:52+03,2021-04-26 13:50:50+03,Неисправен
10307,229485,1912,2021-04-26 12:57:40+03,2021-04-26 14:01:36+03,Неисправен
2906,229491,1914,2021-04-26 13:04:16+03,2021-04-26 14:06:22+03,Неисправен
1997,229458,1899,2021-04-26 13:18:00+03,2021-04-26 14:26:22+03,Неисправен
4262,229461,1898,2021-04-26 13:20:32+03,2021-04-26 15:05:04+03,Неисправен
2875,229475,1892,2021-04-26 13:20:38+03,2021-04-26 14:32:30+03,Неисправен
555,229504,1921,2021-04-26 13:21:52+03,2021-04-26 14:42:10+03,Неисправен
7260,229481,1910,2021-04-26 13:33:18+03,2021-04-26 14:41:14+03,Неисправен
5790,229495,1916,2021-04-26 13:33:22+03,2021-04-26 14:33:24+03,Неисправен
11052,229454,1901,2021-04-26 13:35:12+03,2021-04-26 14:47:04+03,Неисправен
11093,229470,1893,2021-04-26 13:48:26+03,2021-04-26 15:11:18+03,Неисправен
8575,229451,1902,2021-04-26 13:54:42+03,2021-04-26 14:57:36+03,Неисправен
4305,229477,1910,2021-04-26 13:54:50+03,2021-04-26 15:17:56+03,Неисправен
9347,229484,1912,2021-04-26 13:54:52+03,2021-04-26 15:37:24+03,Неисправен
3628,229492,1914,2021-04-26 13:54:54+03,2021-04-26 15:08:10+03,Неисправен
7998,229498,1918,2021-04-26 13:54:56+03,2021-04-26 15:09:18+03,Неисправен
2103,229506,1921,2021-04-26 13:54:58+03,2021-04-26 15:30:12+03,Неисправен
2946,229507,1922,2021-04-26 13:59:00+03,2021-04-26 15:23:50+03,Неисправен
2838,229459,1899,2021-04-26 14:00:16+03,2021-04-26 15:14:02+03,Неисправен
1274,229473,1892,2021-04-26 14:02:18+03,2021-04-26 15:09:10+03,Неисправен
479,229472,1893,2021-04-26 14:17:42+03,2021-04-26 15:27:20+03,Неисправен
6531,229496,1916,2021-04-26 14:24:04+03,2021-04-26 15:47:20+03,Неисправен
10228,229453,1902,2021-04-26 14:25:24+03,2021-04-26 15:30:08+03,Неисправен
515,229488,1913,2021-04-26 14:25:34+03,2021-04-26 15:54:10+03,Неисправен
7922,229466,1896,2021-04-26 14:30:32+03,2021-04-26 15:48:36+03,Неисправен
2876,229475,1892,2021-04-26 14:33:08+03,2021-04-26 16:02:16+03,Неисправен
4940,229446,1904,2021-04-26 14:44:18+03,2021-04-26 16:16:38+03,Неисправен
6426,229448,1904,2021-04-26 14:44:18+03,2021-04-26 16:28:58+03,Неисправен
8665,229483,1911,2021-04-26 14:44:28+03,2021-04-26 16:30:12+03,Неисправен
11053,229454,1901,2021-04-26 14:51:14+03,2021-04-26 16:42:18+03,Неисправен
7296,229497,1918,2021-04-26 14:51:28+03,2021-04-26 15:57:08+03,Неисправен
11757,229439,1908,2021-04-26 15:00:22+03,2021-04-26 16:09:04+03,Неисправен
2907,229491,1914,2021-04-26 15:03:08+03,2021-04-26 16:30:34+03,Неисправен
10339,229501,1919,2021-04-26 15:09:18+03,2021-04-26 16:33:24+03,Неисправен
4374,229509,1923,2021-04-26 15:13:12+03,2021-04-26 16:24:02+03,Неисправен
4306,229477,1910,2021-04-26 15:19:10+03,2021-04-26 16:36:50+03,Неисправен
8576,229451,1902,2021-04-26 15:22:30+03,2021-04-26 16:32:40+03,Неисправен
3667,229508,1922,2021-04-26 15:22:48+03,2021-04-26 16:43:26+03,Неисправен
2033,229474,1892,2021-04-26 15:28:00+03,2021-04-26 16:58:04+03,Неисправен
7999,229498,1918,2021-04-26 15:33:24+03,2021-04-26 17:17:24+03,Неисправен
9348,229484,1912,2021-04-26 15:38:12+03,2021-04-26 16:53:22+03,Неисправен
4986,229462,1898,2021-04-26 15:42:30+03,2021-04-26 16:46:38+03,Неисправен
5727,229463,1897,2021-04-26 15:43:14+03,2021-04-26 17:16:24+03,Неисправен
1998,229458,1899,2021-04-26 15:49:00+03,2021-04-26 17:04:12+03,Неисправен
11010,229438,1908,2021-04-26 16:03:10+03,2021-04-26 17:12:44+03,Неисправен
2839,229459,1899,2021-04-26 16:07:54+03,2021-04-26 17:30:58+03,Неисправен
7297,229497,1918,2021-04-26 16:08:06+03,2021-04-26 17:12:54+03,Неисправен
480,229472,1893,2021-04-26 16:11:40+03,2021-04-26 17:19:52+03,Неисправен
5112,229510,1923,2021-04-26 16:20:20+03,2021-04-26 17:58:24+03,Неисправен
9305,229468,1894,2021-04-26 16:28:18+03,2021-04-26 17:40:06+03,Неисправен
4941,229446,1904,2021-04-26 16:28:58+03,2021-04-26 17:40:10+03,Неисправен
9517,232220,1924,2021-04-26 16:34:40+03,2021-04-26 17:37:30+03,Неисправен
9392,229500,1919,2021-04-26 16:35:52+03,2021-04-26 17:58:04+03,Неисправен
11838,229471,1893,2021-04-26 16:40:02+03,2021-04-26 17:56:56+03,Неисправен
411,229440,1908,2021-04-26 16:42:14+03,2021-04-26 17:46:26+03,Неисправен
8614,229467,1896,2021-04-26 16:42:22+03,2021-04-26 17:45:18+03,Неисправен
5071,229494,1915,2021-04-26 16:46:00+03,2021-04-26 18:21:26+03,Неисправен
3532,229444,1905,2021-04-26 16:47:28+03,2021-04-26 18:02:34+03,Неисправен
3573,229460,1899,2021-04-26 16:47:32+03,2021-04-26 18:20:06+03,Неисправен
10190,229437,1908,2021-04-26 16:51:06+03,2021-04-26 18:25:14+03,Неисправен
7923,229466,1896,2021-04-26 16:51:16+03,2021-04-26 17:54:32+03,Неисправен
11872,229487,1913,2021-04-26 16:55:54+03,2021-04-26 18:22:48+03,Неисправен
6470,229464,1897,2021-04-26 17:06:14+03,2021-04-26 18:41:54+03,Неисправен
10340,229501,1919,2021-04-26 17:06:26+03,2021-04-26 18:16:38+03,Неисправен
9260,229452,1902,2021-04-26 17:13:46+03,2021-04-26 18:26:06+03,Неисправен
7298,229497,1918,2021-04-26 17:14:00+03,2021-04-26 19:03:06+03,Неисправен
3668,229508,1922,2021-04-26 17:54:12+03,2021-04-26 19:01:00+03,Неисправен
2947,229507,1922,2021-04-26 17:58:06+03,2021-04-26 19:21:32+03,Неисправен
9306,229468,1894,2021-04-26 17:59:24+03,2021-04-26 19:26:04+03,Неисправен
8000,229498,1918,2021-04-26 18:05:40+03,2021-04-26 19:59:46+03,Неисправен
7223,229465,1897,2021-04-26 18:14:44+03,2021-04-26 19:32:24+03,Неисправен
481,229472,1893,2021-04-26 18:15:12+03,2021-04-26 19:22:16+03,Неисправен
8100,232218,1923,2021-04-26 18:15:24+03,2021-04-26 19:36:22+03,Неисправен
9518,232220,1924,2021-04-26 18:15:24+03,2021-04-26 19:16:26+03,Неисправен
10229,229453,1902,2021-04-26 18:20:30+03,2021-04-26 19:29:46+03,Неисправен
9393,229500,1919,2021-04-26 18:22:52+03,2021-04-26 20:03:18+03,Неисправен
11157,229502,1920,2021-04-26 18:22:54+03,2021-04-26 19:39:10+03,Неисправен
1206,229441,1907,2021-04-26 18:27:08+03,2021-04-26 19:58:04+03,Неисправен
4307,229477,1910,2021-04-26 18:27:20+03,2021-04-26 19:39:22+03,Неисправен
11054,229454,1901,2021-04-26 18:31:26+03,2021-04-26 20:13:42+03,Неисправен
3629,229492,1914,2021-04-26 18:33:10+03,2021-04-26 20:57:24+03,Неисправен
2800,229443,1907,2021-04-26 18:34:28+03,2021-04-26 20:28:38+03,Неисправен
9261,229452,1902,2021-04-26 18:34:32+03,2021-04-26 20:01:36+03,Неисправен
7191,229449,1903,2021-04-26 18:35:18+03,2021-04-26 19:53:20+03,Неисправен
11804,229455,1901,2021-04-26 18:39:42+03,2021-04-26 19:56:00+03,Неисправен
10272,229469,1894,2021-04-26 18:45:16+03,2021-04-26 19:53:52+03,Неисправен
11127,229486,1913,2021-04-26 18:45:22+03,2021-04-26 20:02:00+03,Неисправен
4375,229509,1923,2021-04-26 18:46:40+03,2021-04-26 20:20:24+03,Неисправен
8666,229483,1911,2021-04-26 18:47:56+03,2021-04-26 19:58:56+03,Неисправен
7886,229450,1903,2021-04-26 18:49:14+03,2021-04-26 20:36:14+03,Неисправен
4263,229461,1898,2021-04-26 18:49:18+03,2021-04-26 20:25:00+03,Неисправен
516,229488,1913,2021-04-26 18:52:28+03,2021-04-26 20:08:34+03,Неисправен
1302,229489,1914,2021-04-26 18:52:28+03,2021-04-26 20:15:44+03,Неисправен
10341,229501,1919,2021-04-26 18:52:32+03,2021-04-26 20:13:56+03,Неисправен
2075,229490,1914,2021-04-26 18:56:34+03,2021-04-26 20:37:34+03,Неисправен
5040,229478,1910,2021-04-26 19:05:42+03,2021-04-26 20:12:57+03,Неисправен
2034,229474,1892,2021-04-26 19:08:34+03,2021-04-26 20:35:56+03,Неисправен
11904,229503,1920,2021-04-26 19:13:42+03,2021-04-26 20:25:12+03,Неисправен
7299,229497,1918,2021-04-26 19:17:20+03,2021-04-26 21:05:48+03,Неисправен
4225,229445,1905,2021-04-26 19:22:36+03,2021-04-26 20:43:50+03,Неисправен
2840,229459,1899,2021-04-26 19:22:40+03,2021-04-26 20:53:10+03,Неисправен
6427,229448,1904,2021-04-26 19:25:58+03,2021-04-26 20:28:38+03,Неисправен
10230,229453,1902,2021-04-26 19:32:56+03,2021-04-26 20:35:04+03,Неисправен
7224,229465,1897,2021-04-26 19:32:58+03,2021-04-26 20:50:52+03,Неисправен
8615,229467,1896,2021-04-26 19:33:00+03,2021-04-26 20:40:18+03,Неисправен
9307,229468,1894,2021-04-26 19:33:00+03,2021-04-26 21:21:18+03,Неисправен
4942,229446,1904,2021-04-26 19:36:52+03,2021-04-26 20:44:16+03,Неисправен
3533,229444,1905,2021-04-26 19:41:42+03,2021-04-26 20:51:50+03,Неисправен
11094,229470,1893,2021-04-26 19:41:50+03,2021-04-26 20:58:28+03,Неисправен
11158,229502,1920,2021-04-26 19:52:52+03,2021-04-26 20:54:10+03,Неисправен
11805,229455,1901,2021-04-26 19:57:20+03,2021-04-26 21:20:38+03,Неисправен
412,229440,1908,2021-04-26 20:02:40+03,2021-04-26 21:19:58+03,Неисправен
11128,229486,1913,2021-04-26 20:02:54+03,2021-04-26 21:35:14+03,Неисправен
6471,229464,1897,2021-04-26 20:04:14+03,2021-04-26 21:07:20+03,Неисправен
4987,229462,1898,2021-04-26 20:05:44+03,2021-04-26 21:35:48+03,Неисправен
8101,232218,1923,2021-04-26 20:06:00+03,2021-04-26 21:21:30+03,Неисправен
1207,229441,1907,2021-04-26 20:09:20+03,2021-04-26 21:51:52+03,Неисправен
517,229488,1913,2021-04-26 20:09:34+03,2021-04-26 21:25:32+03,Неисправен
6532,229496,1916,2021-04-26 20:13:56+03,2021-04-26 21:31:08+03,Неисправен
8667,229483,1911,2021-04-26 20:18:02+03,2021-04-26 21:18:58+03,Неисправен
4376,229509,1923,2021-04-26 20:21:48+03,2021-04-26 21:44:24+03,Неисправен
1341,229505,1921,2021-04-26 20:27:42+03,2021-04-26 21:37:46+03,Неисправен
445,229456,1900,2021-04-26 20:32:18+03,2021-04-26 21:48:14+03,Неисправен
8770,232219,1924,2021-04-26 20:32:34+03,2021-04-26 21:51:34+03,Неисправен
7192,229449,1903,2021-04-26 20:38:34+03,2021-04-26 21:38:58+03,Неисправен
8001,229498,1918,2021-04-26 20:38:48+03,2021-04-26 22:00:56+03,Неисправен
8616,229467,1896,2021-04-26 20:41:06+03,2021-04-26 21:47:54+03,Неисправен
556,229504,1921,2021-04-26 20:50:38+03,2021-04-26 21:52:40+03,Неисправен
7960,229482,1911,2021-04-26 20:53:18+03,2021-04-26 21:56:48+03,Неисправен
6428,229448,1904,2021-04-26 20:54:38+03,2021-04-26 22:03:30+03,Неисправен
1235,229457,1900,2021-04-26 20:58:24+03,2021-04-26 22:18:00+03,Неисправен
7924,229466,1896,2021-04-26 21:07:22+03,2021-04-26 22:33:58+03,Неисправен
5113,229510,1923,2021-04-26 21:11:42+03,2021-04-26 22:41:42+03,Неисправен
2801,229443,1907,2021-04-26 21:19:18+03,2021-04-26 22:22:12+03,Неисправен
10231,229453,1902,2021-04-26 21:21:54+03,2021-04-26 22:50:46+03,Неисправен
7225,229465,1897,2021-04-26 21:31:42+03,2021-04-26 22:36:22+03,Неисправен
413,229440,1908,2021-04-26 21:38:18+03,2021-04-26 23:01:14+03,Неисправен
3574,229460,1899,2021-04-26 21:38:24+03,2021-04-26 22:47:34+03,Неисправен
11806,229455,1901,2021-04-26 21:40:12+03,2021-04-27 00:29:42+03,Неисправен
5696,229447,1904,2021-04-26 22:02:08+03,2021-04-26 23:11:50+03,Неисправен
11095,229470,1893,2021-04-26 22:05:00+03,2021-04-26 23:16:30+03,Неисправен
11873,229487,1913,2021-04-26 22:05:06+03,2021-04-26 23:08:00+03,Неисправен
3534,229444,1905,2021-04-26 22:08:54+03,2021-04-26 23:28:30+03,Неисправен
11055,229454,1901,2021-04-26 22:08:58+03,2021-04-26 23:14:12+03,Неисправен
8668,229483,1911,2021-04-26 22:09:06+03,2021-04-26 23:38:44+03,Неисправен
4226,229445,1905,2021-04-26 22:16:44+03,2021-04-26 23:27:18+03,Неисправен
9349,229484,1912,2021-04-26 22:19:44+03,2021-04-26 23:49:14+03,Неисправен
4988,229462,1898,2021-04-26 22:26:00+03,2021-04-26 23:38:26+03,Неисправен
5762,229479,1910,2021-04-26 22:29:36+03,2021-04-26 23:36:22+03,Неисправен
7961,229482,1911,2021-04-26 22:29:38+03,2021-04-26 23:37:30+03,Неисправен
1342,229505,1921,2021-04-26 22:31:22+03,2021-04-26 23:38:08+03,Неисправен
1303,229489,1914,2021-04-26 22:44:48+03,2021-04-26 23:59:42+03,Неисправен
2908,229491,1914,2021-04-26 22:44:48+03,2021-04-26 23:54:22+03,Неисправен
7300,229497,1918,2021-04-26 22:44:50+03,2021-04-27 00:41:24+03,Неисправен
8699,229499,1918,2021-04-26 22:44:50+03,2021-04-27 00:25:42+03,Неисправен
10191,229437,1908,2021-04-26 22:51:40+03,2021-04-27 00:22:12+03,Неисправен
4377,229509,1923,2021-04-26 22:52:02+03,2021-04-27 00:06:58+03,Неисправен
4943,229446,1904,2021-04-26 22:54:40+03,2021-04-27 00:11:28+03,Неисправен
8771,232219,1924,2021-04-26 22:55:00+03,2021-04-27 00:09:02+03,Неисправен
7193,229449,1903,2021-04-26 23:05:24+03,2021-04-27 00:13:56+03,Неисправен
5697,229447,1904,2021-04-26 23:12:38+03,2021-04-27 00:12:52+03,Неисправен
557,229504,1921,2021-04-26 23:12:56+03,2021-04-27 00:14:18+03,Неисправен
4308,229477,1910,2021-04-26 23:22:06+03,2021-04-27 00:37:50+03,Неисправен
8577,229451,1902,2021-04-26 23:29:16+03,2021-04-27 00:43:00+03,Неисправен
7261,229481,1910,2021-04-26 23:33:20+03,2021-04-27 01:27:56+03,Неисправен
11011,229438,1908,2021-04-26 23:45:02+03,2021-04-27 01:00:58+03,Неисправен
1964,229442,1907,2021-04-26 23:45:02+03,2021-04-27 00:49:10+03,Неисправен
9308,229468,1894,2021-04-26 23:45:10+03,2021-04-27 01:24:12+03,Неисправен
11096,229470,1893,2021-04-26 23:45:12+03,2021-04-27 00:45:48+03,Неисправен
4989,229462,1898,2021-04-26 23:49:48+03,2021-04-27 01:04:58+03,Неисправен
11129,229486,1913,2021-04-26 23:49:56+03,2021-04-27 00:50:42+03,Неисправен
7887,229450,1903,2021-04-26 23:54:10+03,2021-04-27 01:19:28+03,Неисправен
3575,229460,1899,2021-04-26 23:55:38+03,2021-04-27 01:19:02+03,Неисправен
5114,229510,1923,2021-04-26 23:55:54+03,2021-04-27 01:16:08+03,Неисправен
8669,229483,1911,2021-04-26 23:58:56+03,2021-04-27 01:17:38+03,Неисправен
1304,229489,1914,2021-04-27 00:01:28+03,2021-04-27 01:03:58+03,Неисправен
10342,229501,1919,2021-04-27 00:06:42+03,2021-04-27 01:34:20+03,Неисправен
3535,229444,1905,2021-04-27 00:10:26+03,2021-04-27 01:21:54+03,Неисправен
8772,232219,1924,2021-04-27 00:10:48+03,2021-04-27 01:29:14+03,Неисправен
3669,229508,1922,2021-04-27 00:13:34+03,2021-04-27 01:29:08+03,Неисправен
482,229472,1893,2021-04-27 00:17:20+03,2021-04-27 01:35:58+03,Неисправен
9394,229500,1919,2021-04-27 00:22:08+03,2021-04-27 01:29:40+03,Неисправен
7925,229466,1896,2021-04-27 00:26:16+03,2021-04-27 01:42:04+03,Неисправен
3630,229492,1914,2021-04-27 00:26:24+03,2021-04-27 02:03:16+03,Неисправен
7194,229449,1903,2021-04-27 00:32:38+03,2021-04-27 01:46:44+03,Неисправен
3601,229476,1909,2021-04-27 00:33:54+03,2021-04-27 01:49:00+03,Неисправен
8617,229467,1896,2021-04-27 00:37:34+03,2021-04-27 02:29:32+03,Неисправен
9350,229484,1912,2021-04-27 00:39:36+03,2021-04-27 01:48:08+03,Неисправен
4264,229461,1898,2021-04-27 00:40:58+03,2021-04-27 01:41:08+03,Неисправен
6429,229448,1904,2021-04-27 00:42:36+03,2021-04-27 02:19:00+03,Неисправен
5041,229478,1910,2021-04-27 00:45:36+03,2021-04-27 01:47:34+03,Неисправен
5791,229495,1916,2021-04-27 01:05:08+03,2021-04-27 02:20:32+03,Неисправен
4990,229462,1898,2021-04-27 01:07:54+03,2021-04-27 02:19:22+03,Неисправен
1236,229457,1900,2021-04-27 01:23:44+03,2021-04-27 02:24:12+03,Неисправен
10273,229469,1894,2021-04-27 01:23:48+03,2021-04-27 02:42:10+03,Неисправен
10192,229437,1908,2021-04-27 01:26:14+03,2021-04-27 03:39:08+03,Неисправен
3536,229444,1905,2021-04-27 01:26:18+03,2021-04-27 02:48:18+03,Неисправен
2035,229474,1892,2021-04-27 01:35:32+03,2021-04-27 02:36:48+03,Неисправен
518,229488,1913,2021-04-27 01:37:44+03,2021-04-27 02:46:22+03,Неисправен
11874,229487,1913,2021-04-27 01:44:48+03,2021-04-27 02:50:46+03,Неисправен
7195,229449,1903,2021-04-27 01:59:12+03,2021-04-27 03:13:20+03,Неисправен
2104,229506,1921,2021-04-27 01:59:54+03,2021-04-27 03:38:54+03,Неисправен
3631,229492,1914,2021-04-27 02:04:58+03,2021-04-27 03:24:02+03,Неисправен
1305,229489,1914,2021-04-27 02:07:48+03,2021-04-27 03:20:56+03,Неисправен
9309,229468,1894,2021-04-27 02:09:58+03,2021-04-27 03:15:52+03,Неисправен
11130,229486,1913,2021-04-27 02:12:56+03,2021-04-27 03:39:40+03,Неисправен
7301,229497,1918,2021-04-27 02:13:00+03,2021-04-27 03:26:06+03,Неисправен
7262,229481,1910,2021-04-27 02:16:54+03,2021-04-27 03:21:26+03,Неисправен
6430,229448,1904,2021-04-27 02:20:18+03,2021-04-27 03:32:22+03,Неисправен
8002,229498,1918,2021-04-27 02:23:50+03,2021-04-27 03:27:38+03,Неисправен
2909,229491,1914,2021-04-27 02:28:04+03,2021-04-27 03:34:10+03,Неисправен
4309,229477,1910,2021-04-27 02:32:38+03,2021-04-27 04:00:32+03,Неисправен
5072,229494,1915,2021-04-27 02:32:44+03,2021-04-27 03:49:24+03,Неисправен
2877,229475,1892,2021-04-27 02:35:18+03,2021-04-27 03:49:44+03,Неисправен
1343,229505,1921,2021-04-27 02:38:34+03,2021-04-27 03:55:10+03,Неисправен
5728,229463,1897,2021-04-27 02:41:32+03,2021-04-27 03:45:12+03,Неисправен
8700,229499,1918,2021-04-27 02:44:42+03,2021-04-27 03:51:34+03,Неисправен
3670,229508,1922,2021-04-27 02:53:32+03,2021-04-27 04:53:04+03,Неисправен
2076,229490,1914,2021-04-27 03:05:06+03,2021-04-27 04:07:02+03,Неисправен
4227,229445,1905,2021-04-27 03:12:36+03,2021-04-27 04:27:24+03,Неисправен
2036,229474,1892,2021-04-27 03:12:46+03,2021-04-27 04:16:36+03,Неисправен
6472,229464,1897,2021-04-27 03:17:46+03,2021-04-27 04:33:32+03,Неисправен
1306,229489,1914,2021-04-27 03:24:00+03,2021-04-27 04:42:26+03,Неисправен
11905,229503,1920,2021-04-27 03:24:04+03,2021-04-27 04:58:24+03,Неисправен
446,229456,1900,2021-04-27 03:24:54+03,2021-04-27 04:34:14+03,Неисправен
1999,229458,1899,2021-04-27 03:29:24+03,2021-04-27 05:39:54+03,Неисправен
8003,229498,1918,2021-04-27 03:29:36+03,2021-04-27 04:29:48+03,Неисправен
6431,229448,1904,2021-04-27 03:42:46+03,2021-04-27 05:31:42+03,Неисправен
7962,229482,1911,2021-04-27 03:45:18+03,2021-04-27 06:11:44+03,Неисправен
4378,229509,1923,2021-04-27 03:49:20+03,2021-04-27 06:00:36+03,Неисправен
7926,229466,1896,2021-04-27 03:52:08+03,2021-04-27 05:00:28+03,Неисправен
2878,229475,1892,2021-04-27 03:52:10+03,2021-04-27 04:57:30+03,Неисправен
8701,229499,1918,2021-04-27 03:52:18+03,2021-04-27 04:53:54+03,Неисправен
9395,229500,1919,2021-04-27 03:52:18+03,2021-04-27 06:06:38+03,Неисправен
7226,229465,1897,2021-04-27 04:06:16+03,2021-04-27 07:02:40+03,Неисправен
10343,229501,1919,2021-04-27 04:10:56+03,2021-04-27 05:31:14+03,Неисправен
8618,229467,1896,2021-04-27 04:19:48+03,2021-04-27 05:55:40+03,Неисправен
4991,229462,1898,2021-04-27 04:25:14+03,2021-04-27 06:15:14+03,Неисправен
1344,229505,1921,2021-04-27 04:25:28+03,2021-04-27 06:28:12+03,Неисправен
6496,229480,1910,2021-04-27 04:35:20+03,2021-04-27 05:41:34+03,Неисправен
5115,229510,1923,2021-04-27 04:51:02+03,2021-04-27 06:07:28+03,Неисправен
4265,229461,1898,2021-04-27 04:51:52+03,2021-04-27 06:03:04+03,Неисправен
8702,229499,1918,2021-04-27 04:54:46+03,2021-04-27 07:01:36+03,Неисправен
483,229472,1893,2021-04-27 05:00:58+03,2021-04-27 06:04:54+03,Неисправен
2879,229475,1892,2021-04-27 05:00:58+03,2021-04-27 07:10:46+03,Неисправен
9351,229484,1912,2021-04-27 05:01:02+03,2021-04-27 06:01:20+03,Неисправен
11131,229486,1913,2021-04-27 05:01:02+03,2021-04-27 06:16:26+03,Неисправен
11159,229502,1920,2021-04-27 05:21:42+03,2021-04-27 06:47:46+03,Неисправен
447,229456,1900,2021-04-27 05:28:50+03,2021-04-27 07:37:30+03,Неисправен
519,229488,1913,2021-04-27 05:32:20+03,2021-04-27 06:59:26+03,Неисправен
8004,229498,1918,2021-04-27 05:36:22+03,2021-04-27 06:48:32+03,Неисправен
8773,232219,1924,2021-04-27 05:37:42+03,2021-04-27 06:56:42+03,Неисправен
5073,229494,1915,2021-04-27 05:39:40+03,2021-04-27 07:03:04+03,Неисправен
1237,229457,1900,2021-04-27 05:43:28+03,2021-04-27 07:07:48+03,Неисправен
2802,229443,1907,2021-04-27 05:45:46+03,2021-04-27 07:09:40+03,Неисправен
2910,229491,1914,2021-04-27 05:46:00+03,2021-04-27 06:51:14+03,Неисправен
8578,229451,1902,2021-04-27 05:52:56+03,2021-04-27 06:57:16+03,Неисправен
6473,229464,1897,2021-04-27 05:53:00+03,2021-04-27 07:02:38+03,Неисправен
3632,229492,1914,2021-04-27 05:53:08+03,2021-04-27 07:02:24+03,Неисправен
5116,229510,1923,2021-04-27 06:11:00+03,2021-04-27 07:25:10+03,Неисправен
6497,229480,1910,2021-04-27 06:15:50+03,2021-04-27 07:56:00+03,Неисправен
6432,229448,1904,2021-04-27 06:22:16+03,2021-04-27 07:32:56+03,Неисправен
2037,229474,1892,2021-04-27 06:22:24+03,2021-04-27 08:00:52+03,Неисправен
558,229504,1921,2021-04-27 06:34:24+03,2021-04-27 08:22:32+03,Неисправен
9519,232220,1924,2021-04-27 06:38:00+03,2021-04-27 08:10:38+03,Неисправен
4944,229446,1904,2021-04-27 06:39:14+03,2021-04-27 08:30:42+03,Неисправен
10193,229437,1908,2021-04-27 06:46:48+03,2021-04-27 07:50:16+03,Неисправен
4992,229462,1898,2021-04-27 06:52:12+03,2021-04-27 08:02:46+03,Неисправен
9396,229500,1919,2021-04-27 07:02:26+03,2021-04-27 09:06:58+03,Неисправен
4379,229509,1923,2021-04-27 07:06:42+03,2021-04-27 08:14:16+03,Неисправен
3671,229508,1922,2021-04-27 07:14:54+03,2021-04-27 08:46:32+03,Неисправен
4310,229477,1910,2021-04-27 07:18:20+03,2021-04-27 08:38:32+03,Неисправен
520,229488,1913,2021-04-27 07:21:24+03,2021-04-27 08:26:56+03,Неисправен
8619,229467,1896,2021-04-27 07:28:48+03,2021-04-27 08:38:30+03,Неисправен
10344,229501,1919,2021-04-27 07:28:58+03,2021-04-27 09:27:42+03,Неисправен
4228,229445,1905,2021-04-27 07:34:46+03,2021-04-27 09:03:20+03,Неисправен
2948,229507,1922,2021-04-27 07:36:22+03,2021-04-27 08:37:00+03,Неисправен
9310,229468,1894,2021-04-27 07:46:30+03,2021-04-27 09:01:04+03,Неисправен
11758,229439,1908,2021-04-27 07:51:52+03,2021-04-27 08:53:04+03,Неисправен
484,229472,1893,2021-04-27 07:52:02+03,2021-04-27 09:21:04+03,Неисправен
3633,229492,1914,2021-04-27 07:55:42+03,2021-04-27 09:14:48+03,Неисправен
6498,229480,1910,2021-04-27 07:56:46+03,2021-04-27 09:43:48+03,Неисправен
11875,229487,1913,2021-04-27 07:56:48+03,2021-04-27 09:02:02+03,Неисправен
2803,229443,1907,2021-04-27 08:02:40+03,2021-04-27 09:33:30+03,Неисправен
5698,229447,1904,2021-04-27 08:11:54+03,2021-04-27 09:18:54+03,Неисправен
11906,229503,1920,2021-04-27 08:12:12+03,2021-04-27 09:34:58+03,Неисправен
6433,229448,1904,2021-04-27 08:14:36+03,2021-04-27 09:16:02+03,Неисправен
10232,229453,1902,2021-04-27 08:14:36+03,2021-04-27 09:33:30+03,Неисправен
1307,229489,1914,2021-04-27 08:17:52+03,2021-04-27 09:52:20+03,Неисправен
1208,229441,1907,2021-04-27 08:22:12+03,2021-04-27 09:29:08+03,Неисправен
5763,229479,1910,2021-04-27 08:22:24+03,2021-04-27 09:35:04+03,Неисправен
5042,229478,1910,2021-04-27 08:25:24+03,2021-04-27 10:04:44+03,Неисправен
559,229504,1921,2021-04-27 08:28:50+03,2021-04-27 09:47:22+03,Неисправен
9352,229484,1912,2021-04-27 08:34:16+03,2021-04-27 09:37:28+03,Неисправен
7227,229465,1897,2021-04-27 08:40:56+03,2021-04-27 09:51:38+03,Неисправен
2105,229506,1921,2021-04-27 08:53:50+03,2021-04-27 09:55:18+03,Неисправен
11056,229454,1901,2021-04-27 08:55:22+03,2021-04-27 09:56:16+03,Неисправен
3576,229460,1899,2021-04-27 08:58:00+03,2021-04-27 10:59:56+03,Неисправен
10274,229469,1894,2021-04-27 08:58:04+03,2021-04-27 10:23:34+03,Неисправен
2911,229491,1914,2021-04-27 09:17:36+03,2021-04-27 10:25:24+03,Неисправен
3634,229492,1914,2021-04-27 09:17:38+03,2021-04-27 11:24:50+03,Неисправен
4346,229493,1915,2021-04-27 09:22:36+03,2021-04-27 10:25:32+03,Неисправен
8620,229467,1896,2021-04-27 09:23:34+03,2021-04-27 10:23:44+03,Неисправен
1238,229457,1900,2021-04-27 09:26:20+03,2021-04-27 11:38:12+03,Неисправен
8005,229498,1918,2021-04-27 09:26:32+03,2021-04-27 10:31:28+03,Неисправен
448,229456,1900,2021-04-27 09:32:28+03,2021-04-27 11:12:42+03,Неисправен
2804,229443,1907,2021-04-27 09:39:04+03,2021-04-27 10:41:18+03,Неисправен
2000,229458,1899,2021-04-27 09:41:00+03,2021-04-27 10:52:30+03,Неисправен
5074,229494,1915,2021-04-27 09:43:52+03,2021-04-27 10:49:34+03,Неисправен
485,229472,1893,2021-04-27 09:45:16+03,2021-04-27 10:51:08+03,Неисправен
8670,229483,1911,2021-04-27 09:52:20+03,2021-04-27 11:40:50+03,Неисправен
11097,229470,1893,2021-04-27 09:57:56+03,2021-04-27 11:03:24+03,Неисправен
2880,229475,1892,2021-04-27 09:57:58+03,2021-04-27 11:05:32+03,Неисправен
560,229504,1921,2021-04-27 09:58:06+03,2021-04-27 11:06:30+03,Неисправен
4229,229445,1905,2021-04-27 09:59:24+03,2021-04-27 13:55:42+03,Неисправен
8579,229451,1902,2021-04-27 10:02:56+03,2021-04-27 11:31:20+03,Неисправен
11132,229486,1913,2021-04-27 10:03:08+03,2021-04-27 11:46:50+03,Неисправен
1345,229505,1921,2021-04-27 10:03:14+03,2021-04-27 11:13:44+03,Неисправен
1308,229489,1914,2021-04-27 10:08:08+03,2021-04-27 11:23:42+03,Неисправен
11057,229454,1901,2021-04-27 10:10:02+03,2021-04-27 11:35:10+03,Неисправен
10194,229437,1908,2021-04-27 10:17:18+03,2021-04-27 11:43:36+03,Неисправен
9353,229484,1912,2021-04-27 10:17:34+03,2021-04-27 11:24:08+03,Неисправен
4311,229477,1910,2021-04-27 10:20:34+03,2021-04-27 11:26:28+03,Неисправен
6533,229496,1916,2021-04-27 10:20:40+03,2021-04-27 11:58:40+03,Неисправен
8006,229498,1918,2021-04-27 10:33:02+03,2021-04-27 11:35:32+03,Неисправен
10345,229501,1919,2021-04-27 10:34:22+03,2021-04-27 12:31:20+03,Неисправен
7927,229466,1896,2021-04-27 10:37:16+03,2021-04-27 11:50:58+03,Неисправен
11160,229502,1920,2021-04-27 10:38:02+03,2021-04-27 11:44:00+03,Неисправен
11907,229503,1920,2021-04-27 10:38:52+03,2021-04-27 12:33:04+03,Неисправен
9311,229468,1894,2021-04-27 10:42:38+03,2021-04-27 11:47:22+03,Неисправен
6499,229480,1910,2021-04-27 10:42:42+03,2021-04-27 11:56:30+03,Неисправен
11876,229487,1913,2021-04-27 10:42:44+03,2021-04-27 11:46:14+03,Неисправен
2106,229506,1921,2021-04-27 10:42:50+03,2021-04-27 11:52:50+03,Неисправен
5075,229494,1915,2021-04-27 10:50:26+03,2021-04-27 12:39:54+03,Неисправен
9397,229500,1919,2021-04-27 10:53:38+03,2021-04-27 11:57:22+03,Неисправен
5729,229463,1897,2021-04-27 11:07:36+03,2021-04-27 12:11:20+03,Неисправен
8102,232218,1923,2021-04-27 11:21:32+03,2021-04-27 12:35:10+03,Неисправен
4312,229477,1910,2021-04-27 11:27:22+03,2021-04-27 12:37:44+03,Неисправен
521,229488,1913,2021-04-27 11:27:26+03,2021-04-27 12:43:06+03,Неисправен
2038,229474,1892,2021-04-27 11:32:06+03,2021-04-27 12:32:48+03,Неисправен
11012,229438,1908,2021-04-27 11:36:02+03,2021-04-27 12:39:48+03,Неисправен
6434,229448,1904,2021-04-27 11:37:26+03,2021-04-27 12:59:10+03,Неисправен
11098,229470,1893,2021-04-27 11:39:16+03,2021-04-27 12:55:10+03,Неисправен
8621,229467,1896,2021-04-27 11:42:02+03,2021-04-27 12:45:22+03,Неисправен
11759,229439,1908,2021-04-27 11:52:02+03,2021-04-27 14:08:56+03,Неисправен
3672,229508,1922,2021-04-27 11:52:22+03,2021-04-27 14:19:20+03,Неисправен
4380,229509,1923,2021-04-27 11:52:22+03,2021-04-27 13:07:40+03,Неисправен
7888,229450,1903,2021-04-27 11:54:26+03,2021-04-27 13:14:38+03,Неисправен
2107,229506,1921,2021-04-27 11:57:08+03,2021-04-27 13:22:00+03,Неисправен
4945,229446,1904,2021-04-27 12:01:38+03,2021-04-27 13:03:36+03,Неисправен
9398,229500,1919,2021-04-27 12:01:56+03,2021-04-27 13:14:36+03,Неисправен
7196,229449,1903,2021-04-27 12:06:48+03,2021-04-27 13:38:22+03,Неисправен
2805,229443,1907,2021-04-27 12:09:26+03,2021-04-27 13:59:08+03,Неисправен
3635,229492,1914,2021-04-27 12:10:56+03,2021-04-27 14:20:02+03,Неисправен
9354,229484,1912,2021-04-27 12:15:18+03,2021-04-27 14:04:30+03,Неисправен
1965,229442,1907,2021-04-27 12:19:06+03,2021-04-27 13:33:06+03,Неисправен
3577,229460,1899,2021-04-27 12:22:56+03,2021-04-27 13:36:56+03,Неисправен
2841,229459,1899,2021-04-27 12:29:56+03,2021-04-27 13:39:50+03,Неисправен
1239,229457,1900,2021-04-27 12:33:28+03,2021-04-27 13:35:16+03,Неисправен
9262,229452,1902,2021-04-27 12:39:04+03,2021-04-27 13:58:08+03,Неисправен
5076,229494,1915,2021-04-27 12:40:40+03,2021-04-27 14:09:06+03,Неисправен
5699,229447,1904,2021-04-27 12:46:02+03,2021-04-27 13:50:32+03,Неисправен
4347,229493,1915,2021-04-27 12:46:16+03,2021-04-27 14:04:38+03,Неисправен
8007,229498,1918,2021-04-27 12:46:18+03,2021-04-27 13:49:00+03,Неисправен
7263,229481,1910,2021-04-27 12:52:56+03,2021-04-27 14:11:14+03,Неисправен
2949,229507,1922,2021-04-27 12:53:04+03,2021-04-27 14:01:22+03,Неисправен
8103,232218,1923,2021-04-27 12:53:06+03,2021-04-27 14:04:52+03,Неисправен
522,229488,1913,2021-04-27 12:54:52+03,2021-04-27 14:29:42+03,Неисправен
11099,229470,1893,2021-04-27 12:56:32+03,2021-04-27 14:11:00+03,Неисправен
11161,229502,1920,2021-04-27 13:03:52+03,2021-04-27 15:31:22+03,Неисправен
6474,229464,1897,2021-04-27 13:12:22+03,2021-04-27 14:57:36+03,Неисправен
1209,229441,1907,2021-04-27 13:13:46+03,2021-04-27 14:37:16+03,Неисправен
4266,229461,1898,2021-04-27 13:13:52+03,2021-04-27 15:16:30+03,Неисправен
11013,229438,1908,2021-04-27 13:18:44+03,2021-04-27 14:42:10+03,Неисправен
7928,229466,1896,2021-04-27 13:21:00+03,2021-04-27 14:25:04+03,Неисправен
2108,229506,1921,2021-04-27 13:22:50+03,2021-04-27 14:23:14+03,Неисправен
8774,232219,1924,2021-04-27 13:26:24+03,2021-04-27 14:39:24+03,Неисправен
1240,229457,1900,2021-04-27 13:36:06+03,2021-04-27 14:49:36+03,Неисправен
2881,229475,1892,2021-04-27 13:45:18+03,2021-04-27 14:47:12+03,Неисправен
6500,229480,1910,2021-04-27 13:45:20+03,2021-04-27 15:00:20+03,Неисправен
2039,229474,1892,2021-04-27 13:47:28+03,2021-04-27 15:06:24+03,Неисправен
11839,229471,1893,2021-04-27 13:54:14+03,2021-04-27 15:18:34+03,Неисправен
5700,229447,1904,2021-04-27 13:59:54+03,2021-04-27 15:27:44+03,Неисправен
8008,229498,1918,2021-04-27 14:00:42+03,2021-04-27 15:34:46+03,Неисправен
10346,229501,1919,2021-04-27 14:00:42+03,2021-04-27 15:15:36+03,Неисправен
11807,229455,1901,2021-04-27 14:04:06+03,2021-04-27 15:17:44+03,Неисправен
1275,229473,1892,2021-04-27 14:12:52+03,2021-04-27 15:31:40+03,Неисправен
5043,229478,1910,2021-04-27 14:17:28+03,2021-04-27 15:32:30+03,Неисправен
9263,229452,1902,2021-04-27 14:21:54+03,2021-04-27 15:33:14+03,Неисправен
2806,229443,1907,2021-04-27 14:26:18+03,2021-04-27 15:33:26+03,Неисправен
10275,229469,1894,2021-04-27 14:30:44+03,2021-04-27 15:56:34+03,Неисправен
6534,229496,1916,2021-04-27 14:33:28+03,2021-04-27 16:04:34+03,Неисправен
449,229456,1900,2021-04-27 14:36:28+03,2021-04-27 16:10:58+03,Неисправен
7963,229482,1911,2021-04-27 14:41:26+03,2021-04-27 16:18:50+03,Неисправен
2077,229490,1914,2021-04-27 14:41:28+03,2021-04-27 15:44:34+03,Неисправен
2001,229458,1899,2021-04-27 14:46:26+03,2021-04-27 16:03:08+03,Неисправен
10308,229485,1912,2021-04-27 14:52:56+03,2021-04-27 15:57:26+03,Неисправен
10233,229453,1902,2021-04-27 14:58:14+03,2021-04-27 17:08:00+03,Неисправен
3673,229508,1922,2021-04-27 15:03:56+03,2021-04-27 16:22:18+03,Неисправен
3537,229444,1905,2021-04-27 15:09:20+03,2021-04-27 16:19:56+03,Неисправен
4230,229445,1905,2021-04-27 15:09:20+03,2021-04-27 16:15:24+03,Неисправен
8580,229451,1902,2021-04-27 15:09:22+03,2021-04-27 16:10:00+03,Неисправен
8104,232218,1923,2021-04-27 15:09:40+03,2021-04-27 16:41:44+03,Неисправен
8622,229467,1896,2021-04-27 15:16:06+03,2021-04-27 16:19:44+03,Неисправен
10347,229501,1919,2021-04-27 15:16:16+03,2021-04-27 17:31:28+03,Неисправен
4313,229477,1910,2021-04-27 15:17:50+03,2021-04-27 16:48:50+03,Неисправен
11808,229455,1901,2021-04-27 15:19:32+03,2021-04-27 17:59:08+03,Неисправен
6435,229448,1904,2021-04-27 15:28:36+03,2021-04-27 16:37:08+03,Неисправен
11908,229503,1920,2021-04-27 15:28:52+03,2021-04-27 17:07:58+03,Неисправен
9520,232220,1924,2021-04-27 15:28:56+03,2021-04-27 16:37:40+03,Неисправен
9312,229468,1894,2021-04-27 15:35:24+03,2021-04-27 16:41:20+03,Неисправен
5764,229479,1910,2021-04-27 15:35:28+03,2021-04-27 16:37:42+03,Неисправен
7197,229449,1903,2021-04-27 15:47:52+03,2021-04-27 16:54:30+03,Неисправен
8671,229483,1911,2021-04-27 15:53:48+03,2021-04-27 17:24:24+03,Неисправен
8009,229498,1918,2021-04-27 15:53:52+03,2021-04-27 16:57:02+03,Неисправен
5117,229510,1923,2021-04-27 16:12:08+03,2021-04-27 17:18:52+03,Неисправен
5730,229463,1897,2021-04-27 16:14:02+03,2021-04-27 17:21:42+03,Неисправен
4348,229493,1915,2021-04-27 16:15:06+03,2021-04-27 17:42:12+03,Неисправен
9355,229484,1912,2021-04-27 16:21:00+03,2021-04-27 17:23:18+03,Неисправен
414,229440,1908,2021-04-27 16:26:54+03,2021-04-27 17:42:02+03,Неисправен
4231,229445,1905,2021-04-27 16:29:56+03,2021-04-27 17:40:52+03,Неисправен
7228,229465,1897,2021-04-27 16:30:02+03,2021-04-27 18:12:22+03,Неисправен
7302,229497,1918,2021-04-27 16:30:12+03,2021-04-27 18:00:50+03,Неисправен
8623,229467,1896,2021-04-27 16:34:34+03,2021-04-27 17:58:56+03,Неисправен
523,229488,1913,2021-04-27 16:34:40+03,2021-04-27 17:55:52+03,Неисправен
9521,232220,1924,2021-04-27 16:38:36+03,2021-04-27 17:39:35+03,Неисправен
1241,229457,1900,2021-04-27 16:42:42+03,2021-04-27 17:56:26+03,Неисправен
2109,229506,1921,2021-04-27 16:42:58+03,2021-04-27 18:36:14+03,Неисправен
4993,229462,1898,2021-04-27 16:44:58+03,2021-04-27 18:48:00+03,Неисправен
6475,229464,1897,2021-04-27 16:44:58+03,2021-04-27 17:47:40+03,Неисправен
5792,229495,1916,2021-04-27 16:47:22+03,2021-04-27 18:03:10+03,Неисправен
2842,229459,1899,2021-04-27 16:57:34+03,2021-04-27 18:05:46+03,Неисправен
1276,229473,1892,2021-04-27 16:57:38+03,2021-04-27 18:19:20+03,Неисправен
1309,229489,1914,2021-04-27 16:57:44+03,2021-04-27 18:14:06+03,Неисправен
8581,229451,1902,2021-04-27 17:17:16+03,2021-04-27 18:18:06+03,Неисправен
8105,232218,1923,2021-04-27 17:17:36+03,2021-04-27 18:39:08+03,Неисправен
3538,229444,1905,2021-04-27 17:18:32+03,2021-04-27 19:21:44+03,Неисправен
1966,229442,1907,2021-04-27 17:31:10+03,2021-04-27 18:51:12+03,Неисправен
11100,229470,1893,2021-04-27 17:40:00+03,2021-04-27 19:05:54+03,Неисправен
5077,229494,1915,2021-04-27 17:40:08+03,2021-04-27 18:46:20+03,Неисправен
2912,229491,1914,2021-04-27 17:46:16+03,2021-04-27 18:55:28+03,Неисправен
2002,229458,1899,2021-04-27 17:59:50+03,2021-04-27 19:02:48+03,Неисправен
5731,229463,1897,2021-04-27 17:59:52+03,2021-04-27 19:10:40+03,Неисправен
7264,229481,1910,2021-04-27 17:59:58+03,2021-04-27 20:01:50+03,Неисправен
450,229456,1900,2021-04-27 18:05:46+03,2021-04-27 19:20:00+03,Неисправен
5701,229447,1904,2021-04-27 18:10:06+03,2021-04-27 19:11:12+03,Неисправен
6436,229448,1904,2021-04-27 18:15:22+03,2021-04-27 20:34:24+03,Неисправен
3674,229508,1922,2021-04-27 18:15:42+03,2021-04-27 19:22:42+03,Неисправен
11014,229438,1908,2021-04-27 18:17:28+03,2021-04-27 19:48:14+03,Неисправен
11809,229455,1901,2021-04-27 18:17:34+03,2021-04-27 19:36:02+03,Неисправен
6535,229496,1916,2021-04-27 18:20:18+03,2021-04-27 19:28:00+03,Неисправен
8624,229467,1896,2021-04-27 18:27:40+03,2021-04-27 20:01:14+03,Неисправен
415,229440,1908,2021-04-27 18:35:14+03,2021-04-27 20:37:44+03,Неисправен
11909,229503,1920,2021-04-27 18:41:00+03,2021-04-27 19:59:00+03,Неисправен
6501,229480,1910,2021-04-27 18:45:32+03,2021-04-27 19:46:20+03,Неисправен
4267,229461,1898,2021-04-27 18:51:48+03,2021-04-27 20:01:06+03,Неисправен
2882,229475,1892,2021-04-27 18:55:14+03,2021-04-27 19:58:14+03,Неисправен
4946,229446,1904,2021-04-27 18:58:50+03,2021-04-27 20:11:46+03,Неисправен
9264,229452,1902,2021-04-27 19:07:22+03,2021-04-27 20:08:44+03,Неисправен
5044,229478,1910,2021-04-27 19:12:10+03,2021-04-27 20:19:58+03,Неисправен
1346,229505,1921,2021-04-27 19:16:24+03,2021-04-27 20:31:14+03,Неисправен
486,229472,1893,2021-04-27 19:27:22+03,2021-04-27 20:38:32+03,Неисправен
11162,229502,1920,2021-04-27 19:27:32+03,2021-04-27 20:36:02+03,Неисправен
7198,229449,1903,2021-04-27 19:28:52+03,2021-04-27 20:34:28+03,Неисправен
9313,229468,1894,2021-04-27 19:28:58+03,2021-04-27 20:41:22+03,Неисправен
3602,229476,1909,2021-04-27 19:29:00+03,2021-04-27 20:52:38+03,Неисправен
6476,229464,1897,2021-04-27 19:32:54+03,2021-04-27 20:44:42+03,Неисправен
7964,229482,1911,2021-04-27 19:33:00+03,2021-04-27 21:20:16+03,Неисправен
3539,229444,1905,2021-04-27 19:40:14+03,2021-04-27 21:00:34+03,Неисправен
4232,229445,1905,2021-04-27 19:40:16+03,2021-04-27 20:41:56+03,Неисправен
8010,229498,1918,2021-04-27 19:40:32+03,2021-04-27 20:59:44+03,Неисправен
2078,229490,1914,2021-04-27 19:47:20+03,2021-04-27 20:48:50+03,Неисправен
1967,229442,1907,2021-04-27 19:49:28+03,2021-04-27 21:38:26+03,Неисправен
5793,229495,1916,2021-04-27 19:53:46+03,2021-04-27 20:55:38+03,Неисправен
9356,229484,1912,2021-04-27 19:56:30+03,2021-04-27 21:19:52+03,Неисправен
9522,232220,1924,2021-04-27 20:08:12+03,2021-04-27 21:35:20+03,Неисправен
10195,229437,1908,2021-04-27 20:09:08+03,2021-04-27 21:25:16+03,Неисправен
11015,229438,1908,2021-04-27 20:12:54+03,2021-04-27 21:27:56+03,Неисправен
5118,229510,1923,2021-04-27 20:28:22+03,2021-04-27 21:36:06+03,Неисправен
3636,229492,1914,2021-04-27 20:31:10+03,2021-04-27 21:41:52+03,Неисправен
11163,229502,1920,2021-04-27 20:36:54+03,2021-04-27 23:06:36+03,Неисправен
4994,229462,1898,2021-04-27 20:45:26+03,2021-04-27 21:48:14+03,Неисправен
9314,229468,1894,2021-04-27 20:53:18+03,2021-04-27 21:57:02+03,Неисправен
11840,229471,1893,2021-04-27 20:56:48+03,2021-04-27 22:01:00+03,Неисправен
8703,229499,1918,2021-04-27 21:18:06+03,2021-04-27 22:57:22+03,Неисправен
7199,229449,1903,2021-04-27 21:21:12+03,2021-04-27 22:39:48+03,Неисправен
11101,229470,1893,2021-04-27 21:21:18+03,2021-04-27 23:55:04+03,Неисправен
8582,229451,1902,2021-04-27 21:23:30+03,2021-04-27 23:33:04+03,Неисправен
11760,229439,1908,2021-04-27 21:26:16+03,2021-04-27 22:38:54+03,Неисправен
3675,229508,1922,2021-04-27 21:26:38+03,2021-04-27 22:31:46+03,Неисправен
2040,229474,1892,2021-04-27 21:28:06+03,2021-04-27 23:00:02+03,Неисправен
1242,229457,1900,2021-04-27 21:40:58+03,2021-04-27 22:57:28+03,Неисправен
2110,229506,1921,2021-04-27 21:41:56+03,2021-04-27 23:33:52+03,Неисправен
451,229456,1900,2021-04-27 21:45:28+03,2021-04-28 00:01:56+03,Неисправен
561,229504,1921,2021-04-27 21:45:44+03,2021-04-27 23:02:42+03,Неисправен
4233,229445,1905,2021-04-27 21:57:34+03,2021-04-27 23:00:34+03,Неисправен
8625,229467,1896,2021-04-27 22:04:38+03,2021-04-27 23:38:00+03,Неисправен
5119,229510,1923,2021-04-27 22:10:26+03,2021-04-27 23:53:18+03,Неисправен
5702,229447,1904,2021-04-27 22:11:18+03,2021-04-27 23:29:40+03,Неисправен
10196,229437,1908,2021-04-27 22:13:08+03,2021-04-28 00:10:00+03,Неисправен
6437,229448,1904,2021-04-27 22:18:26+03,2021-04-27 23:32:52+03,Неисправен
9315,229468,1894,2021-04-27 22:22:50+03,2021-04-27 23:30:46+03,Неисправен
10309,229485,1912,2021-04-27 22:22:54+03,2021-04-27 23:23:06+03,Неисправен
11841,229471,1893,2021-04-27 22:23:46+03,2021-04-27 23:24:48+03,Неисправен
8775,232219,1924,2021-04-27 22:24:00+03,2021-04-28 00:05:06+03,Неисправен
9357,229484,1912,2021-04-27 22:25:12+03,2021-04-28 00:03:22+03,Неисправен
2843,229459,1899,2021-04-27 22:31:30+03,2021-04-27 23:45:16+03,Неисправен
2913,229491,1914,2021-04-27 22:31:40+03,2021-04-28 00:13:02+03,Неисправен
11058,229454,1901,2021-04-27 22:35:44+03,2021-04-27 23:54:42+03,Неисправен
10348,229501,1919,2021-04-27 22:38:02+03,2021-04-28 01:18:52+03,Неисправен
9265,229452,1902,2021-04-27 22:39:50+03,2021-04-28 00:09:36+03,Неисправен
9523,232220,1924,2021-04-27 22:43:50+03,2021-04-27 23:45:40+03,Неисправен
524,229488,1913,2021-04-27 22:47:38+03,2021-04-27 23:56:58+03,Неисправен
1210,229441,1907,2021-04-27 22:54:14+03,2021-04-28 00:43:34+03,Неисправен
1310,229489,1914,2021-04-27 22:58:12+03,2021-04-28 00:19:46+03,Неисправен
2807,229443,1907,2021-04-27 22:59:08+03,2021-04-28 01:50:56+03,Неисправен
8704,229499,1918,2021-04-27 23:00:52+03,2021-04-28 00:42:26+03,Неисправен
4381,229509,1923,2021-04-27 23:04:18+03,2021-04-28 00:05:40+03,Неисправен
4995,229462,1898,2021-04-27 23:14:56+03,2021-04-28 00:49:48+03,Неисправен
5732,229463,1897,2021-04-27 23:16:06+03,2021-04-28 00:18:28+03,Неисправен
7929,229466,1896,2021-04-27 23:20:30+03,2021-04-28 00:49:52+03,Неисправен
7965,229482,1911,2021-04-27 23:22:42+03,2021-04-28 00:53:14+03,Неисправен
9399,229500,1919,2021-04-27 23:22:48+03,2021-04-28 00:28:22+03,Неисправен
1347,229505,1921,2021-04-27 23:24:28+03,2021-04-28 00:47:38+03,Неисправен
5794,229495,1916,2021-04-27 23:43:44+03,2021-04-28 00:45:38+03,Неисправен
9524,232220,1924,2021-04-27 23:47:52+03,2021-04-28 01:43:44+03,Неисправен
525,229488,1913,2021-04-28 00:01:34+03,2021-04-28 01:06:54+03,Неисправен
11059,229454,1901,2021-04-28 00:07:40+03,2021-04-28 01:53:10+03,Неисправен
9266,229452,1902,2021-04-28 00:10:30+03,2021-04-28 02:51:14+03,Неисправен
11761,229439,1908,2021-04-28 00:16:14+03,2021-04-28 01:24:08+03,Неисправен
2914,229491,1914,2021-04-28 00:22:14+03,2021-04-28 01:28:38+03,Неисправен
4314,229477,1910,2021-04-28 00:35:58+03,2021-04-28 01:59:14+03,Неисправен
2079,229490,1914,2021-04-28 00:41:54+03,2021-04-28 02:37:52+03,Неисправен
7200,229449,1903,2021-04-28 00:44:28+03,2021-04-28 02:08:24+03,Неисправен
7303,229497,1918,2021-04-28 00:50:34+03,2021-04-28 02:03:36+03,Неисправен
9400,229500,1919,2021-04-28 00:50:34+03,2021-04-28 02:15:14+03,Неисправен
3637,229492,1914,2021-04-28 00:51:12+03,2021-04-28 01:52:18+03,Неисправен
4996,229462,1898,2021-04-28 00:54:22+03,2021-04-28 02:34:30+03,Неисправен
8672,229483,1911,2021-04-28 00:55:44+03,2021-04-28 02:21:02+03,Неисправен
8011,229498,1918,2021-04-28 00:57:46+03,2021-04-28 02:09:58+03,Неисправен
5765,229479,1910,2021-04-28 01:01:38+03,2021-04-28 02:14:48+03,Неисправен
1211,229441,1907,2021-04-28 01:10:06+03,2021-04-28 02:39:58+03,Неисправен
452,229456,1900,2021-04-28 01:10:12+03,2021-04-28 02:22:38+03,Неисправен
10349,229501,1919,2021-04-28 01:39:54+03,2021-04-28 02:54:16+03,Неисправен
1348,229505,1921,2021-04-28 01:41:44+03,2021-04-28 02:44:30+03,Неисправен
11060,229454,1901,2021-04-28 01:53:48+03,2021-04-28 03:02:04+03,Неисправен
10276,229469,1894,2021-04-28 01:57:54+03,2021-04-28 03:02:56+03,Неисправен
11842,229471,1893,2021-04-28 01:59:14+03,2021-04-28 03:13:22+03,Неисправен
5733,229463,1897,2021-04-28 02:17:08+03,2021-04-28 03:49:18+03,Неисправен
10234,229453,1902,2021-04-28 02:26:30+03,2021-04-28 03:31:32+03,Неисправен
11810,229455,1901,2021-04-28 02:27:26+03,2021-04-28 03:39:42+03,Неисправен
8776,232219,1924,2021-04-28 02:35:50+03,2021-04-28 04:02:48+03,Неисправен
8626,229467,1896,2021-04-28 02:36:46+03,2021-04-28 04:08:42+03,Неисправен
8583,229451,1902,2021-04-28 02:41:48+03,2021-04-28 03:45:30+03,Неисправен
9358,229484,1912,2021-04-28 02:41:58+03,2021-04-28 04:03:40+03,Неисправен
2080,229490,1914,2021-04-28 02:54:56+03,2021-04-28 03:58:46+03,Неисправен
4315,229477,1910,2021-04-28 02:55:32+03,2021-04-28 04:02:54+03,Неисправен
2844,229459,1899,2021-04-28 02:59:12+03,2021-04-28 04:39:04+03,Неисправен
5045,229478,1910,2021-04-28 02:59:18+03,2021-04-28 05:59:58+03,Неисправен
9525,232220,1924,2021-04-28 02:59:30+03,2021-04-28 05:13:00+03,Неисправен
4947,229446,1904,2021-04-28 03:01:30+03,2021-04-28 04:31:46+03,Неисправен
6438,229448,1904,2021-04-28 03:11:06+03,2021-04-28 04:45:24+03,Неисправен
11133,229486,1913,2021-04-28 03:12:32+03,2021-04-28 04:20:10+03,Неисправен
7304,229497,1918,2021-04-28 03:13:16+03,2021-04-28 04:16:20+03,Неисправен
3676,229508,1922,2021-04-28 03:19:58+03,2021-04-28 04:23:34+03,Неисправен
11016,229438,1908,2021-04-28 03:21:16+03,2021-04-28 04:40:20+03,Неисправен
8705,229499,1918,2021-04-28 03:21:36+03,2021-04-28 05:08:46+03,Неисправен
11102,229470,1893,2021-04-28 03:22:42+03,2021-04-28 04:53:06+03,Неисправен
1277,229473,1892,2021-04-28 03:22:42+03,2021-04-28 06:01:20+03,Неисправен
1311,229489,1914,2021-04-28 03:25:48+03,2021-04-28 04:28:34+03,Неисправен
2883,229475,1892,2021-04-28 03:28:32+03,2021-04-28 04:29:52+03,Неисправен
1243,229457,1900,2021-04-28 03:34:48+03,2021-04-28 05:43:42+03,Неисправен
526,229488,1913,2021-04-28 03:38:44+03,2021-04-28 04:43:10+03,Неисправен
2808,229443,1907,2021-04-28 03:40:10+03,2021-04-28 05:02:34+03,Неисправен
9316,229468,1894,2021-04-28 03:42:46+03,2021-04-28 04:49:28+03,Неисправен
5703,229447,1904,2021-04-28 03:43:30+03,2021-04-28 04:44:18+03,Неисправен
10197,229437,1908,2021-04-28 03:50:18+03,2021-04-28 05:19:32+03,Неисправен
4997,229462,1898,2021-04-28 03:52:42+03,2021-04-28 05:05:56+03,Неисправен
11910,229503,1920,2021-04-28 03:52:54+03,2021-04-28 04:57:18+03,Неисправен
8012,229498,1918,2021-04-28 03:58:48+03,2021-04-28 05:38:18+03,Неисправен
2081,229490,1914,2021-04-28 04:00:22+03,2021-04-28 05:03:56+03,Неисправен
5078,229494,1915,2021-04-28 04:00:24+03,2021-04-28 06:24:14+03,Неисправен
4349,229493,1915,2021-04-28 04:02:42+03,2021-04-28 05:13:50+03,Неисправен
10310,229485,1912,2021-04-28 04:04:52+03,2021-04-28 05:47:26+03,Неисправен
2915,229491,1914,2021-04-28 04:09:38+03,2021-04-28 05:16:02+03,Неисправен
3638,229492,1914,2021-04-28 04:09:38+03,2021-04-28 05:49:34+03,Неисправен
2950,229507,1922,2021-04-28 04:09:42+03,2021-04-28 05:18:10+03,Неисправен
11843,229471,1893,2021-04-28 04:18:14+03,2021-04-28 05:25:50+03,Неисправен
11762,229439,1908,2021-04-28 04:23:14+03,2021-04-28 05:33:38+03,Неисправен
3677,229508,1922,2021-04-28 04:24:18+03,2021-04-28 05:33:46+03,Неисправен
7201,229449,1903,2021-04-28 04:31:48+03,2021-04-28 06:02:22+03,Неисправен
10277,229469,1894,2021-04-28 04:42:38+03,2021-04-28 06:22:30+03,Неисправен
5734,229463,1897,2021-04-28 04:44:50+03,2021-04-28 06:01:24+03,Неисправен
3540,229444,1905,2021-04-28 04:46:32+03,2021-04-28 05:46:42+03,Неисправен
3578,229460,1899,2021-04-28 04:50:00+03,2021-04-28 06:11:02+03,Неисправен
6536,229496,1916,2021-04-28 04:52:24+03,2021-04-28 06:42:34+03,Неисправен
2003,229458,1899,2021-04-28 04:54:38+03,2021-04-28 06:08:00+03,Неисправен
7265,229481,1910,2021-04-28 04:56:06+03,2021-04-28 06:16:16+03,Неисправен
1349,229505,1921,2021-04-28 05:02:52+03,2021-04-28 06:29:32+03,Неисправен
4268,229461,1898,2021-04-28 05:05:34+03,2021-04-28 06:09:08+03,Неисправен
4998,229462,1898,2021-04-28 05:07:22+03,2021-04-28 06:19:14+03,Неисправен
2041,229474,1892,2021-04-28 05:07:26+03,2021-04-28 07:41:22+03,Неисправен
4316,229477,1910,2021-04-28 05:09:28+03,2021-04-28 06:09:30+03,Неисправен
9401,229500,1919,2021-04-28 05:09:34+03,2021-04-28 06:51:16+03,Неисправен
8106,232218,1923,2021-04-28 05:13:56+03,2021-04-28 06:26:48+03,Неисправен
8673,229483,1911,2021-04-28 05:14:30+03,2021-04-28 06:15:02+03,Неисправен
7889,229450,1903,2021-04-28 05:23:36+03,2021-04-28 06:39:00+03,Неисправен
2951,229507,1922,2021-04-28 05:24:14+03,2021-04-28 06:52:18+03,Неисправен
10235,229453,1902,2021-04-28 05:26:24+03,2021-04-28 06:58:38+03,Неисправен
11844,229471,1893,2021-04-28 05:30:18+03,2021-04-28 07:09:24+03,Неисправен
9359,229484,1912,2021-04-28 05:49:32+03,2021-04-28 07:02:44+03,Неисправен
10311,229485,1912,2021-04-28 05:53:06+03,2021-04-28 07:11:40+03,Неисправен
11911,229503,1920,2021-04-28 05:54:30+03,2021-04-28 07:20:48+03,Неисправен
11763,229439,1908,2021-04-28 05:59:32+03,2021-04-28 07:01:32+03,Неисправен
11877,229487,1913,2021-04-28 06:04:32+03,2021-04-28 07:06:18+03,Неисправен
4382,229509,1923,2021-04-28 06:09:22+03,2021-04-28 07:23:52+03,Неисправен
3678,229508,1922,2021-04-28 06:13:52+03,2021-04-28 07:27:12+03,Неисправен
2809,229443,1907,2021-04-28 06:16:04+03,2021-04-28 07:24:56+03,Неисправен
4350,229493,1915,2021-04-28 06:16:18+03,2021-04-28 07:34:22+03,Неисправен
10278,229469,1894,2021-04-28 06:25:38+03,2021-04-28 08:21:56+03,Неисправен
9526,232220,1924,2021-04-28 06:25:52+03,2021-04-28 07:26:04+03,Неисправен
453,229456,1900,2021-04-28 06:28:48+03,2021-04-28 08:04:02+03,Неисправен
487,229472,1893,2021-04-28 06:28:54+03,2021-04-28 08:00:22+03,Неисправен
2916,229491,1914,2021-04-28 06:35:00+03,2021-04-28 07:46:18+03,Неисправен
5046,229478,1910,2021-04-28 06:38:08+03,2021-04-28 08:04:54+03,Неисправен
1244,229457,1900,2021-04-28 06:42:22+03,2021-04-28 08:03:04+03,Неисправен
5079,229494,1915,2021-04-28 06:52:14+03,2021-04-28 07:55:44+03,Неисправен
2082,229490,1914,2021-04-28 06:54:52+03,2021-04-28 08:13:18+03,Неисправен
1968,229442,1907,2021-04-28 07:00:22+03,2021-04-28 08:00:24+03,Неисправен
5735,229463,1897,2021-04-28 07:10:10+03,2021-04-28 08:26:14+03,Неисправен
6439,229448,1904,2021-04-28 07:15:16+03,2021-04-28 08:16:52+03,Неисправен
562,229504,1921,2021-04-28 07:15:34+03,2021-04-28 08:36:08+03,Неисправен
416,229440,1908,2021-04-28 07:17:40+03,2021-04-28 08:40:36+03,Неисправен
8627,229467,1896,2021-04-28 07:20:36+03,2021-04-28 08:26:02+03,Неисправен
8013,229498,1918,2021-04-28 07:24:46+03,2021-04-28 08:28:40+03,Неисправен
1278,229473,1892,2021-04-28 07:25:52+03,2021-04-28 09:00:38+03,Неисправен
8584,229451,1902,2021-04-28 07:30:54+03,2021-04-28 09:36:10+03,Неисправен
4999,229462,1898,2021-04-28 07:30:58+03,2021-04-28 09:29:30+03,Неисправен
4948,229446,1904,2021-04-28 07:37:06+03,2021-04-28 08:55:22+03,Неисправен
3541,229444,1905,2021-04-28 07:46:54+03,2021-04-28 09:06:26+03,Неисправен
2042,229474,1892,2021-04-28 07:47:04+03,2021-04-28 09:03:00+03,Неисправен
9267,229452,1902,2021-04-28 07:55:04+03,2021-04-28 10:04:16+03,Неисправен
11164,229502,1920,2021-04-28 08:00:04+03,2021-04-28 09:30:16+03,Неисправен
5766,229479,1910,2021-04-28 08:06:38+03,2021-04-28 09:20:36+03,Неисправен
2004,229458,1899,2021-04-28 08:10:46+03,2021-04-28 09:59:06+03,Неисправен
2952,229507,1922,2021-04-28 08:17:46+03,2021-04-28 09:22:10+03,Неисправен
6502,229480,1910,2021-04-28 08:26:54+03,2021-04-28 10:49:16+03,Неисправен
10279,229469,1894,2021-04-28 08:29:42+03,2021-04-28 10:15:24+03,Неисправен
2845,229459,1899,2021-04-28 08:33:14+03,2021-04-28 10:09:26+03,Неисправен
8107,232218,1923,2021-04-28 08:33:30+03,2021-04-28 09:39:16+03,Неисправен
417,229440,1908,2021-04-28 08:41:12+03,2021-04-28 10:51:06+03,Неисправен
4234,229445,1905,2021-04-28 08:41:14+03,2021-04-28 09:50:06+03,Неисправен
10236,229453,1902,2021-04-28 08:48:34+03,2021-04-28 09:55:46+03,Неисправен
7930,229466,1896,2021-04-28 08:53:12+03,2021-04-28 10:32:58+03,Неисправен
1969,229442,1907,2021-04-28 08:56:18+03,2021-04-28 10:32:34+03,Неисправен
8674,229483,1911,2021-04-28 09:01:34+03,2021-04-28 10:04:18+03,Неисправен
2043,229474,1892,2021-04-28 09:04:34+03,2021-04-28 10:08:50+03,Неисправен
7890,229450,1903,2021-04-28 09:10:38+03,2021-04-28 10:25:26+03,Неисправен
6537,229496,1916,2021-04-28 09:12:16+03,2021-04-28 10:33:58+03,Неисправен
4949,229446,1904,2021-04-28 09:15:42+03,2021-04-28 10:58:42+03,Неисправен
2953,229507,1922,2021-04-28 09:22:52+03,2021-04-28 10:45:56+03,Неисправен
3679,229508,1922,2021-04-28 09:26:08+03,2021-04-28 10:38:18+03,Неисправен
5080,229494,1915,2021-04-28 09:27:18+03,2021-04-28 10:43:32+03,Неисправен
10312,229485,1912,2021-04-28 09:34:12+03,2021-04-28 11:37:26+03,Неисправен
3603,229476,1909,2021-04-28 09:38:02+03,2021-04-28 10:42:54+03,Неисправен
5120,229510,1923,2021-04-28 09:44:36+03,2021-04-28 11:09:36+03,Неисправен
11061,229454,1901,2021-04-28 09:47:16+03,2021-04-28 11:24:02+03,Неисправен
7229,229465,1897,2021-04-28 09:49:28+03,2021-04-28 11:14:56+03,Неисправен
2884,229475,1892,2021-04-28 09:52:22+03,2021-04-28 11:16:34+03,Неисправен
4269,229461,1898,2021-04-28 09:53:40+03,2021-04-28 11:05:08+03,Неисправен
2005,229458,1899,2021-04-28 10:00:34+03,2021-04-28 11:03:46+03,Неисправен
4351,229493,1915,2021-04-28 10:04:02+03,2021-04-28 11:13:02+03,Неисправен
11134,229486,1913,2021-04-28 10:04:50+03,2021-04-28 11:16:50+03,Неисправен
10198,229437,1908,2021-04-28 10:06:18+03,2021-04-28 11:21:02+03,Неисправен
11764,229439,1908,2021-04-28 10:07:34+03,2021-04-28 11:16:48+03,Неисправен
11845,229471,1893,2021-04-28 10:12:40+03,2021-04-28 11:16:36+03,Неисправен
2111,229506,1921,2021-04-28 10:15:36+03,2021-04-28 11:16:00+03,Неисправен
4317,229477,1910,2021-04-28 10:22:48+03,2021-04-28 11:27:12+03,Неисправен
8706,229499,1918,2021-04-28 10:22:54+03,2021-04-28 11:31:46+03,Неисправен
8585,229451,1902,2021-04-28 10:25:50+03,2021-04-28 11:38:52+03,Неисправен
8777,232219,1924,2021-04-28 10:28:56+03,2021-04-28 11:38:16+03,Неисправен
7931,229466,1896,2021-04-28 10:34:24+03,2021-04-28 12:01:16+03,Неисправен
11103,229470,1893,2021-04-28 10:41:48+03,2021-04-28 12:04:18+03,Неисправен
454,229456,1900,2021-04-28 10:49:08+03,2021-04-28 12:02:48+03,Неисправен
2083,229490,1914,2021-04-28 10:52:00+03,2021-04-28 12:15:06+03,Неисправен
563,229504,1921,2021-04-28 11:04:00+03,2021-04-28 12:08:48+03,Неисправен
6538,229496,1916,2021-04-28 11:06:50+03,2021-04-28 12:33:44+03,Неисправен
9268,229452,1902,2021-04-28 11:18:44+03,2021-04-28 12:45:56+03,Неисправен
11811,229455,1901,2021-04-28 11:18:44+03,2021-04-28 12:31:42+03,Неисправен
7230,229465,1897,2021-04-28 11:18:48+03,2021-04-28 12:31:46+03,Неисправен
5047,229478,1910,2021-04-28 11:18:52+03,2021-04-28 12:23:02+03,Неисправен
9527,232220,1924,2021-04-28 11:19:02+03,2021-04-28 12:48:08+03,Неисправен
4235,229445,1905,2021-04-28 11:21:04+03,2021-04-28 12:49:42+03,Неисправен
7305,229497,1918,2021-04-28 11:22:54+03,2021-04-28 12:37:04+03,Неисправен
11062,229454,1901,2021-04-28 11:24:46+03,2021-04-28 12:25:16+03,Неисправен
5081,229494,1915,2021-04-28 11:24:58+03,2021-04-28 13:18:42+03,Неисправен
9402,229500,1919,2021-04-28 11:25:00+03,2021-04-28 12:25:30+03,Неисправен
2112,229506,1921,2021-04-28 11:39:36+03,2021-04-28 12:47:30+03,Неисправен
5704,229447,1904,2021-04-28 11:43:42+03,2021-04-28 13:11:20+03,Неисправен
8108,232218,1923,2021-04-28 11:45:08+03,2021-04-28 12:49:08+03,Неисправен
5000,229462,1898,2021-04-28 11:49:18+03,2021-04-28 14:32:04+03,Неисправен
11846,229471,1893,2021-04-28 11:50:20+03,2021-04-28 13:22:32+03,Неисправен
11765,229439,1908,2021-04-28 11:59:10+03,2021-04-28 13:01:20+03,Неисправен
4318,229477,1910,2021-04-28 12:02:54+03,2021-04-28 13:53:24+03,Неисправен
2006,229458,1899,2021-04-28 12:07:42+03,2021-04-28 13:12:00+03,Неисправен
1279,229473,1892,2021-04-28 12:07:48+03,2021-04-28 13:54:42+03,Неисправен
5736,229463,1897,2021-04-28 12:14:44+03,2021-04-28 13:23:32+03,Неисправен
5048,229478,1910,2021-04-28 12:23:46+03,2021-04-28 13:35:52+03,Неисправен
4950,229446,1904,2021-04-28 12:33:30+03,2021-04-28 14:26:46+03,Неисправен
7966,229482,1911,2021-04-28 12:40:20+03,2021-04-28 13:53:52+03,Неисправен
6503,229480,1910,2021-04-28 12:48:58+03,2021-04-28 14:09:24+03,Неисправен
10350,229501,1919,2021-04-28 12:51:24+03,2021-04-28 13:54:56+03,Неисправен
7266,229481,1910,2021-04-28 12:55:12+03,2021-04-28 14:08:54+03,Неисправен
11766,229439,1908,2021-04-28 13:03:35+03,2021-04-28 14:30:54+03,Неисправен
3680,229508,1922,2021-04-28 13:03:57+03,2021-04-28 14:11:22+03,Неисправен
527,229488,1913,2021-04-28 13:12:54+03,2021-04-28 14:19:30+03,Неисправен
10199,229437,1908,2021-04-28 13:13:32+03,2021-04-28 14:26:42+03,Неисправен
2044,229474,1892,2021-04-28 13:13:44+03,2021-04-28 14:55:20+03,Неисправен
7231,229465,1897,2021-04-28 13:15:40+03,2021-04-28 14:19:46+03,Неисправен
9403,229500,1919,2021-04-28 13:19:52+03,2021-04-28 15:04:22+03,Неисправен
2846,229459,1899,2021-04-28 13:25:22+03,2021-04-28 14:31:50+03,Неисправен
5795,229495,1916,2021-04-28 13:26:00+03,2021-04-28 14:27:56+03,Неисправен
4270,229461,1898,2021-04-28 13:34:34+03,2021-04-28 14:40:20+03,Неисправен
11063,229454,1901,2021-04-28 13:37:34+03,2021-04-28 15:09:58+03,Неисправен
8586,229451,1902,2021-04-28 13:39:28+03,2021-04-28 14:56:02+03,Неисправен
10280,229469,1894,2021-04-28 13:42:24+03,2021-04-28 15:00:30+03,Неисправен
488,229472,1893,2021-04-28 13:42:24+03,2021-04-28 14:46:50+03,Неисправен
418,229440,1908,2021-04-28 13:51:30+03,2021-04-28 15:07:34+03,Неисправен
9269,229452,1902,2021-04-28 13:58:08+03,2021-04-28 15:13:28+03,Неисправен
10351,229501,1919,2021-04-28 13:58:24+03,2021-04-28 15:51:12+03,Неисправен
7306,229497,1918,2021-04-28 14:06:26+03,2021-04-28 15:10:28+03,Неисправен
11017,229438,1908,2021-04-28 14:09:12+03,2021-04-28 15:20:56+03,Неисправен
3681,229508,1922,2021-04-28 14:12:26+03,2021-04-28 15:48:32+03,Неисправен
11847,229471,1893,2021-04-28 14:23:50+03,2021-04-28 16:16:34+03,Неисправен
3579,229460,1899,2021-04-28 14:27:30+03,2021-04-28 16:23:32+03,Неисправен
8628,229467,1896,2021-04-28 14:27:32+03,2021-04-28 15:55:34+03,Неисправен
7267,229481,1910,2021-04-28 14:33:02+03,2021-04-28 16:06:38+03,Неисправен
2917,229491,1914,2021-04-28 14:33:06+03,2021-04-28 15:41:34+03,Неисправен
6539,229496,1916,2021-04-28 15:00:06+03,2021-04-28 16:13:36+03,Неисправен
2506,157315,,2021-04-28 15:01:31+03,2021-04-28 16:15:28+03,Неисправен
489,229472,1893,2021-04-28 15:11:44+03,2021-04-28 16:17:58+03,Неисправен
2810,229443,1907,2021-04-28 15:17:56+03,2021-04-28 16:21:08+03,Неисправен
3542,229444,1905,2021-04-28 15:17:58+03,2021-04-28 16:27:58+03,Неисправен
2084,229490,1914,2021-04-28 15:18:12+03,2021-04-28 16:27:40+03,Неисправен
11104,229470,1893,2021-04-28 15:21:06+03,2021-04-28 16:26:52+03,Неисправен
11064,229454,1901,2021-04-28 15:24:16+03,2021-04-28 16:26:30+03,Неисправен
419,229440,1908,2021-04-28 15:27:40+03,2021-04-28 16:28:46+03,Неисправен
11135,229486,1913,2021-04-28 15:27:54+03,2021-04-28 16:29:00+03,Неисправен
5082,229494,1915,2021-04-28 15:27:56+03,2021-04-28 16:39:42+03,Неисправен
7932,229466,1896,2021-04-28 15:50:04+03,2021-04-28 17:20:56+03,Неисправен
7232,229465,1897,2021-04-28 16:06:08+03,2021-04-28 17:30:46+03,Неисправен
8778,232219,1924,2021-04-28 16:15:40+03,2021-04-28 18:08:08+03,Неисправен
1312,229489,1914,2021-04-28 16:40:48+03,2021-04-28 17:52:48+03,Неисправен
10352,229501,1919,2021-04-28 16:41:46+03,2021-04-28 18:19:56+03,Неисправен
3604,229476,1909,2021-04-28 16:56:56+03,2021-04-28 18:14:12+03,Неисправен
10281,229469,1894,2021-04-28 17:05:48+03,2021-04-28 18:57:52+03,Неисправен
1212,229441,1907,2021-04-28 17:11:14+03,2021-04-28 18:39:24+03,Неисправен
9317,229468,1894,2021-04-28 17:11:22+03,2021-04-28 18:41:02+03,Неисправен
2113,229506,1921,2021-04-28 17:11:34+03,2021-04-28 18:16:26+03,Неисправен
9270,229452,1902,2021-04-28 17:14:14+03,2021-04-28 18:15:12+03,Неисправен
10237,229453,1902,2021-04-28 17:16:44+03,2021-04-28 18:21:24+03,Неисправен
564,229504,1921,2021-04-28 17:29:18+03,2021-04-28 18:32:10+03,Неисправен
8707,229499,1918,2021-04-28 17:34:46+03,2021-04-28 18:55:18+03,Неисправен
2954,229507,1922,2021-04-28 17:34:50+03,2021-04-28 19:04:02+03,Неисправен
7967,229482,1911,2021-04-28 17:35:36+03,2021-04-28 18:45:26+03,Неисправен
11065,229454,1901,2021-04-28 17:36:58+03,2021-04-28 18:49:30+03,Неисправен
5737,229463,1897,2021-04-28 17:55:00+03,2021-04-28 19:56:52+03,Неисправен
8675,229483,1911,2021-04-28 17:55:06+03,2021-04-28 19:01:20+03,Неисправен
2811,229443,1907,2021-04-28 17:56:56+03,2021-04-28 19:26:46+03,Неисправен
7268,229481,1910,2021-04-28 17:57:08+03,2021-04-28 19:11:46+03,Неисправен
8014,229498,1918,2021-04-28 18:00:06+03,2021-04-28 19:04:26+03,Неисправен
528,229488,1913,2021-04-28 18:05:34+03,2021-04-28 19:34:32+03,Неисправен
490,229472,1893,2021-04-28 18:13:16+03,2021-04-28 20:24:26+03,Неисправен
11848,229471,1893,2021-04-28 18:16:16+03,2021-04-28 19:52:12+03,Неисправен
9360,229484,1912,2021-04-28 18:16:20+03,2021-04-28 19:30:22+03,Неисправен
4319,229477,1910,2021-04-28 18:23:28+03,2021-04-28 19:24:18+03,Неисправен
420,229440,1908,2021-04-28 18:25:24+03,2021-04-28 19:32:24+03,Неисправен
4951,229446,1904,2021-04-28 18:35:44+03,2021-04-28 19:39:28+03,Неисправен
8779,232219,1924,2021-04-28 18:44:32+03,2021-04-28 19:51:54+03,Неисправен
2918,229491,1914,2021-04-28 18:53:04+03,2021-04-28 19:58:00+03,Неисправен
11878,229487,1913,2021-04-28 19:22:26+03,2021-04-28 21:01:20+03,Неисправен
7307,229497,1918,2021-04-28 19:22:30+03,2021-04-28 20:34:26+03,Неисправен
6504,229480,1910,2021-04-28 19:24:50+03,2021-04-28 20:45:28+03,Неисправен
10353,229501,1919,2021-04-28 19:24:56+03,2021-04-28 20:30:24+03,Неисправен
6440,229448,1904,2021-04-28 19:38:50+03,2021-04-28 20:48:46+03,Неисправен
9318,229468,1894,2021-04-28 19:45:40+03,2021-04-28 22:07:28+03,Неисправен
10282,229469,1894,2021-04-28 19:45:40+03,2021-04-28 20:48:08+03,Неисправен
4236,229445,1905,2021-04-28 19:48:18+03,2021-04-28 21:10:08+03,Неисправен
5796,229495,1916,2021-04-28 19:48:32+03,2021-04-28 21:46:52+03,Неисправен
7202,229449,1903,2021-04-28 19:53:08+03,2021-04-28 20:53:38+03,Неисправен
4320,229477,1910,2021-04-28 19:53:18+03,2021-04-28 21:31:20+03,Неисправен
2885,229475,1892,2021-04-28 20:15:46+03,2021-04-28 21:22:32+03,Неисправен
11018,229438,1908,2021-04-28 20:16:30+03,2021-04-28 21:41:20+03,Неисправен
9271,229452,1902,2021-04-28 20:22:42+03,2021-04-28 21:41:18+03,Неисправен
3580,229460,1899,2021-04-28 20:26:06+03,2021-04-28 21:27:46+03,Неисправен
10313,229485,1912,2021-04-28 20:30:54+03,2021-04-28 22:19:06+03,Неисправен
3682,229508,1922,2021-04-28 20:31:02+03,2021-04-28 22:05:28+03,Неисправен
3543,229444,1905,2021-04-28 20:33:54+03,2021-04-28 21:49:40+03,Неисправен
565,229504,1921,2021-04-28 20:46:18+03,2021-04-28 21:49:20+03,Неисправен
3639,229492,1914,2021-04-28 20:54:46+03,2021-04-28 21:57:10+03,Неисправен
2114,229506,1921,2021-04-28 20:54:50+03,2021-04-28 22:57:36+03,Неисправен
2812,229443,1907,2021-04-28 20:57:26+03,2021-04-28 22:17:20+03,Неисправен
5767,229479,1910,2021-04-28 20:57:38+03,2021-04-28 22:11:52+03,Неисправен
2045,229474,1892,2021-04-28 21:03:26+03,2021-04-28 22:23:28+03,Неисправен
7308,229497,1918,2021-04-28 21:04:32+03,2021-04-28 22:25:20+03,Неисправен
1313,229489,1914,2021-04-28 21:05:46+03,2021-04-28 22:21:46+03,Неисправен
529,229488,1913,2021-04-28 21:15:58+03,2021-04-29 00:01:06+03,Неисправен
5738,229463,1897,2021-04-28 21:32:38+03,2021-04-28 23:50:58+03,Неисправен
3581,229460,1899,2021-04-28 21:35:04+03,2021-04-28 22:50:24+03,Неисправен
9272,229452,1902,2021-04-28 21:43:26+03,2021-04-28 23:26:40+03,Неисправен
6441,229448,1904,2021-04-28 21:48:42+03,2021-04-28 23:31:50+03,Неисправен
3544,229444,1905,2021-04-28 21:51:46+03,2021-04-28 23:09:56+03,Неисправен
8708,229499,1918,2021-04-28 21:52:02+03,2021-04-28 22:57:44+03,Неисправен
1213,229441,1907,2021-04-28 21:53:54+03,2021-04-28 23:34:56+03,Неисправен
8587,229451,1902,2021-04-28 21:56:20+03,2021-04-28 23:03:26+03,Неисправен
5083,229494,1915,2021-04-28 21:56:56+03,2021-04-28 23:38:06+03,Неисправен
10200,229437,1908,2021-04-28 22:01:18+03,2021-04-28 23:26:22+03,Неисправен
11879,229487,1913,2021-04-28 22:06:52+03,2021-04-29 00:21:20+03,Неисправен
2955,229507,1922,2021-04-28 22:06:58+03,2021-04-28 23:15:18+03,Неисправен
1350,229505,1921,2021-04-28 22:11:40+03,2021-04-28 23:35:08+03,Неисправен
11066,229454,1901,2021-04-28 22:24:56+03,2021-04-28 23:31:22+03,Неисправен
7309,229497,1918,2021-04-28 22:27:56+03,2021-04-28 23:48:28+03,Неисправен
421,229440,1908,2021-04-28 22:30:00+03,2021-04-28 23:30:40+03,Неисправен
11912,229503,1920,2021-04-28 22:32:40+03,2021-04-28 23:33:30+03,Неисправен
4321,229477,1910,2021-04-28 22:36:34+03,2021-04-28 23:42:38+03,Неисправен
8780,232219,1924,2021-04-28 22:36:44+03,2021-04-28 23:42:16+03,Неисправен
10283,229469,1894,2021-04-28 22:39:12+03,2021-04-28 23:47:58+03,Неисправен
4352,229493,1915,2021-04-28 22:39:20+03,2021-04-28 23:42:30+03,Неисправен
4271,229461,1898,2021-04-28 22:49:16+03,2021-04-29 00:01:30+03,Неисправен
2007,229458,1899,2021-04-28 22:50:58+03,2021-04-28 23:54:08+03,Неисправен
8109,232218,1923,2021-04-28 22:51:14+03,2021-04-28 23:57:58+03,Неисправен
491,229472,1893,2021-04-28 22:55:52+03,2021-04-29 00:02:46+03,Неисправен
4952,229446,1904,2021-04-28 23:21:24+03,2021-04-29 01:28:50+03,Неисправен
8629,229467,1896,2021-04-28 23:35:38+03,2021-04-29 00:52:02+03,Неисправен
6505,229480,1910,2021-04-28 23:35:42+03,2021-04-29 00:36:48+03,Неисправен
1970,229442,1907,2021-04-28 23:39:56+03,2021-04-29 01:02:56+03,Неисправен
5797,229495,1916,2021-04-28 23:43:26+03,2021-04-29 00:49:54+03,Неисправен
10284,229469,1894,2021-04-28 23:49:36+03,2021-04-29 00:59:34+03,Неисправен
11165,229502,1920,2021-04-28 23:49:46+03,2021-04-29 02:30:02+03,Неисправен
11019,229438,1908,2021-04-28 23:55:42+03,2021-04-29 01:00:54+03,Неисправен
1245,229457,1900,2021-04-28 23:55:48+03,2021-04-29 01:07:44+03,Неисправен
9319,229468,1894,2021-04-28 23:55:52+03,2021-04-29 01:21:26+03,Неисправен
1314,229489,1914,2021-04-28 23:55:58+03,2021-04-29 01:01:04+03,Неисправен
5705,229447,1904,2021-04-29 00:00:14+03,2021-04-29 01:01:34+03,Неисправен
8015,229498,1918,2021-04-29 00:01:42+03,2021-04-29 01:08:50+03,Неисправен
10354,229501,1919,2021-04-29 00:01:42+03,2021-04-29 01:18:30+03,Неисправен
9273,229452,1902,2021-04-29 00:04:20+03,2021-04-29 01:17:36+03,Неисправен
2085,229490,1914,2021-04-29 00:04:32+03,2021-04-29 01:08:50+03,Неисправен
11849,229471,1893,2021-04-29 00:07:58+03,2021-04-29 01:54:18+03,Неисправен
9361,229484,1912,2021-04-29 00:13:38+03,2021-04-29 01:21:00+03,Неисправен
11767,229439,1908,2021-04-29 00:16:36+03,2021-04-29 01:16:38+03,Неисправен
8110,232218,1923,2021-04-29 00:16:58+03,2021-04-29 01:29:10+03,Неисправен
7891,229450,1903,2021-04-29 00:22:24+03,2021-04-29 01:39:54+03,Неисправен
455,229456,1900,2021-04-29 00:24:36+03,2021-04-29 01:48:42+03,Неисправен
5739,229463,1897,2021-04-29 00:24:40+03,2021-04-29 01:36:16+03,Неисправен
2813,229443,1907,2021-04-29 00:36:16+03,2021-04-29 02:27:36+03,Неисправен
8588,229451,1902,2021-04-29 00:40:12+03,2021-04-29 02:18:58+03,Неисправен
6506,229480,1910,2021-04-29 00:40:22+03,2021-04-29 02:07:18+03,Неисправен
5049,229478,1910,2021-04-29 00:48:50+03,2021-04-29 02:04:00+03,Неисправен
11067,229454,1901,2021-04-29 00:50:24+03,2021-04-29 02:08:00+03,Неисправен
8676,229483,1911,2021-04-29 00:50:32+03,2021-04-29 02:24:24+03,Неисправен
5798,229495,1916,2021-04-29 00:50:36+03,2021-04-29 01:54:26+03,Неисправен
530,229488,1913,2021-04-29 01:02:26+03,2021-04-29 02:07:28+03,Неисправен
6540,229496,1916,2021-04-29 01:13:24+03,2021-04-29 02:27:40+03,Неисправен
8709,229499,1918,2021-04-29 01:13:24+03,2021-04-29 02:17:22+03,Неисправен
1971,229442,1907,2021-04-29 01:15:26+03,2021-04-29 02:22:44+03,Неисправен
4353,229493,1915,2021-04-29 01:18:28+03,2021-04-29 02:57:16+03,Неисправен
11768,229439,1908,2021-04-29 01:22:26+03,2021-04-29 02:33:58+03,Неисправен
9274,229452,1902,2021-04-29 01:29:42+03,2021-04-29 02:58:08+03,Неисправен
8781,232219,1924,2021-04-29 01:32:00+03,2021-04-29 02:50:46+03,Неисправен
4237,229445,1905,2021-04-29 01:37:36+03,2021-04-29 03:03:54+03,Неисправен
2086,229490,1914,2021-04-29 01:40:38+03,2021-04-29 02:45:26+03,Неисправен
8111,232218,1923,2021-04-29 01:47:06+03,2021-04-29 03:41:14+03,Неисправен
10314,229485,1912,2021-04-29 01:52:50+03,2021-04-29 03:29:56+03,Неисправен
7233,229465,1897,2021-04-29 01:56:20+03,2021-04-29 03:04:26+03,Неисправен
7203,229449,1903,2021-04-29 02:00:14+03,2021-04-29 03:11:26+03,Неисправен
5001,229462,1898,2021-04-29 02:00:18+03,2021-04-29 03:51:04+03,Неисправен
10355,229501,1919,2021-04-29 02:13:22+03,2021-04-29 03:43:48+03,Неисправен
2115,229506,1921,2021-04-29 02:19:16+03,2021-04-29 03:19:34+03,Неисправен
8589,229451,1902,2021-04-29 02:24:16+03,2021-04-29 03:34:28+03,Неисправен
8710,229499,1918,2021-04-29 02:29:04+03,2021-04-29 04:07:50+03,Неисправен
9528,232220,1924,2021-04-29 02:29:08+03,2021-04-29 04:17:06+03,Неисправен
8677,229483,1911,2021-04-29 02:31:56+03,2021-04-29 04:01:04+03,Неисправен
11880,229487,1913,2021-04-29 02:32:54+03,2021-04-29 03:43:32+03,Неисправен
11769,229439,1908,2021-04-29 02:39:40+03,2021-04-29 04:11:36+03,Неисправен
10285,229469,1894,2021-04-29 02:39:50+03,2021-04-29 03:47:12+03,Неисправен
10201,229437,1908,2021-04-29 02:48:06+03,2021-04-29 03:53:40+03,Неисправен
566,229504,1921,2021-04-29 02:48:28+03,2021-04-29 03:52:30+03,Неисправен
3545,229444,1905,2021-04-29 02:51:24+03,2021-04-29 04:23:06+03,Неисправен
5121,229510,1923,2021-04-29 03:02:34+03,2021-04-29 04:50:46+03,Неисправен
11913,229503,1920,2021-04-29 03:07:04+03,2021-04-29 04:19:02+03,Неисправен
7933,229466,1896,2021-04-29 03:21:28+03,2021-04-29 04:37:40+03,Неисправен
8782,232219,1924,2021-04-29 03:26:38+03,2021-04-29 04:32:20+03,Неисправен
5050,229478,1910,2021-04-29 03:27:44+03,2021-04-29 04:59:56+03,Неисправен
531,229488,1913,2021-04-29 03:29:56+03,2021-04-29 04:52:36+03,Неисправен
4953,229446,1904,2021-04-29 03:34:58+03,2021-04-29 04:36:54+03,Неисправен
8590,229451,1902,2021-04-29 03:35:00+03,2021-04-29 04:51:26+03,Неисправен
8112,232218,1923,2021-04-29 03:41:58+03,2021-04-29 04:57:52+03,Неисправен
10356,229501,1919,2021-04-29 03:45:00+03,2021-04-29 05:11:18+03,Неисправен
9362,229484,1912,2021-04-29 03:56:44+03,2021-04-29 06:36:30+03,Неисправен
567,229504,1921,2021-04-29 03:56:50+03,2021-04-29 05:40:00+03,Неисправен
4383,229509,1923,2021-04-29 04:06:38+03,2021-04-29 05:07:44+03,Неисправен
5799,229495,1916,2021-04-29 04:16:02+03,2021-04-29 05:17:08+03,Неисправен
2008,229458,1899,2021-04-29 04:19:50+03,2021-04-29 05:24:22+03,Неисправен
10238,229453,1902,2021-04-29 04:23:10+03,2021-04-29 05:27:06+03,Неисправен
5768,229479,1910,2021-04-29 04:33:06+03,2021-04-29 05:35:22+03,Неисправен
10202,229437,1908,2021-04-29 04:39:16+03,2021-04-29 05:53:08+03,Неисправен
6507,229480,1910,2021-04-29 04:43:06+03,2021-04-29 06:19:08+03,Неисправен
6541,229496,1916,2021-04-29 04:44:20+03,2021-04-29 05:44:38+03,Неисправен
422,229440,1908,2021-04-29 04:52:08+03,2021-04-29 06:43:10+03,Неисправен
2847,229459,1899,2021-04-29 04:55:22+03,2021-04-29 06:19:00+03,Неисправен
11770,229439,1908,2021-04-29 04:57:18+03,2021-04-29 06:04:54+03,Неисправен
4238,229445,1905,2021-04-29 04:57:20+03,2021-04-29 06:09:28+03,Неисправен
7310,229497,1918,2021-04-29 04:57:36+03,2021-04-29 06:02:00+03,Неисправен
11105,229470,1893,2021-04-29 05:08:12+03,2021-04-29 07:06:26+03,Неисправен
11020,229438,1908,2021-04-29 05:12:14+03,2021-04-29 07:45:30+03,Неисправен
1280,229473,1892,2021-04-29 05:14:44+03,2021-04-29 06:46:20+03,Неисправен
5800,229495,1916,2021-04-29 05:18:36+03,2021-04-29 06:43:04+03,Неисправен
9320,229468,1894,2021-04-29 05:20:54+03,2021-04-29 06:37:36+03,Неисправен
2009,229458,1899,2021-04-29 05:24:54+03,2021-04-29 06:34:48+03,Неисправен
10315,229485,1912,2021-04-29 05:25:02+03,2021-04-29 06:35:08+03,Неисправен
10357,229501,1919,2021-04-29 05:25:08+03,2021-04-29 06:40:30+03,Неисправен
2814,229443,1907,2021-04-29 05:33:20+03,2021-04-29 07:13:34+03,Неисправен
10239,229453,1902,2021-04-29 05:33:24+03,2021-04-29 07:15:18+03,Неисправен
492,229472,1893,2021-04-29 05:39:52+03,2021-04-29 06:46:16+03,Неисправен
7934,229466,1896,2021-04-29 05:40:54+03,2021-04-29 07:05:14+03,Неисправен
5002,229462,1898,2021-04-29 05:44:28+03,2021-04-29 06:52:02+03,Неисправен
3582,229460,1899,2021-04-29 05:49:56+03,2021-04-29 06:58:34+03,Неисправен
11166,229502,1920,2021-04-29 05:57:20+03,2021-04-29 07:15:04+03,Неисправен
1351,229505,1921,2021-04-29 06:00:34+03,2021-04-29 07:36:44+03,Неисправен
7269,229481,1910,2021-04-29 06:01:44+03,2021-04-29 07:02:44+03,Неисправен
7311,229497,1918,2021-04-29 06:03:12+03,2021-04-29 07:03:52+03,Неисправен
1315,229489,1914,2021-04-29 06:05:42+03,2021-04-29 07:21:16+03,Неисправен
3683,229508,1922,2021-04-29 06:10:58+03,2021-04-29 08:03:52+03,Неисправен
2116,229506,1921,2021-04-29 06:16:18+03,2021-04-29 07:30:44+03,Неисправен
5084,229494,1915,2021-04-29 06:29:28+03,2021-04-29 07:39:56+03,Неисправен
2919,229491,1914,2021-04-29 06:33:34+03,2021-04-29 08:01:18+03,Неисправен
4384,229509,1923,2021-04-29 06:33:38+03,2021-04-29 07:44:44+03,Неисправен
5801,229495,1916,2021-04-29 06:43:56+03,2021-04-29 08:05:58+03,Неисправен
9363,229484,1912,2021-04-29 06:52:44+03,2021-04-29 08:33:10+03,Неисправен
4239,229445,1905,2021-04-29 06:53:58+03,2021-04-29 08:40:24+03,Неисправен
6442,229448,1904,2021-04-29 06:59:48+03,2021-04-29 08:21:46+03,Неисправен
2010,229458,1899,2021-04-29 06:59:52+03,2021-04-29 08:53:54+03,Неисправен
3640,229492,1914,2021-04-29 07:03:50+03,2021-04-29 08:18:22+03,Неисправен
1246,229457,1900,2021-04-29 07:13:38+03,2021-04-29 08:19:02+03,Неисправен
8591,229451,1902,2021-04-29 07:15:58+03,2021-04-29 08:57:06+03,Неисправен
9529,232220,1924,2021-04-29 07:18:56+03,2021-04-29 08:41:04+03,Неисправен
11771,229439,1908,2021-04-29 07:27:28+03,2021-04-29 08:52:10+03,Неисправен
2886,229475,1892,2021-04-29 07:27:38+03,2021-04-29 08:53:22+03,Неисправен
8783,232219,1924,2021-04-29 07:27:50+03,2021-04-29 08:35:32+03,Неисправен
4954,229446,1904,2021-04-29 07:39:12+03,2021-04-29 09:05:24+03,Неисправен
2848,229459,1899,2021-04-29 07:41:38+03,2021-04-29 09:14:20+03,Неисправен
1214,229441,1907,2021-04-29 07:43:58+03,2021-04-29 08:48:22+03,Неисправен
456,229456,1900,2021-04-29 07:49:24+03,2021-04-29 09:02:22+03,Неисправен
6508,229480,1910,2021-04-29 07:59:04+03,2021-04-29 09:23:04+03,Неисправен
11021,229438,1908,2021-04-29 08:07:48+03,2021-04-29 09:30:44+03,Неисправен
5085,229494,1915,2021-04-29 08:08:06+03,2021-04-29 09:12:58+03,Неисправен
5802,229495,1916,2021-04-29 08:08:06+03,2021-04-29 09:13:38+03,Неисправен
3605,229476,1909,2021-04-29 08:12:48+03,2021-04-29 09:19:42+03,Неисправен
3641,229492,1914,2021-04-29 08:20:40+03,2021-04-29 09:26:16+03,Неисправен
3684,229508,1922,2021-04-29 08:26:44+03,2021-04-29 10:06:24+03,Неисправен
4354,229493,1915,2021-04-29 08:30:04+03,2021-04-29 09:51:56+03,Неисправен
6477,229464,1897,2021-04-29 08:37:38+03,2021-04-29 09:44:50+03,Неисправен
10358,229501,1919,2021-04-29 08:47:16+03,2021-04-29 10:08:06+03,Неисправен
5051,229478,1910,2021-04-29 08:53:24+03,2021-04-29 10:00:14+03,Неисправен
5706,229447,1904,2021-04-29 08:59:16+03,2021-04-29 10:23:40+03,Неисправен
6443,229448,1904,2021-04-29 09:08:26+03,2021-04-29 10:12:38+03,Неисправен
2887,229475,1892,2021-04-29 09:12:54+03,2021-04-29 10:24:12+03,Неисправен
9321,229468,1894,2021-04-29 09:14:48+03,2021-04-29 10:17:42+03,Неисправен
1215,229441,1907,2021-04-29 09:18:12+03,2021-04-29 10:20:50+03,Неисправен
2815,229443,1907,2021-04-29 09:18:12+03,2021-04-29 11:34:44+03,Неисправен
11167,229502,1920,2021-04-29 09:19:50+03,2021-04-29 10:31:42+03,Неисправен
3606,229476,1909,2021-04-29 09:30:56+03,2021-04-29 11:06:30+03,Неисправен
9364,229484,1912,2021-04-29 09:46:32+03,2021-04-29 10:53:30+03,Неисправен
2849,229459,1899,2021-04-29 09:56:10+03,2021-04-29 11:05:38+03,Неисправен
1247,229457,1900,2021-04-29 10:05:10+03,2021-04-29 11:06:24+03,Неисправен
11772,229439,1908,2021-04-29 10:07:36+03,2021-04-29 11:32:02+03,Неисправен
493,229472,1893,2021-04-29 10:07:46+03,2021-04-29 11:16:50+03,Неисправен
2011,229458,1899,2021-04-29 10:11:42+03,2021-04-29 11:24:02+03,Неисправен
6509,229480,1910,2021-04-29 10:16:18+03,2021-04-29 11:39:56+03,Неисправен
3546,229444,1905,2021-04-29 10:18:42+03,2021-04-29 12:18:26+03,Неисправен
5003,229462,1898,2021-04-29 10:18:48+03,2021-04-29 11:29:36+03,Неисправен
1216,229441,1907,2021-04-29 10:22:28+03,2021-04-29 11:29:30+03,Неисправен
11850,229471,1893,2021-04-29 10:30:18+03,2021-04-29 11:51:30+03,Неисправен
5086,229494,1915,2021-04-29 10:30:26+03,2021-04-29 11:43:22+03,Неисправен
4385,229509,1923,2021-04-29 10:30:30+03,2021-04-29 12:32:44+03,Неисправен
7234,229465,1897,2021-04-29 10:33:24+03,2021-04-29 12:22:06+03,Неисправен
457,229456,1900,2021-04-29 10:35:48+03,2021-04-29 12:00:26+03,Неисправен
7270,229481,1910,2021-04-29 10:35:56+03,2021-04-29 11:40:02+03,Неисправен
3583,229460,1899,2021-04-29 10:45:48+03,2021-04-29 11:57:00+03,Неисправен
568,229504,1921,2021-04-29 10:46:02+03,2021-04-29 11:54:56+03,Неисправен
5122,229510,1923,2021-04-29 10:46:04+03,2021-04-29 11:52:30+03,Неисправен
4955,229446,1904,2021-04-29 10:48:36+03,2021-04-29 12:28:00+03,Неисправен
6478,229464,1897,2021-04-29 10:51:32+03,2021-04-29 12:02:46+03,Неисправен
8113,232218,1923,2021-04-29 10:53:38+03,2021-04-29 12:09:38+03,Неисправен
10240,229453,1902,2021-04-29 10:54:08+03,2021-04-29 12:07:42+03,Неисправен
10203,229437,1908,2021-04-29 11:11:38+03,2021-04-29 12:30:06+03,Неисправен
10316,229485,1912,2021-04-29 11:25:36+03,2021-04-29 12:49:18+03,Неисправен
5004,229462,1898,2021-04-29 11:33:48+03,2021-04-29 12:40:42+03,Неисправен
9275,229452,1902,2021-04-29 11:39:32+03,2021-04-29 13:19:22+03,Неисправен
1972,229442,1907,2021-04-29 11:48:36+03,2021-04-29 12:49:50+03,Неисправен
11168,229502,1920,2021-04-29 11:57:12+03,2021-04-29 14:05:40+03,Неисправен
11068,229454,1901,2021-04-29 12:04:06+03,2021-04-29 13:06:12+03,Неисправен
4322,229477,1910,2021-04-29 12:13:50+03,2021-04-29 13:25:40+03,Неисправен
2850,229459,1899,2021-04-29 12:31:12+03,2021-04-29 13:54:00+03,Неисправен
5005,229462,1898,2021-04-29 12:56:24+03,2021-04-29 14:23:40+03,Неисправен
11914,229503,1920,2021-04-29 13:02:02+03,2021-04-29 14:39:24+03,Неисправен
2816,229443,1907,2021-04-29 13:11:12+03,2021-04-29 14:22:46+03,Неисправен
2046,229474,1892,2021-04-29 13:23:28+03,2021-04-29 14:41:44+03,Неисправен
8711,229499,1918,2021-04-29 13:26:22+03,2021-04-29 14:28:26+03,Неисправен
8784,232219,1924,2021-04-29 13:29:52+03,2021-04-29 14:39:12+03,Неисправен
5707,229447,1904,2021-04-29 13:37:36+03,2021-04-29 14:48:52+03,Неисправен
6444,229448,1904,2021-04-29 13:37:36+03,2021-04-29 14:51:04+03,Неисправен
3584,229460,1899,2021-04-29 13:37:40+03,2021-04-29 15:17:54+03,Неисправен
10286,229469,1894,2021-04-29 13:37:42+03,2021-04-29 14:40:28+03,Неисправен
2888,229475,1892,2021-04-29 13:37:44+03,2021-04-29 14:39:48+03,Неисправен
10204,229437,1908,2021-04-29 13:47:48+03,2021-04-29 14:49:20+03,Неисправен
1217,229441,1907,2021-04-29 14:00:22+03,2021-04-29 15:02:04+03,Неисправен
11915,229503,1920,2021-04-29 14:57:34+03,2021-04-29 16:03:16+03,Неисправен
10317,229485,1912,2021-04-29 14:58:28+03,2021-04-29 16:45:02+03,Неисправен
2851,229459,1899,2021-04-29 15:11:44+03,2021-04-29 16:21:30+03,Неисправен
2889,229475,1892,2021-04-29 15:11:48+03,2021-04-29 16:21:10+03,Неисправен
5123,229510,1923,2021-04-29 15:11:58+03,2021-04-29 16:37:24+03,Неисправен
8712,229499,1918,2021-04-29 15:16:20+03,2021-04-29 16:32:46+03,Неисправен
532,229488,1913,2021-04-29 15:23:10+03,2021-04-29 16:28:30+03,Неисправен
4386,229509,1923,2021-04-29 15:27:54+03,2021-04-29 16:49:28+03,Неисправен
7271,229481,1910,2021-04-29 15:43:22+03,2021-04-29 16:58:12+03,Неисправен
5052,229478,1910,2021-04-29 15:54:08+03,2021-04-29 16:59:10+03,Неисправен
7235,229465,1897,2021-04-29 16:02:58+03,2021-04-29 18:18:14+03,Неисправен
4323,229477,1910,2021-04-29 16:03:02+03,2021-04-29 17:29:22+03,Неисправен
5803,229495,1916,2021-04-29 16:03:08+03,2021-04-29 17:20:10+03,Неисправен
5740,229463,1897,2021-04-29 16:12:16+03,2021-04-29 17:18:28+03,Неисправен
423,229440,1908,2021-04-29 16:25:28+03,2021-04-29 18:16:20+03,Неисправен
1973,229442,1907,2021-04-29 16:33:50+03,2021-04-29 17:42:30+03,Неисправен
11136,229486,1913,2021-04-29 16:34:04+03,2021-04-29 17:53:10+03,Неисправен
3547,229444,1905,2021-04-29 16:34:54+03,2021-04-29 17:39:50+03,Неисправен
3685,229508,1922,2021-04-29 16:36:06+03,2021-04-29 18:15:50+03,Неисправен
10241,229453,1902,2021-04-29 16:47:04+03,2021-04-29 17:50:30+03,Неисправен
10318,229485,1912,2021-04-29 16:47:14+03,2021-04-29 17:50:04+03,Неисправен
5769,229479,1910,2021-04-29 16:51:52+03,2021-04-29 18:05:26+03,Неисправен
4956,229446,1904,2021-04-29 16:52:20+03,2021-04-29 17:58:26+03,Неисправен
8114,232218,1923,2021-04-29 17:05:44+03,2021-04-29 18:34:10+03,Неисправен
8630,229467,1896,2021-04-29 17:18:00+03,2021-04-29 18:33:56+03,Неисправен
4240,229445,1905,2021-04-29 17:20:42+03,2021-04-29 18:21:50+03,Неисправен
2956,229507,1922,2021-04-29 17:24:12+03,2021-04-29 18:27:26+03,Неисправен
6542,229496,1916,2021-04-29 17:36:06+03,2021-04-29 19:07:54+03,Неисправен
9322,229468,1894,2021-04-29 17:44:00+03,2021-04-29 18:46:20+03,Неисправен
10287,229469,1894,2021-04-29 17:47:24+03,2021-04-29 19:03:58+03,Неисправен
5053,229478,1910,2021-04-29 18:02:28+03,2021-04-29 19:41:22+03,Неисправен
5804,229495,1916,2021-04-29 18:06:46+03,2021-04-29 20:17:42+03,Неисправен
7204,229449,1903,2021-04-29 18:16:24+03,2021-04-29 19:17:20+03,Неисправен
1281,229473,1892,2021-04-29 18:26:58+03,2021-04-29 19:36:40+03,Неисправен
9276,229452,1902,2021-04-29 18:33:52+03,2021-04-29 19:42:30+03,Неисправен
8115,232218,1923,2021-04-29 18:40:58+03,2021-04-29 21:02:14+03,Неисправен
9323,229468,1894,2021-04-29 18:50:52+03,2021-04-29 19:56:46+03,Неисправен
3585,229460,1899,2021-04-29 18:55:28+03,2021-04-29 20:04:00+03,Неисправен
11106,229470,1893,2021-04-29 18:55:32+03,2021-04-29 20:43:46+03,Неисправен
9530,232220,1924,2021-04-29 19:09:10+03,2021-04-29 20:11:32+03,Неисправен
4957,229446,1904,2021-04-29 19:30:36+03,2021-04-29 20:52:42+03,Неисправен
1974,229442,1907,2021-04-29 19:33:16+03,2021-04-29 20:45:32+03,Неисправен
1282,229473,1892,2021-04-29 19:39:42+03,2021-04-29 20:47:52+03,Неисправен
494,229472,1893,2021-04-29 19:40:28+03,2021-04-29 20:45:38+03,Неисправен
3686,229508,1922,2021-04-29 19:40:40+03,2021-04-29 21:21:24+03,Неисправен
7968,229482,1911,2021-04-29 19:47:32+03,2021-04-29 20:47:52+03,Неисправен
4355,229493,1915,2021-04-29 19:47:36+03,2021-04-29 20:54:36+03,Неисправен
7236,229465,1897,2021-04-29 19:49:50+03,2021-04-29 21:13:18+03,Неисправен
11773,229439,1908,2021-04-29 19:55:20+03,2021-04-29 20:56:44+03,Неисправен
458,229456,1900,2021-04-29 19:57:44+03,2021-04-29 21:19:04+03,Неисправен
8592,229451,1902,2021-04-29 20:00:08+03,2021-04-29 21:20:02+03,Неисправен
2852,229459,1899,2021-04-29 20:02:22+03,2021-04-29 21:09:08+03,Неисправен
11069,229454,1901,2021-04-29 20:08:24+03,2021-04-29 21:12:28+03,Неисправен
5805,229495,1916,2021-04-29 20:20:45+03,2021-04-29 21:28:42+03,Неисправен
4272,229461,1898,2021-04-29 20:22:08+03,2021-04-29 21:23:02+03,Неисправен
4387,229509,1923,2021-04-29 20:28:52+03,2021-04-29 21:36:48+03,Неисправен
1352,229505,1921,2021-04-29 20:38:46+03,2021-04-29 21:47:16+03,Неисправен
8631,229467,1896,2021-04-29 20:42:56+03,2021-04-29 22:46:12+03,Неисправен
6445,229448,1904,2021-04-29 20:55:52+03,2021-04-29 21:56:10+03,Неисправен
2012,229458,1899,2021-04-29 20:59:02+03,2021-04-29 22:05:48+03,Неисправен
1218,229441,1907,2021-04-29 21:10:38+03,2021-04-29 22:42:12+03,Неисправен
2817,229443,1907,2021-04-29 21:14:32+03,2021-04-29 22:22:36+03,Неисправен
4324,229477,1910,2021-04-29 21:19:50+03,2021-04-29 22:20:04+03,Неисправен
7205,229449,1903,2021-04-29 21:26:52+03,2021-04-29 22:51:28+03,Неисправен
9365,229484,1912,2021-04-29 21:27:02+03,2021-04-29 23:01:38+03,Неисправен
5806,229495,1916,2021-04-29 21:29:54+03,2021-04-29 22:54:52+03,Неисправен
2117,229506,1921,2021-04-29 21:32:36+03,2021-04-29 22:33:42+03,Неисправен
9277,229452,1902,2021-04-29 21:35:44+03,2021-04-29 22:38:02+03,Неисправен
2920,229491,1914,2021-04-29 21:39:32+03,2021-04-29 23:28:08+03,Неисправен
11916,229503,1920,2021-04-29 21:40:08+03,2021-04-29 23:13:56+03,Неисправен
5006,229462,1898,2021-04-29 21:50:10+03,2021-04-29 23:10:22+03,Неисправен
11137,229486,1913,2021-04-29 21:50:18+03,2021-04-29 23:15:50+03,Неисправен
1316,229489,1914,2021-04-29 21:54:06+03,2021-04-29 22:55:24+03,Неисправен
11169,229502,1920,2021-04-29 21:54:10+03,2021-04-29 23:09:26+03,Неисправен
6446,229448,1904,2021-04-29 21:57:04+03,2021-04-29 23:02:12+03,Неисправен
10242,229453,1902,2021-04-29 21:57:06+03,2021-04-29 23:14:20+03,Неисправен
5708,229447,1904,2021-04-29 22:00:08+03,2021-04-29 23:01:08+03,Неисправен
1975,229442,1907,2021-04-29 22:06:28+03,2021-04-29 23:12:58+03,Неисправен
533,229488,1913,2021-04-29 22:07:32+03,2021-04-29 23:07:42+03,Неисправен
11070,229454,1901,2021-04-29 22:08:40+03,2021-04-29 23:25:24+03,Неисправен
495,229472,1893,2021-04-29 22:23:38+03,2021-04-29 23:40:20+03,Неисправен
11774,229439,1908,2021-04-29 22:25:16+03,2021-04-29 23:34:20+03,Неисправен
8116,232218,1923,2021-04-29 22:28:18+03,2021-04-29 23:42:38+03,Неисправен
2118,229506,1921,2021-04-29 22:34:50+03,2021-04-29 23:37:44+03,Неисправен
424,229440,1908,2021-04-29 22:40:10+03,2021-04-30 00:42:44+03,Неисправен
2047,229474,1892,2021-04-29 22:40:20+03,2021-04-29 23:41:12+03,Неисправен
4958,229446,1904,2021-04-29 22:42:54+03,2021-04-29 23:48:54+03,Неисправен
2957,229507,1922,2021-04-29 22:43:14+03,2021-04-30 00:31:36+03,Неисправен
6479,229464,1897,2021-04-29 22:44:52+03,2021-04-30 00:00:40+03,Неисправен
3548,229444,1905,2021-04-29 22:49:30+03,2021-04-30 00:04:00+03,Неисправен
7206,229449,1903,2021-04-29 22:53:06+03,2021-04-30 00:05:18+03,Неисправен
1283,229473,1892,2021-04-29 23:02:20+03,2021-04-30 00:39:24+03,Неисправен
459,229456,1900,2021-04-29 23:11:00+03,2021-04-30 01:24:34+03,Неисправен
10243,229453,1902,2021-04-29 23:22:40+03,2021-04-30 00:24:34+03,Неисправен
5007,229462,1898,2021-04-29 23:25:26+03,2021-04-30 01:23:30+03,Неисправен
5087,229494,1915,2021-04-29 23:29:16+03,2021-04-30 00:33:10+03,Неисправен
7892,229450,1903,2021-04-29 23:31:30+03,2021-04-30 00:43:44+03,Неисправен
2853,229459,1899,2021-04-29 23:37:30+03,2021-04-30 02:11:18+03,Неисправен
11170,229502,1920,2021-04-29 23:37:44+03,2021-04-30 00:47:08+03,Неисправен
11881,229487,1913,2021-04-29 23:42:26+03,2021-04-30 01:10:42+03,Неисправен
3642,229492,1914,2021-04-29 23:42:28+03,2021-04-30 00:48:18+03,Неисправен
2048,229474,1892,2021-04-29 23:48:26+03,2021-04-30 00:54:02+03,Неисправен
11812,229455,1901,2021-04-29 23:55:56+03,2021-04-30 01:13:42+03,Неисправен
2921,229491,1914,2021-04-30 00:07:56+03,2021-04-30 01:08:08+03,Неисправен
569,229504,1921,2021-04-30 00:27:04+03,2021-04-30 01:32:34+03,Неисправен
5054,229478,1910,2021-04-30 00:28:36+03,2021-04-30 01:50:12+03,Неисправен
8593,229451,1902,2021-04-30 00:32:18+03,2021-04-30 02:11:26+03,Неисправен
2958,229507,1922,2021-04-30 00:32:36+03,2021-04-30 01:38:22+03,Неисправен
1219,229441,1907,2021-04-30 00:34:18+03,2021-04-30 02:00:26+03,Неисправен
10244,229453,1902,2021-04-30 00:37:48+03,2021-04-30 01:59:06+03,Неисправен
5807,229495,1916,2021-04-30 00:41:52+03,2021-04-30 01:52:26+03,Неисправен
9531,232220,1924,2021-04-30 00:44:02+03,2021-04-30 01:49:00+03,Неисправен
10319,229485,1912,2021-04-30 00:48:16+03,2021-04-30 02:17:40+03,Неисправен
4273,229461,1898,2021-04-30 01:15:44+03,2021-04-30 02:19:50+03,Неисправен
9324,229468,1894,2021-04-30 01:19:12+03,2021-04-30 02:59:18+03,Неисправен
3586,229460,1899,2021-04-30 01:32:14+03,2021-04-30 02:37:04+03,Неисправен
8632,229467,1896,2021-04-30 01:32:16+03,2021-04-30 03:08:44+03,Неисправен
11022,229438,1908,2021-04-30 01:36:50+03,2021-04-30 02:40:26+03,Неисправен
2049,229474,1892,2021-04-30 01:43:20+03,2021-04-30 03:19:06+03,Неисправен
5008,229462,1898,2021-04-30 01:52:16+03,2021-04-30 03:25:26+03,Неисправен
534,229488,1913,2021-04-30 01:52:24+03,2021-04-30 02:55:12+03,Неисправен
11882,229487,1913,2021-04-30 01:54:48+03,2021-04-30 02:58:30+03,Неисправен
6543,229496,1916,2021-04-30 01:54:52+03,2021-04-30 03:10:12+03,Неисправен
5124,229510,1923,2021-04-30 02:01:16+03,2021-04-30 03:34:56+03,Неисправен
10205,229437,1908,2021-04-30 02:02:44+03,2021-04-30 03:16:56+03,Неисправен
7969,229482,1911,2021-04-30 02:07:36+03,2021-04-30 03:19:02+03,Неисправен
2922,229491,1914,2021-04-30 02:07:38+03,2021-04-30 03:23:50+03,Неисправен
8713,229499,1918,2021-04-30 02:07:40+03,2021-04-30 03:34:12+03,Неисправен
8594,229451,1902,2021-04-30 02:12:18+03,2021-04-30 04:06:40+03,Неисправен
5741,229463,1897,2021-04-30 02:21:48+03,2021-04-30 03:34:42+03,Неисправен
10288,229469,1894,2021-04-30 02:21:50+03,2021-04-30 04:14:20+03,Неисправен
4959,229446,1904,2021-04-30 02:25:46+03,2021-04-30 03:33:40+03,Неисправен
11775,229439,1908,2021-04-30 02:29:14+03,2021-04-30 03:51:38+03,Неисправен
11813,229455,1901,2021-04-30 02:29:18+03,2021-04-30 03:46:26+03,Неисправен
3607,229476,1909,2021-04-30 02:29:24+03,2021-04-30 03:33:02+03,Неисправен
7312,229497,1918,2021-04-30 02:37:14+03,2021-04-30 03:45:22+03,Неисправен
9532,232220,1924,2021-04-30 02:45:18+03,2021-04-30 05:10:26+03,Неисправен
4241,229445,1905,2021-04-30 02:47:26+03,2021-04-30 03:52:46+03,Неисправен
9404,229500,1919,2021-04-30 02:49:10+03,2021-04-30 03:50:58+03,Неисправен
7935,229466,1896,2021-04-30 02:50:06+03,2021-04-30 03:56:16+03,Неисправен
6447,229448,1904,2021-04-30 02:53:08+03,2021-04-30 04:14:14+03,Неисправен
4274,229461,1898,2021-04-30 03:13:30+03,2021-04-30 04:19:52+03,Неисправен
9278,229452,1902,2021-04-30 03:15:16+03,2021-04-30 05:07:14+03,Неисправен
6544,229496,1916,2021-04-30 03:16:12+03,2021-04-30 06:28:10+03,Неисправен
8016,229498,1918,2021-04-30 03:24:56+03,2021-04-30 05:20:10+03,Неисправен
1317,229489,1914,2021-04-30 03:31:04+03,2021-04-30 05:07:24+03,Неисправен
2050,229474,1892,2021-04-30 03:34:44+03,2021-04-30 04:44:12+03,Неисправен
7237,229465,1897,2021-04-30 03:35:46+03,2021-04-30 05:21:48+03,Неисправен
1353,229505,1921,2021-04-30 03:38:00+03,2021-04-30 04:57:36+03,Неисправен
5125,229510,1923,2021-04-30 03:41:24+03,2021-04-30 04:47:40+03,Неисправен
6510,229480,1910,2021-04-30 03:44:44+03,2021-04-30 04:59:34+03,Неисправен
5808,229495,1916,2021-04-30 03:50:58+03,2021-04-30 05:03:36+03,Неисправен
11851,229471,1893,2021-04-30 04:03:16+03,2021-04-30 05:16:44+03,Неисправен
8117,232218,1923,2021-04-30 04:05:30+03,2021-04-30 05:18:18+03,Неисправен
11023,229438,1908,2021-04-30 04:11:28+03,2021-04-30 05:45:10+03,Неисправен
5009,229462,1898,2021-04-30 04:11:36+03,2021-04-30 05:59:56+03,Неисправен
4325,229477,1910,2021-04-30 04:13:04+03,2021-04-30 05:30:20+03,Неисправен
10245,229453,1902,2021-04-30 04:17:12+03,2021-04-30 05:35:24+03,Неисправен
10289,229469,1894,2021-04-30 04:17:18+03,2021-04-30 05:29:38+03,Неисправен
11917,229503,1920,2021-04-30 04:17:28+03,2021-04-30 05:40:58+03,Неисправен
570,229504,1921,2021-04-30 04:17:28+03,2021-04-30 05:29:52+03,Неисправен
2959,229507,1922,2021-04-30 04:20:38+03,2021-04-30 05:22:24+03,Неисправен
5742,229463,1897,2021-04-30 04:30:52+03,2021-04-30 05:33:32+03,Неисправен
10206,229437,1908,2021-04-30 04:41:54+03,2021-04-30 06:10:54+03,Неисправен
11814,229455,1901,2021-04-30 04:42:00+03,2021-04-30 05:59:52+03,Неисправен
4242,229445,1905,2021-04-30 04:46:12+03,2021-04-30 06:01:22+03,Неисправен
2013,229458,1899,2021-04-30 04:51:30+03,2021-04-30 05:53:02+03,Неисправен
535,229488,1913,2021-04-30 04:52:50+03,2021-04-30 05:54:36+03,Неисправен
3687,229508,1922,2021-04-30 05:04:56+03,2021-04-30 06:36:52+03,Неисправен
8678,229483,1911,2021-04-30 05:06:44+03,2021-04-30 06:18:30+03,Неисправен
1318,229489,1914,2021-04-30 05:09:06+03,2021-04-30 06:20:40+03,Неисправен
3587,229460,1899,2021-04-30 05:11:16+03,2021-04-30 06:36:28+03,Неисправен
11138,229486,1913,2021-04-30 05:11:24+03,2021-04-30 06:29:26+03,Неисправен
11918,229503,1920,2021-04-30 05:42:40+03,2021-04-30 07:07:52+03,Неисправен
5088,229494,1915,2021-04-30 05:50:28+03,2021-04-30 07:32:18+03,Неисправен
11107,229470,1893,2021-04-30 05:58:34+03,2021-04-30 07:30:44+03,Неисправен
5770,229479,1910,2021-04-30 05:58:36+03,2021-04-30 07:13:18+03,Неисправен
1284,229473,1892,2021-04-30 06:12:54+03,2021-04-30 07:49:56+03,Неисправен
11852,229471,1893,2021-04-30 06:21:36+03,2021-04-30 08:23:18+03,Неисправен
6480,229464,1897,2021-04-30 06:30:18+03,2021-04-30 07:35:26+03,Неисправен
7238,229465,1897,2021-04-30 06:33:32+03,2021-04-30 07:56:34+03,Неисправен
6448,229448,1904,2021-04-30 06:45:56+03,2021-04-30 07:49:50+03,Неисправен
2087,229490,1914,2021-04-30 06:48:56+03,2021-04-30 08:45:31+03,Неисправен
11815,229455,1901,2021-04-30 06:59:58+03,2021-04-30 08:37:02+03,Неисправен
460,229456,1900,2021-04-30 07:16:58+03,2021-04-30 08:19:34+03,Неисправен
8017,229498,1918,2021-04-30 07:22:14+03,2021-04-30 08:25:14+03,Неисправен
7272,229481,1910,2021-04-30 07:25:12+03,2021-04-30 08:28:52+03,Неисправен
11776,229439,1908,2021-04-30 07:27:54+03,2021-04-30 09:00:40+03,Неисправен
6511,229480,1910,2021-04-30 07:32:14+03,2021-04-30 09:30:02+03,Неисправен
8785,232219,1924,2021-04-30 07:32:24+03,2021-04-30 08:36:48+03,Неисправен
425,229440,1908,2021-04-30 07:48:44+03,2021-04-30 09:55:12+03,Неисправен
6449,229448,1904,2021-04-30 08:08:16+03,2021-04-30 09:31:32+03,Неисправен
1354,229505,1921,2021-04-30 08:16:38+03,2021-04-30 09:25:18+03,Неисправен
11108,229470,1893,2021-04-30 08:24:06+03,2021-04-30 10:01:08+03,Неисправен
11853,229471,1893,2021-04-30 08:24:06+03,2021-04-30 09:43:46+03,Неисправен
8018,229498,1918,2021-04-30 08:31:06+03,2021-04-30 10:24:44+03,Неисправен
5055,229478,1910,2021-04-30 08:31:54+03,2021-04-30 09:34:08+03,Неисправен
8118,232218,1923,2021-04-30 08:35:02+03,2021-04-30 09:37:26+03,Неисправен
7936,229466,1896,2021-04-30 08:39:32+03,2021-04-30 09:43:50+03,Неисправен
8633,229467,1896,2021-04-30 08:40:24+03,2021-04-30 09:45:42+03,Неисправен
5743,229463,1897,2021-04-30 08:42:42+03,2021-04-30 10:23:58+03,Неисправен
10359,229501,1919,2021-04-30 08:51:38+03,2021-04-30 10:05:28+03,Неисправен
2960,229507,1922,2021-04-30 08:51:40+03,2021-04-30 10:01:32+03,Неисправен
5126,229510,1923,2021-04-30 08:51:40+03,2021-04-30 10:01:06+03,Неисправен
11024,229438,1908,2021-04-30 08:52:14+03,2021-04-30 09:55:26+03,Неисправен
9533,232220,1924,2021-04-30 08:52:38+03,2021-04-30 10:24:44+03,Неисправен
4960,229446,1904,2021-04-30 08:57:54+03,2021-04-30 10:12:42+03,Неисправен
4275,229461,1898,2021-04-30 09:16:10+03,2021-04-30 10:49:24+03,Неисправен
7313,229497,1918,2021-04-30 09:26:32+03,2021-04-30 11:31:42+03,Неисправен
1319,229489,1914,2021-04-30 09:32:38+03,2021-04-30 10:57:34+03,Неисправен
11071,229454,1901,2021-04-30 09:35:08+03,2021-04-30 11:14:28+03,Неисправен
6450,229448,1904,2021-04-30 09:53:06+03,2021-04-30 11:04:26+03,Неисправен
496,229472,1893,2021-04-30 09:56:30+03,2021-04-30 11:02:48+03,Неисправен
1976,229442,1907,2021-04-30 10:02:34+03,2021-04-30 11:12:22+03,Неисправен
10360,229501,1919,2021-04-30 10:06:40+03,2021-04-30 11:29:44+03,Неисправен
3643,229492,1914,2021-04-30 10:09:50+03,2021-04-30 11:25:16+03,Неисправен
1355,229505,1921,2021-04-30 10:15:22+03,2021-04-30 11:26:00+03,Неисправен
3688,229508,1922,2021-04-30 10:30:34+03,2021-04-30 11:40:04+03,Неисправен
10290,229469,1894,2021-04-30 10:32:36+03,2021-04-30 11:34:20+03,Неисправен
11777,229439,1908,2021-04-30 10:52:52+03,2021-04-30 12:18:46+03,Неисправен
1285,229473,1892,2021-04-30 10:58:52+03,2021-04-30 12:14:26+03,Неисправен
461,229456,1900,2021-04-30 11:05:50+03,2021-04-30 13:16:52+03,Неисправен
10246,229453,1902,2021-04-30 11:14:26+03,2021-04-30 12:29:58+03,Неисправен
9325,229468,1894,2021-04-30 11:27:38+03,2021-04-30 12:36:32+03,Неисправен
4326,229477,1910,2021-04-30 11:27:40+03,2021-04-30 12:43:04+03,Неисправен
6512,229480,1910,2021-04-30 11:27:42+03,2021-04-30 12:34:28+03,Неисправен
11139,229486,1913,2021-04-30 11:27:44+03,2021-04-30 12:39:06+03,Неисправен
3644,229492,1914,2021-04-30 11:27:46+03,2021-04-30 12:45:34+03,Неисправен
3608,229476,1909,2021-04-30 11:34:58+03,2021-04-30 13:14:38+03,Неисправен
9534,232220,1924,2021-04-30 11:37:54+03,2021-04-30 12:52:36+03,Неисправен
2923,229491,1914,2021-04-30 11:44:08+03,2021-04-30 12:51:42+03,Неисправен
5744,229463,1897,2021-04-30 11:48:30+03,2021-04-30 13:07:42+03,Неисправен
7239,229465,1897,2021-04-30 11:52:00+03,2021-04-30 13:03:26+03,Неисправен
11025,229438,1908,2021-04-30 11:58:38+03,2021-04-30 13:24:50+03,Неисправен
8634,229467,1896,2021-04-30 12:08:46+03,2021-04-30 13:12:02+03,Неисправен
7314,229497,1918,2021-04-30 12:13:28+03,2021-04-30 13:13:30+03,Неисправен
9279,229452,1902,2021-04-30 12:20:16+03,2021-04-30 13:20:40+03,Неисправен
4356,229493,1915,2021-04-30 12:26:22+03,2021-04-30 13:35:36+03,Неисправен
2119,229506,1921,2021-04-30 12:38:06+03,2021-04-30 14:00:26+03,Неисправен
7273,229481,1910,2021-04-30 12:38:38+03,2021-04-30 13:39:40+03,Неисправен
536,229488,1913,2021-04-30 12:45:32+03,2021-04-30 13:55:24+03,Неисправен
3689,229508,1922,2021-04-30 12:49:26+03,2021-04-30 13:52:00+03,Неисправен
8714,229499,1918,2021-04-30 13:00:02+03,2021-04-30 14:05:24+03,Неисправен
4243,229445,1905,2021-04-30 13:03:20+03,2021-04-30 14:03:40+03,Неисправен
9405,229500,1919,2021-04-30 13:08:46+03,2021-04-30 14:13:20+03,Неисправен
4388,229509,1923,2021-04-30 13:08:48+03,2021-04-30 14:47:02+03,Неисправен
7970,229482,1911,2021-04-30 13:13:26+03,2021-04-30 14:34:54+03,Неисправен
11109,229470,1893,2021-04-30 13:43:10+03,2021-04-30 15:15:44+03,Неисправен
11854,229471,1893,2021-04-30 13:46:46+03,2021-04-30 15:00:06+03,Неисправен
1977,229442,1907,2021-04-30 14:10:58+03,2021-04-30 15:16:40+03,Неисправен
8679,229483,1911,2021-04-30 14:14:40+03,2021-04-30 15:22:32+03,Неисправен
10207,229437,1908,2021-04-30 14:19:12+03,2021-04-30 15:20:40+03,Неисправен
4961,229446,1904,2021-04-30 14:20:30+03,2021-04-30 15:31:18+03,Неисправен
2014,229458,1899,2021-04-30 14:26:08+03,2021-04-30 15:52:56+03,Неисправен
1356,229505,1921,2021-04-30 14:26:24+03,2021-04-30 15:39:56+03,Неисправен
11072,229454,1901,2021-04-30 14:37:00+03,2021-04-30 15:52:42+03,Неисправен
3588,229460,1899,2021-04-30 14:48:12+03,2021-04-30 15:51:52+03,Неисправен
7315,229497,1918,2021-04-30 15:10:52+03,2021-04-30 16:19:06+03,Неисправен
4389,229509,1923,2021-04-30 15:19:52+03,2021-04-30 16:26:58+03,Неисправен
2854,229459,1899,2021-04-30 15:35:02+03,2021-04-30 16:46:34+03,Неисправен
8595,229451,1902,2021-04-30 15:57:18+03,2021-04-30 17:13:26+03,Неисправен
1357,229505,1921,2021-04-30 15:59:06+03,2021-04-30 17:00:10+03,Неисправен
2818,229443,1907,2021-04-30 16:02:42+03,2021-04-30 17:03:32+03,Неисправен
11855,229471,1893,2021-04-30 16:06:16+03,2021-04-30 17:35:58+03,Неисправен
3589,229460,1899,2021-04-30 16:17:50+03,2021-04-30 17:23:28+03,Неисправен
6451,229448,1904,2021-04-30 16:24:18+03,2021-04-30 17:47:42+03,Неисправен
11171,229502,1920,2021-04-30 16:24:34+03,2021-04-30 17:36:46+03,Неисправен
4244,229445,1905,2021-04-30 16:45:46+03,2021-04-30 18:29:00+03,Неисправен
2890,229475,1892,2021-04-30 16:45:56+03,2021-04-30 17:46:46+03,Неисправен
7937,229466,1896,2021-04-30 16:55:46+03,2021-04-30 18:07:48+03,Неисправен
571,229504,1921,2021-04-30 17:02:22+03,2021-04-30 18:07:50+03,Неисправен
426,229440,1908,2021-04-30 17:03:32+03,2021-04-30 18:12:16+03,Неисправен
5771,229479,1910,2021-04-30 17:30:44+03,2021-04-30 18:47:08+03,Неисправен
2088,229490,1914,2021-04-30 17:30:46+03,2021-04-30 18:39:28+03,Неисправен
4276,229461,1898,2021-04-30 17:36:34+03,2021-04-30 18:38:24+03,Неисправен
4357,229493,1915,2021-04-30 17:36:44+03,2021-04-30 18:39:36+03,Неисправен
3609,229476,1909,2021-04-30 18:24:56+03,2021-04-30 19:42:22+03,Неисправен
9535,232220,1924,2021-04-30 18:25:08+03,2021-04-30 19:36:48+03,Неисправен
11778,229439,1908,2021-04-30 19:02:30+03,2021-04-30 20:17:02+03,Неисправен
8019,229498,1918,2021-04-30 19:07:24+03,2021-04-30 20:29:22+03,Неисправен
10247,229453,1902,2021-04-30 19:14:02+03,2021-04-30 20:27:14+03,Неисправен
1358,229505,1921,2021-04-30 19:21:02+03,2021-04-30 20:22:04+03,Неисправен
3549,229444,1905,2021-04-30 19:29:14+03,2021-04-30 20:31:50+03,Неисправен
4962,229446,1904,2021-04-30 19:40:44+03,2021-04-30 21:10:56+03,Неисправен
8635,229467,1896,2021-04-30 19:40:50+03,2021-04-30 20:52:42+03,Неисправен
6513,229480,1910,2021-04-30 20:30:48+03,2021-04-30 22:20:18+03,Неисправен
2924,229491,1914,2021-04-30 20:41:04+03,2021-04-30 22:21:00+03,Неисправен
11919,229503,1920,2021-04-30 20:46:06+03,2021-04-30 22:19:24+03,Неисправен
2855,229459,1899,2021-04-30 21:08:04+03,2021-04-30 22:32:50+03,Неисправен
8786,232219,1924,2021-04-30 21:25:42+03,2021-04-30 23:40:50+03,Неисправен
427,229440,1908,2021-04-30 21:27:36+03,2021-04-30 22:41:22+03,Неисправен
9366,229484,1912,2021-04-30 21:31:06+03,2021-04-30 22:38:24+03,Неисправен
4963,229446,1904,2021-04-30 21:46:40+03,2021-04-30 23:04:14+03,Неисправен
11172,229502,1920,2021-04-30 21:53:36+03,2021-04-30 23:04:52+03,Неисправен
1248,229457,1900,2021-04-30 22:01:02+03,2021-04-30 23:25:12+03,Неисправен
8636,229467,1896,2021-04-30 22:01:04+03,2021-04-30 23:13:00+03,Неисправен
1359,229505,1921,2021-04-30 22:01:16+03,2021-05-01 00:03:20+03,Неисправен
7240,229465,1897,2021-04-30 22:05:40+03,2021-04-30 23:09:36+03,Неисправен
5772,229479,1910,2021-04-30 22:05:44+03,2021-04-30 23:13:04+03,Неисправен
11883,229487,1913,2021-04-30 22:05:48+03,2021-04-30 23:06:24+03,Неисправен
7274,229481,1910,2021-04-30 22:06:52+03,2021-04-30 23:22:20+03,Неисправен
2819,229443,1907,2021-04-30 22:07:20+03,2021-04-30 23:09:44+03,Неисправен
11110,229470,1893,2021-04-30 22:16:38+03,2021-04-30 23:24:40+03,Неисправен
5127,229510,1923,2021-04-30 22:16:52+03,2021-04-30 23:24:50+03,Неисправен
11026,229438,1908,2021-04-30 22:21:20+03,2021-04-30 23:31:22+03,Неисправен
4277,229461,1898,2021-04-30 22:21:28+03,2021-04-30 23:52:20+03,Неисправен
7893,229450,1903,2021-04-30 22:30:06+03,2021-04-30 23:40:34+03,Неисправен
5056,229478,1910,2021-04-30 22:33:36+03,2021-04-30 23:44:30+03,Неисправен
7241,229465,1897,2021-04-30 23:10:50+03,2021-05-01 00:17:16+03,Неисправен
6545,229496,1916,2021-04-30 23:13:10+03,2021-05-01 00:25:52+03,Неисправен
4390,229509,1923,2021-04-30 23:15:38+03,2021-05-01 00:22:40+03,Неисправен
8020,229498,1918,2021-04-30 23:17:28+03,2021-05-01 00:50:04+03,Неисправен
2120,229506,1921,2021-04-30 23:24:02+03,2021-05-01 00:43:08+03,Неисправен
5709,229447,1904,2021-04-30 23:36:50+03,2021-05-01 01:09:44+03,Неисправен
11173,229502,1920,2021-04-30 23:41:30+03,2021-05-01 00:59:24+03,Неисправен
497,229472,1893,2021-04-30 23:54:02+03,2021-05-01 01:28:32+03,Неисправен
11884,229487,1913,2021-04-30 23:54:06+03,2021-05-01 01:09:46+03,Неисправен
3690,229508,1922,2021-04-30 23:58:12+03,2021-05-01 00:58:26+03,Неисправен
2925,229491,1914,2021-05-01 00:12:30+03,2021-05-01 01:29:02+03,Неисправен
7938,229466,1896,2021-05-01 00:19:54+03,2021-05-01 01:39:22+03,Неисправен
8637,229467,1896,2021-05-01 00:40:04+03,2021-05-01 01:44:06+03,Неисправен
9536,232220,1924,2021-05-01 00:41:26+03,2021-05-01 02:04:22+03,Неисправен
8715,229499,1918,2021-05-01 01:01:52+03,2021-05-01 02:03:50+03,Неисправен
3610,229476,1909,2021-05-01 01:02:24+03,2021-05-01 02:14:22+03,Неисправен
3645,229492,1914,2021-05-01 01:06:32+03,2021-05-01 02:16:54+03,Неисправен
2051,229474,1892,2021-05-01 01:10:18+03,2021-05-01 02:16:58+03,Неисправен
1249,229457,1900,2021-05-01 01:11:00+03,2021-05-01 02:16:56+03,Неисправен
2961,229507,1922,2021-05-01 01:45:56+03,2021-05-01 03:50:54+03,Неисправен
1360,229505,1921,2021-05-01 01:53:54+03,2021-05-01 03:22:34+03,Неисправен
1286,229473,1892,2021-05-01 02:00:26+03,2021-05-01 03:01:40+03,Неисправен
4278,229461,1898,2021-05-01 02:06:04+03,2021-05-01 03:40:50+03,Неисправен
498,229472,1893,2021-05-01 02:09:32+03,2021-05-01 04:51:06+03,Неисправен
8716,229499,1918,2021-05-01 02:11:50+03,2021-05-01 03:50:52+03,Неисправен
5710,229447,1904,2021-05-01 02:14:12+03,2021-05-01 03:56:02+03,Неисправен
5128,229510,1923,2021-05-01 02:20:16+03,2021-05-01 03:22:26+03,Неисправен
2926,229491,1914,2021-05-01 02:24:18+03,2021-05-01 03:38:40+03,Неисправен
2121,229506,1921,2021-05-01 02:29:34+03,2021-05-01 03:54:38+03,Неисправен
7939,229466,1896,2021-05-01 02:31:40+03,2021-05-01 04:17:30+03,Неисправен
8680,229483,1911,2021-05-01 02:44:06+03,2021-05-01 04:10:30+03,Неисправен
2089,229490,1914,2021-05-01 02:50:48+03,2021-05-01 04:00:44+03,Неисправен
5745,229463,1897,2021-05-01 02:51:28+03,2021-05-01 03:59:14+03,Неисправен
11856,229471,1893,2021-05-01 03:00:30+03,2021-05-01 04:07:18+03,Неисправен
11027,229438,1908,2021-05-01 03:01:30+03,2021-05-01 04:01:56+03,Неисправен
6514,229480,1910,2021-05-01 03:04:14+03,2021-05-01 04:24:52+03,Неисправен
9367,229484,1912,2021-05-01 03:04:16+03,2021-05-01 04:28:52+03,Неисправен
7971,229482,1911,2021-05-01 03:14:40+03,2021-05-01 04:15:20+03,Неисправен
6481,229464,1897,2021-05-01 03:25:04+03,2021-05-01 04:26:12+03,Неисправен
8638,229467,1896,2021-05-01 03:25:06+03,2021-05-01 04:30:28+03,Неисправен
5057,229478,1910,2021-05-01 03:26:10+03,2021-05-01 05:06:56+03,Неисправен
5773,229479,1910,2021-05-01 03:28:36+03,2021-05-01 04:35:22+03,Неисправен
4245,229445,1905,2021-05-01 03:31:18+03,2021-05-01 04:32:24+03,Неисправен
2052,229474,1892,2021-05-01 03:39:14+03,2021-05-01 05:36:52+03,Неисправен
10208,229437,1908,2021-05-01 04:06:02+03,2021-05-01 05:21:48+03,Неисправен
5089,229494,1915,2021-05-01 04:11:40+03,2021-05-01 05:29:56+03,Неисправен
428,229440,1908,2021-05-01 04:30:00+03,2021-05-01 06:02:48+03,Неисправен
7242,229465,1897,2021-05-01 04:30:06+03,2021-05-01 06:16:08+03,Неисправен
1320,229489,1914,2021-05-01 04:30:14+03,2021-05-01 05:48:42+03,Неисправен
3646,229492,1914,2021-05-01 04:32:38+03,2021-05-01 05:44:24+03,Неисправен
5010,229462,1898,2021-05-01 04:34:16+03,2021-05-01 06:28:16+03,Неисправен
4358,229493,1915,2021-05-01 04:34:26+03,2021-05-01 05:40:50+03,Неисправен
11028,229438,1908,2021-05-01 04:36:20+03,2021-05-01 06:08:16+03,Неисправен
4279,229461,1898,2021-05-01 04:37:26+03,2021-05-01 05:43:20+03,Неисправен
11779,229439,1908,2021-05-01 04:39:16+03,2021-05-01 06:02:28+03,Неисправен
10248,229453,1902,2021-05-01 05:08:14+03,2021-05-01 06:08:34+03,Неисправен
1287,229473,1892,2021-05-01 05:08:20+03,2021-05-01 06:28:12+03,Неисправен
2856,229459,1899,2021-05-01 05:13:24+03,2021-05-01 06:16:12+03,Неисправен
8596,229451,1902,2021-05-01 05:19:10+03,2021-05-01 06:27:10+03,Неисправен
2820,229443,1907,2021-05-01 05:23:34+03,2021-05-01 06:39:44+03,Неисправен
6452,229448,1904,2021-05-01 05:36:06+03,2021-05-01 06:43:16+03,Неисправен
10249,229453,1902,2021-05-01 06:12:24+03,2021-05-01 07:13:48+03,Неисправен
3590,229460,1899,2021-05-01 06:12:26+03,2021-05-01 07:31:10+03,Неисправен
4280,229461,1898,2021-05-01 06:16:58+03,2021-05-01 07:35:14+03,Неисправен
9280,229452,1902,2021-05-01 06:17:34+03,2021-05-01 07:28:16+03,Неисправен
4359,229493,1915,2021-05-01 06:17:46+03,2021-05-01 07:29:54+03,Неисправен
2053,229474,1892,2021-05-01 06:18:56+03,2021-05-01 07:19:24+03,Неисправен
5090,229494,1915,2021-05-01 06:19:02+03,2021-05-01 07:27:36+03,Неисправен
7207,229449,1903,2021-05-01 06:24:00+03,2021-05-01 07:53:12+03,Неисправен
2090,229490,1914,2021-05-01 06:34:36+03,2021-05-01 07:51:38+03,Неисправен
5011,229462,1898,2021-05-01 06:36:48+03,2021-05-01 08:27:08+03,Неисправен
9326,229468,1894,2021-05-01 06:45:02+03,2021-05-01 07:58:42+03,Неисправен
5774,229479,1910,2021-05-01 07:16:42+03,2021-05-01 08:16:50+03,Неисправен
11920,229503,1920,2021-05-01 07:18:04+03,2021-05-01 08:25:18+03,Неисправен
8639,229467,1896,2021-05-01 07:28:20+03,2021-05-01 09:11:18+03,Неисправен
2015,229458,1899,2021-05-01 07:39:36+03,2021-05-01 09:13:42+03,Неисправен
9368,229484,1912,2021-05-01 07:39:44+03,2021-05-01 08:46:48+03,Неисправен
10209,229437,1908,2021-05-01 07:42:24+03,2021-05-01 08:43:30+03,Неисправен
9281,229452,1902,2021-05-01 07:44:36+03,2021-05-01 08:58:00+03,Неисправен
2122,229506,1921,2021-05-01 07:44:52+03,2021-05-01 08:57:54+03,Неисправен
4964,229446,1904,2021-05-01 07:46:44+03,2021-05-01 09:16:44+03,Неисправен
11029,229438,1908,2021-05-01 07:51:02+03,2021-05-01 08:56:36+03,Неисправен
8717,229499,1918,2021-05-01 08:01:58+03,2021-05-01 09:16:16+03,Неисправен
1220,229441,1907,2021-05-01 08:04:24+03,2021-05-01 09:04:28+03,Неисправен
8597,229451,1902,2021-05-01 08:11:54+03,2021-05-01 09:13:42+03,Неисправен
11140,229486,1913,2021-05-01 08:17:22+03,2021-05-01 09:22:00+03,Неисправен
11857,229471,1893,2021-05-01 08:18:50+03,2021-05-01 09:22:54+03,Неисправен
11174,229502,1920,2021-05-01 08:33:32+03,2021-05-01 09:42:18+03,Неисправен
2927,229491,1914,2021-05-01 08:40:58+03,2021-05-01 09:54:04+03,Неисправен
6482,229464,1897,2021-05-01 08:54:28+03,2021-05-01 10:32:06+03,Неисправен
4360,229493,1915,2021-05-01 08:54:36+03,2021-05-01 10:00:36+03,Неисправен
11030,229438,1908,2021-05-01 09:09:12+03,2021-05-01 10:44:00+03,Неисправен
11073,229454,1901,2021-05-01 09:14:56+03,2021-05-01 10:35:14+03,Неисправен
7972,229482,1911,2021-05-01 09:15:04+03,2021-05-01 10:20:16+03,Неисправен
4281,229461,1898,2021-05-01 09:24:00+03,2021-05-01 10:41:04+03,Неисправен
4327,229477,1910,2021-05-01 09:26:46+03,2021-05-01 10:29:32+03,Неисправен
9537,232220,1924,2021-05-01 09:26:56+03,2021-05-01 10:29:58+03,Неисправен
10250,229453,1902,2021-05-01 09:32:46+03,2021-05-01 11:38:16+03,Неисправен
7894,229450,1903,2021-05-01 09:50:44+03,2021-05-01 10:54:34+03,Неисправен
2123,229506,1921,2021-05-01 09:56:28+03,2021-05-01 10:58:38+03,Неисправен
6453,229448,1904,2021-05-01 10:12:36+03,2021-05-01 11:12:44+03,Неисправен
9327,229468,1894,2021-05-01 10:14:04+03,2021-05-01 11:28:50+03,Неисправен
8021,229498,1918,2021-05-01 10:32:16+03,2021-05-01 11:36:44+03,Неисправен
499,229472,1893,2021-05-01 10:54:16+03,2021-05-01 11:56:54+03,Неисправен
2016,229458,1899,2021-05-01 11:21:26+03,2021-05-01 12:32:22+03,Неисправен
2821,229443,1907,2021-05-01 11:39:42+03,2021-05-01 12:59:42+03,Неисправен
10251,229453,1902,2021-05-01 11:43:56+03,2021-05-01 12:44:32+03,Неисправен
537,229488,1913,2021-05-01 11:48:00+03,2021-05-01 13:09:40+03,Неисправен
8718,229499,1918,2021-05-01 12:03:08+03,2021-05-01 13:38:02+03,Неисправен
8598,229451,1902,2021-05-01 12:27:12+03,2021-05-01 13:32:00+03,Неисправен
1288,229473,1892,2021-05-01 12:27:20+03,2021-05-01 14:35:58+03,Неисправен
11175,229502,1920,2021-05-01 12:36:06+03,2021-05-01 13:46:24+03,Неисправен
4965,229446,1904,2021-05-01 12:42:02+03,2021-05-01 14:00:36+03,Неисправен
7208,229449,1903,2021-05-01 12:45:02+03,2021-05-01 13:46:16+03,Неисправен
462,229456,1900,2021-05-01 12:53:08+03,2021-05-01 14:16:12+03,Неисправен
11858,229471,1893,2021-05-01 13:06:00+03,2021-05-01 15:19:10+03,Неисправен
572,229504,1921,2021-05-01 13:06:10+03,2021-05-01 14:19:38+03,Неисправен
4328,229477,1910,2021-05-01 13:14:46+03,2021-05-01 14:22:52+03,Неисправен
5129,229510,1923,2021-05-01 13:34:46+03,2021-05-01 14:41:50+03,Неисправен
5711,229447,1904,2021-05-01 13:39:24+03,2021-05-01 15:00:08+03,Неисправен
11111,229470,1893,2021-05-01 13:48:18+03,2021-05-01 15:30:54+03,Неисправен
10252,229453,1902,2021-05-01 13:57:24+03,2021-05-01 15:14:04+03,Неисправен
4391,229509,1923,2021-05-01 13:57:42+03,2021-05-01 15:21:28+03,Неисправен
9538,232220,1924,2021-05-01 13:57:42+03,2021-05-01 15:08:16+03,Неисправен
7940,229466,1896,2021-05-01 14:01:28+03,2021-05-01 15:05:30+03,Неисправен
11141,229486,1913,2021-05-01 14:01:34+03,2021-05-01 15:03:52+03,Неисправен
5091,229494,1915,2021-05-01 14:06:14+03,2021-05-01 15:23:42+03,Неисправен
8681,229483,1911,2021-05-01 14:10:24+03,2021-05-01 15:16:18+03,Неисправен
3591,229460,1899,2021-05-01 14:24:56+03,2021-05-01 15:42:24+03,Неисправен
3647,229492,1914,2021-05-01 14:25:06+03,2021-05-01 15:44:48+03,Неисправен
6515,229480,1910,2021-05-01 14:59:40+03,2021-05-01 16:28:26+03,Неисправен
8640,229467,1896,2021-05-01 15:03:08+03,2021-05-01 16:09:18+03,Неисправен
5712,229447,1904,2021-05-01 15:09:28+03,2021-05-01 16:28:54+03,Неисправен
11780,229439,1908,2021-05-01 15:17:12+03,2021-05-01 16:34:10+03,Неисправен
5092,229494,1915,2021-05-01 15:31:46+03,2021-05-01 16:41:56+03,Неисправен
9406,229500,1919,2021-05-01 15:31:48+03,2021-05-01 16:41:28+03,Неисправен
4361,229493,1915,2021-05-01 15:43:50+03,2021-05-01 16:44:16+03,Неисправен
9282,229452,1902,2021-05-01 15:47:48+03,2021-05-01 16:49:20+03,Неисправен
538,229488,1913,2021-05-01 15:54:12+03,2021-05-01 17:24:22+03,Неисправен
4392,229509,1923,2021-05-01 15:56:32+03,2021-05-01 17:10:46+03,Неисправен
7209,229449,1903,2021-05-01 16:00:50+03,2021-05-01 17:10:38+03,Неисправен
5130,229510,1923,2021-05-01 16:18:06+03,2021-05-01 17:44:22+03,Неисправен
8641,229467,1896,2021-05-01 16:27:04+03,2021-05-01 17:29:40+03,Неисправен
11816,229455,1901,2021-05-01 16:31:28+03,2021-05-01 17:33:12+03,Неисправен
1978,229442,1907,2021-05-01 16:33:16+03,2021-05-01 17:34:38+03,Неисправен
11074,229454,1901,2021-05-01 16:33:20+03,2021-05-01 17:42:52+03,Неисправен
3611,229476,1909,2021-05-01 16:53:06+03,2021-05-01 18:03:32+03,Неисправен
5058,229478,1910,2021-05-01 16:57:00+03,2021-05-01 18:17:56+03,Неисправен
8119,232218,1923,2021-05-01 16:57:10+03,2021-05-01 18:23:32+03,Неисправен
7941,229466,1896,2021-05-01 17:24:14+03,2021-05-01 18:42:48+03,Неисправен
7210,229449,1903,2021-05-01 17:26:38+03,2021-05-01 18:41:50+03,Неисправен
5713,229447,1904,2021-05-01 18:14:48+03,2021-05-01 19:26:38+03,Неисправен
11031,229438,1908,2021-05-01 18:45:36+03,2021-05-01 19:48:40+03,Неисправен
3550,229444,1905,2021-05-01 19:06:22+03,2021-05-01 20:09:46+03,Неисправен
7973,229482,1911,2021-05-01 19:27:52+03,2021-05-01 20:32:10+03,Неисправен
5775,229479,1910,2021-05-01 19:58:10+03,2021-05-01 21:01:40+03,Неисправен
1250,229457,1900,2021-05-01 20:14:30+03,2021-05-01 21:40:18+03,Неисправен
11817,229455,1901,2021-05-01 21:36:40+03,2021-05-01 22:41:40+03,Неисправен
11112,229470,1893,2021-05-01 21:43:16+03,2021-05-01 22:47:42+03,Неисправен
8642,229467,1896,2021-05-01 21:58:48+03,2021-05-01 23:13:20+03,Неисправен
5059,229478,1910,2021-05-01 22:46:14+03,2021-05-01 23:54:08+03,Неисправен
2124,229506,1921,2021-05-01 22:46:22+03,2021-05-01 23:49:44+03,Неисправен
5012,229462,1898,2021-05-01 22:48:22+03,2021-05-02 00:25:26+03,Неисправен
6516,229480,1910,2021-05-01 22:59:08+03,2021-05-01 23:59:24+03,Неисправен
2857,229459,1899,2021-05-01 23:03:14+03,2021-05-02 00:03:18+03,Неисправен
11032,229438,1908,2021-05-01 23:20:18+03,2021-05-02 00:25:12+03,Неисправен
11921,229503,1920,2021-05-01 23:20:38+03,2021-05-02 00:46:44+03,Неисправен
8022,229498,1918,2021-05-01 23:23:20+03,2021-05-02 00:36:12+03,Неисправен
11075,229454,1901,2021-05-01 23:32:54+03,2021-05-02 00:38:26+03,Неисправен
5131,229510,1923,2021-05-01 23:38:50+03,2021-05-02 00:55:42+03,Неисправен
5746,229463,1897,2021-05-01 23:42:18+03,2021-05-02 00:51:52+03,Неисправен
5060,229478,1910,2021-05-01 23:54:42+03,2021-05-02 01:07:32+03,Неисправен
4966,229446,1904,2021-05-01 23:57:16+03,2021-05-02 00:57:38+03,Неисправен
4393,229509,1923,2021-05-01 23:57:36+03,2021-05-02 01:28:34+03,Неисправен
7895,229450,1903,2021-05-02 00:11:10+03,2021-05-02 01:13:50+03,Неисправен
7974,229482,1911,2021-05-02 00:12:52+03,2021-05-02 02:05:34+03,Неисправен
7243,229465,1897,2021-05-02 00:23:34+03,2021-05-02 02:07:10+03,Неисправен
11781,229439,1908,2021-05-02 00:25:54+03,2021-05-02 01:33:38+03,Неисправен
3592,229460,1899,2021-05-02 00:28:00+03,2021-05-02 02:36:30+03,Неисправен
1321,229489,1914,2021-05-02 00:28:08+03,2021-05-02 01:30:52+03,Неисправен
10210,229437,1908,2021-05-02 00:38:20+03,2021-05-02 02:35:42+03,Неисправен
3648,229492,1914,2021-05-02 00:47:48+03,2021-05-02 01:49:00+03,Неисправен
1289,229473,1892,2021-05-02 01:10:44+03,2021-05-02 02:11:48+03,Неисправен
9407,229500,1919,2021-05-02 01:10:52+03,2021-05-02 02:14:02+03,Неисправен
5013,229462,1898,2021-05-02 01:15:10+03,2021-05-02 02:39:54+03,Неисправен
2962,229507,1922,2021-05-02 01:22:26+03,2021-05-02 02:58:42+03,Неисправен
11142,229486,1913,2021-05-02 01:29:22+03,2021-05-02 02:32:04+03,Неисправен
10361,229501,1919,2021-05-02 01:29:28+03,2021-05-02 02:32:30+03,Неисправен
4967,229446,1904,2021-05-02 01:36:22+03,2021-05-02 02:49:08+03,Неисправен
11076,229454,1901,2021-05-02 01:36:24+03,2021-05-02 02:41:44+03,Неисправен
1979,229442,1907,2021-05-02 01:48:16+03,2021-05-02 03:01:38+03,Неисправен
5093,229494,1915,2021-05-02 02:05:38+03,2021-05-02 03:37:26+03,Неисправен
3691,229508,1922,2021-05-02 02:05:42+03,2021-05-02 03:28:12+03,Неисправен
2858,229459,1899,2021-05-02 02:16:30+03,2021-05-02 04:18:48+03,Неисправен
2125,229506,1921,2021-05-02 02:16:44+03,2021-05-02 03:18:36+03,Неисправен
6546,229496,1916,2021-05-02 02:20:24+03,2021-05-02 04:11:42+03,Неисправен
539,229488,1913,2021-05-02 02:39:24+03,2021-05-02 03:42:42+03,Неисправен
8643,229467,1896,2021-05-02 02:56:28+03,2021-05-02 04:03:22+03,Неисправен
8599,229451,1902,2021-05-02 03:36:46+03,2021-05-02 04:36:50+03,Неисправен
4329,229477,1910,2021-05-02 03:42:10+03,2021-05-02 04:52:36+03,Неисправен
7244,229465,1897,2021-05-02 03:49:00+03,2021-05-02 04:53:24+03,Неисправен
1322,229489,1914,2021-05-02 04:38:46+03,2021-05-02 05:52:36+03,Неисправен
4330,229477,1910,2021-05-02 05:04:58+03,2021-05-02 06:15:26+03,Неисправен
3692,229508,1922,2021-05-02 05:06:28+03,2021-05-02 06:35:58+03,Неисправен
4246,229445,1905,2021-05-02 05:13:18+03,2021-05-02 06:18:06+03,Неисправен
2017,229458,1899,2021-05-02 05:21:46+03,2021-05-02 06:42:22+03,Неисправен
11859,229471,1893,2021-05-02 05:27:14+03,2021-05-02 06:43:12+03,Неисправен
10320,229485,1912,2021-05-02 05:43:26+03,2021-05-02 06:45:06+03,Неисправен
8023,229498,1918,2021-05-02 05:53:16+03,2021-05-02 06:58:02+03,Неисправен
5132,229510,1923,2021-05-02 06:06:14+03,2021-05-02 07:36:24+03,Неисправен
9283,229452,1902,2021-05-02 06:14:56+03,2021-05-02 07:22:34+03,Неисправен
11033,229438,1908,2021-05-02 06:24:50+03,2021-05-02 07:31:34+03,Неисправен
2859,229459,1899,2021-05-02 06:24:56+03,2021-05-02 08:13:26+03,Неисправен
463,229456,1900,2021-05-02 06:36:32+03,2021-05-02 07:43:22+03,Неисправен
540,229488,1913,2021-05-02 06:36:42+03,2021-05-02 07:56:32+03,Неисправен
9369,229484,1912,2021-05-02 06:57:58+03,2021-05-02 08:16:48+03,Неисправен
5747,229463,1897,2021-05-02 07:13:02+03,2021-05-02 08:16:48+03,Неисправен
10291,229469,1894,2021-05-02 07:13:04+03,2021-05-02 08:15:18+03,Неисправен
6547,229496,1916,2021-05-02 07:48:12+03,2021-05-02 09:01:20+03,Неисправен
3551,229444,1905,2021-05-02 08:54:38+03,2021-05-02 10:24:26+03,Неисправен
11077,229454,1901,2021-05-02 09:17:42+03,2021-05-02 10:21:20+03,Неисправен
1290,229473,1892,2021-05-02 09:18:14+03,2021-05-02 10:51:36+03,Неисправен
5133,229510,1923,2021-05-02 10:09:44+03,2021-05-02 11:17:14+03,Неисправен
11113,229470,1893,2021-05-02 11:19:24+03,2021-05-02 12:38:42+03,Неисправен
11922,229503,1920,2021-05-02 11:42:28+03,2021-05-02 12:46:52+03,Неисправен
9539,232220,1924,2021-05-02 11:50:36+03,2021-05-02 12:55:22+03,Неисправен
10253,229453,1902,2021-05-02 12:01:20+03,2021-05-02 13:09:08+03,Неисправен
2054,229474,1892,2021-05-02 12:12:40+03,2021-05-02 13:14:38+03,Неисправен
7896,229450,1903,2021-05-02 12:28:20+03,2021-05-02 13:31:48+03,Неисправен
7275,229481,1910,2021-05-02 12:30:48+03,2021-05-02 13:43:26+03,Неисправен
5061,229478,1910,2021-05-02 12:34:08+03,2021-05-02 13:34:50+03,Неисправен
5809,229495,1916,2021-05-02 13:05:12+03,2021-05-02 14:05:20+03,Неисправен
1980,229442,1907,2021-05-02 13:13:48+03,2021-05-02 14:38:00+03,Неисправен
7975,229482,1911,2021-05-02 14:25:08+03,2021-05-02 15:40:28+03,Неисправен
3593,229460,1899,2021-05-02 15:31:20+03,2021-05-02 16:31:56+03,Неисправен
573,229504,1921,2021-05-02 15:35:10+03,2021-05-02 17:22:58+03,Неисправен
8120,232218,1923,2021-05-02 17:25:38+03,2021-05-02 18:32:44+03,Неисправен
11923,229503,1920,2021-05-02 17:33:28+03,2021-05-02 18:48:14+03,Неисправен
7897,229450,1903,2021-05-02 17:48:48+03,2021-05-02 18:57:08+03,Неисправен
11143,229486,1913,2021-05-02 18:02:12+03,2021-05-02 19:04:32+03,Неисправен
1981,229442,1907,2021-05-02 19:29:54+03,2021-05-02 20:43:50+03,Неисправен
4247,229445,1905,2021-05-02 19:53:34+03,2021-05-02 21:29:16+03,Неисправен
10321,229485,1912,2021-05-02 20:33:02+03,2021-05-02 22:07:40+03,Неисправен
9284,229452,1902,2021-05-02 20:47:52+03,2021-05-02 21:48:12+03,Неисправен
429,229440,1908,2021-05-02 21:07:42+03,2021-05-02 22:10:18+03,Неисправен
1361,229505,1921,2021-05-02 21:15:38+03,2021-05-02 22:40:56+03,Неисправен
8600,229451,1902,2021-05-02 21:24:56+03,2021-05-02 22:30:24+03,Неисправен
5014,229462,1898,2021-05-02 21:24:58+03,2021-05-02 22:26:36+03,Неисправен
7245,229465,1897,2021-05-02 21:30:00+03,2021-05-02 22:36:28+03,Неисправен
2963,229507,1922,2021-05-02 21:50:44+03,2021-05-02 22:51:18+03,Неисправен
4248,229445,1905,2021-05-02 22:18:02+03,2021-05-02 23:29:12+03,Неисправен
7276,229481,1910,2021-05-02 23:00:04+03,2021-05-03 00:06:04+03,Неисправен
3612,229476,1909,2021-05-03 00:09:14+03,2021-05-03 01:33:20+03,Неисправен
2860,229459,1899,2021-05-03 00:52:36+03,2021-05-03 02:20:08+03,Неисправен
7942,229466,1896,2021-05-03 01:08:40+03,2021-05-03 02:16:38+03,Неисправен
4394,229509,1923,2021-05-03 01:11:24+03,2021-05-03 02:34:28+03,Неисправен
9328,229468,1894,2021-05-03 01:23:02+03,2021-05-03 02:28:38+03,Неисправен
11782,229439,1908,2021-05-03 01:49:22+03,2021-05-03 03:03:12+03,Неисправен
5015,229462,1898,2021-05-03 02:25:10+03,2021-05-03 03:29:34+03,Неисправен
10292,229469,1894,2021-05-03 02:27:52+03,2021-05-03 03:40:08+03,Неисправен
9329,229468,1894,2021-05-03 02:29:30+03,2021-05-03 03:40:56+03,Неисправен
2928,229491,1914,2021-05-03 02:32:52+03,2021-05-03 03:41:04+03,Неисправен
3649,229492,1914,2021-05-03 02:57:24+03,2021-05-03 04:20:48+03,Неисправен
6517,229480,1910,2021-05-03 03:21:16+03,2021-05-03 04:21:54+03,Неисправен
4395,229509,1923,2021-05-03 03:33:26+03,2021-05-03 04:46:08+03,Неисправен
9330,229468,1894,2021-05-03 03:43:54+03,2021-05-03 05:12:44+03,Неисправен
8601,229451,1902,2021-05-03 03:50:40+03,2021-05-03 05:15:54+03,Неисправен
9370,229484,1912,2021-05-03 03:54:22+03,2021-05-03 05:05:12+03,Неисправен
6483,229464,1897,2021-05-03 04:15:28+03,2021-05-03 05:18:54+03,Неисправен
3613,229476,1909,2021-05-03 04:28:38+03,2021-05-03 05:30:44+03,Неисправен
8024,229498,1918,2021-05-03 05:58:32+03,2021-05-03 07:01:18+03,Неисправен
3693,229508,1922,2021-05-03 06:47:18+03,2021-05-03 08:05:48+03,Неисправен
2964,229507,1922,2021-05-03 07:16:54+03,2021-05-03 08:35:32+03,Неисправен
5134,229510,1923,2021-05-03 07:16:54+03,2021-05-03 08:45:02+03,Неисправен
11783,229439,1908,2021-05-03 07:23:44+03,2021-05-03 08:25:46+03,Неисправен
8787,232219,1924,2021-05-03 07:58:54+03,2021-05-03 09:04:28+03,Неисправен
7316,229497,1918,2021-05-03 09:27:00+03,2021-05-03 10:32:14+03,Неисправен
8025,229498,1918,2021-05-03 10:26:50+03,2021-05-03 11:32:58+03,Неисправен
574,229504,1921,2021-05-03 11:33:00+03,2021-05-03 12:42:16+03,Неисправен
11818,229455,1901,2021-05-03 11:36:38+03,2021-05-03 12:48:18+03,Неисправен
4249,229445,1905,2021-05-03 13:16:38+03,2021-05-03 14:17:26+03,Неисправен
5748,229463,1897,2021-05-03 13:35:28+03,2021-05-03 14:42:12+03,Неисправен
11078,229454,1901,2021-05-03 14:22:58+03,2021-05-03 15:29:14+03,Неисправен
4968,229446,1904,2021-05-03 16:15:30+03,2021-05-03 17:17:38+03,Неисправен
11860,229471,1893,2021-05-03 16:15:38+03,2021-05-03 17:18:08+03,Неисправен
6484,229464,1897,2021-05-03 17:10:30+03,2021-05-03 18:13:16+03,Неисправен
9540,232220,1924,2021-05-03 17:51:58+03,2021-05-03 19:07:48+03,Неисправен
10293,229469,1894,2021-05-03 18:21:56+03,2021-05-03 19:32:58+03,Неисправен
575,229504,1921,2021-05-03 19:08:50+03,2021-05-03 20:20:46+03,Неисправен
11924,229503,1920,2021-05-03 19:19:20+03,2021-05-03 20:21:20+03,Неисправен
5094,229494,1915,2021-05-03 23:02:10+03,2021-05-04 00:12:42+03,Неисправен
11819,229455,1901,2021-05-04 02:55:10+03,2021-05-04 04:08:28+03,Неисправен
2891,229475,1892,2021-05-04 04:08:34+03,2021-05-04 05:19:48+03,Неисправен
576,229504,1921,2021-05-04 04:25:06+03,2021-05-04 05:44:58+03,Неисправен
8719,229499,1918,2021-05-04 04:39:30+03,2021-05-04 05:39:56+03,Неисправен
464,229456,1900,2021-05-04 04:50:16+03,2021-05-04 05:57:44+03,Неисправен
8682,229483,1911,2021-05-04 04:50:26+03,2021-05-04 05:55:48+03,Неисправен
2018,229458,1899,2021-05-04 05:09:28+03,2021-05-04 06:14:06+03,Неисправен
10322,229485,1912,2021-05-04 05:16:34+03,2021-05-04 06:21:14+03,Неисправен
10211,229437,1908,2021-05-04 05:28:06+03,2021-05-04 06:54:16+03,Неисправен
4969,229446,1904,2021-05-04 05:32:16+03,2021-05-04 06:37:20+03,Неисправен
465,229456,1900,2021-05-04 07:48:52+03,2021-05-04 08:49:00+03,Неисправен
11885,229487,1913,2021-05-04 08:59:06+03,2021-05-04 10:16:14+03,Неисправен
10212,229437,1908,2021-05-04 09:36:48+03,2021-05-04 10:43:42+03,Неисправен
9331,229468,1894,2021-05-04 10:06:00+03,2021-05-04 11:11:52+03,Неисправен
1323,229489,1914,2021-05-04 10:06:08+03,2021-05-04 11:15:46+03,Неисправен
5810,229495,1916,2021-05-04 10:32:02+03,2021-05-04 11:36:38+03,Неисправен
8683,229483,1911,2021-05-04 13:24:22+03,2021-05-04 14:25:50+03,Неисправен
3614,229476,1909,2021-05-04 13:31:48+03,2021-05-04 14:33:44+03,Неисправен
6485,229464,1897,2021-05-04 14:49:24+03,2021-05-04 15:51:44+03,Неисправен
7943,229466,1896,2021-05-04 15:07:42+03,2021-05-04 16:09:32+03,Неисправен
11079,229454,1901,2021-05-04 15:09:10+03,2021-05-04 16:10:26+03,Неисправен
4396,229509,1923,2021-05-04 16:46:40+03,2021-05-04 18:10:46+03,Неисправен
10362,229501,1919,2021-05-04 19:11:02+03,2021-05-04 20:13:02+03,Неисправен
5016,229462,1898,2021-05-04 19:51:30+03,2021-05-04 20:55:02+03,Неисправен
10254,229453,1902,2021-05-04 20:57:46+03,2021-05-04 22:02:08+03,Неисправен
3594,229460,1899,2021-05-04 21:45:18+03,2021-05-04 22:55:48+03,Неисправен
1982,229442,1907,2021-05-05 00:19:20+03,2021-05-05 01:27:34+03,Неисправен
5017,229462,1898,2021-05-05 00:44:50+03,2021-05-05 01:46:36+03,Неисправен
10255,229453,1902,2021-05-05 00:56:06+03,2021-05-05 01:57:14+03,Неисправен
7898,229450,1903,2021-05-05 01:54:22+03,2021-05-05 02:56:46+03,Неисправен
11144,229486,1913,2021-05-05 05:18:58+03,2021-05-05 06:26:16+03,Неисправен
5714,229447,1904,2021-05-05 06:52:50+03,2021-05-05 08:18:40+03,Неисправен
7944,229466,1896,2021-05-05 13:34:12+03,2021-05-05 14:39:42+03,Неисправен
5095,229494,1915,2021-05-05 16:47:22+03,2021-05-05 17:48:46+03,Неисправен
8684,229483,1911,2021-05-06 04:56:38+03,2021-05-06 06:11:38+03,Неисправен
466,229456,1900,2021-05-06 06:39:36+03,2021-05-06 07:42:14+03,Неисправен
5749,229463,1897,2021-05-06 06:49:22+03,2021-05-06 08:02:24+03,Неисправен
4362,229493,1915,2021-05-06 07:42:06+03,2021-05-06 08:57:56+03,Неисправен
7564,94826,619,2021-05-06 10:13:29+03,2021-05-06 13:17:23+03,Неисправен
1251,229457,1900,2021-05-07 05:10:44+03,2021-05-07 06:12:40+03,Неисправен
8644,229467,1896,2021-05-07 09:02:28+03,2021-05-07 10:15:46+03,Неисправен
3694,229508,1922,2021-05-08 02:13:28+03,2021-05-08 03:29:52+03,Неисправен
4282,229461,1898,2021-05-09 05:18:52+03,2021-05-09 06:19:52+03,Неисправен
11176,229502,1920,2021-05-09 11:28:48+03,2021-05-09 12:33:48+03,Неисправен
9285,229452,1902,2021-05-09 21:59:58+03,2021-05-09 23:03:38+03,Неисправен
6862,94841,599,2021-05-11 11:01:16+03,2021-05-11 15:02:27+03,Неисправен
4604,94838,599,2021-05-11 11:09:18+03,2021-05-11 15:02:14+03,Неисправен
2392,94835,608,2021-05-13 10:52:06+03,2021-05-13 15:15:30+03,Неисправен
7374,232105,,2021-05-13 20:50:57+03,2021-05-14 01:47:51+03,Много неисправных устройств
8076,232106,,2021-05-13 20:50:57+03,2021-05-14 01:47:51+03,Много неисправных устройств
3280,196228,,2021-05-13 20:51:09+03,2021-05-13 23:13:20+03,Много неисправных устройств
5482,196231,,2021-05-13 20:51:10+03,2021-05-13 23:13:20+03,Много неисправных устройств
9749,94829,615,2021-05-14 10:13:53+03,2021-05-14 16:52:15+03,Неисправен
11407,94831,615,2021-05-14 10:13:53+03,2021-05-14 16:52:42+03,Неисправен
10005,214221,,2021-05-15 03:47:40+03,2021-05-15 05:33:36+03,Неисправен
223,214224,,2021-05-15 03:47:40+03,2021-05-15 05:33:36+03,Неисправен
1033,214225,,2021-05-15 03:47:40+03,2021-05-15 05:33:36+03,Неисправен
8332,120283,,2021-05-18 10:13:03+03,2021-05-18 11:26:52+03,Батарея неисправна
107,144736,1279,2021-05-18 13:45:29+03,2021-05-19 08:24:49+03,Не определено
3246,144740,1290,2021-05-18 13:45:29+03,2021-05-19 13:15:43+03,Не определено
4670,144742,1298,2021-05-18 13:45:29+03,2021-05-19 00:33:06+03,Не определено
6120,144744,1302,2021-05-18 13:45:29+03,2021-05-19 04:34:06+03,Не определено
115,144752,1310,2021-05-18 13:45:29+03,2021-05-18 19:31:05+03,Не определено
3253,144756,1280,2021-05-18 13:45:29+03,2021-05-19 13:15:44+03,Не определено
6127,144760,1282,2021-05-18 13:45:29+03,2021-05-19 05:48:51+03,Не определено
7622,144762,1283,2021-05-18 13:45:29+03,2021-05-19 08:14:13+03,Не определено
8990,144764,1283,2021-05-18 13:45:29+03,2021-05-19 03:28:46+03,Не определено
10721,144766,1284,2021-05-18 13:45:29+03,2021-05-19 13:15:44+03,Не определено
122,144768,1285,2021-05-18 13:45:29+03,2021-05-18 18:52:46+03,Не определено
4680,144774,1288,2021-05-18 13:45:29+03,2021-05-19 13:15:44+03,Не определено
6133,144776,1289,2021-05-18 13:45:29+03,2021-05-18 19:26:12+03,Не определено
10726,144782,1291,2021-05-18 13:45:29+03,2021-05-19 13:15:27+03,Не определено
129,144784,1292,2021-05-18 13:45:29+03,2021-05-19 13:15:44+03,Не определено
1696,144786,1293,2021-05-18 13:45:29+03,2021-05-19 05:43:31+03,Не определено
10732,144798,1296,2021-05-18 13:45:29+03,2021-05-19 13:15:44+03,Не определено
134,144800,1297,2021-05-18 13:45:29+03,2021-05-19 10:38:25+03,Не определено
1701,144802,1297,2021-05-18 13:45:29+03,2021-05-19 10:30:02+03,Не определено
4686,144806,,2021-05-18 13:45:29+03,2021-05-18 19:11:21+03,Не определено
7628,144810,1304,2021-05-18 13:45:29+03,2021-05-19 13:15:44+03,Не определено
8996,144812,1306,2021-05-18 13:45:29+03,2021-05-19 13:15:44+03,Не определено
905,144817,1290,2021-05-18 13:45:30+03,2021-05-19 13:15:44+03,Не определено
5429,144823,1309,2021-05-18 13:45:30+03,2021-05-19 08:16:52+03,Не определено
7634,144826,1310,2021-05-18 13:45:30+03,2021-05-19 13:15:44+03,Не определено
2482,144835,1284,2021-05-18 13:45:30+03,2021-05-19 13:15:44+03,Не определено
6953,144841,1288,2021-05-18 13:45:30+03,2021-05-19 13:15:44+03,Не определено
9001,144844,,2021-05-18 13:45:30+03,2021-05-19 13:15:28+03,Не определено
139,144848,1293,2021-05-18 13:45:30+03,2021-05-18 17:07:56+03,Не определено
2486,144851,1294,2021-05-18 13:45:30+03,2021-05-18 14:56:20+03,Не определено
4691,144854,1295,2021-05-18 13:45:30+03,2021-05-19 02:02:40+03,Не определено
9877,144861,1299,2021-05-18 13:45:30+03,2021-05-19 08:19:25+03,Не определено
4003,144869,1306,2021-05-18 13:45:30+03,2021-05-19 13:15:45+03,Не определено
6957,144873,1290,2021-05-18 13:45:30+03,2021-05-19 13:15:45+03,Не определено
4696,144902,,2021-05-18 13:45:31+03,2021-05-19 04:12:02+03,Не определено
11408,94831,615,2021-05-21 11:08:37+03,2021-05-21 16:29:57+03,Неисправен
8,9328,,2021-05-23 12:48:17+03,2021-05-23 13:52:19+03,Много неисправных устройств
787,9329,,2021-05-23 12:48:17+03,2021-05-23 13:52:19+03,Много неисправных устройств
1575,9330,,2021-05-23 12:48:17+03,2021-05-23 13:52:19+03,Много неисправных устройств
813,94001,618,2021-05-24 11:26:38+03,2021-05-24 15:19:39+03,Неисправен
4593,94006,619,2021-05-24 12:06:07+03,2021-05-24 15:19:43+03,Неисправен
6188,171672,,2021-05-24 13:21:11+03,2021-05-24 15:21:28+03,Неисправен
6845,94217,587,2021-06-01 10:08:58+03,2021-06-01 11:14:46+03,Неисправен
9761,94861,587,2021-06-01 10:08:58+03,2021-06-01 11:15:13+03,Неисправен
1638,98194,637,2021-06-01 10:08:58+03,2021-06-01 11:13:02+03,Неисправен
2416,98195,637,2021-06-01 10:08:58+03,2021-06-01 11:13:46+03,Неисправен
5388,94855,675,2021-06-01 10:40:45+03,2021-06-01 12:16:23+03,Неисправен
6870,94857,675,2021-06-01 10:40:45+03,2021-06-01 12:17:27+03,Неисправен
7572,94858,675,2021-06-01 10:40:45+03,2021-06-01 12:17:58+03,Неисправен
9779,98189,670,2021-06-01 10:40:45+03,2021-06-01 12:15:50+03,Неисправен
11480,193167,807,2021-06-01 10:42:49+03,2021-06-01 12:08:28+03,Неисправен
982,193169,807,2021-06-01 10:42:49+03,2021-06-01 12:08:45+03,Неисправен
8333,120283,,2021-06-01 12:07:22+03,2021-06-01 14:01:48+03,Неисправен
1625,94818,652,2021-06-02 10:00:33+03,2021-06-19 22:54:08+03,Неисправен
8298,94827,619,2021-06-03 11:55:15+03,2021-06-03 12:58:04+03,Неисправен
2384,94819,640,2021-06-04 10:15:55+03,2021-06-19 22:54:08+03,Неисправен
9046,193228,,2021-06-06 02:05:55+03,2021-06-06 18:18:46+03,Неисправен
1769,212642,1627,2021-06-06 07:07:30+03,2021-06-06 18:18:36+03,Неисправен
1590,93138,,2021-06-06 16:43:11+03,2021-06-06 18:13:04+03,Много неисправных устройств
2601,212883,1673,2021-06-06 18:23:22+03,2021-06-07 16:11:54+03,Неисправен
10820,212958,1679,2021-06-06 18:27:16+03,2021-06-07 16:11:54+03,Неисправен
4747,212758,1679,2021-06-06 18:34:34+03,2021-06-07 16:11:54+03,Неисправен
9042,193100,800,2021-06-06 19:04:43+03,2021-06-07 04:51:27+03,Не определено
4025,193141,822,2021-06-06 19:04:43+03,2021-06-07 08:58:46+03,Не определено
10784,193166,808,2021-06-06 19:04:43+03,2021-06-07 08:58:46+03,Не определено
10799,193182,800,2021-06-06 19:04:44+03,2021-06-07 08:58:46+03,Не определено
7682,193226,786,2021-06-06 19:04:44+03,2021-06-07 08:58:46+03,Не определено
10818,212734,1670,2021-06-06 23:18:37+03,2021-06-07 16:11:54+03,Неисправен
11526,212735,1679,2021-06-06 23:18:38+03,2021-06-07 16:11:54+03,Неисправен
3312,212772,,2021-06-07 01:29:34+03,2021-06-07 16:11:54+03,Неисправен
9047,193228,,2021-06-07 10:07:13+03,2021-06-07 15:19:33+03,Неисправен
7017,212745,1677,2021-06-07 16:29:35+03,2021-06-08 10:00:32+03,Неисправен
4748,212758,1679,2021-06-07 16:31:25+03,2021-06-08 10:51:53+03,Неисправен
211,212736,1669,2021-06-07 16:37:23+03,2021-06-08 09:38:13+03,Неисправен
1020,212737,1667,2021-06-07 16:46:24+03,2021-06-08 10:12:37+03,Неисправен
3313,212772,,2021-06-07 16:47:20+03,,Неисправен
11784,229439,1908,2021-06-08 09:57:16+03,2021-06-24 15:21:01+03,Неисправен
1983,229442,1907,2021-06-08 09:57:16+03,2021-06-24 15:21:01+03,Неисправен
2822,229443,1907,2021-06-08 09:57:16+03,2021-06-24 15:21:01+03,Неисправен
3552,229444,1905,2021-06-08 09:57:16+03,2021-06-24 15:21:01+03,Неисправен
7211,229449,1903,2021-06-08 09:57:18+03,2021-06-24 15:21:01+03,Неисправен
467,229456,1900,2021-06-08 09:57:20+03,2021-06-24 15:21:01+03,Неисправен
4283,229461,1898,2021-06-08 09:57:20+03,2021-06-24 15:21:01+03,Неисправен
7246,229465,1897,2021-06-08 09:57:22+03,2021-06-24 15:21:01+03,Неисправен
7945,229466,1896,2021-06-08 09:57:22+03,2021-06-24 15:21:01+03,Неисправен
8645,229467,1896,2021-06-08 09:57:22+03,2021-06-24 15:21:01+03,Неисправен
9332,229468,1894,2021-06-08 09:57:22+03,2021-06-24 15:21:01+03,Неисправен
1291,229473,1892,2021-06-08 09:57:24+03,2021-06-24 15:21:01+03,Неисправен
2055,229474,1892,2021-06-08 09:57:24+03,2021-06-24 15:21:01+03,Неисправен
4331,229477,1910,2021-06-08 09:57:26+03,2021-06-24 15:21:01+03,Неисправен
7277,229481,1910,2021-06-08 09:57:26+03,2021-06-24 15:21:01+03,Неисправен
7976,229482,1911,2021-06-08 09:57:26+03,2021-06-24 15:21:01+03,Неисправен
11886,229487,1913,2021-06-08 09:57:28+03,2021-06-24 15:21:01+03,Неисправен
541,229488,1913,2021-06-08 09:57:28+03,2021-06-24 15:21:01+03,Неисправен
1324,229489,1914,2021-06-08 09:57:28+03,2021-06-24 15:21:01+03,Неисправен
5811,229495,1916,2021-06-08 09:57:30+03,2021-06-24 15:21:01+03,Неисправен
9408,229500,1919,2021-06-08 09:57:30+03,2021-06-24 15:21:01+03,Неисправен
1362,229505,1921,2021-06-08 09:57:32+03,2021-06-24 15:21:01+03,Неисправен
3695,229508,1922,2021-06-08 09:57:32+03,2021-06-24 15:21:01+03,Неисправен
4397,229509,1923,2021-06-08 09:57:32+03,2021-06-24 15:21:01+03,Неисправен
5135,229510,1923,2021-06-08 09:57:34+03,2021-06-24 15:21:01+03,Неисправен
9286,229452,1902,2021-06-08 09:57:38+03,2021-06-24 15:21:01+03,Неисправен
10642,93982,629,2021-06-15 11:32:25+03,2021-06-15 13:11:49+03,Неисправен
6855,94825,629,2021-06-15 11:50:10+03,2021-06-15 13:12:35+03,Неисправен
19,51008,,2021-06-15 12:05:24+03,2021-06-15 16:48:58+03,Неисправен
21,51648,,2021-06-15 12:05:24+03,2021-06-15 16:48:58+03,Неисправен
8334,120283,,2021-06-15 12:06:03+03,2021-06-15 15:02:20+03,Неисправен
20,51008,,2021-06-15 16:52:55+03,2021-06-16 08:05:37+03,Неисправен
22,51648,,2021-06-15 16:52:55+03,2021-06-16 08:05:38+03,Неисправен
3927,94821,634,2021-06-16 11:52:39+03,2021-06-16 14:27:12+03,Неисправен
5373,94823,634,2021-06-16 11:52:39+03,2021-06-16 14:27:48+03,Неисправен
3928,94821,634,2021-06-17 09:48:39+03,2021-06-17 12:05:58+03,Неисправен
5374,94823,634,2021-06-17 10:20:45+03,2021-06-17 12:05:07+03,Неисправен
2491,144899,,2021-06-21 10:22:27+03,2021-06-21 12:26:43+03,Неисправен
10620,50974,,2021-06-25 11:20:18+03,2021-06-25 12:20:33+03,Неисправен
6837,2889,,2021-06-25 13:43:32+03,2021-06-25 16:42:08+03,Не определено
8281,2891,,2021-06-25 13:43:32+03,2021-06-30 03:29:50+03,Не определено
8285,2907,516,2021-06-25 13:43:33+03,2021-07-01 08:19:55+03,Не определено
11401,2943,515,2021-06-25 13:43:33+03,2021-06-26 07:47:27+03,Не определено
772,2945,511,2021-06-25 13:43:33+03,2021-07-03 08:20:13+03,Не определено
2342,2947,510,2021-06-25 13:43:33+03,2021-06-28 20:05:51+03,Не определено
9716,2957,506,2021-06-25 13:43:33+03,2021-06-26 01:43:10+03,Не определено
777,2961,504,2021-06-25 13:43:33+03,2021-06-26 07:48:23+03,Не определено
3903,2965,501,2021-06-25 13:43:33+03,2021-07-02 05:20:31+03,Не определено
782,2977,496,2021-06-25 13:43:33+03,2021-07-01 21:13:50+03,Не определено
5335,2983,,2021-06-25 13:43:33+03,2021-06-26 00:50:24+03,Не определено
6838,2985,492,2021-06-25 13:43:33+03,2021-06-26 08:00:15+03,Не определено
9717,2989,491,2021-06-25 13:43:33+03,2021-06-30 05:40:09+03,Не определено
4563,9334,528,2021-06-25 13:43:33+03,2021-07-16 22:13:01+03,Не определено
8927,9340,519,2021-06-25 13:43:33+03,2021-06-29 00:59:41+03,Не определено
5339,9351,511,2021-06-25 13:43:33+03,2021-07-05 07:53:21+03,Не определено
9723,9357,504,2021-06-25 13:43:33+03,2021-06-26 07:53:39+03,Не определено
11403,9359,501,2021-06-25 13:43:33+03,2021-07-02 16:47:13+03,Не определено
796,9361,500,2021-06-25 13:43:33+03,2021-07-15 16:14:38+03,Не определено
2347,9363,493,2021-06-25 13:43:33+03,2021-06-29 08:25:26+03,Не определено
3908,9365,491,2021-06-25 13:43:33+03,2021-06-30 20:14:15+03,Не определено
4564,9366,489,2021-06-25 13:43:33+03,2021-07-06 19:38:49+03,Не определено
10612,9374,,2021-06-25 13:43:33+03,2021-06-29 13:31:32+03,Не определено
797,9377,,2021-06-25 13:43:34+03,2021-07-13 13:21:34+03,Не определено
8312,113979,,2021-06-28 12:50:21+03,2021-06-28 14:15:58+03,Много неисправных устройств
9019,178332,,2021-06-28 12:50:22+03,2021-06-28 14:15:59+03,Много неисправных устройств
11257,262654,1126,2021-06-28 15:49:31+03,2021-06-29 11:17:42+03,Неисправен
9543,262700,1147,2021-06-28 15:50:11+03,2021-06-29 10:51:00+03,Неисправен
11258,262654,1126,2021-06-29 11:22:14+03,2021-06-30 12:43:12+03,Неисправен
6178,171496,,2021-06-29 11:23:15+03,2021-06-29 13:19:46+03,Неисправен
6070,93624,710,2021-06-29 11:36:15+03,2021-06-29 14:00:52+03,Неисправен
8936,93628,710,2021-06-29 12:16:32+03,2021-06-29 14:01:18+03,Неисправен
167,171424,,2021-06-30 10:33:39+03,2021-06-30 12:11:02+03,Неисправен
4739,196726,1449,2021-07-02 09:03:15+03,2021-07-02 10:35:17+03,Неисправен
5495,196727,1447,2021-07-02 09:03:15+03,2021-07-02 10:36:56+03,Неисправен
6995,196729,1438,2021-07-02 09:03:15+03,2021-07-02 10:36:56+03,Неисправен
7691,196730,1437,2021-07-02 09:03:15+03,2021-07-02 10:36:56+03,Неисправен
8375,196731,1434,2021-07-02 09:03:15+03,2021-07-02 10:36:56+03,Неисправен
9976,196733,1432,2021-07-02 09:03:15+03,2021-07-02 10:36:56+03,Неисправен
10815,196734,1430,2021-07-02 09:03:59+03,2021-07-02 10:34:25+03,Неисправен
11513,196735,1427,2021-07-02 09:03:59+03,2021-07-02 10:34:25+03,Неисправен
1014,196737,1489,2021-07-02 09:03:59+03,2021-07-02 10:34:25+03,Неисправен
1760,196738,1487,2021-07-02 09:03:59+03,2021-07-02 10:34:25+03,Неисправен
2586,196739,1484,2021-07-02 09:03:59+03,2021-07-02 10:34:25+03,Неисправен
4028,196741,1475,2021-07-02 09:03:59+03,2021-07-02 10:34:25+03,Неисправен
4741,196742,1474,2021-07-02 09:03:59+03,2021-07-02 10:34:25+03,Неисправен
5497,196743,1470,2021-07-02 09:03:59+03,2021-07-02 10:34:25+03,Неисправен
6997,196745,1464,2021-07-02 09:04:02+03,2021-07-02 10:34:32+03,Неисправен
7694,196746,1463,2021-07-02 09:04:02+03,2021-07-02 10:34:32+03,Неисправен
10816,196750,1424,2021-07-02 09:04:02+03,2021-07-02 10:34:32+03,Неисправен
11514,196751,1476,2021-07-02 09:04:02+03,2021-07-02 10:34:32+03,Неисправен
9060,196764,1449,2021-07-02 09:04:07+03,2021-07-02 10:34:39+03,Неисправен
9977,196765,1446,2021-07-02 09:04:07+03,2021-07-02 10:34:39+03,Неисправен
11516,196767,1444,2021-07-02 09:04:07+03,2021-07-02 10:34:39+03,Неисправен
195,196768,1442,2021-07-02 09:04:07+03,2021-07-02 10:34:39+03,Неисправен
2590,196771,1436,2021-07-02 09:04:07+03,2021-07-02 10:34:39+03,Неисправен
3297,196772,1481,2021-07-02 09:04:07+03,2021-07-02 10:34:39+03,Неисправен
4742,196774,1445,2021-07-02 09:04:07+03,2021-07-02 10:34:39+03,Неисправен
5500,196775,1435,2021-07-02 09:04:11+03,2021-07-02 10:34:46+03,Неисправен
7001,196777,1429,2021-07-02 09:04:11+03,2021-07-02 10:34:46+03,Неисправен
7698,196778,1426,2021-07-02 09:04:11+03,2021-07-02 10:34:46+03,Неисправен
8379,196779,1488,2021-07-02 09:04:11+03,2021-07-02 10:34:46+03,Неисправен
9062,196780,1486,2021-07-02 09:04:11+03,2021-07-02 10:34:46+03,Неисправен
11518,196783,1479,2021-07-02 09:04:11+03,2021-07-02 10:34:46+03,Неисправен
197,196784,1477,2021-07-02 09:04:11+03,2021-07-02 10:34:46+03,Неисправен
2588,196755,1481,2021-07-02 09:14:11+03,2021-07-02 10:34:35+03,Неисправен
3295,196756,1461,2021-07-02 09:14:11+03,2021-07-02 10:34:35+03,Неисправен
5498,196759,1459,2021-07-02 09:14:11+03,2021-07-02 10:34:35+03,Неисправен
6215,196760,1457,2021-07-02 09:14:11+03,2021-07-02 10:34:35+03,Неисправен
6998,196761,1455,2021-07-02 09:14:11+03,2021-07-02 10:34:35+03,Неисправен
7696,196762,1453,2021-07-02 09:14:11+03,2021-07-02 10:34:35+03,Неисправен
8377,196763,1451,2021-07-02 09:14:11+03,2021-07-02 10:15:27+03,Неисправен
1761,196786,1471,2021-07-02 09:14:15+03,2021-07-02 10:34:51+03,Неисправен
4029,196789,1467,2021-07-02 09:14:15+03,2021-07-02 10:34:51+03,Неисправен
4744,196790,1465,2021-07-02 09:14:15+03,2021-07-02 10:28:49+03,Неисправен
6218,196792,1454,2021-07-02 09:14:15+03,2021-07-02 10:24:27+03,Неисправен
7003,196793,1445,2021-07-02 09:14:15+03,2021-07-02 10:15:19+03,Неисправен
9064,196796,1423,2021-07-02 09:14:15+03,2021-07-02 10:19:03+03,Неисправен
6891,103993,899,2021-07-06 09:14:33+03,2021-07-06 11:38:03+03,Неисправен
206,197200,,2021-07-06 10:53:07+03,2021-07-06 12:28:19+03,Неисправен
1015,197201,,2021-07-06 10:53:07+03,2021-07-06 12:28:19+03,Неисправен
2507,157315,,2021-07-07 14:56:08+03,2021-07-07 16:44:59+03,Неисправен
4646,120230,409,2021-07-08 10:17:30+03,2021-07-08 13:47:02+03,Неисправен
78,120512,461,2021-07-08 10:44:25+03,2021-07-08 12:02:44+03,Неисправен
9833,120573,421,2021-07-08 10:44:25+03,2021-07-08 12:03:51+03,Неисправен
2438,120595,409,2021-07-08 10:44:25+03,2021-07-08 13:53:21+03,Неисправен
953,154849,422,2021-07-08 10:46:06+03,2021-07-08 13:46:06+03,Неисправен
1709,154850,401,2021-07-08 10:46:06+03,2021-07-08 13:45:44+03,Неисправен
3959,120245,453,2021-07-08 10:47:26+03,2021-07-08 13:46:13+03,Неисправен
9800,120237,409,2021-07-08 10:51:30+03,2021-07-08 13:46:40+03,Неисправен
147,154848,409,2021-07-08 10:51:30+03,2021-07-08 13:46:30+03,Неисправен
1656,120226,409,2021-07-08 12:07:13+03,2021-07-08 13:39:22+03,Неисправен
9820,120269,,2021-07-08 12:07:13+03,2021-07-08 14:03:44+03,Неисправен
3236,120276,,2021-07-08 12:07:13+03,2021-07-08 14:04:37+03,Неисправен
11454,154847,409,2021-07-08 12:07:13+03,2021-07-08 13:47:19+03,Неисправен
11450,120223,,2021-07-08 12:18:15+03,2021-07-08 13:44:02+03,Неисправен
77,120208,,2021-07-08 12:24:16+03,2021-07-08 13:43:36+03,Неисправен
9007,147628,,2021-07-08 12:31:41+03,2021-07-08 13:38:50+03,Неисправен
3235,120212,,2021-07-08 12:40:19+03,2021-07-08 13:43:46+03,Неисправен
3232,120196,,2021-07-08 12:42:55+03,2021-07-08 13:43:28+03,Неисправен
6064,77544,,2021-07-10 07:50:09+03,2021-07-10 18:45:52+03,Неисправен
5412,103991,899,2021-07-12 10:04:09+03,2021-07-12 14:27:30+03,Неисправен
8335,120283,,2021-07-13 12:03:24+03,2021-07-13 13:32:53+03,Неисправен
10750,171726,,2021-07-14 08:33:27+03,2021-07-15 03:21:27+03,Неисправен
5530,212391,1563,2021-07-14 09:27:46+03,2021-07-14 11:24:22+03,Неисправен
3329,214132,573,2021-07-15 14:06:07+03,2021-07-15 15:07:04+03,Неисправен
5476,193223,791,2021-07-16 00:34:57+03,2021-07-21 07:23:56+03,Не определено
7683,193226,786,2021-07-16 00:34:57+03,2021-07-21 07:23:56+03,Не определено
207,197200,,2021-07-16 12:03:43+03,2021-07-16 13:45:50+03,Неисправен
1016,197201,,2021-07-16 12:03:43+03,2021-07-16 13:45:50+03,Неисправен
5614,228791,1775,2021-07-19 10:36:40+03,2021-07-19 12:28:48+03,Неисправен
4845,228790,1774,2021-07-19 10:38:34+03,2021-07-19 12:29:10+03,Неисправен
1111,228785,1774,2021-07-19 10:38:56+03,2021-07-19 12:28:34+03,Неисправен
313,228784,1774,2021-07-19 10:39:06+03,2021-07-19 12:28:02+03,Неисправен
4909,228998,2028,2021-07-20 11:37:02+03,2021-07-20 12:55:20+03,Неисправен
5413,103991,899,2021-07-21 10:38:51+03,2021-07-21 14:50:56+03,Неисправен
4622,103974,890,2021-07-21 10:38:59+03,2021-07-21 14:50:52+03,Неисправен
5411,103975,891,2021-07-21 10:39:01+03,2021-07-21 14:50:52+03,Неисправен
8308,103979,894,2021-07-21 10:49:50+03,2021-07-21 14:50:49+03,Неисправен
8967,103980,894,2021-07-21 10:49:50+03,2021-07-21 14:50:39+03,Неисправен
6892,103993,899,2021-07-21 10:49:51+03,2021-07-21 14:50:54+03,Неисправен
1646,103954,878,2021-07-21 10:50:16+03,2021-07-21 14:50:49+03,Неисправен
2427,103955,878,2021-07-21 10:50:16+03,2021-07-21 14:50:49+03,Неисправен
5410,103959,879,2021-07-21 10:50:16+03,2021-07-21 14:50:52+03,Неисправен
6090,103960,879,2021-07-21 10:50:16+03,2021-07-21 14:50:52+03,Неисправен
9788,103965,882,2021-07-21 10:50:16+03,2021-07-21 14:50:52+03,Неисправен
1647,103970,885,2021-07-21 10:50:17+03,2021-07-21 14:50:52+03,Неисправен
209,212144,1551,2021-07-22 18:08:42+03,2021-07-22 20:25:37+03,Неисправен
7816,228842,1767,2021-07-26 09:52:36+03,2021-07-26 11:31:57+03,Неисправен
8509,228843,1766,2021-07-26 09:52:36+03,2021-07-26 11:29:04+03,Неисправен
9195,228844,1766,2021-07-26 09:52:38+03,2021-07-26 11:29:04+03,Неисправен
10124,228845,1765,2021-07-26 09:52:38+03,2021-07-26 11:29:04+03,Неисправен
10937,228846,1764,2021-07-26 09:52:38+03,2021-07-26 11:29:04+03,Неисправен
11689,228847,1764,2021-07-26 09:52:38+03,2021-07-26 11:29:04+03,Неисправен
337,228848,1763,2021-07-26 09:52:38+03,2021-07-26 11:29:04+03,Неисправен
1135,228849,1761,2021-07-26 09:52:38+03,2021-07-26 11:29:04+03,Неисправен
1882,228850,1760,2021-07-26 09:52:40+03,2021-07-26 11:29:04+03,Неисправен
2730,228851,1760,2021-07-26 09:52:40+03,2021-07-26 11:29:04+03,Неисправен
3458,228852,1759,2021-07-26 09:52:40+03,2021-07-26 11:29:04+03,Неисправен
4151,228853,1758,2021-07-26 09:52:40+03,2021-07-26 11:29:04+03,Неисправен
4869,228854,1758,2021-07-26 09:52:40+03,2021-07-26 11:29:04+03,Неисправен
5639,228855,1757,2021-07-26 09:52:40+03,2021-07-26 11:29:04+03,Неисправен
6362,228856,1757,2021-07-26 09:52:40+03,2021-07-26 11:29:04+03,Неисправен
7133,228857,1756,2021-07-26 09:52:42+03,2021-07-26 11:29:04+03,Неисправен
7825,228858,1755,2021-07-26 09:52:42+03,2021-07-26 11:29:04+03,Неисправен
8517,228859,1755,2021-07-26 09:52:42+03,2021-07-26 11:29:04+03,Неисправен
9203,228860,1754,2021-07-26 09:52:42+03,2021-07-26 11:29:04+03,Неисправен
10131,228861,1753,2021-07-26 09:52:42+03,2021-07-26 11:29:04+03,Неисправен
10945,228862,1753,2021-07-26 09:52:42+03,2021-07-26 11:29:04+03,Неисправен
11696,228863,1752,2021-07-26 09:52:44+03,2021-07-26 11:29:04+03,Неисправен
345,228864,1750,2021-07-26 09:52:44+03,2021-07-26 11:29:04+03,Неисправен
1143,228865,1749,2021-07-26 09:52:44+03,2021-07-26 11:29:04+03,Неисправен
1890,228866,1749,2021-07-26 09:52:44+03,2021-07-26 11:29:04+03,Неисправен
2734,228867,1748,2021-07-26 09:52:44+03,2021-07-26 11:29:04+03,Неисправен
3463,228868,1747,2021-07-26 09:52:44+03,2021-07-26 11:29:06+03,Неисправен
4156,228869,1747,2021-07-26 09:52:44+03,2021-07-26 11:29:06+03,Неисправен
4874,228870,1746,2021-07-26 09:52:46+03,2021-07-26 11:29:06+03,Неисправен
5644,228871,1745,2021-07-26 09:52:46+03,2021-07-26 11:29:06+03,Неисправен
6367,228872,1745,2021-07-26 09:52:46+03,2021-07-26 11:29:06+03,Неисправен
7137,228873,1745,2021-07-26 09:52:46+03,2021-07-26 11:29:06+03,Неисправен
7830,228874,1727,2021-07-26 09:52:46+03,2021-07-26 11:29:06+03,Неисправен
8523,228875,1727,2021-07-26 09:52:46+03,2021-07-26 11:29:06+03,Неисправен
9208,228876,1728,2021-07-26 09:52:48+03,2021-07-26 11:29:06+03,Неисправен
10135,228877,1839,2021-07-26 09:52:48+03,2021-07-26 11:29:06+03,Неисправен
10950,228878,1839,2021-07-26 09:52:48+03,2021-07-26 11:29:06+03,Неисправен
11700,228879,1950,2021-07-26 09:52:48+03,2021-07-26 11:29:06+03,Неисправен
350,228880,1950,2021-07-26 09:52:48+03,2021-07-26 11:29:06+03,Неисправен
1148,228881,1745,2021-07-26 09:52:48+03,2021-07-26 11:29:06+03,Неисправен
1894,228882,1744,2021-07-26 09:52:48+03,2021-07-26 11:29:06+03,Неисправен
2739,228883,1744,2021-07-26 09:52:50+03,2021-07-26 11:29:06+03,Неисправен
3468,228884,1744,2021-07-26 09:52:50+03,2021-07-26 11:29:06+03,Неисправен
4161,228885,1745,2021-07-26 09:52:50+03,2021-07-26 11:29:06+03,Неисправен
4880,228886,1745,2021-07-26 09:52:50+03,2021-07-26 11:29:06+03,Неисправен
5649,228887,1746,2021-07-26 09:52:50+03,2021-07-26 11:29:06+03,Неисправен
6373,228888,1746,2021-07-26 09:52:50+03,2021-07-26 11:29:06+03,Неисправен
7817,228842,1767,2021-07-26 11:32:14+03,2021-07-26 15:31:25+03,Неисправен
1149,228881,1745,2021-07-26 11:50:00+03,2021-07-26 14:56:36+03,Неисправен
3469,228884,1744,2021-07-26 11:50:00+03,2021-07-26 14:56:32+03,Неисправен
4162,228885,1745,2021-07-26 11:50:02+03,2021-07-26 14:56:32+03,Неисправен
4875,228870,1746,2021-07-26 12:29:42+03,2021-07-26 14:22:12+03,Неисправен
7831,228874,1727,2021-07-26 12:29:44+03,2021-07-26 14:56:36+03,Неисправен
1895,228882,1744,2021-07-26 12:29:46+03,2021-07-26 14:56:32+03,Неисправен
2740,228883,1744,2021-07-26 12:29:46+03,2021-07-26 14:56:32+03,Неисправен
4881,228886,1745,2021-07-26 12:29:48+03,2021-07-26 14:56:32+03,Неисправен
5650,228887,1746,2021-07-26 12:29:48+03,2021-07-26 14:56:32+03,Неисправен
6374,228888,1746,2021-07-26 12:29:48+03,2021-07-26 14:56:32+03,Неисправен
8518,228859,1755,2021-07-26 12:37:02+03,2021-07-26 15:06:38+03,Неисправен
7138,228873,1745,2021-07-26 12:37:06+03,2021-07-26 13:43:34+03,Неисправен
8524,228875,1727,2021-07-26 13:44:48+03,2021-07-26 14:56:36+03,Неисправен
9209,228876,1728,2021-07-26 13:44:48+03,2021-07-26 14:58:24+03,Неисправен
5640,228855,1757,2021-07-26 13:56:14+03,2021-07-26 15:08:06+03,Неисправен
7832,228874,1727,2021-07-27 09:59:24+03,2021-07-27 12:25:32+03,Неисправен
8525,228875,1727,2021-07-27 09:59:24+03,2021-07-27 12:25:32+03,Неисправен
9210,228876,1728,2021-07-27 09:59:24+03,2021-07-27 12:54:32+03,Неисправен
1150,228881,1745,2021-07-27 09:59:26+03,2021-07-27 12:26:08+03,Неисправен
1896,228882,1744,2021-07-27 09:59:26+03,2021-07-27 12:20:18+03,Неисправен
2741,228883,1744,2021-07-27 09:59:26+03,2021-07-27 12:20:18+03,Неисправен
3470,228884,1744,2021-07-27 09:59:26+03,2021-07-27 12:21:38+03,Неисправен
4163,228885,1745,2021-07-27 09:59:28+03,2021-07-27 12:02:36+03,Неисправен
4882,228886,1745,2021-07-27 09:59:28+03,2021-07-27 12:02:36+03,Неисправен
5651,228887,1746,2021-07-27 09:59:28+03,2021-07-27 12:02:36+03,Неисправен
6375,228888,1746,2021-07-27 09:59:28+03,2021-07-27 15:34:44+03,Неисправен
5645,228871,1745,2021-07-27 10:57:24+03,2021-07-27 12:36:58+03,Неисправен
10136,228877,1839,2021-07-27 10:57:26+03,2021-07-27 12:55:38+03,Неисправен
10951,228878,1839,2021-07-27 10:57:26+03,2021-07-27 12:57:08+03,Неисправен
6368,228872,1745,2021-07-27 13:06:30+03,2021-07-27 14:53:10+03,Неисправен
7139,228873,1745,2021-07-27 13:06:30+03,2021-07-27 15:31:30+03,Неисправен
10137,228877,1839,2021-07-27 13:06:30+03,2021-07-27 15:31:30+03,Неисправен
10952,228878,1839,2021-07-27 13:06:30+03,2021-07-27 15:31:30+03,Неисправен
9211,228876,1728,2021-07-27 13:52:24+03,2021-07-27 15:31:30+03,Неисправен
11701,228879,1950,2021-07-27 13:52:24+03,2021-07-27 15:31:30+03,Неисправен
1151,228881,1745,2021-07-27 13:52:24+03,2021-07-27 15:34:44+03,Неисправен
7833,228874,1727,2021-07-27 13:56:08+03,2021-07-27 15:31:30+03,Неисправен
8526,228875,1727,2021-07-27 13:56:08+03,2021-07-27 15:31:30+03,Неисправен
1897,228882,1744,2021-07-27 14:07:44+03,2021-07-27 15:34:44+03,Неисправен
2742,228883,1744,2021-07-27 14:32:06+03,2021-07-27 15:34:44+03,Неисправен
3471,228884,1744,2021-07-27 14:32:06+03,2021-07-27 15:34:44+03,Неисправен
4164,228885,1745,2021-07-27 14:32:06+03,2021-07-27 15:34:44+03,Неисправен
4883,228886,1745,2021-07-27 14:32:08+03,2021-07-27 15:34:44+03,Неисправен
5652,228887,1746,2021-07-27 14:32:08+03,2021-07-27 15:34:44+03,Неисправен
6893,103993,899,2021-07-29 10:18:35+03,2021-07-29 12:07:13+03,Неисправен
5414,103991,899,2021-07-29 12:28:35+03,2021-07-29 17:38:31+03,Неисправен
6982,193113,832,2021-08-02 11:26:56+03,2021-08-02 12:50:01+03,Неисправен
8357,193115,832,2021-08-02 11:26:56+03,2021-08-02 12:50:26+03,Неисправен
3303,196820,,2021-08-02 18:25:14+03,2021-08-02 20:50:09+03,Много неисправных устройств
5505,196823,,2021-08-02 18:25:14+03,2021-08-02 20:50:09+03,Много неисправных устройств
6224,196824,,2021-08-02 18:25:14+03,2021-08-02 20:50:09+03,Много неисправных устройств
6113,143512,1263,2021-08-03 01:30:07+03,2021-08-21 16:37:52+03,Не определено
6920,143529,,2021-08-03 01:30:07+03,2021-08-21 16:37:52+03,Не определено
899,143537,1243,2021-08-03 01:30:08+03,2021-08-21 16:37:52+03,Не определено
2463,143587,1233,2021-08-03 01:30:08+03,2021-08-21 16:37:53+03,Не определено
6935,143593,1231,2021-08-03 01:30:08+03,2021-08-21 16:37:53+03,Не определено
7616,143610,1278,2021-08-03 01:30:08+03,2021-08-21 16:37:53+03,Не определено
9857,143613,1276,2021-08-03 01:30:08+03,2021-08-04 00:12:36+03,Не определено
6948,143625,1266,2021-08-03 01:30:08+03,2021-08-21 16:37:53+03,Не определено
2477,143635,1261,2021-08-03 01:30:08+03,2021-08-21 16:37:53+03,Не определено
3998,143653,1240,2021-08-03 01:30:08+03,2021-08-21 16:37:53+03,Не определено
100,143696,1258,2021-08-03 01:30:09+03,2021-08-21 16:37:53+03,Не определено
2385,94819,640,2021-08-04 14:02:36+03,2021-08-08 15:12:01+03,Неисправен
11422,98175,843,2021-08-05 10:24:29+03,2021-08-05 12:07:41+03,Неисправен
2401,94851,779,2021-08-05 10:59:25+03,2021-08-05 12:09:26+03,Неисправен
1652,115602,1206,2021-08-05 12:28:53+03,2021-08-05 15:13:36+03,Неисправен
4626,115606,930,2021-08-05 12:28:53+03,2021-08-05 15:13:36+03,Неисправен
7585,115610,947,2021-08-05 12:28:54+03,2021-08-05 15:13:36+03,Неисправен
11445,115615,962,2021-08-05 12:28:54+03,2021-08-05 14:41:39+03,Неисправен
71,115616,962,2021-08-05 12:28:54+03,2021-08-05 14:41:39+03,Неисправен
3942,115621,972,2021-08-05 12:28:55+03,2021-08-05 15:13:36+03,Неисправен
7586,115626,983,2021-08-05 12:28:55+03,2021-08-05 15:13:26+03,Неисправен
8979,115660,988,2021-08-05 12:55:04+03,2021-08-05 13:58:14+03,Неисправен
839,115665,1136,2021-08-05 12:55:04+03,2021-08-05 15:13:26+03,Неисправен
8980,115660,988,2021-08-05 14:01:38+03,2021-08-05 15:13:26+03,Неисправен
9790,115549,1020,2021-08-05 14:38:04+03,2021-08-05 16:31:52+03,Неисправен
8336,120283,,2021-08-10 12:00:42+03,2021-08-10 15:21:03+03,Неисправен
8947,93756,653,2021-08-10 15:31:34+03,2021-08-12 00:41:14+03,Не определено
4592,93782,624,2021-08-10 15:31:34+03,2021-10-04 10:49:50+03,Не определено
1618,93794,619,2021-08-10 15:31:35+03,2021-09-19 05:54:01+03,Не определено
1620,93826,599,2021-08-10 15:31:35+03,2021-09-05 07:43:50+03,Не определено
10639,93838,849,2021-08-10 15:31:35+03,2021-08-11 08:21:21+03,Не определено
48,93856,841,2021-08-10 15:31:35+03,2021-09-05 09:58:42+03,Не определено
7553,93898,588,2021-08-10 15:31:35+03,2021-09-01 18:56:29+03,Не определено
10641,93902,738,2021-08-10 15:31:35+03,2021-09-04 09:29:39+03,Не определено
3195,93908,637,2021-08-10 15:31:35+03,2021-08-11 04:13:51+03,Не определено
8293,93931,659,2021-08-10 15:31:35+03,2021-09-17 04:49:04+03,Не определено
8295,93995,624,2021-08-10 15:31:36+03,2021-10-06 10:27:28+03,Не определено
11406,93999,623,2021-08-10 15:31:36+03,2021-10-06 10:18:24+03,Не определено
2381,94035,609,2021-08-10 15:31:36+03,2021-10-04 08:31:54+03,Не определено
3926,94053,603,2021-08-10 15:31:36+03,2021-10-06 10:27:29+03,Не определено
5359,94071,594,2021-08-10 15:31:37+03,2021-10-06 10:27:29+03,Не определено
2383,94083,591,2021-08-10 15:31:37+03,2021-09-02 21:52:43+03,Не определено
6842,94089,852,2021-08-10 15:31:37+03,2021-10-06 10:27:29+03,Не определено
8297,94091,849,2021-08-10 15:31:37+03,2021-08-11 08:17:09+03,Не определено
8949,94092,848,2021-08-10 15:31:37+03,2021-08-11 08:16:41+03,Не определено
821,94097,848,2021-08-10 15:31:37+03,2021-08-11 08:19:35+03,Не определено
4601,94102,848,2021-08-10 15:31:37+03,2021-08-27 11:37:39+03,Не определено
3196,94116,842,2021-08-10 15:31:37+03,2021-09-08 10:27:41+03,Не определено
7561,94122,841,2021-08-10 15:31:37+03,2021-09-02 16:42:47+03,Не определено
8951,94124,836,2021-08-10 15:31:37+03,2021-08-11 08:13:25+03,Не определено
6844,94137,835,2021-08-10 15:31:37+03,2021-08-11 08:24:56+03,Не определено
7563,94138,813,2021-08-10 15:31:37+03,2021-10-06 10:27:31+03,Не определено
3198,94148,779,2021-08-10 15:31:37+03,2021-09-03 07:58:22+03,Не определено
6082,94152,779,2021-08-10 15:31:37+03,2021-08-11 08:14:34+03,Не определено
1622,94162,732,2021-08-10 15:31:38+03,2021-09-02 17:10:56+03,Не определено
4603,94166,732,2021-08-10 15:31:38+03,2021-08-11 08:38:31+03,Не определено
823,94177,675,2021-08-10 15:31:38+03,2021-08-11 06:34:14+03,Не определено
8953,94188,621,2021-08-10 15:31:38+03,2021-09-06 15:09:28+03,Не определено
1624,94194,588,2021-08-10 15:31:38+03,2021-08-19 10:25:14+03,Не определено
3200,94196,588,2021-08-10 15:31:38+03,2021-08-19 10:24:54+03,Не определено
5370,94199,851,2021-08-10 15:31:38+03,2021-08-11 08:28:37+03,Не определено
11495,193183,800,2021-08-19 09:21:34+03,2021-08-19 12:26:21+03,Неисправен
35,93584,725,2021-08-19 09:45:44+03,2021-08-19 12:27:25+03,Неисправен
10672,98190,588,2021-08-19 10:27:06+03,2021-08-19 12:25:08+03,Неисправен
11434,98191,593,2021-08-19 10:27:06+03,2021-08-19 12:24:49+03,Неисправен
49,93936,653,2021-08-19 10:56:19+03,2021-08-19 12:23:51+03,Неисправен
1746,193090,817,2021-08-19 13:05:20+03,2021-10-04 09:29:11+03,Не определено
9043,193100,800,2021-08-19 13:05:20+03,2021-08-20 09:29:08+03,Не определено
183,193120,831,2021-08-19 13:05:20+03,2021-11-10 13:52:27+03,Не определено
2580,193123,828,2021-08-19 13:05:30+03,2021-11-10 13:52:27+03,Не определено
4026,193141,822,2021-08-19 13:05:41+03,2021-09-03 05:42:01+03,Не определено
10772,193150,805,2021-08-19 13:05:41+03,2021-10-25 04:01:29+03,Не определено
10785,193166,808,2021-08-19 13:05:41+03,2021-08-20 07:27:10+03,Не определено
10800,193182,800,2021-08-19 13:05:41+03,2021-09-02 09:24:53+03,Не определено
1005,193185,800,2021-08-19 13:05:41+03,2021-08-22 04:49:44+03,Не определено
5463,193207,793,2021-08-19 13:05:41+03,2021-08-20 06:38:11+03,Не определено
7684,193226,786,2021-08-19 13:05:41+03,2021-09-05 08:04:41+03,Не определено
144,154112,,2021-08-20 09:17:23+03,2021-08-24 13:50:49+03,Не определено
4713,154118,,2021-08-20 09:17:23+03,2021-09-05 09:09:19+03,Не определено
7643,154122,,2021-08-20 09:17:24+03,2021-09-04 23:56:42+03,Не определено
4623,104022,876,2021-08-25 09:41:31+03,2021-08-25 11:26:52+03,Неисправен
1649,104002,876,2021-08-25 11:56:52+03,2021-08-25 13:22:10+03,Неисправен
5441,171575,,2021-08-27 11:13:37+03,2021-08-27 12:49:15+03,Неисправен
2555,171587,,2021-08-27 11:13:37+03,2021-08-27 12:48:35+03,Неисправен
5415,103991,899,2021-08-30 13:17:12+03,2021-08-30 14:45:11+03,Неисправен
6894,103993,899,2021-08-30 13:25:39+03,2021-08-30 15:13:08+03,Неисправен
2508,157315,,2021-08-31 01:27:27+03,2021-08-31 06:52:57+03,Неисправен
68,104000,876,2021-09-06 12:49:35+03,2021-09-06 13:51:34+03,Неисправен
8337,120283,,2021-09-07 11:58:01+03,2021-09-07 13:23:14+03,Неисправен
954,154849,422,2021-09-09 09:42:16+03,2021-09-09 10:46:26+03,Неисправен
9801,120237,409,2021-09-09 09:44:27+03,2021-09-09 10:44:47+03,Неисправен
852,120257,401,2021-09-09 09:47:41+03,2021-09-09 10:48:09+03,Неисправен
3978,120261,401,2021-09-09 09:47:41+03,2021-09-09 10:49:10+03,Неисправен
1710,154850,401,2021-09-09 09:47:41+03,2021-09-09 10:49:42+03,Неисправен
4641,120198,,2021-09-09 10:50:47+03,2021-09-09 12:50:53+03,Неисправен
7590,120218,,2021-09-09 10:50:47+03,2021-09-09 11:53:56+03,Неисправен
11451,120543,442,2021-09-09 11:22:38+03,2021-09-09 12:39:46+03,Неисправен
2509,157315,,2021-09-14 01:26:18+03,2021-09-14 02:42:56+03,Неисправен
3264,154100,,2021-09-19 10:42:32+03,2021-09-19 15:59:06+03,Много неисправных устройств
4707,154102,,2021-09-19 10:42:32+03,2021-09-19 15:59:06+03,Много неисправных устройств
2546,162899,,2021-09-19 10:42:37+03,2021-09-19 16:33:26+03,Много неисправных устройств
9,9328,,2021-09-20 11:42:21+03,2021-09-20 13:00:05+03,Много неисправных устройств
788,9329,,2021-09-20 11:42:21+03,2021-09-20 13:00:05+03,Много неисправных устройств
1576,9330,,2021-09-20 11:42:21+03,2021-09-20 13:00:05+03,Много неисправных устройств
6114,143512,1263,2021-09-21 14:55:51+03,2021-09-22 10:36:55+03,Не определено
6921,143529,,2021-09-21 14:55:51+03,2021-09-22 10:39:33+03,Не определено
900,143537,1243,2021-09-21 14:55:51+03,2021-09-22 12:53:58+03,Не определено
2464,143587,1233,2021-09-21 14:55:52+03,2021-09-22 12:56:56+03,Не определено
6936,143593,1231,2021-09-21 14:55:52+03,2021-09-22 12:57:04+03,Не определено
7617,143610,1278,2021-09-21 14:55:52+03,2021-09-22 12:57:34+03,Не определено
9858,143613,1276,2021-09-21 14:55:52+03,2021-09-22 12:57:40+03,Не определено
6949,143625,1266,2021-09-21 14:55:52+03,2021-09-22 12:58:13+03,Не определено
2478,143635,1261,2021-09-21 14:55:52+03,2021-09-22 12:58:36+03,Не определено
3999,143653,1240,2021-09-21 14:55:52+03,2021-09-22 12:58:58+03,Не определено
101,143696,1258,2021-09-21 14:55:52+03,2021-10-04 12:20:19+03,Не определено
108,144736,1279,2021-09-27 14:30:35+03,2021-09-30 07:30:16+03,Не определено
3247,144740,1290,2021-09-27 14:30:35+03,2021-09-30 07:30:16+03,Не определено
4671,144742,1298,2021-09-27 14:30:35+03,2021-09-30 07:30:16+03,Не определено
6121,144744,1302,2021-09-27 14:30:35+03,2021-09-30 07:30:16+03,Не определено
116,144752,1310,2021-09-27 14:30:36+03,2021-09-30 07:30:16+03,Не определено
3254,144756,1280,2021-09-27 14:30:36+03,2021-09-30 07:30:16+03,Не определено
6128,144760,1282,2021-09-27 14:30:36+03,2021-09-30 07:30:16+03,Не определено
7623,144762,1283,2021-09-27 14:30:36+03,2021-09-30 07:30:16+03,Не определено
8991,144764,1283,2021-09-27 14:30:36+03,2021-09-30 07:30:16+03,Не определено
10722,144766,1284,2021-09-27 14:30:36+03,2021-09-28 08:00:20+03,Не определено
123,144768,1285,2021-09-27 14:30:36+03,2021-09-30 07:30:16+03,Не определено
4681,144774,1288,2021-09-27 14:30:36+03,2021-09-30 07:30:16+03,Не определено
6134,144776,1289,2021-09-27 14:30:36+03,2021-09-30 07:30:16+03,Не определено
10727,144782,1291,2021-09-27 14:30:36+03,2021-09-30 07:30:16+03,Не определено
130,144784,1292,2021-09-27 14:30:36+03,2021-09-30 07:30:16+03,Не определено
1697,144786,1293,2021-09-27 14:30:36+03,2021-09-28 21:56:20+03,Не определено
10733,144798,1296,2021-09-27 14:30:36+03,2021-09-30 07:30:16+03,Не определено
135,144800,1297,2021-09-27 14:30:36+03,2021-09-30 07:30:16+03,Не определено
1702,144802,1297,2021-09-27 14:30:36+03,2021-09-30 07:30:16+03,Не определено
4687,144806,,2021-09-27 14:30:36+03,2021-09-28 07:55:56+03,Не определено
7629,144810,1304,2021-09-27 14:30:36+03,2021-09-30 07:30:16+03,Не определено
8997,144812,1306,2021-09-27 14:30:36+03,2021-09-30 07:30:16+03,Не определено
906,144817,1290,2021-09-27 14:30:36+03,2021-09-30 07:30:16+03,Не определено
5430,144823,1309,2021-09-27 14:30:36+03,2021-09-29 08:30:34+03,Не определено
7635,144826,1310,2021-09-27 14:30:36+03,2021-09-30 07:30:16+03,Не определено
9873,144829,1282,2021-09-27 14:30:36+03,2021-09-30 07:30:16+03,Не определено
2483,144835,1284,2021-09-27 14:30:36+03,2021-09-28 01:35:48+03,Не определено
6954,144841,1288,2021-09-27 14:30:37+03,2021-09-30 07:30:16+03,Не определено
9002,144844,,2021-09-27 14:30:37+03,2021-09-30 07:30:16+03,Не определено
140,144848,1293,2021-09-27 14:30:37+03,2021-09-29 08:13:01+03,Не определено
2487,144851,1294,2021-09-27 14:30:37+03,2021-09-30 07:30:16+03,Не определено
4692,144854,1295,2021-09-27 14:30:37+03,2021-09-30 07:30:16+03,Не определено
9878,144861,1299,2021-09-27 14:30:37+03,2021-09-28 08:02:19+03,Не определено
4004,144869,1306,2021-09-27 14:30:37+03,2021-09-30 07:30:16+03,Не определено
6958,144873,1290,2021-09-27 14:30:37+03,2021-09-30 07:30:16+03,Не определено
4697,144902,,2021-09-27 14:30:38+03,2021-09-30 07:30:16+03,Не определено
109,144736,1279,2021-09-30 07:30:23+03,2021-10-08 14:57:34+03,Не определено
3248,144740,1290,2021-09-30 07:30:23+03,2021-10-08 14:57:34+03,Не определено
4672,144742,1298,2021-09-30 07:30:23+03,2021-10-08 14:57:35+03,Не определено
6122,144744,1302,2021-09-30 07:30:23+03,2021-10-08 14:57:35+03,Не определено
117,144752,1310,2021-09-30 07:30:23+03,2021-10-08 14:57:35+03,Не определено
3255,144756,1280,2021-09-30 07:30:23+03,2021-10-08 14:57:35+03,Не определено
6129,144760,1282,2021-09-30 07:30:23+03,2021-10-03 13:31:23+03,Не определено
7624,144762,1283,2021-09-30 07:30:23+03,2021-10-03 13:31:15+03,Не определено
8992,144764,1283,2021-09-30 07:30:23+03,2021-10-03 13:31:23+03,Не определено
124,144768,1285,2021-09-30 07:30:23+03,2021-10-03 13:31:23+03,Не определено
4682,144774,1288,2021-09-30 07:30:23+03,2021-10-03 13:31:23+03,Не определено
6135,144776,1289,2021-09-30 07:30:23+03,2021-10-03 13:31:23+03,Не определено
10728,144782,1291,2021-09-30 07:30:23+03,2021-10-03 13:31:23+03,Не определено
131,144784,1292,2021-09-30 07:30:23+03,2021-10-03 13:31:23+03,Не определено
10734,144798,1296,2021-09-30 07:30:23+03,2021-10-03 13:31:23+03,Не определено
136,144800,1297,2021-09-30 07:30:23+03,2021-10-03 13:31:23+03,Не определено
1703,144802,1297,2021-09-30 07:30:23+03,2021-10-03 13:31:23+03,Не определено
7630,144810,1304,2021-09-30 07:30:24+03,2021-10-03 13:31:23+03,Не определено
8998,144812,1306,2021-09-30 07:30:24+03,2021-10-03 12:00:16+03,Не определено
907,144817,1290,2021-09-30 07:30:24+03,2021-10-08 14:57:35+03,Не определено
7636,144826,1310,2021-09-30 07:30:24+03,2021-10-08 14:57:35+03,Не определено
9874,144829,1282,2021-09-30 07:30:24+03,2021-10-08 14:57:35+03,Не определено
6955,144841,1288,2021-09-30 07:30:24+03,2021-10-03 13:31:23+03,Не определено
9003,144844,,2021-09-30 07:30:24+03,2021-10-03 13:31:23+03,Не определено
141,144848,1293,2021-09-30 07:30:24+03,2021-10-03 12:12:03+03,Не определено
2488,144851,1294,2021-09-30 07:30:24+03,2021-10-03 12:00:16+03,Не определено
4693,144854,1295,2021-09-30 07:30:24+03,2021-10-03 12:00:16+03,Не определено
4005,144869,1306,2021-09-30 07:30:24+03,2021-10-03 12:00:16+03,Не определено
6959,144873,1290,2021-09-30 07:30:24+03,2021-10-07 14:17:17+03,Не определено
4698,144902,,2021-09-30 07:30:24+03,2021-10-08 10:08:59+03,Не определено
1596,93458,776,2021-10-01 09:36:59+03,2021-10-01 10:40:46+03,Неисправен
3910,93461,776,2021-10-01 09:36:59+03,2021-10-01 10:40:11+03,Неисправен
11481,193167,807,2021-10-01 09:55:08+03,2021-10-01 11:00:35+03,Неисправен
983,193169,807,2021-10-01 09:55:08+03,2021-10-01 11:00:47+03,Неисправен
1639,98194,637,2021-10-01 10:50:29+03,2021-10-04 09:21:17+03,Неисправен
36,93584,725,2021-10-04 13:24:30+03,2021-10-04 14:30:10+03,Неисправен
110,144736,1279,2021-10-08 14:57:44+03,2021-10-11 15:04:29+03,Не определено
3249,144740,1290,2021-10-08 14:57:45+03,2021-10-11 15:04:29+03,Не определено
4673,144742,1298,2021-10-08 14:57:45+03,2021-10-11 15:04:29+03,Не определено
6123,144744,1302,2021-10-08 14:57:45+03,2021-10-11 15:04:29+03,Не определено
118,144752,1310,2021-10-08 14:57:45+03,2021-10-11 15:04:29+03,Не определено
3256,144756,1280,2021-10-08 14:57:45+03,2021-10-11 15:04:29+03,Не определено
4676,144758,1281,2021-10-08 14:57:45+03,2021-10-11 15:04:29+03,Не определено
6130,144760,1282,2021-10-08 14:57:45+03,2021-10-11 15:04:29+03,Не определено
7625,144762,1283,2021-10-08 14:57:45+03,2021-10-11 15:04:29+03,Не определено
8993,144764,1283,2021-10-08 14:57:45+03,2021-10-11 15:04:29+03,Не определено
10723,144766,1284,2021-10-08 14:57:45+03,2021-10-08 21:24:47+03,Не определено
125,144768,1285,2021-10-08 14:57:45+03,2021-10-11 15:04:29+03,Не определено
4683,144774,1288,2021-10-08 14:57:45+03,2021-10-11 15:04:29+03,Не определено
6136,144776,1289,2021-10-08 14:57:45+03,2021-10-11 15:04:29+03,Не определено
10729,144782,1291,2021-10-08 14:57:45+03,2021-10-11 15:04:29+03,Не определено
132,144784,1292,2021-10-08 14:57:45+03,2021-10-11 15:04:29+03,Не определено
1698,144786,1293,2021-10-08 14:57:45+03,2021-10-11 15:04:29+03,Не определено
10735,144798,1296,2021-10-08 14:57:45+03,2021-10-11 15:04:29+03,Не определено
137,144800,1297,2021-10-08 14:57:45+03,2021-10-11 15:04:29+03,Не определено
1704,144802,1297,2021-10-08 14:57:45+03,2021-10-11 15:04:29+03,Не определено
4688,144806,,2021-10-08 14:57:45+03,2021-10-11 07:48:50+03,Не определено
7631,144810,1304,2021-10-08 14:57:45+03,2021-10-11 15:04:29+03,Не определено
8999,144812,1306,2021-10-08 14:57:45+03,2021-10-11 15:04:29+03,Не определено
908,144817,1290,2021-10-08 14:57:45+03,2021-10-11 15:04:29+03,Не определено
5431,144823,1309,2021-10-08 14:57:45+03,2021-10-11 08:19:04+03,Не определено
7637,144826,1310,2021-10-08 14:57:45+03,2021-10-11 15:04:29+03,Не определено
9875,144829,1282,2021-10-08 14:57:45+03,2021-10-11 15:04:29+03,Не определено
2484,144835,1284,2021-10-08 14:57:45+03,2021-10-08 19:22:09+03,Не определено
9004,144844,,2021-10-08 14:57:45+03,2021-10-11 15:04:29+03,Не определено
142,144848,1293,2021-10-08 14:57:45+03,2021-10-11 15:04:29+03,Не определено
2489,144851,1294,2021-10-08 14:57:46+03,2021-10-11 15:04:29+03,Не определено
4694,144854,1295,2021-10-08 14:57:46+03,2021-10-11 15:04:29+03,Не определено
9879,144861,1299,2021-10-08 14:57:46+03,2021-10-11 07:51:48+03,Не определено
4006,144869,1306,2021-10-08 14:57:46+03,2021-10-11 15:04:29+03,Не определено
6960,144873,1290,2021-10-08 14:57:46+03,2021-10-11 15:04:29+03,Не определено
4699,144902,,2021-10-08 14:57:47+03,2021-10-11 15:04:29+03,Не определено
1648,103986,899,2021-10-10 09:35:31+03,2021-10-10 12:29:55+03,Неисправен
9863,144733,,2021-10-11 15:04:29+03,2021-10-11 18:12:16+03,Много неисправных устройств
10712,144734,,2021-10-11 15:04:29+03,2021-10-11 18:12:16+03,Много неисправных устройств
8348,178331,,2021-10-11 15:04:29+03,2021-10-11 18:12:16+03,Много неисправных устройств
111,144736,1279,2021-10-12 13:20:29+03,2021-10-12 15:03:33+03,Не определено
3250,144740,1290,2021-10-12 13:20:29+03,2021-10-25 18:35:55+03,Не определено
6124,144744,1302,2021-10-12 13:20:29+03,2021-10-12 15:03:33+03,Не определено
119,144752,1310,2021-10-12 13:20:29+03,2021-10-22 23:38:51+03,Не определено
4677,144758,1281,2021-10-12 13:20:29+03,2021-10-20 19:14:38+03,Не определено
126,144768,1285,2021-10-12 13:20:29+03,2021-10-12 15:03:34+03,Не определено
10730,144782,1291,2021-10-12 13:20:29+03,2021-10-25 18:35:55+03,Не определено
4689,144806,,2021-10-12 13:20:29+03,2021-10-12 15:03:34+03,Не определено
7632,144810,1304,2021-10-12 13:20:29+03,2021-10-25 13:54:02+03,Не определено
909,144817,1290,2021-10-12 13:20:30+03,2021-10-25 18:35:55+03,Не определено
7638,144826,1310,2021-10-12 13:20:30+03,2021-10-19 08:16:04+03,Не определено
2485,144835,1284,2021-10-12 13:20:30+03,2021-10-13 07:55:43+03,Не определено
2490,144851,1294,2021-10-12 13:20:30+03,2021-10-12 15:03:34+03,Не определено
4695,144854,1295,2021-10-12 13:20:30+03,2021-10-12 15:03:33+03,Не определено
6961,144873,1290,2021-10-12 13:20:30+03,2021-10-12 14:59:23+03,Не определено
4700,144902,,2021-10-12 13:20:32+03,2021-10-12 14:42:58+03,Не определено
10385,229629,1788,2021-10-14 12:14:32+03,2021-10-14 15:01:00+03,Неисправен
2142,229634,1772,2021-10-14 12:14:37+03,2021-10-14 15:01:00+03,Неисправен
6580,229624,1811,2021-10-14 12:19:15+03,2021-10-14 15:01:00+03,Неисправен
5817,229639,1758,2021-10-14 12:19:15+03,2021-10-14 15:00:46+03,Неисправен
8036,229642,1741,2021-10-14 12:19:16+03,2021-10-14 15:00:44+03,Неисправен
11931,229647,2028,2021-10-14 12:19:16+03,2021-10-14 15:00:44+03,Неисправен
3706,229652,2015,2021-10-14 12:19:16+03,2021-10-14 15:00:46+03,Неисправен
11936,229663,1998,2021-10-14 12:19:17+03,2021-10-14 15:00:46+03,Неисправен
9448,230748,1727,2021-10-20 13:55:02+03,2021-10-20 16:26:54+03,Много неисправных устройств
10436,230749,,2021-10-20 13:55:02+03,2021-10-20 16:26:54+03,Много неисправных устройств
6617,231352,,2021-10-20 13:55:03+03,2021-10-20 16:26:54+03,Много неисправных устройств
11204,231422,1843,2021-10-20 13:55:03+03,2021-10-20 16:26:54+03,Много неисправных устройств
2510,157315,,2021-10-26 01:23:19+03,2021-10-26 03:05:08+03,Неисправен
9009,147932,1247,2021-10-27 09:43:45+03,2021-10-27 16:22:45+03,Неисправен
6115,143512,1263,2021-10-27 16:58:58+03,2021-10-28 10:11:56+03,Не определено
6922,143529,,2021-10-27 16:58:58+03,2021-10-28 10:11:56+03,Не определено
901,143537,1243,2021-10-27 16:58:58+03,2021-10-28 10:11:56+03,Не определено
2465,143587,1233,2021-10-27 16:58:59+03,2021-10-28 10:11:56+03,Не определено
6937,143593,1231,2021-10-27 16:58:59+03,2021-10-28 10:11:56+03,Не определено
7618,143610,1278,2021-10-27 16:58:59+03,2021-10-28 10:11:56+03,Не определено
9859,143613,1276,2021-10-27 16:58:59+03,2021-10-28 10:11:56+03,Не определено
6950,143625,1266,2021-10-27 16:58:59+03,2021-10-28 10:11:56+03,Не определено
2479,143635,1261,2021-10-27 16:58:59+03,2021-10-28 10:11:56+03,Не определено
4000,143653,1240,2021-10-27 16:58:59+03,2021-10-28 10:11:57+03,Не определено
102,143696,1258,2021-10-27 16:58:59+03,2021-10-28 10:11:56+03,Не определено
6116,143512,1263,2021-10-28 10:12:00+03,2021-11-22 11:45:12+03,Не определено
6923,143529,,2021-10-28 10:12:00+03,2021-11-10 07:13:20+03,Не определено
902,143537,1243,2021-10-28 10:12:00+03,2021-11-22 11:00:00+03,Не определено
2466,143587,1233,2021-10-28 10:12:00+03,2021-11-22 11:33:31+03,Не определено
6938,143593,1231,2021-10-28 10:12:00+03,2021-11-09 11:59:20+03,Не определено
7619,143610,1278,2021-10-28 10:12:00+03,2021-11-22 12:48:48+03,Не определено
9860,143613,1276,2021-10-28 10:12:00+03,2021-11-13 01:24:35+03,Не определено
6951,143625,1266,2021-10-28 10:12:00+03,2021-11-22 12:51:39+03,Не определено
2480,143635,1261,2021-10-28 10:12:00+03,2021-11-09 15:43:27+03,Не определено
4001,143653,1240,2021-10-28 10:12:01+03,2021-11-22 12:54:10+03,Не определено
103,143696,1258,2021-10-28 10:12:01+03,2021-11-09 10:25:26+03,Не определено
2514,158995,1335,2021-10-29 10:36:28+03,2021-10-30 23:10:26+03,Неисправен
9010,147932,1247,2021-11-10 09:42:27+03,2021-11-10 12:26:47+03,Неисправен
17,9376,,2021-11-16 12:52:51+03,2021-11-16 14:00:37+03,Не определено
11977,267551,2097,2021-11-17 10:00:24+03,2021-12-10 09:05:31+03,Неисправен
4031,197029,,2021-11-19 14:13:39+03,2021-11-19 16:07:33+03,Неисправен
4032,197029,,2021-11-19 16:10:57+03,2021-11-19 19:01:00+03,Неисправен
1784,224434,,2021-11-22 11:01:06+03,2021-11-22 13:44:42+03,Неисправен
3960,120245,453,2021-11-25 09:47:55+03,2021-11-25 12:43:09+03,Неисправен
148,154848,409,2021-11-25 09:51:33+03,2021-11-25 12:42:39+03,Неисправен
79,120512,461,2021-11-25 10:08:55+03,2021-11-25 11:13:37+03,Неисправен
2439,120595,409,2021-11-25 11:24:54+03,2021-11-25 13:59:03+03,Неисправен
9821,120269,,2021-11-25 12:49:53+03,2021-11-25 14:00:34+03,Неисправен
3237,120276,,2021-11-25 12:49:53+03,2021-11-25 14:00:48+03,Неисправен
9979,196973,1500,2021-11-25 23:25:35+03,2021-12-06 13:13:09+03,Неисправен
3187,93428,785,2021-12-01 10:06:54+03,2021-12-01 11:18:14+03,Неисправен
2349,93443,785,2021-12-01 10:06:54+03,2021-12-01 11:19:21+03,Неисправен
5341,93447,785,2021-12-01 10:06:54+03,2021-12-01 11:20:08+03,Неисправен
6200,193208,792,2021-12-01 10:08:34+03,2021-12-01 11:09:42+03,Неисправен
50,93936,653,2021-12-01 12:38:21+03,2021-12-01 14:20:22+03,Неисправен
9745,93917,660,2021-12-01 13:14:07+03,2021-12-01 14:19:33+03,Неисправен
807,93921,660,2021-12-01 13:14:07+03,2021-12-01 14:20:01+03,Неисправен
824,94817,653,2021-12-01 13:14:08+03,2021-12-01 14:21:12+03,Неисправен
1626,94818,652,2021-12-01 13:14:08+03,2021-12-01 14:21:35+03,Неисправен
208,197200,,2021-12-01 17:36:53+03,2021-12-01 19:54:00+03,Неисправен
1017,197201,,2021-12-01 17:36:53+03,2021-12-01 19:54:00+03,Неисправен
4011,158997,1335,2021-12-06 13:08:56+03,2021-12-06 14:13:45+03,Неисправен
10494,268061,2446,2021-12-07 17:34:34+03,2021-12-08 07:31:04+03,Неисправен
10495,268061,2446,2021-12-08 17:53:18+03,2021-12-09 08:06:48+03,Неисправен
6177,159016,1338,2021-12-09 06:17:54+03,2021-12-09 09:48:44+03,Неисправен
5847,230903,1846,2021-12-09 12:46:08+03,2021-12-09 14:27:14+03,Неисправен
9484,230908,1859,2021-12-09 12:46:08+03,2021-12-09 14:27:14+03,Неисправен
11959,230911,1876,2021-12-09 12:46:08+03,2021-12-09 14:27:15+03,Неисправен
8060,230938,1892,2021-12-09 12:46:11+03,2021-12-09 14:27:15+03,Неисправен
10476,230941,1910,2021-12-09 12:46:11+03,2021-12-09 14:27:15+03,Неисправен
5162,230950,1941,2021-12-09 12:46:17+03,2021-12-09 14:27:15+03,Неисправен
3024,230947,1924,2021-12-09 13:03:59+03,2021-12-09 14:27:15+03,Неисправен
5848,230903,1846,2021-12-09 14:30:17+03,2021-12-09 16:31:26+03,Неисправен
9485,230908,1859,2021-12-09 14:41:44+03,2021-12-09 16:31:26+03,Неисправен
11960,230911,1876,2021-12-09 14:41:44+03,2021-12-09 16:31:26+03,Неисправен
8061,230938,1892,2021-12-09 14:41:46+03,2021-12-09 16:31:34+03,Неисправен
10477,230941,1910,2021-12-09 14:41:46+03,2021-12-09 16:31:36+03,Неисправен
3025,230947,1924,2021-12-09 14:41:47+03,2021-12-09 16:31:36+03,Неисправен
5163,230950,1941,2021-12-09 14:41:47+03,2021-12-09 16:31:34+03,Неисправен
5187,268038,2469,2021-12-09 15:51:02+03,2021-12-13 18:02:12+03,Неисправен
8129,268042,2469,2021-12-09 15:51:02+03,2021-12-13 18:02:12+03,Неисправен
10502,268109,2464,2021-12-09 15:51:02+03,2021-12-10 11:05:22+03,Неисправен
8797,268091,2446,2021-12-09 15:51:04+03,2021-12-13 13:10:39+03,Неисправен
10496,268061,2446,2021-12-09 18:07:30+03,2021-12-10 08:18:04+03,Неисправен
4033,197029,,2021-12-10 00:32:24+03,2021-12-10 07:41:22+03,Неисправен
1416,267633,2157,2021-12-10 11:54:46+03,2021-12-10 13:06:59+03,Неисправен
1417,267633,2157,2021-12-10 13:06:59+03,2021-12-13 08:49:33+03,Неисправен
6677,268168,2465,2021-12-10 14:10:28+03,2021-12-13 09:46:00+03,Неисправен
10497,268061,2446,2021-12-10 17:37:48+03,2021-12-11 07:47:52+03,Неисправен
10498,268061,2446,2021-12-11 16:46:36+03,2021-12-12 09:10:32+03,Неисправен
10499,268061,2446,2021-12-12 16:48:33+03,2021-12-13 08:44:26+03,Неисправен
6678,268168,2465,2021-12-13 10:19:31+03,2021-12-13 13:34:32+03,Неисправен
3052,268163,2463,2021-12-13 13:34:00+03,2021-12-13 18:02:13+03,Неисправен
3045,267987,2459,2021-12-13 18:16:32+03,2021-12-18 13:11:26+03,Неисправен
3734,267988,2459,2021-12-13 18:16:32+03,2021-12-18 13:29:10+03,Неисправен
7386,267993,2459,2021-12-13 18:16:32+03,2021-12-18 14:12:14+03,Неисправен
1418,268001,2459,2021-12-13 18:16:32+03,2021-12-18 14:58:18+03,Неисправен
2207,268002,2459,2021-12-13 18:16:32+03,2021-12-20 15:20:10+03,Неисправен
5874,268007,2459,2021-12-13 18:16:32+03,2021-12-21 10:06:48+03,Неисправен
6676,268008,2459,2021-12-13 18:16:32+03,2021-12-21 10:06:54+03,Неисправен
10492,268013,2459,2021-12-13 18:16:32+03,2021-12-21 10:06:54+03,Неисправен
11270,268014,2459,2021-12-13 18:16:32+03,2021-12-21 10:06:50+03,Неисправен
3046,268019,2459,2021-12-13 18:16:32+03,2021-12-21 10:06:56+03,Неисправен
7391,268025,2462,2021-12-13 18:16:32+03,2021-12-15 13:10:32+03,Неисправен
3053,268163,2463,2021-12-13 18:16:36+03,2021-12-14 12:56:59+03,Неисправен
5188,268038,2469,2021-12-13 18:16:49+03,2021-12-14 15:02:06+03,Неисправен
8130,268042,2469,2021-12-13 18:16:50+03,2021-12-14 13:33:06+03,Неисправен
10503,268109,2464,2021-12-13 18:16:57+03,2021-12-15 10:52:16+03,Неисправен
2348,50995,,2021-12-14 11:00:57+03,2021-12-14 14:02:16+03,Неисправен
9562,268812,2476,2021-12-18 13:00:50+03,2021-12-18 14:07:36+03,Неисправен
6591,230408,1967,2021-12-20 10:14:49+03,2021-12-20 12:58:46+03,Неисправен
7387,267993,2459,2021-12-20 12:16:27+03,2021-12-20 15:38:59+03,Неисправен
7375,232105,,2021-12-23 09:56:14+03,2021-12-23 11:19:46+03,Много неисправных устройств
8077,232106,,2021-12-23 09:56:14+03,2021-12-23 11:19:46+03,Много неисправных устройств
4440,268885,2446,2021-12-25 11:30:46+03,2021-12-27 14:53:10+03,Неисправен
10493,268013,2459,2021-12-29 11:35:37+03,2021-12-29 13:29:08+03,Неисправен
4441,268885,2446,2021-12-29 12:02:14+03,2021-12-29 13:51:23+03,Неисправен
4442,268885,2446,2021-12-29 13:58:27+03,2022-01-23 04:17:06+03,Неисправен
3186,50852,,2021-12-30 20:13:55+03,2021-12-30 22:39:24+03,Не определено
4034,197029,,2022-01-11 12:47:53+03,2022-01-11 15:17:36+03,Неисправен
3047,268019,2459,2022-01-13 12:21:54+03,2022-01-13 14:11:27+03,Неисправен
11961,230927,1889,2022-01-18 10:30:18+03,2022-01-18 15:08:06+03,Неисправен
2185,230930,1889,2022-01-18 10:30:26+03,2022-01-18 15:08:18+03,Неисправен
1927,228994,2026,2022-01-19 11:31:26+03,2022-01-19 15:03:40+03,Неисправен
4910,228998,2028,2022-01-19 11:31:26+03,2022-01-19 15:04:18+03,Неисправен
11962,230927,1889,2022-01-21 10:23:40+03,2022-01-21 15:41:55+03,Неисправен
2186,230930,1889,2022-01-21 10:24:02+03,2022-01-21 15:41:57+03,Неисправен
2183,230914,1889,2022-01-21 13:00:32+03,2022-01-21 15:41:41+03,Неисправен
5850,230919,1889,2022-01-21 13:00:32+03,2022-01-21 15:41:45+03,Неисправен
11196,230926,1889,2022-01-21 13:00:36+03,2022-01-21 15:41:53+03,Неисправен
8058,230922,1889,2022-01-21 13:00:46+03,2022-01-21 15:41:47+03,Неисправен
4035,197029,,2022-01-21 19:05:06+03,2022-01-21 21:27:09+03,Батарея неисправна
4036,197029,,2022-01-22 07:22:25+03,2022-01-22 08:47:10+03,Батарея неисправна
5877,268791,2473,2022-01-24 11:46:14+03,2022-01-24 15:03:36+03,Неисправен
8131,268074,2446,2022-01-24 13:06:46+03,2022-01-24 14:52:48+03,Неисправен
4443,268885,2446,2022-01-24 13:06:47+03,2022-01-24 14:52:48+03,Неисправен
4444,268885,2446,2022-01-24 15:12:30+03,2022-01-25 10:58:58+03,Неисправен
5881,268983,2598,2022-01-25 09:46:53+03,2022-01-27 11:07:54+03,Не определено
4642,120198,,2022-01-25 10:17:33+03,2022-01-25 12:17:55+03,Неисправен
7591,120218,,2022-01-25 10:17:33+03,2022-01-25 12:18:08+03,Неисправен
8982,120220,,2022-01-25 10:17:33+03,2022-01-25 12:18:21+03,Неисправен
9822,120269,,2022-01-25 11:09:17+03,2022-01-25 12:18:46+03,Неисправен
3238,120276,,2022-01-25 11:09:17+03,2022-01-25 12:18:33+03,Неисправен
8807,272683,2459,2022-01-25 12:20:12+03,2022-01-25 14:31:10+03,Неисправен
9563,272684,2459,2022-01-25 12:20:12+03,2022-01-25 14:31:10+03,Неисправен
6915,121145,920,2022-01-25 12:36:57+03,2022-01-25 13:40:12+03,Неисправен
7602,121146,920,2022-01-25 12:36:57+03,2022-01-25 13:40:12+03,Неисправен
8340,121147,917,2022-01-25 12:36:57+03,2022-01-25 13:40:12+03,Неисправен
8984,121148,917,2022-01-25 12:36:57+03,2022-01-25 13:40:12+03,Неисправен
10,9328,,2022-01-26 02:24:54+03,2022-01-26 03:50:48+03,Много неисправных устройств
789,9329,,2022-01-26 02:24:54+03,2022-01-26 03:50:48+03,Много неисправных устройств
1577,9330,,2022-01-26 02:24:54+03,2022-01-26 03:50:48+03,Много неисправных устройств
5340,51655,,2022-01-28 08:38:05+03,2022-01-28 11:17:20+03,Неисправен
3021,230915,1889,2022-01-28 10:28:52+03,2022-01-28 15:47:06+03,Неисправен
5160,230918,1889,2022-01-28 10:29:32+03,2022-01-28 15:47:08+03,Неисправен
3188,93428,785,2022-02-01 10:10:49+03,2022-02-01 11:52:40+03,Неисправен
2350,93443,785,2022-02-01 10:10:49+03,2022-02-01 12:43:17+03,Неисправен
5342,93447,785,2022-02-01 10:10:50+03,2022-02-01 11:43:08+03,Неисправен
6201,193208,792,2022-02-01 10:47:17+03,2022-02-01 12:16:35+03,Неисправен
8366,193211,792,2022-02-01 10:47:17+03,2022-02-01 12:14:29+03,Неисправен
11496,193183,800,2022-02-01 10:58:54+03,2022-02-01 12:36:24+03,Неисправен
1747,193186,800,2022-02-01 10:58:54+03,2022-02-01 12:37:06+03,Неисправен
4719,193190,800,2022-02-01 10:58:54+03,2022-02-01 12:16:13+03,Неисправен
11482,193167,807,2022-02-01 11:13:20+03,2022-02-01 12:35:56+03,Неисправен
984,193169,807,2022-02-01 11:13:20+03,2022-02-01 12:36:07+03,Неисправен
184,193152,817,2022-02-01 11:19:52+03,2022-02-01 12:35:25+03,Неисправен
2581,193155,817,2022-02-01 11:19:52+03,2022-02-01 12:35:39+03,Неисправен
6193,193128,822,2022-02-01 11:30:49+03,2022-02-01 12:33:49+03,Неисправен
7665,193130,822,2022-02-01 11:30:49+03,2022-02-01 12:34:16+03,Неисправен
3023,230931,1889,2022-02-01 11:56:41+03,2022-02-01 13:04:10+03,Неисправен
4423,230933,1889,2022-02-01 11:56:47+03,2022-02-01 13:04:20+03,Неисправен
903,143537,1243,2022-02-02 03:42:56+03,2022-02-02 06:05:33+03,Не определено
37,93584,725,2022-02-02 09:58:06+03,2022-02-02 11:27:38+03,Неисправен
6846,94217,587,2022-02-02 10:11:49+03,2022-02-02 11:33:37+03,Неисправен
9762,94861,587,2022-02-02 10:11:49+03,2022-02-02 11:34:51+03,Неисправен
1640,98194,637,2022-02-02 10:11:49+03,2022-02-02 11:35:44+03,Неисправен
2417,98195,637,2022-02-02 10:11:49+03,2022-02-02 11:35:23+03,Неисправен
10673,98190,588,2022-02-02 10:16:54+03,2022-02-02 11:36:54+03,Неисправен
11435,98191,593,2022-02-02 10:16:54+03,2022-02-02 11:36:44+03,Неисправен
5389,94855,675,2022-02-02 10:21:54+03,2022-02-02 11:37:32+03,Неисправен
6871,94857,675,2022-02-02 10:21:54+03,2022-02-02 11:37:50+03,Неисправен
7573,94858,675,2022-02-02 10:21:54+03,2022-02-02 11:38:08+03,Неисправен
9780,98189,670,2022-02-02 10:21:54+03,2022-02-02 11:37:23+03,Неисправен
10657,94158,732,2022-02-02 10:26:27+03,2022-02-02 11:36:28+03,Неисправен
3934,94853,732,2022-02-02 10:26:27+03,2022-02-02 11:39:11+03,Неисправен
4611,94854,732,2022-02-02 10:26:27+03,2022-02-02 11:38:53+03,Неисправен
8960,98188,732,2022-02-02 10:26:27+03,2022-02-02 11:39:27+03,Неисправен
4579,93606,718,2022-02-02 10:27:19+03,2022-02-02 11:27:53+03,Неисправен
6071,93624,710,2022-02-02 10:27:19+03,2022-02-02 11:28:20+03,Неисправен
8937,93628,710,2022-02-02 10:27:19+03,2022-02-02 11:28:33+03,Неисправен
1614,93650,699,2022-02-02 10:27:19+03,2022-02-02 11:28:47+03,Неисправен
4584,93654,699,2022-02-02 10:27:19+03,2022-02-02 11:28:59+03,Неисправен
11436,98191,593,2022-02-02 11:57:56+03,2022-04-04 10:00:29+03,Неисправен
4594,94006,619,2022-02-02 12:43:40+03,2022-02-02 14:52:57+03,Неисправен
199,196976,1503,2022-02-03 12:54:10+03,2022-02-03 16:11:33+03,Неисправен
11423,98175,843,2022-02-07 10:47:17+03,2022-02-07 14:55:29+03,Неисправен
51,93936,653,2022-02-07 11:26:28+03,2022-02-07 14:54:16+03,Неисправен
2393,94835,608,2022-02-07 11:56:41+03,2022-02-07 14:50:47+03,Неисправен
3206,94836,608,2022-02-07 11:56:41+03,2022-02-07 14:50:31+03,Неисправен
8393,214219,,2022-02-14 11:08:42+03,2022-02-14 15:05:06+03,Неисправен
11533,213391,,2022-02-16 10:27:12+03,2022-02-16 11:33:49+03,Много неисправных устройств
8394,214219,,2022-02-18 09:17:28+03,2022-02-18 11:08:58+03,Неисправен
9449,230748,1727,2022-02-18 14:47:20+03,2022-02-18 22:33:32+03,Много неисправных устройств
10437,230749,,2022-02-18 14:47:20+03,2022-02-18 22:33:32+03,Много неисправных устройств
6618,231352,,2022-02-18 14:47:20+03,2022-02-18 22:33:32+03,Много неисправных устройств
11205,231422,1843,2022-02-18 14:47:20+03,2022-02-18 22:33:32+03,Много неисправных устройств
2184,230914,1889,2022-02-20 15:03:47+03,2022-02-20 16:41:40+03,Неисправен
3022,230915,1889,2022-02-20 15:03:47+03,2022-02-20 16:41:40+03,Неисправен
5161,230918,1889,2022-02-20 15:03:47+03,2022-02-20 16:41:40+03,Неисправен
5851,230919,1889,2022-02-20 15:03:47+03,2022-02-20 16:41:40+03,Неисправен
8059,230922,1889,2022-02-20 15:03:47+03,2022-02-20 16:41:40+03,Неисправен
3048,268019,2459,2022-02-21 10:33:02+03,2022-02-21 12:25:02+03,Неисправен
5878,268791,2473,2022-03-02 02:38:16+03,2022-03-02 10:18:44+03,Неисправен
11285,278286,2279,2022-03-03 09:20:20+03,2022-03-03 11:36:37+03,Неисправен
3063,278291,2298,2022-03-03 09:27:16+03,2022-03-03 11:36:37+03,Неисправен
6692,278296,2313,2022-03-03 09:35:16+03,2022-03-03 11:36:37+03,Неисправен
10513,278301,2315,2022-03-03 09:41:28+03,2022-03-03 11:36:37+03,Неисправен
2216,278306,2325,2022-03-03 09:47:12+03,2022-03-03 11:36:38+03,Неисправен
5889,278311,2371,2022-03-03 10:03:56+03,2022-03-03 11:36:38+03,Неисправен
9567,278316,2373,2022-03-03 10:08:08+03,2022-03-03 11:36:38+03,Неисправен
8798,268091,2446,2022-03-03 11:03:44+03,2022-03-03 14:18:18+03,Неисправен
8134,268090,2446,2022-03-03 11:04:51+03,2022-03-03 14:17:54+03,Неисправен
599,229600,1825,2022-03-03 11:13:02+03,2022-03-03 12:56:42+03,Неисправен
3057,278019,2300,2022-03-04 09:33:36+03,2022-03-04 18:43:20+03,Неисправен
5884,278039,2300,2022-03-04 09:33:36+03,2022-03-04 18:12:38+03,Неисправен
6685,278040,2300,2022-03-04 09:33:36+03,2022-03-04 18:13:14+03,Неисправен
11274,278014,2300,2022-03-04 09:33:38+03,2022-03-04 11:39:38+03,Неисправен
7398,278025,2300,2022-03-04 09:33:38+03,2022-03-04 18:43:20+03,Неисправен
8147,278026,2300,2022-03-04 09:33:38+03,2022-03-04 18:43:20+03,Неисправен
648,278000,2300,2022-03-04 10:24:06+03,2022-03-04 17:17:50+03,Неисправен
11987,278015,2300,2022-03-04 10:31:36+03,2022-03-04 17:20:44+03,Неисправен
7396,278009,2300,2022-03-04 11:20:24+03,2022-03-04 17:32:14+03,Неисправен
11983,277999,2300,2022-03-04 11:25:50+03,2022-03-04 17:17:30+03,Неисправен
3738,278004,2300,2022-03-04 11:25:50+03,2022-03-04 17:30:10+03,Неисправен
11275,278014,2300,2022-03-04 11:41:28+03,2022-03-04 17:47:44+03,Неисправен
8143,278010,2300,2022-03-04 11:42:18+03,2022-03-04 17:27:50+03,Неисправен
11282,278062,2394,2022-03-04 11:54:06+03,2022-03-04 18:43:20+03,Неисправен
11991,278063,2394,2022-03-04 11:54:06+03,2022-03-04 18:43:20+03,Неисправен
3241,135188,1214,2022-03-04 16:18:11+03,2022-04-06 15:21:39+03,Не определено
4663,135190,1220,2022-03-04 16:18:11+03,2022-03-16 07:45:16+03,Не определено
6098,135192,1220,2022-03-04 16:18:11+03,2022-03-23 13:29:48+03,Не определено
7604,135194,1219,2022-03-04 16:18:11+03,2022-04-03 02:26:43+03,Не определено
8987,135196,1221,2022-03-04 16:18:11+03,2022-03-20 12:12:59+03,Не определено
10709,135198,1222,2022-03-04 16:18:11+03,2022-03-05 08:03:06+03,Не определено
92,135200,1223,2022-03-04 16:18:11+03,2022-04-06 15:21:39+03,Не определено
2449,135203,1220,2022-03-04 16:18:11+03,2022-04-06 15:21:39+03,Не определено
6100,135208,1217,2022-03-04 16:18:11+03,2022-03-17 12:39:44+03,Не определено
9844,135213,1219,2022-03-04 16:18:11+03,2022-03-05 08:06:40+03,Не определено
5426,135223,1222,2022-03-04 16:18:11+03,2022-03-05 08:11:31+03,Не определено
3058,278019,2300,2022-03-04 18:48:56+03,2022-03-10 09:49:24+03,Неисправен
7399,278025,2300,2022-03-04 18:48:57+03,2022-03-10 09:49:24+03,Неисправен
8148,278026,2300,2022-03-04 18:48:57+03,2022-03-10 09:49:24+03,Неисправен
5885,278039,2300,2022-03-04 18:48:58+03,2022-03-04 21:25:47+03,Неисправен
6686,278040,2300,2022-03-04 18:48:58+03,2022-03-05 09:05:50+03,Неисправен
3061,278051,2342,2022-03-04 18:48:59+03,2022-03-05 09:05:18+03,Неисправен
3740,278052,2342,2022-03-04 18:48:59+03,2022-03-05 09:05:18+03,Неисправен
11283,278062,2394,2022-03-04 18:49:01+03,2022-03-05 09:05:18+03,Неисправен
11992,278063,2394,2022-03-04 18:49:01+03,2022-03-05 09:05:18+03,Неисправен
6689,278072,2429,2022-03-04 18:49:02+03,2022-03-04 20:46:42+03,Неисправен
5184,266918,2253,2022-03-04 21:23:06+03,2022-03-04 22:24:29+03,Неисправен
8122,266922,2253,2022-03-04 21:23:08+03,2022-03-04 22:24:27+03,Неисправен
11276,278014,2300,2022-03-04 21:26:02+03,2022-03-10 09:49:24+03,Неисправен
5886,278039,2300,2022-03-04 21:26:05+03,2022-03-05 09:05:50+03,Неисправен
11277,278014,2300,2022-03-10 10:20:19+03,2022-03-10 15:32:02+03,Неисправен
3059,278019,2300,2022-03-10 10:20:19+03,2022-03-12 14:30:44+03,Неисправен
8149,278026,2300,2022-03-10 10:20:20+03,2022-03-11 12:26:36+03,Неисправен
5887,278039,2300,2022-03-10 10:20:21+03,2022-03-10 12:22:56+03,Неисправен
6687,278040,2300,2022-03-10 10:20:21+03,2022-03-10 12:22:56+03,Неисправен
11278,278014,2300,2022-03-10 15:32:22+03,2022-03-11 10:25:26+03,Неисправен
1419,268001,2459,2022-03-11 12:03:39+03,2022-03-11 15:38:41+03,Неисправен
9564,272684,2459,2022-03-14 07:32:00+03,2022-03-14 09:49:02+03,Неисправен
9565,272684,2459,2022-03-14 10:32:50+03,2022-03-14 11:41:42+03,Неисправен
10829,214126,,2022-03-14 10:36:14+03,2022-03-14 12:58:45+03,Неисправен
6904,120265,401,2022-03-15 09:25:32+03,2022-03-15 10:28:59+03,Неисправен
80,120512,461,2022-03-15 09:38:16+03,2022-03-15 11:19:51+03,Неисправен
10000,214125,,2022-03-15 10:42:41+03,2022-03-15 12:33:08+03,Неисправен
10830,214126,,2022-03-15 10:42:41+03,2022-03-15 12:32:59+03,Неисправен
853,120257,401,2022-03-15 11:25:02+03,2022-05-18 10:12:29+03,Неисправен
649,278000,2300,2022-03-15 15:40:10+03,2022-03-15 16:57:28+03,Неисправен
5890,278311,2371,2022-03-17 13:16:46+03,2022-03-18 10:01:00+03,Неисправен
8144,278010,2300,2022-03-18 10:05:01+03,2022-03-18 16:07:04+03,Неисправен
6690,278072,2429,2022-03-18 10:05:08+03,2022-03-18 16:07:10+03,Неисправен
7402,278073,2429,2022-03-18 10:05:08+03,2022-03-18 16:07:10+03,Неисправен
5891,278311,2371,2022-03-18 10:05:38+03,2022-03-18 15:42:04+03,Неисправен
10512,277869,2300,2022-03-29 09:39:58+03,2022-03-29 12:00:14+03,Батарея неисправна
5888,278039,2300,2022-03-29 12:26:18+03,2022-03-31 08:53:18+03,Неисправен
6688,278040,2300,2022-03-29 12:26:18+03,2022-03-31 08:53:18+03,Неисправен
3062,278051,2342,2022-03-29 12:26:19+03,2022-03-31 08:53:18+03,Неисправен
3741,278052,2342,2022-03-29 12:26:19+03,2022-03-31 08:53:18+03,Неисправен
11284,278062,2394,2022-03-29 12:26:20+03,2022-03-31 08:53:18+03,Неисправен
11993,278063,2394,2022-03-29 12:26:20+03,2022-03-31 08:53:18+03,Неисправен
10804,196622,,2022-03-31 11:10:07+03,2022-03-31 12:24:22+03,Неисправен
23,93424,785,2022-04-04 09:39:38+03,2022-04-04 11:31:01+03,Неисправен
3189,93428,785,2022-04-04 09:39:38+03,2022-04-04 11:34:10+03,Неисправен
1597,93458,776,2022-04-04 09:51:01+03,2022-04-04 11:33:36+03,Неисправен
3911,93461,776,2022-04-04 09:51:01+03,2022-04-04 11:34:47+03,Неисправен
10623,93470,769,2022-04-04 09:51:01+03,2022-04-04 11:35:26+03,Неисправен
38,93584,725,2022-04-04 09:51:01+03,2022-04-04 11:30:51+03,Неисправен
2375,93587,725,2022-04-04 09:51:01+03,2022-04-04 11:31:09+03,Неисправен
4574,93590,725,2022-04-04 09:51:01+03,2022-04-04 11:31:23+03,Неисправен
29,93488,763,2022-04-04 10:33:18+03,2022-04-04 11:35:56+03,Неисправен
2362,93491,763,2022-04-04 10:33:18+03,2022-04-04 11:36:21+03,Неисправен
2368,93507,757,2022-04-04 10:33:18+03,2022-04-04 11:36:49+03,Неисправен
4567,93510,757,2022-04-04 10:33:18+03,2022-04-04 11:36:35+03,Неисправен
6872,94857,675,2022-04-04 11:27:04+03,2022-04-04 13:44:03+03,Неисправен
5390,94855,675,2022-04-04 11:40:03+03,2022-04-04 13:42:56+03,Неисправен
7574,94858,675,2022-04-04 11:40:03+03,2022-04-04 13:44:25+03,Неисправен
2351,93443,785,2022-04-04 12:33:10+03,2022-04-04 13:54:44+03,Неисправен
5343,93447,785,2022-04-04 12:33:10+03,2022-04-04 13:54:31+03,Неисправен
11497,193183,800,2022-04-05 09:49:40+03,2022-04-05 14:05:49+03,Неисправен
5391,94855,675,2022-04-05 13:22:31+03,2022-04-05 14:32:57+03,Неисправен
6873,94857,675,2022-04-05 13:22:31+03,2022-04-05 14:34:25+03,Неисправен
7575,94858,675,2022-04-05 13:22:31+03,2022-04-05 14:33:57+03,Неисправен
4734,196518,,2022-04-06 11:58:11+03,2022-06-20 19:15:47+03,Неисправен
3242,135188,1214,2022-04-06 15:21:45+03,2022-05-26 17:33:27+03,Не определено
4664,135190,1220,2022-04-06 15:21:45+03,2022-04-06 20:31:35+03,Не определено
6099,135192,1220,2022-04-06 15:21:45+03,2022-05-24 16:44:49+03,Не определено
2450,135203,1220,2022-04-06 15:21:45+03,2022-05-08 11:17:07+03,Не определено
6101,135208,1217,2022-04-06 15:21:45+03,2022-04-10 18:47:01+03,Не определено
9845,135213,1219,2022-04-06 15:21:45+03,2022-04-06 19:45:44+03,Не определено
4647,120230,409,2022-04-08 12:29:26+03,2022-05-18 09:38:15+03,Неисправен
8983,120220,,2022-04-08 12:34:13+03,,Неисправен
7403,278073,2429,2022-04-15 10:14:48+03,2022-04-15 11:17:40+03,Неисправен
11984,277999,2300,2022-04-19 10:32:30+03,2022-04-19 11:47:28+03,Неисправен
11988,278015,2300,2022-04-19 10:32:30+03,2022-04-19 12:14:34+03,Неисправен
8145,278010,2300,2022-04-19 10:33:52+03,2022-04-19 12:14:48+03,Неисправен
11279,278014,2300,2022-04-19 10:33:52+03,2022-04-19 12:14:46+03,Неисправен
7400,278025,2300,2022-04-19 10:33:52+03,2022-04-19 12:14:22+03,Неисправен
380,228992,2025,2022-04-19 12:16:12+03,2022-04-19 13:46:08+03,Неисправен
6691,278072,2429,2022-04-21 11:28:00+03,2022-04-21 21:44:02+03,Неисправен
3049,268019,2459,2022-04-22 10:43:12+03,2022-04-22 14:52:23+03,Неисправен
2394,94835,608,2022-04-25 14:23:13+03,2022-04-25 16:01:55+03,Неисправен
8349,178331,,2022-04-28 03:40:44+03,2022-04-29 15:13:22+03,Много неисправных устройств
6694,284696,1355,2022-04-28 09:33:03+03,2022-04-28 12:27:38+03,Неисправен
7407,284713,1371,2022-04-29 09:10:04+03,2022-04-29 12:34:49+03,Неисправен
11193,230846,1385,2022-04-29 09:11:41+03,2022-04-29 11:38:29+03,Неисправен
7408,284729,1385,2022-04-29 09:11:54+03,2022-04-29 11:39:10+03,Неисправен
11194,230846,1385,2022-04-29 12:08:32+03,2022-04-29 13:10:06+03,Неисправен
1607,93522,752,2022-05-05 10:13:21+03,2022-05-05 21:04:28+03,Неисправен
5354,93527,752,2022-05-05 10:13:21+03,2022-05-05 21:04:41+03,Неисправен
3044,267571,2129,2022-05-15 18:47:58+03,2022-05-15 22:16:40+03,Неисправен
4449,286805,,2022-05-16 12:14:30+03,2022-05-16 13:39:44+03,Много неисправных устройств
8338,120283,,2022-05-17 07:14:42+03,2022-05-17 09:04:44+03,Батарея неисправна
3222,120116,,2022-05-17 09:15:12+03,2022-05-17 12:28:48+03,Много неисправных устройств
3948,120117,,2022-05-17 09:15:12+03,2022-05-17 12:28:48+03,Много неисправных устройств
4632,120118,,2022-05-17 09:15:12+03,2022-05-17 12:28:48+03,Много неисправных устройств
9825,120285,,2022-05-17 09:15:13+03,2022-05-17 12:28:49+03,Много неисправных устройств
10692,120254,401,2022-05-18 09:34:32+03,2022-05-18 10:56:47+03,Неисправен
955,154849,422,2022-05-18 09:35:16+03,2022-05-18 10:57:29+03,Неисправен
3961,120245,453,2022-05-18 09:36:11+03,2022-05-18 10:57:16+03,Неисправен
9802,120237,409,2022-05-18 09:37:17+03,2022-05-18 10:55:05+03,Неисправен
4648,120230,409,2022-05-18 09:40:54+03,2022-05-18 10:54:21+03,Неисправен
149,154848,409,2022-05-18 09:40:54+03,2022-05-18 10:55:22+03,Неисправен
1711,154850,401,2022-05-18 09:40:54+03,2022-05-18 10:57:15+03,Неисправен
3304,196820,,2022-05-18 11:43:22+03,2022-05-18 12:57:08+03,Много неисправных устройств
5506,196823,,2022-05-18 11:43:22+03,2022-05-18 12:57:08+03,Много неисправных устройств
6225,196824,,2022-05-18 11:43:22+03,2022-05-18 12:57:08+03,Много неисправных устройств
3265,154100,,2022-05-19 16:27:12+03,2022-05-19 20:30:58+03,Много неисправных устройств
4708,154102,,2022-05-19 16:27:12+03,2022-05-19 21:07:17+03,Много неисправных устройств
12066,287919,3108,2022-05-20 18:22:36+03,2022-05-25 09:34:44+03,Неисправен
728,287920,3108,2022-05-20 18:22:36+03,2022-05-25 09:35:10+03,Неисправен
11369,288030,3144,2022-05-20 18:22:41+03,2022-05-23 12:55:47+03,Неисправен
12069,288031,3144,2022-05-20 18:22:41+03,2022-05-23 12:42:56+03,Неисправен
3824,288036,3144,2022-05-20 18:22:41+03,2022-05-23 13:01:32+03,Неисправен
4526,288037,3144,2022-05-20 18:22:41+03,2022-05-23 12:46:04+03,Неисправен
8227,288042,3144,2022-05-20 18:22:41+03,2022-05-23 12:53:44+03,Неисправен
8893,288043,3144,2022-05-20 18:22:41+03,2022-05-23 12:58:54+03,Неисправен
2296,288050,3144,2022-05-20 18:22:41+03,2022-05-24 10:09:16+03,Неисправен
3151,288051,3144,2022-05-20 18:22:41+03,2022-05-24 09:46:34+03,Неисправен
6773,288056,3144,2022-05-20 18:22:42+03,2022-05-24 12:20:10+03,Неисправен
7489,288057,3144,2022-05-20 18:22:42+03,2022-05-24 12:21:28+03,Неисправен
11373,288062,3144,2022-05-20 18:22:42+03,2022-05-24 12:21:30+03,Неисправен
12075,288063,3144,2022-05-20 18:22:42+03,2022-05-24 09:43:52+03,Неисправен
3828,288068,3144,2022-05-20 18:22:42+03,2022-05-23 13:03:22+03,Неисправен
11370,288030,3144,2022-05-23 13:07:58+03,2022-05-24 13:57:40+03,Неисправен
12070,288031,3144,2022-05-23 13:07:58+03,2022-05-23 16:52:56+03,Неисправен
3825,288036,3144,2022-05-23 13:07:58+03,2022-05-23 16:51:36+03,Неисправен
4527,288037,3144,2022-05-23 13:07:58+03,2022-05-24 13:55:44+03,Неисправен
8228,288042,3144,2022-05-23 13:07:58+03,2022-05-24 14:36:50+03,Неисправен
8894,288043,3144,2022-05-23 13:07:58+03,2022-05-24 13:57:22+03,Неисправен
3150,287987,3114,2022-05-23 16:05:47+03,2022-05-26 09:16:36+03,Неисправен
3747,287012,2791,2022-05-23 16:30:50+03,2022-05-23 22:09:28+03,Неисправен
5896,287015,2792,2022-05-23 16:30:50+03,2022-05-23 22:09:28+03,Неисправен
7411,287017,2757,2022-05-23 16:30:51+03,2022-05-23 22:09:28+03,Неисправен
6697,287032,2724,2022-05-23 16:31:03+03,2022-05-23 22:09:35+03,Неисправен
3748,287012,2791,2022-05-23 22:11:25+03,2022-05-24 15:18:58+03,Неисправен
5897,287015,2792,2022-05-23 22:11:25+03,2022-05-24 15:18:58+03,Неисправен
7412,287017,2757,2022-05-23 22:11:27+03,2022-05-24 15:19:42+03,Неисправен
6698,287032,2724,2022-05-23 22:11:38+03,2022-05-24 15:20:06+03,Неисправен
2241,287682,2856,2022-05-23 22:14:09+03,2022-05-24 14:55:43+03,Неисправен
2297,288050,3144,2022-05-24 14:12:02+03,2022-05-28 10:23:52+03,Неисправен
8229,288042,3144,2022-05-24 14:39:42+03,2022-05-28 10:06:52+03,Неисправен
12071,288031,3144,2022-05-24 14:46:46+03,2022-05-28 10:19:42+03,Неисправен
3152,288051,3144,2022-05-24 14:49:20+03,2022-05-28 10:22:36+03,Неисправен
2242,287682,2856,2022-05-24 14:55:50+03,2022-05-25 10:03:34+03,Неисправен
4528,288037,3144,2022-05-24 14:58:44+03,2022-05-28 10:15:52+03,Неисправен
7413,287017,2757,2022-05-26 14:20:50+03,2022-05-29 14:18:08+03,Неисправен
10515,287021,2755,2022-05-26 14:20:50+03,2022-05-29 14:18:09+03,Неисправен
6699,287032,2724,2022-05-26 14:20:50+03,2022-05-27 14:09:46+03,Неисправен
3752,287620,2897,2022-05-27 10:39:26+03,2022-05-27 12:36:48+03,Неисправен
4455,287621,2896,2022-05-27 10:39:26+03,2022-05-27 12:36:48+03,Неисправен
7418,287593,2922,2022-05-27 10:39:32+03,2022-05-27 12:36:50+03,Неисправен
8153,287594,2920,2022-05-27 10:39:34+03,2022-05-27 12:36:50+03,Неисправен
8815,287595,2920,2022-05-27 10:39:34+03,2022-05-27 12:36:50+03,Неисправен
9574,287596,2919,2022-05-27 10:39:34+03,2022-05-27 12:36:50+03,Неисправен
10519,287597,2918,2022-05-27 10:39:34+03,2022-05-27 12:36:50+03,Неисправен
11299,287598,2917,2022-05-27 10:39:34+03,2022-05-27 12:36:50+03,Неисправен
12000,287599,2916,2022-05-27 10:39:34+03,2022-05-27 12:36:50+03,Неисправен
664,287600,2915,2022-05-27 10:39:36+03,2022-05-27 12:36:50+03,Неисправен
1452,287601,2914,2022-05-27 10:39:36+03,2022-05-27 12:36:50+03,Неисправен
2222,287602,2914,2022-05-27 10:39:36+03,2022-05-27 12:36:46+03,Неисправен
3078,287603,2913,2022-05-27 10:39:36+03,2022-05-27 12:36:46+03,Неисправен
4454,287605,2912,2022-05-27 10:39:36+03,2022-05-27 12:36:46+03,Неисправен
5212,287606,2912,2022-05-27 10:39:36+03,2022-05-27 12:36:46+03,Неисправен
5902,287607,2911,2022-05-27 10:39:38+03,2022-05-27 12:36:46+03,Неисправен
6701,287608,2909,2022-05-27 10:39:38+03,2022-05-27 12:36:46+03,Неисправен
7419,287609,2908,2022-05-27 10:39:38+03,2022-05-27 12:36:46+03,Неисправен
8154,287610,2907,2022-05-27 10:39:38+03,2022-05-27 12:36:46+03,Неисправен
8816,287611,2906,2022-05-27 10:39:38+03,2022-05-27 12:36:48+03,Неисправен
9575,287612,2905,2022-05-27 10:39:38+03,2022-05-27 12:36:48+03,Неисправен
10520,287613,2904,2022-05-27 10:39:40+03,2022-05-27 12:36:48+03,Неисправен
11300,287614,2903,2022-05-27 10:39:40+03,2022-05-27 12:36:48+03,Неисправен
12001,287615,2902,2022-05-27 10:39:40+03,2022-05-27 12:36:48+03,Неисправен
665,287616,2901,2022-05-27 10:39:40+03,2022-05-27 12:36:48+03,Неисправен
1453,287617,2900,2022-05-27 10:39:40+03,2022-05-27 12:36:48+03,Неисправен
2223,287618,2898,2022-05-27 10:39:40+03,2022-05-27 12:36:48+03,Неисправен
3079,287619,2898,2022-05-27 10:39:40+03,2022-05-27 12:36:48+03,Неисправен
5213,287622,2926,2022-05-27 10:39:42+03,2022-05-27 12:36:24+03,Неисправен
5903,287623,2925,2022-05-27 10:39:42+03,2022-05-27 12:36:24+03,Неисправен
9572,287564,2942,2022-05-27 10:39:44+03,2022-05-27 12:36:26+03,Неисправен
10517,287565,2942,2022-05-27 10:39:44+03,2022-05-27 12:36:26+03,Неисправен
11297,287566,2942,2022-05-27 10:39:44+03,2022-05-27 12:36:26+03,Неисправен
11998,287567,2942,2022-05-27 10:39:44+03,2022-05-27 12:36:26+03,Неисправен
662,287568,2942,2022-05-27 10:39:44+03,2022-05-27 12:36:26+03,Неисправен
1451,287569,2942,2022-05-27 10:39:44+03,2022-05-27 12:36:26+03,Неисправен
2220,287570,2941,2022-05-27 10:39:46+03,2022-05-27 12:36:26+03,Неисправен
3750,287572,2941,2022-05-27 10:39:46+03,2022-05-27 12:36:26+03,Неисправен
4452,287573,2941,2022-05-27 10:39:46+03,2022-05-27 12:36:26+03,Неисправен
5210,287574,2940,2022-05-27 10:39:46+03,2022-05-27 12:36:26+03,Неисправен
5901,287575,2939,2022-05-27 10:39:46+03,2022-05-27 12:36:26+03,Неисправен
6700,287576,2938,2022-05-27 10:39:48+03,2022-05-27 12:36:26+03,Неисправен
7417,287577,2937,2022-05-27 10:39:48+03,2022-05-27 12:36:26+03,Неисправен
8152,287578,2936,2022-05-27 10:39:48+03,2022-05-27 12:36:26+03,Неисправен
8814,287579,2935,2022-05-27 10:39:48+03,2022-05-27 12:36:26+03,Неисправен
9573,287580,2934,2022-05-27 10:39:48+03,2022-05-27 12:36:26+03,Неисправен
10518,287581,2933,2022-05-27 10:39:48+03,2022-05-27 12:36:26+03,Неисправен
11298,287582,2931,2022-05-27 10:39:48+03,2022-05-27 12:36:26+03,Неисправен
11999,287583,2931,2022-05-27 10:39:50+03,2022-05-27 12:36:26+03,Неисправен
663,287584,2930,2022-05-27 10:39:50+03,2022-05-27 12:36:28+03,Неисправен
2221,287586,2929,2022-05-27 10:39:50+03,2022-05-27 12:36:28+03,Неисправен
3077,287587,2928,2022-05-27 10:39:50+03,2022-05-27 12:36:28+03,Неисправен
3751,287588,2927,2022-05-27 10:39:50+03,2022-05-27 12:36:28+03,Неисправен
4453,287589,2926,2022-05-27 10:39:52+03,2022-05-27 12:36:28+03,Неисправен
5211,287590,2925,2022-05-27 10:39:52+03,2022-05-27 12:36:28+03,Неисправен
7426,287657,2876,2022-05-27 11:09:38+03,2022-05-29 13:57:47+03,Неисправен
8161,287658,2876,2022-05-27 11:09:40+03,2022-05-29 13:57:47+03,Неисправен
9588,287660,2875,2022-05-27 11:09:40+03,2022-05-29 13:57:47+03,Неисправен
10533,287661,2875,2022-05-27 11:09:40+03,2022-05-29 13:57:47+03,Неисправен
11313,287662,2875,2022-05-27 11:09:40+03,2022-05-29 13:57:47+03,Неисправен
12014,287663,2875,2022-05-27 11:09:40+03,2022-05-29 13:57:47+03,Неисправен
677,287664,2874,2022-05-27 11:09:40+03,2022-05-29 13:57:47+03,Неисправен
1466,287665,2873,2022-05-27 11:09:42+03,2022-05-29 13:57:47+03,Неисправен
2235,287666,2872,2022-05-27 11:09:42+03,2022-05-29 13:57:47+03,Неисправен
3092,287667,2871,2022-05-27 11:09:42+03,2022-05-29 13:57:47+03,Неисправен
3765,287668,2870,2022-05-27 11:09:42+03,2022-05-29 13:57:47+03,Неисправен
4468,287669,2869,2022-05-27 11:09:42+03,2022-05-29 13:57:47+03,Неисправен
5226,287670,2868,2022-05-27 11:09:42+03,2022-05-29 13:57:47+03,Неисправен
5915,287671,2867,2022-05-27 11:09:44+03,2022-05-29 13:57:47+03,Неисправен
6714,287672,2865,2022-05-27 11:09:44+03,2022-05-29 13:57:47+03,Неисправен
8834,287675,2862,2022-05-27 11:09:44+03,2022-05-29 13:57:47+03,Неисправен
9594,287676,2861,2022-05-27 11:09:44+03,2022-05-29 13:57:47+03,Неисправен
10539,287677,2861,2022-05-27 11:09:46+03,2022-05-29 13:57:47+03,Неисправен
11319,287678,2860,2022-05-27 11:09:46+03,2022-05-29 13:57:47+03,Неисправен
12020,287679,2859,2022-05-27 11:09:46+03,2022-05-29 13:57:47+03,Неисправен
683,287680,2858,2022-05-27 11:09:46+03,2022-05-29 13:57:47+03,Неисправен
1472,287681,2857,2022-05-27 11:09:46+03,2022-05-29 13:57:47+03,Неисправен
2243,287682,2856,2022-05-27 11:09:46+03,2022-05-29 13:57:47+03,Неисправен
3098,287683,2854,2022-05-27 11:09:46+03,2022-05-29 13:57:47+03,Неисправен
3771,287684,2853,2022-05-27 11:09:48+03,2022-05-29 13:57:47+03,Неисправен
4474,287685,2852,2022-05-27 11:09:48+03,2022-05-29 13:57:47+03,Неисправен
5232,287686,2851,2022-05-27 11:09:48+03,2022-05-29 13:57:47+03,Неисправен
5921,287687,2850,2022-05-27 11:09:48+03,2022-05-29 13:57:47+03,Неисправен
6720,287688,2849,2022-05-27 11:09:48+03,2022-05-29 13:57:47+03,Неисправен
7437,287689,2848,2022-05-27 11:09:48+03,2022-05-29 13:57:47+03,Неисправен
8817,287627,2896,2022-05-27 11:09:50+03,2022-05-27 15:31:00+03,Неисправен
8172,287690,2847,2022-05-27 11:09:50+03,2022-05-29 13:57:47+03,Неисправен
8840,287691,2879,2022-05-27 11:09:50+03,2022-05-27 15:31:04+03,Неисправен
9600,287692,2878,2022-05-27 11:09:50+03,2022-05-27 15:31:04+03,Неисправен
9576,287628,2896,2022-05-27 11:09:52+03,2022-05-27 15:31:00+03,Неисправен
10521,287629,2896,2022-05-27 11:09:52+03,2022-05-27 15:31:00+03,Неисправен
11301,287630,2896,2022-05-27 11:09:52+03,2022-05-27 15:31:00+03,Неисправен
12002,287631,2895,2022-05-27 11:09:52+03,2022-05-27 15:31:00+03,Неисправен
666,287632,2895,2022-05-27 11:09:52+03,2022-05-27 15:31:00+03,Неисправен
1454,287633,2895,2022-05-27 11:09:52+03,2022-05-27 15:31:00+03,Неисправен
2224,287634,2895,2022-05-27 11:09:52+03,2022-05-27 15:31:00+03,Неисправен
3080,287635,2894,2022-05-27 11:09:54+03,2022-05-27 15:31:00+03,Неисправен
3753,287636,2893,2022-05-27 11:09:54+03,2022-05-27 15:31:00+03,Неисправен
4456,287637,2892,2022-05-27 11:09:54+03,2022-05-27 15:34:06+03,Неисправен
5214,287638,2891,2022-05-27 11:09:54+03,2022-05-27 15:31:00+03,Неисправен
5904,287639,2890,2022-05-27 11:09:54+03,2022-05-27 15:31:00+03,Неисправен
6702,287640,2889,2022-05-27 11:09:54+03,2022-05-27 15:31:00+03,Неисправен
7420,287641,2887,2022-05-27 11:09:56+03,2022-05-27 15:31:00+03,Неисправен
8155,287642,2886,2022-05-27 11:09:56+03,2022-05-27 15:31:00+03,Неисправен
8823,287643,2885,2022-05-27 11:09:56+03,2022-05-27 15:31:00+03,Неисправен
9582,287644,2884,2022-05-27 11:09:56+03,2022-05-27 15:31:00+03,Неисправен
10527,287645,2883,2022-05-27 11:09:56+03,2022-05-27 15:31:00+03,Неисправен
11307,287646,2882,2022-05-27 11:09:56+03,2022-05-27 15:31:00+03,Неисправен
12008,287647,2881,2022-05-27 11:09:58+03,2022-05-27 15:31:00+03,Неисправен
672,287648,2880,2022-05-27 11:09:58+03,2022-05-27 15:31:00+03,Неисправен
1460,287649,2879,2022-05-27 11:09:58+03,2022-05-27 15:31:02+03,Неисправен
2229,287650,2879,2022-05-27 11:09:58+03,2022-05-27 15:31:02+03,Неисправен
3086,287651,2879,2022-05-27 11:09:58+03,2022-05-27 15:31:02+03,Неисправен
3759,287652,2878,2022-05-27 11:09:58+03,2022-05-27 15:31:02+03,Неисправен
4462,287653,2878,2022-05-27 11:09:58+03,2022-05-27 15:31:02+03,Неисправен
5220,287654,2878,2022-05-27 11:10:00+03,2022-05-27 15:31:02+03,Неисправен
5910,287655,2878,2022-05-27 11:10:00+03,2022-05-27 15:31:02+03,Неисправен
6708,287656,2878,2022-05-27 11:10:00+03,2022-05-27 15:31:02+03,Неисправен
10551,287741,2818,2022-05-27 11:35:28+03,2022-05-29 13:57:47+03,Неисправен
11331,287742,2817,2022-05-27 11:35:30+03,2022-05-29 13:57:48+03,Неисправен
698,287744,2815,2022-05-27 11:35:30+03,2022-05-29 13:57:48+03,Неисправен
1486,287745,2815,2022-05-27 11:35:30+03,2022-05-29 13:57:48+03,Неисправен
2258,287746,2815,2022-05-27 11:35:30+03,2022-05-29 13:57:48+03,Неисправен
3113,287747,2815,2022-05-27 11:35:30+03,2022-05-29 13:57:48+03,Неисправен
3785,287748,2814,2022-05-27 11:35:32+03,2022-05-29 13:57:48+03,Неисправен
4487,287749,2814,2022-05-27 11:35:32+03,2022-05-29 13:57:48+03,Неисправен
5247,287750,2814,2022-05-27 11:35:32+03,2022-05-29 13:57:48+03,Неисправен
5935,287751,2813,2022-05-27 11:35:32+03,2022-05-29 13:57:48+03,Неисправен
6734,287752,2813,2022-05-27 11:35:32+03,2022-05-29 13:57:48+03,Неисправен
7452,287753,2812,2022-05-27 11:35:32+03,2022-05-29 13:57:48+03,Неисправен
8187,287754,2812,2022-05-27 11:35:32+03,2022-05-29 13:57:48+03,Неисправен
9615,287756,2811,2022-05-27 11:35:34+03,2022-05-29 13:57:48+03,Неисправен
10554,287757,2811,2022-05-27 11:35:34+03,2022-05-29 13:57:48+03,Неисправен
11334,287758,2811,2022-05-27 11:35:34+03,2022-05-29 13:57:48+03,Неисправен
12036,287759,2811,2022-05-27 11:35:34+03,2022-05-29 13:57:48+03,Неисправен
2255,287730,2828,2022-05-27 11:35:42+03,2022-05-29 13:57:47+03,Неисправен
3110,287731,2828,2022-05-27 11:35:42+03,2022-05-29 13:57:47+03,Неисправен
3782,287732,2827,2022-05-27 11:35:42+03,2022-05-29 13:57:47+03,Неисправен
5244,287734,2825,2022-05-27 11:35:44+03,2022-05-29 13:57:47+03,Неисправен
5932,287735,2824,2022-05-27 11:35:44+03,2022-05-29 13:57:47+03,Неисправен
7449,287737,2823,2022-05-27 11:35:44+03,2022-05-29 13:57:47+03,Неисправен
8184,287738,2822,2022-05-27 11:35:44+03,2022-05-29 13:57:47+03,Неисправен
8851,287739,2820,2022-05-27 11:35:44+03,2022-05-29 13:57:47+03,Неисправен
9612,287740,2819,2022-05-27 11:35:46+03,2022-05-29 13:57:47+03,Неисправен
12026,287695,2846,2022-05-27 11:36:04+03,2022-05-29 13:57:47+03,Неисправен
689,287696,2846,2022-05-27 11:36:04+03,2022-05-29 13:57:47+03,Неисправен
1478,287697,2846,2022-05-27 11:36:06+03,2022-05-29 13:57:47+03,Неисправен
2249,287698,2846,2022-05-27 11:36:06+03,2022-05-29 13:57:47+03,Неисправен
3104,287699,2845,2022-05-27 11:36:06+03,2022-05-29 13:57:47+03,Неисправен
5238,287702,2845,2022-05-27 11:36:06+03,2022-05-29 13:57:47+03,Неисправен
6726,287704,2845,2022-05-27 11:36:08+03,2022-05-29 13:57:47+03,Неисправен
7443,287705,2845,2022-05-27 11:36:08+03,2022-05-29 13:57:47+03,Неисправен
8178,287706,2843,2022-05-27 11:36:08+03,2022-05-29 13:57:47+03,Неисправен
8845,287707,2843,2022-05-27 11:36:08+03,2022-05-29 13:57:47+03,Неисправен
9606,287708,2842,2022-05-27 11:36:08+03,2022-05-29 13:57:47+03,Неисправен
10545,287709,2841,2022-05-27 11:36:08+03,2022-05-29 13:57:47+03,Неисправен
11325,287710,2840,2022-05-27 11:36:10+03,2022-05-29 13:57:47+03,Неисправен
12029,287711,2840,2022-05-27 11:36:10+03,2022-05-29 13:57:47+03,Неисправен
692,287712,2839,2022-05-27 11:36:10+03,2022-05-29 13:57:47+03,Неисправен
2252,287714,2837,2022-05-27 11:36:10+03,2022-05-29 13:57:47+03,Неисправен
3107,287715,2836,2022-05-27 11:36:10+03,2022-05-29 13:57:47+03,Неисправен
3779,287716,2835,2022-05-27 11:36:12+03,2022-05-29 13:57:47+03,Неисправен
4482,287717,2834,2022-05-27 11:36:12+03,2022-05-29 13:57:47+03,Неисправен
5241,287718,2831,2022-05-27 11:36:12+03,2022-05-29 13:57:47+03,Неисправен
5929,287719,2831,2022-05-27 11:36:12+03,2022-05-29 13:57:47+03,Неисправен
6729,287720,2831,2022-05-27 11:36:12+03,2022-05-29 13:57:47+03,Неисправен
7446,287721,2831,2022-05-27 11:36:12+03,2022-05-29 13:57:47+03,Неисправен
8181,287722,2831,2022-05-27 11:36:14+03,2022-05-29 13:57:47+03,Неисправен
8848,287723,2831,2022-05-27 11:36:14+03,2022-05-29 13:57:47+03,Неисправен
9609,287724,2831,2022-05-27 11:36:14+03,2022-05-29 13:57:47+03,Неисправен
10548,287725,2831,2022-05-27 11:36:14+03,2022-05-29 13:57:47+03,Неисправен
11328,287726,2830,2022-05-27 11:36:14+03,2022-05-29 13:57:47+03,Неисправен
695,287728,2830,2022-05-27 11:36:14+03,2022-05-29 13:57:47+03,Неисправен
1483,287729,2829,2022-05-27 11:36:16+03,2022-05-29 13:57:47+03,Неисправен
10528,287645,2883,2022-05-27 15:34:40+03,2022-05-29 13:57:47+03,Неисправен
11308,287646,2882,2022-05-27 15:34:42+03,2022-05-29 13:57:47+03,Неисправен
12009,287647,2881,2022-05-27 15:34:42+03,2022-05-29 13:57:47+03,Неисправен
1461,287649,2879,2022-05-27 15:34:42+03,2022-05-29 13:57:47+03,Неисправен
2230,287650,2879,2022-05-27 15:34:42+03,2022-05-29 13:57:47+03,Неисправен
3087,287651,2879,2022-05-27 15:34:42+03,2022-05-29 13:57:47+03,Неисправен
3760,287652,2878,2022-05-27 15:34:42+03,2022-05-29 13:57:47+03,Неисправен
4463,287653,2878,2022-05-27 15:34:44+03,2022-05-29 13:57:47+03,Неисправен
5221,287654,2878,2022-05-27 15:34:44+03,2022-05-29 13:57:47+03,Неисправен
6709,287656,2878,2022-05-27 15:34:44+03,2022-05-29 13:57:47+03,Неисправен
9601,287692,2878,2022-05-27 15:34:46+03,2022-05-29 13:57:47+03,Неисправен
8818,287627,2896,2022-05-27 15:34:48+03,2022-05-29 13:57:46+03,Неисправен
9577,287628,2896,2022-05-27 15:34:48+03,2022-05-29 13:57:46+03,Неисправен
10522,287629,2896,2022-05-27 15:34:48+03,2022-05-29 13:57:46+03,Неисправен
11302,287630,2896,2022-05-27 15:34:48+03,2022-05-29 13:57:46+03,Неисправен
12003,287631,2895,2022-05-27 15:34:48+03,2022-05-29 13:57:46+03,Неисправен
667,287632,2895,2022-05-27 15:34:48+03,2022-05-29 13:57:47+03,Неисправен
1455,287633,2895,2022-05-27 15:34:50+03,2022-05-29 13:57:47+03,Неисправен
3081,287635,2894,2022-05-27 15:34:50+03,2022-05-29 13:57:47+03,Неисправен
3754,287636,2893,2022-05-27 15:34:50+03,2022-05-29 13:57:47+03,Неисправен
4457,287637,2892,2022-05-27 15:34:50+03,2022-05-29 13:57:47+03,Неисправен
5215,287638,2891,2022-05-27 15:34:50+03,2022-05-29 13:57:47+03,Неисправен
5905,287639,2890,2022-05-27 15:34:52+03,2022-05-29 13:57:47+03,Неисправен
6703,287640,2889,2022-05-27 15:34:52+03,2022-05-29 13:57:47+03,Неисправен
7421,287641,2887,2022-05-27 15:34:52+03,2022-05-29 13:57:47+03,Неисправен
8156,287642,2886,2022-05-27 15:34:52+03,2022-05-29 13:57:47+03,Неисправен
8824,287643,2885,2022-05-27 15:34:52+03,2022-05-29 13:57:47+03,Неисправен
9583,287644,2884,2022-05-27 15:34:52+03,2022-05-29 13:57:47+03,Неисправен
5879,268791,2473,2022-05-27 16:23:20+03,2022-06-01 12:19:36+03,Неисправен
5250,287766,2805,2022-05-28 12:14:48+03,2022-05-29 13:57:48+03,Неисправен
5938,287767,2804,2022-05-28 12:14:48+03,2022-05-29 13:57:48+03,Неисправен
6737,287768,2804,2022-05-28 12:14:48+03,2022-05-29 13:57:48+03,Неисправен
7455,287769,2803,2022-05-28 12:14:50+03,2022-05-29 13:57:48+03,Неисправен
8190,287770,2802,2022-05-28 12:14:50+03,2022-05-29 13:57:48+03,Неисправен
8856,287771,2801,2022-05-28 12:14:50+03,2022-05-29 13:57:48+03,Неисправен
11337,287774,2798,2022-05-28 12:14:50+03,2022-05-29 13:57:48+03,Неисправен
701,287776,2798,2022-05-28 12:14:52+03,2022-05-29 13:57:48+03,Неисправен
1489,287777,2798,2022-05-28 12:14:52+03,2022-05-29 13:57:48+03,Неисправен
3793,287780,2796,2022-05-28 12:14:52+03,2022-05-29 13:57:48+03,Неисправен
4495,287781,2795,2022-05-28 12:14:52+03,2022-05-29 13:57:48+03,Неисправен
5255,287782,2794,2022-05-28 12:14:54+03,2022-05-29 13:57:48+03,Неисправен
5943,287783,2793,2022-05-28 12:14:54+03,2022-05-29 13:57:48+03,Неисправен
6742,287784,2793,2022-05-28 12:14:54+03,2022-05-29 13:57:48+03,Неисправен
7460,287785,2793,2022-05-28 12:14:54+03,2022-05-29 13:57:48+03,Неисправен
8195,287786,2793,2022-05-28 12:14:54+03,2022-05-29 13:57:48+03,Неисправен
8861,287787,2793,2022-05-28 12:14:54+03,2022-05-29 13:57:48+03,Неисправен
9622,287788,2793,2022-05-28 12:14:56+03,2022-05-29 13:57:48+03,Неисправен
10561,287789,2793,2022-05-28 12:14:56+03,2022-05-29 13:57:48+03,Неисправен
11342,287790,2792,2022-05-28 12:14:56+03,2022-05-29 13:57:48+03,Неисправен
12043,287791,2792,2022-05-28 12:14:56+03,2022-05-29 13:57:48+03,Неисправен
706,287792,2792,2022-05-28 12:14:56+03,2022-05-29 13:57:48+03,Неисправен
2261,287762,2809,2022-05-28 12:15:02+03,2022-05-29 13:57:48+03,Неисправен
3788,287764,2807,2022-05-28 12:15:04+03,2022-05-29 13:57:48+03,Неисправен
4490,287765,2806,2022-05-28 12:15:04+03,2022-05-29 13:57:48+03,Неисправен
1494,287793,2791,2022-05-28 12:15:14+03,2022-05-29 13:57:48+03,Неисправен
3124,287795,2791,2022-05-28 12:15:14+03,2022-05-29 13:57:48+03,Неисправен
3798,287796,2791,2022-05-28 12:15:14+03,2022-05-29 13:57:48+03,Неисправен
4500,287797,2791,2022-05-28 12:15:14+03,2022-05-29 13:57:48+03,Неисправен
5948,287799,2789,2022-05-28 12:15:16+03,2022-05-29 13:57:48+03,Неисправен
6747,287800,2789,2022-05-28 12:15:16+03,2022-05-29 13:57:48+03,Неисправен
8200,287802,2786,2022-05-28 12:15:16+03,2022-05-29 13:57:48+03,Неисправен
9628,287804,2784,2022-05-28 12:15:16+03,2022-05-29 13:57:48+03,Неисправен
10566,287805,2783,2022-05-28 12:15:18+03,2022-05-29 13:57:48+03,Неисправен
11347,287806,2782,2022-05-28 12:15:18+03,2022-05-29 13:57:48+03,Неисправен
1499,287809,2780,2022-05-28 12:15:18+03,2022-05-29 13:57:48+03,Неисправен
2274,287810,2779,2022-05-28 12:15:18+03,2022-05-29 13:57:48+03,Неисправен
3129,287811,2777,2022-05-28 12:15:18+03,2022-05-29 13:57:48+03,Неисправен
3803,287812,2777,2022-05-28 12:15:20+03,2022-05-29 13:57:48+03,Неисправен
4505,287813,2776,2022-05-28 12:15:20+03,2022-05-29 13:57:48+03,Неисправен
5264,287814,2775,2022-05-28 12:15:20+03,2022-05-29 13:57:48+03,Неисправен
5953,287815,2774,2022-05-28 12:15:20+03,2022-05-29 13:57:48+03,Неисправен
6752,287816,2773,2022-05-28 12:15:20+03,2022-05-29 13:57:48+03,Неисправен
7469,287817,2772,2022-05-28 12:15:20+03,2022-05-29 13:57:48+03,Неисправен
8205,287818,2771,2022-05-28 12:15:22+03,2022-05-29 13:57:48+03,Неисправен
8870,287819,2770,2022-05-28 12:15:22+03,2022-05-29 13:57:48+03,Неисправен
9633,287820,2770,2022-05-28 12:15:22+03,2022-05-29 13:57:48+03,Неисправен
10571,287821,2769,2022-05-28 12:15:22+03,2022-05-29 13:57:48+03,Неисправен
11352,287822,2768,2022-05-28 12:15:22+03,2022-05-29 13:57:48+03,Неисправен
2262,287762,2809,2022-05-29 14:06:02+03,2022-05-30 08:23:26+03,Неисправен
3116,287763,2808,2022-05-29 14:06:02+03,2022-05-30 08:23:26+03,Неисправен
3789,287764,2807,2022-05-29 14:06:02+03,2022-05-30 08:23:28+03,Неисправен
4491,287765,2806,2022-05-29 14:06:02+03,2022-05-30 08:23:28+03,Неисправен
5251,287766,2805,2022-05-29 14:06:02+03,2022-05-30 08:23:28+03,Неисправен
5939,287767,2804,2022-05-29 14:06:02+03,2022-05-30 08:23:28+03,Неисправен
6738,287768,2804,2022-05-29 14:06:02+03,2022-05-30 08:23:28+03,Неисправен
7456,287769,2803,2022-05-29 14:06:02+03,2022-05-30 08:23:28+03,Неисправен
8191,287770,2802,2022-05-29 14:06:02+03,2022-05-30 08:23:30+03,Неисправен
8857,287771,2801,2022-05-29 14:06:02+03,2022-05-30 08:23:30+03,Неисправен
9618,287772,2800,2022-05-29 14:06:02+03,2022-05-30 08:23:30+03,Неисправен
10557,287773,2800,2022-05-29 14:06:02+03,2022-05-30 08:23:30+03,Неисправен
11338,287774,2798,2022-05-29 14:06:02+03,2022-05-30 08:23:30+03,Неисправен
12039,287775,2798,2022-05-29 14:06:02+03,2022-05-30 08:23:30+03,Неисправен
702,287776,2798,2022-05-29 14:06:02+03,2022-05-30 08:23:30+03,Неисправен
1490,287777,2798,2022-05-29 14:06:02+03,2022-05-30 08:23:32+03,Неисправен
2266,287778,2797,2022-05-29 14:06:02+03,2022-05-30 08:23:32+03,Неисправен
3120,287779,2797,2022-05-29 14:06:02+03,2022-05-30 08:23:32+03,Неисправен
3794,287780,2796,2022-05-29 14:06:02+03,2022-05-30 08:23:32+03,Неисправен
4496,287781,2795,2022-05-29 14:06:02+03,2022-05-30 08:23:32+03,Неисправен
5256,287782,2794,2022-05-29 14:06:02+03,2022-05-30 08:23:32+03,Неисправен
5944,287783,2793,2022-05-29 14:06:02+03,2022-05-30 08:23:34+03,Неисправен
6743,287784,2793,2022-05-29 14:06:02+03,2022-05-30 08:23:34+03,Неисправен
7461,287785,2793,2022-05-29 14:06:02+03,2022-05-30 08:23:34+03,Неисправен
8196,287786,2793,2022-05-29 14:06:02+03,2022-05-30 08:23:34+03,Неисправен
8862,287787,2793,2022-05-29 14:06:02+03,2022-05-30 08:23:34+03,Неисправен
9623,287788,2793,2022-05-29 14:06:02+03,2022-05-30 08:23:34+03,Неисправен
10562,287789,2793,2022-05-29 14:06:02+03,2022-05-30 08:23:36+03,Неисправен
11343,287790,2792,2022-05-29 14:06:02+03,2022-05-30 08:23:36+03,Неисправен
12044,287791,2792,2022-05-29 14:06:02+03,2022-05-30 08:23:36+03,Неисправен
707,287792,2792,2022-05-29 14:06:02+03,2022-05-30 08:23:36+03,Неисправен
1495,287793,2791,2022-05-29 14:06:02+03,2022-05-30 08:23:36+03,Неисправен
2270,287794,2791,2022-05-29 14:06:02+03,2022-05-30 08:23:36+03,Неисправен
3125,287795,2791,2022-05-29 14:06:02+03,2022-05-30 08:23:36+03,Неисправен
3799,287796,2791,2022-05-29 14:06:02+03,2022-05-30 08:23:38+03,Неисправен
4501,287797,2791,2022-05-29 14:06:02+03,2022-05-30 08:23:38+03,Неисправен
5260,287798,2790,2022-05-29 14:06:02+03,2022-05-30 08:23:38+03,Неисправен
5949,287799,2789,2022-05-29 14:06:02+03,2022-05-30 08:23:38+03,Неисправен
6748,287800,2789,2022-05-29 14:06:02+03,2022-05-30 08:23:38+03,Неисправен
7465,287801,2787,2022-05-29 14:06:02+03,2022-05-30 08:23:38+03,Неисправен
8201,287802,2786,2022-05-29 14:06:02+03,2022-05-30 08:23:40+03,Неисправен
8866,287803,2785,2022-05-29 14:06:02+03,2022-05-30 08:23:40+03,Неисправен
9629,287804,2784,2022-05-29 14:06:02+03,2022-05-30 08:23:40+03,Неисправен
10567,287805,2783,2022-05-29 14:06:02+03,2022-05-30 08:23:40+03,Неисправен
11348,287806,2782,2022-05-29 14:06:02+03,2022-05-30 08:23:40+03,Неисправен
12048,287807,2781,2022-05-29 14:06:02+03,2022-05-30 08:23:40+03,Неисправен
711,287808,2780,2022-05-29 14:06:02+03,2022-05-30 08:23:42+03,Неисправен
1500,287809,2780,2022-05-29 14:06:02+03,2022-05-30 08:23:42+03,Неисправен
2275,287810,2779,2022-05-29 14:06:02+03,2022-05-30 08:23:42+03,Неисправен
3130,287811,2777,2022-05-29 14:06:02+03,2022-05-30 08:23:42+03,Неисправен
3804,287812,2777,2022-05-29 14:06:02+03,2022-05-30 08:23:42+03,Неисправен
4506,287813,2776,2022-05-29 14:06:02+03,2022-05-30 08:23:42+03,Неисправен
5265,287814,2775,2022-05-29 14:06:02+03,2022-05-30 08:23:42+03,Неисправен
5954,287815,2774,2022-05-29 14:06:02+03,2022-05-30 08:23:44+03,Неисправен
6753,287816,2773,2022-05-29 14:06:02+03,2022-05-30 08:23:44+03,Неисправен
7470,287817,2772,2022-05-29 14:06:02+03,2022-05-30 08:23:44+03,Неисправен
8206,287818,2771,2022-05-29 14:06:02+03,2022-05-30 08:23:44+03,Неисправен
8871,287819,2770,2022-05-29 14:06:02+03,2022-05-30 08:23:44+03,Неисправен
9634,287820,2770,2022-05-29 14:06:02+03,2022-05-30 08:23:44+03,Неисправен
10572,287821,2769,2022-05-29 14:06:02+03,2022-05-30 08:23:46+03,Неисправен
11353,287822,2768,2022-05-29 14:06:02+03,2022-05-30 08:23:46+03,Неисправен
7414,287017,2757,2022-05-29 14:19:25+03,2022-05-30 15:54:02+03,Неисправен
10516,287021,2755,2022-05-29 14:19:25+03,2022-05-30 15:54:16+03,Неисправен
8819,287627,2896,2022-05-29 14:22:06+03,2022-05-30 08:23:20+03,Неисправен
9578,287628,2896,2022-05-29 14:22:06+03,2022-05-30 08:23:20+03,Неисправен
10523,287629,2896,2022-05-29 14:22:06+03,2022-05-30 08:23:20+03,Неисправен
11303,287630,2896,2022-05-29 14:22:06+03,2022-05-30 08:23:20+03,Неисправен
12004,287631,2895,2022-05-29 14:22:06+03,2022-05-30 08:23:20+03,Неисправен
668,287632,2895,2022-05-29 14:22:06+03,2022-05-30 08:23:22+03,Неисправен
1456,287633,2895,2022-05-29 14:22:06+03,2022-05-30 08:23:22+03,Неисправен
2225,287634,2895,2022-05-29 14:22:06+03,2022-05-30 08:23:22+03,Неисправен
3082,287635,2894,2022-05-29 14:22:06+03,2022-05-30 08:23:22+03,Неисправен
3755,287636,2893,2022-05-29 14:22:06+03,2022-05-30 08:23:22+03,Неисправен
4458,287637,2892,2022-05-29 14:22:06+03,2022-05-30 08:23:22+03,Неисправен
5216,287638,2891,2022-05-29 14:22:06+03,2022-05-30 08:23:24+03,Неисправен
5906,287639,2890,2022-05-29 14:22:06+03,2022-05-30 08:23:24+03,Неисправен
6704,287640,2889,2022-05-29 14:22:06+03,2022-05-30 08:23:24+03,Неисправен
7422,287641,2887,2022-05-29 14:22:06+03,2022-05-30 08:23:24+03,Неисправен
8157,287642,2886,2022-05-29 14:22:06+03,2022-05-30 08:23:24+03,Неисправен
8825,287643,2885,2022-05-29 14:22:06+03,2022-05-30 08:23:24+03,Неисправен
9584,287644,2884,2022-05-29 14:22:06+03,2022-05-30 08:23:24+03,Неисправен
10529,287645,2883,2022-05-29 14:22:06+03,2022-05-30 08:23:26+03,Неисправен
11309,287646,2882,2022-05-29 14:22:06+03,2022-05-30 08:23:26+03,Неисправен
12010,287647,2881,2022-05-29 14:22:06+03,2022-05-30 08:23:26+03,Неисправен
673,287648,2880,2022-05-29 14:22:06+03,2022-05-30 08:23:26+03,Неисправен
1462,287649,2879,2022-05-29 14:22:06+03,2022-05-30 08:23:26+03,Неисправен
2231,287650,2879,2022-05-29 14:22:06+03,2022-05-30 08:23:26+03,Неисправен
3088,287651,2879,2022-05-29 14:22:06+03,2022-05-30 08:23:28+03,Неисправен
3761,287652,2878,2022-05-29 14:22:06+03,2022-05-30 08:23:28+03,Неисправен
4464,287653,2878,2022-05-29 14:22:06+03,2022-05-30 08:23:28+03,Неисправен
5222,287654,2878,2022-05-29 14:22:06+03,2022-05-30 08:23:28+03,Неисправен
5911,287655,2878,2022-05-29 14:22:06+03,2022-05-30 08:23:28+03,Неисправен
6710,287656,2878,2022-05-29 14:22:06+03,2022-05-30 08:23:28+03,Неисправен
7427,287657,2876,2022-05-29 14:22:07+03,2022-05-30 08:23:30+03,Неисправен
8162,287658,2876,2022-05-29 14:22:07+03,2022-05-30 08:23:30+03,Неисправен
8829,287659,2876,2022-05-29 14:22:07+03,2022-05-30 08:23:30+03,Неисправен
9589,287660,2875,2022-05-29 14:22:07+03,2022-05-30 08:23:30+03,Неисправен
10534,287661,2875,2022-05-29 14:22:07+03,2022-05-30 08:23:30+03,Неисправен
11314,287662,2875,2022-05-29 14:22:07+03,2022-05-30 08:23:30+03,Неисправен
12015,287663,2875,2022-05-29 14:22:07+03,2022-05-30 08:23:30+03,Неисправен
678,287664,2874,2022-05-29 14:22:07+03,2022-05-30 08:23:32+03,Неисправен
1467,287665,2873,2022-05-29 14:22:07+03,2022-05-30 08:23:32+03,Неисправен
2236,287666,2872,2022-05-29 14:22:07+03,2022-05-30 08:23:32+03,Неисправен
3093,287667,2871,2022-05-29 14:22:07+03,2022-05-30 08:23:32+03,Неисправен
3766,287668,2870,2022-05-29 14:22:07+03,2022-05-30 08:23:32+03,Неисправен
4469,287669,2869,2022-05-29 14:22:07+03,2022-05-30 08:23:32+03,Неисправен
5227,287670,2868,2022-05-29 14:22:07+03,2022-05-30 08:23:34+03,Неисправен
5916,287671,2867,2022-05-29 14:22:07+03,2022-05-30 08:23:34+03,Неисправен
6715,287672,2865,2022-05-29 14:22:07+03,2022-05-30 08:23:34+03,Неисправен
7432,287673,2864,2022-05-29 14:22:07+03,2022-05-30 08:23:34+03,Неисправен
8167,287674,2863,2022-05-29 14:22:07+03,2022-05-30 08:23:34+03,Неисправен
8835,287675,2862,2022-05-29 14:22:07+03,2022-05-30 08:23:34+03,Неисправен
9595,287676,2861,2022-05-29 14:22:07+03,2022-05-30 08:23:36+03,Неисправен
10540,287677,2861,2022-05-29 14:22:07+03,2022-05-30 08:23:36+03,Неисправен
11320,287678,2860,2022-05-29 14:22:07+03,2022-05-30 08:23:36+03,Неисправен
12021,287679,2859,2022-05-29 14:22:07+03,2022-05-30 08:23:36+03,Неисправен
684,287680,2858,2022-05-29 14:22:07+03,2022-05-30 08:23:36+03,Неисправен
1473,287681,2857,2022-05-29 14:22:07+03,2022-05-30 08:23:36+03,Неисправен
2244,287682,2856,2022-05-29 14:22:07+03,2022-05-30 08:23:36+03,Неисправен
3099,287683,2854,2022-05-29 14:22:07+03,2022-05-30 08:23:38+03,Неисправен
3772,287684,2853,2022-05-29 14:22:07+03,2022-05-30 08:23:38+03,Неисправен
4475,287685,2852,2022-05-29 14:22:07+03,2022-05-30 08:23:38+03,Неисправен
5233,287686,2851,2022-05-29 14:22:07+03,2022-05-30 08:23:38+03,Неисправен
5922,287687,2850,2022-05-29 14:22:07+03,2022-05-30 08:23:38+03,Неисправен
6721,287688,2849,2022-05-29 14:22:07+03,2022-05-30 08:23:38+03,Неисправен
7438,287689,2848,2022-05-29 14:22:07+03,2022-05-30 08:23:40+03,Неисправен
8173,287690,2847,2022-05-29 14:22:07+03,2022-05-30 08:23:40+03,Неисправен
8841,287691,2879,2022-05-29 14:22:07+03,2022-05-30 08:23:40+03,Неисправен
9602,287692,2878,2022-05-29 14:22:07+03,2022-05-30 08:23:40+03,Неисправен
12027,287695,2846,2022-05-29 14:22:26+03,2022-05-30 08:23:22+03,Неисправен
690,287696,2846,2022-05-29 14:22:26+03,2022-05-30 08:23:22+03,Неисправен
1479,287697,2846,2022-05-29 14:22:26+03,2022-05-30 08:23:22+03,Неисправен
2250,287698,2846,2022-05-29 14:22:26+03,2022-05-30 08:23:22+03,Неисправен
3105,287699,2845,2022-05-29 14:22:26+03,2022-05-30 08:23:22+03,Неисправен
3777,287700,2845,2022-05-29 14:22:26+03,2022-05-30 08:23:22+03,Неисправен
4480,287701,2845,2022-05-29 14:22:26+03,2022-05-30 08:23:22+03,Неисправен
5239,287702,2845,2022-05-29 14:22:26+03,2022-05-30 08:23:24+03,Неисправен
5927,287703,2845,2022-05-29 14:22:26+03,2022-05-30 08:23:24+03,Неисправен
6727,287704,2845,2022-05-29 14:22:26+03,2022-05-30 08:23:24+03,Неисправен
7444,287705,2845,2022-05-29 14:22:26+03,2022-05-30 08:23:24+03,Неисправен
8179,287706,2843,2022-05-29 14:22:26+03,2022-05-30 08:23:24+03,Неисправен
8846,287707,2843,2022-05-29 14:22:26+03,2022-05-30 08:23:24+03,Неисправен
9607,287708,2842,2022-05-29 14:22:26+03,2022-05-30 08:23:26+03,Неисправен
10546,287709,2841,2022-05-29 14:22:26+03,2022-05-30 08:23:26+03,Неисправен
11326,287710,2840,2022-05-29 14:22:26+03,2022-05-30 08:23:26+03,Неисправен
12030,287711,2840,2022-05-29 14:22:26+03,2022-05-30 08:23:26+03,Неисправен
693,287712,2839,2022-05-29 14:22:26+03,2022-05-30 08:23:26+03,Неисправен
1481,287713,2838,2022-05-29 14:22:26+03,2022-05-30 08:23:26+03,Неисправен
2253,287714,2837,2022-05-29 14:22:26+03,2022-05-30 08:23:28+03,Неисправен
3108,287715,2836,2022-05-29 14:22:26+03,2022-05-30 08:23:28+03,Неисправен
3780,287716,2835,2022-05-29 14:22:26+03,2022-05-30 08:23:28+03,Неисправен
4483,287717,2834,2022-05-29 14:22:26+03,2022-05-30 08:23:28+03,Неисправен
5242,287718,2831,2022-05-29 14:22:26+03,2022-05-30 08:23:28+03,Неисправен
5930,287719,2831,2022-05-29 14:22:26+03,2022-05-30 08:23:28+03,Неисправен
6730,287720,2831,2022-05-29 14:22:26+03,2022-05-30 08:23:28+03,Неисправен
7447,287721,2831,2022-05-29 14:22:26+03,2022-05-30 08:23:30+03,Неисправен
8182,287722,2831,2022-05-29 14:22:26+03,2022-05-30 08:23:30+03,Неисправен
8849,287723,2831,2022-05-29 14:22:26+03,2022-05-30 08:23:30+03,Неисправен
9610,287724,2831,2022-05-29 14:22:26+03,2022-05-30 08:23:30+03,Неисправен
10549,287725,2831,2022-05-29 14:22:26+03,2022-05-30 08:23:30+03,Неисправен
11329,287726,2830,2022-05-29 14:22:26+03,2022-05-30 08:23:30+03,Неисправен
12032,287727,2830,2022-05-29 14:22:26+03,2022-05-30 08:23:32+03,Неисправен
696,287728,2830,2022-05-29 14:22:26+03,2022-05-30 08:23:32+03,Неисправен
1484,287729,2829,2022-05-29 14:22:26+03,2022-05-30 08:23:32+03,Неисправен
2256,287730,2828,2022-05-29 14:22:26+03,2022-05-30 08:23:32+03,Неисправен
3111,287731,2828,2022-05-29 14:22:26+03,2022-05-30 08:23:32+03,Неисправен
3783,287732,2827,2022-05-29 14:22:26+03,2022-05-30 08:23:32+03,Неисправен
4485,287733,2826,2022-05-29 14:22:26+03,2022-05-30 08:23:32+03,Неисправен
5245,287734,2825,2022-05-29 14:22:26+03,2022-05-30 08:23:34+03,Неисправен
5933,287735,2824,2022-05-29 14:22:26+03,2022-05-30 08:23:34+03,Неисправен
6732,287736,2823,2022-05-29 14:22:26+03,2022-05-30 08:23:34+03,Неисправен
7450,287737,2823,2022-05-29 14:22:26+03,2022-05-30 08:23:34+03,Неисправен
8185,287738,2822,2022-05-29 14:22:26+03,2022-05-30 08:23:34+03,Неисправен
8852,287739,2820,2022-05-29 14:22:26+03,2022-05-30 08:23:34+03,Неисправен
9613,287740,2819,2022-05-29 14:22:26+03,2022-05-30 08:23:36+03,Неисправен
10552,287741,2818,2022-05-29 14:22:26+03,2022-05-30 08:23:36+03,Неисправен
11332,287742,2817,2022-05-29 14:22:26+03,2022-05-30 08:23:36+03,Неисправен
12034,287743,2816,2022-05-29 14:22:26+03,2022-05-30 08:23:36+03,Неисправен
699,287744,2815,2022-05-29 14:22:26+03,2022-05-30 08:23:36+03,Неисправен
1487,287745,2815,2022-05-29 14:22:26+03,2022-05-30 08:23:36+03,Неисправен
2259,287746,2815,2022-05-29 14:22:26+03,2022-05-30 08:23:38+03,Неисправен
3114,287747,2815,2022-05-29 14:22:26+03,2022-05-30 08:23:38+03,Неисправен
3786,287748,2814,2022-05-29 14:22:26+03,2022-05-30 08:23:38+03,Неисправен
4488,287749,2814,2022-05-29 14:22:26+03,2022-05-30 08:23:38+03,Неисправен
5248,287750,2814,2022-05-29 14:22:26+03,2022-05-30 08:23:38+03,Неисправен
5936,287751,2813,2022-05-29 14:22:26+03,2022-05-30 08:23:38+03,Неисправен
6735,287752,2813,2022-05-29 14:22:26+03,2022-05-30 08:23:38+03,Неисправен
7453,287753,2812,2022-05-29 14:22:26+03,2022-05-30 08:23:40+03,Неисправен
8188,287754,2812,2022-05-29 14:22:26+03,2022-05-30 08:23:40+03,Неисправен
8854,287755,2811,2022-05-29 14:22:26+03,2022-05-30 08:23:40+03,Неисправен
9616,287756,2811,2022-05-29 14:22:26+03,2022-05-30 08:23:40+03,Неисправен
10555,287757,2811,2022-05-29 14:22:26+03,2022-05-30 08:23:40+03,Неисправен
11335,287758,2811,2022-05-29 14:22:26+03,2022-05-30 08:23:40+03,Неисправен
12037,287759,2811,2022-05-29 14:22:26+03,2022-05-30 08:23:42+03,Неисправен
8820,287627,2896,2022-05-30 08:23:20+03,2022-05-30 17:22:10+03,Неисправен
9579,287628,2896,2022-05-30 08:23:20+03,2022-05-30 17:22:10+03,Неисправен
10524,287629,2896,2022-05-30 08:23:20+03,2022-05-30 17:22:10+03,Неисправен
11304,287630,2896,2022-05-30 08:23:20+03,2022-05-30 17:22:10+03,Неисправен
12005,287631,2895,2022-05-30 08:23:20+03,2022-05-30 17:22:10+03,Неисправен
669,287632,2895,2022-05-30 08:23:22+03,2022-05-30 17:22:10+03,Неисправен
1457,287633,2895,2022-05-30 08:23:22+03,2022-05-30 17:22:10+03,Неисправен
2226,287634,2895,2022-05-30 08:23:22+03,2022-05-30 17:22:10+03,Неисправен
3083,287635,2894,2022-05-30 08:23:22+03,2022-05-30 17:22:10+03,Неисправен
3756,287636,2893,2022-05-30 08:23:22+03,2022-05-30 17:22:10+03,Неисправен
4459,287637,2892,2022-05-30 08:23:22+03,2022-05-30 17:22:10+03,Неисправен
12028,287695,2846,2022-05-30 08:23:22+03,2022-05-30 15:24:44+03,Неисправен
691,287696,2846,2022-05-30 08:23:22+03,2022-05-30 15:24:38+03,Неисправен
1480,287697,2846,2022-05-30 08:23:22+03,2022-05-30 15:24:38+03,Неисправен
2251,287698,2846,2022-05-30 08:23:22+03,2022-05-30 15:24:38+03,Неисправен
3106,287699,2845,2022-05-30 08:23:22+03,2022-05-30 15:24:38+03,Неисправен
3778,287700,2845,2022-05-30 08:23:22+03,2022-05-30 15:24:38+03,Неисправен
4481,287701,2845,2022-05-30 08:23:22+03,2022-05-30 15:24:38+03,Неисправен
5217,287638,2891,2022-05-30 08:23:24+03,2022-05-30 17:22:10+03,Неисправен
5907,287639,2890,2022-05-30 08:23:24+03,2022-05-30 17:22:10+03,Неисправен
6705,287640,2889,2022-05-30 08:23:24+03,2022-05-30 17:22:10+03,Неисправен
7423,287641,2887,2022-05-30 08:23:24+03,2022-05-30 17:22:10+03,Неисправен
8158,287642,2886,2022-05-30 08:23:24+03,2022-05-30 17:22:10+03,Неисправен
8826,287643,2885,2022-05-30 08:23:24+03,2022-05-30 17:22:10+03,Неисправен
9585,287644,2884,2022-05-30 08:23:24+03,2022-05-30 17:22:10+03,Неисправен
5240,287702,2845,2022-05-30 08:23:24+03,2022-05-30 15:24:38+03,Неисправен
5928,287703,2845,2022-05-30 08:23:24+03,2022-05-30 15:24:38+03,Неисправен
6728,287704,2845,2022-05-30 08:23:24+03,2022-05-30 15:24:40+03,Неисправен
7445,287705,2845,2022-05-30 08:23:24+03,2022-05-30 15:24:40+03,Неисправен
8180,287706,2843,2022-05-30 08:23:24+03,2022-05-30 15:24:40+03,Неисправен
8847,287707,2843,2022-05-30 08:23:24+03,2022-05-30 15:24:40+03,Неисправен
10530,287645,2883,2022-05-30 08:23:26+03,2022-05-30 17:22:10+03,Неисправен
11310,287646,2882,2022-05-30 08:23:26+03,2022-05-30 17:22:10+03,Неисправен
12011,287647,2881,2022-05-30 08:23:26+03,2022-05-30 17:22:10+03,Неисправен
674,287648,2880,2022-05-30 08:23:26+03,2022-05-30 17:22:10+03,Неисправен
1463,287649,2879,2022-05-30 08:23:26+03,2022-05-30 17:22:10+03,Неисправен
2232,287650,2879,2022-05-30 08:23:26+03,2022-05-30 17:22:10+03,Неисправен
9608,287708,2842,2022-05-30 08:23:26+03,2022-05-30 15:24:40+03,Неисправен
10547,287709,2841,2022-05-30 08:23:26+03,2022-05-30 15:24:40+03,Неисправен
11327,287710,2840,2022-05-30 08:23:26+03,2022-05-30 15:24:40+03,Неисправен
12031,287711,2840,2022-05-30 08:23:26+03,2022-05-30 15:24:40+03,Неисправен
694,287712,2839,2022-05-30 08:23:26+03,2022-05-30 15:24:40+03,Неисправен
1482,287713,2838,2022-05-30 08:23:26+03,2022-05-30 15:24:40+03,Неисправен
2263,287762,2809,2022-05-30 08:23:26+03,2022-05-30 17:22:11+03,Неисправен
3117,287763,2808,2022-05-30 08:23:26+03,2022-05-30 17:22:11+03,Неисправен
3089,287651,2879,2022-05-30 08:23:28+03,2022-05-30 17:22:10+03,Неисправен
3762,287652,2878,2022-05-30 08:23:28+03,2022-05-30 17:22:10+03,Неисправен
4465,287653,2878,2022-05-30 08:23:28+03,2022-05-30 17:22:10+03,Неисправен
5223,287654,2878,2022-05-30 08:23:28+03,2022-05-30 17:22:10+03,Неисправен
5912,287655,2878,2022-05-30 08:23:28+03,2022-05-30 17:22:10+03,Неисправен
6711,287656,2878,2022-05-30 08:23:28+03,2022-05-30 17:22:10+03,Неисправен
2254,287714,2837,2022-05-30 08:23:28+03,2022-05-30 15:24:40+03,Неисправен
3109,287715,2836,2022-05-30 08:23:28+03,2022-05-30 15:24:40+03,Неисправен
3781,287716,2835,2022-05-30 08:23:28+03,2022-05-30 15:24:40+03,Неисправен
4484,287717,2834,2022-05-30 08:23:28+03,2022-05-30 15:24:36+03,Неисправен
5243,287718,2831,2022-05-30 08:23:28+03,2022-05-30 15:24:36+03,Неисправен
5931,287719,2831,2022-05-30 08:23:28+03,2022-05-30 15:24:36+03,Неисправен
6731,287720,2831,2022-05-30 08:23:28+03,2022-05-30 15:24:36+03,Неисправен
3790,287764,2807,2022-05-30 08:23:28+03,2022-05-30 17:22:11+03,Неисправен
4492,287765,2806,2022-05-30 08:23:28+03,2022-05-30 17:22:11+03,Неисправен
5252,287766,2805,2022-05-30 08:23:28+03,2022-05-30 17:22:11+03,Неисправен
5940,287767,2804,2022-05-30 08:23:28+03,2022-05-30 17:22:11+03,Неисправен
6739,287768,2804,2022-05-30 08:23:28+03,2022-05-30 17:22:11+03,Неисправен
7457,287769,2803,2022-05-30 08:23:28+03,2022-05-30 17:22:11+03,Неисправен
7428,287657,2876,2022-05-30 08:23:30+03,2022-05-30 17:22:10+03,Неисправен
8163,287658,2876,2022-05-30 08:23:30+03,2022-05-30 17:22:10+03,Неисправен
8830,287659,2876,2022-05-30 08:23:30+03,2022-05-30 17:22:10+03,Неисправен
9590,287660,2875,2022-05-30 08:23:30+03,2022-05-30 17:22:10+03,Неисправен
10535,287661,2875,2022-05-30 08:23:30+03,2022-05-30 17:22:10+03,Неисправен
11315,287662,2875,2022-05-30 08:23:30+03,2022-05-30 17:22:10+03,Неисправен
12016,287663,2875,2022-05-30 08:23:30+03,2022-05-30 17:22:10+03,Неисправен
7448,287721,2831,2022-05-30 08:23:30+03,2022-05-30 15:24:36+03,Неисправен
8183,287722,2831,2022-05-30 08:23:30+03,2022-05-30 15:24:36+03,Неисправен
8850,287723,2831,2022-05-30 08:23:30+03,2022-05-30 15:24:36+03,Неисправен
9611,287724,2831,2022-05-30 08:23:30+03,2022-05-30 15:24:36+03,Неисправен
10550,287725,2831,2022-05-30 08:23:30+03,2022-05-30 15:24:36+03,Неисправен
11330,287726,2830,2022-05-30 08:23:30+03,2022-05-30 15:24:36+03,Неисправен
8192,287770,2802,2022-05-30 08:23:30+03,2022-05-30 17:22:11+03,Неисправен
8858,287771,2801,2022-05-30 08:23:30+03,2022-05-30 17:22:11+03,Неисправен
9619,287772,2800,2022-05-30 08:23:30+03,2022-05-30 17:22:11+03,Неисправен
10558,287773,2800,2022-05-30 08:23:30+03,2022-05-30 17:22:11+03,Неисправен
11339,287774,2798,2022-05-30 08:23:30+03,2022-05-30 17:22:11+03,Неисправен
12040,287775,2798,2022-05-30 08:23:30+03,2022-05-30 17:22:11+03,Неисправен
703,287776,2798,2022-05-30 08:23:30+03,2022-05-30 17:22:11+03,Неисправен
679,287664,2874,2022-05-30 08:23:32+03,2022-05-30 17:22:10+03,Неисправен
1468,287665,2873,2022-05-30 08:23:32+03,2022-05-30 17:22:10+03,Неисправен
2237,287666,2872,2022-05-30 08:23:32+03,2022-05-30 17:22:10+03,Неисправен
3094,287667,2871,2022-05-30 08:23:32+03,2022-05-30 17:22:10+03,Неисправен
3767,287668,2870,2022-05-30 08:23:32+03,2022-05-30 17:22:10+03,Неисправен
4470,287669,2869,2022-05-30 08:23:32+03,2022-05-30 17:22:10+03,Неисправен
12033,287727,2830,2022-05-30 08:23:32+03,2022-05-30 15:24:36+03,Неисправен
697,287728,2830,2022-05-30 08:23:32+03,2022-05-30 15:24:36+03,Неисправен
1485,287729,2829,2022-05-30 08:23:32+03,2022-05-30 15:24:36+03,Неисправен
2257,287730,2828,2022-05-30 08:23:32+03,2022-05-30 15:24:24+03,Неисправен
3112,287731,2828,2022-05-30 08:23:32+03,2022-05-30 15:24:24+03,Неисправен
3784,287732,2827,2022-05-30 08:23:32+03,2022-05-30 15:24:24+03,Неисправен
4486,287733,2826,2022-05-30 08:23:32+03,2022-05-30 15:24:24+03,Неисправен
1491,287777,2798,2022-05-30 08:23:32+03,2022-05-30 17:22:11+03,Неисправен
2267,287778,2797,2022-05-30 08:23:32+03,2022-05-30 17:22:11+03,Неисправен
3121,287779,2797,2022-05-30 08:23:32+03,2022-05-30 17:22:11+03,Неисправен
3795,287780,2796,2022-05-30 08:23:32+03,2022-05-30 17:22:11+03,Неисправен
4497,287781,2795,2022-05-30 08:23:32+03,2022-05-30 17:22:11+03,Неисправен
5257,287782,2794,2022-05-30 08:23:32+03,2022-05-30 17:22:11+03,Неисправен
5228,287670,2868,2022-05-30 08:23:34+03,2022-05-30 17:22:10+03,Неисправен
5917,287671,2867,2022-05-30 08:23:34+03,2022-05-30 17:22:10+03,Неисправен
6716,287672,2865,2022-05-30 08:23:34+03,2022-05-30 17:22:10+03,Неисправен
7433,287673,2864,2022-05-30 08:23:34+03,2022-05-30 17:22:10+03,Неисправен
8168,287674,2863,2022-05-30 08:23:34+03,2022-05-30 17:22:10+03,Неисправен
8836,287675,2862,2022-05-30 08:23:34+03,2022-05-30 17:22:10+03,Неисправен
5246,287734,2825,2022-05-30 08:23:34+03,2022-05-30 15:24:24+03,Неисправен
5934,287735,2824,2022-05-30 08:23:34+03,2022-05-30 15:24:24+03,Неисправен
6733,287736,2823,2022-05-30 08:23:34+03,2022-05-30 15:24:24+03,Неисправен
7451,287737,2823,2022-05-30 08:23:34+03,2022-05-30 15:24:24+03,Неисправен
8186,287738,2822,2022-05-30 08:23:34+03,2022-05-30 15:24:24+03,Неисправен
8853,287739,2820,2022-05-30 08:23:34+03,2022-05-30 15:24:24+03,Неисправен
5945,287783,2793,2022-05-30 08:23:34+03,2022-05-30 17:22:11+03,Неисправен
6744,287784,2793,2022-05-30 08:23:34+03,2022-05-30 17:22:11+03,Неисправен
7462,287785,2793,2022-05-30 08:23:34+03,2022-05-30 17:22:11+03,Неисправен
8197,287786,2793,2022-05-30 08:23:34+03,2022-05-30 17:22:11+03,Неисправен
8863,287787,2793,2022-05-30 08:23:34+03,2022-05-30 17:22:11+03,Неисправен
9624,287788,2793,2022-05-30 08:23:34+03,2022-05-30 17:22:11+03,Неисправен
9596,287676,2861,2022-05-30 08:23:36+03,2022-05-30 17:22:10+03,Неисправен
10541,287677,2861,2022-05-30 08:23:36+03,2022-05-30 17:22:10+03,Неисправен
11321,287678,2860,2022-05-30 08:23:36+03,2022-05-30 17:22:10+03,Неисправен
12022,287679,2859,2022-05-30 08:23:36+03,2022-05-30 17:22:10+03,Неисправен
685,287680,2858,2022-05-30 08:23:36+03,2022-05-30 17:22:10+03,Неисправен
1474,287681,2857,2022-05-30 08:23:36+03,2022-05-30 17:22:10+03,Неисправен
2245,287682,2856,2022-05-30 08:23:36+03,2022-05-30 17:22:10+03,Неисправен
9614,287740,2819,2022-05-30 08:23:36+03,2022-05-30 15:24:24+03,Неисправен
10553,287741,2818,2022-05-30 08:23:36+03,2022-05-30 15:24:24+03,Неисправен
11333,287742,2817,2022-05-30 08:23:36+03,2022-05-30 15:24:24+03,Неисправен
12035,287743,2816,2022-05-30 08:23:36+03,2022-05-30 15:24:24+03,Неисправен
700,287744,2815,2022-05-30 08:23:36+03,2022-05-30 15:24:24+03,Неисправен
1488,287745,2815,2022-05-30 08:23:36+03,2022-05-30 15:24:24+03,Неисправен
10563,287789,2793,2022-05-30 08:23:36+03,2022-05-30 17:22:11+03,Неисправен
11344,287790,2792,2022-05-30 08:23:36+03,2022-05-30 17:22:11+03,Неисправен
12045,287791,2792,2022-05-30 08:23:36+03,2022-05-30 17:22:11+03,Неисправен
708,287792,2792,2022-05-30 08:23:36+03,2022-05-30 17:22:11+03,Неисправен
1496,287793,2791,2022-05-30 08:23:36+03,2022-05-30 17:22:11+03,Неисправен
2271,287794,2791,2022-05-30 08:23:36+03,2022-05-30 17:22:11+03,Неисправен
3126,287795,2791,2022-05-30 08:23:36+03,2022-05-30 17:22:11+03,Неисправен
3100,287683,2854,2022-05-30 08:23:38+03,2022-05-30 17:22:10+03,Неисправен
3773,287684,2853,2022-05-30 08:23:38+03,2022-05-30 17:22:10+03,Неисправен
4476,287685,2852,2022-05-30 08:23:38+03,2022-05-30 17:22:10+03,Неисправен
5234,287686,2851,2022-05-30 08:23:38+03,2022-05-30 17:22:10+03,Неисправен
5923,287687,2850,2022-05-30 08:23:38+03,2022-05-30 17:22:10+03,Неисправен
6722,287688,2849,2022-05-30 08:23:38+03,2022-05-30 17:22:10+03,Неисправен
2260,287746,2815,2022-05-30 08:23:38+03,2022-05-30 15:24:24+03,Неисправен
3115,287747,2815,2022-05-30 08:23:38+03,2022-05-30 15:24:24+03,Неисправен
3787,287748,2814,2022-05-30 08:23:38+03,2022-05-30 15:24:26+03,Неисправен
4489,287749,2814,2022-05-30 08:23:38+03,2022-05-30 15:24:26+03,Неисправен
5249,287750,2814,2022-05-30 08:23:38+03,2022-05-30 15:24:26+03,Неисправен
5937,287751,2813,2022-05-30 08:23:38+03,2022-05-30 15:24:26+03,Неисправен
6736,287752,2813,2022-05-30 08:23:38+03,2022-05-30 15:24:26+03,Неисправен
3800,287796,2791,2022-05-30 08:23:38+03,2022-05-30 17:22:11+03,Неисправен
4502,287797,2791,2022-05-30 08:23:38+03,2022-05-30 17:22:11+03,Неисправен
5261,287798,2790,2022-05-30 08:23:38+03,2022-05-30 17:22:11+03,Неисправен
5950,287799,2789,2022-05-30 08:23:38+03,2022-05-30 17:22:11+03,Неисправен
6749,287800,2789,2022-05-30 08:23:38+03,2022-05-30 17:22:11+03,Неисправен
7466,287801,2787,2022-05-30 08:23:38+03,2022-05-30 17:22:11+03,Неисправен
7439,287689,2848,2022-05-30 08:23:40+03,2022-05-30 17:22:10+03,Неисправен
8174,287690,2847,2022-05-30 08:23:40+03,2022-05-30 17:22:10+03,Неисправен
8842,287691,2879,2022-05-30 08:23:40+03,2022-05-30 17:22:10+03,Неисправен
9603,287692,2878,2022-05-30 08:23:40+03,2022-05-30 17:22:10+03,Неисправен
7454,287753,2812,2022-05-30 08:23:40+03,2022-05-30 15:24:26+03,Неисправен
8189,287754,2812,2022-05-30 08:23:40+03,2022-05-30 15:24:26+03,Неисправен
8855,287755,2811,2022-05-30 08:23:40+03,2022-05-30 15:24:30+03,Неисправен
9617,287756,2811,2022-05-30 08:23:40+03,2022-05-30 15:24:30+03,Неисправен
10556,287757,2811,2022-05-30 08:23:40+03,2022-05-30 15:24:30+03,Неисправен
11336,287758,2811,2022-05-30 08:23:40+03,2022-05-30 15:24:30+03,Неисправен
8202,287802,2786,2022-05-30 08:23:40+03,2022-05-30 17:22:11+03,Неисправен
8867,287803,2785,2022-05-30 08:23:40+03,2022-05-30 17:22:11+03,Неисправен
9630,287804,2784,2022-05-30 08:23:40+03,2022-05-30 17:22:11+03,Неисправен
10568,287805,2783,2022-05-30 08:23:40+03,2022-05-30 17:22:11+03,Неисправен
11349,287806,2782,2022-05-30 08:23:40+03,2022-05-30 17:22:11+03,Неисправен
12049,287807,2781,2022-05-30 08:23:40+03,2022-05-30 17:22:11+03,Неисправен
12038,287759,2811,2022-05-30 08:23:42+03,2022-05-30 15:24:30+03,Неисправен
712,287808,2780,2022-05-30 08:23:42+03,2022-05-30 17:22:11+03,Неисправен
1501,287809,2780,2022-05-30 08:23:42+03,2022-05-30 17:22:11+03,Неисправен
2276,287810,2779,2022-05-30 08:23:42+03,2022-05-30 17:22:11+03,Неисправен
3131,287811,2777,2022-05-30 08:23:42+03,2022-05-30 17:22:11+03,Неисправен
3805,287812,2777,2022-05-30 08:23:42+03,2022-05-30 17:22:11+03,Неисправен
4507,287813,2776,2022-05-30 08:23:42+03,2022-05-30 17:22:11+03,Неисправен
5266,287814,2775,2022-05-30 08:23:42+03,2022-05-30 17:22:11+03,Неисправен
5955,287815,2774,2022-05-30 08:23:44+03,2022-05-30 17:22:11+03,Неисправен
6754,287816,2773,2022-05-30 08:23:44+03,2022-05-30 17:22:11+03,Неисправен
7471,287817,2772,2022-05-30 08:23:44+03,2022-05-30 17:22:11+03,Неисправен
8207,287818,2771,2022-05-30 08:23:44+03,2022-05-30 17:22:11+03,Неисправен
8872,287819,2770,2022-05-30 08:23:44+03,2022-05-30 17:22:11+03,Неисправен
9635,287820,2770,2022-05-30 08:23:44+03,2022-05-30 17:22:11+03,Неисправен
10573,287821,2769,2022-05-30 08:23:46+03,2022-05-30 17:22:11+03,Неисправен
11354,287822,2768,2022-05-30 08:23:46+03,2022-05-30 17:22:11+03,Неисправен
12056,287855,2749,2022-05-30 10:35:18+03,2022-05-30 15:29:22+03,Неисправен
719,287856,2748,2022-05-30 10:35:20+03,2022-05-30 15:29:24+03,Неисправен
1512,287857,2747,2022-05-30 10:35:20+03,2022-05-30 15:29:24+03,Неисправен
2286,287858,2746,2022-05-30 10:35:20+03,2022-05-30 15:29:24+03,Неисправен
3142,287859,2746,2022-05-30 10:35:20+03,2022-05-30 15:29:24+03,Неисправен
3816,287860,2744,2022-05-30 10:35:20+03,2022-05-30 15:29:24+03,Неисправен
4518,287861,2743,2022-05-30 10:35:20+03,2022-05-30 15:29:24+03,Неисправен
5276,287862,2742,2022-05-30 10:35:20+03,2022-05-30 15:29:26+03,Неисправен
5966,287863,2741,2022-05-30 10:35:22+03,2022-05-30 15:29:26+03,Неисправен
6765,287864,2740,2022-05-30 10:35:22+03,2022-05-30 15:29:26+03,Неисправен
7481,287865,2740,2022-05-30 10:35:22+03,2022-05-30 15:29:26+03,Неисправен
8218,287866,2739,2022-05-30 10:35:22+03,2022-05-30 15:29:26+03,Неисправен
8883,287867,2739,2022-05-30 10:35:22+03,2022-05-30 15:29:26+03,Неисправен
9646,287868,2739,2022-05-30 10:35:22+03,2022-05-30 15:29:28+03,Неисправен
10584,287869,2738,2022-05-30 10:35:24+03,2022-05-30 15:29:28+03,Неисправен
11365,287870,2737,2022-05-30 10:35:24+03,2022-05-30 15:29:28+03,Неисправен
12060,287871,2737,2022-05-30 10:35:24+03,2022-05-30 15:29:28+03,Неисправен
723,287872,2736,2022-05-30 10:35:24+03,2022-05-30 15:29:28+03,Неисправен
1516,287873,2735,2022-05-30 10:35:24+03,2022-05-30 15:29:28+03,Неисправен
2290,287874,2733,2022-05-30 10:35:24+03,2022-05-30 15:29:28+03,Неисправен
3146,287875,2732,2022-05-30 10:35:26+03,2022-05-30 15:29:30+03,Неисправен
3820,287876,2731,2022-05-30 10:35:26+03,2022-05-30 15:29:30+03,Неисправен
4522,287877,2730,2022-05-30 10:35:26+03,2022-05-30 15:29:30+03,Неисправен
5280,287878,2730,2022-05-30 10:35:26+03,2022-05-30 15:29:30+03,Неисправен
6769,287880,2728,2022-05-30 10:35:26+03,2022-05-30 15:29:30+03,Неисправен
7485,287881,2727,2022-05-30 10:35:26+03,2022-05-30 15:29:32+03,Неисправен
1504,287825,2766,2022-05-30 10:35:28+03,2022-05-30 15:29:14+03,Неисправен
8222,287882,2726,2022-05-30 10:35:28+03,2022-05-30 15:29:32+03,Неисправен
8887,287883,2725,2022-05-30 10:35:28+03,2022-05-30 15:29:32+03,Неисправен
9650,287884,2724,2022-05-30 10:35:28+03,2022-05-30 15:29:32+03,Неисправен
3134,287827,2765,2022-05-30 10:35:30+03,2022-05-30 15:29:14+03,Неисправен
3808,287828,2765,2022-05-30 10:35:30+03,2022-05-30 15:29:14+03,Неисправен
4510,287829,2765,2022-05-30 10:35:30+03,2022-05-30 15:29:14+03,Неисправен
5958,287831,2763,2022-05-30 10:35:30+03,2022-05-30 15:29:16+03,Неисправен
6757,287832,2763,2022-05-30 10:35:32+03,2022-05-30 15:29:16+03,Неисправен
8210,287834,2761,2022-05-30 10:35:32+03,2022-05-30 15:29:16+03,Неисправен
8875,287835,2760,2022-05-30 10:35:32+03,2022-05-30 15:29:16+03,Неисправен
9638,287836,2759,2022-05-30 10:35:32+03,2022-05-30 15:29:16+03,Неисправен
10576,287837,2758,2022-05-30 10:35:32+03,2022-05-30 15:29:18+03,Неисправен
11357,287838,2758,2022-05-30 10:35:32+03,2022-05-30 15:29:18+03,Неисправен
12052,287839,2758,2022-05-30 10:35:34+03,2022-05-30 15:29:18+03,Неисправен
715,287840,2758,2022-05-30 10:35:34+03,2022-05-30 15:29:18+03,Неисправен
1508,287841,2758,2022-05-30 10:35:34+03,2022-05-30 15:29:18+03,Неисправен
2282,287842,2757,2022-05-30 10:35:34+03,2022-05-30 15:29:18+03,Неисправен
3138,287843,2757,2022-05-30 10:35:34+03,2022-05-30 15:29:20+03,Неисправен
3812,287844,2757,2022-05-30 10:35:34+03,2022-05-30 15:29:20+03,Неисправен
4514,287845,2757,2022-05-30 10:35:36+03,2022-05-30 15:29:20+03,Неисправен
5272,287846,2757,2022-05-30 10:35:36+03,2022-05-30 15:29:20+03,Неисправен
5962,287847,2757,2022-05-30 10:35:36+03,2022-05-30 15:29:20+03,Неисправен
6761,287848,2755,2022-05-30 10:35:36+03,2022-05-30 15:29:20+03,Неисправен
7477,287849,2754,2022-05-30 10:35:36+03,2022-05-30 15:29:22+03,Неисправен
8214,287850,2753,2022-05-30 10:35:36+03,2022-05-30 15:29:22+03,Неисправен
8879,287851,2752,2022-05-30 10:35:38+03,2022-05-30 15:29:22+03,Неисправен
9642,287852,2751,2022-05-30 10:35:38+03,2022-05-30 15:29:22+03,Неисправен
10580,287853,2750,2022-05-30 10:35:38+03,2022-05-30 15:29:22+03,Неисправен
11361,287854,2749,2022-05-30 10:35:38+03,2022-05-30 15:29:22+03,Неисправен
1505,287825,2766,2022-05-30 15:29:14+03,2022-05-30 17:22:12+03,Неисправен
2279,287826,2765,2022-05-30 15:29:14+03,2022-05-30 17:22:12+03,Неисправен
3135,287827,2765,2022-05-30 15:29:14+03,2022-05-30 17:22:12+03,Неисправен
3809,287828,2765,2022-05-30 15:29:14+03,2022-05-30 17:22:12+03,Неисправен
4511,287829,2765,2022-05-30 15:29:14+03,2022-05-30 17:22:12+03,Неисправен
5269,287830,2764,2022-05-30 15:29:16+03,2022-05-30 17:22:12+03,Неисправен
5959,287831,2763,2022-05-30 15:29:16+03,2022-05-30 17:22:12+03,Неисправен
6758,287832,2763,2022-05-30 15:29:16+03,2022-05-30 17:22:12+03,Неисправен
7474,287833,2762,2022-05-30 15:29:16+03,2022-05-30 17:22:12+03,Неисправен
8211,287834,2761,2022-05-30 15:29:16+03,2022-05-30 17:22:12+03,Неисправен
8876,287835,2760,2022-05-30 15:29:16+03,2022-05-30 17:22:12+03,Неисправен
9639,287836,2759,2022-05-30 15:29:16+03,2022-05-30 17:22:12+03,Неисправен
10577,287837,2758,2022-05-30 15:29:18+03,2022-05-30 17:22:12+03,Неисправен
11358,287838,2758,2022-05-30 15:29:18+03,2022-05-30 17:22:12+03,Неисправен
12053,287839,2758,2022-05-30 15:29:18+03,2022-05-30 17:22:12+03,Неисправен
716,287840,2758,2022-05-30 15:29:18+03,2022-05-30 17:22:12+03,Неисправен
1509,287841,2758,2022-05-30 15:29:18+03,2022-05-30 17:22:12+03,Неисправен
2283,287842,2757,2022-05-30 15:29:18+03,2022-05-30 17:22:12+03,Неисправен
3139,287843,2757,2022-05-30 15:29:20+03,2022-05-30 17:22:12+03,Неисправен
3813,287844,2757,2022-05-30 15:29:20+03,2022-05-30 17:22:12+03,Неисправен
4515,287845,2757,2022-05-30 15:29:20+03,2022-05-30 17:22:12+03,Неисправен
5273,287846,2757,2022-05-30 15:29:20+03,2022-05-30 17:22:12+03,Неисправен
5963,287847,2757,2022-05-30 15:29:20+03,2022-05-30 17:22:12+03,Неисправен
6762,287848,2755,2022-05-30 15:29:20+03,2022-05-30 17:22:12+03,Неисправен
7478,287849,2754,2022-05-30 15:29:22+03,2022-05-30 17:22:12+03,Неисправен
8215,287850,2753,2022-05-30 15:29:22+03,2022-05-30 17:22:12+03,Неисправен
8880,287851,2752,2022-05-30 15:29:22+03,2022-05-30 17:22:12+03,Неисправен
9643,287852,2751,2022-05-30 15:29:22+03,2022-05-30 17:22:12+03,Неисправен
10581,287853,2750,2022-05-30 15:29:22+03,2022-05-30 17:22:12+03,Неисправен
11362,287854,2749,2022-05-30 15:29:22+03,2022-05-30 17:22:12+03,Неисправен
12057,287855,2749,2022-05-30 15:29:22+03,2022-05-30 17:22:12+03,Неисправен
720,287856,2748,2022-05-30 15:29:24+03,2022-05-30 17:22:12+03,Неисправен
1513,287857,2747,2022-05-30 15:29:24+03,2022-05-30 17:22:12+03,Неисправен
2287,287858,2746,2022-05-30 15:29:24+03,2022-05-30 17:22:12+03,Неисправен
3143,287859,2746,2022-05-30 15:29:24+03,2022-05-30 17:22:12+03,Неисправен
3817,287860,2744,2022-05-30 15:29:24+03,2022-05-30 17:22:12+03,Неисправен
4519,287861,2743,2022-05-30 15:29:24+03,2022-05-30 17:22:12+03,Неисправен
5277,287862,2742,2022-05-30 15:29:26+03,2022-05-30 17:22:12+03,Неисправен
5967,287863,2741,2022-05-30 15:29:26+03,2022-05-30 17:22:12+03,Неисправен
6766,287864,2740,2022-05-30 15:29:26+03,2022-05-30 17:22:12+03,Неисправен
7482,287865,2740,2022-05-30 15:29:26+03,2022-05-30 17:22:12+03,Неисправен
8219,287866,2739,2022-05-30 15:29:26+03,2022-05-30 17:22:12+03,Неисправен
8884,287867,2739,2022-05-30 15:29:26+03,2022-05-30 17:22:12+03,Неисправен
9647,287868,2739,2022-05-30 15:29:28+03,2022-05-30 17:22:12+03,Неисправен
10585,287869,2738,2022-05-30 15:29:28+03,2022-05-30 17:22:12+03,Неисправен
11366,287870,2737,2022-05-30 15:29:28+03,2022-05-30 17:22:12+03,Неисправен
12061,287871,2737,2022-05-30 15:29:28+03,2022-05-30 17:22:12+03,Неисправен
724,287872,2736,2022-05-30 15:29:28+03,2022-05-30 17:22:12+03,Неисправен
1517,287873,2735,2022-05-30 15:29:28+03,2022-05-30 17:22:12+03,Неисправен
2291,287874,2733,2022-05-30 15:29:28+03,2022-05-30 17:22:12+03,Неисправен
3147,287875,2732,2022-05-30 15:29:30+03,2022-05-30 17:22:12+03,Неисправен
3821,287876,2731,2022-05-30 15:29:30+03,2022-05-30 17:22:12+03,Неисправен
4523,287877,2730,2022-05-30 15:29:30+03,2022-05-30 17:22:12+03,Неисправен
5281,287878,2730,2022-05-30 15:29:30+03,2022-05-30 17:22:12+03,Неисправен
5970,287879,2729,2022-05-30 15:29:30+03,2022-05-30 17:22:12+03,Неисправен
6770,287880,2728,2022-05-30 15:29:30+03,2022-05-30 17:22:12+03,Неисправен
7486,287881,2727,2022-05-30 15:29:32+03,2022-05-30 17:22:12+03,Неисправен
8223,287882,2726,2022-05-30 15:29:32+03,2022-05-30 17:22:12+03,Неисправен
8888,287883,2725,2022-05-30 15:29:32+03,2022-05-30 17:22:12+03,Неисправен
9651,287884,2724,2022-05-30 15:29:32+03,2022-05-30 17:22:12+03,Неисправен
8821,287627,2896,2022-05-30 17:29:47+03,2022-05-30 23:44:56+03,Неисправен
9580,287628,2896,2022-05-30 17:29:47+03,2022-05-30 23:44:56+03,Неисправен
10525,287629,2896,2022-05-30 17:29:47+03,2022-05-30 23:44:56+03,Неисправен
11305,287630,2896,2022-05-30 17:29:47+03,2022-05-30 23:44:56+03,Неисправен
12006,287631,2895,2022-05-30 17:29:47+03,2022-05-30 23:44:56+03,Неисправен
670,287632,2895,2022-05-30 17:29:47+03,2022-05-30 23:44:56+03,Неисправен
1458,287633,2895,2022-05-30 17:29:47+03,2022-05-30 23:44:56+03,Неисправен
2227,287634,2895,2022-05-30 17:29:47+03,2022-05-30 23:44:56+03,Неисправен
3084,287635,2894,2022-05-30 17:29:47+03,2022-05-30 23:44:56+03,Неисправен
3757,287636,2893,2022-05-30 17:29:47+03,2022-05-30 23:44:56+03,Неисправен
4460,287637,2892,2022-05-30 17:29:47+03,2022-05-30 23:44:56+03,Неисправен
5218,287638,2891,2022-05-30 17:29:47+03,2022-05-30 23:44:56+03,Неисправен
5908,287639,2890,2022-05-30 17:29:47+03,2022-05-30 23:44:56+03,Неисправен
6706,287640,2889,2022-05-30 17:29:47+03,2022-05-30 23:44:56+03,Неисправен
7424,287641,2887,2022-05-30 17:29:47+03,2022-05-30 23:44:56+03,Неисправен
8159,287642,2886,2022-05-30 17:29:47+03,2022-05-30 23:44:56+03,Неисправен
8827,287643,2885,2022-05-30 17:29:47+03,2022-05-30 23:44:56+03,Неисправен
9586,287644,2884,2022-05-30 17:29:47+03,2022-05-30 23:44:56+03,Неисправен
10531,287645,2883,2022-05-30 17:29:47+03,2022-05-30 23:44:56+03,Неисправен
11311,287646,2882,2022-05-30 17:29:47+03,2022-05-30 23:44:56+03,Неисправен
12012,287647,2881,2022-05-30 17:29:47+03,2022-05-30 23:44:56+03,Неисправен
675,287648,2880,2022-05-30 17:29:47+03,2022-05-30 23:44:56+03,Неисправен
1464,287649,2879,2022-05-30 17:29:47+03,2022-05-30 23:44:56+03,Неисправен
2233,287650,2879,2022-05-30 17:29:47+03,2022-05-30 23:44:56+03,Неисправен
3090,287651,2879,2022-05-30 17:29:47+03,2022-05-30 23:44:56+03,Неисправен
3763,287652,2878,2022-05-30 17:29:47+03,2022-05-30 23:44:56+03,Неисправен
4466,287653,2878,2022-05-30 17:29:47+03,2022-05-30 23:44:56+03,Неисправен
5224,287654,2878,2022-05-30 17:29:47+03,2022-05-30 23:44:56+03,Неисправен
5913,287655,2878,2022-05-30 17:29:47+03,2022-05-30 23:44:56+03,Неисправен
6712,287656,2878,2022-05-30 17:29:47+03,2022-05-30 23:44:56+03,Неисправен
7429,287657,2876,2022-05-30 17:29:48+03,2022-05-30 23:44:56+03,Неисправен
8164,287658,2876,2022-05-30 17:29:48+03,2022-05-30 23:44:56+03,Неисправен
8831,287659,2876,2022-05-30 17:29:48+03,2022-05-30 23:44:56+03,Неисправен
9591,287660,2875,2022-05-30 17:29:48+03,2022-05-30 23:44:56+03,Неисправен
10536,287661,2875,2022-05-30 17:29:48+03,2022-05-30 23:44:56+03,Неисправен
11316,287662,2875,2022-05-30 17:29:48+03,2022-05-30 23:44:56+03,Неисправен
12017,287663,2875,2022-05-30 17:29:48+03,2022-05-30 23:44:56+03,Неисправен
680,287664,2874,2022-05-30 17:29:48+03,2022-05-30 23:44:56+03,Неисправен
1469,287665,2873,2022-05-30 17:29:48+03,2022-05-30 23:44:56+03,Неисправен
2238,287666,2872,2022-05-30 17:29:48+03,2022-05-30 23:44:56+03,Неисправен
3095,287667,2871,2022-05-30 17:29:48+03,2022-05-30 23:44:56+03,Неисправен
3768,287668,2870,2022-05-30 17:29:48+03,2022-05-30 23:44:56+03,Неисправен
4471,287669,2869,2022-05-30 17:29:48+03,2022-05-30 23:44:56+03,Неисправен
5229,287670,2868,2022-05-30 17:29:48+03,2022-05-30 23:44:56+03,Неисправен
5918,287671,2867,2022-05-30 17:29:48+03,2022-05-30 23:44:56+03,Неисправен
6717,287672,2865,2022-05-30 17:29:48+03,2022-05-30 23:44:56+03,Неисправен
7434,287673,2864,2022-05-30 17:29:48+03,2022-05-30 23:44:56+03,Неисправен
8169,287674,2863,2022-05-30 17:29:48+03,2022-05-30 23:44:56+03,Неисправен
8837,287675,2862,2022-05-30 17:29:48+03,2022-05-30 23:44:56+03,Неисправен
9597,287676,2861,2022-05-30 17:29:48+03,2022-05-30 23:44:56+03,Неисправен
10542,287677,2861,2022-05-30 17:29:48+03,2022-05-30 23:44:56+03,Неисправен
11322,287678,2860,2022-05-30 17:29:48+03,2022-05-30 23:44:56+03,Неисправен
12023,287679,2859,2022-05-30 17:29:48+03,2022-05-30 23:44:56+03,Неисправен
686,287680,2858,2022-05-30 17:29:48+03,2022-05-30 23:44:56+03,Неисправен
1475,287681,2857,2022-05-30 17:29:48+03,2022-05-30 23:44:56+03,Неисправен
2246,287682,2856,2022-05-30 17:29:48+03,2022-05-30 23:44:56+03,Неисправен
3101,287683,2854,2022-05-30 17:29:48+03,2022-05-30 23:44:56+03,Неисправен
3774,287684,2853,2022-05-30 17:29:48+03,2022-05-30 23:44:56+03,Неисправен
4477,287685,2852,2022-05-30 17:29:48+03,2022-05-30 23:44:56+03,Неисправен
5235,287686,2851,2022-05-30 17:29:48+03,2022-05-30 23:44:56+03,Неисправен
5924,287687,2850,2022-05-30 17:29:48+03,2022-05-30 23:44:56+03,Неисправен
6723,287688,2849,2022-05-30 17:29:48+03,2022-05-30 23:44:56+03,Неисправен
7440,287689,2848,2022-05-30 17:29:48+03,2022-05-30 23:44:56+03,Неисправен
8175,287690,2847,2022-05-30 17:29:48+03,2022-05-30 23:44:56+03,Неисправен
8843,287691,2879,2022-05-30 17:29:48+03,2022-05-30 23:44:56+03,Неисправен
9604,287692,2878,2022-05-30 17:29:48+03,2022-05-30 23:44:56+03,Неисправен
2264,287762,2809,2022-05-30 17:30:27+03,2022-05-30 23:44:58+03,Неисправен
3118,287763,2808,2022-05-30 17:30:27+03,2022-05-30 23:44:58+03,Неисправен
3791,287764,2807,2022-05-30 17:30:27+03,2022-05-30 23:44:58+03,Неисправен
4493,287765,2806,2022-05-30 17:30:27+03,2022-05-30 23:44:58+03,Неисправен
5253,287766,2805,2022-05-30 17:30:27+03,2022-05-30 23:44:58+03,Неисправен
5941,287767,2804,2022-05-30 17:30:27+03,2022-05-30 23:44:58+03,Неисправен
6740,287768,2804,2022-05-30 17:30:27+03,2022-05-30 23:44:58+03,Неисправен
7458,287769,2803,2022-05-30 17:30:27+03,2022-05-30 23:44:58+03,Неисправен
8193,287770,2802,2022-05-30 17:30:27+03,2022-05-30 23:44:58+03,Неисправен
8859,287771,2801,2022-05-30 17:30:27+03,2022-05-30 23:44:58+03,Неисправен
9620,287772,2800,2022-05-30 17:30:27+03,2022-05-30 23:44:58+03,Неисправен
10559,287773,2800,2022-05-30 17:30:27+03,2022-05-30 23:44:58+03,Неисправен
11340,287774,2798,2022-05-30 17:30:27+03,2022-05-30 23:44:58+03,Неисправен
12041,287775,2798,2022-05-30 17:30:27+03,2022-05-30 23:44:58+03,Неисправен
704,287776,2798,2022-05-30 17:30:27+03,2022-05-30 23:44:58+03,Неисправен
1492,287777,2798,2022-05-30 17:30:27+03,2022-05-30 23:44:58+03,Неисправен
2268,287778,2797,2022-05-30 17:30:27+03,2022-05-30 23:44:58+03,Неисправен
3122,287779,2797,2022-05-30 17:30:27+03,2022-05-30 23:44:58+03,Неисправен
3796,287780,2796,2022-05-30 17:30:27+03,2022-05-30 23:44:58+03,Неисправен
4498,287781,2795,2022-05-30 17:30:27+03,2022-05-30 23:44:58+03,Неисправен
5258,287782,2794,2022-05-30 17:30:27+03,2022-05-30 23:44:58+03,Неисправен
5946,287783,2793,2022-05-30 17:30:27+03,2022-05-30 23:44:58+03,Неисправен
6745,287784,2793,2022-05-30 17:30:27+03,2022-05-30 23:44:58+03,Неисправен
7463,287785,2793,2022-05-30 17:30:27+03,2022-05-30 23:44:58+03,Неисправен
8198,287786,2793,2022-05-30 17:30:27+03,2022-05-30 23:44:58+03,Неисправен
8864,287787,2793,2022-05-30 17:30:27+03,2022-05-30 23:44:58+03,Неисправен
9625,287788,2793,2022-05-30 17:30:27+03,2022-05-30 23:44:58+03,Неисправен
10564,287789,2793,2022-05-30 17:30:27+03,2022-05-30 23:44:58+03,Неисправен
11345,287790,2792,2022-05-30 17:30:27+03,2022-05-30 23:44:58+03,Неисправен
12046,287791,2792,2022-05-30 17:30:27+03,2022-05-30 23:44:58+03,Неисправен
709,287792,2792,2022-05-30 17:30:27+03,2022-05-30 23:44:58+03,Неисправен
1497,287793,2791,2022-05-30 17:30:27+03,2022-05-30 23:44:58+03,Неисправен
2272,287794,2791,2022-05-30 17:30:27+03,2022-05-30 23:44:58+03,Неисправен
3127,287795,2791,2022-05-30 17:30:27+03,2022-05-30 23:44:58+03,Неисправен
3801,287796,2791,2022-05-30 17:30:27+03,2022-05-30 23:44:58+03,Неисправен
4503,287797,2791,2022-05-30 17:30:27+03,2022-05-30 23:44:58+03,Неисправен
5262,287798,2790,2022-05-30 17:30:27+03,2022-05-30 23:44:58+03,Неисправен
5951,287799,2789,2022-05-30 17:30:27+03,2022-05-30 23:44:58+03,Неисправен
6750,287800,2789,2022-05-30 17:30:27+03,2022-05-30 23:44:58+03,Неисправен
7467,287801,2787,2022-05-30 17:30:27+03,2022-05-30 23:44:58+03,Неисправен
8203,287802,2786,2022-05-30 17:30:27+03,2022-05-30 23:44:58+03,Неисправен
8868,287803,2785,2022-05-30 17:30:27+03,2022-05-30 23:44:58+03,Неисправен
9631,287804,2784,2022-05-30 17:30:27+03,2022-05-30 23:44:58+03,Неисправен
10569,287805,2783,2022-05-30 17:30:27+03,2022-05-30 23:44:58+03,Неисправен
11350,287806,2782,2022-05-30 17:30:27+03,2022-05-30 23:44:58+03,Неисправен
12050,287807,2781,2022-05-30 17:30:27+03,2022-05-30 23:44:58+03,Неисправен
713,287808,2780,2022-05-30 17:30:27+03,2022-05-30 23:44:58+03,Неисправен
1502,287809,2780,2022-05-30 17:30:27+03,2022-05-30 23:44:58+03,Неисправен
2277,287810,2779,2022-05-30 17:30:27+03,2022-05-30 23:44:58+03,Неисправен
3132,287811,2777,2022-05-30 17:30:27+03,2022-05-30 23:44:58+03,Неисправен
3806,287812,2777,2022-05-30 17:30:27+03,2022-05-30 23:44:58+03,Неисправен
4508,287813,2776,2022-05-30 17:30:27+03,2022-05-30 23:44:58+03,Неисправен
5267,287814,2775,2022-05-30 17:30:27+03,2022-05-30 23:44:58+03,Неисправен
5956,287815,2774,2022-05-30 17:30:27+03,2022-05-30 23:44:58+03,Неисправен
6755,287816,2773,2022-05-30 17:30:27+03,2022-05-30 23:44:58+03,Неисправен
7472,287817,2772,2022-05-30 17:30:27+03,2022-05-30 23:44:58+03,Неисправен
8208,287818,2771,2022-05-30 17:30:27+03,2022-05-30 23:44:58+03,Неисправен
8873,287819,2770,2022-05-30 17:30:27+03,2022-05-30 23:44:58+03,Неисправен
9636,287820,2770,2022-05-30 17:30:27+03,2022-05-30 23:44:58+03,Неисправен
10574,287821,2769,2022-05-30 17:30:27+03,2022-05-30 23:44:58+03,Неисправен
11355,287822,2768,2022-05-30 17:30:27+03,2022-05-30 23:44:58+03,Неисправен
1506,287825,2766,2022-05-30 17:30:50+03,2022-05-30 23:44:59+03,Неисправен
2280,287826,2765,2022-05-30 17:30:50+03,2022-05-30 23:44:59+03,Неисправен
3136,287827,2765,2022-05-30 17:30:50+03,2022-05-30 23:44:59+03,Неисправен
3810,287828,2765,2022-05-30 17:30:50+03,2022-05-30 23:44:59+03,Неисправен
4512,287829,2765,2022-05-30 17:30:50+03,2022-05-30 23:44:59+03,Неисправен
5270,287830,2764,2022-05-30 17:30:50+03,2022-05-30 23:44:59+03,Неисправен
5960,287831,2763,2022-05-30 17:30:50+03,2022-05-30 23:44:59+03,Неисправен
6759,287832,2763,2022-05-30 17:30:50+03,2022-05-30 23:44:59+03,Неисправен
7475,287833,2762,2022-05-30 17:30:50+03,2022-05-30 23:44:59+03,Неисправен
8212,287834,2761,2022-05-30 17:30:50+03,2022-05-30 23:44:59+03,Неисправен
8877,287835,2760,2022-05-30 17:30:50+03,2022-05-30 23:44:59+03,Неисправен
9640,287836,2759,2022-05-30 17:30:50+03,2022-05-30 23:44:59+03,Неисправен
10578,287837,2758,2022-05-30 17:30:50+03,2022-05-30 23:44:59+03,Неисправен
11359,287838,2758,2022-05-30 17:30:50+03,2022-05-30 23:44:59+03,Неисправен
12054,287839,2758,2022-05-30 17:30:50+03,2022-05-30 23:44:59+03,Неисправен
717,287840,2758,2022-05-30 17:30:50+03,2022-05-30 23:44:59+03,Неисправен
1510,287841,2758,2022-05-30 17:30:50+03,2022-05-30 23:44:59+03,Неисправен
2284,287842,2757,2022-05-30 17:30:50+03,2022-05-30 23:44:59+03,Неисправен
3140,287843,2757,2022-05-30 17:30:50+03,2022-05-30 23:44:59+03,Неисправен
3814,287844,2757,2022-05-30 17:30:50+03,2022-05-30 23:44:59+03,Неисправен
4516,287845,2757,2022-05-30 17:30:50+03,2022-05-30 23:44:59+03,Неисправен
5274,287846,2757,2022-05-30 17:30:50+03,2022-05-30 23:44:59+03,Неисправен
5964,287847,2757,2022-05-30 17:30:50+03,2022-05-30 23:44:59+03,Неисправен
6763,287848,2755,2022-05-30 17:30:50+03,2022-05-30 23:44:59+03,Неисправен
7479,287849,2754,2022-05-30 17:30:50+03,2022-05-30 23:44:59+03,Неисправен
8216,287850,2753,2022-05-30 17:30:50+03,2022-05-30 23:44:59+03,Неисправен
8881,287851,2752,2022-05-30 17:30:50+03,2022-05-30 23:44:59+03,Неисправен
9644,287852,2751,2022-05-30 17:30:50+03,2022-05-30 23:44:59+03,Неисправен
10582,287853,2750,2022-05-30 17:30:50+03,2022-05-30 23:44:59+03,Неисправен
11363,287854,2749,2022-05-30 17:30:50+03,2022-05-30 23:44:59+03,Неисправен
12058,287855,2749,2022-05-30 17:30:50+03,2022-05-30 23:44:59+03,Неисправен
721,287856,2748,2022-05-30 17:30:50+03,2022-05-30 23:44:59+03,Неисправен
1514,287857,2747,2022-05-30 17:30:50+03,2022-05-30 23:44:59+03,Неисправен
2288,287858,2746,2022-05-30 17:30:50+03,2022-05-30 23:44:59+03,Неисправен
3144,287859,2746,2022-05-30 17:30:50+03,2022-05-30 23:44:59+03,Неисправен
3818,287860,2744,2022-05-30 17:30:50+03,2022-05-30 23:44:59+03,Неисправен
4520,287861,2743,2022-05-30 17:30:50+03,2022-05-30 23:44:59+03,Неисправен
5278,287862,2742,2022-05-30 17:30:50+03,2022-05-30 23:44:59+03,Неисправен
5968,287863,2741,2022-05-30 17:30:50+03,2022-05-30 23:44:59+03,Неисправен
6767,287864,2740,2022-05-30 17:30:50+03,2022-05-30 23:44:59+03,Неисправен
7483,287865,2740,2022-05-30 17:30:50+03,2022-05-30 23:44:59+03,Неисправен
8220,287866,2739,2022-05-30 17:30:50+03,2022-05-30 23:44:59+03,Неисправен
8885,287867,2739,2022-05-30 17:30:50+03,2022-05-30 23:44:59+03,Неисправен
9648,287868,2739,2022-05-30 17:30:50+03,2022-05-30 23:44:59+03,Неисправен
10586,287869,2738,2022-05-30 17:30:50+03,2022-05-30 23:44:59+03,Неисправен
11367,287870,2737,2022-05-30 17:30:50+03,2022-05-30 23:44:59+03,Неисправен
12062,287871,2737,2022-05-30 17:30:50+03,2022-05-30 23:44:59+03,Неисправен
725,287872,2736,2022-05-30 17:30:50+03,2022-05-30 23:44:59+03,Неисправен
1518,287873,2735,2022-05-30 17:30:50+03,2022-05-30 23:44:59+03,Неисправен
2292,287874,2733,2022-05-30 17:30:50+03,2022-05-30 23:44:59+03,Неисправен
3148,287875,2732,2022-05-30 17:30:50+03,2022-05-30 23:44:59+03,Неисправен
3822,287876,2731,2022-05-30 17:30:50+03,2022-05-30 23:44:59+03,Неисправен
4524,287877,2730,2022-05-30 17:30:50+03,2022-05-30 23:44:59+03,Неисправен
5282,287878,2730,2022-05-30 17:30:50+03,2022-05-30 23:44:59+03,Неисправен
5971,287879,2729,2022-05-30 17:30:50+03,2022-05-30 23:44:59+03,Неисправен
6771,287880,2728,2022-05-30 17:30:50+03,2022-05-30 23:44:59+03,Неисправен
7487,287881,2727,2022-05-30 17:30:50+03,2022-05-30 23:44:59+03,Неисправен
8224,287882,2726,2022-05-30 17:30:50+03,2022-05-30 23:44:59+03,Неисправен
8889,287883,2725,2022-05-30 17:30:50+03,2022-05-30 23:44:59+03,Неисправен
9652,287884,2724,2022-05-30 17:30:50+03,2022-05-30 23:44:59+03,Неисправен
8822,287627,2896,2022-05-30 23:52:31+03,2022-05-31 08:37:37+03,Неисправен
9581,287628,2896,2022-05-30 23:52:31+03,2022-05-31 08:37:37+03,Неисправен
10526,287629,2896,2022-05-30 23:52:31+03,2022-05-31 08:37:37+03,Неисправен
11306,287630,2896,2022-05-30 23:52:31+03,2022-05-31 08:37:37+03,Неисправен
12007,287631,2895,2022-05-30 23:52:31+03,2022-05-31 08:37:37+03,Неисправен
671,287632,2895,2022-05-30 23:52:31+03,2022-05-31 08:37:37+03,Неисправен
1459,287633,2895,2022-05-30 23:52:31+03,2022-05-31 08:37:37+03,Неисправен
2228,287634,2895,2022-05-30 23:52:31+03,2022-05-31 08:37:37+03,Неисправен
3085,287635,2894,2022-05-30 23:52:31+03,2022-05-31 08:37:37+03,Неисправен
3758,287636,2893,2022-05-30 23:52:31+03,2022-05-31 08:37:37+03,Неисправен
4461,287637,2892,2022-05-30 23:52:31+03,2022-05-31 08:37:37+03,Неисправен
5219,287638,2891,2022-05-30 23:52:31+03,2022-05-31 08:37:37+03,Неисправен
5909,287639,2890,2022-05-30 23:52:31+03,2022-05-31 08:37:37+03,Неисправен
6707,287640,2889,2022-05-30 23:52:31+03,2022-05-31 08:37:37+03,Неисправен
7425,287641,2887,2022-05-30 23:52:31+03,2022-05-31 08:37:37+03,Неисправен
8160,287642,2886,2022-05-30 23:52:31+03,2022-05-31 08:37:37+03,Неисправен
8828,287643,2885,2022-05-30 23:52:31+03,2022-05-31 08:37:37+03,Неисправен
9587,287644,2884,2022-05-30 23:52:31+03,2022-05-31 08:37:37+03,Неисправен
10532,287645,2883,2022-05-30 23:52:31+03,2022-05-31 08:37:37+03,Неисправен
11312,287646,2882,2022-05-30 23:52:31+03,2022-05-31 08:37:37+03,Неисправен
12013,287647,2881,2022-05-30 23:52:31+03,2022-05-31 08:37:37+03,Неисправен
676,287648,2880,2022-05-30 23:52:31+03,2022-05-31 08:37:37+03,Неисправен
1465,287649,2879,2022-05-30 23:52:31+03,2022-05-31 08:37:37+03,Неисправен
2234,287650,2879,2022-05-30 23:52:31+03,2022-05-31 08:37:37+03,Неисправен
3091,287651,2879,2022-05-30 23:52:31+03,2022-05-31 08:37:37+03,Неисправен
3764,287652,2878,2022-05-30 23:52:31+03,2022-05-31 08:37:37+03,Неисправен
4467,287653,2878,2022-05-30 23:52:31+03,2022-05-31 08:37:37+03,Неисправен
5225,287654,2878,2022-05-30 23:52:31+03,2022-05-31 08:37:37+03,Неисправен
5914,287655,2878,2022-05-30 23:52:31+03,2022-05-31 08:37:37+03,Неисправен
6713,287656,2878,2022-05-30 23:52:31+03,2022-05-31 08:37:37+03,Неисправен
7430,287657,2876,2022-05-30 23:52:31+03,2022-05-31 08:37:37+03,Неисправен
8165,287658,2876,2022-05-30 23:52:31+03,2022-05-31 08:37:37+03,Неисправен
8832,287659,2876,2022-05-30 23:52:31+03,2022-05-31 08:37:37+03,Неисправен
9592,287660,2875,2022-05-30 23:52:31+03,2022-05-31 08:37:37+03,Неисправен
10537,287661,2875,2022-05-30 23:52:31+03,2022-05-31 08:37:37+03,Неисправен
11317,287662,2875,2022-05-30 23:52:31+03,2022-05-31 08:37:37+03,Неисправен
12018,287663,2875,2022-05-30 23:52:31+03,2022-05-31 08:37:37+03,Неисправен
681,287664,2874,2022-05-30 23:52:31+03,2022-05-31 08:37:37+03,Неисправен
1470,287665,2873,2022-05-30 23:52:31+03,2022-05-31 08:37:37+03,Неисправен
2239,287666,2872,2022-05-30 23:52:31+03,2022-05-31 08:37:37+03,Неисправен
3096,287667,2871,2022-05-30 23:52:31+03,2022-05-31 08:37:37+03,Неисправен
3769,287668,2870,2022-05-30 23:52:31+03,2022-05-31 08:37:37+03,Неисправен
4472,287669,2869,2022-05-30 23:52:31+03,2022-05-31 08:37:37+03,Неисправен
5230,287670,2868,2022-05-30 23:52:31+03,2022-05-31 08:37:37+03,Неисправен
5919,287671,2867,2022-05-30 23:52:31+03,2022-05-31 08:37:37+03,Неисправен
6718,287672,2865,2022-05-30 23:52:31+03,2022-05-31 08:37:37+03,Неисправен
7435,287673,2864,2022-05-30 23:52:31+03,2022-05-31 08:37:37+03,Неисправен
8170,287674,2863,2022-05-30 23:52:31+03,2022-05-31 08:37:37+03,Неисправен
8838,287675,2862,2022-05-30 23:52:31+03,2022-05-31 08:37:37+03,Неисправен
9598,287676,2861,2022-05-30 23:52:31+03,2022-05-31 08:37:37+03,Неисправен
10543,287677,2861,2022-05-30 23:52:31+03,2022-05-31 08:37:37+03,Неисправен
11323,287678,2860,2022-05-30 23:52:31+03,2022-05-31 08:37:37+03,Неисправен
12024,287679,2859,2022-05-30 23:52:31+03,2022-05-31 08:37:37+03,Неисправен
687,287680,2858,2022-05-30 23:52:31+03,2022-05-31 08:37:37+03,Неисправен
1476,287681,2857,2022-05-30 23:52:31+03,2022-05-31 08:37:37+03,Неисправен
2247,287682,2856,2022-05-30 23:52:31+03,2022-05-31 08:37:37+03,Неисправен
3102,287683,2854,2022-05-30 23:52:31+03,2022-05-31 08:37:37+03,Неисправен
3775,287684,2853,2022-05-30 23:52:31+03,2022-05-31 08:37:37+03,Неисправен
4478,287685,2852,2022-05-30 23:52:31+03,2022-05-31 08:37:37+03,Неисправен
5236,287686,2851,2022-05-30 23:52:31+03,2022-05-31 08:37:37+03,Неисправен
5925,287687,2850,2022-05-30 23:52:31+03,2022-05-31 08:37:37+03,Неисправен
6724,287688,2849,2022-05-30 23:52:31+03,2022-05-31 08:37:37+03,Неисправен
7441,287689,2848,2022-05-30 23:52:31+03,2022-05-31 08:37:37+03,Неисправен
8176,287690,2847,2022-05-30 23:52:31+03,2022-05-31 08:37:37+03,Неисправен
8844,287691,2879,2022-05-30 23:52:31+03,2022-05-31 08:37:37+03,Неисправен
9605,287692,2878,2022-05-30 23:52:31+03,2022-05-31 08:37:37+03,Неисправен
2265,287762,2809,2022-05-30 23:53:11+03,2022-05-31 08:45:20+03,Неисправен
3119,287763,2808,2022-05-30 23:53:11+03,2022-05-31 08:45:20+03,Неисправен
3792,287764,2807,2022-05-30 23:53:11+03,2022-05-31 08:45:20+03,Неисправен
4494,287765,2806,2022-05-30 23:53:11+03,2022-05-31 08:45:20+03,Неисправен
5254,287766,2805,2022-05-30 23:53:11+03,2022-05-31 08:45:20+03,Неисправен
5942,287767,2804,2022-05-30 23:53:11+03,2022-05-31 08:45:20+03,Неисправен
6741,287768,2804,2022-05-30 23:53:11+03,2022-05-31 08:45:20+03,Неисправен
7459,287769,2803,2022-05-30 23:53:11+03,2022-05-31 08:45:20+03,Неисправен
8194,287770,2802,2022-05-30 23:53:11+03,2022-05-31 08:45:20+03,Неисправен
8860,287771,2801,2022-05-30 23:53:11+03,2022-05-31 08:45:20+03,Неисправен
9621,287772,2800,2022-05-30 23:53:11+03,2022-05-31 08:45:20+03,Неисправен
10560,287773,2800,2022-05-30 23:53:11+03,2022-05-31 08:45:20+03,Неисправен
11341,287774,2798,2022-05-30 23:53:11+03,2022-05-31 08:45:20+03,Неисправен
12042,287775,2798,2022-05-30 23:53:11+03,2022-05-31 08:45:20+03,Неисправен
705,287776,2798,2022-05-30 23:53:11+03,2022-05-31 08:45:20+03,Неисправен
1493,287777,2798,2022-05-30 23:53:11+03,2022-05-31 08:45:20+03,Неисправен
2269,287778,2797,2022-05-30 23:53:11+03,2022-05-31 08:45:20+03,Неисправен
3123,287779,2797,2022-05-30 23:53:11+03,2022-05-31 08:45:20+03,Неисправен
3797,287780,2796,2022-05-30 23:53:11+03,2022-05-31 08:45:20+03,Неисправен
4499,287781,2795,2022-05-30 23:53:11+03,2022-05-31 08:45:20+03,Неисправен
5259,287782,2794,2022-05-30 23:53:11+03,2022-05-31 08:45:20+03,Неисправен
5947,287783,2793,2022-05-30 23:53:11+03,2022-05-31 08:45:20+03,Неисправен
6746,287784,2793,2022-05-30 23:53:11+03,2022-05-31 08:45:20+03,Неисправен
7464,287785,2793,2022-05-30 23:53:11+03,2022-05-31 08:45:20+03,Неисправен
8199,287786,2793,2022-05-30 23:53:11+03,2022-05-31 08:45:20+03,Неисправен
8865,287787,2793,2022-05-30 23:53:11+03,2022-05-31 08:45:20+03,Неисправен
9626,287788,2793,2022-05-30 23:53:11+03,2022-05-31 08:45:20+03,Неисправен
10565,287789,2793,2022-05-30 23:53:11+03,2022-05-31 08:45:20+03,Неисправен
11346,287790,2792,2022-05-30 23:53:11+03,2022-05-31 08:45:20+03,Неисправен
12047,287791,2792,2022-05-30 23:53:11+03,2022-05-31 08:45:20+03,Неисправен
710,287792,2792,2022-05-30 23:53:11+03,2022-05-31 08:45:20+03,Неисправен
1498,287793,2791,2022-05-30 23:53:11+03,2022-05-31 08:45:20+03,Неисправен
2273,287794,2791,2022-05-30 23:53:11+03,2022-05-31 08:45:20+03,Неисправен
3128,287795,2791,2022-05-30 23:53:11+03,2022-05-31 08:45:20+03,Неисправен
3802,287796,2791,2022-05-30 23:53:11+03,2022-05-31 08:45:20+03,Неисправен
4504,287797,2791,2022-05-30 23:53:11+03,2022-05-31 08:45:20+03,Неисправен
5263,287798,2790,2022-05-30 23:53:11+03,2022-05-31 08:45:20+03,Неисправен
5952,287799,2789,2022-05-30 23:53:11+03,2022-05-31 08:45:20+03,Неисправен
6751,287800,2789,2022-05-30 23:53:11+03,2022-05-31 08:45:20+03,Неисправен
7468,287801,2787,2022-05-30 23:53:11+03,2022-05-31 08:45:20+03,Неисправен
8204,287802,2786,2022-05-30 23:53:11+03,2022-05-31 08:45:20+03,Неисправен
8869,287803,2785,2022-05-30 23:53:11+03,2022-05-31 08:45:20+03,Неисправен
9632,287804,2784,2022-05-30 23:53:11+03,2022-05-31 08:45:20+03,Неисправен
10570,287805,2783,2022-05-30 23:53:11+03,2022-05-31 08:45:20+03,Неисправен
11351,287806,2782,2022-05-30 23:53:11+03,2022-05-31 08:45:20+03,Неисправен
12051,287807,2781,2022-05-30 23:53:11+03,2022-05-31 08:45:20+03,Неисправен
714,287808,2780,2022-05-30 23:53:11+03,2022-05-31 08:45:20+03,Неисправен
1503,287809,2780,2022-05-30 23:53:11+03,2022-05-31 08:45:20+03,Неисправен
2278,287810,2779,2022-05-30 23:53:11+03,2022-05-31 08:45:20+03,Неисправен
3133,287811,2777,2022-05-30 23:53:11+03,2022-05-31 08:45:20+03,Неисправен
3807,287812,2777,2022-05-30 23:53:11+03,2022-05-31 08:45:20+03,Неисправен
4509,287813,2776,2022-05-30 23:53:11+03,2022-05-31 08:45:20+03,Неисправен
5268,287814,2775,2022-05-30 23:53:11+03,2022-05-31 08:45:20+03,Неисправен
5957,287815,2774,2022-05-30 23:53:11+03,2022-05-31 08:45:20+03,Неисправен
6756,287816,2773,2022-05-30 23:53:11+03,2022-05-31 08:45:20+03,Неисправен
7473,287817,2772,2022-05-30 23:53:11+03,2022-05-31 08:45:20+03,Неисправен
8209,287818,2771,2022-05-30 23:53:11+03,2022-05-31 08:45:20+03,Неисправен
8874,287819,2770,2022-05-30 23:53:11+03,2022-05-31 08:45:20+03,Неисправен
9637,287820,2770,2022-05-30 23:53:11+03,2022-05-31 08:45:20+03,Неисправен
10575,287821,2769,2022-05-30 23:53:11+03,2022-05-31 08:45:20+03,Неисправен
11356,287822,2768,2022-05-30 23:53:11+03,2022-05-31 08:45:20+03,Неисправен
1507,287825,2766,2022-05-30 23:53:34+03,2022-05-31 09:05:23+03,Неисправен
2281,287826,2765,2022-05-30 23:53:34+03,2022-05-31 09:05:23+03,Неисправен
3137,287827,2765,2022-05-30 23:53:34+03,2022-05-31 09:05:23+03,Неисправен
3811,287828,2765,2022-05-30 23:53:34+03,2022-05-31 09:05:23+03,Неисправен
4513,287829,2765,2022-05-30 23:53:34+03,2022-05-31 09:05:23+03,Неисправен
5271,287830,2764,2022-05-30 23:53:34+03,2022-05-31 09:05:23+03,Неисправен
5961,287831,2763,2022-05-30 23:53:34+03,2022-05-31 09:05:23+03,Неисправен
6760,287832,2763,2022-05-30 23:53:34+03,2022-05-31 09:05:23+03,Неисправен
7476,287833,2762,2022-05-30 23:53:34+03,2022-05-31 09:05:23+03,Неисправен
8213,287834,2761,2022-05-30 23:53:34+03,2022-05-31 09:05:23+03,Неисправен
8878,287835,2760,2022-05-30 23:53:34+03,2022-05-31 09:05:23+03,Неисправен
9641,287836,2759,2022-05-30 23:53:34+03,2022-05-31 09:05:23+03,Неисправен
10579,287837,2758,2022-05-30 23:53:34+03,2022-05-31 09:05:23+03,Неисправен
11360,287838,2758,2022-05-30 23:53:34+03,2022-05-31 09:05:23+03,Неисправен
12055,287839,2758,2022-05-30 23:53:34+03,2022-05-31 09:05:23+03,Неисправен
718,287840,2758,2022-05-30 23:53:34+03,2022-05-31 09:05:23+03,Неисправен
1511,287841,2758,2022-05-30 23:53:34+03,2022-05-31 09:05:23+03,Неисправен
2285,287842,2757,2022-05-30 23:53:34+03,2022-05-31 09:05:23+03,Неисправен
3141,287843,2757,2022-05-30 23:53:34+03,2022-05-31 09:05:23+03,Неисправен
3815,287844,2757,2022-05-30 23:53:34+03,2022-05-31 09:05:23+03,Неисправен
4517,287845,2757,2022-05-30 23:53:34+03,2022-05-31 09:05:23+03,Неисправен
5275,287846,2757,2022-05-30 23:53:34+03,2022-05-31 09:05:23+03,Неисправен
5965,287847,2757,2022-05-30 23:53:34+03,2022-05-31 09:05:23+03,Неисправен
6764,287848,2755,2022-05-30 23:53:34+03,2022-05-31 09:05:23+03,Неисправен
7480,287849,2754,2022-05-30 23:53:34+03,2022-05-31 09:05:23+03,Неисправен
8217,287850,2753,2022-05-30 23:53:34+03,2022-05-31 09:05:23+03,Неисправен
8882,287851,2752,2022-05-30 23:53:34+03,2022-05-31 09:05:23+03,Неисправен
9645,287852,2751,2022-05-30 23:53:34+03,2022-05-31 09:05:23+03,Неисправен
10583,287853,2750,2022-05-30 23:53:34+03,2022-05-31 09:05:23+03,Неисправен
11364,287854,2749,2022-05-30 23:53:34+03,2022-05-31 09:05:23+03,Неисправен
12059,287855,2749,2022-05-30 23:53:34+03,2022-05-31 09:05:23+03,Неисправен
722,287856,2748,2022-05-30 23:53:34+03,2022-05-31 09:05:23+03,Неисправен
1515,287857,2747,2022-05-30 23:53:34+03,2022-05-31 09:05:23+03,Неисправен
2289,287858,2746,2022-05-30 23:53:34+03,2022-05-31 09:05:23+03,Неисправен
3145,287859,2746,2022-05-30 23:53:34+03,2022-05-31 09:05:23+03,Неисправен
3819,287860,2744,2022-05-30 23:53:34+03,2022-05-31 09:05:23+03,Неисправен
4521,287861,2743,2022-05-30 23:53:34+03,2022-05-31 09:05:23+03,Неисправен
5279,287862,2742,2022-05-30 23:53:34+03,2022-05-31 09:05:23+03,Неисправен
5969,287863,2741,2022-05-30 23:53:34+03,2022-05-31 09:05:23+03,Неисправен
6768,287864,2740,2022-05-30 23:53:34+03,2022-05-31 09:05:23+03,Неисправен
7484,287865,2740,2022-05-30 23:53:34+03,2022-05-31 09:05:23+03,Неисправен
8221,287866,2739,2022-05-30 23:53:34+03,2022-05-31 09:05:23+03,Неисправен
8886,287867,2739,2022-05-30 23:53:34+03,2022-05-31 09:05:23+03,Неисправен
9649,287868,2739,2022-05-30 23:53:34+03,2022-05-31 09:05:23+03,Неисправен
10587,287869,2738,2022-05-30 23:53:34+03,2022-05-31 09:05:23+03,Неисправен
11368,287870,2737,2022-05-30 23:53:34+03,2022-05-31 09:05:23+03,Неисправен
12063,287871,2737,2022-05-30 23:53:34+03,2022-05-31 09:05:23+03,Неисправен
726,287872,2736,2022-05-30 23:53:34+03,2022-05-31 09:05:23+03,Неисправен
1519,287873,2735,2022-05-30 23:53:34+03,2022-05-31 09:05:23+03,Неисправен
2293,287874,2733,2022-05-30 23:53:34+03,2022-05-31 09:05:23+03,Неисправен
3149,287875,2732,2022-05-30 23:53:34+03,2022-05-31 09:05:23+03,Неисправен
3823,287876,2731,2022-05-30 23:53:34+03,2022-05-31 09:05:23+03,Неисправен
4525,287877,2730,2022-05-30 23:53:34+03,2022-05-31 09:05:23+03,Неисправен
5283,287878,2730,2022-05-30 23:53:34+03,2022-05-31 09:05:23+03,Неисправен
5972,287879,2729,2022-05-30 23:53:34+03,2022-05-31 09:05:23+03,Неисправен
6772,287880,2728,2022-05-30 23:53:34+03,2022-05-31 09:05:23+03,Неисправен
7488,287881,2727,2022-05-30 23:53:34+03,2022-05-31 09:05:23+03,Неисправен
8225,287882,2726,2022-05-30 23:53:34+03,2022-05-31 09:05:23+03,Неисправен
8890,287883,2725,2022-05-30 23:53:34+03,2022-05-31 09:05:23+03,Неисправен
9653,287884,2724,2022-05-30 23:53:34+03,2022-05-31 09:05:23+03,Неисправен
7431,287657,2876,2022-05-31 08:37:37+03,2022-05-31 09:47:13+03,Неисправен
8166,287658,2876,2022-05-31 08:37:37+03,2022-05-31 09:47:13+03,Неисправен
8833,287659,2876,2022-05-31 08:37:37+03,2022-05-31 09:47:13+03,Неисправен
9593,287660,2875,2022-05-31 08:37:37+03,2022-05-31 09:47:13+03,Неисправен
10538,287661,2875,2022-05-31 08:37:37+03,2022-05-31 09:47:13+03,Неисправен
11318,287662,2875,2022-05-31 08:37:37+03,2022-05-31 09:47:13+03,Неисправен
12019,287663,2875,2022-05-31 08:37:37+03,2022-05-31 09:47:13+03,Неисправен
682,287664,2874,2022-05-31 08:37:37+03,2022-05-31 09:47:13+03,Неисправен
1471,287665,2873,2022-05-31 08:37:37+03,2022-05-31 09:47:13+03,Неисправен
2240,287666,2872,2022-05-31 08:37:37+03,2022-05-31 09:47:13+03,Неисправен
3097,287667,2871,2022-05-31 08:37:37+03,2022-05-31 09:47:13+03,Неисправен
3770,287668,2870,2022-05-31 08:37:37+03,2022-05-31 09:47:13+03,Неисправен
4473,287669,2869,2022-05-31 08:37:37+03,2022-05-31 09:47:13+03,Неисправен
5231,287670,2868,2022-05-31 08:37:37+03,2022-05-31 09:47:13+03,Неисправен
5920,287671,2867,2022-05-31 08:37:37+03,2022-05-31 09:47:13+03,Неисправен
6719,287672,2865,2022-05-31 08:37:37+03,2022-05-31 09:47:13+03,Неисправен
7436,287673,2864,2022-05-31 08:37:37+03,2022-05-31 09:47:13+03,Неисправен
8171,287674,2863,2022-05-31 08:37:37+03,2022-05-31 09:47:13+03,Неисправен
8839,287675,2862,2022-05-31 08:37:37+03,2022-05-31 09:47:13+03,Неисправен
9599,287676,2861,2022-05-31 08:37:37+03,2022-05-31 09:47:13+03,Неисправен
10544,287677,2861,2022-05-31 08:37:37+03,2022-05-31 09:47:13+03,Неисправен
11324,287678,2860,2022-05-31 08:37:37+03,2022-05-31 09:47:13+03,Неисправен
12025,287679,2859,2022-05-31 08:37:37+03,2022-05-31 09:47:13+03,Неисправен
688,287680,2858,2022-05-31 08:37:37+03,2022-05-31 09:47:13+03,Неисправен
1477,287681,2857,2022-05-31 08:37:37+03,2022-05-31 09:47:13+03,Неисправен
2248,287682,2856,2022-05-31 08:37:37+03,2022-05-31 09:47:13+03,Неисправен
3103,287683,2854,2022-05-31 08:37:37+03,2022-05-31 09:47:13+03,Неисправен
3776,287684,2853,2022-05-31 08:37:37+03,2022-05-31 09:47:13+03,Неисправен
4479,287685,2852,2022-05-31 08:37:37+03,2022-05-31 09:47:13+03,Неисправен
5237,287686,2851,2022-05-31 08:37:37+03,2022-05-31 09:47:13+03,Неисправен
5926,287687,2850,2022-05-31 08:37:37+03,2022-05-31 09:47:13+03,Неисправен
6725,287688,2849,2022-05-31 08:37:37+03,2022-05-31 09:47:13+03,Неисправен
7442,287689,2848,2022-05-31 08:37:37+03,2022-05-31 09:47:13+03,Неисправен
8177,287690,2847,2022-05-31 08:37:37+03,2022-05-31 09:47:13+03,Неисправен
9558,268060,2446,2022-06-02 10:29:52+03,2022-06-02 11:45:10+03,Неисправен
10500,268061,2446,2022-06-02 10:29:52+03,2022-06-02 11:45:10+03,Неисправен
2208,268066,2446,2022-06-02 10:29:52+03,2022-06-02 11:45:10+03,Неисправен
8132,268074,2446,2022-06-02 10:29:52+03,2022-06-02 11:45:10+03,Неисправен
642,268080,2447,2022-06-02 10:29:52+03,2022-06-02 11:45:10+03,Неисправен
1420,268081,2446,2022-06-02 10:29:52+03,2022-06-02 11:45:10+03,Неисправен
5189,268086,2446,2022-06-02 10:29:52+03,2022-06-02 11:45:10+03,Неисправен
8135,268090,2446,2022-06-02 10:29:52+03,2022-06-02 11:45:10+03,Неисправен
8799,268091,2446,2022-06-02 10:29:52+03,2022-06-02 11:45:10+03,Неисправен
5882,269127,2561,2022-06-02 10:29:54+03,2022-06-02 11:45:17+03,Батарея неисправна
4427,263413,,2022-06-03 04:14:29+03,2022-06-03 07:16:57+03,Неисправен
4428,263413,,2022-06-03 07:45:46+03,2022-06-03 09:07:14+03,Неисправен
4429,263413,,2022-06-03 18:14:05+03,2022-06-03 20:39:08+03,Неисправен
3223,120116,,2022-06-04 08:40:08+03,2022-06-04 11:30:30+03,Много неисправных устройств
3949,120117,,2022-06-04 08:40:08+03,2022-06-04 11:29:50+03,Много неисправных устройств
4633,120118,,2022-06-04 08:40:08+03,2022-06-04 11:30:30+03,Много неисправных устройств
9826,120285,,2022-06-04 08:40:09+03,2022-06-04 11:30:30+03,Много неисправных устройств
3281,196228,,2022-06-04 10:28:28+03,2022-06-04 13:04:09+03,Много неисправных устройств
5483,196231,,2022-06-04 10:28:28+03,2022-06-04 13:04:09+03,Много неисправных устройств
7376,232105,,2022-06-04 10:28:30+03,2022-06-04 13:04:10+03,Много неисправных устройств
8078,232106,,2022-06-04 10:28:30+03,2022-06-04 13:04:10+03,Много неисправных устройств
81,120512,461,2022-06-07 10:22:43+03,2022-06-07 17:41:52+03,Неисправен
12067,287919,3108,2022-06-14 09:33:54+03,2022-06-14 11:35:08+03,Неисправен
729,287920,3108,2022-06-14 09:33:56+03,2022-06-14 11:35:08+03,Неисправен
11289,286894,3040,2022-06-14 09:40:38+03,2022-06-24 10:05:14+03,Неисправен
5204,286902,3020,2022-06-14 09:45:20+03,2022-06-24 10:06:32+03,Неисправен
5973,287911,3108,2022-06-14 10:07:08+03,2022-06-14 11:35:12+03,Неисправен
9654,287900,3108,2022-06-14 10:07:46+03,2022-06-14 11:35:14+03,Неисправен
8226,287914,3108,2022-06-14 10:07:58+03,2022-06-14 11:35:10+03,Неисправен
1520,287905,3108,2022-06-14 10:11:30+03,2022-06-14 11:35:14+03,Неисправен
2294,287906,3108,2022-06-14 10:12:04+03,2022-06-14 11:35:12+03,Неисправен
8891,287899,3108,2022-06-14 10:16:21+03,2022-06-14 11:35:10+03,Неисправен
8895,288043,3144,2022-06-16 09:39:32+03,2022-06-16 11:40:06+03,Неисправен
7490,288057,3144,2022-06-16 09:39:32+03,2022-06-16 11:40:06+03,Неисправен
11374,288062,3144,2022-06-16 09:39:34+03,2022-06-16 11:40:04+03,Неисправен
8230,288042,3144,2022-06-16 09:39:38+03,2022-06-16 11:41:20+03,Неисправен
2298,288050,3144,2022-06-16 09:39:40+03,2022-06-16 11:41:20+03,Неисправен
3153,288051,3144,2022-06-16 09:39:42+03,2022-06-16 11:40:00+03,Неисправен
4529,288037,3144,2022-06-16 09:39:44+03,2022-06-16 11:39:59+03,Неисправен
12072,288031,3144,2022-06-16 09:39:48+03,2022-06-16 11:39:53+03,Неисправен
3826,288036,3144,2022-06-16 09:39:50+03,2022-06-16 11:39:55+03,Неисправен
11371,288030,3144,2022-06-16 09:39:54+03,2022-06-16 11:39:55+03,Неисправен
6774,288056,3144,2022-06-16 09:39:56+03,2022-06-16 11:39:57+03,Неисправен
12076,288063,3144,2022-06-16 09:39:58+03,2022-06-16 11:39:49+03,Неисправен
3829,288068,3144,2022-06-16 09:40:00+03,2022-06-16 11:39:51+03,Неисправен
4532,288069,3144,2022-06-16 09:40:02+03,2022-06-16 11:39:51+03,Неисправен
6681,268968,2596,2022-06-16 09:40:38+03,2022-06-16 13:30:02+03,Неисправен
10805,196622,,2022-06-18 13:30:20+03,2022-06-18 14:54:35+03,Неисправен
10806,196622,,2022-06-18 15:09:03+03,2022-06-18 16:22:56+03,Неисправен
10807,196622,,2022-06-18 16:46:30+03,2022-06-18 18:18:50+03,Неисправен
10808,196622,,2022-06-20 01:29:00+03,2022-06-20 07:55:17+03,Неисправен
2556,171587,,2022-06-20 12:16:52+03,2022-06-20 14:22:06+03,Неисправен
974,171537,,2022-06-20 13:02:08+03,2022-06-20 14:20:51+03,Неисправен
6179,171544,,2022-06-20 13:02:08+03,2022-06-20 14:21:05+03,Неисправен
10742,171550,,2022-06-20 13:02:08+03,2022-06-20 14:21:18+03,Неисправен
5442,171575,,2022-06-20 13:02:08+03,2022-06-20 14:21:34+03,Неисправен
3190,93428,785,2022-06-22 09:56:36+03,2022-06-22 13:55:12+03,Неисправен
2352,93443,785,2022-06-22 10:09:32+03,2022-06-22 12:06:03+03,Неисправен
5344,93447,785,2022-06-22 10:09:32+03,2022-06-22 13:55:43+03,Неисправен
1598,93458,776,2022-06-22 10:09:32+03,2022-06-22 13:55:52+03,Неисправен
3912,93461,776,2022-06-22 10:09:32+03,2022-06-22 13:56:03+03,Неисправен
10624,93470,769,2022-06-22 10:17:14+03,2022-06-22 13:56:15+03,Неисправен
30,93488,763,2022-06-22 10:25:15+03,2022-06-22 13:56:34+03,Неисправен
2363,93491,763,2022-06-22 10:25:15+03,2022-06-22 13:56:43+03,Неисправен
2369,93507,757,2022-06-22 10:34:42+03,2022-06-22 13:56:51+03,Неисправен
4568,93510,757,2022-06-22 10:34:42+03,2022-06-22 13:57:03+03,Неисправен
1608,93522,752,2022-06-22 10:47:33+03,2022-06-22 13:57:11+03,Неисправен
5355,93527,752,2022-06-22 10:47:33+03,2022-06-22 13:57:21+03,Неисправен
9742,93549,746,2022-06-22 10:58:22+03,2022-06-22 13:57:29+03,Неисправен
10630,93566,734,2022-06-22 11:15:13+03,2022-06-22 13:55:52+03,Неисправен
798,93569,734,2022-06-22 11:15:13+03,2022-06-22 13:57:53+03,Неисправен
39,93584,725,2022-06-22 11:44:11+03,2022-06-22 13:58:08+03,Неисправен
2376,93587,725,2022-06-22 11:44:11+03,2022-06-22 13:58:27+03,Неисправен
4575,93590,725,2022-06-22 11:44:11+03,2022-06-22 13:58:39+03,Неисправен
2353,93443,785,2022-06-22 12:07:16+03,2022-06-22 13:55:32+03,Неисправен
836,98225,666,2022-06-23 09:46:13+03,2022-06-23 11:14:41+03,Не определено
6847,94217,587,2022-06-23 10:14:36+03,2022-06-23 11:54:04+03,Неисправен
9763,94861,587,2022-06-23 10:14:36+03,2022-06-23 11:54:28+03,Неисправен
1641,98194,637,2022-06-23 10:14:36+03,2022-06-23 11:59:45+03,Неисправен
2418,98195,637,2022-06-23 10:14:36+03,2022-06-23 11:54:55+03,Неисправен
4580,93606,718,2022-06-23 10:23:48+03,2022-06-23 12:05:18+03,Неисправен
10674,98190,588,2022-06-23 10:31:16+03,2022-06-23 11:34:15+03,Неисправен
11437,98191,593,2022-06-23 10:31:16+03,2022-06-23 11:34:44+03,Неисправен
6072,93624,710,2022-06-23 10:32:01+03,2022-06-23 12:06:13+03,Неисправен
8938,93628,710,2022-06-23 10:32:01+03,2022-06-23 12:06:00+03,Неисправен
1615,93650,699,2022-06-23 10:42:10+03,2022-06-23 12:06:41+03,Неисправен
4585,93654,699,2022-06-23 10:42:10+03,2022-06-23 12:06:53+03,Неисправен
3207,94836,608,2022-06-23 12:59:54+03,2022-06-23 14:24:58+03,Неисправен
4605,94838,599,2022-06-23 12:59:54+03,2022-06-23 14:22:13+03,Неисправен
5379,94839,599,2022-06-23 12:59:54+03,2022-06-23 14:22:21+03,Неисправен
6863,94841,599,2022-06-23 12:59:54+03,2022-06-23 14:22:59+03,Неисправен
2354,93443,785,2022-06-23 13:04:46+03,2022-06-23 14:26:16+03,Неисправен
5345,93447,785,2022-06-23 13:04:46+03,2022-06-23 14:26:24+03,Неисправен
1521,287905,3108,2022-06-24 09:50:56+03,2022-06-24 11:39:33+03,Неисправен
11424,98175,843,2022-06-24 10:42:49+03,2022-06-24 12:40:39+03,Неисправен
6874,94857,675,2022-06-24 10:54:25+03,2022-06-24 12:59:00+03,Неисправен
7576,94858,675,2022-06-24 11:01:05+03,2022-06-24 12:59:18+03,Неисправен
5392,94855,675,2022-06-24 11:31:53+03,2022-06-24 12:58:45+03,Неисправен
11498,193183,800,2022-06-24 11:51:00+03,2022-06-24 13:57:23+03,Неисправен
3050,268019,2459,2022-06-25 14:58:51+03,2022-06-25 16:13:32+03,Неисправен
11195,230846,1385,2022-06-28 09:11:17+03,2022-06-28 12:03:03+03,Неисправен
7409,284729,1385,2022-06-28 09:13:07+03,2022-06-28 12:40:21+03,Неисправен
1522,287905,3108,2022-06-29 09:02:47+03,2022-06-29 14:30:18+03,Неисправен
838,115537,1027,2022-06-30 09:51:54+03,2022-06-30 12:12:26+03,Неисправен
1523,287905,3108,2022-06-30 10:22:23+03,2022-06-30 16:42:00+03,Неисправен
6695,284712,1371,2022-06-30 12:59:06+03,2022-07-06 12:42:13+03,Неисправен
6234,197000,1512,2022-07-02 11:12:08+03,2022-07-02 12:54:20+03,Неисправен
2299,288050,3144,2022-07-05 08:52:54+03,2022-07-05 13:23:12+03,Неисправен
8307,103947,870,2022-07-05 14:46:51+03,2022-07-06 08:25:52+03,Неисправен
69,104000,876,2022-07-05 14:46:51+03,2022-08-01 09:50:37+03,Неисправен
1650,104002,876,2022-07-05 14:46:51+03,2022-08-01 09:50:37+03,Неисправен
5416,104007,876,2022-07-05 14:46:51+03,2022-07-05 16:12:11+03,Неисправен
6895,104009,876,2022-07-05 14:46:51+03,2022-07-05 16:12:12+03,Неисправен
1524,287905,3108,2022-07-08 08:56:52+03,2022-07-08 10:56:06+03,Неисправен
8800,268091,2446,2022-07-08 10:50:49+03,2022-07-08 12:45:56+03,Неисправен
1525,287905,3108,2022-07-08 12:24:00+03,2022-07-08 17:05:58+03,Неисправен
1526,287905,3108,2022-07-08 17:06:08+03,2022-07-08 18:32:38+03,Неисправен
10693,120254,401,2022-07-12 10:17:07+03,2022-07-12 11:49:49+03,Неисправен
956,154849,422,2022-07-12 10:18:05+03,2022-07-12 11:47:51+03,Неисправен
3962,120245,453,2022-07-12 10:18:10+03,2022-07-12 11:49:12+03,Неисправен
9803,120237,409,2022-07-12 10:20:22+03,2022-07-12 11:47:48+03,Неисправен
4649,120230,409,2022-07-12 10:21:04+03,2022-07-12 11:47:30+03,Неисправен
854,120257,401,2022-07-12 10:24:40+03,2022-07-12 11:50:00+03,Неисправен
6905,120265,401,2022-07-12 10:24:40+03,2022-07-12 11:50:28+03,Неисправен
1712,154850,401,2022-07-12 10:24:40+03,2022-07-12 11:49:39+03,Неисправен
3979,120261,401,2022-07-12 10:29:55+03,2022-07-12 11:50:09+03,Неисправен
2495,154851,401,2022-07-12 10:29:55+03,2022-07-12 11:50:19+03,Неисправен
7597,120250,414,2022-07-12 10:36:37+03,2022-07-12 11:49:30+03,Неисправен
7593,120234,409,2022-07-12 10:42:33+03,2022-07-12 11:47:38+03,Неисправен
150,154848,409,2022-07-12 10:42:33+03,2022-07-12 11:47:57+03,Неисправен
1657,120226,409,2022-07-12 10:46:36+03,2022-07-12 11:47:21+03,Неисправен
1790,227490,1353,2022-07-12 11:23:03+03,2022-07-12 13:16:06+03,Неисправен
2300,288050,3144,2022-07-14 11:00:36+03,2022-07-14 13:45:16+03,Неисправен
12064,287887,,2022-07-14 11:40:46+03,2022-07-14 13:42:34+03,Неисправен
9450,230748,1727,2022-07-16 11:35:17+03,2022-07-16 15:37:27+03,Много неисправных устройств
10438,230749,,2022-07-16 11:35:17+03,2022-07-16 15:37:27+03,Много неисправных устройств
6619,231352,,2022-07-16 11:35:17+03,2022-07-16 15:37:27+03,Много неисправных устройств
11206,231422,1843,2022-07-16 11:35:17+03,2022-07-16 15:37:27+03,Много неисправных устройств
11372,288030,3144,2022-07-18 10:23:54+03,2022-07-18 14:58:04+03,Неисправен
6775,288056,3144,2022-07-18 10:23:54+03,2022-07-18 14:58:04+03,Неисправен
2301,288050,3144,2022-07-18 11:03:02+03,2022-07-18 14:57:59+03,Неисправен
7491,288057,3144,2022-07-18 11:03:02+03,2022-07-18 14:58:14+03,Неисправен
12068,287919,3108,2022-07-19 11:17:45+03,2022-10-10 12:18:38+03,Неисправен
245,227472,1413,2022-07-20 09:32:04+03,2022-07-20 12:54:06+03,Неисправен
2630,227459,1413,2022-07-20 09:32:05+03,2022-07-20 12:54:10+03,Неисправен
3351,227460,1413,2022-07-20 09:32:06+03,2022-07-20 12:54:13+03,Неисправен
3356,227476,1413,2022-07-20 09:32:12+03,2022-07-20 13:00:28+03,Неисправен
6978,178249,1413,2022-07-20 09:32:13+03,2022-07-20 12:53:12+03,Неисправен
1786,227458,1413,2022-07-20 09:32:13+03,2022-07-20 12:52:26+03,Неисправен
11588,227471,1413,2022-07-21 09:36:33+03,2022-07-21 12:29:51+03,Неисправен
6261,227464,1413,2022-07-21 09:36:34+03,2022-07-21 12:30:24+03,Неисправен
8406,227467,1413,2022-07-21 09:36:37+03,2022-07-21 12:28:48+03,Неисправен
5542,227463,1413,2022-07-21 09:36:38+03,2022-07-21 12:28:59+03,Неисправен
9100,227468,1413,2022-07-21 09:36:39+03,2022-07-21 12:29:08+03,Неисправен
2633,227475,1413,2022-07-21 09:36:40+03,2022-07-21 12:29:16+03,Неисправен
9888,157261,420,2022-07-21 11:37:08+03,2022-07-21 13:27:39+03,Неисправен
9238,229052,2016,2022-07-21 12:35:58+03,2022-07-21 13:55:04+03,Неисправен
7719,227482,1353,2022-07-22 09:06:12+03,2022-07-22 12:03:59+03,Неисправен
10751,178254,1353,2022-07-22 09:06:13+03,2022-07-22 12:03:57+03,Неисправен
7724,227498,1353,2022-07-22 09:06:21+03,2022-07-22 12:01:15+03,Неисправен
1791,227490,1353,2022-07-22 09:06:22+03,2022-07-22 12:01:13+03,Неисправен
2636,227491,1353,2022-07-22 09:06:23+03,2022-07-22 12:01:10+03,Неисправен
11590,227487,1353,2022-07-25 10:45:57+03,2022-07-25 14:24:21+03,Неисправен
7031,227481,1353,2022-07-25 10:45:58+03,2022-07-25 14:24:17+03,Неисправен
8408,227483,1353,2022-07-25 10:45:59+03,2022-07-25 14:24:09+03,Неисправен
4764,227494,1353,2022-07-25 10:46:06+03,2022-07-25 14:27:02+03,Неисправен
5544,227495,1353,2022-07-25 10:46:07+03,2022-07-25 14:27:04+03,Неисправен
2215,277890,2306,2022-08-03 13:27:08+03,2022-08-03 16:36:18+03,Неисправен
3742,286964,2878,2022-08-04 09:36:08+03,2022-08-04 11:47:26+03,Неисправен
8809,277931,2372,2022-08-04 12:38:48+03,2022-08-04 14:37:14+03,Неисправен
5893,286887,2716,2022-08-05 09:39:48+03,2022-08-05 13:03:42+03,Неисправен
7377,232105,,2022-08-06 00:40:50+03,2022-08-06 03:03:38+03,Много неисправных устройств
8079,232106,,2022-08-06 00:40:50+03,2022-08-06 03:03:38+03,Много неисправных устройств
3282,196228,,2022-08-06 00:40:51+03,2022-08-06 02:27:14+03,Много неисправных устройств
5484,196231,,2022-08-06 00:40:51+03,2022-08-06 02:27:15+03,Много неисправных устройств
6235,197000,1512,2022-08-08 10:27:14+03,2022-08-08 11:58:27+03,Неисправен
7005,196969,1501,2022-08-08 10:38:43+03,2022-08-08 11:58:26+03,Неисправен
9980,196973,1500,2022-08-08 10:38:43+03,2022-08-08 11:58:26+03,Неисправен
9066,196988,1504,2022-08-08 10:38:43+03,2022-08-08 11:58:27+03,Неисправен
11520,196991,1508,2022-08-08 10:38:43+03,2022-08-08 11:58:27+03,Неисправен
2593,196995,1512,2022-08-08 10:38:43+03,2022-08-08 11:58:27+03,Неисправен
200,196976,1503,2022-08-08 10:40:02+03,2022-08-08 11:58:26+03,Неисправен
1763,196978,1507,2022-08-08 10:45:10+03,2022-08-08 11:58:26+03,Неисправен
7011,196985,1501,2022-08-08 12:12:11+03,2022-10-19 10:02:46+03,Неисправен
2440,120595,409,2022-08-13 12:26:58+03,2022-08-13 18:30:59+03,Неисправен
3214,115556,953,2022-08-13 18:15:38+03,2022-08-16 11:20:21+03,Неисправен
3343,227204,1376,2022-08-15 10:27:32+03,2022-08-15 11:38:22+03,Неисправен
7030,227209,1376,2022-08-16 09:48:23+03,2022-08-16 14:57:11+03,Неисправен
6251,227208,1376,2022-08-16 09:48:25+03,2022-08-16 14:57:14+03,Неисправен
4050,227205,1376,2022-08-16 09:52:31+03,2022-08-16 14:57:22+03,Неисправен
9089,227196,1376,2022-08-16 09:52:36+03,2022-08-16 14:57:01+03,Неисправен
1036,227201,1376,2022-08-16 09:52:37+03,2022-08-16 14:56:58+03,Неисправен
6249,227192,1376,2022-08-16 09:52:38+03,2022-08-16 14:56:51+03,Неисправен
239,227200,1376,2022-08-16 09:52:39+03,2022-08-16 14:56:47+03,Неисправен
7028,227193,1376,2022-08-17 09:41:45+03,2022-08-18 14:30:18+03,Неисправен
10009,227197,1376,2022-08-17 09:41:46+03,2022-10-10 10:43:44+03,Неисправен
10848,227502,,2022-08-17 09:41:46+03,2022-08-19 13:14:12+03,Неисправен
4048,227189,1376,2022-08-17 09:41:47+03,2022-08-18 14:11:11+03,Неисправен
3337,227188,1376,2022-08-17 09:41:48+03,2022-08-18 13:55:12+03,Неисправен
2565,178259,1376,2022-08-17 09:41:56+03,2022-08-18 07:52:28+03,Неисправен
9091,227212,1376,2022-08-17 09:41:56+03,2022-08-18 07:52:26+03,Неисправен
3344,227204,1376,2022-08-17 09:42:07+03,2022-09-05 08:17:04+03,Неисправен
3338,227188,1376,2022-08-19 08:52:20+03,2022-08-19 10:14:08+03,Неисправен
1642,98194,637,2022-08-19 09:17:40+03,2022-08-19 10:18:25+03,Неисправен
2419,98195,637,2022-08-19 09:17:40+03,2022-08-19 10:17:55+03,Неисправен
40,93584,725,2022-08-19 09:34:45+03,2022-08-19 10:42:01+03,Неисправен
8961,98188,732,2022-08-19 10:06:04+03,2022-08-19 11:48:14+03,Неисправен
3339,227188,1376,2022-08-19 10:15:21+03,2022-08-19 11:56:42+03,Неисправен
52,93936,653,2022-08-22 10:24:18+03,2022-08-22 15:11:53+03,Неисправен
5361,94103,842,2022-08-22 10:24:18+03,2022-08-22 15:12:21+03,Неисправен
2386,94819,640,2022-08-22 10:43:27+03,2022-08-22 15:10:01+03,Неисправен
3201,94820,640,2022-08-22 10:43:27+03,2022-08-22 15:09:37+03,Неисправен
3340,227188,1376,2022-08-23 09:34:11+03,2022-08-23 11:18:01+03,Неисправен
1037,227201,1376,2022-08-23 09:34:52+03,2022-08-23 11:18:43+03,Неисправен
8313,113979,,2022-08-25 14:23:27+03,2022-08-25 17:24:47+03,Много неисправных устройств
8970,113980,,2022-08-25 14:23:27+03,2022-08-25 16:42:07+03,Много неисправных устройств
9020,178332,,2022-08-25 14:23:27+03,2022-08-25 17:24:47+03,Много неисправных устройств
3749,287076,3052,2022-08-26 19:21:26+03,2022-08-27 07:16:42+03,Неисправен
6253,227224,1397,2022-09-02 10:26:41+03,2022-09-02 14:19:56+03,Неисправен
9882,147933,1261,2022-09-04 14:07:46+03,2022-09-04 16:08:00+03,Неисправен
8401,227227,1397,2022-09-05 09:24:14+03,2022-09-05 13:26:12+03,Неисправен
244,227232,1397,2022-09-05 09:24:14+03,2022-09-05 13:26:09+03,Неисправен
2629,227235,1397,2022-09-05 09:24:19+03,2022-09-05 13:24:17+03,Неисправен
241,227216,1397,2022-09-05 09:24:20+03,2022-09-05 13:23:51+03,Неисправен
2627,227219,1397,2022-09-05 09:24:21+03,2022-09-05 13:23:44+03,Неисправен
11586,227231,1397,2022-09-05 09:24:22+03,2022-09-05 13:23:38+03,Неисправен
9096,227228,1397,2022-09-06 10:09:43+03,2022-09-06 13:48:30+03,Неисправен
5536,227223,1397,2022-09-06 10:09:44+03,2022-09-06 13:48:26+03,Неисправен
6254,227224,1397,2022-09-06 10:09:44+03,2022-09-06 13:48:23+03,Неисправен
10844,227214,1397,2022-09-06 10:09:52+03,2022-09-06 13:48:09+03,Неисправен
3349,227220,1397,2022-09-06 10:09:53+03,2022-09-06 13:48:04+03,Неисправен
11583,227215,1397,2022-09-06 10:09:54+03,2022-09-06 13:47:58+03,Неисправен
6191,178264,1397,2022-09-06 10:09:55+03,2022-09-06 13:47:45+03,Неисправен
9451,230748,1727,2022-09-06 13:27:21+03,2022-09-06 14:56:09+03,Много неисправных устройств
10439,230749,,2022-09-06 13:27:21+03,2022-09-06 14:56:09+03,Много неисправных устройств
6620,231352,,2022-09-06 13:27:21+03,2022-09-06 14:56:09+03,Много неисправных устройств
11207,231422,1843,2022-09-06 13:27:21+03,2022-09-06 14:56:09+03,Много неисправных устройств
9731,50973,,2022-09-08 11:00:42+03,2022-09-08 14:28:48+03,Неисправен
8402,227227,1397,2022-09-08 12:11:04+03,2022-09-08 13:33:23+03,Неисправен
8925,8812,438,2022-09-12 11:41:12+03,2022-09-14 11:03:04+03,Неисправен
9889,157261,420,2022-09-15 11:41:38+03,2022-09-15 13:50:03+03,Неисправен
82,120512,461,2022-09-16 11:42:23+03,2022-09-16 14:57:16+03,Неисправен
9834,120573,421,2022-09-16 12:47:05+03,2022-09-16 14:57:40+03,Неисправен
2441,120595,409,2022-09-16 12:47:05+03,2022-09-16 14:57:56+03,Неисправен
9883,147933,1261,2022-09-18 14:06:29+03,2022-09-18 15:33:37+03,Неисправен
4445,277909,2325,2022-09-25 06:02:18+03,2022-10-21 13:17:40+03,Неисправен
10752,178254,1353,2022-09-27 09:20:41+03,2022-09-27 15:36:59+03,Неисправен
7720,227482,1353,2022-09-28 08:59:26+03,2022-09-28 15:00:19+03,Неисправен
10753,178254,1353,2022-09-28 10:16:12+03,2022-09-28 12:05:24+03,Неисправен
7725,227498,1353,2022-09-28 10:16:37+03,2022-09-28 12:05:06+03,Неисправен
1792,227490,1353,2022-09-28 10:16:38+03,2022-09-28 12:05:05+03,Неисправен
2637,227491,1353,2022-09-28 10:16:39+03,2022-09-28 12:05:03+03,Неисправен
11591,227487,1353,2022-09-29 08:43:11+03,2022-09-29 14:16:33+03,Неисправен
8409,227483,1353,2022-09-29 08:43:15+03,2022-09-29 12:35:04+03,Неисправен
8314,113979,,2022-09-29 19:09:24+03,2022-09-29 22:15:22+03,Много неисправных устройств
8971,113980,,2022-09-29 19:09:24+03,2022-09-29 20:20:05+03,Много неисправных устройств
9021,178332,,2022-09-29 19:09:25+03,2022-09-29 22:15:23+03,Много неисправных устройств
7032,227481,1353,2022-09-30 08:59:11+03,2022-09-30 13:20:52+03,Неисправен
8410,227483,1353,2022-09-30 09:16:43+03,2022-09-30 10:41:44+03,Неисправен
8411,227483,1353,2022-10-03 08:31:02+03,2022-10-03 15:22:12+03,Неисправен
7033,227481,1353,2022-10-03 08:31:17+03,2022-10-03 13:08:04+03,Неисправен
11592,227487,1353,2022-10-04 08:55:50+03,2022-10-04 12:22:54+03,Неисправен
7034,227481,1353,2022-10-04 08:55:51+03,2022-10-04 12:22:50+03,Неисправен
8412,227483,1353,2022-10-04 08:55:51+03,2022-10-04 12:22:47+03,Неисправен
4765,227494,1353,2022-10-04 08:55:57+03,2022-10-04 12:22:32+03,Неисправен
5545,227495,1353,2022-10-04 08:55:57+03,2022-10-04 12:22:30+03,Неисправен
8791,266987,2157,2022-10-05 11:16:56+03,2022-10-05 12:20:08+03,Неисправен
9545,266988,2157,2022-10-05 11:16:56+03,2022-10-05 12:20:08+03,Неисправен
5870,266999,2157,2022-10-05 11:16:56+03,2022-10-05 12:20:08+03,Неисправен
8793,267019,2157,2022-10-05 11:16:56+03,2022-10-05 12:20:06+03,Неисправен
11926,229615,1825,2022-10-05 13:00:38+03,2022-10-05 14:40:54+03,Неисправен
2994,229619,1825,2022-10-05 13:00:40+03,2022-10-05 14:40:56+03,Неисправен
5824,229687,1987,2022-10-06 09:26:50+03,2022-10-06 12:34:10+03,Неисправен
8722,229691,1987,2022-10-06 09:27:06+03,2022-10-06 12:34:14+03,Неисправен
9884,147933,1261,2022-10-16 14:04:28+03,2022-10-16 17:07:48+03,Неисправен
41,93584,725,2022-10-18 09:53:40+03,2022-10-18 11:36:58+03,Неисправен
2377,93587,725,2022-10-18 10:00:52+03,2022-10-18 11:41:26+03,Неисправен
4576,93590,725,2022-10-18 10:00:52+03,2022-10-18 13:51:53+03,Неисправен
2355,93443,785,2022-10-18 10:09:17+03,2022-10-18 11:33:48+03,Неисправен
5346,93447,785,2022-10-18 10:09:17+03,2022-10-18 11:34:06+03,Неисправен
4581,93606,718,2022-10-18 10:09:17+03,2022-10-18 11:41:40+03,Неисправен
6848,94217,587,2022-10-18 10:16:48+03,2022-10-18 13:47:47+03,Неисправен
9764,94861,587,2022-10-18 10:16:48+03,2022-10-18 13:50:38+03,Неисправен
6073,93624,710,2022-10-18 10:20:49+03,2022-10-18 11:42:18+03,Неисправен
8939,93628,710,2022-10-18 10:20:49+03,2022-10-18 11:42:29+03,Неисправен
1616,93650,699,2022-10-18 10:27:43+03,2022-10-18 11:42:42+03,Неисправен
4586,93654,699,2022-10-18 10:27:43+03,2022-10-18 11:43:01+03,Неисправен
11483,193167,807,2022-10-18 10:28:08+03,2022-10-18 12:00:44+03,Неисправен
985,193169,807,2022-10-18 10:28:08+03,2022-10-18 12:00:57+03,Неисправен
11499,193183,800,2022-10-18 10:28:08+03,2022-10-18 12:01:12+03,Неисправен
1599,93458,776,2022-10-18 10:32:27+03,2022-10-18 11:34:20+03,Неисправен
3913,93461,776,2022-10-18 10:32:27+03,2022-10-18 11:34:41+03,Неисправен
5393,94855,675,2022-10-18 10:37:37+03,2022-10-18 13:49:08+03,Неисправен
6875,94857,675,2022-10-18 10:37:37+03,2022-10-18 13:49:31+03,Неисправен
7577,94858,675,2022-10-18 10:37:37+03,2022-10-18 13:49:53+03,Неисправен
9781,98189,670,2022-10-18 10:37:37+03,2022-10-18 13:48:29+03,Неисправен
8954,94844,591,2022-10-18 11:41:42+03,2022-12-05 11:57:11+03,Неисправен
3737,269124,2561,2022-10-19 11:34:24+03,2022-10-19 13:53:12+03,Неисправен
11291,286958,2894,2022-10-19 12:30:20+03,2022-10-19 14:10:16+03,Неисправен
1448,286913,2995,2022-10-20 12:46:34+03,2022-10-20 14:49:34+03,Неисправен
5206,286918,2978,2022-10-20 12:46:34+03,2022-10-20 14:50:08+03,Неисправен
6979,178249,1413,2022-10-21 11:47:04+03,2022-10-21 12:55:04+03,Неисправен
1787,227458,1413,2022-10-21 11:47:04+03,2022-10-21 12:55:04+03,Неисправен
2631,227459,1413,2022-10-21 11:47:04+03,2022-10-21 12:55:04+03,Неисправен
3352,227460,1413,2022-10-21 11:47:04+03,2022-10-21 12:55:04+03,Неисправен
246,227472,1413,2022-10-21 11:47:04+03,2022-10-21 12:55:04+03,Неисправен
3357,227476,1413,2022-10-21 11:47:04+03,2022-10-21 12:55:04+03,Неисправен
3056,268803,2475,2022-10-24 09:59:20+03,2022-10-24 15:12:16+03,Неисправен
11273,268798,2474,2022-10-24 10:01:04+03,2022-10-24 15:12:15+03,Неисправен
1422,268113,2431,2022-10-24 10:25:48+03,2022-10-24 15:10:37+03,Неисправен
5191,268118,2453,2022-10-24 10:27:18+03,2022-10-24 15:10:38+03,Неисправен
8804,268123,2437,2022-10-24 10:28:52+03,2022-10-24 15:10:39+03,Неисправен
644,268128,2450,2022-10-24 10:30:14+03,2022-10-24 15:10:41+03,Неисправен
4437,268133,2452,2022-10-24 10:31:30+03,2022-10-24 15:10:44+03,Неисправен
8139,268138,2454,2022-10-24 10:33:02+03,2022-10-24 15:10:45+03,Неисправен
11979,268143,2458,2022-10-24 10:34:28+03,2022-10-24 15:10:47+03,Неисправен
11980,268223,2440,2022-10-24 10:37:32+03,2022-10-24 15:11:54+03,Неисправен
3736,268228,2442,2022-10-24 10:39:26+03,2022-10-24 15:11:55+03,Неисправен
7393,268233,2443,2022-10-24 10:40:28+03,2022-10-24 15:11:57+03,Неисправен
7392,268153,2462,2022-10-24 10:41:29+03,2022-10-24 15:10:59+03,Неисправен
11271,268158,2462,2022-10-24 10:41:59+03,2022-10-24 15:11:02+03,Неисправен
11272,268238,2444,2022-10-24 10:43:28+03,2022-10-24 15:11:58+03,Неисправен
3055,268243,2445,2022-10-24 10:44:22+03,2022-10-24 15:12:00+03,Неисправен
6680,268248,2446,2022-10-24 10:45:37+03,2022-10-24 15:12:01+03,Неисправен
3735,268148,2459,2022-10-24 10:46:16+03,2022-10-24 15:10:57+03,Неисправен
3054,268163,2463,2022-10-24 10:49:16+03,2022-10-24 15:11:03+03,Неисправен
6679,268168,2465,2022-10-24 10:50:17+03,2022-10-24 15:11:06+03,Неисправен
8140,268218,2438,2022-10-24 10:51:56+03,2022-10-24 15:11:52+03,Неисправен
10504,268173,2466,2022-10-24 10:52:44+03,2022-10-24 15:11:07+03,Неисправен
10505,268253,2430,2022-10-24 10:54:24+03,2022-10-24 15:11:13+03,Неисправен
4438,268213,2436,2022-10-24 10:54:30+03,2022-10-24 15:11:51+03,Неисправен
645,268208,2435,2022-10-24 10:55:10+03,2022-10-24 15:11:49+03,Неисправен
2212,268258,2432,2022-10-24 10:55:56+03,2022-10-24 15:11:17+03,Неисправен
8805,268203,2434,2022-10-24 10:56:30+03,2022-10-24 15:11:48+03,Неисправен
5876,268263,2449,2022-10-24 10:57:16+03,2022-10-24 15:11:18+03,Неисправен
5192,268198,2433,2022-10-24 10:57:34+03,2022-10-24 15:11:47+03,Неисправен
9561,268268,2455,2022-10-24 10:59:36+03,2022-10-24 15:11:20+03,Неисправен
8806,268283,2457,2022-10-24 11:01:41+03,2022-10-24 15:11:37+03,Неисправен
646,268288,2448,2022-10-24 11:02:22+03,2022-10-24 15:11:38+03,Неисправен
9560,268188,2471,2022-10-24 11:02:48+03,2022-10-24 15:11:44+03,Неисправен
4439,268293,2431,2022-10-24 11:03:10+03,2022-10-24 15:11:40+03,Неисправен
8141,268298,2430,2022-10-24 11:03:40+03,2022-10-24 15:11:41+03,Неисправен
5875,268183,2468,2022-10-24 11:04:10+03,2022-10-24 15:11:11+03,Неисправен
1424,268273,2460,2022-10-24 11:05:26+03,2022-10-24 15:11:33+03,Неисправен
2211,268178,2467,2022-10-24 11:05:52+03,2022-10-24 15:11:10+03,Неисправен
5193,268278,2464,2022-10-24 11:06:12+03,2022-10-24 15:11:36+03,Неисправен
1423,268193,2472,2022-10-24 11:21:22+03,2022-10-24 15:11:45+03,Неисправен
9885,147933,1261,2022-10-29 08:41:55+03,2022-10-29 14:50:55+03,Неисправен
9886,147933,1261,2022-10-29 14:56:43+03,2022-10-29 16:59:22+03,Неисправен
9887,147933,1261,2022-10-30 07:57:25+03,2022-10-30 09:19:03+03,Неисправен
883,135185,,2022-10-31 11:01:13+03,2022-10-31 14:10:22+03,Много неисправных устройств
1685,135186,,2022-10-31 11:01:14+03,2022-10-31 14:10:22+03,Много неисправных устройств
1591,93138,,2022-11-11 11:30:59+03,2022-11-11 13:13:19+03,Много неисправных устройств
10694,120254,401,2022-11-14 10:50:39+03,2022-11-14 12:32:42+03,Неисправен
957,154849,422,2022-11-14 10:53:46+03,2022-11-14 12:33:20+03,Неисправен
3963,120245,453,2022-11-14 10:55:38+03,2022-11-14 12:33:33+03,Неисправен
9804,120237,409,2022-11-14 10:56:08+03,2022-11-14 12:34:02+03,Неисправен
4650,120230,409,2022-11-14 11:00:24+03,2022-11-14 12:34:30+03,Неисправен
7598,120250,414,2022-11-14 11:04:30+03,2022-11-14 12:33:07+03,Неисправен
855,120257,401,2022-11-14 11:04:30+03,2022-11-14 12:32:29+03,Неисправен
3980,120261,401,2022-11-14 11:04:30+03,2022-11-14 12:32:13+03,Неисправен
1713,154850,401,2022-11-14 11:04:30+03,2022-11-14 12:32:53+03,Неисправен
2496,154851,401,2022-11-14 11:04:30+03,2022-11-14 12:31:59+03,Неисправен
1658,120226,409,2022-11-14 11:19:30+03,2022-11-14 12:34:47+03,Неисправен
7594,120234,409,2022-11-14 11:19:30+03,2022-11-14 12:34:15+03,Неисправен
151,154848,409,2022-11-14 11:19:30+03,2022-11-14 12:33:46+03,Неисправен
11455,154847,409,2022-11-14 11:24:39+03,2022-11-14 12:36:05+03,Неисправен
6906,120265,401,2022-11-14 11:27:33+03,2022-11-14 12:31:46+03,Неисправен
11261,267934,,2022-11-14 15:05:28+03,2022-11-14 16:16:42+03,Много неисправных устройств
11978,267935,,2022-11-14 15:05:28+03,2022-11-14 16:16:42+03,Много неисправных устройств
11,9328,,2022-11-14 15:05:30+03,2022-11-14 17:11:43+03,Много неисправных устройств
790,9329,,2022-11-14 15:05:30+03,2022-11-14 17:11:43+03,Много неисправных устройств
1578,9330,,2022-11-14 15:05:30+03,2022-11-14 17:11:43+03,Много неисправных устройств
3986,143621,1266,2022-11-15 11:30:21+03,2022-11-15 12:39:13+03,Неисправен
8315,113979,,2022-11-15 21:32:57+03,2022-11-15 22:41:26+03,Много неисправных устройств
8972,113980,,2022-11-15 21:32:57+03,2022-11-15 22:41:26+03,Много неисправных устройств
9022,178332,,2022-11-15 21:32:57+03,2022-11-15 22:41:27+03,Много неисправных устройств
9452,230748,1727,2022-11-30 03:21:29+03,2022-11-30 04:49:10+03,Много неисправных устройств
10440,230749,,2022-11-30 03:21:29+03,2022-11-30 04:49:10+03,Много неисправных устройств
6621,231352,,2022-11-30 03:21:29+03,2022-11-30 04:49:11+03,Много неисправных устройств
11208,231422,1843,2022-11-30 03:21:29+03,2022-11-30 04:49:11+03,Много неисправных устройств
975,171537,,2022-12-02 10:05:36+03,2022-12-02 11:40:59+03,Неисправен
6180,171544,,2022-12-02 10:05:36+03,2022-12-02 11:39:51+03,Неисправен
5443,171575,,2022-12-02 10:05:36+03,2022-12-02 11:44:35+03,Неисправен
2557,171587,,2022-12-02 10:05:36+03,2022-12-02 11:45:09+03,Неисправен
1600,93458,776,2022-12-05 10:46:28+03,2022-12-05 12:19:16+03,Неисправен
3914,93461,776,2022-12-05 10:46:28+03,2022-12-05 12:19:40+03,Неисправен
10625,93470,769,2022-12-05 10:53:40+03,2022-12-05 12:20:11+03,Неисправен
5394,94855,675,2022-12-05 11:08:34+03,2022-12-05 12:28:42+03,Неисправен
6876,94857,675,2022-12-05 11:08:34+03,2022-12-05 12:27:45+03,Неисправен
7578,94858,675,2022-12-05 11:08:34+03,2022-12-05 12:29:07+03,Неисправен
9782,98189,670,2022-12-05 11:08:34+03,2022-12-05 12:28:27+03,Неисправен
31,93488,763,2022-12-05 11:08:58+03,2022-12-05 12:20:27+03,Неисправен
2370,93507,757,2022-12-05 11:08:58+03,2022-12-05 12:21:05+03,Неисправен
4569,93510,757,2022-12-05 11:08:58+03,2022-12-05 12:21:22+03,Неисправен
42,93584,725,2022-12-05 11:08:58+03,2022-12-05 12:21:44+03,Неисправен
2378,93587,725,2022-12-05 11:08:58+03,2022-12-05 12:22:21+03,Неисправен
4577,93590,725,2022-12-05 11:08:58+03,2022-12-05 12:22:08+03,Неисправен
6983,193113,832,2022-12-05 12:07:32+03,2022-12-05 14:41:31+03,Неисправен
8358,193115,832,2022-12-05 12:07:32+03,2022-12-05 14:41:20+03,Неисправен
6194,193128,822,2022-12-05 12:07:32+03,2022-12-05 14:41:44+03,Неисправен
7666,193130,822,2022-12-05 12:07:32+03,2022-12-05 14:41:57+03,Неисправен
185,193152,817,2022-12-05 12:07:32+03,2022-12-05 14:42:11+03,Неисправен
2582,193155,817,2022-12-05 12:07:32+03,2022-12-05 14:42:26+03,Неисправен
11484,193167,807,2022-12-05 12:07:32+03,2022-12-05 14:42:38+03,Неисправен
986,193169,807,2022-12-05 12:07:32+03,2022-12-05 14:42:51+03,Неисправен
11500,193183,800,2022-12-05 12:07:32+03,2022-12-05 14:43:07+03,Неисправен
1748,193186,800,2022-12-05 12:07:32+03,2022-12-05 14:43:19+03,Неисправен
4720,193190,800,2022-12-05 12:07:32+03,2022-12-05 14:43:39+03,Неисправен
6202,193208,792,2022-12-05 12:07:32+03,2022-12-05 14:42:13+03,Неисправен
8367,193211,792,2022-12-05 12:36:08+03,2022-12-05 14:44:05+03,Неисправен
6682,268968,2596,2022-12-07 11:10:32+03,2022-12-07 13:41:22+03,Неисправен
5543,227463,1413,2022-12-08 14:02:42+03,2022-12-08 15:38:51+03,Неисправен
6262,227464,1413,2022-12-08 14:02:42+03,2022-12-08 15:38:51+03,Неисправен
8407,227467,1413,2022-12-08 14:02:42+03,2022-12-08 15:38:50+03,Неисправен
9101,227468,1413,2022-12-08 14:02:42+03,2022-12-08 15:38:50+03,Неисправен
11589,227471,1413,2022-12-08 14:02:43+03,2022-12-08 15:38:51+03,Неисправен
2634,227475,1413,2022-12-08 14:02:43+03,2022-12-08 15:38:50+03,Неисправен
3067,287107,2719,2022-12-08 17:29:02+03,2022-12-09 06:57:45+03,Неисправен
3068,287107,2719,2022-12-09 10:53:20+03,2022-12-10 05:53:21+03,Неисправен
945,154129,,2022-12-16 14:16:40+03,2022-12-16 18:19:35+03,Неисправен
2218,285842,,2022-12-17 18:00:08+03,2022-12-17 20:08:46+03,Неисправен
7639,144874,1308,2022-12-27 15:35:46+03,2022-12-27 17:45:15+03,Неисправен
4565,50966,,2022-12-29 10:45:04+03,2022-12-29 14:08:39+03,Неисправен
1527,287905,3108,2022-12-30 11:57:10+03,2022-12-30 15:46:23+03,Неисправен
8316,113979,,2022-12-30 16:48:37+03,2022-12-31 00:35:33+03,Много неисправных устройств
8973,113980,,2022-12-30 16:48:37+03,2022-12-31 00:33:33+03,Много неисправных устройств
9023,178332,,2022-12-30 16:48:38+03,2022-12-31 00:35:34+03,Много неисправных устройств
1528,287905,3108,2023-01-03 09:29:26+03,2023-01-03 10:51:10+03,Неисправен
1529,287905,3108,2023-01-03 14:39:02+03,2023-01-03 16:08:16+03,Неисправен
11985,277999,2300,2023-01-05 05:04:44+03,2023-01-05 11:37:32+03,Неисправен
8146,278010,2300,2023-01-05 05:04:48+03,2023-01-05 11:37:32+03,Неисправен
11280,278014,2300,2023-01-05 05:04:48+03,2023-01-05 11:37:32+03,Неисправен
11989,278015,2300,2023-01-05 05:04:48+03,2023-01-05 11:37:32+03,Неисправен
7401,278025,2300,2023-01-05 05:04:56+03,2023-01-05 11:37:32+03,Неисправен
10506,269757,,2023-01-05 07:10:12+03,2023-01-05 08:19:13+03,Много неисправных устройств
5194,269766,2596,2023-01-05 07:10:13+03,2023-01-05 08:19:13+03,Много неисправных устройств
7052,228633,1826,2023-01-11 11:05:34+03,2023-01-11 12:09:14+03,Неисправен
11527,212847,1519,2023-01-11 15:13:04+03,2023-01-15 10:39:44+03,Неисправен
946,154129,,2023-01-13 14:17:03+03,2023-01-13 17:21:39+03,Неисправен
3743,286964,2878,2023-01-16 14:40:12+03,2023-01-16 18:55:13+03,Неисправен
9048,193228,,2023-01-16 21:39:40+03,2023-01-16 22:53:32+03,Неисправен
9049,193228,,2023-01-19 18:39:07+03,2023-01-19 20:07:21+03,Неисправен
9050,193228,,2023-01-21 15:15:12+03,2023-01-21 18:11:31+03,Неисправен
6669,267064,2204,2023-01-22 14:31:52+03,2023-01-22 15:37:48+03,Неисправен
10695,120254,401,2023-01-23 10:20:44+03,2023-01-23 11:28:47+03,Неисправен
958,154849,422,2023-01-23 10:21:37+03,2023-01-23 11:29:45+03,Неисправен
3964,120245,453,2023-01-23 10:22:27+03,2023-01-23 11:29:58+03,Неисправен
9805,120237,409,2023-01-23 10:24:10+03,2023-01-23 11:31:44+03,Неисправен
6907,120265,401,2023-01-23 10:24:10+03,2023-01-23 11:27:14+03,Неисправен
4651,120230,409,2023-01-23 10:27:10+03,2023-01-23 11:32:12+03,Неисправен
10507,269757,,2023-01-24 15:30:12+03,2023-01-24 18:26:23+03,Много неисправных устройств
5195,269766,2596,2023-01-24 15:30:12+03,2023-01-24 18:26:23+03,Много неисправных устройств
2467,143603,1278,2023-01-25 10:50:42+03,2023-01-25 12:09:00+03,Неисправен
2451,143571,1237,2023-01-25 11:00:03+03,2023-01-25 12:01:55+03,Неисправен
11452,143615,1272,2023-01-25 11:01:07+03,2023-01-25 12:04:54+03,Неисправен
4665,143622,1266,2023-01-25 11:05:02+03,2023-01-25 12:14:18+03,Неисправен
10821,212958,1679,2023-01-26 11:15:20+03,2023-01-26 13:23:52+03,Неисправен
1770,212962,1690,2023-01-26 11:15:20+03,2023-01-26 13:23:52+03,Неисправен
9051,193228,,2023-01-29 12:47:33+03,2023-01-29 16:23:36+03,Неисправен
8136,268090,2446,2023-02-01 10:37:07+03,2023-02-01 11:37:44+03,Неисправен
8801,268091,2446,2023-02-01 10:37:07+03,2023-02-01 11:37:44+03,Неисправен
10658,94158,732,2023-02-02 10:44:39+03,2023-02-02 12:17:52+03,Неисправен
3935,94853,732,2023-02-02 10:44:39+03,2023-02-02 12:18:28+03,Неисправен
4612,94854,732,2023-02-02 10:44:39+03,2023-02-02 12:18:08+03,Неисправен
5395,94855,675,2023-02-02 10:44:39+03,2023-02-02 12:20:44+03,Неисправен
6877,94857,675,2023-02-02 10:44:39+03,2023-02-02 12:57:35+03,Неисправен
7579,94858,675,2023-02-02 10:44:39+03,2023-02-02 12:56:51+03,Неисправен
8962,98188,732,2023-02-02 10:44:39+03,2023-02-02 12:18:48+03,Неисправен
9783,98189,670,2023-02-02 10:44:39+03,2023-02-02 12:21:18+03,Неисправен
10675,98190,588,2023-02-02 10:44:39+03,2023-02-02 12:17:29+03,Неисправен
11438,98191,593,2023-02-02 10:44:39+03,2023-02-02 12:17:14+03,Неисправен
24,93424,785,2023-02-02 10:45:06+03,2023-02-02 11:53:28+03,Неисправен
2356,93443,785,2023-02-02 10:52:43+03,2023-02-02 12:44:37+03,Неисправен
5347,93447,785,2023-02-02 10:52:43+03,2023-02-02 12:44:37+03,Неисправен
6203,193208,792,2023-02-02 11:00:55+03,2023-02-02 12:41:45+03,Неисправен
8368,193211,792,2023-02-02 11:00:55+03,2023-02-02 12:41:30+03,Неисправен
4606,94838,599,2023-02-02 11:10:22+03,2023-02-02 12:17:26+03,Неисправен
5380,94839,599,2023-02-02 11:10:22+03,2023-02-02 12:17:41+03,Неисправен
10650,94094,848,2023-02-02 11:10:23+03,2023-02-02 12:52:21+03,Неисправен
5362,94103,842,2023-02-02 11:10:23+03,2023-02-02 12:19:18+03,Неисправен
6084,94840,599,2023-02-02 11:10:23+03,2023-02-02 12:32:53+03,Неисправен
6864,94841,599,2023-02-02 11:10:23+03,2023-02-02 12:21:12+03,Неисправен
9756,94845,591,2023-02-02 11:10:23+03,2023-02-02 12:28:32+03,Неисправен
10663,94846,591,2023-02-02 11:10:23+03,2023-02-02 12:28:01+03,Неисправен
11415,94847,849,2023-02-02 11:10:23+03,2023-02-02 12:23:44+03,Неисправен
61,94848,848,2023-02-02 11:10:23+03,2023-02-02 12:24:24+03,Неисправен
829,94849,836,2023-02-02 11:10:23+03,2023-02-02 12:21:54+03,Неисправен
1630,94850,779,2023-02-02 11:10:23+03,2023-02-02 12:20:45+03,Неисправен
2402,94851,779,2023-02-02 11:10:23+03,2023-02-02 12:19:16+03,Неисправен
9771,98173,848,2023-02-02 11:10:23+03,2023-02-02 12:25:12+03,Неисправен
10666,98174,843,2023-02-02 11:10:23+03,2023-02-02 12:22:56+03,Неисправен
11425,98175,843,2023-02-02 11:10:23+03,2023-02-02 12:19:42+03,Неисправен
2410,98179,836,2023-02-02 11:10:23+03,2023-02-02 12:22:18+03,Неисправен
4617,98182,836,2023-02-02 11:10:23+03,2023-02-02 12:21:25+03,Неисправен
5401,98183,779,2023-02-02 11:10:23+03,2023-02-02 12:20:07+03,Неисправен
6884,98185,779,2023-02-02 11:10:23+03,2023-02-02 12:19:40+03,Неисправен
11485,193167,807,2023-02-02 11:24:10+03,2023-02-02 12:42:56+03,Неисправен
987,193169,807,2023-02-02 11:24:10+03,2023-02-02 12:42:43+03,Неисправен
11501,193183,800,2023-02-02 11:24:10+03,2023-02-02 12:42:23+03,Неисправен
1749,193186,800,2023-02-02 11:24:10+03,2023-02-02 12:42:11+03,Неисправен
4721,193190,800,2023-02-02 11:24:10+03,2023-02-02 12:41:59+03,Неисправен
2547,162899,,2023-02-03 03:32:05+03,2023-02-03 04:49:07+03,Много неисправных устройств
1601,93458,776,2023-02-03 10:23:01+03,2023-02-03 11:23:41+03,Неисправен
3915,93461,776,2023-02-03 10:23:01+03,2023-02-03 11:23:54+03,Неисправен
10626,93470,769,2023-02-03 10:23:01+03,2023-02-03 11:24:24+03,Неисправен
3051,268019,2459,2023-02-06 14:10:52+03,2023-02-06 16:26:30+03,Неисправен
650,278000,2300,2023-02-07 07:38:42+03,2023-02-07 12:34:32+03,Неисправен
3739,278004,2300,2023-02-07 07:38:42+03,2023-02-07 12:34:32+03,Неисправен
7397,278009,2300,2023-02-07 07:38:42+03,2023-02-07 12:34:32+03,Неисправен
3060,278019,2300,2023-02-07 07:38:42+03,2023-02-07 12:34:32+03,Неисправен
8150,278026,2300,2023-02-07 07:38:42+03,2023-02-07 12:34:32+03,Неисправен
10617,50638,,2023-02-07 07:42:03+03,2023-02-07 13:01:31+03,Много неисправных устройств
6144,147000,,2023-02-07 07:42:07+03,2023-02-07 10:09:50+03,Много неисправных устройств
6968,147001,,2023-02-07 07:42:07+03,2023-02-07 10:09:50+03,Много неисправных устройств
8137,268090,2446,2023-02-07 09:58:12+03,2023-02-07 11:18:44+03,Неисправен
8802,268091,2446,2023-02-07 09:58:12+03,2023-02-07 11:18:46+03,Неисправен
3291,196468,,2023-02-08 10:11:43+03,2023-02-08 18:13:55+03,Неисправен
9056,196476,,2023-02-08 10:37:43+03,2023-02-08 18:18:03+03,Неисправен
1755,196482,,2023-02-09 11:29:01+03,2023-04-03 14:51:07+03,Неисправен
947,154129,,2023-02-10 14:17:23+03,2023-02-10 19:32:48+03,Неисправен
2511,158899,1326,2023-02-14 10:41:51+03,2023-02-14 21:19:25+03,Неисправен
9890,158909,1319,2023-02-14 10:47:50+03,2023-02-14 21:19:29+03,Неисправен
6175,158904,1326,2023-02-14 10:48:21+03,2023-02-14 21:19:27+03,Неисправен
1728,158914,1320,2023-02-14 10:49:17+03,2023-02-14 21:19:31+03,Неисправен
5439,158919,1322,2023-02-14 10:52:24+03,2023-02-14 21:19:33+03,Неисправен
9011,158924,1323,2023-02-14 10:53:29+03,2023-02-14 21:19:35+03,Неисправен
971,158929,1324,2023-02-14 10:54:36+03,2023-02-14 21:19:38+03,Неисправен
4714,158934,1325,2023-02-14 10:56:17+03,2023-02-14 21:19:40+03,Неисправен
8344,158939,1327,2023-02-14 10:57:24+03,2023-02-14 21:19:45+03,Неисправен
165,158944,1328,2023-02-14 10:58:43+03,2023-02-14 21:19:47+03,Неисправен
4008,158949,1329,2023-02-14 11:00:57+03,2023-02-14 21:19:49+03,Неисправен
7644,158954,1330,2023-02-14 11:06:43+03,2023-02-14 21:19:51+03,Неисправен
11459,158959,1331,2023-02-14 11:08:20+03,2023-02-14 21:19:54+03,Неисправен
10738,158974,1334,2023-02-14 11:08:20+03,2023-02-14 21:21:58+03,Неисправен
3269,158964,1332,2023-02-14 11:09:17+03,2023-02-14 21:19:56+03,Неисправен
6973,158969,1333,2023-02-14 11:10:47+03,2023-02-14 21:19:58+03,Неисправен
10736,158894,1321,2023-02-14 11:24:38+03,2023-02-14 21:19:22+03,Неисправен
1425,268881,,2023-02-16 10:51:26+03,2023-02-16 13:33:01+03,Много неисправных устройств
2201,261890,1109,2023-02-17 11:32:54+03,2023-02-17 14:11:06+03,Неисправен
2209,268066,2446,2023-02-17 13:20:44+03,2023-02-17 14:29:23+03,Неисправен
1426,268881,,2023-02-17 13:23:09+03,2023-02-17 14:27:04+03,Много неисправных устройств
976,171537,,2023-02-20 13:13:24+03,2023-02-20 14:43:54+03,Неисправен
6181,171544,,2023-02-20 13:13:24+03,2023-02-20 14:44:08+03,Неисправен
10743,171550,,2023-02-20 13:13:24+03,2023-02-20 14:44:22+03,Неисправен
5444,171575,,2023-02-20 13:13:24+03,2023-02-20 14:44:53+03,Неисправен
2558,171587,,2023-02-20 13:13:24+03,2023-02-20 14:45:14+03,Неисправен
948,154129,,2023-02-24 14:17:29+03,2023-02-24 16:00:30+03,Неисправен
6898,115785,1005,2023-03-02 12:25:27+03,2023-03-02 13:48:16+03,Неисправен
3218,115812,1005,2023-03-02 12:25:29+03,2023-03-02 13:48:04+03,Неисправен
3944,115813,1005,2023-03-02 12:25:29+03,2023-03-02 13:47:48+03,Неисправен
10696,120254,401,2023-03-06 09:27:08+03,2023-03-06 11:12:33+03,Неисправен
959,154849,422,2023-03-06 09:28:11+03,2023-03-06 11:51:51+03,Неисправен
3965,120245,453,2023-03-06 09:29:18+03,2023-03-06 11:51:43+03,Неисправен
9806,120237,409,2023-03-06 09:29:53+03,2023-03-06 11:51:17+03,Неисправен
4652,120230,409,2023-03-06 09:33:07+03,2023-03-06 11:51:02+03,Неисправен
152,154848,409,2023-03-06 09:33:07+03,2023-03-06 11:02:35+03,Неисправен
1714,154850,401,2023-03-06 09:33:07+03,2023-03-06 11:52:04+03,Неисправен
6908,120265,401,2023-03-06 09:42:13+03,2023-03-06 11:11:49+03,Неисправен
856,120257,401,2023-03-06 09:48:19+03,2023-03-06 11:52:34+03,Неисправен
3981,120261,401,2023-03-06 09:48:19+03,2023-03-06 11:11:45+03,Неисправен
2497,154851,401,2023-03-06 09:48:19+03,2023-03-06 11:13:05+03,Неисправен
3217,115780,1014,2023-03-06 11:12:05+03,2023-03-06 13:04:22+03,Неисправен
949,154129,,2023-03-10 14:17:38+03,2023-03-10 16:37:22+03,Неисправен
224,214224,,2023-03-14 09:43:21+03,2023-03-14 11:27:20+03,Неисправен
5402,98183,779,2023-03-17 15:12:08+03,2023-03-17 21:50:08+03,Неисправен
1631,94850,779,2023-03-17 15:18:35+03,2023-03-17 21:50:13+03,Неисправен
6885,98185,779,2023-03-17 15:39:50+03,2023-03-17 20:12:53+03,Неисправен
2403,94851,779,2023-03-17 16:46:50+03,2023-03-17 18:42:34+03,Неисправен
9052,193228,,2023-03-18 13:10:23+03,2023-03-18 15:22:56+03,Неисправен
1632,94850,779,2023-03-18 18:38:22+03,2023-03-18 20:05:11+03,Неисправен
2404,94851,779,2023-03-18 18:38:22+03,2023-03-18 20:05:11+03,Неисправен
5403,98183,779,2023-03-18 18:38:22+03,2023-03-18 20:05:11+03,Неисправен
1592,93138,,2023-03-18 18:55:17+03,2023-03-18 20:05:04+03,Много неисправных устройств
1633,94850,779,2023-03-18 20:05:11+03,2023-03-19 08:36:55+03,Неисправен
2405,94851,779,2023-03-18 20:05:11+03,2023-03-19 08:37:07+03,Неисправен
5404,98183,779,2023-03-18 20:05:11+03,2023-03-19 08:36:58+03,Неисправен
6886,98185,779,2023-03-18 20:05:11+03,2023-03-19 08:37:03+03,Неисправен
11534,213391,,2023-03-19 19:02:17+03,2023-03-19 20:23:53+03,Много неисправных устройств
9453,230748,1727,2023-03-20 07:24:27+03,2023-03-20 08:31:48+03,Много неисправных устройств
10441,230749,,2023-03-20 07:24:27+03,2023-03-20 08:31:48+03,Много неисправных устройств
6622,231352,,2023-03-20 07:24:27+03,2023-03-20 08:31:48+03,Много неисправных устройств
11209,231422,1843,2023-03-20 07:24:27+03,2023-03-20 08:31:48+03,Много неисправных устройств
5405,98183,779,2023-03-21 10:18:07+03,2023-03-21 11:47:41+03,Неисправен
5880,268791,2473,2023-03-26 14:00:58+03,2023-03-27 11:16:08+03,Неисправен
1427,268881,,2023-03-27 11:19:35+03,2023-03-27 13:08:05+03,Много неисправных устройств
10618,50638,,2023-03-29 10:01:07+03,2023-03-29 15:45:22+03,Много неисправных устройств
6145,147000,,2023-03-29 10:01:09+03,2023-03-29 13:33:22+03,Много неисправных устройств
6969,147001,,2023-03-29 10:01:09+03,2023-03-29 13:33:22+03,Много неисправных устройств
11971,267039,2204,2023-03-30 16:46:22+03,2023-03-30 21:00:12+03,Неисправен
636,267040,2204,2023-03-30 16:46:22+03,2023-03-30 21:00:12+03,Неисправен
4430,267045,2204,2023-03-30 16:46:22+03,2023-03-30 21:00:12+03,Неисправен
5871,267063,2204,2023-03-30 16:46:22+03,2023-03-30 21:00:12+03,Неисправен
11972,267071,2204,2023-03-30 16:46:22+03,2023-03-30 21:00:12+03,Неисправен
9789,104045,864,2023-03-31 10:38:43+03,2023-03-31 11:59:17+03,Неисправен
10682,104046,865,2023-03-31 10:38:43+03,2023-03-31 11:59:17+03,Неисправен
2357,93443,785,2023-04-04 10:02:14+03,2023-04-04 11:23:35+03,Неисправен
5348,93447,785,2023-04-04 10:02:14+03,2023-04-04 11:23:51+03,Неисправен
1602,93458,776,2023-04-04 10:02:14+03,2023-04-04 11:24:29+03,Неисправен
3916,93461,776,2023-04-04 10:02:14+03,2023-04-04 11:24:07+03,Неисправен
10627,93470,769,2023-04-04 10:08:00+03,2023-04-04 11:24:57+03,Неисправен
32,93488,763,2023-04-04 10:15:03+03,2023-04-04 11:25:24+03,Неисправен
2364,93491,763,2023-04-04 10:15:03+03,2023-04-04 11:25:36+03,Неисправен
2371,93507,757,2023-04-04 10:21:48+03,2023-04-04 11:25:51+03,Неисправен
4570,93510,757,2023-04-04 10:21:48+03,2023-04-04 11:26:04+03,Неисправен
10676,98190,588,2023-04-04 12:04:57+03,2023-06-09 10:36:39+03,Неисправен
814,94001,618,2023-04-04 12:18:58+03,2023-04-04 13:25:28+03,Неисправен
4595,94006,619,2023-04-04 12:18:58+03,2023-04-04 13:25:50+03,Неисправен
7565,94826,619,2023-04-04 12:18:58+03,2023-04-04 13:25:07+03,Неисправен
43,93584,725,2023-04-05 09:41:03+03,2023-04-05 13:48:12+03,Неисправен
53,93936,653,2023-04-05 10:57:49+03,2023-04-05 13:45:35+03,Неисправен
11426,98175,843,2023-04-05 11:06:23+03,2023-04-05 13:47:00+03,Неисправен
9053,193228,,2023-04-05 15:32:45+03,2023-04-05 17:36:28+03,Неисправен
1411,267057,2204,2023-04-06 06:04:26+03,2023-04-06 10:07:24+03,Неисправен
1412,267057,2204,2023-04-06 10:10:16+03,2023-04-06 12:31:24+03,Неисправен
10801,196478,,2023-04-06 12:48:00+03,2023-04-06 14:07:56+03,Неисправен
1756,196482,,2023-04-06 12:48:00+03,2023-04-06 14:07:37+03,Неисправен
9972,196493,,2023-04-06 12:48:00+03,2023-04-06 14:06:57+03,Неисправен
1006,196497,,2023-04-06 12:48:00+03,2023-04-06 14:06:35+03,Неисправен
4729,196502,,2023-04-06 12:48:00+03,2023-04-06 14:05:58+03,Неисправен
7688,196506,,2023-04-06 12:48:00+03,2023-04-06 14:05:37+03,Неисправен
9974,196509,,2023-04-06 12:48:00+03,2023-04-06 14:05:07+03,Неисправен
8373,196523,,2023-04-06 12:48:00+03,2023-04-06 14:03:15+03,Неисправен
11510,196527,,2023-04-06 12:48:00+03,2023-04-06 14:01:52+03,Неисправен
9054,193228,,2023-04-07 00:57:43+03,2023-04-07 05:36:47+03,Батарея неисправна
9864,144733,,2023-04-08 11:58:12+03,2023-04-08 13:05:12+03,Много неисправных устройств
10713,144734,,2023-04-08 11:58:12+03,2023-04-08 13:05:12+03,Много неисправных устройств
8350,178331,,2023-04-08 11:58:12+03,2023-04-08 13:05:12+03,Много неисправных устройств
2152,229666,1987,2023-04-10 03:15:14+03,2023-04-10 04:17:57+03,Неисправен
2999,229667,1987,2023-04-10 03:15:14+03,2023-04-10 04:18:00+03,Неисправен
5822,229671,1987,2023-04-10 03:15:14+03,2023-04-10 04:25:22+03,Неисправен
6588,229672,1987,2023-04-10 03:15:14+03,2023-04-10 04:25:26+03,Неисправен
9415,229676,1987,2023-04-10 03:15:14+03,2023-04-10 06:39:08+03,Неисправен
2559,171587,,2023-04-14 12:45:33+03,2023-04-14 13:45:42+03,Неисправен
8142,277946,2394,2023-04-18 11:46:08+03,2023-04-18 15:10:00+03,Неисправен
4911,228998,2028,2023-04-21 11:46:58+03,2023-04-21 13:57:14+03,Неисправен
1928,228994,2026,2023-04-21 11:49:10+03,2023-04-21 13:57:12+03,Неисправен
381,228992,2025,2023-04-21 11:50:04+03,2023-04-21 13:57:12+03,Неисправен
1428,268881,,2023-04-23 02:17:03+03,2023-04-23 03:29:13+03,Много неисправных устройств
8395,214219,,2023-04-25 07:20:39+03,2023-04-25 13:24:59+03,Неисправен
8811,287067,2653,2023-04-25 12:09:38+03,2023-04-26 00:06:44+03,Неисправен
8812,287067,2653,2023-04-26 10:52:29+03,2023-04-26 12:36:06+03,Неисправен
8317,113979,,2023-05-05 16:09:18+03,2023-05-05 17:48:31+03,Много неисправных устройств
8974,113980,,2023-05-05 16:09:18+03,2023-05-05 17:48:32+03,Много неисправных устройств
9024,178332,,2023-05-05 16:09:19+03,2023-05-05 17:48:32+03,Много неисправных устройств
3363,228612,1813,2023-05-10 21:58:59+03,2023-05-11 00:03:58+03,Неисправен
4062,228613,1813,2023-05-10 21:58:59+03,2023-05-11 00:03:58+03,Неисправен
4774,228614,1812,2023-05-10 21:58:59+03,2023-05-11 00:03:58+03,Неисправен
5555,228615,1813,2023-05-10 21:58:59+03,2023-05-11 00:03:58+03,Неисправен
6273,228616,1814,2023-05-10 21:58:59+03,2023-05-11 00:03:58+03,Неисправен
7045,228617,1815,2023-05-10 21:58:59+03,2023-05-11 00:03:58+03,Неисправен
7734,228618,1815,2023-05-10 21:58:59+03,2023-05-11 00:03:58+03,Неисправен
8422,228619,1816,2023-05-10 21:58:59+03,2023-05-11 00:03:58+03,Неисправен
9108,228620,1816,2023-05-10 21:58:59+03,2023-05-11 00:03:58+03,Неисправен
10028,228621,1818,2023-05-10 21:58:59+03,2023-05-11 00:03:58+03,Неисправен
10854,228622,1819,2023-05-10 21:58:59+03,2023-05-11 00:03:58+03,Неисправен
11599,228623,1819,2023-05-10 21:58:59+03,2023-05-11 00:03:58+03,Неисправен
252,228624,1820,2023-05-10 21:58:59+03,2023-05-11 00:03:58+03,Неисправен
1044,228625,1821,2023-05-10 21:58:59+03,2023-05-11 00:03:58+03,Неисправен
1799,228626,1821,2023-05-10 21:58:59+03,2023-05-11 00:03:58+03,Неисправен
2648,228627,1822,2023-05-10 21:58:59+03,2023-05-11 00:03:58+03,Неисправен
3372,228628,1823,2023-05-10 21:58:59+03,2023-05-11 00:03:58+03,Неисправен
4073,228629,1823,2023-05-10 21:58:59+03,2023-05-11 00:03:58+03,Неисправен
4781,228630,1824,2023-05-10 21:58:59+03,2023-05-11 00:03:58+03,Неисправен
5564,228631,1825,2023-05-10 21:58:59+03,2023-05-11 00:03:58+03,Неисправен
6282,228632,1825,2023-05-10 21:58:59+03,2023-05-11 00:03:58+03,Неисправен
7053,228633,1826,2023-05-10 21:58:59+03,2023-05-11 00:03:58+03,Неисправен
7743,228634,1826,2023-05-10 21:58:59+03,2023-05-11 00:03:58+03,Неисправен
8430,228635,1827,2023-05-10 21:58:59+03,2023-05-11 00:03:58+03,Неисправен
9117,228636,1829,2023-05-10 21:58:59+03,2023-05-11 00:03:58+03,Неисправен
10036,228637,1829,2023-05-10 21:58:59+03,2023-05-11 00:03:58+03,Неисправен
10862,228638,1829,2023-05-10 21:58:59+03,2023-05-11 00:03:58+03,Неисправен
11607,228639,1829,2023-05-10 21:58:59+03,2023-05-11 00:03:58+03,Неисправен
262,228640,1830,2023-05-10 21:58:59+03,2023-05-11 00:03:58+03,Неисправен
1052,228641,1830,2023-05-10 21:58:59+03,2023-05-11 00:03:58+03,Неисправен
1807,228642,1830,2023-05-10 21:58:59+03,2023-05-11 00:03:58+03,Неисправен
2657,228643,1830,2023-05-10 21:58:59+03,2023-05-11 00:03:58+03,Неисправен
3380,228644,1830,2023-05-10 21:58:59+03,2023-05-11 00:03:58+03,Неисправен
4082,228645,1830,2023-05-10 21:58:59+03,2023-05-11 00:03:58+03,Неисправен
4789,228646,1830,2023-05-10 21:58:59+03,2023-05-11 00:03:58+03,Неисправен
5572,228647,1830,2023-05-10 21:58:59+03,2023-05-11 00:03:58+03,Неисправен
6291,228648,1829,2023-05-10 21:58:59+03,2023-05-11 00:03:58+03,Неисправен
7061,228649,1829,2023-05-10 21:58:59+03,2023-05-11 00:03:58+03,Неисправен
7752,228650,1827,2023-05-10 21:58:59+03,2023-05-11 00:03:58+03,Неисправен
8438,228651,1826,2023-05-10 21:58:59+03,2023-05-11 00:03:58+03,Неисправен
9127,228652,1826,2023-05-10 21:58:59+03,2023-05-11 00:03:58+03,Неисправен
10047,228653,1826,2023-05-10 21:58:59+03,2023-05-11 00:03:58+03,Неисправен
10871,228654,1826,2023-05-10 21:58:59+03,2023-05-11 00:03:58+03,Неисправен
11616,228655,1825,2023-05-10 21:58:59+03,2023-05-11 00:03:58+03,Неисправен
270,228656,1824,2023-05-10 21:58:59+03,2023-05-11 00:03:58+03,Неисправен
1064,228657,1824,2023-05-10 21:58:59+03,2023-05-11 00:03:58+03,Неисправен
1815,228658,1823,2023-05-10 21:58:59+03,2023-05-11 00:03:58+03,Неисправен
2668,228659,1822,2023-05-10 21:58:59+03,2023-05-11 00:03:58+03,Неисправен
3389,228660,1822,2023-05-10 21:58:59+03,2023-05-11 00:03:58+03,Неисправен
4091,228661,1821,2023-05-10 21:58:59+03,2023-05-11 00:03:58+03,Неисправен
4797,228662,1820,2023-05-10 21:58:59+03,2023-05-11 00:03:58+03,Неисправен
5580,228663,1821,2023-05-10 21:58:59+03,2023-05-11 00:03:58+03,Неисправен
6299,228664,1820,2023-05-10 21:58:59+03,2023-05-11 00:03:58+03,Неисправен
7069,228665,1820,2023-05-10 21:58:59+03,2023-05-11 00:03:58+03,Неисправен
7762,228666,1819,2023-05-10 21:58:59+03,2023-05-11 00:03:58+03,Неисправен
8446,228667,1818,2023-05-10 21:58:59+03,2023-05-11 00:03:58+03,Неисправен
9135,228668,1818,2023-05-10 21:58:59+03,2023-05-11 00:03:58+03,Неисправен
10055,228669,1816,2023-05-10 21:58:59+03,2023-05-11 00:03:58+03,Неисправен
10880,228670,1815,2023-05-10 21:58:59+03,2023-05-11 00:03:58+03,Неисправен
11624,228671,1815,2023-05-10 21:58:59+03,2023-05-11 00:03:58+03,Неисправен
278,228672,1814,2023-05-10 21:58:59+03,2023-05-11 00:03:58+03,Неисправен
1072,228673,1813,2023-05-10 21:58:59+03,2023-05-11 00:03:58+03,Неисправен
1823,228674,1813,2023-05-10 21:58:59+03,2023-05-11 00:03:58+03,Неисправен
2678,228675,1812,2023-05-10 21:58:59+03,2023-05-11 00:03:58+03,Неисправен
3399,228676,1812,2023-05-10 21:58:59+03,2023-05-11 00:03:58+03,Неисправен
4099,228677,1811,2023-05-10 21:58:59+03,2023-05-11 00:03:58+03,Неисправен
4809,228678,1810,2023-05-10 21:58:59+03,2023-05-11 00:03:58+03,Неисправен
5588,228679,1810,2023-05-10 21:58:59+03,2023-05-11 00:03:58+03,Неисправен
6311,228680,1809,2023-05-10 21:58:59+03,2023-05-11 00:03:58+03,Неисправен
7082,228681,1808,2023-05-10 21:58:59+03,2023-05-11 00:03:58+03,Неисправен
7773,228682,1808,2023-05-10 21:58:59+03,2023-05-11 00:03:58+03,Неисправен
8460,228683,1807,2023-05-10 21:58:59+03,2023-05-11 00:03:58+03,Неисправен
9144,228684,1807,2023-05-10 21:58:59+03,2023-05-11 00:03:58+03,Неисправен
10068,228685,1805,2023-05-10 21:58:59+03,2023-05-11 00:03:58+03,Неисправен
10888,228686,1804,2023-05-10 21:58:59+03,2023-05-11 00:03:58+03,Неисправен
11638,228687,1804,2023-05-10 21:58:59+03,2023-05-11 00:03:58+03,Неисправен
287,228688,1803,2023-05-10 21:58:59+03,2023-05-11 00:03:58+03,Неисправен
1084,228689,1802,2023-05-10 21:58:59+03,2023-05-11 00:03:58+03,Неисправен
1832,228690,1802,2023-05-10 21:58:59+03,2023-05-11 00:03:58+03,Неисправен
2689,228691,1801,2023-05-10 21:58:59+03,2023-05-11 00:03:58+03,Неисправен
3413,228692,1801,2023-05-10 21:58:59+03,2023-05-11 00:03:58+03,Неисправен
4107,228693,1802,2023-05-10 21:58:59+03,2023-05-11 00:03:58+03,Неисправен
4824,228694,1803,2023-05-10 21:58:59+03,2023-05-11 00:03:58+03,Неисправен
5596,228695,1803,2023-05-10 21:58:59+03,2023-05-11 00:03:58+03,Неисправен
6321,228696,1804,2023-05-10 21:58:59+03,2023-05-11 00:03:58+03,Неисправен
7092,228697,1805,2023-05-10 21:58:59+03,2023-05-11 00:03:58+03,Неисправен
7782,228698,1805,2023-05-10 21:58:59+03,2023-05-11 00:03:58+03,Неисправен
8475,228699,1807,2023-05-10 21:58:59+03,2023-05-11 00:03:58+03,Неисправен
9154,228700,1807,2023-05-10 21:58:59+03,2023-05-11 00:03:58+03,Неисправен
10079,228701,1808,2023-05-10 21:58:59+03,2023-05-11 00:03:58+03,Неисправен
10896,228702,1809,2023-05-10 21:58:59+03,2023-05-11 00:03:58+03,Неисправен
11648,228703,1809,2023-05-10 21:58:59+03,2023-05-11 00:03:58+03,Неисправен
295,228704,1810,2023-05-10 21:58:59+03,2023-05-11 00:03:58+03,Неисправен
1093,228705,1810,2023-05-10 21:58:59+03,2023-05-11 00:03:58+03,Неисправен
1841,228706,1811,2023-05-10 21:58:59+03,2023-05-11 00:03:58+03,Неисправен
2692,228707,1811,2023-05-10 21:58:59+03,2023-05-11 00:03:58+03,Неисправен
3416,228708,1812,2023-05-10 21:58:59+03,2023-05-11 00:03:58+03,Неисправен
4110,228709,1812,2023-05-10 21:58:59+03,2023-05-11 00:03:58+03,Неисправен
4827,228710,1812,2023-05-10 21:58:59+03,2023-05-11 00:03:58+03,Неисправен
596,229584,1831,2023-05-10 22:18:13+03,2023-05-10 23:55:16+03,Неисправен
6563,229592,1829,2023-05-10 22:18:18+03,2023-05-10 23:55:16+03,Неисправен
6581,229624,1811,2023-05-10 22:18:19+03,2023-05-10 23:55:14+03,Неисправен
10386,229629,1788,2023-05-10 22:18:19+03,2023-05-10 23:55:14+03,Неисправен
3364,228612,1813,2023-05-11 12:17:50+03,2023-05-11 13:40:05+03,Неисправен
4063,228613,1813,2023-05-11 12:17:50+03,2023-05-11 13:40:05+03,Неисправен
4775,228614,1812,2023-05-11 12:17:50+03,2023-05-11 13:40:05+03,Неисправен
5556,228615,1813,2023-05-11 12:17:52+03,2023-05-11 13:40:05+03,Неисправен
6274,228616,1814,2023-05-11 12:17:52+03,2023-05-11 13:40:05+03,Неисправен
7046,228617,1815,2023-05-11 12:17:52+03,2023-05-11 13:40:05+03,Неисправен
7735,228618,1815,2023-05-11 12:17:52+03,2023-05-11 13:40:05+03,Неисправен
8423,228619,1816,2023-05-11 12:17:52+03,2023-05-11 13:40:05+03,Неисправен
9109,228620,1816,2023-05-11 12:17:52+03,2023-05-11 13:40:05+03,Неисправен
10029,228621,1818,2023-05-11 12:17:52+03,2023-05-11 13:40:05+03,Неисправен
10855,228622,1819,2023-05-11 12:17:54+03,2023-05-11 13:40:05+03,Неисправен
11600,228623,1819,2023-05-11 12:17:54+03,2023-05-11 13:40:05+03,Неисправен
253,228624,1820,2023-05-11 12:17:54+03,2023-05-11 13:40:05+03,Неисправен
1045,228625,1821,2023-05-11 12:17:54+03,2023-05-11 13:40:05+03,Неисправен
1800,228626,1821,2023-05-11 12:17:54+03,2023-05-11 13:40:05+03,Неисправен
2649,228627,1822,2023-05-11 12:17:54+03,2023-05-11 13:40:05+03,Неисправен
3373,228628,1823,2023-05-11 12:17:56+03,2023-05-11 13:40:05+03,Неисправен
4074,228629,1823,2023-05-11 12:17:56+03,2023-05-11 13:40:05+03,Неисправен
4782,228630,1824,2023-05-11 12:17:56+03,2023-05-11 13:40:05+03,Неисправен
5565,228631,1825,2023-05-11 12:17:56+03,2023-05-11 13:40:05+03,Неисправен
6283,228632,1825,2023-05-11 12:17:56+03,2023-05-11 13:40:05+03,Неисправен
7054,228633,1826,2023-05-11 12:17:56+03,2023-05-11 13:40:05+03,Неисправен
7744,228634,1826,2023-05-11 12:17:56+03,2023-05-11 13:40:05+03,Неисправен
8431,228635,1827,2023-05-11 12:17:58+03,2023-05-11 13:40:05+03,Неисправен
9118,228636,1829,2023-05-11 12:17:58+03,2023-05-11 13:40:05+03,Неисправен
10037,228637,1829,2023-05-11 12:17:58+03,2023-05-11 13:40:05+03,Неисправен
10863,228638,1829,2023-05-11 12:17:58+03,2023-05-11 13:40:05+03,Неисправен
11608,228639,1829,2023-05-11 12:17:58+03,2023-05-11 13:40:05+03,Неисправен
263,228640,1830,2023-05-11 12:17:58+03,2023-05-11 13:40:05+03,Неисправен
1053,228641,1830,2023-05-11 12:18:00+03,2023-05-11 13:40:05+03,Неисправен
1808,228642,1830,2023-05-11 12:18:00+03,2023-05-11 13:40:05+03,Неисправен
2658,228643,1830,2023-05-11 12:18:00+03,2023-05-11 13:40:05+03,Неисправен
3381,228644,1830,2023-05-11 12:18:00+03,2023-05-11 13:40:05+03,Неисправен
4083,228645,1830,2023-05-11 12:18:00+03,2023-05-11 13:40:05+03,Неисправен
4790,228646,1830,2023-05-11 12:18:00+03,2023-05-11 13:40:05+03,Неисправен
5573,228647,1830,2023-05-11 12:18:00+03,2023-05-11 13:40:05+03,Неисправен
6292,228648,1829,2023-05-11 12:18:02+03,2023-05-11 13:40:05+03,Неисправен
7062,228649,1829,2023-05-11 12:18:02+03,2023-05-11 13:40:05+03,Неисправен
7753,228650,1827,2023-05-11 12:18:02+03,2023-05-11 13:40:05+03,Неисправен
8439,228651,1826,2023-05-11 12:18:02+03,2023-05-11 13:40:05+03,Неисправен
9128,228652,1826,2023-05-11 12:18:02+03,2023-05-11 13:40:05+03,Неисправен
10048,228653,1826,2023-05-11 12:18:02+03,2023-05-11 13:40:05+03,Неисправен
10872,228654,1826,2023-05-11 12:18:04+03,2023-05-11 13:40:05+03,Неисправен
11617,228655,1825,2023-05-11 12:18:04+03,2023-05-11 13:40:05+03,Неисправен
271,228656,1824,2023-05-11 12:18:04+03,2023-05-11 13:40:05+03,Неисправен
1065,228657,1824,2023-05-11 12:18:04+03,2023-05-11 13:40:05+03,Неисправен
1816,228658,1823,2023-05-11 12:18:04+03,2023-05-11 13:40:05+03,Неисправен
2669,228659,1822,2023-05-11 12:18:04+03,2023-05-11 13:40:05+03,Неисправен
3390,228660,1822,2023-05-11 12:18:04+03,2023-05-11 13:40:05+03,Неисправен
4092,228661,1821,2023-05-11 12:18:06+03,2023-05-11 13:40:05+03,Неисправен
4798,228662,1820,2023-05-11 12:18:06+03,2023-05-11 13:40:05+03,Неисправен
5581,228663,1821,2023-05-11 12:18:06+03,2023-05-11 13:40:05+03,Неисправен
6300,228664,1820,2023-05-11 12:18:06+03,2023-05-11 13:40:05+03,Неисправен
7070,228665,1820,2023-05-11 12:18:06+03,2023-05-11 13:40:05+03,Неисправен
7763,228666,1819,2023-05-11 12:18:06+03,2023-05-11 13:40:05+03,Неисправен
8447,228667,1818,2023-05-11 12:18:08+03,2023-05-11 13:40:05+03,Неисправен
9136,228668,1818,2023-05-11 12:18:08+03,2023-05-11 13:40:05+03,Неисправен
10056,228669,1816,2023-05-11 12:18:08+03,2023-05-11 13:40:05+03,Неисправен
10881,228670,1815,2023-05-11 12:18:08+03,2023-05-11 13:40:05+03,Неисправен
11625,228671,1815,2023-05-11 12:18:08+03,2023-05-11 13:40:05+03,Неисправен
279,228672,1814,2023-05-11 12:18:08+03,2023-05-11 13:40:05+03,Неисправен
1073,228673,1813,2023-05-11 12:18:08+03,2023-05-11 13:40:05+03,Неисправен
1824,228674,1813,2023-05-11 12:18:10+03,2023-05-11 13:40:05+03,Неисправен
2679,228675,1812,2023-05-11 12:18:10+03,2023-05-11 13:40:05+03,Неисправен
3400,228676,1812,2023-05-11 12:18:10+03,2023-05-11 13:40:05+03,Неисправен
4100,228677,1811,2023-05-11 12:18:10+03,2023-05-11 13:40:05+03,Неисправен
4810,228678,1810,2023-05-11 12:18:10+03,2023-05-11 13:40:05+03,Неисправен
5589,228679,1810,2023-05-11 12:18:10+03,2023-05-11 13:40:05+03,Неисправен
6312,228680,1809,2023-05-11 12:18:12+03,2023-05-11 13:40:05+03,Неисправен
7083,228681,1808,2023-05-11 12:18:12+03,2023-05-11 13:40:05+03,Неисправен
7774,228682,1808,2023-05-11 12:18:12+03,2023-05-11 13:40:05+03,Неисправен
8461,228683,1807,2023-05-11 12:18:12+03,2023-05-11 13:40:05+03,Неисправен
9145,228684,1807,2023-05-11 12:18:12+03,2023-05-11 13:40:05+03,Неисправен
10069,228685,1805,2023-05-11 12:18:12+03,2023-05-11 13:40:05+03,Неисправен
10889,228686,1804,2023-05-11 12:18:12+03,2023-05-11 13:40:05+03,Неисправен
11639,228687,1804,2023-05-11 12:18:14+03,2023-05-11 13:40:05+03,Неисправен
288,228688,1803,2023-05-11 12:18:14+03,2023-05-11 13:40:05+03,Неисправен
1085,228689,1802,2023-05-11 12:18:14+03,2023-05-11 13:40:05+03,Неисправен
1833,228690,1802,2023-05-11 12:18:14+03,2023-05-11 13:40:05+03,Неисправен
2690,228691,1801,2023-05-11 12:18:14+03,2023-05-11 13:40:05+03,Неисправен
3414,228692,1801,2023-05-11 12:18:14+03,2023-05-11 13:40:05+03,Неисправен
4108,228693,1802,2023-05-11 12:18:16+03,2023-05-11 13:40:05+03,Неисправен
4825,228694,1803,2023-05-11 12:18:16+03,2023-05-11 13:40:05+03,Неисправен
5597,228695,1803,2023-05-11 12:18:16+03,2023-05-11 13:40:05+03,Неисправен
6322,228696,1804,2023-05-11 12:18:16+03,2023-05-11 13:40:05+03,Неисправен
7093,228697,1805,2023-05-11 12:18:16+03,2023-05-11 13:40:05+03,Неисправен
7783,228698,1805,2023-05-11 12:18:16+03,2023-05-11 13:40:05+03,Неисправен
8476,228699,1807,2023-05-11 12:18:16+03,2023-05-11 13:40:05+03,Неисправен
9155,228700,1807,2023-05-11 12:18:18+03,2023-05-11 13:40:05+03,Неисправен
10080,228701,1808,2023-05-11 12:18:18+03,2023-05-11 13:40:05+03,Неисправен
10897,228702,1809,2023-05-11 12:18:18+03,2023-05-11 13:40:05+03,Неисправен
11649,228703,1809,2023-05-11 12:18:18+03,2023-05-11 13:40:05+03,Неисправен
296,228704,1810,2023-05-11 12:18:18+03,2023-05-11 13:40:05+03,Неисправен
1094,228705,1810,2023-05-11 12:18:18+03,2023-05-11 13:40:05+03,Неисправен
1842,228706,1811,2023-05-11 12:18:20+03,2023-05-11 13:40:05+03,Неисправен
2693,228707,1811,2023-05-11 12:18:20+03,2023-05-11 13:40:05+03,Неисправен
3417,228708,1812,2023-05-11 12:18:20+03,2023-05-11 13:40:05+03,Неисправен
4111,228709,1812,2023-05-11 12:18:20+03,2023-05-11 13:40:05+03,Неисправен
4828,228710,1812,2023-05-11 12:18:20+03,2023-05-11 13:40:05+03,Неисправен
3365,228612,1813,2023-05-11 13:41:27+03,2023-05-11 14:59:32+03,Неисправен
4064,228613,1813,2023-05-11 13:41:27+03,2023-05-11 14:59:32+03,Неисправен
4776,228614,1812,2023-05-11 13:41:27+03,2023-05-11 14:59:32+03,Неисправен
5557,228615,1813,2023-05-11 13:41:27+03,2023-05-11 14:59:32+03,Неисправен
6275,228616,1814,2023-05-11 13:41:27+03,2023-05-11 14:59:32+03,Неисправен
7047,228617,1815,2023-05-11 13:41:27+03,2023-05-11 14:59:32+03,Неисправен
7736,228618,1815,2023-05-11 13:41:27+03,2023-05-11 14:59:32+03,Неисправен
8424,228619,1816,2023-05-11 13:41:27+03,2023-05-11 14:59:32+03,Неисправен
9110,228620,1816,2023-05-11 13:41:27+03,2023-05-11 14:59:08+03,Неисправен
10030,228621,1818,2023-05-11 13:41:27+03,2023-05-11 14:59:08+03,Неисправен
10856,228622,1819,2023-05-11 13:41:27+03,2023-05-11 14:59:10+03,Неисправен
11601,228623,1819,2023-05-11 13:41:27+03,2023-05-11 14:59:12+03,Неисправен
254,228624,1820,2023-05-11 13:41:27+03,2023-05-11 14:59:12+03,Неисправен
1046,228625,1821,2023-05-11 13:41:27+03,2023-05-11 14:59:14+03,Неисправен
1801,228626,1821,2023-05-11 13:41:27+03,2023-05-11 14:59:14+03,Неисправен
2650,228627,1822,2023-05-11 13:41:27+03,2023-05-11 14:59:16+03,Неисправен
3374,228628,1823,2023-05-11 13:41:27+03,2023-05-11 14:59:18+03,Неисправен
4075,228629,1823,2023-05-11 13:41:27+03,2023-05-11 14:59:18+03,Неисправен
4783,228630,1824,2023-05-11 13:41:27+03,2023-05-11 14:59:20+03,Неисправен
5566,228631,1825,2023-05-11 13:41:27+03,2023-05-11 14:59:22+03,Неисправен
6284,228632,1825,2023-05-11 13:41:27+03,2023-05-11 14:59:22+03,Неисправен
7055,228633,1826,2023-05-11 13:41:27+03,2023-05-11 14:57:20+03,Неисправен
7745,228634,1826,2023-05-11 13:41:27+03,2023-05-11 14:59:22+03,Неисправен
8432,228635,1827,2023-05-11 13:41:27+03,2023-05-11 14:59:22+03,Неисправен
9119,228636,1829,2023-05-11 13:41:27+03,2023-05-11 14:57:20+03,Неисправен
10038,228637,1829,2023-05-11 13:41:27+03,2023-05-11 14:59:24+03,Неисправен
10864,228638,1829,2023-05-11 13:41:27+03,2023-05-11 14:59:24+03,Неисправен
11609,228639,1829,2023-05-11 13:41:27+03,2023-05-11 14:57:20+03,Неисправен
264,228640,1830,2023-05-11 13:41:27+03,2023-05-11 14:59:24+03,Неисправен
1054,228641,1830,2023-05-11 13:41:27+03,2023-05-11 14:59:24+03,Неисправен
1809,228642,1830,2023-05-11 13:41:27+03,2023-05-11 14:59:24+03,Неисправен
2659,228643,1830,2023-05-11 13:41:27+03,2023-05-11 14:59:24+03,Неисправен
3382,228644,1830,2023-05-11 13:41:27+03,2023-05-11 14:59:24+03,Неисправен
4084,228645,1830,2023-05-11 13:41:27+03,2023-05-11 14:57:20+03,Неисправен
4791,228646,1830,2023-05-11 13:41:27+03,2023-05-11 14:59:24+03,Неисправен
5574,228647,1830,2023-05-11 13:41:27+03,2023-05-11 14:59:24+03,Неисправен
6293,228648,1829,2023-05-11 13:41:27+03,2023-05-11 14:57:20+03,Неисправен
7063,228649,1829,2023-05-11 13:41:27+03,2023-05-11 14:59:24+03,Неисправен
7754,228650,1827,2023-05-11 13:41:27+03,2023-05-11 14:59:24+03,Неисправен
8440,228651,1826,2023-05-11 13:41:27+03,2023-05-11 14:59:24+03,Неисправен
9129,228652,1826,2023-05-11 13:41:27+03,2023-05-11 14:59:24+03,Неисправен
10049,228653,1826,2023-05-11 13:41:27+03,2023-05-11 14:59:24+03,Неисправен
10873,228654,1826,2023-05-11 13:41:27+03,2023-05-11 14:59:24+03,Неисправен
11618,228655,1825,2023-05-11 13:41:27+03,2023-05-11 14:59:26+03,Неисправен
272,228656,1824,2023-05-11 13:41:27+03,2023-05-11 14:57:20+03,Неисправен
1066,228657,1824,2023-05-11 13:41:27+03,2023-05-11 14:59:26+03,Неисправен
1817,228658,1823,2023-05-11 13:41:27+03,2023-05-11 14:59:26+03,Неисправен
2670,228659,1822,2023-05-11 13:41:27+03,2023-05-11 14:59:26+03,Неисправен
3391,228660,1822,2023-05-11 13:41:27+03,2023-05-11 14:59:26+03,Неисправен
4093,228661,1821,2023-05-11 13:41:27+03,2023-05-11 14:59:26+03,Неисправен
4799,228662,1820,2023-05-11 13:41:27+03,2023-05-11 14:59:26+03,Неисправен
5582,228663,1821,2023-05-11 13:41:27+03,2023-05-11 14:59:26+03,Неисправен
6301,228664,1820,2023-05-11 13:41:27+03,2023-05-11 14:59:26+03,Неисправен
7071,228665,1820,2023-05-11 13:41:27+03,2023-05-11 14:59:26+03,Неисправен
7764,228666,1819,2023-05-11 13:41:27+03,2023-05-11 14:59:26+03,Неисправен
8448,228667,1818,2023-05-11 13:41:27+03,2023-05-11 14:59:26+03,Неисправен
9137,228668,1818,2023-05-11 13:41:27+03,2023-05-11 14:59:26+03,Неисправен
10057,228669,1816,2023-05-11 13:41:27+03,2023-05-11 14:59:26+03,Неисправен
10882,228670,1815,2023-05-11 13:41:27+03,2023-05-11 14:59:26+03,Неисправен
11626,228671,1815,2023-05-11 13:41:27+03,2023-05-11 14:59:26+03,Неисправен
280,228672,1814,2023-05-11 13:41:27+03,2023-05-11 14:59:28+03,Неисправен
1074,228673,1813,2023-05-11 13:41:27+03,2023-05-11 14:59:28+03,Неисправен
1825,228674,1813,2023-05-11 13:41:27+03,2023-05-11 14:59:28+03,Неисправен
2680,228675,1812,2023-05-11 13:41:27+03,2023-05-11 14:59:28+03,Неисправен
3401,228676,1812,2023-05-11 13:41:27+03,2023-05-11 14:59:28+03,Неисправен
4101,228677,1811,2023-05-11 13:41:27+03,2023-05-11 14:59:28+03,Неисправен
4811,228678,1810,2023-05-11 13:41:27+03,2023-05-11 14:56:46+03,Неисправен
5590,228679,1810,2023-05-11 13:41:27+03,2023-05-11 14:59:28+03,Неисправен
6313,228680,1809,2023-05-11 13:41:27+03,2023-05-11 14:59:28+03,Неисправен
7084,228681,1808,2023-05-11 13:41:27+03,2023-05-11 14:59:28+03,Неисправен
7775,228682,1808,2023-05-11 13:41:27+03,2023-05-11 14:59:28+03,Неисправен
8462,228683,1807,2023-05-11 13:41:27+03,2023-05-11 14:59:28+03,Неисправен
9146,228684,1807,2023-05-11 13:41:27+03,2023-05-11 14:59:28+03,Неисправен
10070,228685,1805,2023-05-11 13:41:27+03,2023-05-11 14:59:28+03,Неисправен
10890,228686,1804,2023-05-11 13:41:27+03,2023-05-11 14:59:28+03,Неисправен
11640,228687,1804,2023-05-11 13:41:27+03,2023-05-11 14:59:28+03,Неисправен
289,228688,1803,2023-05-11 13:41:27+03,2023-05-11 14:59:30+03,Неисправен
1086,228689,1802,2023-05-11 13:41:27+03,2023-05-11 14:56:46+03,Неисправен
1834,228690,1802,2023-05-11 13:41:27+03,2023-05-11 14:59:30+03,Неисправен
2691,228691,1801,2023-05-11 13:41:27+03,2023-05-11 14:59:30+03,Неисправен
3415,228692,1801,2023-05-11 13:41:27+03,2023-05-11 14:59:30+03,Неисправен
4109,228693,1802,2023-05-11 13:41:27+03,2023-05-11 14:59:30+03,Неисправен
4826,228694,1803,2023-05-11 13:41:27+03,2023-05-11 14:59:30+03,Неисправен
5598,228695,1803,2023-05-11 13:41:27+03,2023-05-11 14:59:30+03,Неисправен
6323,228696,1804,2023-05-11 13:41:27+03,2023-05-11 14:59:30+03,Неисправен
7094,228697,1805,2023-05-11 13:41:27+03,2023-05-11 14:59:30+03,Неисправен
7784,228698,1805,2023-05-11 13:41:27+03,2023-05-11 14:59:30+03,Неисправен
8477,228699,1807,2023-05-11 13:41:27+03,2023-05-11 14:59:30+03,Неисправен
9156,228700,1807,2023-05-11 13:41:27+03,2023-05-11 14:56:46+03,Неисправен
10081,228701,1808,2023-05-11 13:41:27+03,2023-05-11 14:59:30+03,Неисправен
10898,228702,1809,2023-05-11 13:41:27+03,2023-05-11 14:59:30+03,Неисправен
11650,228703,1809,2023-05-11 13:41:27+03,2023-05-11 14:59:30+03,Неисправен
297,228704,1810,2023-05-11 13:41:28+03,2023-05-11 14:59:30+03,Неисправен
1095,228705,1810,2023-05-11 13:41:28+03,2023-05-11 14:59:30+03,Неисправен
1843,228706,1811,2023-05-11 13:41:28+03,2023-05-11 14:59:32+03,Неисправен
2694,228707,1811,2023-05-11 13:41:28+03,2023-05-11 14:59:32+03,Неисправен
3418,228708,1812,2023-05-11 13:41:28+03,2023-05-11 14:59:32+03,Неисправен
4112,228709,1812,2023-05-11 13:41:28+03,2023-05-11 14:54:48+03,Неисправен
4829,228710,1812,2023-05-11 13:41:28+03,2023-05-11 14:59:06+03,Неисправен
2153,229666,1987,2023-05-11 16:58:02+03,2023-05-11 18:32:46+03,Неисправен
3000,229667,1987,2023-05-11 16:58:02+03,2023-05-11 18:32:46+03,Неисправен
5823,229671,1987,2023-05-11 16:58:02+03,2023-05-11 18:32:58+03,Неисправен
6589,229672,1987,2023-05-11 16:58:02+03,2023-05-11 18:32:58+03,Неисправен
9416,229676,1987,2023-05-11 16:58:02+03,2023-05-11 18:33:36+03,Неисправен
2161,229682,1987,2023-05-11 16:58:02+03,2023-05-11 18:33:14+03,Неисправен
5141,229686,1987,2023-05-11 16:58:02+03,2023-05-11 18:33:22+03,Неисправен
8723,229691,1987,2023-05-11 16:58:02+03,2023-05-11 18:32:14+03,Неисправен
8127,267866,,2023-05-18 22:22:15+03,2023-05-18 23:35:12+03,Батарея неисправна
8128,267866,,2023-05-19 00:52:04+03,2023-05-19 22:02:11+03,Батарея неисправна
3283,196228,,2023-05-28 09:08:43+03,2023-05-28 13:48:11+03,Много неисправных устройств
5485,196231,,2023-05-28 09:08:43+03,2023-05-28 13:48:11+03,Много неисправных устройств
7378,232105,,2023-05-28 09:09:20+03,2023-05-28 14:04:27+03,Много неисправных устройств
8080,232106,,2023-05-28 09:09:20+03,2023-05-28 14:04:27+03,Много неисправных устройств
25,93424,785,2023-06-08 10:19:44+03,2023-06-08 11:24:04+03,Неисправен
44,93584,725,2023-06-08 11:58:57+03,2023-06-08 13:36:26+03,Неисправен
2358,93443,785,2023-06-08 12:28:28+03,2023-06-08 13:37:13+03,Неисправен
5349,93447,785,2023-06-08 12:28:28+03,2023-06-08 13:35:42+03,Неисправен
11439,98191,593,2023-06-09 11:01:41+03,2023-07-31 17:40:19+03,Неисправен
11535,213391,,2023-06-11 01:17:18+03,2023-06-11 02:18:31+03,Много неисправных устройств
7006,196969,1501,2023-06-15 09:39:38+03,2023-06-15 11:17:06+03,Неисправен
9981,196973,1500,2023-06-15 09:39:38+03,2023-06-15 11:16:50+03,Неисправен
201,196976,1503,2023-06-15 09:39:38+03,2023-06-15 11:16:34+03,Неисправен
1764,196978,1507,2023-06-15 09:39:38+03,2023-06-15 11:15:53+03,Неисправен
7012,196985,1501,2023-06-15 09:39:38+03,2023-06-15 11:15:36+03,Неисправен
9067,196988,1504,2023-06-15 09:39:38+03,2023-06-15 11:15:19+03,Неисправен
11521,196991,1508,2023-06-15 09:39:38+03,2023-06-15 11:15:05+03,Неисправен
2594,196995,1512,2023-06-15 09:39:38+03,2023-06-15 10:56:01+03,Неисправен
6236,197000,1512,2023-06-15 09:39:38+03,2023-06-15 10:55:45+03,Неисправен
2583,193155,817,2023-06-16 10:05:15+03,2023-06-16 11:05:50+03,Неисправен
7640,154106,,2023-06-19 14:50:39+03,2023-10-02 08:10:06+03,Неисправен
910,154113,,2023-06-19 14:50:39+03,2023-10-24 12:25:02+03,Неисправен
5436,154119,,2023-06-19 14:50:39+03,2023-06-28 12:37:46+03,Неисправен
8342,154123,,2023-06-19 14:50:39+03,2023-10-24 12:25:27+03,Неисправен
8151,287002,2800,2023-06-19 17:42:44+03,2023-06-19 19:38:06+03,Неисправен
7379,232105,,2023-06-21 00:26:25+03,2023-06-21 05:38:17+03,Много неисправных устройств
8081,232106,,2023-06-21 00:26:25+03,2023-06-21 05:38:17+03,Много неисправных устройств
3284,196228,,2023-06-21 00:26:29+03,2023-06-21 04:07:32+03,Много неисправных устройств
5486,196231,,2023-06-21 00:26:29+03,2023-06-21 04:07:32+03,Много неисправных устройств
727,287888,,2023-06-23 14:31:58+03,,Неисправен
12065,287887,,2023-06-23 14:48:30+03,,Неисправен
11262,267934,,2023-06-24 04:57:15+03,2023-06-24 10:36:10+03,Много неисправных устройств
5437,154119,,2023-06-28 12:48:27+03,2023-06-28 16:28:50+03,Неисправен
661,287088,2655,2023-06-29 01:50:12+03,2023-07-10 10:25:36+03,Неисправен
5438,154119,,2023-06-29 12:41:01+03,2023-06-29 14:30:52+03,Неисправен
9055,193228,,2023-07-02 15:49:15+03,2023-07-02 17:06:34+03,Неисправен
11536,213391,,2023-07-02 15:51:40+03,2023-07-02 17:07:10+03,Много неисправных устройств
9720,3085,,2023-07-04 12:14:43+03,2023-07-04 15:17:37+03,Неисправен
7395,277897,,2023-07-05 10:43:04+03,2023-07-05 17:23:02+03,Неисправен
8808,277899,2314,2023-07-05 11:25:54+03,2023-07-05 17:17:56+03,Неисправен
3066,286995,2814,2023-07-07 10:08:50+03,2023-07-07 16:05:00+03,Неисправен
5209,287014,,2023-07-07 10:10:36+03,2023-07-07 16:58:30+03,Неисправен
3744,286964,2878,2023-07-11 10:35:20+03,2023-07-11 13:17:13+03,Неисправен
3745,286964,2878,2023-07-11 13:17:36+03,2023-07-11 18:46:34+03,Неисправен
9865,144733,,2023-07-12 10:43:53+03,2023-07-12 12:48:38+03,Много неисправных устройств
10714,144734,,2023-07-12 10:43:53+03,2023-07-12 12:48:38+03,Много неисправных устройств
8351,178331,,2023-07-12 10:43:54+03,2023-07-12 12:48:38+03,Много неисправных устройств
659,287008,2793,2023-07-14 09:53:00+03,2023-07-14 17:12:24+03,Неисправен
255,228624,1820,2023-07-18 09:33:48+03,2023-07-18 13:25:52+03,Неисправен
5894,286887,2716,2023-07-21 10:20:02+03,2023-07-21 22:01:19+03,Неисправен
9571,287004,,2023-07-21 11:30:24+03,2023-07-21 20:56:26+03,Неисправен
11996,286815,2719,2023-07-21 12:59:20+03,2023-07-21 22:30:31+03,Неисправен
10697,120254,401,2023-07-24 10:36:09+03,2023-07-24 12:49:01+03,Неисправен
6909,120265,401,2023-07-24 10:36:58+03,2023-07-24 12:49:33+03,Неисправен
960,154849,422,2023-07-24 10:36:58+03,2023-07-24 12:48:20+03,Неисправен
3966,120245,453,2023-07-24 10:37:22+03,2023-07-24 12:48:10+03,Неисправен
9807,120237,409,2023-07-24 10:39:07+03,2023-07-24 12:42:32+03,Неисправен
4653,120230,409,2023-07-24 10:43:23+03,2023-07-24 12:45:49+03,Неисправен
7599,120250,414,2023-07-24 10:44:58+03,2023-07-24 12:48:28+03,Неисправен
1659,120226,409,2023-07-24 10:56:15+03,2023-07-24 12:45:01+03,Неисправен
7595,120234,409,2023-07-24 10:56:15+03,2023-07-24 12:47:06+03,Неисправен
1662,120242,453,2023-07-24 10:56:15+03,2023-07-24 12:47:35+03,Неисправен
857,120257,401,2023-07-24 10:56:15+03,2023-07-24 12:49:09+03,Неисправен
3982,120261,401,2023-07-24 10:56:15+03,2023-07-24 12:49:16+03,Неисправен
153,154848,409,2023-07-24 10:56:15+03,2023-07-24 12:47:25+03,Неисправен
1715,154850,401,2023-07-24 10:56:15+03,2023-07-24 12:48:53+03,Неисправен
2498,154851,401,2023-07-24 10:56:15+03,2023-07-24 12:49:23+03,Неисправен
11290,286910,3007,2023-07-24 11:15:50+03,2023-07-25 00:24:28+03,Неисправен
83,120512,461,2023-07-24 11:19:23+03,2023-07-24 12:36:39+03,Неисправен
9835,120573,421,2023-07-24 11:19:23+03,2023-07-24 12:36:54+03,Неисправен
2442,120595,409,2023-07-24 11:19:23+03,2023-07-24 12:37:07+03,Неисправен
11456,154847,409,2023-07-24 11:32:28+03,2023-07-24 12:44:48+03,Неисправен
6980,178249,1413,2023-07-25 10:03:01+03,2023-07-25 13:58:11+03,Неисправен
11997,287023,2755,2023-07-26 10:16:39+03,2023-07-26 12:31:38+03,Неисправен
3746,286980,2845,2023-07-26 10:30:08+03,2023-07-26 12:30:37+03,Неисправен
9570,286988,2831,2023-07-26 10:30:20+03,2023-07-26 12:31:04+03,Неисправен
1788,227458,1413,2023-07-28 10:16:39+03,2023-07-28 11:57:11+03,Неисправен
9454,230748,1727,2023-07-31 09:22:08+03,2023-07-31 11:49:24+03,Много неисправных устройств
10442,230749,,2023-07-31 09:22:08+03,2023-07-31 11:49:24+03,Много неисправных устройств
6623,231352,,2023-07-31 09:22:08+03,2023-07-31 11:49:24+03,Много неисправных устройств
11210,231422,1843,2023-07-31 09:22:08+03,2023-07-31 11:49:24+03,Много неисправных устройств
1789,227458,1413,2023-08-01 09:32:03+03,2023-08-01 13:43:13+03,Неисправен
1793,227490,1353,2023-08-03 08:41:41+03,2023-08-03 13:39:45+03,Неисправен
33,93488,763,2023-08-03 11:14:50+03,2023-08-03 15:33:30+03,Неисправен
5546,227495,1353,2023-08-06 17:57:24+03,2023-08-06 21:25:54+03,Неисправен
1530,287905,3108,2023-08-07 10:41:16+03,2023-08-07 13:24:28+03,Неисправен
3032,231859,2034,2023-08-08 09:47:31+03,2023-08-08 11:12:06+03,Неисправен
1794,227490,1353,2023-08-08 10:54:36+03,2023-08-08 14:14:41+03,Неисправен
2638,227491,1353,2023-08-08 10:54:51+03,2023-08-08 14:14:21+03,Неисправен
3033,231859,2034,2023-08-08 11:12:06+03,2023-08-08 13:55:16+03,Неисправен
2639,227491,1353,2023-08-09 09:12:55+03,2023-08-09 14:41:10+03,Неисправен
1429,268881,,2023-08-09 19:14:55+03,2023-08-09 21:30:11+03,Много неисправных устройств
1643,98194,637,2023-08-14 09:57:18+03,2023-08-14 10:59:17+03,Неисправен
2420,98195,637,2023-08-14 09:57:18+03,2023-08-14 10:58:03+03,Неисправен
10643,93982,629,2023-08-14 10:16:13+03,2023-08-14 11:42:33+03,Неисправен
815,94001,618,2023-08-14 10:16:13+03,2023-08-14 11:35:58+03,Неисправен
4596,94006,619,2023-08-14 10:16:13+03,2023-08-14 11:38:13+03,Неисправен
6074,94008,619,2023-08-14 10:16:13+03,2023-08-14 11:37:18+03,Неисправен
6856,94825,629,2023-08-14 10:16:13+03,2023-08-14 11:38:44+03,Неисправен
7566,94826,619,2023-08-14 10:16:13+03,2023-08-14 11:36:31+03,Неисправен
8299,94827,619,2023-08-14 10:16:13+03,2023-08-14 11:25:33+03,Неисправен
54,93936,653,2023-08-14 10:35:54+03,2023-08-14 11:47:45+03,Неисправен
825,94817,653,2023-08-14 10:35:54+03,2023-08-14 11:47:59+03,Неисправен
2387,94819,640,2023-08-14 10:35:54+03,2023-08-14 11:39:15+03,Неисправен
3202,94820,640,2023-08-14 10:35:54+03,2023-08-14 11:39:51+03,Неисправен
3929,94821,634,2023-08-14 10:35:54+03,2023-08-14 11:40:54+03,Неисправен
5375,94823,634,2023-08-14 10:35:54+03,2023-08-14 11:41:15+03,Неисправен
9746,93917,660,2023-08-14 10:43:17+03,2023-08-14 11:46:07+03,Неисправен
808,93921,660,2023-08-14 10:43:17+03,2023-08-14 11:47:27+03,Неисправен
62,94848,848,2023-08-14 11:27:59+03,2023-08-14 13:44:34+03,Неисправен
1627,94818,652,2023-08-14 11:50:16+03,2023-08-14 13:52:17+03,Неисправен
5376,94823,634,2023-08-14 11:50:16+03,2023-08-14 13:53:06+03,Неисправен
6857,94825,629,2023-08-14 11:50:16+03,2023-08-14 13:53:46+03,Неисправен
7567,94826,619,2023-08-14 11:50:16+03,2023-08-14 13:49:05+03,Неисправен
8300,94827,619,2023-08-14 11:50:16+03,2023-08-14 13:49:30+03,Неисправен
4451,286965,,2023-08-16 11:37:08+03,2023-08-16 16:39:32+03,Неисправен
5208,286966,,2023-08-16 15:18:02+03,2023-08-16 16:39:28+03,Неисправен
9092,227212,1376,2023-08-21 09:57:33+03,2023-08-21 13:06:41+03,Неисправен
9093,227212,1376,2023-08-22 09:52:25+03,2023-08-22 13:59:54+03,Неисправен
2566,178259,1376,2023-08-24 09:33:25+03,2023-08-24 13:42:18+03,Неисправен
3345,227204,1376,2023-08-28 10:25:30+03,2023-08-28 14:08:47+03,Неисправен
4051,227205,1376,2023-08-28 10:25:47+03,2023-08-28 14:08:58+03,Неисправен
6255,227224,1397,2023-08-30 10:51:43+03,2023-08-30 12:23:43+03,Неисправен
5445,171575,,2023-09-01 12:20:25+03,2023-09-01 14:10:36+03,Неисправен
1430,268881,,2023-09-04 01:52:09+03,2023-09-04 03:33:28+03,Много неисправных устройств
10698,120254,401,2023-09-07 09:10:54+03,2023-09-07 10:48:50+03,Неисправен
961,154849,422,2023-09-07 09:12:34+03,2023-09-07 10:47:03+03,Неисправен
9808,120237,409,2023-09-07 09:15:11+03,2023-09-07 10:45:50+03,Неисправен
3967,120245,453,2023-09-07 09:15:11+03,2023-09-07 10:46:51+03,Неисправен
4654,120230,409,2023-09-07 09:18:02+03,2023-09-07 10:45:37+03,Неисправен
858,120257,401,2023-09-07 09:21:41+03,2023-09-07 10:49:04+03,Неисправен
154,154848,409,2023-09-07 09:21:41+03,2023-09-07 10:46:01+03,Неисправен
1716,154850,401,2023-09-07 09:21:41+03,2023-09-07 10:48:24+03,Неисправен
3239,120276,,2023-09-07 12:21:51+03,2023-09-07 14:00:54+03,Неисправен
6256,227224,1397,2023-09-19 09:49:35+03,2023-09-19 14:04:46+03,Неисправен
11457,154847,409,2023-09-20 02:59:29+03,2023-09-20 04:09:43+03,Неисправен
6257,227224,1397,2023-09-20 09:25:50+03,2023-09-20 14:04:55+03,Неисправен
5537,227223,1397,2023-09-20 09:26:13+03,2023-09-20 14:05:13+03,Неисправен
2214,277874,2300,2023-09-20 13:29:00+03,2023-09-20 16:21:49+03,Неисправен
5538,227223,1397,2023-09-21 09:12:37+03,2023-09-21 13:41:45+03,Неисправен
9797,115725,1043,2023-09-22 13:21:28+03,2023-09-22 15:15:57+03,Неисправен
1431,268881,,2023-09-23 13:07:42+03,2023-09-23 14:15:04+03,Много неисправных устройств
9097,227228,1397,2023-09-25 11:44:47+03,2023-09-25 13:21:57+03,Неисправен
10683,115566,,2023-09-27 09:20:00+03,2023-09-27 12:02:32+03,Неисправен
9098,227228,1397,2023-09-27 09:20:10+03,2023-09-27 13:46:55+03,Неисправен
8318,113979,,2023-10-01 04:08:38+03,2023-10-01 05:18:36+03,Много неисправных устройств
8975,113980,,2023-10-01 04:08:38+03,2023-10-01 05:18:36+03,Много неисправных устройств
9025,178332,,2023-10-01 04:08:39+03,2023-10-01 05:18:37+03,Много неисправных устройств
7641,154106,,2023-10-02 08:12:22+03,2023-10-02 11:09:47+03,Неисправен
11502,193183,800,2023-10-03 09:45:57+03,2023-10-03 12:02:03+03,Неисправен
11486,193167,807,2023-10-03 09:50:08+03,2023-10-03 12:02:31+03,Неисправен
988,193169,807,2023-10-03 09:50:08+03,2023-10-03 12:02:17+03,Неисправен
1603,93458,776,2023-10-03 10:23:58+03,2023-10-03 12:03:43+03,Неисправен
3917,93461,776,2023-10-03 10:23:58+03,2023-10-03 12:04:08+03,Неисправен
34,93488,763,2023-10-03 10:35:20+03,2023-10-03 12:04:29+03,Неисправен
9743,93549,746,2023-10-03 10:51:10+03,2023-10-03 12:06:02+03,Неисправен
10631,93566,734,2023-10-03 10:57:25+03,2023-10-03 12:06:32+03,Неисправен
799,93569,734,2023-10-03 10:57:25+03,2023-10-03 12:04:12+03,Неисправен
2379,93587,725,2023-10-03 11:00:32+03,2023-10-03 12:07:09+03,Неисправен
5446,171575,,2023-10-05 10:21:27+03,2023-10-05 11:27:27+03,Неисправен
2560,171587,,2023-10-05 10:21:27+03,2023-10-05 11:27:44+03,Неисправен
1432,268881,,2023-10-09 13:42:25+03,2023-10-09 14:51:02+03,Много неисправных устройств
3314,212852,1519,2023-10-09 14:14:24+03,2023-10-09 16:49:32+03,Неисправен
9986,212893,1519,2023-10-09 14:14:24+03,2023-10-09 16:44:26+03,Неисправен
11528,212895,1519,2023-10-09 14:14:24+03,2023-10-09 16:49:23+03,Неисправен
2602,212899,1519,2023-10-09 14:14:24+03,2023-10-09 16:49:26+03,Неисправен
3318,213428,1519,2023-10-09 14:14:24+03,2023-10-09 16:49:30+03,Неисправен
9072,212844,1519,2023-10-09 14:14:25+03,2023-10-09 16:49:28+03,Неисправен
658,286880,2704,2023-10-14 18:28:08+03,2023-10-14 19:40:28+03,Неисправен
809,93921,660,2023-10-14 21:08:47+03,2023-10-15 02:00:38+03,Неисправен
9073,212844,1519,2023-10-16 10:41:54+03,2023-10-16 13:48:14+03,Неисправен
9987,212893,1519,2023-10-16 10:41:54+03,2023-10-16 13:48:14+03,Неисправен
2603,212899,1519,2023-10-16 10:41:54+03,2023-10-16 13:48:14+03,Неисправен
11522,196991,1508,2023-10-24 16:29:44+03,2023-12-21 09:40:22+03,Неисправен
10684,115566,,2023-10-30 09:29:46+03,2023-10-30 11:30:36+03,Неисправен
10006,214221,,2023-11-01 11:26:49+03,2023-11-01 14:52:46+03,Неисправен
8396,214219,,2023-11-02 15:46:51+03,2023-11-02 17:06:08+03,Неисправен
8397,214219,,2023-11-05 14:15:58+03,2023-11-05 15:23:59+03,Неисправен
8398,214219,,2023-11-07 11:55:14+03,2023-11-07 13:16:56+03,Неисправен
11529,212895,1519,2023-11-16 09:28:04+03,2023-11-16 13:44:45+03,Неисправен
9988,212893,1519,2023-11-16 09:43:48+03,2023-11-16 13:44:39+03,Неисправен
10699,120254,401,2023-11-20 09:56:11+03,2023-11-20 11:11:14+03,Неисправен
962,154849,422,2023-11-20 09:56:11+03,2023-11-20 11:14:41+03,Неисправен
3968,120245,453,2023-11-20 09:57:42+03,2023-11-20 11:15:06+03,Неисправен
9809,120237,409,2023-11-20 09:58:38+03,2023-11-20 11:15:52+03,Неисправен
155,154848,409,2023-11-20 10:03:20+03,2023-11-20 11:15:36+03,Неисправен
1717,154850,401,2023-11-20 10:03:20+03,2023-11-20 11:11:27+03,Неисправен
6147,147016,1263,2023-11-21 11:48:54+03,2023-11-21 13:34:43+03,Неисправен
1034,224433,,2023-11-21 13:44:57+03,2023-11-21 14:52:38+03,Неисправен
1450,287137,2910,2023-11-21 19:59:50+03,2023-11-21 22:07:52+03,Неисправен
1035,224433,,2023-11-22 10:12:18+03,2023-11-22 12:49:25+03,Неисправен
18,50960,,2023-11-22 10:23:53+03,2023-11-22 13:01:17+03,Неисправен
4566,50966,,2023-11-22 10:23:53+03,2023-11-22 13:13:20+03,Неисправен
9655,287900,3108,2023-11-30 13:39:18+03,2023-11-30 15:09:06+03,Неисправен
9656,287900,3108,2023-11-30 15:17:50+03,2023-11-30 22:31:50+03,Неисправен
9657,287900,3108,2023-12-02 11:49:00+03,2023-12-02 15:34:00+03,Неисправен
11970,262847,,2023-12-11 11:59:10+03,2023-12-11 13:36:23+03,Неисправен
6849,94217,587,2023-12-14 10:36:01+03,2023-12-14 13:32:51+03,Неисправен
9765,94861,587,2023-12-14 10:36:01+03,2023-12-14 13:32:28+03,Неисправен
1644,98194,637,2023-12-14 10:36:01+03,2023-12-14 13:31:46+03,Неисправен
2421,98195,637,2023-12-14 10:36:01+03,2023-12-14 13:32:07+03,Неисправен
2365,93491,763,2023-12-14 11:05:53+03,2023-12-14 12:48:23+03,Неисправен
11487,193167,807,2023-12-14 11:36:26+03,2023-12-14 12:41:06+03,Неисправен
989,193169,807,2023-12-14 11:36:26+03,2023-12-14 12:41:19+03,Неисправен
10651,94094,848,2023-12-14 11:48:44+03,2023-12-14 13:29:25+03,Неисправен
11416,94847,849,2023-12-14 11:48:44+03,2023-12-14 13:28:18+03,Неисправен
63,94848,848,2023-12-14 11:48:44+03,2023-12-14 13:28:48+03,Неисправен
9772,98173,848,2023-12-14 11:48:44+03,2023-12-14 13:29:10+03,Неисправен
9747,93917,660,2023-12-14 12:04:25+03,2023-12-14 13:27:13+03,Неисправен
810,93921,660,2023-12-14 12:04:25+03,2023-12-14 13:27:36+03,Неисправен
5363,94103,842,2023-12-14 12:04:25+03,2023-12-14 13:27:18+03,Неисправен
11555,215727,666,2023-12-14 12:04:25+03,2023-12-14 13:26:43+03,Неисправен
236,215728,666,2023-12-14 12:04:25+03,2023-12-14 13:26:33+03,Неисправен
6085,94840,599,2023-12-14 12:11:44+03,2023-12-14 13:33:34+03,Неисправен
6865,94841,599,2023-12-14 12:11:44+03,2023-12-14 13:33:25+03,Неисправен
5381,94839,599,2023-12-14 12:14:10+03,2023-12-14 13:26:57+03,Неисправен
9750,94829,615,2023-12-14 12:34:18+03,2023-12-14 13:37:15+03,Неисправен
11409,94831,615,2023-12-14 12:34:18+03,2023-12-14 13:36:48+03,Неисправен
3208,94836,608,2023-12-14 12:34:18+03,2023-12-14 13:36:30+03,Неисправен
660,287008,2793,2023-12-18 08:52:36+03,2023-12-18 10:01:30+03,Неисправен
8792,266987,2157,2023-12-19 22:35:37+03,2023-12-20 16:41:40+03,Неисправен
1410,266993,2157,2023-12-19 22:35:37+03,2023-12-21 09:43:40+03,Неисправен
2203,266994,2157,2023-12-19 22:35:37+03,2023-12-21 09:43:42+03,Неисправен
9544,266700,2157,2023-12-19 22:35:41+03,2023-12-29 04:30:24+03,Батарея неисправна
1433,268881,,2023-12-20 03:02:18+03,2023-12-20 04:13:04+03,Много неисправных устройств
2595,196995,1512,2023-12-21 09:34:45+03,2023-12-21 11:17:42+03,Неисправен
6237,197000,1512,2023-12-21 09:34:45+03,2023-12-21 11:17:42+03,Неисправен
7007,196969,1501,2023-12-21 09:53:23+03,2023-12-21 10:56:43+03,Неисправен
202,196976,1503,2023-12-21 09:53:23+03,2023-12-21 11:17:42+03,Неисправен
7013,196985,1501,2023-12-21 09:53:23+03,2023-12-21 10:59:19+03,Неисправен
6242,197032,,2023-12-21 10:02:48+03,2023-12-21 11:15:19+03,Неисправен
8381,197035,,2023-12-21 10:02:48+03,2023-12-21 11:17:42+03,Неисправен
730,287920,3108,2023-12-27 10:20:10+03,2023-12-27 12:30:42+03,Неисправен
10831,214126,,2023-12-27 11:20:30+03,2023-12-27 13:02:50+03,Неисправен
11263,267934,,2023-12-30 11:09:43+03,2023-12-30 13:21:53+03,Много неисправных устройств
830,94849,836,2024-01-03 10:50:39+03,2024-01-03 16:09:39+03,Неисправен
2411,98179,836,2024-01-03 11:40:38+03,2024-01-03 16:08:52+03,Неисправен
11503,193183,800,2024-01-11 10:48:18+03,2024-01-11 17:57:31+03,Неисправен
9791,115565,,2024-01-16 10:18:54+03,2024-01-16 13:59:24+03,Неисправен
10685,115566,,2024-01-16 10:26:00+03,2024-01-16 13:59:44+03,Неисправен
9794,115581,953,2024-01-16 10:26:14+03,2024-01-16 13:59:02+03,Неисправен
2428,115587,921,2024-01-17 09:37:58+03,2024-01-17 12:36:22+03,Неисправен
5422,117767,1027,2024-01-17 09:37:58+03,2024-01-17 12:36:28+03,Неисправен
5417,115575,,2024-01-17 09:38:04+03,2024-01-17 12:35:50+03,Неисправен
4624,115574,,2024-01-17 09:38:08+03,2024-01-17 12:34:12+03,Неисправен
10700,120254,401,2024-01-22 10:01:38+03,2024-01-22 11:27:55+03,Неисправен
6910,120265,401,2024-01-22 10:02:30+03,2024-01-22 11:28:59+03,Неисправен
963,154849,422,2024-01-22 10:05:54+03,2024-01-22 11:27:20+03,Неисправен
3969,120245,453,2024-01-22 10:07:24+03,2024-01-22 11:27:08+03,Неисправен
9810,120237,409,2024-01-22 10:08:57+03,2024-01-22 11:26:41+03,Неисправен
4655,120230,409,2024-01-22 10:09:02+03,2024-01-22 11:25:04+03,Неисправен
859,120257,401,2024-01-22 10:10:56+03,2024-01-22 11:28:10+03,Неисправен
3983,120261,401,2024-01-22 10:10:56+03,2024-01-22 11:18:25+03,Неисправен
1718,154850,401,2024-01-22 10:10:56+03,2024-01-22 11:27:34+03,Неисправен
2499,154851,401,2024-01-22 10:10:56+03,2024-01-22 11:28:43+03,Неисправен
7600,120250,414,2024-01-22 10:19:13+03,2024-01-22 11:46:55+03,Неисправен
1660,120226,409,2024-01-22 10:27:09+03,2024-01-22 11:46:16+03,Неисправен
7596,120234,409,2024-01-22 10:27:09+03,2024-01-22 11:46:29+03,Неисправен
1663,120242,453,2024-01-22 10:27:09+03,2024-01-22 11:46:42+03,Неисправен
6896,115641,,2024-01-24 09:39:16+03,2024-01-24 11:15:04+03,Неисправен
11446,115631,,2024-01-24 09:44:40+03,2024-01-24 13:38:44+03,Неисправен
72,115632,,2024-01-24 09:44:52+03,2024-01-24 13:38:30+03,Неисправен
9658,287900,3108,2024-01-24 11:15:42+03,2024-01-24 12:53:46+03,Неисправен
6091,115640,,2024-01-26 09:22:22+03,2024-01-26 12:44:32+03,Неисправен
6899,117769,983,2024-01-26 10:23:48+03,2024-01-26 11:28:18+03,Неисправен
4627,115654,1194,2024-01-26 10:23:50+03,2024-01-26 11:28:16+03,Неисправен
8233,302186,1413,2024-01-26 12:33:16+03,2024-01-26 13:49:19+03,Неисправен
7495,302185,1413,2024-01-26 12:34:15+03,2024-01-26 13:49:02+03,Неисправен
73,115648,1147,2024-01-29 11:12:34+03,2024-01-29 12:16:28+03,Неисправен
3041,266675,2140,2024-01-29 12:45:30+03,2024-01-30 04:54:40+03,Неисправен
9659,287900,3108,2024-01-30 13:41:36+03,2024-01-30 15:38:00+03,Неисправен
4426,262677,1136,2024-02-09 11:07:58+03,2024-02-09 13:39:28+03,Неисправен
5182,262678,1136,2024-02-09 11:08:00+03,2024-02-09 13:39:18+03,Неисправен
9866,144733,,2024-02-13 01:09:55+03,2024-02-13 02:38:14+03,Много неисправных устройств
8352,178331,,2024-02-13 01:09:57+03,2024-02-13 02:38:15+03,Много неисправных устройств
26,93424,785,2024-02-13 09:21:01+03,2024-02-13 11:02:23+03,Неисправен
3191,93428,785,2024-02-13 09:21:01+03,2024-02-13 11:02:21+03,Неисправен
9744,93549,746,2024-02-13 10:04:29+03,2024-02-13 11:18:16+03,Неисправен
10632,93566,734,2024-02-13 10:04:29+03,2024-02-13 11:19:23+03,Неисправен
800,93569,734,2024-02-13 10:04:29+03,2024-02-13 11:17:39+03,Неисправен
6984,193113,832,2024-02-13 10:32:41+03,2024-02-13 11:37:28+03,Неисправен
8359,193115,832,2024-02-13 10:32:41+03,2024-02-13 11:37:41+03,Неисправен
11488,193167,807,2024-02-13 10:32:41+03,2024-02-13 11:37:53+03,Неисправен
990,193169,807,2024-02-13 10:32:41+03,2024-02-13 11:38:06+03,Неисправен
11504,193183,800,2024-02-13 10:32:41+03,2024-02-13 11:38:20+03,Неисправен
1750,193186,800,2024-02-13 10:32:41+03,2024-02-13 11:38:33+03,Неисправен
4722,193190,800,2024-02-13 10:32:41+03,2024-02-13 11:38:46+03,Неисправен
2395,94835,608,2024-02-14 12:52:31+03,2024-02-14 13:55:12+03,Неисправен
9455,230748,1727,2024-02-15 12:25:49+03,2024-02-15 13:29:18+03,Много неисправных устройств
10443,230749,,2024-02-15 12:25:49+03,2024-02-15 13:29:19+03,Много неисправных устройств
6624,231352,,2024-02-15 12:25:49+03,2024-02-15 13:29:19+03,Много неисправных устройств
11211,231422,1843,2024-02-15 12:25:49+03,2024-02-15 13:29:19+03,Много неисправных устройств
8343,154123,,2024-02-26 10:36:25+03,2024-04-23 12:57:28+03,Неисправен
4085,228645,1830,2024-02-27 10:43:40+03,2024-02-27 11:57:08+03,Неисправен
11468,171375,,2024-02-28 03:25:23+03,2024-02-28 04:55:22+03,Много неисправных устройств
848,116145,,2024-02-28 03:25:35+03,2024-02-28 04:55:27+03,Много неисправных устройств
2434,116147,,2024-02-28 03:25:35+03,2024-02-28 04:55:27+03,Много неисправных устройств
10757,178334,,2024-02-28 03:25:35+03,2024-02-28 04:55:28+03,Много неисправных устройств
9456,230748,1727,2024-03-01 00:35:41+03,2024-03-01 02:14:31+03,Много неисправных устройств
10444,230749,,2024-03-01 00:35:41+03,2024-03-01 02:14:31+03,Много неисправных устройств
6625,231352,,2024-03-01 00:35:41+03,2024-03-01 02:14:31+03,Много неисправных устройств
11212,231422,1843,2024-03-01 00:35:41+03,2024-03-01 02:14:31+03,Много неисправных устройств
74,115696,,2024-03-01 11:15:47+03,2024-03-01 12:23:36+03,Неисправен
840,115697,,2024-03-04 09:09:12+03,2024-03-04 10:10:46+03,Неисправен
1653,115762,,2024-03-05 11:39:14+03,2024-03-05 12:40:52+03,Неисправен
841,115761,,2024-03-06 10:24:26+03,2024-03-06 11:51:56+03,Неисправен
5205,286902,3020,2024-03-07 09:12:22+03,2024-03-07 11:33:12+03,Неисправен
3065,286899,3020,2024-03-07 09:19:44+03,2024-03-07 10:44:28+03,Неисправен
3346,227204,1376,2024-03-12 10:56:19+03,2024-03-12 12:00:28+03,Неисправен
2567,178259,1376,2024-03-12 10:56:23+03,2024-03-12 12:00:35+03,Неисправен
9094,227212,1376,2024-03-12 10:56:24+03,2024-03-12 12:00:35+03,Неисправен
4049,227189,1376,2024-03-12 10:56:26+03,2024-03-12 12:00:41+03,Неисправен
3341,227188,1376,2024-03-12 10:56:27+03,2024-03-12 12:00:43+03,Неисправен
10010,227197,1376,2024-03-12 10:56:28+03,2024-03-12 12:00:46+03,Неисправен
7029,227193,1376,2024-03-12 10:56:29+03,2024-03-12 12:00:44+03,Неисправен
9457,230748,1727,2024-03-18 01:27:38+03,2024-03-18 02:39:22+03,Много неисправных устройств
10445,230749,,2024-03-18 01:27:38+03,2024-03-18 02:39:23+03,Много неисправных устройств
6626,231352,,2024-03-18 01:27:38+03,2024-03-18 02:30:49+03,Много неисправных устройств
11213,231422,1843,2024-03-18 01:27:38+03,2024-03-18 02:39:23+03,Много неисправных устройств
9458,230748,1727,2024-03-18 07:05:15+03,2024-03-18 08:17:00+03,Много неисправных устройств
10446,230749,,2024-03-18 07:05:16+03,2024-03-18 08:17:01+03,Много неисправных устройств
6627,231352,,2024-03-18 07:05:16+03,2024-03-18 08:17:01+03,Много неисправных устройств
11214,231422,1843,2024-03-18 07:05:16+03,2024-03-18 08:17:01+03,Много неисправных устройств
10701,120254,401,2024-03-18 10:02:09+03,2024-03-18 13:27:50+03,Неисправен
964,154849,422,2024-03-18 10:04:11+03,2024-03-18 13:24:05+03,Неисправен
3970,120245,453,2024-03-18 10:05:10+03,2024-03-18 13:24:19+03,Неисправен
9811,120237,409,2024-03-18 10:06:36+03,2024-03-18 13:24:54+03,Неисправен
4656,120230,409,2024-03-18 10:48:45+03,2024-03-18 13:25:18+03,Неисправен
156,154848,409,2024-03-18 10:48:45+03,2024-03-18 11:52:11+03,Неисправен
1719,154850,401,2024-03-18 10:48:45+03,2024-03-18 13:28:00+03,Неисправен
9836,120573,421,2024-03-18 10:54:12+03,2024-03-18 13:23:25+03,Неисправен
2443,120595,409,2024-03-18 10:54:12+03,2024-03-18 13:21:54+03,Неисправен
6911,120265,401,2024-03-18 11:19:29+03,2024-03-18 13:27:07+03,Неисправен
4625,115574,,2024-03-18 11:25:18+03,2024-03-18 15:51:14+03,Неисправен
5418,115575,,2024-03-18 11:25:18+03,2024-03-18 15:51:14+03,Неисправен
2429,115587,921,2024-03-18 11:25:18+03,2024-03-18 15:51:14+03,Неисправен
5423,117767,1027,2024-03-18 11:25:18+03,2024-03-18 15:51:14+03,Неисправен
860,120257,401,2024-03-18 11:34:03+03,2024-03-18 13:27:36+03,Неисправен
7601,120250,414,2024-03-18 11:49:14+03,2024-03-18 13:00:25+03,Неисправен
1664,120242,453,2024-03-18 11:51:41+03,2024-03-18 13:07:52+03,Неисправен
84,120512,461,2024-03-18 11:59:10+03,2024-03-18 13:22:39+03,Неисправен
6243,197032,,2024-03-18 14:19:16+03,2024-03-26 10:19:24+03,Неисправен
6975,158985,1335,2024-03-21 10:22:25+03,2024-03-21 13:55:00+03,Неисправен
9459,230748,1727,2024-03-24 23:11:59+03,2024-03-25 00:49:06+03,Много неисправных устройств
10447,230749,,2024-03-24 23:11:59+03,2024-03-25 00:49:06+03,Много неисправных устройств
11215,231422,1843,2024-03-24 23:11:59+03,2024-03-25 00:49:06+03,Много неисправных устройств
11461,158991,1335,2024-03-25 10:22:32+03,2024-03-25 13:35:50+03,Неисправен
6981,178249,1413,2024-03-28 09:28:05+03,2024-03-28 12:20:53+03,Неисправен
225,214224,,2024-04-05 10:15:07+03,2024-04-05 11:30:21+03,Неисправен
7646,159002,1336,2024-04-10 00:04:28+03,2024-04-10 06:23:18+03,Неисправен
597,229584,1831,2024-04-10 02:47:35+03,2024-04-10 10:44:03+03,Неисправен
6564,229592,1829,2024-04-10 02:47:36+03,2024-04-10 10:43:58+03,Неисправен
1055,228641,1830,2024-04-10 02:48:52+03,2024-04-10 10:39:23+03,Неисправен
10082,228701,1808,2024-04-10 02:48:52+03,2024-04-10 10:38:51+03,Неисправен
7647,159002,1336,2024-04-10 06:23:40+03,2024-04-10 10:14:15+03,Неисправен
5207,286918,2978,2024-04-10 07:00:03+03,2024-04-10 13:38:10+03,Неисправен
2548,162899,,2024-04-10 07:03:33+03,2024-04-10 11:04:24+03,Много неисправных устройств
10083,228701,1808,2024-04-11 03:31:03+03,2024-04-11 05:06:29+03,Неисправен
2549,162899,,2024-04-13 14:29:20+03,2024-04-13 15:29:48+03,Много неисправных устройств
4760,215798,1347,2024-04-14 05:21:41+03,2024-04-14 13:29:34+03,Неисправен
7026,215801,1351,2024-04-14 05:21:41+03,2024-04-14 13:29:34+03,Неисправен
2550,162899,,2024-04-14 11:24:17+03,2024-04-14 13:28:42+03,Много неисправных устройств
5183,266774,2193,2024-04-14 23:26:11+03,2024-04-15 00:29:18+03,Неисправен
9660,287900,3108,2024-04-16 10:31:38+03,2024-04-16 13:21:16+03,Неисправен
5396,94855,675,2024-04-16 12:59:11+03,2024-04-16 19:52:01+03,Неисправен
2632,227459,1413,2024-04-17 10:06:56+03,2024-04-17 11:16:40+03,Неисправен
3353,227460,1413,2024-04-17 10:06:56+03,2024-04-17 11:16:54+03,Неисправен
5357,93671,692,2024-04-17 12:19:44+03,2024-04-17 14:47:41+03,Неисправен
8319,113979,,2024-04-20 03:17:14+03,2024-04-20 04:46:07+03,Много неисправных устройств
9026,178332,,2024-04-20 03:17:14+03,2024-04-20 04:46:08+03,Много неисправных устройств
1434,268881,,2024-04-24 10:30:01+03,2024-04-24 12:13:34+03,Много неисправных устройств
11462,158991,1335,2024-04-24 10:53:13+03,2024-04-24 14:12:21+03,Неисправен
5883,269127,2561,2024-04-24 11:05:20+03,2024-04-24 13:19:58+03,Батарея неисправна
11463,158991,1335,2024-04-25 10:00:20+03,2024-04-25 14:06:12+03,Неисправен
6065,77544,,2024-04-25 12:27:55+03,2024-04-25 14:35:36+03,Неисправен
9559,268060,2446,2024-05-01 16:02:38+03,2024-05-01 17:19:02+03,Неисправен
10501,268061,2446,2024-05-01 16:02:38+03,2024-05-01 17:19:02+03,Неисправен
2210,268066,2446,2024-05-01 16:02:38+03,2024-05-01 17:19:02+03,Неисправен
8133,268074,2446,2024-05-01 16:02:38+03,2024-05-01 17:19:02+03,Неисправен
643,268080,2447,2024-05-01 16:02:38+03,2024-05-01 17:19:02+03,Неисправен
1421,268081,2446,2024-05-01 16:02:38+03,2024-05-01 17:19:02+03,Неисправен
5190,268086,2446,2024-05-01 16:02:38+03,2024-05-01 17:19:02+03,Неисправен
8138,268090,2446,2024-05-01 16:02:38+03,2024-05-01 17:19:02+03,Неисправен
8803,268091,2446,2024-05-01 16:02:38+03,2024-05-01 17:19:02+03,Неисправен
11464,158991,1335,2024-05-02 11:12:30+03,2024-05-02 13:46:33+03,Неисправен
7492,288057,3144,2024-05-02 14:04:52+03,2024-05-02 15:14:40+03,Неисправен
11465,158991,1335,2024-05-07 10:05:14+03,2024-05-07 13:14:34+03,Неисправен
11466,158991,1335,2024-05-08 10:18:06+03,2024-05-08 12:49:36+03,Неисправен
2295,287906,3108,2024-05-11 07:50:58+03,2024-05-11 10:13:18+03,Неисправен
11467,158991,1335,2024-05-15 10:11:02+03,2024-05-15 11:13:59+03,Неисправен
4012,158997,1335,2024-05-15 10:11:06+03,2024-05-15 11:14:00+03,Неисправен
965,154849,422,2024-05-20 10:26:20+03,2024-05-20 11:45:50+03,Неисправен
9812,120237,409,2024-05-20 10:28:32+03,2024-05-20 11:45:11+03,Неисправен
861,120257,401,2024-05-20 10:34:14+03,2024-05-20 11:46:34+03,Неисправен
157,154848,409,2024-05-20 10:34:14+03,2024-05-20 11:45:22+03,Неисправен
1720,154850,401,2024-05-20 10:34:14+03,2024-05-20 11:46:05+03,Неисправен
9460,230748,1727,2024-05-20 18:49:40+03,2024-05-20 22:53:36+03,Много неисправных устройств
10448,230749,,2024-05-20 18:49:40+03,2024-05-20 22:53:36+03,Много неисправных устройств
6628,231352,,2024-05-20 18:49:41+03,2024-05-20 21:55:29+03,Много неисправных устройств
11216,231422,1843,2024-05-20 18:49:41+03,2024-05-20 22:53:36+03,Много неисправных устройств
598,229584,1831,2024-05-22 13:48:35+03,2024-05-22 17:20:52+03,Неисправен
2985,229587,1831,2024-05-22 13:48:35+03,2024-05-22 17:20:52+03,Неисправен
9074,212844,1519,2024-05-27 10:09:49+03,2024-05-27 11:33:40+03,Неисправен
3315,212852,1519,2024-05-27 10:09:49+03,2024-05-27 11:33:40+03,Неисправен
9989,212893,1519,2024-05-27 10:09:49+03,2024-05-27 11:33:40+03,Неисправен
2604,212899,1519,2024-05-27 10:09:49+03,2024-05-27 11:33:40+03,Неисправен
11530,212895,1519,2024-05-27 10:09:50+03,2024-05-27 11:33:40+03,Неисправен
3319,213428,1519,2024-05-27 10:09:50+03,2024-05-27 11:33:40+03,Неисправен
9461,230748,1727,2024-05-28 16:14:58+03,2024-05-28 19:46:59+03,Много неисправных устройств
10449,230749,,2024-05-28 16:14:58+03,2024-05-28 19:46:59+03,Много неисправных устройств
6629,231352,,2024-05-28 16:14:58+03,2024-05-28 19:47:00+03,Много неисправных устройств
11217,231422,1843,2024-05-28 16:14:58+03,2024-05-28 19:47:00+03,Много неисправных устройств
11447,115631,,2024-05-29 10:37:54+03,2024-05-29 14:16:25+03,Неисправен
9462,230748,1727,2024-05-31 11:58:04+03,2024-05-31 13:20:39+03,Много неисправных устройств
10450,230749,,2024-05-31 11:58:04+03,2024-05-31 13:20:39+03,Много неисправных устройств
6630,231352,,2024-05-31 11:58:04+03,2024-05-31 13:20:39+03,Много неисправных устройств
11218,231422,1843,2024-05-31 11:58:04+03,2024-05-31 13:20:40+03,Много неисправных устройств
6990,193449,800,2024-06-02 19:52:26+03,2024-06-03 01:25:38+03,Батарея неисправна
6991,193449,800,2024-06-03 01:58:19+03,2024-06-03 03:09:24+03,Батарея неисправна
1373,229681,1987,2024-06-11 09:13:40+03,2024-06-11 13:19:30+03,Неисправен
9463,230748,1727,2024-06-12 12:39:47+03,2024-06-12 19:35:43+03,Много неисправных устройств
10451,230749,,2024-06-12 12:39:47+03,2024-06-12 19:35:43+03,Много неисправных устройств
6631,231352,,2024-06-12 12:39:47+03,2024-06-12 18:54:11+03,Много неисправных устройств
11219,231422,1843,2024-06-12 12:39:47+03,2024-06-12 19:35:43+03,Много неисправных устройств
9661,287900,3108,2024-06-17 09:04:52+03,2024-06-17 10:39:48+03,Неисправен
6878,94857,675,2024-06-24 10:48:29+03,2024-06-24 13:08:49+03,Неисправен
7580,94858,675,2024-06-24 10:48:29+03,2024-06-24 13:09:13+03,Неисправен
801,93569,734,2024-06-24 10:50:57+03,2024-06-24 13:27:31+03,Неисправен
3936,94853,732,2024-06-24 10:56:08+03,2024-06-24 13:08:15+03,Неисправен
10667,98174,843,2024-06-24 11:34:11+03,2024-06-24 13:53:07+03,Неисправен
11427,98175,843,2024-06-24 11:34:11+03,2024-06-24 13:52:43+03,Неисправен
10652,94094,848,2024-06-24 11:42:35+03,2024-06-24 13:53:26+03,Неисправен
10653,94094,848,2024-06-25 10:08:19+03,2024-06-25 12:10:17+03,Неисправен
8234,308186,2995,2024-06-27 10:31:22+03,2024-06-27 12:00:36+03,Неисправен
4534,307925,2995,2024-06-27 10:31:44+03,2024-06-27 12:26:20+03,Неисправен
1,3088,,2024-06-27 13:39:21+03,2024-06-27 15:49:58+03,Неисправен
6146,147000,,2024-06-29 13:48:28+03,2024-06-29 14:57:09+03,Много неисправных устройств
6970,147001,,2024-06-29 13:48:28+03,2024-06-29 14:57:09+03,Много неисправных устройств
651,278000,2300,2024-07-01 08:57:20+03,2024-07-01 10:37:06+03,Неисправен
11378,316174,,2024-07-01 11:45:48+03,2024-07-01 13:15:08+03,Неисправен
10508,269757,,2024-07-02 12:25:15+03,2024-07-02 13:28:12+03,Много неисправных устройств
5196,269766,2596,2024-07-02 12:25:16+03,2024-07-02 13:28:12+03,Много неисправных устройств
6258,227224,1397,2024-07-07 13:26:54+03,2024-07-07 14:33:47+03,Неисправен
6192,178264,1397,2024-07-07 13:26:56+03,2024-07-07 14:33:52+03,Неисправен
10845,227214,1397,2024-07-07 13:26:56+03,2024-07-07 14:33:49+03,Неисправен
11584,227215,1397,2024-07-07 13:26:56+03,2024-07-07 14:33:52+03,Неисправен
3350,227220,1397,2024-07-07 13:26:56+03,2024-07-07 14:33:50+03,Неисправен
9099,227228,1397,2024-07-07 13:26:56+03,2024-07-07 14:33:44+03,Неисправен
1531,287905,3108,2024-07-08 11:18:08+03,2024-07-08 13:09:16+03,Неисправен
11287,278558,2429,2024-07-10 10:03:54+03,2024-07-10 11:27:31+03,Неисправен
11288,278558,2429,2024-07-10 11:48:24+03,2024-07-10 13:33:01+03,Неисправен
3285,196228,,2024-07-11 00:08:55+03,2024-07-11 01:30:02+03,Много неисправных устройств
5487,196231,,2024-07-11 00:08:55+03,2024-07-11 01:30:02+03,Много неисправных устройств
7380,232105,,2024-07-11 00:09:00+03,2024-07-11 01:29:56+03,Много неисправных устройств
8082,232106,,2024-07-11 00:09:00+03,2024-07-11 01:29:56+03,Много неисправных устройств
6912,120265,401,2024-07-11 11:25:33+03,2024-09-05 12:12:29+03,Неисправен
9813,120237,409,2024-07-11 11:58:34+03,2024-09-05 09:50:10+03,Неисправен
2640,227491,1353,2024-07-16 10:27:01+03,2024-07-16 11:48:58+03,Неисправен
11511,196527,,2024-07-17 10:37:10+03,2024-07-17 20:17:37+03,Неисправен
10001,214125,,2024-07-22 12:06:41+03,2024-07-22 13:47:58+03,Неисправен
10832,214126,,2024-07-22 12:06:41+03,2024-07-22 13:47:58+03,Неисправен
6992,193449,800,2024-07-22 12:21:41+03,2024-07-22 20:41:15+03,Неисправен
5447,171575,,2024-07-22 12:33:01+03,2024-07-22 18:31:48+03,Неисправен
11537,213391,,2024-07-23 09:58:06+03,2024-07-23 12:10:57+03,Много неисправных устройств
1593,93138,,2024-07-23 10:05:05+03,2024-07-23 12:12:43+03,Много неисправных устройств
10833,214126,,2024-07-24 13:25:33+03,2024-07-24 15:36:32+03,Неисправен
11379,316174,,2024-07-29 11:46:01+03,2024-07-29 16:50:59+03,Неисправен
3827,288036,3144,2024-08-15 04:20:09+03,2024-08-15 06:24:41+03,Неисправен
4530,288037,3144,2024-08-15 04:20:09+03,2024-08-15 06:24:47+03,Неисправен
8339,120283,,2024-08-20 11:57:28+03,2024-08-20 13:45:37+03,Неисправен
2635,227475,1413,2024-08-22 11:23:41+03,2024-08-22 13:02:00+03,Неисправен
190,196464,,2024-08-27 09:58:07+03,2024-08-27 15:27:24+03,Неисправен
191,196464,,2024-08-28 13:14:37+03,2024-08-28 14:39:27+03,Неисправен
192,196464,,2024-08-29 15:30:18+03,2024-08-29 19:49:02+03,Неисправен
7381,232105,,2024-08-31 18:05:29+03,2024-09-01 01:37:19+03,Много неисправных устройств
8083,232106,,2024-08-31 18:05:29+03,2024-09-01 01:37:19+03,Много неисправных устройств
3286,196228,,2024-08-31 18:05:32+03,2024-09-01 01:40:30+03,Много неисправных устройств
5488,196231,,2024-08-31 18:05:32+03,2024-09-01 01:40:30+03,Много неисправных устройств
9027,178332,,2024-09-04 11:48:00+03,2024-09-04 16:51:19+03,Много неисправных устройств
8320,113979,,2024-09-04 11:48:01+03,2024-09-04 16:51:18+03,Много неисправных устройств
10702,120254,401,2024-09-05 09:47:43+03,2024-09-05 11:34:46+03,Неисправен
966,154849,422,2024-09-05 09:48:23+03,2024-09-05 11:24:19+03,Неисправен
3971,120245,453,2024-09-05 09:49:12+03,2024-09-05 11:33:59+03,Неисправен
9814,120237,409,2024-09-05 09:50:23+03,2024-09-05 11:33:30+03,Неисправен
4657,120230,409,2024-09-05 09:52:37+03,2024-09-05 11:28:55+03,Неисправен
158,154848,409,2024-09-05 09:52:37+03,2024-09-05 11:33:45+03,Неисправен
1721,154850,401,2024-09-05 09:52:37+03,2024-09-05 11:34:32+03,Неисправен
93,143568,1258,2024-09-11 04:13:32+03,2024-09-11 11:38:25+03,Неисправен
4666,143622,1266,2024-09-11 10:21:17+03,2024-09-11 11:27:05+03,Неисправен
6696,285800,,2024-09-13 12:40:10+03,2024-09-13 17:16:46+03,Неисправен
4165,228885,1745,2024-09-16 11:47:58+03,2024-09-16 12:52:52+03,Неисправен
9969,178333,,2024-09-18 13:52:27+03,2024-09-18 15:23:07+03,Батарея неисправна
10739,158974,1334,2024-09-19 10:17:57+03,2024-09-19 12:03:59+03,Неисправен
6974,158969,1333,2024-09-19 10:19:36+03,2024-09-19 12:03:57+03,Неисправен
3270,158964,1332,2024-09-19 10:20:55+03,2024-09-19 12:03:56+03,Неисправен
11460,158959,1331,2024-09-19 10:21:33+03,2024-09-19 12:03:53+03,Неисправен
7645,158954,1330,2024-09-19 10:23:00+03,2024-09-19 12:03:51+03,Неисправен
4009,158949,1329,2024-09-19 10:24:18+03,2024-09-19 12:03:50+03,Неисправен
166,158944,1328,2024-09-19 10:24:48+03,2024-09-19 12:03:48+03,Неисправен
8345,158939,1327,2024-09-19 10:25:51+03,2024-09-19 12:03:46+03,Неисправен
4715,158934,1325,2024-09-19 10:26:56+03,2024-09-19 12:03:44+03,Неисправен
972,158929,1324,2024-09-19 10:27:39+03,2024-09-19 12:03:42+03,Неисправен
9012,158924,1323,2024-09-19 10:28:32+03,2024-09-19 12:03:40+03,Неисправен
5440,158919,1322,2024-09-19 10:29:30+03,2024-09-19 12:03:39+03,Неисправен
1729,158914,1320,2024-09-19 10:30:36+03,2024-09-19 12:03:36+03,Неисправен
9891,158909,1319,2024-09-19 10:31:47+03,2024-09-19 12:03:34+03,Неисправен
6176,158904,1326,2024-09-19 10:33:29+03,2024-09-19 12:03:32+03,Неисправен
2512,158899,1326,2024-09-19 10:34:23+03,2024-09-19 12:03:30+03,Неисправен
10737,158894,1321,2024-09-19 10:34:59+03,2024-09-19 12:03:29+03,Неисправен
9970,178333,,2024-09-24 11:14:29+03,2024-09-24 13:54:41+03,Батарея неисправна
5513,197031,,2024-09-30 03:14:47+03,2024-09-30 06:36:44+03,Неисправен
9075,212844,1519,2024-10-14 13:20:16+03,2024-10-14 15:48:44+03,Неисправен
2605,212899,1519,2024-10-14 13:20:16+03,2024-10-14 15:48:44+03,Неисправен
9990,212893,1519,2024-10-14 13:20:17+03,2024-10-14 15:48:44+03,Неисправен
1409,266721,2157,2024-10-18 12:22:10+03,2024-10-18 13:33:42+03,Неисправен
10834,214126,,2024-10-22 09:33:01+03,2024-10-22 11:08:26+03,Неисправен
4431,267045,2204,2024-10-25 10:39:08+03,2024-10-25 13:08:05+03,Неисправен
4432,267045,2204,2024-10-29 10:31:29+03,2024-10-29 13:14:51+03,Неисправен
226,214224,,2024-10-30 00:09:32+03,2024-10-30 12:15:54+03,Неисправен
2,3088,,2024-11-05 13:30:58+03,2024-11-05 17:42:05+03,Неисправен
5197,269766,2596,2024-11-07 09:46:53+03,2024-11-07 11:19:04+03,Много неисправных устройств
3305,196820,,2024-11-07 09:46:57+03,2024-11-07 11:18:58+03,Много неисправных устройств
5507,196823,,2024-11-07 09:46:57+03,2024-11-07 11:18:58+03,Много неисправных устройств
6226,196824,,2024-11-07 09:46:57+03,2024-11-07 11:18:58+03,Много неисправных устройств
9464,230748,1727,2024-11-09 08:29:30+03,2024-11-09 13:02:13+03,Много неисправных устройств
10452,230749,,2024-11-09 08:29:31+03,2024-11-09 13:02:13+03,Много неисправных устройств
6632,231352,,2024-11-09 08:29:31+03,2024-11-09 12:09:52+03,Много неисправных устройств
11220,231422,1843,2024-11-09 08:29:31+03,2024-11-09 13:02:13+03,Много неисправных устройств
842,115761,,2024-11-11 09:05:16+03,2024-11-11 10:34:12+03,Неисправен
227,214224,,2024-11-12 10:23:13+03,2024-11-12 12:45:56+03,Неисправен
10703,120254,401,2024-11-13 09:20:28+03,2024-11-13 11:05:38+03,Неисправен
967,154849,422,2024-11-13 09:21:13+03,2024-11-13 11:37:40+03,Неисправен
3972,120245,453,2024-11-13 09:22:26+03,2024-11-13 11:38:08+03,Неисправен
4658,120230,409,2024-11-13 09:24:56+03,2024-11-13 11:39:32+03,Неисправен
159,154848,409,2024-11-13 09:24:56+03,2024-11-13 11:38:46+03,Неисправен
1722,154850,401,2024-11-13 09:24:56+03,2024-11-13 11:05:44+03,Неисправен
9971,178333,,2024-11-14 23:20:17+03,2024-11-15 01:01:50+03,Батарея неисправна
9732,50973,,2024-11-20 12:43:36+03,2024-11-20 14:17:30+03,Неисправен
6683,277960,2415,2024-11-21 11:48:14+03,2024-11-21 14:17:27+03,Неисправен
228,214224,,2024-11-25 08:22:11+03,2024-11-25 16:45:24+03,Неисправен
2202,266786,2204,2024-11-26 10:30:26+03,2024-11-26 15:05:05+03,Батарея неисправна
11264,267934,,2024-11-27 09:36:30+03,2024-11-27 12:47:52+03,Много неисправных устройств
11265,267934,,2024-11-28 14:58:45+03,2024-11-28 16:19:48+03,Много неисправных устройств
2435,116147,,2024-12-03 09:17:33+03,2024-12-03 10:34:57+03,Много неисправных устройств
11469,171375,,2024-12-03 09:17:33+03,2024-12-03 10:35:01+03,Много неисправных устройств
10758,178334,,2024-12-03 09:17:33+03,2024-12-03 10:34:57+03,Много неисправных устройств
9773,98173,848,2024-12-03 10:53:36+03,2024-12-03 12:14:00+03,Неисправен
11428,98175,843,2024-12-03 10:53:36+03,2024-12-03 12:14:18+03,Неисправен
1645,98194,637,2024-12-03 10:53:36+03,2024-12-03 12:14:42+03,Неисправен
2422,98195,637,2024-12-03 10:53:37+03,2024-12-03 12:15:54+03,Неисправен
4735,196518,,2024-12-06 10:33:27+03,2024-12-06 11:36:01+03,Неисправен
9566,272684,2459,2024-12-16 09:31:54+03,2024-12-16 12:57:48+03,Неисправен
11266,267934,,2024-12-17 10:01:31+03,2024-12-17 11:36:19+03,Много неисправных устройств
12,9328,,2024-12-17 10:01:34+03,2024-12-17 11:36:16+03,Много неисправных устройств
791,9329,,2024-12-17 10:01:34+03,2024-12-17 11:36:16+03,Много неисправных устройств
10619,50638,,2024-12-19 10:12:11+03,2024-12-19 11:26:50+03,Много неисправных устройств
6971,147001,,2024-12-19 10:12:36+03,2024-12-19 11:41:14+03,Много неисправных устройств
229,214224,,2024-12-31 21:16:50+03,2024-12-31 22:37:14+03,Неисправен
9465,230748,1727,2025-01-02 16:51:55+03,2025-01-02 22:02:07+03,Много неисправных устройств
10453,230749,,2025-01-02 16:51:56+03,2025-01-02 22:02:07+03,Много неисправных устройств
6633,231352,,2025-01-02 16:51:56+03,2025-01-02 17:57:10+03,Много неисправных устройств
11221,231422,1843,2025-01-02 16:51:56+03,2025-01-02 22:02:08+03,Много неисправных устройств
8892,287899,3108,2025-01-06 08:39:00+03,2025-01-06 09:56:48+03,Неисправен
2551,162899,,2025-01-09 11:13:13+03,2025-01-09 18:17:22+03,Много неисправных устройств
3266,154100,,2025-01-09 13:55:40+03,2025-01-09 16:32:12+03,Много неисправных устройств
4709,154102,,2025-01-09 13:55:40+03,2025-01-09 16:32:12+03,Много неисправных устройств
6976,162889,1353,2025-01-09 14:33:17+03,2025-01-09 18:17:50+03,Неисправен
1435,268881,,2025-01-13 00:03:11+03,2025-01-13 02:44:19+03,Много неисправных устройств
3950,120117,,2025-01-14 09:38:43+03,2025-01-14 10:50:38+03,Много неисправных устройств
4634,120118,,2025-01-14 09:38:43+03,2025-01-14 10:50:38+03,Много неисправных устройств
3224,120116,,2025-01-14 10:50:38+03,2025-01-14 12:10:01+03,Много неисправных устройств
9466,230748,1727,2025-01-16 13:45:36+03,2025-01-16 14:53:30+03,Много неисправных устройств
10454,230749,,2025-01-16 13:45:36+03,2025-01-16 14:53:31+03,Много неисправных устройств
6634,231352,,2025-01-16 13:45:36+03,2025-01-16 14:53:31+03,Много неисправных устройств
11222,231422,1843,2025-01-16 13:45:36+03,2025-01-16 14:53:31+03,Много неисправных устройств
11267,267934,,2025-01-17 20:24:10+03,2025-01-17 22:26:05+03,Много неисправных устройств
13,9328,,2025-01-17 20:24:50+03,2025-01-17 22:25:42+03,Много неисправных устройств
792,9329,,2025-01-17 20:24:50+03,2025-01-17 21:41:36+03,Много неисправных устройств
1579,9330,,2025-01-17 20:24:50+03,2025-01-17 22:26:04+03,Много неисправных устройств
3918,93461,776,2025-01-18 19:36:18+03,2025-01-18 23:32:29+03,Неисправен
5514,197031,,2025-01-22 22:37:10+03,2025-01-22 23:38:15+03,Неисправен
652,278000,2300,2025-01-24 16:17:56+03,2025-01-24 20:34:20+03,Неисправен
4450,286805,,2025-01-28 09:55:08+03,2025-01-28 11:04:57+03,Много неисправных устройств
5203,286806,,2025-01-28 09:55:08+03,2025-01-28 11:45:40+03,Много неисправных устройств
1436,268881,,2025-01-28 13:27:09+03,2025-01-28 14:57:50+03,Много неисправных устройств
8403,227227,1397,2025-01-30 12:17:28+03,2025-01-30 13:37:26+03,Неисправен
3919,93461,776,2025-01-30 15:12:36+03,2025-01-31 06:13:56+03,Неисправен
8404,227227,1397,2025-01-31 10:10:59+03,2025-01-31 11:36:12+03,Неисправен
12073,288031,3144,2025-01-31 22:23:10+03,2025-02-01 00:30:38+03,Неисправен
4746,212502,1592,2025-02-04 15:51:46+03,2025-02-04 17:01:55+03,Неисправен
6670,267064,2204,2025-02-04 23:33:07+03,2025-02-05 01:38:12+03,Неисправен
1532,287905,3108,2025-02-06 09:30:29+03,2025-02-06 11:16:46+03,Неисправен
3920,93461,776,2025-02-06 16:46:48+03,2025-02-06 18:25:33+03,Неисправен
5448,171575,,2025-02-10 11:13:18+03,2025-02-10 12:26:05+03,Неисправен
2561,171587,,2025-02-10 11:13:18+03,2025-02-10 12:26:58+03,Неисправен
977,171537,,2025-02-10 11:28:33+03,2025-02-10 12:29:29+03,Неисправен
6182,171544,,2025-02-10 11:28:33+03,2025-02-10 12:29:58+03,Неисправен
10744,171550,,2025-02-10 11:28:34+03,2025-02-10 12:30:25+03,Неисправен
10633,93566,734,2025-02-12 12:06:48+03,2025-02-12 13:15:38+03,Неисправен
802,93569,734,2025-02-12 12:06:48+03,2025-02-12 13:15:47+03,Неисправен
10809,196622,,2025-02-13 17:15:44+03,2025-02-13 18:33:57+03,Батарея неисправна
1437,268881,,2025-02-14 12:22:11+03,2025-02-14 20:32:46+03,Много неисправных устройств
10810,196622,,2025-02-14 20:32:02+03,2025-02-15 08:27:08+03,Батарея неисправна
10811,196622,,2025-02-15 08:27:23+03,2025-02-15 22:20:35+03,Батарея неисправна
7587,115722,1048,2025-02-15 12:40:59+03,2025-02-28 11:11:08+03,Неисправен
10812,196622,,2025-02-15 22:22:53+03,2025-02-16 05:04:27+03,Батарея неисправна
10813,196622,,2025-02-16 05:57:12+03,2025-02-16 07:14:56+03,Батарея неисправна
10814,196622,,2025-02-16 08:21:59+03,2025-02-17 07:48:54+03,Батарея неисправна
10002,214125,,2025-02-17 20:13:21+03,2025-02-17 23:14:23+03,Неисправен
10835,214126,,2025-02-17 20:13:21+03,2025-02-17 23:14:23+03,Неисправен
9867,144733,,2025-02-17 22:38:30+03,2025-02-18 04:02:08+03,Много неисправных устройств
10715,144734,,2025-02-17 22:38:30+03,2025-02-18 02:11:43+03,Много неисправных устройств
8353,178331,,2025-02-17 22:38:30+03,2025-02-18 04:02:08+03,Много неисправных устройств
9417,229676,1987,2025-03-07 10:47:42+03,2025-03-07 12:37:38+03,Неисправен
8084,232106,,2025-03-11 09:26:42+03,2025-03-11 11:13:21+03,Много неисправных устройств
3287,196228,,2025-03-11 09:27:25+03,2025-03-11 10:41:21+03,Много неисправных устройств
5489,196231,,2025-03-11 09:27:25+03,2025-03-11 10:41:21+03,Много неисправных устройств
5528,209991,,2025-03-14 10:16:20+03,2025-03-14 12:56:06+03,Неисправен
9662,287900,3108,2025-03-17 11:34:42+03,2025-03-17 13:13:52+03,Неисправен
5515,197031,,2025-03-19 09:43:28+03,2025-03-19 11:56:39+03,Неисправен
5516,197031,,2025-03-19 12:00:34+03,2025-03-19 14:02:24+03,Неисправен
5517,197031,,2025-03-22 19:29:56+03,2025-03-22 21:17:16+03,Неисправен
9663,287900,3108,2025-03-24 08:33:00+03,2025-03-24 10:10:34+03,Неисправен
230,214224,,2025-03-29 12:07:17+03,2025-03-30 00:01:14+03,Неисправен
11666,228783,1775,2025-03-31 12:36:34+03,2025-03-31 14:01:16+03,Неисправен
6671,267064,2204,2025-04-02 09:53:24+03,2025-04-02 15:38:24+03,Неисправен
3267,154100,,2025-04-07 10:15:44+03,2025-04-07 14:21:25+03,Много неисправных устройств
4710,154102,,2025-04-07 10:15:44+03,2025-04-07 14:21:25+03,Много неисправных устройств
2552,162899,,2025-04-07 10:15:45+03,2025-04-07 14:21:19+03,Много неисправных устройств
3434,228788,1772,2025-04-08 18:46:36+03,2025-04-08 20:17:28+03,Неисправен
2553,162899,,2025-04-09 06:00:05+03,2025-04-09 07:25:28+03,Много неисправных устройств
11489,193167,807,2025-04-10 09:55:00+03,2025-04-10 13:10:28+03,Неисправен
991,193169,807,2025-04-10 09:55:00+03,2025-04-10 13:13:42+03,Неисправен
6858,94825,629,2025-04-10 10:29:00+03,2025-04-10 12:19:51+03,Неисправен
8940,93628,710,2025-04-10 10:51:51+03,2025-04-10 13:15:37+03,Неисправен
6075,94008,619,2025-04-10 11:01:46+03,2025-04-10 12:20:59+03,Неисправен
8301,94827,619,2025-04-10 11:01:46+03,2025-04-10 12:21:24+03,Неисправен
11417,94847,849,2025-04-10 11:09:17+03,2025-04-10 12:16:54+03,Неисправен
10634,93566,734,2025-04-10 11:11:28+03,2025-04-10 13:15:21+03,Неисправен
11505,193183,800,2025-04-10 11:42:30+03,2025-04-10 13:13:55+03,Неисправен
11470,171375,,2025-04-11 09:47:30+03,2025-04-11 19:59:57+03,Много неисправных устройств
5518,197031,,2025-04-12 17:44:24+03,2025-04-13 08:01:04+03,Неисправен
9467,230748,1727,2025-04-15 18:06:26+03,2025-04-16 00:31:10+03,Много неисправных устройств
10455,230749,,2025-04-15 18:06:26+03,2025-04-16 00:31:10+03,Много неисправных устройств
6635,231352,,2025-04-15 18:06:26+03,2025-04-16 00:31:10+03,Много неисправных устройств
11223,231422,1843,2025-04-15 18:06:26+03,2025-04-16 00:31:10+03,Много неисправных устройств
11471,171375,,2025-04-18 10:22:18+03,2025-04-18 14:52:02+03,Много неисправных устройств
5449,171575,,2025-04-18 10:23:31+03,2025-04-18 12:18:27+03,Неисправен
978,171537,,2025-04-18 10:34:11+03,2025-04-18 12:17:02+03,Неисправен
6183,171544,,2025-04-18 10:34:11+03,2025-04-18 12:17:45+03,Неисправен
10745,171550,,2025-04-18 10:34:11+03,2025-04-18 12:18:07+03,Неисправен
2562,171587,,2025-04-18 10:34:11+03,2025-04-18 12:12:22+03,Неисправен
9468,230748,1727,2025-04-21 09:51:32+03,2025-04-21 11:19:19+03,Много неисправных устройств
10456,230749,,2025-04-21 09:51:32+03,2025-04-21 11:19:19+03,Много неисправных устройств
6636,231352,,2025-04-21 09:51:32+03,2025-04-21 11:19:19+03,Много неисправных устройств
11224,231422,1843,2025-04-21 09:51:33+03,2025-04-21 11:19:19+03,Много неисправных устройств
5420,115687,,2025-04-24 09:47:40+03,2025-04-24 13:16:34+03,Неисправен
6092,115688,,2025-04-24 10:13:26+03,2025-04-24 13:16:24+03,Неисправен
9469,230748,1727,2025-05-02 08:40:26+03,2025-05-02 16:20:42+03,Много неисправных устройств
10457,230749,,2025-05-02 08:40:26+03,2025-05-02 16:20:42+03,Много неисправных устройств
6637,231352,,2025-05-02 08:40:26+03,2025-05-02 10:12:16+03,Много неисправных устройств
11225,231422,1843,2025-05-02 08:40:26+03,2025-05-02 16:20:42+03,Много неисправных устройств
2154,229666,1987,2025-05-13 21:56:46+03,2025-05-13 23:00:42+03,Неисправен
3001,229667,1987,2025-05-13 21:56:46+03,2025-05-13 23:00:42+03,Неисправен
9418,229676,1987,2025-05-13 21:56:46+03,2025-05-13 23:01:00+03,Неисправен
5142,229686,1987,2025-05-13 21:56:46+03,2025-05-13 23:00:57+03,Неисправен
8724,229691,1987,2025-05-13 21:56:46+03,2025-05-13 23:00:52+03,Неисправен
837,115345,1126,2025-05-14 12:39:16+03,2025-05-14 13:40:22+03,Неисправен
10704,120254,401,2025-05-16 09:27:38+03,2025-05-16 10:59:49+03,Неисправен
968,154849,422,2025-05-16 09:28:14+03,2025-05-16 10:59:24+03,Неисправен
1723,154850,401,2025-05-16 09:28:14+03,2025-05-16 10:59:41+03,Неисправен
3973,120245,453,2025-05-16 09:28:52+03,2025-05-16 10:59:15+03,Неисправен
9815,120237,409,2025-05-16 09:30:20+03,2025-05-16 10:58:45+03,Неисправен
160,154848,409,2025-05-16 09:30:20+03,2025-05-16 10:58:53+03,Неисправен
862,120257,401,2025-05-16 09:53:32+03,2025-05-16 10:59:58+03,Неисправен
3984,120261,401,2025-05-16 09:53:32+03,2025-05-16 11:00:06+03,Неисправен
9837,120573,421,2025-05-16 10:17:16+03,2025-05-16 11:18:56+03,Неисправен
11472,171375,,2025-05-20 08:27:33+03,2025-05-20 09:48:32+03,Много неисправных устройств
10458,230749,,2025-05-20 09:12:39+03,2025-05-22 18:42:50+03,Много неисправных устройств
6638,231352,,2025-05-20 09:12:39+03,2025-05-20 17:00:14+03,Много неисправных устройств
11226,231422,1843,2025-05-20 09:12:39+03,2025-05-20 15:59:29+03,Много неисправных устройств
9546,267052,2204,2025-05-21 10:30:31+03,2025-05-21 13:50:20+03,Неисправен
6238,197000,1512,2025-05-22 09:11:48+03,2025-05-22 11:08:06+03,Неисправен
2596,196995,1512,2025-05-22 09:17:52+03,2025-05-22 11:07:57+03,Неисправен
9068,196988,1504,2025-05-22 09:22:45+03,2025-05-22 11:07:38+03,Неисправен
11523,196991,1508,2025-05-22 09:22:45+03,2025-05-22 11:07:49+03,Неисправен
9982,196973,1500,2025-05-22 09:28:08+03,2025-05-22 11:06:55+03,Неисправен
203,196976,1503,2025-05-22 09:28:08+03,2025-05-22 11:07:07+03,Неисправен
7014,196985,1501,2025-05-22 09:28:08+03,2025-05-22 11:07:29+03,Неисправен
1765,196978,1507,2025-05-22 09:32:02+03,2025-05-22 11:07:20+03,Неисправен
7008,196969,1501,2025-05-22 09:40:11+03,2025-05-22 11:06:41+03,Неисправен
5519,197031,,2025-05-24 01:38:29+03,2025-05-24 03:47:50+03,Неисправен
9470,230748,1727,2025-05-27 12:30:12+03,2025-05-27 13:45:55+03,Много неисправных устройств
10459,230749,,2025-05-27 12:30:12+03,2025-05-27 13:51:55+03,Много неисправных устройств
11227,231422,1843,2025-05-27 12:30:12+03,2025-05-27 13:51:56+03,Много неисправных устройств
10621,77534,,2025-05-29 12:15:57+03,2025-07-01 13:49:18+03,Неисправен
11375,288062,3144,2025-05-31 10:46:24+03,2025-05-31 12:41:00+03,Неисправен
7410,284729,1385,2025-05-31 15:34:48+03,2025-05-31 16:44:30+03,Неисправен
6985,193113,832,2025-06-02 11:01:03+03,2025-06-02 12:07:26+03,Неисправен
8360,193115,832,2025-06-02 11:01:03+03,2025-06-02 12:07:40+03,Неисправен
1609,93522,752,2025-06-03 07:09:02+03,2025-06-03 09:05:02+03,Неисправен
1610,93522,752,2025-06-03 09:07:46+03,2025-06-03 10:34:24+03,Неисправен
45,93584,725,2025-06-03 09:41:26+03,2025-06-03 14:18:41+03,Неисправен
1611,93522,752,2025-06-03 10:35:34+03,2025-06-03 11:50:17+03,Неисправен
5364,94103,842,2025-06-03 11:05:59+03,2025-06-03 14:22:35+03,Неисправен
10668,98174,843,2025-06-03 11:05:59+03,2025-06-03 14:22:48+03,Неисправен
11429,98175,843,2025-06-03 11:05:59+03,2025-06-03 14:23:01+03,Неисправен
11506,193183,800,2025-06-03 11:54:51+03,2025-06-03 14:21:17+03,Неисправен
638,267328,2084,2025-06-04 11:10:32+03,2025-06-04 13:47:21+03,Неисправен
4433,267333,2097,2025-06-04 11:15:58+03,2025-06-04 13:47:24+03,Неисправен
8123,267338,2103,2025-06-04 11:18:50+03,2025-06-04 13:47:26+03,Неисправен
11973,267343,2105,2025-06-04 11:20:11+03,2025-06-04 13:47:29+03,Неисправен
3731,267348,2117,2025-06-04 11:30:26+03,2025-06-04 13:47:32+03,Неисправен
7383,267353,2119,2025-06-04 11:33:54+03,2025-06-04 13:47:35+03,Неисправен
11259,267358,2141,2025-06-04 11:40:32+03,2025-06-04 13:47:37+03,Неисправен
3042,267363,2157,2025-06-04 11:52:39+03,2025-06-04 13:47:39+03,Неисправен
6674,267368,2157,2025-06-04 12:04:14+03,2025-06-04 13:47:44+03,Неисправен
10490,267373,2159,2025-06-04 12:05:40+03,2025-06-04 13:47:46+03,Неисправен
2205,267378,2177,2025-06-04 12:09:03+03,2025-06-04 13:47:55+03,Неисправен
5872,267383,2179,2025-06-04 12:09:36+03,2025-06-04 13:48:00+03,Неисправен
9556,267388,2196,2025-06-04 12:11:58+03,2025-06-04 13:48:02+03,Неисправен
1414,267393,2198,2025-06-04 12:12:29+03,2025-06-04 13:48:03+03,Неисправен
5185,267398,2204,2025-06-04 12:20:41+03,2025-06-04 13:48:05+03,Неисправен
8795,267403,2204,2025-06-04 12:21:50+03,2025-06-04 13:48:09+03,Неисправен
640,267408,2204,2025-06-04 12:22:07+03,2025-06-04 13:48:13+03,Неисправен
4435,267413,2222,2025-06-04 12:35:07+03,2025-06-04 13:48:15+03,Неисправен
8125,267418,2240,2025-06-04 12:42:59+03,2025-06-04 13:48:17+03,Неисправен
11975,267423,2242,2025-06-04 12:47:03+03,2025-06-04 13:48:18+03,Неисправен
3288,196228,,2025-06-04 14:05:35+03,2025-06-04 20:00:55+03,Много неисправных устройств
5490,196231,,2025-06-04 14:05:35+03,2025-06-06 20:40:16+03,Много неисправных устройств
1056,228641,1830,2025-06-07 11:02:46+03,2025-06-07 18:36:05+03,Неисправен
1057,228641,1830,2025-06-08 01:30:42+03,2025-06-08 05:07:32+03,Неисправен
9664,287900,3108,2025-06-09 15:28:08+03,2025-06-09 17:44:00+03,Неисправен
12085,330431,58,2025-06-09 16:05:26+03,2025-06-09 17:42:38+03,Неисправен
12086,330431,58,2025-06-09 17:42:40+03,2025-06-09 20:10:16+03,Неисправен
12087,330431,58,2025-06-09 20:25:42+03,2025-06-10 00:10:50+03,Неисправен
12088,330431,58,2025-06-10 00:10:56+03,2025-06-10 01:27:39+03,Неисправен
12089,330431,58,2025-06-10 01:28:00+03,2025-06-10 04:11:13+03,Неисправен
12090,330431,58,2025-06-10 05:04:34+03,2025-06-10 12:51:14+03,Неисправен
10460,230749,,2025-06-10 10:58:00+03,2025-06-10 14:18:07+03,Много неисправных устройств
6639,231352,,2025-06-10 10:58:00+03,2025-06-10 14:18:07+03,Много неисправных устройств
11228,231422,1843,2025-06-10 10:58:00+03,2025-06-10 14:18:07+03,Много неисправных устройств
9665,287900,3108,2025-06-10 12:57:06+03,2025-06-11 00:07:22+03,Неисправен
12091,330431,58,2025-06-10 13:28:50+03,2025-06-10 16:08:06+03,Неисправен
12092,330431,58,2025-06-10 16:08:18+03,2025-06-12 02:32:50+03,Неисправен
11473,171375,,2025-06-10 19:17:41+03,2025-06-10 20:17:58+03,Много неисправных устройств
12093,330431,58,2025-06-12 02:32:58+03,2025-06-12 19:55:44+03,Неисправен
12094,330431,58,2025-06-12 19:55:52+03,2025-06-13 14:21:41+03,Неисправен
12095,330431,58,2025-06-13 14:21:47+03,2025-06-15 07:21:14+03,Неисправен
11562,222047,1306,2025-06-13 22:34:03+03,2025-06-13 23:58:47+03,Батарея неисправна
11563,222047,1306,2025-06-14 10:10:23+03,2025-06-14 11:13:17+03,Батарея неисправна
11564,222047,1306,2025-06-14 12:56:58+03,2025-06-14 19:46:39+03,Батарея неисправна
11565,222047,1306,2025-06-14 20:54:50+03,2025-06-15 03:44:30+03,Батарея неисправна
11566,222047,1306,2025-06-15 03:47:08+03,2025-06-15 08:36:40+03,Батарея неисправна
12096,330431,58,2025-06-15 07:21:20+03,2025-06-15 17:23:06+03,Неисправен
11567,222047,1306,2025-06-15 08:42:03+03,2025-06-15 10:12:14+03,Батарея неисправна
11568,222047,1306,2025-06-15 11:20:26+03,2025-06-15 16:53:41+03,Батарея неисправна
11569,222047,1306,2025-06-15 16:56:19+03,2025-06-16 06:21:56+03,Батарея неисправна
12097,330431,58,2025-06-15 17:23:14+03,2025-06-18 00:02:50+03,Неисправен
11570,222047,1306,2025-06-16 06:24:35+03,2025-06-16 08:16:17+03,Батарея неисправна
2219,287122,2810,2025-06-16 11:27:06+03,2025-06-16 13:02:45+03,Неисправен
3156,330579,14,2025-06-16 11:37:14+03,2025-09-08 12:29:22+03,Неисправен
3838,330580,13,2025-06-16 11:37:14+03,2025-09-08 12:29:22+03,Неисправен
11571,222047,1306,2025-06-16 13:55:14+03,2025-06-16 15:02:05+03,Батарея неисправна
11572,222047,1306,2025-06-17 12:05:00+03,2025-06-17 20:18:04+03,Батарея неисправна
12098,330431,58,2025-06-18 00:02:56+03,2025-06-18 20:47:58+03,Неисправен
6148,147016,1263,2025-06-18 10:37:04+03,2025-06-18 11:48:25+03,Неисправен
12099,330431,58,2025-06-18 20:48:04+03,2025-06-22 04:39:34+03,Неисправен
12100,330431,58,2025-06-22 04:39:42+03,2025-07-09 18:21:00+03,Неисправен
3292,196468,,2025-06-25 13:14:41+03,2025-06-25 14:36:11+03,Неисправен
7685,196474,,2025-06-25 13:14:41+03,2025-06-25 14:37:41+03,Неисправен
10802,196478,,2025-06-25 13:14:41+03,2025-06-25 14:38:18+03,Неисправен
1757,196482,,2025-06-25 13:14:41+03,2025-06-25 14:38:45+03,Неисправен
5492,196487,,2025-06-25 13:14:41+03,2025-06-25 14:39:03+03,Неисправен
1007,196497,,2025-06-25 13:14:42+03,2025-06-25 14:40:15+03,Неисправен
4730,196502,,2025-06-25 13:14:42+03,2025-06-25 14:34:41+03,Неисправен
9057,196476,,2025-06-25 13:18:03+03,2025-06-25 14:38:05+03,Неисправен
4727,196470,,2025-06-25 13:18:34+03,2025-06-25 14:36:37+03,Неисправен
6210,196472,,2025-06-25 13:19:52+03,2025-06-25 14:36:52+03,Неисправен
1010,196513,,2025-06-25 13:37:53+03,2025-06-25 14:41:40+03,Неисправен
4731,196502,,2025-06-25 14:42:54+03,2025-08-01 12:06:04+03,Неисправен
5450,171575,,2025-06-26 11:48:40+03,2025-06-26 12:57:05+03,Неисправен
2563,171587,,2025-06-26 11:48:40+03,2025-06-26 12:56:39+03,Неисправен
8321,113979,,2025-06-26 12:05:55+03,2025-06-30 09:09:16+03,Много неисправных устройств
8976,113980,,2025-06-26 12:05:56+03,2025-06-26 13:06:29+03,Много неисправных устройств
9028,178332,,2025-06-26 12:05:57+03,2025-06-26 13:06:30+03,Много неисправных устройств
6184,171544,,2025-06-26 12:26:48+03,2025-06-26 13:27:26+03,Неисправен
2388,94819,640,2025-07-01 00:52:38+03,2025-07-01 02:03:28+03,Неисправен
3930,94821,634,2025-07-01 00:52:38+03,2025-07-01 02:03:28+03,Неисправен
826,94817,653,2025-07-01 00:53:09+03,2025-07-01 02:03:28+03,Неисправен
10461,230749,,2025-07-01 16:19:20+03,2025-07-01 20:32:37+03,Много неисправных устройств
11229,231422,1843,2025-07-01 16:19:20+03,2025-07-01 20:32:37+03,Много неисправных устройств
10213,229437,1908,2025-07-03 11:41:08+03,2025-07-03 12:58:14+03,Неисправен
11034,229438,1908,2025-07-03 11:41:08+03,2025-07-03 12:58:16+03,Неисправен
430,229440,1908,2025-07-03 11:41:10+03,2025-07-03 12:58:16+03,Неисправен
1221,229441,1907,2025-07-03 11:41:10+03,2025-07-03 12:58:16+03,Неисправен
1984,229442,1907,2025-07-03 11:41:10+03,2025-07-03 12:58:16+03,Неисправен
2823,229443,1907,2025-07-03 11:41:10+03,2025-07-03 12:58:18+03,Неисправен
3553,229444,1905,2025-07-03 11:41:12+03,2025-07-03 12:58:18+03,Неисправен
4250,229445,1905,2025-07-03 11:41:12+03,2025-07-03 12:58:18+03,Неисправен
5715,229447,1904,2025-07-03 11:41:12+03,2025-07-03 12:58:18+03,Неисправен
6454,229448,1904,2025-07-03 11:41:12+03,2025-07-03 12:58:20+03,Неисправен
7212,229449,1903,2025-07-03 11:41:14+03,2025-07-03 12:58:20+03,Неисправен
7899,229450,1903,2025-07-03 11:41:14+03,2025-07-03 12:58:20+03,Неисправен
8602,229451,1902,2025-07-03 11:41:14+03,2025-07-03 12:58:20+03,Неисправен
9287,229452,1902,2025-07-03 11:41:14+03,2025-07-03 12:58:20+03,Неисправен
10256,229453,1902,2025-07-03 11:41:14+03,2025-07-03 12:58:22+03,Неисправен
11080,229454,1901,2025-07-03 11:41:16+03,2025-07-03 12:58:22+03,Неисправен
11820,229455,1901,2025-07-03 11:41:16+03,2025-07-03 12:58:22+03,Неисправен
468,229456,1900,2025-07-03 11:41:16+03,2025-07-03 12:58:22+03,Неисправен
1252,229457,1900,2025-07-03 11:41:16+03,2025-07-03 12:58:22+03,Неисправен
2019,229458,1899,2025-07-03 11:41:16+03,2025-07-03 12:58:24+03,Неисправен
2861,229459,1899,2025-07-03 11:41:18+03,2025-07-03 12:58:24+03,Неисправен
3595,229460,1899,2025-07-03 11:41:18+03,2025-07-03 12:58:24+03,Неисправен
4284,229461,1898,2025-07-03 11:41:18+03,2025-07-03 12:58:24+03,Неисправен
5018,229462,1898,2025-07-03 11:41:18+03,2025-07-03 12:58:24+03,Неисправен
5750,229463,1897,2025-07-03 11:41:20+03,2025-07-03 12:58:26+03,Неисправен
6486,229464,1897,2025-07-03 11:41:20+03,2025-07-03 12:58:26+03,Неисправен
7247,229465,1897,2025-07-03 11:41:20+03,2025-07-03 12:58:26+03,Неисправен
7946,229466,1896,2025-07-03 11:41:20+03,2025-07-03 12:58:26+03,Неисправен
8646,229467,1896,2025-07-03 11:41:20+03,2025-07-03 12:58:26+03,Неисправен
9333,229468,1894,2025-07-03 11:41:20+03,2025-07-03 12:58:26+03,Неисправен
10294,229469,1894,2025-07-03 11:41:22+03,2025-07-03 12:58:28+03,Неисправен
11861,229471,1893,2025-07-03 11:41:22+03,2025-07-03 12:58:28+03,Неисправен
500,229472,1893,2025-07-03 11:41:22+03,2025-07-03 12:58:28+03,Неисправен
1292,229473,1892,2025-07-03 11:41:22+03,2025-07-03 12:58:28+03,Неисправен
2056,229474,1892,2025-07-03 11:41:22+03,2025-07-03 12:58:30+03,Неисправен
2892,229475,1892,2025-07-03 11:41:24+03,2025-07-03 12:58:30+03,Неисправен
3615,229476,1909,2025-07-03 11:41:24+03,2025-07-03 12:58:30+03,Неисправен
4332,229477,1910,2025-07-03 11:41:24+03,2025-07-03 12:58:30+03,Неисправен
5062,229478,1910,2025-07-03 11:41:24+03,2025-07-03 12:58:30+03,Неисправен
6518,229480,1910,2025-07-03 11:41:26+03,2025-07-03 12:58:32+03,Неисправен
7278,229481,1910,2025-07-03 11:41:26+03,2025-07-03 12:58:32+03,Неисправен
7977,229482,1911,2025-07-03 11:41:26+03,2025-07-03 12:58:32+03,Неисправен
8685,229483,1911,2025-07-03 11:41:26+03,2025-07-03 12:58:32+03,Неисправен
9371,229484,1912,2025-07-03 11:41:26+03,2025-07-03 12:58:34+03,Неисправен
10323,229485,1912,2025-07-03 11:41:28+03,2025-07-03 12:58:34+03,Неисправен
11145,229486,1913,2025-07-03 11:41:28+03,2025-07-03 12:58:34+03,Неисправен
11887,229487,1913,2025-07-03 11:41:28+03,2025-07-03 12:58:34+03,Неисправен
542,229488,1913,2025-07-03 11:41:28+03,2025-07-03 12:58:34+03,Неисправен
1325,229489,1914,2025-07-03 11:41:28+03,2025-07-03 12:58:36+03,Неисправен
2091,229490,1914,2025-07-03 11:41:30+03,2025-07-03 12:58:36+03,Неисправен
2929,229491,1914,2025-07-03 11:41:30+03,2025-07-03 12:58:36+03,Неисправен
3650,229492,1914,2025-07-03 11:41:30+03,2025-07-03 12:58:36+03,Неисправен
4363,229493,1915,2025-07-03 11:41:30+03,2025-07-03 12:58:36+03,Неисправен
5096,229494,1915,2025-07-03 11:41:30+03,2025-07-03 12:58:38+03,Неисправен
5812,229495,1916,2025-07-03 11:41:32+03,2025-07-03 12:58:38+03,Неисправен
6548,229496,1916,2025-07-03 11:41:32+03,2025-07-03 12:58:38+03,Неисправен
7317,229497,1918,2025-07-03 11:41:32+03,2025-07-03 12:58:38+03,Неисправен
8026,229498,1918,2025-07-03 11:41:32+03,2025-07-03 12:58:38+03,Неисправен
8720,229499,1918,2025-07-03 11:41:32+03,2025-07-03 12:58:40+03,Неисправен
9409,229500,1919,2025-07-03 11:41:34+03,2025-07-03 12:58:40+03,Неисправен
10363,229501,1919,2025-07-03 11:41:34+03,2025-07-03 12:58:40+03,Неисправен
11177,229502,1920,2025-07-03 11:41:34+03,2025-07-03 12:58:40+03,Неисправен
577,229504,1921,2025-07-03 11:41:34+03,2025-07-03 12:58:42+03,Неисправен
1363,229505,1921,2025-07-03 11:41:36+03,2025-07-03 12:58:42+03,Неисправен
2126,229506,1921,2025-07-03 11:41:36+03,2025-07-03 12:58:42+03,Неисправен
3696,229508,1922,2025-07-03 11:41:36+03,2025-07-03 12:58:42+03,Неисправен
5136,229510,1923,2025-07-03 11:41:36+03,2025-07-03 12:58:44+03,Неисправен
8788,232219,1924,2025-07-03 11:41:38+03,2025-07-03 12:58:44+03,Неисправен
9541,232220,1924,2025-07-03 11:41:38+03,2025-07-03 12:58:44+03,Неисправен
9471,230748,1727,2025-07-05 09:12:51+03,2025-07-05 12:28:24+03,Много неисправных устройств
10462,230749,,2025-07-05 09:12:51+03,2025-07-05 12:28:24+03,Много неисправных устройств
6640,231352,,2025-07-05 09:12:51+03,2025-07-05 12:28:24+03,Много неисправных устройств
11230,231422,1843,2025-07-05 09:12:51+03,2025-07-05 12:28:24+03,Много неисправных устройств
11981,268863,2478,2025-07-06 00:50:51+03,2025-07-06 05:55:51+03,Неисправен
3289,196228,,2025-07-07 00:27:12+03,2025-07-07 02:04:46+03,Много неисправных устройств
12101,330431,58,2025-07-09 18:21:06+03,2025-09-08 12:27:08+03,Неисправен
9718,3069,,2025-07-10 09:36:27+03,2025-07-10 11:09:22+03,Неисправен
1569,3074,,2025-07-10 09:36:27+03,2025-07-10 11:09:07+03,Неисправен
4555,3078,,2025-07-10 09:36:27+03,2025-07-10 11:08:53+03,Неисправен
8290,3083,,2025-07-10 09:36:27+03,2025-07-10 11:08:23+03,Неисправен
9721,3085,,2025-07-10 09:36:27+03,2025-07-10 11:08:37+03,Неисправен
3,3088,,2025-07-10 09:49:59+03,2025-07-10 11:08:02+03,Неисправен
4557,3094,,2025-07-10 09:49:59+03,2025-07-10 11:10:33+03,Неисправен
11982,277967,2415,2025-07-15 12:28:14+03,2025-07-15 15:00:29+03,Неисправен
12074,288031,3144,2025-07-17 10:21:27+03,2025-07-17 13:45:30+03,Неисправен
8813,287387,2705,2025-07-17 13:47:26+03,2025-07-17 15:08:10+03,Неисправен
4531,288037,3144,2025-07-18 09:40:17+03,2025-07-18 12:25:44+03,Неисправен
3268,154100,,2025-07-21 08:54:01+03,2025-07-21 10:05:05+03,Много неисправных устройств
4711,154102,,2025-07-21 08:54:01+03,2025-07-21 10:05:05+03,Много неисправных устройств
6239,197000,1512,2025-07-21 09:08:29+03,2025-07-21 12:30:11+03,Неисправен
2597,196995,1512,2025-07-21 09:10:28+03,2025-07-21 12:30:00+03,Неисправен
9069,196988,1504,2025-07-21 09:13:35+03,2025-07-21 12:29:37+03,Неисправен
11524,196991,1508,2025-07-21 09:13:35+03,2025-07-21 12:29:50+03,Неисправен
7009,196969,1501,2025-07-21 09:16:48+03,2025-07-21 12:28:37+03,Неисправен
9983,196973,1500,2025-07-21 09:16:48+03,2025-07-21 12:28:55+03,Неисправен
204,196976,1503,2025-07-21 09:16:48+03,2025-07-21 12:29:06+03,Неисправен
7015,196985,1501,2025-07-21 09:16:48+03,2025-07-21 12:29:27+03,Неисправен
1766,196978,1507,2025-07-21 09:20:32+03,2025-07-21 12:29:18+03,Неисправен
1408,261873,1027,2025-07-22 05:25:44+03,2025-07-22 14:21:59+03,Батарея неисправна
6149,147016,1263,2025-07-22 08:48:33+03,2025-07-22 11:05:09+03,Батарея неисправна
210,212240,1718,2025-07-23 02:10:18+03,2025-07-23 03:52:18+03,Неисправен
1018,212241,1716,2025-07-23 02:10:19+03,2025-07-23 03:53:47+03,Неисправен
3215,115556,953,2025-07-23 21:38:12+03,2025-07-23 23:44:19+03,Неисправен
11474,171375,,2025-07-24 15:28:21+03,2025-07-24 20:00:29+03,Много неисправных устройств
2359,93443,785,2025-07-26 08:20:06+03,2025-07-26 10:38:33+03,Неисправен
9868,144733,,2025-07-27 19:32:17+03,2025-07-27 23:32:36+03,Много неисправных устройств
10716,144734,,2025-07-27 19:32:17+03,2025-07-27 23:09:06+03,Много неисправных устройств
8354,178331,,2025-07-27 19:32:18+03,2025-07-27 23:32:37+03,Много неисправных устройств
6150,147016,1263,2025-07-28 01:31:05+03,2025-07-28 07:40:16+03,Батарея неисправна
85,120512,461,2025-07-28 09:40:30+03,2025-07-28 12:34:45+03,Неисправен
2302,288050,3144,2025-07-28 09:46:40+03,2025-07-28 13:20:30+03,Неисправен
9838,120573,421,2025-07-28 09:57:32+03,2025-07-28 12:34:58+03,Неисправен
11738,229263,1964,2025-07-28 10:50:50+03,2025-07-28 12:36:02+03,Неисправен
2444,120595,409,2025-07-28 11:01:48+03,2025-07-28 12:35:14+03,Неисправен
1661,120226,409,2025-07-28 11:30:35+03,2025-07-28 12:31:47+03,Неисправен
11458,154847,409,2025-07-28 11:30:35+03,2025-07-28 12:31:33+03,Неисправен
6151,147016,1263,2025-07-29 11:06:18+03,2025-07-29 19:58:12+03,Батарея неисправна
6152,147016,1263,2025-07-30 03:56:40+03,2025-07-30 16:20:00+03,Батарея неисправна
6153,147016,1263,2025-07-30 19:11:26+03,2025-08-01 22:56:13+03,Батарея неисправна
12104,331519,,2025-08-01 15:37:29+03,2025-08-01 17:05:01+03,Много неисправных устройств
6154,147016,1263,2025-08-02 07:18:34+03,2025-08-02 08:29:39+03,Батарея неисправна
9419,229676,1987,2025-08-02 07:59:12+03,2025-08-02 19:17:00+03,Неисправен
6155,147016,1263,2025-08-02 11:13:26+03,2025-08-02 13:02:44+03,Батарея неисправна
6156,147016,1263,2025-08-03 00:47:09+03,2025-08-03 02:11:54+03,Батарея неисправна
6157,147016,1263,2025-08-03 02:14:32+03,2025-08-03 03:39:16+03,Батарея неисправна
6158,147016,1263,2025-08-03 03:41:55+03,2025-08-03 05:33:57+03,Батарея неисправна
6159,147016,1263,2025-08-03 18:35:21+03,2025-08-03 22:27:01+03,Батарея неисправна
6160,147016,1263,2025-08-04 06:35:44+03,2025-08-04 14:45:07+03,Батарея неисправна
6161,147016,1263,2025-08-04 15:01:24+03,2025-08-04 16:39:48+03,Батарея неисправна
6162,147016,1263,2025-08-04 18:12:33+03,2025-08-04 20:05:18+03,Батарея неисправна
6163,147016,1263,2025-08-05 10:24:43+03,2025-08-05 11:46:04+03,Батарея неисправна
6164,147016,1263,2025-08-05 15:55:04+03,2025-08-05 17:47:06+03,Батарея неисправна
6165,147016,1263,2025-08-05 18:47:05+03,2025-08-05 19:52:43+03,Батарея неисправна
6166,147016,1263,2025-08-06 01:01:11+03,2025-08-06 05:45:19+03,Батарея неисправна
6167,147016,1263,2025-08-06 17:57:02+03,2025-08-06 21:00:04+03,Батарея неисправна
6168,147016,1263,2025-08-06 21:02:42+03,2025-08-06 22:11:04+03,Батарея неисправна
6169,147016,1263,2025-08-07 00:08:23+03,2025-08-07 01:33:06+03,Батарея неисправна
6170,147016,1263,2025-08-07 08:55:24+03,2025-08-07 10:55:37+03,Батарея неисправна
6171,147016,1263,2025-08-07 11:01:00+03,2025-08-09 01:58:34+03,Батарея неисправна
10509,269757,,2025-08-09 12:29:36+03,2025-08-09 18:05:35+03,Много неисправных устройств
5198,269766,2596,2025-08-09 12:29:36+03,2025-08-09 18:05:35+03,Много неисправных устройств
6172,147016,1263,2025-08-09 12:56:33+03,2025-08-10 11:08:47+03,Батарея неисправна
6173,147016,1263,2025-08-10 19:39:46+03,2025-08-11 14:05:22+03,Батарея неисправна
55,93936,653,2025-08-11 10:57:32+03,2025-08-11 12:27:33+03,Неисправен
6879,94857,675,2025-08-11 12:30:32+03,2025-08-11 14:15:13+03,Неисправен
3937,94853,732,2025-08-11 13:04:35+03,2025-08-14 07:57:27+03,Неисправен
2423,98195,637,2025-08-11 13:11:59+03,2025-08-14 07:57:27+03,Неисправен
11573,222047,1306,2025-08-12 11:55:01+03,2025-08-12 13:58:27+03,Неисправен
11538,213391,,2025-08-14 03:28:29+03,2025-08-14 06:54:35+03,Много неисправных устройств
12105,331519,,2025-08-18 14:08:21+03,2025-08-18 15:30:31+03,Много неисправных устройств
950,154129,,2025-08-22 14:25:04+03,2025-08-22 16:45:50+03,Неисправен
5520,197031,,2025-08-24 09:16:08+03,2025-08-24 12:21:39+03,Неисправен
231,214224,,2025-08-26 10:24:41+03,2025-08-26 13:06:01+03,Неисправен
11574,222047,1306,2025-08-26 11:55:02+03,2025-08-26 13:29:32+03,Неисправен
14,9328,,2025-08-27 05:17:41+03,2025-08-27 12:44:14+03,Много неисправных устройств
793,9329,,2025-08-27 05:17:41+03,2025-08-27 06:32:04+03,Много неисправных устройств
1580,9330,,2025-08-27 05:17:41+03,2025-08-27 08:00:10+03,Много неисправных устройств
12106,331519,,2025-08-27 05:17:42+03,2025-08-27 12:44:19+03,Много неисправных устройств
11268,267934,,2025-08-27 05:17:45+03,2025-08-27 08:03:20+03,Много неисправных устройств
11575,222047,1306,2025-08-30 21:21:47+03,2025-08-31 05:55:13+03,Батарея неисправна
11576,222047,1306,2025-08-31 06:33:22+03,2025-09-01 04:54:15+03,Батарея неисправна
11577,222047,1306,2025-09-01 05:40:34+03,2025-09-01 07:35:22+03,Батарея неисправна
11578,222047,1306,2025-09-01 12:19:17+03,2025-09-01 15:12:03+03,Батарея неисправна
10622,77534,,2025-09-03 10:27:30+03,2025-09-03 11:38:25+03,Неисправен
3909,77541,,2025-09-03 10:27:30+03,2025-09-03 11:38:11+03,Неисправен
5529,209991,,2025-09-03 10:27:30+03,2025-09-03 11:39:09+03,Неисправен
11579,222047,1306,2025-09-03 13:33:51+03,2025-09-03 18:37:02+03,Батарея неисправна
11580,222047,1306,2025-09-03 20:15:15+03,2025-09-03 21:23:37+03,Батарея неисправна
3832,330436,59,2025-09-08 12:27:20+03,2025-09-08 20:24:56+03,Неисправен
5287,330518,7,2025-09-08 12:28:28+03,2025-10-09 11:03:17+03,Неисправен
5291,330566,,2025-09-08 12:29:10+03,2025-09-29 08:55:45+03,Неисправен
5981,330567,,2025-09-08 12:29:10+03,2025-09-29 08:55:45+03,Неисправен
6780,330568,,2025-09-08 12:29:10+03,2025-09-29 08:55:45+03,Неисправен
1540,330609,19,2025-09-08 12:29:40+03,2025-09-29 08:55:47+03,Неисправен
2306,330610,19,2025-09-08 12:29:40+03,2025-09-29 08:55:47+03,Неисправен
9816,120237,409,2025-09-09 09:20:53+03,2025-09-09 14:50:46+03,Неисправен
161,154848,409,2025-09-09 09:22:59+03,2025-09-09 14:51:06+03,Неисправен
86,120512,461,2025-09-09 10:03:53+03,2025-09-09 12:59:02+03,Неисправен
9839,120573,421,2025-09-09 10:03:53+03,2025-09-09 12:39:11+03,Неисправен
2445,120595,409,2025-09-09 10:03:53+03,2025-09-09 12:39:24+03,Неисправен
6850,94217,587,2025-09-09 12:39:48+03,2025-10-01 10:58:02+03,Неисправен
3985,120261,401,2025-09-10 09:38:33+03,2025-09-10 10:54:02+03,Неисправен
1665,120242,453,2025-09-10 09:44:53+03,2025-09-10 10:55:34+03,Неисправен
162,154848,409,2025-09-10 09:44:53+03,2025-09-10 10:55:50+03,Неисправен
1724,154850,401,2025-09-10 09:51:42+03,2025-09-10 10:54:40+03,Неисправен
3225,120116,,2025-09-11 10:10:17+03,2025-09-11 11:48:35+03,Много неисправных устройств
3951,120117,,2025-09-11 10:10:17+03,2025-09-11 11:48:35+03,Много неисправных устройств
4635,120118,,2025-09-11 10:10:17+03,2025-09-11 11:48:35+03,Много неисправных устройств
9827,120285,,2025-09-11 10:21:12+03,2025-09-11 11:48:35+03,Много неисправных устройств
7415,287017,2757,2025-09-11 10:36:04+03,2025-09-11 18:45:43+03,Неисправен
9984,196973,1500,2025-09-12 09:32:58+03,2025-09-12 11:41:42+03,Неисправен
205,196976,1503,2025-09-12 09:32:58+03,2025-09-12 11:41:58+03,Неисправен
7016,196985,1501,2025-09-12 09:32:58+03,2025-09-12 11:42:33+03,Неисправен
9070,196988,1504,2025-09-12 09:32:58+03,2025-09-12 11:43:31+03,Неисправен
11525,196991,1508,2025-09-12 09:32:58+03,2025-09-12 11:45:01+03,Неисправен
2598,196995,1512,2025-09-12 09:32:58+03,2025-09-12 11:45:18+03,Неисправен
6240,197000,1512,2025-09-12 09:32:58+03,2025-09-12 11:45:32+03,Неисправен
7010,196969,1501,2025-09-12 09:40:08+03,2025-09-12 11:41:24+03,Неисправен
1767,196978,1507,2025-09-12 09:40:08+03,2025-09-12 11:42:20+03,Неисправен
9472,230748,1727,2025-09-15 10:06:57+03,2025-09-15 14:11:32+03,Много неисправных устройств
10463,230749,,2025-09-15 10:06:57+03,2025-09-15 14:11:32+03,Много неисправных устройств
6641,231352,,2025-09-15 10:06:58+03,2025-09-15 14:11:32+03,Много неисправных устройств
11231,231422,1843,2025-09-15 10:06:58+03,2025-09-15 14:11:32+03,Много неисправных устройств
4446,278565,2429,2025-09-16 10:52:06+03,2025-09-16 17:23:01+03,Неисправен
4912,228998,2028,2025-09-19 10:15:28+03,2025-09-19 12:22:18+03,Неисправен
1929,228994,2026,2025-09-19 10:17:48+03,2025-09-19 12:22:18+03,Неисправен
382,228992,2025,2025-09-19 10:18:12+03,2025-09-19 12:22:18+03,Неисправен
7711,222042,565,2025-09-22 04:48:51+03,2025-09-22 06:19:59+03,Неисправен
3002,229667,1987,2025-09-23 15:49:12+03,2025-09-23 16:51:31+03,Неисправен
70,104000,876,2025-09-24 09:29:30+03,2025-09-24 12:27:26+03,Неисправен
8237,330330,34,2025-09-29 08:45:20+03,2025-09-29 13:24:00+03,Неисправен
5292,330566,,2025-09-29 08:55:45+03,2025-10-09 11:03:19+03,Неисправен
5982,330567,,2025-09-29 08:55:45+03,2025-10-09 11:03:19+03,Неисправен
6781,330568,,2025-09-29 08:55:45+03,2025-10-09 11:03:19+03,Неисправен
1541,330609,19,2025-09-29 08:55:47+03,2025-10-09 11:36:08+03,Неисправен
2307,330610,19,2025-09-29 08:55:47+03,2025-10-09 11:36:08+03,Неисправен
6259,227224,1397,2025-09-30 10:21:05+03,2025-09-30 11:21:39+03,Неисправен
5539,227223,1397,2025-09-30 10:21:06+03,2025-09-30 11:21:41+03,Неисправен
6076,94008,619,2025-10-01 11:07:13+03,2025-10-01 12:59:51+03,Неисправен
8302,94827,619,2025-10-01 11:07:13+03,2025-10-01 13:00:21+03,Неисправен
9751,94829,615,2025-10-01 11:07:13+03,2025-10-01 13:01:17+03,Неисправен
11410,94831,615,2025-10-01 11:07:13+03,2025-10-01 13:01:46+03,Неисправен
2396,94835,608,2025-10-01 11:07:13+03,2025-10-01 13:02:33+03,Неисправен
3209,94836,608,2025-10-01 11:07:13+03,2025-10-01 13:02:56+03,Неисправен
4607,94838,599,2025-10-01 11:07:13+03,2025-10-01 13:04:34+03,Неисправен
5382,94839,599,2025-10-01 11:07:13+03,2025-10-01 13:04:47+03,Неисправен
56,93936,653,2025-10-01 11:07:14+03,2025-10-01 12:58:59+03,Неисправен
4587,93654,699,2025-10-01 11:15:09+03,2025-10-01 13:23:43+03,Неисправен
6086,94840,599,2025-10-01 11:24:18+03,2025-10-01 13:05:01+03,Неисправен
6866,94841,599,2025-10-01 11:24:18+03,2025-10-01 13:05:39+03,Неисправен
7555,94074,591,2025-10-01 11:36:01+03,2025-10-01 13:09:44+03,Неисправен
8955,94844,591,2025-10-01 11:36:01+03,2025-10-01 13:10:10+03,Неисправен
9757,94845,591,2025-10-01 11:36:01+03,2025-10-01 13:09:20+03,Неисправен
11418,94847,849,2025-10-01 11:44:01+03,2025-10-01 13:07:58+03,Неисправен
64,94848,848,2025-10-01 11:44:01+03,2025-10-01 13:07:34+03,Неисправен
9774,98173,848,2025-10-01 11:44:01+03,2025-10-01 13:07:19+03,Неисправен
5365,94103,842,2025-10-01 11:49:25+03,2025-10-01 13:06:32+03,Неисправен
11430,98175,843,2025-10-01 11:49:25+03,2025-10-01 13:06:03+03,Неисправен
831,94849,836,2025-10-01 12:00:08+03,2025-10-01 13:14:07+03,Неисправен
2412,98179,836,2025-10-01 12:00:08+03,2025-10-01 13:26:11+03,Неисправен
4618,98182,836,2025-10-01 12:00:08+03,2025-10-01 13:00:40+03,Неисправен
1634,94850,779,2025-10-01 12:08:37+03,2025-10-01 13:26:11+03,Неисправен
2406,94851,779,2025-10-01 12:08:37+03,2025-10-01 13:26:11+03,Неисправен
5406,98183,779,2025-10-01 12:08:37+03,2025-10-01 13:26:11+03,Неисправен
6887,98185,779,2025-10-01 12:08:37+03,2025-10-01 13:26:11+03,Неисправен
10659,94158,732,2025-10-01 12:14:23+03,2025-10-01 13:26:11+03,Неисправен
3938,94853,732,2025-10-01 12:14:23+03,2025-10-01 13:26:11+03,Неисправен
4613,94854,732,2025-10-01 12:14:23+03,2025-10-01 13:26:11+03,Неисправен
10681,104014,876,2025-10-03 08:29:21+03,2025-10-03 13:23:25+03,Неисправен
3833,330436,59,2025-10-03 09:27:54+03,2025-10-08 14:52:58+03,Неисправен
7712,222042,565,2025-10-06 04:48:58+03,2025-10-06 06:51:27+03,Неисправен
12107,331519,,2025-10-06 12:35:26+03,2025-10-06 14:46:44+03,Много неисправных устройств
8235,316138,2429,2025-10-06 13:05:14+03,2025-10-06 15:03:40+03,Неисправен
8236,316138,2429,2025-10-07 13:05:21+03,2025-10-07 15:11:51+03,Неисправен
1536,330209,39,2025-10-08 10:45:14+03,2025-10-08 11:58:28+03,Неисправен
9672,330220,41,2025-10-08 10:45:14+03,2025-10-08 11:58:28+03,Неисправен
12081,330223,43,2025-10-08 10:45:14+03,2025-10-08 11:58:28+03,Неисправен
7496,330233,45,2025-10-08 10:45:14+03,2025-10-08 11:58:28+03,Неисправен
9676,330236,46,2025-10-08 10:45:14+03,2025-10-08 11:58:28+03,Неисправен
3834,330436,59,2025-10-08 14:53:06+03,2025-10-09 11:02:48+03,Неисправен
1537,330209,39,2025-10-09 11:39:25+03,2025-10-10 10:36:20+03,Неисправен
9673,330220,41,2025-10-09 11:39:25+03,2025-10-10 10:36:20+03,Неисправен
12082,330223,43,2025-10-09 11:39:25+03,2025-10-10 10:36:20+03,Неисправен
7497,330233,45,2025-10-09 11:39:26+03,2025-10-10 10:36:20+03,Неисправен
9677,330236,46,2025-10-09 11:39:26+03,2025-10-10 10:36:20+03,Неисправен
3835,330436,59,2025-10-09 11:39:31+03,2025-10-10 10:36:20+03,Неисправен
5288,330518,7,2025-10-09 11:39:32+03,2025-10-10 10:36:20+03,Неисправен
5293,330566,,2025-10-09 11:39:33+03,2025-10-10 10:36:20+03,Неисправен
5983,330567,,2025-10-09 11:39:33+03,2025-10-10 10:36:20+03,Неисправен
6782,330568,,2025-10-09 11:39:33+03,2025-10-10 10:36:20+03,Неисправен
1542,330609,19,2025-10-09 11:39:34+03,2025-10-10 10:36:20+03,Неисправен
2308,330610,19,2025-10-09 11:39:34+03,2025-10-10 10:36:20+03,Неисправен
3836,330436,59,2025-10-10 10:39:43+03,2025-10-10 12:50:42+03,Неисправен
5289,330518,7,2025-10-10 10:39:44+03,2025-10-10 12:50:42+03,Неисправен
5294,330566,,2025-10-10 10:39:45+03,2025-10-10 12:50:42+03,Неисправен
5984,330567,,2025-10-10 10:39:45+03,2025-10-10 12:50:42+03,Неисправен
6783,330568,,2025-10-10 10:39:45+03,2025-10-10 12:50:42+03,Неисправен
1543,330609,19,2025-10-10 10:39:47+03,2025-10-10 12:50:42+03,Неисправен
2309,330610,19,2025-10-10 10:39:47+03,2025-10-10 12:50:42+03,Неисправен
1538,330209,39,2025-10-10 11:29:59+03,2025-10-10 12:50:42+03,Неисправен
9674,330220,41,2025-10-10 11:29:59+03,2025-10-10 12:50:42+03,Неисправен
12083,330223,43,2025-10-10 11:29:59+03,2025-10-10 12:50:42+03,Неисправен
7498,330233,45,2025-10-10 11:29:59+03,2025-10-10 12:50:42+03,Неисправен
9678,330236,46,2025-10-10 11:29:59+03,2025-10-10 12:50:42+03,Неисправен
1539,330209,39,2025-10-10 12:52:53+03,2025-10-10 15:08:44+03,Неисправен
9675,330220,41,2025-10-10 12:52:54+03,2025-11-26 11:07:48+03,Неисправен
12084,330223,43,2025-10-10 12:52:54+03,2025-11-12 12:18:34+03,Неисправен
7499,330233,45,2025-10-10 12:52:54+03,2025-11-17 12:37:46+03,Неисправен
9679,330236,46,2025-10-10 12:52:54+03,2025-11-17 12:37:46+03,Неисправен
8238,330330,34,2025-10-10 12:52:58+03,2025-10-13 07:24:15+03,Неисправен
8899,330331,34,2025-10-10 12:52:58+03,2025-10-15 09:46:44+03,Неисправен
3837,330436,59,2025-10-10 12:53:01+03,2025-11-17 14:31:40+03,Неисправен
5290,330518,7,2025-10-10 12:53:03+03,2025-11-26 11:07:48+03,Неисправен
5295,330566,,2025-10-10 12:53:04+03,2025-10-15 09:46:52+03,Неисправен
5985,330567,,2025-10-10 12:53:04+03,2025-10-15 09:46:52+03,Неисправен
6784,330568,,2025-10-10 12:53:04+03,2025-10-15 09:46:52+03,Неисправен
1544,330609,19,2025-10-10 12:53:05+03,2025-10-15 09:46:53+03,Неисправен
2310,330610,19,2025-10-10 12:53:05+03,2025-10-15 09:46:53+03,Неисправен
1438,268881,,2025-10-14 06:18:45+03,2025-10-14 07:32:28+03,Много неисправных устройств
9473,230748,1727,2025-10-14 06:19:30+03,2025-10-14 07:36:38+03,Много неисправных устройств
10464,230749,,2025-10-14 06:19:30+03,2025-10-14 07:36:38+03,Много неисправных устройств
11232,231422,1843,2025-10-14 06:19:31+03,2025-10-14 07:36:38+03,Много неисправных устройств
10644,93982,629,2025-10-14 09:30:41+03,2025-12-01 10:40:36+03,Неисправен
8239,330330,34,2025-10-15 09:46:44+03,2025-10-16 07:08:05+03,Неисправен
8900,330331,34,2025-10-15 09:46:44+03,2025-10-22 12:53:17+03,Неисправен
5986,330567,,2025-10-15 09:46:52+03,2025-11-26 11:07:48+03,Неисправен
6785,330568,,2025-10-15 09:46:52+03,2025-11-26 11:07:48+03,Неисправен
1545,330609,19,2025-10-15 09:46:53+03,2025-11-17 12:34:18+03,Неисправен
2311,330610,19,2025-10-15 09:46:53+03,2025-11-17 12:34:32+03,Неисправен
9973,196493,,2025-10-16 11:10:09+03,2025-10-16 13:07:15+03,Неисправен
1008,196497,,2025-10-16 11:10:09+03,2025-10-16 13:07:33+03,Неисправен
4732,196502,,2025-10-16 11:10:09+03,2025-10-16 13:07:48+03,Неисправен
1011,196513,,2025-10-16 11:10:09+03,2025-10-16 13:08:37+03,Неисправен
3293,196468,,2025-10-16 11:17:41+03,2025-10-16 13:04:35+03,Неисправен
6211,196472,,2025-10-16 11:17:41+03,2025-10-16 13:05:13+03,Неисправен
7686,196474,,2025-10-16 11:17:41+03,2025-10-16 13:05:30+03,Неисправен
5493,196487,,2025-10-16 11:19:41+03,2025-10-16 13:06:54+03,Неисправен
4728,196470,,2025-10-16 11:28:49+03,2025-10-16 13:04:49+03,Неисправен
9058,196476,,2025-10-16 11:28:49+03,2025-10-16 13:05:47+03,Неисправен
10803,196478,,2025-10-16 11:28:49+03,2025-10-16 13:06:05+03,Неисправен
1758,196482,,2025-10-16 11:44:17+03,2025-10-16 13:06:38+03,Неисправен
7689,196506,,2025-10-16 11:44:17+03,2025-10-16 13:08:06+03,Неисправен
9975,196509,,2025-10-16 11:44:17+03,2025-10-16 13:08:23+03,Неисправен
4736,196518,,2025-10-16 11:44:17+03,2025-10-16 13:08:52+03,Неисправен
8374,196523,,2025-10-16 11:44:17+03,2025-10-16 13:09:17+03,Неисправен
11512,196527,,2025-10-16 11:44:17+03,2025-10-16 13:09:36+03,Неисправен
8240,330330,34,2025-10-22 12:53:17+03,2025-10-23 09:04:19+03,Неисправен
8901,330331,34,2025-10-22 12:53:17+03,2025-11-17 12:35:22+03,Неисправен
8322,113979,,2025-10-24 09:37:41+03,2025-10-24 13:44:19+03,Много неисправных устройств
9029,178332,,2025-10-24 09:37:42+03,2025-10-24 13:44:21+03,Много неисправных устройств
7382,232105,,2025-10-26 21:11:31+03,2025-10-27 09:35:33+03,Много неисправных устройств
8085,232106,,2025-10-26 21:11:31+03,2025-10-27 09:35:33+03,Много неисправных устройств
6066,77544,,2025-10-27 11:16:08+03,2025-10-27 14:45:18+03,Неисправен
11475,171375,,2025-10-29 05:31:03+03,2025-10-29 06:46:47+03,Много неисправных устройств
11476,171375,,2025-10-29 08:01:40+03,2025-10-29 09:35:02+03,Много неисправных устройств
11292,287086,3086,2025-11-04 13:24:28+03,2025-11-05 06:32:16+03,Неисправен
1594,93138,,2025-11-05 12:11:03+03,2025-11-05 13:33:02+03,Много неисправных устройств
11539,213391,,2025-11-05 12:11:08+03,2025-11-05 13:32:53+03,Много неисправных устройств
9065,196796,1423,2025-11-06 09:31:42+03,2025-11-06 11:56:58+03,Неисправен
7004,196793,1445,2025-11-06 09:34:58+03,2025-11-06 11:56:58+03,Неисправен
6219,196792,1454,2025-11-06 09:36:22+03,2025-11-06 11:56:58+03,Неисправен
4745,196790,1465,2025-11-06 09:39:05+03,2025-11-06 11:56:58+03,Неисправен
4030,196789,1467,2025-11-06 09:46:14+03,2025-11-06 11:56:58+03,Неисправен
1762,196786,1471,2025-11-06 09:48:49+03,2025-11-06 11:56:58+03,Неисправен
198,196784,1477,2025-11-06 09:52:30+03,2025-11-06 11:56:57+03,Неисправен
11519,196783,1479,2025-11-06 09:53:24+03,2025-11-06 11:56:57+03,Неисправен
4027,196725,1452,2025-11-06 09:57:15+03,2025-11-06 11:56:33+03,Неисправен
4740,196726,1449,2025-11-06 09:58:05+03,2025-11-06 11:56:33+03,Неисправен
5496,196727,1447,2025-11-06 09:58:27+03,2025-11-06 11:56:33+03,Неисправен
9063,196780,1486,2025-11-06 09:58:29+03,2025-11-06 11:56:57+03,Неисправен
8380,196779,1488,2025-11-06 09:59:46+03,2025-11-06 11:56:57+03,Неисправен
7699,196778,1426,2025-11-06 10:01:21+03,2025-11-06 11:56:57+03,Неисправен
7002,196777,1429,2025-11-06 10:03:34+03,2025-11-06 11:56:57+03,Неисправен
4743,196774,1445,2025-11-06 10:10:28+03,2025-11-06 11:56:49+03,Неисправен
3298,196772,1481,2025-11-06 10:11:47+03,2025-11-06 11:56:49+03,Неисправен
2591,196771,1436,2025-11-06 10:14:09+03,2025-11-06 11:56:49+03,Неисправен
6213,196728,1441,2025-11-06 10:16:41+03,2025-11-06 11:56:33+03,Неисправен
196,196768,1442,2025-11-06 10:17:54+03,2025-11-06 11:56:49+03,Неисправен
11517,196767,1444,2025-11-06 10:18:49+03,2025-11-06 11:56:49+03,Неисправен
9978,196765,1446,2025-11-06 10:22:18+03,2025-11-06 11:56:49+03,Неисправен
6996,196729,1438,2025-11-06 10:22:33+03,2025-11-06 11:56:33+03,Неисправен
9061,196764,1449,2025-11-06 10:24:09+03,2025-11-06 11:56:49+03,Неисправен
8378,196763,1451,2025-11-06 10:25:03+03,2025-11-06 11:56:49+03,Неисправен
7697,196762,1453,2025-11-06 10:27:15+03,2025-11-06 11:56:49+03,Неисправен
6999,196761,1455,2025-11-06 10:29:15+03,2025-11-06 11:56:49+03,Неисправен
6216,196760,1457,2025-11-06 10:30:02+03,2025-11-06 11:56:49+03,Неисправен
5499,196759,1459,2025-11-06 10:31:37+03,2025-11-06 11:56:49+03,Неисправен
8376,196731,1434,2025-11-06 10:31:46+03,2025-11-06 11:56:33+03,Неисправен
9059,196732,1433,2025-11-06 10:32:34+03,2025-11-06 11:56:33+03,Неисправен
7692,196730,1437,2025-11-06 10:34:44+03,2025-11-06 11:56:33+03,Неисправен
2589,196755,1481,2025-11-06 10:41:17+03,2025-11-06 11:56:49+03,Неисправен
3296,196756,1461,2025-11-06 10:44:15+03,2025-11-06 11:56:49+03,Неисправен
194,196752,1456,2025-11-06 10:45:47+03,2025-11-06 11:56:43+03,Неисправен
11515,196751,1476,2025-11-06 10:47:11+03,2025-11-06 11:56:43+03,Неисправен
10817,196750,1424,2025-11-06 10:48:31+03,2025-11-06 11:56:43+03,Неисправен
7695,196746,1463,2025-11-06 10:51:34+03,2025-11-06 11:56:43+03,Неисправен
6214,196744,1468,2025-11-06 10:56:02+03,2025-11-06 11:56:43+03,Неисправен
8241,330330,34,2025-11-14 06:18:42+03,2025-11-16 23:19:14+03,Неисправен
9474,230748,1727,2025-11-14 16:57:03+03,2025-11-14 18:15:58+03,Много неисправных устройств
10465,230749,,2025-11-14 16:57:03+03,2025-11-14 18:15:58+03,Много неисправных устройств
11233,231422,1843,2025-11-14 16:57:03+03,2025-11-14 18:15:58+03,Много неисправных устройств
8242,330330,34,2025-11-16 23:30:08+03,2025-11-17 12:35:22+03,Неисправен
7713,222042,565,2025-11-17 04:49:12+03,2025-11-17 07:38:10+03,Неисправен
6241,197000,1512,2025-11-20 09:31:15+03,2025-11-20 10:32:00+03,Неисправен
6067,77544,,2025-11-20 10:22:28+03,2025-11-20 16:54:16+03,Неисправен
6244,197032,,2025-11-20 10:49:07+03,2025-11-20 11:55:24+03,Неисправен
8382,197035,,2025-11-20 10:49:07+03,2025-11-20 11:55:33+03,Неисправен
10705,120254,401,2025-11-21 09:54:06+03,2025-11-21 11:06:03+03,Неисправен
9817,120237,409,2025-11-21 09:55:13+03,2025-11-21 11:07:46+03,Неисправен
4659,120230,409,2025-11-21 09:55:54+03,2025-11-21 11:08:16+03,Неисправен
1725,154850,401,2025-11-21 09:56:38+03,2025-11-21 11:06:15+03,Неисправен
87,120512,461,2025-11-21 10:08:14+03,2025-11-21 12:02:33+03,Неисправен
9840,120573,421,2025-11-21 10:22:33+03,2025-11-21 11:35:39+03,Неисправен
2446,120595,409,2025-11-21 10:22:33+03,2025-11-21 11:35:52+03,Неисправен
887,143521,1246,2025-11-25 10:00:38+03,2025-11-25 11:02:19+03,Неисправен
6924,143545,1247,2025-11-25 10:04:06+03,2025-11-25 11:16:13+03,Неисправен
9475,230748,1727,2025-11-26 13:45:17+03,2025-11-27 08:40:50+03,Много неисправных устройств
10466,230749,,2025-11-26 13:45:17+03,2025-12-01 10:02:25+03,Много неисправных устройств
6642,231352,,2025-11-26 13:45:17+03,2025-11-27 17:00:58+03,Много неисправных устройств
11234,231422,1843,2025-11-26 13:45:17+03,2025-11-27 07:30:07+03,Много неисправных устройств
6027,333687,158,2025-11-30 12:17:00+03,2025-12-05 10:30:36+03,Неисправен
6807,333688,158,2025-11-30 12:17:00+03,2025-12-04 12:21:09+03,Неисправен
3163,333699,158,2025-11-30 12:17:00+03,2025-12-05 10:35:22+03,Неисправен
7503,333705,158,2025-11-30 12:17:00+03,2025-12-05 09:54:50+03,Неисправен
8247,333706,158,2025-11-30 12:17:00+03,2025-12-05 10:13:07+03,Неисправен
5300,333718,158,2025-11-30 12:17:01+03,2025-12-10 09:14:41+03,Неисправен
745,334512,119,2025-11-30 12:30:34+03,2025-12-01 11:20:21+03,Неисправен
4540,334517,119,2025-11-30 12:30:34+03,2025-12-01 11:07:53+03,Неисправен
6818,334520,119,2025-11-30 12:30:34+03,2025-12-01 11:11:30+03,Неисправен
7532,334521,119,2025-11-30 12:30:34+03,2025-12-01 11:14:58+03,Неисправен
9689,334572,178,2025-11-30 12:30:48+03,2025-12-01 08:30:51+03,Неисправен
1553,334673,211,2025-11-30 12:31:10+03,2025-12-01 09:10:04+03,Неисправен
2322,334674,216,2025-11-30 12:31:10+03,2025-12-01 09:10:13+03,Неисправен
3166,334675,221,2025-11-30 12:31:10+03,2025-12-01 09:13:31+03,Неисправен
3869,334676,223,2025-11-30 12:31:10+03,2025-12-01 09:13:28+03,Неисправен
803,93569,734,2025-12-01 10:55:34+03,2025-12-01 14:01:35+03,Неисправен
10645,93982,629,2025-12-01 10:57:02+03,2025-12-01 13:40:25+03,Неисправен
3169,334707,239,2025-12-01 16:01:42+03,2025-12-02 11:54:58+03,Неисправен
3874,334708,240,2025-12-01 16:01:42+03,2025-12-02 11:54:58+03,Неисправен
4541,334709,223,2025-12-01 16:02:19+03,2025-12-02 11:54:58+03,Неисправен
5305,334710,223,2025-12-01 16:02:20+03,2025-12-02 11:54:58+03,Неисправен
6053,334711,223,2025-12-01 16:02:20+03,2025-12-02 11:54:58+03,Неисправен
6822,334712,224,2025-12-01 16:02:20+03,2025-12-02 11:54:58+03,Неисправен
7537,334713,225,2025-12-01 16:02:22+03,2025-12-02 11:54:58+03,Неисправен
8261,334714,226,2025-12-01 16:02:22+03,2025-12-02 11:54:58+03,Неисправен
8912,334715,226,2025-12-01 16:02:22+03,2025-12-02 11:54:58+03,Неисправен
9693,334716,227,2025-12-01 16:02:22+03,2025-12-02 11:54:58+03,Неисправен
10599,334717,228,2025-12-01 16:02:22+03,2025-12-02 11:54:58+03,Неисправен
11387,334718,229,2025-12-01 16:02:22+03,2025-12-02 11:54:58+03,Неисправен
12129,334719,230,2025-12-01 16:02:22+03,2025-12-02 11:54:58+03,Неисправен
755,334720,231,2025-12-01 16:02:22+03,2025-12-02 11:54:58+03,Неисправен
1558,334721,232,2025-12-01 16:02:22+03,2025-12-02 11:54:58+03,Неисправен
2325,334722,232,2025-12-01 16:03:57+03,2025-12-02 11:54:58+03,Неисправен
3172,334723,233,2025-12-01 16:03:57+03,2025-12-02 11:54:58+03,Неисправен
5311,334742,223,2025-12-01 16:04:00+03,2025-12-02 11:54:58+03,Неисправен
750,334704,227,2025-12-02 01:21:53+03,2025-12-02 02:33:11+03,Неисправен
751,334704,227,2025-12-02 02:33:15+03,2025-12-02 03:37:03+03,Неисправен
752,334704,227,2025-12-02 04:46:28+03,2025-12-02 10:26:00+03,Неисправен
9766,94861,587,2025-12-02 09:38:22+03,2025-12-02 11:06:53+03,Неисправен
27,93424,785,2025-12-02 09:45:14+03,2025-12-02 11:26:32+03,Неисправен
3192,93428,785,2025-12-02 09:45:14+03,2025-12-02 11:26:45+03,Неисправен
816,94001,618,2025-12-02 09:46:00+03,2025-12-02 10:53:41+03,Неисправен
4597,94006,619,2025-12-02 09:46:00+03,2025-12-02 10:54:31+03,Неисправен
6077,94008,619,2025-12-02 09:46:00+03,2025-12-02 10:54:53+03,Неисправен
6851,94217,587,2025-12-02 09:46:00+03,2025-12-02 11:07:02+03,Неисправен
7568,94826,619,2025-12-02 09:46:00+03,2025-12-02 10:53:05+03,Неисправен
8303,94827,619,2025-12-02 09:46:00+03,2025-12-02 10:48:32+03,Неисправен
10677,98190,588,2025-12-02 09:46:00+03,2025-12-02 10:52:42+03,Неисправен
11440,98191,593,2025-12-02 09:46:00+03,2025-12-02 11:06:26+03,Неисправен
2360,93443,785,2025-12-02 09:50:26+03,2025-12-02 11:27:11+03,Неисправен
5350,93447,785,2025-12-02 09:50:26+03,2025-12-02 11:27:12+03,Неисправен
5397,94855,675,2025-12-02 09:53:36+03,2025-12-02 11:03:25+03,Неисправен
6880,94857,675,2025-12-02 09:53:36+03,2025-12-02 11:04:38+03,Неисправен
7581,94858,675,2025-12-02 09:53:36+03,2025-12-02 11:04:56+03,Неисправен
9784,98189,670,2025-12-02 09:53:36+03,2025-12-02 11:03:18+03,Неисправен
1554,334673,211,2025-12-02 09:57:43+03,2025-12-02 11:54:57+03,Неисправен
2323,334674,216,2025-12-02 09:57:43+03,2025-12-02 11:54:57+03,Неисправен
3167,334675,221,2025-12-02 09:57:43+03,2025-12-02 11:54:57+03,Неисправен
3870,334676,223,2025-12-02 09:57:43+03,2025-12-02 11:54:57+03,Неисправен
11507,193183,800,2025-12-02 10:03:08+03,2025-12-02 12:24:09+03,Неисправен
1751,193186,800,2025-12-02 10:03:08+03,2025-12-02 12:24:23+03,Неисправен
4723,193190,800,2025-12-02 10:03:08+03,2025-12-02 12:24:35+03,Неисправен
6204,193208,792,2025-12-02 10:03:08+03,2025-12-02 12:23:39+03,Неисправен
8369,193211,792,2025-12-02 10:03:08+03,2025-12-02 12:23:56+03,Неисправен
11490,193167,807,2025-12-02 10:08:10+03,2025-12-02 12:22:42+03,Неисправен
992,193169,807,2025-12-02 10:08:10+03,2025-12-02 12:22:56+03,Неисправен
186,193152,817,2025-12-02 10:12:11+03,2025-12-02 12:22:11+03,Неисправен
2584,193155,817,2025-12-02 10:12:11+03,2025-12-02 12:22:26+03,Неисправен
6195,193128,822,2025-12-02 10:17:36+03,2025-12-02 12:21:07+03,Неисправен
7667,193130,822,2025-12-02 10:17:36+03,2025-12-02 12:21:22+03,Неисправен
615,230528,1826,2025-12-02 10:18:28+03,2025-12-03 10:53:52+03,Неисправен
6986,193113,832,2025-12-02 10:20:53+03,2025-12-02 12:21:51+03,Неисправен
8361,193115,832,2025-12-02 10:20:53+03,2025-12-02 12:21:37+03,Неисправен
4410,230533,1831,2025-12-02 10:21:18+03,2025-12-03 10:55:38+03,Неисправен
8050,230538,1842,2025-12-02 10:23:02+03,2025-12-04 09:21:18+03,Неисправен
11951,230543,1846,2025-12-02 10:24:24+03,2025-12-04 09:13:36+03,Неисправен
3717,230548,1849,2025-12-02 10:25:34+03,2025-12-04 09:03:32+03,Неисправен
7340,230553,1858,2025-12-02 10:27:02+03,2025-12-04 09:19:44+03,Неисправен
11190,230558,1860,2025-12-02 10:27:54+03,2025-12-04 08:48:32+03,Неисправен
3014,230563,1864,2025-12-02 10:28:46+03,2025-12-04 08:33:30+03,Неисправен
6601,230568,1870,2025-12-02 10:29:56+03,2025-12-04 08:27:04+03,Неисправен
10410,230573,1875,2025-12-02 10:30:48+03,2025-12-04 08:33:30+03,Неисправен
2177,230578,1878,2025-12-02 10:31:40+03,2025-12-04 09:03:32+03,Неисправен
5833,230583,1886,2025-12-02 10:33:00+03,2025-12-04 08:27:04+03,Неисправен
9433,230588,1891,2025-12-02 10:33:58+03,2025-12-04 08:32:58+03,Неисправен
1392,230593,1893,2025-12-02 10:35:00+03,2025-12-04 08:45:42+03,Неисправен
5155,230598,1899,2025-12-02 10:36:00+03,2025-12-04 08:39:26+03,Неисправен
8739,230603,1908,2025-12-02 10:37:18+03,2025-12-04 08:38:58+03,Неисправен
621,230608,1911,2025-12-02 10:38:20+03,2025-12-04 09:19:44+03,Неисправен
4415,230613,1915,2025-12-02 10:39:40+03,2025-12-04 08:50:32+03,Неисправен
8055,230618,1923,2025-12-02 10:40:54+03,2025-12-04 08:46:13+03,Неисправен
11955,230623,1925,2025-12-02 10:41:40+03,2025-12-04 08:55:46+03,Неисправен
3721,230628,1931,2025-12-02 10:42:46+03,2025-12-04 08:42:20+03,Неисправен
7344,230633,1940,2025-12-02 10:44:04+03,2025-12-04 09:10:46+03,Неисправен
5836,230647,1942,2025-12-02 10:45:06+03,2025-12-04 08:54:16+03,Неисправен
7349,230649,1947,2025-12-02 10:46:02+03,2025-12-04 09:19:44+03,Неисправен
8743,230651,1953,2025-12-02 10:46:56+03,2025-12-04 08:27:18+03,Неисправен
8038,230378,1728,2025-12-02 11:01:04+03,2025-12-04 09:00:25+03,Неисправен
11938,230383,2008,2025-12-02 11:02:28+03,2025-12-04 08:27:04+03,Неисправен
3708,230388,1729,2025-12-02 11:03:00+03,2025-12-04 08:43:30+03,Неисправен
7328,230393,1873,2025-12-02 11:05:28+03,2025-12-04 08:32:58+03,Неисправен
11179,230398,1895,2025-12-02 11:06:54+03,2025-12-04 08:55:46+03,Неисправен
3004,230403,1963,2025-12-02 11:09:38+03,2025-12-04 08:38:30+03,Неисправен
6592,230408,1967,2025-12-02 11:10:56+03,2025-12-04 09:40:18+03,Неисправен
10402,230413,1980,2025-12-02 11:13:38+03,2025-12-04 08:44:46+03,Неисправен
2168,230418,1983,2025-12-02 11:15:18+03,2025-12-04 08:32:58+03,Неисправен
5826,230423,1996,2025-12-02 11:17:40+03,2025-12-04 08:38:58+03,Неисправен
9421,230428,1999,2025-12-02 11:18:52+03,2025-12-04 10:11:20+03,Неисправен
1380,230433,2013,2025-12-02 11:22:00+03,2025-12-04 08:44:04+03,Неисправен
5144,230438,2015,2025-12-02 11:23:12+03,2025-12-04 08:38:30+03,Неисправен
811,93921,660,2025-12-02 11:23:36+03,2025-12-08 17:09:34+03,Неисправен
8727,230443,2015,2025-12-02 11:24:20+03,2025-12-04 08:32:44+03,Неисправен
2397,94835,608,2025-12-02 11:26:55+03,2025-12-02 14:44:02+03,Неисправен
607,230448,2027,2025-12-02 11:27:42+03,2025-12-04 10:41:44+03,Неисправен
4404,230453,2029,2025-12-02 11:28:56+03,2025-12-04 10:03:44+03,Неисправен
8044,230458,1730,2025-12-02 11:29:16+03,2025-12-04 10:41:44+03,Неисправен
11943,230463,1743,2025-12-02 11:32:34+03,2025-12-04 09:14:02+03,Неисправен
3711,230468,1744,2025-12-02 11:34:13+03,2025-12-04 10:41:44+03,Неисправен
7334,230473,1745,2025-12-02 11:34:31+03,2025-12-04 08:49:00+03,Неисправен
9752,94829,615,2025-12-02 11:35:55+03,2025-12-02 14:44:41+03,Неисправен
11411,94831,615,2025-12-02 11:35:55+03,2025-12-02 14:44:15+03,Неисправен
11185,230478,1757,2025-12-02 11:37:26+03,2025-12-04 08:34:26+03,Неисправен
3010,230483,1760,2025-12-02 11:39:06+03,2025-12-04 10:41:44+03,Неисправен
6597,230488,1770,2025-12-02 11:42:52+03,2025-12-04 10:41:44+03,Неисправен
10406,230493,1776,2025-12-02 11:44:24+03,2025-12-04 10:41:44+03,Неисправен
2174,230498,1776,2025-12-02 11:44:56+03,2025-12-04 10:41:44+03,Неисправен
5829,230503,1786,2025-12-02 11:47:29+03,2025-12-04 10:41:44+03,Неисправен
9428,230508,1789,2025-12-02 11:48:30+03,2025-12-04 10:41:44+03,Неисправен
2312,333554,265,2025-12-02 11:48:48+03,2025-12-05 11:52:00+03,Неисправен
1387,230513,1797,2025-12-02 11:49:58+03,2025-12-04 10:41:44+03,Неисправен
5149,230518,1809,2025-12-02 11:51:40+03,2025-12-04 10:41:45+03,Неисправен
8733,230523,1814,2025-12-02 11:52:52+03,2025-12-04 10:41:45+03,Неисправен
746,334512,119,2025-12-02 12:05:35+03,2025-12-03 10:56:10+03,Неисправен
1555,334673,211,2025-12-02 12:06:09+03,2025-12-02 16:20:35+03,Неисправен
2324,334674,216,2025-12-02 12:06:09+03,2025-12-02 16:20:32+03,Неисправен
3168,334675,221,2025-12-02 12:06:09+03,2025-12-02 16:20:29+03,Неисправен
3871,334676,223,2025-12-02 12:06:09+03,2025-12-02 16:20:25+03,Неисправен
3170,334707,239,2025-12-02 12:06:20+03,2025-12-02 14:01:48+03,Неисправен
3175,334739,240,2025-12-02 12:06:20+03,2025-12-02 14:01:48+03,Неисправен
3884,334740,240,2025-12-02 12:06:20+03,2025-12-02 14:01:48+03,Неисправен
4547,334741,240,2025-12-02 12:06:20+03,2025-12-02 14:01:48+03,Неисправен
3875,334708,240,2025-12-02 12:20:43+03,2025-12-02 14:01:48+03,Неисправен
3879,334724,234,2025-12-02 13:01:33+03,2025-12-02 14:01:48+03,Неисправен
4544,334725,234,2025-12-02 13:01:33+03,2025-12-02 14:01:48+03,Неисправен
5308,334726,235,2025-12-02 13:01:33+03,2025-12-02 14:01:48+03,Неисправен
6056,334727,236,2025-12-02 13:01:33+03,2025-12-02 14:01:48+03,Неисправен
6825,334728,237,2025-12-02 13:01:34+03,2025-12-02 14:01:48+03,Неисправен
7540,334729,238,2025-12-02 13:01:34+03,2025-12-02 14:01:48+03,Неисправен
8264,334730,239,2025-12-02 13:01:34+03,2025-12-02 14:01:48+03,Неисправен
8916,334731,239,2025-12-02 13:01:34+03,2025-12-02 14:01:48+03,Неисправен
9696,334732,239,2025-12-02 13:01:34+03,2025-12-02 14:01:48+03,Неисправен
10603,334733,240,2025-12-02 13:01:34+03,2025-12-02 14:01:48+03,Неисправен
7531,334489,119,2025-12-02 13:23:17+03,2025-12-03 13:33:16+03,Неисправен
753,334704,227,2025-12-02 14:28:41+03,2025-12-02 16:22:18+03,Неисправен
3171,334707,239,2025-12-02 14:28:41+03,2025-12-02 15:47:05+03,Неисправен
3876,334708,240,2025-12-02 14:28:41+03,2025-12-03 10:14:27+03,Неисправен
4542,334709,223,2025-12-02 14:28:41+03,2025-12-02 16:20:35+03,Неисправен
5306,334710,223,2025-12-02 14:28:41+03,2025-12-02 16:20:35+03,Неисправен
6054,334711,223,2025-12-02 14:28:41+03,2025-12-02 16:20:35+03,Неисправен
6823,334712,224,2025-12-02 14:28:41+03,2025-12-02 16:20:35+03,Неисправен
7538,334713,225,2025-12-02 14:28:41+03,2025-12-02 16:20:35+03,Неисправен
8262,334714,226,2025-12-02 14:28:41+03,2025-12-02 16:20:35+03,Неисправен
8913,334715,226,2025-12-02 14:28:41+03,2025-12-02 16:20:35+03,Неисправен
9694,334716,227,2025-12-02 14:28:41+03,2025-12-02 16:20:35+03,Неисправен
10600,334717,228,2025-12-02 14:28:41+03,2025-12-02 16:20:35+03,Неисправен
11388,334718,229,2025-12-02 14:28:41+03,2025-12-02 16:20:37+03,Неисправен
12130,334719,230,2025-12-02 14:28:41+03,2025-12-02 16:20:37+03,Неисправен
756,334720,231,2025-12-02 14:28:41+03,2025-12-02 16:20:37+03,Неисправен
1559,334721,232,2025-12-02 14:28:41+03,2025-12-02 16:20:37+03,Неисправен
2326,334722,232,2025-12-02 14:28:41+03,2025-12-02 16:20:37+03,Неисправен
3173,334723,233,2025-12-02 14:28:41+03,2025-12-02 16:20:37+03,Неисправен
3880,334724,234,2025-12-02 14:28:41+03,2025-12-02 16:21:33+03,Неисправен
4545,334725,234,2025-12-02 14:28:41+03,2025-12-02 16:21:35+03,Неисправен
5309,334726,235,2025-12-02 14:28:41+03,2025-12-02 16:21:35+03,Неисправен
6057,334727,236,2025-12-02 14:28:41+03,2025-12-02 16:21:35+03,Неисправен
6826,334728,237,2025-12-02 14:28:41+03,2025-12-02 16:21:35+03,Неисправен
7541,334729,238,2025-12-02 14:28:41+03,2025-12-02 16:21:35+03,Неисправен
8265,334730,239,2025-12-02 14:28:41+03,2025-12-02 16:21:35+03,Неисправен
8917,334731,239,2025-12-02 14:28:41+03,2025-12-02 16:21:35+03,Неисправен
9697,334732,239,2025-12-02 14:28:41+03,2025-12-02 16:21:35+03,Неисправен
10604,334733,240,2025-12-02 14:28:41+03,2025-12-02 16:21:36+03,Неисправен
11391,334734,240,2025-12-02 14:28:41+03,2025-12-02 16:21:36+03,Неисправен
12134,334735,240,2025-12-02 14:28:41+03,2025-12-02 16:21:36+03,Неисправен
759,334736,240,2025-12-02 14:28:41+03,2025-12-02 16:21:36+03,Неисправен
1561,334737,240,2025-12-02 14:28:41+03,2025-12-02 16:21:36+03,Неисправен
2328,334738,240,2025-12-02 14:28:41+03,2025-12-02 16:21:36+03,Неисправен
3176,334739,240,2025-12-02 14:28:41+03,2025-12-02 16:21:36+03,Неисправен
3885,334740,240,2025-12-02 14:28:41+03,2025-12-02 16:21:38+03,Неисправен
4548,334741,240,2025-12-02 14:28:41+03,2025-12-02 16:21:38+03,Неисправен
5312,334742,223,2025-12-02 14:28:41+03,2025-12-02 16:20:37+03,Неисправен
1556,334705,232,2025-12-02 14:57:11+03,2025-12-02 16:22:21+03,Неисправен
4550,334757,246,2025-12-02 22:29:19+03,2025-12-03 00:52:33+03,Неисправен
3867,334484,119,2025-12-03 09:51:20+03,2025-12-03 13:46:33+03,Неисправен
4539,334485,119,2025-12-03 09:51:20+03,2025-12-03 14:35:45+03,Неисправен
5301,334486,119,2025-12-03 09:51:20+03,2025-12-03 14:35:45+03,Неисправен
6034,334487,119,2025-12-03 09:51:20+03,2025-12-03 14:35:45+03,Неисправен
6816,334488,119,2025-12-03 09:51:20+03,2025-12-07 23:19:19+03,Неисправен
4411,230533,1831,2025-12-03 11:16:10+03,2025-12-04 09:26:24+03,Неисправен
616,230528,1826,2025-12-03 11:17:48+03,2025-12-04 09:32:34+03,Неисправен
1930,228994,2026,2025-12-03 12:29:50+03,2025-12-03 15:43:50+03,Неисправен
4913,228998,2028,2025-12-03 12:31:28+03,2025-12-03 15:43:50+03,Неисправен
11186,230478,1757,2025-12-04 08:35:24+03,2025-12-04 09:58:20+03,Неисправен
1381,230433,2013,2025-12-04 08:44:50+03,2025-12-04 09:58:20+03,Неисправен
11939,230383,2008,2025-12-04 08:57:42+03,2025-12-04 10:03:44+03,Неисправен
3005,230403,1963,2025-12-04 08:57:42+03,2025-12-04 10:41:43+03,Неисправен
5145,230438,2015,2025-12-04 09:08:55+03,2025-12-04 10:41:44+03,Неисправен
11944,230463,1743,2025-12-04 09:14:31+03,2025-12-04 10:41:44+03,Неисправен
2169,230418,1983,2025-12-04 09:15:09+03,2025-12-04 10:41:43+03,Неисправен
7335,230473,1745,2025-12-04 09:19:50+03,2025-12-04 10:41:44+03,Неисправен
8728,230443,2015,2025-12-04 09:27:04+03,2025-12-04 10:41:44+03,Неисправен
6068,77544,,2025-12-04 10:21:47+03,2025-12-04 14:58:45+03,Неисправен
1382,230433,2013,2025-12-04 10:29:49+03,2025-12-04 11:45:12+03,Неисправен
5150,230518,1809,2025-12-04 11:01:33+03,2025-12-04 12:40:38+03,Неисправен
8734,230523,1814,2025-12-04 11:01:33+03,2025-12-04 12:40:38+03,Неисправен
11381,334190,341,2025-12-04 11:21:21+03,2025-12-04 12:38:28+03,Неисправен
12119,334191,346,2025-12-04 11:21:21+03,2025-12-04 12:38:30+03,Неисправен
737,334192,347,2025-12-04 11:21:21+03,2025-12-04 12:38:33+03,Неисправен
6808,333688,158,2025-12-04 12:21:22+03,2025-12-04 13:36:20+03,Неисправен
12102,330431,58,2025-12-04 13:18:34+03,2025-12-04 14:46:36+03,Неисправен
2170,230418,1983,2025-12-04 13:26:08+03,2025-12-04 14:40:56+03,Неисправен
5146,230438,2015,2025-12-04 13:26:09+03,2025-12-04 16:51:52+03,Неисправен
608,230448,2027,2025-12-04 13:26:09+03,2025-12-04 16:40:28+03,Неисправен
4405,230453,2029,2025-12-04 13:26:09+03,2025-12-04 19:13:24+03,Неисправен
11945,230463,1743,2025-12-04 13:26:09+03,2025-12-04 15:40:12+03,Неисправен
3712,230468,1744,2025-12-04 13:26:10+03,2025-12-04 17:38:46+03,Неисправен
7336,230473,1745,2025-12-04 13:26:10+03,2025-12-04 15:08:38+03,Неисправен
11187,230478,1757,2025-12-04 13:26:10+03,2025-12-04 15:42:12+03,Неисправен
3011,230483,1760,2025-12-04 13:26:10+03,2025-12-04 22:11:01+03,Неисправен
6598,230488,1770,2025-12-04 13:26:10+03,2025-12-04 22:11:01+03,Неисправен
10407,230493,1776,2025-12-04 13:26:10+03,2025-12-04 22:11:02+03,Неисправен
2175,230498,1776,2025-12-04 13:26:10+03,2025-12-04 22:11:02+03,Неисправен
5830,230503,1786,2025-12-04 13:26:10+03,2025-12-04 22:11:02+03,Неисправен
9429,230508,1789,2025-12-04 13:26:10+03,2025-12-04 22:11:02+03,Неисправен
1388,230513,1797,2025-12-04 13:26:10+03,2025-12-04 22:11:02+03,Неисправен
5151,230518,1809,2025-12-04 13:26:10+03,2025-12-04 22:11:03+03,Неисправен
8735,230523,1814,2025-12-04 13:26:10+03,2025-12-04 22:11:03+03,Неисправен
3006,230403,1963,2025-12-04 14:04:06+03,2025-12-04 18:21:42+03,Неисправен
1383,230433,2013,2025-12-04 14:05:28+03,2025-12-04 15:26:54+03,Неисправен
6593,230408,1967,2025-12-04 14:05:39+03,2025-12-04 16:29:42+03,Неисправен
9422,230428,1999,2025-12-04 14:06:41+03,2025-12-04 15:40:12+03,Неисправен
8729,230443,2015,2025-12-04 14:13:43+03,2025-12-04 16:04:26+03,Неисправен
11940,230383,2008,2025-12-04 14:17:28+03,2025-12-04 15:40:12+03,Неисправен
11180,230398,1895,2025-12-04 14:23:31+03,2025-12-04 15:50:22+03,Неисправен
8045,230458,1730,2025-12-04 14:24:36+03,2025-12-04 19:33:26+03,Неисправен
8039,230378,1728,2025-12-04 14:40:22+03,2025-12-04 15:41:12+03,Неисправен
2171,230418,1983,2025-12-04 14:41:16+03,2025-12-04 17:17:58+03,Неисправен
12103,330431,58,2025-12-04 14:47:18+03,2025-12-06 09:13:26+03,Неисправен
7337,230473,1745,2025-12-04 15:22:01+03,2025-12-04 17:09:08+03,Неисправен
9423,230428,1999,2025-12-04 15:41:34+03,2025-12-04 16:54:38+03,Неисправен
11181,230398,1895,2025-12-04 16:09:52+03,2025-12-04 17:14:46+03,Неисправен
617,230528,1826,2025-12-04 16:14:45+03,2025-12-04 22:11:03+03,Неисправен
10403,230413,1980,2025-12-04 16:15:23+03,2025-12-04 17:35:46+03,Неисправен
11946,230463,1743,2025-12-04 16:15:24+03,2025-12-04 18:03:14+03,Неисправен
1384,230433,2013,2025-12-04 16:27:12+03,2025-12-04 17:37:26+03,Неисправен
6594,230408,1967,2025-12-04 16:30:13+03,2025-12-04 17:47:38+03,Неисправен
609,230448,2027,2025-12-04 16:40:57+03,2025-12-04 18:12:20+03,Неисправен
9424,230428,1999,2025-12-04 16:55:12+03,2025-12-04 18:12:48+03,Неисправен
11188,230478,1757,2025-12-04 17:24:47+03,2025-12-04 18:32:26+03,Неисправен
3713,230468,1744,2025-12-04 17:39:05+03,2025-12-04 21:47:06+03,Неисправен
610,230448,2027,2025-12-04 18:12:56+03,2025-12-04 19:13:24+03,Неисправен
11947,230463,1743,2025-12-04 18:26:15+03,2025-12-04 20:27:00+03,Неисправен
8051,230538,1842,2025-12-04 18:31:06+03,2025-12-04 22:11:03+03,Неисправен
4412,230533,1831,2025-12-04 18:32:42+03,2025-12-04 22:11:03+03,Неисправен
11952,230543,1846,2025-12-04 18:32:42+03,2025-12-04 21:50:20+03,Неисправен
3718,230548,1849,2025-12-04 18:32:43+03,2025-12-04 21:32:06+03,Неисправен
7341,230553,1858,2025-12-04 18:32:43+03,2025-12-04 21:35:54+03,Неисправен
3015,230563,1864,2025-12-04 18:32:44+03,2025-12-04 20:08:52+03,Неисправен
6602,230568,1870,2025-12-04 18:32:44+03,2025-12-04 20:08:52+03,Неисправен
10411,230573,1875,2025-12-04 18:32:44+03,2025-12-04 20:08:52+03,Неисправен
2178,230578,1878,2025-12-04 18:32:44+03,2025-12-04 20:08:52+03,Неисправен
5834,230583,1886,2025-12-04 18:32:45+03,2025-12-04 20:08:52+03,Неисправен
9434,230588,1891,2025-12-04 18:32:45+03,2025-12-04 20:08:52+03,Неисправен
1393,230593,1893,2025-12-04 18:32:45+03,2025-12-04 20:08:52+03,Неисправен
5156,230598,1899,2025-12-04 18:32:46+03,2025-12-04 20:08:52+03,Неисправен
8740,230603,1908,2025-12-04 18:32:46+03,2025-12-04 20:08:52+03,Неисправен
622,230608,1911,2025-12-04 18:32:46+03,2025-12-04 20:08:52+03,Неисправен
4416,230613,1915,2025-12-04 18:32:47+03,2025-12-04 20:08:52+03,Неисправен
11956,230623,1925,2025-12-04 18:32:47+03,2025-12-04 20:08:52+03,Неисправен
3722,230628,1931,2025-12-04 18:32:48+03,2025-12-04 20:08:52+03,Неисправен
7345,230633,1940,2025-12-04 18:32:48+03,2025-12-04 20:08:52+03,Неисправен
7350,230649,1947,2025-12-04 18:32:48+03,2025-12-04 20:08:52+03,Неисправен
8744,230651,1953,2025-12-04 18:32:49+03,2025-12-04 20:08:52+03,Неисправен
3007,230403,1963,2025-12-04 19:06:56+03,2025-12-04 21:32:34+03,Неисправен
611,230448,2027,2025-12-04 19:13:51+03,2025-12-04 22:11:00+03,Неисправен
4406,230453,2029,2025-12-04 19:13:51+03,2025-12-04 22:11:00+03,Неисправен
8046,230458,1730,2025-12-04 19:33:55+03,2025-12-04 22:11:00+03,Неисправен
9425,230428,1999,2025-12-04 19:46:20+03,2025-12-04 21:16:36+03,Неисправен
8040,230378,1728,2025-12-04 20:05:34+03,2025-12-04 21:05:44+03,Неисправен
11182,230398,1895,2025-12-04 20:09:41+03,2025-12-04 21:21:22+03,Неисправен
8730,230443,2015,2025-12-04 20:14:28+03,2025-12-04 22:11:00+03,Неисправен
7338,230473,1745,2025-12-04 20:17:39+03,2025-12-04 21:23:58+03,Неисправен
11948,230463,1743,2025-12-04 20:27:21+03,2025-12-04 21:29:10+03,Неисправен
2179,230578,1878,2025-12-04 21:09:28+03,2025-12-04 22:11:04+03,Неисправен
9435,230588,1891,2025-12-04 21:09:28+03,2025-12-04 22:11:04+03,Неисправен
1394,230593,1893,2025-12-04 21:09:29+03,2025-12-04 22:11:05+03,Неисправен
7346,230633,1940,2025-12-04 21:09:30+03,2025-12-04 22:11:06+03,Неисправен
5837,230647,1942,2025-12-04 21:09:31+03,2025-12-04 22:11:07+03,Неисправен
8052,230538,1842,2025-12-04 22:22:21+03,2025-12-05 00:09:44+03,Неисправен
2180,230578,1878,2025-12-04 22:22:50+03,2025-12-05 00:10:03+03,Неисправен
9436,230588,1891,2025-12-04 22:28:30+03,2025-12-04 23:57:12+03,Неисправен
9430,230508,1789,2025-12-04 22:58:21+03,2025-12-05 00:09:42+03,Неисправен
1389,230513,1797,2025-12-04 22:58:21+03,2025-12-05 00:09:43+03,Неисправен
5152,230518,1809,2025-12-04 22:58:21+03,2025-12-05 00:09:43+03,Неисправен
8736,230523,1814,2025-12-04 22:58:21+03,2025-12-05 00:09:43+03,Неисправен
618,230528,1826,2025-12-04 22:58:22+03,2025-12-05 00:09:44+03,Неисправен
623,230608,1911,2025-12-04 22:59:01+03,2025-12-05 00:10:06+03,Неисправен
4417,230613,1915,2025-12-04 22:59:01+03,2025-12-05 00:10:06+03,Неисправен
7347,230633,1940,2025-12-04 22:59:16+03,2025-12-05 00:10:09+03,Неисправен
8047,230458,1730,2025-12-05 01:02:44+03,2025-12-05 03:28:02+03,Неисправен
3714,230468,1744,2025-12-05 01:02:45+03,2025-12-05 02:09:26+03,Неисправен
3012,230483,1760,2025-12-05 01:02:45+03,2025-12-05 03:28:03+03,Неисправен
6599,230488,1770,2025-12-05 01:02:45+03,2025-12-05 02:51:12+03,Неисправен
10408,230493,1776,2025-12-05 01:02:46+03,2025-12-05 02:02:58+03,Неисправен
5831,230503,1786,2025-12-05 01:02:46+03,2025-12-05 03:28:04+03,Неисправен
9431,230508,1789,2025-12-05 01:02:46+03,2025-12-05 03:28:09+03,Неисправен
1390,230513,1797,2025-12-05 01:02:46+03,2025-12-05 03:28:09+03,Неисправен
5153,230518,1809,2025-12-05 01:02:46+03,2025-12-05 03:28:10+03,Неисправен
8737,230523,1814,2025-12-05 01:25:25+03,2025-12-05 02:40:38+03,Неисправен
619,230528,1826,2025-12-05 01:50:27+03,2025-12-05 03:28:10+03,Неисправен
4413,230533,1831,2025-12-05 01:50:27+03,2025-12-05 03:28:10+03,Неисправен
11953,230543,1846,2025-12-05 01:50:27+03,2025-12-05 03:28:11+03,Неисправен
8053,230538,1842,2025-12-05 01:50:29+03,2025-12-05 03:28:11+03,Неисправен
3719,230548,1849,2025-12-05 01:50:29+03,2025-12-05 03:28:11+03,Неисправен
7342,230553,1858,2025-12-05 01:50:29+03,2025-12-05 03:28:11+03,Неисправен
5849,230903,1846,2025-12-05 01:51:23+03,2025-12-05 03:34:34+03,Неисправен
7357,230905,1857,2025-12-05 01:51:23+03,2025-12-05 03:20:19+03,Неисправен
8057,230906,1857,2025-12-05 01:51:23+03,2025-12-05 03:20:19+03,Неисправен
8750,230907,1857,2025-12-05 01:51:23+03,2025-12-05 03:20:20+03,Неисправен
612,230448,2027,2025-12-05 01:53:01+03,2025-12-05 03:28:02+03,Неисправен
6582,229624,1811,2025-12-05 01:53:53+03,2025-12-05 03:34:48+03,Неисправен
3026,230947,1924,2025-12-05 02:04:35+03,2025-12-05 03:34:32+03,Неисправен
9486,230908,1859,2025-12-05 02:06:32+03,2025-12-05 03:34:34+03,Неисправен
1395,230593,1893,2025-12-05 02:06:36+03,2025-12-05 03:28:12+03,Неисправен
3715,230468,1744,2025-12-05 02:10:02+03,2025-12-05 03:28:03+03,Неисправен
8062,230938,1892,2025-12-05 02:16:17+03,2025-12-05 03:34:32+03,Неисправен
628,230944,1914,2025-12-05 02:19:45+03,2025-12-05 03:21:30+03,Неисправен
1397,230945,1914,2025-12-05 02:19:45+03,2025-12-05 03:21:30+03,Неисправен
11949,230463,1743,2025-12-05 02:21:02+03,2025-12-05 03:28:03+03,Неисправен
11957,230623,1925,2025-12-05 02:23:20+03,2025-12-05 03:28:13+03,Неисправен
8741,230603,1908,2025-12-05 02:26:42+03,2025-12-05 03:28:13+03,Неисправен
4407,230453,2029,2025-12-05 02:27:38+03,2025-12-05 03:28:02+03,Неисправен
8041,230378,1728,2025-12-05 03:28:03+03,2025-12-05 07:28:22+03,Неисправен
8042,230378,1728,2025-12-05 07:34:17+03,2025-12-05 13:12:49+03,Неисправен
11941,230383,2008,2025-12-05 07:34:17+03,2025-12-09 09:48:16+03,Неисправен
3709,230388,1729,2025-12-05 07:34:17+03,2025-12-09 09:49:18+03,Неисправен
7329,230393,1873,2025-12-05 07:34:18+03,2025-12-06 02:28:19+03,Неисправен
11183,230398,1895,2025-12-05 07:34:18+03,2025-12-09 09:53:34+03,Неисправен
3008,230403,1963,2025-12-05 07:34:18+03,2025-12-09 09:56:54+03,Неисправен
6595,230408,1967,2025-12-05 07:34:18+03,2025-12-09 09:58:26+03,Неисправен
10404,230413,1980,2025-12-05 07:34:19+03,2025-12-09 10:01:24+03,Неисправен
2172,230418,1983,2025-12-05 07:34:19+03,2025-12-09 10:03:20+03,Неисправен
5827,230423,1996,2025-12-05 07:34:19+03,2025-12-09 10:06:26+03,Неисправен
9426,230428,1999,2025-12-05 07:34:19+03,2025-12-09 10:08:08+03,Неисправен
1385,230433,2013,2025-12-05 07:34:20+03,2025-12-09 10:11:08+03,Неисправен
5147,230438,2015,2025-12-05 07:34:20+03,2025-12-09 10:12:56+03,Неисправен
8731,230443,2015,2025-12-05 07:34:20+03,2025-12-09 10:13:34+03,Неисправен
613,230448,2027,2025-12-05 07:34:20+03,2025-12-09 10:17:26+03,Неисправен
4408,230453,2029,2025-12-05 07:34:21+03,2025-12-09 10:19:36+03,Неисправен
8048,230458,1730,2025-12-05 07:34:21+03,2025-12-09 10:21:46+03,Неисправен
11950,230463,1743,2025-12-05 07:34:21+03,2025-12-09 10:28:40+03,Неисправен
3716,230468,1744,2025-12-05 07:34:21+03,2025-12-09 10:30:10+03,Неисправен
7339,230473,1745,2025-12-05 07:34:21+03,2025-12-09 10:30:58+03,Неисправен
11189,230478,1757,2025-12-05 07:34:21+03,2025-12-09 10:34:24+03,Неисправен
3013,230483,1760,2025-12-05 07:34:22+03,2025-12-09 10:35:54+03,Неисправен
6600,230488,1770,2025-12-05 07:34:22+03,2025-12-09 10:38:24+03,Неисправен
10409,230493,1776,2025-12-05 07:34:22+03,2025-12-09 10:40:14+03,Неисправен
2176,230498,1776,2025-12-05 07:34:22+03,2025-12-09 10:45:00+03,Неисправен
5832,230503,1786,2025-12-05 07:34:22+03,2025-12-09 10:49:00+03,Неисправен
9432,230508,1789,2025-12-05 07:34:22+03,2025-12-09 10:50:22+03,Неисправен
1391,230513,1797,2025-12-05 07:34:22+03,2025-12-09 10:52:32+03,Неисправен
5154,230518,1809,2025-12-05 07:34:22+03,2025-12-09 10:55:12+03,Неисправен
8738,230523,1814,2025-12-05 07:34:23+03,2025-12-09 10:57:26+03,Неисправен
620,230528,1826,2025-12-05 07:34:23+03,2025-12-09 09:16:10+03,Неисправен
4414,230533,1831,2025-12-05 07:34:23+03,2025-12-09 09:18:26+03,Неисправен
8054,230538,1842,2025-12-05 07:34:23+03,2025-12-09 09:20:46+03,Неисправен
11954,230543,1846,2025-12-05 07:34:23+03,2025-12-09 09:22:40+03,Неисправен
3720,230548,1849,2025-12-05 07:34:23+03,2025-12-09 09:24:34+03,Неисправен
7343,230553,1858,2025-12-05 07:34:23+03,2025-12-09 09:26:32+03,Неисправен
11191,230558,1860,2025-12-05 07:34:23+03,2025-12-05 13:00:58+03,Неисправен
3016,230563,1864,2025-12-05 07:34:23+03,2025-12-05 13:00:58+03,Неисправен
6603,230568,1870,2025-12-05 07:34:24+03,2025-12-09 09:31:06+03,Неисправен
10412,230573,1875,2025-12-05 07:34:24+03,2025-12-09 09:32:56+03,Неисправен
2181,230578,1878,2025-12-05 07:34:24+03,2025-12-09 09:38:34+03,Неисправен
5835,230583,1886,2025-12-05 07:34:24+03,2025-12-09 09:40:16+03,Неисправен
9437,230588,1891,2025-12-05 07:34:25+03,2025-12-09 09:41:56+03,Неисправен
1396,230593,1893,2025-12-05 07:34:25+03,2025-12-09 09:43:42+03,Неисправен
5157,230598,1899,2025-12-05 07:34:25+03,2025-12-09 09:45:08+03,Неисправен
8742,230603,1908,2025-12-05 07:34:25+03,2025-12-09 09:47:04+03,Неисправен
624,230608,1911,2025-12-05 07:34:26+03,2025-12-09 09:49:58+03,Неисправен
4418,230613,1915,2025-12-05 07:34:26+03,2025-12-09 09:51:44+03,Неисправен
8056,230618,1923,2025-12-05 07:34:26+03,2025-12-09 09:53:38+03,Неисправен
11958,230623,1925,2025-12-05 07:34:26+03,2025-12-09 09:54:54+03,Неисправен
3723,230628,1931,2025-12-05 07:34:27+03,2025-12-09 09:56:10+03,Неисправен
7348,230633,1940,2025-12-05 07:34:27+03,2025-12-09 09:58:00+03,Неисправен
5838,230647,1942,2025-12-05 07:34:27+03,2025-12-09 09:59:22+03,Неисправен
7351,230649,1947,2025-12-05 07:34:27+03,2025-12-09 10:00:50+03,Неисправен
8745,230651,1953,2025-12-05 07:34:28+03,2025-12-09 10:02:26+03,Неисправен
7504,333705,158,2025-12-05 10:13:06+03,2025-12-05 18:06:26+03,Неисправен
8248,333706,158,2025-12-05 10:13:07+03,2025-12-05 18:06:26+03,Неисправен
3161,333507,264,2025-12-05 11:48:28+03,2025-12-05 13:07:47+03,Неисправен
11192,230558,1860,2025-12-05 13:01:00+03,2025-12-09 09:28:02+03,Неисправен
3017,230563,1864,2025-12-05 13:01:00+03,2025-12-09 09:29:22+03,Неисправен
733,333424,308,2025-12-05 14:01:12+03,2025-12-05 15:21:10+03,Неисправен
4535,333477,264,2025-12-05 14:02:32+03,2025-12-09 08:24:04+03,Неисправен
8243,333482,264,2025-12-05 14:02:33+03,2025-12-10 12:07:54+03,Неисправен
734,333488,264,2025-12-05 14:02:34+03,2025-12-10 12:08:46+03,Неисправен
5299,333494,264,2025-12-05 14:02:36+03,2025-12-08 10:58:33+03,Неисправен
9684,333500,264,2025-12-05 14:02:37+03,2025-12-10 12:08:52+03,Неисправен
3162,333507,264,2025-12-05 14:02:38+03,2025-12-10 12:07:39+03,Неисправен
6786,333512,264,2025-12-05 14:02:41+03,2025-12-10 12:07:39+03,Неисправен
7500,333513,264,2025-12-05 14:02:41+03,2025-12-10 12:07:40+03,Неисправен
8956,94844,591,2025-12-05 17:48:33+03,2025-12-05 19:13:47+03,Неисправен
7505,333705,158,2025-12-05 18:06:26+03,2025-12-08 10:14:14+03,Неисправен
8249,333706,158,2025-12-05 18:06:26+03,2025-12-08 10:14:14+03,Неисправен
6788,333544,264,2025-12-06 08:48:19+03,2025-12-07 22:13:28+03,Неисправен
6008,333543,264,2025-12-06 08:48:36+03,2025-12-07 22:13:28+03,Неисправен
7330,230393,1873,2025-12-07 13:49:26+03,2025-12-07 23:18:35+03,Неисправен
6009,333543,264,2025-12-07 22:13:28+03,2025-12-08 13:54:15+03,Неисправен
6789,333544,264,2025-12-07 22:13:28+03,2025-12-08 13:54:15+03,Неисправен
7331,230393,1873,2025-12-07 23:28:00+03,2025-12-08 01:26:32+03,Неисправен
6817,334488,119,2025-12-07 23:30:06+03,2025-12-08 13:24:15+03,Неисправен
7332,230393,1873,2025-12-08 01:31:11+03,2025-12-08 03:15:41+03,Неисправен
8250,333706,158,2025-12-08 10:14:18+03,2025-12-10 09:13:42+03,Неисправен
7506,333705,158,2025-12-08 10:14:20+03,2025-12-10 09:13:40+03,Неисправен
6666,236792,2074,2025-12-08 10:20:18+03,2025-12-09 07:54:14+03,Неисправен
3180,334755,244,2025-12-08 11:00:00+03,2025-12-08 12:02:46+03,Неисправен
3157,333411,270,2025-12-08 11:08:21+03,2025-12-08 13:52:01+03,Неисправен
9680,333420,287,2025-12-08 11:08:21+03,2025-12-08 13:52:03+03,Неисправен
3839,333428,308,2025-12-08 11:08:21+03,2025-12-08 13:52:05+03,Неисправен
5296,333446,67,2025-12-08 11:08:23+03,2025-12-08 13:52:11+03,Неисправен
12113,333455,68,2025-12-08 11:08:23+03,2025-12-08 13:52:13+03,Неисправен
5987,333463,169,2025-12-08 11:08:23+03,2025-12-08 13:52:15+03,Неисправен
2313,333554,265,2025-12-08 11:08:23+03,2025-12-08 13:53:03+03,Неисправен
8244,333562,266,2025-12-08 11:08:23+03,2025-12-08 13:53:06+03,Неисправен
2316,333570,311,2025-12-08 11:08:23+03,2025-12-08 13:53:08+03,Неисправен
8902,333579,347,2025-12-08 11:08:23+03,2025-12-08 13:53:11+03,Неисправен
6025,333591,364,2025-12-08 11:08:23+03,2025-12-08 13:53:16+03,Неисправен
12116,333599,382,2025-12-08 11:08:23+03,2025-12-08 13:53:19+03,Неисправен
3158,333411,270,2025-12-08 13:52:01+03,2025-12-10 12:00:43+03,Неисправен
9681,333420,287,2025-12-08 13:52:03+03,2025-12-10 12:00:43+03,Неисправен
3840,333428,308,2025-12-08 13:52:05+03,2025-12-10 12:00:43+03,Неисправен
5297,333446,67,2025-12-08 13:52:11+03,2025-12-10 12:01:25+03,Неисправен
12114,333455,68,2025-12-08 13:52:13+03,2025-12-10 12:01:22+03,Неисправен
5988,333463,169,2025-12-08 13:52:15+03,2025-12-10 11:54:44+03,Неисправен
8245,333562,266,2025-12-08 13:53:06+03,2025-12-10 11:54:44+03,Неисправен
2317,333570,311,2025-12-08 13:53:08+03,2025-12-10 12:01:22+03,Неисправен
8903,333579,347,2025-12-08 13:53:11+03,2025-12-10 12:01:24+03,Неисправен
6026,333591,364,2025-12-08 13:53:16+03,2025-12-10 12:01:25+03,Неисправен
12117,333599,382,2025-12-08 13:53:19+03,2025-12-10 12:01:21+03,Неисправен
6010,333543,264,2025-12-08 13:54:15+03,2025-12-10 12:07:05+03,Неисправен
6790,333544,264,2025-12-08 13:54:15+03,2025-12-11 10:06:17+03,Неисправен
1439,268881,,2025-12-08 18:04:18+03,2025-12-08 21:15:25+03,Много неисправных устройств
4536,333477,264,2025-12-09 08:24:05+03,2025-12-10 12:07:51+03,Неисправен
2314,333554,265,2025-12-09 09:44:53+03,2025-12-10 12:01:19+03,Неисправен
5201,277894,2314,2025-12-09 10:31:42+03,2025-12-09 12:35:32+03,Неисправен
6787,333512,264,2025-12-10 12:09:31+03,2025-12-10 13:54:16+03,Неисправен
5298,333446,67,2025-12-10 16:01:29+03,2025-12-11 08:38:45+03,Неисправен
12115,333455,68,2025-12-10 16:01:29+03,2025-12-11 08:35:11+03,Неисправен
6011,333543,264,2025-12-10 16:01:42+03,2025-12-11 08:37:51+03,Неисправен
12111,333407,270,2025-12-10 16:22:23+03,2025-12-10 18:01:22+03,Неисправен
8252,334186,324,2025-12-10 16:27:55+03,2025-12-10 18:32:47+03,Неисправен
743,334224,331,2025-12-10 16:27:56+03,2025-12-10 18:32:47+03,Неисправен
6028,334183,311,2025-12-10 16:58:35+03,2025-12-10 18:32:47+03,Неисправен
738,334192,347,2025-12-10 17:00:30+03,2025-12-10 18:32:47+03,Неисправен
12112,333407,270,2025-12-10 18:27:50+03,2025-12-10 20:33:21+03,Неисправен
6029,334183,311,2025-12-10 18:35:57+03,2025-12-11 09:21:53+03,Неисправен
8253,334186,324,2025-12-10 18:35:57+03,2025-12-11 09:26:31+03,Неисправен
739,334192,347,2025-12-10 18:35:57+03,2025-12-11 09:36:18+03,Неисправен
744,334224,331,2025-12-10 18:35:58+03,2025-12-11 09:23:08+03,Неисправен
7543,334761,250,2025-12-10 23:48:56+03,2025-12-11 01:00:03+03,Неисправен
6791,333544,264,2025-12-11 10:11:24+03,2025-12-11 18:19:15+03,Неисправен
9828,120285,,2025-12-11 14:53:24+03,2025-12-11 16:44:07+03,Много неисправных устройств
3226,120116,,2025-12-11 15:35:15+03,2025-12-11 16:38:31+03,Много неисправных устройств
3952,120117,,2025-12-11 15:35:15+03,2025-12-11 16:58:59+03,Много неисправных устройств
9829,120285,,2025-12-11 16:44:07+03,2025-12-11 17:46:40+03,Много неисправных устройств
3227,120116,,2025-12-11 17:51:35+03,2025-12-11 22:03:24+03,Много неисправных устройств
3953,120117,,2025-12-11 17:51:35+03,2025-12-11 20:12:01+03,Много неисправных устройств
4636,120118,,2025-12-11 17:51:35+03,2025-12-11 22:03:24+03,Много неисправных устройств
9830,120285,,2025-12-11 17:51:36+03,2025-12-11 22:03:24+03,Много неисправных устройств
6792,333544,264,2025-12-11 18:26:27+03,2025-12-12 14:40:34+03,Неисправен
3306,196820,,2025-12-12 08:31:51+03,2025-12-12 13:45:08+03,Много неисправных устройств
5508,196823,,2025-12-12 08:31:51+03,2025-12-12 13:45:09+03,Много неисправных устройств
6227,196824,,2025-12-12 08:31:51+03,2025-12-12 13:45:09+03,Много неисправных устройств
3228,120116,,2025-12-12 09:12:10+03,2025-12-12 14:37:21+03,Много неисправных устройств
3954,120117,,2025-12-12 09:12:10+03,2025-12-12 14:37:21+03,Много неисправных устройств
4637,120118,,2025-12-12 09:12:10+03,2025-12-12 14:37:21+03,Много неисправных устройств
9831,120285,,2025-12-12 09:12:10+03,2025-12-12 14:37:22+03,Много неисправных устройств
4537,333525,264,2025-12-12 11:18:45+03,2025-12-12 12:19:28+03,Неисправен
6793,333544,264,2025-12-12 14:42:21+03,2026-01-14 20:03:55+03,Неисправен
12124,334463,119,2025-12-12 15:32:13+03,2025-12-13 15:42:42+03,Неисправен
5521,197031,,2025-12-12 17:11:23+03,2025-12-12 20:24:03+03,Неисправен
3307,196820,,2025-12-13 01:28:23+03,2025-12-13 03:15:26+03,Много неисправных устройств
5509,196823,,2025-12-13 01:28:23+03,2025-12-13 03:15:26+03,Много неисправных устройств
6228,196824,,2025-12-13 01:28:23+03,2025-12-13 03:12:01+03,Много неисправных устройств
12125,334463,119,2025-12-13 15:43:37+03,2025-12-13 18:24:10+03,Неисправен
2315,333554,265,2025-12-13 17:23:38+03,2025-12-13 19:53:00+03,Неисправен
6012,333543,264,2025-12-13 17:23:39+03,2025-12-13 19:49:43+03,Неисправен
8246,333562,266,2025-12-13 17:23:39+03,2025-12-13 19:53:00+03,Неисправен
12126,334463,119,2025-12-13 18:44:03+03,2025-12-13 21:17:54+03,Неисправен
6013,333543,264,2025-12-13 19:49:46+03,2025-12-15 01:24:40+03,Неисправен
12127,334463,119,2025-12-13 21:18:37+03,2025-12-14 03:41:59+03,Неисправен
12128,334463,119,2025-12-14 03:42:38+03,2025-12-14 15:30:48+03,Неисправен
7714,222042,565,2025-12-15 04:49:22+03,2025-12-15 07:37:22+03,Неисправен
3866,334388,90,2025-12-15 10:08:01+03,2025-12-15 11:45:43+03,Неисправен
3863,334308,382,2025-12-16 18:03:28+03,2025-12-16 20:12:19+03,Неисправен
3864,334308,382,2025-12-16 21:30:54+03,2025-12-16 22:32:49+03,Неисправен
3865,334308,382,2025-12-16 22:34:00+03,2025-12-16 23:34:25+03,Неисправен
4447,278565,2429,2025-12-17 12:08:50+03,2025-12-17 15:56:08+03,Неисправен
6667,236792,2074,2025-12-17 21:42:34+03,2025-12-18 08:06:12+03,Неисправен
6069,77544,,2025-12-18 10:21:06+03,2025-12-18 13:29:35+03,Неисправен
3316,212852,1519,2025-12-18 15:48:44+03,2025-12-18 19:47:24+03,Неисправен
11531,212895,1519,2025-12-18 15:48:44+03,2025-12-18 19:42:36+03,Неисправен
979,171537,,2025-12-22 12:07:42+03,2025-12-22 13:15:39+03,Неисправен
6185,171544,,2025-12-22 12:07:42+03,2025-12-22 13:16:01+03,Неисправен
10746,171550,,2025-12-22 12:07:42+03,2025-12-22 13:16:31+03,Неисправен
193,196464,,2025-12-23 12:45:42+03,2025-12-23 13:55:20+03,Неисправен
10601,334717,228,2025-12-24 23:15:05+03,2025-12-25 16:44:32+03,Неисправен
5494,196487,,2025-12-26 08:25:54+03,2025-12-26 09:26:47+03,Неисправен
2606,212899,1519,2025-12-29 10:21:18+03,2025-12-29 12:27:09+03,Неисправен
3842,334292,369,2026-01-01 16:07:12+03,2026-01-01 17:36:05+03,Неисправен
3843,334292,369,2026-01-01 23:04:43+03,2026-01-02 00:47:36+03,Неисправен
3844,334292,369,2026-01-02 00:49:49+03,2026-01-02 02:33:40+03,Неисправен
3845,334292,369,2026-01-02 03:31:30+03,2026-01-02 05:12:15+03,Неисправен
3846,334292,369,2026-01-02 10:39:50+03,2026-01-02 14:31:37+03,Неисправен
3847,334292,369,2026-01-02 15:20:57+03,2026-01-02 16:46:42+03,Неисправен
3848,334292,369,2026-01-02 16:48:14+03,2026-01-02 20:10:26+03,Неисправен
3849,334292,369,2026-01-02 23:19:51+03,2026-01-03 03:30:53+03,Неисправен
3850,334292,369,2026-01-03 07:38:15+03,2026-01-03 08:56:18+03,Неисправен
884,135185,,2026-01-04 11:09:47+03,2026-01-04 13:34:05+03,Много неисправных устройств
3213,104020,876,2026-01-04 12:15:27+03,2026-01-04 13:27:14+03,Неисправен
3851,334292,369,2026-01-06 03:57:44+03,2026-01-06 05:57:49+03,Неисправен
8323,113979,,2026-01-06 17:33:04+03,2026-01-06 19:16:42+03,Много неисправных устройств
9030,178332,,2026-01-06 17:33:04+03,2026-01-06 19:16:42+03,Много неисправных устройств
2607,212899,1519,2026-01-08 21:07:38+03,2026-01-08 22:16:36+03,Неисправен
9476,230748,1727,2026-01-10 11:52:09+03,2026-01-10 13:04:28+03,Много неисправных устройств
10467,230749,,2026-01-10 11:52:09+03,2026-01-10 13:04:28+03,Много неисправных устройств
6643,231352,,2026-01-10 11:52:09+03,2026-01-10 13:04:28+03,Много неисправных устройств
11235,231422,1843,2026-01-10 11:52:10+03,2026-01-10 13:04:28+03,Много неисправных устройств
9477,230748,1727,2026-01-10 13:52:26+03,2026-01-12 16:26:43+03,Много неисправных устройств
10468,230749,,2026-01-10 13:52:26+03,2026-01-19 08:50:04+03,Много неисправных устройств
6644,231352,,2026-01-10 13:52:27+03,2026-01-13 17:00:44+03,Много неисправных устройств
11236,231422,1843,2026-01-10 13:52:27+03,2026-01-12 16:27:47+03,Много неисправных устройств
3852,334292,369,2026-01-11 23:41:25+03,2026-01-12 02:55:27+03,Неисправен
3853,334292,369,2026-01-12 02:56:43+03,2026-01-12 05:53:31+03,Неисправен
7715,222042,565,2026-01-12 04:49:34+03,2026-01-12 08:41:25+03,Неисправен
3854,334292,369,2026-01-12 06:46:00+03,2026-01-12 08:56:39+03,Неисправен
3855,334292,369,2026-01-12 08:57:32+03,2026-01-12 11:25:51+03,Неисправен
3856,334292,369,2026-01-12 11:33:13+03,2026-01-12 13:36:26+03,Неисправен
3857,334292,369,2026-01-12 14:38:03+03,2026-01-12 15:38:58+03,Неисправен
3858,334292,369,2026-01-12 21:07:06+03,2026-01-12 22:57:26+03,Неисправен
3859,334292,369,2026-01-13 01:33:11+03,2026-01-13 05:19:56+03,Неисправен
3860,334292,369,2026-01-13 06:15:48+03,2026-01-13 07:41:34+03,Неисправен
3861,334292,369,2026-01-14 03:02:39+03,2026-01-14 10:15:49+03,Неисправен
3862,334292,369,2026-01-14 10:20:18+03,2026-01-14 11:37:49+03,Неисправен
6794,333544,264,2026-01-14 20:06:25+03,2026-01-18 16:21:56+03,Неисправен
1440,268881,,2026-01-15 04:43:16+03,2026-01-15 05:56:29+03,Много неисправных устройств
3308,196820,,2026-01-16 13:02:28+03,2026-01-16 14:18:11+03,Много неисправных устройств
5510,196823,,2026-01-16 13:02:28+03,2026-01-16 14:18:11+03,Много неисправных устройств
6229,196824,,2026-01-16 13:02:28+03,2026-01-16 14:18:11+03,Много неисправных устройств
7404,284697,1355,2026-01-17 21:47:31+03,2026-01-17 23:48:05+03,Неисправен
7405,284697,1355,2026-01-17 23:48:07+03,2026-01-18 00:59:24+03,Неисправен
7406,284697,1355,2026-01-18 01:17:03+03,2026-01-18 08:33:42+03,Неисправен
885,135185,,2026-01-18 13:49:31+03,2026-01-18 16:13:07+03,Много неисправных устройств
10706,120254,401,2026-01-19 09:22:26+03,2026-01-19 10:33:25+03,Неисправен
969,154849,422,2026-01-19 09:23:11+03,2026-01-19 10:32:41+03,Неисправен
3974,120245,453,2026-01-19 09:24:05+03,2026-01-19 10:32:33+03,Неисправен
9818,120237,409,2026-01-19 09:25:01+03,2026-01-19 10:32:08+03,Неисправен
4660,120230,409,2026-01-19 09:27:29+03,2026-01-19 10:30:30+03,Неисправен
6913,120265,401,2026-01-19 09:27:29+03,2026-01-19 10:34:01+03,Неисправен
863,120257,401,2026-01-19 09:29:02+03,2026-01-19 10:33:32+03,Неисправен
163,154848,409,2026-01-19 09:29:02+03,2026-01-19 10:32:17+03,Неисправен
1726,154850,401,2026-01-19 09:29:02+03,2026-01-19 10:33:17+03,Неисправен
88,120512,461,2026-01-19 09:46:31+03,2026-01-19 10:54:45+03,Неисправен
1666,120242,453,2026-01-19 11:22:30+03,2026-01-19 13:00:40+03,Неисправен
970,154849,422,2026-01-19 11:22:30+03,2026-01-19 13:01:52+03,Неисправен
10510,269757,,2026-01-20 13:00:34+03,2026-01-20 14:33:51+03,Много неисправных устройств
5199,269766,2596,2026-01-20 13:00:35+03,2026-01-20 14:33:51+03,Много неисправных устройств
647,268928,2570,2026-01-20 16:23:13+03,2026-01-22 09:57:26+03,Неисправен
2213,268930,2570,2026-01-20 16:23:13+03,2026-01-22 09:57:26+03,Неисправен
9666,287900,3108,2026-01-21 09:55:24+03,2026-01-21 12:20:36+03,Неисправен
7716,222042,565,2026-01-26 04:49:37+03,2026-01-26 11:23:21+03,Неисправен
981,171569,,2026-01-28 19:31:25+03,2026-01-28 21:53:58+03,Неисправен
6684,277960,2415,2026-01-30 08:17:22+03,2026-01-30 13:26:32+03,Неисправен
4558,3126,498,2026-01-30 11:44:07+03,2026-01-30 14:29:54+03,Неисправен
5522,197031,,2026-02-01 11:57:33+03,2026-02-02 10:18:46+03,Неисправен
6205,193208,792,2026-02-02 10:37:40+03,2026-02-02 15:04:06+03,Неисправен
1752,193186,800,2026-02-02 10:44:00+03,2026-02-02 15:04:39+03,Неисправен
4724,193190,800,2026-02-02 10:44:00+03,2026-02-02 15:04:50+03,Неисправен
11491,193167,807,2026-02-02 10:50:18+03,2026-02-02 15:04:15+03,Неисправен
993,193169,807,2026-02-02 10:50:18+03,2026-02-02 15:04:27+03,Неисправен
187,193152,817,2026-02-02 10:57:07+03,2026-02-02 15:04:05+03,Неисправен
6196,193128,822,2026-02-02 11:05:31+03,2026-02-02 15:03:54+03,Неисправен
6987,193113,832,2026-02-02 11:15:45+03,2026-02-02 15:03:35+03,Неисправен
8362,193115,832,2026-02-02 11:15:45+03,2026-02-02 15:03:45+03,Неисправен
8370,193211,792,2026-02-02 11:27:10+03,2026-02-02 14:05:51+03,Неисправен
6245,213784,1682,2026-02-03 08:54:11+03,2026-02-03 14:37:17+03,Неисправен
11532,213359,1652,2026-02-03 08:54:16+03,2026-02-03 13:27:54+03,Неисправен
10824,213806,1591,2026-02-03 08:54:17+03,2026-02-03 13:27:46+03,Неисправен
7018,213785,1703,2026-02-03 08:55:14+03,2026-02-03 14:37:17+03,Неисправен
212,213360,1656,2026-02-03 08:55:20+03,2026-02-03 13:27:54+03,Неисправен
11542,213807,1589,2026-02-03 08:55:21+03,2026-02-03 13:27:46+03,Неисправен
7701,213786,1710,2026-02-03 08:56:16+03,2026-02-03 14:37:17+03,Неисправен
1021,213361,1658,2026-02-03 08:56:23+03,2026-02-03 13:27:54+03,Неисправен
215,213808,1584,2026-02-03 08:56:24+03,2026-02-03 13:27:46+03,Неисправен
8384,213787,1713,2026-02-03 08:57:20+03,2026-02-03 14:37:17+03,Неисправен
1771,213362,1665,2026-02-03 08:57:27+03,2026-02-03 13:27:54+03,Неисправен
1024,213809,1576,2026-02-03 08:57:28+03,2026-02-03 13:27:46+03,Неисправен
9077,213788,1716,2026-02-03 08:58:22+03,2026-02-03 14:37:17+03,Неисправен
2609,213363,1670,2026-02-03 08:58:30+03,2026-02-03 13:27:54+03,Неисправен
1775,213810,1574,2026-02-03 08:58:32+03,2026-02-03 13:27:46+03,Неисправен
9994,213789,1722,2026-02-03 08:59:25+03,2026-02-03 14:37:17+03,Неисправен
3317,213364,1672,2026-02-03 08:59:34+03,2026-02-03 13:27:54+03,Неисправен
2613,213811,1564,2026-02-03 08:59:35+03,2026-02-03 13:27:46+03,Неисправен
10823,213790,1724,2026-02-03 09:00:28+03,2026-02-03 14:37:17+03,Неисправен
4037,213365,1674,2026-02-03 09:00:37+03,2026-02-03 13:27:54+03,Неисправен
3322,213812,1561,2026-02-03 09:00:39+03,2026-02-03 13:27:46+03,Неисправен
11541,213791,1519,2026-02-03 09:01:30+03,2026-02-03 14:37:17+03,Неисправен
4749,213366,1676,2026-02-03 09:01:41+03,2026-02-03 13:27:54+03,Неисправен
4040,213813,1554,2026-02-03 09:01:42+03,2026-02-03 13:27:46+03,Неисправен
214,213792,1524,2026-02-03 09:02:34+03,2026-02-03 14:37:17+03,Неисправен
9076,213772,1680,2026-02-03 09:02:44+03,2026-02-03 13:27:54+03,Неисправен
4753,213814,1592,2026-02-03 09:02:46+03,2026-02-03 13:27:46+03,Неисправен
1023,213793,1527,2026-02-03 09:03:36+03,2026-02-03 14:37:17+03,Неисправен
9993,213773,1689,2026-02-03 09:03:48+03,2026-02-03 13:27:54+03,Неисправен
5533,213815,1592,2026-02-03 09:03:49+03,2026-02-03 13:27:46+03,Неисправен
1774,213794,1529,2026-02-03 09:04:39+03,2026-02-03 14:37:17+03,Неисправен
10822,213774,1693,2026-02-03 09:04:51+03,2026-02-03 13:27:54+03,Неисправен
6246,213816,1592,2026-02-03 09:04:53+03,2026-02-03 13:27:46+03,Неисправен
2612,213795,1533,2026-02-03 09:05:42+03,2026-02-03 14:37:17+03,Неисправен
11540,213775,1697,2026-02-03 09:05:55+03,2026-02-03 13:27:54+03,Неисправен
7019,213817,1592,2026-02-03 09:05:56+03,2026-02-03 13:27:46+03,Неисправен
3321,213796,1536,2026-02-03 09:06:45+03,2026-02-03 14:37:17+03,Неисправен
213,213776,1701,2026-02-03 09:06:58+03,2026-02-03 13:27:54+03,Неисправен
7702,213818,1592,2026-02-03 09:07:00+03,2026-02-03 13:27:46+03,Неисправен
4039,213797,1544,2026-02-03 09:07:48+03,2026-02-03 14:37:17+03,Неисправен
4752,213798,1546,2026-02-03 09:08:51+03,2026-02-03 14:37:17+03,Неисправен
8957,94844,591,2026-02-03 09:32:04+03,2026-02-03 10:46:29+03,Неисправен
804,93569,734,2026-02-03 09:34:17+03,2026-02-03 11:32:38+03,Неисправен
817,94001,618,2026-02-03 10:09:37+03,2026-02-03 16:18:07+03,Неисправен
4598,94006,619,2026-02-03 10:09:37+03,2026-02-03 16:17:45+03,Неисправен
7569,94826,619,2026-02-03 10:09:37+03,2026-02-03 16:18:33+03,Неисправен
6078,94008,619,2026-02-03 10:12:22+03,2026-02-03 16:17:19+03,Неисправен
8304,94827,619,2026-02-03 10:12:22+03,2026-02-03 16:16:47+03,Неисправен
9753,94829,615,2026-02-03 10:16:11+03,2026-02-03 16:16:03+03,Неисправен
11412,94831,615,2026-02-03 10:16:11+03,2026-02-03 16:16:21+03,Неисправен
10646,93982,629,2026-02-03 10:19:14+03,2026-02-03 16:19:24+03,Неисправен
6859,94825,629,2026-02-03 10:19:14+03,2026-02-03 16:18:49+03,Неисправен
2398,94835,608,2026-02-03 10:24:08+03,2026-02-03 16:28:51+03,Неисправен
3210,94836,608,2026-02-03 10:24:08+03,2026-02-03 16:28:44+03,Неисправен
2389,94819,640,2026-02-03 10:28:48+03,2026-02-03 16:14:34+03,Неисправен
3203,94820,640,2026-02-03 10:28:48+03,2026-02-03 16:11:17+03,Неисправен
4608,94838,599,2026-02-03 10:37:20+03,2026-02-03 16:21:27+03,Неисправен
6087,94840,599,2026-02-03 10:37:20+03,2026-02-03 16:28:13+03,Неисправен
6867,94841,599,2026-02-03 10:37:20+03,2026-02-03 16:27:58+03,Неисправен
7556,94074,591,2026-02-03 10:51:18+03,2026-02-03 16:19:24+03,Неисправен
8958,94844,591,2026-02-03 10:51:18+03,2026-02-03 16:10:34+03,Неисправен
9758,94845,591,2026-02-03 10:51:18+03,2026-02-03 16:27:22+03,Неисправен
10664,94846,591,2026-02-03 10:51:19+03,2026-02-03 16:27:09+03,Неисправен
10654,94094,848,2026-02-03 11:04:11+03,2026-02-03 16:18:17+03,Неисправен
11419,94847,849,2026-02-03 11:04:11+03,2026-02-03 16:26:44+03,Неисправен
65,94848,848,2026-02-03 11:04:11+03,2026-02-03 16:26:23+03,Неисправен
9775,98173,848,2026-02-03 11:04:11+03,2026-02-03 16:26:17+03,Неисправен
5366,94103,842,2026-02-03 11:08:42+03,2026-02-03 16:25:53+03,Неисправен
10669,98174,843,2026-02-03 11:08:42+03,2026-02-03 16:25:42+03,Неисправен
11431,98175,843,2026-02-03 11:13:07+03,2026-02-03 16:25:34+03,Неисправен
57,93936,653,2026-02-03 11:25:00+03,2026-02-03 16:12:11+03,Неисправен
832,94849,836,2026-02-03 11:25:00+03,2026-02-03 16:24:57+03,Неисправен
2413,98179,836,2026-02-03 11:25:00+03,2026-02-03 16:25:09+03,Неисправен
4619,98182,836,2026-02-03 11:25:00+03,2026-02-03 16:24:44+03,Неисправен
1635,94850,779,2026-02-03 11:29:48+03,2026-02-03 16:24:29+03,Неисправен
2407,94851,779,2026-02-03 11:29:48+03,2026-02-03 16:12:27+03,Неисправен
5407,98183,779,2026-02-03 11:29:48+03,2026-02-03 16:24:23+03,Неисправен
6888,98185,779,2026-02-03 11:29:48+03,2026-02-03 16:24:09+03,Неисправен
8963,98188,732,2026-02-03 11:35:39+03,2026-02-03 16:23:43+03,Неисправен
10660,94158,732,2026-02-03 11:35:40+03,2026-02-03 16:22:52+03,Неисправен
3939,94853,732,2026-02-03 11:35:40+03,2026-02-03 16:23:15+03,Неисправен
4614,94854,732,2026-02-03 11:35:40+03,2026-02-03 16:23:00+03,Неисправен
5383,94839,599,2026-02-03 11:35:54+03,2026-02-03 14:30:09+03,Неисправен
5398,94855,675,2026-02-03 11:41:36+03,2026-02-03 16:22:30+03,Неисправен
6881,94857,675,2026-02-03 11:41:36+03,2026-02-03 16:22:02+03,Неисправен
7582,94858,675,2026-02-03 11:41:36+03,2026-02-03 16:21:47+03,Неисправен
9785,98189,670,2026-02-03 11:41:36+03,2026-02-03 16:22:45+03,Неисправен
10678,98190,588,2026-02-03 11:49:15+03,2026-02-03 16:21:28+03,Неисправен
11441,98191,593,2026-02-03 11:49:15+03,2026-02-03 16:12:47+03,Неисправен
6852,94217,587,2026-02-03 11:53:02+03,2026-02-03 16:20:21+03,Неисправен
9767,94861,587,2026-02-03 11:53:02+03,2026-02-03 16:20:29+03,Неисправен
2424,98195,637,2026-02-03 11:55:52+03,2026-02-03 16:20:36+03,Неисправен
1022,213777,1635,2026-02-03 13:26:51+03,2026-02-03 14:37:17+03,Неисправен
1773,213778,1548,2026-02-03 13:26:51+03,2026-02-03 14:37:17+03,Неисправен
2611,213779,1552,2026-02-03 13:26:51+03,2026-02-03 14:37:17+03,Неисправен
3320,213780,1569,2026-02-03 13:27:53+03,2026-02-03 14:37:17+03,Неисправен
4038,213781,1569,2026-02-03 13:27:53+03,2026-02-03 14:37:17+03,Неисправен
4751,213782,1621,2026-02-03 13:27:53+03,2026-02-03 14:37:17+03,Неисправен
5532,213783,1640,2026-02-03 13:27:53+03,2026-02-03 14:37:17+03,Неисправен
11508,193183,800,2026-02-03 13:41:54+03,2026-02-03 16:49:40+03,Неисправен
5384,94839,599,2026-02-03 14:30:10+03,2026-02-03 16:10:33+03,Неисправен
10840,215838,1369,2026-02-05 17:07:27+03,2026-02-06 06:09:30+03,Неисправен
11558,215839,1369,2026-02-05 17:07:29+03,2026-02-06 06:09:30+03,Неисправен
8266,334746,249,2026-02-07 04:35:47+03,2026-02-09 10:32:25+03,Неисправен
7717,222042,565,2026-02-09 04:49:43+03,2026-02-09 15:04:20+03,Неисправен
886,135185,,2026-02-09 09:38:28+03,2026-02-09 10:45:59+03,Много неисправных устройств
9083,214124,,2026-02-09 11:59:14+03,2026-02-09 14:08:04+03,Неисправен
10003,214125,,2026-02-09 11:59:14+03,2026-02-09 14:08:04+03,Неисправен
10836,214126,,2026-02-09 11:59:14+03,2026-02-09 14:08:04+03,Неисправен
10841,215838,1369,2026-02-09 14:42:55+03,2026-02-10 11:41:36+03,Неисправен
11559,215839,1369,2026-02-09 14:42:55+03,2026-02-10 11:41:36+03,Неисправен
980,171537,,2026-02-10 09:34:52+03,2026-02-10 11:52:16+03,Неисправен
6186,171544,,2026-02-10 09:34:52+03,2026-02-10 11:57:38+03,Неисправен
10747,171550,,2026-02-10 09:34:52+03,2026-02-10 12:02:29+03,Неисправен
6795,333544,264,2026-02-10 14:25:42+03,2026-03-13 12:15:25+03,Неисправен
9478,230748,1727,2026-02-11 12:19:17+03,2026-02-11 16:44:31+03,Много неисправных устройств
10469,230749,,2026-02-11 12:19:17+03,2026-02-12 07:36:19+03,Много неисправных устройств
6645,231352,,2026-02-11 12:19:18+03,2026-02-11 17:00:45+03,Много неисправных устройств
11237,231422,1843,2026-02-11 12:19:18+03,2026-02-12 07:36:19+03,Много неисправных устройств
653,278000,2300,2026-02-16 08:04:38+03,2026-02-16 22:39:54+03,Неисправен
654,278000,2300,2026-02-17 07:55:48+03,2026-02-17 12:38:04+03,Неисправен
11477,171375,,2026-02-17 09:26:33+03,2026-02-17 10:27:33+03,Много неисправных устройств
655,278000,2300,2026-02-17 12:41:52+03,2026-02-17 15:05:32+03,Неисправен
11478,171375,,2026-02-17 12:54:43+03,2026-02-17 20:05:57+03,Много неисправных устройств
849,116145,,2026-02-17 13:02:08+03,2026-02-17 14:22:36+03,Много неисправных устройств
2436,116147,,2026-02-17 13:02:08+03,2026-02-17 14:22:36+03,Много неисправных устройств
10759,178334,,2026-02-17 13:02:08+03,2026-02-17 14:22:36+03,Много неисправных устройств
656,278000,2300,2026-02-18 07:58:16+03,2026-02-18 10:07:42+03,Неисправен
6263,227464,1413,2026-02-18 10:29:24+03,2026-02-18 15:58:23+03,Неисправен
3290,196228,,2026-02-18 11:57:57+03,2026-02-18 17:02:42+03,Много неисправных устройств
5491,196231,,2026-02-18 11:57:57+03,2026-02-19 17:41:44+03,Много неисправных устройств
5523,197031,,2026-02-20 17:12:00+03,2026-02-20 21:15:23+03,Неисправен
9479,230748,1727,2026-02-22 16:33:55+03,2026-02-22 17:59:43+03,Много неисправных устройств
10470,230749,,2026-02-22 16:33:55+03,2026-02-22 17:59:43+03,Много неисправных устройств
6646,231352,,2026-02-22 16:33:55+03,2026-02-22 17:59:43+03,Много неисправных устройств
11238,231422,1843,2026-02-22 16:33:55+03,2026-02-22 17:59:43+03,Много неисправных устройств
7718,222042,565,2026-02-23 04:49:13+03,2026-02-23 06:12:23+03,Неисправен
5898,287143,2921,2026-02-26 10:27:42+03,2026-02-26 13:56:39+03,Неисправен
1651,104002,876,2026-02-26 11:08:12+03,2026-02-26 12:17:43+03,Неисправен
5899,287143,2921,2026-02-26 13:59:36+03,2026-02-27 09:01:31+03,Неисправен
5900,287143,2921,2026-02-27 09:01:31+03,2026-02-27 12:57:02+03,Неисправен
12108,331519,,2026-03-03 10:48:47+03,2026-03-03 13:30:03+03,Много неисправных устройств
2057,229474,1892,2026-03-05 13:05:02+03,2026-03-05 14:08:40+03,Неисправен
2058,229474,1892,2026-03-06 09:12:04+03,2026-03-06 10:40:34+03,Неисправен
256,228624,1820,2026-03-06 09:12:27+03,2026-03-06 13:05:40+03,Неисправен
5524,197031,,2026-03-06 17:12:10+03,2026-03-07 06:31:49+03,Неисправен
3070,287267,3084,2026-03-09 11:37:26+03,2026-03-09 18:14:15+03,Неисправен
89,120512,461,2026-03-10 10:02:16+03,2026-03-10 11:07:10+03,Неисправен
9719,3069,,2026-03-11 10:07:26+03,2026-03-11 11:29:18+03,Неисправен
1570,3074,,2026-03-11 10:07:26+03,2026-03-11 11:29:31+03,Неисправен
4556,3078,,2026-03-11 10:07:26+03,2026-03-11 11:29:45+03,Неисправен
8291,3083,,2026-03-11 10:07:26+03,2026-03-11 11:30:10+03,Неисправен
9722,3085,,2026-03-11 10:07:26+03,2026-03-11 11:30:27+03,Неисправен
4538,333525,264,2026-03-11 11:12:16+03,2026-03-11 12:47:49+03,Неисправен
3071,287267,3084,2026-03-11 13:05:00+03,2026-03-11 18:27:50+03,Неисправен
4448,278565,2429,2026-03-12 09:47:50+03,2026-03-12 15:46:16+03,Неисправен
9667,287900,3108,2026-03-12 13:48:28+03,2026-03-12 21:27:38+03,Неисправен
9668,287900,3108,2026-03-12 21:27:39+03,2026-03-12 23:40:54+03,Неисправен
3072,287267,3084,2026-03-13 00:04:28+03,2026-03-13 02:25:48+03,Неисправен
4559,3126,498,2026-03-13 11:44:32+03,2026-03-13 13:26:31+03,Неисправен
3073,287267,3084,2026-03-13 20:56:02+03,2026-03-13 22:57:08+03,Неисправен
5895,286887,2716,2026-03-15 04:01:02+03,2026-03-15 06:24:09+03,Неисправен
6988,193113,832,2026-03-16 08:33:21+03,2026-03-18 14:36:54+03,Неисправен
8363,193115,832,2026-03-16 08:33:21+03,2026-03-18 14:36:54+03,Неисправен
6197,193128,822,2026-03-16 08:33:21+03,2026-03-18 14:36:54+03,Неисправен
188,193152,817,2026-03-16 08:33:21+03,2026-03-18 14:36:54+03,Неисправен
11492,193167,807,2026-03-16 08:33:21+03,2026-03-18 14:36:54+03,Неисправен
994,193169,807,2026-03-16 08:33:22+03,2026-03-18 14:36:54+03,Неисправен
1753,193186,800,2026-03-16 08:33:22+03,2026-03-18 14:36:54+03,Неисправен
4725,193190,800,2026-03-16 08:33:22+03,2026-03-18 14:36:54+03,Неисправен
6206,193208,792,2026-03-16 08:33:22+03,2026-03-18 14:36:54+03,Неисправен
8371,193211,792,2026-03-16 08:33:22+03,2026-03-18 14:36:54+03,Неисправен
2599,196995,1512,2026-03-16 09:07:03+03,2026-03-16 10:30:45+03,Неисправен
9071,196988,1504,2026-03-16 09:12:28+03,2026-03-16 10:43:26+03,Неисправен
1768,196978,1507,2026-03-16 09:19:31+03,2026-03-16 10:43:26+03,Неисправен
9985,196973,1500,2026-03-16 09:26:56+03,2026-03-16 10:43:26+03,Неисправен
3309,196820,,2026-03-16 11:47:17+03,2026-03-16 19:31:39+03,Много неисправных устройств
5511,196823,,2026-03-16 11:47:17+03,2026-03-16 20:00:18+03,Много неисправных устройств
6230,196824,,2026-03-16 11:47:17+03,2026-03-19 09:35:04+03,Много неисправных устройств
3074,287267,3084,2026-03-16 13:56:14+03,2026-03-17 01:42:41+03,Неисправен
3075,287267,3084,2026-03-17 03:43:48+03,2026-03-17 05:24:32+03,Неисправен
3076,287267,3084,2026-03-17 10:27:16+03,2026-03-17 15:09:51+03,Неисправен
5978,330503,6,2026-03-17 11:16:20+03,2026-03-17 14:08:12+03,Неисправен
5979,330503,6,2026-03-17 14:19:59+03,2026-03-17 16:51:32+03,Неисправен
5980,330503,6,2026-03-17 16:51:37+03,2026-03-17 20:55:54+03,Неисправен
6264,227464,1413,2026-03-18 10:59:18+03,2026-03-18 13:18:51+03,Неисправен
1595,93138,,2026-03-18 14:36:49+03,2026-03-18 15:39:01+03,Много неисправных устройств
1449,287073,2832,2026-03-19 09:13:18+03,2026-03-19 12:33:42+03,Неисправен
7721,227482,1353,2026-03-19 10:17:31+03,2026-03-19 11:27:06+03,Неисправен
7722,227482,1353,2026-03-20 10:10:27+03,2026-03-20 14:09:02+03,Неисправен
11994,278559,2429,2026-03-20 18:59:10+03,2026-03-21 04:51:44+03,Неисправен
11995,278559,2429,2026-03-21 05:16:22+03,2026-03-21 09:22:48+03,Неисправен
7723,227482,1353,2026-03-23 10:17:55+03,2026-03-23 11:52:03+03,Неисправен
1012,196513,,2026-03-23 11:02:42+03,2026-04-20 13:10:57+03,Неисправен
4737,196518,,2026-03-23 11:02:50+03,2026-04-20 13:13:07+03,Неисправен
9627,287788,2793,2026-03-24 10:28:18+03,2026-03-24 14:21:06+03,Неисправен
3069,287235,3081,2026-03-25 09:01:28+03,2026-03-25 13:39:38+03,Неисправен
1441,268881,,2026-03-26 00:13:19+03,2026-03-26 01:21:21+03,Много неисправных устройств
5525,197031,,2026-03-26 14:37:26+03,2026-03-27 07:32:13+03,Неисправен
10176,229357,1876,2026-03-26 18:15:42+03,2026-03-26 20:13:28+03,Неисправен
9991,212893,1519,2026-03-26 23:17:02+03,2026-03-27 00:48:07+03,Неисправен
1706,147202,1277,2026-03-27 10:16:13+03,2026-03-27 11:50:14+03,Неисправен
2492,147203,1275,2026-03-27 10:17:16+03,2026-03-27 11:50:14+03,Неисправен
3257,147204,1272,2026-03-27 10:18:18+03,2026-03-27 11:50:14+03,Неисправен
4007,147205,1269,2026-03-27 10:19:20+03,2026-03-27 11:50:14+03,Неисправен
4701,147206,1267,2026-03-27 10:20:22+03,2026-03-27 11:50:14+03,Неисправен
5435,147207,1264,2026-03-27 10:21:24+03,2026-03-27 11:50:14+03,Неисправен
6174,147208,1261,2026-03-27 10:22:25+03,2026-03-27 11:50:14+03,Неисправен
6972,147209,1259,2026-03-27 10:23:27+03,2026-03-27 11:50:14+03,Неисправен
1705,147186,1243,2026-03-27 10:28:58+03,2026-03-27 11:35:20+03,Неисправен
4560,3126,498,2026-03-27 11:44:24+03,2026-03-27 12:51:59+03,Неисправен
7388,267993,2459,2026-03-27 12:49:24+03,2026-03-27 14:27:56+03,Неисправен
7389,267993,2459,2026-03-27 15:03:32+03,2026-03-27 16:15:22+03,Неисправен
3921,93461,776,2026-03-28 04:27:32+03,2026-03-28 07:54:17+03,Неисправен
9792,115565,,2026-03-29 15:17:38+03,2026-03-29 16:45:56+03,Неисправен
10686,115566,,2026-03-29 15:17:38+03,2026-03-29 16:45:56+03,Неисправен
9795,115581,953,2026-03-29 15:17:38+03,2026-03-29 16:45:56+03,Неисправен
6035,334551,142,2026-04-01 03:54:26+03,2026-04-01 09:29:39+03,Неисправен
1548,334305,379,2026-04-01 06:44:31+03,2026-04-01 09:29:10+03,Неисправен
1604,93458,776,2026-04-01 09:26:23+03,2026-04-01 10:47:17+03,Неисправен
3922,93461,776,2026-04-01 09:34:07+03,2026-04-01 10:47:59+03,Неисправен
10628,93470,769,2026-04-01 09:34:07+03,2026-04-01 10:49:11+03,Неисправен
2366,93491,763,2026-04-01 09:40:21+03,2026-04-01 10:49:45+03,Неисправен
7557,94074,591,2026-04-01 12:13:29+03,2026-04-01 13:29:54+03,Неисправен
11556,215727,666,2026-04-01 12:21:20+03,2026-04-01 13:31:05+03,Неисправен
237,215728,666,2026-04-01 12:21:20+03,2026-04-01 13:30:24+03,Неисправен
12077,288063,3144,2026-04-02 08:40:48+03,2026-04-02 10:19:12+03,Неисправен
4582,93606,718,2026-04-03 16:46:45+03,2026-04-05 02:44:29+03,Неисправен
9547,267052,2204,2026-04-05 03:06:40+03,2026-04-05 05:22:50+03,Неисправен
10635,93566,734,2026-04-06 18:41:27+03,2026-04-07 07:30:47+03,Неисправен
10636,93566,734,2026-04-07 07:30:47+03,2026-04-08 15:39:32+03,Неисправен
10471,230749,,2026-04-07 08:12:00+03,2026-04-09 14:04:07+03,Много неисправных устройств
6647,231352,,2026-04-07 08:12:01+03,2026-04-07 17:00:12+03,Много неисправных устройств
11239,231422,1843,2026-04-07 08:12:01+03,2026-04-09 14:04:08+03,Много неисправных устройств
4211,229381,1865,2026-04-07 09:23:58+03,2026-04-07 12:54:56+03,Неисправен
10740,159006,1336,2026-04-07 11:37:26+03,2026-04-07 12:52:32+03,Неисправен
4212,229381,1865,2026-04-07 13:18:42+03,2026-04-08 02:36:08+03,Неисправен
747,334640,183,2026-04-07 16:46:59+03,2026-04-08 16:21:19+03,Неисправен
10874,228654,1826,2026-04-07 17:58:08+03,2026-04-07 19:25:00+03,Неисправен
6812,334184,315,2026-04-07 18:18:51+03,2026-04-08 07:34:21+03,Неисправен
7527,334185,320,2026-04-07 18:18:51+03,2026-04-08 07:34:40+03,Неисправен
740,334192,347,2026-04-07 18:19:24+03,2026-04-08 07:31:28+03,Неисправен
11382,334190,341,2026-04-07 18:19:29+03,2026-04-08 07:31:31+03,Неисправен
9685,334188,333,2026-04-07 18:19:31+03,2026-04-08 07:31:31+03,Неисправен
10594,334189,338,2026-04-07 18:19:33+03,2026-04-08 07:31:31+03,Неисправен
6039,334599,161,2026-04-07 21:35:33+03,2026-04-08 01:47:47+03,Неисправен
6040,334599,161,2026-04-08 01:48:35+03,2026-04-08 03:35:43+03,Неисправен
6041,334599,161,2026-04-08 03:36:33+03,2026-04-08 04:43:58+03,Неисправен
6042,334599,161,2026-04-08 06:49:56+03,2026-04-08 08:05:18+03,Неисправен
6043,334599,161,2026-04-08 09:26:19+03,2026-04-08 10:36:22+03,Неисправен
6044,334599,161,2026-04-08 11:55:08+03,2026-04-08 15:16:10+03,Неисправен
805,93569,734,2026-04-09 11:17:05+03,2026-04-10 06:51:59+03,Неисправен
1772,213442,1563,2026-04-09 18:09:12+03,2026-04-10 02:56:46+03,Неисправен
2610,213443,1563,2026-04-09 18:09:12+03,2026-04-10 02:56:30+03,Неисправен
4561,3126,498,2026-04-10 11:44:21+03,2026-04-10 12:59:45+03,Неисправен
5974,287911,3108,2026-04-12 08:01:24+03,2026-04-12 11:00:16+03,Неисправен
9569,278556,2429,2026-04-12 10:59:50+03,2026-04-12 12:13:38+03,Неисправен
6828,334760,249,2026-04-14 07:06:35+03,2026-04-14 13:01:07+03,Неисправен
8920,334763,252,2026-04-14 07:06:35+03,2026-04-14 13:01:07+03,Неисправен
9704,334764,253,2026-04-14 07:06:35+03,2026-04-14 13:01:07+03,Неисправен
10607,334765,253,2026-04-14 07:06:36+03,2026-04-14 13:01:07+03,Неисправен
11394,334766,254,2026-04-14 07:06:36+03,2026-04-14 13:01:07+03,Неисправен
12138,334767,255,2026-04-14 07:06:36+03,2026-04-14 13:01:07+03,Неисправен
763,334768,256,2026-04-14 07:06:36+03,2026-04-14 13:01:07+03,Неисправен
1566,334769,257,2026-04-14 07:06:36+03,2026-04-14 13:01:07+03,Неисправен
3890,334772,260,2026-04-14 07:06:36+03,2026-04-14 13:01:09+03,Неисправен
5317,334774,261,2026-04-14 07:06:36+03,2026-04-14 13:01:09+03,Неисправен
6060,334775,262,2026-04-14 07:06:36+03,2026-04-14 13:01:09+03,Неисправен
7548,334777,263,2026-04-14 07:06:36+03,2026-04-14 13:01:09+03,Неисправен
8272,334778,263,2026-04-14 07:06:38+03,2026-04-14 13:01:09+03,Неисправен
8922,334779,263,2026-04-14 07:06:38+03,2026-04-14 13:01:09+03,Неисправен
9706,334780,263,2026-04-14 07:06:38+03,2026-04-14 13:01:09+03,Неисправен
10609,334781,263,2026-04-14 07:06:38+03,2026-04-14 13:01:09+03,Неисправен
12136,334751,241,2026-04-14 07:13:07+03,2026-04-14 13:01:11+03,Неисправен
3183,334771,259,2026-04-14 07:13:31+03,2026-04-14 13:01:09+03,Неисправен
761,334752,242,2026-04-14 07:13:38+03,2026-04-14 13:01:11+03,Неисправен
1564,334753,243,2026-04-14 07:13:38+03,2026-04-14 13:01:11+03,Неисправен
3181,334755,244,2026-04-14 07:13:38+03,2026-04-14 13:01:11+03,Неисправен
3888,334756,245,2026-04-14 07:13:38+03,2026-04-14 13:01:11+03,Неисправен
5315,334758,247,2026-04-14 07:13:38+03,2026-04-14 13:01:07+03,Неисправен
2330,334770,258,2026-04-14 07:13:40+03,2026-04-14 13:01:09+03,Неисправен
4551,334773,261,2026-04-14 07:13:41+03,2026-04-14 13:01:09+03,Неисправен
4543,334709,223,2026-04-14 07:13:48+03,2026-04-14 13:01:59+03,Неисправен
5307,334710,223,2026-04-14 07:13:48+03,2026-04-14 13:02:08+03,Неисправен
6055,334711,223,2026-04-14 07:13:48+03,2026-04-14 13:02:20+03,Неисправен
6824,334712,224,2026-04-14 07:13:48+03,2026-04-14 13:02:14+03,Неисправен
7539,334713,225,2026-04-14 07:13:48+03,2026-04-14 13:03:06+03,Неисправен
8263,334714,226,2026-04-14 07:13:48+03,2026-04-14 13:02:05+03,Неисправен
8914,334715,226,2026-04-14 07:13:48+03,2026-04-14 11:11:25+03,Неисправен
9695,334716,227,2026-04-14 07:13:48+03,2026-04-14 13:02:52+03,Неисправен
4549,334741,240,2026-04-14 07:13:48+03,2026-04-14 13:02:50+03,Неисправен
10602,334717,228,2026-04-14 07:13:49+03,2026-04-14 13:02:16+03,Неисправен
11389,334718,229,2026-04-14 07:13:49+03,2026-04-14 11:00:32+03,Неисправен
12131,334719,230,2026-04-14 07:13:49+03,2026-04-14 10:00:01+03,Неисправен
757,334720,231,2026-04-14 07:13:49+03,2026-04-14 10:57:41+03,Неисправен
1560,334721,232,2026-04-14 07:13:49+03,2026-04-14 13:02:09+03,Неисправен
2327,334722,232,2026-04-14 07:13:49+03,2026-04-14 13:02:25+03,Неисправен
3174,334723,233,2026-04-14 07:13:49+03,2026-04-14 09:24:50+03,Неисправен
3881,334724,234,2026-04-14 07:13:49+03,2026-04-14 08:29:40+03,Неисправен
4546,334725,234,2026-04-14 07:13:49+03,2026-04-14 13:02:05+03,Неисправен
5310,334726,235,2026-04-14 07:13:49+03,2026-04-14 13:02:26+03,Неисправен
6058,334727,236,2026-04-14 07:13:49+03,2026-04-14 13:03:01+03,Неисправен
6827,334728,237,2026-04-14 07:13:51+03,2026-04-14 13:04:05+03,Неисправен
7542,334729,238,2026-04-14 07:13:51+03,2026-04-14 12:17:16+03,Неисправен
9698,334732,239,2026-04-14 07:13:51+03,2026-04-14 13:01:53+03,Неисправен
10605,334733,240,2026-04-14 07:13:51+03,2026-04-14 11:08:54+03,Неисправен
11392,334734,240,2026-04-14 07:13:51+03,2026-04-14 13:02:10+03,Неисправен
12135,334735,240,2026-04-14 07:13:51+03,2026-04-14 13:03:11+03,Неисправен
5313,334742,223,2026-04-14 07:13:51+03,2026-04-14 11:12:34+03,Неисправен
760,334736,240,2026-04-14 07:13:52+03,2026-04-14 13:01:59+03,Неисправен
1562,334737,240,2026-04-14 07:13:52+03,2026-04-14 08:40:01+03,Неисправен
3177,334739,240,2026-04-14 07:13:52+03,2026-04-14 09:29:53+03,Неисправен
3886,334740,240,2026-04-14 07:13:52+03,2026-04-14 08:38:19+03,Неисправен
6830,334776,263,2026-04-14 07:13:54+03,2026-04-14 13:01:09+03,Неисправен
9686,334188,333,2026-04-14 07:16:00+03,2026-04-14 14:53:18+03,Неисправен
11383,334190,341,2026-04-14 07:16:00+03,2026-04-14 14:51:23+03,Неисправен
754,334704,227,2026-04-14 07:16:26+03,2026-04-14 16:22:35+03,Неисправен
1557,334705,232,2026-04-14 07:16:31+03,2026-04-14 16:22:16+03,Неисправен
8918,334731,239,2026-04-14 07:56:42+03,2026-04-14 09:10:24+03,Неисправен
9480,230748,1727,2026-04-14 08:09:55+03,2026-04-14 16:33:12+03,Много неисправных устройств
10472,230749,,2026-04-14 08:09:55+03,2026-04-15 09:26:24+03,Много неисправных устройств
6648,231352,,2026-04-14 08:09:55+03,2026-04-14 17:00:47+03,Много неисправных устройств
11240,231422,1843,2026-04-14 08:09:55+03,2026-04-15 09:26:24+03,Много неисправных устройств
3882,334724,234,2026-04-14 09:10:22+03,2026-04-14 10:59:46+03,Неисправен
3178,334739,240,2026-04-14 09:29:53+03,2026-04-14 10:58:09+03,Неисправен
8919,334731,239,2026-04-14 09:34:35+03,2026-04-14 13:02:10+03,Неисправен
12132,334719,230,2026-04-14 10:00:01+03,2026-04-14 11:03:11+03,Неисправен
758,334720,231,2026-04-14 10:58:04+03,2026-04-14 13:02:21+03,Неисправен
3883,334724,234,2026-04-14 11:03:28+03,2026-04-14 13:01:30+03,Неисправен
10606,334733,240,2026-04-14 11:08:54+03,2026-04-14 13:02:24+03,Неисправен
5314,334742,223,2026-04-14 11:12:34+03,2026-04-14 13:01:53+03,Неисправен
3887,334740,240,2026-04-14 11:14:58+03,2026-04-14 12:16:34+03,Неисправен
3179,334739,240,2026-04-14 11:15:05+03,2026-04-14 13:01:50+03,Неисправен
12133,334719,230,2026-04-14 11:15:08+03,2026-04-14 13:02:16+03,Неисправен
8915,334715,226,2026-04-14 11:42:55+03,2026-04-14 13:03:11+03,Неисправен
1563,334737,240,2026-04-14 11:43:43+03,2026-04-14 12:55:16+03,Неисправен
11390,334718,229,2026-04-14 11:58:21+03,2026-04-14 13:04:35+03,Неисправен
3891,334772,260,2026-04-14 13:02:06+03,2026-04-14 16:58:07+03,Неисправен
4552,334773,261,2026-04-14 13:02:06+03,2026-04-14 16:57:52+03,Неисправен
5318,334774,261,2026-04-14 13:02:06+03,2026-04-14 16:57:49+03,Неисправен
6061,334775,262,2026-04-14 13:02:06+03,2026-04-14 16:57:35+03,Неисправен
6831,334776,263,2026-04-14 13:02:06+03,2026-04-14 16:56:56+03,Неисправен
7549,334777,263,2026-04-14 13:02:08+03,2026-04-14 16:56:58+03,Неисправен
8273,334778,263,2026-04-14 13:02:08+03,2026-04-14 16:57:00+03,Неисправен
8923,334779,263,2026-04-14 13:02:08+03,2026-04-14 16:57:03+03,Неисправен
9707,334780,263,2026-04-14 13:02:08+03,2026-04-14 16:57:05+03,Неисправен
10610,334781,263,2026-04-14 13:02:08+03,2026-04-14 16:57:01+03,Неисправен
12137,334751,241,2026-04-14 13:02:09+03,2026-04-14 16:54:41+03,Неисправен
762,334752,242,2026-04-14 13:02:09+03,2026-04-14 16:54:44+03,Неисправен
1565,334753,243,2026-04-14 13:02:09+03,2026-04-14 16:54:48+03,Неисправен
2329,334754,244,2026-04-14 13:02:09+03,2026-04-14 16:52:57+03,Неисправен
3182,334755,244,2026-04-14 13:02:09+03,2026-04-14 16:53:00+03,Неисправен
3889,334756,245,2026-04-14 13:02:09+03,2026-04-14 16:53:23+03,Неисправен
5316,334758,247,2026-04-14 13:02:09+03,2026-04-14 16:55:30+03,Неисправен
6059,334759,248,2026-04-14 13:02:09+03,2026-04-14 16:55:47+03,Неисправен
6829,334760,249,2026-04-14 13:02:09+03,2026-04-14 16:55:54+03,Неисправен
8921,334763,252,2026-04-14 13:02:09+03,2026-04-14 17:00:27+03,Неисправен
9705,334764,253,2026-04-14 13:02:10+03,2026-04-14 17:00:07+03,Неисправен
10608,334765,253,2026-04-14 13:02:10+03,2026-04-14 17:00:06+03,Неисправен
11395,334766,254,2026-04-14 13:02:10+03,2026-04-14 16:59:49+03,Неисправен
12139,334767,255,2026-04-14 13:02:10+03,2026-04-14 16:59:37+03,Неисправен
764,334768,256,2026-04-14 13:02:10+03,2026-04-14 16:59:05+03,Неисправен
1567,334769,257,2026-04-14 13:02:10+03,2026-04-14 16:58:49+03,Неисправен
2331,334770,258,2026-04-14 13:02:10+03,2026-04-14 16:58:38+03,Неисправен
3184,334771,259,2026-04-14 13:02:10+03,2026-04-14 16:58:25+03,Неисправен
12123,334239,343,2026-04-14 14:53:43+03,2026-04-14 16:37:41+03,Неисправен
232,214224,,2026-04-14 15:25:09+03,2026-04-14 21:51:44+03,Неисправен
10994,229374,1868,2026-04-14 20:25:58+03,2026-04-14 22:21:44+03,Неисправен
1782,215778,1380,2026-04-14 22:01:56+03,2026-04-15 04:46:13+03,Неисправен
5526,197031,,2026-04-15 02:49:37+03,2026-04-15 07:13:42+03,Батарея неисправна
10995,229374,1868,2026-04-16 09:10:12+03,2026-04-16 11:06:50+03,Неисправен
11393,334750,263,2026-04-17 12:47:38+03,2026-04-21 10:53:22+03,Неисправен
5989,333463,169,2026-04-18 11:33:50+03,2026-04-20 09:50:49+03,Неисправен
11293,287230,3080,2026-04-18 12:27:10+03,2026-04-20 12:21:00+03,Неисправен
10611,334781,263,2026-04-19 08:45:18+03,2026-04-20 09:50:49+03,Неисправен
8924,334779,263,2026-04-19 08:45:22+03,2026-04-20 09:50:49+03,Неисправен
6062,334775,262,2026-04-19 08:45:23+03,2026-04-20 09:50:49+03,Неисправен
3892,334772,260,2026-04-19 08:45:26+03,2026-04-20 09:50:49+03,Неисправен
4553,334773,261,2026-04-19 08:45:26+03,2026-04-19 21:18:02+03,Неисправен
6832,334776,263,2026-04-19 08:45:28+03,2026-04-20 13:34:48+03,Неисправен
7550,334777,263,2026-04-19 08:45:30+03,2026-04-20 09:50:49+03,Неисправен
1568,334769,257,2026-04-19 08:45:32+03,2026-04-20 09:50:49+03,Неисправен
2332,334770,258,2026-04-19 08:45:32+03,2026-04-20 09:50:49+03,Неисправен
8274,334778,263,2026-04-19 08:45:32+03,2026-04-20 09:50:49+03,Неисправен
9708,334780,263,2026-04-19 08:45:32+03,2026-04-20 09:50:49+03,Неисправен
3185,334771,259,2026-04-19 08:45:52+03,2026-04-20 09:50:49+03,Неисправен
5319,334774,261,2026-04-19 08:45:52+03,2026-04-20 09:50:49+03,Неисправен
11386,334206,317,2026-04-19 08:46:10+03,2026-04-20 09:46:00+03,Неисправен
6809,333736,158,2026-04-19 09:49:16+03,2026-04-20 09:50:49+03,Неисправен
8251,333754,181,2026-04-19 09:49:20+03,2026-04-20 09:50:49+03,Неисправен
10591,333773,240,2026-04-19 09:49:20+03,2026-04-20 05:01:57+03,Неисправен
1546,333777,263,2026-04-19 09:49:20+03,2026-04-20 09:50:49+03,Неисправен
7524,333737,158,2026-04-19 09:49:34+03,2026-04-20 09:50:49+03,Неисправен
11380,333758,223,2026-04-19 20:02:25+03,2026-04-20 09:50:49+03,Неисправен
4554,334773,261,2026-04-19 21:18:02+03,2026-04-20 09:50:49+03,Неисправен
10592,333773,240,2026-04-20 05:02:06+03,2026-04-20 09:50:49+03,Неисправен
5990,333463,169,2026-04-20 10:28:24+03,2026-04-20 11:28:57+03,Неисправен
12118,333599,382,2026-04-20 11:39:55+03,2026-04-20 14:34:35+03,Неисправен
1009,196497,,2026-04-20 13:13:17+03,2026-04-20 14:13:34+03,Неисправен
4733,196502,,2026-04-20 13:13:17+03,2026-04-20 14:13:55+03,Неисправен
1013,196513,,2026-04-20 13:13:17+03,2026-04-20 14:15:02+03,Неисправен
4738,196518,,2026-04-20 13:13:17+03,2026-04-20 14:16:09+03,Неисправен
3159,333411,270,2026-04-20 13:27:02+03,2026-04-20 14:34:35+03,Неисправен
9682,333420,287,2026-04-20 13:27:04+03,2026-04-20 14:34:35+03,Неисправен
5991,333463,169,2026-04-20 13:27:15+03,2026-04-20 14:34:35+03,Неисправен
2318,333570,311,2026-04-20 13:27:38+03,2026-04-20 14:34:35+03,Неисправен
6014,333543,264,2026-04-20 13:28:47+03,2026-04-20 14:34:27+03,Неисправен
6796,333544,264,2026-04-20 13:28:47+03,2026-04-20 14:34:27+03,Неисправен
6833,334776,263,2026-04-20 13:34:48+03,2026-04-20 14:55:35+03,Неисправен
3160,333411,270,2026-04-20 14:43:19+03,2026-04-20 15:46:27+03,Неисправен
9683,333420,287,2026-04-20 14:43:21+03,2026-04-20 15:46:27+03,Неисправен
5992,333463,169,2026-04-20 14:43:31+03,2026-04-20 15:46:27+03,Неисправен
2319,333570,311,2026-04-20 14:43:54+03,2026-04-20 15:46:27+03,Неисправен
6015,333543,264,2026-04-20 14:44:53+03,2026-04-20 15:46:27+03,Неисправен
6797,333544,264,2026-04-20 14:44:53+03,2026-04-20 15:46:27+03,Неисправен
5993,333463,169,2026-04-20 15:58:01+03,2026-04-21 10:09:04+03,Неисправен
6016,333543,264,2026-04-20 15:59:11+03,2026-04-21 10:05:41+03,Неисправен
6798,333544,264,2026-04-20 15:59:11+03,2026-04-21 10:05:41+03,Неисправен
6017,333543,264,2026-04-21 10:09:59+03,2026-04-21 11:41:50+03,Неисправен
6799,333544,264,2026-04-21 10:09:59+03,2026-04-21 11:41:50+03,Неисправен
5994,333463,169,2026-04-21 10:15:52+03,2026-04-21 11:41:50+03,Неисправен
10593,333773,240,2026-04-21 10:23:12+03,2026-04-21 11:41:50+03,Неисправен
1547,333777,263,2026-04-21 10:23:13+03,2026-04-21 11:41:50+03,Неисправен
7528,334185,320,2026-04-21 15:41:48+03,2026-04-21 17:48:40+03,Неисправен
8254,334186,324,2026-04-21 15:41:48+03,2026-04-21 17:48:33+03,Неисправен
8906,334187,329,2026-04-21 15:41:48+03,2026-04-21 17:48:29+03,Неисправен
10595,334189,338,2026-04-21 15:41:50+03,2026-04-21 17:48:20+03,Неисправен
12120,334191,346,2026-04-21 15:41:50+03,2026-04-21 17:48:05+03,Неисправен
741,334192,347,2026-04-21 15:41:50+03,2026-04-21 17:47:55+03,Неисправен
5995,333463,169,2026-04-21 15:43:28+03,2026-04-22 08:44:27+03,Неисправен
6018,333543,264,2026-04-21 15:43:50+03,2026-04-22 08:44:27+03,Неисправен
6800,333544,264,2026-04-21 15:43:50+03,2026-04-22 08:44:27+03,Неисправен
1549,334305,379,2026-04-21 15:49:54+03,2026-04-21 17:49:57+03,Неисправен
6045,334599,161,2026-04-21 15:51:27+03,2026-04-21 17:53:58+03,Неисправен
8267,334746,249,2026-04-21 15:52:54+03,2026-04-21 17:55:03+03,Неисправен
6030,334183,311,2026-04-21 16:03:28+03,2026-04-21 17:48:56+03,Неисправен
6813,334184,315,2026-04-21 16:04:30+03,2026-04-21 17:48:45+03,Неисправен
9869,144733,,2026-04-22 06:07:15+03,2026-04-22 08:11:36+03,Много неисправных устройств
10717,144734,,2026-04-22 06:07:15+03,2026-04-22 07:28:20+03,Много неисправных устройств
8355,178331,,2026-04-22 06:07:15+03,2026-04-27 07:11:10+03,Много неисправных устройств
5996,333463,169,2026-04-22 08:46:10+03,2026-04-22 12:11:32+03,Неисправен
6019,333543,264,2026-04-22 08:48:22+03,2026-04-22 12:11:32+03,Неисправен
6801,333544,264,2026-04-22 08:48:22+03,2026-04-22 12:11:32+03,Неисправен
8268,334746,249,2026-04-22 09:13:51+03,2026-04-22 10:22:42+03,Неисправен
9699,334748,258,2026-04-22 09:13:51+03,2026-04-22 10:22:42+03,Неисправен
7544,334761,250,2026-04-22 09:13:51+03,2026-04-22 10:22:42+03,Неисправен
3877,334708,240,2026-04-22 10:22:56+03,2026-04-22 12:11:32+03,Неисправен
8269,334746,249,2026-04-22 10:33:55+03,2026-04-22 12:11:32+03,Неисправен
9700,334748,258,2026-04-22 10:33:55+03,2026-04-22 12:11:32+03,Неисправен
7545,334761,250,2026-04-22 10:33:56+03,2026-04-22 12:11:32+03,Неисправен
748,334640,183,2026-04-22 10:56:32+03,2026-04-22 12:11:32+03,Неисправен
10687,115566,,2026-04-22 10:58:16+03,2026-04-22 13:59:42+03,Неисправен
6036,334567,158,2026-04-22 11:00:48+03,2026-04-22 12:11:29+03,Неисправен
7534,334569,165,2026-04-22 11:01:06+03,2026-04-22 12:11:29+03,Неисправен
8258,334570,170,2026-04-22 11:01:06+03,2026-04-22 12:11:29+03,Неисправен
8909,334571,173,2026-04-22 11:01:06+03,2026-04-22 12:11:29+03,Неисправен
9690,334572,178,2026-04-22 11:01:06+03,2026-04-22 12:11:29+03,Неисправен
6819,334568,159,2026-04-22 11:01:28+03,2026-04-22 12:11:29+03,Неисправен
6046,334599,161,2026-04-22 11:02:16+03,2026-04-22 12:11:29+03,Неисправен
8904,333899,283,2026-04-22 11:05:06+03,2026-04-22 12:11:32+03,Неисправен
5419,115575,,2026-04-22 11:47:28+03,2026-04-22 14:27:58+03,Неисправен
5997,333463,169,2026-04-22 12:14:24+03,2026-04-22 14:16:46+03,Неисправен
6020,333543,264,2026-04-22 12:20:58+03,2026-04-22 14:16:46+03,Неисправен
6802,333544,264,2026-04-22 12:20:58+03,2026-04-22 14:16:46+03,Неисправен
8905,333899,283,2026-04-22 12:21:44+03,2026-04-22 13:59:24+03,Неисправен
6031,334183,311,2026-04-22 12:23:50+03,2026-04-22 13:59:15+03,Неисправен
6814,334184,315,2026-04-22 12:23:50+03,2026-04-22 13:59:05+03,Неисправен
7529,334185,320,2026-04-22 12:23:50+03,2026-04-22 13:58:59+03,Неисправен
8255,334186,324,2026-04-22 12:23:50+03,2026-04-22 13:58:49+03,Неисправен
8907,334187,329,2026-04-22 12:23:50+03,2026-04-22 13:58:54+03,Неисправен
9687,334188,333,2026-04-22 12:23:50+03,2026-04-22 13:58:44+03,Неисправен
10596,334189,338,2026-04-22 12:23:50+03,2026-04-22 13:58:38+03,Неисправен
11384,334190,341,2026-04-22 12:23:50+03,2026-04-22 13:58:34+03,Неисправен
12121,334191,346,2026-04-22 12:23:50+03,2026-04-22 13:59:43+03,Неисправен
742,334192,347,2026-04-22 12:23:50+03,2026-04-22 13:58:28+03,Неисправен
10598,334253,352,2026-04-22 12:23:58+03,2026-04-22 13:58:21+03,Неисправен
3841,334260,382,2026-04-22 12:23:58+03,2026-04-22 13:57:56+03,Неисправен
1550,334305,379,2026-04-22 12:23:58+03,2026-04-22 13:58:14+03,Неисправен
749,334640,183,2026-04-22 12:25:07+03,2026-04-22 14:00:20+03,Неисправен
3878,334708,240,2026-04-22 12:26:34+03,2026-04-22 13:56:30+03,Неисправен
8270,334746,249,2026-04-22 12:27:00+03,2026-04-22 14:00:47+03,Неисправен
9701,334748,258,2026-04-22 12:27:00+03,2026-04-22 14:00:37+03,Неисправен
7546,334761,250,2026-04-22 12:27:00+03,2026-04-22 14:00:42+03,Неисправен
6037,334567,158,2026-04-22 12:35:57+03,2026-04-22 14:00:13+03,Неисправен
6820,334568,159,2026-04-22 12:35:57+03,2026-04-22 14:00:08+03,Неисправен
7535,334569,165,2026-04-22 12:35:57+03,2026-04-22 13:57:11+03,Неисправен
8259,334570,170,2026-04-22 12:35:57+03,2026-04-22 13:57:03+03,Неисправен
8910,334571,173,2026-04-22 12:35:57+03,2026-04-22 13:56:57+03,Неисправен
9691,334572,178,2026-04-22 12:35:57+03,2026-04-22 13:56:50+03,Неисправен
6047,334599,161,2026-04-22 12:35:57+03,2026-04-22 13:57:19+03,Неисправен
5998,333463,169,2026-04-22 14:20:35+03,2026-04-23 10:23:20+03,Неисправен
6021,333543,264,2026-04-22 14:21:36+03,2026-04-23 10:24:20+03,Неисправен
6803,333544,264,2026-04-22 14:21:36+03,2026-04-23 10:24:20+03,Неисправен
1535,288321,3122,2026-04-23 09:34:14+03,2026-04-30 09:37:02+03,Неисправен
5286,288326,3118,2026-04-23 09:43:18+03,2026-04-30 09:23:55+03,Неисправен
8898,288331,3117,2026-04-23 09:44:20+03,2026-04-30 09:24:53+03,Неисправен
9671,288316,3123,2026-04-23 09:57:04+03,2026-04-30 09:37:28+03,Неисправен
5999,333463,169,2026-04-23 10:23:20+03,2026-04-24 09:23:09+03,Неисправен
6022,333543,264,2026-04-23 10:24:20+03,2026-04-24 09:23:09+03,Неисправен
6804,333544,264,2026-04-23 10:24:20+03,2026-04-24 09:23:09+03,Неисправен
6038,334567,158,2026-04-23 10:31:01+03,2026-04-23 11:31:30+03,Неисправен
6821,334568,159,2026-04-23 10:31:01+03,2026-04-23 11:31:30+03,Неисправен
7536,334569,165,2026-04-23 10:31:01+03,2026-04-23 11:31:20+03,Неисправен
8260,334570,170,2026-04-23 10:31:01+03,2026-04-23 11:37:30+03,Неисправен
8911,334571,173,2026-04-23 10:31:01+03,2026-04-23 11:37:30+03,Неисправен
9692,334572,178,2026-04-23 10:31:01+03,2026-04-23 11:37:30+03,Неисправен
6048,334599,161,2026-04-23 10:31:01+03,2026-04-23 11:37:48+03,Неисправен
5977,288311,3126,2026-04-23 10:31:26+03,2026-04-30 09:45:43+03,Неисправен
2305,288306,3128,2026-04-23 11:02:12+03,2026-04-30 09:49:40+03,Неисправен
1551,334305,379,2026-04-23 11:16:55+03,2026-04-23 12:35:52+03,Неисправен
10590,288301,3130,2026-04-23 11:18:12+03,2026-04-30 11:57:36+03,Неисправен
6779,288296,3132,2026-04-23 11:21:04+03,2026-04-30 12:00:06+03,Неисправен
3155,288291,3133,2026-04-23 11:22:02+03,2026-04-30 12:01:02+03,Неисправен
11377,288286,3136,2026-04-23 11:32:18+03,2026-04-30 12:06:10+03,Неисправен
7494,288281,3140,2026-04-23 11:35:50+03,2026-04-30 12:09:36+03,Неисправен
3831,288276,3141,2026-04-23 11:36:54+03,2026-04-30 12:11:16+03,Неисправен
12080,288271,3142,2026-04-23 11:39:36+03,2026-04-30 12:13:46+03,Неисправен
8232,288266,3143,2026-04-23 11:42:08+03,2026-04-30 12:16:49+03,Неисправен
9702,334748,258,2026-04-23 11:42:11+03,2026-04-24 09:23:09+03,Неисправен
6049,334599,161,2026-04-23 11:43:30+03,2026-04-23 15:35:50+03,Неисправен
732,288256,3147,2026-04-23 11:45:08+03,2026-04-30 12:19:20+03,Неисправен
8897,288251,3148,2026-04-23 11:45:56+03,2026-04-30 12:20:30+03,Неисправен
5285,288246,3149,2026-04-23 11:46:42+03,2026-04-30 12:21:38+03,Неисправен
1534,288241,3150,2026-04-23 11:47:46+03,2026-04-30 12:23:26+03,Неисправен
9670,288236,3151,2026-04-23 11:48:40+03,2026-04-30 12:24:44+03,Неисправен
5976,288231,3152,2026-04-23 11:49:14+03,2026-04-30 12:25:46+03,Неисправен
2304,288226,3153,2026-04-23 11:50:36+03,2026-04-30 12:28:58+03,Неисправен
10589,288221,3154,2026-04-23 11:52:42+03,2026-04-30 12:30:39+03,Неисправен
6778,288216,3157,2026-04-23 11:58:30+03,2026-04-30 12:36:00+03,Неисправен
3154,288211,3158,2026-04-23 11:58:40+03,2026-04-30 12:37:12+03,Неисправен
11376,288206,3161,2026-04-23 12:04:48+03,2026-04-30 12:41:08+03,Неисправен
7493,288201,3162,2026-04-23 12:05:22+03,2026-04-30 12:42:50+03,Неисправен
3830,288196,3164,2026-04-23 12:09:50+03,2026-04-30 12:46:00+03,Неисправен
12079,288191,3115,2026-04-23 12:15:24+03,2026-04-30 12:56:55+03,Неисправен
8231,288186,3112,2026-04-23 12:18:04+03,2026-04-30 12:59:50+03,Неисправен
4533,288181,3110,2026-04-23 12:21:12+03,2026-04-30 13:03:02+03,Неисправен
731,288176,3173,2026-04-23 12:24:10+03,2026-04-30 13:06:11+03,Неисправен
8896,288171,3170,2026-04-23 12:27:46+03,2026-04-30 13:10:00+03,Неисправен
5284,288166,3168,2026-04-23 12:30:24+03,2026-04-30 13:13:00+03,Неисправен
1533,288161,3167,2026-04-23 12:32:14+03,2026-04-30 13:15:56+03,Неисправен
9669,288156,3166,2026-04-23 12:32:44+03,2026-04-30 13:16:53+03,Неисправен
5975,288151,3138,2026-04-23 12:37:24+03,2026-04-30 13:21:44+03,Неисправен
2303,288146,3165,2026-04-23 12:42:21+03,2026-04-30 13:32:31+03,Неисправен
10588,288141,3145,2026-04-23 12:42:45+03,2026-04-30 13:33:20+03,Неисправен
6032,334183,311,2026-04-23 12:43:07+03,2026-04-23 14:24:56+03,Неисправен
6815,334184,315,2026-04-23 12:43:07+03,2026-04-23 14:22:26+03,Неисправен
7530,334185,320,2026-04-23 12:43:07+03,2026-04-23 14:19:36+03,Неисправен
8256,334186,324,2026-04-23 12:43:07+03,2026-04-23 14:17:36+03,Неисправен
8908,334187,329,2026-04-23 12:43:07+03,2026-04-23 14:15:18+03,Неисправен
9688,334188,333,2026-04-23 12:43:07+03,2026-04-23 13:54:50+03,Неисправен
10597,334189,338,2026-04-23 12:43:07+03,2026-04-23 13:51:46+03,Неисправен
11385,334190,341,2026-04-23 12:43:07+03,2026-04-23 13:49:02+03,Неисправен
12122,334191,346,2026-04-23 12:43:07+03,2026-04-23 13:46:42+03,Неисправен
6776,288136,3108,2026-04-23 12:44:00+03,2026-04-24 07:12:46+03,Неисправен
6777,288136,3108,2026-04-24 09:26:00+03,2026-04-26 11:29:55+03,Неисправен
6000,333463,169,2026-04-24 09:27:25+03,2026-04-24 14:44:05+03,Неисправен
6023,333543,264,2026-04-24 09:28:25+03,2026-04-24 14:45:06+03,Неисправен
6805,333544,264,2026-04-24 09:28:25+03,2026-04-24 14:45:06+03,Неисправен
6050,334599,161,2026-04-24 10:11:19+03,2026-04-24 13:23:04+03,Неисправен
8271,334746,249,2026-04-24 10:14:14+03,2026-04-24 11:31:35+03,Неисправен
9703,334748,258,2026-04-24 10:14:14+03,2026-04-24 11:35:59+03,Неисправен
7547,334761,250,2026-04-24 10:14:14+03,2026-04-24 12:09:39+03,Неисправен
735,333616,71,2026-04-24 10:14:31+03,2026-04-24 14:44:22+03,Неисправен
7501,333625,94,2026-04-24 10:14:31+03,2026-04-24 14:44:22+03,Неисправен
2320,333634,114,2026-04-24 10:14:33+03,2026-04-24 14:44:23+03,Неисправен
7525,333737,158,2026-04-24 10:14:33+03,2026-04-24 14:45:05+03,Неисправен
6810,333736,158,2026-04-24 10:14:35+03,2026-04-24 14:45:05+03,Неисправен
4562,3126,498,2026-04-24 12:01:48+03,2026-04-27 07:11:16+03,Неисправен
10115,228829,1769,2026-04-24 12:07:18+03,2026-04-24 14:27:12+03,Неисправен
6051,334599,161,2026-04-24 13:23:52+03,2026-04-24 14:27:37+03,Неисправен
6001,333463,169,2026-04-24 14:44:05+03,2026-04-27 11:56:06+03,Неисправен
736,333616,71,2026-04-24 14:44:22+03,2026-04-27 11:56:06+03,Неисправен
7502,333625,94,2026-04-24 14:44:22+03,2026-04-27 11:56:06+03,Неисправен
2321,333634,114,2026-04-24 14:44:23+03,2026-04-27 11:56:06+03,Неисправен
6811,333736,158,2026-04-24 14:45:05+03,2026-04-27 11:11:53+03,Неисправен
7526,333737,158,2026-04-24 14:45:05+03,2026-04-27 11:11:53+03,Неисправен
6024,333543,264,2026-04-24 14:45:06+03,2026-04-27 11:56:06+03,Неисправен
6806,333544,264,2026-04-24 14:45:06+03,2026-04-27 11:56:06+03,Неисправен
10116,228829,1769,2026-04-24 14:55:04+03,2026-04-24 16:18:54+03,Неисправен
5303,334598,161,2026-04-27 08:51:41+03,2026-04-27 10:21:41+03,Неисправен
6052,334599,161,2026-04-27 08:51:41+03,2026-04-27 10:25:40+03,Неисправен
6002,333463,169,2026-04-27 11:58:32+03,2026-04-28 10:17:44+03,Неисправен
6402,229144,1978,2026-04-27 23:27:28+03,2026-04-28 01:43:10+03,Неисправен
6003,333463,169,2026-04-28 11:00:22+03,2026-04-28 15:10:19+03,Неисправен
5304,334598,161,2026-04-28 12:22:48+03,2026-04-28 15:14:47+03,Неисправен
6004,333463,169,2026-04-28 15:10:19+03,2026-05-19 15:38:10+03,Неисправен
6231,196824,,2026-04-29 02:51:01+03,2026-04-29 12:16:30+03,Много неисправных устройств
10004,214125,,2026-04-30 13:37:14+03,2026-04-30 14:57:45+03,Неисправен
15,9328,,2026-05-02 14:51:53+03,2026-05-02 16:36:08+03,Много неисправных устройств
794,9329,,2026-05-02 14:51:53+03,2026-05-02 16:36:08+03,Много неисправных устройств
1581,9330,,2026-05-02 14:51:53+03,2026-05-02 16:36:08+03,Много неисправных устройств
9481,230748,1727,2026-05-02 16:31:17+03,2026-05-04 07:45:29+03,Много неисправных устройств
10473,230749,,2026-05-02 16:31:17+03,2026-05-06 15:16:07+03,Много неисправных устройств
6649,231352,,2026-05-02 16:31:17+03,2026-05-04 07:17:58+03,Много неисправных устройств
11241,231422,1843,2026-05-02 16:31:17+03,2026-05-06 15:16:08+03,Много неисправных устройств
795,9329,,2026-05-02 16:44:35+03,2026-05-02 21:25:00+03,Много неисправных устройств
1582,9330,,2026-05-02 16:44:35+03,2026-05-02 21:25:00+03,Много неисправных устройств
16,9328,,2026-05-02 17:11:06+03,2026-05-02 21:25:00+03,Много неисправных устройств
12109,331519,,2026-05-02 17:12:49+03,2026-05-02 21:24:54+03,Много неисправных устройств
11269,267934,,2026-05-02 17:12:57+03,2026-05-02 21:24:59+03,Много неисправных устройств
3229,120116,,2026-05-03 06:30:33+03,2026-05-03 12:09:00+03,Много неисправных устройств
3955,120117,,2026-05-03 06:30:33+03,2026-05-03 11:00:13+03,Много неисправных устройств
4638,120118,,2026-05-03 06:30:33+03,2026-05-03 12:09:00+03,Много неисправных устройств
9832,120285,,2026-05-03 06:30:34+03,2026-05-03 12:13:29+03,Много неисправных устройств
3310,196820,,2026-05-03 06:30:36+03,2026-05-06 08:02:22+03,Много неисправных устройств
5512,196823,,2026-05-03 06:30:36+03,2026-05-06 08:02:22+03,Много неисправных устройств
10511,269757,,2026-05-03 06:30:36+03,2026-05-03 08:24:11+03,Много неисправных устройств
5200,269766,2596,2026-05-03 06:30:37+03,2026-05-05 17:42:14+03,Много неисправных устройств
6668,236792,2074,2026-05-04 12:07:32+03,2026-05-06 07:29:57+03,Неисправен
1442,268881,,2026-05-05 07:33:45+03,2026-05-05 13:01:16+03,Много неисправных устройств
8941,93628,710,2026-05-06 08:08:37+03,2026-05-06 09:09:21+03,Неисправен
7507,333705,158,2026-05-07 03:39:06+03,2026-05-08 04:20:05+03,Неисправен
7508,333705,158,2026-05-08 04:20:06+03,2026-05-08 06:51:06+03,Неисправен
7509,333705,158,2026-05-08 06:51:11+03,2026-05-08 10:42:49+03,Неисправен
1443,268881,,2026-05-09 08:17:29+03,2026-05-09 11:53:43+03,Много неисправных устройств
7510,333705,158,2026-05-09 09:02:44+03,2026-05-09 10:12:12+03,Неисправен
7511,333705,158,2026-05-11 17:34:11+03,2026-05-11 20:03:58+03,Неисправен
7512,333705,158,2026-05-11 20:07:14+03,2026-05-11 22:43:42+03,Неисправен
5527,197031,,2026-05-12 04:47:06+03,2026-05-12 12:47:19+03,Неисправен
7513,333705,158,2026-05-13 00:29:15+03,2026-05-13 06:03:27+03,Неисправен
9548,267052,2204,2026-05-13 07:58:43+03,2026-05-13 09:49:52+03,Неисправен
9549,267052,2204,2026-05-13 09:50:03+03,2026-05-13 13:16:38+03,Неисправен
9550,267052,2204,2026-05-13 13:22:12+03,2026-05-13 15:00:27+03,Неисправен
7514,333705,158,2026-05-13 16:42:50+03,2026-05-13 21:45:26+03,Неисправен
7515,333705,158,2026-05-14 03:15:02+03,2026-05-14 08:57:10+03,Неисправен
9551,267052,2204,2026-05-15 08:13:38+03,2026-05-15 10:29:08+03,Неисправен
10007,214221,,2026-05-15 09:47:41+03,2026-05-15 12:07:24+03,Неисправен
9542,236748,2077,2026-05-16 15:14:40+03,2026-05-16 18:07:44+03,Неисправен
635,236768,2077,2026-05-16 15:14:40+03,2026-05-16 18:07:30+03,Неисправен
6033,334407,95,2026-05-18 02:31:02+03,2026-05-18 04:41:25+03,Неисправен
9552,267052,2204,2026-05-18 08:10:04+03,2026-05-18 10:30:21+03,Неисправен
90,120512,461,2026-05-18 09:52:20+03,2026-05-18 10:59:42+03,Неисправен
9841,120573,421,2026-05-18 09:52:20+03,2026-05-18 11:00:12+03,Неисправен
2447,120595,409,2026-05-18 09:52:20+03,2026-05-18 11:00:30+03,Неисправен
4661,120230,409,2026-05-18 10:36:37+03,2026-05-18 12:12:59+03,Неисправен
9819,120237,409,2026-05-18 10:38:02+03,2026-05-18 12:12:26+03,Неисправен
3975,120245,453,2026-05-18 10:38:57+03,2026-05-18 12:11:36+03,Неисправен
10707,120254,401,2026-05-18 10:40:28+03,2026-05-18 12:10:37+03,Неисправен
6914,120265,401,2026-05-18 10:41:45+03,2026-05-18 12:09:34+03,Неисправен
864,120257,401,2026-05-18 10:43:56+03,2026-05-18 12:10:19+03,Неисправен
164,154848,409,2026-05-18 10:43:56+03,2026-05-18 12:12:09+03,Неисправен
1727,154850,401,2026-05-18 10:43:56+03,2026-05-18 12:10:50+03,Неисправен
6198,193128,822,2026-05-18 10:55:56+03,2026-05-18 17:10:44+03,Неисправен
9553,267052,2204,2026-05-19 09:16:20+03,2026-05-19 10:24:56+03,Неисправен
6005,333463,169,2026-05-19 15:38:10+03,2026-05-29 10:28:25+03,Неисправен
3164,334323,396,2026-05-19 15:41:20+03,2026-05-19 17:32:46+03,Неисправен
3165,334323,396,2026-05-19 18:04:39+03,2026-05-20 00:16:25+03,Неисправен
233,214224,,2026-05-20 09:24:52+03,2026-05-20 10:53:47+03,Неисправен
1444,268881,,2026-05-20 11:02:07+03,2026-05-20 14:16:06+03,Много неисправных устройств
9870,144733,,2026-05-20 13:53:34+03,2026-05-20 15:14:38+03,Много неисправных устройств
10718,144734,,2026-05-20 13:53:34+03,2026-05-20 15:14:38+03,Много неисправных устройств
8356,178331,,2026-05-20 13:53:34+03,2026-05-20 15:14:38+03,Много неисправных устройств
7516,333705,158,2026-05-21 01:09:30+03,2026-05-21 02:41:42+03,Неисправен
9482,230748,1727,2026-05-21 08:20:37+03,2026-05-21 16:14:32+03,Много неисправных устройств
10474,230749,,2026-05-21 08:20:37+03,2026-05-22 15:39:45+03,Много неисправных устройств
6650,231352,,2026-05-21 08:20:37+03,2026-05-21 17:00:08+03,Много неисправных устройств
11242,231422,1843,2026-05-21 08:20:37+03,2026-05-22 15:39:45+03,Много неисправных устройств
4571,93510,757,2026-05-21 10:17:27+03,2026-05-21 20:51:48+03,Неисправен
2372,93507,757,2026-05-21 10:19:44+03,2026-05-21 20:51:22+03,Неисправен
10819,212862,1592,2026-05-21 15:06:34+03,2026-05-21 18:42:33+03,Неисправен
5421,115687,,2026-05-23 08:01:02+03,2026-05-23 09:26:01+03,Неисправен
6093,115688,,2026-05-23 08:01:02+03,2026-05-23 09:26:03+03,Неисправен
3868,334548,144,2026-05-25 08:21:52+03,2026-05-25 09:30:35+03,Неисправен
7517,333705,158,2026-05-25 08:55:47+03,2026-05-25 12:36:47+03,Неисправен
5302,334582,159,2026-05-25 14:21:59+03,2026-05-25 15:37:30+03,Неисправен
9992,212893,1519,2026-05-26 09:21:56+03,2026-05-26 12:18:44+03,Неисправен
2608,212899,1519,2026-05-26 09:21:56+03,2026-05-26 12:18:22+03,Неисправен
7390,267993,2459,2026-05-26 10:24:56+03,2026-05-26 12:59:00+03,Неисправен
234,214224,,2026-05-26 11:32:16+03,2026-05-26 14:49:52+03,Неисправен
7416,287257,3083,2026-05-27 00:15:40+03,2026-05-27 02:18:33+03,Неисправен
8935,77532,,2026-05-27 08:51:52+03,2026-05-27 17:14:14+03,Много неисправных устройств
9740,77533,,2026-05-27 08:51:52+03,2026-05-27 20:03:13+03,Много неисправных устройств
7518,333705,158,2026-05-27 15:31:29+03,2026-05-27 21:28:53+03,Неисправен
235,214224,,2026-05-27 16:36:11+03,2026-05-27 22:03:49+03,Неисправен
7519,333705,158,2026-05-28 04:49:06+03,2026-05-28 10:30:11+03,Неисправен
6095,115768,1005,2026-05-28 11:33:58+03,2026-05-28 13:45:03+03,Неисправен
7520,333705,158,2026-05-28 22:05:47+03,2026-05-29 10:15:38+03,Неисправен
6006,333463,169,2026-05-29 10:37:39+03,2026-06-12 09:26:30+03,Неисправен
7521,333705,158,2026-05-29 15:45:19+03,2026-05-29 17:06:10+03,Неисправен
7522,333705,158,2026-05-29 19:47:02+03,2026-05-30 08:16:42+03,Неисправен
4750,213430,1563,2026-05-31 17:34:37+03,2026-05-31 21:47:10+03,Неисправен
9793,115565,,2026-05-31 22:32:06+03,2026-06-03 16:52:04+03,Неисправен
10688,115566,,2026-05-31 22:32:06+03,2026-06-03 16:52:08+03,Неисправен
9796,115581,953,2026-05-31 22:32:06+03,2026-06-04 20:47:24+03,Неисправен
7523,333705,158,2026-06-02 00:29:35+03,2026-06-03 16:22:36+03,Неисправен
657,278336,2425,2026-06-04 09:22:32+03,2026-06-15 10:02:26+03,Неисправен
8810,278331,2424,2026-06-04 09:23:02+03,2026-06-15 10:03:08+03,Неисправен
5202,278326,2416,2026-06-04 09:24:08+03,2026-06-15 10:04:52+03,Неисправен
1447,278321,2414,2026-06-04 09:24:44+03,2026-06-15 10:05:56+03,Неисправен
9568,278316,2373,2026-06-04 09:30:08+03,2026-06-15 10:11:46+03,Неисправен
5892,278311,2371,2026-06-04 09:30:44+03,2026-06-15 10:12:42+03,Неисправен
2217,278306,2325,2026-06-04 09:36:46+03,2026-06-15 10:19:14+03,Неисправен
10514,278301,2315,2026-06-04 09:38:40+03,2026-06-15 10:21:26+03,Неисправен
6693,278296,2313,2026-06-04 09:39:12+03,2026-06-15 10:23:50+03,Неисправен
3064,278291,2298,2026-06-04 09:41:58+03,2026-06-15 10:26:58+03,Неисправен
11286,278286,2279,2026-06-04 09:44:50+03,2026-06-15 10:30:14+03,Неисправен
7385,267433,2277,2026-06-04 09:46:00+03,2026-06-15 10:31:38+03,Неисправен
28,93424,785,2026-06-04 09:47:17+03,2026-06-04 15:14:26+03,Неисправен
3733,267428,2243,2026-06-04 09:50:58+03,2026-06-15 11:07:52+03,Неисправен
5351,93447,785,2026-06-04 09:53:07+03,2026-06-04 14:02:32+03,Неисправен
46,93584,725,2026-06-04 09:53:07+03,2026-06-04 15:18:05+03,Неисправен
11976,267423,2242,2026-06-04 09:53:08+03,2026-06-15 11:09:50+03,Неисправен
6207,193208,792,2026-06-04 09:57:27+03,2026-06-04 17:11:54+03,Неисправен
8372,193211,792,2026-06-04 09:57:27+03,2026-06-04 17:12:07+03,Неисправен
8126,267418,2240,2026-06-04 09:57:44+03,2026-06-15 11:11:48+03,Неисправен
58,93936,653,2026-06-04 10:00:41+03,2026-06-04 17:13:04+03,Неисправен
4436,267413,2222,2026-06-04 10:02:10+03,2026-06-15 11:15:34+03,Неисправен
1754,193186,800,2026-06-04 10:02:32+03,2026-06-04 17:11:14+03,Неисправен
4726,193190,800,2026-06-04 10:02:32+03,2026-06-04 17:11:26+03,Неисправен
5186,267398,2204,2026-06-04 10:05:10+03,2026-06-15 11:18:52+03,Неисправен
8796,267403,2204,2026-06-04 10:06:24+03,2026-06-15 11:20:22+03,Неисправен
641,267408,2204,2026-06-04 10:06:50+03,2026-06-15 11:20:54+03,Неисправен
11493,193167,807,2026-06-04 10:07:59+03,2026-06-04 17:10:28+03,Неисправен
818,94001,618,2026-06-04 10:08:32+03,2026-06-04 17:17:38+03,Неисправен
4599,94006,619,2026-06-04 10:08:32+03,2026-06-04 17:18:04+03,Неисправен
7570,94826,619,2026-06-04 10:08:32+03,2026-06-04 17:17:14+03,Неисправен
1415,267393,2198,2026-06-04 10:10:20+03,2026-06-15 11:24:52+03,Неисправен
9557,267388,2196,2026-06-04 10:10:56+03,2026-06-15 11:25:42+03,Неисправен
7394,269721,2561,2026-06-04 10:11:17+03,2026-06-04 17:05:17+03,Неисправен
6079,94008,619,2026-06-04 10:14:19+03,2026-06-04 17:18:35+03,Неисправен
8305,94827,619,2026-06-04 10:14:19+03,2026-06-04 17:19:05+03,Неисправен
189,193152,817,2026-06-04 10:14:57+03,2026-06-04 17:09:53+03,Неисправен
2585,193155,817,2026-06-04 10:14:57+03,2026-06-04 17:10:05+03,Неисправен
2206,267378,2177,2026-06-04 10:14:58+03,2026-06-15 11:29:08+03,Неисправен
5873,267383,2179,2026-06-04 10:15:36+03,2026-06-15 11:28:24+03,Неисправен
9754,94829,615,2026-06-04 10:18:24+03,2026-06-04 17:20:09+03,Неисправен
11413,94831,615,2026-06-04 10:18:24+03,2026-06-04 17:20:38+03,Неисправен
10491,267373,2159,2026-06-04 10:19:04+03,2026-06-15 11:32:58+03,Неисправен
6675,267368,2157,2026-06-04 10:20:14+03,2026-06-15 11:35:26+03,Неисправен
3043,267363,2157,2026-06-04 10:22:22+03,2026-06-15 11:37:32+03,Неисправен
11260,267358,2141,2026-06-04 10:25:24+03,2026-06-15 11:49:40+03,Неисправен
2399,94835,608,2026-06-04 10:26:51+03,2026-06-04 17:21:13+03,Неисправен
10647,93982,629,2026-06-04 10:27:29+03,2026-06-04 17:16:06+03,Неисправен
6860,94825,629,2026-06-04 10:27:29+03,2026-06-04 17:16:41+03,Неисправен
3211,94836,608,2026-06-04 10:27:29+03,2026-06-04 17:21:26+03,Неисправен
7384,267353,2119,2026-06-04 10:29:50+03,2026-06-15 11:52:48+03,Неисправен
3732,267348,2117,2026-06-04 10:30:50+03,2026-06-15 11:53:46+03,Неисправен
6989,193113,832,2026-06-04 10:32:49+03,2026-06-04 17:08:30+03,Неисправен
8364,193115,832,2026-06-04 10:32:49+03,2026-06-04 17:08:41+03,Неисправен
6199,193128,822,2026-06-04 10:32:49+03,2026-06-04 17:09:11+03,Неисправен
7668,193130,822,2026-06-04 10:32:49+03,2026-06-04 17:09:26+03,Неисправен
11974,267343,2105,2026-06-04 10:32:54+03,2026-06-15 11:56:26+03,Неисправен
3931,94821,634,2026-06-04 10:33:04+03,2026-06-04 17:15:04+03,Неисправен
5377,94823,634,2026-06-04 10:33:04+03,2026-06-04 17:15:25+03,Неисправен
8124,267338,2103,2026-06-04 10:34:02+03,2026-06-15 11:57:46+03,Неисправен
4434,267333,2097,2026-06-04 10:35:40+03,2026-06-15 11:59:18+03,Неисправен
2390,94819,640,2026-06-04 10:36:38+03,2026-06-04 17:14:05+03,Неисправен
3204,94820,640,2026-06-04 10:36:38+03,2026-06-04 17:14:43+03,Неисправен
639,267328,2084,2026-06-04 10:38:26+03,2026-06-15 08:07:05+03,Неисправен
827,94817,653,2026-06-04 10:42:13+03,2026-06-04 17:13:14+03,Неисправен
1628,94818,652,2026-06-04 10:42:13+03,2026-06-04 17:13:36+03,Неисправен
4609,94838,599,2026-06-04 10:42:13+03,2026-06-04 17:21:29+03,Неисправен
5385,94839,599,2026-06-04 10:42:13+03,2026-06-04 17:22:05+03,Неисправен
6088,94840,599,2026-06-04 10:42:13+03,2026-06-04 17:22:19+03,Неисправен
6868,94841,599,2026-06-04 10:42:13+03,2026-06-04 17:20:28+03,Неисправен
9748,93917,660,2026-06-04 10:45:45+03,2026-06-04 13:39:43+03,Неисправен
812,93921,660,2026-06-04 10:45:45+03,2026-06-04 13:40:10+03,Неисправен
11557,215727,666,2026-06-04 10:50:23+03,2026-06-04 13:35:12+03,Неисправен
238,215728,666,2026-06-04 10:50:23+03,2026-06-04 13:34:53+03,Неисправен
11509,193183,800,2026-06-04 10:54:11+03,2026-06-04 17:11:01+03,Неисправен
1605,93458,776,2026-06-04 11:16:42+03,2026-06-04 14:12:15+03,Неисправен
10629,93470,769,2026-06-04 11:30:25+03,2026-06-04 15:15:05+03,Неисправен
2367,93491,763,2026-06-04 11:30:25+03,2026-06-04 15:15:26+03,Неисправен
2373,93507,757,2026-06-04 11:30:25+03,2026-06-04 12:37:54+03,Неисправен
4572,93510,757,2026-06-04 11:30:25+03,2026-06-04 15:03:48+03,Неисправен
1612,93522,752,2026-06-04 11:35:41+03,2026-06-04 13:18:46+03,Неисправен
10637,93566,734,2026-06-04 11:51:01+03,2026-06-04 15:17:31+03,Неисправен
806,93569,734,2026-06-04 11:51:01+03,2026-06-04 15:17:50+03,Неисправен
10655,94094,848,2026-06-04 11:53:30+03,2026-06-04 17:25:46+03,Неисправен
11420,94847,849,2026-06-04 11:53:30+03,2026-06-04 17:24:15+03,Неисправен
66,94848,848,2026-06-04 11:53:30+03,2026-06-04 17:24:38+03,Неисправен
9776,98173,848,2026-06-04 11:53:30+03,2026-06-04 17:25:28+03,Неисправен
5367,94103,842,2026-06-04 11:59:59+03,2026-06-04 17:26:17+03,Неисправен
10670,98174,843,2026-06-04 12:00:00+03,2026-06-04 17:26:37+03,Неисправен
11432,98175,843,2026-06-04 12:03:13+03,2026-06-04 17:27:18+03,Неисправен
4578,93590,725,2026-06-04 12:03:49+03,2026-06-04 15:18:14+03,Неисправен
833,94849,836,2026-06-04 12:16:52+03,2026-06-04 17:27:53+03,Неисправен
2414,98179,836,2026-06-04 12:16:52+03,2026-06-04 17:27:03+03,Неисправен
4620,98182,836,2026-06-04 12:16:52+03,2026-06-04 17:28:49+03,Неисправен
1636,94850,779,2026-06-04 12:22:19+03,2026-06-04 17:28:58+03,Неисправен
2408,94851,779,2026-06-04 12:22:19+03,2026-06-04 17:36:41+03,Неисправен
5408,98183,779,2026-06-04 12:22:19+03,2026-06-04 17:21:50+03,Неисправен
6889,98185,779,2026-06-04 12:22:19+03,2026-06-04 17:36:21+03,Неисправен
3940,94853,732,2026-06-04 12:29:58+03,2026-06-04 17:37:18+03,Неисправен
4615,94854,732,2026-06-04 12:29:58+03,2026-06-04 17:37:44+03,Неисправен
8964,98188,732,2026-06-04 12:29:58+03,2026-06-04 17:37:01+03,Неисправен
10661,94158,732,2026-06-04 12:29:59+03,2026-06-04 17:38:04+03,Неисправен
5399,94855,675,2026-06-04 12:35:01+03,2026-06-04 17:38:25+03,Неисправен
6882,94857,675,2026-06-04 12:35:01+03,2026-06-04 17:38:59+03,Неисправен
7583,94858,675,2026-06-04 12:35:01+03,2026-06-04 17:39:35+03,Неисправен
9786,98189,670,2026-06-04 12:35:01+03,2026-06-04 17:38:15+03,Неисправен
2374,93507,757,2026-06-04 12:40:00+03,2026-06-04 14:02:34+03,Неисправен
10679,98190,588,2026-06-04 12:41:59+03,2026-06-04 17:39:53+03,Неисправен
11442,98191,593,2026-06-04 12:41:59+03,2026-06-04 17:40:17+03,Неисправен
6853,94217,587,2026-06-04 12:47:05+03,2026-06-04 17:41:16+03,Неисправен
9768,94861,587,2026-06-04 12:47:05+03,2026-06-04 17:41:07+03,Неисправен
2425,98195,637,2026-06-04 12:49:41+03,2026-06-04 17:17:49+03,Неисправен
4583,93606,718,2026-06-04 12:51:34+03,2026-06-04 15:18:22+03,Неисправен
8942,93628,710,2026-06-04 13:10:08+03,2026-06-04 15:18:30+03,Неисправен
1613,93522,752,2026-06-04 13:19:53+03,2026-06-04 15:15:53+03,Неисправен
7558,94074,591,2026-06-04 13:20:02+03,2026-06-04 17:23:11+03,Неисправен
9759,94845,591,2026-06-04 13:20:53+03,2026-06-04 17:23:47+03,Неисправен
3193,93428,785,2026-06-04 13:57:26+03,2026-06-04 15:14:35+03,Неисправен
5352,93447,785,2026-06-04 14:04:33+03,2026-06-04 15:14:44+03,Неисправен
3923,93461,776,2026-06-04 14:13:49+03,2026-06-04 15:14:52+03,Неисправен
3924,93461,776,2026-06-04 15:20:49+03,2026-06-04 16:35:52+03,Неисправен
5353,93447,785,2026-06-04 15:29:10+03,2026-06-04 16:35:40+03,Неисправен
3932,94821,634,2026-06-04 17:36:33+03,2026-06-12 22:33:06+03,Неисправен
12078,288063,3144,2026-06-05 14:04:53+03,2026-06-05 15:10:49+03,Неисправен
3872,334692,219,2026-06-08 07:41:00+03,2026-06-08 08:52:38+03,Неисправен
3873,334692,219,2026-06-09 07:17:37+03,2026-06-09 08:19:29+03,Неисправен
1445,268881,,2026-06-10 06:29:58+03,2026-06-10 07:35:31+03,Много неисправных устройств
1446,268881,,2026-06-10 07:36:56+03,2026-06-10 10:37:14+03,Много неисправных устройств
12110,331519,,2026-06-11 11:44:17+03,2026-06-11 12:59:09+03,Много неисправных устройств
11560,215839,1369,2026-06-12 09:22:34+03,2026-06-12 14:47:33+03,Неисправен
6007,333463,169,2026-06-12 13:37:11+03,2026-06-15 06:19:43+03,Неисправен
59,93936,653,2026-06-13 05:25:00+03,,Неисправен
828,94817,653,2026-06-13 05:25:00+03,,Неисправен
1629,94818,652,2026-06-13 05:25:00+03,,Неисправен
10648,93982,629,2026-06-13 05:25:01+03,,Неисправен
819,94001,618,2026-06-13 05:25:01+03,,Неисправен
4600,94006,619,2026-06-13 05:25:01+03,,Неисправен
6080,94008,619,2026-06-13 05:25:01+03,,Неисправен
7559,94074,591,2026-06-13 05:25:01+03,,Неисправен
2391,94819,640,2026-06-13 05:25:01+03,2026-06-20 16:41:28+03,Неисправен
3205,94820,640,2026-06-13 05:25:01+03,,Неисправен
5378,94823,634,2026-06-13 05:25:01+03,,Неисправен
6861,94825,629,2026-06-13 05:25:01+03,,Неисправен
7571,94826,619,2026-06-13 05:25:01+03,,Неисправен
8306,94827,619,2026-06-13 05:25:01+03,,Неисправен
9755,94829,615,2026-06-13 05:25:01+03,,Неисправен
11414,94831,615,2026-06-13 05:25:01+03,,Неисправен
2400,94835,608,2026-06-13 05:25:01+03,,Неисправен
3212,94836,608,2026-06-13 05:25:01+03,,Неисправен
4610,94838,599,2026-06-13 05:25:01+03,,Неисправен
5386,94839,599,2026-06-13 05:25:01+03,,Неисправен
6089,94840,599,2026-06-13 05:25:01+03,,Неисправен
6869,94841,599,2026-06-13 05:25:01+03,,Неисправен
8959,94844,591,2026-06-13 05:25:01+03,,Неисправен
10656,94094,848,2026-06-13 05:25:02+03,,Неисправен
5368,94103,842,2026-06-13 05:25:02+03,,Неисправен
10662,94158,732,2026-06-13 05:25:02+03,,Неисправен
9760,94845,591,2026-06-13 05:25:02+03,,Неисправен
10665,94846,591,2026-06-13 05:25:02+03,,Неисправен
11421,94847,849,2026-06-13 05:25:02+03,,Неисправен
67,94848,848,2026-06-13 05:25:02+03,,Неисправен
834,94849,836,2026-06-13 05:25:02+03,,Неисправен
1637,94850,779,2026-06-13 05:25:02+03,2026-06-24 09:33:53+03,Неисправен
2409,94851,779,2026-06-13 05:25:02+03,,Неисправен
3941,94853,732,2026-06-13 05:25:02+03,,Неисправен
4616,94854,732,2026-06-13 05:25:02+03,,Неисправен
9777,98173,848,2026-06-13 05:25:02+03,,Неисправен
10671,98174,843,2026-06-13 05:25:02+03,,Неисправен
11433,98175,843,2026-06-13 05:25:02+03,,Неисправен
2415,98179,836,2026-06-13 05:25:02+03,,Неисправен
4621,98182,836,2026-06-13 05:25:02+03,,Неисправен
5409,98183,779,2026-06-13 05:25:02+03,,Неисправен
6890,98185,779,2026-06-13 05:25:02+03,,Неисправен
8965,98188,732,2026-06-13 05:25:02+03,,Неисправен
9787,98189,670,2026-06-13 05:25:02+03,,Неисправен
6854,94217,587,2026-06-13 05:25:03+03,,Неисправен
5400,94855,675,2026-06-13 05:25:03+03,,Неисправен
6883,94857,675,2026-06-13 05:25:03+03,,Неисправен
7584,94858,675,2026-06-13 05:25:03+03,,Неисправен
9769,94861,587,2026-06-13 05:25:03+03,,Неисправен
10680,98190,588,2026-06-13 05:25:03+03,,Неисправен
11443,98191,593,2026-06-13 05:25:03+03,,Неисправен
2426,98195,637,2026-06-13 05:25:03+03,,Неисправен
3933,94821,634,2026-06-13 05:25:28+03,,Неисправен
2204,267058,2204,2026-06-13 19:20:14+03,2026-06-13 20:57:02+03,Неисправен
11281,278014,2300,2026-06-13 19:20:14+03,2026-06-13 20:56:47+03,Неисправен
11990,278015,2300,2026-06-13 19:20:14+03,2026-06-13 20:56:47+03,Неисправен
8794,267051,2204,2026-06-13 19:21:10+03,2026-06-13 20:57:01+03,Неисправен
9554,267052,2204,2026-06-13 19:21:10+03,2026-06-13 20:57:01+03,Неисправен
1413,267057,2204,2026-06-13 19:21:10+03,2026-06-13 20:57:02+03,Неисправен
6672,267064,2204,2026-06-13 19:21:10+03,2026-06-13 20:57:43+03,Неисправен
637,267072,2204,2026-06-13 19:21:10+03,2026-06-13 20:57:47+03,Неисправен
11986,277999,2300,2026-06-13 19:21:10+03,2026-06-13 20:56:28+03,Неисправен
9555,267052,2204,2026-06-14 10:09:12+03,2026-06-14 12:17:00+03,Неисправен
6673,267064,2204,2026-06-15 15:22:30+03,2026-06-15 16:46:12+03,Неисправен
8257,334362,71,2026-06-16 00:14:40+03,2026-06-16 01:40:17+03,Неисправен
1552,334609,171,2026-06-18 03:46:47+03,2026-06-18 05:09:11+03,Неисправен
6094,115752,,2026-06-18 10:50:57+03,2026-06-18 14:52:02+03,Неисправен
6897,115753,,2026-06-18 10:50:57+03,2026-06-18 14:52:05+03,Неисправен
7533,334553,140,2026-06-22 09:21:20+03,2026-06-23 12:46:42+03,Неисправен
11294,287294,3103,2026-06-22 21:50:15+03,2026-06-22 23:10:58+03,Неисправен
11295,287294,3103,2026-06-23 05:34:25+03,2026-06-23 06:34:56+03,Неисправен
11296,287294,3103,2026-06-23 06:55:06+03,2026-06-23 08:15:52+03,Неисправен
8399,214219,,2026-06-25 13:58:05+03,2026-06-25 22:23:24+03,Неисправен
10991,229358,1876,2026-06-26 22:26:39+03,2026-06-27 02:23:56+03,Неисправен
10992,229358,1876,2026-06-27 02:47:38+03,2026-06-27 07:08:41+03,Неисправен
5615,228791,1775,2026-06-27 05:51:21+03,2026-06-28 19:52:15+03,Неисправен
10993,229358,1876,2026-06-27 07:32:24+03,2026-06-27 16:14:19+03,Неисправен
8789,236747,2077,2026-06-28 09:53:40+03,2026-06-28 13:28:54+03,Неисправен
8121,236762,2077,2026-06-28 09:53:40+03,2026-06-28 13:28:44+03,Неисправен
8790,236763,2077,2026-06-28 09:53:40+03,2026-06-28 13:28:44+03,Неисправен
4166,228885,1745,2026-06-29 12:08:29+03,2026-06-29 14:06:19+03,Неисправен
4914,228998,2028,2026-06-29 12:16:28+03,2026-06-29 14:05:46+03,Неисправен
1931,228994,2026,2026-06-29 12:17:28+03,2026-06-29 14:05:46+03,Неисправен
383,228992,2025,2026-06-29 12:17:40+03,2026-06-29 14:05:46+03,Неисправен
1985,229442,1907,2026-06-30 10:55:56+03,2026-06-30 12:26:23+03,Неисправен
9483,230748,1727,2026-06-30 12:28:37+03,2026-06-30 14:17:56+03,Много неисправных устройств
10475,230749,,2026-06-30 12:28:37+03,2026-06-30 14:17:56+03,Много неисправных устройств
6651,231352,,2026-06-30 12:28:37+03,2026-06-30 14:17:57+03,Много неисправных устройств
11243,231422,1843,2026-06-30 12:28:37+03,2026-06-30 14:17:57+03,Много неисправных устройств
