channel_id,equipment_no,object_kind,model_no,build_year,in_service_from,service_life_years
2866,900002866,DEMO,DEMO-300,2016,2016-09-01,10
2868,900002868,DEMO,DEMO-200,2020,2020-09-09,10
2869,900002869,DETM,DETM-100,2022,2023-04-09,10
2870,900002870,DEMO,DEMO-200,2016,2016-11-23,10
2871,900002871,DETM,DETM-200,2018,2019-07-03,10
2874,900002874,DEMO,DEMO-200,2014,2014-12-23,10
2875,900002875,DETM,DETM-300,2010,2011-03-23,10
2876,900002876,DEMO,DEMO-300,2020,2020-10-12,10
2877,900002877,DETM,DETM-100,2012,2012-06-01,10
2878,900002878,DEMO,DEMO-200,2018,2018-09-18,10
2879,900002879,DETM,DETM-300,2009,2009-09-30,10
2880,900002880,DEMO,DEMO-300,2021,2021-06-08,10
2881,900002881,DETM,DETM-100,2008,2008-11-25,10
2884,900002884,DEMO,DEMO-300,2014,2014-06-20,10
2885,900002885,DETM,DETM-100,2015,2015-03-26,10
2886,900002886,DEMO,DEMO-200,2010,2011-05-03,10
2887,900002887,DETM,DETM-100,2017,2018-04-18,10
2888,900002888,DEMO,DEMO-300,2012,2013-04-19,10
2892,900002892,DEMO,DEMO-100,2017,2018-02-21,10
2896,900002896,DEMO,DEMO-100,2019,2020-02-17,10
2898,900002898,DEMO,DEMO-100,2012,2013-04-19,10
2899,900002899,DETM,DETM-200,2017,2017-07-31,10
2902,900002902,DEMO,DEMO-100,2013,2014-03-28,10
2904,900002904,DEMO,DEMO-100,2018,2019-02-25,10
2906,900002906,DEMO,DEMO-200,2017,2018-06-05,10
2907,900002907,DETM,DETM-300,2012,2013-07-04,10
2942,900002942,DEMO,DEMO-200,2022,2023-06-07,10
2943,900002943,DETM,DETM-100,2010,2011-02-16,10
2944,900002944,DEMO,DEMO-100,2019,2020-06-20,10
2945,900002945,DETM,DETM-100,2013,2014-04-19,10
2946,900002946,DEMO,DEMO-300,2023,2024-05-12,10
2947,900002947,DETM,DETM-100,2009,2010-03-28,10
2952,900002952,DEMO,DEMO-300,2016,2017-02-10,10
2956,900002956,DEMO,DEMO-100,2009,2010-04-15,10
2957,900002957,DETM,DETM-300,2023,2023-04-03,10
2960,900002960,DEMO,DEMO-100,2012,2013-03-19,10
2961,900002961,DETM,DETM-300,2012,2012-06-27,10
2962,900002962,DEMO,DEMO-300,2020,2020-09-18,10
2964,900002964,DEMO,DEMO-300,2011,2012-02-29,10
2965,900002965,DETM,DETM-200,2009,2009-09-07,10
2976,900002976,DEMO,DEMO-100,2017,2017-10-07,10
2977,900002977,DETM,DETM-100,2019,2020-04-07,10
2978,900002978,DEMO,DEMO-300,2012,2012-04-09,10
2979,900002979,DETM,DETM-300,2009,2010-02-04,10
2982,900002982,DEMO,DEMO-200,2009,2010-09-23,10
2984,900002984,DEMO,DEMO-200,2023,2023-10-18,10
2985,900002985,DETM,DETM-300,2015,2015-11-02,10
2988,900002988,DEMO,DEMO-100,2010,2010-12-24,10
2989,900002989,DETM,DETM-200,2008,2009-10-23,10
2992,900002992,DEDR,DEDR-300,2010,2010-11-06,15
2994,900002994,SWAV,SWAV-200,2016,2016-07-10,15
2995,900002995,SWAV,SWAV-100,2019,2020-09-30,15
2996,900002996,DEHA,DEHA-300,2022,2022-09-21,15
2997,900002997,DEDR,DEDR-200,2018,2019-01-01,15
2999,900002999,DEDR,DEDR-100,2015,2015-11-05,15
3000,900003000,SWAV,SWAV-200,2018,2018-05-09,15
3001,900003001,DEDR,DEDR-200,2022,2022-09-04,15
3002,900003002,DEDR,DEDR-300,2012,2013-02-18,15
3003,900003003,SWAV,SWAV-100,2016,2016-12-08,15
3006,900003006,DEDR,DEDR-300,2009,2010-05-09,15
3007,900003007,DEDR,DEDR-200,2011,2011-10-11,15
3009,900003009,SWAV,SWAV-200,2019,2019-05-29,15
3011,900003011,SWAV,SWAV-300,2014,2015-05-05,15
3012,900003012,DEDR,DEDR-100,2021,2022-02-12,15
3018,900003018,DEDR,DEDR-100,2008,2009-03-12,15
3035,900003035,DEDR,DEDR-100,2013,2014-01-07,15
3036,900003036,DEDR,DEDR-300,2023,2023-12-14,15
3037,900003037,SWAV,SWAV-100,2019,2019-09-04,15
3038,900003038,DEDR,DEDR-300,2018,2019-06-12,15
3039,900003039,SWAV,SWAV-100,2018,2018-12-07,15
3041,900003041,DEDR,DEDR-300,2014,2015-08-25,15
3042,900003042,SWAV,SWAV-100,2016,2017-08-26,15
3043,900003043,DEDR,DEDR-300,2022,2023-05-17,15
3044,900003044,DEDR,DEDR-100,2017,2017-11-16,15
3045,900003045,DEDR,DEDR-100,2012,2013-05-11,15
3046,900003046,DEDR,DEDR-100,2014,2015-08-29,15
3048,900003048,DEDR,DEDR-100,2020,2021-03-19,15
3050,900003050,SWAV,SWAV-200,2009,2010-02-11,15
3051,900003051,SWAV,SWAV-300,2009,2010-04-14,15
3053,900003053,SWAV,SWAV-200,2021,2021-10-19,15
3056,900003056,DEDR,DEDR-300,2017,2017-12-26,15
3057,900003057,DEDR,DEDR-300,2020,2021-08-12,15
3058,900003058,SWAV,SWAV-100,2019,2019-12-15,15
3059,900003059,DEDR,DEDR-300,2021,2021-10-16,15
3060,900003060,DEDR,DEDR-300,2020,2021-03-27,15
3062,900003062,DEDR,DEDR-100,2017,2018-05-12,15
3063,900003063,DEDR,DEDR-100,2017,2017-12-03,15
3064,900003064,SWAV,SWAV-300,2011,2011-08-15,15
3067,900003067,SWAV,SWAV-200,2008,2008-10-02,15
3068,900003068,SWAV,SWAV-300,2012,2012-10-15,15
3069,900003069,DESM,DESM-300,2019,2019-11-01,10
3070,900003070,DEDR,DEDR-300,2017,2018-01-03,15
3071,900003071,DEDR,DEDR-200,2015,2015-11-11,15
3072,900003072,DEGL,DEGL-200,2018,2018-12-25,10
3073,900003073,DEMO,DEMO-200,2011,2012-04-17,10
3074,900003074,DESM,DESM-100,2013,2013-11-11,10
3075,900003075,DEDR,DEDR-100,2012,2012-10-09,15
3076,900003076,DEGL,DEGL-300,2012,2012-10-09,10
3077,900003077,DEMO,DEMO-300,2012,2012-08-31,10
3078,900003078,DESM,DESM-100,2022,2023-04-14,10
3080,900003080,DEDR,DEDR-300,2008,2008-12-04,15
3082,900003082,DEMO,DEMO-200,2022,2023-09-20,10
3083,900003083,DESM,DESM-200,2022,2023-05-11,10
3084,900003084,DEMO,DEMO-200,2021,2022-03-13,10
3085,900003085,DESM,DESM-200,2016,2017-08-04,10
3086,900003086,DEDR,DEDR-300,2019,2020-07-15,15
3087,900003087,DEMC,DEMC-300,2022,2022-11-19,10
3088,900003088,DESM,DESM-100,2018,2018-07-31,10
3089,900003089,DEDR,DEDR-300,2022,2022-12-23,15
3090,900003090,DEMO,DEMO-300,2012,2012-10-17,10
3091,900003091,DEMC,DEMC-100,2020,2020-08-21,10
3092,900003092,DEMO,DEMO-100,2013,2013-11-26,10
3094,900003094,DESM,DESM-300,2018,2018-09-24,10
3095,900003095,DEMC,DEMC-200,2016,2016-11-16,10
3096,900003096,DESM,DESM-300,2018,2019-03-04,10
3097,900003097,DEDR,DEDR-100,2011,2012-05-19,15
3098,900003098,DEMO,DEMO-100,2010,2011-01-05,10
3099,900003099,DESM,DESM-100,2013,2014-04-05,10
3100,900003100,DEMO,DEMO-100,2022,2022-02-15,10
3107,900003107,SWUR,SWUR-300,2023,2024-04-27,12
3108,900003108,SWUR,SWUR-300,2021,2022-04-30,12
3109,900003109,SWUR,SWUR-100,2016,2016-10-04,12
3110,900003110,SWUR,SWUR-300,2021,2021-11-26,12
3111,900003111,SWUR,SWUR-100,2015,2016-08-30,12
3112,900003112,SWUR,SWUR-300,2013,2014-07-08,12
3113,900003113,SWUR,SWUR-300,2023,2023-12-23,12
3114,900003114,SWUR,SWUR-200,2021,2021-10-20,12
3115,900003115,SWUR,SWUR-200,2015,2016-03-11,12
3116,900003116,SWUR,SWUR-300,2012,2012-11-07,12
3117,900003117,SWUR,SWUR-300,2019,2019-09-08,12
3118,900003118,SWUR,SWUR-300,2010,2010-11-15,12
3119,900003119,SWUR,SWUR-300,2019,2020-01-11,12
3120,900003120,SWUR,SWUR-200,2017,2018-02-05,12
3121,900003121,SWUR,SWUR-200,2020,2020-11-07,12
3122,900003122,SWUR,SWUR-300,2010,2010-08-05,12
3123,900003123,SWUR,SWUR-300,2020,2021-01-18,12
3124,900003124,SWUR,SWUR-200,2018,2018-01-31,12
3125,900003125,SWUR,SWUR-300,2012,2012-12-15,12
3126,900003126,ELUP,ELUP-200,2016,2017-11-04,8
3127,900003127,ELUP,ELUP-300,2020,2020-08-17,8
3128,900003128,ELUP,ELUP-200,2011,2011-12-25,8
3129,900003129,ELUP,ELUP-300,2018,2019-08-12,8
8767,900008767,ATFA,ATFA-300,2020,2021-02-22,15
8768,900008768,ATFA,ATFA-200,2020,2020-12-07,15
8769,900008769,ATFA,ATFA-300,2012,2013-01-14,15
8770,900008770,ATFA,ATFA-200,2011,2012-06-04,15
8771,900008771,ATFA,ATFA-200,2012,2013-02-27,15
8772,900008772,ATFA,ATFA-200,2008,2008-09-24,15
8773,900008773,ATFA,ATFA-200,2021,2022-01-23,15
8774,900008774,ATFA,ATFA-200,2022,2023-07-03,15
8775,900008775,ATFA,ATFA-100,2022,2022-07-30,15
8776,900008776,SWPH,SWPH-300,2011,2012-02-05,12
8777,900008777,SWPH,SWPH-100,2015,2015-09-25,12
8778,900008778,SWPH,SWPH-300,2010,2011-07-03,12
8779,900008779,SWPH,SWPH-300,2018,2019-02-27,12
8780,900008780,SWPH,SWPH-200,2016,2017-05-03,12
8781,900008781,SWPH,SWPH-200,2011,2012-08-03,12
8782,900008782,SWPH,SWPH-300,2017,2018-02-03,12
8783,900008783,SWPH,SWPH-200,2015,2015-08-10,12
8784,900008784,SWPH,SWPH-300,2015,2016-08-31,12
8785,900008785,SWPH,SWPH-100,2017,2018-04-03,12
8786,900008786,SWPH,SWPH-200,2014,2014-04-14,12
8787,900008787,SWPH,SWPH-100,2009,2010-08-11,12
8790,900008790,SWMS,SWMS-300,2012,2013-01-08,15
8791,900008791,SWMS,SWMS-300,2022,2022-11-05,15
8792,900008792,SWMS,SWMS-100,2015,2015-07-11,15
8793,900008793,SWMS,SWMS-200,2013,2014-06-15,15
8794,900008794,SWMS,SWMS-200,2009,2010-04-21,15
8795,900008795,SWMS,SWMS-300,2018,2018-11-08,15
8796,900008796,SWMS,SWMS-100,2023,2024-03-03,15
8797,900008797,SWMS,SWMS-200,2009,2010-05-05,15
8798,900008798,SWMS,SWMS-100,2013,2014-04-26,15
8799,900008799,SWMS,SWMS-100,2019,2020-02-08,15
8800,900008800,SWMS,SWMS-300,2009,2010-05-22,15
8801,900008801,SWMS,SWMS-200,2020,2020-06-19,15
8802,900008802,SWMS,SWMS-100,2013,2014-07-29,15
8803,900008803,SWMS,SWMS-300,2011,2012-03-05,15
8804,900008804,SWMS,SWMS-300,2023,2023-05-01,15
8808,900008808,DEGD,DEGD-200,2015,2016-01-28,10
8809,900008809,DEGD,DEGD-200,2016,2017-03-09,10
8810,900008810,DEGD,DEGD-200,2022,2022-09-29,10
8811,900008811,SWPH,SWPH-300,2016,2017-08-20,12
8812,900008812,PUCE,PUCE-200,2021,2022-05-11,10
8813,900008813,SWPH,SWPH-200,2012,2012-07-14,12
8814,900008814,SWPH,SWPH-100,2023,2023-10-26,12
8815,900008815,SWPH,SWPH-300,2015,2016-02-01,12
8816,900008816,SWPH,SWPH-200,2018,2019-03-05,12
8817,900008817,SWPH,SWPH-300,2018,2019-07-26,12
8818,900008818,ATFA,ATFA-200,2011,2011-11-25,15
8819,900008819,ATFA,ATFA-300,2014,2015-07-16,15
8820,900008820,ATFA,ATFA-300,2014,2014-11-18,15
8821,900008821,ATFA,ATFA-100,2023,2024-01-09,15
8822,900008822,SWPH,SWPH-200,2019,2019-11-26,12
8823,900008823,SWPH,SWPH-200,2008,2009-10-28,12
8824,900008824,SWPH,SWPH-100,2015,2016-01-10,12
8825,900008825,SWPH,SWPH-300,2013,2013-11-20,12
8826,900008826,SWPH,SWPH-300,2012,2013-01-01,12
8827,900008827,SWMS,SWMS-300,2018,2019-04-22,15
8828,900008828,SWMS,SWMS-200,2023,2024-01-03,15
8829,900008829,SWMS,SWMS-300,2010,2010-03-17,15
8830,900008830,SWMS,SWMS-200,2021,2022-05-23,15
8831,900008831,SWMS,SWMS-100,2023,2023-05-21,15
8832,900008832,SWMS,SWMS-100,2015,2016-04-27,15
8833,900008833,SWMS,SWMS-200,2015,2015-08-11,15
8834,900008834,SWMS,SWMS-100,2013,2014-01-29,15
8835,900008835,SWMS,SWMS-100,2018,2018-09-14,15
9328,900009328,SWSC,SWSC-200,2014,2014-11-13,10
9329,900009329,SWSC,SWSC-100,2016,2017-01-18,10
9330,900009330,SWSC,SWSC-200,2021,2021-09-11,10
9333,900009333,DETM,DETM-100,2009,2010-04-04,10
9334,900009334,DETM,DETM-300,2014,2014-10-20,10
9335,900009335,DETM,DETM-100,2015,2016-02-12,10
9336,900009336,DETM,DETM-200,2022,2022-11-06,10
9337,900009337,DETM,DETM-200,2018,2018-11-09,10
9338,900009338,DETM,DETM-300,2017,2018-05-25,10
9340,900009340,DETM,DETM-300,2011,2012-02-02,10
9351,900009351,DETM,DETM-100,2016,2017-06-08,10
9357,900009357,DETM,DETM-200,2022,2023-05-17,10
9359,900009359,DETM,DETM-200,2009,2010-05-15,10
9361,900009361,DETM,DETM-100,2022,2023-07-12,10
9363,900009363,DETM,DETM-300,2018,2019-04-06,10
9365,900009365,DETM,DETM-100,2011,2011-11-15,10
9366,900009366,DETM,DETM-300,2021,2021-07-06,10
9367,900009367,DETM,DETM-300,2011,2011-12-13,10
9368,900009368,DETM,DETM-300,2017,2017-09-16,10
9369,900009369,DETM,DETM-200,2022,2023-01-11,10
9370,900009370,DETM,DETM-300,2016,2016-11-14,10
9371,900009371,DETM,DETM-100,2010,2011-02-13,10
9372,900009372,DETM,DETM-200,2022,2023-05-16,10
9374,900009374,DETM,DETM-200,2017,2017-09-30,10
9375,900009375,DETM,DETM-300,2019,2019-07-25,10
9376,900009376,DETM,DETM-100,2021,2022-03-13,10
9377,900009377,DETM,DETM-100,2008,2009-07-21,10
9378,900009378,DETM,DETM-200,2013,2014-04-25,10
9379,900009379,DETM,DETM-100,2008,2008-06-20,10
47585,900047585,SWPH,SWPH-100,2018,2019-08-31,12
47586,900047586,SWPH,SWPH-300,2020,2021-07-05,12
47838,900047838,DEGD,DEGD-200,2015,2015-11-26,10
47840,900047840,SWPH,SWPH-100,2016,2017-05-01,12
48120,900048120,SWPH,SWPH-100,2008,2009-10-24,12
48121,900048121,SWPH,SWPH-200,2012,2012-09-23,12
50638,900050638,SWSC,SWSC-300,2012,2012-04-07,10
50733,900050733,DETM,DETM-300,2008,2008-09-12,10
50960,900050960,DESM,DESM-200,2023,2024-03-29,10
50961,900050961,DEDR,DEDR-300,2020,2021-02-26,15
50962,900050962,DEMO,DEMO-200,2014,2014-10-19,10
50963,900050963,DEMC,DEMC-200,2010,2010-07-07,10
50965,900050965,DETM,DETM-100,2019,2019-11-04,10
50966,900050966,DESM,DESM-100,2018,2018-05-03,10
50967,900050967,DEDR,DEDR-200,2010,2011-01-21,15
50968,900050968,DEDR,DEDR-300,2015,2015-07-08,15
50969,900050969,DEMC,DEMC-300,2019,2020-02-04,10
50970,900050970,DETM,DETM-200,2013,2013-12-11,10
50973,900050973,ELUP,ELUP-100,2011,2011-06-15,8
51139,900051139,SWPH,SWPH-300,2020,2020-07-03,12
51140,900051140,SWPH,SWPH-200,2018,2018-12-22,12
51141,900051141,SWPH,SWPH-100,2013,2013-04-14,12
51142,900051142,SWPH,SWPH-300,2017,2018-06-19,12
51143,900051143,SWPH,SWPH-200,2008,2009-06-28,12
51148,900051148,SWMS,SWMS-100,2014,2014-04-08,15
51663,900051663,SWPH,SWPH-100,2012,2012-04-15,12
51664,900051664,SWPH,SWPH-200,2014,2014-07-30,12
51667,900051667,ATFA,ATFA-200,2016,2016-09-03,15
51668,900051668,ATFA,ATFA-200,2018,2019-05-28,15
51669,900051669,ATFA,ATFA-300,2023,2024-03-12,15
51670,900051670,ATFA,ATFA-100,2021,2021-09-05,15
51671,900051671,ATFA,ATFA-100,2011,2011-04-02,15
51672,900051672,ATFA,ATFA-200,2009,2009-10-02,15
51673,900051673,ATFA,ATFA-100,2020,2020-10-18,15
51675,900051675,PUCE,PUCE-300,2022,2022-04-10,10
51676,900051676,PUCE,PUCE-300,2010,2011-06-15,10
51678,900051678,SWPH,SWPH-200,2012,2013-02-08,12
51680,900051680,SWPH,SWPH-300,2015,2016-02-11,12
51682,900051682,SWPH,SWPH-200,2022,2022-07-11,12
51684,900051684,SWPH,SWPH-100,2016,2017-07-18,12
51688,900051688,DEGD,DEGD-200,2010,2011-04-09,10
51690,900051690,SWMS,SWMS-300,2015,2015-05-24,15
51691,900051691,SWMS,SWMS-100,2017,2018-10-24,15
51692,900051692,SWMS,SWMS-200,2016,2016-11-13,15
51693,900051693,SWMS,SWMS-200,2010,2010-06-22,15
51694,900051694,SWMS,SWMS-200,2020,2020-08-09,15
51695,900051695,SWMS,SWMS-300,2013,2014-08-08,15
51697,900051697,SWMS,SWMS-100,2012,2012-12-27,15
51699,900051699,SWMS,SWMS-300,2019,2020-02-24,15
51701,900051701,SWMS,SWMS-200,2019,2020-01-25,15
51703,900051703,SWMS,SWMS-300,2022,2023-02-03,15
77532,900077532,SWSC,SWSC-300,2020,2020-04-14,10
77533,900077533,SWSC,SWSC-300,2011,2012-04-27,10
77534,900077534,DESM,DESM-100,2018,2019-02-01,10
77535,900077535,DEDR,DEDR-300,2008,2008-07-17,15
77536,900077536,DEDR,DEDR-100,2020,2020-12-01,15
77537,900077537,DEDR,DEDR-200,2016,2016-10-31,15
77538,900077538,DEMO,DEMO-100,2011,2012-04-13,10
77539,900077539,DEGL,DEGL-200,2017,2017-11-30,10
77541,900077541,DESM,DESM-300,2015,2016-07-19,10
77542,900077542,DEGL,DEGL-300,2009,2009-12-23,10
77544,900077544,ELUP,ELUP-300,2023,2024-05-09,8
77545,900077545,ELUP,ELUP-300,2014,2015-05-24,8
77546,900077546,DEMO,DEMO-100,2019,2020-03-30,10
77548,900077548,DEMO,DEMO-300,2022,2022-07-29,10
77550,900077550,DEMO,DEMO-200,2008,2008-11-09,10
77552,900077552,DEMO,DEMO-200,2014,2014-10-24,10
77553,900077553,DETM,DETM-200,2012,2012-08-07,10
77560,900077560,DEMO,DEMO-200,2023,2024-05-24,10
77562,900077562,DEMO,DEMO-300,2013,2013-11-08,10
77563,900077563,DETM,DETM-100,2017,2017-05-25,10
77568,900077568,DEMO,DEMO-100,2013,2014-05-12,10
77569,900077569,DETM,DETM-300,2011,2011-10-03,10
77570,900077570,DEMO,DEMO-100,2016,2016-12-16,10
77571,900077571,DETM,DETM-200,2016,2017-05-26,10
77672,900077672,DEMO,DEMO-100,2015,2016-05-08,10
77678,900077678,DEMO,DEMO-200,2023,2024-06-26,10
77679,900077679,DETM,DETM-100,2016,2016-04-30,10
77682,900077682,DEMO,DEMO-300,2016,2016-12-04,10
77683,900077683,DETM,DETM-200,2020,2020-05-20,10
77686,900077686,DEMO,DEMO-300,2018,2019-03-24,10
77690,900077690,DEMO,DEMO-100,2013,2014-02-15,10
77691,900077691,DETM,DETM-200,2021,2021-12-13,10
77702,900077702,DEMO,DEMO-300,2018,2018-03-25,10
77704,900077704,DEMO,DEMO-100,2012,2013-02-03,10
77705,900077705,DETM,DETM-300,2008,2009-03-12,10
77708,900077708,DEMO,DEMO-200,2023,2023-09-14,10
77710,900077710,DEMO,DEMO-200,2012,2012-11-10,10
77712,900077712,DEMO,DEMO-200,2010,2010-12-20,10
77713,900077713,DETM,DETM-300,2010,2010-03-21,10
77718,900077718,DEMO,DEMO-100,2020,2020-11-28,10
77719,900077719,DETM,DETM-200,2022,2023-05-24,10
77724,900077724,DEMO,DEMO-300,2023,2023-12-06,10
77726,900077726,DEMO,DEMO-100,2015,2016-01-06,10
77727,900077727,DETM,DETM-200,2009,2010-04-19,10
77728,900077728,DEMO,DEMO-300,2008,2009-05-24,10
77734,900077734,DEMO,DEMO-200,2016,2016-09-16,10
77735,900077735,DETM,DETM-300,2010,2011-06-15,10
77736,900077736,DEMO,DEMO-100,2015,2015-08-11,10
77737,900077737,DETM,DETM-300,2008,2008-07-06,10
77744,900077744,DEMO,DEMO-200,2021,2022-01-28,10
77752,900077752,DEMO,DEMO-200,2020,2021-04-26,10
77753,900077753,DETM,DETM-200,2010,2011-05-25,10
77754,900077754,DEMO,DEMO-300,2021,2021-10-01,10
77755,900077755,DETM,DETM-100,2018,2019-06-18,10
77758,900077758,DEMO,DEMO-100,2017,2017-06-22,10
77759,900077759,DETM,DETM-100,2013,2013-11-09,10
77764,900077764,DEMO,DEMO-100,2021,2022-07-30,10
77765,900077765,DETM,DETM-200,2021,2022-09-02,10
77766,900077766,DEMO,DEMO-300,2019,2019-07-21,10
77770,900077770,DEMO,DEMO-100,2016,2017-01-27,10
77771,900077771,DETM,DETM-200,2022,2023-01-02,10
77772,900077772,DEMO,DEMO-200,2010,2011-04-07,10
77773,900077773,DETM,DETM-100,2023,2023-12-05,10
77774,900077774,DEMO,DEMO-200,2011,2012-04-30,10
77775,900077775,DETM,DETM-100,2021,2022-07-11,10
77776,900077776,SWAV,SWAV-100,2018,2019-05-25,15
77777,900077777,DETM,DETM-200,2022,2022-11-25,10
77778,900077778,SWAV,SWAV-100,2015,2016-01-15,15
77779,900077779,DETM,DETM-300,2023,2024-01-23,10
77780,900077780,DEDR,DEDR-100,2023,2023-09-23,15
77781,900077781,DEDR,DEDR-200,2012,2012-09-21,15
77782,900077782,DEDR,DEDR-200,2016,2017-02-03,15
77783,900077783,DETM,DETM-100,2013,2013-09-12,10
77784,900077784,SWAV,SWAV-300,2012,2013-04-30,15
77785,900077785,DEDR,DEDR-300,2017,2017-08-26,15
77786,900077786,DETM,DETM-100,2013,2013-08-09,10
77787,900077787,DEDR,DEDR-100,2018,2019-02-16,15
77788,900077788,DETM,DETM-200,2021,2021-08-26,10
77789,900077789,DEDR,DEDR-200,2010,2010-10-22,15
77790,900077790,DETM,DETM-200,2015,2015-07-17,10
77827,900077827,SWAV,SWAV-200,2021,2021-10-11,15
77828,900077828,DEDR,DEDR-300,2012,2012-02-08,15
77829,900077829,DEDR,DEDR-300,2019,2019-10-13,15
77830,900077830,DETM,DETM-300,2012,2012-11-10,10
77831,900077831,DEDR,DEDR-100,2013,2014-09-05,15
77832,900077832,DETM,DETM-200,2019,2020-04-26,10
77833,900077833,SWAV,SWAV-100,2019,2019-05-26,15
77834,900077834,DEDR,DEDR-100,2019,2020-03-09,15
77835,900077835,DETM,DETM-200,2010,2011-02-14,10
77836,900077836,SWAV,SWAV-100,2022,2023-01-19,15
77837,900077837,DETM,DETM-200,2013,2013-09-05,10
77838,900077838,SWAV,SWAV-200,2010,2010-12-05,15
77839,900077839,DEDR,DEDR-100,2008,2008-03-01,15
77840,900077840,DEDR,DEDR-100,2012,2013-08-26,15
77842,900077842,SWAV,SWAV-300,2018,2019-04-15,15
77843,900077843,DEDR,DEDR-300,2008,2009-03-31,15
77844,900077844,DEDR,DEDR-200,2010,2010-05-11,15
77845,900077845,DETM,DETM-100,2021,2022-04-15,10
77846,900077846,DEDR,DEDR-200,2018,2019-02-25,15
77847,900077847,DEDR,DEDR-100,2009,2009-07-04,15
77849,900077849,DEDR,DEDR-100,2012,2012-05-22,15
77850,900077850,SWAV,SWAV-200,2010,2011-01-16,15
77851,900077851,DETM,DETM-300,2011,2011-12-08,10
77852,900077852,DEDR,DEDR-200,2012,2012-03-22,15
77853,900077853,DETM,DETM-200,2020,2021-01-19,10
77854,900077854,SWAV,SWAV-200,2017,2017-09-15,15
77855,900077855,DETM,DETM-200,2011,2012-04-07,10
90695,900090695,DEHA,DEHA-200,2010,2010-05-29,15
90696,900090696,DEHA,DEHA-200,2021,2022-02-24,15
90698,900090698,DEHA,DEHA-100,2021,2022-01-29,15
90699,900090699,DEHA,DEHA-300,2011,2011-06-24,15
90700,900090700,DEHA,DEHA-100,2018,2018-12-20,15
90715,900090715,DEHA,DEHA-300,2019,2020-01-08,15
90716,900090716,DEHA,DEHA-300,2013,2013-05-16,15
90718,900090718,DEHA,DEHA-300,2014,2014-09-04,15
90720,900090720,DEHA,DEHA-100,2011,2012-09-20,15
90722,900090722,DEHA,DEHA-200,2018,2018-08-07,15
90723,900090723,DEHA,DEHA-100,2009,2010-03-22,15
90724,900090724,DEHA,DEHA-100,2015,2016-06-21,15
90726,900090726,DEHA,DEHA-100,2013,2014-08-26,15
93138,900093138,SWSC,SWSC-300,2011,2011-08-01,10
93181,900093181,DEMO,DEMO-200,2012,2012-10-31,10
93187,900093187,DEMO,DEMO-300,2018,2018-04-19,10
93191,900093191,DEMO,DEMO-300,2013,2013-05-09,10
93193,900093193,DEMO,DEMO-200,2017,2018-05-10,10
93197,900093197,DEMO,DEMO-300,2015,2016-05-06,10
93198,900093198,DETM,DETM-200,2011,2012-03-16,10
93199,900093199,DEMO,DEMO-100,2011,2012-03-17,10
93203,900093203,DEMO,DEMO-200,2009,2010-01-12,10
93205,900093205,DEMO,DEMO-300,2018,2019-09-22,10
93207,900093207,DEMO,DEMO-100,2018,2018-11-01,10
93209,900093209,DEMO,DEMO-100,2017,2017-12-10,10
93211,900093211,DEMO,DEMO-200,2014,2015-06-20,10
93215,900093215,DEMO,DEMO-300,2010,2010-07-25,10
93217,900093217,DEMO,DEMO-300,2021,2021-10-09,10
93221,900093221,DEMO,DEMO-300,2019,2020-06-21,10
93222,900093222,DETM,DETM-100,2009,2010-01-28,10
93223,900093223,DEMO,DEMO-200,2008,2008-07-18,10
93229,900093229,DEMO,DEMO-100,2010,2010-07-29,10
93231,900093231,DEMO,DEMO-300,2009,2010-03-09,10
93237,900093237,DEMO,DEMO-100,2022,2022-12-14,10
93238,900093238,DETM,DETM-200,2014,2014-06-12,10
93239,900093239,DEMO,DEMO-200,2013,2013-05-18,10
93241,900093241,DEMO,DEMO-100,2017,2017-06-06,10
93243,900093243,DEMO,DEMO-200,2023,2023-11-24,10
93244,900093244,DETM,DETM-300,2023,2023-12-04,10
93245,900093245,DEMO,DEMO-300,2010,2010-12-19,10
93247,900093247,DEMO,DEMO-200,2017,2018-08-27,10
93251,900093251,DEMO,DEMO-300,2012,2012-10-24,10
93253,900093253,DEMO,DEMO-100,2018,2018-08-08,10
93259,900093259,DEMO,DEMO-300,2016,2017-07-28,10
93261,900093261,DEMO,DEMO-300,2019,2019-04-10,10
93269,900093269,DEMO,DEMO-100,2021,2022-04-06,10
93271,900093271,DEMO,DEMO-300,2010,2011-09-15,10
93272,900093272,DETM,DETM-300,2018,2018-11-23,10
93277,900093277,DEMO,DEMO-100,2015,2015-11-06,10
93279,900093279,DEMO,DEMO-200,2014,2015-03-15,10
93280,900093280,DETM,DETM-300,2012,2013-01-25,10
93285,900093285,DEMO,DEMO-100,2018,2018-04-20,10
93287,900093287,DEMO,DEMO-200,2010,2010-11-07,10
93291,900093291,DEMO,DEMO-200,2009,2009-09-01,10
93292,900093292,DETM,DETM-300,2012,2012-04-28,10
93424,900093424,DESM,DESM-200,2022,2022-11-22,10
93425,900093425,SWAV,SWAV-300,2010,2011-08-17,15
93426,900093426,DEDR,DEDR-300,2013,2013-12-19,15
93428,900093428,DESM,DESM-100,2023,2024-03-14,10
93429,900093429,DEHT,DEHT-300,2020,2021-03-21,10
93430,900093430,DEDR,DEDR-300,2009,2009-11-18,15
93433,900093433,DEHT,DEHT-100,2020,2021-02-23,10
93434,900093434,DEHT,DEHT-100,2011,2011-11-21,10
93435,900093435,DETM,DETM-200,2020,2021-08-28,10
93437,900093437,DEHT,DEHT-200,2010,2010-10-01,10
93438,900093438,DETM,DETM-300,2018,2018-12-13,10
93439,900093439,DEHT,DEHT-200,2022,2022-02-03,10
93440,900093440,DEHT,DEHT-300,2014,2015-11-30,10
93441,900093441,DEDR,DEDR-100,2014,2014-12-24,15
93442,900093442,DETM,DETM-100,2016,2016-12-22,10
93443,900093443,DESM,DESM-200,2021,2021-11-15,10
93447,900093447,DESM,DESM-100,2021,2022-06-17,10
93448,900093448,SWAV,SWAV-200,2019,2020-04-14,15
93450,900093450,DEHT,DEHT-100,2017,2018-01-10,10
93451,900093451,DEHT,DEHT-300,2011,2012-02-07,10
93452,900093452,DETM,DETM-200,2013,2013-10-11,10
93454,900093454,DEHT,DEHT-100,2014,2015-03-12,10
93455,900093455,DEHT,DEHT-100,2023,2024-09-05,10
93456,900093456,DEHT,DEHT-300,2018,2019-02-08,10
93457,900093457,DETM,DETM-300,2022,2023-06-24,10
93458,900093458,DESM,DESM-300,2013,2014-04-21,10
93461,900093461,DESM,DESM-200,2012,2012-03-23,10
93462,900093462,DEDR,DEDR-200,2018,2019-06-23,15
93464,900093464,DEHT,DEHT-100,2021,2022-08-13,10
93465,900093465,DEHT,DEHT-200,2022,2022-11-27,10
93466,900093466,DEHT,DEHT-200,2023,2024-05-11,10
93467,900093467,DEDR,DEDR-100,2022,2022-07-20,15
93468,900093468,DEHT,DEHT-200,2017,2017-12-18,10
93470,900093470,DESM,DESM-200,2011,2012-05-28,10
93472,900093472,DETM,DETM-200,2015,2016-05-29,10
93473,900093473,SWAV,SWAV-100,2012,2013-10-23,15
93475,900093475,DETM,DETM-100,2017,2017-09-09,10
93476,900093476,DEHT,DEHT-200,2015,2015-12-05,10
93477,900093477,DEDR,DEDR-100,2020,2020-11-09,15
93478,900093478,DEHT,DEHT-300,2015,2015-09-29,10
93479,900093479,DEHT,DEHT-200,2011,2012-10-25,10
93481,900093481,DETM,DETM-300,2018,2019-02-18,10
93482,900093482,DEHT,DEHT-300,2009,2009-06-09,10
93483,900093483,DEHT,DEHT-200,2013,2014-04-11,10
93484,900093484,DEHT,DEHT-200,2017,2017-07-30,10
93485,900093485,DEHT,DEHT-200,2012,2013-03-13,10
93486,900093486,DEHT,DEHT-100,2016,2017-08-26,10
93487,900093487,DETM,DETM-300,2010,2010-05-01,10
93488,900093488,DESM,DESM-200,2013,2014-04-28,10
93489,900093489,SWAV,SWAV-100,2018,2019-06-06,15
93491,900093491,DESM,DESM-200,2010,2011-03-07,10
93492,900093492,DEDR,DEDR-300,2010,2011-03-11,15
93494,900093494,DEHT,DEHT-200,2022,2023-05-16,10
93495,900093495,DEHT,DEHT-200,2019,2019-07-24,10
93496,900093496,DEDR,DEDR-200,2018,2019-01-23,15
93498,900093498,DEHT,DEHT-200,2008,2008-10-28,10
93499,900093499,DEHT,DEHT-200,2015,2015-07-26,10
93500,900093500,DEDR,DEDR-100,2017,2018-10-19,15
93501,900093501,DETM,DETM-100,2009,2010-10-01,10
93502,900093502,DEHT,DEHT-200,2009,2010-06-06,10
93503,900093503,DEHT,DEHT-300,2023,2024-02-10,10
93504,900093504,DEHT,DEHT-200,2023,2024-05-11,10
93505,900093505,DEHT,DEHT-200,2013,2014-01-14,10
93507,900093507,DESM,DESM-100,2010,2010-12-26,10
93508,900093508,DEDR,DEDR-200,2009,2010-04-07,15
93510,900093510,DESM,DESM-200,2023,2023-11-04,10
93511,900093511,SWAV,SWAV-100,2011,2011-09-06,15
93513,900093513,DEHT,DEHT-300,2019,2020-05-30,10
93514,900093514,DEDR,DEDR-300,2018,2018-12-30,15
93516,900093516,DEHT,DEHT-100,2019,2020-01-28,10
93517,900093517,DEHT,DEHT-200,2015,2015-12-27,10
93518,900093518,DEHT,DEHT-100,2013,2014-03-11,10
93519,900093519,DEHT,DEHT-200,2014,2014-06-20,10
93520,900093520,DEDR,DEDR-200,2010,2011-03-24,15
93522,900093522,DESM,DESM-300,2011,2011-04-05,10
93523,900093523,SWAV,SWAV-200,2013,2013-07-15,15
93524,900093524,DEHT,DEHT-100,2017,2017-06-05,10
93525,900093525,DEHT,DEHT-200,2020,2020-10-05,10
93527,900093527,DESM,DESM-300,2008,2008-10-30,10
93528,900093528,DEDR,DEDR-100,2010,2011-06-16,15
93530,900093530,DEHT,DEHT-200,2014,2015-04-07,10
93531,900093531,DEHT,DEHT-300,2011,2011-10-22,10
93532,900093532,DEDR,DEDR-100,2020,2021-03-23,15
93534,900093534,DEHT,DEHT-100,2016,2016-10-25,10
93535,900093535,DEHT,DEHT-300,2021,2021-05-24,10
93536,900093536,DEDR,DEDR-100,2009,2009-09-14,15
93538,900093538,DEHT,DEHT-100,2012,2013-03-10,10
93539,900093539,DEHT,DEHT-200,2015,2015-07-31,10
93540,900093540,DEDR,DEDR-100,2011,2011-10-04,15
93541,900093541,DEHT,DEHT-300,2018,2019-07-15,10
93542,900093542,DEHT,DEHT-100,2010,2011-02-19,10
93543,900093543,DETM,DETM-300,2010,2010-06-03,10
93544,900093544,DEHT,DEHT-200,2008,2009-02-17,10
93545,900093545,DEDR,DEDR-300,2008,2009-02-25,15
93546,900093546,DEHT,DEHT-200,2020,2021-09-27,10
93547,900093547,DEHT,DEHT-200,2021,2021-04-30,10
93548,900093548,DETM,DETM-300,2011,2012-03-13,10
93549,900093549,DESM,DESM-300,2020,2021-05-26,10
93550,900093550,DEDR,DEDR-100,2016,2016-06-05,15
93551,900093551,SWAV,SWAV-200,2009,2010-06-28,15
93553,900093553,DEHT,DEHT-100,2011,2012-09-16,10
93554,900093554,DEDR,DEDR-200,2019,2020-01-31,15
93556,900093556,DEHT,DEHT-100,2018,2019-01-30,10
93557,900093557,DEHT,DEHT-300,2019,2019-12-07,10
93558,900093558,DEHT,DEHT-200,2017,2017-10-09,10
93559,900093559,DEHT,DEHT-300,2015,2015-12-17,10
93560,900093560,DETM,DETM-100,2014,2015-08-20,10
93561,900093561,DEHT,DEHT-200,2015,2015-06-18,10
93562,900093562,DEHT,DEHT-200,2011,2012-03-13,10
93563,900093563,DEHT,DEHT-100,2020,2021-01-15,10
93564,900093564,DEHT,DEHT-100,2012,2013-02-08,10
93565,900093565,DETM,DETM-100,2012,2013-02-21,10
93566,900093566,DESM,DESM-100,2015,2016-03-04,10
93567,900093567,SWAV,SWAV-100,2010,2011-03-05,15
93569,900093569,DESM,DESM-300,2023,2024-05-04,10
93570,900093570,DEDR,DEDR-100,2017,2017-04-02,15
93572,900093572,DEHT,DEHT-100,2017,2018-04-14,10
93573,900093573,DEDR,DEDR-100,2008,2008-08-04,15
93574,900093574,DEDR,DEDR-200,2015,2015-11-08,15
93576,900093576,DEHT,DEHT-300,2018,2018-09-25,10
93578,900093578,DEHT,DEHT-100,2020,2021-01-18,10
93579,900093579,DETM,DETM-200,2023,2023-12-09,10
93580,900093580,DEHT,DEHT-300,2020,2020-10-10,10
93581,900093581,DEHT,DEHT-100,2010,2011-03-29,10
93582,900093582,DEHT,DEHT-200,2019,2019-09-11,10
93583,900093583,DETM,DETM-300,2014,2015-03-16,10
93584,900093584,DESM,DESM-100,2011,2012-05-15,10
93585,900093585,SWAV,SWAV-200,2011,2011-11-30,15
93586,900093586,DETM,DETM-300,2011,2011-08-01,10
93587,900093587,DESM,DESM-100,2013,2013-10-30,10
93588,900093588,SWAV,SWAV-100,2023,2023-07-08,15
93590,900093590,DESM,DESM-100,2021,2022-01-15,10
93591,900093591,DEDR,DEDR-100,2013,2013-07-17,15
93593,900093593,DEHT,DEHT-200,2009,2009-11-19,10
93594,900093594,DEDR,DEDR-300,2022,2023-05-14,15
93595,900093595,DEHT,DEHT-100,2023,2023-10-03,10
93596,900093596,DETM,DETM-300,2018,2019-05-26,10
93597,900093597,DEHT,DEHT-300,2019,2019-09-01,10
93598,900093598,DEHT,DEHT-300,2021,2021-06-19,10
93600,900093600,DEHT,DEHT-100,2010,2010-04-07,10
93601,900093601,DETM,DETM-100,2019,2019-08-29,10
93602,900093602,DEHT,DEHT-100,2019,2020-08-03,10
93603,900093603,DEHT,DEHT-100,2010,2010-12-20,10
93604,900093604,DEDR,DEDR-100,2021,2021-09-11,15
93606,900093606,DESM,DESM-200,2011,2012-09-15,10
93607,900093607,SWAV,SWAV-100,2022,2022-11-27,15
93610,900093610,DEDR,DEDR-300,2023,2024-06-11,15
93612,900093612,DEDR,DEDR-300,2014,2015-06-02,15
93613,900093613,DEHT,DEHT-300,2014,2014-08-07,10
93615,900093615,DEHT,DEHT-100,2009,2009-11-21,10
93616,900093616,DEHT,DEHT-200,2022,2022-03-19,10
93617,900093617,DEHT,DEHT-300,2012,2013-01-06,10
93618,900093618,DEDR,DEDR-300,2008,2009-03-28,15
93619,900093619,DETM,DETM-200,2014,2015-04-10,10
93620,900093620,DEHT,DEHT-200,2010,2011-03-03,10
93621,900093621,DEHT,DEHT-100,2011,2011-09-27,10
93622,900093622,DEHT,DEHT-100,2015,2015-05-28,10
93623,900093623,DETM,DETM-200,2016,2017-05-31,10
93624,900093624,DESM,DESM-200,2023,2023-07-12,10
93626,900093626,SWAV,SWAV-100,2015,2016-03-07,15
93628,900093628,DESM,DESM-300,2011,2011-08-04,10
93631,900093631,DEHT,DEHT-300,2014,2015-10-23,10
93632,900093632,DEHT,DEHT-100,2017,2018-04-18,10
93633,900093633,DEDR,DEDR-100,2016,2016-06-10,15
93635,900093635,DEHT,DEHT-100,2015,2015-11-06,10
93636,900093636,DEHT,DEHT-200,2010,2010-12-06,10
93638,900093638,DETM,DETM-300,2010,2010-11-08,10
93639,900093639,DEHT,DEHT-100,2020,2020-11-27,10
93640,900093640,DEHT,DEHT-200,2013,2013-07-09,10
93642,900093642,DEHT,DEHT-200,2016,2017-04-11,10
93643,900093643,DETM,DETM-100,2018,2018-07-29,10
93644,900093644,DEHT,DEHT-300,2022,2023-01-21,10
93645,900093645,DEDR,DEDR-200,2011,2012-02-10,15
93646,900093646,DEHT,DEHT-200,2021,2021-08-28,10
93647,900093647,DEHT,DEHT-100,2010,2011-08-20,10
93648,900093648,DEHT,DEHT-300,2009,2010-08-20,10
93649,900093649,DETM,DETM-200,2023,2023-09-24,10
93650,900093650,DESM,DESM-300,2023,2023-07-31,10
93651,900093651,SWAV,SWAV-100,2014,2014-09-23,15
93652,900093652,DEHT,DEHT-300,2016,2017-11-01,10
93654,900093654,DESM,DESM-300,2016,2016-09-28,10
93655,900093655,DEDR,DEDR-300,2013,2013-09-29,15
93656,900093656,DEHT,DEHT-300,2009,2010-09-27,10
93658,900093658,DEDR,DEDR-200,2023,2024-01-27,15
93659,900093659,DEHT,DEHT-200,2016,2016-10-04,10
93661,900093661,DEHT,DEHT-300,2012,2012-02-17,10
93662,900093662,DEHT,DEHT-300,2023,2023-09-14,10
93663,900093663,DEHT,DEHT-300,2018,2018-11-24,10
93664,900093664,DETM,DETM-200,2010,2011-01-12,10
93665,900093665,DEHT,DEHT-200,2021,2021-09-19,10
93666,900093666,DEDR,DEDR-100,2022,2023-07-12,15
93667,900093667,DEHT,DEHT-300,2011,2011-04-24,10
93668,900093668,DEHT,DEHT-200,2019,2020-01-27,10
93669,900093669,DEHT,DEHT-100,2015,2015-03-13,10
93670,900093670,DETM,DETM-200,2010,2011-03-25,10
93671,900093671,DESM,DESM-300,2017,2017-09-01,10
93672,900093672,DEDR,DEDR-100,2011,2012-01-12,15
93673,900093673,SWAV,SWAV-300,2020,2021-02-20,15
93674,900093674,DEHT,DEHT-100,2022,2023-07-11,10
93676,900093676,DEDR,DEDR-300,2015,2016-06-03,15
93677,900093677,DEHT,DEHT-300,2018,2018-11-29,10
93678,900093678,DETM,DETM-100,2016,2016-10-30,10
93679,900093679,DEHT,DEHT-200,2018,2018-08-07,10
93680,900093680,DEHT,DEHT-200,2013,2014-07-28,10
93681,900093681,DEHT,DEHT-100,2017,2018-03-28,10
93682,900093682,DEHT,DEHT-100,2021,2021-09-14,10
93683,900093683,DETM,DETM-300,2013,2014-03-28,10
93684,900093684,DEHT,DEHT-200,2020,2020-06-23,10
93685,900093685,DEDR,DEDR-100,2013,2014-01-20,15
93686,900093686,DEHT,DEHT-100,2013,2014-03-02,10
93687,900093687,DEHT,DEHT-200,2010,2010-07-22,10
93688,900093688,DEHT,DEHT-300,2020,2020-06-28,10
93689,900093689,DETM,DETM-200,2012,2013-01-11,10
93690,900093690,SWAV,SWAV-200,2017,2017-09-24,15
93692,900093692,DEHT,DEHT-100,2015,2015-11-16,10
93693,900093693,DEDR,DEDR-200,2020,2021-01-22,15
93695,900093695,DEDR,DEDR-300,2019,2020-04-27,15
93696,900093696,DEHT,DEHT-300,2011,2011-11-13,10
93698,900093698,DEHT,DEHT-200,2013,2014-02-19,10
93699,900093699,DEHT,DEHT-200,2022,2022-12-20,10
93700,900093700,DEHT,DEHT-100,2010,2010-08-13,10
93701,900093701,DEHT,DEHT-200,2021,2022-07-18,10
93702,900093702,DETM,DETM-100,2016,2016-12-09,10
93703,900093703,DEHT,DEHT-100,2011,2012-03-16,10
93704,900093704,DEHT,DEHT-200,2010,2011-01-11,10
93705,900093705,DEHT,DEHT-300,2019,2019-05-14,10
93707,900093707,DEDR,DEDR-200,2008,2008-11-13,15
93710,900093710,SWAV,SWAV-300,2015,2016-02-02,15
93712,900093712,DEDR,DEDR-100,2020,2020-05-30,15
93713,900093713,DEHT,DEHT-200,2021,2021-03-23,10
93714,900093714,DEHT,DEHT-100,2015,2016-03-22,10
93716,900093716,DEHT,DEHT-300,2023,2023-09-21,10
93718,900093718,DEHT,DEHT-200,2022,2022-11-15,10
93719,900093719,DEHT,DEHT-200,2012,2012-08-30,10
93720,900093720,DETM,DETM-100,2012,2012-11-22,10
93747,900093747,DEMO,DEMO-100,2021,2022-01-31,10
93749,900093749,DEMO,DEMO-100,2013,2013-10-28,10
93755,900093755,DEMO,DEMO-300,2010,2010-12-15,10
93756,900093756,DETM,DETM-100,2008,2009-04-12,10
93757,900093757,DEMO,DEMO-300,2015,2015-12-05,10
93759,900093759,DEMO,DEMO-200,2019,2019-08-13,10
93763,900093763,DEMO,DEMO-300,2010,2011-03-20,10
93765,900093765,DEMO,DEMO-200,2018,2019-01-01,10
93769,900093769,DEMO,DEMO-100,2013,2014-02-02,10
93771,900093771,DEMO,DEMO-200,2017,2017-12-01,10
93775,900093775,DEMO,DEMO-300,2012,2013-03-26,10
93777,900093777,DEMO,DEMO-300,2018,2019-05-12,10
93779,900093779,DEMO,DEMO-200,2011,2011-11-24,10
93781,900093781,DEMO,DEMO-200,2014,2014-12-26,10
93782,900093782,DETM,DETM-300,2012,2012-07-28,10
93783,900093783,DEMO,DEMO-200,2014,2015-05-06,10
93785,900093785,DEMO,DEMO-300,2009,2009-10-10,10
93787,900093787,DEMO,DEMO-100,2014,2014-07-12,10
93789,900093789,DEMO,DEMO-300,2010,2011-01-06,10
93793,900093793,DEMO,DEMO-200,2019,2020-01-24,10
93794,900093794,DETM,DETM-200,2022,2023-10-25,10
93797,900093797,DEMO,DEMO-100,2023,2023-04-28,10
93799,900093799,DEMO,DEMO-100,2017,2018-06-24,10
93805,900093805,DEMO,DEMO-100,2017,2018-03-15,10
93807,900093807,DEMO,DEMO-300,2023,2024-02-09,10
93813,900093813,DEMO,DEMO-200,2018,2018-04-25,10
93817,900093817,DEMO,DEMO-200,2021,2022-06-23,10
93819,900093819,DEMO,DEMO-300,2018,2019-09-30,10
93825,900093825,DEMO,DEMO-300,2016,2016-08-26,10
93826,900093826,DETM,DETM-200,2013,2014-07-30,10
93829,900093829,DEMO,DEMO-300,2020,2020-04-04,10
93833,900093833,DEMO,DEMO-200,2020,2020-08-05,10
93837,900093837,DEMO,DEMO-200,2012,2012-10-27,10
93838,900093838,DETM,DETM-200,2008,2008-11-12,10
93839,900093839,DEMO,DEMO-200,2022,2022-08-03,10
93843,900093843,DEMO,DEMO-100,2008,2008-09-30,10
93845,900093845,DEMO,DEMO-200,2013,2013-10-13,10
93847,900093847,DEMO,DEMO-300,2011,2012-02-15,10
93855,900093855,DEMO,DEMO-300,2015,2016-01-27,10
93856,900093856,DETM,DETM-300,2012,2012-12-11,10
93859,900093859,DEMO,DEMO-200,2021,2021-09-01,10
93861,900093861,DEMO,DEMO-300,2011,2011-10-09,10
93865,900093865,DEMO,DEMO-300,2012,2013-02-23,10
93869,900093869,DEMO,DEMO-200,2022,2023-03-08,10
93873,900093873,DEMO,DEMO-200,2011,2012-07-14,10
93879,900093879,DEMO,DEMO-200,2016,2016-10-22,10
93881,900093881,DEMO,DEMO-300,2018,2018-09-02,10
93889,900093889,DEMO,DEMO-100,2010,2011-02-04,10
93895,900093895,DEMO,DEMO-100,2018,2018-03-09,10
93897,900093897,DEMO,DEMO-300,2012,2013-01-14,10
93898,900093898,DETM,DETM-200,2023,2024-06-27,10
93901,900093901,DEMO,DEMO-300,2021,2021-04-14,10
93902,900093902,DETM,DETM-100,2020,2021-07-24,10
93907,900093907,DEMO,DEMO-300,2018,2018-07-13,10
93908,900093908,DETM,DETM-200,2015,2016-02-15,10
93909,900093909,DEMO,DEMO-100,2008,2009-05-13,10
93911,900093911,DEHT,DEHT-200,2023,2023-12-22,10
93912,900093912,DEHT,DEHT-100,2009,2010-06-14,10
93913,900093913,DEHT,DEHT-300,2021,2022-01-23,10
93915,900093915,DEHT,DEHT-100,2010,2010-11-22,10
93917,900093917,DESM,DESM-300,2008,2008-10-18,10
93918,900093918,SWAV,SWAV-100,2016,2016-03-22,15
93919,900093919,DEDR,DEDR-300,2019,2020-01-12,15
93921,900093921,DESM,DESM-200,2022,2023-05-04,10
93923,900093923,DEHT,DEHT-100,2018,2019-01-09,10
93924,900093924,DEHT,DEHT-200,2015,2015-06-25,10
93925,900093925,DEDR,DEDR-200,2017,2018-06-17,15
93927,900093927,DEHT,DEHT-300,2023,2023-12-01,10
93928,900093928,DEHT,DEHT-300,2016,2017-11-01,10
93929,900093929,DEHT,DEHT-200,2020,2020-08-10,10
93930,900093930,DEHT,DEHT-200,2013,2013-09-17,10
93931,900093931,DETM,DETM-300,2022,2022-10-03,10
93932,900093932,DEHT,DEHT-200,2022,2022-12-11,10
93933,900093933,DEHT,DEHT-200,2018,2018-09-02,10
93934,900093934,DEDR,DEDR-100,2022,2023-03-16,15
93936,900093936,DESM,DESM-300,2009,2009-05-07,10
93937,900093937,SWAV,SWAV-200,2014,2015-08-24,15
93940,900093940,SWAV,SWAV-100,2018,2019-02-14,15
93941,900093941,DEDR,DEDR-200,2009,2009-11-12,15
93943,900093943,DEHT,DEHT-100,2015,2015-12-28,10
93944,900093944,DEHT,DEHT-200,2023,2024-02-02,10
93945,900093945,DEDR,DEDR-200,2016,2017-10-01,15
93947,900093947,DEHT,DEHT-300,2021,2022-06-27,10
93948,900093948,DEHT,DEHT-300,2019,2020-03-29,10
93949,900093949,DEHT,DEHT-300,2010,2010-07-20,10
93950,900093950,DEHT,DEHT-300,2022,2023-01-01,10
93951,900093951,DEHT,DEHT-300,2018,2018-08-10,10
93953,900093953,DEHT,DEHT-200,2010,2010-08-17,10
93954,900093954,DEHT,DEHT-100,2012,2013-02-23,10
93956,900093956,DEHT,DEHT-100,2020,2021-08-22,10
93958,900093958,DEDR,DEDR-100,2019,2019-11-05,15
93959,900093959,SWAV,SWAV-200,2023,2023-08-20,15
93961,900093961,DEHT,DEHT-300,2023,2024-06-01,10
93962,900093962,DEHT,DEHT-100,2012,2013-03-09,10
93964,900093964,DEHT,DEHT-200,2016,2017-07-02,10
93965,900093965,DEHT,DEHT-300,2020,2021-09-15,10
93966,900093966,DEHT,DEHT-300,2012,2013-03-15,10
93967,900093967,DEHT,DEHT-200,2009,2010-05-28,10
93969,900093969,SWAV,SWAV-200,2022,2023-07-28,15
93972,900093972,DEHT,DEHT-300,2013,2013-12-24,10
93974,900093974,DEHT,DEHT-300,2013,2013-09-03,10
93975,900093975,DEHT,DEHT-200,2018,2019-01-27,10
93976,900093976,DEHT,DEHT-300,2012,2012-10-13,10
93977,900093977,DEHT,DEHT-100,2018,2018-10-29,10
93979,900093979,DEHT,DEHT-300,2018,2019-02-21,10
93980,900093980,DEHT,DEHT-300,2019,2020-03-12,10
93982,900093982,DESM,DESM-200,2023,2023-09-10,10
93983,900093983,SWAV,SWAV-200,2014,2015-06-21,15
93984,900093984,DEDR,DEDR-200,2011,2012-04-28,15
93987,900093987,DEHT,DEHT-300,2021,2021-07-01,10
93988,900093988,DEHT,DEHT-300,2014,2015-01-04,10
93989,900093989,DEHT,DEHT-300,2013,2013-11-19,10
93991,900093991,DEHT,DEHT-100,2017,2018-08-03,10
93992,900093992,DEHA,DEHA-200,2018,2018-06-29,15
93994,900093994,DEHT,DEHT-200,2016,2016-11-23,10
93995,900093995,DETM,DETM-100,2018,2019-06-01,10
93996,900093996,DEHT,DEHT-100,2008,2009-04-20,10
93997,900093997,DEHT,DEHT-300,2022,2023-06-04,10
93998,900093998,DEHT,DEHT-200,2020,2020-09-10,10
93999,900093999,DETM,DETM-100,2015,2016-01-31,10
94001,900094001,DESM,DESM-200,2009,2010-09-20,10
94002,900094002,DEDR,DEDR-100,2013,2014-04-30,15
94003,900094003,DEDR,DEDR-200,2023,2024-01-18,15
94004,900094004,SWAV,SWAV-300,2016,2016-07-28,15
94006,900094006,DESM,DESM-100,2021,2021-10-24,10
94008,900094008,DESM,DESM-100,2009,2009-11-29,10
94010,900094010,SWAV,SWAV-300,2009,2009-11-03,15
94013,900094013,DEHT,DEHT-100,2015,2015-10-16,10
94016,900094016,DEHT,DEHT-300,2016,2016-10-07,10
94017,900094017,DEHT,DEHT-200,2014,2015-06-25,10
94019,900094019,DEHT,DEHT-100,2018,2018-06-19,10
94020,900094020,DEHT,DEHT-200,2013,2014-02-25,10
94022,900094022,DEHT,DEHT-300,2021,2021-08-14,10
94023,900094023,DEHT,DEHT-100,2023,2024-03-14,10
94026,900094026,SWAV,SWAV-200,2019,2019-09-24,15
94028,900094028,DEHT,DEHT-300,2014,2014-11-06,10
94029,900094029,DEHT,DEHT-200,2011,2011-09-02,10
94032,900094032,DEHT,DEHT-100,2016,2016-10-29,10
94033,900094033,DEHT,DEHT-100,2013,2014-06-07,10
94034,900094034,DEHT,DEHT-200,2008,2008-11-01,10
94035,900094035,DETM,DETM-100,2020,2020-03-26,10
94036,900094036,DEHT,DEHT-200,2013,2014-04-28,10
94038,900094038,DEHT,DEHT-300,2009,2009-07-25,10
94039,900094039,SWAV,SWAV-100,2010,2010-10-06,15
94042,900094042,DEHT,DEHT-300,2008,2009-04-29,10
94044,900094044,DEHT,DEHT-200,2014,2015-05-21,10
94045,900094045,DEHT,DEHT-300,2018,2018-10-22,10
94046,900094046,DEHT,DEHT-100,2012,2012-07-11,10
94048,900094048,DEHT,DEHT-200,2023,2023-03-17,10
94049,900094049,DEHT,DEHT-100,2021,2021-12-19,10
94050,900094050,DEHT,DEHT-300,2023,2024-02-08,10
94051,900094051,DEHT,DEHT-200,2023,2024-03-22,10
94052,900094052,DEHT,DEHT-200,2008,2008-05-02,10
94053,900094053,DETM,DETM-300,2023,2024-05-26,10
94054,900094054,SWAV,SWAV-100,2010,2010-06-06,15
94057,900094057,DEHT,DEHT-300,2020,2021-04-02,10
94060,900094060,DEDR,DEDR-200,2016,2017-08-21,15
94062,900094062,DEHT,DEHT-300,2022,2022-09-06,10
94064,900094064,DEHT,DEHT-100,2016,2017-06-17,10
94065,900094065,DEHT,DEHT-200,2015,2016-03-21,10
94067,900094067,DEHT,DEHT-100,2014,2014-08-28,10
94068,900094068,DEHT,DEHT-300,2015,2015-11-21,10
94069,900094069,DEHT,DEHT-300,2011,2011-08-16,10
94070,900094070,DEHT,DEHT-100,2012,2013-05-03,10
94071,900094071,DETM,DETM-200,2017,2018-03-06,10
94074,900094074,DESM,DESM-300,2008,2008-11-19,10
94075,900094075,SWAV,SWAV-100,2015,2016-08-22,15
94079,900094079,DEHT,DEHT-100,2013,2013-11-30,10
94081,900094081,DEHT,DEHT-100,2017,2017-09-27,10
94082,900094082,DEHT,DEHT-100,2010,2011-01-20,10
94083,900094083,DETM,DETM-300,2011,2012-04-01,10
94084,900094084,DEHT,DEHT-300,2008,2008-10-13,10
94085,900094085,DEHT,DEHT-300,2009,2010-05-09,10
94086,900094086,DEHT,DEHT-200,2008,2008-08-24,10
94087,900094087,DEHT,DEHT-200,2023,2023-10-04,10
94088,900094088,DEHT,DEHT-200,2018,2018-04-15,10
94089,900094089,DETM,DETM-100,2022,2022-10-24,10
94090,900094090,SWAV,SWAV-200,2008,2008-11-28,15
94091,900094091,DETM,DETM-300,2021,2022-01-13,10
94092,900094092,DETM,DETM-300,2018,2018-08-03,10
94094,900094094,DESM,DESM-100,2020,2020-03-24,10
94095,900094095,DEDR,DEDR-200,2013,2014-03-12,15
94097,900094097,DETM,DETM-100,2016,2016-10-22,10
94098,900094098,DEHT,DEHT-200,2011,2012-07-15,10
94099,900094099,DEDR,DEDR-100,2015,2015-08-23,15
94100,900094100,DEHT,DEHT-300,2019,2020-03-20,10
94101,900094101,DEHT,DEHT-200,2009,2010-01-11,10
94102,900094102,DETM,DETM-200,2008,2008-06-29,10
94103,900094103,DESM,DESM-100,2010,2011-01-30,10
94104,900094104,DEDR,DEDR-200,2023,2023-08-12,15
94106,900094106,SWAV,SWAV-100,2012,2013-10-05,15
94108,900094108,SWAV,SWAV-300,2018,2018-11-24,15
94110,900094110,DEHT,DEHT-200,2021,2022-04-17,10
94111,900094111,DEHT,DEHT-300,2011,2012-03-28,10
94113,900094113,DEHT,DEHT-300,2012,2013-05-01,10
94115,900094115,DEHT,DEHT-200,2012,2012-08-30,10
94116,900094116,DETM,DETM-100,2017,2018-01-17,10
94117,900094117,DEHT,DEHT-300,2011,2011-08-08,10
94118,900094118,DEHT,DEHT-300,2008,2009-07-12,10
94119,900094119,DEHT,DEHT-300,2020,2020-04-03,10
94120,900094120,DEHT,DEHT-100,2008,2009-03-11,10
94121,900094121,DEHT,DEHT-200,2018,2019-01-17,10
94122,900094122,DETM,DETM-100,2009,2009-12-19,10
94123,900094123,DEHT,DEHT-300,2010,2011-06-23,10
94124,900094124,DETM,DETM-100,2020,2021-02-10,10
94125,900094125,SWAV,SWAV-200,2016,2017-03-26,15
94127,900094127,DEHT,DEHT-100,2018,2019-06-04,10
94128,900094128,DEDR,DEDR-100,2023,2023-09-07,15
94133,900094133,DEHT,DEHT-200,2016,2016-07-16,10
94135,900094135,DEHT,DEHT-200,2010,2010-05-30,10
94136,900094136,DEHT,DEHT-200,2022,2022-11-05,10
94137,900094137,DETM,DETM-200,2018,2019-02-21,10
94138,900094138,DETM,DETM-200,2011,2011-12-29,10
94139,900094139,SWAV,SWAV-100,2012,2013-08-24,15
94143,900094143,DEDR,DEDR-200,2017,2017-12-19,15
94145,900094145,DEHT,DEHT-200,2017,2018-06-25,10
94146,900094146,DEHT,DEHT-100,2022,2023-08-24,10
94147,900094147,DEDR,DEDR-300,2009,2009-10-10,15
94148,900094148,DETM,DETM-300,2022,2022-09-07,10
94149,900094149,DEDR,DEDR-200,2009,2009-10-10,15
94150,900094150,DEHT,DEHT-100,2016,2017-06-25,10
94151,900094151,DEHT,DEHT-100,2008,2009-01-03,10
94152,900094152,DETM,DETM-300,2010,2011-04-13,10
94153,900094153,SWAV,SWAV-300,2015,2015-12-24,15
94158,900094158,DESM,DESM-100,2018,2018-03-09,10
94160,900094160,DEHT,DEHT-300,2017,2018-09-15,10
94161,900094161,DEHT,DEHT-200,2008,2008-06-06,10
94162,900094162,DETM,DETM-200,2021,2022-07-13,10
94163,900094163,DEHT,DEHT-200,2016,2017-09-28,10
94164,900094164,DEHT,DEHT-100,2011,2011-12-14,10
94165,900094165,DEHT,DEHT-100,2021,2022-02-13,10
94166,900094166,DETM,DETM-100,2011,2011-07-26,10
94167,900094167,DEHT,DEHT-200,2012,2013-02-08,10
94168,900094168,DEHT,DEHT-300,2015,2015-06-08,10
94169,900094169,DEHT,DEHT-300,2019,2019-04-29,10
94170,900094170,DEHT,DEHT-300,2020,2021-04-03,10
94172,900094172,SWAV,SWAV-300,2008,2008-12-30,15
94174,900094174,DEDR,DEDR-200,2010,2011-03-20,15
94176,900094176,DEHT,DEHT-100,2023,2023-11-04,10
94177,900094177,DETM,DETM-100,2015,2015-11-25,10
94180,900094180,DEHT,DEHT-300,2018,2019-03-01,10
94181,900094181,DEHT,DEHT-200,2013,2014-05-14,10
94182,900094182,DEDR,DEDR-200,2023,2024-03-31,15
94184,900094184,DEHT,DEHT-200,2022,2023-07-22,10
94185,900094185,DEHT,DEHT-300,2023,2023-04-22,10
94186,900094186,DEHT,DEHT-300,2017,2017-11-17,10
94187,900094187,DEHT,DEHT-300,2010,2011-10-15,10
94188,900094188,DETM,DETM-100,2017,2018-04-08,10
94189,900094189,DEDR,DEDR-300,2018,2018-07-26,15
94191,900094191,SWAV,SWAV-100,2009,2009-06-23,15
94192,900094192,DEHT,DEHT-300,2013,2013-11-04,10
94194,900094194,DETM,DETM-200,2012,2012-05-16,10
94195,900094195,DEHT,DEHT-200,2013,2014-06-21,10
94196,900094196,DETM,DETM-300,2021,2021-10-04,10
94197,900094197,DEHT,DEHT-300,2020,2021-01-16,10
94198,900094198,DEHT,DEHT-100,2014,2014-12-22,10
94199,900094199,DETM,DETM-100,2016,2016-11-17,10
94200,900094200,DEHT,DEHT-200,2017,2018-01-06,10
94201,900094201,DEHT,DEHT-200,2018,2019-09-24,10
94203,900094203,DEHT,DEHT-300,2020,2021-01-09,10
94205,900094205,DEHT,DEHT-200,2015,2016-06-21,10
94206,900094206,DEHT,DEHT-200,2021,2022-03-18,10
94208,900094208,DEHT,DEHT-300,2008,2008-12-18,10
94210,900094210,DEDR,DEDR-100,2019,2020-06-05,15
94211,900094211,SWAV,SWAV-100,2011,2011-12-29,15
94215,900094215,DETM,DETM-200,2018,2019-06-30,10
94216,900094216,DETM,DETM-300,2020,2020-12-12,10
94217,900094217,DESM,DESM-300,2012,2012-10-08,10
94218,900094218,DEDR,DEDR-100,2012,2012-06-14,15
94816,900094816,SWAV,SWAV-100,2017,2018-09-05,15
94817,900094817,DESM,DESM-300,2009,2009-09-01,10
94818,900094818,DESM,DESM-300,2017,2018-04-08,10
94819,900094819,DESM,DESM-100,2010,2010-06-17,10
94820,900094820,DESM,DESM-200,2020,2021-05-06,10
94821,900094821,DESM,DESM-300,2017,2017-11-19,10
94822,900094822,DEDR,DEDR-200,2014,2014-08-14,15
94823,900094823,DESM,DESM-200,2011,2011-06-04,10
94824,900094824,DEDR,DEDR-300,2019,2019-09-08,15
94825,900094825,DESM,DESM-200,2012,2013-01-12,10
94826,900094826,DESM,DESM-100,2022,2023-01-02,10
94827,900094827,DESM,DESM-200,2014,2014-07-19,10
94828,900094828,DEDR,DEDR-300,2008,2009-06-02,15
94829,900094829,DESM,DESM-300,2014,2014-05-05,10
94830,900094830,DEDR,DEDR-200,2016,2017-02-15,15
94831,900094831,DESM,DESM-200,2011,2011-12-17,10
94832,900094832,DEHT,DEHT-200,2011,2011-12-20,10
94833,900094833,DEDR,DEDR-100,2017,2017-10-09,15
94834,900094834,DEDR,DEDR-300,2015,2015-11-12,15
94835,900094835,DESM,DESM-100,2010,2011-04-19,10
94836,900094836,DESM,DESM-100,2010,2010-06-13,10
94837,900094837,DEDR,DEDR-200,2019,2020-09-13,15
94838,900094838,DESM,DESM-300,2020,2021-08-21,10
94839,900094839,DESM,DESM-100,2016,2016-02-03,10
94840,900094840,DESM,DESM-200,2013,2013-08-16,10
94841,900094841,DESM,DESM-200,2016,2016-11-26,10
94842,900094842,DEDR,DEDR-100,2014,2014-10-21,15
94843,900094843,DEDR,DEDR-300,2018,2018-12-01,15
94844,900094844,DESM,DESM-100,2017,2017-12-18,10
94845,900094845,DESM,DESM-200,2013,2014-02-23,10
94846,900094846,DESM,DESM-100,2021,2022-03-14,10
94847,900094847,DESM,DESM-300,2017,2017-11-20,10
94848,900094848,DESM,DESM-100,2022,2023-01-09,10
94849,900094849,DESM,DESM-100,2014,2015-04-25,10
94850,900094850,DESM,DESM-200,2014,2015-03-25,10
94851,900094851,DESM,DESM-300,2012,2013-04-10,10
94852,900094852,DEDR,DEDR-300,2022,2023-07-23,15
94853,900094853,DESM,DESM-300,2022,2022-12-09,10
94854,900094854,DESM,DESM-100,2010,2011-03-22,10
94855,900094855,DESM,DESM-300,2020,2020-08-01,10
94856,900094856,DEHT,DEHT-200,2016,2017-07-13,10
94857,900094857,DESM,DESM-300,2016,2017-07-24,10
94858,900094858,DESM,DESM-200,2010,2010-10-16,10
94859,900094859,DEHT,DEHT-100,2016,2016-03-20,10
94860,900094860,DEDR,DEDR-100,2012,2013-01-23,15
94861,900094861,DESM,DESM-200,2008,2009-08-10,10
95332,900095332,ATFA,ATFA-300,2017,2017-07-13,15
95336,900095336,ATFA,ATFA-300,2023,2023-12-20,15
95340,900095340,ATFA,ATFA-100,2021,2021-04-05,15
95344,900095344,ATFA,ATFA-100,2023,2024-03-26,15
95348,900095348,ATFA,ATFA-200,2008,2008-03-03,15
95352,900095352,ATFA,ATFA-200,2016,2016-07-15,15
95356,900095356,SWPH,SWPH-100,2011,2012-08-29,12
95357,900095357,SWPH,SWPH-200,2022,2023-02-20,12
95358,900095358,SWPH,SWPH-100,2008,2009-06-28,12
95359,900095359,SWPH,SWPH-300,2019,2020-07-20,12
95360,900095360,SWPH,SWPH-100,2020,2020-12-12,12
95361,900095361,SWPH,SWPH-300,2020,2020-09-30,12
95362,900095362,SWPH,SWPH-200,2009,2010-02-09,12
95363,900095363,SWPH,SWPH-200,2016,2016-09-08,12
95364,900095364,SWPH,SWPH-300,2021,2021-12-09,12
95365,900095365,SWPH,SWPH-300,2019,2019-05-20,12
95366,900095366,SWPH,SWPH-200,2022,2023-02-21,12
95367,900095367,SWPH,SWPH-200,2011,2012-07-24,12
95368,900095368,SWPH,SWPH-100,2022,2022-12-24,12
95369,900095369,SWPH,SWPH-300,2008,2008-09-03,12
95370,900095370,SWPH,SWPH-300,2016,2016-07-17,12
95371,900095371,SWPH,SWPH-200,2009,2009-12-08,12
95372,900095372,SWPH,SWPH-300,2023,2023-12-27,12
95373,900095373,SWPH,SWPH-300,2014,2014-06-17,12
95374,900095374,PUCE,PUCE-200,2019,2019-06-20,10
95375,900095375,PUCE,PUCE-300,2021,2021-10-19,10
95376,900095376,PUCE,PUCE-200,2016,2017-02-17,10
95377,900095377,PUCE,PUCE-100,2019,2019-10-12,10
95378,900095378,PUCE,PUCE-300,2010,2010-09-03,10
95379,900095379,PUCE,PUCE-100,2013,2014-05-13,10
95380,900095380,SWPH,SWPH-100,2019,2019-12-26,12
95381,900095381,SWPH,SWPH-200,2013,2013-09-07,12
95382,900095382,SWPH,SWPH-200,2009,2009-03-16,12
95383,900095383,SWPH,SWPH-100,2014,2015-03-15,12
95384,900095384,SWPH,SWPH-300,2023,2024-01-16,12
95385,900095385,PUCE,PUCE-200,2016,2017-08-31,10
95386,900095386,PUCE,PUCE-300,2023,2023-05-11,10
95387,900095387,PUCE,PUCE-200,2014,2015-04-18,10
95388,900095388,SWPH,SWPH-100,2012,2012-10-13,12
95389,900095389,SWPH,SWPH-100,2017,2018-02-01,12
95390,900095390,SWPH,SWPH-100,2022,2023-01-23,12
95391,900095391,SWPH,SWPH-100,2018,2018-12-28,12
95392,900095392,SWPH,SWPH-100,2023,2023-10-07,12
95393,900095393,ATFA,ATFA-100,2012,2013-04-26,15
95397,900095397,ATFA,ATFA-100,2010,2011-02-22,15
95401,900095401,ATFA,ATFA-300,2019,2019-09-24,15
95405,900095405,ATFA,ATFA-300,2020,2021-07-24,15
95409,900095409,SWMS,SWMS-300,2010,2011-05-12,15
95410,900095410,SWMS,SWMS-300,2013,2014-05-13,15
95412,900095412,SWMS,SWMS-100,2022,2023-08-06,15
95413,900095413,SWMS,SWMS-100,2014,2015-03-25,15
95414,900095414,SWMS,SWMS-200,2018,2018-09-26,15
95415,900095415,SWMS,SWMS-100,2011,2011-12-18,15
95416,900095416,SWMS,SWMS-100,2010,2011-04-19,15
95417,900095417,SWMS,SWMS-300,2015,2015-06-04,15
95418,900095418,SWMS,SWMS-100,2021,2022-05-12,15
95419,900095419,SWMS,SWMS-200,2013,2014-01-13,15
95420,900095420,SWMS,SWMS-100,2008,2009-06-02,15
95421,900095421,SWMS,SWMS-100,2015,2015-09-11,15
95422,900095422,SWMS,SWMS-200,2008,2009-10-24,15
95423,900095423,SWMS,SWMS-300,2015,2015-09-30,15
95424,900095424,SWMS,SWMS-200,2014,2015-02-10,15
95425,900095425,SWMS,SWMS-200,2012,2013-04-05,15
95426,900095426,SWMS,SWMS-300,2019,2020-01-25,15
95427,900095427,SWMS,SWMS-200,2012,2012-07-05,15
95428,900095428,SWMS,SWMS-200,2010,2010-12-24,15
95429,900095429,SWMS,SWMS-300,2014,2014-11-28,15
95430,900095430,SWMS,SWMS-100,2019,2020-08-16,15
95431,900095431,SWMS,SWMS-300,2019,2020-07-09,15
95432,900095432,SWMS,SWMS-100,2015,2016-01-28,15
95433,900095433,SWMS,SWMS-200,2011,2011-10-31,15
95434,900095434,SWMS,SWMS-100,2015,2016-01-04,15
95435,900095435,SWPH,SWPH-300,2019,2020-03-20,12
95436,900095436,SWPH,SWPH-100,2010,2011-02-11,12
95437,900095437,SWPH,SWPH-200,2019,2019-06-05,12
95438,900095438,SWPH,SWPH-300,2017,2017-02-27,12
95439,900095439,SWPH,SWPH-100,2015,2016-03-19,12
95440,900095440,SWPH,SWPH-100,2016,2017-07-12,12
95442,900095442,SWPH,SWPH-100,2017,2018-01-07,12
95443,900095443,SWPH,SWPH-200,2017,2017-09-10,12
95444,900095444,SWPH,SWPH-200,2020,2021-01-31,12
95445,900095445,SWPH,SWPH-100,2012,2013-02-20,12
95448,900095448,SWPH,SWPH-300,2010,2011-01-25,12
95449,900095449,SWPH,SWPH-300,2022,2023-08-02,12
95450,900095450,SWPH,SWPH-100,2021,2022-07-02,12
95451,900095451,SWPH,SWPH-100,2023,2024-03-14,12
95452,900095452,SWPH,SWPH-200,2018,2019-02-10,12
95453,900095453,ATFA,ATFA-100,2018,2018-11-26,15
95457,900095457,ATFA,ATFA-300,2010,2010-08-02,15
95461,900095461,ATFA,ATFA-100,2018,2019-05-05,15
95465,900095465,ATFA,ATFA-300,2015,2015-09-01,15
95469,900095469,ATFA,ATFA-300,2015,2015-07-31,15
95473,900095473,PUCE,PUCE-300,2009,2009-11-05,10
95474,900095474,PUCE,PUCE-100,2011,2011-09-13,10
95475,900095475,PUCE,PUCE-300,2010,2011-06-02,10
95476,900095476,PUCE,PUCE-200,2018,2019-05-06,10
95477,900095477,PUCE,PUCE-300,2020,2020-07-28,10
95478,900095478,PUCE,PUCE-100,2010,2011-01-22,10
95479,900095479,SWPH,SWPH-200,2023,2024-06-01,12
95480,900095480,SWPH,SWPH-200,2019,2020-01-20,12
95481,900095481,SWPH,SWPH-300,2017,2017-12-22,12
95482,900095482,SWPH,SWPH-300,2023,2024-03-22,12
95483,900095483,SWPH,SWPH-300,2014,2015-02-28,12
95484,900095484,SWPH,SWPH-300,2008,2008-09-14,12
95485,900095485,SWPH,SWPH-300,2021,2022-05-01,12
95486,900095486,SWPH,SWPH-300,2014,2014-09-01,12
95487,900095487,SWPH,SWPH-100,2019,2019-12-24,12
95488,900095488,ATFA,ATFA-200,2015,2016-11-12,15
95492,900095492,ATFA,ATFA-300,2017,2017-08-05,15
95496,900095496,ATFA,ATFA-200,2010,2011-01-14,15
95500,900095500,SWMS,SWMS-200,2022,2023-05-27,15
95501,900095501,SWMS,SWMS-200,2013,2014-07-07,15
95502,900095502,SWMS,SWMS-200,2020,2020-12-05,15
95503,900095503,SWMS,SWMS-200,2010,2011-03-12,15
95504,900095504,SWMS,SWMS-300,2010,2011-01-13,15
95505,900095505,SWMS,SWMS-200,2021,2021-12-18,15
95507,900095507,SWMS,SWMS-200,2014,2015-10-19,15
95508,900095508,SWMS,SWMS-100,2022,2023-01-10,15
95509,900095509,SWMS,SWMS-200,2021,2022-03-03,15
95510,900095510,SWMS,SWMS-100,2014,2014-11-24,15
95513,900095513,SWMS,SWMS-200,2009,2010-03-21,15
95514,900095514,SWMS,SWMS-100,2017,2018-03-14,15
95515,900095515,SWMS,SWMS-200,2012,2012-11-30,15
95516,900095516,SWMS,SWMS-200,2023,2023-12-08,15
95517,900095517,SWMS,SWMS-300,2018,2018-04-25,15
95518,900095518,SWMS,SWMS-100,2020,2021-04-13,15
95519,900095519,SWMS,SWMS-200,2015,2015-04-11,15
95520,900095520,SWMS,SWMS-300,2015,2016-01-12,15
95521,900095521,SWMS,SWMS-300,2014,2014-05-07,15
95522,900095522,SWMS,SWMS-300,2013,2013-12-05,15
95523,900095523,SWMS,SWMS-200,2018,2018-05-28,15
95914,900095914,DEDR,DEDR-300,2014,2014-08-02,15
96207,900096207,SWPH,SWPH-300,2015,2016-09-19,12
96212,900096212,PUCE,PUCE-100,2022,2023-08-09,10
96215,900096215,PUCE,PUCE-100,2020,2021-02-02,10
96217,900096217,ATFA,ATFA-200,2015,2016-08-13,15
96220,900096220,ATFA,ATFA-100,2010,2011-03-30,15
96236,900096236,ATFA,ATFA-300,2009,2009-07-23,15
96237,900096237,ATFA,ATFA-100,2010,2011-07-07,15
96241,900096241,ATFA,ATFA-300,2013,2014-03-08,15
96246,900096246,SWPH,SWPH-300,2018,2018-10-22,12
96247,900096247,SWPH,SWPH-300,2014,2015-05-16,12
96253,900096253,SWPH,SWPH-300,2010,2011-06-18,12
96255,900096255,SWPH,SWPH-100,2014,2015-02-28,12
96257,900096257,SWPH,SWPH-100,2013,2013-11-25,12
96259,900096259,SWPH,SWPH-200,2022,2022-06-05,12
96262,900096262,SWPH,SWPH-300,2009,2009-11-20,12
96263,900096263,SWPH,SWPH-200,2021,2022-03-21,12
96264,900096264,SWPH,SWPH-300,2015,2016-05-30,12
96265,900096265,SWPH,SWPH-200,2011,2011-09-21,12
96266,900096266,SWPH,SWPH-300,2019,2019-11-24,12
96278,900096278,SWMS,SWMS-300,2016,2017-05-21,15
96279,900096279,SWMS,SWMS-200,2010,2010-04-21,15
96280,900096280,SWMS,SWMS-200,2016,2016-10-23,15
96281,900096281,SWMS,SWMS-300,2013,2014-03-29,15
96282,900096282,SWMS,SWMS-300,2013,2013-05-12,15
96283,900096283,SWMS,SWMS-200,2020,2020-11-14,15
96284,900096284,SWMS,SWMS-100,2010,2010-09-02,15
96285,900096285,SWMS,SWMS-100,2008,2008-12-29,15
96286,900096286,SWMS,SWMS-200,2009,2010-02-09,15
96287,900096287,SWMS,SWMS-300,2008,2009-04-13,15
96288,900096288,SWMS,SWMS-200,2013,2014-09-24,15
96289,900096289,SWMS,SWMS-200,2015,2015-09-13,15
96290,900096290,SWMS,SWMS-300,2023,2024-07-25,15
96291,900096291,SWMS,SWMS-200,2009,2010-01-22,15
96292,900096292,SWMS,SWMS-100,2021,2022-04-10,15
96293,900096293,SWMS,SWMS-100,2012,2013-02-14,15
96294,900096294,SWMS,SWMS-100,2021,2021-11-13,15
96295,900096295,SWMS,SWMS-300,2020,2020-09-11,15
96296,900096296,SWMS,SWMS-200,2013,2013-10-06,15
96297,900096297,SWMS,SWMS-200,2010,2010-09-06,15
96298,900096298,SWMS,SWMS-300,2011,2011-09-12,15
96299,900096299,SWMS,SWMS-200,2017,2017-10-02,15
96300,900096300,SWMS,SWMS-100,2011,2011-12-21,15
96301,900096301,SWMS,SWMS-200,2018,2018-09-06,15
96302,900096302,SWMS,SWMS-100,2008,2008-12-29,15
96303,900096303,SWMS,SWMS-200,2018,2019-05-16,15
96304,900096304,SWMS,SWMS-200,2023,2023-02-15,15
96305,900096305,SWMS,SWMS-300,2014,2014-10-22,15
96311,900096311,SWPH,SWPH-100,2011,2012-02-07,12
96312,900096312,SWPH,SWPH-200,2013,2013-05-07,12
96313,900096313,SWPH,SWPH-100,2023,2024-06-26,12
96318,900096318,SWPH,SWPH-300,2011,2012-02-24,12
96319,900096319,SWPH,SWPH-100,2019,2019-12-15,12
96320,900096320,SWPH,SWPH-300,2009,2010-05-12,12
96321,900096321,SWPH,SWPH-200,2020,2021-04-05,12
96322,900096322,SWPH,SWPH-100,2020,2021-08-09,12
96323,900096323,SWPH,SWPH-300,2022,2023-01-02,12
96324,900096324,SWPH,SWPH-200,2015,2015-09-16,12
96327,900096327,ATFA,ATFA-100,2014,2014-10-23,15
96328,900096328,ATFA,ATFA-100,2018,2019-06-30,15
96329,900096329,ATFA,ATFA-100,2020,2020-09-25,15
96330,900096330,ATFA,ATFA-300,2008,2009-02-22,15
96331,900096331,ATFA,ATFA-300,2009,2009-07-12,15
96332,900096332,ATFA,ATFA-300,2021,2022-02-01,15
96336,900096336,ATFA,ATFA-300,2012,2012-04-29,15
96345,900096345,SWPH,SWPH-200,2022,2023-07-01,12
96346,900096346,SWPH,SWPH-300,2011,2011-06-28,12
96359,900096359,SWMS,SWMS-100,2008,2008-02-29,15
96360,900096360,SWMS,SWMS-300,2021,2021-06-22,15
96361,900096361,SWMS,SWMS-100,2016,2017-02-18,15
96362,900096362,SWMS,SWMS-300,2013,2013-05-07,15
96363,900096363,SWMS,SWMS-300,2011,2011-07-16,15
96364,900096364,SWMS,SWMS-300,2014,2015-05-25,15
96365,900096365,SWMS,SWMS-200,2021,2021-12-23,15
96366,900096366,SWMS,SWMS-100,2017,2017-09-21,15
96367,900096367,SWMS,SWMS-200,2008,2009-04-25,15
96368,900096368,SWMS,SWMS-100,2013,2014-09-22,15
96369,900096369,SWMS,SWMS-200,2011,2012-03-04,15
96370,900096370,SWMS,SWMS-100,2017,2017-08-03,15
96372,900096372,SWMS,SWMS-300,2008,2008-11-25,15
96373,900096373,SWMS,SWMS-100,2018,2018-08-27,15
96374,900096374,SWMS,SWMS-300,2021,2021-09-07,15
96375,900096375,SWMS,SWMS-300,2012,2012-11-19,15
96376,900096376,SWMS,SWMS-300,2010,2011-10-20,15
96377,900096377,SWMS,SWMS-300,2016,2016-12-21,15
96378,900096378,SWMS,SWMS-200,2020,2020-11-02,15
96379,900096379,SWMS,SWMS-200,2013,2013-11-11,15
96380,900096380,SWMS,SWMS-300,2016,2016-11-16,15
96381,900096381,SWMS,SWMS-300,2019,2019-08-01,15
96405,900096405,SWPH,SWPH-200,2012,2013-05-17,12
96406,900096406,SWPH,SWPH-200,2010,2011-03-12,12
96407,900096407,SWPH,SWPH-300,2008,2008-11-02,12
96408,900096408,SWPH,SWPH-100,2008,2008-09-10,12
96409,900096409,SWPH,SWPH-200,2013,2014-05-07,12
96410,900096410,SWPH,SWPH-300,2021,2022-08-17,12
96411,900096411,PUCE,PUCE-100,2022,2022-07-28,10
96412,900096412,PUCE,PUCE-300,2017,2017-09-25,10
96413,900096413,PUCE,PUCE-100,2014,2014-02-28,10
96414,900096414,SWPH,SWPH-300,2023,2024-03-16,12
96415,900096415,SWPH,SWPH-100,2020,2021-05-12,12
96416,900096416,SWPH,SWPH-100,2020,2020-12-03,12
96417,900096417,SWPH,SWPH-300,2009,2010-06-10,12
96418,900096418,SWPH,SWPH-200,2012,2013-06-04,12
96419,900096419,SWPH,SWPH-300,2014,2014-08-21,12
96420,900096420,PUCE,PUCE-100,2018,2019-08-25,10
96423,900096423,ATFA,ATFA-300,2021,2022-03-19,15
96426,900096426,ATFA,ATFA-200,2016,2017-04-06,15
96430,900096430,ATFA,ATFA-100,2012,2013-07-06,15
96437,900096437,ATFA,ATFA-300,2012,2013-06-06,15
96441,900096441,ATFA,ATFA-300,2016,2017-03-22,15
96445,900096445,ATFA,ATFA-300,2009,2009-11-01,15
96449,900096449,SWPH,SWPH-300,2023,2024-05-24,12
96450,900096450,SWPH,SWPH-100,2019,2020-06-07,12
96451,900096451,SWPH,SWPH-200,2009,2009-12-18,12
96452,900096452,SWPH,SWPH-300,2014,2014-04-10,12
96453,900096453,SWPH,SWPH-300,2016,2016-08-12,12
96454,900096454,SWPH,SWPH-300,2021,2021-12-22,12
96455,900096455,PUCE,PUCE-100,2011,2012-06-15,10
96456,900096456,PUCE,PUCE-100,2014,2015-02-01,10
96457,900096457,PUCE,PUCE-200,2017,2018-02-17,10
96458,900096458,PUCE,PUCE-300,2014,2014-09-11,10
96459,900096459,PUCE,PUCE-200,2020,2021-03-01,10
96460,900096460,PUCE,PUCE-300,2009,2009-07-18,10
96461,900096461,PUCE,PUCE-300,2008,2008-12-21,10
96462,900096462,PUCE,PUCE-100,2021,2021-09-29,10
96463,900096463,PUCE,PUCE-300,2012,2013-01-03,10
96464,900096464,SWPH,SWPH-200,2018,2018-03-17,12
96465,900096465,SWPH,SWPH-200,2016,2016-12-23,12
96466,900096466,SWPH,SWPH-300,2012,2012-08-11,12
96467,900096467,SWPH,SWPH-100,2015,2016-02-25,12
96468,900096468,SWPH,SWPH-300,2011,2011-04-11,12
96469,900096469,SWPH,SWPH-100,2011,2011-02-20,12
96470,900096470,SWPH,SWPH-100,2017,2018-05-01,12
96471,900096471,SWPH,SWPH-200,2017,2018-01-27,12
96472,900096472,SWPH,SWPH-100,2014,2014-07-16,12
96473,900096473,SWPH,SWPH-100,2008,2009-03-12,12
96474,900096474,SWPH,SWPH-200,2019,2020-06-16,12
96475,900096475,SWPH,SWPH-300,2010,2010-12-30,12
96476,900096476,ATFA,ATFA-300,2012,2013-05-08,15
96477,900096477,ATFA,ATFA-200,2022,2023-07-05,15
96480,900096480,ATFA,ATFA-100,2017,2017-11-20,15
98141,900098141,DEDR,DEDR-100,2015,2016-03-05,15
98142,900098142,DEHT,DEHT-100,2017,2017-12-23,10
98151,900098151,DEHT,DEHT-200,2020,2020-09-14,10
98152,900098152,DEHT,DEHT-100,2022,2022-11-10,10
98153,900098153,DEHT,DEHT-300,2018,2019-01-07,10
98154,900098154,DEDR,DEDR-200,2012,2013-08-17,15
98155,900098155,DEHT,DEHT-200,2018,2019-03-25,10
98156,900098156,DEHT,DEHT-300,2021,2022-04-21,10
98157,900098157,DEHT,DEHT-100,2011,2011-09-21,10
98158,900098158,DEDR,DEDR-100,2013,2013-05-23,15
98159,900098159,DEHT,DEHT-200,2015,2016-03-29,10
98160,900098160,DEHT,DEHT-100,2017,2018-02-03,10
98161,900098161,DEHT,DEHT-200,2016,2017-01-28,10
98162,900098162,DEHT,DEHT-300,2014,2015-01-23,10
98163,900098163,DEDR,DEDR-300,2011,2011-07-03,15
98164,900098164,DEDR,DEDR-200,2014,2014-09-08,15
98165,900098165,DEDR,DEDR-100,2016,2016-03-08,15
98166,900098166,DEDR,DEDR-200,2009,2010-03-10,15
98167,900098167,DEHT,DEHT-100,2014,2015-04-15,10
98168,900098168,DEHT,DEHT-100,2009,2009-10-10,10
98169,900098169,DEHT,DEHT-200,2011,2012-09-10,10
98170,900098170,DEDR,DEDR-200,2018,2018-11-11,15
98171,900098171,DEDR,DEDR-300,2009,2010-02-01,15
98172,900098172,DEDR,DEDR-100,2022,2023-06-02,15
98173,900098173,DESM,DESM-100,2012,2013-02-02,10
98174,900098174,DESM,DESM-200,2020,2020-05-25,10
98175,900098175,DESM,DESM-300,2018,2019-06-27,10
98176,900098176,DEDR,DEDR-100,2022,2022-10-29,15
98177,900098177,DEDR,DEDR-300,2009,2010-03-08,15
98178,900098178,DEDR,DEDR-100,2018,2019-02-25,15
98179,900098179,DESM,DESM-200,2011,2011-06-13,10
98181,900098181,DEDR,DEDR-100,2015,2016-01-03,15
98182,900098182,DESM,DESM-100,2019,2020-03-17,10
98183,900098183,DESM,DESM-100,2009,2009-11-26,10
98184,900098184,DEDR,DEDR-300,2010,2011-09-21,15
98185,900098185,DESM,DESM-300,2009,2010-02-04,10
98187,900098187,DEHT,DEHT-200,2018,2019-04-26,10
98188,900098188,DESM,DESM-100,2018,2018-08-13,10
98189,900098189,DESM,DESM-100,2008,2008-12-05,10
98190,900098190,DESM,DESM-200,2015,2015-11-20,10
98191,900098191,DESM,DESM-200,2012,2013-01-16,10
98194,900098194,DESM,DESM-200,2009,2009-06-16,10
98195,900098195,DESM,DESM-300,2009,2009-03-16,10
98196,900098196,DEMO,DEMO-200,2008,2009-01-30,10
98198,900098198,DEMO,DEMO-200,2018,2019-03-14,10
98202,900098202,DEHT,DEHT-300,2017,2017-07-09,10
98203,900098203,DEHT,DEHT-100,2023,2024-07-14,10
98204,900098204,DEHT,DEHT-200,2015,2016-02-24,10
98205,900098205,DEHT,DEHT-300,2008,2008-11-23,10
98206,900098206,DEHT,DEHT-200,2009,2010-07-11,10
98208,900098208,DEDR,DEDR-200,2016,2016-06-06,15
98210,900098210,SWAV,SWAV-200,2010,2011-02-07,15
98213,900098213,DEHT,DEHT-100,2016,2016-08-17,10
98214,900098214,DEHT,DEHT-300,2019,2020-05-10,10
98220,900098220,DETM,DETM-200,2023,2024-09-22,10
98221,900098221,DEHT,DEHT-200,2014,2014-03-29,10
98222,900098222,DEHT,DEHT-300,2020,2021-01-30,10
98223,900098223,DEDR,DEDR-200,2017,2017-08-04,15
98224,900098224,DEHT,DEHT-300,2012,2013-06-23,10
98225,900098225,DETM,DETM-300,2011,2012-04-22,10
98275,900098275,DEGD,DEGD-300,2011,2011-09-11,10
98276,900098276,DEGD,DEGD-300,2022,2023-05-27,10
98277,900098277,DEGD,DEGD-300,2010,2010-09-11,10
98278,900098278,DEGD,DEGD-300,2014,2014-12-19,10
98279,900098279,DEGD,DEGD-200,2018,2018-12-03,10
98281,900098281,DEGD,DEGD-200,2015,2016-03-30,10
98282,900098282,DEGD,DEGD-200,2019,2020-02-28,10
98283,900098283,SWPH,SWPH-100,2009,2010-05-16,12
98284,900098284,SWPH,SWPH-200,2017,2018-01-01,12
103904,900103904,ATFA,ATFA-200,2021,2022-02-10,15
103905,900103905,SWMS,SWMS-300,2017,2017-02-17,15
103907,900103907,SWPH,SWPH-200,2021,2021-06-08,12
103908,900103908,SWPH,SWPH-200,2021,2021-10-10,12
103910,900103910,PUCE,PUCE-200,2019,2019-11-24,10
103911,900103911,PUCE,PUCE-100,2021,2022-01-24,10
103913,900103913,SWPH,SWPH-200,2022,2023-03-13,12
103915,900103915,SWPH,SWPH-100,2023,2024-04-19,12
103916,900103916,ATFA,ATFA-300,2020,2021-01-16,15
103917,900103917,ATFA,ATFA-300,2008,2008-09-18,15
103918,900103918,SWMS,SWMS-100,2022,2022-10-03,15
103919,900103919,SWMS,SWMS-300,2017,2018-01-24,15
103921,900103921,SWPH,SWPH-300,2015,2016-11-28,12
103922,900103922,ATFA,ATFA-300,2020,2020-06-04,15
103923,900103923,SWMS,SWMS-100,2022,2022-12-31,15
103925,900103925,PUCE,PUCE-300,2014,2015-04-20,10
103926,900103926,PUCE,PUCE-200,2016,2016-11-09,10
103928,900103928,SWPH,SWPH-200,2010,2010-11-11,12
103930,900103930,SWPH,SWPH-300,2022,2023-08-15,12
103931,900103931,ATFA,ATFA-200,2012,2012-08-02,15
103932,900103932,SWMS,SWMS-100,2016,2017-06-21,15
103937,900103937,PUCE,PUCE-300,2020,2020-12-30,10
103938,900103938,PUCE,PUCE-300,2013,2013-11-06,10
103940,900103940,PUCE,PUCE-200,2011,2011-12-29,10
103941,900103941,SWPH,SWPH-100,2011,2012-02-28,12
103942,900103942,ATFA,ATFA-300,2009,2010-06-01,15
103943,900103943,SWMS,SWMS-300,2018,2019-06-30,15
103945,900103945,SWPH,SWPH-100,2020,2020-12-18,12
103946,900103946,ATFA,ATFA-300,2022,2022-05-22,15
103947,900103947,ATFA,ATFA-100,2010,2010-09-01,15
103948,900103948,SWMS,SWMS-200,2017,2017-11-05,15
103949,900103949,SWMS,SWMS-200,2017,2017-09-18,15
103951,900103951,PUCE,PUCE-200,2011,2011-06-14,10
103952,900103952,PUCE,PUCE-300,2020,2020-11-23,10
103954,900103954,PUCE,PUCE-200,2020,2020-12-23,10
103955,900103955,PUCE,PUCE-300,2011,2011-12-01,10
103957,900103957,SWPH,SWPH-100,2021,2022-04-03,12
103959,900103959,ATFA,ATFA-100,2023,2023-08-14,15
103960,900103960,ATFA,ATFA-200,2021,2021-07-26,15
103961,900103961,SWMS,SWMS-200,2023,2023-12-05,15
103962,900103962,SWMS,SWMS-200,2020,2020-06-21,15
103964,900103964,SWPH,SWPH-200,2020,2020-08-13,12
103965,900103965,ATFA,ATFA-200,2009,2010-07-26,15
103966,900103966,SWMS,SWMS-200,2009,2010-03-26,15
103968,900103968,SWPH,SWPH-100,2023,2024-02-13,12
103969,900103969,SWPH,SWPH-300,2014,2014-12-28,12
103970,900103970,ATFA,ATFA-200,2009,2010-03-15,15
103971,900103971,SWMS,SWMS-300,2016,2017-10-12,15
103973,900103973,SWPH,SWPH-200,2022,2023-04-16,12
103974,900103974,ATFA,ATFA-300,2009,2009-10-19,15
103975,900103975,ATFA,ATFA-300,2015,2015-09-04,15
103976,900103976,SWMS,SWMS-200,2013,2014-01-03,15
103977,900103977,SWMS,SWMS-200,2016,2016-10-13,15
103979,900103979,PUCE,PUCE-200,2017,2018-03-21,10
103980,900103980,PUCE,PUCE-300,2012,2012-11-11,10
103982,900103982,SWPH,SWPH-100,2016,2016-08-19,12
103984,900103984,SWPH,SWPH-300,2014,2015-05-15,12
103986,900103986,SWPH,SWPH-100,2017,2018-01-11,12
103988,900103988,SWMS,SWMS-300,2016,2016-10-13,15
103989,900103989,SWMS,SWMS-300,2010,2010-11-24,15
103991,900103991,SWPH,SWPH-200,2015,2016-01-29,12
103993,900103993,SWPH,SWPH-300,2014,2014-09-12,12
103995,900103995,SWPH,SWPH-300,2008,2008-10-19,12
103996,900103996,SWPH,SWPH-300,2010,2011-10-28,12
103997,900103997,SWMS,SWMS-300,2022,2022-11-15,15
103998,900103998,SWMS,SWMS-300,2014,2014-12-29,15
104000,900104000,SWPH,SWPH-100,2022,2022-10-17,12
104002,900104002,SWPH,SWPH-200,2021,2022-04-01,12
104004,900104004,SWMS,SWMS-200,2022,2023-07-22,15
104005,900104005,SWMS,SWMS-300,2022,2023-01-06,15
104007,900104007,SWPH,SWPH-300,2008,2009-03-08,12
104009,900104009,SWPH,SWPH-200,2022,2023-06-08,12
104011,900104011,SWMS,SWMS-200,2016,2017-07-18,15
104012,900104012,SWMS,SWMS-300,2021,2021-08-07,15
104014,900104014,SWPH,SWPH-200,2021,2021-07-09,12
104016,900104016,SWPH,SWPH-200,2009,2009-10-03,12
104017,900104017,SWPH,SWPH-200,2015,2016-08-04,12
104018,900104018,SWMS,SWMS-100,2018,2018-12-07,15
104020,900104020,SWPH,SWPH-300,2023,2024-03-21,12
104022,900104022,SWPH,SWPH-200,2011,2012-01-05,12
104024,900104024,SWMS,SWMS-200,2022,2023-04-04,15
104025,900104025,SWMS,SWMS-300,2016,2017-10-05,15
104026,900104026,DEGD,DEGD-100,2011,2012-09-05,10
104027,900104027,DEGD,DEGD-200,2011,2011-09-13,10
104028,900104028,DEGD,DEGD-200,2023,2023-10-12,10
104029,900104029,DEGD,DEGD-100,2017,2018-07-05,10
104030,900104030,DEGD,DEGD-100,2020,2020-12-29,10
104031,900104031,DEGD,DEGD-200,2023,2023-12-18,10
104032,900104032,DEGD,DEGD-300,2020,2020-09-28,10
104033,900104033,DEGD,DEGD-200,2017,2018-01-10,10
104034,900104034,DEGD,DEGD-200,2008,2008-09-10,10
104035,900104035,DEGD,DEGD-100,2009,2010-03-01,10
104036,900104036,DEGD,DEGD-300,2023,2023-07-16,10
104037,900104037,DEGD,DEGD-200,2022,2022-11-20,10
104038,900104038,DEGD,DEGD-100,2017,2018-07-27,10
104039,900104039,DEGD,DEGD-300,2015,2015-11-13,10
104040,900104040,DEGD,DEGD-200,2009,2010-02-23,10
104041,900104041,DEGD,DEGD-100,2021,2022-03-20,10
104042,900104042,DEGD,DEGD-100,2016,2016-11-22,10
104043,900104043,DEGD,DEGD-100,2020,2021-03-29,10
104044,900104044,DEGD,DEGD-300,2019,2019-05-02,10
104045,900104045,DEGD,DEGD-300,2008,2008-12-09,10
104046,900104046,DEGD,DEGD-100,2010,2010-06-16,10
104047,900104047,DEGD,DEGD-100,2022,2022-09-13,10
104048,900104048,DEGD,DEGD-100,2015,2016-01-10,10
104049,900104049,DEGD,DEGD-100,2020,2020-04-02,10
104050,900104050,DEGD,DEGD-200,2013,2014-03-28,10
104051,900104051,DEGD,DEGD-100,2008,2009-03-17,10
104052,900104052,DEGD,DEGD-200,2021,2022-01-15,10
104053,900104053,DEGD,DEGD-300,2021,2021-09-21,10
104054,900104054,DEGD,DEGD-300,2019,2020-04-11,10
104055,900104055,DEGD,DEGD-200,2020,2021-02-08,10
104056,900104056,DEGD,DEGD-300,2009,2010-07-20,10
104057,900104057,DEGD,DEGD-100,2022,2023-07-13,10
104058,900104058,DEGD,DEGD-200,2012,2012-07-11,10
104059,900104059,DEGD,DEGD-300,2016,2016-10-27,10
104060,900104060,DEGD,DEGD-200,2017,2018-10-01,10
104061,900104061,DEGD,DEGD-300,2019,2020-01-23,10
104062,900104062,DEGD,DEGD-100,2018,2018-12-16,10
104063,900104063,DEGD,DEGD-200,2011,2011-03-10,10
104064,900104064,DEGD,DEGD-300,2023,2023-04-19,10
104065,900104065,DEGD,DEGD-300,2020,2021-04-11,10
104066,900104066,DEGD,DEGD-200,2010,2011-06-06,10
104813,900104813,DEDR,DEDR-200,2023,2024-01-10,15
104814,900104814,DEDR,DEDR-100,2008,2009-06-02,15
113979,900113979,SWSC,SWSC-300,2023,2023-07-14,10
113980,900113980,SWSC,SWSC-300,2023,2024-06-03,10
113981,900113981,DEMO,DEMO-300,2022,2022-12-04,10
113983,900113983,DEMO,DEMO-300,2009,2010-01-13,10
113985,900113985,SWAV,SWAV-200,2020,2020-03-13,15
113987,900113987,DEDR,DEDR-300,2009,2009-11-03,15
113988,900113988,DEHA,DEHA-300,2018,2018-11-13,15
113990,900113990,SWAV,SWAV-100,2017,2018-01-13,15
113991,900113991,DEDR,DEDR-200,2009,2009-12-24,15
113992,900113992,DEDR,DEDR-200,2010,2011-05-14,15
113994,900113994,SWAV,SWAV-300,2019,2020-01-29,15
113995,900113995,DEDR,DEDR-300,2020,2020-09-02,15
113996,900113996,DEDR,DEDR-100,2023,2024-04-04,15
113997,900113997,DETM,DETM-100,2008,2009-04-13,10
113998,900113998,DEHA,DEHA-300,2013,2013-07-30,15
113999,900113999,SWAV,SWAV-100,2020,2020-11-17,15
114000,900114000,SWAV,SWAV-300,2023,2024-04-08,15
114002,900114002,DEDR,DEDR-100,2016,2016-04-28,15
114003,900114003,DEDR,DEDR-300,2023,2023-09-02,15
114004,900114004,DETM,DETM-100,2011,2011-06-26,10
114005,900114005,DESM,DESM-200,2009,2010-05-17,10
114006,900114006,DEMC,DEMC-100,2017,2018-05-20,10
114007,900114007,DETM,DETM-100,2018,2019-02-23,10
114008,900114008,DESM,DESM-200,2011,2012-05-13,10
114009,900114009,DEMC,DEMC-200,2008,2008-07-18,10
114010,900114010,DETM,DETM-100,2008,2009-07-12,10
114011,900114011,SWUR,SWUR-100,2011,2011-09-07,12
114012,900114012,SWUR,SWUR-100,2022,2022-09-17,12
114013,900114013,SWUR,SWUR-200,2010,2011-01-02,12
114014,900114014,SWUR,SWUR-300,2017,2018-02-02,12
114015,900114015,SWUR,SWUR-200,2021,2022-01-15,12
114016,900114016,SWUR,SWUR-100,2017,2018-05-31,12
114046,900114046,DEMO,DEMO-100,2018,2018-09-13,10
115208,900115208,DEMO,DEMO-200,2020,2021-04-21,10
115209,900115209,SWAV,SWAV-300,2016,2017-07-23,15
115211,900115211,DEDR,DEDR-200,2014,2015-02-23,15
115215,900115215,DEMO,DEMO-100,2016,2016-12-23,10
115216,900115216,SWAV,SWAV-300,2022,2022-02-13,15
115217,900115217,DEMO,DEMO-300,2023,2024-06-30,10
115218,900115218,DEDR,DEDR-200,2012,2012-06-16,15
115219,900115219,DETM,DETM-100,2013,2013-06-19,10
115223,900115223,DEMO,DEMO-300,2015,2016-05-29,10
115224,900115224,DETM,DETM-300,2015,2015-08-13,10
115225,900115225,DEDR,DEDR-300,2015,2016-06-15,15
115229,900115229,DEMO,DEMO-200,2012,2012-06-17,10
115230,900115230,SWAV,SWAV-100,2019,2019-07-15,15
115231,900115231,DEMO,DEMO-200,2014,2014-09-03,10
115235,900115235,DEMO,DEMO-100,2015,2015-12-09,10
115236,900115236,SWAV,SWAV-300,2019,2019-11-20,15
115237,900115237,DEMO,DEMO-200,2022,2023-01-04,10
115238,900115238,DEDR,DEDR-200,2018,2019-04-08,15
115239,900115239,DETM,DETM-300,2016,2017-08-10,10
115240,900115240,DETM,DETM-200,2013,2013-12-04,10
115244,900115244,DEMO,DEMO-100,2012,2013-01-17,10
115245,900115245,SWAV,SWAV-200,2017,2018-01-29,15
115246,900115246,DEMO,DEMO-300,2023,2024-07-02,10
115247,900115247,DEDR,DEDR-100,2012,2012-12-22,15
115248,900115248,DETM,DETM-100,2019,2020-06-21,10
115252,900115252,DEMO,DEMO-300,2014,2015-08-20,10
115253,900115253,SWAV,SWAV-300,2010,2010-07-18,15
115254,900115254,DEMO,DEMO-100,2008,2009-02-23,10
115255,900115255,DEDR,DEDR-300,2022,2022-04-13,15
115256,900115256,DETM,DETM-100,2023,2024-01-29,10
115260,900115260,DEMO,DEMO-200,2015,2015-11-03,10
115261,900115261,SWAV,SWAV-100,2016,2017-02-22,15
115262,900115262,DEMO,DEMO-100,2018,2018-07-11,10
115263,900115263,DEDR,DEDR-200,2010,2011-02-23,15
115264,900115264,DETM,DETM-200,2020,2020-05-25,10
115268,900115268,DEMO,DEMO-100,2020,2020-04-24,10
115269,900115269,SWAV,SWAV-200,2018,2018-07-05,15
115271,900115271,DEDR,DEDR-100,2014,2015-03-16,15
115275,900115275,DEMO,DEMO-200,2014,2014-10-20,10
115276,900115276,DEDR,DEDR-100,2021,2022-03-08,15
115277,900115277,DETM,DETM-100,2011,2011-09-15,10
115278,900115278,DEDR,DEDR-300,2016,2016-11-26,15
115282,900115282,DEMO,DEMO-200,2021,2022-04-29,10
115283,900115283,SWAV,SWAV-100,2018,2019-01-28,15
115284,900115284,DEMO,DEMO-100,2019,2020-03-26,10
115285,900115285,DEDR,DEDR-300,2014,2014-09-16,15
115286,900115286,DETM,DETM-300,2018,2019-06-12,10
115290,900115290,DEMO,DEMO-200,2012,2012-09-13,10
115291,900115291,SWAV,SWAV-100,2017,2017-04-24,15
115292,900115292,DEMO,DEMO-200,2013,2013-10-03,10
115293,900115293,DEDR,DEDR-300,2008,2008-04-09,15
115298,900115298,DEDR,DEDR-300,2020,2020-07-02,15
115299,900115299,DEHA,DEHA-200,2008,2008-11-10,15
115302,900115302,DEMO,DEMO-100,2022,2022-12-13,10
115303,900115303,SWAV,SWAV-200,2022,2023-06-06,15
115304,900115304,DEMO,DEMO-100,2020,2020-09-07,10
115305,900115305,DEDR,DEDR-200,2014,2014-11-16,15
115310,900115310,DEMO,DEMO-200,2011,2011-08-09,10
115311,900115311,SWAV,SWAV-100,2018,2019-06-06,15
115312,900115312,DEMO,DEMO-300,2010,2010-08-03,10
115313,900115313,DEDR,DEDR-200,2019,2019-10-28,15
115315,900115315,DETM,DETM-300,2022,2022-06-20,10
115319,900115319,DEMO,DEMO-100,2023,2023-11-01,10
115320,900115320,SWAV,SWAV-100,2021,2022-01-03,15
115321,900115321,DEMO,DEMO-300,2014,2015-05-21,10
115322,900115322,DEDR,DEDR-200,2018,2019-02-17,15
115323,900115323,DEDR,DEDR-200,2022,2022-05-16,15
115325,900115325,DETM,DETM-100,2020,2021-01-12,10
115337,900115337,DEMO,DEMO-200,2020,2021-01-02,10
115338,900115338,SWAV,SWAV-100,2022,2023-02-19,15
115339,900115339,DEMO,DEMO-200,2018,2019-04-20,10
115340,900115340,DEDR,DEDR-300,2009,2010-05-16,15
115345,900115345,DEMO,DEMO-100,2010,2011-05-03,10
115346,900115346,SWAV,SWAV-100,2017,2017-08-29,15
115347,900115347,DETM,DETM-200,2009,2010-01-21,10
115348,900115348,DEDR,DEDR-200,2020,2021-10-01,15
115349,900115349,DEDR,DEDR-100,2008,2009-01-14,15
115353,900115353,DEMO,DEMO-200,2019,2020-05-10,10
115354,900115354,SWAV,SWAV-300,2019,2019-10-26,15
115355,900115355,DETM,DETM-200,2014,2014-12-11,10
115359,900115359,DEMO,DEMO-200,2008,2008-12-09,10
115360,900115360,SWAV,SWAV-300,2023,2023-03-23,15
115361,900115361,DEMO,DEMO-100,2011,2011-10-06,10
115362,900115362,DEDR,DEDR-100,2016,2016-11-11,15
115363,900115363,DEDR,DEDR-300,2011,2011-10-29,15
115364,900115364,DETM,DETM-100,2017,2018-02-24,10
115369,900115369,DEMO,DEMO-200,2013,2014-08-14,10
115370,900115370,SWAV,SWAV-200,2014,2015-07-30,15
115371,900115371,DEMO,DEMO-300,2019,2020-02-06,10
115372,900115372,DEDR,DEDR-300,2015,2015-03-13,15
115373,900115373,DEDR,DEDR-100,2015,2015-11-18,15
115374,900115374,DETM,DETM-300,2015,2016-01-31,10
115379,900115379,DEMO,DEMO-300,2016,2016-10-28,10
115380,900115380,SWAV,SWAV-300,2019,2020-05-10,15
115381,900115381,DEMO,DEMO-200,2011,2012-05-29,10
115382,900115382,DEDR,DEDR-300,2019,2020-07-12,15
115383,900115383,DEDR,DEDR-300,2011,2011-06-17,15
115384,900115384,DETM,DETM-100,2019,2020-09-24,10
115385,900115385,DETM,DETM-200,2013,2013-10-30,10
115389,900115389,DEMO,DEMO-200,2016,2017-01-02,10
115390,900115390,SWAV,SWAV-200,2022,2022-07-14,15
115391,900115391,DEMO,DEMO-100,2017,2017-11-20,10
115392,900115392,DEDR,DEDR-100,2012,2013-07-04,15
115393,900115393,DEDR,DEDR-100,2012,2013-02-08,15
115394,900115394,DETM,DETM-100,2013,2013-10-15,10
115398,900115398,DEMO,DEMO-100,2020,2020-05-11,10
115400,900115400,DEMO,DEMO-100,2008,2009-01-19,10
115401,900115401,DEDR,DEDR-300,2011,2011-08-28,15
115406,900115406,DEMO,DEMO-200,2020,2020-04-16,10
115407,900115407,DEDR,DEDR-200,2020,2020-10-19,15
115408,900115408,DEDR,DEDR-200,2022,2023-09-11,15
115409,900115409,DETM,DETM-300,2019,2020-02-17,10
115410,900115410,DETM,DETM-200,2013,2014-10-09,10
115414,900115414,DEMO,DEMO-300,2018,2019-01-10,10
115415,900115415,SWAV,SWAV-200,2012,2013-03-13,15
115416,900115416,DEMO,DEMO-300,2011,2012-01-26,10
115417,900115417,SWAV,SWAV-100,2011,2011-07-23,15
115418,900115418,DEDR,DEDR-200,2010,2010-04-07,15
115536,900115536,DEDR,DEDR-200,2009,2009-12-09,15
115537,900115537,ELUP,ELUP-100,2009,2009-07-24,8
115540,900115540,DEDR,DEDR-100,2010,2011-02-16,15
115541,900115541,ELUP,ELUP-200,2014,2015-05-04,8
115544,900115544,DEDR,DEDR-300,2018,2019-01-07,15
115545,900115545,ELUP,ELUP-300,2009,2010-02-09,8
115548,900115548,DEDR,DEDR-300,2015,2015-09-28,15
115549,900115549,ELUP,ELUP-200,2023,2023-12-17,8
115552,900115552,ATFA,ATFA-300,2015,2016-01-05,15
115553,900115553,SWMS,SWMS-100,2019,2019-10-10,15
115555,900115555,SWPH,SWPH-300,2014,2015-06-28,12
115556,900115556,PUCE,PUCE-300,2009,2009-10-17,10
115558,900115558,SWPH,SWPH-100,2021,2021-04-29,12
115559,900115559,SWPH,SWPH-100,2009,2009-09-05,12
115560,900115560,ATFA,ATFA-100,2014,2015-08-24,15
115561,900115561,ATFA,ATFA-200,2015,2016-09-02,15
115562,900115562,SWMS,SWMS-200,2014,2015-06-24,15
115563,900115563,SWMS,SWMS-300,2011,2012-03-11,15
115565,900115565,SWPH,SWPH-100,2014,2015-08-18,12
115566,900115566,SWPH,SWPH-300,2008,2009-08-05,12
115567,900115567,SWPH,SWPH-100,2020,2021-02-16,12
115568,900115568,SWPH,SWPH-100,2011,2011-11-08,12
115571,900115571,SWMS,SWMS-200,2017,2018-09-28,15
115572,900115572,SWMS,SWMS-300,2012,2013-01-03,15
115574,900115574,SWPH,SWPH-200,2008,2009-07-11,12
115575,900115575,SWPH,SWPH-100,2022,2023-08-23,12
115578,900115578,SWMS,SWMS-300,2017,2017-09-10,15
115579,900115579,SWMS,SWMS-100,2018,2019-11-13,15
115581,900115581,SWPH,SWPH-100,2012,2013-04-19,12
115582,900115582,ATFA,ATFA-200,2021,2021-10-19,15
115584,900115584,SWMS,SWMS-300,2020,2020-09-18,15
115585,900115585,SWMS,SWMS-200,2022,2023-10-19,15
115587,900115587,SWPH,SWPH-300,2021,2021-08-24,12
115589,900115589,SWMS,SWMS-100,2013,2014-03-13,15
115591,900115591,SWPH,SWPH-100,2016,2017-05-02,12
115592,900115592,ATFA,ATFA-100,2013,2013-12-14,15
115593,900115593,SWMS,SWMS-200,2009,2009-09-15,15
115595,900115595,SWPH,SWPH-300,2015,2016-11-08,12
115596,900115596,ATFA,ATFA-200,2019,2020-04-25,15
115597,900115597,SWMS,SWMS-300,2015,2015-06-06,15
115599,900115599,ATFA,ATFA-200,2010,2010-03-15,15
115600,900115600,SWMS,SWMS-100,2011,2012-01-27,15
115602,900115602,ATFA,ATFA-200,2017,2017-05-06,15
115603,900115603,SWMS,SWMS-300,2010,2010-11-30,15
115605,900115605,SWPH,SWPH-200,2009,2009-10-31,12
115606,900115606,ATFA,ATFA-100,2015,2016-05-17,15
115607,900115607,SWMS,SWMS-200,2012,2013-04-17,15
115609,900115609,SWPH,SWPH-300,2023,2024-04-19,12
115610,900115610,ATFA,ATFA-100,2014,2015-05-24,15
115611,900115611,SWMS,SWMS-300,2010,2011-03-03,15
115613,900115613,PUCE,PUCE-200,2017,2017-09-12,10
115615,900115615,ATFA,ATFA-200,2013,2014-01-07,15
115616,900115616,ATFA,ATFA-200,2010,2011-06-19,15
115617,900115617,SWPH,SWPH-300,2008,2008-11-18,12
115618,900115618,SWMS,SWMS-100,2009,2010-01-19,15
115619,900115619,SWMS,SWMS-100,2017,2018-04-08,15
115621,900115621,ATFA,ATFA-300,2013,2014-03-29,15
115622,900115622,SWMS,SWMS-100,2020,2020-10-21,15
115624,900115624,SWPH,SWPH-300,2020,2020-07-05,12
115625,900115625,SWPH,SWPH-100,2018,2019-05-07,12
115626,900115626,ATFA,ATFA-100,2019,2019-07-23,15
115627,900115627,ATFA,ATFA-300,2012,2012-11-14,15
115628,900115628,SWMS,SWMS-200,2017,2017-11-23,15
115629,900115629,SWMS,SWMS-200,2022,2022-07-22,15
115631,900115631,SWPH,SWPH-300,2010,2010-12-07,12
115632,900115632,SWPH,SWPH-100,2011,2012-02-26,12
115633,900115633,SWPH,SWPH-100,2020,2021-01-24,12
115634,900115634,SWPH,SWPH-100,2020,2020-07-02,12
115637,900115637,SWMS,SWMS-300,2022,2022-08-17,15
115638,900115638,SWMS,SWMS-100,2011,2012-01-23,15
115640,900115640,SWPH,SWPH-300,2018,2018-11-13,12
115641,900115641,SWPH,SWPH-100,2009,2010-04-02,12
115644,900115644,SWMS,SWMS-300,2015,2015-08-03,15
115645,900115645,SWMS,SWMS-200,2019,2020-03-27,15
115647,900115647,SWPH,SWPH-100,2022,2023-02-19,12
115648,900115648,SWPH,SWPH-200,2020,2021-01-19,12
115651,900115651,SWMS,SWMS-100,2017,2018-05-31,15
115652,900115652,SWMS,SWMS-100,2014,2015-03-16,15
115654,900115654,SWPH,SWPH-100,2020,2020-10-27,12
115656,900115656,SWMS,SWMS-300,2018,2019-04-26,15
115658,900115658,SWPH,SWPH-100,2015,2015-07-11,12
115659,900115659,SWPH,SWPH-200,2013,2014-03-09,12
115660,900115660,ATFA,ATFA-100,2020,2021-08-10,15
115661,900115661,SWMS,SWMS-200,2011,2011-10-30,15
115663,900115663,PUCE,PUCE-100,2009,2010-02-11,10
115665,900115665,ATFA,ATFA-300,2018,2019-04-19,15
115666,900115666,SWMS,SWMS-200,2009,2009-04-20,15
115668,900115668,ATFA,ATFA-100,2016,2017-01-16,15
115669,900115669,SWMS,SWMS-200,2015,2016-10-09,15
115671,900115671,ATFA,ATFA-100,2023,2023-12-21,15
115672,900115672,SWMS,SWMS-100,2013,2013-07-17,15
115674,900115674,SWPH,SWPH-200,2012,2013-05-17,12
115675,900115675,ATFA,ATFA-100,2011,2011-07-24,15
115676,900115676,SWMS,SWMS-200,2017,2017-09-01,15
115678,900115678,ATFA,ATFA-200,2008,2008-06-30,15
115679,900115679,SWMS,SWMS-300,2023,2024-04-25,15
115681,900115681,SWPH,SWPH-300,2022,2023-03-17,12
115682,900115682,SWPH,SWPH-300,2008,2008-12-17,12
115684,900115684,ATFA,ATFA-100,2013,2014-05-28,15
115685,900115685,SWMS,SWMS-100,2010,2011-06-18,15
115687,900115687,SWPH,SWPH-200,2008,2009-03-05,12
115688,900115688,SWPH,SWPH-100,2014,2014-10-13,12
115689,900115689,SWPH,SWPH-300,2008,2009-03-20,12
115690,900115690,SWPH,SWPH-100,2012,2012-11-03,12
115693,900115693,SWMS,SWMS-100,2009,2009-05-08,15
115694,900115694,SWMS,SWMS-300,2016,2016-02-06,15
115696,900115696,SWPH,SWPH-100,2013,2014-04-28,12
115697,900115697,SWPH,SWPH-100,2009,2009-07-18,12
115700,900115700,SWMS,SWMS-100,2018,2019-03-31,15
115701,900115701,SWMS,SWMS-300,2016,2017-03-11,15
115703,900115703,SWPH,SWPH-200,2017,2017-09-18,12
115707,900115707,SWMS,SWMS-300,2014,2014-08-31,15
115709,900115709,SWPH,SWPH-100,2021,2022-08-08,12
115711,900115711,SWMS,SWMS-200,2009,2010-11-16,15
115714,900115714,SWPH,SWPH-100,2021,2022-01-03,12
115716,900115716,ATFA,ATFA-100,2020,2020-04-09,15
115717,900115717,ATFA,ATFA-100,2015,2015-08-20,15
115718,900115718,SWPH,SWPH-200,2009,2009-11-11,12
115719,900115719,SWMS,SWMS-300,2016,2017-01-16,15
115720,900115720,SWMS,SWMS-100,2017,2018-01-06,15
115722,900115722,PUCE,PUCE-200,2015,2015-03-31,10
115724,900115724,SWPH,SWPH-100,2009,2010-01-26,12
115725,900115725,ATFA,ATFA-200,2017,2017-07-18,15
115726,900115726,SWMS,SWMS-100,2009,2010-03-10,15
115728,900115728,ATFA,ATFA-200,2018,2018-10-05,15
115729,900115729,SWMS,SWMS-200,2016,2016-12-04,15
115731,900115731,SWPH,SWPH-200,2011,2011-04-01,12
115732,900115732,ATFA,ATFA-100,2020,2021-04-23,15
115733,900115733,SWMS,SWMS-200,2011,2011-08-18,15
115735,900115735,SWPH,SWPH-300,2017,2018-05-31,12
115736,900115736,SWPH,SWPH-200,2014,2014-05-31,12
115737,900115737,ATFA,ATFA-100,2019,2019-11-01,15
115738,900115738,SWMS,SWMS-300,2008,2009-07-11,15
115740,900115740,PUCE,PUCE-100,2016,2016-10-10,10
115742,900115742,ATFA,ATFA-100,2009,2010-05-02,15
115743,900115743,ATFA,ATFA-200,2014,2014-11-03,15
115744,900115744,SWMS,SWMS-300,2013,2014-08-11,15
115745,900115745,SWMS,SWMS-300,2009,2009-11-23,15
115747,900115747,SWPH,SWPH-100,2018,2019-06-27,12
115748,900115748,SWPH,SWPH-300,2013,2014-03-27,12
115749,900115749,ATFA,ATFA-200,2011,2011-10-22,15
115750,900115750,SWMS,SWMS-300,2010,2010-09-19,15
115752,900115752,SWPH,SWPH-300,2008,2008-11-17,12
115753,900115753,SWPH,SWPH-100,2012,2012-11-28,12
115754,900115754,SWPH,SWPH-100,2016,2017-06-15,12
115755,900115755,SWPH,SWPH-200,2011,2012-06-07,12
115758,900115758,SWMS,SWMS-300,2022,2022-02-09,15
115759,900115759,SWMS,SWMS-200,2013,2014-07-17,15
115761,900115761,SWPH,SWPH-200,2017,2018-06-24,12
115762,900115762,SWPH,SWPH-100,2014,2014-04-20,12
115765,900115765,SWMS,SWMS-100,2014,2014-05-09,15
115766,900115766,SWMS,SWMS-300,2008,2008-09-24,15
115768,900115768,SWPH,SWPH-300,2018,2018-11-02,12
115769,900115769,SWPH,SWPH-100,2023,2023-08-16,12
115772,900115772,SWMS,SWMS-200,2015,2015-05-20,15
115773,900115773,SWMS,SWMS-100,2014,2014-12-03,15
115775,900115775,SWPH,SWPH-200,2020,2020-09-17,12
115777,900115777,SWMS,SWMS-200,2022,2022-12-06,15
115779,900115779,SWPH,SWPH-300,2021,2022-04-19,12
115780,900115780,ATFA,ATFA-300,2012,2012-12-04,15
115781,900115781,SWMS,SWMS-200,2013,2014-02-05,15
115783,900115783,SWPH,SWPH-300,2022,2022-12-04,12
115785,900115785,PUCE,PUCE-200,2019,2020-01-14,10
115787,900115787,ATFA,ATFA-200,2018,2018-06-04,15
115788,900115788,ATFA,ATFA-200,2021,2022-01-22,15
115789,900115789,SWPH,SWPH-100,2013,2013-08-31,12
115790,900115790,SWMS,SWMS-300,2023,2023-04-04,15
115791,900115791,SWMS,SWMS-100,2014,2014-05-29,15
115793,900115793,SWPH,SWPH-100,2010,2011-01-07,12
115794,900115794,ATFA,ATFA-300,2023,2023-10-16,15
115795,900115795,SWMS,SWMS-100,2015,2015-09-14,15
115797,900115797,PUCE,PUCE-300,2013,2014-02-18,10
115798,900115798,PUCE,PUCE-200,2010,2011-01-15,10
115800,900115800,PUCE,PUCE-300,2011,2012-08-09,10
115801,900115801,PUCE,PUCE-200,2017,2017-11-13,10
115803,900115803,PUCE,PUCE-100,2008,2008-07-07,10
115804,900115804,PUCE,PUCE-200,2022,2023-07-16,10
115806,900115806,PUCE,PUCE-300,2017,2017-04-30,10
115807,900115807,PUCE,PUCE-300,2018,2018-07-07,10
115809,900115809,PUCE,PUCE-100,2008,2008-09-26,10
115810,900115810,PUCE,PUCE-300,2021,2022-03-07,10
115812,900115812,PUCE,PUCE-300,2016,2017-09-12,10
115813,900115813,PUCE,PUCE-100,2014,2014-12-05,10
115815,900115815,SWUR,SWUR-300,2023,2024-05-18,12
115821,900115821,SWUR,SWUR-300,2018,2019-09-18,12
115827,900115827,SWUR,SWUR-100,2019,2019-12-30,12
115833,900115833,SWUR,SWUR-300,2014,2014-08-14,12
115839,900115839,SWUR,SWUR-200,2015,2015-11-15,12
115845,900115845,SWUR,SWUR-300,2020,2021-04-24,12
115851,900115851,SWUR,SWUR-200,2018,2018-11-23,12
115857,900115857,SWUR,SWUR-100,2022,2023-06-14,12
115863,900115863,SWUR,SWUR-200,2008,2009-05-10,12
115869,900115869,SWUR,SWUR-300,2022,2022-05-18,12
115875,900115875,SWUR,SWUR-200,2012,2013-04-08,12
115881,900115881,SWUR,SWUR-100,2015,2015-10-17,12
115887,900115887,SWUR,SWUR-100,2017,2017-06-11,12
115893,900115893,SWUR,SWUR-100,2020,2021-07-11,12
115899,900115899,SWUR,SWUR-300,2022,2022-11-21,12
115905,900115905,SWUR,SWUR-200,2021,2022-02-22,12
115911,900115911,SWUR,SWUR-100,2021,2021-12-26,12
115917,900115917,SWUR,SWUR-300,2009,2009-11-07,12
115923,900115923,SWUR,SWUR-100,2019,2020-05-17,12
115929,900115929,SWUR,SWUR-200,2014,2015-10-09,12
115935,900115935,SWUR,SWUR-100,2016,2016-11-10,12
115941,900115941,SWUR,SWUR-300,2015,2016-03-28,12
115947,900115947,SWUR,SWUR-300,2012,2013-07-14,12
115953,900115953,SWUR,SWUR-200,2019,2020-03-01,12
115959,900115959,SWUR,SWUR-100,2015,2016-06-29,12
115965,900115965,SWUR,SWUR-100,2009,2009-04-13,12
115971,900115971,SWUR,SWUR-100,2012,2013-05-08,12
115977,900115977,SWUR,SWUR-300,2015,2015-10-12,12
115983,900115983,SWUR,SWUR-300,2014,2014-08-31,12
115989,900115989,SWUR,SWUR-200,2017,2017-09-25,12
115995,900115995,SWUR,SWUR-100,2020,2021-02-17,12
116001,900116001,SWUR,SWUR-300,2019,2019-07-05,12
116007,900116007,SWUR,SWUR-200,2018,2019-06-11,12
116013,900116013,SWUR,SWUR-200,2021,2021-10-09,12
116019,900116019,SWUR,SWUR-200,2013,2013-12-23,12
116025,900116025,SWUR,SWUR-100,2017,2018-08-31,12
116031,900116031,SWUR,SWUR-300,2010,2011-02-22,12
116037,900116037,SWUR,SWUR-200,2023,2024-03-25,12
116043,900116043,SWUR,SWUR-300,2013,2014-02-04,12
116049,900116049,SWUR,SWUR-100,2012,2012-11-21,12
116055,900116055,SWUR,SWUR-300,2008,2008-10-03,12
116061,900116061,SWUR,SWUR-200,2013,2013-02-09,12
116066,900116066,DEGD,DEGD-200,2017,2017-11-02,10
116067,900116067,DEGD,DEGD-300,2017,2017-12-18,10
116068,900116068,DEGD,DEGD-300,2017,2017-07-29,10
116069,900116069,DEGD,DEGD-200,2009,2010-02-23,10
116070,900116070,DEGD,DEGD-200,2010,2010-12-01,10
116071,900116071,DEGD,DEGD-200,2011,2012-02-16,10
116072,900116072,DEGD,DEGD-300,2018,2018-11-06,10
116073,900116073,DEGD,DEGD-200,2022,2022-06-11,10
116074,900116074,DEGD,DEGD-300,2013,2014-04-18,10
116075,900116075,DEGD,DEGD-100,2016,2016-12-10,10
116076,900116076,DEGD,DEGD-200,2019,2020-05-31,10
116077,900116077,DEGD,DEGD-100,2012,2013-08-01,10
116078,900116078,DEGD,DEGD-100,2010,2011-10-02,10
116079,900116079,DEGD,DEGD-200,2010,2011-05-05,10
116080,900116080,DEGD,DEGD-300,2015,2016-03-15,10
116081,900116081,DEGD,DEGD-200,2018,2018-04-26,10
116082,900116082,DEGD,DEGD-200,2014,2015-02-24,10
116083,900116083,DEGD,DEGD-300,2015,2016-08-16,10
116084,900116084,DEGD,DEGD-100,2023,2024-06-29,10
116085,900116085,DEGD,DEGD-300,2012,2013-07-19,10
116086,900116086,DEGD,DEGD-300,2018,2018-10-25,10
116087,900116087,DEGD,DEGD-100,2023,2023-06-01,10
116088,900116088,DEGD,DEGD-300,2017,2017-11-16,10
116089,900116089,DEGD,DEGD-200,2014,2014-03-10,10
116090,900116090,DEGD,DEGD-300,2009,2010-03-27,10
116091,900116091,DEGD,DEGD-200,2012,2013-08-06,10
116092,900116092,DEGD,DEGD-100,2023,2024-07-06,10
116093,900116093,DEGD,DEGD-100,2015,2015-11-05,10
116094,900116094,DEGD,DEGD-300,2012,2013-01-15,10
116095,900116095,DEGD,DEGD-200,2017,2017-12-30,10
116096,900116096,DEGD,DEGD-200,2009,2009-12-02,10
116097,900116097,DEGD,DEGD-100,2008,2008-11-19,10
116098,900116098,DEGD,DEGD-300,2011,2011-07-27,10
116099,900116099,DEGD,DEGD-200,2015,2016-01-06,10
116100,900116100,DEGD,DEGD-100,2017,2018-09-26,10
116101,900116101,DEGD,DEGD-300,2019,2020-06-24,10
116102,900116102,DEGD,DEGD-200,2009,2009-12-09,10
116103,900116103,DEGD,DEGD-300,2020,2021-09-07,10
116104,900116104,DEGD,DEGD-300,2016,2017-03-07,10
116105,900116105,DEGD,DEGD-300,2021,2022-07-02,10
116106,900116106,DEGD,DEGD-100,2020,2021-10-07,10
116107,900116107,DEGD,DEGD-200,2020,2021-01-06,10
116108,900116108,DEGD,DEGD-200,2022,2022-05-11,10
116109,900116109,DEGD,DEGD-200,2016,2016-12-13,10
116110,900116110,DEGD,DEGD-200,2015,2016-01-27,10
116111,900116111,DEGD,DEGD-300,2017,2017-12-18,10
116112,900116112,DEGD,DEGD-200,2012,2012-11-15,10
116113,900116113,DEGD,DEGD-100,2022,2023-06-24,10
116114,900116114,DEGD,DEGD-100,2008,2008-04-01,10
116115,900116115,DEGD,DEGD-100,2015,2015-06-08,10
116116,900116116,DEGD,DEGD-200,2011,2011-10-29,10
116117,900116117,DEGD,DEGD-100,2015,2016-04-15,10
116118,900116118,DEGD,DEGD-300,2023,2023-05-26,10
116119,900116119,DEGD,DEGD-100,2017,2017-07-14,10
116120,900116120,DEGD,DEGD-200,2019,2019-08-12,10
116121,900116121,DEGD,DEGD-200,2022,2022-11-28,10
116122,900116122,DEGD,DEGD-200,2016,2017-01-03,10
116123,900116123,DEGD,DEGD-300,2023,2023-09-15,10
116124,900116124,DEGD,DEGD-200,2010,2010-09-17,10
116125,900116125,DEGD,DEGD-100,2017,2018-01-20,10
116126,900116126,DEGD,DEGD-300,2008,2008-09-17,10
116127,900116127,DEGD,DEGD-300,2014,2015-05-03,10
116128,900116128,DEGD,DEGD-100,2021,2021-12-12,10
116129,900116129,DEGD,DEGD-300,2008,2008-08-06,10
116130,900116130,DEGD,DEGD-100,2010,2010-06-19,10
116131,900116131,DEGD,DEGD-200,2023,2024-01-17,10
116132,900116132,DEGD,DEGD-200,2013,2014-01-31,10
116133,900116133,DEGD,DEGD-200,2022,2022-09-14,10
116134,900116134,DEGD,DEGD-300,2013,2013-05-29,10
116135,900116135,DEGD,DEGD-100,2018,2018-06-26,10
116136,900116136,DEGD,DEGD-300,2016,2017-05-01,10
116137,900116137,DEGD,DEGD-200,2009,2009-10-20,10
116138,900116138,DEGD,DEGD-300,2021,2022-04-03,10
116139,900116139,DEGD,DEGD-100,2023,2024-02-15,10
116140,900116140,DEGD,DEGD-100,2009,2009-11-28,10
116141,900116141,DEGD,DEGD-200,2019,2019-04-09,10
116142,900116142,DEGD,DEGD-100,2012,2012-09-01,10
116143,900116143,DEGD,DEGD-100,2023,2024-02-14,10
116144,900116144,DEGD,DEGD-100,2015,2015-11-24,10
116145,900116145,SWSC,SWSC-100,2011,2011-09-11,10
116147,900116147,SWSC,SWSC-300,2018,2018-09-13,10
116148,900116148,DEDR,DEDR-200,2011,2012-03-28,15
117764,900117764,SWPH,SWPH-300,2013,2013-12-30,12
117765,900117765,SWMS,SWMS-300,2020,2020-12-26,15
117767,900117767,SWPH,SWPH-100,2022,2023-05-21,12
117768,900117768,SWMS,SWMS-100,2012,2012-08-17,15
117769,900117769,SWPH,SWPH-200,2013,2014-05-09,12
117770,900117770,SWMS,SWMS-300,2009,2010-03-20,15
117771,900117771,SWPH,SWPH-300,2014,2014-11-08,12
117772,900117772,SWPH,SWPH-300,2016,2017-06-01,12
117773,900117773,SWMS,SWMS-100,2011,2012-07-27,15
120116,900120116,SWSC,SWSC-100,2011,2011-10-24,10
120117,900120117,SWSC,SWSC-200,2022,2022-08-30,10
120118,900120118,SWSC,SWSC-200,2012,2013-01-02,10
120151,900120151,DEMO,DEMO-300,2022,2022-09-18,10
120153,900120153,DEMO,DEMO-200,2012,2013-01-17,10
120154,900120154,DETM,DETM-200,2023,2023-08-19,10
120155,900120155,DEMO,DEMO-100,2010,2010-07-19,10
120156,900120156,DETM,DETM-100,2013,2013-12-26,10
120161,900120161,DEMO,DEMO-200,2009,2010-05-14,10
120162,900120162,DETM,DETM-300,2011,2011-03-30,10
120165,900120165,DEMO,DEMO-100,2016,2017-01-25,10
120166,900120166,DETM,DETM-200,2011,2011-08-19,10
120169,900120169,DEMO,DEMO-200,2022,2023-09-11,10
120171,900120171,DEMO,DEMO-100,2019,2019-12-18,10
120172,900120172,DETM,DETM-100,2022,2023-09-02,10
120225,900120225,DETM,DETM-100,2020,2020-10-02,10
120226,900120226,DESM,DESM-300,2021,2022-08-03,10
120227,900120227,SWAV,SWAV-100,2015,2016-06-19,15
120228,900120228,DEMC,DEMC-100,2008,2008-10-09,10
120230,900120230,DESM,DESM-200,2015,2015-07-08,10
120231,900120231,DEDR,DEDR-300,2023,2023-08-23,15
120232,900120232,DEMC,DEMC-100,2014,2014-08-25,10
120233,900120233,DETM,DETM-100,2011,2011-07-20,10
120234,900120234,DESM,DESM-200,2021,2021-08-31,10
120235,900120235,DEMC,DEMC-200,2017,2017-03-31,10
120236,900120236,DETM,DETM-200,2019,2019-07-15,10
120237,900120237,DESM,DESM-200,2011,2011-03-25,10
120238,900120238,DEMC,DEMC-100,2022,2022-11-30,10
120239,900120239,DETM,DETM-200,2011,2011-04-09,10
120240,900120240,DEMC,DEMC-300,2013,2013-12-29,10
120241,900120241,DETM,DETM-100,2012,2013-04-21,10
120242,900120242,DESM,DESM-100,2013,2014-03-08,10
120243,900120243,DEMC,DEMC-300,2008,2009-01-02,10
120244,900120244,DETM,DETM-100,2020,2020-10-14,10
120245,900120245,DESM,DESM-100,2017,2017-10-06,10
120246,900120246,DEMC,DEMC-200,2016,2017-03-06,10
120247,900120247,DETM,DETM-300,2009,2009-12-12,10
120248,900120248,DEMC,DEMC-300,2008,2008-09-03,10
120249,900120249,DETM,DETM-200,2010,2010-06-11,10
120250,900120250,DESM,DESM-300,2013,2013-08-20,10
120251,900120251,DEMC,DEMC-100,2019,2020-10-05,10
120252,900120252,DETM,DETM-200,2023,2023-11-24,10
120253,900120253,DETM,DETM-200,2022,2023-07-20,10
120254,900120254,DESM,DESM-300,2018,2019-06-02,10
120255,900120255,DEMC,DEMC-300,2016,2017-03-17,10
120256,900120256,DETM,DETM-300,2019,2020-05-18,10
120257,900120257,DESM,DESM-300,2020,2020-03-24,10
120258,900120258,DEDR,DEDR-200,2016,2016-08-14,15
120259,900120259,DEDR,DEDR-100,2020,2021-03-25,15
120260,900120260,DETM,DETM-100,2022,2022-11-11,10
120261,900120261,DESM,DESM-200,2008,2008-06-02,10
120262,900120262,SWAV,SWAV-200,2013,2014-05-23,15
120263,900120263,DETM,DETM-300,2014,2014-10-04,10
120264,900120264,DETM,DETM-300,2008,2008-02-01,10
120265,900120265,DESM,DESM-100,2011,2012-03-29,10
120266,900120266,SWAV,SWAV-100,2018,2018-07-28,15
120267,900120267,DEMC,DEMC-100,2020,2020-12-18,10
120269,900120269,DESM,DESM-200,2012,2013-05-24,10
120270,900120270,DEDR,DEDR-100,2014,2014-12-17,15
120271,900120271,DEDR,DEDR-300,2009,2009-11-26,15
120272,900120272,DEMC,DEMC-300,2018,2019-01-15,10
120273,900120273,DEDR,DEDR-300,2011,2011-08-17,15
120274,900120274,DEDR,DEDR-200,2022,2023-03-22,15
120276,900120276,DESM,DESM-200,2021,2021-02-07,10
120277,900120277,DEDR,DEDR-100,2010,2011-09-30,15
120278,900120278,DEGL,DEGL-300,2010,2011-06-06,10
120279,900120279,DEMC,DEMC-100,2023,2023-12-31,10
120280,900120280,DEDR,DEDR-300,2021,2021-03-24,15
120281,900120281,DEDR,DEDR-200,2022,2022-09-25,15
120283,900120283,ELUP,ELUP-200,2011,2011-11-07,8
120285,900120285,SWSC,SWSC-300,2020,2021-08-18,10
120289,900120289,DEMO,DEMO-300,2017,2018-02-26,10
120290,900120290,DETM,DETM-200,2021,2022-10-18,10
120291,900120291,DEMO,DEMO-300,2018,2019-09-08,10
120297,900120297,DEMO,DEMO-200,2014,2015-05-19,10
120298,900120298,DETM,DETM-100,2010,2010-03-12,10
120299,900120299,DEMO,DEMO-200,2015,2015-02-16,10
120300,900120300,DETM,DETM-200,2009,2009-11-07,10
120305,900120305,DEMO,DEMO-100,2012,2012-12-29,10
120309,900120309,DEMO,DEMO-300,2020,2021-04-27,10
120311,900120311,DEMO,DEMO-100,2021,2021-11-23,10
120312,900120312,DETM,DETM-200,2013,2014-03-21,10
120315,900120315,DEMO,DEMO-300,2017,2017-04-28,10
120317,900120317,DEMO,DEMO-100,2021,2022-08-22,10
120318,900120318,DETM,DETM-200,2022,2023-04-30,10
120325,900120325,DEMO,DEMO-100,2017,2018-05-25,10
120326,900120326,DETM,DETM-100,2010,2010-06-03,10
120331,900120331,DEMO,DEMO-300,2009,2009-10-02,10
120332,900120332,DETM,DETM-100,2016,2016-05-01,10
120335,900120335,DEMO,DEMO-300,2012,2012-12-04,10
120336,900120336,DETM,DETM-200,2015,2015-03-30,10
120337,900120337,DEMO,DEMO-200,2008,2008-12-15,10
120338,900120338,DETM,DETM-200,2012,2012-10-26,10
120345,900120345,DEMO,DEMO-200,2019,2020-11-09,10
120346,900120346,DETM,DETM-100,2009,2010-03-25,10
120347,900120347,DEMO,DEMO-300,2014,2014-08-20,10
120348,900120348,DETM,DETM-100,2012,2012-11-15,10
120355,900120355,DEMO,DEMO-200,2019,2019-12-21,10
120356,900120356,DETM,DETM-100,2023,2023-04-16,10
120359,900120359,DEMO,DEMO-100,2021,2021-03-14,10
120360,900120360,DETM,DETM-200,2013,2013-09-11,10
120361,900120361,DEMO,DEMO-100,2018,2019-01-26,10
120362,900120362,DETM,DETM-100,2019,2020-04-09,10
120365,900120365,DEMO,DEMO-300,2009,2010-05-22,10
120366,900120366,DETM,DETM-300,2016,2016-12-12,10
120367,900120367,DEMO,DEMO-200,2022,2022-05-19,10
120368,900120368,DETM,DETM-100,2008,2009-07-27,10
120379,900120379,DEMO,DEMO-300,2009,2010-04-13,10
120380,900120380,DETM,DETM-300,2020,2020-05-12,10
120381,900120381,DEMO,DEMO-300,2014,2014-11-01,10
120383,900120383,DEMO,DEMO-100,2008,2008-09-19,10
120385,900120385,DEMO,DEMO-300,2019,2020-07-19,10
120386,900120386,DETM,DETM-200,2008,2009-01-20,10
120395,900120395,DEMO,DEMO-200,2019,2020-04-06,10
120396,900120396,DETM,DETM-200,2011,2011-08-31,10
120397,900120397,DEMO,DEMO-300,2009,2010-05-09,10
120398,900120398,DETM,DETM-100,2022,2022-07-12,10
120399,900120399,DEMO,DEMO-300,2009,2009-06-12,10
120407,900120407,DEMO,DEMO-300,2009,2010-04-04,10
120408,900120408,DETM,DETM-100,2008,2009-03-07,10
120413,900120413,DEMO,DEMO-100,2013,2014-06-20,10
120414,900120414,DETM,DETM-300,2018,2018-11-14,10
120457,900120457,DEHT,DEHT-200,2012,2013-06-28,10
120458,900120458,DEDR,DEDR-100,2012,2013-07-14,15
120459,900120459,DETM,DETM-200,2013,2014-08-15,10
120460,900120460,SWAV,SWAV-200,2013,2013-09-08,15
120462,900120462,DEHT,DEHT-200,2009,2009-09-21,10
120463,900120463,DEDR,DEDR-300,2013,2014-07-23,15
120464,900120464,DETM,DETM-200,2020,2021-02-21,10
120465,900120465,DEHT,DEHT-300,2009,2010-01-26,10
120466,900120466,DETM,DETM-300,2022,2023-01-17,10
120467,900120467,DEHT,DEHT-300,2016,2016-08-01,10
120468,900120468,DETM,DETM-200,2011,2012-04-04,10
120469,900120469,DEHT,DEHT-100,2012,2012-10-06,10
120470,900120470,DEDR,DEDR-300,2012,2012-07-28,15
120471,900120471,DETM,DETM-100,2014,2014-04-11,10
120472,900120472,DEHT,DEHT-300,2009,2009-11-16,10
120473,900120473,DETM,DETM-200,2012,2012-11-10,10
120474,900120474,DEHT,DEHT-200,2008,2008-09-19,10
120475,900120475,DETM,DETM-300,2014,2014-06-11,10
120476,900120476,DEHT,DEHT-100,2008,2009-05-21,10
120477,900120477,DETM,DETM-100,2014,2014-02-16,10
120478,900120478,DEHT,DEHT-100,2008,2008-06-19,10
120479,900120479,DETM,DETM-200,2022,2023-08-24,10
120480,900120480,DEHT,DEHT-300,2018,2018-06-25,10
120482,900120482,DEHT,DEHT-300,2019,2019-08-23,10
120483,900120483,DEDR,DEDR-300,2021,2021-08-17,15
120485,900120485,DEHT,DEHT-200,2013,2013-09-21,10
120487,900120487,DEHT,DEHT-200,2020,2020-10-16,10
120488,900120488,SWAV,SWAV-100,2020,2021-06-18,15
120490,900120490,DEHT,DEHT-300,2009,2009-10-16,10
120491,900120491,DETM,DETM-300,2023,2023-08-31,10
120492,900120492,DEHT,DEHT-300,2009,2009-10-24,10
120493,900120493,DEDR,DEDR-300,2012,2013-06-18,15
120494,900120494,DETM,DETM-200,2014,2015-01-11,10
120495,900120495,DEHT,DEHT-200,2016,2017-02-19,10
120497,900120497,SWAV,SWAV-200,2016,2016-07-06,15
120499,900120499,DEDR,DEDR-100,2019,2019-11-24,15
120500,900120500,DETM,DETM-200,2016,2016-08-19,10
120501,900120501,DEHT,DEHT-100,2012,2013-03-27,10
120503,900120503,DEHT,DEHT-200,2012,2012-11-19,10
120504,900120504,DEHT,DEHT-100,2010,2010-10-30,10
120505,900120505,DETM,DETM-300,2008,2009-06-20,10
120506,900120506,DEHT,DEHT-200,2015,2016-02-10,10
120507,900120507,DEHA,DEHA-300,2018,2019-09-05,15
120508,900120508,DETM,DETM-200,2009,2009-10-03,10
120509,900120509,DEHT,DEHT-100,2011,2011-11-17,10
120510,900120510,DEHT,DEHT-100,2018,2018-10-21,10
120511,900120511,DETM,DETM-100,2015,2016-02-07,10
120512,900120512,DESM,DESM-100,2015,2016-04-05,10
120513,900120513,DETM,DETM-300,2012,2012-08-01,10
120514,900120514,DEHT,DEHT-300,2017,2018-03-24,10
120515,900120515,DETM,DETM-100,2009,2009-07-31,10
120516,900120516,DEHT,DEHT-300,2019,2019-05-24,10
120517,900120517,DEDR,DEDR-200,2022,2022-12-17,15
120518,900120518,DETM,DETM-200,2021,2022-02-06,10
120519,900120519,SWAV,SWAV-100,2013,2014-04-17,15
120520,900120520,DETM,DETM-300,2019,2020-04-30,10
120521,900120521,DEHT,DEHT-200,2019,2019-05-18,10
120522,900120522,DEDR,DEDR-100,2021,2022-05-19,15
120523,900120523,DETM,DETM-300,2016,2016-04-27,10
120524,900120524,DEHT,DEHT-300,2008,2008-11-01,10
120525,900120525,DEHT,DEHT-100,2020,2021-01-16,10
120526,900120526,DETM,DETM-200,2018,2018-11-08,10
120527,900120527,DEHT,DEHT-300,2010,2010-03-18,10
120528,900120528,DEHT,DEHT-200,2019,2020-03-06,10
120529,900120529,DETM,DETM-300,2008,2008-03-08,10
120530,900120530,DEHT,DEHT-100,2008,2008-11-20,10
120531,900120531,DEHT,DEHT-200,2019,2020-05-19,10
120532,900120532,DETM,DETM-100,2016,2017-03-09,10
120533,900120533,DEHT,DEHT-100,2022,2022-08-07,10
120534,900120534,DEDR,DEDR-200,2015,2015-10-07,15
120535,900120535,DETM,DETM-200,2023,2024-04-12,10
120537,900120537,DEHT,DEHT-300,2009,2009-12-31,10
120538,900120538,DEHT,DEHT-300,2022,2023-03-27,10
120539,900120539,DETM,DETM-100,2010,2011-05-11,10
120540,900120540,DEHT,DEHT-200,2010,2011-07-16,10
120541,900120541,DEHT,DEHT-200,2008,2008-03-12,10
120542,900120542,DETM,DETM-100,2021,2021-04-02,10
120543,900120543,DESM,DESM-100,2014,2014-10-14,10
120544,900120544,SWAV,SWAV-200,2011,2011-03-15,15
120545,900120545,DETM,DETM-200,2016,2017-01-21,10
120546,900120546,DEHT,DEHT-300,2012,2012-07-25,10
120547,900120547,DEHT,DEHT-200,2012,2012-06-17,10
120548,900120548,DETM,DETM-200,2020,2020-06-24,10
120549,900120549,DEHT,DEHT-200,2015,2016-08-16,10
120550,900120550,DETM,DETM-300,2013,2014-03-03,10
120551,900120551,DEDR,DEDR-100,2010,2010-10-14,15
120552,900120552,DETM,DETM-300,2016,2016-10-26,10
120553,900120553,DEHT,DEHT-200,2013,2013-08-06,10
120554,900120554,DETM,DETM-200,2010,2011-10-22,10
120555,900120555,DEHT,DEHT-300,2015,2015-07-06,10
120556,900120556,DEDR,DEDR-200,2018,2018-11-29,15
120557,900120557,DEDR,DEDR-200,2019,2020-01-11,15
120558,900120558,DETM,DETM-100,2020,2021-02-21,10
120559,900120559,DEHT,DEHT-100,2018,2019-03-10,10
120560,900120560,DEHT,DEHT-100,2016,2017-09-30,10
120561,900120561,DETM,DETM-300,2022,2022-09-25,10
120562,900120562,DEHT,DEHT-200,2023,2024-01-07,10
120563,900120563,DEHT,DEHT-100,2017,2017-12-09,10
120564,900120564,DETM,DETM-100,2012,2012-12-01,10
120565,900120565,DEHT,DEHT-300,2020,2020-12-02,10
120566,900120566,DEHT,DEHT-300,2022,2022-10-07,10
120567,900120567,DETM,DETM-100,2023,2024-09-19,10
120568,900120568,DEHT,DEHT-100,2015,2015-08-05,10
120569,900120569,DEHT,DEHT-100,2016,2016-08-07,10
120570,900120570,DETM,DETM-300,2011,2012-01-28,10
120571,900120571,DEHT,DEHT-200,2018,2018-12-10,10
120572,900120572,DETM,DETM-200,2010,2010-06-01,10
120573,900120573,DESM,DESM-200,2023,2023-11-05,10
120574,900120574,DEHT,DEHT-300,2018,2019-05-15,10
120575,900120575,DEDR,DEDR-300,2010,2010-07-08,15
120576,900120576,DETM,DETM-200,2009,2010-02-03,10
120577,900120577,DEHT,DEHT-200,2021,2022-03-29,10
120578,900120578,SWAV,SWAV-300,2021,2022-02-05,15
120580,900120580,DEHT,DEHT-200,2023,2023-12-05,10
120582,900120582,DEHT,DEHT-200,2023,2023-05-28,10
120583,900120583,DEDR,DEDR-100,2014,2015-03-16,15
120584,900120584,DETM,DETM-200,2011,2011-11-14,10
120585,900120585,DEHT,DEHT-300,2020,2021-01-09,10
120586,900120586,DETM,DETM-300,2008,2008-11-02,10
120587,900120587,DEHT,DEHT-300,2017,2017-11-29,10
120588,900120588,DETM,DETM-300,2010,2011-02-11,10
120589,900120589,DEHT,DEHT-200,2019,2020-03-22,10
120590,900120590,DEHT,DEHT-300,2018,2019-03-12,10
120591,900120591,DETM,DETM-300,2016,2016-08-13,10
120592,900120592,DEHT,DEHT-300,2008,2008-02-01,10
120593,900120593,DEHT,DEHT-200,2011,2012-05-14,10
120594,900120594,DETM,DETM-300,2009,2009-11-10,10
120595,900120595,DESM,DESM-100,2008,2009-03-11,10
120596,900120596,DEHT,DEHT-200,2013,2013-12-26,10
120597,900120597,DEDR,DEDR-200,2023,2024-04-18,15
120598,900120598,DEDR,DEDR-100,2009,2009-09-25,15
120599,900120599,DETM,DETM-200,2023,2024-01-08,10
120600,900120600,DEHT,DEHT-100,2012,2013-03-24,10
120602,900120602,SWAV,SWAV-200,2015,2015-12-27,15
120604,900120604,DEHT,DEHT-100,2012,2013-04-24,10
120605,900120605,DETM,DETM-200,2019,2019-08-13,10
120606,900120606,DEHT,DEHT-300,2019,2019-06-04,10
120607,900120607,DEHT,DEHT-100,2022,2023-02-28,10
120608,900120608,DETM,DETM-100,2020,2021-01-18,10
120609,900120609,DEHT,DEHT-100,2022,2022-06-04,10
120610,900120610,DEHT,DEHT-300,2019,2019-10-03,10
120612,900120612,DETM,DETM-200,2019,2019-11-09,10
120613,900120613,DEHT,DEHT-100,2020,2021-04-04,10
120614,900120614,DETM,DETM-200,2019,2019-04-15,10
120615,900120615,DEHT,DEHT-100,2016,2017-03-04,10
120616,900120616,DETM,DETM-100,2018,2019-02-07,10
120617,900120617,DEHT,DEHT-100,2011,2012-08-13,10
120618,900120618,DETM,DETM-300,2014,2015-03-27,10
120619,900120619,DEHT,DEHT-100,2019,2020-03-28,10
120620,900120620,DETM,DETM-100,2012,2013-03-19,10
120624,900120624,DEDR,DEDR-300,2014,2015-04-11,15
120674,900120674,SWUR,SWUR-300,2012,2013-09-10,12
120675,900120675,SWUR,SWUR-100,2018,2019-01-15,12
120676,900120676,SWUR,SWUR-200,2015,2015-09-03,12
120677,900120677,SWUR,SWUR-100,2023,2024-01-12,12
120678,900120678,SWUR,SWUR-100,2023,2024-07-19,12
120679,900120679,SWUR,SWUR-300,2016,2017-05-26,12
120680,900120680,SWUR,SWUR-100,2020,2021-06-08,12
120681,900120681,SWUR,SWUR-200,2012,2013-06-08,12
120682,900120682,SWUR,SWUR-100,2014,2014-12-02,12
120683,900120683,SWUR,SWUR-100,2010,2010-12-31,12
120684,900120684,SWUR,SWUR-100,2017,2017-09-11,12
120685,900120685,SWUR,SWUR-300,2023,2023-11-29,12
120686,900120686,SWUR,SWUR-100,2014,2015-08-20,12
120687,900120687,SWUR,SWUR-100,2010,2011-01-22,12
120688,900120688,SWUR,SWUR-100,2021,2022-04-04,12
120689,900120689,SWUR,SWUR-200,2011,2012-05-21,12
120690,900120690,SWUR,SWUR-200,2022,2023-07-24,12
120691,900120691,SWUR,SWUR-300,2012,2013-02-28,12
120692,900120692,SWUR,SWUR-100,2011,2012-06-05,12
120693,900120693,SWUR,SWUR-100,2022,2022-08-07,12
120694,900120694,SWUR,SWUR-200,2021,2022-06-01,12
120695,900120695,SWUR,SWUR-100,2017,2017-11-26,12
120696,900120696,SWUR,SWUR-100,2015,2015-08-15,12
120697,900120697,SWUR,SWUR-300,2017,2017-10-25,12
120698,900120698,SWUR,SWUR-100,2018,2018-12-24,12
120699,900120699,SWUR,SWUR-100,2020,2021-05-10,12
120700,900120700,SWUR,SWUR-300,2008,2009-02-18,12
120701,900120701,SWUR,SWUR-100,2014,2014-11-08,12
120702,900120702,SWUR,SWUR-200,2015,2015-09-13,12
120703,900120703,SWUR,SWUR-200,2013,2014-02-12,12
120704,900120704,SWUR,SWUR-300,2015,2015-08-21,12
120705,900120705,SWUR,SWUR-200,2012,2013-07-23,12
120706,900120706,SWUR,SWUR-100,2023,2023-10-01,12
120966,900120966,SWAV,SWAV-300,2014,2014-12-21,15
120967,900120967,SWAV,SWAV-200,2016,2016-11-19,15
121145,900121145,PUCE,PUCE-200,2018,2018-11-17,10
121146,900121146,PUCE,PUCE-100,2012,2013-02-20,10
121147,900121147,PUCE,PUCE-300,2022,2023-07-07,10
121148,900121148,PUCE,PUCE-200,2023,2023-08-22,10
121149,900121149,ATFA,ATFA-300,2011,2011-04-17,15
121150,900121150,ATFA,ATFA-100,2022,2023-04-01,15
121151,900121151,SWPH,SWPH-300,2013,2014-10-28,12
121152,900121152,SWPH,SWPH-300,2016,2016-10-06,12
121153,900121153,SWPH,SWPH-100,2021,2021-11-09,12
121154,900121154,SWPH,SWPH-300,2017,2017-12-01,12
121155,900121155,SWPH,SWPH-300,2020,2020-10-14,12
121156,900121156,SWPH,SWPH-100,2013,2013-07-24,12
121157,900121157,SWPH,SWPH-300,2014,2014-11-26,12
121158,900121158,SWPH,SWPH-200,2008,2009-05-26,12
121159,900121159,SWPH,SWPH-300,2023,2024-10-08,12
121160,900121160,SWPH,SWPH-300,2012,2013-01-14,12
121161,900121161,DEGD,DEGD-200,2016,2016-07-04,10
121162,900121162,SWPH,SWPH-200,2023,2024-06-17,12
121163,900121163,SWMS,SWMS-100,2016,2016-11-29,15
121164,900121164,SWMS,SWMS-300,2023,2023-08-02,15
121165,900121165,SWMS,SWMS-300,2010,2010-12-14,15
121166,900121166,SWMS,SWMS-300,2010,2011-03-15,15
121167,900121167,SWMS,SWMS-300,2021,2022-02-17,15
121168,900121168,SWMS,SWMS-200,2018,2019-02-25,15
135185,900135185,SWSC,SWSC-200,2022,2023-02-02,10
135187,900135187,DEMO,DEMO-100,2017,2017-10-01,10
135188,900135188,DETM,DETM-200,2021,2022-03-03,10
135189,900135189,DEMO,DEMO-100,2023,2023-08-02,10
135190,900135190,DETM,DETM-300,2012,2012-08-27,10
135191,900135191,DEMO,DEMO-200,2019,2020-04-03,10
135192,900135192,DETM,DETM-300,2013,2013-04-10,10
135193,900135193,DEMO,DEMO-300,2020,2021-03-13,10
135194,900135194,DETM,DETM-100,2016,2017-07-27,10
135195,900135195,DEMO,DEMO-200,2012,2013-03-06,10
135196,900135196,DETM,DETM-300,2019,2020-02-29,10
135197,900135197,DEMO,DEMO-100,2008,2008-11-11,10
135198,900135198,DETM,DETM-100,2013,2013-10-08,10
135199,900135199,DEMO,DEMO-200,2020,2020-06-09,10
135200,900135200,DETM,DETM-300,2023,2024-02-28,10
135201,900135201,DEDR,DEDR-300,2020,2020-08-24,15
135202,900135202,SWAV,SWAV-200,2013,2013-07-17,15
135203,900135203,DETM,DETM-100,2015,2015-12-06,10
135204,900135204,DEDR,DEDR-300,2019,2019-10-24,15
135205,900135205,SWAV,SWAV-200,2021,2022-01-16,15
135206,900135206,DEDR,DEDR-100,2019,2020-01-16,15
135207,900135207,DEDR,DEDR-300,2013,2014-03-01,15
135208,900135208,DETM,DETM-200,2009,2010-01-30,10
135209,900135209,DEDR,DEDR-200,2014,2015-05-07,15
135210,900135210,DEDR,DEDR-200,2012,2012-02-07,15
135211,900135211,SWAV,SWAV-100,2023,2024-04-13,15
135212,900135212,DEDR,DEDR-100,2020,2020-10-16,15
135213,900135213,DETM,DETM-200,2023,2023-12-12,10
135215,900135215,DEDR,DEDR-100,2023,2024-05-29,15
135216,900135216,SWAV,SWAV-200,2011,2012-05-08,15
135217,900135217,DEDR,DEDR-300,2014,2014-08-06,15
135219,900135219,DEDR,DEDR-300,2017,2018-04-16,15
135220,900135220,DEHA,DEHA-100,2011,2011-04-05,15
135221,900135221,DEDR,DEDR-200,2021,2022-04-20,15
135222,900135222,SWAV,SWAV-200,2010,2010-04-12,15
135223,900135223,DETM,DETM-100,2023,2024-01-20,10
135225,900135225,SWAV,SWAV-200,2017,2017-10-02,15
135227,900135227,DEDR,DEDR-100,2010,2011-05-02,15
135228,900135228,SWAV,SWAV-100,2021,2021-06-15,15
135229,900135229,DEMO,DEMO-300,2022,2022-05-15,10
135230,900135230,DEMC,DEMC-300,2020,2021-05-21,10
135232,900135232,SWUR,SWUR-300,2015,2016-02-05,12
135233,900135233,SWUR,SWUR-100,2018,2018-10-25,12
135234,900135234,SWUR,SWUR-300,2022,2023-05-16,12
135235,900135235,SWUR,SWUR-100,2012,2012-11-19,12
135236,900135236,SWUR,SWUR-300,2009,2009-09-25,12
135237,900135237,SWUR,SWUR-200,2022,2022-04-03,12
143491,900143491,DESM,DESM-200,2012,2012-06-20,10
143492,900143492,DESM,DESM-100,2017,2018-03-18,10
143493,900143493,DESM,DESM-200,2019,2019-11-01,10
143494,900143494,SWAV,SWAV-300,2011,2012-01-23,15
143497,900143497,DESM,DESM-200,2018,2018-11-04,10
143498,900143498,DESM,DESM-200,2010,2010-05-13,10
143499,900143499,SWAV,SWAV-200,2012,2012-07-05,15
143503,900143503,DEDR,DEDR-100,2010,2011-01-18,15
143505,900143505,DESM,DESM-300,2017,2017-11-11,10
143506,900143506,SWAV,SWAV-200,2020,2021-03-25,15
143508,900143508,DEDR,DEDR-300,2008,2008-08-09,15
143510,900143510,DEDR,DEDR-100,2021,2022-03-31,15
143511,900143511,DEDR,DEDR-100,2011,2011-10-20,15
143512,900143512,DETM,DETM-200,2011,2012-05-31,10
143513,900143513,DESM,DESM-200,2023,2024-01-08,10
143514,900143514,SWAV,SWAV-100,2017,2017-08-03,15
143515,900143515,DEDR,DEDR-200,2010,2010-08-03,15
143517,900143517,DESM,DESM-300,2012,2013-01-30,10
143518,900143518,DESM,DESM-200,2015,2016-01-02,10
143520,900143520,DESM,DESM-300,2016,2016-12-02,10
143521,900143521,DESM,DESM-300,2018,2018-08-19,10
143523,900143523,DESM,DESM-200,2009,2010-07-07,10
143526,900143526,SWAV,SWAV-100,2008,2009-03-15,15
143527,900143527,DEDR,DEDR-100,2009,2010-01-25,15
143528,900143528,DEDR,DEDR-300,2014,2014-11-27,15
143530,900143530,DESM,DESM-300,2017,2017-11-27,10
143531,900143531,DESM,DESM-200,2018,2019-08-04,10
143532,900143532,DESM,DESM-200,2009,2010-06-11,10
143533,900143533,DEDR,DEDR-300,2015,2015-12-23,15
143534,900143534,DEDR,DEDR-100,2021,2021-04-13,15
143535,900143535,DEDR,DEDR-200,2010,2010-06-29,15
143537,900143537,DETM,DETM-300,2021,2022-07-07,10
143538,900143538,DESM,DESM-300,2019,2019-12-01,10
143539,900143539,SWAV,SWAV-100,2017,2017-06-27,15
143541,900143541,SWAV,SWAV-300,2015,2015-07-14,15
143543,900143543,DESM,DESM-200,2023,2024-06-25,10
143544,900143544,DESM,DESM-100,2013,2014-05-04,10
143545,900143545,DESM,DESM-300,2023,2023-07-28,10
143546,900143546,DEDR,DEDR-100,2014,2014-05-05,15
143548,900143548,SWAV,SWAV-300,2020,2021-05-30,15
143552,900143552,DESM,DESM-100,2015,2016-04-07,10
143553,900143553,SWAV,SWAV-200,2021,2022-04-09,15
143554,900143554,DEDR,DEDR-300,2010,2010-06-07,15
143555,900143555,DETM,DETM-300,2009,2010-04-30,10
143556,900143556,DESM,DESM-300,2009,2009-05-21,10
143557,900143557,DESM,DESM-100,2013,2014-06-16,10
143558,900143558,DEDR,DEDR-100,2012,2013-06-22,15
143564,900143564,SWAV,SWAV-100,2015,2015-07-04,15
143565,900143565,DESM,DESM-100,2017,2017-08-31,10
143567,900143567,DESM,DESM-100,2018,2019-10-25,10
143568,900143568,DESM,DESM-200,2013,2013-11-01,10
143570,900143570,DESM,DESM-200,2021,2021-07-13,10
143571,900143571,DESM,DESM-100,2022,2022-05-03,10
143577,900143577,DESM,DESM-300,2018,2019-03-08,10
143580,900143580,DESM,DESM-100,2010,2011-11-13,10
143587,900143587,DETM,DETM-200,2017,2017-03-02,10
143588,900143588,DESM,DESM-200,2015,2016-01-01,10
143590,900143590,DEDR,DEDR-300,2017,2018-06-17,15
143592,900143592,SWAV,SWAV-200,2023,2023-12-27,15
143593,900143593,DETM,DETM-100,2023,2023-10-21,10
143594,900143594,DESM,DESM-200,2021,2021-03-20,10
143595,900143595,DESM,DESM-200,2020,2020-08-15,10
143596,900143596,DEDR,DEDR-100,2014,2015-10-17,15
143597,900143597,DEDR,DEDR-300,2022,2023-11-25,15
143599,900143599,SWAV,SWAV-300,2022,2022-10-19,15
143600,900143600,DEDR,DEDR-200,2009,2009-12-15,15
143602,900143602,DESM,DESM-200,2008,2008-10-12,10
143603,900143603,DESM,DESM-100,2022,2022-06-06,10
143610,900143610,DETM,DETM-100,2013,2014-07-25,10
143611,900143611,DESM,DESM-100,2022,2023-04-19,10
143613,900143613,DETM,DETM-300,2009,2010-01-27,10
143614,900143614,DESM,DESM-300,2014,2015-01-11,10
143615,900143615,DESM,DESM-200,2009,2009-10-07,10
143616,900143616,DEDR,DEDR-300,2016,2017-04-14,15
143620,900143620,DESM,DESM-100,2023,2023-09-27,10
143621,900143621,DESM,DESM-300,2023,2023-03-24,10
143622,900143622,DESM,DESM-200,2008,2009-05-30,10
143623,900143623,DEDR,DEDR-300,2011,2011-12-24,15
143624,900143624,DEDR,DEDR-100,2023,2024-02-08,15
143625,900143625,DETM,DETM-300,2018,2019-01-06,10
143626,900143626,SWAV,SWAV-200,2021,2022-01-18,15
143627,900143627,DEDR,DEDR-200,2018,2018-04-05,15
143630,900143630,DEDR,DEDR-100,2014,2015-04-25,15
143632,900143632,DESM,DESM-200,2012,2013-03-26,10
143633,900143633,DESM,DESM-100,2021,2021-09-13,10
143634,900143634,DEDR,DEDR-200,2023,2023-07-15,15
143635,900143635,DETM,DETM-200,2018,2018-05-04,10
143636,900143636,DESM,DESM-200,2021,2022-08-21,10
143637,900143637,DEDR,DEDR-100,2009,2009-08-15,15
143638,900143638,SWAV,SWAV-200,2020,2021-02-28,15
143642,900143642,DESM,DESM-300,2014,2015-06-29,10
143643,900143643,SWAV,SWAV-100,2008,2008-12-06,15
143644,900143644,DEDR,DEDR-200,2022,2022-08-06,15
143647,900143647,DETM,DETM-100,2016,2017-05-29,10
143648,900143648,DESM,DESM-200,2020,2021-04-23,10
143649,900143649,DESM,DESM-200,2023,2024-01-19,10
143650,900143650,DESM,DESM-100,2014,2014-11-19,10
143651,900143651,DEDR,DEDR-300,2011,2011-09-13,15
143652,900143652,DEDR,DEDR-200,2019,2019-11-19,15
143653,900143653,DETM,DETM-300,2008,2009-03-01,10
143661,900143661,DEMO,DEMO-200,2008,2009-01-26,10
143663,900143663,DEMO,DEMO-300,2011,2011-09-21,10
143665,900143665,DEMO,DEMO-300,2009,2009-09-04,10
143667,900143667,DEMO,DEMO-100,2017,2017-09-02,10
143669,900143669,DEMO,DEMO-100,2010,2010-05-07,10
143671,900143671,DEMO,DEMO-200,2008,2009-01-05,10
143673,900143673,DEMO,DEMO-300,2017,2018-04-18,10
143674,900143674,DETM,DETM-300,2017,2018-08-03,10
143675,900143675,DEMO,DEMO-100,2011,2011-10-30,10
143677,900143677,DEMO,DEMO-300,2017,2017-02-23,10
143679,900143679,DEMO,DEMO-300,2016,2016-09-01,10
143681,900143681,DEMO,DEMO-300,2008,2009-03-19,10
143683,900143683,DEMO,DEMO-200,2013,2013-08-05,10
143685,900143685,DEMO,DEMO-100,2009,2010-03-06,10
143687,900143687,DEMO,DEMO-100,2010,2011-07-23,10
143689,900143689,DEMO,DEMO-300,2017,2017-10-01,10
143690,900143690,DETM,DETM-100,2020,2020-12-09,10
143691,900143691,DEMO,DEMO-300,2016,2016-09-18,10
143693,900143693,DEMO,DEMO-100,2011,2012-02-27,10
143695,900143695,DEMO,DEMO-300,2016,2017-04-03,10
143696,900143696,DETM,DETM-300,2023,2024-04-18,10
143699,900143699,DEMO,DEMO-300,2008,2009-07-18,10
143701,900143701,DEMO,DEMO-200,2011,2011-10-18,10
143703,900143703,DEMO,DEMO-100,2013,2014-09-03,10
143705,900143705,DEMO,DEMO-100,2011,2011-04-21,10
143707,900143707,DEMO,DEMO-200,2020,2021-02-15,10
143709,900143709,DEMO,DEMO-300,2009,2009-08-03,10
143711,900143711,DEMO,DEMO-100,2017,2018-08-15,10
143713,900143713,DEMO,DEMO-300,2019,2020-06-04,10
143715,900143715,DEMO,DEMO-300,2010,2010-11-28,10
143717,900143717,DEMO,DEMO-300,2012,2013-06-17,10
143719,900143719,DEMO,DEMO-300,2013,2013-12-20,10
143721,900143721,DEMO,DEMO-300,2019,2020-06-17,10
144733,900144733,SWSC,SWSC-200,2018,2019-02-02,10
144734,900144734,SWSC,SWSC-100,2012,2012-09-05,10
144735,900144735,DEMO,DEMO-300,2012,2012-10-19,10
144736,900144736,DETM,DETM-300,2021,2022-04-15,10
144737,900144737,DEMO,DEMO-300,2010,2010-11-02,10
144739,900144739,DEMO,DEMO-200,2023,2023-11-06,10
144740,900144740,DETM,DETM-300,2014,2014-03-01,10
144741,900144741,DEMO,DEMO-300,2011,2011-11-20,10
144742,900144742,DETM,DETM-200,2022,2022-07-08,10
144743,900144743,DEMO,DEMO-300,2021,2021-12-08,10
144744,900144744,DETM,DETM-100,2019,2020-04-15,10
144745,900144745,DEMO,DEMO-300,2009,2010-07-04,10
144747,900144747,DEMO,DEMO-100,2009,2009-12-05,10
144749,900144749,DEMO,DEMO-100,2014,2015-07-18,10
144751,900144751,DEMO,DEMO-200,2009,2009-06-03,10
144752,900144752,DETM,DETM-100,2021,2022-07-12,10
144753,900144753,DEMO,DEMO-200,2020,2021-11-17,10
144755,900144755,DEMO,DEMO-300,2011,2011-10-31,10
144756,900144756,DETM,DETM-100,2023,2024-07-16,10
144757,900144757,DEMO,DEMO-100,2019,2020-02-26,10
144758,900144758,DETM,DETM-300,2010,2010-12-29,10
144759,900144759,DEMO,DEMO-200,2014,2015-10-12,10
144760,900144760,DETM,DETM-300,2020,2021-02-10,10
144761,900144761,DEMO,DEMO-200,2017,2018-06-21,10
144762,900144762,DETM,DETM-200,2009,2010-05-09,10
144763,900144763,DEMO,DEMO-300,2013,2013-08-05,10
144764,900144764,DETM,DETM-300,2013,2013-07-27,10
144765,900144765,DEMO,DEMO-300,2015,2015-10-18,10
144766,900144766,DETM,DETM-200,2018,2019-01-07,10
144767,900144767,DEMO,DEMO-200,2010,2010-11-01,10
144768,900144768,DETM,DETM-300,2008,2009-07-24,10
144769,900144769,DEMO,DEMO-200,2016,2016-10-10,10
144771,900144771,DEMO,DEMO-300,2020,2021-11-01,10
144773,900144773,DEMO,DEMO-100,2017,2018-01-03,10
144774,900144774,DETM,DETM-200,2010,2010-08-17,10
144775,900144775,DEMO,DEMO-100,2009,2009-12-15,10
144776,900144776,DETM,DETM-300,2022,2023-01-18,10
144777,900144777,DEMO,DEMO-100,2015,2016-08-16,10
144779,900144779,DEMO,DEMO-100,2015,2015-10-04,10
144781,900144781,DEMO,DEMO-100,2019,2019-08-12,10
144782,900144782,DETM,DETM-100,2017,2018-02-18,10
144783,900144783,DEMO,DEMO-300,2022,2023-07-18,10
144784,900144784,DETM,DETM-300,2018,2019-06-20,10
144785,900144785,DEMO,DEMO-200,2021,2021-11-12,10
144786,900144786,DETM,DETM-200,2009,2010-02-28,10
144787,900144787,DEMO,DEMO-200,2022,2023-01-05,10
144789,900144789,DEMO,DEMO-200,2015,2015-06-16,10
144791,900144791,DEMO,DEMO-300,2019,2019-10-28,10
144793,900144793,DEMO,DEMO-300,2010,2011-08-27,10
144795,900144795,DEMO,DEMO-200,2017,2018-03-26,10
144797,900144797,DEMO,DEMO-100,2011,2011-11-19,10
144798,900144798,DETM,DETM-300,2012,2013-04-16,10
144799,900144799,DEMO,DEMO-100,2020,2020-09-23,10
144800,900144800,DETM,DETM-200,2009,2010-02-25,10
144801,900144801,DEMO,DEMO-200,2010,2010-09-15,10
144802,900144802,DETM,DETM-100,2019,2019-11-22,10
144803,900144803,DEMO,DEMO-200,2023,2023-08-25,10
144805,900144805,DEMO,DEMO-300,2020,2020-03-02,10
144807,900144807,DEMO,DEMO-200,2010,2010-06-07,10
144809,900144809,DEMO,DEMO-100,2022,2023-06-08,10
144810,900144810,DETM,DETM-100,2011,2012-01-08,10
144811,900144811,DEMO,DEMO-100,2018,2019-03-11,10
144812,900144812,DETM,DETM-200,2012,2012-11-24,10
144813,900144813,DEDR,DEDR-300,2018,2019-01-07,15
144814,900144814,SWAV,SWAV-100,2015,2015-05-29,15
144816,900144816,DEDR,DEDR-200,2020,2021-08-07,15
144817,900144817,DETM,DETM-300,2011,2011-12-04,10
144818,900144818,DEDR,DEDR-300,2008,2008-12-04,15
144820,900144820,DEHA,DEHA-200,2011,2011-09-28,15
144821,900144821,DEDR,DEDR-300,2021,2022-02-19,15
144822,900144822,SWAV,SWAV-300,2018,2019-05-27,15
144823,900144823,DETM,DETM-100,2017,2017-11-30,10
144824,900144824,DEDR,DEDR-300,2014,2015-04-09,15
144825,900144825,SWAV,SWAV-300,2015,2016-03-30,15
144826,900144826,DETM,DETM-100,2016,2016-11-14,10
144828,900144828,DEDR,DEDR-300,2018,2018-04-23,15
144829,900144829,DETM,DETM-300,2019,2020-04-22,10
144830,900144830,SWAV,SWAV-100,2021,2021-12-14,15
144831,900144831,DEDR,DEDR-100,2009,2009-09-20,15
144833,900144833,SWAV,SWAV-200,2023,2023-08-07,15
144834,900144834,DEDR,DEDR-100,2013,2013-09-14,15
144835,900144835,DETM,DETM-300,2023,2023-07-20,10
144836,900144836,DEDR,DEDR-300,2018,2019-04-01,15
144837,900144837,SWAV,SWAV-200,2013,2013-10-03,15
144839,900144839,DEHA,DEHA-100,2008,2008-12-06,15
144840,900144840,DEDR,DEDR-300,2014,2014-07-18,15
144841,900144841,DETM,DETM-100,2015,2015-10-14,10
144845,900144845,DEHA,DEHA-100,2008,2008-11-26,15
144846,900144846,SWAV,SWAV-100,2010,2011-01-14,15
144847,900144847,DEDR,DEDR-300,2023,2024-06-06,15
144848,900144848,DETM,DETM-100,2011,2011-12-17,10
144849,900144849,DEDR,DEDR-300,2010,2010-07-31,15
144850,900144850,SWAV,SWAV-300,2017,2018-03-27,15
144851,900144851,DETM,DETM-300,2014,2014-12-25,10
144852,900144852,DEDR,DEDR-200,2011,2012-01-23,15
144853,900144853,SWAV,SWAV-100,2017,2017-09-06,15
144854,900144854,DETM,DETM-200,2008,2008-04-11,10
144855,900144855,DEHA,DEHA-300,2018,2018-04-12,15
144856,900144856,SWAV,SWAV-200,2011,2012-04-25,15
144857,900144857,DEDR,DEDR-100,2020,2021-07-04,15
144859,900144859,SWAV,SWAV-200,2016,2016-10-15,15
144860,900144860,DEDR,DEDR-300,2013,2013-12-14,15
144861,900144861,DETM,DETM-200,2016,2017-03-18,10
144862,900144862,SWAV,SWAV-300,2013,2014-08-28,15
144864,900144864,DEDR,DEDR-200,2020,2021-04-11,15
144865,900144865,DEDR,DEDR-300,2012,2013-08-18,15
144866,900144866,SWAV,SWAV-100,2015,2016-01-24,15
144868,900144868,DEDR,DEDR-300,2012,2013-08-15,15
144869,900144869,DETM,DETM-100,2012,2013-05-02,10
144871,900144871,DEDR,DEDR-300,2009,2009-10-15,15
144872,900144872,DEDR,DEDR-100,2012,2013-04-20,15
144873,900144873,DETM,DETM-100,2010,2010-06-05,10
144874,900144874,ELUP,ELUP-100,2009,2010-02-02,8
144875,900144875,ELUP,ELUP-300,2023,2023-11-24,8
144876,900144876,SWUR,SWUR-200,2016,2017-08-01,12
144877,900144877,SWUR,SWUR-100,2015,2016-04-29,12
144878,900144878,SWUR,SWUR-100,2011,2011-06-19,12
144879,900144879,SWUR,SWUR-100,2010,2010-11-25,12
144880,900144880,SWUR,SWUR-300,2019,2020-08-17,12
144881,900144881,SWUR,SWUR-200,2009,2010-02-05,12
144882,900144882,SWUR,SWUR-300,2015,2015-10-26,12
144883,900144883,SWUR,SWUR-200,2018,2019-06-13,12
144884,900144884,SWUR,SWUR-300,2013,2013-04-27,12
144885,900144885,SWUR,SWUR-200,2011,2011-02-28,12
144886,900144886,SWUR,SWUR-200,2023,2023-08-16,12
144887,900144887,SWUR,SWUR-100,2011,2012-05-29,12
144888,900144888,SWUR,SWUR-200,2015,2016-06-26,12
144889,900144889,SWUR,SWUR-200,2010,2010-11-25,12
144890,900144890,SWUR,SWUR-300,2019,2020-03-17,12
144891,900144891,SWUR,SWUR-100,2014,2014-12-22,12
144901,900144901,DEDR,DEDR-100,2011,2011-12-18,15
144902,900144902,DETM,DETM-100,2008,2008-07-12,10
147000,900147000,SWSC,SWSC-100,2010,2011-09-13,10
147001,900147001,SWSC,SWSC-300,2012,2012-06-14,10
147008,900147008,DEDR,DEDR-100,2021,2022-03-02,15
147010,900147010,SWAV,SWAV-200,2012,2012-07-13,15
147011,900147011,DEDR,DEDR-300,2018,2018-10-08,15
147013,900147013,DESM,DESM-200,2019,2019-07-03,10
147016,900147016,ELUP,ELUP-100,2014,2015-09-03,8
147017,900147017,DEMO,DEMO-100,2018,2018-12-01,10
147018,900147018,DETM,DETM-100,2017,2017-05-21,10
147019,900147019,DEMO,DEMO-200,2017,2017-04-12,10
147024,900147024,SWUR,SWUR-100,2012,2013-11-24,12
147025,900147025,SWUR,SWUR-100,2022,2022-12-22,12
147026,900147026,SWUR,SWUR-200,2022,2023-01-24,12
147027,900147027,SWUR,SWUR-100,2018,2018-08-06,12
147028,900147028,SWUR,SWUR-300,2009,2010-04-18,12
147029,900147029,SWUR,SWUR-100,2010,2011-05-05,12
147030,900147030,SWUR,SWUR-100,2022,2023-07-22,12
147031,900147031,SWUR,SWUR-200,2014,2015-04-13,12
147032,900147032,SWUR,SWUR-200,2009,2010-01-30,12
147033,900147033,SWUR,SWUR-300,2014,2015-01-24,12
147034,900147034,SWUR,SWUR-100,2021,2021-03-31,12
147035,900147035,SWUR,SWUR-300,2022,2023-01-09,12
147036,900147036,SWUR,SWUR-200,2019,2020-03-07,12
147037,900147037,SWUR,SWUR-100,2017,2017-12-17,12
147038,900147038,SWUR,SWUR-100,2023,2023-10-22,12
147039,900147039,SWUR,SWUR-300,2021,2021-08-18,12
147040,900147040,SWUR,SWUR-300,2013,2014-04-03,12
147041,900147041,SWUR,SWUR-100,2020,2021-01-27,12
147042,900147042,SWUR,SWUR-300,2023,2024-08-12,12
147043,900147043,SWUR,SWUR-200,2010,2010-12-19,12
147044,900147044,SWUR,SWUR-300,2008,2009-05-08,12
147045,900147045,SWUR,SWUR-100,2009,2010-01-08,12
147046,900147046,SWUR,SWUR-200,2018,2018-12-12,12
147047,900147047,SWUR,SWUR-200,2017,2017-09-28,12
147048,900147048,SWUR,SWUR-200,2011,2012-08-25,12
147049,900147049,SWUR,SWUR-300,2013,2013-06-21,12
147050,900147050,SWUR,SWUR-300,2011,2011-12-13,12
147051,900147051,SWUR,SWUR-200,2022,2022-05-08,12
147052,900147052,SWUR,SWUR-300,2009,2010-06-17,12
147053,900147053,SWUR,SWUR-100,2012,2012-08-18,12
147054,900147054,SWUR,SWUR-300,2011,2011-12-26,12
147055,900147055,SWUR,SWUR-300,2015,2015-08-11,12
147056,900147056,SWUR,SWUR-200,2016,2017-09-21,12
147096,900147096,SWPH,SWPH-300,2014,2015-02-20,12
147097,900147097,SWPH,SWPH-200,2009,2009-11-04,12
147098,900147098,SWPH,SWPH-200,2020,2021-03-19,12
147099,900147099,SWPH,SWPH-100,2020,2021-07-18,12
147100,900147100,SWPH,SWPH-100,2021,2021-10-17,12
147101,900147101,SWPH,SWPH-200,2020,2020-06-25,12
147102,900147102,SWPH,SWPH-100,2009,2010-04-13,12
147103,900147103,SWMS,SWMS-100,2010,2011-10-26,15
147104,900147104,SWMS,SWMS-200,2014,2014-12-11,15
147105,900147105,SWMS,SWMS-300,2017,2017-10-21,15
147106,900147106,SWMS,SWMS-100,2016,2017-02-23,15
147107,900147107,SWMS,SWMS-200,2014,2015-05-04,15
147108,900147108,SWMS,SWMS-300,2010,2011-01-04,15
147109,900147109,SWMS,SWMS-100,2023,2023-05-11,15
147110,900147110,SWMS,SWMS-200,2010,2010-03-21,15
147111,900147111,SWMS,SWMS-300,2017,2017-07-16,15
147112,900147112,SWMS,SWMS-100,2023,2024-05-09,15
147113,900147113,SWMS,SWMS-300,2022,2022-12-09,15
147116,900147116,SWPH,SWPH-200,2023,2023-09-06,12
147117,900147117,SWPH,SWPH-200,2012,2013-06-29,12
147118,900147118,SWPH,SWPH-300,2013,2014-03-25,12
147119,900147119,SWPH,SWPH-100,2009,2010-03-10,12
147120,900147120,SWPH,SWPH-100,2015,2015-09-30,12
147121,900147121,SWPH,SWPH-100,2015,2016-06-25,12
147122,900147122,ATFA,ATFA-300,2020,2021-02-16,15
147123,900147123,ATFA,ATFA-100,2011,2012-09-30,15
147124,900147124,ATFA,ATFA-200,2009,2010-02-15,15
147125,900147125,ATFA,ATFA-300,2010,2011-05-14,15
147126,900147126,ATFA,ATFA-100,2018,2018-08-23,15
147127,900147127,ATFA,ATFA-200,2022,2022-06-10,15
147128,900147128,SWPH,SWPH-100,2009,2009-04-07,12
147129,900147129,SWPH,SWPH-200,2019,2020-01-03,12
147130,900147130,SWPH,SWPH-300,2020,2021-01-15,12
147131,900147131,SWPH,SWPH-100,2021,2022-01-09,12
147132,900147132,SWPH,SWPH-100,2009,2009-10-07,12
147133,900147133,SWPH,SWPH-300,2022,2022-04-19,12
147134,900147134,SWPH,SWPH-100,2008,2009-03-19,12
147135,900147135,SWPH,SWPH-200,2010,2010-08-07,12
147136,900147136,ATFA,ATFA-100,2023,2024-01-09,15
147140,900147140,SWMS,SWMS-100,2020,2020-10-27,15
147141,900147141,SWMS,SWMS-300,2017,2017-09-27,15
147142,900147142,SWMS,SWMS-200,2008,2009-04-26,15
147143,900147143,SWMS,SWMS-100,2021,2022-01-27,15
147144,900147144,SWMS,SWMS-300,2018,2019-05-09,15
147145,900147145,SWMS,SWMS-100,2014,2014-07-12,15
147146,900147146,SWMS,SWMS-300,2011,2011-11-30,15
147147,900147147,SWMS,SWMS-100,2023,2023-10-11,15
147148,900147148,SWMS,SWMS-300,2022,2022-12-09,15
147149,900147149,SWMS,SWMS-200,2011,2012-01-27,15
147150,900147150,SWMS,SWMS-100,2023,2024-02-20,15
147151,900147151,SWMS,SWMS-200,2022,2023-08-01,15
147152,900147152,SWMS,SWMS-300,2008,2009-07-13,15
147155,900147155,ATFA,ATFA-100,2014,2015-11-04,15
147156,900147156,ATFA,ATFA-100,2023,2024-03-19,15
147157,900147157,ATFA,ATFA-300,2018,2018-08-08,15
147158,900147158,SWPH,SWPH-100,2017,2018-03-23,12
147159,900147159,SWPH,SWPH-200,2011,2012-03-10,12
147160,900147160,SWPH,SWPH-300,2008,2008-12-25,12
147161,900147161,SWPH,SWPH-300,2009,2010-09-20,12
147162,900147162,SWPH,SWPH-100,2016,2017-06-26,12
147163,900147163,SWPH,SWPH-100,2015,2015-12-22,12
147164,900147164,SWMS,SWMS-200,2013,2014-07-29,15
147165,900147165,SWMS,SWMS-200,2015,2016-08-03,15
147167,900147167,SWMS,SWMS-200,2018,2019-01-12,15
147168,900147168,SWMS,SWMS-300,2014,2015-03-07,15
147169,900147169,SWMS,SWMS-300,2010,2011-09-18,15
147170,900147170,SWMS,SWMS-300,2010,2010-11-17,15
147171,900147171,SWMS,SWMS-200,2019,2020-02-13,15
147172,900147172,SWMS,SWMS-100,2021,2022-09-26,15
147173,900147173,SWMS,SWMS-200,2008,2009-05-27,15
147174,900147174,SWMS,SWMS-100,2019,2019-07-20,15
147175,900147175,SWMS,SWMS-300,2009,2010-05-25,15
147176,900147176,SWMS,SWMS-100,2020,2021-01-25,15
147179,900147179,DEGD,DEGD-200,2017,2017-09-26,10
147180,900147180,DEGD,DEGD-200,2019,2020-06-13,10
147181,900147181,DEGD,DEGD-200,2020,2021-03-22,10
147182,900147182,DEGD,DEGD-200,2014,2014-07-27,10
147183,900147183,DEGD,DEGD-100,2017,2018-10-27,10
147184,900147184,DEGD,DEGD-100,2020,2021-01-31,10
147185,900147185,DEGD,DEGD-200,2017,2017-04-18,10
147186,900147186,DEGD,DEGD-200,2014,2015-08-12,10
147187,900147187,DEGD,DEGD-200,2011,2012-03-17,10
147188,900147188,DEGD,DEGD-200,2009,2009-09-07,10
147189,900147189,DEGD,DEGD-100,2012,2012-12-31,10
147190,900147190,DEGD,DEGD-300,2011,2011-12-16,10
147191,900147191,DEGD,DEGD-200,2022,2023-02-27,10
147192,900147192,DEGD,DEGD-100,2021,2021-07-07,10
147193,900147193,DEGD,DEGD-100,2009,2010-03-14,10
147194,900147194,DEGD,DEGD-100,2011,2011-12-19,10
147195,900147195,DEGD,DEGD-100,2022,2023-07-24,10
147196,900147196,DEGD,DEGD-200,2019,2019-09-11,10
147197,900147197,DEGD,DEGD-200,2015,2015-02-10,10
147198,900147198,DEGD,DEGD-300,2012,2012-07-25,10
147199,900147199,DEGD,DEGD-100,2013,2014-01-26,10
147200,900147200,DEGD,DEGD-200,2015,2015-06-11,10
147201,900147201,DEGD,DEGD-300,2008,2008-08-05,10
147202,900147202,DEGD,DEGD-200,2020,2021-04-14,10
147203,900147203,DEGD,DEGD-200,2022,2023-01-22,10
147204,900147204,DEGD,DEGD-100,2022,2022-12-19,10
147205,900147205,DEGD,DEGD-300,2018,2019-07-31,10
147206,900147206,DEGD,DEGD-200,2019,2019-12-24,10
147207,900147207,DEGD,DEGD-300,2011,2011-08-14,10
147208,900147208,DEGD,DEGD-100,2008,2009-05-08,10
147209,900147209,DEGD,DEGD-100,2023,2024-01-31,10
147210,900147210,DEGD,DEGD-100,2019,2019-09-29,10
147211,900147211,DEGD,DEGD-300,2021,2021-04-03,10
147212,900147212,DEGD,DEGD-300,2018,2018-10-04,10
147802,900147802,ATFA,ATFA-100,2020,2020-10-31,15
147803,900147803,ATFA,ATFA-100,2010,2011-01-30,15
147804,900147804,ATFA,ATFA-100,2017,2018-10-13,15
147805,900147805,ATFA,ATFA-300,2016,2016-10-09,15
147806,900147806,PUCE,PUCE-200,2013,2014-10-02,10
147807,900147807,PUCE,PUCE-300,2010,2010-09-13,10
147808,900147808,PUCE,PUCE-200,2011,2012-01-08,10
147809,900147809,PUCE,PUCE-300,2015,2016-06-06,10
147810,900147810,PUCE,PUCE-300,2010,2010-11-03,10
147811,900147811,PUCE,PUCE-300,2018,2018-06-21,10
147812,900147812,SWPH,SWPH-300,2017,2018-01-06,12
147813,900147813,SWPH,SWPH-100,2015,2016-08-16,12
147814,900147814,SWPH,SWPH-300,2013,2014-04-17,12
147932,900147932,ELUP,ELUP-300,2017,2017-12-16,8
147933,900147933,ELUP,ELUP-200,2016,2016-11-15,8
147934,900147934,SWPH,SWPH-300,2011,2011-07-17,12
147935,900147935,SWPH,SWPH-300,2018,2019-01-10,12
147936,900147936,SWPH,SWPH-200,2017,2018-01-23,12
147937,900147937,SWPH,SWPH-100,2017,2018-07-01,12
147938,900147938,SWPH,SWPH-200,2012,2012-10-04,12
147939,900147939,SWPH,SWPH-300,2009,2010-03-24,12
147940,900147940,ATFA,ATFA-200,2014,2014-11-15,15
147941,900147941,ATFA,ATFA-100,2018,2019-08-01,15
148745,900148745,SWPH,SWPH-100,2023,2023-09-07,12
148746,900148746,SWPH,SWPH-300,2015,2015-10-21,12
148747,900148747,SWPH,SWPH-100,2021,2021-07-10,12
148864,900148864,SWPH,SWPH-300,2008,2009-03-06,12
148865,900148865,SWPH,SWPH-100,2017,2017-11-01,12
148866,900148866,SWPH,SWPH-200,2011,2011-06-20,12
154100,900154100,SWSC,SWSC-200,2019,2020-01-11,10
154102,900154102,SWSC,SWSC-200,2023,2023-12-07,10
154103,900154103,DEDR,DEDR-200,2020,2021-03-08,15
154106,900154106,DESM,DESM-100,2018,2019-03-27,10
154107,900154107,DEDR,DEDR-300,2014,2014-04-06,15
154108,900154108,DEGL,DEGL-300,2008,2009-04-22,10
154109,900154109,DEMO,DEMO-100,2009,2010-02-28,10
154110,900154110,DEDR,DEDR-300,2022,2023-06-26,15
154111,900154111,DEMC,DEMC-100,2011,2012-05-22,10
154112,900154112,DETM,DETM-100,2016,2017-10-02,10
154113,900154113,DESM,DESM-200,2014,2014-12-23,10
154114,900154114,DEGL,DEGL-200,2023,2024-06-06,10
154115,900154115,DEMO,DEMO-200,2017,2017-11-02,10
154116,900154116,DEDR,DEDR-300,2022,2022-12-09,15
154117,900154117,DEMC,DEMC-100,2019,2019-04-28,10
154118,900154118,DETM,DETM-200,2019,2019-10-14,10
154119,900154119,DESM,DESM-200,2015,2015-11-03,10
154120,900154120,DEGL,DEGL-300,2019,2020-02-10,10
154121,900154121,DEMO,DEMO-200,2008,2008-07-19,10
154122,900154122,DETM,DETM-300,2018,2018-12-09,10
154123,900154123,DESM,DESM-200,2013,2014-02-10,10
154124,900154124,DEDR,DEDR-200,2008,2008-12-19,15
154125,900154125,DEGL,DEGL-200,2020,2021-03-07,10
154126,900154126,DEMO,DEMO-100,2008,2009-07-28,10
154127,900154127,DEDR,DEDR-100,2009,2009-09-17,15
154129,900154129,ELUP,ELUP-300,2017,2018-01-27,8
154847,900154847,DESM,DESM-100,2009,2010-10-09,10
154848,900154848,DESM,DESM-300,2018,2019-09-23,10
154849,900154849,DESM,DESM-100,2018,2019-02-05,10
154850,900154850,DESM,DESM-100,2012,2013-01-27,10
154851,900154851,DESM,DESM-100,2021,2021-05-15,10
155051,900155051,SWAV,SWAV-200,2012,2012-09-27,15
157261,900157261,ELUP,ELUP-200,2010,2010-05-09,8
157284,900157284,DEDR,DEDR-200,2017,2017-07-15,15
157285,900157285,SWAV,SWAV-200,2017,2018-11-14,15
157286,900157286,DEDR,DEDR-100,2016,2017-03-10,15
157287,900157287,DEDR,DEDR-100,2023,2024-01-19,15
157288,900157288,DEDR,DEDR-200,2020,2020-10-17,15
157289,900157289,DEDR,DEDR-200,2012,2012-09-24,15
157290,900157290,DEDR,DEDR-300,2015,2015-06-21,15
157292,900157292,SWAV,SWAV-300,2010,2010-09-28,15
157293,900157293,DEDR,DEDR-200,2017,2018-05-09,15
157294,900157294,SWAV,SWAV-100,2019,2019-07-20,15
157295,900157295,DEDR,DEDR-200,2020,2020-10-27,15
157297,900157297,DEDR,DEDR-100,2022,2023-01-29,15
157298,900157298,DEDR,DEDR-200,2008,2009-04-29,15
157299,900157299,DEDR,DEDR-300,2022,2022-09-09,15
157300,900157300,DESM,DESM-300,2009,2009-09-15,10
157302,900157302,DEDR,DEDR-300,2020,2020-10-01,15
157303,900157303,DEDR,DEDR-100,2018,2018-10-19,15
157305,900157305,SWAV,SWAV-100,2009,2010-03-30,15
157306,900157306,DEDR,DEDR-300,2021,2021-10-26,15
157307,900157307,DEDR,DEDR-100,2008,2008-11-18,15
157308,900157308,DEDR,DEDR-300,2017,2017-12-22,15
157309,900157309,DESM,DESM-200,2013,2013-10-06,10
157310,900157310,SWAV,SWAV-300,2019,2020-08-26,15
157311,900157311,DEDR,DEDR-300,2017,2018-01-27,15
157316,900157316,DEMO,DEMO-200,2017,2018-03-08,10
157320,900157320,DEMO,DEMO-300,2009,2010-03-31,10
157322,900157322,SWUR,SWUR-100,2008,2008-11-23,12
157323,900157323,SWUR,SWUR-200,2017,2017-05-04,12
157324,900157324,SWUR,SWUR-100,2012,2012-09-30,12
157325,900157325,SWUR,SWUR-100,2015,2016-10-08,12
157326,900157326,SWUR,SWUR-300,2020,2020-10-22,12
158890,900158890,DEDR,DEDR-200,2021,2022-01-27,15
158891,900158891,ELUP,ELUP-100,2020,2020-10-27,8
158894,900158894,DEGD,DEGD-100,2009,2009-10-31,10
158899,900158899,DEGD,DEGD-200,2011,2011-07-28,10
158904,900158904,DEGD,DEGD-200,2013,2013-12-06,10
158909,900158909,DEGD,DEGD-300,2019,2019-10-04,10
158914,900158914,DEGD,DEGD-300,2015,2016-03-30,10
158919,900158919,DEGD,DEGD-100,2015,2016-01-26,10
158924,900158924,DEGD,DEGD-100,2017,2018-08-04,10
158929,900158929,DEGD,DEGD-200,2022,2023-01-26,10
158934,900158934,DEGD,DEGD-100,2016,2017-01-14,10
158939,900158939,DEGD,DEGD-300,2014,2014-10-29,10
158944,900158944,DEGD,DEGD-200,2023,2023-10-05,10
158949,900158949,DEGD,DEGD-300,2022,2022-06-23,10
158954,900158954,DEGD,DEGD-100,2010,2011-08-30,10
158959,900158959,DEGD,DEGD-200,2021,2022-06-03,10
158964,900158964,DEGD,DEGD-200,2009,2009-09-10,10
158969,900158969,DEGD,DEGD-300,2016,2016-08-06,10
158974,900158974,DEGD,DEGD-300,2011,2012-06-17,10
158980,900158980,DEDR,DEDR-300,2012,2012-09-25,15
158981,900158981,ELUP,ELUP-300,2015,2015-03-29,8
158985,900158985,SWPH,SWPH-200,2017,2018-08-24,12
158986,900158986,SWPH,SWPH-200,2008,2009-03-30,12
158987,900158987,SWPH,SWPH-300,2008,2008-09-23,12
158988,900158988,SWMS,SWMS-300,2019,2020-03-23,15
158991,900158991,SWPH,SWPH-100,2020,2021-04-25,12
158992,900158992,SWMS,SWMS-200,2015,2015-09-02,15
158995,900158995,SWPH,SWPH-100,2008,2008-10-16,12
158997,900158997,SWPH,SWPH-200,2012,2013-02-14,12
158998,900158998,SWPH,SWPH-100,2023,2023-05-14,12
158999,900158999,SWMS,SWMS-200,2023,2024-02-09,15
159000,900159000,SWMS,SWMS-200,2017,2018-05-17,15
159002,900159002,ATFA,ATFA-100,2022,2023-01-06,15
159003,900159003,SWPH,SWPH-300,2018,2018-10-30,12
159004,900159004,SWMS,SWMS-300,2008,2008-07-26,15
159006,900159006,PUCE,PUCE-100,2021,2021-07-08,10
159007,900159007,PUCE,PUCE-300,2021,2021-04-23,10
159009,900159009,ATFA,ATFA-200,2010,2011-03-04,15
159010,900159010,SWMS,SWMS-100,2012,2012-09-02,15
159012,900159012,ATFA,ATFA-200,2022,2023-06-13,15
159013,900159013,SWPH,SWPH-100,2019,2020-01-10,12
159014,900159014,SWMS,SWMS-100,2022,2023-10-02,15
159016,900159016,ATFA,ATFA-100,2014,2015-02-25,15
159017,900159017,SWPH,SWPH-300,2016,2016-11-02,12
159018,900159018,SWMS,SWMS-100,2023,2024-09-03,15
159020,900159020,ATFA,ATFA-200,2018,2018-06-30,15
159021,900159021,SWPH,SWPH-300,2012,2013-02-07,12
159022,900159022,SWMS,SWMS-300,2011,2012-04-09,15
162754,900162754,SWAV,SWAV-300,2009,2009-10-06,15
162757,900162757,SWAV,SWAV-200,2014,2014-09-10,15
162761,900162761,SWAV,SWAV-200,2013,2013-12-23,15
162765,900162765,SWAV,SWAV-300,2012,2012-12-16,15
162766,900162766,SWAV,SWAV-300,2020,2021-03-30,15
162769,900162769,DEDR,DEDR-200,2018,2018-05-22,15
162770,900162770,SWAV,SWAV-100,2013,2014-02-01,15
162771,900162771,ELUP,ELUP-200,2023,2023-05-12,8
162774,900162774,DEDR,DEDR-300,2008,2009-08-14,15
162775,900162775,SWAV,SWAV-100,2023,2024-04-28,15
162778,900162778,SWAV,SWAV-300,2018,2018-11-22,15
162779,900162779,SWAV,SWAV-200,2016,2017-03-26,15
162782,900162782,SWAV,SWAV-200,2020,2020-10-11,15
162783,900162783,SWAV,SWAV-100,2011,2011-10-29,15
162786,900162786,SWAV,SWAV-300,2019,2020-03-04,15
162787,900162787,DEDR,DEDR-100,2009,2010-02-24,15
162791,900162791,SWAV,SWAV-200,2014,2014-05-04,15
162795,900162795,SWAV,SWAV-300,2023,2023-08-29,15
162798,900162798,SWAV,SWAV-300,2011,2012-01-29,15
162801,900162801,SWAV,SWAV-300,2020,2020-09-21,15
162805,900162805,SWAV,SWAV-200,2012,2013-07-16,15
162809,900162809,SWAV,SWAV-100,2016,2017-07-26,15
162813,900162813,SWAV,SWAV-100,2009,2009-09-27,15
162818,900162818,SWAV,SWAV-100,2020,2021-04-18,15
162822,900162822,SWAV,SWAV-300,2017,2018-07-21,15
162825,900162825,SWAV,SWAV-200,2019,2019-07-20,15
162826,900162826,DEDR,DEDR-200,2011,2011-09-04,15
162829,900162829,SWAV,SWAV-200,2017,2017-09-10,15
162830,900162830,SWAV,SWAV-100,2021,2022-04-07,15
162833,900162833,DEDR,DEDR-300,2015,2016-04-12,15
162834,900162834,SWAV,SWAV-200,2013,2014-03-15,15
162835,900162835,ELUP,ELUP-300,2023,2024-01-24,8
162838,900162838,SWAV,SWAV-200,2018,2019-10-12,15
162839,900162839,DEDR,DEDR-300,2015,2016-05-31,15
162843,900162843,SWAV,SWAV-100,2015,2015-12-17,15
162846,900162846,SWAV,SWAV-300,2021,2022-02-02,15
162847,900162847,SWAV,SWAV-200,2017,2017-11-26,15
162850,900162850,SWAV,SWAV-100,2008,2009-02-23,15
162854,900162854,DEDR,DEDR-100,2019,2020-03-13,15
162855,900162855,SWAV,SWAV-100,2012,2013-03-10,15
162858,900162858,SWAV,SWAV-100,2018,2019-10-10,15
162861,900162861,SWAV,SWAV-300,2013,2013-07-07,15
162865,900162865,DEDR,DEDR-100,2011,2012-04-11,15
162866,900162866,DEDR,DEDR-100,2020,2021-06-23,15
162867,900162867,ELUP,ELUP-300,2015,2016-01-03,8
162870,900162870,SWAV,SWAV-200,2022,2022-10-17,15
162874,900162874,SWAV,SWAV-200,2023,2023-07-14,15
162878,900162878,DEDR,DEDR-100,2013,2013-09-06,15
162879,900162879,SWAV,SWAV-300,2023,2023-12-21,15
162882,900162882,SWAV,SWAV-100,2020,2020-11-25,15
162885,900162885,SWAV,SWAV-200,2014,2015-08-22,15
162889,900162889,ELUP,ELUP-100,2023,2023-10-31,8
162899,900162899,SWSC,SWSC-100,2013,2014-10-09,10
162911,900162911,DEDR,DEDR-300,2021,2021-03-15,15
166955,900166955,DEMO,DEMO-300,2020,2020-07-16,10
168445,900168445,DEHA,DEHA-100,2019,2019-12-08,15
168535,900168535,SWAV,SWAV-300,2019,2019-11-16,15
171363,900171363,DEDR,DEDR-200,2020,2021-01-08,15
171367,900171367,DEMO,DEMO-200,2018,2019-01-23,10
171368,900171368,DETM,DETM-100,2011,2012-02-24,10
171369,900171369,DEMO,DEMO-100,2009,2010-04-22,10
171375,900171375,SWSC,SWSC-200,2008,2008-12-09,10
171537,900171537,DESM,DESM-200,2017,2018-01-10,10
171538,900171538,DEDR,DEDR-100,2019,2020-01-12,15
171539,900171539,DEDR,DEDR-100,2019,2019-05-07,15
171540,900171540,DEDR,DEDR-200,2020,2020-07-12,15
171541,900171541,DEMO,DEMO-300,2021,2021-10-16,10
171542,900171542,DEMO,DEMO-300,2009,2009-08-24,10
171544,900171544,DESM,DESM-100,2009,2010-01-20,10
171545,900171545,DEDR,DEDR-300,2010,2011-01-31,15
171546,900171546,DEDR,DEDR-100,2011,2012-07-14,15
171547,900171547,DEDR,DEDR-200,2018,2019-02-04,15
171550,900171550,DESM,DESM-100,2013,2014-09-12,10
171551,900171551,DEDR,DEDR-100,2017,2017-02-17,15
171552,900171552,DEMO,DEMO-300,2013,2013-12-16,10
171553,900171553,DEDR,DEDR-300,2010,2010-07-30,15
171554,900171554,DEDR,DEDR-100,2020,2021-03-16,15
171556,900171556,DEDR,DEDR-300,2015,2015-12-12,15
171557,900171557,DEDR,DEDR-300,2020,2021-02-03,15
171558,900171558,DEMO,DEMO-200,2018,2019-06-18,10
171559,900171559,DEDR,DEDR-300,2010,2010-10-16,15
171563,900171563,DEDR,DEDR-200,2018,2019-05-06,15
171564,900171564,DEMO,DEMO-200,2019,2019-12-18,10
171565,900171565,DEDR,DEDR-100,2013,2014-04-20,15
171569,900171569,DEMC,DEMC-200,2010,2011-03-24,10
171570,900171570,DEDR,DEDR-100,2018,2018-11-23,15
171571,900171571,DEDR,DEDR-300,2016,2017-09-20,15
171572,900171572,DEMO,DEMO-100,2016,2016-08-29,10
171575,900171575,DESM,DESM-200,2018,2019-01-17,10
171576,900171576,DEDR,DEDR-300,2017,2018-05-18,15
171577,900171577,DEMO,DEMO-300,2019,2020-02-01,10
171580,900171580,DEMC,DEMC-200,2020,2020-10-21,10
171581,900171581,DEDR,DEDR-300,2020,2021-08-14,15
171582,900171582,DEMO,DEMO-200,2012,2012-04-15,10
171583,900171583,DEDR,DEDR-300,2013,2013-09-29,15
171584,900171584,DEDR,DEDR-200,2015,2016-01-31,15
171587,900171587,DESM,DESM-200,2014,2014-05-01,10
171588,900171588,DEDR,DEDR-300,2019,2020-01-20,15
171589,900171589,DEMO,DEMO-300,2021,2021-12-25,10
171590,900171590,DEMO,DEMO-100,2023,2024-07-07,10
171593,900171593,DEMC,DEMC-200,2020,2021-01-22,10
171594,900171594,DEGL,DEGL-300,2009,2010-02-23,10
171595,900171595,DEMO,DEMO-300,2017,2018-03-27,10
171596,900171596,DEDR,DEDR-200,2012,2012-04-03,15
171597,900171597,DEDR,DEDR-300,2023,2023-09-02,15
171599,900171599,DEDR,DEDR-100,2016,2017-09-11,15
171600,900171600,DESM,DESM-100,2008,2009-05-12,10
171601,900171601,DEDR,DEDR-300,2016,2017-10-01,15
171602,900171602,DEMO,DEMO-200,2011,2011-10-31,10
171603,900171603,DEDR,DEDR-300,2012,2012-12-13,15
171604,900171604,DEGL,DEGL-100,2013,2014-01-01,10
171606,900171606,DEMO,DEMO-200,2008,2008-12-14,10
171607,900171607,DESM,DESM-200,2018,2018-10-16,10
171608,900171608,DEDR,DEDR-100,2021,2021-12-05,15
171609,900171609,DEMO,DEMO-200,2022,2023-03-23,10
171610,900171610,DEDR,DEDR-300,2009,2009-10-29,15
171611,900171611,DEMC,DEMC-100,2016,2016-08-17,10
171612,900171612,DEGL,DEGL-200,2022,2022-10-29,10
171614,900171614,DESM,DESM-300,2015,2016-02-16,10
171615,900171615,DEDR,DEDR-300,2008,2008-07-27,15
171616,900171616,DEMO,DEMO-100,2008,2008-11-29,10
171617,900171617,DEDR,DEDR-100,2010,2010-11-16,15
171618,900171618,DEGL,DEGL-300,2017,2017-08-28,10
171620,900171620,DEDR,DEDR-200,2009,2009-07-07,15
171621,900171621,DESM,DESM-300,2012,2012-12-01,10
171622,900171622,DEDR,DEDR-100,2015,2015-09-11,15
171623,900171623,DEMO,DEMO-200,2022,2022-11-13,10
171624,900171624,DEGL,DEGL-300,2014,2015-02-15,10
171625,900171625,DEDR,DEDR-100,2020,2020-11-04,15
171627,900171627,DESM,DESM-300,2010,2011-09-04,10
171628,900171628,DEDR,DEDR-100,2013,2013-12-05,15
171629,900171629,DEMO,DEMO-200,2013,2014-02-09,10
171630,900171630,DEDR,DEDR-100,2022,2023-01-09,15
171631,900171631,DEGL,DEGL-200,2020,2020-09-15,10
171632,900171632,DEMC,DEMC-100,2012,2012-11-29,10
171634,900171634,DESM,DESM-300,2015,2016-04-19,10
171635,900171635,DEDR,DEDR-300,2021,2022-06-08,15
171636,900171636,DEMO,DEMO-300,2008,2008-07-03,10
171637,900171637,DEGL,DEGL-300,2020,2020-10-22,10
171638,900171638,DEDR,DEDR-200,2020,2021-01-30,15
171640,900171640,DEDR,DEDR-200,2016,2017-02-12,15
171641,900171641,DEDR,DEDR-100,2014,2014-10-11,15
171645,900171645,DEDR,DEDR-200,2009,2010-06-24,15
171646,900171646,DESM,DESM-300,2013,2013-09-06,10
171647,900171647,DEDR,DEDR-200,2017,2017-03-04,15
171648,900171648,DEDR,DEDR-200,2021,2021-06-06,15
171649,900171649,DEMO,DEMO-100,2015,2015-05-19,10
171654,900171654,DEDR,DEDR-100,2017,2018-09-20,15
171993,900171993,DEHT,DEHT-300,2020,2020-07-02,10
171994,900171994,DEHT,DEHT-200,2023,2024-07-12,10
171995,900171995,DEHT,DEHT-200,2022,2023-09-06,10
171996,900171996,DEHT,DEHT-300,2022,2023-06-26,10
178249,900178249,SWPH,SWPH-100,2023,2024-05-05,12
178251,900178251,SWMS,SWMS-100,2015,2016-03-02,15
178252,900178252,SWMS,SWMS-200,2022,2022-07-17,15
178254,900178254,SWPH,SWPH-200,2023,2023-08-19,12
178256,900178256,SWMS,SWMS-100,2009,2010-05-04,15
178257,900178257,SWMS,SWMS-200,2016,2016-08-29,15
178259,900178259,SWPH,SWPH-300,2021,2022-05-13,12
178261,900178261,SWMS,SWMS-200,2021,2022-06-21,15
178264,900178264,SWPH,SWPH-300,2019,2020-02-17,12
178266,900178266,SWMS,SWMS-100,2021,2021-10-15,15
178267,900178267,SWMS,SWMS-100,2013,2013-09-14,15
178330,900178330,SWSC,SWSC-200,2009,2010-03-06,10
178331,900178331,SWSC,SWSC-100,2021,2021-11-26,10
178332,900178332,SWSC,SWSC-100,2017,2017-12-03,10
178334,900178334,SWSC,SWSC-300,2021,2022-01-07,10
178336,900178336,ELUP,ELUP-300,2012,2013-01-25,8
179149,900179149,ATFA,ATFA-300,2008,2009-09-01,15
179150,900179150,ATFA,ATFA-200,2011,2012-04-10,15
179151,900179151,ATFA,ATFA-300,2021,2022-02-06,15
179152,900179152,ATFA,ATFA-100,2015,2016-05-27,15
179153,900179153,ATFA,ATFA-100,2011,2011-07-01,15
179154,900179154,ATFA,ATFA-200,2019,2020-02-29,15
179155,900179155,ATFA,ATFA-300,2021,2021-09-12,15
179156,900179156,ATFA,ATFA-100,2019,2020-02-10,15
179157,900179157,ATFA,ATFA-300,2015,2016-04-07,15
179158,900179158,ATFA,ATFA-200,2021,2022-05-09,15
179159,900179159,ATFA,ATFA-300,2018,2019-02-19,15
179160,900179160,ATFA,ATFA-200,2017,2018-08-14,15
179162,900179162,SWPH,SWPH-100,2014,2014-10-19,12
179163,900179163,SWPH,SWPH-200,2010,2010-05-13,12
179164,900179164,SWPH,SWPH-200,2011,2011-10-31,12
179166,900179166,SWPH,SWPH-100,2009,2010-01-27,12
179167,900179167,SWPH,SWPH-300,2010,2010-07-03,12
179168,900179168,SWPH,SWPH-100,2015,2016-03-22,12
179170,900179170,SWPH,SWPH-300,2022,2023-11-05,12
179171,900179171,SWPH,SWPH-300,2015,2016-09-17,12
179172,900179172,SWPH,SWPH-100,2018,2018-10-10,12
179173,900179173,SWPH,SWPH-100,2018,2019-04-22,12
179174,900179174,SWPH,SWPH-300,2017,2018-04-02,12
179175,900179175,SWPH,SWPH-100,2011,2012-02-15,12
179176,900179176,SWPH,SWPH-100,2020,2021-04-26,12
179177,900179177,DEGD,DEGD-300,2013,2014-02-03,10
179178,900179178,DEGD,DEGD-100,2017,2017-12-28,10
179179,900179179,DEGD,DEGD-300,2019,2019-09-22,10
179180,900179180,DEGD,DEGD-200,2012,2013-05-04,10
179181,900179181,DEGD,DEGD-300,2011,2012-01-27,10
179182,900179182,DEGD,DEGD-200,2008,2009-01-31,10
179186,900179186,SWPH,SWPH-200,2011,2012-01-30,12
179187,900179187,SWPH,SWPH-100,2013,2013-12-08,12
179188,900179188,SWPH,SWPH-100,2009,2009-07-28,12
179209,900179209,PUCE,PUCE-100,2010,2011-09-25,10
179210,900179210,PUCE,PUCE-300,2013,2014-07-31,10
179211,900179211,PUCE,PUCE-100,2013,2013-11-03,10
179212,900179212,PUCE,PUCE-100,2019,2019-09-03,10
179213,900179213,PUCE,PUCE-100,2014,2014-05-08,10
179214,900179214,PUCE,PUCE-200,2016,2016-11-24,10
179215,900179215,PUCE,PUCE-100,2010,2011-03-29,10
179216,900179216,PUCE,PUCE-300,2013,2013-10-13,10
179217,900179217,PUCE,PUCE-100,2020,2020-05-16,10
179218,900179218,PUCE,PUCE-100,2012,2012-07-17,10
179221,900179221,PUCE,PUCE-100,2009,2009-10-24,10
179222,900179222,PUCE,PUCE-200,2013,2014-07-12,10
179228,900179228,SWPH,SWPH-100,2015,2015-11-24,12
179229,900179229,SWPH,SWPH-100,2012,2013-06-08,12
179230,900179230,SWPH,SWPH-300,2016,2016-10-13,12
179231,900179231,SWPH,SWPH-100,2018,2018-03-24,12
179232,900179232,SWPH,SWPH-300,2023,2024-03-03,12
179233,900179233,SWPH,SWPH-100,2010,2010-07-13,12
179234,900179234,SWPH,SWPH-300,2014,2015-04-04,12
179235,900179235,SWPH,SWPH-300,2019,2019-08-15,12
179236,900179236,SWPH,SWPH-200,2020,2021-01-15,12
179237,900179237,SWPH,SWPH-200,2016,2016-06-07,12
179238,900179238,SWPH,SWPH-300,2017,2018-05-21,12
179239,900179239,SWPH,SWPH-200,2023,2023-12-14,12
179240,900179240,SWPH,SWPH-200,2008,2009-03-09,12
179241,900179241,SWPH,SWPH-300,2019,2020-01-05,12
179242,900179242,SWPH,SWPH-100,2012,2012-12-12,12
179243,900179243,SWPH,SWPH-200,2015,2016-09-08,12
179244,900179244,SWPH,SWPH-100,2016,2017-02-07,12
179381,900179381,SWMS,SWMS-300,2011,2012-02-08,15
179382,900179382,SWMS,SWMS-200,2021,2022-03-07,15
179383,900179383,SWMS,SWMS-300,2009,2009-11-18,15
179384,900179384,SWMS,SWMS-200,2014,2014-07-30,15
179385,900179385,SWMS,SWMS-300,2019,2019-11-08,15
179386,900179386,SWMS,SWMS-200,2022,2023-04-07,15
179387,900179387,SWMS,SWMS-100,2013,2014-04-12,15
179388,900179388,SWMS,SWMS-300,2017,2018-07-15,15
179389,900179389,SWMS,SWMS-100,2016,2016-10-27,15
179390,900179390,SWMS,SWMS-300,2021,2022-04-13,15
179391,900179391,SWMS,SWMS-300,2015,2015-09-28,15
179392,900179392,SWMS,SWMS-200,2017,2018-04-17,15
179395,900179395,SWMS,SWMS-200,2020,2020-09-05,15
179397,900179397,SWMS,SWMS-200,2018,2018-11-08,15
179398,900179398,SWMS,SWMS-100,2011,2012-08-30,15
179399,900179399,SWMS,SWMS-300,2015,2016-06-01,15
179400,900179400,SWMS,SWMS-200,2022,2022-08-31,15
179401,900179401,SWMS,SWMS-300,2017,2017-10-21,15
179402,900179402,SWMS,SWMS-200,2022,2022-06-05,15
179403,900179403,SWMS,SWMS-200,2008,2008-06-03,15
179404,900179404,SWMS,SWMS-100,2023,2024-05-24,15
179405,900179405,SWMS,SWMS-200,2012,2012-04-07,15
179406,900179406,SWMS,SWMS-300,2017,2017-05-26,15
179407,900179407,SWMS,SWMS-100,2009,2009-07-17,15
179408,900179408,SWMS,SWMS-300,2015,2016-09-22,15
179752,900179752,DEFL,DEFL-100,2009,2010-03-22,10
185838,900185838,DEDR,DEDR-200,2018,2018-05-22,15
185904,900185904,DEDR,DEDR-300,2010,2010-12-01,15
192988,900192988,SWMS,SWMS-100,2015,2016-05-26,15
193078,900193078,DEMO,DEMO-300,2023,2024-07-18,10
193083,900193083,DEMO,DEMO-200,2014,2014-05-10,10
193085,900193085,DEMO,DEMO-200,2015,2015-07-04,10
193089,900193089,DEMO,DEMO-200,2012,2013-08-14,10
193090,900193090,DETM,DETM-100,2012,2012-11-21,10
193091,900193091,DEMO,DEMO-300,2010,2011-04-20,10
193093,900193093,DEMO,DEMO-100,2012,2012-09-12,10
193095,900193095,DEMO,DEMO-200,2010,2011-01-25,10
193097,900193097,DEMO,DEMO-100,2015,2015-07-04,10
193099,900193099,DEMO,DEMO-100,2019,2019-12-31,10
193100,900193100,DETM,DETM-100,2012,2012-12-12,10
193101,900193101,DEMO,DEMO-100,2012,2013-04-27,10
193103,900193103,DEMO,DEMO-100,2014,2014-11-12,10
193107,900193107,DEMO,DEMO-200,2022,2022-10-13,10
193108,900193108,DEMO,DEMO-100,2008,2008-07-29,10
193113,900193113,DESM,DESM-100,2021,2021-12-09,10
193114,900193114,SWAV,SWAV-100,2023,2024-02-15,15
193115,900193115,DESM,DESM-300,2022,2023-07-01,10
193116,900193116,DEHT,DEHT-200,2014,2014-12-04,10
193117,900193117,DEHT,DEHT-200,2016,2016-10-04,10
193118,900193118,DEHT,DEHT-300,2015,2015-09-11,10
193119,900193119,DEHT,DEHT-200,2014,2014-06-04,10
193120,900193120,DETM,DETM-200,2020,2020-05-12,10
193121,900193121,DEHT,DEHT-100,2018,2018-11-27,10
193123,900193123,DETM,DETM-300,2019,2020-06-04,10
193124,900193124,DEHT,DEHT-300,2011,2011-11-14,10
193125,900193125,DEHT,DEHT-300,2012,2012-03-04,10
193126,900193126,DEHT,DEHT-300,2020,2021-08-16,10
193127,900193127,DEHT,DEHT-100,2009,2010-01-09,10
193128,900193128,DESM,DESM-100,2011,2011-12-29,10
193130,900193130,DESM,DESM-300,2019,2019-12-25,10
193131,900193131,DEDR,DEDR-100,2012,2012-11-16,15
193132,900193132,SWAV,SWAV-200,2019,2020-01-13,15
193134,900193134,DEHT,DEHT-100,2023,2024-07-07,10
193135,900193135,DEHT,DEHT-100,2023,2024-07-05,10
193136,900193136,DEDR,DEDR-300,2011,2012-05-05,15
193138,900193138,DEHT,DEHT-300,2023,2023-11-29,10
193139,900193139,DEHT,DEHT-100,2020,2021-10-21,10
193140,900193140,DEDR,DEDR-100,2021,2021-11-09,15
193141,900193141,DETM,DETM-100,2022,2023-02-12,10
193142,900193142,DEHT,DEHT-100,2010,2010-11-27,10
193143,900193143,DEHT,DEHT-300,2021,2021-12-24,10
193144,900193144,DEHT,DEHT-100,2008,2009-07-29,10
193145,900193145,DEHT,DEHT-300,2020,2021-01-12,10
193146,900193146,DEDR,DEDR-200,2016,2017-02-28,15
193147,900193147,DEHT,DEHT-100,2019,2019-06-03,10
193148,900193148,DEHT,DEHT-300,2010,2011-05-01,10
193149,900193149,DEHT,DEHT-200,2008,2009-10-22,10
193150,900193150,DETM,DETM-200,2014,2015-03-12,10
193151,900193151,DEHT,DEHT-200,2008,2009-02-08,10
193152,900193152,DESM,DESM-200,2018,2019-03-22,10
193153,900193153,SWAV,SWAV-200,2016,2017-05-17,15
193155,900193155,DESM,DESM-300,2017,2018-06-06,10
193156,900193156,DEDR,DEDR-100,2008,2008-09-21,15
193157,900193157,DEHT,DEHT-100,2009,2009-11-29,10
193158,900193158,DEHT,DEHT-100,2008,2009-05-21,10
193159,900193159,DEDR,DEDR-200,2017,2017-03-05,15
193161,900193161,DEHT,DEHT-200,2013,2013-09-19,10
193162,900193162,DEHT,DEHT-200,2015,2015-10-30,10
193163,900193163,DEHT,DEHT-100,2009,2009-06-01,10
193164,900193164,DEHT,DEHT-100,2016,2016-10-13,10
193165,900193165,DEHT,DEHT-200,2009,2010-05-12,10
193166,900193166,DETM,DETM-300,2020,2021-01-17,10
193167,900193167,DESM,DESM-300,2010,2010-12-12,10
193169,900193169,DESM,DESM-100,2020,2021-04-28,10
193170,900193170,SWAV,SWAV-100,2022,2023-08-08,15
193171,900193171,DEDR,DEDR-200,2015,2016-05-26,15
193172,900193172,DEHT,DEHT-200,2015,2016-02-21,10
193173,900193173,DEDR,DEDR-300,2018,2018-07-09,15
193174,900193174,DEHT,DEHT-100,2014,2014-08-28,10
193175,900193175,DEHT,DEHT-200,2017,2017-04-03,10
193176,900193176,DEHT,DEHT-200,2022,2023-03-22,10
193177,900193177,DEHT,DEHT-200,2017,2018-03-13,10
193179,900193179,DEHT,DEHT-100,2008,2009-10-03,10
193180,900193180,DEHT,DEHT-100,2015,2016-01-12,10
193181,900193181,DEHT,DEHT-100,2021,2021-07-26,10
193182,900193182,DETM,DETM-200,2022,2023-08-20,10
193183,900193183,DESM,DESM-300,2010,2010-07-22,10
193184,900193184,SWAV,SWAV-100,2017,2017-10-09,15
193185,900193185,DETM,DETM-200,2016,2017-02-12,10
193186,900193186,DESM,DESM-300,2008,2009-03-16,10
193187,900193187,SWAV,SWAV-300,2021,2022-03-23,15
193188,900193188,DEDR,DEDR-100,2019,2019-05-16,15
193190,900193190,DESM,DESM-300,2022,2022-12-14,10
193192,900193192,DEHT,DEHT-100,2013,2014-03-19,10
193193,900193193,DEHT,DEHT-100,2014,2014-05-04,10
193194,900193194,DEDR,DEDR-100,2022,2022-11-27,15
193196,900193196,DEHT,DEHT-200,2016,2016-09-16,10
193197,900193197,DEHT,DEHT-300,2017,2018-03-22,10
193198,900193198,DEHT,DEHT-300,2011,2011-09-06,10
193199,900193199,DEHT,DEHT-300,2023,2024-08-08,10
193200,900193200,DEDR,DEDR-300,2017,2017-10-04,15
193202,900193202,DEHT,DEHT-100,2020,2020-06-19,10
193203,900193203,DEHT,DEHT-200,2010,2010-09-10,10
193204,900193204,DEHT,DEHT-300,2019,2020-02-05,10
193205,900193205,DEHT,DEHT-200,2017,2017-07-29,10
193206,900193206,DEDR,DEDR-200,2016,2016-06-27,15
193207,900193207,DETM,DETM-200,2015,2015-07-16,10
193208,900193208,DESM,DESM-100,2020,2021-06-30,10
193209,900193209,SWAV,SWAV-300,2014,2014-07-20,15
193211,900193211,DESM,DESM-300,2013,2013-06-01,10
193213,900193213,DEDR,DEDR-200,2008,2008-09-08,15
193215,900193215,DEHT,DEHT-100,2016,2017-01-12,10
193216,900193216,DEHT,DEHT-300,2022,2022-11-29,10
193217,900193217,DEDR,DEDR-200,2020,2021-06-22,15
193219,900193219,DEHT,DEHT-300,2016,2016-06-16,10
193220,900193220,DEHT,DEHT-100,2017,2017-08-11,10
193221,900193221,DEHT,DEHT-100,2022,2023-01-16,10
193222,900193222,DEHT,DEHT-200,2008,2008-11-15,10
193223,900193223,DETM,DETM-300,2022,2022-10-05,10
193224,900193224,DEHT,DEHT-100,2018,2019-06-24,10
193225,900193225,DEHT,DEHT-300,2013,2014-04-15,10
193226,900193226,DETM,DETM-300,2019,2019-08-12,10
193227,900193227,DEHT,DEHT-200,2017,2018-08-16,10
193228,900193228,ELUP,ELUP-200,2018,2019-01-03,8
193449,900193449,ELUP,ELUP-300,2008,2008-06-06,8
196139,900196139,DEGD,DEGD-200,2010,2010-09-05,10
196140,900196140,DEGD,DEGD-300,2021,2022-09-11,10
196141,900196141,DEGD,DEGD-100,2020,2021-03-20,10
196142,900196142,DEGD,DEGD-300,2018,2019-09-28,10
196143,900196143,DEGD,DEGD-200,2016,2016-07-24,10
196144,900196144,DEGD,DEGD-200,2011,2011-05-26,10
196145,900196145,DEGD,DEGD-300,2012,2012-06-10,10
196146,900196146,DEGD,DEGD-100,2023,2024-06-24,10
196147,900196147,SWPH,SWPH-300,2019,2020-07-19,12
196148,900196148,SWPH,SWPH-100,2014,2015-11-25,12
196149,900196149,SWPH,SWPH-300,2010,2011-06-21,12
196150,900196150,SWPH,SWPH-200,2010,2010-12-21,12
196205,900196205,SWPH,SWPH-200,2009,2010-02-03,12
196228,900196228,SWSC,SWSC-300,2012,2012-12-03,10
196231,900196231,SWSC,SWSC-100,2011,2011-06-03,10
196464,900196464,DESM,DESM-200,2020,2020-10-15,10
196465,900196465,DEDR,DEDR-100,2023,2024-05-26,15
196466,900196466,DEMO,DEMO-200,2012,2013-01-28,10
196467,900196467,DETM,DETM-200,2013,2013-06-12,10
196468,900196468,DESM,DESM-100,2023,2023-05-03,10
196469,900196469,DETM,DETM-100,2023,2024-03-20,10
196470,900196470,DESM,DESM-100,2018,2018-10-21,10
196471,900196471,DETM,DETM-200,2011,2011-06-09,10
196472,900196472,DESM,DESM-300,2017,2018-04-09,10
196473,900196473,DETM,DETM-300,2020,2020-07-11,10
196474,900196474,DESM,DESM-300,2014,2014-08-06,10
196475,900196475,DETM,DETM-100,2019,2020-05-17,10
196476,900196476,DESM,DESM-300,2015,2016-03-01,10
196477,900196477,DETM,DETM-200,2010,2010-07-18,10
196478,900196478,DESM,DESM-200,2018,2018-10-31,10
196479,900196479,DEDR,DEDR-200,2013,2013-05-12,15
196480,900196480,DEMO,DEMO-100,2008,2008-03-06,10
196481,900196481,DETM,DETM-100,2021,2022-09-15,10
196482,900196482,DESM,DESM-300,2015,2015-07-28,10
196483,900196483,DEMO,DEMO-200,2010,2010-08-29,10
196484,900196484,DEDR,DEDR-100,2020,2020-08-28,15
196485,900196485,DEDR,DEDR-200,2013,2013-06-23,15
196486,900196486,DETM,DETM-300,2014,2014-10-20,10
196487,900196487,DESM,DESM-200,2022,2023-04-11,10
196488,900196488,DEDR,DEDR-300,2015,2015-07-21,15
196489,900196489,DEDR,DEDR-200,2017,2017-05-19,15
196490,900196490,DEDR,DEDR-300,2009,2009-09-19,15
196491,900196491,DEMO,DEMO-200,2008,2008-12-21,10
196492,900196492,DETM,DETM-200,2019,2019-11-05,10
196493,900196493,DESM,DESM-300,2021,2021-03-16,10
196494,900196494,DEMO,DEMO-300,2010,2011-08-22,10
196495,900196495,DEDR,DEDR-200,2022,2022-08-01,15
196496,900196496,DETM,DETM-100,2009,2009-05-29,10
196497,900196497,DESM,DESM-200,2012,2013-04-13,10
196498,900196498,DEDR,DEDR-200,2013,2014-06-16,15
196499,900196499,DEMO,DEMO-200,2010,2011-04-24,10
196500,900196500,DEDR,DEDR-200,2016,2016-09-07,15
196501,900196501,DETM,DETM-100,2013,2013-08-29,10
196502,900196502,DESM,DESM-300,2021,2022-05-21,10
196503,900196503,DEMO,DEMO-300,2017,2018-02-17,10
196504,900196504,DEDR,DEDR-200,2021,2021-05-30,15
196505,900196505,DETM,DETM-100,2021,2022-03-20,10
196506,900196506,DESM,DESM-100,2019,2019-04-08,10
196507,900196507,DEMO,DEMO-100,2023,2023-12-28,10
196508,900196508,DETM,DETM-100,2021,2021-12-01,10
196509,900196509,DESM,DESM-100,2011,2011-03-06,10
196510,900196510,DEDR,DEDR-100,2013,2014-05-18,15
196511,900196511,DEDR,DEDR-200,2017,2018-04-29,15
196512,900196512,DETM,DETM-300,2008,2008-10-12,10
196513,900196513,DESM,DESM-100,2009,2009-12-24,10
196514,900196514,DEDR,DEDR-200,2008,2008-12-16,15
196515,900196515,DEDR,DEDR-300,2022,2022-10-10,15
196516,900196516,DEMO,DEMO-100,2014,2014-09-01,10
196517,900196517,DETM,DETM-100,2023,2023-06-16,10
196518,900196518,DESM,DESM-100,2016,2017-08-28,10
196519,900196519,DEDR,DEDR-200,2011,2012-07-11,15
196520,900196520,DEDR,DEDR-200,2021,2022-07-29,15
196521,900196521,DEMO,DEMO-300,2021,2022-08-05,10
196522,900196522,DETM,DETM-100,2010,2010-12-17,10
196523,900196523,DESM,DESM-300,2009,2010-05-14,10
196524,900196524,DEDR,DEDR-300,2013,2013-08-06,15
196525,900196525,DEMO,DEMO-200,2017,2018-04-20,10
196526,900196526,DETM,DETM-100,2019,2019-09-25,10
196527,900196527,DESM,DESM-200,2009,2009-10-14,10
196528,900196528,DEDR,DEDR-100,2022,2023-01-26,15
196529,900196529,DEDR,DEDR-100,2010,2010-10-13,15
196530,900196530,DEDR,DEDR-100,2020,2020-08-23,15
196531,900196531,DEMO,DEMO-300,2009,2009-12-21,10
196532,900196532,DETM,DETM-100,2014,2015-06-27,10
196622,900196622,ELUP,ELUP-200,2021,2021-11-05,8
196623,900196623,PUCE,PUCE-200,2011,2012-02-03,10
196624,900196624,PUCE,PUCE-300,2023,2024-02-13,10
196625,900196625,PUCE,PUCE-200,2008,2009-07-19,10
196627,900196627,PUCE,PUCE-200,2015,2016-02-20,10
196628,900196628,SWPH,SWPH-300,2020,2021-06-17,12
196629,900196629,SWPH,SWPH-200,2012,2013-01-09,12
196630,900196630,SWPH,SWPH-100,2012,2013-01-20,12
196631,900196631,SWPH,SWPH-100,2008,2008-06-12,12
196632,900196632,SWPH,SWPH-200,2008,2009-03-12,12
196633,900196633,SWPH,SWPH-200,2021,2022-07-02,12
196634,900196634,SWPH,SWPH-200,2010,2011-06-17,12
196635,900196635,SWPH,SWPH-100,2008,2008-08-07,12
196636,900196636,SWPH,SWPH-300,2011,2012-02-12,12
196637,900196637,SWPH,SWPH-200,2008,2008-12-01,12
196638,900196638,SWPH,SWPH-200,2014,2014-11-06,12
196639,900196639,SWPH,SWPH-100,2011,2011-09-17,12
196640,900196640,SWPH,SWPH-100,2008,2008-07-22,12
196641,900196641,SWPH,SWPH-300,2009,2010-02-06,12
196642,900196642,SWPH,SWPH-100,2016,2016-08-27,12
196643,900196643,SWPH,SWPH-200,2015,2015-09-01,12
196644,900196644,ATFA,ATFA-200,2017,2018-01-20,15
196645,900196645,ATFA,ATFA-200,2008,2008-11-21,15
196646,900196646,ATFA,ATFA-200,2018,2019-06-22,15
196647,900196647,ATFA,ATFA-100,2010,2011-08-29,15
196648,900196648,ATFA,ATFA-200,2010,2010-04-18,15
196649,900196649,ATFA,ATFA-200,2009,2009-03-19,15
196650,900196650,ATFA,ATFA-300,2014,2014-10-06,15
196651,900196651,ATFA,ATFA-200,2008,2008-07-25,15
196652,900196652,ATFA,ATFA-200,2013,2014-06-06,15
196653,900196653,ATFA,ATFA-200,2016,2017-08-21,15
196654,900196654,SWMS,SWMS-100,2014,2015-04-14,15
196655,900196655,SWMS,SWMS-200,2017,2018-06-13,15
196656,900196656,SWMS,SWMS-200,2020,2020-12-03,15
196657,900196657,SWMS,SWMS-200,2014,2015-02-19,15
196658,900196658,SWMS,SWMS-200,2023,2023-11-10,15
196659,900196659,SWMS,SWMS-200,2020,2021-01-03,15
196660,900196660,SWMS,SWMS-300,2023,2024-04-28,15
196661,900196661,SWMS,SWMS-300,2011,2011-11-22,15
196662,900196662,SWMS,SWMS-100,2022,2022-08-30,15
196663,900196663,SWMS,SWMS-200,2023,2023-11-12,15
196664,900196664,SWMS,SWMS-100,2017,2018-09-25,15
196665,900196665,SWMS,SWMS-100,2017,2017-10-04,15
196666,900196666,SWMS,SWMS-300,2017,2017-06-08,15
196667,900196667,SWMS,SWMS-300,2011,2012-05-13,15
196668,900196668,SWMS,SWMS-100,2016,2017-11-24,15
196669,900196669,PUCE,PUCE-300,2018,2019-04-22,10
196672,900196672,PUCE,PUCE-200,2020,2020-11-01,10
196673,900196673,SWPH,SWPH-100,2021,2022-01-29,12
196674,900196674,SWPH,SWPH-300,2008,2008-04-27,12
196675,900196675,SWPH,SWPH-200,2023,2024-04-20,12
196677,900196677,SWPH,SWPH-300,2015,2016-03-31,12
196678,900196678,SWPH,SWPH-200,2017,2017-03-08,12
196679,900196679,SWPH,SWPH-200,2010,2010-01-31,12
196680,900196680,ATFA,ATFA-200,2019,2019-10-27,15
196681,900196681,ATFA,ATFA-300,2011,2011-09-08,15
196682,900196682,ATFA,ATFA-100,2012,2013-07-10,15
196683,900196683,ATFA,ATFA-300,2011,2011-07-23,15
196684,900196684,ATFA,ATFA-100,2023,2024-01-18,15
196685,900196685,ATFA,ATFA-300,2008,2008-07-02,15
196686,900196686,ATFA,ATFA-300,2013,2013-07-23,15
196687,900196687,ATFA,ATFA-200,2015,2016-07-21,15
196688,900196688,ATFA,ATFA-200,2015,2016-01-19,15
196689,900196689,PUCE,PUCE-300,2020,2020-09-06,10
196691,900196691,SWPH,SWPH-200,2010,2011-01-14,12
196692,900196692,SWPH,SWPH-200,2008,2009-08-21,12
196694,900196694,SWPH,SWPH-200,2021,2022-10-10,12
196695,900196695,SWPH,SWPH-300,2011,2011-05-21,12
196696,900196696,SWPH,SWPH-100,2015,2015-10-23,12
196697,900196697,SWPH,SWPH-200,2011,2011-03-23,12
196698,900196698,SWPH,SWPH-300,2023,2024-01-02,12
196699,900196699,SWPH,SWPH-300,2010,2011-02-25,12
196700,900196700,SWPH,SWPH-100,2010,2010-09-03,12
196701,900196701,SWPH,SWPH-200,2009,2010-03-06,12
196702,900196702,SWPH,SWPH-100,2019,2019-07-19,12
196703,900196703,SWPH,SWPH-200,2021,2021-07-25,12
196704,900196704,SWPH,SWPH-100,2017,2017-05-11,12
196706,900196706,SWMS,SWMS-100,2014,2015-02-11,15
196707,900196707,SWMS,SWMS-300,2018,2019-10-24,15
196708,900196708,SWMS,SWMS-200,2016,2017-03-11,15
196709,900196709,SWMS,SWMS-200,2008,2009-04-03,15
196710,900196710,SWMS,SWMS-100,2010,2011-03-23,15
196711,900196711,SWMS,SWMS-300,2008,2008-07-15,15
196712,900196712,SWMS,SWMS-200,2020,2020-09-16,15
196713,900196713,SWMS,SWMS-100,2019,2019-10-25,15
196714,900196714,SWMS,SWMS-200,2013,2013-04-03,15
196715,900196715,SWMS,SWMS-200,2020,2020-12-29,15
196716,900196716,SWMS,SWMS-200,2023,2023-10-01,15
196717,900196717,SWMS,SWMS-200,2018,2018-09-22,15
196718,900196718,SWMS,SWMS-200,2013,2013-05-15,15
196719,900196719,SWMS,SWMS-300,2017,2017-08-19,15
196720,900196720,SWMS,SWMS-200,2012,2012-11-17,15
196721,900196721,SWMS,SWMS-300,2014,2015-09-20,15
196722,900196722,SWMS,SWMS-200,2022,2022-10-14,15
196723,900196723,DEGD,DEGD-100,2011,2011-12-23,10
196725,900196725,DEGD,DEGD-300,2016,2016-11-17,10
196726,900196726,DEGD,DEGD-300,2023,2023-10-25,10
196727,900196727,DEGD,DEGD-100,2014,2015-01-31,10
196728,900196728,DEGD,DEGD-300,2012,2013-04-29,10
196729,900196729,DEGD,DEGD-300,2014,2014-06-21,10
196730,900196730,DEGD,DEGD-300,2014,2014-12-03,10
196731,900196731,DEGD,DEGD-300,2011,2012-05-22,10
196732,900196732,DEGD,DEGD-100,2012,2012-10-22,10
196733,900196733,DEGD,DEGD-100,2011,2012-05-10,10
196734,900196734,DEGD,DEGD-300,2023,2024-06-30,10
196735,900196735,DEGD,DEGD-300,2017,2017-07-09,10
196736,900196736,DEGD,DEGD-300,2013,2013-07-26,10
196737,900196737,DEGD,DEGD-200,2020,2020-03-25,10
196738,900196738,DEGD,DEGD-100,2021,2021-12-15,10
196739,900196739,DEGD,DEGD-200,2014,2014-09-15,10
196740,900196740,DEGD,DEGD-300,2009,2009-09-06,10
196741,900196741,DEGD,DEGD-100,2019,2019-11-20,10
196742,900196742,DEGD,DEGD-200,2012,2013-01-11,10
196743,900196743,DEGD,DEGD-200,2009,2010-03-14,10
196744,900196744,DEGD,DEGD-100,2017,2017-07-10,10
196745,900196745,DEGD,DEGD-200,2010,2011-01-21,10
196746,900196746,DEGD,DEGD-100,2015,2016-01-21,10
196750,900196750,DEGD,DEGD-200,2009,2010-01-10,10
196751,900196751,DEGD,DEGD-200,2008,2008-04-20,10
196752,900196752,DEGD,DEGD-300,2021,2021-07-25,10
196753,900196753,DEGD,DEGD-300,2021,2021-03-26,10
196755,900196755,DEGD,DEGD-100,2020,2020-07-08,10
196756,900196756,DEGD,DEGD-200,2019,2019-08-06,10
196759,900196759,DEGD,DEGD-200,2016,2016-10-17,10
196760,900196760,DEGD,DEGD-300,2015,2016-09-21,10
196761,900196761,DEGD,DEGD-100,2008,2009-01-17,10
196762,900196762,DEGD,DEGD-300,2010,2010-12-27,10
196763,900196763,DEGD,DEGD-300,2016,2017-07-19,10
196764,900196764,DEGD,DEGD-300,2016,2016-11-18,10
196765,900196765,DEGD,DEGD-200,2014,2014-11-04,10
196767,900196767,DEGD,DEGD-300,2020,2021-07-17,10
196768,900196768,DEGD,DEGD-300,2014,2014-08-17,10
196771,900196771,DEGD,DEGD-200,2018,2018-10-27,10
196772,900196772,DEGD,DEGD-200,2012,2012-11-18,10
196774,900196774,DEGD,DEGD-200,2021,2022-02-10,10
196775,900196775,DEGD,DEGD-100,2014,2014-08-14,10
196777,900196777,DEGD,DEGD-200,2013,2013-10-17,10
196778,900196778,DEGD,DEGD-300,2020,2020-08-30,10
196779,900196779,DEGD,DEGD-100,2015,2016-06-24,10
196780,900196780,DEGD,DEGD-100,2009,2009-10-01,10
196783,900196783,DEGD,DEGD-300,2021,2021-07-31,10
196784,900196784,DEGD,DEGD-100,2012,2012-12-23,10
196785,900196785,DEGD,DEGD-100,2021,2022-03-01,10
196786,900196786,DEGD,DEGD-300,2014,2015-03-04,10
196789,900196789,DEGD,DEGD-300,2018,2018-04-19,10
196790,900196790,DEGD,DEGD-100,2017,2018-07-04,10
196792,900196792,DEGD,DEGD-100,2011,2011-05-17,10
196793,900196793,DEGD,DEGD-300,2018,2018-09-05,10
196796,900196796,DEGD,DEGD-300,2018,2019-02-22,10
196813,900196813,DEDR,DEDR-200,2017,2017-10-22,15
196820,900196820,SWSC,SWSC-300,2018,2018-09-10,10
196823,900196823,SWSC,SWSC-200,2022,2023-07-24,10
196824,900196824,SWSC,SWSC-300,2023,2023-06-10,10
196882,900196882,DEMO,DEMO-200,2008,2009-04-07,10
196883,900196883,DETM,DETM-100,2022,2022-09-18,10
196884,900196884,DEMO,DEMO-100,2016,2017-04-02,10
196885,900196885,DEMO,DEMO-200,2023,2024-06-14,10
196887,900196887,DEMO,DEMO-200,2010,2010-06-10,10
196889,900196889,DEMO,DEMO-200,2018,2019-02-21,10
196892,900196892,DEMO,DEMO-200,2008,2009-01-13,10
196893,900196893,DEMO,DEMO-100,2017,2017-08-20,10
196894,900196894,DEMO,DEMO-200,2019,2019-02-21,10
196895,900196895,DETM,DETM-300,2019,2020-07-09,10
196896,900196896,DEMO,DEMO-200,2008,2009-02-04,10
196897,900196897,DEMO,DEMO-300,2008,2009-04-06,10
196898,900196898,DETM,DETM-300,2016,2017-08-17,10
196899,900196899,DEMO,DEMO-200,2022,2022-08-04,10
196900,900196900,DETM,DETM-100,2010,2010-03-31,10
196903,900196903,DEMO,DEMO-300,2021,2021-06-06,10
196904,900196904,DETM,DETM-300,2008,2008-11-18,10
196905,900196905,DEMO,DEMO-100,2011,2011-08-23,10
196906,900196906,DETM,DETM-100,2014,2015-08-25,10
196907,900196907,DEMO,DEMO-200,2023,2023-05-13,10
196908,900196908,DETM,DETM-200,2009,2010-07-10,10
196909,900196909,DEMO,DEMO-300,2011,2011-06-19,10
196910,900196910,DETM,DETM-300,2010,2011-08-24,10
196911,900196911,DEMO,DEMO-200,2012,2013-04-30,10
196912,900196912,DETM,DETM-100,2022,2022-05-14,10
196913,900196913,DEMO,DEMO-300,2013,2014-03-23,10
196914,900196914,DETM,DETM-100,2017,2018-02-22,10
196949,900196949,DEDR,DEDR-300,2012,2012-10-22,15
196950,900196950,SWAV,SWAV-300,2015,2016-08-24,15
196961,900196961,DEDR,DEDR-200,2023,2024-04-09,15
196962,900196962,SWAV,SWAV-300,2013,2014-07-04,15
196963,900196963,SWAV,SWAV-100,2018,2019-02-21,15
196964,900196964,DETM,DETM-200,2019,2019-09-28,10
196965,900196965,DEDR,DEDR-100,2018,2019-01-15,15
196966,900196966,SWAV,SWAV-200,2014,2014-09-14,15
196967,900196967,SWAV,SWAV-200,2018,2019-01-06,15
196968,900196968,SWAV,SWAV-100,2021,2022-03-30,15
196969,900196969,DESM,DESM-300,2023,2024-05-23,10
196970,900196970,SWAV,SWAV-300,2023,2024-04-22,15
196971,900196971,DEDR,DEDR-300,2018,2018-09-20,15
196972,900196972,DETM,DETM-300,2017,2018-06-26,10
196973,900196973,DESM,DESM-100,2021,2022-05-14,10
196974,900196974,DEDR,DEDR-100,2015,2015-12-13,15
196976,900196976,DESM,DESM-300,2010,2010-03-11,10
196977,900196977,DETM,DETM-200,2011,2011-09-20,10
196978,900196978,DESM,DESM-100,2012,2013-04-28,10
196979,900196979,DEDR,DEDR-200,2020,2021-09-03,15
196981,900196981,DEDR,DEDR-200,2023,2024-02-02,15
196982,900196982,SWAV,SWAV-200,2017,2018-02-05,15
196983,900196983,DEDR,DEDR-300,2021,2022-03-20,15
196984,900196984,DETM,DETM-300,2023,2024-08-31,10
196985,900196985,DESM,DESM-300,2021,2021-11-05,10
196986,900196986,DEHA,DEHA-200,2018,2019-02-13,15
196987,900196987,DETM,DETM-300,2011,2011-11-13,10
196988,900196988,DESM,DESM-100,2022,2022-09-20,10
196989,900196989,DEDR,DEDR-200,2017,2017-10-10,15
196990,900196990,DETM,DETM-200,2015,2016-09-29,10
196991,900196991,DESM,DESM-300,2012,2013-09-28,10
196992,900196992,DEDR,DEDR-100,2009,2010-01-06,15
196993,900196993,DEHA,DEHA-100,2008,2008-10-29,15
196994,900196994,DETM,DETM-100,2022,2023-01-22,10
196995,900196995,DESM,DESM-200,2014,2015-01-28,10
196996,900196996,DEHA,DEHA-300,2021,2022-02-26,15
196997,900196997,DEDR,DEDR-100,2022,2023-07-10,15
196998,900196998,DETM,DETM-100,2019,2019-10-09,10
196999,900196999,DETM,DETM-200,2018,2019-05-15,10
197000,900197000,DESM,DESM-200,2022,2023-01-15,10
197001,900197001,DEDR,DEDR-100,2008,2008-10-16,15
197002,900197002,DEDR,DEDR-300,2008,2008-04-04,15
197003,900197003,DEMO,DEMO-200,2011,2012-01-01,10
197004,900197004,DEDR,DEDR-200,2022,2023-09-27,15
197016,900197016,SWUR,SWUR-300,2023,2024-01-04,12
197017,900197017,SWUR,SWUR-200,2016,2016-09-15,12
197018,900197018,SWUR,SWUR-200,2023,2024-05-09,12
197019,900197019,SWUR,SWUR-200,2013,2014-05-10,12
197020,900197020,SWUR,SWUR-300,2015,2015-07-14,12
197021,900197021,SWUR,SWUR-300,2017,2017-10-27,12
197022,900197022,SWUR,SWUR-100,2021,2021-09-17,12
197023,900197023,SWUR,SWUR-200,2014,2014-05-19,12
197024,900197024,SWUR,SWUR-100,2009,2009-07-20,12
197031,900197031,ELUP,ELUP-300,2013,2014-03-15,8
197032,900197032,DESM,DESM-300,2010,2010-12-31,10
197033,900197033,DEMC,DEMC-200,2010,2010-05-25,10
197034,900197034,DETM,DETM-100,2023,2023-07-02,10
197035,900197035,DESM,DESM-200,2011,2012-02-03,10
197036,900197036,DEMC,DEMC-200,2017,2017-07-20,10
197037,900197037,DETM,DETM-200,2009,2010-02-14,10
197113,900197113,DEGD,DEGD-300,2021,2021-11-27,10
197114,900197114,DEGD,DEGD-200,2012,2013-05-12,10
197115,900197115,DEGD,DEGD-100,2018,2019-03-03,10
197116,900197116,DEGD,DEGD-200,2019,2019-12-06,10
197119,900197119,DEGD,DEGD-300,2008,2008-04-16,10
197120,900197120,DEGD,DEGD-100,2018,2018-12-19,10
197121,900197121,DEGD,DEGD-200,2012,2013-06-11,10
197124,900197124,DEGD,DEGD-200,2019,2019-10-19,10
197125,900197125,ATFA,ATFA-200,2008,2008-08-22,15
197126,900197126,ATFA,ATFA-300,2022,2022-11-02,15
197127,900197127,ATFA,ATFA-300,2012,2012-11-04,15
197128,900197128,ATFA,ATFA-100,2010,2011-08-28,15
197129,900197129,ATFA,ATFA-300,2011,2012-03-29,15
197130,900197130,ATFA,ATFA-300,2022,2023-03-21,15
197131,900197131,ATFA,ATFA-100,2014,2014-08-18,15
197132,900197132,ATFA,ATFA-300,2015,2016-04-20,15
197133,900197133,ATFA,ATFA-100,2022,2022-09-14,15
197134,900197134,ATFA,ATFA-200,2008,2009-02-15,15
197135,900197135,SWPH,SWPH-200,2011,2011-11-01,12
197136,900197136,SWPH,SWPH-200,2017,2018-09-13,12
197137,900197137,SWPH,SWPH-200,2017,2017-10-07,12
197138,900197138,SWPH,SWPH-300,2012,2013-02-14,12
197139,900197139,SWPH,SWPH-300,2008,2008-04-08,12
197140,900197140,SWPH,SWPH-200,2018,2018-11-17,12
197141,900197141,SWPH,SWPH-100,2014,2015-04-29,12
197142,900197142,SWPH,SWPH-200,2018,2019-03-10,12
197143,900197143,SWPH,SWPH-300,2021,2022-03-19,12
197144,900197144,SWPH,SWPH-200,2010,2011-04-06,12
197145,900197145,SWPH,SWPH-200,2018,2019-06-11,12
197146,900197146,PUCE,PUCE-300,2013,2014-01-08,10
197147,900197147,PUCE,PUCE-200,2017,2017-08-09,10
197148,900197148,PUCE,PUCE-300,2016,2016-10-22,10
197149,900197149,PUCE,PUCE-200,2018,2019-01-28,10
197150,900197150,PUCE,PUCE-200,2009,2010-08-17,10
197152,900197152,SWPH,SWPH-300,2017,2017-07-31,12
197153,900197153,SWPH,SWPH-300,2020,2020-10-15,12
197154,900197154,SWPH,SWPH-100,2009,2010-05-04,12
197155,900197155,SWPH,SWPH-200,2023,2024-06-30,12
197156,900197156,SWPH,SWPH-300,2012,2013-02-25,12
197158,900197158,SWPH,SWPH-300,2009,2009-11-07,12
197159,900197159,SWPH,SWPH-200,2017,2017-09-09,12
197160,900197160,SWPH,SWPH-300,2009,2010-01-03,12
197161,900197161,SWPH,SWPH-100,2015,2015-12-31,12
197162,900197162,SWPH,SWPH-100,2010,2010-09-29,12
197163,900197163,SWPH,SWPH-300,2021,2022-02-20,12
197164,900197164,SWPH,SWPH-300,2019,2020-01-21,12
197167,900197167,SWMS,SWMS-200,2023,2024-06-26,15
197168,900197168,SWMS,SWMS-300,2023,2023-11-25,15
197169,900197169,SWMS,SWMS-100,2017,2017-09-29,15
197170,900197170,SWMS,SWMS-100,2011,2012-06-03,15
197171,900197171,SWMS,SWMS-300,2018,2019-05-23,15
197172,900197172,SWMS,SWMS-300,2016,2017-06-10,15
197173,900197173,SWMS,SWMS-200,2021,2021-12-27,15
197174,900197174,SWMS,SWMS-200,2008,2008-09-27,15
197175,900197175,SWMS,SWMS-200,2014,2014-11-07,15
197176,900197176,SWMS,SWMS-300,2009,2009-12-25,15
197177,900197177,SWMS,SWMS-200,2021,2021-05-28,15
197178,900197178,SWMS,SWMS-100,2012,2012-10-02,15
197179,900197179,SWMS,SWMS-100,2009,2009-08-10,15
197180,900197180,SWMS,SWMS-200,2020,2020-07-15,15
197181,900197181,SWMS,SWMS-100,2013,2013-09-15,15
197183,900197183,SWMS,SWMS-100,2017,2017-10-26,15
197184,900197184,SWMS,SWMS-200,2022,2023-02-24,15
197185,900197185,SWMS,SWMS-200,2019,2019-08-04,15
197186,900197186,SWMS,SWMS-100,2015,2015-12-24,15
197187,900197187,SWMS,SWMS-300,2012,2012-11-19,15
197188,900197188,SWMS,SWMS-300,2023,2024-05-26,15
197189,900197189,SWMS,SWMS-100,2013,2014-05-25,15
197250,900197250,SWUR,SWUR-100,2020,2021-11-09,12
197251,900197251,SWUR,SWUR-200,2010,2010-10-21,12
197252,900197252,SWUR,SWUR-200,2023,2023-08-06,12
197253,900197253,SWUR,SWUR-300,2015,2015-04-10,12
197254,900197254,SWUR,SWUR-300,2020,2020-12-10,12
197255,900197255,SWUR,SWUR-300,2023,2024-02-08,12
197256,900197256,SWUR,SWUR-100,2010,2011-06-23,12
197257,900197257,SWUR,SWUR-100,2017,2017-09-24,12
197258,900197258,SWUR,SWUR-100,2020,2021-04-10,12
197259,900197259,SWUR,SWUR-100,2021,2022-04-24,12
197260,900197260,SWUR,SWUR-100,2018,2018-08-03,12
197261,900197261,SWUR,SWUR-300,2019,2020-01-09,12
197262,900197262,SWUR,SWUR-100,2012,2012-02-08,12
197263,900197263,SWUR,SWUR-100,2021,2022-08-12,12
197264,900197264,SWUR,SWUR-300,2022,2022-10-19,12
197265,900197265,SWUR,SWUR-300,2019,2019-10-15,12
197266,900197266,SWUR,SWUR-100,2021,2021-10-31,12
197267,900197267,SWUR,SWUR-200,2010,2011-01-07,12
197268,900197268,SWUR,SWUR-300,2019,2019-11-25,12
197269,900197269,SWUR,SWUR-200,2019,2020-04-23,12
197270,900197270,SWUR,SWUR-100,2013,2013-12-11,12
197271,900197271,SWUR,SWUR-200,2012,2012-10-28,12
197272,900197272,SWUR,SWUR-200,2019,2019-08-01,12
197273,900197273,SWUR,SWUR-100,2017,2018-03-03,12
197274,900197274,SWUR,SWUR-200,2022,2023-09-06,12
197275,900197275,SWUR,SWUR-200,2023,2024-01-30,12
197276,900197276,SWUR,SWUR-100,2010,2010-09-21,12
197277,900197277,SWUR,SWUR-200,2021,2021-08-09,12
197278,900197278,SWUR,SWUR-300,2012,2012-09-17,12
197279,900197279,SWUR,SWUR-300,2013,2013-04-08,12
197280,900197280,SWUR,SWUR-100,2008,2008-12-08,12
197281,900197281,SWUR,SWUR-100,2016,2017-10-12,12
197282,900197282,SWUR,SWUR-200,2011,2011-04-08,12
197283,900197283,SWUR,SWUR-300,2014,2014-12-24,12
197284,900197284,SWUR,SWUR-300,2021,2022-09-09,12
197285,900197285,SWUR,SWUR-300,2011,2012-07-11,12
197286,900197286,SWUR,SWUR-100,2013,2014-02-22,12
197287,900197287,SWUR,SWUR-300,2019,2020-08-12,12
197288,900197288,SWUR,SWUR-100,2019,2019-08-22,12
197289,900197289,SWUR,SWUR-200,2020,2021-06-03,12
197290,900197290,SWUR,SWUR-100,2019,2019-12-28,12
197291,900197291,SWUR,SWUR-300,2019,2019-09-16,12
197292,900197292,SWUR,SWUR-300,2022,2023-08-13,12
197293,900197293,SWUR,SWUR-100,2020,2020-09-15,12
197294,900197294,SWUR,SWUR-300,2019,2020-02-06,12
197295,900197295,SWUR,SWUR-200,2016,2017-10-22,12
197296,900197296,SWUR,SWUR-100,2022,2023-04-04,12
197297,900197297,SWUR,SWUR-300,2011,2012-07-17,12
197298,900197298,SWUR,SWUR-300,2012,2013-04-13,12
197299,900197299,SWUR,SWUR-100,2019,2020-03-19,12
197300,900197300,SWUR,SWUR-300,2018,2019-01-16,12
197301,900197301,SWUR,SWUR-300,2012,2012-05-28,12
197302,900197302,SWUR,SWUR-200,2023,2023-12-19,12
197303,900197303,SWUR,SWUR-200,2011,2011-03-02,12
197304,900197304,SWUR,SWUR-200,2019,2019-09-23,12
197305,900197305,SWUR,SWUR-100,2015,2016-01-30,12
197306,900197306,SWUR,SWUR-100,2012,2013-01-23,12
197307,900197307,SWUR,SWUR-300,2018,2019-02-16,12
197308,900197308,SWUR,SWUR-300,2017,2017-11-30,12
197309,900197309,SWUR,SWUR-300,2012,2012-10-09,12
197310,900197310,SWUR,SWUR-200,2020,2021-03-08,12
197311,900197311,SWUR,SWUR-100,2010,2010-10-11,12
197312,900197312,SWUR,SWUR-100,2013,2014-07-26,12
197313,900197313,SWUR,SWUR-300,2018,2019-08-18,12
197314,900197314,SWUR,SWUR-300,2014,2014-06-03,12
197315,900197315,SWUR,SWUR-200,2014,2014-12-05,12
197316,900197316,SWUR,SWUR-200,2014,2014-10-20,12
197317,900197317,SWUR,SWUR-100,2016,2016-07-28,12
197318,900197318,SWUR,SWUR-100,2016,2017-07-15,12
197319,900197319,SWUR,SWUR-100,2023,2023-08-27,12
197320,900197320,SWUR,SWUR-300,2019,2020-02-10,12
197321,900197321,SWUR,SWUR-200,2021,2021-09-10,12
197322,900197322,SWUR,SWUR-200,2023,2023-07-20,12
197323,900197323,SWUR,SWUR-100,2020,2020-03-24,12
197324,900197324,SWUR,SWUR-300,2021,2022-06-21,12
197325,900197325,SWUR,SWUR-200,2009,2009-07-28,12
197326,900197326,SWUR,SWUR-300,2018,2019-03-08,12
197327,900197327,SWUR,SWUR-300,2022,2022-05-19,12
197328,900197328,SWUR,SWUR-300,2021,2022-06-28,12
197329,900197329,SWUR,SWUR-300,2020,2021-10-19,12
197330,900197330,SWUR,SWUR-200,2017,2017-08-25,12
197331,900197331,SWUR,SWUR-100,2014,2015-07-09,12
197332,900197332,SWUR,SWUR-300,2016,2017-03-18,12
197333,900197333,SWUR,SWUR-100,2008,2008-10-01,12
197334,900197334,SWUR,SWUR-100,2022,2022-09-26,12
197335,900197335,SWUR,SWUR-300,2019,2019-03-23,12
197336,900197336,SWUR,SWUR-100,2011,2012-06-26,12
197337,900197337,SWUR,SWUR-200,2008,2008-12-09,12
197338,900197338,SWUR,SWUR-200,2019,2020-04-25,12
197339,900197339,SWUR,SWUR-300,2014,2014-09-24,12
197340,900197340,SWUR,SWUR-100,2013,2013-06-22,12
197341,900197341,SWUR,SWUR-100,2014,2014-12-17,12
197342,900197342,SWUR,SWUR-100,2013,2014-04-08,12
197343,900197343,SWUR,SWUR-300,2020,2021-02-06,12
197344,900197344,SWUR,SWUR-200,2022,2022-11-27,12
197345,900197345,SWUR,SWUR-200,2008,2009-03-05,12
197346,900197346,SWUR,SWUR-200,2021,2021-11-05,12
197347,900197347,SWUR,SWUR-100,2020,2021-02-12,12
197348,900197348,SWUR,SWUR-200,2014,2014-04-01,12
197349,900197349,SWUR,SWUR-300,2016,2016-12-08,12
197350,900197350,SWUR,SWUR-300,2009,2009-08-07,12
197351,900197351,SWUR,SWUR-100,2008,2009-03-05,12
197352,900197352,SWUR,SWUR-300,2010,2010-09-09,12
197353,900197353,SWUR,SWUR-100,2013,2014-08-24,12
197354,900197354,SWUR,SWUR-300,2008,2009-04-20,12
197355,900197355,SWUR,SWUR-100,2016,2016-12-17,12
197356,900197356,SWUR,SWUR-200,2014,2015-06-28,12
197357,900197357,SWUR,SWUR-200,2023,2024-08-16,12
197358,900197358,SWUR,SWUR-100,2020,2020-10-17,12
197359,900197359,SWUR,SWUR-300,2021,2022-03-23,12
197360,900197360,SWUR,SWUR-200,2021,2021-12-27,12
197361,900197361,SWUR,SWUR-300,2020,2021-08-28,12
197362,900197362,SWUR,SWUR-300,2017,2017-10-13,12
197363,900197363,SWUR,SWUR-100,2011,2012-01-05,12
197364,900197364,SWUR,SWUR-200,2019,2020-09-05,12
197365,900197365,SWUR,SWUR-300,2015,2016-03-08,12
197366,900197366,SWUR,SWUR-200,2016,2017-02-13,12
197367,900197367,SWUR,SWUR-100,2020,2021-04-03,12
197368,900197368,SWUR,SWUR-100,2023,2023-07-01,12
197369,900197369,SWUR,SWUR-200,2018,2019-01-31,12
197370,900197370,SWUR,SWUR-200,2016,2017-05-09,12
197371,900197371,SWUR,SWUR-300,2009,2010-01-01,12
197372,900197372,SWUR,SWUR-100,2017,2017-09-07,12
197373,900197373,SWUR,SWUR-100,2016,2016-02-01,12
197374,900197374,SWUR,SWUR-200,2012,2013-01-08,12
197375,900197375,SWUR,SWUR-200,2013,2014-01-27,12
197376,900197376,SWUR,SWUR-200,2008,2008-07-14,12
197377,900197377,SWUR,SWUR-200,2022,2022-10-09,12
197378,900197378,SWUR,SWUR-200,2008,2009-07-08,12
197379,900197379,SWUR,SWUR-200,2008,2008-07-28,12
197380,900197380,SWUR,SWUR-100,2016,2017-09-28,12
197381,900197381,SWUR,SWUR-300,2017,2017-12-10,12
197382,900197382,SWUR,SWUR-200,2021,2022-03-12,12
197383,900197383,SWUR,SWUR-200,2009,2009-04-20,12
197384,900197384,SWUR,SWUR-300,2020,2021-10-24,12
197385,900197385,SWUR,SWUR-300,2013,2013-06-13,12
197386,900197386,SWUR,SWUR-100,2011,2012-02-27,12
197387,900197387,SWUR,SWUR-100,2016,2017-02-21,12
197388,900197388,SWUR,SWUR-100,2011,2011-06-24,12
197389,900197389,SWUR,SWUR-300,2013,2014-04-01,12
197390,900197390,SWUR,SWUR-100,2008,2009-07-18,12
197391,900197391,SWUR,SWUR-300,2023,2024-08-24,12
197392,900197392,SWUR,SWUR-200,2019,2019-11-10,12
197393,900197393,SWUR,SWUR-300,2021,2021-12-15,12
197394,900197394,SWUR,SWUR-300,2020,2021-10-01,12
197395,900197395,SWUR,SWUR-300,2020,2021-02-26,12
197396,900197396,SWUR,SWUR-300,2021,2022-02-06,12
197413,900197413,SWMS,SWMS-300,2009,2009-06-02,15
197414,900197414,ATFA,ATFA-200,2008,2009-03-27,15
197717,900197717,DEMO,DEMO-300,2014,2015-01-23,10
197718,900197718,DEMO,DEMO-100,2018,2018-08-23,10
197719,900197719,DESM,DESM-100,2017,2018-04-03,10
197720,900197720,DEGL,DEGL-300,2018,2019-03-30,10
197721,900197721,DEMO,DEMO-200,2019,2020-06-18,10
197722,900197722,DEDR,DEDR-300,2013,2014-03-20,15
197723,900197723,DEDR,DEDR-300,2019,2020-03-03,15
197729,900197729,DEMO,DEMO-200,2013,2014-04-07,10
197979,900197979,DEMO,DEMO-100,2009,2010-01-25,10
197980,900197980,DETM,DETM-200,2009,2009-08-17,10
197981,900197981,DEMO,DEMO-300,2023,2023-10-06,10
197982,900197982,DETM,DETM-100,2011,2011-11-03,10
197983,900197983,DEMO,DEMO-200,2008,2008-11-27,10
197984,900197984,DETM,DETM-200,2020,2020-12-23,10
197985,900197985,DEMO,DEMO-300,2023,2023-04-14,10
197986,900197986,DETM,DETM-200,2022,2023-03-29,10
198148,900198148,SWAV,SWAV-200,2014,2015-05-15,15
209982,900209982,DEGD,DEGD-100,2019,2020-05-03,10
209984,900209984,DEDR,DEDR-200,2016,2017-01-25,15
209985,900209985,DEMO,DEMO-200,2015,2015-07-03,10
209986,900209986,DEMC,DEMC-100,2009,2010-07-07,10
209987,900209987,DEDR,DEDR-200,2023,2023-05-16,15
209988,900209988,DEGL,DEGL-200,2020,2021-01-09,10
209989,900209989,DEMO,DEMO-200,2014,2015-04-15,10
209990,900209990,DEMC,DEMC-300,2012,2013-01-17,10
209991,900209991,DESM,DESM-100,2015,2016-07-09,10
210314,900210314,DEDR,DEDR-300,2018,2019-04-29,15
210587,900210587,DEMO,DEMO-300,2022,2022-06-12,10
210589,900210589,DEMO,DEMO-300,2019,2019-11-22,10
210643,900210643,PUCE,PUCE-300,2012,2013-03-20,10
210644,900210644,PUCE,PUCE-300,2013,2013-02-17,10
211784,900211784,DEFL,DEFL-200,2018,2019-05-20,10
212075,900212075,DEDR,DEDR-300,2018,2018-06-16,15
212076,900212076,ELUP,ELUP-300,2016,2017-03-29,8
212077,900212077,DEDR,DEDR-100,2008,2008-12-23,15
212078,900212078,ELUP,ELUP-200,2009,2009-12-28,8
212081,900212081,DEDR,DEDR-200,2019,2020-07-04,15
212082,900212082,DEDR,DEDR-100,2013,2013-06-02,15
212083,900212083,DEMO,DEMO-100,2010,2011-05-02,10
212084,900212084,DEDR,DEDR-300,2023,2024-03-18,15
212085,900212085,DESM,DESM-300,2009,2010-02-07,10
212086,900212086,DEMO,DEMO-100,2022,2022-09-14,10
212087,900212087,DESM,DESM-300,2018,2018-12-20,10
212093,900212093,DEDR,DEDR-100,2019,2020-09-26,15
212094,900212094,DEMO,DEMO-200,2018,2018-11-01,10
212095,900212095,DESM,DESM-200,2016,2017-02-06,10
212096,900212096,DESM,DESM-200,2023,2024-07-12,10
212097,900212097,DESM,DESM-100,2010,2011-04-06,10
212103,900212103,DEMO,DEMO-100,2020,2021-04-24,10
212104,900212104,DETM,DETM-200,2013,2014-06-25,10
212105,900212105,DEDR,DEDR-300,2020,2021-01-09,15
212106,900212106,DEFL,DEFL-100,2011,2012-08-25,10
212107,900212107,DEMO,DEMO-300,2022,2022-04-24,10
212108,900212108,DESM,DESM-200,2009,2010-07-26,10
212114,900212114,SWAV,SWAV-200,2021,2022-09-01,15
212115,900212115,DEMO,DEMO-300,2012,2012-10-13,10
212116,900212116,DETM,DETM-200,2018,2019-07-12,10
212117,900212117,DESM,DESM-300,2019,2019-05-19,10
212118,900212118,DEDR,DEDR-100,2017,2017-09-09,15
212119,900212119,DESM,DESM-300,2017,2018-01-14,10
212125,900212125,DESM,DESM-300,2009,2009-09-18,10
212126,900212126,DESM,DESM-300,2023,2024-03-07,10
212127,900212127,DESM,DESM-200,2014,2015-04-03,10
212133,900212133,DEMO,DEMO-100,2019,2019-05-28,10
212134,900212134,DETM,DETM-200,2011,2011-09-15,10
212135,900212135,DEDR,DEDR-200,2023,2023-09-14,15
212136,900212136,DESM,DESM-100,2015,2016-10-26,10
212142,900212142,SWAV,SWAV-100,2014,2014-04-01,15
212143,900212143,DEMO,DEMO-100,2018,2019-01-16,10
212144,900212144,DETM,DETM-200,2014,2014-09-14,10
212145,900212145,DESM,DESM-200,2022,2022-11-26,10
212146,900212146,DEDR,DEDR-300,2017,2017-08-15,15
212147,900212147,DESM,DESM-300,2015,2016-04-24,10
212148,900212148,DESM,DESM-100,2012,2012-12-28,10
212154,900212154,DEMO,DEMO-100,2016,2016-06-26,10
212155,900212155,DETM,DETM-300,2009,2010-09-18,10
212156,900212156,DESM,DESM-100,2010,2010-08-23,10
212157,900212157,DEMO,DEMO-200,2015,2015-10-02,10
212163,900212163,DESM,DESM-200,2023,2024-06-10,10
212164,900212164,DESM,DESM-200,2018,2019-06-05,10
212165,900212165,DESM,DESM-200,2017,2018-01-10,10
212171,900212171,SWAV,SWAV-300,2008,2008-12-13,15
212172,900212172,DEMO,DEMO-200,2014,2015-02-16,10
212173,900212173,DESM,DESM-100,2013,2013-12-20,10
212174,900212174,DEDR,DEDR-100,2008,2009-02-14,15
212175,900212175,DEMO,DEMO-200,2017,2017-10-26,10
212176,900212176,DEDR,DEDR-300,2013,2013-10-14,15
212177,900212177,DESM,DESM-200,2008,2008-08-27,10
212178,900212178,DESM,DESM-100,2013,2014-03-11,10
212184,900212184,DEMO,DEMO-100,2009,2010-10-31,10
212185,900212185,DETM,DETM-300,2022,2022-05-08,10
212186,900212186,DEHA,DEHA-200,2015,2016-02-08,15
212187,900212187,DEDR,DEDR-100,2009,2009-11-30,15
212188,900212188,DEHA,DEHA-200,2009,2009-06-11,15
212189,900212189,DESM,DESM-100,2019,2019-08-11,10
212190,900212190,DESM,DESM-200,2023,2023-06-30,10
212194,900212194,SWAV,SWAV-300,2008,2009-05-21,15
212195,900212195,DEMO,DEMO-300,2015,2015-11-13,10
212196,900212196,DETM,DETM-100,2014,2015-08-31,10
212197,900212197,DESM,DESM-200,2015,2015-05-23,10
212198,900212198,DEDR,DEDR-100,2014,2014-08-31,15
212199,900212199,DESM,DESM-200,2011,2011-10-16,10
212205,900212205,DEHA,DEHA-100,2020,2020-11-13,15
212206,900212206,DESM,DESM-100,2010,2010-11-06,10
212207,900212207,DESM,DESM-100,2021,2021-12-04,10
212208,900212208,DESM,DESM-100,2014,2014-04-07,10
212209,900212209,DESM,DESM-300,2010,2011-01-16,10
212215,900212215,SWAV,SWAV-200,2009,2010-03-17,15
212216,900212216,DEMO,DEMO-200,2017,2017-04-22,10
212217,900212217,DEDR,DEDR-100,2011,2011-05-30,15
212218,900212218,DEMO,DEMO-200,2018,2019-02-23,10
212219,900212219,DEHA,DEHA-200,2010,2010-04-05,15
212221,900212221,DESM,DESM-300,2022,2023-10-25,10
212222,900212222,DESM,DESM-200,2009,2009-12-18,10
212228,900212228,DESM,DESM-100,2023,2023-12-09,10
212229,900212229,DESM,DESM-300,2017,2017-07-27,10
212235,900212235,SWAV,SWAV-300,2015,2015-10-28,15
212236,900212236,DEMO,DEMO-100,2019,2019-11-02,10
212237,900212237,DEDR,DEDR-300,2011,2012-07-10,15
212238,900212238,DEMO,DEMO-300,2015,2015-06-09,10
212240,900212240,DESM,DESM-300,2019,2020-09-24,10
212241,900212241,DESM,DESM-100,2021,2021-09-27,10
212247,900212247,DEMO,DEMO-200,2022,2022-07-27,10
212248,900212248,DETM,DETM-200,2016,2016-10-30,10
212249,900212249,DEDR,DEDR-300,2015,2015-11-25,15
212250,900212250,DESM,DESM-300,2015,2015-07-03,10
212251,900212251,DESM,DESM-100,2016,2017-04-05,10
212257,900212257,DEHA,DEHA-300,2018,2018-05-18,15
212259,900212259,DESM,DESM-300,2015,2015-06-15,10
212260,900212260,DESM,DESM-100,2010,2010-12-12,10
212261,900212261,DESM,DESM-300,2017,2017-05-24,10
212266,900212266,DEDR,DEDR-100,2015,2015-10-29,15
212268,900212268,DESM,DESM-300,2014,2015-04-19,10
212269,900212269,DESM,DESM-100,2021,2021-06-07,10
212275,900212275,DEDR,DEDR-100,2018,2018-12-08,15
212276,900212276,ELUP,ELUP-100,2022,2023-09-06,8
212282,900212282,SWAV,SWAV-200,2010,2011-01-18,15
212283,900212283,DEMO,DEMO-100,2012,2013-09-09,10
212284,900212284,DETM,DETM-300,2017,2018-11-01,10
212285,900212285,DESM,DESM-300,2010,2010-06-19,10
212286,900212286,DEDR,DEDR-200,2021,2022-01-11,15
212287,900212287,DESM,DESM-300,2016,2016-11-03,10
212293,900212293,DEMO,DEMO-100,2022,2023-04-26,10
212294,900212294,DETM,DETM-300,2012,2013-01-21,10
212296,900212296,DEDR,DEDR-100,2011,2011-08-02,15
212297,900212297,DESM,DESM-200,2014,2014-12-09,10
212305,900212305,DESM,DESM-300,2015,2015-05-31,10
212306,900212306,DESM,DESM-100,2011,2012-03-20,10
212307,900212307,DESM,DESM-300,2022,2022-04-25,10
212309,900212309,DESM,DESM-300,2009,2010-04-17,10
212314,900212314,DEHA,DEHA-100,2018,2019-03-16,15
212318,900212318,DESM,DESM-100,2020,2021-03-19,10
212319,900212319,DESM,DESM-200,2015,2015-07-01,10
212325,900212325,SWAV,SWAV-300,2023,2024-03-18,15
212326,900212326,DEMO,DEMO-200,2023,2024-03-22,10
212327,900212327,DESM,DESM-200,2020,2021-05-31,10
212328,900212328,DEDR,DEDR-100,2015,2015-03-10,15
212329,900212329,DESM,DESM-300,2015,2015-07-23,10
212330,900212330,DESM,DESM-300,2008,2008-07-14,10
212336,900212336,DEMO,DEMO-100,2021,2022-02-10,10
212337,900212337,DEDR,DEDR-300,2010,2010-12-15,15
212338,900212338,DESM,DESM-300,2014,2014-08-18,10
212339,900212339,DESM,DESM-100,2017,2017-07-29,10
212347,900212347,DESM,DESM-300,2010,2011-03-23,10
212348,900212348,DESM,DESM-100,2009,2010-03-12,10
212349,900212349,DESM,DESM-300,2008,2008-05-24,10
212350,900212350,DESM,DESM-300,2022,2022-07-14,10
212356,900212356,SWAV,SWAV-200,2010,2010-09-08,15
212357,900212357,DEMO,DEMO-300,2018,2019-03-06,10
212358,900212358,DESM,DESM-300,2021,2021-07-09,10
212359,900212359,DEDR,DEDR-100,2011,2011-12-16,15
212360,900212360,DEMO,DEMO-200,2015,2015-11-28,10
212361,900212361,DEFL,DEFL-100,2011,2012-02-10,10
212362,900212362,DETM,DETM-200,2023,2023-10-19,10
212363,900212363,DESM,DESM-200,2021,2022-01-10,10
212364,900212364,DESM,DESM-300,2010,2010-08-18,10
212370,900212370,DEMO,DEMO-300,2008,2008-06-20,10
212371,900212371,DEDR,DEDR-100,2017,2017-10-14,15
212372,900212372,DESM,DESM-100,2008,2008-04-02,10
212378,900212378,DESM,DESM-200,2008,2009-09-28,10
212379,900212379,DESM,DESM-300,2008,2009-07-14,10
212380,900212380,DESM,DESM-100,2020,2020-09-17,10
212386,900212386,DEDR,DEDR-300,2020,2021-03-12,15
212387,900212387,ELUP,ELUP-100,2012,2013-01-18,8
212388,900212388,SWAV,SWAV-100,2009,2009-11-06,15
212389,900212389,DEMO,DEMO-100,2018,2019-09-25,10
212390,900212390,DETM,DETM-300,2015,2015-07-23,10
212391,900212391,DESM,DESM-200,2022,2022-12-30,10
212392,900212392,DEDR,DEDR-100,2023,2023-07-24,15
212393,900212393,DEDR,DEDR-300,2022,2022-09-28,15
212399,900212399,DEMO,DEMO-100,2019,2020-03-30,10
212400,900212400,DETM,DETM-100,2009,2009-12-18,10
212401,900212401,DEHA,DEHA-300,2020,2021-06-23,15
212402,900212402,DEDR,DEDR-200,2011,2011-10-10,15
212403,900212403,DEHA,DEHA-100,2012,2012-11-20,15
212404,900212404,DESM,DESM-100,2011,2012-03-09,10
212405,900212405,DESM,DESM-300,2009,2010-04-16,10
212406,900212406,DESM,DESM-100,2019,2020-03-04,10
212412,900212412,DESM,DESM-300,2009,2009-09-18,10
212413,900212413,DESM,DESM-100,2009,2009-12-02,10
212414,900212414,DESM,DESM-300,2013,2014-06-02,10
212415,900212415,DESM,DESM-300,2010,2010-10-13,10
212421,900212421,SWAV,SWAV-200,2013,2014-01-09,15
212422,900212422,DEMO,DEMO-300,2008,2008-10-02,10
212423,900212423,DETM,DETM-200,2012,2012-10-16,10
212424,900212424,DESM,DESM-100,2016,2017-01-30,10
212425,900212425,DEDR,DEDR-200,2008,2008-06-10,15
212426,900212426,DESM,DESM-200,2008,2009-01-25,10
212427,900212427,DESM,DESM-100,2013,2013-05-09,10
212433,900212433,DEMO,DEMO-100,2013,2013-11-02,10
212434,900212434,DETM,DETM-100,2018,2018-10-03,10
212435,900212435,DEDR,DEDR-200,2016,2016-02-24,15
212436,900212436,DESM,DESM-200,2008,2009-04-03,10
212437,900212437,DESM,DESM-300,2017,2017-12-12,10
212443,900212443,DESM,DESM-200,2022,2022-07-11,10
212444,900212444,DESM,DESM-100,2015,2016-09-27,10
212445,900212445,DESM,DESM-300,2019,2019-05-08,10
212446,900212446,DESM,DESM-300,2020,2020-06-06,10
212452,900212452,SWAV,SWAV-200,2008,2008-08-08,15
212453,900212453,DEMO,DEMO-300,2023,2023-07-22,10
212454,900212454,DETM,DETM-100,2016,2016-05-13,10
212455,900212455,DESM,DESM-300,2009,2009-09-16,10
212456,900212456,DEDR,DEDR-200,2009,2010-09-11,15
212457,900212457,DESM,DESM-300,2015,2015-06-18,10
212458,900212458,DESM,DESM-300,2018,2019-09-21,10
212464,900212464,DEMO,DEMO-300,2019,2019-06-16,10
212465,900212465,DETM,DETM-300,2021,2021-12-10,10
212466,900212466,DEMO,DEMO-100,2021,2021-08-31,10
212467,900212467,DEDR,DEDR-100,2015,2016-04-15,15
212468,900212468,DESM,DESM-200,2017,2018-10-11,10
212469,900212469,DESM,DESM-300,2014,2015-03-11,10
212474,900212474,SWAV,SWAV-300,2023,2024-09-02,15
212475,900212475,DEMO,DEMO-200,2021,2021-09-29,10
212476,900212476,DETM,DETM-200,2009,2009-07-26,10
212477,900212477,DESM,DESM-200,2009,2010-03-29,10
212478,900212478,DEDR,DEDR-100,2016,2016-09-26,15
212479,900212479,DESM,DESM-100,2010,2010-11-21,10
212480,900212480,DESM,DESM-200,2008,2008-11-18,10
212481,900212481,DEDR,DEDR-200,2012,2013-01-02,15
212487,900212487,DEMO,DEMO-200,2020,2021-05-28,10
212488,900212488,DETM,DETM-200,2011,2011-07-18,10
212490,900212490,DEFL,DEFL-300,2016,2017-03-12,10
212491,900212491,DESM,DESM-100,2009,2009-12-04,10
212492,900212492,DESM,DESM-300,2008,2009-02-12,10
212499,900212499,DEFL,DEFL-200,2010,2010-12-22,10
212500,900212500,DESM,DESM-300,2012,2012-09-07,10
212501,900212501,DESM,DESM-200,2019,2019-10-18,10
212502,900212502,DESM,DESM-100,2011,2012-09-14,10
212503,900212503,DESM,DESM-200,2023,2023-10-31,10
212509,900212509,SWAV,SWAV-300,2012,2012-12-24,15
212510,900212510,DEMO,DEMO-100,2016,2016-06-14,10
212511,900212511,DETM,DETM-100,2019,2020-01-25,10
212512,900212512,DESM,DESM-200,2010,2010-06-04,10
212513,900212513,DEDR,DEDR-200,2012,2012-03-11,15
212514,900212514,DEMO,DEMO-300,2008,2008-08-06,10
212515,900212515,DESM,DESM-200,2016,2017-04-17,10
212516,900212516,DESM,DESM-100,2009,2009-09-13,10
212522,900212522,DEMO,DEMO-200,2016,2016-10-17,10
212525,900212525,DESM,DESM-200,2018,2019-04-06,10
212526,900212526,DESM,DESM-300,2012,2013-04-18,10
212545,900212545,SWAV,SWAV-200,2011,2012-09-27,15
212546,900212546,DEMO,DEMO-200,2016,2016-02-19,10
212547,900212547,DEDR,DEDR-100,2020,2020-10-17,15
212549,900212549,DESM,DESM-100,2017,2018-03-14,10
212550,900212550,DESM,DESM-300,2014,2014-07-16,10
212551,900212551,DESM,DESM-300,2022,2022-12-31,10
212557,900212557,DEFL,DEFL-100,2022,2022-12-06,10
212559,900212559,DESM,DESM-200,2023,2024-04-22,10
212560,900212560,DESM,DESM-200,2023,2023-11-12,10
212566,900212566,SWAV,SWAV-200,2016,2017-01-14,15
212567,900212567,DEMO,DEMO-100,2019,2020-09-13,10
212568,900212568,DESM,DESM-100,2014,2015-02-20,10
212569,900212569,DEDR,DEDR-100,2022,2023-04-04,15
212570,900212570,DETM,DETM-200,2008,2009-01-27,10
212571,900212571,DETM,DETM-200,2015,2015-11-21,10
212572,900212572,DEDR,DEDR-100,2015,2016-04-26,15
212573,900212573,DESM,DESM-300,2023,2024-01-13,10
212574,900212574,DESM,DESM-200,2019,2019-12-15,10
212580,900212580,DESM,DESM-300,2014,2015-04-15,10
212581,900212581,DESM,DESM-200,2015,2016-08-30,10
212582,900212582,DESM,DESM-100,2021,2022-01-19,10
212583,900212583,DESM,DESM-200,2009,2010-02-17,10
212589,900212589,DESM,DESM-200,2012,2012-05-24,10
212590,900212590,DESM,DESM-200,2021,2022-01-17,10
212591,900212591,DESM,DESM-300,2019,2019-11-05,10
212592,900212592,DESM,DESM-100,2016,2017-04-15,10
212598,900212598,SWAV,SWAV-100,2016,2017-10-03,15
212599,900212599,DEMO,DEMO-300,2020,2021-07-26,10
212600,900212600,DETM,DETM-300,2008,2009-05-15,10
212601,900212601,DEDR,DEDR-100,2023,2024-03-25,15
212602,900212602,DEMO,DEMO-100,2011,2011-07-04,10
212603,900212603,DETM,DETM-300,2009,2009-06-07,10
212604,900212604,DESM,DESM-200,2008,2008-11-18,10
212605,900212605,DESM,DESM-100,2020,2021-06-12,10
212612,900212612,DESM,DESM-300,2014,2014-07-25,10
212613,900212613,DESM,DESM-200,2011,2011-06-20,10
212614,900212614,DESM,DESM-300,2021,2021-06-19,10
212620,900212620,DESM,DESM-300,2017,2017-12-02,10
212621,900212621,DESM,DESM-100,2014,2014-12-29,10
212622,900212622,DESM,DESM-100,2008,2008-11-17,10
212628,900212628,DETM,DETM-200,2017,2018-11-18,10
212629,900212629,DETM,DETM-300,2013,2013-10-15,10
212630,900212630,DEDR,DEDR-300,2015,2015-04-22,15
212634,900212634,DESM,DESM-100,2014,2015-08-12,10
212635,900212635,DESM,DESM-300,2017,2017-08-25,10
212641,900212641,DEDR,DEDR-200,2022,2022-11-12,15
212642,900212642,ELUP,ELUP-100,2019,2019-08-12,8
212643,900212643,DESM,DESM-200,2020,2020-08-07,10
212644,900212644,DEDR,DEDR-200,2013,2013-04-20,15
212645,900212645,SWAV,SWAV-200,2011,2012-06-24,15
212646,900212646,DEMO,DEMO-200,2019,2020-04-09,10
212647,900212647,DEDR,DEDR-100,2010,2011-01-02,15
212648,900212648,DEMO,DEMO-200,2021,2021-12-23,10
212654,900212654,DEMO,DEMO-300,2015,2016-09-30,10
212657,900212657,DESM,DESM-100,2016,2016-04-19,10
212658,900212658,DESM,DESM-300,2021,2022-08-10,10
212663,900212663,DEMO,DEMO-200,2008,2009-02-13,10
212664,900212664,DETM,DETM-100,2021,2022-06-11,10
212665,900212665,DEDR,DEDR-200,2012,2013-04-21,15
212666,900212666,DESM,DESM-200,2018,2018-10-31,10
212670,900212670,SWAV,SWAV-100,2015,2015-11-12,15
212671,900212671,DEMO,DEMO-100,2009,2010-02-28,10
212672,900212672,DETM,DETM-200,2019,2020-01-03,10
212673,900212673,DESM,DESM-300,2021,2021-11-18,10
212679,900212679,DESM,DESM-200,2012,2013-11-12,10
212680,900212680,DESM,DESM-100,2016,2017-03-20,10
212681,900212681,DESM,DESM-200,2016,2017-04-27,10
212682,900212682,DESM,DESM-100,2016,2016-12-26,10
212684,900212684,DEMO,DEMO-200,2017,2017-05-01,10
212692,900212692,DESM,DESM-300,2023,2024-04-06,10
212693,900212693,DESM,DESM-200,2010,2010-09-18,10
212699,900212699,DETM,DETM-100,2023,2024-07-14,10
212700,900212700,DETM,DETM-200,2014,2015-04-04,10
212701,900212701,DEDR,DEDR-100,2022,2023-07-15,15
212702,900212702,DESM,DESM-300,2009,2010-07-12,10
212703,900212703,DESM,DESM-200,2008,2008-08-10,10
212704,900212704,DESM,DESM-300,2014,2014-07-15,10
212710,900212710,SWAV,SWAV-300,2012,2013-07-28,15
212711,900212711,DEMO,DEMO-200,2019,2020-05-08,10
212712,900212712,DESM,DESM-100,2023,2023-07-04,10
212713,900212713,DEDR,DEDR-100,2013,2013-11-20,15
212714,900212714,DEMO,DEMO-300,2012,2012-12-18,10
212721,900212721,DEMO,DEMO-300,2018,2018-11-26,10
212724,900212724,DESM,DESM-300,2009,2010-07-08,10
212725,900212725,DESM,DESM-300,2009,2009-09-04,10
212726,900212726,DESM,DESM-100,2014,2015-02-04,10
212727,900212727,DESM,DESM-100,2011,2012-02-14,10
212733,900212733,DEMO,DEMO-200,2008,2009-07-22,10
212734,900212734,DETM,DETM-200,2020,2021-03-15,10
212735,900212735,DEMO,DEMO-100,2010,2011-08-16,10
212736,900212736,DESM,DESM-100,2023,2023-11-06,10
212737,900212737,DESM,DESM-300,2020,2021-01-21,10
212738,900212738,DESM,DESM-300,2022,2023-01-12,10
212739,900212739,DEDR,DEDR-300,2021,2021-03-30,15
212745,900212745,DESM,DESM-300,2018,2018-09-04,10
212746,900212746,SWAV,SWAV-100,2013,2013-06-03,15
212747,900212747,DEMO,DEMO-200,2020,2020-11-17,10
212748,900212748,DESM,DESM-300,2021,2021-10-14,10
212749,900212749,DESM,DESM-300,2010,2011-04-20,10
212755,900212755,DEDR,DEDR-200,2018,2018-12-11,15
212756,900212756,ELUP,ELUP-300,2018,2019-02-02,8
212757,900212757,DEHA,DEHA-100,2011,2011-05-16,15
212758,900212758,DESM,DESM-200,2017,2017-07-12,10
212759,900212759,DEDR,DEDR-100,2023,2023-08-04,15
212760,900212760,SWAV,SWAV-300,2016,2017-06-13,15
212761,900212761,DEMO,DEMO-200,2021,2021-06-28,10
212762,900212762,DESM,DESM-100,2015,2016-04-08,10
212763,900212763,DEDR,DEDR-300,2009,2010-07-03,15
212767,900212767,DEMO,DEMO-300,2010,2011-08-30,10
212768,900212768,DEFL,DEFL-300,2023,2024-11-12,10
212769,900212769,DEDR,DEDR-300,2011,2011-10-11,15
212770,900212770,DEDR,DEDR-300,2010,2010-12-05,15
212771,900212771,DETM,DETM-200,2019,2019-10-08,10
212773,900212773,DESM,DESM-200,2012,2012-06-14,10
212774,900212774,DESM,DESM-100,2012,2013-01-18,10
212780,900212780,DESM,DESM-300,2017,2017-12-09,10
212781,900212781,DESM,DESM-100,2013,2013-12-05,10
212782,900212782,DESM,DESM-200,2023,2024-02-04,10
212783,900212783,DESM,DESM-100,2022,2023-01-24,10
212789,900212789,DEDR,DEDR-300,2013,2013-10-21,15
212790,900212790,DEDR,DEDR-200,2018,2019-02-01,15
212791,900212791,DESM,DESM-200,2010,2011-02-05,10
212792,900212792,SWAV,SWAV-100,2022,2023-08-18,15
212793,900212793,DEMO,DEMO-100,2009,2009-08-15,10
212794,900212794,DESM,DESM-100,2013,2013-09-29,10
212795,900212795,DEDR,DEDR-300,2010,2011-06-17,15
212796,900212796,DEMO,DEMO-300,2023,2024-01-18,10
212802,900212802,DESM,DESM-100,2012,2013-06-01,10
212803,900212803,DESM,DESM-300,2023,2023-07-10,10
212804,900212804,DESM,DESM-100,2008,2009-08-10,10
212810,900212810,DESM,DESM-200,2023,2023-10-05,10
212811,900212811,DESM,DESM-200,2011,2012-05-21,10
212812,900212812,DESM,DESM-200,2018,2019-04-18,10
212818,900212818,DEMO,DEMO-200,2019,2020-04-14,10
212819,900212819,DEMO,DEMO-100,2016,2016-09-16,10
212820,900212820,DEHA,DEHA-100,2008,2008-10-29,15
212821,900212821,DESM,DESM-200,2009,2010-02-17,10
212822,900212822,DESM,DESM-100,2009,2010-02-19,10
212828,900212828,SWAV,SWAV-200,2018,2018-04-20,15
212829,900212829,DEMO,DEMO-200,2017,2017-10-06,10
212830,900212830,DESM,DESM-100,2013,2013-06-08,10
212836,900212836,SWPH,SWPH-200,2008,2008-04-28,12
212838,900212838,SWPH,SWPH-300,2011,2012-01-05,12
212840,900212840,SWPH,SWPH-200,2023,2023-12-02,12
212842,900212842,SWPH,SWPH-100,2023,2023-05-31,12
212844,900212844,SWPH,SWPH-100,2016,2016-06-03,12
212845,900212845,SWMS,SWMS-100,2021,2021-06-15,15
212847,900212847,ATFA,ATFA-300,2019,2020-04-28,15
212848,900212848,SWPH,SWPH-300,2014,2015-01-12,12
212849,900212849,SWPH,SWPH-200,2010,2011-04-28,12
212850,900212850,SWMS,SWMS-300,2013,2014-11-27,15
212852,900212852,SWPH,SWPH-100,2012,2012-08-22,12
212853,900212853,SWPH,SWPH-300,2014,2015-06-08,12
212854,900212854,SWMS,SWMS-200,2012,2013-05-02,15
212856,900212856,ATFA,ATFA-100,2012,2012-09-18,15
212857,900212857,SWPH,SWPH-200,2012,2013-04-05,12
212858,900212858,SWPH,SWPH-300,2010,2011-07-16,12
212859,900212859,SWMS,SWMS-300,2022,2023-01-26,15
212862,900212862,ATFA,ATFA-300,2009,2009-05-21,15
212863,900212863,SWMS,SWMS-200,2009,2009-03-01,15
212865,900212865,SWPH,SWPH-300,2012,2013-05-10,12
212867,900212867,ATFA,ATFA-300,2021,2021-10-23,15
212868,900212868,SWMS,SWMS-300,2008,2008-08-23,15
212870,900212870,SWPH,SWPH-200,2018,2019-02-02,12
212872,900212872,ATFA,ATFA-200,2015,2016-05-09,15
212873,900212873,SWMS,SWMS-100,2020,2020-07-12,15
212875,900212875,SWPH,SWPH-100,2021,2022-03-14,12
212876,900212876,SWPH,SWPH-300,2019,2019-10-27,12
212878,900212878,SWPH,SWPH-100,2012,2012-09-09,12
212880,900212880,SWPH,SWPH-100,2011,2011-07-21,12
212882,900212882,SWPH,SWPH-200,2013,2014-01-27,12
212883,900212883,ATFA,ATFA-200,2017,2017-10-22,15
212884,900212884,SWMS,SWMS-200,2017,2017-10-18,15
212886,900212886,ATFA,ATFA-200,2023,2023-12-12,15
212887,900212887,SWMS,SWMS-300,2017,2017-12-14,15
212889,900212889,SWPH,SWPH-200,2014,2015-01-16,12
212890,900212890,ATFA,ATFA-100,2016,2016-11-03,15
212891,900212891,SWMS,SWMS-200,2019,2019-12-19,15
212893,900212893,SWPH,SWPH-300,2008,2009-03-09,12
212895,900212895,SWPH,SWPH-200,2010,2010-08-01,12
212896,900212896,SWMS,SWMS-300,2018,2019-08-22,15
212897,900212897,SWMS,SWMS-200,2022,2023-01-22,15
212899,900212899,SWPH,SWPH-300,2018,2018-05-23,12
212900,900212900,SWMS,SWMS-300,2016,2016-04-13,15
212902,900212902,ATFA,ATFA-200,2017,2017-11-26,15
212903,900212903,SWMS,SWMS-300,2023,2024-03-08,15
212905,900212905,SWPH,SWPH-100,2009,2010-03-18,12
212906,900212906,ATFA,ATFA-300,2018,2019-09-04,15
212907,900212907,SWMS,SWMS-300,2017,2017-07-24,15
212910,900212910,ATFA,ATFA-300,2008,2008-12-01,15
212911,900212911,SWMS,SWMS-300,2022,2023-07-09,15
212913,900212913,ATFA,ATFA-300,2023,2024-04-20,15
212914,900212914,SWPH,SWPH-300,2010,2011-11-06,12
212915,900212915,SWPH,SWPH-200,2022,2022-09-07,12
212916,900212916,SWMS,SWMS-200,2015,2016-01-22,15
212918,900212918,SWPH,SWPH-300,2015,2015-03-14,12
212919,900212919,ATFA,ATFA-200,2014,2015-05-11,15
212920,900212920,SWMS,SWMS-100,2010,2010-06-21,15
212922,900212922,SWPH,SWPH-200,2010,2011-08-07,12
212923,900212923,ATFA,ATFA-200,2023,2023-11-10,15
212924,900212924,SWMS,SWMS-200,2011,2012-01-31,15
212926,900212926,ATFA,ATFA-300,2009,2009-10-22,15
212927,900212927,ATFA,ATFA-100,2018,2018-11-21,15
212928,900212928,SWPH,SWPH-300,2014,2015-03-10,12
212929,900212929,SWPH,SWPH-200,2016,2017-01-16,12
212930,900212930,SWMS,SWMS-100,2019,2019-10-04,15
212931,900212931,SWMS,SWMS-200,2017,2017-06-01,15
212933,900212933,SWPH,SWPH-100,2014,2015-03-28,12
212934,900212934,SWPH,SWPH-100,2008,2008-08-03,12
212935,900212935,SWMS,SWMS-100,2014,2014-08-11,15
212936,900212936,SWMS,SWMS-300,2020,2021-09-07,15
212938,900212938,SWPH,SWPH-200,2015,2015-09-03,12
212939,900212939,SWPH,SWPH-100,2018,2018-10-09,12
212940,900212940,SWMS,SWMS-300,2008,2008-10-11,15
212941,900212941,SWMS,SWMS-300,2009,2010-04-19,15
212943,900212943,SWPH,SWPH-200,2018,2019-03-16,12
212944,900212944,SWPH,SWPH-100,2011,2012-08-19,12
212945,900212945,SWMS,SWMS-100,2018,2019-07-04,15
212946,900212946,SWMS,SWMS-100,2013,2014-03-14,15
212948,900212948,SWPH,SWPH-100,2014,2014-09-08,12
212949,900212949,SWMS,SWMS-100,2016,2016-10-10,15
212951,900212951,ATFA,ATFA-300,2020,2021-03-18,15
212952,900212952,SWMS,SWMS-300,2013,2014-10-01,15
212954,900212954,PUCE,PUCE-100,2012,2013-06-11,10
212955,900212955,PUCE,PUCE-200,2023,2023-12-26,10
212957,900212957,PUCE,PUCE-200,2023,2023-10-16,10
212958,900212958,ATFA,ATFA-200,2015,2016-01-28,15
212959,900212959,SWMS,SWMS-200,2011,2012-04-24,15
212961,900212961,SWPH,SWPH-200,2009,2010-10-30,12
212962,900212962,ATFA,ATFA-300,2022,2023-01-20,15
212963,900212963,SWMS,SWMS-300,2013,2014-03-27,15
212965,900212965,SWUR,SWUR-200,2020,2020-10-03,12
212971,900212971,SWUR,SWUR-100,2010,2010-09-24,12
212977,900212977,SWUR,SWUR-200,2009,2010-02-12,12
212983,900212983,SWUR,SWUR-300,2010,2010-09-11,12
212989,900212989,SWUR,SWUR-300,2023,2024-01-30,12
212995,900212995,SWUR,SWUR-200,2021,2022-01-07,12
213001,900213001,SWUR,SWUR-300,2019,2019-02-04,12
213007,900213007,SWUR,SWUR-300,2020,2021-01-25,12
213013,900213013,SWUR,SWUR-300,2011,2012-01-29,12
213019,900213019,SWUR,SWUR-300,2014,2014-06-07,12
213025,900213025,SWUR,SWUR-100,2017,2018-01-23,12
213031,900213031,SWUR,SWUR-200,2013,2014-03-12,12
213037,900213037,SWUR,SWUR-300,2017,2018-01-07,12
213043,900213043,SWUR,SWUR-100,2009,2009-11-21,12
213049,900213049,SWUR,SWUR-200,2014,2015-01-20,12
213055,900213055,SWUR,SWUR-100,2010,2010-11-27,12
213061,900213061,SWUR,SWUR-200,2017,2018-05-30,12
213067,900213067,SWUR,SWUR-300,2020,2021-07-21,12
213073,900213073,SWUR,SWUR-200,2010,2011-05-21,12
213079,900213079,SWUR,SWUR-100,2019,2020-04-04,12
213085,900213085,SWUR,SWUR-100,2022,2023-04-21,12
213091,900213091,SWUR,SWUR-100,2015,2015-09-10,12
213097,900213097,SWUR,SWUR-300,2015,2015-08-08,12
213103,900213103,SWUR,SWUR-300,2020,2021-03-21,12
213109,900213109,SWUR,SWUR-300,2017,2018-05-24,12
213115,900213115,SWUR,SWUR-300,2010,2011-05-14,12
213121,900213121,SWUR,SWUR-300,2013,2014-02-22,12
213127,900213127,SWUR,SWUR-300,2020,2021-04-16,12
213133,900213133,SWUR,SWUR-200,2010,2011-07-21,12
213139,900213139,SWUR,SWUR-300,2008,2008-06-23,12
213145,900213145,SWUR,SWUR-300,2020,2021-04-27,12
213151,900213151,SWUR,SWUR-200,2015,2015-12-20,12
213157,900213157,SWUR,SWUR-100,2022,2022-08-12,12
213163,900213163,SWUR,SWUR-200,2015,2016-10-27,12
213169,900213169,SWUR,SWUR-200,2013,2014-07-07,12
213175,900213175,SWUR,SWUR-100,2018,2018-11-29,12
213181,900213181,SWUR,SWUR-200,2021,2021-05-11,12
213187,900213187,SWUR,SWUR-300,2012,2012-08-26,12
213193,900213193,SWUR,SWUR-200,2008,2008-09-07,12
213199,900213199,SWUR,SWUR-100,2023,2024-03-12,12
213205,900213205,SWUR,SWUR-300,2013,2014-09-17,12
213211,900213211,SWUR,SWUR-300,2014,2014-09-12,12
213217,900213217,SWUR,SWUR-100,2012,2013-01-19,12
213223,900213223,SWUR,SWUR-100,2023,2024-02-28,12
213229,900213229,SWUR,SWUR-200,2011,2011-12-04,12
213235,900213235,SWUR,SWUR-100,2010,2010-05-31,12
213241,900213241,SWUR,SWUR-200,2016,2016-09-11,12
213247,900213247,SWUR,SWUR-300,2011,2012-01-22,12
213253,900213253,SWUR,SWUR-200,2016,2016-09-17,12
213259,900213259,SWUR,SWUR-100,2012,2013-01-15,12
213265,900213265,SWUR,SWUR-300,2019,2020-03-20,12
213271,900213271,SWUR,SWUR-300,2020,2020-08-16,12
213277,900213277,SWUR,SWUR-200,2014,2015-10-22,12
213283,900213283,SWUR,SWUR-200,2012,2012-04-28,12
213289,900213289,SWUR,SWUR-200,2014,2014-08-02,12
213295,900213295,SWUR,SWUR-300,2016,2017-10-23,12
213301,900213301,SWUR,SWUR-200,2012,2012-12-12,12
213307,900213307,SWUR,SWUR-200,2014,2015-02-05,12
213313,900213313,SWUR,SWUR-200,2010,2011-06-23,12
213352,900213352,DEGD,DEGD-100,2021,2022-06-20,10
213353,900213353,DEGD,DEGD-100,2009,2009-03-15,10
213354,900213354,DEGD,DEGD-300,2013,2014-07-09,10
213355,900213355,DEGD,DEGD-100,2015,2016-02-15,10
213356,900213356,DEGD,DEGD-100,2022,2022-11-29,10
213357,900213357,DEGD,DEGD-200,2010,2010-04-13,10
213358,900213358,DEGD,DEGD-200,2013,2013-12-01,10
213359,900213359,DEGD,DEGD-100,2019,2020-04-17,10
213360,900213360,DEGD,DEGD-200,2023,2024-01-22,10
213361,900213361,DEGD,DEGD-100,2018,2018-07-19,10
213362,900213362,DEGD,DEGD-100,2014,2014-08-15,10
213363,900213363,DEGD,DEGD-100,2011,2011-06-14,10
213364,900213364,DEGD,DEGD-300,2019,2019-09-27,10
213365,900213365,DEGD,DEGD-300,2022,2022-11-06,10
213366,900213366,DEGD,DEGD-300,2021,2022-04-29,10
213391,900213391,SWSC,SWSC-200,2008,2009-04-16,10
213420,900213420,ATFA,ATFA-200,2013,2013-03-12,15
213421,900213421,SWMS,SWMS-300,2023,2024-02-26,15
213422,900213422,ATFA,ATFA-100,2023,2024-07-19,15
213423,900213423,SWMS,SWMS-300,2019,2020-06-01,15
213424,900213424,ATFA,ATFA-300,2013,2014-05-01,15
213425,900213425,SWMS,SWMS-200,2010,2011-06-19,15
213426,900213426,SWPH,SWPH-200,2010,2010-08-31,12
213428,900213428,SWPH,SWPH-200,2011,2012-01-13,12
213429,900213429,SWMS,SWMS-100,2016,2017-01-02,15
213430,900213430,SWPH,SWPH-300,2022,2023-03-09,12
213431,900213431,SWMS,SWMS-300,2010,2011-04-04,15
213434,900213434,ATFA,ATFA-300,2022,2023-05-28,15
213435,900213435,SWMS,SWMS-300,2012,2012-03-20,15
213436,900213436,ATFA,ATFA-300,2023,2023-04-21,15
213437,900213437,ATFA,ATFA-100,2020,2021-01-04,15
213438,900213438,SWMS,SWMS-200,2018,2019-04-27,15
213439,900213439,SWMS,SWMS-200,2023,2024-04-07,15
213440,900213440,SWPH,SWPH-200,2021,2021-05-31,12
213442,900213442,SWPH,SWPH-100,2013,2013-07-17,12
213443,900213443,SWPH,SWPH-200,2018,2019-03-27,12
213444,900213444,SWMS,SWMS-300,2010,2011-03-03,15
213445,900213445,SWMS,SWMS-100,2015,2016-05-22,15
213447,900213447,PUCE,PUCE-100,2017,2018-03-21,10
213449,900213449,PUCE,PUCE-300,2021,2021-08-21,10
213451,900213451,ATFA,ATFA-200,2010,2010-12-30,15
213452,900213452,SWPH,SWPH-300,2011,2012-04-24,12
213454,900213454,SWMS,SWMS-200,2013,2013-11-10,15
213462,900213462,SWPH,SWPH-300,2022,2022-11-29,12
213463,900213463,SWMS,SWMS-200,2010,2010-10-29,15
213483,900213483,SWPH,SWPH-200,2012,2013-06-28,12
213484,900213484,SWMS,SWMS-100,2022,2023-10-22,15
213772,900213772,DEGD,DEGD-200,2018,2019-04-14,10
213773,900213773,DEGD,DEGD-100,2010,2011-10-06,10
213774,900213774,DEGD,DEGD-300,2008,2009-06-12,10
213775,900213775,DEGD,DEGD-300,2019,2019-03-13,10
213776,900213776,DEGD,DEGD-100,2013,2013-08-02,10
213777,900213777,DEGD,DEGD-200,2023,2023-05-25,10
213778,900213778,DEGD,DEGD-100,2016,2017-06-12,10
213779,900213779,DEGD,DEGD-300,2020,2020-09-08,10
213780,900213780,DEGD,DEGD-200,2010,2010-10-22,10
213781,900213781,DEGD,DEGD-200,2009,2010-03-24,10
213782,900213782,DEGD,DEGD-200,2010,2011-01-04,10
213783,900213783,DEGD,DEGD-200,2013,2013-09-13,10
213784,900213784,DEGD,DEGD-300,2014,2015-03-18,10
213785,900213785,DEGD,DEGD-300,2014,2015-06-15,10
213786,900213786,DEGD,DEGD-300,2023,2023-08-13,10
213787,900213787,DEGD,DEGD-100,2021,2021-12-03,10
213788,900213788,DEGD,DEGD-300,2020,2020-05-01,10
213789,900213789,DEGD,DEGD-300,2015,2015-09-01,10
213790,900213790,DEGD,DEGD-300,2016,2016-02-01,10
213791,900213791,DEGD,DEGD-300,2015,2016-01-15,10
213792,900213792,DEGD,DEGD-200,2010,2011-03-21,10
213793,900213793,DEGD,DEGD-200,2023,2023-07-04,10
213794,900213794,DEGD,DEGD-200,2014,2014-08-31,10
213795,900213795,DEGD,DEGD-200,2016,2017-01-05,10
213796,900213796,DEGD,DEGD-200,2015,2015-07-27,10
213797,900213797,DEGD,DEGD-200,2014,2014-12-05,10
213798,900213798,DEGD,DEGD-200,2014,2015-04-02,10
213799,900213799,DEGD,DEGD-300,2012,2012-10-16,10
213800,900213800,DEGD,DEGD-300,2010,2010-12-06,10
213801,900213801,DEGD,DEGD-100,2015,2015-03-29,10
213802,900213802,DEGD,DEGD-100,2015,2015-10-19,10
213803,900213803,DEGD,DEGD-300,2014,2014-08-31,10
213804,900213804,DEGD,DEGD-300,2022,2023-11-14,10
213805,900213805,DEGD,DEGD-300,2019,2019-07-14,10
213806,900213806,DEGD,DEGD-300,2013,2013-07-26,10
213807,900213807,DEGD,DEGD-300,2016,2016-10-02,10
213808,900213808,DEGD,DEGD-100,2019,2020-09-17,10
213809,900213809,DEGD,DEGD-200,2021,2021-10-25,10
213810,900213810,DEGD,DEGD-200,2017,2017-09-09,10
213811,900213811,DEGD,DEGD-200,2022,2022-10-31,10
213812,900213812,DEGD,DEGD-300,2022,2023-03-15,10
213813,900213813,DEGD,DEGD-200,2014,2015-02-03,10
213814,900213814,DEGD,DEGD-300,2011,2011-09-17,10
213815,900213815,DEGD,DEGD-200,2018,2018-09-28,10
213816,900213816,DEGD,DEGD-100,2015,2015-09-27,10
213817,900213817,DEGD,DEGD-200,2008,2009-07-25,10
213818,900213818,DEGD,DEGD-200,2008,2008-09-17,10
214023,900214023,SWPH,SWPH-100,2021,2022-06-23,12
214096,900214096,ATFA,ATFA-100,2021,2022-08-14,15
214103,900214103,ATFA,ATFA-200,2016,2017-02-07,15
214104,900214104,ATFA,ATFA-200,2021,2022-05-22,15
214111,900214111,SWPH,SWPH-200,2015,2015-06-13,12
214112,900214112,SWPH,SWPH-200,2015,2015-08-10,12
214113,900214113,SWMS,SWMS-200,2023,2024-05-28,15
214114,900214114,SWMS,SWMS-100,2021,2022-02-06,15
214118,900214118,DEGD,DEGD-300,2014,2014-04-20,10
214119,900214119,DEGD,DEGD-300,2015,2015-05-08,10
214120,900214120,DEGD,DEGD-200,2018,2018-08-07,10
214121,900214121,DEGD,DEGD-100,2023,2024-11-01,10
214122,900214122,DEGD,DEGD-100,2017,2018-08-17,10
214123,900214123,DEGD,DEGD-100,2009,2009-10-09,10
214124,900214124,SWPH,SWPH-300,2009,2010-02-15,12
214125,900214125,SWPH,SWPH-200,2017,2017-10-18,12
214126,900214126,SWPH,SWPH-300,2010,2010-12-03,12
214128,900214128,ATFA,ATFA-300,2014,2014-12-07,15
214129,900214129,ATFA,ATFA-300,2011,2012-01-28,15
214130,900214130,ATFA,ATFA-300,2023,2023-09-06,15
214131,900214131,ATFA,ATFA-200,2011,2011-08-24,15
214132,900214132,ATFA,ATFA-100,2008,2008-07-25,15
214133,900214133,ATFA,ATFA-100,2022,2022-06-05,15
214134,900214134,SWMS,SWMS-100,2023,2024-03-29,15
214135,900214135,SWMS,SWMS-300,2022,2023-08-05,15
214136,900214136,SWMS,SWMS-100,2013,2013-12-23,15
214138,900214138,SWMS,SWMS-300,2010,2010-12-08,15
214139,900214139,SWMS,SWMS-300,2017,2017-07-19,15
214140,900214140,SWMS,SWMS-300,2013,2014-01-05,15
214141,900214141,SWMS,SWMS-300,2008,2009-10-16,15
214142,900214142,SWMS,SWMS-200,2019,2019-10-12,15
214143,900214143,SWMS,SWMS-200,2013,2013-11-21,15
214144,900214144,SWMS,SWMS-200,2014,2015-01-07,15
214145,900214145,SWMS,SWMS-300,2021,2022-06-17,15
214195,900214195,DEGD,DEGD-100,2020,2021-03-15,10
214196,900214196,DEGD,DEGD-300,2013,2014-05-22,10
214197,900214197,DEGD,DEGD-200,2017,2018-10-19,10
214198,900214198,DEGD,DEGD-100,2020,2021-06-10,10
214208,900214208,DEGD,DEGD-200,2011,2012-07-12,10
214209,900214209,SWPH,SWPH-100,2017,2018-04-14,12
214210,900214210,SWPH,SWPH-300,2016,2017-03-21,12
214211,900214211,SWPH,SWPH-200,2008,2009-04-07,12
214212,900214212,SWPH,SWPH-300,2017,2017-08-15,12
214213,900214213,SWPH,SWPH-300,2018,2019-05-15,12
214214,900214214,SWPH,SWPH-100,2020,2020-11-21,12
214215,900214215,SWPH,SWPH-100,2009,2010-04-13,12
214216,900214216,SWPH,SWPH-300,2021,2022-05-24,12
214217,900214217,SWPH,SWPH-300,2019,2019-11-17,12
214218,900214218,SWPH,SWPH-300,2020,2020-12-26,12
214219,900214219,SWPH,SWPH-300,2023,2024-01-14,12
214220,900214220,SWPH,SWPH-300,2023,2023-07-09,12
214221,900214221,SWPH,SWPH-200,2014,2014-10-11,12
214222,900214222,SWPH,SWPH-100,2019,2020-04-29,12
214224,900214224,SWPH,SWPH-100,2023,2023-08-06,12
214225,900214225,SWPH,SWPH-300,2008,2009-01-13,12
214238,900214238,SWPH,SWPH-200,2023,2023-10-27,12
214239,900214239,SWPH,SWPH-200,2014,2014-11-04,12
214240,900214240,SWPH,SWPH-200,2011,2012-07-23,12
214241,900214241,SWPH,SWPH-200,2021,2021-06-01,12
214242,900214242,SWPH,SWPH-100,2015,2015-12-26,12
214243,900214243,SWPH,SWPH-200,2013,2013-10-26,12
214244,900214244,SWPH,SWPH-100,2022,2022-07-25,12
214245,900214245,SWPH,SWPH-300,2017,2018-05-23,12
214246,900214246,SWPH,SWPH-100,2017,2017-09-01,12
214247,900214247,SWPH,SWPH-300,2012,2012-10-31,12
214248,900214248,SWMS,SWMS-300,2013,2014-05-01,15
214249,900214249,SWMS,SWMS-100,2008,2009-03-02,15
214250,900214250,SWMS,SWMS-300,2022,2022-12-27,15
214251,900214251,SWMS,SWMS-300,2013,2013-05-13,15
214253,900214253,SWMS,SWMS-300,2019,2019-11-06,15
214254,900214254,SWMS,SWMS-100,2022,2022-10-11,15
214259,900214259,SWMS,SWMS-300,2020,2020-10-29,15
214266,900214266,SWMS,SWMS-100,2023,2024-01-15,15
214267,900214267,SWMS,SWMS-100,2012,2013-08-06,15
214275,900214275,SWMS,SWMS-300,2019,2020-10-30,15
214276,900214276,SWMS,SWMS-200,2013,2014-02-25,15
214903,900214903,DEDR,DEDR-100,2016,2017-01-04,15
215727,900215727,DESM,DESM-200,2021,2022-02-19,10
215728,900215728,DESM,DESM-100,2016,2017-03-31,10
215769,900215769,ATFA,ATFA-200,2021,2021-08-22,15
215770,900215770,SWPH,SWPH-100,2010,2011-03-16,12
215771,900215771,SWMS,SWMS-200,2013,2013-04-16,15
215773,900215773,ATFA,ATFA-200,2019,2019-11-16,15
215774,900215774,ATFA,ATFA-300,2008,2009-04-28,15
215775,900215775,SWMS,SWMS-200,2023,2024-02-19,15
215776,900215776,SWMS,SWMS-200,2021,2022-02-15,15
215778,900215778,PUCE,PUCE-300,2009,2010-05-11,10
215779,900215779,PUCE,PUCE-100,2008,2009-03-03,10
215781,900215781,PUCE,PUCE-300,2011,2011-06-06,10
215783,900215783,ATFA,ATFA-200,2015,2015-10-20,15
215784,900215784,SWMS,SWMS-100,2008,2009-04-24,15
215786,900215786,ATFA,ATFA-300,2012,2013-08-02,15
215787,900215787,SWPH,SWPH-100,2011,2011-06-05,12
215788,900215788,SWMS,SWMS-100,2020,2020-12-01,15
215790,900215790,ATFA,ATFA-100,2008,2008-12-21,15
215791,900215791,SWPH,SWPH-100,2017,2018-03-24,12
215794,900215794,ATFA,ATFA-200,2018,2019-09-12,15
215795,900215795,SWPH,SWPH-300,2009,2010-01-01,12
215796,900215796,SWMS,SWMS-100,2009,2009-09-21,15
215798,900215798,ATFA,ATFA-300,2016,2016-11-11,15
215799,900215799,SWMS,SWMS-200,2015,2016-05-12,15
215801,900215801,ATFA,ATFA-300,2016,2017-06-18,15
215802,900215802,SWPH,SWPH-300,2014,2015-08-09,12
215803,900215803,SWMS,SWMS-100,2019,2019-04-18,15
215805,900215805,ATFA,ATFA-100,2017,2017-11-11,15
215806,900215806,ATFA,ATFA-300,2021,2021-12-23,15
215807,900215807,SWPH,SWPH-100,2016,2017-06-24,12
215808,900215808,SWPH,SWPH-200,2021,2021-10-28,12
215809,900215809,SWMS,SWMS-200,2020,2020-05-25,15
215810,900215810,SWMS,SWMS-200,2022,2022-07-07,15
215812,900215812,ATFA,ATFA-300,2019,2020-02-14,15
215813,900215813,SWPH,SWPH-200,2011,2011-12-15,12
215814,900215814,SWMS,SWMS-300,2015,2015-11-04,15
215819,900215819,ATFA,ATFA-200,2021,2021-05-03,15
215820,900215820,PUCE,PUCE-100,2010,2011-01-20,10
215822,900215822,PUCE,PUCE-100,2018,2018-05-06,10
215823,900215823,PUCE,PUCE-100,2017,2018-01-18,10
215825,900215825,SWPH,SWPH-300,2014,2014-06-11,12
215827,900215827,ATFA,ATFA-300,2021,2022-02-09,15
215829,900215829,SWPH,SWPH-200,2009,2010-09-22,12
215830,900215830,SWMS,SWMS-200,2017,2018-03-14,15
215832,900215832,ATFA,ATFA-100,2023,2024-04-30,15
215833,900215833,ATFA,ATFA-100,2017,2018-02-18,15
215834,900215834,SWPH,SWPH-100,2020,2020-07-15,12
215835,900215835,SWMS,SWMS-200,2019,2019-11-18,15
215836,900215836,SWMS,SWMS-200,2022,2022-09-02,15
215838,900215838,PUCE,PUCE-100,2015,2015-04-03,10
215839,900215839,PUCE,PUCE-200,2009,2010-09-24,10
215841,900215841,PUCE,PUCE-200,2011,2012-03-27,10
215843,900215843,ATFA,ATFA-200,2010,2011-02-26,15
215845,900215845,SWMS,SWMS-200,2012,2013-08-09,15
215847,900215847,ATFA,ATFA-100,2022,2022-06-09,15
215848,900215848,SWPH,SWPH-100,2018,2018-08-07,12
215849,900215849,SWMS,SWMS-100,2023,2024-04-16,15
215851,900215851,SWPH,SWPH-100,2016,2016-09-28,12
215852,900215852,SWPH,SWPH-100,2023,2023-10-21,12
215854,900215854,ATFA,ATFA-300,2019,2019-12-12,15
215855,900215855,SWPH,SWPH-200,2013,2014-01-03,12
215856,900215856,SWMS,SWMS-100,2011,2011-09-17,15
215858,900215858,ATFA,ATFA-200,2019,2019-09-24,15
215859,900215859,ATFA,ATFA-100,2023,2024-07-01,15
215860,900215860,SWPH,SWPH-100,2009,2009-09-02,12
215861,900215861,SWMS,SWMS-300,2018,2019-03-01,15
215862,900215862,SWMS,SWMS-200,2011,2011-10-26,15
215864,900215864,PUCE,PUCE-300,2023,2024-03-28,10
215865,900215865,PUCE,PUCE-300,2016,2017-09-20,10
215867,900215867,PUCE,PUCE-200,2011,2012-05-15,10
215869,900215869,ATFA,ATFA-200,2013,2014-10-21,15
215870,900215870,SWMS,SWMS-300,2016,2016-07-22,15
215872,900215872,ATFA,ATFA-200,2012,2012-11-11,15
215873,900215873,SWPH,SWPH-100,2017,2018-07-23,12
215875,900215875,SWMS,SWMS-300,2023,2023-08-15,15
215877,900215877,ATFA,ATFA-300,2014,2015-03-09,15
215878,900215878,SWMS,SWMS-300,2018,2019-01-08,15
215880,900215880,SWPH,SWPH-300,2016,2017-01-11,12
215882,900215882,SWPH,SWPH-200,2010,2010-11-03,12
215884,900215884,SWMS,SWMS-200,2013,2013-05-20,15
215886,900215886,SWPH,SWPH-100,2021,2021-10-13,12
215887,900215887,ATFA,ATFA-200,2008,2008-09-30,15
215889,900215889,SWMS,SWMS-300,2013,2014-02-14,15
215891,900215891,PUCE,PUCE-200,2008,2008-09-07,10
215892,900215892,PUCE,PUCE-300,2013,2014-09-01,10
215894,900215894,PUCE,PUCE-100,2009,2009-11-10,10
215896,900215896,ATFA,ATFA-100,2019,2019-12-19,15
215898,900215898,SWMS,SWMS-200,2009,2010-02-17,15
215900,900215900,ATFA,ATFA-100,2021,2021-03-29,15
215903,900215903,SWMS,SWMS-300,2012,2012-08-24,15
215905,900215905,PUCE,PUCE-200,2011,2011-08-25,10
215906,900215906,PUCE,PUCE-100,2013,2014-03-30,10
215908,900215908,SWPH,SWPH-100,2016,2016-08-20,12
215910,900215910,SWMS,SWMS-300,2023,2024-03-05,15
215912,900215912,ATFA,ATFA-300,2018,2019-02-18,15
215914,900215914,PUCE,PUCE-300,2014,2015-06-22,10
215915,900215915,SWMS,SWMS-300,2015,2015-11-04,15
215917,900215917,PUCE,PUCE-100,2010,2011-05-24,10
215918,900215918,PUCE,PUCE-200,2020,2021-04-19,10
216262,900216262,DEDR,DEDR-200,2016,2017-08-11,15
216263,900216263,DEMO,DEMO-100,2018,2018-05-31,10
216265,900216265,DEDR,DEDR-100,2013,2014-02-14,15
217384,900217384,DEMO,DEMO-100,2020,2021-02-06,10
217386,900217386,DEDR,DEDR-300,2015,2016-04-19,15
221464,900221464,DEMO,DEMO-300,2015,2016-07-23,10
221466,900221466,DEMO,DEMO-300,2012,2012-08-19,10
221468,900221468,DEMO,DEMO-300,2012,2013-05-13,10
222040,900222040,DEDR,DEDR-200,2012,2012-06-24,15
222042,900222042,ELUP,ELUP-100,2022,2022-07-01,8
222047,900222047,ELUP,ELUP-100,2016,2017-05-11,8
223567,900223567,DEDR,DEDR-200,2012,2012-09-14,15
224391,900224391,DEDR,DEDR-300,2011,2011-08-18,15
224475,900224475,SWAV,SWAV-200,2022,2022-10-27,15
225832,900225832,DEDR,DEDR-200,2015,2016-01-26,15
226809,900226809,DEMO,DEMO-100,2022,2022-12-25,10
226811,900226811,DEMO,DEMO-200,2021,2022-04-22,10
226813,900226813,DEMO,DEMO-200,2022,2023-09-26,10
226815,900226815,DEMO,DEMO-300,2015,2016-05-09,10
227188,900227188,SWPH,SWPH-100,2023,2024-01-30,12
227189,900227189,SWPH,SWPH-200,2008,2008-09-23,12
227190,900227190,SWMS,SWMS-300,2022,2023-04-21,15
227191,900227191,SWMS,SWMS-100,2010,2010-03-24,15
227192,900227192,SWPH,SWPH-200,2020,2020-11-28,12
227193,900227193,SWPH,SWPH-200,2012,2013-02-24,12
227194,900227194,SWMS,SWMS-100,2023,2023-10-26,15
227195,900227195,SWMS,SWMS-100,2018,2019-02-13,15
227196,900227196,SWPH,SWPH-100,2013,2013-07-12,12
227197,900227197,SWPH,SWPH-100,2008,2009-09-22,12
227198,900227198,SWMS,SWMS-300,2023,2024-02-23,15
227199,900227199,SWMS,SWMS-300,2018,2019-02-05,15
227200,900227200,SWPH,SWPH-300,2018,2018-10-15,12
227201,900227201,SWPH,SWPH-100,2014,2015-06-21,12
227202,900227202,SWMS,SWMS-100,2010,2010-07-05,15
227203,900227203,SWMS,SWMS-300,2009,2009-12-23,15
227204,900227204,SWPH,SWPH-100,2013,2013-09-29,12
227205,900227205,SWPH,SWPH-200,2023,2023-07-29,12
227206,900227206,SWMS,SWMS-100,2023,2024-09-14,15
227207,900227207,SWMS,SWMS-300,2017,2017-12-30,15
227208,900227208,SWPH,SWPH-300,2022,2022-09-09,12
227209,900227209,SWPH,SWPH-300,2017,2018-05-12,12
227210,900227210,SWMS,SWMS-300,2013,2014-03-16,15
227211,900227211,SWMS,SWMS-100,2015,2016-03-05,15
227212,900227212,SWPH,SWPH-200,2012,2012-12-28,12
227213,900227213,SWMS,SWMS-100,2010,2011-08-31,15
227214,900227214,SWPH,SWPH-300,2021,2021-11-20,12
227215,900227215,SWPH,SWPH-300,2011,2011-11-15,12
227216,900227216,SWPH,SWPH-100,2011,2012-02-08,12
227217,900227217,SWMS,SWMS-200,2008,2008-04-01,15
227218,900227218,SWMS,SWMS-200,2020,2020-12-31,15
227219,900227219,SWPH,SWPH-300,2014,2015-03-26,12
227220,900227220,SWPH,SWPH-300,2017,2017-12-12,12
227221,900227221,SWMS,SWMS-300,2013,2014-02-13,15
227222,900227222,SWMS,SWMS-200,2013,2014-02-03,15
227223,900227223,SWPH,SWPH-300,2008,2008-09-29,12
227224,900227224,SWPH,SWPH-300,2013,2013-03-06,12
227225,900227225,SWMS,SWMS-300,2023,2023-11-16,15
227226,900227226,SWMS,SWMS-100,2016,2017-03-30,15
227227,900227227,SWPH,SWPH-300,2018,2018-12-17,12
227228,900227228,SWPH,SWPH-300,2010,2010-12-20,12
227229,900227229,SWMS,SWMS-300,2017,2018-04-07,15
227230,900227230,SWMS,SWMS-200,2008,2008-05-11,15
227231,900227231,SWPH,SWPH-200,2019,2020-01-01,12
227232,900227232,SWPH,SWPH-300,2022,2023-04-12,12
227233,900227233,SWMS,SWMS-300,2018,2018-11-05,15
227234,900227234,SWMS,SWMS-100,2011,2011-05-27,15
227235,900227235,SWPH,SWPH-100,2021,2021-10-30,12
227236,900227236,SWPH,SWPH-200,2021,2021-12-12,12
227237,900227237,SWPH,SWPH-200,2022,2023-04-13,12
227238,900227238,SWMS,SWMS-100,2022,2023-05-21,15
227245,900227245,DEDR,DEDR-200,2010,2011-03-17,15
227246,900227246,DEDR,DEDR-100,2010,2010-04-22,15
227250,900227250,DEDR,DEDR-300,2017,2017-12-24,15
227253,900227253,DEDR,DEDR-100,2018,2018-08-02,15
227256,900227256,DEDR,DEDR-200,2021,2022-01-23,15
227282,900227282,DEMO,DEMO-300,2022,2023-07-04,10
227284,900227284,DEDR,DEDR-200,2020,2021-04-03,15
227289,900227289,DEMO,DEMO-300,2016,2017-03-13,10
227458,900227458,SWPH,SWPH-200,2010,2011-05-19,12
227459,900227459,SWPH,SWPH-200,2010,2011-06-17,12
227460,900227460,SWPH,SWPH-200,2011,2011-12-19,12
227461,900227461,SWMS,SWMS-300,2012,2012-08-19,15
227462,900227462,SWMS,SWMS-300,2020,2021-06-23,15
227463,900227463,SWPH,SWPH-300,2010,2010-10-29,12
227464,900227464,SWPH,SWPH-200,2022,2023-02-07,12
227465,900227465,SWMS,SWMS-200,2021,2021-08-07,15
227466,900227466,SWMS,SWMS-100,2010,2011-07-27,15
227467,900227467,SWPH,SWPH-200,2008,2008-10-17,12
227468,900227468,SWPH,SWPH-300,2011,2011-04-12,12
227469,900227469,SWMS,SWMS-300,2013,2014-09-07,15
227470,900227470,SWMS,SWMS-300,2017,2018-05-21,15
227471,900227471,SWPH,SWPH-100,2018,2019-07-30,12
227472,900227472,SWPH,SWPH-300,2012,2012-12-02,12
227473,900227473,SWMS,SWMS-200,2022,2023-04-03,15
227474,900227474,SWMS,SWMS-100,2008,2008-11-14,15
227475,900227475,SWPH,SWPH-100,2015,2015-07-04,12
227476,900227476,SWPH,SWPH-300,2020,2020-06-11,12
227477,900227477,SWPH,SWPH-200,2012,2012-12-28,12
227478,900227478,SWPH,SWPH-300,2015,2015-09-03,12
227479,900227479,SWMS,SWMS-200,2016,2017-05-06,15
227480,900227480,SWMS,SWMS-100,2023,2024-07-21,15
227481,900227481,SWPH,SWPH-300,2017,2018-03-04,12
227482,900227482,SWPH,SWPH-100,2013,2013-11-19,12
227483,900227483,SWPH,SWPH-300,2021,2022-01-20,12
227484,900227484,SWMS,SWMS-200,2018,2018-07-24,15
227485,900227485,SWMS,SWMS-100,2021,2021-09-16,15
227487,900227487,SWPH,SWPH-300,2009,2009-11-22,12
227489,900227489,SWMS,SWMS-300,2020,2020-08-04,15
227490,900227490,SWPH,SWPH-200,2023,2024-05-01,12
227491,900227491,SWPH,SWPH-300,2010,2011-10-05,12
227492,900227492,SWMS,SWMS-100,2018,2018-12-31,15
227493,900227493,SWMS,SWMS-100,2010,2011-01-10,15
227494,900227494,SWPH,SWPH-200,2017,2018-08-13,12
227495,900227495,SWPH,SWPH-300,2019,2019-12-15,12
227496,900227496,SWMS,SWMS-100,2016,2016-12-24,15
227497,900227497,SWMS,SWMS-300,2013,2014-03-08,15
227498,900227498,SWPH,SWPH-100,2011,2012-06-07,12
227499,900227499,SWPH,SWPH-200,2008,2008-12-18,12
227500,900227500,SWPH,SWPH-100,2014,2014-10-18,12
227501,900227501,SWMS,SWMS-200,2021,2022-06-18,15
227503,900227503,SWPH,SWPH-100,2014,2014-07-10,12
227504,900227504,SWPH,SWPH-300,2014,2014-04-21,12
227505,900227505,SWMS,SWMS-100,2017,2017-12-22,15
227507,900227507,ATFA,ATFA-200,2008,2009-07-31,15
227508,900227508,SWPH,SWPH-200,2019,2019-07-10,12
227509,900227509,SWPH,SWPH-100,2019,2019-08-10,12
227510,900227510,PUCE,PUCE-300,2008,2009-03-12,10
227511,900227511,SWPH,SWPH-100,2017,2017-11-27,12
227513,900227513,ATFA,ATFA-100,2015,2015-10-28,15
228178,900228178,DEMO,DEMO-300,2010,2011-06-22,10
228180,900228180,DEMO,DEMO-100,2021,2021-12-22,10
228182,900228182,DEMO,DEMO-100,2019,2020-11-14,10
228191,900228191,SWAV,SWAV-300,2018,2019-05-18,15
228192,900228192,DEMO,DEMO-200,2017,2017-05-31,10
228193,900228193,DETM,DETM-200,2020,2021-06-18,10
228199,900228199,DETM,DETM-100,2009,2009-12-19,10
228200,900228200,DEDR,DEDR-100,2018,2019-02-20,15
228201,900228201,SWAV,SWAV-300,2022,2023-06-14,15
228202,900228202,DEDR,DEDR-300,2022,2023-08-12,15
228203,900228203,DEMO,DEMO-300,2009,2009-10-09,10
228209,900228209,DEMO,DEMO-300,2019,2020-09-01,10
228215,900228215,DEDR,DEDR-300,2017,2018-05-13,15
228216,900228216,DEDR,DEDR-200,2022,2022-12-08,15
228217,900228217,ELUP,ELUP-200,2018,2018-05-10,8
228221,900228221,SWAV,SWAV-300,2022,2022-12-01,15
228223,900228223,DEDR,DEDR-300,2022,2022-06-17,15
228224,900228224,DEMO,DEMO-300,2015,2016-02-22,10
228225,900228225,DETM,DETM-300,2020,2021-07-06,10
228230,900228230,DEDR,DEDR-200,2016,2017-01-22,15
228231,900228231,SWAV,SWAV-100,2009,2009-09-26,15
228232,900228232,DEMO,DEMO-200,2013,2013-10-09,10
228233,900228233,DETM,DETM-100,2019,2019-11-02,10
228239,900228239,DETM,DETM-100,2008,2009-03-27,10
228241,900228241,SWAV,SWAV-200,2010,2011-05-01,15
228242,900228242,DEMO,DEMO-300,2008,2008-08-21,10
228247,900228247,DETM,DETM-100,2023,2023-10-04,10
228248,900228248,DEDR,DEDR-100,2015,2016-02-10,15
228249,900228249,SWAV,SWAV-100,2022,2022-10-15,15
228250,900228250,DEDR,DEDR-100,2021,2021-10-16,15
228251,900228251,DEMO,DEMO-300,2012,2013-09-05,10
228257,900228257,DETM,DETM-200,2017,2018-04-30,10
228258,900228258,SWAV,SWAV-200,2019,2020-06-15,15
228259,900228259,DEMO,DEMO-300,2009,2009-12-02,10
228266,900228266,DEMO,DEMO-200,2012,2012-04-12,10
228267,900228267,DEDR,DEDR-300,2009,2010-06-22,15
228268,900228268,SWAV,SWAV-300,2013,2014-02-04,15
228269,900228269,DETM,DETM-100,2019,2020-05-07,10
228270,900228270,DEDR,DEDR-100,2018,2018-12-04,15
228275,900228275,DETM,DETM-100,2013,2014-07-06,10
228276,900228276,DEMO,DEMO-300,2020,2020-05-20,10
228277,900228277,SWAV,SWAV-100,2019,2019-11-17,15
228283,900228283,DETM,DETM-200,2023,2024-02-14,10
228284,900228284,DEDR,DEDR-100,2015,2015-12-04,15
228285,900228285,SWAV,SWAV-200,2021,2022-03-09,15
228286,900228286,DEDR,DEDR-300,2016,2016-08-24,15
228287,900228287,DEMO,DEMO-300,2014,2015-04-22,10
228293,900228293,DETM,DETM-100,2019,2020-03-05,10
228294,900228294,SWAV,SWAV-100,2009,2010-02-20,15
228295,900228295,DEMO,DEMO-100,2021,2022-03-23,10
228301,900228301,DETM,DETM-200,2012,2012-10-06,10
228302,900228302,DEMO,DEMO-200,2023,2023-10-17,10
228303,900228303,DEDR,DEDR-200,2016,2016-07-19,15
228304,900228304,SWAV,SWAV-300,2017,2018-02-07,15
228305,900228305,DEDR,DEDR-200,2009,2010-06-04,15
228311,900228311,DETM,DETM-200,2013,2014-05-23,10
228312,900228312,SWAV,SWAV-100,2023,2023-08-25,15
228313,900228313,DEMO,DEMO-200,2014,2015-09-18,10
228319,900228319,DETM,DETM-300,2019,2020-04-05,10
228320,900228320,DEDR,DEDR-200,2009,2009-08-03,15
228321,900228321,SWAV,SWAV-200,2011,2011-12-27,15
228322,900228322,DEDR,DEDR-300,2014,2014-10-29,15
228323,900228323,DEMO,DEMO-200,2021,2022-01-03,10
228329,900228329,DETM,DETM-200,2023,2024-04-27,10
228330,900228330,SWAV,SWAV-100,2008,2009-01-16,15
228331,900228331,DEMO,DEMO-100,2016,2017-03-25,10
228337,900228337,DEMO,DEMO-300,2015,2016-02-05,10
228338,900228338,DEDR,DEDR-300,2012,2013-01-27,15
228339,900228339,SWAV,SWAV-100,2015,2015-09-13,15
228340,900228340,DEDR,DEDR-300,2010,2010-12-19,15
228342,900228342,DETM,DETM-200,2020,2021-03-31,10
228347,900228347,DETM,DETM-200,2010,2011-02-19,10
228353,900228353,DETM,DETM-300,2015,2016-09-12,10
228354,900228354,SWAV,SWAV-200,2015,2016-01-12,15
228355,900228355,DEMO,DEMO-100,2017,2017-05-18,10
228361,900228361,DETM,DETM-200,2010,2010-07-15,10
228362,900228362,SWAV,SWAV-300,2020,2020-08-23,15
228363,900228363,DEDR,DEDR-100,2018,2019-03-28,15
228364,900228364,DEMO,DEMO-100,2016,2017-03-17,10
228371,900228371,DEDR,DEDR-300,2021,2022-03-22,15
228372,900228372,DEDR,DEDR-100,2018,2019-02-25,15
228373,900228373,DEMO,DEMO-100,2022,2022-11-23,10
228374,900228374,DEDR,DEDR-300,2013,2014-05-20,15
228375,900228375,ELUP,ELUP-200,2014,2014-07-21,8
228380,900228380,DETM,DETM-200,2012,2013-07-20,10
228381,900228381,SWAV,SWAV-300,2023,2023-09-17,15
228382,900228382,DEMO,DEMO-100,2010,2011-01-28,10
228388,900228388,DETM,DETM-200,2019,2019-11-20,10
228389,900228389,DEDR,DEDR-300,2020,2021-08-03,15
228390,900228390,SWAV,SWAV-100,2020,2021-01-04,15
228391,900228391,DEDR,DEDR-300,2023,2024-06-23,15
228392,900228392,DEMO,DEMO-200,2015,2015-09-15,10
228399,900228399,SWAV,SWAV-100,2008,2008-12-28,15
228400,900228400,DEMO,DEMO-100,2013,2014-07-18,10
228401,900228401,DETM,DETM-300,2022,2023-07-28,10
228406,900228406,DETM,DETM-300,2009,2010-01-03,10
228407,900228407,DEDR,DEDR-200,2015,2015-03-17,15
228408,900228408,SWAV,SWAV-300,2014,2015-02-23,15
228409,900228409,DEDR,DEDR-200,2014,2014-11-26,15
228410,900228410,DEMO,DEMO-100,2009,2009-10-27,10
228417,900228417,SWAV,SWAV-200,2015,2015-07-01,15
228418,900228418,DEMO,DEMO-100,2012,2013-03-26,10
228419,900228419,DETM,DETM-300,2020,2020-10-13,10
228424,900228424,DETM,DETM-200,2022,2023-04-18,10
228425,900228425,SWAV,SWAV-100,2010,2011-07-03,15
228426,900228426,DEDR,DEDR-100,2013,2014-01-18,15
228427,900228427,DEDR,DEDR-200,2020,2021-02-06,15
228428,900228428,DEMO,DEMO-100,2023,2023-11-25,10
228434,900228434,DETM,DETM-200,2011,2012-05-19,10
228441,900228441,SWAV,SWAV-300,2020,2020-06-17,15
228442,900228442,DEMO,DEMO-300,2010,2010-10-14,10
228443,900228443,DETM,DETM-100,2021,2021-11-22,10
228448,900228448,DETM,DETM-200,2009,2010-09-22,10
228449,900228449,DEDR,DEDR-200,2022,2023-03-16,15
228450,900228450,SWAV,SWAV-100,2023,2024-06-26,15
228451,900228451,DEDR,DEDR-300,2010,2011-05-23,15
228452,900228452,DEMO,DEMO-300,2013,2013-07-05,10
228459,900228459,SWAV,SWAV-200,2009,2009-11-05,15
228460,900228460,DEMO,DEMO-200,2017,2018-02-09,10
228461,900228461,DETM,DETM-100,2020,2020-08-16,10
228467,900228467,SWAV,SWAV-300,2022,2023-01-20,15
228468,900228468,DEMO,DEMO-100,2008,2009-08-17,10
228469,900228469,DETM,DETM-100,2011,2011-10-16,10
228474,900228474,DETM,DETM-100,2023,2024-05-07,10
228475,900228475,SWAV,SWAV-200,2021,2022-01-27,15
228476,900228476,DEDR,DEDR-100,2015,2016-01-27,15
228477,900228477,DEMO,DEMO-100,2018,2018-07-07,10
228484,900228484,DEDR,DEDR-300,2014,2015-04-22,15
228485,900228485,SWAV,SWAV-200,2013,2013-09-12,15
228486,900228486,DEMO,DEMO-300,2010,2010-10-04,10
228487,900228487,DETM,DETM-100,2021,2022-08-18,10
228492,900228492,DEDR,DEDR-200,2017,2017-10-24,15
228493,900228493,SWAV,SWAV-100,2012,2012-08-02,15
228494,900228494,DEMO,DEMO-300,2013,2013-05-16,10
228495,900228495,DETM,DETM-200,2016,2017-07-26,10
228502,900228502,DEDR,DEDR-200,2009,2010-01-03,15
228503,900228503,SWAV,SWAV-300,2020,2021-04-28,15
228504,900228504,DEMO,DEMO-200,2023,2023-12-06,10
228505,900228505,DETM,DETM-100,2014,2015-08-09,10
228510,900228510,DEDR,DEDR-100,2016,2017-01-22,15
228511,900228511,SWAV,SWAV-200,2014,2015-04-10,15
228512,900228512,DEMO,DEMO-300,2018,2019-06-03,10
228513,900228513,DETM,DETM-100,2011,2011-11-18,10
228515,900228515,DEDR,DEDR-200,2018,2019-05-02,15
228520,900228520,DEDR,DEDR-200,2016,2017-05-24,15
228522,900228522,DEDR,DEDR-100,2023,2023-07-09,15
228523,900228523,DEDR,DEDR-200,2013,2013-04-06,15
228524,900228524,DEMO,DEMO-100,2015,2015-05-01,10
228525,900228525,ELUP,ELUP-300,2013,2014-06-26,8
228530,900228530,DEDR,DEDR-200,2015,2015-10-15,15
228531,900228531,SWAV,SWAV-100,2018,2019-02-21,15
228532,900228532,DEMO,DEMO-100,2019,2019-10-03,10
228533,900228533,DETM,DETM-300,2019,2019-05-23,10
228539,900228539,DEDR,DEDR-300,2016,2016-10-30,15
228540,900228540,SWAV,SWAV-300,2021,2022-03-01,15
228541,900228541,DEMO,DEMO-300,2011,2011-10-10,10
228542,900228542,DETM,DETM-100,2022,2022-09-03,10
228549,900228549,DEDR,DEDR-100,2011,2011-10-23,15
228550,900228550,SWAV,SWAV-300,2021,2021-06-18,15
228551,900228551,DEMO,DEMO-200,2009,2010-03-14,10
228552,900228552,DETM,DETM-200,2018,2019-03-11,10
228557,900228557,DEDR,DEDR-300,2018,2019-03-16,15
228558,900228558,SWAV,SWAV-100,2018,2018-10-06,15
228559,900228559,DEMO,DEMO-300,2012,2012-11-22,10
228560,900228560,DETM,DETM-100,2018,2018-11-02,10
228567,900228567,DEDR,DEDR-200,2010,2010-04-02,15
228568,900228568,SWAV,SWAV-200,2013,2013-04-16,15
228569,900228569,DEDR,DEDR-200,2009,2009-08-05,15
228570,900228570,DEMO,DEMO-200,2009,2009-11-05,10
228571,900228571,DETM,DETM-200,2018,2018-03-14,10
228577,900228577,DEDR,DEDR-100,2017,2018-03-01,15
228578,900228578,SWAV,SWAV-300,2015,2016-05-26,15
228579,900228579,DEMO,DEMO-100,2018,2019-09-11,10
228580,900228580,DETM,DETM-100,2010,2011-05-15,10
228587,900228587,DEDR,DEDR-300,2017,2018-03-20,15
228588,900228588,SWAV,SWAV-200,2012,2013-02-19,15
228589,900228589,DEMO,DEMO-300,2015,2015-11-30,10
228590,900228590,DETM,DETM-300,2011,2012-01-10,10
228595,900228595,DEDR,DEDR-200,2019,2019-03-30,15
228596,900228596,SWAV,SWAV-300,2015,2016-01-14,15
228597,900228597,DEMO,DEMO-300,2016,2016-07-05,10
228598,900228598,DETM,DETM-300,2008,2008-03-26,10
228605,900228605,SWAV,SWAV-200,2020,2021-03-13,15
228606,900228606,DEMO,DEMO-100,2016,2017-03-29,10
228607,900228607,DETM,DETM-100,2016,2017-02-10,10
228612,900228612,DESM,DESM-300,2014,2015-02-13,10
228613,900228613,DESM,DESM-300,2017,2017-06-03,10
228614,900228614,DESM,DESM-100,2019,2019-11-05,10
228615,900228615,DESM,DESM-200,2023,2023-12-05,10
228616,900228616,DESM,DESM-300,2015,2015-06-06,10
228617,900228617,DESM,DESM-300,2012,2013-04-05,10
228618,900228618,DESM,DESM-100,2019,2019-12-18,10
228619,900228619,DESM,DESM-100,2009,2009-04-13,10
228620,900228620,DESM,DESM-100,2022,2022-11-26,10
228621,900228621,DESM,DESM-200,2017,2018-05-19,10
228622,900228622,DESM,DESM-300,2011,2011-06-19,10
228623,900228623,DESM,DESM-100,2022,2022-04-14,10
228624,900228624,DESM,DESM-200,2022,2023-02-03,10
228625,900228625,DESM,DESM-300,2022,2023-03-09,10
228626,900228626,DESM,DESM-300,2015,2016-03-17,10
228627,900228627,DESM,DESM-200,2019,2019-06-13,10
228628,900228628,DESM,DESM-300,2020,2020-06-06,10
228629,900228629,DESM,DESM-300,2010,2011-10-06,10
228630,900228630,DESM,DESM-100,2018,2018-10-17,10
228631,900228631,DESM,DESM-300,2015,2016-08-09,10
228632,900228632,DESM,DESM-200,2023,2023-04-02,10
228633,900228633,DESM,DESM-300,2019,2020-01-23,10
228634,900228634,DESM,DESM-200,2018,2019-09-28,10
228635,900228635,DESM,DESM-300,2021,2021-09-29,10
228636,900228636,DESM,DESM-200,2018,2018-11-06,10
228637,900228637,DESM,DESM-200,2011,2012-03-04,10
228638,900228638,DESM,DESM-100,2008,2008-09-15,10
228639,900228639,DESM,DESM-200,2013,2014-01-20,10
228640,900228640,DESM,DESM-100,2009,2009-10-06,10
228641,900228641,DESM,DESM-100,2019,2020-05-14,10
228642,900228642,DESM,DESM-300,2012,2013-01-20,10
228643,900228643,DESM,DESM-300,2020,2020-05-14,10
228644,900228644,DESM,DESM-300,2022,2022-10-05,10
228645,900228645,DESM,DESM-200,2008,2008-12-05,10
228646,900228646,DESM,DESM-200,2019,2019-10-24,10
228647,900228647,DESM,DESM-100,2016,2017-01-21,10
228648,900228648,DESM,DESM-300,2022,2023-07-27,10
228649,900228649,DESM,DESM-300,2022,2022-04-17,10
228650,900228650,DESM,DESM-200,2010,2010-03-06,10
228651,900228651,DESM,DESM-200,2015,2016-08-23,10
228652,900228652,DESM,DESM-300,2016,2017-08-18,10
228653,900228653,DESM,DESM-200,2022,2023-06-25,10
228654,900228654,DESM,DESM-300,2022,2022-10-08,10
228655,900228655,DESM,DESM-200,2023,2024-03-30,10
228656,900228656,DESM,DESM-100,2022,2023-01-27,10
228657,900228657,DESM,DESM-300,2022,2022-12-01,10
228658,900228658,DESM,DESM-100,2013,2014-01-09,10
228659,900228659,DESM,DESM-300,2009,2010-07-16,10
228660,900228660,DESM,DESM-100,2015,2016-02-25,10
228661,900228661,DESM,DESM-100,2023,2024-01-30,10
228662,900228662,DESM,DESM-100,2013,2014-09-10,10
228663,900228663,DESM,DESM-300,2010,2011-06-14,10
228664,900228664,DESM,DESM-300,2009,2009-10-31,10
228665,900228665,DESM,DESM-200,2016,2017-04-28,10
228666,900228666,DESM,DESM-100,2010,2011-09-29,10
228667,900228667,DESM,DESM-200,2021,2021-04-04,10
228668,900228668,DESM,DESM-300,2017,2018-01-26,10
228669,900228669,DESM,DESM-200,2017,2017-07-02,10
228670,900228670,DESM,DESM-200,2015,2015-09-15,10
228671,900228671,DESM,DESM-300,2019,2020-09-15,10
228672,900228672,DESM,DESM-200,2014,2014-02-21,10
228673,900228673,DESM,DESM-300,2011,2012-01-13,10
228674,900228674,DESM,DESM-200,2020,2020-11-09,10
228675,900228675,DESM,DESM-200,2012,2013-06-13,10
228676,900228676,DESM,DESM-300,2017,2018-01-25,10
228677,900228677,DESM,DESM-200,2018,2018-08-21,10
228678,900228678,DESM,DESM-300,2022,2023-01-30,10
228679,900228679,DESM,DESM-300,2011,2012-03-23,10
228680,900228680,DESM,DESM-300,2013,2013-06-13,10
228681,900228681,DESM,DESM-200,2011,2012-01-14,10
228682,900228682,DESM,DESM-200,2011,2012-05-23,10
228683,900228683,DESM,DESM-100,2015,2016-05-23,10
228684,900228684,DESM,DESM-300,2023,2023-06-10,10
228685,900228685,DESM,DESM-200,2013,2013-06-06,10
228686,900228686,DESM,DESM-100,2019,2019-05-01,10
228687,900228687,DESM,DESM-200,2014,2014-10-29,10
228688,900228688,DESM,DESM-200,2011,2012-05-28,10
228689,900228689,DESM,DESM-300,2019,2019-08-17,10
228690,900228690,DESM,DESM-200,2014,2014-07-07,10
228691,900228691,DESM,DESM-100,2011,2012-01-29,10
228692,900228692,DESM,DESM-300,2015,2016-02-21,10
228693,900228693,DESM,DESM-200,2009,2010-03-26,10
228694,900228694,DESM,DESM-300,2009,2010-04-10,10
228695,900228695,DESM,DESM-300,2010,2010-11-19,10
228696,900228696,DESM,DESM-100,2018,2018-07-12,10
228697,900228697,DESM,DESM-200,2023,2024-05-19,10
228698,900228698,DESM,DESM-300,2008,2009-04-07,10
228699,900228699,DESM,DESM-100,2023,2024-02-12,10
228700,900228700,DESM,DESM-200,2017,2018-09-22,10
228701,900228701,DESM,DESM-100,2013,2014-04-28,10
228702,900228702,DESM,DESM-100,2014,2015-08-15,10
228703,900228703,DESM,DESM-300,2017,2017-08-09,10
228704,900228704,DESM,DESM-300,2009,2010-07-12,10
228705,900228705,DESM,DESM-200,2020,2020-05-03,10
228706,900228706,DESM,DESM-200,2021,2022-09-03,10
228707,900228707,DESM,DESM-100,2013,2013-09-08,10
228708,900228708,DESM,DESM-300,2017,2018-02-11,10
228709,900228709,DESM,DESM-200,2022,2022-08-16,10
228710,900228710,DESM,DESM-200,2019,2019-06-20,10
228713,900228713,DESM,DESM-100,2015,2016-01-26,10
228714,900228714,DESM,DESM-300,2009,2009-02-22,10
228715,900228715,DESM,DESM-300,2013,2014-07-05,10
228716,900228716,DESM,DESM-100,2016,2016-12-27,10
228717,900228717,DESM,DESM-200,2015,2015-11-12,10
228718,900228718,DESM,DESM-100,2011,2012-07-13,10
228719,900228719,DESM,DESM-300,2016,2017-02-23,10
228720,900228720,DESM,DESM-200,2012,2013-06-03,10
228721,900228721,DESM,DESM-100,2013,2014-03-31,10
228722,900228722,DESM,DESM-100,2018,2018-10-22,10
228723,900228723,DESM,DESM-200,2010,2011-08-23,10
228724,900228724,DESM,DESM-300,2023,2024-08-14,10
228725,900228725,DESM,DESM-100,2022,2022-09-01,10
228726,900228726,DESM,DESM-200,2016,2017-02-26,10
228727,900228727,DESM,DESM-300,2015,2016-01-22,10
228728,900228728,DESM,DESM-200,2010,2011-10-22,10
228729,900228729,DESM,DESM-100,2018,2019-05-24,10
228730,900228730,DESM,DESM-100,2008,2008-10-21,10
228731,900228731,DESM,DESM-300,2022,2023-04-30,10
228732,900228732,DESM,DESM-300,2014,2015-06-01,10
228733,900228733,DESM,DESM-200,2023,2023-05-29,10
228734,900228734,DESM,DESM-100,2013,2014-06-18,10
228735,900228735,DESM,DESM-100,2023,2024-03-28,10
228736,900228736,DESM,DESM-300,2008,2008-07-20,10
228737,900228737,DESM,DESM-200,2010,2011-04-18,10
228738,900228738,DESM,DESM-200,2013,2013-08-25,10
228739,900228739,DESM,DESM-100,2016,2017-03-13,10
228740,900228740,DESM,DESM-200,2020,2020-07-03,10
228741,900228741,DESM,DESM-100,2008,2009-04-10,10
228742,900228742,DESM,DESM-300,2012,2013-08-27,10
228743,900228743,DESM,DESM-300,2012,2012-08-25,10
228744,900228744,DESM,DESM-300,2023,2023-10-28,10
228745,900228745,DESM,DESM-100,2021,2021-09-25,10
228746,900228746,DESM,DESM-300,2019,2020-01-03,10
228747,900228747,DESM,DESM-100,2012,2012-11-20,10
228748,900228748,DESM,DESM-100,2011,2011-08-26,10
228749,900228749,DESM,DESM-300,2012,2012-11-20,10
228750,900228750,DESM,DESM-300,2020,2021-01-07,10
228751,900228751,DESM,DESM-200,2011,2012-08-02,10
228752,900228752,DESM,DESM-100,2022,2023-04-13,10
228753,900228753,DESM,DESM-300,2015,2015-06-22,10
228754,900228754,DESM,DESM-200,2023,2023-12-31,10
228755,900228755,DESM,DESM-300,2017,2018-05-22,10
228756,900228756,DESM,DESM-100,2013,2013-12-19,10
228757,900228757,DESM,DESM-300,2011,2011-11-15,10
228758,900228758,DESM,DESM-100,2010,2011-04-24,10
228759,900228759,DESM,DESM-300,2016,2016-10-23,10
228760,900228760,DESM,DESM-100,2015,2015-05-21,10
228761,900228761,DESM,DESM-300,2015,2015-07-21,10
228762,900228762,DESM,DESM-200,2019,2020-03-08,10
228763,900228763,DESM,DESM-200,2013,2013-04-23,10
228764,900228764,DESM,DESM-200,2011,2011-03-21,10
228765,900228765,DESM,DESM-300,2011,2012-01-04,10
228766,900228766,DESM,DESM-200,2018,2019-02-28,10
228767,900228767,DESM,DESM-300,2009,2009-08-18,10
228768,900228768,DESM,DESM-100,2009,2010-06-15,10
228769,900228769,DESM,DESM-300,2011,2012-01-26,10
228770,900228770,DESM,DESM-200,2009,2010-05-26,10
228771,900228771,DESM,DESM-100,2017,2017-07-09,10
228772,900228772,DESM,DESM-300,2009,2010-01-15,10
228773,900228773,DESM,DESM-100,2021,2022-01-05,10
228774,900228774,DESM,DESM-200,2009,2010-06-18,10
228775,900228775,DESM,DESM-100,2015,2015-12-07,10
228776,900228776,DESM,DESM-100,2009,2010-02-08,10
228777,900228777,DESM,DESM-100,2023,2024-05-06,10
228778,900228778,DESM,DESM-100,2019,2020-07-28,10
228779,900228779,DESM,DESM-100,2016,2016-08-31,10
228780,900228780,DESM,DESM-200,2017,2017-12-18,10
228781,900228781,DESM,DESM-200,2013,2014-01-07,10
228782,900228782,DESM,DESM-300,2018,2019-04-17,10
228783,900228783,DESM,DESM-200,2011,2011-12-09,10
228784,900228784,DESM,DESM-200,2014,2014-09-24,10
228785,900228785,DESM,DESM-100,2019,2020-04-09,10
228786,900228786,DESM,DESM-300,2009,2010-03-27,10
228787,900228787,DESM,DESM-200,2021,2022-08-18,10
228788,900228788,DESM,DESM-300,2014,2015-02-09,10
228789,900228789,DESM,DESM-300,2018,2018-07-30,10
228790,900228790,DESM,DESM-200,2021,2022-04-13,10
228791,900228791,DESM,DESM-100,2010,2010-06-26,10
228792,900228792,DESM,DESM-300,2019,2020-08-10,10
228793,900228793,DESM,DESM-300,2009,2010-03-15,10
228794,900228794,DESM,DESM-300,2021,2021-11-28,10
228795,900228795,DESM,DESM-100,2008,2009-02-24,10
228796,900228796,DESM,DESM-300,2008,2008-10-04,10
228797,900228797,DESM,DESM-300,2013,2013-04-21,10
228798,900228798,DESM,DESM-100,2011,2011-12-11,10
228799,900228799,DESM,DESM-100,2018,2018-08-04,10
228800,900228800,DESM,DESM-300,2017,2017-10-24,10
228801,900228801,DESM,DESM-100,2015,2015-08-27,10
228802,900228802,DESM,DESM-100,2021,2022-06-21,10
228803,900228803,DESM,DESM-200,2020,2020-10-23,10
228804,900228804,DESM,DESM-200,2018,2018-10-13,10
228805,900228805,DESM,DESM-300,2009,2009-09-09,10
228806,900228806,DESM,DESM-200,2012,2013-06-21,10
228807,900228807,DESM,DESM-300,2020,2021-03-26,10
228808,900228808,DESM,DESM-100,2017,2018-01-29,10
228809,900228809,DESM,DESM-200,2011,2011-07-12,10
228812,900228812,DESM,DESM-100,2020,2021-04-07,10
228813,900228813,DESM,DESM-300,2016,2017-01-12,10
228814,900228814,DESM,DESM-300,2015,2016-03-09,10
228815,900228815,DESM,DESM-300,2012,2013-04-28,10
228816,900228816,DESM,DESM-100,2012,2012-10-19,10
228817,900228817,DESM,DESM-100,2013,2013-07-19,10
228818,900228818,DESM,DESM-100,2009,2009-06-01,10
228819,900228819,DESM,DESM-100,2013,2014-07-17,10
228820,900228820,DESM,DESM-100,2011,2011-12-08,10
228821,900228821,DESM,DESM-100,2021,2022-04-19,10
228822,900228822,DESM,DESM-200,2020,2021-01-26,10
228823,900228823,DESM,DESM-100,2021,2022-01-05,10
228824,900228824,DESM,DESM-200,2018,2019-01-01,10
228825,900228825,DESM,DESM-300,2013,2013-12-26,10
228826,900228826,DESM,DESM-200,2011,2012-01-13,10
228827,900228827,DESM,DESM-100,2013,2014-02-24,10
228828,900228828,DESM,DESM-200,2022,2022-12-13,10
228829,900228829,DESM,DESM-100,2013,2014-02-12,10
228830,900228830,DESM,DESM-200,2013,2013-06-23,10
228831,900228831,DESM,DESM-100,2018,2019-05-14,10
228832,900228832,DESM,DESM-300,2018,2019-06-25,10
228833,900228833,DESM,DESM-200,2023,2023-02-22,10
228834,900228834,DESM,DESM-300,2015,2015-11-24,10
228835,900228835,DESM,DESM-300,2014,2015-07-20,10
228836,900228836,DESM,DESM-100,2018,2019-02-11,10
228837,900228837,DESM,DESM-300,2009,2010-08-22,10
228838,900228838,DESM,DESM-200,2009,2009-05-22,10
228839,900228839,DESM,DESM-100,2023,2024-02-28,10
228840,900228840,DESM,DESM-200,2016,2016-12-18,10
228841,900228841,DESM,DESM-300,2015,2016-03-03,10
228842,900228842,DESM,DESM-300,2023,2023-05-22,10
228843,900228843,DESM,DESM-300,2016,2016-12-23,10
228844,900228844,DESM,DESM-100,2017,2017-11-11,10
228845,900228845,DESM,DESM-300,2014,2014-05-26,10
228846,900228846,DESM,DESM-100,2012,2012-06-15,10
228847,900228847,DESM,DESM-200,2015,2015-11-05,10
228848,900228848,DESM,DESM-200,2011,2011-08-09,10
228849,900228849,DESM,DESM-200,2019,2019-03-17,10
228850,900228850,DESM,DESM-100,2019,2019-11-25,10
228851,900228851,DESM,DESM-300,2020,2020-04-07,10
228852,900228852,DESM,DESM-100,2013,2014-01-24,10
228853,900228853,DESM,DESM-200,2018,2019-06-24,10
228854,900228854,DESM,DESM-200,2022,2023-01-06,10
228855,900228855,DESM,DESM-100,2021,2021-12-07,10
228856,900228856,DESM,DESM-100,2009,2009-08-14,10
228857,900228857,DESM,DESM-300,2008,2008-12-05,10
228858,900228858,DESM,DESM-200,2021,2021-06-01,10
228859,900228859,DESM,DESM-200,2016,2017-02-25,10
228860,900228860,DESM,DESM-300,2016,2017-09-07,10
228861,900228861,DESM,DESM-300,2020,2021-02-04,10
228862,900228862,DESM,DESM-100,2008,2009-02-08,10
228863,900228863,DESM,DESM-100,2015,2016-06-14,10
228864,900228864,DESM,DESM-100,2020,2021-04-28,10
228865,900228865,DESM,DESM-100,2022,2022-07-17,10
228866,900228866,DESM,DESM-200,2020,2021-03-21,10
228867,900228867,DESM,DESM-100,2012,2012-12-08,10
228868,900228868,DESM,DESM-200,2013,2013-12-24,10
228869,900228869,DESM,DESM-300,2014,2014-12-25,10
228870,900228870,DESM,DESM-200,2018,2018-03-15,10
228871,900228871,DESM,DESM-200,2011,2012-01-04,10
228872,900228872,DESM,DESM-100,2017,2018-01-03,10
228873,900228873,DESM,DESM-100,2012,2013-04-13,10
228874,900228874,DESM,DESM-300,2010,2010-09-01,10
228875,900228875,DESM,DESM-300,2009,2010-03-28,10
228876,900228876,DESM,DESM-300,2017,2017-12-25,10
228877,900228877,DESM,DESM-200,2022,2022-07-23,10
228878,900228878,DESM,DESM-300,2017,2017-08-05,10
228879,900228879,DESM,DESM-100,2016,2016-10-12,10
228880,900228880,DESM,DESM-100,2022,2022-11-06,10
228881,900228881,DESM,DESM-100,2017,2018-01-11,10
228882,900228882,DESM,DESM-200,2020,2021-04-28,10
228883,900228883,DESM,DESM-200,2009,2009-12-10,10
228884,900228884,DESM,DESM-200,2022,2022-10-27,10
228885,900228885,DESM,DESM-100,2011,2012-02-08,10
228886,900228886,DESM,DESM-200,2023,2023-09-07,10
228887,900228887,DESM,DESM-200,2008,2009-02-24,10
228888,900228888,DESM,DESM-200,2008,2009-09-13,10
228889,900228889,DESM,DESM-300,2013,2013-05-16,10
228890,900228890,DESM,DESM-300,2014,2015-01-22,10
228891,900228891,DESM,DESM-300,2016,2016-07-12,10
228892,900228892,DESM,DESM-200,2013,2013-07-01,10
228893,900228893,DESM,DESM-200,2012,2012-06-17,10
228894,900228894,DESM,DESM-200,2014,2014-12-27,10
228895,900228895,DESM,DESM-300,2020,2021-01-09,10
228896,900228896,DESM,DESM-200,2016,2017-01-09,10
228897,900228897,DESM,DESM-200,2016,2016-09-11,10
228898,900228898,DESM,DESM-100,2022,2023-06-25,10
228899,900228899,DESM,DESM-300,2014,2015-04-22,10
228900,900228900,DESM,DESM-200,2018,2018-09-23,10
228901,900228901,DESM,DESM-100,2020,2020-06-09,10
228902,900228902,DESM,DESM-200,2013,2014-01-07,10
228903,900228903,DESM,DESM-200,2015,2016-09-13,10
228904,900228904,DESM,DESM-300,2010,2010-11-10,10
228905,900228905,DESM,DESM-300,2016,2017-02-03,10
228906,900228906,DESM,DESM-200,2014,2015-06-17,10
228909,900228909,DESM,DESM-200,2015,2016-03-13,10
228910,900228910,DESM,DESM-100,2014,2015-04-10,10
228911,900228911,DESM,DESM-100,2020,2020-12-19,10
228912,900228912,DESM,DESM-100,2020,2020-02-20,10
228913,900228913,DESM,DESM-200,2019,2020-05-15,10
228914,900228914,DESM,DESM-300,2009,2010-06-18,10
228915,900228915,DESM,DESM-300,2011,2012-06-30,10
228916,900228916,DESM,DESM-300,2022,2022-08-27,10
228917,900228917,DESM,DESM-100,2014,2014-10-11,10
228918,900228918,DESM,DESM-100,2008,2008-10-06,10
228919,900228919,DESM,DESM-200,2012,2013-07-21,10
228920,900228920,DESM,DESM-100,2012,2013-04-29,10
228921,900228921,DESM,DESM-100,2021,2021-06-20,10
228922,900228922,DESM,DESM-100,2023,2024-02-09,10
228923,900228923,DESM,DESM-100,2019,2020-02-27,10
228924,900228924,DESM,DESM-200,2011,2012-07-14,10
228925,900228925,DESM,DESM-200,2012,2013-03-29,10
228926,900228926,DESM,DESM-100,2020,2021-06-26,10
228927,900228927,DESM,DESM-300,2015,2016-05-04,10
228928,900228928,DESM,DESM-300,2011,2012-01-16,10
228929,900228929,DESM,DESM-100,2022,2022-05-17,10
228930,900228930,DESM,DESM-300,2018,2019-01-22,10
228931,900228931,DESM,DESM-100,2014,2014-08-01,10
228932,900228932,DESM,DESM-100,2010,2011-01-02,10
228933,900228933,DESM,DESM-100,2019,2019-08-11,10
228934,900228934,DESM,DESM-300,2010,2011-03-02,10
228935,900228935,DESM,DESM-100,2023,2023-11-22,10
228936,900228936,DESM,DESM-300,2016,2016-08-08,10
228937,900228937,DESM,DESM-300,2019,2020-02-23,10
228938,900228938,DESM,DESM-200,2010,2010-09-17,10
228939,900228939,DESM,DESM-300,2013,2014-01-02,10
228940,900228940,DESM,DESM-200,2016,2016-11-01,10
228941,900228941,DESM,DESM-300,2023,2023-12-16,10
228942,900228942,DESM,DESM-100,2012,2012-08-09,10
228943,900228943,DESM,DESM-100,2016,2017-07-03,10
228944,900228944,DESM,DESM-300,2010,2010-12-04,10
228945,900228945,DESM,DESM-300,2015,2016-06-12,10
228946,900228946,DESM,DESM-300,2019,2020-05-18,10
228947,900228947,DESM,DESM-100,2015,2015-12-31,10
228948,900228948,DESM,DESM-100,2017,2018-04-30,10
228949,900228949,DESM,DESM-100,2010,2011-03-20,10
228950,900228950,DESM,DESM-100,2009,2009-07-23,10
228951,900228951,DESM,DESM-100,2016,2017-01-15,10
228952,900228952,DESM,DESM-300,2014,2014-10-03,10
228953,900228953,DESM,DESM-100,2010,2010-12-08,10
228954,900228954,DESM,DESM-100,2013,2014-05-08,10
228955,900228955,DESM,DESM-100,2016,2017-05-03,10
228956,900228956,DESM,DESM-200,2018,2018-12-01,10
228957,900228957,DESM,DESM-200,2013,2014-09-06,10
228958,900228958,DESM,DESM-100,2020,2021-05-25,10
228959,900228959,DESM,DESM-300,2015,2015-11-07,10
228960,900228960,DESM,DESM-200,2010,2011-07-07,10
228961,900228961,DESM,DESM-300,2022,2023-04-19,10
228962,900228962,DESM,DESM-100,2015,2015-09-01,10
228963,900228963,DESM,DESM-100,2009,2009-10-20,10
228964,900228964,DESM,DESM-100,2010,2011-07-05,10
228965,900228965,DESM,DESM-100,2008,2009-02-28,10
228966,900228966,DESM,DESM-200,2009,2010-04-04,10
228967,900228967,DESM,DESM-100,2010,2011-09-13,10
228968,900228968,DESM,DESM-100,2017,2017-09-30,10
228969,900228969,DESM,DESM-200,2009,2009-11-29,10
228970,900228970,DESM,DESM-300,2016,2016-10-26,10
228971,900228971,DESM,DESM-200,2020,2021-09-07,10
228972,900228972,DESM,DESM-300,2008,2008-05-05,10
228973,900228973,DESM,DESM-100,2023,2023-08-27,10
228974,900228974,DESM,DESM-300,2019,2019-10-24,10
228975,900228975,DESM,DESM-100,2017,2018-04-25,10
228976,900228976,DESM,DESM-100,2017,2017-10-17,10
228977,900228977,DESM,DESM-300,2012,2013-04-19,10
228978,900228978,DESM,DESM-300,2008,2008-11-22,10
228979,900228979,DESM,DESM-300,2022,2022-06-30,10
228980,900228980,DESM,DESM-100,2020,2021-05-05,10
228981,900228981,DESM,DESM-300,2014,2015-04-30,10
228982,900228982,DESM,DESM-100,2020,2020-11-19,10
228983,900228983,DESM,DESM-300,2012,2012-05-02,10
228984,900228984,DESM,DESM-300,2015,2016-03-10,10
228985,900228985,DESM,DESM-300,2015,2015-05-31,10
228986,900228986,DESM,DESM-300,2010,2010-12-29,10
228987,900228987,DESM,DESM-200,2019,2020-01-01,10
228988,900228988,DESM,DESM-300,2008,2009-11-23,10
228989,900228989,DESM,DESM-100,2010,2011-03-10,10
228990,900228990,DESM,DESM-300,2020,2021-01-11,10
228991,900228991,DESM,DESM-100,2023,2024-01-24,10
228992,900228992,DESM,DESM-100,2019,2020-09-11,10
228993,900228993,DESM,DESM-200,2011,2012-05-18,10
228994,900228994,DESM,DESM-200,2013,2013-02-22,10
228995,900228995,DESM,DESM-100,2017,2017-12-07,10
228996,900228996,DESM,DESM-300,2008,2009-02-08,10
228997,900228997,DESM,DESM-200,2009,2010-03-27,10
228998,900228998,DESM,DESM-200,2021,2021-08-12,10
229008,900229008,DESM,DESM-300,2016,2016-05-26,10
229009,900229009,DESM,DESM-200,2019,2019-12-16,10
229010,900229010,DESM,DESM-300,2022,2022-07-23,10
229011,900229011,DESM,DESM-200,2011,2012-03-18,10
229012,900229012,DESM,DESM-100,2022,2023-08-25,10
229013,900229013,DESM,DESM-200,2023,2023-10-22,10
229014,900229014,DESM,DESM-300,2014,2014-10-03,10
229015,900229015,DESM,DESM-300,2015,2015-07-10,10
229016,900229016,DESM,DESM-100,2020,2021-07-06,10
229017,900229017,DESM,DESM-300,2014,2014-09-09,10
229018,900229018,DESM,DESM-100,2011,2012-01-12,10
229019,900229019,DESM,DESM-300,2014,2015-07-09,10
229020,900229020,DESM,DESM-300,2017,2018-11-08,10
229021,900229021,DESM,DESM-200,2023,2023-07-13,10
229022,900229022,DESM,DESM-100,2023,2024-05-12,10
229023,900229023,DESM,DESM-100,2013,2014-02-22,10
229024,900229024,DESM,DESM-200,2013,2013-09-29,10
229025,900229025,DESM,DESM-200,2022,2023-01-15,10
229026,900229026,DESM,DESM-200,2021,2022-06-16,10
229027,900229027,DESM,DESM-300,2022,2022-06-10,10
229028,900229028,DESM,DESM-300,2009,2009-10-17,10
229029,900229029,DESM,DESM-200,2010,2011-04-22,10
229030,900229030,DESM,DESM-100,2017,2017-10-02,10
229031,900229031,DESM,DESM-200,2018,2018-10-16,10
229032,900229032,DESM,DESM-300,2022,2023-04-20,10
229033,900229033,DESM,DESM-200,2020,2021-03-16,10
229034,900229034,DESM,DESM-100,2021,2021-09-19,10
229035,900229035,DESM,DESM-300,2010,2011-05-05,10
229036,900229036,DESM,DESM-200,2010,2010-07-28,10
229037,900229037,DESM,DESM-100,2019,2019-07-12,10
229038,900229038,DESM,DESM-200,2012,2012-08-01,10
229039,900229039,DESM,DESM-100,2008,2008-04-16,10
229040,900229040,DESM,DESM-200,2010,2010-09-12,10
229041,900229041,DESM,DESM-200,2022,2022-06-05,10
229042,900229042,DESM,DESM-300,2008,2009-02-19,10
229043,900229043,DESM,DESM-100,2012,2012-09-11,10
229044,900229044,DESM,DESM-200,2013,2014-03-25,10
229045,900229045,DESM,DESM-300,2022,2023-08-25,10
229046,900229046,DESM,DESM-300,2008,2008-09-16,10
229047,900229047,DESM,DESM-300,2011,2012-02-24,10
229048,900229048,DESM,DESM-300,2012,2013-01-23,10
229049,900229049,DESM,DESM-300,2015,2015-05-02,10
229050,900229050,DESM,DESM-200,2017,2017-11-01,10
229051,900229051,DESM,DESM-300,2015,2016-05-23,10
229052,900229052,DESM,DESM-100,2023,2023-03-10,10
229053,900229053,DESM,DESM-200,2014,2014-11-29,10
229054,900229054,DESM,DESM-200,2013,2013-10-30,10
229055,900229055,DESM,DESM-200,2016,2016-02-06,10
229056,900229056,DESM,DESM-300,2017,2018-08-15,10
229057,900229057,DESM,DESM-300,2022,2023-05-04,10
229058,900229058,DESM,DESM-300,2022,2023-03-10,10
229059,900229059,DESM,DESM-100,2010,2011-02-27,10
229060,900229060,DESM,DESM-100,2016,2017-02-08,10
229061,900229061,DESM,DESM-300,2018,2018-09-02,10
229062,900229062,DESM,DESM-200,2011,2012-02-02,10
229063,900229063,DESM,DESM-200,2010,2010-05-12,10
229064,900229064,DESM,DESM-300,2012,2012-06-17,10
229065,900229065,DESM,DESM-300,2019,2019-09-16,10
229066,900229066,DESM,DESM-100,2019,2019-09-24,10
229067,900229067,DESM,DESM-200,2015,2015-07-13,10
229068,900229068,DESM,DESM-200,2011,2012-03-10,10
229069,900229069,DESM,DESM-300,2013,2013-10-08,10
229070,900229070,DESM,DESM-300,2016,2016-12-06,10
229071,900229071,DESM,DESM-300,2008,2009-05-14,10
229072,900229072,DESM,DESM-100,2021,2021-03-24,10
229073,900229073,DESM,DESM-100,2014,2015-02-17,10
229074,900229074,DESM,DESM-100,2022,2022-11-27,10
229075,900229075,DESM,DESM-200,2017,2017-05-19,10
229076,900229076,DESM,DESM-300,2017,2018-02-25,10
229077,900229077,DESM,DESM-200,2017,2018-04-15,10
229078,900229078,DESM,DESM-200,2017,2018-02-01,10
229079,900229079,DESM,DESM-300,2022,2022-11-27,10
229080,900229080,DESM,DESM-200,2008,2008-09-05,10
229081,900229081,DESM,DESM-300,2017,2018-01-12,10
229082,900229082,DESM,DESM-100,2008,2008-09-09,10
229083,900229083,DESM,DESM-100,2017,2018-01-11,10
229084,900229084,DESM,DESM-200,2023,2023-09-04,10
229085,900229085,DESM,DESM-200,2022,2023-03-05,10
229086,900229086,DESM,DESM-100,2021,2021-08-13,10
229087,900229087,DESM,DESM-300,2021,2022-01-15,10
229088,900229088,DESM,DESM-100,2022,2022-12-30,10
229089,900229089,DESM,DESM-100,2017,2018-02-03,10
229090,900229090,DESM,DESM-200,2010,2011-01-08,10
229091,900229091,DESM,DESM-300,2011,2011-10-21,10
229092,900229092,DESM,DESM-300,2008,2008-12-18,10
229093,900229093,DESM,DESM-200,2017,2018-05-12,10
229094,900229094,DESM,DESM-200,2022,2022-04-22,10
229095,900229095,DESM,DESM-100,2017,2017-08-03,10
229096,900229096,DESM,DESM-100,2020,2020-10-10,10
229097,900229097,DESM,DESM-100,2023,2024-08-31,10
229098,900229098,DESM,DESM-300,2009,2009-11-18,10
229099,900229099,DESM,DESM-300,2019,2019-09-10,10
229100,900229100,DESM,DESM-300,2019,2019-10-09,10
229101,900229101,DESM,DESM-200,2021,2021-08-26,10
229102,900229102,DESM,DESM-100,2018,2019-03-13,10
229103,900229103,DESM,DESM-200,2016,2016-09-05,10
229104,900229104,DESM,DESM-200,2009,2010-04-07,10
229105,900229105,DESM,DESM-300,2023,2024-06-04,10
229106,900229106,DESM,DESM-200,2013,2013-04-07,10
229116,900229116,DESM,DESM-300,2018,2019-05-08,10
229117,900229117,DESM,DESM-100,2015,2016-10-18,10
229118,900229118,DESM,DESM-300,2009,2009-06-20,10
229119,900229119,DESM,DESM-100,2019,2020-02-26,10
229120,900229120,DESM,DESM-100,2012,2013-05-08,10
229121,900229121,DESM,DESM-100,2009,2009-11-05,10
229122,900229122,DESM,DESM-300,2009,2010-04-19,10
229123,900229123,DESM,DESM-100,2010,2010-07-16,10
229124,900229124,DESM,DESM-100,2017,2017-07-01,10
229125,900229125,DESM,DESM-100,2008,2008-04-09,10
229126,900229126,DESM,DESM-300,2019,2020-01-02,10
229127,900229127,DESM,DESM-300,2022,2022-06-04,10
229128,900229128,DESM,DESM-100,2009,2009-05-16,10
229129,900229129,DESM,DESM-300,2015,2016-04-04,10
229130,900229130,DESM,DESM-100,2015,2015-04-05,10
229131,900229131,DESM,DESM-100,2014,2015-08-17,10
229132,900229132,DESM,DESM-300,2010,2011-03-13,10
229133,900229133,DESM,DESM-100,2023,2024-03-26,10
229134,900229134,DESM,DESM-300,2023,2024-08-27,10
229135,900229135,DESM,DESM-200,2013,2013-10-06,10
229136,900229136,DESM,DESM-300,2019,2020-04-15,10
229137,900229137,DESM,DESM-200,2020,2021-04-19,10
229138,900229138,DESM,DESM-200,2016,2016-08-03,10
229139,900229139,DESM,DESM-300,2019,2020-09-24,10
229140,900229140,DESM,DESM-100,2008,2009-04-11,10
229141,900229141,DESM,DESM-200,2015,2015-09-12,10
229142,900229142,DESM,DESM-300,2015,2015-12-04,10
229143,900229143,DESM,DESM-300,2010,2011-01-22,10
229144,900229144,DESM,DESM-100,2019,2019-12-12,10
229145,900229145,DESM,DESM-100,2012,2012-09-19,10
229146,900229146,DESM,DESM-200,2018,2018-07-07,10
229147,900229147,DESM,DESM-300,2016,2016-08-30,10
229148,900229148,DESM,DESM-300,2009,2010-04-27,10
229149,900229149,DESM,DESM-300,2010,2010-04-03,10
229150,900229150,DESM,DESM-100,2022,2023-04-10,10
229151,900229151,DESM,DESM-300,2019,2020-02-10,10
229152,900229152,DESM,DESM-200,2014,2014-11-09,10
229153,900229153,DESM,DESM-200,2019,2019-10-01,10
229154,900229154,DESM,DESM-200,2017,2017-10-06,10
229155,900229155,DESM,DESM-300,2019,2020-01-29,10
229156,900229156,DESM,DESM-300,2010,2010-05-01,10
229157,900229157,DESM,DESM-300,2023,2023-06-26,10
229158,900229158,DESM,DESM-300,2023,2023-10-27,10
229159,900229159,DESM,DESM-100,2009,2010-01-29,10
229160,900229160,DESM,DESM-200,2010,2011-04-28,10
229161,900229161,DESM,DESM-200,2021,2022-10-10,10
229162,900229162,DESM,DESM-200,2019,2019-06-29,10
229163,900229163,DESM,DESM-200,2015,2015-11-24,10
229164,900229164,DESM,DESM-100,2013,2013-12-22,10
229165,900229165,DESM,DESM-100,2018,2019-05-23,10
229166,900229166,DESM,DESM-100,2010,2011-09-04,10
229167,900229167,DESM,DESM-300,2008,2008-09-23,10
229168,900229168,DESM,DESM-100,2020,2021-04-12,10
229169,900229169,DESM,DESM-300,2018,2018-06-21,10
229170,900229170,DESM,DESM-100,2020,2021-02-14,10
229171,900229171,DESM,DESM-100,2012,2013-05-02,10
229172,900229172,DESM,DESM-200,2012,2012-03-04,10
229173,900229173,DESM,DESM-100,2014,2014-12-23,10
229174,900229174,DESM,DESM-200,2019,2019-06-16,10
229175,900229175,DESM,DESM-200,2009,2009-09-02,10
229176,900229176,DESM,DESM-100,2015,2015-11-21,10
229177,900229177,DESM,DESM-200,2015,2015-11-13,10
229178,900229178,DESM,DESM-300,2020,2021-07-03,10
229179,900229179,DESM,DESM-100,2016,2017-05-15,10
229180,900229180,DESM,DESM-300,2019,2019-12-20,10
229181,900229181,DESM,DESM-200,2013,2013-09-19,10
229182,900229182,DESM,DESM-200,2015,2015-10-17,10
229183,900229183,DESM,DESM-200,2021,2022-09-13,10
229184,900229184,DESM,DESM-100,2016,2017-07-05,10
229185,900229185,DESM,DESM-300,2008,2009-08-11,10
229186,900229186,DESM,DESM-100,2013,2014-01-23,10
229187,900229187,DESM,DESM-300,2020,2020-11-10,10
229188,900229188,DESM,DESM-300,2022,2023-01-26,10
229189,900229189,DESM,DESM-200,2014,2015-06-14,10
229190,900229190,DESM,DESM-100,2011,2012-08-11,10
229191,900229191,DESM,DESM-200,2014,2015-03-04,10
229192,900229192,DESM,DESM-200,2020,2020-07-19,10
229193,900229193,DESM,DESM-300,2020,2020-05-20,10
229194,900229194,DESM,DESM-300,2016,2016-06-05,10
229195,900229195,DESM,DESM-200,2013,2013-09-15,10
229196,900229196,DESM,DESM-100,2023,2024-02-24,10
229197,900229197,DESM,DESM-100,2016,2017-04-06,10
229198,900229198,DESM,DESM-100,2023,2023-12-23,10
229199,900229199,DESM,DESM-300,2008,2008-05-20,10
229200,900229200,DESM,DESM-300,2022,2022-08-17,10
229201,900229201,DESM,DESM-300,2008,2008-09-01,10
229202,900229202,DESM,DESM-300,2012,2012-12-13,10
229203,900229203,DESM,DESM-300,2016,2016-04-21,10
229204,900229204,DESM,DESM-300,2008,2009-08-10,10
229205,900229205,DESM,DESM-200,2019,2019-04-24,10
229206,900229206,DESM,DESM-200,2010,2011-04-23,10
229207,900229207,DESM,DESM-200,2009,2009-08-21,10
229216,900229216,DESM,DESM-200,2017,2018-07-18,10
229217,900229217,DESM,DESM-200,2018,2018-08-18,10
229218,900229218,DESM,DESM-200,2015,2015-08-31,10
229219,900229219,DESM,DESM-200,2021,2022-05-06,10
229220,900229220,DESM,DESM-100,2022,2023-05-11,10
229221,900229221,DESM,DESM-200,2008,2008-04-28,10
229222,900229222,DESM,DESM-300,2019,2019-06-24,10
229223,900229223,DESM,DESM-200,2009,2010-01-05,10
229224,900229224,DESM,DESM-200,2020,2020-08-02,10
229225,900229225,DESM,DESM-300,2013,2013-12-23,10
229226,900229226,DESM,DESM-100,2013,2013-10-27,10
229227,900229227,DESM,DESM-300,2020,2020-05-16,10
229228,900229228,DESM,DESM-100,2022,2023-01-30,10
229229,900229229,DESM,DESM-300,2011,2012-02-19,10
229230,900229230,DESM,DESM-300,2010,2011-01-30,10
229231,900229231,DESM,DESM-200,2018,2018-07-23,10
229232,900229232,DESM,DESM-100,2010,2011-03-17,10
229233,900229233,DESM,DESM-100,2019,2019-11-29,10
229234,900229234,DESM,DESM-300,2011,2011-02-24,10
229235,900229235,DESM,DESM-300,2020,2021-03-07,10
229236,900229236,DESM,DESM-100,2016,2016-10-06,10
229237,900229237,DESM,DESM-200,2016,2017-05-23,10
229238,900229238,DESM,DESM-300,2019,2019-09-05,10
229239,900229239,DESM,DESM-300,2019,2019-09-09,10
229240,900229240,DESM,DESM-300,2022,2023-09-20,10
229241,900229241,DESM,DESM-200,2013,2013-09-14,10
229242,900229242,DESM,DESM-100,2012,2013-02-05,10
229243,900229243,DESM,DESM-300,2023,2024-04-11,10
229244,900229244,DESM,DESM-300,2018,2018-09-12,10
229245,900229245,DESM,DESM-100,2022,2022-11-01,10
229246,900229246,DESM,DESM-200,2008,2009-08-22,10
229247,900229247,DESM,DESM-300,2015,2016-01-04,10
229248,900229248,DESM,DESM-200,2020,2020-05-18,10
229249,900229249,DESM,DESM-100,2020,2021-04-10,10
229250,900229250,DESM,DESM-200,2012,2013-01-15,10
229251,900229251,DESM,DESM-200,2021,2021-11-09,10
229252,900229252,DESM,DESM-300,2011,2012-08-02,10
229253,900229253,DESM,DESM-200,2009,2009-09-10,10
229254,900229254,DESM,DESM-200,2012,2013-01-19,10
229255,900229255,DESM,DESM-100,2009,2009-04-15,10
229256,900229256,DESM,DESM-300,2019,2020-06-30,10
229257,900229257,DESM,DESM-100,2012,2013-07-08,10
229258,900229258,DESM,DESM-300,2021,2022-03-11,10
229259,900229259,DESM,DESM-300,2023,2023-07-21,10
229260,900229260,DESM,DESM-300,2022,2023-03-13,10
229261,900229261,DESM,DESM-200,2016,2017-01-31,10
229262,900229262,DESM,DESM-100,2011,2012-04-14,10
229263,900229263,DESM,DESM-200,2012,2012-06-04,10
229264,900229264,DESM,DESM-300,2023,2023-12-11,10
229265,900229265,DESM,DESM-200,2017,2017-12-17,10
229266,900229266,DESM,DESM-200,2018,2019-02-17,10
229267,900229267,DESM,DESM-300,2021,2022-05-20,10
229268,900229268,DESM,DESM-300,2008,2009-07-25,10
229269,900229269,DESM,DESM-300,2021,2022-11-19,10
229270,900229270,DESM,DESM-200,2013,2013-06-08,10
229280,900229280,DESM,DESM-100,2013,2014-06-14,10
229281,900229281,DESM,DESM-300,2010,2011-01-30,10
229282,900229282,DESM,DESM-300,2012,2013-06-22,10
229283,900229283,DESM,DESM-300,2009,2009-08-16,10
229284,900229284,DESM,DESM-100,2016,2016-10-23,10
229285,900229285,DESM,DESM-300,2018,2019-01-30,10
229286,900229286,DESM,DESM-300,2017,2018-02-19,10
229287,900229287,DESM,DESM-300,2014,2014-05-21,10
229288,900229288,DESM,DESM-100,2009,2010-07-10,10
229289,900229289,DESM,DESM-200,2017,2018-06-01,10
229290,900229290,DESM,DESM-100,2012,2012-12-10,10
229291,900229291,DESM,DESM-100,2009,2009-12-19,10
229292,900229292,DESM,DESM-100,2008,2009-01-16,10
229293,900229293,DESM,DESM-100,2021,2021-12-26,10
229294,900229294,DESM,DESM-100,2010,2011-03-08,10
229295,900229295,DESM,DESM-100,2022,2023-03-17,10
229296,900229296,DESM,DESM-300,2018,2019-03-27,10
229297,900229297,DESM,DESM-200,2021,2022-01-16,10
229298,900229298,DESM,DESM-300,2012,2012-11-22,10
229299,900229299,DESM,DESM-300,2022,2022-10-12,10
229300,900229300,DESM,DESM-100,2016,2016-12-16,10
229301,900229301,DESM,DESM-200,2018,2018-11-01,10
229302,900229302,DESM,DESM-100,2022,2023-11-20,10
229303,900229303,DESM,DESM-100,2011,2011-09-07,10
229304,900229304,DESM,DESM-300,2008,2009-01-16,10
229305,900229305,DESM,DESM-300,2014,2014-10-09,10
229306,900229306,DESM,DESM-100,2009,2010-05-17,10
229307,900229307,DESM,DESM-200,2019,2019-11-10,10
229308,900229308,DESM,DESM-300,2011,2011-12-15,10
229309,900229309,DESM,DESM-100,2009,2009-10-03,10
229310,900229310,DESM,DESM-100,2015,2016-01-10,10
229311,900229311,DESM,DESM-200,2016,2017-05-05,10
229312,900229312,DESM,DESM-300,2011,2012-01-05,10
229313,900229313,DESM,DESM-300,2021,2021-09-05,10
229314,900229314,DESM,DESM-100,2009,2009-12-14,10
229315,900229315,DESM,DESM-300,2014,2014-04-26,10
229316,900229316,DESM,DESM-300,2012,2012-07-23,10
229318,900229318,DESM,DESM-300,2008,2009-05-25,10
229319,900229319,DESM,DESM-100,2013,2013-11-17,10
229320,900229320,DESM,DESM-200,2018,2019-03-02,10
229321,900229321,DESM,DESM-200,2021,2022-06-27,10
229322,900229322,DESM,DESM-100,2013,2013-12-23,10
229323,900229323,DESM,DESM-100,2019,2020-03-05,10
229324,900229324,DESM,DESM-100,2023,2024-04-11,10
229325,900229325,DESM,DESM-100,2008,2009-01-11,10
229326,900229326,DESM,DESM-200,2021,2021-10-31,10
229327,900229327,DESM,DESM-300,2022,2022-11-22,10
229328,900229328,DESM,DESM-100,2019,2020-02-26,10
229329,900229329,DESM,DESM-200,2015,2016-04-15,10
229330,900229330,DESM,DESM-300,2012,2012-05-08,10
229331,900229331,DESM,DESM-200,2013,2013-08-29,10
229332,900229332,DESM,DESM-100,2008,2009-01-30,10
229333,900229333,DESM,DESM-200,2020,2021-01-19,10
229334,900229334,DESM,DESM-200,2015,2015-08-31,10
229335,900229335,DESM,DESM-100,2020,2020-11-25,10
229336,900229336,DESM,DESM-100,2019,2019-09-21,10
229337,900229337,DESM,DESM-200,2021,2022-08-20,10
229338,900229338,DESM,DESM-300,2016,2017-06-30,10
229339,900229339,DESM,DESM-300,2022,2023-05-03,10
229340,900229340,DESM,DESM-300,2020,2020-08-16,10
229341,900229341,DESM,DESM-100,2021,2022-09-14,10
229342,900229342,DESM,DESM-300,2008,2008-06-02,10
229343,900229343,DESM,DESM-200,2020,2021-01-06,10
229344,900229344,DESM,DESM-200,2012,2012-11-03,10
229345,900229345,DESM,DESM-200,2019,2019-09-11,10
229346,900229346,DESM,DESM-100,2008,2008-08-14,10
229348,900229348,DESM,DESM-100,2016,2016-10-17,10
229349,900229349,DESM,DESM-100,2021,2021-08-10,10
229350,900229350,DESM,DESM-300,2017,2018-01-14,10
229351,900229351,DESM,DESM-100,2023,2024-06-25,10
229352,900229352,DESM,DESM-100,2016,2016-12-12,10
229353,900229353,DESM,DESM-100,2012,2012-12-10,10
229356,900229356,DESM,DESM-200,2014,2014-10-01,10
229357,900229357,DESM,DESM-100,2008,2009-02-04,10
229358,900229358,DESM,DESM-300,2019,2019-06-28,10
229359,900229359,DESM,DESM-200,2019,2019-08-18,10
229360,900229360,DESM,DESM-200,2012,2013-05-27,10
229361,900229361,DESM,DESM-100,2012,2012-05-12,10
229362,900229362,DESM,DESM-100,2013,2013-12-11,10
229363,900229363,DESM,DESM-200,2010,2011-06-03,10
229364,900229364,DESM,DESM-200,2023,2024-07-11,10
229365,900229365,DESM,DESM-100,2009,2009-11-03,10
229366,900229366,DESM,DESM-200,2016,2017-06-01,10
229367,900229367,DESM,DESM-300,2020,2020-06-20,10
229368,900229368,DESM,DESM-200,2015,2016-03-01,10
229369,900229369,DESM,DESM-300,2013,2014-01-30,10
229370,900229370,DESM,DESM-100,2011,2011-10-17,10
229371,900229371,DESM,DESM-200,2010,2010-08-12,10
229372,900229372,DESM,DESM-200,2015,2015-09-30,10
229373,900229373,DESM,DESM-300,2019,2020-06-29,10
229374,900229374,DESM,DESM-200,2010,2010-05-27,10
229375,900229375,DESM,DESM-200,2014,2015-05-09,10
229376,900229376,DESM,DESM-300,2020,2020-10-13,10
229377,900229377,DESM,DESM-100,2014,2015-02-20,10
229378,900229378,DESM,DESM-200,2014,2015-02-25,10
229379,900229379,DESM,DESM-200,2020,2020-05-27,10
229380,900229380,DESM,DESM-300,2011,2012-02-14,10
229381,900229381,DESM,DESM-100,2020,2020-12-13,10
229382,900229382,DESM,DESM-300,2012,2012-12-30,10
229383,900229383,DESM,DESM-300,2010,2010-08-07,10
229384,900229384,DESM,DESM-100,2019,2019-11-24,10
229385,900229385,DESM,DESM-100,2019,2019-10-20,10
229386,900229386,DESM,DESM-100,2018,2019-01-23,10
229387,900229387,DESM,DESM-300,2016,2017-06-21,10
229388,900229388,DESM,DESM-200,2008,2008-10-22,10
229389,900229389,DESM,DESM-100,2017,2017-09-09,10
229390,900229390,DESM,DESM-300,2008,2008-12-24,10
229391,900229391,DESM,DESM-100,2021,2021-11-02,10
229392,900229392,DESM,DESM-300,2009,2009-08-06,10
229393,900229393,DESM,DESM-300,2017,2017-06-29,10
229394,900229394,DESM,DESM-100,2013,2014-01-13,10
229395,900229395,DESM,DESM-200,2012,2013-01-27,10
229396,900229396,DESM,DESM-300,2022,2023-02-02,10
229397,900229397,DESM,DESM-200,2009,2009-10-29,10
229398,900229398,DESM,DESM-300,2011,2011-10-05,10
229399,900229399,DESM,DESM-300,2014,2015-05-06,10
229400,900229400,DESM,DESM-200,2022,2022-12-05,10
229401,900229401,DESM,DESM-300,2008,2008-07-13,10
229402,900229402,DESM,DESM-100,2008,2009-02-18,10
229403,900229403,DESM,DESM-300,2020,2020-09-09,10
229404,900229404,DESM,DESM-100,2023,2023-02-16,10
229405,900229405,DESM,DESM-100,2015,2016-03-28,10
229406,900229406,DESM,DESM-100,2013,2014-04-22,10
229407,900229407,DESM,DESM-300,2010,2010-07-12,10
229408,900229408,DESM,DESM-200,2021,2022-01-11,10
229409,900229409,DESM,DESM-300,2009,2010-06-19,10
229410,900229410,DESM,DESM-300,2021,2021-12-11,10
229411,900229411,DESM,DESM-300,2017,2017-04-13,10
229412,900229412,DESM,DESM-100,2014,2015-10-07,10
229413,900229413,DESM,DESM-100,2018,2019-09-13,10
229414,900229414,DESM,DESM-100,2015,2015-12-15,10
229415,900229415,DESM,DESM-300,2014,2015-02-04,10
229416,900229416,DESM,DESM-300,2017,2017-08-19,10
229417,900229417,DESM,DESM-100,2015,2015-12-23,10
229418,900229418,DESM,DESM-200,2014,2014-10-06,10
229419,900229419,DESM,DESM-200,2012,2012-10-15,10
229420,900229420,DESM,DESM-200,2012,2013-05-02,10
229421,900229421,DESM,DESM-100,2013,2013-08-17,10
229422,900229422,DESM,DESM-200,2013,2013-09-25,10
229423,900229423,DESM,DESM-300,2016,2017-06-24,10
229424,900229424,DESM,DESM-200,2013,2014-08-22,10
229425,900229425,DESM,DESM-200,2015,2016-05-25,10
229426,900229426,DESM,DESM-100,2012,2013-01-11,10
229427,900229427,DESM,DESM-100,2015,2015-09-12,10
229428,900229428,DESM,DESM-300,2010,2010-11-10,10
229429,900229429,DESM,DESM-100,2021,2021-11-24,10
229430,900229430,DESM,DESM-100,2020,2021-04-21,10
229431,900229431,DESM,DESM-100,2013,2013-12-24,10
229432,900229432,DESM,DESM-300,2013,2014-01-28,10
229433,900229433,DESM,DESM-200,2018,2019-02-17,10
229434,900229434,DESM,DESM-300,2012,2012-12-30,10
229437,900229437,DESM,DESM-200,2023,2023-11-28,10
229438,900229438,DESM,DESM-100,2020,2021-03-26,10
229439,900229439,DESM,DESM-100,2011,2012-07-06,10
229440,900229440,DESM,DESM-200,2017,2018-05-28,10
229441,900229441,DESM,DESM-100,2009,2010-01-14,10
229442,900229442,DESM,DESM-300,2018,2019-03-30,10
229443,900229443,DESM,DESM-100,2012,2012-05-12,10
229444,900229444,DESM,DESM-200,2015,2015-04-07,10
229445,900229445,DESM,DESM-300,2010,2011-03-24,10
229446,900229446,DESM,DESM-200,2018,2019-07-07,10
229447,900229447,DESM,DESM-300,2021,2021-10-19,10
229448,900229448,DESM,DESM-300,2022,2022-05-05,10
229449,900229449,DESM,DESM-200,2011,2011-11-22,10
229450,900229450,DESM,DESM-200,2010,2010-08-01,10
229451,900229451,DESM,DESM-100,2015,2015-10-13,10
229452,900229452,DESM,DESM-100,2016,2017-01-02,10
229453,900229453,DESM,DESM-300,2023,2024-01-08,10
229454,900229454,DESM,DESM-100,2010,2011-03-02,10
229455,900229455,DESM,DESM-200,2023,2023-12-29,10
229456,900229456,DESM,DESM-100,2008,2009-01-22,10
229457,900229457,DESM,DESM-100,2020,2021-03-02,10
229458,900229458,DESM,DESM-300,2022,2022-09-28,10
229459,900229459,DESM,DESM-200,2018,2018-11-12,10
229460,900229460,DESM,DESM-300,2013,2013-05-31,10
229461,900229461,DESM,DESM-200,2020,2020-12-15,10
229462,900229462,DESM,DESM-200,2018,2018-02-22,10
229463,900229463,DESM,DESM-200,2011,2011-08-09,10
229464,900229464,DESM,DESM-200,2008,2009-03-12,10
229465,900229465,DESM,DESM-100,2008,2008-11-02,10
229466,900229466,DESM,DESM-300,2018,2018-12-11,10
229467,900229467,DESM,DESM-300,2022,2023-05-31,10
229468,900229468,DESM,DESM-100,2021,2021-07-15,10
229469,900229469,DESM,DESM-300,2017,2018-06-06,10
229470,900229470,DESM,DESM-200,2020,2021-01-30,10
229471,900229471,DESM,DESM-300,2014,2015-03-04,10
229472,900229472,DESM,DESM-300,2019,2020-01-05,10
229473,900229473,DESM,DESM-100,2015,2015-09-15,10
229474,900229474,DESM,DESM-100,2016,2016-05-03,10
229475,900229475,DESM,DESM-200,2017,2017-03-26,10
229476,900229476,DESM,DESM-300,2010,2011-08-27,10
229477,900229477,DESM,DESM-300,2023,2023-08-07,10
229478,900229478,DESM,DESM-200,2021,2021-05-07,10
229479,900229479,DESM,DESM-300,2017,2018-01-22,10
229480,900229480,DESM,DESM-200,2015,2016-04-01,10
229481,900229481,DESM,DESM-100,2017,2017-11-13,10
229482,900229482,DESM,DESM-100,2011,2012-08-29,10
229483,900229483,DESM,DESM-200,2018,2018-10-31,10
229484,900229484,DESM,DESM-200,2009,2010-03-06,10
229485,900229485,DESM,DESM-200,2010,2011-04-16,10
229486,900229486,DESM,DESM-200,2021,2021-09-21,10
229487,900229487,DESM,DESM-200,2018,2018-07-10,10
229488,900229488,DESM,DESM-100,2020,2020-05-24,10
229489,900229489,DESM,DESM-200,2019,2020-04-22,10
229490,900229490,DESM,DESM-300,2011,2012-07-23,10
229491,900229491,DESM,DESM-100,2013,2013-09-02,10
229492,900229492,DESM,DESM-200,2017,2017-09-13,10
229493,900229493,DESM,DESM-200,2019,2019-10-26,10
229494,900229494,DESM,DESM-100,2016,2017-03-18,10
229495,900229495,DESM,DESM-200,2008,2008-04-15,10
229496,900229496,DESM,DESM-300,2016,2017-04-08,10
229497,900229497,DESM,DESM-200,2022,2023-05-10,10
229498,900229498,DESM,DESM-200,2019,2019-06-10,10
229499,900229499,DESM,DESM-300,2020,2020-06-14,10
229500,900229500,DESM,DESM-100,2009,2009-11-28,10
229501,900229501,DESM,DESM-200,2021,2021-07-23,10
229502,900229502,DESM,DESM-200,2018,2019-03-23,10
229503,900229503,DESM,DESM-200,2018,2018-12-14,10
229504,900229504,DESM,DESM-100,2017,2018-05-22,10
229505,900229505,DESM,DESM-200,2014,2014-06-23,10
229506,900229506,DESM,DESM-300,2016,2017-01-29,10
229507,900229507,DESM,DESM-200,2013,2014-07-28,10
229508,900229508,DESM,DESM-100,2021,2021-04-07,10
229509,900229509,DESM,DESM-200,2023,2024-06-23,10
229510,900229510,DESM,DESM-100,2016,2016-03-12,10
229513,900229513,DESM,DESM-100,2011,2012-02-03,10
229514,900229514,DESM,DESM-200,2019,2020-05-01,10
229515,900229515,DESM,DESM-200,2019,2020-01-10,10
229516,900229516,DESM,DESM-100,2019,2019-08-31,10
229517,900229517,DESM,DESM-200,2018,2019-01-04,10
229518,900229518,DESM,DESM-100,2019,2019-12-24,10
229519,900229519,DESM,DESM-100,2018,2018-07-26,10
229520,900229520,DESM,DESM-100,2012,2012-07-03,10
229521,900229521,DESM,DESM-300,2010,2011-02-28,10
229522,900229522,DESM,DESM-300,2008,2008-10-13,10
229523,900229523,DESM,DESM-200,2016,2016-12-31,10
229524,900229524,DESM,DESM-200,2020,2021-07-26,10
229525,900229525,DESM,DESM-300,2020,2021-04-25,10
229526,900229526,DESM,DESM-100,2008,2009-02-12,10
229527,900229527,DESM,DESM-200,2010,2010-09-02,10
229529,900229529,DESM,DESM-100,2013,2014-07-13,10
229530,900229530,DESM,DESM-200,2022,2023-07-17,10
229531,900229531,DESM,DESM-200,2021,2021-07-29,10
229532,900229532,DESM,DESM-100,2017,2017-11-01,10
229533,900229533,DESM,DESM-200,2009,2009-09-04,10
229534,900229534,DESM,DESM-100,2017,2017-06-24,10
229535,900229535,DESM,DESM-200,2009,2009-10-04,10
229536,900229536,DESM,DESM-300,2021,2021-10-28,10
229537,900229537,DESM,DESM-300,2016,2017-07-21,10
229538,900229538,DESM,DESM-100,2009,2009-10-09,10
229539,900229539,DESM,DESM-100,2013,2013-12-17,10
229540,900229540,DESM,DESM-300,2011,2011-09-30,10
229541,900229541,DESM,DESM-200,2021,2022-02-25,10
229542,900229542,DESM,DESM-300,2019,2019-09-22,10
229543,900229543,DESM,DESM-300,2013,2014-05-07,10
229544,900229544,DESM,DESM-300,2008,2009-04-01,10
229545,900229545,DESM,DESM-300,2008,2008-12-26,10
229546,900229546,DESM,DESM-300,2019,2019-10-01,10
229547,900229547,DESM,DESM-100,2012,2012-12-30,10
229548,900229548,DESM,DESM-100,2021,2022-04-25,10
229549,900229549,DESM,DESM-200,2015,2016-05-12,10
229550,900229550,DESM,DESM-200,2015,2015-12-11,10
229551,900229551,DESM,DESM-100,2018,2018-04-23,10
229552,900229552,DESM,DESM-300,2020,2021-06-13,10
229553,900229553,DESM,DESM-100,2019,2019-12-14,10
229554,900229554,DESM,DESM-300,2013,2013-12-12,10
229555,900229555,DESM,DESM-200,2014,2014-10-10,10
229556,900229556,DESM,DESM-100,2020,2021-03-30,10
229557,900229557,DESM,DESM-300,2021,2021-07-02,10
229558,900229558,DESM,DESM-300,2013,2014-04-10,10
229559,900229559,DESM,DESM-100,2020,2021-06-08,10
229560,900229560,DESM,DESM-300,2010,2011-09-09,10
229561,900229561,DESM,DESM-200,2017,2017-12-15,10
229562,900229562,DESM,DESM-100,2010,2010-08-03,10
229563,900229563,DESM,DESM-100,2008,2008-05-25,10
229564,900229564,DESM,DESM-300,2019,2020-04-23,10
229565,900229565,DESM,DESM-100,2023,2023-11-18,10
229566,900229566,DESM,DESM-200,2008,2008-02-11,10
229567,900229567,DESM,DESM-200,2015,2016-04-23,10
229568,900229568,DESM,DESM-200,2022,2023-03-08,10
229569,900229569,DESM,DESM-100,2012,2013-01-22,10
229570,900229570,DESM,DESM-300,2022,2022-12-29,10
229571,900229571,DESM,DESM-100,2021,2021-12-15,10
229572,900229572,DESM,DESM-200,2017,2017-05-14,10
229573,900229573,DESM,DESM-100,2018,2019-08-08,10
229574,900229574,DESM,DESM-300,2015,2016-06-07,10
229575,900229575,DESM,DESM-200,2017,2018-05-18,10
229576,900229576,DESM,DESM-100,2008,2009-09-30,10
229577,900229577,DESM,DESM-100,2010,2010-08-21,10
229578,900229578,DESM,DESM-200,2010,2011-01-22,10
229579,900229579,DESM,DESM-100,2020,2020-06-13,10
229580,900229580,DESM,DESM-200,2015,2016-06-02,10
229581,900229581,DESM,DESM-200,2019,2019-12-05,10
229584,900229584,ATFA,ATFA-100,2017,2018-06-24,15
229585,900229585,SWMS,SWMS-100,2020,2021-02-20,15
229587,900229587,PUCE,PUCE-100,2013,2014-04-16,10
229588,900229588,PUCE,PUCE-100,2023,2024-05-02,10
229590,900229590,PUCE,PUCE-200,2015,2016-08-28,10
229592,900229592,ATFA,ATFA-100,2023,2023-04-13,15
229593,900229593,SWPH,SWPH-100,2012,2013-07-03,12
229594,900229594,SWPH,SWPH-200,2019,2019-08-30,12
229595,900229595,SWMS,SWMS-200,2010,2010-11-30,15
229597,900229597,SWPH,SWPH-200,2022,2023-06-14,12
229598,900229598,SWPH,SWPH-200,2017,2017-04-13,12
229599,900229599,SWPH,SWPH-100,2012,2012-11-09,12
229600,900229600,SWPH,SWPH-300,2009,2010-02-24,12
229601,900229601,SWMS,SWMS-100,2013,2013-12-18,15
229602,900229602,SWMS,SWMS-100,2016,2017-03-16,15
229604,900229604,SWPH,SWPH-100,2010,2011-08-04,12
229605,900229605,SWPH,SWPH-300,2023,2024-04-13,12
229606,900229606,SWMS,SWMS-200,2018,2019-06-18,15
229607,900229607,SWMS,SWMS-300,2012,2013-10-01,15
229609,900229609,SWPH,SWPH-100,2019,2020-08-21,12
229610,900229610,SWPH,SWPH-300,2015,2016-04-08,12
229611,900229611,SWMS,SWMS-100,2014,2014-11-22,15
229612,900229612,SWMS,SWMS-300,2015,2015-05-30,15
229614,900229614,SWPH,SWPH-200,2012,2013-02-13,12
229615,900229615,SWPH,SWPH-200,2013,2014-05-24,12
229616,900229616,SWMS,SWMS-200,2012,2013-02-06,15
229617,900229617,SWMS,SWMS-300,2009,2009-10-28,15
229619,900229619,SWPH,SWPH-200,2009,2009-12-18,12
229620,900229620,SWPH,SWPH-100,2022,2023-03-02,12
229621,900229621,SWPH,SWPH-100,2009,2009-11-20,12
229622,900229622,SWMS,SWMS-100,2018,2019-08-01,15
229624,900229624,ATFA,ATFA-200,2010,2011-06-10,15
229625,900229625,SWPH,SWPH-100,2014,2015-01-23,12
229626,900229626,SWPH,SWPH-200,2020,2020-12-19,12
229627,900229627,SWMS,SWMS-100,2010,2010-10-27,15
229629,900229629,ATFA,ATFA-100,2013,2014-05-29,15
229630,900229630,SWPH,SWPH-300,2020,2021-05-01,12
229631,900229631,SWPH,SWPH-100,2014,2014-09-15,12
229632,900229632,SWMS,SWMS-300,2017,2018-02-17,15
229634,900229634,ATFA,ATFA-300,2015,2016-04-19,15
229635,900229635,SWPH,SWPH-200,2019,2019-07-19,12
229636,900229636,SWPH,SWPH-100,2011,2011-08-20,12
229637,900229637,SWMS,SWMS-300,2012,2012-09-19,15
229639,900229639,ATFA,ATFA-300,2008,2008-10-27,15
229640,900229640,SWMS,SWMS-300,2008,2008-08-15,15
229642,900229642,ATFA,ATFA-100,2023,2023-02-01,15
229643,900229643,SWPH,SWPH-300,2016,2016-10-03,12
229644,900229644,SWPH,SWPH-100,2018,2018-07-10,12
229645,900229645,SWMS,SWMS-100,2018,2019-05-05,15
229647,900229647,ATFA,ATFA-200,2020,2021-04-21,15
229648,900229648,SWPH,SWPH-300,2023,2024-02-18,12
229649,900229649,SWPH,SWPH-200,2017,2018-09-01,12
229650,900229650,SWMS,SWMS-200,2023,2023-11-21,15
229652,900229652,ATFA,ATFA-200,2019,2019-03-08,15
229653,900229653,SWPH,SWPH-200,2018,2018-07-21,12
229654,900229654,SWPH,SWPH-200,2021,2021-09-05,12
229655,900229655,SWMS,SWMS-300,2016,2017-01-22,15
229657,900229657,PUCE,PUCE-200,2021,2021-12-08,10
229660,900229660,PUCE,PUCE-300,2016,2016-06-28,10
229662,900229662,SWPH,SWPH-300,2022,2022-05-20,12
229663,900229663,ATFA,ATFA-100,2017,2018-02-15,15
229664,900229664,SWMS,SWMS-300,2014,2015-01-02,15
229666,900229666,SWPH,SWPH-300,2019,2019-08-28,12
229667,900229667,SWPH,SWPH-300,2008,2008-06-30,12
229668,900229668,SWMS,SWMS-200,2012,2012-10-06,15
229669,900229669,SWMS,SWMS-300,2013,2014-05-08,15
229671,900229671,SWPH,SWPH-200,2016,2017-01-10,12
229672,900229672,SWPH,SWPH-300,2016,2017-05-29,12
229673,900229673,SWMS,SWMS-300,2016,2017-06-01,15
229674,900229674,SWMS,SWMS-200,2010,2010-12-30,15
229676,900229676,SWPH,SWPH-200,2015,2015-06-08,12
229677,900229677,ATFA,ATFA-100,2016,2017-04-27,15
229678,900229678,SWMS,SWMS-300,2020,2020-10-05,15
229679,900229679,SWMS,SWMS-100,2015,2016-03-05,15
229681,900229681,SWPH,SWPH-100,2020,2021-04-17,12
229682,900229682,SWPH,SWPH-100,2023,2023-11-23,12
229683,900229683,SWMS,SWMS-300,2019,2019-08-11,15
229684,900229684,SWMS,SWMS-100,2021,2021-09-29,15
229686,900229686,SWPH,SWPH-100,2009,2010-06-06,12
229687,900229687,SWPH,SWPH-200,2012,2013-02-26,12
229688,900229688,SWMS,SWMS-100,2018,2019-01-03,15
229689,900229689,SWMS,SWMS-200,2019,2019-12-31,15
229691,900229691,SWPH,SWPH-300,2019,2019-07-04,12
229692,900229692,SWPH,SWPH-100,2015,2015-07-03,12
229693,900229693,SWPH,SWPH-100,2012,2012-09-28,12
229694,900229694,SWPH,SWPH-200,2023,2024-06-23,12
229695,900229695,SWMS,SWMS-100,2020,2021-08-04,15
229697,900229697,ATFA,ATFA-100,2016,2017-02-11,15
229698,900229698,SWPH,SWPH-100,2017,2017-10-07,12
229699,900229699,SWMS,SWMS-100,2011,2012-05-18,15
229701,900229701,ATFA,ATFA-300,2013,2013-12-06,15
229702,900229702,SWPH,SWPH-200,2021,2021-01-31,12
229703,900229703,SWMS,SWMS-200,2019,2019-08-24,15
229705,900229705,ATFA,ATFA-300,2018,2019-04-07,15
229706,900229706,SWPH,SWPH-300,2020,2021-02-09,12
229707,900229707,SWMS,SWMS-200,2017,2018-02-06,15
229709,900229709,PUCE,PUCE-300,2023,2023-12-06,10
229712,900229712,PUCE,PUCE-300,2010,2010-05-13,10
229714,900229714,ATFA,ATFA-100,2015,2015-06-02,15
229715,900229715,SWPH,SWPH-100,2008,2009-09-26,12
229716,900229716,SWMS,SWMS-200,2017,2018-03-30,15
229736,900229736,SWUR,SWUR-100,2017,2017-10-31,12
229742,900229742,SWUR,SWUR-200,2010,2011-01-18,12
229748,900229748,SWUR,SWUR-100,2020,2021-05-23,12
229754,900229754,SWUR,SWUR-200,2016,2017-02-12,12
229760,900229760,SWUR,SWUR-200,2020,2020-10-06,12
229766,900229766,SWUR,SWUR-100,2013,2014-04-22,12
229772,900229772,SWUR,SWUR-200,2017,2018-09-20,12
229778,900229778,SWUR,SWUR-100,2019,2020-11-19,12
229784,900229784,SWUR,SWUR-100,2012,2013-02-04,12
229790,900229790,SWUR,SWUR-200,2023,2024-11-10,12
229796,900229796,SWUR,SWUR-200,2015,2015-10-18,12
229802,900229802,SWUR,SWUR-300,2014,2014-07-31,12
229808,900229808,SWUR,SWUR-200,2010,2011-02-06,12
229814,900229814,SWUR,SWUR-100,2020,2021-06-08,12
229820,900229820,SWUR,SWUR-100,2009,2009-07-23,12
229826,900229826,SWUR,SWUR-300,2019,2020-02-24,12
229832,900229832,SWUR,SWUR-200,2013,2014-06-14,12
229838,900229838,SWUR,SWUR-300,2017,2018-08-20,12
229844,900229844,SWUR,SWUR-300,2014,2014-07-16,12
229850,900229850,SWUR,SWUR-100,2008,2008-10-16,12
229856,900229856,SWUR,SWUR-300,2010,2011-02-20,12
229862,900229862,SWUR,SWUR-200,2016,2017-07-11,12
229868,900229868,SWUR,SWUR-100,2014,2015-03-02,12
229874,900229874,SWUR,SWUR-200,2010,2011-09-20,12
229880,900229880,SWUR,SWUR-100,2014,2014-11-24,12
229886,900229886,SWUR,SWUR-100,2015,2016-11-20,12
229892,900229892,SWUR,SWUR-200,2013,2014-06-28,12
229898,900229898,SWUR,SWUR-100,2010,2010-12-14,12
229904,900229904,SWUR,SWUR-100,2014,2014-09-25,12
229910,900229910,SWUR,SWUR-100,2014,2014-11-01,12
229916,900229916,SWUR,SWUR-200,2022,2022-12-02,12
229922,900229922,SWUR,SWUR-200,2022,2023-03-23,12
229928,900229928,SWUR,SWUR-300,2008,2008-06-11,12
229934,900229934,SWUR,SWUR-300,2013,2013-09-07,12
229940,900229940,SWUR,SWUR-100,2018,2019-02-16,12
229946,900229946,SWUR,SWUR-100,2016,2016-11-01,12
229952,900229952,SWUR,SWUR-100,2012,2012-08-12,12
229958,900229958,SWUR,SWUR-300,2008,2008-09-02,12
229964,900229964,SWUR,SWUR-200,2016,2016-12-21,12
229970,900229970,SWUR,SWUR-100,2023,2023-09-05,12
229976,900229976,SWUR,SWUR-100,2020,2021-03-26,12
229982,900229982,SWUR,SWUR-200,2017,2017-10-02,12
229988,900229988,SWUR,SWUR-300,2012,2012-11-13,12
229994,900229994,SWUR,SWUR-100,2014,2015-06-13,12
230000,900230000,SWUR,SWUR-200,2023,2024-01-09,12
230006,900230006,SWUR,SWUR-200,2009,2010-06-23,12
230012,900230012,SWUR,SWUR-200,2020,2021-06-15,12
230018,900230018,SWUR,SWUR-300,2019,2020-02-29,12
230024,900230024,SWUR,SWUR-300,2011,2012-01-13,12
230030,900230030,SWUR,SWUR-100,2020,2020-07-11,12
230036,900230036,SWUR,SWUR-200,2016,2017-07-10,12
230042,900230042,SWUR,SWUR-300,2023,2023-12-11,12
230048,900230048,SWUR,SWUR-200,2008,2008-12-17,12
230054,900230054,SWUR,SWUR-100,2016,2017-05-16,12
230060,900230060,SWUR,SWUR-200,2023,2023-08-04,12
230066,900230066,SWUR,SWUR-300,2014,2015-02-21,12
230072,900230072,SWUR,SWUR-100,2011,2011-12-04,12
230078,900230078,SWUR,SWUR-200,2009,2009-11-01,12
230084,900230084,SWUR,SWUR-100,2012,2012-10-05,12
230090,900230090,SWUR,SWUR-100,2017,2017-09-01,12
230096,900230096,SWUR,SWUR-300,2022,2022-10-15,12
230102,900230102,SWUR,SWUR-300,2019,2019-02-08,12
230108,900230108,SWUR,SWUR-300,2015,2015-07-07,12
230114,900230114,SWUR,SWUR-200,2016,2016-11-20,12
230120,900230120,SWUR,SWUR-300,2008,2009-10-03,12
230126,900230126,SWUR,SWUR-100,2015,2015-12-15,12
230138,900230138,SWUR,SWUR-300,2021,2021-12-26,12
230144,900230144,SWUR,SWUR-300,2023,2024-04-04,12
230150,900230150,SWUR,SWUR-200,2016,2016-05-09,12
230162,900230162,SWUR,SWUR-300,2013,2014-06-01,12
230168,900230168,SWUR,SWUR-100,2023,2023-09-26,12
230174,900230174,SWUR,SWUR-200,2017,2017-02-10,12
230180,900230180,SWUR,SWUR-200,2020,2020-09-28,12
230186,900230186,SWUR,SWUR-100,2018,2019-05-30,12
230192,900230192,SWUR,SWUR-200,2021,2021-01-31,12
230198,900230198,SWUR,SWUR-100,2017,2017-08-02,12
230204,900230204,SWUR,SWUR-100,2010,2011-01-23,12
230210,900230210,SWUR,SWUR-300,2015,2016-01-08,12
230216,900230216,SWUR,SWUR-100,2017,2017-09-13,12
230222,900230222,SWUR,SWUR-100,2021,2022-01-06,12
230228,900230228,SWUR,SWUR-300,2009,2009-09-23,12
230234,900230234,SWUR,SWUR-300,2015,2015-05-08,12
230240,900230240,SWUR,SWUR-300,2013,2013-03-15,12
230246,900230246,SWUR,SWUR-100,2014,2014-12-17,12
230252,900230252,SWUR,SWUR-200,2014,2015-11-06,12
230258,900230258,SWUR,SWUR-100,2009,2009-06-29,12
230264,900230264,SWUR,SWUR-200,2013,2014-02-20,12
230270,900230270,SWUR,SWUR-100,2017,2018-01-24,12
230276,900230276,SWUR,SWUR-100,2022,2023-02-28,12
230282,900230282,SWUR,SWUR-100,2018,2019-01-27,12
230288,900230288,SWUR,SWUR-300,2015,2015-08-09,12
230294,900230294,SWUR,SWUR-100,2008,2009-02-25,12
230300,900230300,SWUR,SWUR-300,2013,2013-11-30,12
230306,900230306,SWUR,SWUR-300,2010,2010-11-19,12
230312,900230312,SWUR,SWUR-200,2008,2009-03-30,12
230318,900230318,SWUR,SWUR-300,2018,2018-11-09,12
230324,900230324,SWUR,SWUR-200,2017,2017-08-28,12
230330,900230330,SWUR,SWUR-300,2022,2022-10-01,12
230336,900230336,SWUR,SWUR-100,2022,2022-12-18,12
230342,900230342,SWUR,SWUR-100,2015,2016-01-24,12
230348,900230348,SWUR,SWUR-300,2016,2017-06-02,12
230354,900230354,SWUR,SWUR-300,2021,2022-04-22,12
230360,900230360,SWUR,SWUR-300,2013,2014-01-26,12
230366,900230366,SWUR,SWUR-300,2016,2016-06-20,12
230372,900230372,SWUR,SWUR-300,2009,2010-01-02,12
230378,900230378,DEGD,DEGD-100,2014,2015-02-08,10
230383,900230383,DEGD,DEGD-100,2009,2009-08-28,10
230388,900230388,DEGD,DEGD-200,2011,2012-07-02,10
230393,900230393,DEGD,DEGD-200,2019,2019-10-17,10
230398,900230398,DEGD,DEGD-300,2011,2012-08-11,10
230403,900230403,DEGD,DEGD-300,2012,2013-01-09,10
230408,900230408,DEGD,DEGD-100,2012,2012-06-05,10
230413,900230413,DEGD,DEGD-200,2013,2014-07-09,10
230418,900230418,DEGD,DEGD-300,2014,2015-04-23,10
230423,900230423,DEGD,DEGD-200,2008,2009-01-17,10
230428,900230428,DEGD,DEGD-300,2013,2013-07-19,10
230433,900230433,DEGD,DEGD-100,2013,2014-07-20,10
230438,900230438,DEGD,DEGD-100,2013,2014-03-12,10
230443,900230443,DEGD,DEGD-300,2008,2008-08-26,10
230448,900230448,DEGD,DEGD-100,2012,2012-08-08,10
230453,900230453,DEGD,DEGD-200,2018,2018-11-26,10
230458,900230458,DEGD,DEGD-100,2008,2009-04-04,10
230463,900230463,DEGD,DEGD-300,2019,2020-02-05,10
230468,900230468,DEGD,DEGD-300,2009,2010-02-18,10
230473,900230473,DEGD,DEGD-100,2013,2013-04-13,10
230478,900230478,DEGD,DEGD-200,2008,2009-03-26,10
230483,900230483,DEGD,DEGD-300,2015,2016-05-23,10
230488,900230488,DEGD,DEGD-200,2013,2014-02-12,10
230493,900230493,DEGD,DEGD-200,2022,2022-03-13,10
230498,900230498,DEGD,DEGD-300,2014,2014-09-25,10
230503,900230503,DEGD,DEGD-100,2009,2010-06-21,10
230508,900230508,DEGD,DEGD-300,2021,2021-03-31,10
230513,900230513,DEGD,DEGD-200,2020,2020-12-10,10
230518,900230518,DEGD,DEGD-300,2010,2011-04-28,10
230523,900230523,DEGD,DEGD-200,2011,2011-09-02,10
230528,900230528,DEGD,DEGD-300,2023,2024-11-28,10
230533,900230533,DEGD,DEGD-200,2017,2018-04-12,10
230538,900230538,DEGD,DEGD-200,2016,2017-02-15,10
230543,900230543,DEGD,DEGD-300,2008,2009-05-08,10
230548,900230548,DEGD,DEGD-100,2015,2015-05-31,10
230553,900230553,DEGD,DEGD-100,2010,2011-05-01,10
230558,900230558,DEGD,DEGD-200,2009,2009-02-03,10
230563,900230563,DEGD,DEGD-100,2020,2020-12-17,10
230568,900230568,DEGD,DEGD-300,2019,2019-07-23,10
230573,900230573,DEGD,DEGD-100,2020,2020-11-20,10
230578,900230578,DEGD,DEGD-100,2014,2014-12-22,10
230583,900230583,DEGD,DEGD-300,2020,2021-05-17,10
230588,900230588,DEGD,DEGD-100,2017,2017-12-18,10
230593,900230593,DEGD,DEGD-200,2013,2013-08-11,10
230598,900230598,DEGD,DEGD-100,2008,2008-11-25,10
230603,900230603,DEGD,DEGD-200,2011,2012-01-04,10
230608,900230608,DEGD,DEGD-300,2010,2011-03-08,10
230613,900230613,DEGD,DEGD-200,2021,2022-06-28,10
230618,900230618,DEGD,DEGD-300,2020,2020-06-23,10
230623,900230623,DEGD,DEGD-200,2019,2020-02-11,10
230628,900230628,DEGD,DEGD-300,2010,2010-11-02,10
230633,900230633,DEGD,DEGD-300,2022,2022-08-06,10
230647,900230647,DEGD,DEGD-300,2021,2022-05-23,10
230649,900230649,DEGD,DEGD-200,2018,2018-12-04,10
230651,900230651,DEGD,DEGD-100,2014,2014-04-03,10
230693,900230693,DESM,DESM-300,2018,2018-08-27,10
230694,900230694,DESM,DESM-100,2016,2017-11-19,10
230695,900230695,DESM,DESM-100,2010,2010-06-08,10
230696,900230696,DESM,DESM-100,2011,2011-10-02,10
230697,900230697,DESM,DESM-200,2010,2010-09-05,10
230698,900230698,DESM,DESM-200,2010,2011-02-05,10
230699,900230699,DESM,DESM-100,2022,2023-02-21,10
230700,900230700,DESM,DESM-300,2016,2017-03-13,10
230701,900230701,DEMC,DEMC-100,2018,2019-09-30,10
230704,900230704,DEDR,DEDR-100,2022,2022-12-10,15
230705,900230705,DEMO,DEMO-100,2008,2009-02-19,10
230706,900230706,DEDR,DEDR-100,2019,2019-08-04,15
230707,900230707,DEMO,DEMO-200,2014,2015-08-11,10
230708,900230708,DEDR,DEDR-200,2009,2010-01-06,15
230709,900230709,DEMO,DEMO-300,2016,2017-06-05,10
230711,900230711,DEMO,DEMO-300,2017,2017-07-05,10
230713,900230713,DEDR,DEDR-300,2017,2018-01-10,15
230748,900230748,SWSC,SWSC-100,2011,2011-11-29,10
230749,900230749,SWSC,SWSC-100,2011,2012-03-15,10
230758,900230758,DEMO,DEMO-300,2014,2015-04-14,10
230759,900230759,DEDR,DEDR-100,2014,2014-02-12,15
230760,900230760,DEDR,DEDR-200,2014,2014-03-24,15
230761,900230761,DEDR,DEDR-200,2017,2017-10-14,15
230762,900230762,DEMO,DEMO-300,2019,2019-11-27,10
230763,900230763,DEMO,DEMO-200,2008,2008-08-10,10
230764,900230764,DEDR,DEDR-100,2015,2016-04-22,15
230765,900230765,DEDR,DEDR-300,2008,2009-03-17,15
230766,900230766,DEDR,DEDR-300,2009,2009-09-29,15
230767,900230767,DEMO,DEMO-200,2016,2016-10-04,10
230768,900230768,DEMO,DEMO-100,2016,2017-05-07,10
230769,900230769,DEMO,DEMO-200,2011,2012-03-17,10
230770,900230770,DEDR,DEDR-300,2012,2013-07-25,15
230771,900230771,DEDR,DEDR-200,2011,2012-04-29,15
230772,900230772,DEMO,DEMO-100,2008,2009-03-01,10
230773,900230773,DEMO,DEMO-100,2014,2014-03-15,10
230774,900230774,DEMO,DEMO-200,2010,2011-06-12,10
230775,900230775,DEDR,DEDR-300,2011,2012-01-21,15
230776,900230776,DEDR,DEDR-100,2014,2015-03-14,15
230777,900230777,DEDR,DEDR-200,2023,2024-04-29,15
230778,900230778,DEMO,DEMO-200,2011,2011-09-02,10
230779,900230779,DEMO,DEMO-100,2022,2023-03-29,10
230780,900230780,DEDR,DEDR-100,2015,2015-09-09,15
230781,900230781,DEDR,DEDR-300,2019,2019-07-26,15
230782,900230782,DEDR,DEDR-200,2017,2017-07-08,15
230783,900230783,DEMO,DEMO-300,2019,2019-06-21,10
230784,900230784,DEMO,DEMO-300,2009,2009-11-11,10
230785,900230785,DEMO,DEMO-100,2018,2018-07-05,10
230786,900230786,DEMO,DEMO-300,2011,2011-12-22,10
230787,900230787,DEDR,DEDR-100,2023,2023-09-23,15
230788,900230788,DEDR,DEDR-300,2010,2010-09-17,15
230789,900230789,DEMO,DEMO-300,2017,2018-05-20,10
230790,900230790,DEMO,DEMO-200,2018,2019-07-16,10
230791,900230791,DEMO,DEMO-300,2020,2020-10-26,10
230792,900230792,DEDR,DEDR-300,2019,2020-01-21,15
230793,900230793,DEDR,DEDR-300,2009,2009-11-30,15
230794,900230794,DEMO,DEMO-300,2014,2015-03-19,10
230795,900230795,DEMO,DEMO-300,2020,2020-06-21,10
230796,900230796,DEDR,DEDR-100,2021,2021-09-20,15
230797,900230797,DEDR,DEDR-200,2013,2014-01-11,15
230798,900230798,DEMO,DEMO-300,2008,2008-12-15,10
230799,900230799,DEMO,DEMO-100,2022,2023-10-08,10
230800,900230800,DEDR,DEDR-200,2019,2019-05-25,15
230801,900230801,DEDR,DEDR-100,2009,2009-04-13,15
230802,900230802,DEDR,DEDR-100,2011,2012-08-06,15
230803,900230803,DEDR,DEDR-200,2011,2012-04-06,15
230804,900230804,DEMO,DEMO-300,2017,2017-11-12,10
230805,900230805,DEMO,DEMO-200,2016,2016-07-26,10
230806,900230806,DEDR,DEDR-100,2014,2015-06-17,15
230807,900230807,DEDR,DEDR-100,2017,2017-11-28,15
230808,900230808,DEMO,DEMO-100,2008,2009-05-24,10
230809,900230809,DEMO,DEMO-200,2019,2019-10-07,10
230810,900230810,DEDR,DEDR-200,2011,2011-11-06,15
230811,900230811,DEDR,DEDR-200,2021,2021-03-05,15
230812,900230812,DEMO,DEMO-300,2023,2024-05-14,10
230813,900230813,DEMO,DEMO-100,2022,2023-01-01,10
230814,900230814,DEDR,DEDR-300,2010,2011-01-17,15
230815,900230815,DEDR,DEDR-200,2019,2020-10-02,15
230816,900230816,DEMO,DEMO-200,2022,2022-08-03,10
230817,900230817,DEMO,DEMO-100,2015,2015-05-31,10
230818,900230818,DEDR,DEDR-200,2011,2011-11-06,15
230819,900230819,DEDR,DEDR-100,2019,2020-05-09,15
230820,900230820,DEMO,DEMO-300,2018,2018-12-23,10
230821,900230821,DEMO,DEMO-100,2011,2011-09-10,10
230822,900230822,DEDR,DEDR-200,2017,2017-11-05,15
230823,900230823,DEDR,DEDR-100,2023,2024-01-14,15
230824,900230824,DEMO,DEMO-200,2018,2019-01-23,10
230825,900230825,DEMO,DEMO-100,2008,2009-01-18,10
230826,900230826,DEMO,DEMO-300,2023,2024-06-15,10
230827,900230827,DEDR,DEDR-100,2008,2008-12-23,15
230828,900230828,DEMO,DEMO-200,2014,2015-06-30,10
230829,900230829,DEMO,DEMO-200,2023,2023-10-25,10
230830,900230830,DEDR,DEDR-200,2017,2017-05-19,15
230831,900230831,DEDR,DEDR-300,2009,2009-12-16,15
230832,900230832,DEDR,DEDR-300,2009,2010-03-07,15
230833,900230833,DEMO,DEMO-300,2012,2013-10-27,10
230834,900230834,DEMO,DEMO-200,2009,2009-08-08,10
230835,900230835,DEDR,DEDR-300,2021,2021-08-22,15
230836,900230836,DEDR,DEDR-200,2009,2010-01-18,15
230837,900230837,DEDR,DEDR-200,2008,2009-07-03,15
230838,900230838,DEDR,DEDR-300,2018,2018-12-28,15
230839,900230839,DEMO,DEMO-200,2021,2022-05-09,10
230840,900230840,DEMO,DEMO-200,2021,2021-05-03,10
230841,900230841,DEMO,DEMO-100,2019,2020-07-08,10
230842,900230842,DEMO,DEMO-100,2019,2020-07-22,10
230843,900230843,DEDR,DEDR-200,2016,2017-01-09,15
230844,900230844,DEDR,DEDR-100,2009,2010-11-29,15
230845,900230845,DEDR,DEDR-100,2012,2012-11-26,15
230846,900230846,DESM,DESM-200,2019,2019-08-01,10
230847,900230847,DEDR,DEDR-300,2008,2009-09-24,15
230848,900230848,DEDR,DEDR-100,2020,2020-12-19,15
230849,900230849,DEDR,DEDR-100,2014,2014-09-24,15
230850,900230850,DEMO,DEMO-200,2010,2010-08-12,10
230851,900230851,DEMO,DEMO-100,2020,2021-05-04,10
230852,900230852,DEDR,DEDR-100,2017,2017-09-23,15
230853,900230853,DEDR,DEDR-200,2023,2023-07-15,15
230854,900230854,DEDR,DEDR-200,2011,2012-06-06,15
230855,900230855,DEMO,DEMO-100,2008,2009-04-07,10
230856,900230856,DEMO,DEMO-200,2012,2012-09-13,10
230857,900230857,DEDR,DEDR-300,2013,2013-12-22,15
230858,900230858,DEDR,DEDR-300,2013,2013-08-02,15
230859,900230859,DEMO,DEMO-200,2009,2009-10-23,10
230860,900230860,DEMO,DEMO-100,2017,2018-04-22,10
230861,900230861,DEDR,DEDR-200,2021,2021-08-01,15
230862,900230862,DEDR,DEDR-200,2023,2024-08-14,15
230863,900230863,DEDR,DEDR-100,2022,2023-03-05,15
230864,900230864,DEDR,DEDR-200,2011,2011-02-05,15
230865,900230865,DEMO,DEMO-100,2008,2008-03-17,10
230866,900230866,DEMO,DEMO-300,2011,2011-12-01,10
230867,900230867,DEDR,DEDR-100,2017,2018-02-19,15
230868,900230868,DEDR,DEDR-200,2013,2014-01-05,15
230869,900230869,DEDR,DEDR-100,2018,2018-12-10,15
230870,900230870,DEDR,DEDR-200,2023,2024-06-11,15
230871,900230871,DEMO,DEMO-200,2013,2014-04-11,10
230872,900230872,DEMO,DEMO-100,2020,2020-11-04,10
230873,900230873,DEDR,DEDR-200,2023,2023-09-28,15
230874,900230874,DEDR,DEDR-300,2018,2018-11-10,15
230875,900230875,DEMO,DEMO-200,2022,2023-07-04,10
230876,900230876,DEMO,DEMO-300,2014,2015-11-27,10
230877,900230877,DEMO,DEMO-100,2020,2021-07-20,10
230878,900230878,DEDR,DEDR-100,2019,2020-05-30,15
230879,900230879,DEMO,DEMO-200,2015,2015-10-03,10
230880,900230880,SWPH,SWPH-200,2016,2017-03-30,12
230881,900230881,SWPH,SWPH-100,2009,2009-03-28,12
230882,900230882,SWPH,SWPH-200,2021,2022-01-14,12
230883,900230883,SWMS,SWMS-300,2021,2022-09-20,15
230884,900230884,SWPH,SWPH-200,2011,2011-12-04,12
230885,900230885,ATFA,ATFA-300,2015,2016-07-17,15
230886,900230886,SWMS,SWMS-200,2016,2016-09-19,15
230887,900230887,SWPH,SWPH-200,2009,2010-03-03,12
230888,900230888,SWPH,SWPH-300,2009,2009-06-27,12
230889,900230889,SWPH,SWPH-200,2012,2012-11-10,12
230890,900230890,DEMO,DEMO-300,2019,2019-09-08,10
230891,900230891,DEMO,DEMO-100,2009,2010-04-28,10
230892,900230892,DEDR,DEDR-200,2022,2023-09-19,15
230893,900230893,DEMO,DEMO-100,2018,2018-12-21,10
230894,900230894,DEMO,DEMO-200,2014,2014-12-16,10
230901,900230901,PUCE,PUCE-300,2012,2012-10-18,10
230902,900230902,PUCE,PUCE-200,2008,2008-09-01,10
230903,900230903,ATFA,ATFA-200,2010,2010-11-24,15
230904,900230904,SWMS,SWMS-300,2021,2021-12-17,15
230905,900230905,PUCE,PUCE-300,2014,2014-10-15,10
230906,900230906,PUCE,PUCE-300,2015,2016-02-02,10
230907,900230907,PUCE,PUCE-100,2018,2019-04-07,10
230908,900230908,ATFA,ATFA-100,2017,2018-02-15,15
230909,900230909,SWPH,SWPH-100,2008,2009-07-13,12
230910,900230910,SWMS,SWMS-300,2023,2023-02-02,15
230911,900230911,ATFA,ATFA-200,2010,2011-05-07,15
230912,900230912,SWPH,SWPH-200,2019,2019-07-25,12
230913,900230913,SWMS,SWMS-100,2012,2013-01-20,15
230914,900230914,SWPH,SWPH-300,2014,2014-09-25,12
230915,900230915,SWPH,SWPH-100,2012,2013-03-14,12
230916,900230916,SWMS,SWMS-200,2017,2018-07-17,15
230917,900230917,SWMS,SWMS-100,2009,2010-07-19,15
230918,900230918,SWPH,SWPH-100,2008,2008-04-05,12
230919,900230919,SWPH,SWPH-300,2013,2014-06-01,12
230920,900230920,SWMS,SWMS-100,2020,2020-09-21,15
230921,900230921,SWMS,SWMS-200,2022,2022-08-19,15
230922,900230922,SWPH,SWPH-100,2008,2009-02-02,12
230923,900230923,ATFA,ATFA-100,2020,2021-02-06,15
230924,900230924,SWMS,SWMS-200,2016,2016-12-05,15
230925,900230925,SWMS,SWMS-200,2008,2008-08-01,15
230926,900230926,SWPH,SWPH-300,2013,2014-06-08,12
230927,900230927,SWPH,SWPH-300,2022,2023-08-13,12
230928,900230928,SWMS,SWMS-100,2015,2016-02-18,15
230929,900230929,SWMS,SWMS-300,2011,2011-12-30,15
230930,900230930,SWPH,SWPH-300,2019,2020-03-01,12
230931,900230931,SWPH,SWPH-100,2019,2019-12-28,12
230932,900230932,SWMS,SWMS-100,2015,2016-05-04,15
230933,900230933,SWPH,SWPH-200,2009,2009-12-09,12
230934,900230934,SWPH,SWPH-300,2018,2018-10-21,12
230935,900230935,SWPH,SWPH-100,2008,2008-09-16,12
230936,900230936,SWMS,SWMS-200,2021,2021-09-03,15
230937,900230937,SWPH,SWPH-200,2016,2017-06-04,12
230938,900230938,ATFA,ATFA-300,2012,2013-03-09,15
230939,900230939,SWPH,SWPH-200,2018,2018-06-19,12
230940,900230940,SWMS,SWMS-100,2011,2011-12-02,15
230941,900230941,ATFA,ATFA-100,2018,2018-09-22,15
230942,900230942,SWPH,SWPH-200,2010,2011-04-18,12
230943,900230943,SWMS,SWMS-100,2008,2008-07-07,15
230944,900230944,PUCE,PUCE-100,2008,2008-12-21,10
230945,900230945,PUCE,PUCE-100,2014,2014-11-05,10
230946,900230946,PUCE,PUCE-200,2021,2022-02-09,10
230947,900230947,ATFA,ATFA-100,2018,2019-01-21,15
230948,900230948,SWPH,SWPH-300,2016,2016-12-28,12
230949,900230949,SWMS,SWMS-100,2020,2021-01-03,15
230950,900230950,ATFA,ATFA-100,2016,2016-12-03,15
230951,900230951,SWPH,SWPH-100,2013,2013-07-21,12
230952,900230952,SWMS,SWMS-300,2022,2023-02-05,15
231113,900231113,DEMO,DEMO-200,2015,2015-08-22,10
231305,900231305,DESM,DESM-100,2009,2009-08-18,10
231306,900231306,DESM,DESM-100,2011,2011-11-28,10
231307,900231307,DEMC,DEMC-300,2014,2015-06-15,10
231308,900231308,DEMO,DEMO-100,2012,2012-12-15,10
231309,900231309,DEMC,DEMC-200,2014,2015-02-21,10
231318,900231318,DEMO,DEMO-200,2012,2013-11-27,10
231324,900231324,DEDR,DEDR-100,2008,2009-01-11,15
231325,900231325,DEDR,DEDR-300,2010,2010-09-20,15
231326,900231326,DEMO,DEMO-100,2013,2013-09-18,10
231327,900231327,DEDR,DEDR-200,2015,2015-02-23,15
231328,900231328,DEDR,DEDR-300,2013,2014-01-29,15
231329,900231329,DEDR,DEDR-100,2008,2008-04-25,15
231330,900231330,DEMO,DEMO-200,2011,2012-02-24,10
231331,900231331,DEDR,DEDR-300,2021,2021-08-09,15
231332,900231332,DEMO,DEMO-300,2023,2024-02-03,10
231352,900231352,SWSC,SWSC-200,2015,2016-01-27,10
231422,900231422,SWSC,SWSC-200,2015,2016-06-21,10
231684,900231684,DEDR,DEDR-200,2013,2013-09-14,15
231685,900231685,ELUP,ELUP-300,2023,2023-12-07,8
231689,900231689,DEDR,DEDR-300,2020,2020-10-21,15
231690,900231690,DESM,DESM-100,2020,2021-02-06,10
231691,900231691,DESM,DESM-200,2018,2018-12-31,10
231697,900231697,DESM,DESM-100,2013,2013-10-14,10
231698,900231698,DESM,DESM-100,2009,2009-09-22,10
231699,900231699,DEMO,DEMO-300,2011,2011-12-27,10
231700,900231700,DEDR,DEDR-300,2014,2015-06-29,15
231705,900231705,DEDR,DEDR-200,2010,2010-07-01,15
231706,900231706,DEMO,DEMO-100,2009,2010-07-24,10
231707,900231707,SWAV,SWAV-100,2020,2021-04-28,15
231708,900231708,DESM,DESM-300,2012,2012-10-15,10
231710,900231710,DESM,DESM-200,2019,2019-10-31,10
231716,900231716,DESM,DESM-100,2009,2010-03-18,10
231717,900231717,DESM,DESM-300,2016,2017-05-16,10
231723,900231723,DESM,DESM-200,2020,2020-10-01,10
231728,900231728,DEDR,DEDR-100,2020,2021-05-09,15
231729,900231729,DEMO,DEMO-300,2021,2022-01-21,10
231731,900231731,DESM,DESM-100,2014,2015-08-20,10
231736,900231736,SWAV,SWAV-100,2016,2017-05-02,15
231737,900231737,DEDR,DEDR-200,2020,2021-04-15,15
231738,900231738,DEMO,DEMO-300,2013,2014-04-03,10
231739,900231739,DESM,DESM-300,2011,2012-01-13,10
231740,900231740,DESM,DESM-200,2016,2016-08-17,10
231747,900231747,DESM,DESM-100,2022,2022-07-05,10
231748,900231748,DESM,DESM-100,2009,2009-09-11,10
231754,900231754,DESM,DESM-100,2017,2017-07-10,10
231755,900231755,DESM,DESM-200,2019,2020-03-31,10
231760,900231760,DEDR,DEDR-100,2008,2008-05-13,15
231761,900231761,DEMO,DEMO-300,2017,2018-08-12,10
231763,900231763,DESM,DESM-300,2023,2023-09-15,10
231768,900231768,SWAV,SWAV-300,2017,2017-05-10,15
231769,900231769,DEMO,DEMO-100,2019,2020-07-17,10
231771,900231771,DESM,DESM-300,2013,2014-04-03,10
231777,900231777,DESM,DESM-100,2015,2015-06-09,10
231782,900231782,DESM,DESM-300,2009,2009-11-25,10
231785,900231785,SWAV,SWAV-200,2023,2023-10-08,15
231786,900231786,DEMO,DEMO-300,2009,2010-11-17,10
231788,900231788,DESM,DESM-200,2012,2012-06-13,10
231789,900231789,DESM,DESM-100,2016,2017-07-12,10
231795,900231795,DESM,DESM-100,2019,2019-09-02,10
231796,900231796,DESM,DESM-200,2022,2022-05-18,10
231802,900231802,DESM,DESM-200,2013,2014-05-05,10
231803,900231803,DESM,DESM-100,2021,2022-01-16,10
231808,900231808,SWAV,SWAV-100,2019,2020-02-14,15
231809,900231809,DEDR,DEDR-200,2019,2019-10-02,15
231810,900231810,DEMO,DEMO-100,2009,2009-10-20,10
231812,900231812,DESM,DESM-300,2014,2015-01-19,10
231813,900231813,DESM,DESM-300,2012,2012-11-03,10
231818,900231818,DEDR,DEDR-200,2010,2011-02-02,15
231819,900231819,DEMO,DEMO-100,2018,2019-05-29,10
231820,900231820,DESM,DESM-100,2015,2016-03-30,10
231821,900231821,DESM,DESM-300,2023,2023-09-06,10
231826,900231826,DESM,DESM-200,2008,2009-07-10,10
231832,900231832,DESM,DESM-200,2014,2014-12-05,10
231833,900231833,DESM,DESM-100,2018,2019-03-24,10
231839,900231839,DESM,DESM-200,2018,2019-01-18,10
231845,900231845,DESM,DESM-100,2016,2016-05-17,10
231846,900231846,DESM,DESM-300,2014,2014-06-23,10
231847,900231847,DESM,DESM-300,2020,2020-12-03,10
231853,900231853,DESM,DESM-200,2016,2016-08-30,10
231854,900231854,DESM,DESM-200,2017,2018-03-24,10
231859,900231859,DESM,DESM-200,2023,2023-12-03,10
231860,900231860,DEDR,DEDR-100,2012,2013-09-30,15
231861,900231861,SWAV,SWAV-100,2017,2017-12-30,15
231862,900231862,DEDR,DEDR-300,2008,2008-03-04,15
231863,900231863,DEMO,DEMO-100,2012,2013-06-17,10
231864,900231864,DETM,DETM-100,2017,2018-02-02,10
231865,900231865,DEMO,DEMO-300,2010,2011-02-25,10
231869,900231869,DEDR,DEDR-200,2016,2017-07-13,15
231870,900231870,DESM,DESM-200,2022,2023-05-06,10
231871,900231871,DESM,DESM-100,2019,2020-04-11,10
231872,900231872,DEFL,DEFL-200,2018,2018-08-18,10
231879,900231879,DESM,DESM-100,2013,2014-04-12,10
231880,900231880,DESM,DESM-200,2016,2017-05-08,10
231886,900231886,DESM,DESM-300,2014,2015-02-20,10
231891,900231891,DEDR,DEDR-300,2012,2012-11-05,15
231892,900231892,DEMO,DEMO-100,2023,2023-12-05,10
231894,900231894,DESM,DESM-100,2016,2016-08-03,10
231899,900231899,SWAV,SWAV-300,2023,2023-08-17,15
231900,900231900,DEMO,DEMO-200,2016,2017-10-05,10
231902,900231902,DESM,DESM-300,2008,2008-12-12,10
231908,900231908,DESM,DESM-300,2008,2009-04-15,10
231909,900231909,DESM,DESM-300,2017,2018-04-18,10
231914,900231914,DEDR,DEDR-200,2019,2020-02-23,15
231915,900231915,SWAV,SWAV-100,2015,2016-05-05,15
231916,900231916,DEDR,DEDR-100,2023,2023-09-14,15
231917,900231917,DEMO,DEMO-200,2014,2014-12-24,10
231918,900231918,DEDR,DEDR-100,2009,2009-08-21,15
231920,900231920,ELUP,ELUP-200,2010,2010-11-07,8
231925,900231925,DEDR,DEDR-100,2018,2018-11-14,15
231926,900231926,DESM,DESM-200,2020,2020-05-04,10
231927,900231927,DEDR,DEDR-200,2012,2012-12-30,15
231929,900231929,DEFL,DEFL-300,2008,2009-07-09,10
231930,900231930,DEMO,DEMO-300,2009,2010-04-29,10
231931,900231931,DETM,DETM-200,2017,2017-05-07,10
231938,900231938,DESM,DESM-200,2023,2024-03-26,10
231939,900231939,DESM,DESM-200,2008,2008-04-30,10
231940,900231940,DESM,DESM-300,2023,2023-12-25,10
231941,900231941,DESM,DESM-100,2018,2019-09-08,10
231947,900231947,DESM,DESM-200,2022,2022-12-30,10
231948,900231948,DESM,DESM-300,2022,2022-11-23,10
231954,900231954,DESM,DESM-100,2022,2022-02-18,10
231960,900231960,DESM,DESM-200,2013,2013-12-30,10
231961,900231961,DESM,DESM-200,2016,2016-12-15,10
231967,900231967,DESM,DESM-200,2013,2013-10-05,10
231968,900231968,DESM,DESM-100,2014,2014-09-24,10
231973,900231973,SWAV,SWAV-100,2011,2011-07-24,15
231974,900231974,DEDR,DEDR-100,2018,2019-09-22,15
231975,900231975,DEDR,DEDR-100,2010,2010-08-07,15
231976,900231976,DEDR,DEDR-200,2012,2012-11-22,15
231977,900231977,DEMO,DEMO-300,2010,2011-07-04,10
231978,900231978,DEMO,DEMO-100,2018,2018-10-20,10
231979,900231979,DESM,DESM-100,2020,2020-12-06,10
231983,900231983,DESM,DESM-100,2012,2012-02-11,10
231984,900231984,DESM,DESM-100,2014,2014-11-28,10
231991,900231991,DESM,DESM-300,2019,2020-03-31,10
231992,900231992,DESM,DESM-300,2022,2022-07-04,10
231998,900231998,DESM,DESM-200,2019,2020-04-30,10
231999,900231999,DESM,DESM-100,2009,2010-08-27,10
232004,900232004,SWAV,SWAV-100,2022,2023-03-27,15
232005,900232005,DEDR,DEDR-300,2020,2020-08-21,15
232006,900232006,DEMO,DEMO-200,2008,2009-06-26,10
232013,900232013,DESM,DESM-200,2021,2022-03-13,10
232014,900232014,DESM,DESM-100,2019,2020-02-15,10
232019,900232019,SWUR,SWUR-300,2016,2016-11-08,12
232024,900232024,SWUR,SWUR-300,2012,2013-02-13,12
232029,900232029,SWUR,SWUR-100,2015,2015-04-26,12
232034,900232034,SWUR,SWUR-100,2020,2020-09-27,12
232039,900232039,SWUR,SWUR-300,2015,2016-07-01,12
232044,900232044,SWUR,SWUR-300,2016,2017-02-08,12
232050,900232050,SWUR,SWUR-300,2014,2014-07-19,12
232055,900232055,SWUR,SWUR-200,2019,2020-03-06,12
232060,900232060,SWUR,SWUR-300,2010,2010-09-21,12
232066,900232066,SWUR,SWUR-200,2018,2018-11-08,12
232071,900232071,SWUR,SWUR-300,2011,2011-10-15,12
232076,900232076,SWUR,SWUR-300,2017,2018-04-25,12
232081,900232081,SWUR,SWUR-300,2011,2011-05-21,12
232087,900232087,SWUR,SWUR-300,2009,2009-11-15,12
232092,900232092,SWUR,SWUR-100,2011,2011-07-10,12
232098,900232098,SWUR,SWUR-200,2010,2010-11-22,12
232105,900232105,SWSC,SWSC-100,2019,2020-02-25,10
232106,900232106,SWSC,SWSC-300,2019,2019-10-18,10
232197,900232197,DEDR,DEDR-100,2017,2017-10-14,15
232198,900232198,DEDR,DEDR-200,2013,2014-01-11,15
232199,900232199,DEDR,DEDR-200,2012,2012-04-14,15
232200,900232200,DEDR,DEDR-200,2019,2019-07-15,15
232204,900232204,DEDR,DEDR-100,2017,2018-05-03,15
232205,900232205,DEDR,DEDR-100,2011,2012-04-03,15
232206,900232206,DEDR,DEDR-200,2017,2017-03-31,15
232207,900232207,DEDR,DEDR-300,2019,2020-01-14,15
232208,900232208,DEDR,DEDR-200,2012,2013-03-24,15
232209,900232209,DEDR,DEDR-100,2015,2016-03-31,15
232210,900232210,DEDR,DEDR-100,2012,2013-01-02,15
232211,900232211,DEDR,DEDR-300,2010,2011-03-09,15
232212,900232212,DEDR,DEDR-200,2020,2020-12-19,15
232214,900232214,DEDR,DEDR-200,2012,2012-12-28,15
232218,900232218,DESM,DESM-100,2011,2012-04-15,10
232219,900232219,DESM,DESM-300,2021,2021-07-28,10
232220,900232220,DESM,DESM-200,2018,2019-07-15,10
232221,900232221,SWMS,SWMS-300,2009,2010-01-10,15
232226,900232226,DEMO,DEMO-300,2009,2010-06-18,10
232227,900232227,DEMO,DEMO-300,2015,2015-08-08,10
232279,900232279,DEDR,DEDR-300,2016,2016-12-22,15
236719,900236719,DEDR,DEDR-300,2017,2018-01-11,15
236727,900236727,DEDR,DEDR-100,2009,2009-05-08,15
236728,900236728,ELUP,ELUP-100,2013,2014-05-06,8
236731,900236731,DEDR,DEDR-300,2018,2019-08-24,15
236734,900236734,ATFA,ATFA-300,2020,2020-09-24,15
236735,900236735,SWMS,SWMS-200,2010,2011-05-08,15
236737,900236737,SWPH,SWPH-200,2009,2009-10-18,12
236739,900236739,ATFA,ATFA-200,2013,2013-12-24,15
236740,900236740,SWPH,SWPH-200,2009,2009-05-04,12
236741,900236741,SWMS,SWMS-200,2013,2013-04-30,15
236743,900236743,ATFA,ATFA-100,2022,2023-02-02,15
236744,900236744,SWPH,SWPH-200,2013,2013-07-02,12
236745,900236745,SWMS,SWMS-300,2015,2015-05-22,15
236747,900236747,SWPH,SWPH-200,2021,2021-05-19,12
236748,900236748,SWPH,SWPH-100,2022,2023-02-17,12
236749,900236749,SWMS,SWMS-200,2022,2023-07-25,15
236750,900236750,SWMS,SWMS-300,2008,2009-04-30,15
236752,900236752,ATFA,ATFA-200,2012,2013-08-09,15
236753,900236753,SWPH,SWPH-200,2020,2020-12-30,12
236754,900236754,SWPH,SWPH-200,2013,2014-02-20,12
236755,900236755,SWMS,SWMS-200,2011,2012-02-13,15
236757,900236757,SWPH,SWPH-100,2016,2016-11-06,12
236758,900236758,SWPH,SWPH-300,2009,2009-12-02,12
236759,900236759,SWMS,SWMS-300,2020,2020-12-07,15
236760,900236760,SWMS,SWMS-200,2013,2014-01-10,15
236762,900236762,SWPH,SWPH-100,2019,2019-03-09,12
236763,900236763,SWPH,SWPH-100,2018,2019-03-05,12
236764,900236764,SWMS,SWMS-200,2018,2019-07-04,15
236765,900236765,SWMS,SWMS-100,2023,2024-10-27,15
236767,900236767,SWPH,SWPH-200,2015,2015-10-03,12
236768,900236768,SWPH,SWPH-300,2023,2024-06-07,12
236769,900236769,SWMS,SWMS-100,2020,2021-07-08,15
236770,900236770,SWMS,SWMS-100,2018,2018-05-18,15
236772,900236772,SWPH,SWPH-300,2018,2018-05-01,12
236773,900236773,SWPH,SWPH-300,2020,2021-07-24,12
236774,900236774,SWPH,SWPH-200,2015,2015-05-30,12
236775,900236775,SWMS,SWMS-300,2008,2008-11-22,15
236777,900236777,SWPH,SWPH-200,2008,2009-03-09,12
236778,900236778,SWMS,SWMS-300,2018,2018-08-08,15
236780,900236780,ATFA,ATFA-100,2018,2018-08-20,15
236781,900236781,SWPH,SWPH-300,2017,2018-01-17,12
236782,900236782,SWMS,SWMS-200,2011,2012-03-18,15
236784,900236784,ATFA,ATFA-200,2009,2009-09-07,15
236785,900236785,SWPH,SWPH-100,2015,2015-12-17,12
236786,900236786,SWMS,SWMS-100,2012,2013-01-26,15
236788,900236788,ATFA,ATFA-200,2008,2009-01-17,15
236789,900236789,PUCE,PUCE-100,2016,2016-09-04,10
236790,900236790,SWMS,SWMS-200,2017,2018-03-07,15
236792,900236792,SWPH,SWPH-100,2010,2011-08-10,12
236793,900236793,SWPH,SWPH-300,2023,2023-04-09,12
236794,900236794,PUCE,PUCE-300,2018,2019-02-28,10
236795,900236795,SWMS,SWMS-300,2010,2010-03-22,15
245476,900245476,ATFA,ATFA-100,2019,2019-11-01,15
245477,900245477,SWMS,SWMS-200,2021,2021-04-19,15
245479,900245479,DESM,DESM-300,2013,2013-09-20,10
245480,900245480,DESM,DESM-200,2008,2008-08-27,10
245482,900245482,DESM,DESM-200,2008,2009-08-24,10
245483,900245483,DETM,DETM-300,2017,2018-01-09,10
245484,900245484,DEMO,DEMO-100,2008,2009-07-26,10
245485,900245485,SWAV,SWAV-300,2011,2011-09-16,15
245555,900245555,SWMS,SWMS-200,2016,2017-03-03,15
250735,900250735,DEDR,DEDR-100,2013,2013-07-10,15
251516,900251516,DEDR,DEDR-200,2016,2016-11-03,15
255329,900255329,DEHT,DEHT-100,2010,2010-07-19,10
255332,900255332,DEDR,DEDR-100,2023,2024-07-19,15
255333,900255333,DEDR,DEDR-100,2019,2020-04-29,15
255334,900255334,DEDR,DEDR-100,2017,2017-12-20,15
255335,900255335,DEMO,DEMO-200,2012,2013-05-19,10
255337,900255337,SWUR,SWUR-100,2008,2008-08-09,12
255339,900255339,SWUR,SWUR-300,2020,2020-07-04,12
255341,900255341,SWUR,SWUR-100,2020,2021-02-20,12
255343,900255343,SWUR,SWUR-300,2016,2016-08-18,12
255345,900255345,SWUR,SWUR-200,2010,2011-04-04,12
255347,900255347,SWUR,SWUR-200,2012,2012-11-20,12
255349,900255349,SWUR,SWUR-300,2016,2017-05-28,12
255351,900255351,SWUR,SWUR-300,2019,2019-09-09,12
255353,900255353,SWUR,SWUR-100,2016,2017-01-22,12
255355,900255355,SWUR,SWUR-200,2011,2011-11-09,12
255357,900255357,SWUR,SWUR-200,2012,2012-11-12,12
255359,900255359,SWUR,SWUR-300,2012,2013-03-30,12
255361,900255361,SWUR,SWUR-300,2011,2011-11-09,12
255363,900255363,SWUR,SWUR-100,2023,2023-11-05,12
255365,900255365,SWUR,SWUR-300,2008,2008-06-24,12
255367,900255367,SWUR,SWUR-100,2015,2016-05-12,12
255369,900255369,SWUR,SWUR-200,2016,2017-01-07,12
255371,900255371,SWUR,SWUR-300,2023,2023-09-04,12
255373,900255373,SWUR,SWUR-100,2008,2009-02-19,12
255375,900255375,SWUR,SWUR-100,2020,2020-11-28,12
255377,900255377,SWUR,SWUR-300,2008,2008-09-27,12
255379,900255379,SWUR,SWUR-300,2014,2015-01-03,12
255381,900255381,SWUR,SWUR-300,2010,2010-09-20,12
255383,900255383,SWUR,SWUR-200,2012,2012-06-16,12
255385,900255385,SWUR,SWUR-100,2014,2014-12-17,12
255387,900255387,SWUR,SWUR-200,2016,2016-06-12,12
255389,900255389,SWUR,SWUR-300,2013,2014-08-13,12
255391,900255391,SWUR,SWUR-100,2022,2023-09-09,12
255393,900255393,SWUR,SWUR-100,2018,2019-07-31,12
255395,900255395,SWUR,SWUR-100,2010,2010-11-15,12
256085,900256085,DEHT,DEHT-100,2014,2014-06-02,10
256086,900256086,DEHT,DEHT-300,2017,2017-09-28,10
256087,900256087,DEHT,DEHT-100,2020,2020-12-13,10
256104,900256104,DEHT,DEHT-300,2012,2013-01-21,10
256105,900256105,DEHT,DEHT-300,2012,2012-12-19,10
256106,900256106,DEHT,DEHT-300,2009,2010-03-08,10
256108,900256108,DESM,DESM-100,2009,2009-05-23,10
256109,900256109,DESM,DESM-200,2018,2019-05-17,10
256119,900256119,DESM,DESM-200,2010,2010-12-26,10
256120,900256120,DESM,DESM-200,2011,2012-02-26,10
256121,900256121,DEHT,DEHT-100,2012,2013-03-08,10
256122,900256122,DEHT,DEHT-100,2015,2016-04-17,10
256139,900256139,SWAV,SWAV-100,2017,2018-07-06,15
256168,900256168,SWAV,SWAV-200,2023,2024-05-08,15
256170,900256170,SWUR,SWUR-100,2018,2019-01-31,12
256171,900256171,SWUR,SWUR-300,2015,2016-06-16,12
258302,900258302,DEMO,DEMO-100,2019,2020-08-25,10
261872,900261872,DEDR,DEDR-200,2018,2019-01-19,15
261873,900261873,ELUP,ELUP-300,2011,2011-07-25,8
261882,900261882,DESM,DESM-200,2014,2014-05-24,10
261883,900261883,DESM,DESM-100,2015,2016-08-26,10
261884,900261884,DESM,DESM-300,2009,2010-01-13,10
261885,900261885,DESM,DESM-100,2018,2019-06-27,10
261886,900261886,DESM,DESM-200,2018,2018-12-24,10
261887,900261887,DESM,DESM-200,2022,2023-09-12,10
261888,900261888,DESM,DESM-100,2015,2016-10-20,10
261889,900261889,DESM,DESM-100,2022,2022-07-27,10
261890,900261890,DESM,DESM-200,2012,2012-09-06,10
261891,900261891,DESM,DESM-100,2019,2019-08-10,10
261892,900261892,DESM,DESM-100,2012,2012-08-09,10
261893,900261893,DESM,DESM-200,2012,2012-07-11,10
261894,900261894,DESM,DESM-100,2017,2017-08-09,10
261895,900261895,DESM,DESM-300,2009,2010-05-20,10
261896,900261896,DESM,DESM-300,2014,2014-09-25,10
261897,900261897,DESM,DESM-300,2015,2016-02-28,10
261898,900261898,DESM,DESM-100,2016,2017-03-17,10
261899,900261899,DESM,DESM-300,2021,2022-03-04,10
261900,900261900,DESM,DESM-200,2017,2018-03-13,10
261901,900261901,DESM,DESM-200,2009,2009-04-18,10
261902,900261902,DESM,DESM-200,2022,2023-04-13,10
261903,900261903,DESM,DESM-100,2017,2017-12-08,10
261904,900261904,DESM,DESM-100,2023,2023-06-27,10
261905,900261905,DESM,DESM-200,2021,2021-06-07,10
261906,900261906,DESM,DESM-100,2012,2012-04-05,10
261907,900261907,DESM,DESM-300,2018,2019-06-01,10
261908,900261908,DESM,DESM-200,2018,2019-05-25,10
261909,900261909,DESM,DESM-100,2023,2024-06-24,10
261910,900261910,DESM,DESM-300,2015,2016-06-20,10
261911,900261911,DESM,DESM-100,2017,2018-04-10,10
261912,900261912,DESM,DESM-300,2017,2017-11-17,10
261913,900261913,DESM,DESM-100,2015,2015-02-23,10
261914,900261914,DESM,DESM-200,2020,2020-12-28,10
261915,900261915,DESM,DESM-100,2016,2017-07-13,10
261916,900261916,DESM,DESM-200,2009,2009-12-05,10
261917,900261917,DESM,DESM-100,2019,2020-04-13,10
261918,900261918,DESM,DESM-100,2014,2015-04-17,10
261919,900261919,DESM,DESM-200,2022,2022-12-02,10
261920,900261920,DESM,DESM-200,2016,2017-03-18,10
261921,900261921,DESM,DESM-100,2019,2020-03-01,10
261922,900261922,DESM,DESM-100,2019,2019-02-07,10
261923,900261923,DESM,DESM-100,2009,2009-12-10,10
261924,900261924,DESM,DESM-300,2016,2016-08-18,10
261925,900261925,DESM,DESM-100,2013,2014-03-24,10
261926,900261926,DESM,DESM-300,2020,2020-12-01,10
261927,900261927,DESM,DESM-200,2010,2010-04-10,10
261928,900261928,DESM,DESM-100,2019,2019-11-23,10
261929,900261929,DESM,DESM-200,2022,2023-02-16,10
261930,900261930,DESM,DESM-200,2019,2020-01-09,10
261931,900261931,DESM,DESM-300,2019,2020-05-21,10
261932,900261932,DESM,DESM-300,2009,2010-01-11,10
261933,900261933,DESM,DESM-200,2019,2020-07-15,10
261934,900261934,DESM,DESM-300,2019,2019-06-24,10
261935,900261935,DESM,DESM-200,2009,2009-10-19,10
261936,900261936,DESM,DESM-300,2021,2021-07-18,10
261937,900261937,DESM,DESM-100,2012,2013-10-19,10
261938,900261938,DESM,DESM-200,2022,2023-08-30,10
261939,900261939,DESM,DESM-300,2016,2017-01-05,10
261940,900261940,DESM,DESM-100,2017,2018-03-19,10
261941,900261941,DESM,DESM-200,2015,2015-11-17,10
261942,900261942,DESM,DESM-200,2021,2021-10-05,10
261943,900261943,DESM,DESM-100,2009,2009-10-06,10
261944,900261944,DESM,DESM-300,2010,2011-02-25,10
261945,900261945,DESM,DESM-200,2017,2017-10-10,10
261946,900261946,DESM,DESM-100,2014,2014-02-04,10
261947,900261947,DESM,DESM-300,2021,2022-03-16,10
261948,900261948,DESM,DESM-100,2022,2022-12-25,10
261949,900261949,DESM,DESM-300,2021,2021-07-27,10
261950,900261950,DESM,DESM-300,2010,2011-04-02,10
261951,900261951,DESM,DESM-300,2022,2022-08-06,10
261952,900261952,DESM,DESM-200,2018,2018-05-07,10
261953,900261953,DESM,DESM-100,2017,2018-01-03,10
261954,900261954,DESM,DESM-100,2020,2021-05-04,10
261955,900261955,DESM,DESM-200,2013,2014-03-05,10
261956,900261956,DESM,DESM-200,2009,2009-10-14,10
261957,900261957,DESM,DESM-200,2013,2013-11-08,10
261958,900261958,DESM,DESM-100,2014,2015-09-13,10
261959,900261959,DESM,DESM-200,2022,2022-12-05,10
261960,900261960,DESM,DESM-300,2013,2013-11-15,10
261961,900261961,DESM,DESM-100,2012,2013-04-10,10
261966,900261966,DESM,DESM-100,2009,2010-04-26,10
261967,900261967,DESM,DESM-200,2021,2022-01-28,10
261968,900261968,DESM,DESM-200,2009,2009-03-06,10
261969,900261969,DESM,DESM-100,2019,2019-11-08,10
261970,900261970,DESM,DESM-100,2018,2019-01-05,10
261971,900261971,DESM,DESM-100,2016,2016-07-15,10
261972,900261972,DESM,DESM-300,2018,2018-11-01,10
261973,900261973,DESM,DESM-300,2010,2011-05-28,10
261974,900261974,DESM,DESM-200,2008,2008-10-10,10
261975,900261975,DESM,DESM-100,2015,2016-07-09,10
261976,900261976,DESM,DESM-300,2020,2021-09-21,10
261977,900261977,DESM,DESM-200,2011,2012-02-16,10
261978,900261978,DESM,DESM-200,2009,2009-08-28,10
261979,900261979,DESM,DESM-200,2013,2013-07-24,10
261980,900261980,DESM,DESM-100,2016,2016-12-14,10
261981,900261981,DESM,DESM-300,2008,2009-01-28,10
261982,900261982,DESM,DESM-200,2008,2008-12-22,10
261983,900261983,DESM,DESM-200,2023,2023-12-03,10
261984,900261984,DESM,DESM-200,2011,2012-02-10,10
261985,900261985,DESM,DESM-300,2017,2018-07-01,10
261986,900261986,DESM,DESM-200,2016,2017-07-19,10
261987,900261987,DESM,DESM-100,2013,2014-04-07,10
261988,900261988,DESM,DESM-200,2022,2023-02-10,10
261989,900261989,DESM,DESM-300,2013,2014-04-13,10
261990,900261990,DESM,DESM-100,2009,2010-02-17,10
261991,900261991,DESM,DESM-300,2021,2021-10-31,10
261992,900261992,DESM,DESM-200,2010,2010-09-16,10
261993,900261993,DESM,DESM-300,2023,2023-11-10,10
261994,900261994,DESM,DESM-200,2011,2011-03-03,10
261995,900261995,DESM,DESM-100,2010,2010-11-08,10
261996,900261996,DESM,DESM-200,2015,2015-10-14,10
261997,900261997,DESM,DESM-100,2016,2017-01-23,10
261998,900261998,DESM,DESM-100,2018,2019-03-12,10
261999,900261999,DESM,DESM-200,2015,2016-02-16,10
262000,900262000,DESM,DESM-300,2008,2009-05-03,10
262001,900262001,DESM,DESM-100,2021,2021-11-20,10
262002,900262002,DESM,DESM-200,2019,2020-02-22,10
262003,900262003,DESM,DESM-300,2022,2023-01-04,10
262004,900262004,DESM,DESM-100,2011,2012-04-08,10
262005,900262005,DESM,DESM-200,2011,2012-03-26,10
262006,900262006,DESM,DESM-100,2016,2016-06-23,10
262007,900262007,DESM,DESM-300,2014,2015-02-03,10
262008,900262008,DESM,DESM-300,2020,2021-03-02,10
262009,900262009,DESM,DESM-200,2008,2008-09-28,10
262010,900262010,DESM,DESM-300,2012,2013-02-05,10
262011,900262011,DESM,DESM-300,2012,2013-08-07,10
262012,900262012,DESM,DESM-300,2019,2019-11-23,10
262013,900262013,DESM,DESM-100,2020,2020-10-08,10
262014,900262014,DESM,DESM-300,2019,2020-05-02,10
262015,900262015,DESM,DESM-300,2019,2019-05-01,10
262016,900262016,DESM,DESM-100,2021,2021-10-26,10
262017,900262017,DESM,DESM-100,2023,2024-04-06,10
262018,900262018,DESM,DESM-200,2009,2009-08-27,10
262019,900262019,DESM,DESM-300,2010,2010-08-03,10
262020,900262020,DESM,DESM-200,2018,2018-05-14,10
262021,900262021,DESM,DESM-100,2016,2016-04-24,10
262022,900262022,DESM,DESM-300,2022,2022-10-31,10
262023,900262023,DESM,DESM-100,2017,2018-05-09,10
262024,900262024,DESM,DESM-100,2012,2013-03-15,10
262025,900262025,DESM,DESM-300,2021,2022-03-04,10
262026,900262026,DESM,DESM-300,2018,2018-10-28,10
262027,900262027,DESM,DESM-300,2010,2011-01-14,10
262028,900262028,DESM,DESM-200,2010,2010-07-18,10
262029,900262029,DESM,DESM-100,2009,2010-09-16,10
262030,900262030,DESM,DESM-200,2022,2023-02-01,10
262031,900262031,DESM,DESM-100,2020,2020-08-28,10
262032,900262032,DESM,DESM-300,2008,2009-02-14,10
262033,900262033,DESM,DESM-100,2021,2021-08-29,10
262034,900262034,DESM,DESM-300,2013,2013-08-26,10
262035,900262035,DESM,DESM-300,2020,2020-06-13,10
262036,900262036,DESM,DESM-300,2013,2013-06-02,10
262037,900262037,DESM,DESM-200,2021,2022-05-23,10
262038,900262038,DESM,DESM-200,2020,2020-12-10,10
262039,900262039,DESM,DESM-100,2018,2019-04-21,10
262040,900262040,DESM,DESM-300,2010,2011-06-29,10
262041,900262041,DESM,DESM-300,2008,2008-12-31,10
262046,900262046,DESM,DESM-100,2009,2009-06-21,10
262047,900262047,DESM,DESM-300,2014,2015-04-17,10
262048,900262048,DESM,DESM-200,2013,2014-05-19,10
262049,900262049,DESM,DESM-300,2018,2019-05-16,10
262050,900262050,DESM,DESM-100,2012,2013-04-29,10
262051,900262051,DESM,DESM-200,2021,2021-11-01,10
262052,900262052,DESM,DESM-100,2016,2016-07-17,10
262053,900262053,DESM,DESM-200,2022,2022-03-29,10
262054,900262054,DESM,DESM-300,2012,2012-06-26,10
262055,900262055,DESM,DESM-200,2011,2011-06-21,10
262056,900262056,DESM,DESM-200,2014,2014-08-10,10
262057,900262057,DESM,DESM-100,2014,2015-03-06,10
262058,900262058,DESM,DESM-100,2011,2012-01-08,10
262059,900262059,DESM,DESM-300,2019,2020-01-05,10
262060,900262060,DESM,DESM-300,2021,2022-03-13,10
262061,900262061,DESM,DESM-300,2017,2018-03-09,10
262062,900262062,DESM,DESM-200,2020,2021-01-18,10
262063,900262063,DESM,DESM-100,2009,2009-10-29,10
262064,900262064,DESM,DESM-300,2023,2023-10-03,10
262065,900262065,DESM,DESM-100,2012,2012-11-01,10
262066,900262066,DESM,DESM-200,2012,2012-10-28,10
262067,900262067,DESM,DESM-200,2014,2015-02-12,10
262068,900262068,DESM,DESM-300,2017,2017-11-29,10
262069,900262069,DESM,DESM-100,2017,2018-01-03,10
262070,900262070,DESM,DESM-200,2012,2013-02-24,10
262071,900262071,DESM,DESM-300,2018,2018-11-30,10
262072,900262072,DESM,DESM-300,2015,2016-01-05,10
262073,900262073,DESM,DESM-100,2011,2011-09-24,10
262074,900262074,DESM,DESM-100,2020,2021-01-14,10
262075,900262075,DESM,DESM-100,2014,2014-10-27,10
262076,900262076,DESM,DESM-300,2011,2011-11-28,10
262077,900262077,DESM,DESM-100,2018,2019-02-19,10
262078,900262078,DESM,DESM-200,2012,2012-11-05,10
262079,900262079,DESM,DESM-200,2021,2022-03-02,10
262080,900262080,DESM,DESM-100,2008,2009-11-27,10
262081,900262081,DESM,DESM-100,2023,2023-08-12,10
262082,900262082,DESM,DESM-200,2023,2023-08-09,10
262083,900262083,DESM,DESM-200,2021,2022-05-11,10
262084,900262084,DESM,DESM-200,2015,2015-09-13,10
262085,900262085,DESM,DESM-200,2016,2017-04-04,10
262086,900262086,DESM,DESM-100,2013,2014-07-14,10
262087,900262087,DESM,DESM-100,2008,2009-02-05,10
262088,900262088,DESM,DESM-200,2020,2020-05-10,10
262089,900262089,DESM,DESM-300,2018,2018-12-22,10
262090,900262090,DESM,DESM-200,2008,2009-01-11,10
262091,900262091,DESM,DESM-200,2022,2022-06-08,10
262092,900262092,DESM,DESM-200,2015,2015-12-04,10
262093,900262093,DESM,DESM-300,2017,2017-11-23,10
262094,900262094,DESM,DESM-100,2013,2013-09-01,10
262095,900262095,DESM,DESM-300,2010,2011-02-03,10
262096,900262096,DESM,DESM-300,2014,2014-11-12,10
262097,900262097,DESM,DESM-100,2016,2017-05-24,10
262098,900262098,DESM,DESM-100,2023,2023-11-27,10
262099,900262099,DESM,DESM-200,2009,2009-07-30,10
262100,900262100,DESM,DESM-100,2017,2017-11-30,10
262101,900262101,DESM,DESM-200,2012,2012-09-17,10
262102,900262102,DESM,DESM-300,2014,2015-01-19,10
262103,900262103,DESM,DESM-200,2021,2021-11-28,10
262104,900262104,DESM,DESM-100,2009,2010-02-13,10
262105,900262105,DESM,DESM-200,2016,2016-12-05,10
262106,900262106,DESM,DESM-300,2015,2015-08-06,10
262107,900262107,DESM,DESM-300,2020,2020-09-01,10
262108,900262108,DESM,DESM-200,2022,2023-06-28,10
262109,900262109,DESM,DESM-300,2019,2020-01-22,10
262110,900262110,DESM,DESM-100,2021,2022-08-13,10
262111,900262111,DESM,DESM-200,2012,2012-10-31,10
262112,900262112,DESM,DESM-300,2017,2018-10-25,10
262113,900262113,DESM,DESM-300,2022,2023-04-30,10
262114,900262114,DESM,DESM-100,2023,2024-04-12,10
262115,900262115,DESM,DESM-100,2013,2014-04-08,10
262116,900262116,DESM,DESM-200,2012,2013-09-29,10
262117,900262117,DESM,DESM-100,2018,2018-12-10,10
262118,900262118,DESM,DESM-100,2017,2017-09-12,10
262119,900262119,DESM,DESM-100,2021,2021-05-31,10
262120,900262120,DESM,DESM-100,2018,2018-04-25,10
262121,900262121,DESM,DESM-200,2022,2023-03-11,10
262122,900262122,DESM,DESM-300,2013,2014-01-03,10
262123,900262123,DESM,DESM-300,2014,2014-10-04,10
262124,900262124,DESM,DESM-200,2010,2010-08-10,10
262125,900262125,DESM,DESM-200,2021,2021-11-30,10
262126,900262126,DESM,DESM-100,2023,2024-06-05,10
262127,900262127,DESM,DESM-100,2021,2021-08-08,10
262132,900262132,DEDR,DEDR-200,2008,2009-05-21,15
262133,900262133,ELUP,ELUP-100,2022,2023-04-13,8
262142,900262142,DESM,DESM-300,2018,2019-04-01,10
262143,900262143,DESM,DESM-200,2008,2009-01-17,10
262144,900262144,DESM,DESM-100,2009,2009-11-21,10
262145,900262145,DESM,DESM-100,2020,2020-12-04,10
262146,900262146,DESM,DESM-100,2021,2022-02-23,10
262147,900262147,DESM,DESM-100,2015,2016-07-30,10
262148,900262148,DESM,DESM-200,2014,2015-04-20,10
262149,900262149,DESM,DESM-200,2015,2016-05-13,10
262150,900262150,DESM,DESM-300,2019,2020-01-09,10
262151,900262151,DESM,DESM-200,2008,2009-06-03,10
262152,900262152,DESM,DESM-200,2008,2009-01-16,10
262153,900262153,DESM,DESM-100,2023,2023-11-16,10
262154,900262154,DESM,DESM-300,2014,2015-10-27,10
262155,900262155,DESM,DESM-100,2011,2011-11-29,10
262156,900262156,DESM,DESM-200,2010,2011-04-01,10
262157,900262157,DESM,DESM-200,2008,2009-05-18,10
262158,900262158,DESM,DESM-200,2014,2014-12-16,10
262159,900262159,DESM,DESM-200,2022,2022-06-30,10
262160,900262160,DESM,DESM-200,2016,2017-03-03,10
262161,900262161,DESM,DESM-100,2014,2014-12-17,10
262162,900262162,DESM,DESM-200,2021,2021-12-20,10
262163,900262163,DESM,DESM-300,2016,2017-04-09,10
262164,900262164,DESM,DESM-300,2017,2018-03-04,10
262165,900262165,DESM,DESM-100,2023,2023-08-31,10
262166,900262166,DESM,DESM-300,2009,2010-08-17,10
262167,900262167,DESM,DESM-200,2020,2021-10-21,10
262168,900262168,DESM,DESM-200,2014,2015-04-03,10
262169,900262169,DESM,DESM-100,2016,2017-05-15,10
262170,900262170,DESM,DESM-100,2022,2023-04-12,10
262312,900262312,DEDR,DEDR-200,2011,2012-04-24,15
262313,900262313,ELUP,ELUP-100,2012,2013-01-09,8
262509,900262509,DESM,DESM-100,2020,2021-05-02,10
262510,900262510,DESM,DESM-300,2023,2023-09-17,10
262511,900262511,DESM,DESM-200,2023,2024-07-26,10
262512,900262512,DESM,DESM-100,2020,2020-11-19,10
262513,900262513,DESM,DESM-300,2018,2019-05-05,10
262514,900262514,DESM,DESM-300,2023,2024-08-04,10
262515,900262515,DESM,DESM-200,2019,2020-06-02,10
262516,900262516,DESM,DESM-200,2008,2008-06-05,10
262517,900262517,DESM,DESM-200,2017,2017-08-06,10
262518,900262518,DESM,DESM-200,2016,2017-02-28,10
262519,900262519,DESM,DESM-300,2019,2019-06-29,10
262520,900262520,DESM,DESM-300,2008,2009-05-13,10
262521,900262521,DESM,DESM-300,2011,2012-04-11,10
262522,900262522,DESM,DESM-300,2023,2023-11-01,10
262523,900262523,DESM,DESM-100,2008,2008-11-09,10
262524,900262524,DESM,DESM-100,2021,2021-07-13,10
262525,900262525,DESM,DESM-300,2022,2023-02-28,10
262526,900262526,DESM,DESM-100,2012,2013-08-12,10
262527,900262527,DESM,DESM-100,2023,2023-09-04,10
262528,900262528,DESM,DESM-300,2022,2022-10-09,10
262529,900262529,DESM,DESM-100,2010,2010-12-31,10
262530,900262530,DESM,DESM-300,2008,2009-04-16,10
262531,900262531,DESM,DESM-200,2016,2016-10-26,10
262532,900262532,DESM,DESM-300,2011,2012-03-16,10
262533,900262533,DESM,DESM-300,2023,2024-04-07,10
262534,900262534,DESM,DESM-300,2013,2013-06-14,10
262535,900262535,DESM,DESM-300,2014,2015-06-21,10
262536,900262536,DESM,DESM-100,2008,2009-07-09,10
262537,900262537,DESM,DESM-300,2015,2016-03-14,10
262538,900262538,DESM,DESM-100,2014,2014-04-05,10
262539,900262539,DESM,DESM-200,2018,2019-06-03,10
262540,900262540,DESM,DESM-100,2023,2024-08-10,10
262541,900262541,DESM,DESM-100,2018,2018-09-15,10
262542,900262542,DESM,DESM-300,2020,2020-07-11,10
262543,900262543,DESM,DESM-300,2018,2019-01-13,10
262544,900262544,DESM,DESM-200,2011,2012-02-29,10
262545,900262545,DESM,DESM-200,2022,2022-11-26,10
262546,900262546,DESM,DESM-300,2016,2016-11-26,10
262547,900262547,DESM,DESM-300,2017,2018-05-03,10
262548,900262548,DESM,DESM-100,2015,2015-10-21,10
262549,900262549,DESM,DESM-300,2012,2012-06-14,10
262550,900262550,DESM,DESM-300,2012,2012-09-08,10
262551,900262551,DESM,DESM-200,2018,2019-10-15,10
262552,900262552,DESM,DESM-300,2017,2018-08-09,10
262553,900262553,DESM,DESM-300,2023,2023-12-03,10
262554,900262554,DESM,DESM-300,2019,2020-07-29,10
262555,900262555,DESM,DESM-100,2018,2018-10-06,10
262556,900262556,DESM,DESM-300,2022,2023-02-11,10
262557,900262557,DESM,DESM-300,2023,2023-06-12,10
262558,900262558,DESM,DESM-200,2021,2022-01-29,10
262559,900262559,DESM,DESM-300,2021,2022-04-25,10
262560,900262560,DESM,DESM-200,2015,2015-10-06,10
262561,900262561,DESM,DESM-200,2012,2013-05-13,10
262562,900262562,DESM,DESM-300,2012,2012-07-20,10
262563,900262563,DESM,DESM-100,2020,2020-09-21,10
262564,900262564,DESM,DESM-300,2017,2018-05-08,10
262565,900262565,DESM,DESM-200,2014,2014-08-01,10
262566,900262566,DESM,DESM-100,2014,2015-03-07,10
262567,900262567,DESM,DESM-100,2018,2018-04-08,10
262568,900262568,DESM,DESM-200,2023,2024-03-09,10
262569,900262569,DESM,DESM-100,2013,2014-04-25,10
262570,900262570,DESM,DESM-200,2018,2019-03-18,10
262571,900262571,DESM,DESM-100,2014,2014-02-13,10
262572,900262572,DESM,DESM-300,2022,2023-03-25,10
262573,900262573,DESM,DESM-100,2010,2011-02-03,10
262574,900262574,DESM,DESM-200,2016,2016-09-30,10
262579,900262579,DESM,DESM-200,2016,2016-10-29,10
262580,900262580,DESM,DESM-100,2019,2019-10-09,10
262581,900262581,DESM,DESM-100,2010,2010-09-27,10
262582,900262582,DESM,DESM-300,2015,2015-08-20,10
262583,900262583,DESM,DESM-100,2014,2014-08-28,10
262584,900262584,DESM,DESM-200,2022,2023-05-20,10
262585,900262585,DESM,DESM-100,2008,2008-10-01,10
262586,900262586,DESM,DESM-200,2016,2016-07-24,10
262587,900262587,DESM,DESM-300,2014,2014-07-02,10
262588,900262588,DESM,DESM-100,2018,2019-10-01,10
262589,900262589,DESM,DESM-300,2011,2011-09-02,10
262590,900262590,DESM,DESM-100,2011,2012-05-16,10
262591,900262591,DESM,DESM-300,2023,2023-07-25,10
262592,900262592,DESM,DESM-200,2011,2011-08-04,10
262593,900262593,DESM,DESM-300,2009,2010-04-22,10
262594,900262594,DESM,DESM-200,2013,2014-01-08,10
262595,900262595,DESM,DESM-100,2021,2022-08-27,10
262596,900262596,DESM,DESM-200,2018,2019-03-23,10
262597,900262597,DESM,DESM-100,2022,2022-05-12,10
262598,900262598,DESM,DESM-100,2022,2022-12-04,10
262599,900262599,DESM,DESM-100,2009,2009-10-10,10
262600,900262600,DESM,DESM-100,2012,2013-02-14,10
262601,900262601,DESM,DESM-100,2016,2017-03-17,10
262602,900262602,DESM,DESM-200,2023,2024-04-09,10
262603,900262603,DESM,DESM-200,2014,2014-11-17,10
262604,900262604,DESM,DESM-300,2022,2022-05-25,10
262605,900262605,DESM,DESM-100,2019,2019-08-10,10
262606,900262606,DESM,DESM-300,2008,2009-03-19,10
262607,900262607,DESM,DESM-300,2009,2010-03-10,10
262608,900262608,DESM,DESM-100,2009,2009-12-11,10
262609,900262609,DESM,DESM-200,2022,2023-06-14,10
262610,900262610,DESM,DESM-300,2009,2010-02-07,10
262611,900262611,DESM,DESM-300,2016,2017-09-15,10
262612,900262612,DESM,DESM-300,2020,2021-09-22,10
262613,900262613,DESM,DESM-100,2019,2020-01-22,10
262614,900262614,DESM,DESM-300,2011,2012-02-29,10
262615,900262615,DESM,DESM-200,2017,2017-11-28,10
262616,900262616,DESM,DESM-300,2018,2018-09-23,10
262617,900262617,DESM,DESM-300,2017,2018-02-13,10
262618,900262618,DESM,DESM-300,2015,2016-01-30,10
262619,900262619,DESM,DESM-200,2019,2019-04-04,10
262620,900262620,DESM,DESM-100,2016,2016-12-14,10
262621,900262621,DESM,DESM-200,2012,2012-09-09,10
262622,900262622,DESM,DESM-300,2008,2009-04-10,10
262623,900262623,DESM,DESM-100,2008,2009-04-21,10
262624,900262624,DESM,DESM-300,2020,2021-03-02,10
262625,900262625,DESM,DESM-100,2020,2021-08-12,10
262626,900262626,DESM,DESM-100,2017,2017-12-20,10
262627,900262627,DESM,DESM-300,2014,2015-07-31,10
262628,900262628,DESM,DESM-300,2008,2008-05-31,10
262629,900262629,DESM,DESM-100,2017,2017-12-11,10
262630,900262630,DESM,DESM-300,2018,2018-08-04,10
262631,900262631,DESM,DESM-300,2021,2021-08-22,10
262632,900262632,DESM,DESM-300,2013,2014-06-21,10
262633,900262633,DESM,DESM-200,2011,2011-11-25,10
262634,900262634,DESM,DESM-300,2013,2014-01-21,10
262635,900262635,DESM,DESM-200,2023,2023-11-10,10
262636,900262636,DESM,DESM-300,2013,2013-03-22,10
262637,900262637,DESM,DESM-100,2018,2019-07-20,10
262638,900262638,DESM,DESM-300,2018,2019-05-08,10
262639,900262639,DESM,DESM-300,2015,2016-06-05,10
262640,900262640,DESM,DESM-200,2010,2010-12-31,10
262641,900262641,DESM,DESM-300,2009,2010-01-27,10
262642,900262642,DESM,DESM-100,2013,2013-11-14,10
262643,900262643,DESM,DESM-200,2020,2021-05-26,10
262644,900262644,DESM,DESM-300,2023,2023-05-24,10
262645,900262645,DESM,DESM-200,2009,2010-05-17,10
262646,900262646,DESM,DESM-300,2020,2021-05-21,10
262647,900262647,DESM,DESM-200,2021,2022-01-04,10
262648,900262648,DESM,DESM-100,2016,2016-09-12,10
262649,900262649,DESM,DESM-100,2017,2018-02-16,10
262650,900262650,DESM,DESM-200,2008,2009-03-11,10
262651,900262651,DESM,DESM-300,2015,2016-02-22,10
262652,900262652,DESM,DESM-300,2017,2018-02-28,10
262653,900262653,DESM,DESM-300,2022,2023-02-13,10
262654,900262654,DESM,DESM-100,2016,2016-12-04,10
262659,900262659,DESM,DESM-200,2022,2022-11-06,10
262660,900262660,DESM,DESM-200,2023,2023-07-30,10
262661,900262661,DESM,DESM-200,2023,2024-01-01,10
262662,900262662,DESM,DESM-300,2014,2015-01-13,10
262663,900262663,DESM,DESM-300,2019,2019-11-15,10
262664,900262664,DESM,DESM-100,2011,2011-11-07,10
262665,900262665,DESM,DESM-200,2010,2010-12-13,10
262666,900262666,DESM,DESM-100,2023,2023-04-23,10
262667,900262667,DESM,DESM-300,2023,2024-07-13,10
262668,900262668,DESM,DESM-100,2010,2010-02-23,10
262669,900262669,DESM,DESM-300,2016,2016-09-25,10
262670,900262670,DESM,DESM-200,2021,2022-01-08,10
262671,900262671,DESM,DESM-200,2008,2009-08-19,10
262672,900262672,DESM,DESM-100,2009,2009-10-08,10
262673,900262673,DESM,DESM-100,2023,2023-12-21,10
262674,900262674,DESM,DESM-200,2009,2010-05-05,10
262675,900262675,DESM,DESM-200,2011,2012-10-23,10
262676,900262676,DESM,DESM-300,2023,2023-11-30,10
262677,900262677,DESM,DESM-200,2017,2018-05-08,10
262678,900262678,DESM,DESM-100,2022,2023-10-01,10
262679,900262679,DESM,DESM-200,2008,2008-09-02,10
262680,900262680,DESM,DESM-300,2017,2018-02-24,10
262681,900262681,DESM,DESM-200,2021,2021-12-23,10
262682,900262682,DESM,DESM-100,2008,2009-02-27,10
262683,900262683,DESM,DESM-300,2020,2021-04-30,10
262684,900262684,DESM,DESM-100,2020,2021-02-07,10
262685,900262685,DESM,DESM-100,2014,2014-02-05,10
262686,900262686,DESM,DESM-300,2008,2008-09-03,10
262687,900262687,DESM,DESM-100,2011,2011-05-18,10
262688,900262688,DESM,DESM-200,2017,2018-06-06,10
262689,900262689,DESM,DESM-100,2022,2022-09-12,10
262690,900262690,DESM,DESM-100,2019,2020-03-11,10
262691,900262691,DESM,DESM-300,2010,2010-04-28,10
262692,900262692,DESM,DESM-300,2016,2017-05-29,10
262693,900262693,DESM,DESM-200,2019,2019-12-17,10
262694,900262694,DESM,DESM-100,2017,2018-07-15,10
262695,900262695,DESM,DESM-100,2018,2019-06-04,10
262696,900262696,DESM,DESM-200,2014,2015-03-01,10
262697,900262697,DESM,DESM-300,2016,2016-06-23,10
262698,900262698,DESM,DESM-200,2008,2008-12-04,10
262699,900262699,DESM,DESM-300,2020,2020-11-26,10
262700,900262700,DESM,DESM-300,2020,2021-04-09,10
262701,900262701,DESM,DESM-200,2018,2019-04-28,10
262702,900262702,DESM,DESM-200,2021,2022-11-11,10
262703,900262703,DESM,DESM-300,2011,2012-05-29,10
262704,900262704,DESM,DESM-300,2012,2013-02-22,10
262705,900262705,DESM,DESM-300,2008,2008-10-12,10
262706,900262706,DESM,DESM-100,2009,2009-06-20,10
262707,900262707,DESM,DESM-200,2022,2022-12-09,10
262708,900262708,DESM,DESM-200,2023,2023-05-04,10
262713,900262713,SWUR,SWUR-300,2022,2022-08-28,12
262719,900262719,SWUR,SWUR-100,2008,2008-02-28,12
262725,900262725,SWUR,SWUR-100,2020,2020-09-01,12
262731,900262731,SWUR,SWUR-200,2013,2014-04-03,12
262737,900262737,SWUR,SWUR-200,2010,2010-10-07,12
262813,900262813,SWAV,SWAV-200,2017,2018-01-11,15
262825,900262825,SWAV,SWAV-200,2016,2016-12-29,15
262847,900262847,ELUP,ELUP-100,2011,2011-12-20,8
262856,900262856,ELUP,ELUP-200,2011,2012-08-31,8
262943,900262943,SWPH,SWPH-200,2018,2018-12-12,12
262944,900262944,SWPH,SWPH-300,2021,2021-10-09,12
262945,900262945,SWPH,SWPH-300,2013,2013-09-21,12
262946,900262946,SWMS,SWMS-200,2021,2022-08-09,15
262947,900262947,ATFA,ATFA-200,2019,2020-05-25,15
262948,900262948,SWMS,SWMS-100,2017,2018-02-24,15
263345,900263345,DEMC,DEMC-100,2016,2017-02-20,10
263346,900263346,DESM,DESM-100,2013,2014-04-14,10
263347,900263347,DESM,DESM-200,2014,2014-09-30,10
263348,900263348,DEMO,DEMO-100,2010,2010-09-21,10
263349,900263349,DEDR,DEDR-100,2017,2018-11-07,15
263350,900263350,DEDR,DEDR-200,2012,2013-01-18,15
263352,900263352,DEDR,DEDR-100,2018,2018-11-01,15
263353,900263353,DEDR,DEDR-300,2008,2008-09-08,15
263354,900263354,DESM,DESM-100,2020,2020-05-20,10
263355,900263355,DESM,DESM-300,2020,2021-06-21,10
263356,900263356,DEMO,DEMO-300,2016,2016-09-15,10
263357,900263357,DEGL,DEGL-100,2017,2018-02-02,10
263358,900263358,DEMO,DEMO-300,2015,2015-04-20,10
263359,900263359,DEGL,DEGL-200,2012,2013-05-12,10
263361,900263361,DEDR,DEDR-300,2014,2014-11-21,15
263362,900263362,DESM,DESM-300,2015,2015-07-22,10
263363,900263363,DESM,DESM-100,2009,2010-09-24,10
263364,900263364,DEMO,DEMO-100,2013,2014-05-01,10
263365,900263365,DEGL,DEGL-200,2010,2011-01-05,10
263367,900263367,DESM,DESM-300,2020,2021-02-09,10
263368,900263368,DESM,DESM-200,2023,2023-07-29,10
263369,900263369,DEDR,DEDR-300,2012,2013-07-20,15
263370,900263370,DESM,DESM-100,2016,2017-04-10,10
263371,900263371,DESM,DESM-300,2008,2009-03-01,10
263372,900263372,DEMO,DEMO-200,2010,2011-02-11,10
263373,900263373,DEGL,DEGL-200,2023,2023-07-14,10
263404,900263404,DESM,DESM-100,2009,2010-06-08,10
263405,900263405,DEDR,DEDR-300,2015,2016-10-17,15
263406,900263406,DEDR,DEDR-200,2013,2013-06-01,15
263407,900263407,DEMO,DEMO-100,2016,2017-03-24,10
263408,900263408,DEDR,DEDR-100,2011,2011-10-12,15
263413,900263413,ELUP,ELUP-100,2020,2020-11-17,8
266604,900266604,SWAV,SWAV-300,2020,2021-05-22,15
266605,900266605,DEMO,DEMO-100,2018,2019-01-01,10
266606,900266606,DETM,DETM-100,2009,2010-02-14,10
266607,900266607,DEDR,DEDR-200,2011,2011-03-13,15
266608,900266608,DEDR,DEDR-300,2020,2021-08-28,15
266609,900266609,SWAV,SWAV-100,2016,2016-08-15,15
266610,900266610,DEDR,DEDR-200,2022,2022-11-25,15
266611,900266611,DEDR,DEDR-200,2022,2022-09-24,15
266620,900266620,DEMO,DEMO-300,2021,2021-06-02,10
266621,900266621,DETM,DETM-300,2015,2016-09-30,10
266622,900266622,DEDR,DEDR-200,2012,2013-07-24,15
266623,900266623,DEMO,DEMO-200,2021,2022-09-20,10
266624,900266624,DETM,DETM-300,2010,2011-03-11,10
266625,900266625,DEDR,DEDR-200,2022,2023-02-20,15
266626,900266626,DEDR,DEDR-100,2013,2014-06-20,15
266635,900266635,SWAV,SWAV-300,2012,2012-10-09,15
266636,900266636,DEMO,DEMO-100,2023,2023-06-28,10
266637,900266637,DETM,DETM-300,2018,2018-10-21,10
266638,900266638,DEMO,DEMO-100,2008,2008-12-12,10
266639,900266639,SWAV,SWAV-100,2008,2009-01-30,15
266648,900266648,DEMO,DEMO-100,2020,2021-02-16,10
266649,900266649,DETM,DETM-100,2018,2018-02-15,10
266650,900266650,DEDR,DEDR-200,2021,2022-02-26,15
266659,900266659,SWAV,SWAV-100,2023,2024-07-31,15
266660,900266660,DEMO,DEMO-300,2014,2014-09-16,10
266661,900266661,DETM,DETM-100,2016,2016-09-25,10
266662,900266662,DEDR,DEDR-200,2016,2017-04-12,15
266663,900266663,DEMO,DEMO-300,2019,2019-06-09,10
266664,900266664,DETM,DETM-100,2023,2024-06-03,10
266665,900266665,SWAV,SWAV-300,2008,2008-10-06,15
266674,900266674,SWAV,SWAV-100,2009,2010-02-25,15
266675,900266675,DEMO,DEMO-300,2016,2016-12-25,10
266676,900266676,DETM,DETM-200,2008,2009-02-13,10
266677,900266677,DEDR,DEDR-100,2015,2016-04-08,15
266678,900266678,DEMO,DEMO-300,2012,2013-01-23,10
266679,900266679,DETM,DETM-200,2019,2020-01-04,10
266680,900266680,DEDR,DEDR-200,2020,2020-07-15,15
266681,900266681,DEDR,DEDR-200,2023,2024-06-21,15
266690,900266690,SWAV,SWAV-300,2014,2014-11-16,15
266699,900266699,DEDR,DEDR-100,2010,2010-12-11,15
266700,900266700,ELUP,ELUP-200,2016,2016-11-07,8
266701,900266701,DEDR,DEDR-100,2015,2016-03-15,15
266702,900266702,DEMO,DEMO-200,2020,2021-02-15,10
266703,900266703,DETM,DETM-300,2022,2023-10-21,10
266704,900266704,DETM,DETM-300,2013,2014-04-18,10
266705,900266705,DEFL,DEFL-300,2021,2022-09-01,10
266707,900266707,DEDR,DEDR-100,2008,2008-12-30,15
266716,900266716,SWAV,SWAV-300,2019,2019-12-11,15
266717,900266717,DEMO,DEMO-300,2009,2010-05-24,10
266718,900266718,DETM,DETM-200,2020,2020-06-14,10
266719,900266719,DEDR,DEDR-100,2017,2018-07-07,15
266720,900266720,DEDR,DEDR-200,2011,2011-09-12,15
266721,900266721,SWAV,SWAV-300,2009,2010-09-08,15
266730,900266730,SWAV,SWAV-100,2011,2011-10-10,15
266731,900266731,DEMO,DEMO-100,2022,2023-02-12,10
266732,900266732,DETM,DETM-200,2008,2008-12-16,10
266733,900266733,SWAV,SWAV-300,2012,2013-01-05,15
266742,900266742,DEMO,DEMO-100,2023,2023-08-24,10
266743,900266743,DETM,DETM-200,2014,2014-10-11,10
266752,900266752,DEDR,DEDR-100,2018,2019-01-03,15
266753,900266753,DEMO,DEMO-200,2022,2023-03-18,10
266763,900266763,DEMO,DEMO-200,2021,2021-08-29,10
266764,900266764,DETM,DETM-100,2017,2017-07-08,10
266774,900266774,DEMO,DEMO-300,2015,2016-04-08,10
266775,900266775,DETM,DETM-200,2008,2009-02-02,10
266785,900266785,DEDR,DEDR-200,2020,2021-03-30,15
266786,900266786,ELUP,ELUP-100,2013,2013-06-04,8
266787,900266787,DEDR,DEDR-200,2016,2017-05-26,15
266788,900266788,DEMO,DEMO-200,2010,2011-02-24,10
266789,900266789,DETM,DETM-100,2008,2009-05-04,10
266790,900266790,DEDR,DEDR-200,2019,2019-09-02,15
266791,900266791,DEMO,DEMO-300,2020,2020-10-13,10
266792,900266792,DETM,DETM-300,2010,2011-01-07,10
266793,900266793,DEDR,DEDR-200,2018,2018-12-21,15
266802,900266802,SWAV,SWAV-200,2008,2009-07-14,15
266804,900266804,DETM,DETM-200,2012,2012-08-06,10
266805,900266805,DEDR,DEDR-200,2010,2010-10-20,15
266806,900266806,DEMO,DEMO-200,2016,2017-02-12,10
266807,900266807,DETM,DETM-100,2015,2015-11-03,10
266808,900266808,DEDR,DEDR-300,2014,2015-01-07,15
266809,900266809,DEDR,DEDR-200,2013,2014-01-23,15
266810,900266810,DEDR,DEDR-300,2018,2019-03-17,15
266821,900266821,SWAV,SWAV-100,2021,2022-03-06,15
266834,900266834,SWAV,SWAV-200,2010,2010-11-18,15
266835,900266835,DEMO,DEMO-100,2019,2020-04-27,10
266836,900266836,DETM,DETM-100,2020,2020-11-11,10
266837,900266837,DEDR,DEDR-200,2013,2013-11-24,15
266838,900266838,DEDR,DEDR-100,2020,2020-03-13,15
266839,900266839,DEFL,DEFL-300,2018,2018-08-02,10
266849,900266849,SWAV,SWAV-200,2013,2013-06-30,15
266860,900266860,DEMO,DEMO-200,2020,2020-05-31,10
266861,900266861,DETM,DETM-300,2009,2009-08-21,10
266862,900266862,DEDR,DEDR-200,2011,2012-05-27,15
266863,900266863,DEMO,DEMO-100,2013,2013-09-02,10
266864,900266864,DETM,DETM-100,2019,2020-09-09,10
266865,900266865,DEDR,DEDR-200,2017,2017-04-04,15
266866,900266866,SWAV,SWAV-300,2010,2010-10-11,15
266867,900266867,DEMO,DEMO-200,2022,2022-08-29,10
266878,900266878,SWAV,SWAV-100,2013,2014-05-02,15
266887,900266887,SWAV,SWAV-300,2022,2022-08-14,15
266888,900266888,DEMO,DEMO-200,2014,2014-09-23,10
266906,900266906,SWAV,SWAV-200,2015,2016-08-23,15
266907,900266907,DEMO,DEMO-300,2008,2008-06-21,10
266908,900266908,DETM,DETM-200,2020,2021-01-30,10
266909,900266909,SWAV,SWAV-200,2023,2023-10-18,15
266918,900266918,DEMO,DEMO-100,2008,2008-12-25,10
266919,900266919,DETM,DETM-200,2010,2010-11-24,10
266920,900266920,DEDR,DEDR-200,2009,2010-05-12,15
266921,900266921,SWAV,SWAV-200,2021,2021-11-28,15
266922,900266922,DEMO,DEMO-200,2013,2014-04-21,10
266923,900266923,DETM,DETM-200,2011,2012-08-13,10
266924,900266924,DEDR,DEDR-300,2011,2011-07-10,15
266925,900266925,DEDR,DEDR-200,2012,2013-05-05,15
266934,900266934,SWAV,SWAV-100,2010,2010-11-29,15
266946,900266946,DEMO,DEMO-300,2023,2024-03-19,10
266947,900266947,DETM,DETM-300,2019,2019-11-09,10
266948,900266948,DEDR,DEDR-100,2009,2010-05-07,15
266958,900266958,ATFA,ATFA-100,2008,2009-01-04,15
266959,900266959,SWPH,SWPH-200,2016,2016-09-19,12
266960,900266960,ATFA,ATFA-100,2010,2010-05-01,15
266961,900266961,SWMS,SWMS-300,2023,2024-06-21,15
266962,900266962,SWMS,SWMS-300,2012,2012-06-12,15
266965,900266965,ATFA,ATFA-100,2022,2023-04-27,15
266966,900266966,SWPH,SWPH-200,2009,2009-07-01,12
266967,900266967,SWPH,SWPH-200,2010,2010-11-11,12
266968,900266968,SWPH,SWPH-100,2010,2011-03-04,12
266969,900266969,SWMS,SWMS-100,2018,2018-06-17,15
266970,900266970,SWMS,SWMS-100,2010,2010-06-22,15
266973,900266973,SWPH,SWPH-300,2022,2022-04-06,12
266976,900266976,ATFA,ATFA-200,2018,2018-06-02,15
266977,900266977,SWPH,SWPH-300,2021,2021-11-11,12
266978,900266978,ATFA,ATFA-200,2017,2017-09-01,15
266979,900266979,SWMS,SWMS-200,2009,2010-05-31,15
266980,900266980,SWMS,SWMS-200,2023,2023-11-14,15
266983,900266983,PUCE,PUCE-200,2011,2012-08-01,10
266984,900266984,PUCE,PUCE-300,2014,2015-04-07,10
266987,900266987,SWPH,SWPH-300,2017,2017-12-26,12
266988,900266988,SWPH,SWPH-100,2012,2012-03-05,12
266989,900266989,SWMS,SWMS-300,2020,2020-09-10,15
266990,900266990,SWMS,SWMS-300,2020,2020-06-15,15
266993,900266993,SWPH,SWPH-100,2009,2009-04-03,12
266994,900266994,SWPH,SWPH-200,2008,2008-06-23,12
266995,900266995,SWMS,SWMS-100,2020,2021-06-24,15
266996,900266996,SWMS,SWMS-300,2019,2019-10-09,15
266999,900266999,SWPH,SWPH-100,2013,2014-10-31,12
267000,900267000,SWPH,SWPH-100,2023,2024-05-17,12
267001,900267001,SWMS,SWMS-300,2016,2017-07-30,15
267002,900267002,SWMS,SWMS-300,2018,2018-11-02,15
267005,900267005,SWPH,SWPH-100,2022,2023-07-25,12
267006,900267006,ATFA,ATFA-100,2015,2016-05-11,15
267007,900267007,SWMS,SWMS-300,2013,2014-09-13,15
267008,900267008,SWMS,SWMS-300,2020,2020-04-27,15
267011,900267011,SWPH,SWPH-200,2017,2017-08-10,12
267012,900267012,SWPH,SWPH-200,2021,2021-05-29,12
267013,900267013,SWPH,SWPH-100,2023,2023-09-12,12
267014,900267014,SWPH,SWPH-200,2023,2023-11-01,12
267015,900267015,SWPH,SWPH-100,2018,2019-04-15,12
267016,900267016,SWMS,SWMS-100,2019,2019-03-12,15
267019,900267019,SWPH,SWPH-300,2023,2024-07-18,12
267020,900267020,SWPH,SWPH-100,2015,2016-03-08,12
267021,900267021,SWMS,SWMS-100,2008,2008-04-22,15
267022,900267022,SWMS,SWMS-300,2011,2012-05-14,15
267025,900267025,SWPH,SWPH-200,2010,2010-04-28,12
267026,900267026,SWPH,SWPH-100,2011,2011-09-02,12
267029,900267029,ATFA,ATFA-300,2017,2018-03-30,15
267030,900267030,SWPH,SWPH-100,2022,2023-03-30,12
267031,900267031,SWPH,SWPH-300,2022,2023-10-21,12
267032,900267032,SWMS,SWMS-300,2020,2021-01-05,15
267033,900267033,SWMS,SWMS-300,2018,2018-03-17,15
267036,900267036,SWPH,SWPH-200,2018,2019-02-21,12
267039,900267039,SWPH,SWPH-300,2014,2014-06-02,12
267040,900267040,SWPH,SWPH-300,2008,2009-01-29,12
267041,900267041,SWMS,SWMS-300,2023,2024-08-19,15
267042,900267042,SWMS,SWMS-300,2020,2021-03-26,15
267045,900267045,SWPH,SWPH-200,2012,2013-07-23,12
267046,900267046,ATFA,ATFA-200,2011,2012-03-13,15
267047,900267047,SWMS,SWMS-300,2017,2017-05-24,15
267048,900267048,SWMS,SWMS-300,2010,2010-09-01,15
267051,900267051,SWPH,SWPH-100,2020,2021-03-05,12
267052,900267052,SWPH,SWPH-100,2012,2013-04-17,12
267053,900267053,SWMS,SWMS-300,2018,2018-02-02,15
267054,900267054,SWMS,SWMS-100,2017,2018-09-12,15
267057,900267057,SWPH,SWPH-200,2012,2012-11-04,12
267058,900267058,SWPH,SWPH-100,2016,2016-09-03,12
267059,900267059,SWMS,SWMS-300,2019,2020-04-23,15
267060,900267060,SWMS,SWMS-100,2015,2015-07-25,15
267063,900267063,SWPH,SWPH-200,2016,2016-10-17,12
267064,900267064,SWPH,SWPH-300,2017,2017-12-28,12
267065,900267065,SWPH,SWPH-200,2023,2024-01-30,12
267066,900267066,SWPH,SWPH-300,2020,2021-09-18,12
267067,900267067,SWMS,SWMS-200,2020,2020-11-04,15
267068,900267068,SWMS,SWMS-200,2011,2011-11-06,15
267071,900267071,SWPH,SWPH-100,2021,2021-11-14,12
267072,900267072,SWPH,SWPH-200,2016,2016-10-05,12
267073,900267073,SWMS,SWMS-100,2008,2009-04-18,15
267074,900267074,SWMS,SWMS-300,2022,2022-06-16,15
267077,900267077,SWPH,SWPH-100,2015,2015-08-02,12
267078,900267078,SWPH,SWPH-300,2011,2011-12-31,12
267079,900267079,ATFA,ATFA-100,2017,2018-04-11,15
267080,900267080,SWMS,SWMS-100,2015,2015-10-29,15
267083,900267083,ATFA,ATFA-200,2015,2015-10-23,15
267084,900267084,SWMS,SWMS-200,2022,2022-08-09,15
267087,900267087,PUCE,PUCE-100,2019,2019-07-29,10
267088,900267088,PUCE,PUCE-100,2016,2016-08-28,10
267091,900267091,ATFA,ATFA-200,2019,2019-05-02,15
267095,900267095,SWPH,SWPH-300,2009,2010-06-06,12
267096,900267096,SWPH,SWPH-200,2009,2009-07-27,12
267097,900267097,SWPH,SWPH-200,2011,2012-07-15,12
267100,900267100,ATFA,ATFA-100,2008,2009-01-02,15
267101,900267101,SWMS,SWMS-200,2009,2009-04-23,15
267104,900267104,SWPH,SWPH-100,2021,2022-04-27,12
267105,900267105,SWPH,SWPH-100,2015,2015-12-21,12
267106,900267106,SWPH,SWPH-300,2008,2008-08-28,12
267109,900267109,ATFA,ATFA-100,2010,2010-04-01,15
267110,900267110,SWPH,SWPH-100,2021,2021-03-26,12
267114,900267114,ATFA,ATFA-100,2023,2023-05-06,15
267115,900267115,SWMS,SWMS-200,2015,2015-07-10,15
267118,900267118,SWUR,SWUR-100,2022,2022-12-13,12
267124,900267124,SWUR,SWUR-200,2013,2014-03-22,12
267130,900267130,SWUR,SWUR-100,2009,2009-08-05,12
267136,900267136,SWUR,SWUR-100,2022,2022-03-31,12
267142,900267142,SWUR,SWUR-100,2010,2010-09-17,12
267148,900267148,SWUR,SWUR-300,2013,2014-04-28,12
267154,900267154,SWUR,SWUR-100,2015,2016-03-11,12
267160,900267160,SWUR,SWUR-300,2009,2009-10-26,12
267166,900267166,SWUR,SWUR-200,2020,2021-02-23,12
267172,900267172,SWUR,SWUR-300,2009,2010-01-01,12
267178,900267178,SWUR,SWUR-300,2017,2017-12-20,12
267184,900267184,SWUR,SWUR-100,2017,2017-08-20,12
267190,900267190,SWUR,SWUR-300,2015,2015-07-01,12
267196,900267196,SWUR,SWUR-200,2010,2011-05-31,12
267202,900267202,SWUR,SWUR-200,2011,2012-07-11,12
267208,900267208,SWUR,SWUR-300,2013,2013-12-11,12
267214,900267214,SWUR,SWUR-100,2010,2010-09-18,12
267220,900267220,SWUR,SWUR-200,2016,2016-08-30,12
267226,900267226,SWUR,SWUR-300,2008,2009-01-08,12
267232,900267232,SWUR,SWUR-300,2013,2014-03-20,12
267238,900267238,SWUR,SWUR-200,2013,2013-06-06,12
267244,900267244,SWUR,SWUR-100,2010,2010-11-18,12
267250,900267250,SWUR,SWUR-200,2010,2010-08-18,12
267256,900267256,SWUR,SWUR-200,2016,2017-01-22,12
267262,900267262,SWUR,SWUR-100,2009,2010-03-17,12
267268,900267268,SWUR,SWUR-100,2011,2011-12-31,12
267274,900267274,SWUR,SWUR-200,2010,2010-11-04,12
267280,900267280,SWUR,SWUR-100,2018,2019-10-01,12
267286,900267286,SWUR,SWUR-300,2019,2019-06-18,12
267292,900267292,SWUR,SWUR-200,2015,2015-09-06,12
267298,900267298,SWUR,SWUR-300,2023,2024-02-29,12
267304,900267304,SWUR,SWUR-100,2009,2009-09-24,12
267310,900267310,SWUR,SWUR-100,2023,2024-07-03,12
267316,900267316,SWUR,SWUR-100,2016,2016-09-02,12
267322,900267322,SWUR,SWUR-200,2022,2022-05-04,12
267328,900267328,DEGD,DEGD-100,2012,2012-10-17,10
267333,900267333,DEGD,DEGD-200,2012,2012-12-14,10
267338,900267338,DEGD,DEGD-200,2019,2019-03-09,10
267343,900267343,DEGD,DEGD-200,2019,2019-12-27,10
267348,900267348,DEGD,DEGD-300,2023,2024-02-08,10
267353,900267353,DEGD,DEGD-300,2017,2018-03-15,10
267358,900267358,DEGD,DEGD-100,2014,2014-08-19,10
267363,900267363,DEGD,DEGD-200,2019,2020-08-10,10
267368,900267368,DEGD,DEGD-100,2013,2014-02-10,10
267373,900267373,DEGD,DEGD-200,2016,2017-05-28,10
267378,900267378,DEGD,DEGD-300,2020,2020-11-13,10
267383,900267383,DEGD,DEGD-300,2012,2012-11-09,10
267388,900267388,DEGD,DEGD-100,2023,2023-12-20,10
267393,900267393,DEGD,DEGD-200,2023,2023-09-04,10
267398,900267398,DEGD,DEGD-200,2019,2019-04-06,10
267403,900267403,DEGD,DEGD-200,2023,2023-12-12,10
267408,900267408,DEGD,DEGD-300,2020,2020-03-04,10
267413,900267413,DEGD,DEGD-300,2022,2023-10-01,10
267418,900267418,DEGD,DEGD-100,2008,2009-06-21,10
267423,900267423,DEGD,DEGD-100,2010,2011-02-02,10
267428,900267428,DEGD,DEGD-100,2016,2017-07-07,10
267433,900267433,DEGD,DEGD-200,2021,2021-12-01,10
267492,900267492,DESM,DESM-300,2019,2019-09-02,10
267493,900267493,DESM,DESM-100,2009,2010-06-28,10
267494,900267494,DESM,DESM-300,2015,2016-08-28,10
267495,900267495,DESM,DESM-200,2016,2016-07-12,10
267496,900267496,DESM,DESM-100,2011,2011-04-20,10
267497,900267497,DESM,DESM-300,2015,2015-05-26,10
267498,900267498,DESM,DESM-300,2010,2010-08-04,10
267499,900267499,DESM,DESM-200,2010,2011-03-06,10
267500,900267500,DESM,DESM-200,2011,2012-08-16,10
267501,900267501,DESM,DESM-200,2014,2014-10-16,10
267502,900267502,DESM,DESM-100,2017,2017-09-18,10
267503,900267503,DESM,DESM-200,2019,2019-11-03,10
267504,900267504,DESM,DESM-100,2020,2021-05-28,10
267505,900267505,DESM,DESM-300,2018,2019-07-24,10
267506,900267506,DESM,DESM-300,2015,2015-11-29,10
267507,900267507,DESM,DESM-200,2017,2018-06-21,10
267508,900267508,DESM,DESM-100,2021,2022-05-10,10
267509,900267509,DESM,DESM-100,2021,2021-10-08,10
267510,900267510,DESM,DESM-300,2020,2020-09-09,10
267511,900267511,DESM,DESM-300,2014,2015-05-25,10
267512,900267512,DESM,DESM-200,2017,2017-12-27,10
267513,900267513,DESM,DESM-200,2013,2014-03-05,10
267514,900267514,DESM,DESM-100,2014,2015-06-21,10
267515,900267515,DESM,DESM-100,2010,2011-01-31,10
267516,900267516,DESM,DESM-200,2019,2020-06-21,10
267517,900267517,DESM,DESM-300,2008,2008-11-30,10
267518,900267518,DESM,DESM-300,2018,2018-07-23,10
267519,900267519,DESM,DESM-100,2017,2018-05-01,10
267520,900267520,DESM,DESM-200,2022,2023-03-31,10
267521,900267521,DESM,DESM-200,2020,2021-04-02,10
267522,900267522,DESM,DESM-300,2014,2015-01-15,10
267523,900267523,DESM,DESM-100,2011,2011-09-10,10
267524,900267524,DESM,DESM-100,2015,2016-07-27,10
267525,900267525,DESM,DESM-200,2014,2014-04-03,10
267526,900267526,DESM,DESM-100,2023,2024-06-14,10
267527,900267527,DESM,DESM-100,2016,2017-01-06,10
267528,900267528,DESM,DESM-100,2022,2023-06-09,10
267529,900267529,DESM,DESM-200,2011,2012-04-07,10
267530,900267530,DESM,DESM-300,2013,2013-10-19,10
267531,900267531,DESM,DESM-200,2012,2012-09-18,10
267532,900267532,DESM,DESM-300,2020,2020-02-06,10
267533,900267533,DESM,DESM-100,2019,2019-06-24,10
267534,900267534,DESM,DESM-300,2014,2014-08-18,10
267535,900267535,DESM,DESM-200,2012,2013-01-20,10
267536,900267536,DESM,DESM-200,2011,2011-12-23,10
267537,900267537,DESM,DESM-100,2017,2017-12-28,10
267538,900267538,DESM,DESM-200,2023,2023-10-25,10
267539,900267539,DESM,DESM-200,2021,2021-06-08,10
267540,900267540,DESM,DESM-200,2009,2009-07-30,10
267541,900267541,DESM,DESM-200,2020,2020-11-10,10
267542,900267542,DESM,DESM-100,2012,2013-02-27,10
267543,900267543,DESM,DESM-100,2009,2010-04-02,10
267544,900267544,DESM,DESM-300,2008,2009-03-22,10
267545,900267545,DESM,DESM-200,2012,2012-11-28,10
267546,900267546,DESM,DESM-100,2019,2019-04-08,10
267547,900267547,DESM,DESM-300,2015,2016-07-10,10
267548,900267548,DESM,DESM-300,2021,2022-01-19,10
267549,900267549,DESM,DESM-300,2020,2021-10-25,10
267550,900267550,DESM,DESM-100,2008,2008-10-09,10
267551,900267551,DESM,DESM-300,2023,2024-01-03,10
267552,900267552,DESM,DESM-200,2020,2021-10-23,10
267557,900267557,DESM,DESM-200,2019,2020-03-02,10
267558,900267558,DESM,DESM-100,2013,2014-03-09,10
267559,900267559,DESM,DESM-300,2013,2013-10-31,10
267560,900267560,DESM,DESM-300,2019,2019-05-31,10
267561,900267561,DESM,DESM-100,2011,2012-02-05,10
267562,900267562,DESM,DESM-200,2021,2021-08-31,10
267563,900267563,DESM,DESM-300,2023,2023-08-29,10
267564,900267564,DESM,DESM-300,2010,2011-02-09,10
267565,900267565,DESM,DESM-300,2022,2022-08-02,10
267566,900267566,DESM,DESM-300,2008,2008-08-12,10
267567,900267567,DESM,DESM-100,2012,2013-03-30,10
267568,900267568,DESM,DESM-300,2018,2018-11-08,10
267569,900267569,DESM,DESM-100,2010,2010-05-07,10
267570,900267570,DESM,DESM-100,2017,2018-02-11,10
267571,900267571,DESM,DESM-100,2019,2019-03-28,10
267572,900267572,DESM,DESM-100,2008,2008-02-10,10
267573,900267573,DESM,DESM-100,2012,2013-01-18,10
267574,900267574,DESM,DESM-300,2014,2014-10-13,10
267575,900267575,DESM,DESM-100,2016,2016-12-05,10
267576,900267576,DESM,DESM-200,2008,2008-10-23,10
267577,900267577,DESM,DESM-300,2012,2012-11-27,10
267578,900267578,DESM,DESM-100,2020,2020-10-23,10
267579,900267579,DESM,DESM-200,2009,2009-11-30,10
267580,900267580,DESM,DESM-100,2018,2018-05-23,10
267581,900267581,DESM,DESM-200,2010,2010-03-27,10
267582,900267582,DESM,DESM-300,2015,2016-05-17,10
267583,900267583,DESM,DESM-300,2019,2020-03-20,10
267584,900267584,DESM,DESM-200,2018,2018-12-17,10
267585,900267585,DESM,DESM-100,2009,2010-04-02,10
267586,900267586,DESM,DESM-300,2015,2015-09-24,10
267587,900267587,DESM,DESM-100,2011,2011-10-31,10
267588,900267588,DESM,DESM-200,2008,2008-11-08,10
267589,900267589,DESM,DESM-200,2021,2022-06-01,10
267590,900267590,DESM,DESM-300,2013,2013-12-04,10
267591,900267591,DESM,DESM-100,2021,2021-10-27,10
267592,900267592,DESM,DESM-200,2022,2022-06-14,10
267593,900267593,DESM,DESM-300,2017,2018-09-03,10
267594,900267594,DESM,DESM-300,2016,2017-02-27,10
267595,900267595,DESM,DESM-200,2015,2015-12-04,10
267596,900267596,DESM,DESM-100,2019,2020-02-08,10
267597,900267597,DESM,DESM-300,2013,2013-06-01,10
267598,900267598,DESM,DESM-300,2012,2013-02-17,10
267599,900267599,DESM,DESM-200,2013,2013-09-19,10
267600,900267600,DESM,DESM-200,2021,2021-11-20,10
267601,900267601,DESM,DESM-100,2023,2023-10-21,10
267602,900267602,DESM,DESM-300,2016,2016-12-04,10
267603,900267603,DESM,DESM-100,2010,2011-06-01,10
267604,900267604,DESM,DESM-100,2009,2009-12-02,10
267605,900267605,DESM,DESM-100,2009,2010-02-01,10
267606,900267606,DESM,DESM-100,2023,2024-06-29,10
267607,900267607,DESM,DESM-200,2022,2023-09-17,10
267608,900267608,DESM,DESM-300,2015,2015-09-24,10
267609,900267609,DESM,DESM-200,2019,2020-07-14,10
267610,900267610,DESM,DESM-200,2017,2018-02-23,10
267611,900267611,DESM,DESM-100,2008,2009-07-08,10
267612,900267612,DESM,DESM-200,2010,2011-04-21,10
267613,900267613,DESM,DESM-200,2008,2009-03-06,10
267614,900267614,DESM,DESM-100,2013,2014-07-10,10
267615,900267615,DESM,DESM-200,2009,2009-11-15,10
267616,900267616,DESM,DESM-200,2013,2013-11-07,10
267617,900267617,DESM,DESM-100,2013,2014-09-24,10
267618,900267618,DESM,DESM-100,2016,2016-10-01,10
267619,900267619,DESM,DESM-100,2010,2011-05-30,10
267620,900267620,DESM,DESM-300,2012,2013-01-06,10
267621,900267621,DESM,DESM-300,2023,2023-03-06,10
267622,900267622,DESM,DESM-100,2017,2018-02-09,10
267623,900267623,DESM,DESM-300,2015,2016-04-03,10
267624,900267624,DESM,DESM-200,2010,2010-10-07,10
267625,900267625,DESM,DESM-200,2021,2021-07-12,10
267626,900267626,DESM,DESM-300,2016,2017-01-26,10
267627,900267627,DESM,DESM-200,2017,2018-10-31,10
267628,900267628,DESM,DESM-300,2015,2015-11-24,10
267629,900267629,DESM,DESM-200,2018,2018-08-07,10
267630,900267630,DESM,DESM-100,2015,2016-05-04,10
267631,900267631,DESM,DESM-300,2016,2016-08-30,10
267632,900267632,DESM,DESM-100,2013,2014-02-13,10
267633,900267633,DESM,DESM-300,2014,2014-09-03,10
267634,900267634,DESM,DESM-100,2012,2013-02-19,10
267635,900267635,DESM,DESM-200,2011,2012-01-07,10
267636,900267636,DESM,DESM-300,2020,2021-09-14,10
267637,900267637,DESM,DESM-200,2011,2012-07-29,10
267638,900267638,DESM,DESM-100,2009,2009-10-30,10
267639,900267639,DESM,DESM-200,2015,2015-04-27,10
267640,900267640,DESM,DESM-300,2017,2017-07-20,10
267641,900267641,DESM,DESM-100,2013,2014-02-03,10
267642,900267642,DESM,DESM-100,2014,2014-10-11,10
267643,900267643,DESM,DESM-100,2010,2010-05-31,10
267644,900267644,DESM,DESM-200,2023,2024-02-12,10
267645,900267645,DESM,DESM-100,2010,2011-08-15,10
267646,900267646,DESM,DESM-200,2013,2013-09-03,10
267647,900267647,DESM,DESM-200,2021,2022-01-22,10
267648,900267648,DESM,DESM-300,2020,2021-07-12,10
267649,900267649,DESM,DESM-300,2023,2023-11-04,10
267650,900267650,DESM,DESM-200,2020,2021-01-16,10
267651,900267651,DESM,DESM-200,2017,2018-06-24,10
267652,900267652,DESM,DESM-100,2017,2017-10-15,10
267653,900267653,DESM,DESM-300,2010,2010-11-01,10
267654,900267654,DESM,DESM-300,2013,2013-07-27,10
267660,900267660,DESM,DESM-200,2019,2019-11-18,10
267661,900267661,DESM,DESM-200,2023,2023-03-23,10
267662,900267662,DESM,DESM-200,2015,2015-09-20,10
267663,900267663,DESM,DESM-300,2020,2020-12-24,10
267664,900267664,DESM,DESM-200,2014,2014-12-24,10
267665,900267665,DESM,DESM-100,2020,2021-08-04,10
267666,900267666,DESM,DESM-300,2008,2009-03-11,10
267667,900267667,DESM,DESM-200,2011,2011-06-20,10
267668,900267668,DESM,DESM-200,2018,2019-12-01,10
267669,900267669,DESM,DESM-200,2020,2021-03-19,10
267670,900267670,DESM,DESM-300,2018,2019-04-06,10
267671,900267671,DESM,DESM-100,2010,2011-01-28,10
267672,900267672,DESM,DESM-200,2014,2014-11-28,10
267673,900267673,DESM,DESM-300,2010,2010-09-22,10
267674,900267674,DESM,DESM-200,2023,2023-03-09,10
267675,900267675,DESM,DESM-200,2014,2015-11-27,10
267676,900267676,DESM,DESM-300,2013,2013-08-30,10
267677,900267677,DESM,DESM-200,2023,2024-06-12,10
267678,900267678,DESM,DESM-100,2015,2015-11-06,10
267679,900267679,DESM,DESM-100,2011,2011-06-21,10
267680,900267680,DESM,DESM-200,2012,2012-07-06,10
267681,900267681,DESM,DESM-100,2016,2017-06-01,10
267682,900267682,DESM,DESM-300,2010,2010-04-27,10
267683,900267683,DESM,DESM-300,2017,2018-01-10,10
267684,900267684,DESM,DESM-100,2013,2013-08-24,10
267685,900267685,DESM,DESM-200,2020,2020-12-02,10
267686,900267686,DESM,DESM-100,2020,2020-11-07,10
267687,900267687,DESM,DESM-100,2012,2012-10-24,10
267688,900267688,DESM,DESM-300,2019,2019-05-17,10
267689,900267689,DESM,DESM-200,2015,2015-10-13,10
267690,900267690,DESM,DESM-100,2015,2016-09-22,10
267691,900267691,DESM,DESM-200,2022,2022-06-05,10
267692,900267692,DESM,DESM-100,2017,2018-02-15,10
267693,900267693,DESM,DESM-200,2012,2013-02-12,10
267694,900267694,DESM,DESM-100,2016,2017-04-26,10
267695,900267695,DESM,DESM-300,2017,2017-09-16,10
267696,900267696,DESM,DESM-100,2020,2021-04-17,10
267697,900267697,DESM,DESM-200,2008,2009-02-27,10
267698,900267698,DESM,DESM-200,2012,2013-06-09,10
267699,900267699,DESM,DESM-100,2010,2011-01-27,10
267700,900267700,DESM,DESM-100,2008,2009-08-11,10
267701,900267701,DESM,DESM-200,2017,2017-04-01,10
267702,900267702,DESM,DESM-300,2023,2023-11-14,10
267703,900267703,DESM,DESM-200,2023,2024-05-15,10
267704,900267704,DESM,DESM-100,2021,2021-07-16,10
267705,900267705,DESM,DESM-300,2010,2011-02-16,10
267706,900267706,DESM,DESM-300,2015,2015-07-30,10
267707,900267707,DESM,DESM-100,2008,2008-08-25,10
267708,900267708,DESM,DESM-200,2010,2011-04-11,10
267709,900267709,DESM,DESM-300,2010,2011-01-20,10
267710,900267710,DESM,DESM-200,2016,2016-11-10,10
267711,900267711,DESM,DESM-200,2012,2012-04-16,10
267712,900267712,DESM,DESM-100,2008,2008-11-23,10
267713,900267713,DESM,DESM-300,2017,2018-02-19,10
267714,900267714,DESM,DESM-100,2016,2016-11-16,10
267715,900267715,DESM,DESM-300,2019,2019-12-14,10
267716,900267716,DESM,DESM-100,2012,2013-04-27,10
267717,900267717,DESM,DESM-100,2022,2023-07-23,10
267718,900267718,DESM,DESM-100,2010,2010-10-26,10
267719,900267719,DESM,DESM-200,2008,2009-04-07,10
267720,900267720,DESM,DESM-200,2011,2011-10-27,10
267721,900267721,DESM,DESM-100,2011,2012-03-21,10
267722,900267722,DESM,DESM-200,2013,2014-01-06,10
267723,900267723,DESM,DESM-300,2011,2011-12-05,10
267724,900267724,DESM,DESM-300,2015,2016-02-03,10
267725,900267725,DESM,DESM-200,2017,2017-11-02,10
267726,900267726,DESM,DESM-200,2008,2008-03-06,10
267727,900267727,DESM,DESM-300,2023,2023-07-30,10
267728,900267728,DESM,DESM-300,2016,2016-07-09,10
267729,900267729,DESM,DESM-200,2020,2021-05-22,10
267733,900267733,DESM,DESM-200,2021,2022-03-14,10
267734,900267734,DESM,DESM-300,2018,2019-05-17,10
267735,900267735,DESM,DESM-100,2018,2018-11-08,10
267736,900267736,DESM,DESM-100,2009,2010-07-05,10
267737,900267737,DESM,DESM-200,2017,2017-10-19,10
267738,900267738,DESM,DESM-300,2013,2013-11-30,10
267739,900267739,DESM,DESM-200,2018,2018-06-21,10
267740,900267740,DESM,DESM-100,2014,2015-03-30,10
267741,900267741,DESM,DESM-100,2021,2022-01-20,10
267742,900267742,DESM,DESM-200,2020,2020-10-07,10
267743,900267743,DESM,DESM-300,2012,2012-04-20,10
267744,900267744,DESM,DESM-200,2017,2018-04-26,10
267745,900267745,DESM,DESM-200,2023,2024-04-06,10
267746,900267746,DESM,DESM-100,2018,2019-01-22,10
267747,900267747,DESM,DESM-200,2009,2010-01-15,10
267748,900267748,DESM,DESM-200,2020,2020-07-28,10
267749,900267749,DESM,DESM-300,2015,2016-07-14,10
267750,900267750,DESM,DESM-100,2012,2013-01-24,10
267751,900267751,DESM,DESM-300,2023,2023-06-15,10
267752,900267752,DESM,DESM-200,2011,2012-01-24,10
267753,900267753,DESM,DESM-200,2014,2014-07-25,10
267754,900267754,DESM,DESM-300,2009,2010-03-28,10
267755,900267755,DESM,DESM-100,2015,2016-09-26,10
267756,900267756,DESM,DESM-300,2011,2012-09-19,10
267757,900267757,DESM,DESM-100,2019,2019-11-14,10
267758,900267758,DESM,DESM-100,2010,2011-07-15,10
267759,900267759,DESM,DESM-200,2008,2008-09-28,10
267760,900267760,DESM,DESM-200,2022,2022-08-06,10
267761,900267761,DESM,DESM-200,2013,2013-11-07,10
267762,900267762,DESM,DESM-100,2022,2022-04-03,10
267763,900267763,DESM,DESM-200,2023,2023-11-17,10
267764,900267764,DESM,DESM-100,2011,2012-01-06,10
267765,900267765,DESM,DESM-300,2017,2018-04-17,10
267766,900267766,DESM,DESM-200,2009,2009-04-26,10
267767,900267767,DESM,DESM-100,2016,2017-08-18,10
267768,900267768,DESM,DESM-200,2008,2008-06-22,10
267769,900267769,DESM,DESM-300,2022,2022-10-06,10
267770,900267770,DESM,DESM-100,2018,2018-11-06,10
267771,900267771,DESM,DESM-200,2014,2014-02-23,10
267772,900267772,DESM,DESM-100,2013,2014-05-07,10
267773,900267773,DESM,DESM-100,2013,2014-05-25,10
267774,900267774,DESM,DESM-300,2013,2013-12-15,10
267775,900267775,DESM,DESM-100,2014,2015-09-22,10
267776,900267776,DESM,DESM-300,2020,2020-04-01,10
267777,900267777,DESM,DESM-100,2016,2016-12-06,10
267778,900267778,DESM,DESM-300,2022,2023-03-21,10
267779,900267779,DESM,DESM-200,2014,2015-07-17,10
267780,900267780,DESM,DESM-100,2018,2018-12-27,10
267781,900267781,DESM,DESM-200,2017,2018-07-16,10
267782,900267782,DESM,DESM-200,2014,2014-08-03,10
267783,900267783,DESM,DESM-200,2015,2016-02-17,10
267784,900267784,DESM,DESM-100,2018,2018-07-21,10
267785,900267785,DESM,DESM-200,2014,2015-10-05,10
267786,900267786,DESM,DESM-100,2021,2021-06-21,10
267787,900267787,DESM,DESM-300,2011,2012-11-26,10
267788,900267788,DESM,DESM-300,2011,2011-10-10,10
267789,900267789,DESM,DESM-300,2013,2013-12-22,10
267790,900267790,DESM,DESM-200,2008,2008-12-03,10
267791,900267791,DESM,DESM-300,2016,2017-07-22,10
267792,900267792,DESM,DESM-100,2014,2014-11-11,10
267793,900267793,DESM,DESM-100,2021,2021-07-18,10
267794,900267794,DESM,DESM-100,2012,2013-07-26,10
267795,900267795,DESM,DESM-200,2012,2013-04-15,10
267796,900267796,DESM,DESM-100,2012,2012-06-24,10
267797,900267797,DESM,DESM-300,2013,2013-11-01,10
267798,900267798,DESM,DESM-200,2009,2009-08-15,10
267799,900267799,DESM,DESM-300,2019,2019-11-10,10
267800,900267800,DESM,DESM-200,2019,2020-07-27,10
267801,900267801,DESM,DESM-200,2013,2014-05-26,10
267802,900267802,DESM,DESM-100,2013,2013-08-23,10
267803,900267803,DESM,DESM-300,2018,2018-09-27,10
267804,900267804,DESM,DESM-200,2017,2017-06-01,10
267808,900267808,DESM,DESM-200,2017,2017-07-31,10
267809,900267809,DESM,DESM-200,2019,2019-11-27,10
267810,900267810,DESM,DESM-300,2011,2012-03-30,10
267811,900267811,DESM,DESM-100,2016,2016-09-21,10
267812,900267812,DESM,DESM-100,2017,2018-04-15,10
267813,900267813,DESM,DESM-100,2009,2010-04-17,10
267814,900267814,DESM,DESM-200,2008,2009-03-03,10
267815,900267815,DESM,DESM-100,2021,2021-12-17,10
267816,900267816,DESM,DESM-200,2018,2019-05-04,10
267817,900267817,DESM,DESM-200,2008,2008-11-06,10
267818,900267818,DESM,DESM-300,2014,2014-11-24,10
267819,900267819,DESM,DESM-300,2011,2012-03-19,10
267820,900267820,DESM,DESM-100,2019,2020-04-23,10
267821,900267821,DESM,DESM-200,2016,2016-06-13,10
267822,900267822,DESM,DESM-200,2010,2010-10-02,10
267823,900267823,DESM,DESM-300,2010,2011-02-23,10
267824,900267824,DESM,DESM-300,2020,2020-10-23,10
267825,900267825,DESM,DESM-300,2012,2012-10-02,10
267826,900267826,DESM,DESM-200,2011,2012-06-03,10
267827,900267827,DESM,DESM-100,2015,2016-10-28,10
267828,900267828,DESM,DESM-200,2014,2015-04-06,10
267829,900267829,DESM,DESM-100,2021,2021-05-19,10
267830,900267830,DESM,DESM-100,2012,2013-05-05,10
267831,900267831,DESM,DESM-100,2010,2010-07-30,10
267832,900267832,DESM,DESM-300,2013,2014-05-07,10
267833,900267833,DESM,DESM-100,2019,2020-03-04,10
267834,900267834,DESM,DESM-100,2011,2012-07-18,10
267835,900267835,DESM,DESM-300,2021,2022-04-23,10
267836,900267836,DESM,DESM-100,2014,2014-05-15,10
267837,900267837,DESM,DESM-200,2010,2011-09-28,10
267838,900267838,DESM,DESM-200,2017,2017-11-18,10
267839,900267839,DESM,DESM-300,2020,2021-05-30,10
267840,900267840,DESM,DESM-300,2015,2016-07-23,10
267841,900267841,DESM,DESM-200,2010,2010-11-22,10
267842,900267842,DESM,DESM-300,2010,2011-02-27,10
267843,900267843,DESM,DESM-200,2014,2014-08-21,10
267844,900267844,DESM,DESM-200,2018,2019-02-07,10
267845,900267845,DESM,DESM-100,2021,2021-09-14,10
267846,900267846,DESM,DESM-300,2017,2018-09-27,10
267847,900267847,DESM,DESM-200,2021,2022-08-28,10
267848,900267848,DESM,DESM-300,2009,2010-01-14,10
267849,900267849,DESM,DESM-200,2011,2011-11-17,10
267850,900267850,DESM,DESM-100,2010,2011-05-16,10
267851,900267851,DESM,DESM-200,2019,2019-11-26,10
267852,900267852,DESM,DESM-200,2019,2019-05-11,10
267853,900267853,DESM,DESM-100,2019,2020-04-10,10
267854,900267854,DESM,DESM-200,2012,2012-10-08,10
267855,900267855,DESM,DESM-200,2021,2022-04-26,10
267856,900267856,DESM,DESM-100,2010,2011-01-05,10
267857,900267857,DESM,DESM-300,2010,2010-08-12,10
267864,900267864,DEDR,DEDR-200,2010,2011-02-25,15
267866,900267866,ELUP,ELUP-300,2009,2009-09-09,8
267934,900267934,SWSC,SWSC-200,2017,2017-11-12,10
267973,900267973,ATFA,ATFA-100,2009,2010-01-04,15
267974,900267974,SWPH,SWPH-300,2011,2012-09-29,12
267975,900267975,SWMS,SWMS-300,2020,2020-07-13,15
267978,900267978,ATFA,ATFA-100,2023,2023-10-11,15
267979,900267979,SWPH,SWPH-300,2015,2015-07-13,12
267980,900267980,SWMS,SWMS-300,2021,2022-02-16,15
267983,900267983,PUCE,PUCE-200,2022,2022-12-06,10
267984,900267984,PUCE,PUCE-300,2011,2011-05-19,10
267987,900267987,SWPH,SWPH-100,2015,2015-04-25,12
267988,900267988,SWPH,SWPH-200,2010,2011-06-09,12
267989,900267989,SWMS,SWMS-100,2015,2016-04-23,15
267990,900267990,SWMS,SWMS-300,2012,2012-07-30,15
267993,900267993,SWPH,SWPH-300,2021,2021-12-26,12
267994,900267994,SWPH,SWPH-300,2009,2010-06-22,12
267995,900267995,SWPH,SWPH-300,2011,2011-05-14,12
267996,900267996,SWPH,SWPH-200,2018,2019-02-17,12
267997,900267997,SWPH,SWPH-300,2022,2023-01-05,12
267998,900267998,SWMS,SWMS-200,2018,2019-04-27,15
268001,900268001,SWPH,SWPH-200,2016,2016-08-24,12
268002,900268002,ATFA,ATFA-300,2022,2022-07-29,15
268003,900268003,SWMS,SWMS-200,2022,2022-09-23,15
268004,900268004,SWMS,SWMS-200,2020,2020-09-14,15
268007,900268007,SWPH,SWPH-300,2023,2024-05-22,12
268008,900268008,SWPH,SWPH-300,2012,2013-10-28,12
268009,900268009,SWMS,SWMS-300,2016,2016-06-12,15
268010,900268010,SWMS,SWMS-300,2021,2022-03-12,15
268013,900268013,SWPH,SWPH-300,2022,2022-09-26,12
268014,900268014,SWPH,SWPH-200,2016,2017-03-30,12
268015,900268015,SWMS,SWMS-300,2018,2018-04-02,15
268016,900268016,SWMS,SWMS-100,2019,2020-05-05,15
268019,900268019,SWPH,SWPH-200,2013,2014-01-08,12
268020,900268020,SWMS,SWMS-200,2017,2017-11-28,15
268023,900268023,SWPH,SWPH-300,2016,2017-02-28,12
268024,900268024,SWPH,SWPH-100,2014,2014-09-15,12
268025,900268025,ATFA,ATFA-100,2015,2016-07-07,15
268026,900268026,SWMS,SWMS-200,2022,2023-01-18,15
268029,900268029,SWPH,SWPH-100,2015,2016-04-15,12
268030,900268030,SWPH,SWPH-100,2017,2018-08-23,12
268031,900268031,SWMS,SWMS-300,2013,2013-12-11,15
268034,900268034,PUCE,PUCE-200,2021,2022-01-02,10
268035,900268035,PUCE,PUCE-200,2012,2012-10-15,10
268038,900268038,ATFA,ATFA-100,2021,2022-07-03,15
268039,900268039,SWMS,SWMS-200,2018,2019-03-15,15
268042,900268042,ATFA,ATFA-300,2013,2013-11-10,15
268043,900268043,SWPH,SWPH-100,2017,2017-10-14,12
268044,900268044,SWMS,SWMS-200,2017,2017-09-19,15
268047,900268047,ATFA,ATFA-300,2014,2015-06-05,15
268048,900268048,SWPH,SWPH-200,2010,2010-04-10,12
268049,900268049,SWMS,SWMS-100,2021,2021-06-02,15
268052,900268052,ATFA,ATFA-100,2010,2010-11-05,15
268053,900268053,SWPH,SWPH-100,2010,2011-05-18,12
268054,900268054,SWMS,SWMS-200,2008,2009-10-30,15
268057,900268057,SWPH,SWPH-100,2016,2016-11-06,12
268060,900268060,SWPH,SWPH-300,2020,2020-09-10,12
268061,900268061,SWPH,SWPH-300,2012,2013-01-28,12
268062,900268062,SWMS,SWMS-300,2022,2022-03-28,15
268063,900268063,SWMS,SWMS-100,2023,2024-03-22,15
268066,900268066,SWPH,SWPH-300,2022,2023-04-09,12
268067,900268067,SWPH,SWPH-300,2020,2021-04-19,12
268068,900268068,SWPH,SWPH-200,2011,2012-03-13,12
268069,900268069,SWPH,SWPH-300,2014,2015-03-23,12
268070,900268070,SWPH,SWPH-200,2018,2019-08-02,12
268071,900268071,SWMS,SWMS-300,2022,2022-08-05,15
268074,900268074,SWPH,SWPH-100,2022,2023-06-21,12
268075,900268075,ATFA,ATFA-100,2023,2024-01-19,15
268076,900268076,SWMS,SWMS-100,2011,2012-03-06,15
268077,900268077,SWMS,SWMS-300,2010,2011-04-17,15
268080,900268080,SWPH,SWPH-200,2019,2019-12-28,12
268081,900268081,SWPH,SWPH-200,2022,2023-05-08,12
268082,900268082,SWMS,SWMS-300,2011,2012-03-06,15
268083,900268083,SWMS,SWMS-100,2011,2012-08-21,15
268086,900268086,SWPH,SWPH-100,2019,2019-11-30,12
268087,900268087,SWMS,SWMS-300,2023,2023-04-24,15
268090,900268090,SWPH,SWPH-100,2012,2013-10-25,12
268091,900268091,SWPH,SWPH-300,2010,2010-03-11,12
268092,900268092,SWMS,SWMS-200,2015,2015-12-06,15
268093,900268093,SWMS,SWMS-300,2023,2024-01-19,15
268096,900268096,SWPH,SWPH-300,2013,2014-03-26,12
268099,900268099,SWPH,SWPH-300,2009,2010-02-14,12
268102,900268102,SWPH,SWPH-200,2019,2020-10-24,12
268105,900268105,PUCE,PUCE-300,2021,2021-09-22,10
268106,900268106,PUCE,PUCE-200,2013,2013-12-19,10
268109,900268109,ATFA,ATFA-200,2019,2020-03-25,15
268110,900268110,SWMS,SWMS-300,2021,2021-11-18,15
268113,900268113,DEGD,DEGD-300,2013,2014-07-13,10
268118,900268118,DEGD,DEGD-200,2009,2010-07-31,10
268123,900268123,DEGD,DEGD-100,2012,2012-06-27,10
268128,900268128,DEGD,DEGD-200,2018,2019-01-22,10
268133,900268133,DEGD,DEGD-200,2021,2021-09-19,10
268138,900268138,DEGD,DEGD-200,2017,2017-09-19,10
268143,900268143,DEGD,DEGD-200,2008,2008-10-17,10
268148,900268148,DEGD,DEGD-200,2020,2020-09-10,10
268153,900268153,DEGD,DEGD-100,2010,2011-10-15,10
268158,900268158,DEGD,DEGD-300,2019,2019-11-20,10
268163,900268163,DEGD,DEGD-100,2012,2013-02-27,10
268168,900268168,DEGD,DEGD-300,2016,2017-06-01,10
268173,900268173,DEGD,DEGD-200,2010,2011-07-30,10
268178,900268178,DEGD,DEGD-100,2013,2013-11-17,10
268183,900268183,DEGD,DEGD-100,2023,2023-07-28,10
268188,900268188,DEGD,DEGD-200,2009,2009-12-26,10
268193,900268193,DEGD,DEGD-200,2010,2011-05-21,10
268198,900268198,DEGD,DEGD-200,2023,2023-09-25,10
268203,900268203,DEGD,DEGD-300,2019,2019-10-22,10
268208,900268208,DEGD,DEGD-300,2011,2012-03-25,10
268213,900268213,DEGD,DEGD-300,2013,2014-09-29,10
268218,900268218,DEGD,DEGD-200,2023,2024-06-14,10
268223,900268223,DEGD,DEGD-200,2012,2012-04-02,10
268228,900268228,DEGD,DEGD-300,2009,2010-06-21,10
268233,900268233,DEGD,DEGD-300,2018,2018-10-10,10
268238,900268238,DEGD,DEGD-100,2018,2018-12-21,10
268243,900268243,DEGD,DEGD-200,2008,2008-12-02,10
268248,900268248,DEGD,DEGD-200,2014,2014-11-28,10
268253,900268253,DEGD,DEGD-200,2020,2021-03-28,10
268258,900268258,DEGD,DEGD-200,2016,2017-01-31,10
268263,900268263,DEGD,DEGD-100,2020,2021-05-13,10
268268,900268268,DEGD,DEGD-100,2021,2022-09-14,10
268273,900268273,DEGD,DEGD-200,2023,2023-05-19,10
268278,900268278,DEGD,DEGD-200,2014,2015-04-05,10
268283,900268283,DEGD,DEGD-100,2012,2013-04-14,10
268288,900268288,DEGD,DEGD-200,2015,2015-10-23,10
268293,900268293,DEGD,DEGD-100,2019,2019-08-08,10
268298,900268298,DEGD,DEGD-300,2014,2014-05-05,10
268791,900268791,PUCE,PUCE-200,2018,2019-02-05,10
268792,900268792,PUCE,PUCE-100,2008,2008-12-20,10
268795,900268795,SWPH,SWPH-300,2008,2009-06-30,12
268798,900268798,DEGD,DEGD-200,2014,2015-05-20,10
268803,900268803,DEGD,DEGD-200,2021,2021-12-06,10
268808,900268808,ELUP,ELUP-100,2015,2016-11-08,8
268810,900268810,DEDR,DEDR-200,2018,2019-09-06,15
268811,900268811,SWAV,SWAV-200,2012,2012-10-08,15
268812,900268812,DEMO,DEMO-300,2021,2021-09-10,10
268813,900268813,DETM,DETM-100,2009,2009-07-19,10
268814,900268814,DEFL,DEFL-300,2022,2022-10-25,10
268815,900268815,SWAV,SWAV-300,2010,2010-10-27,15
268824,900268824,ELUP,ELUP-100,2014,2015-01-13,8
268825,900268825,DEDR,DEDR-200,2021,2022-06-29,15
268834,900268834,SWAV,SWAV-200,2012,2013-07-22,15
268835,900268835,DEMO,DEMO-300,2021,2022-04-07,10
268836,900268836,SWAV,SWAV-200,2015,2016-04-02,15
268845,900268845,SWUR,SWUR-200,2017,2017-05-31,12
268851,900268851,SWUR,SWUR-200,2016,2016-09-25,12
268857,900268857,DESM,DESM-100,2010,2010-05-08,10
268858,900268858,DESM,DESM-300,2014,2015-08-07,10
268859,900268859,DESM,DESM-200,2019,2020-01-21,10
268860,900268860,DESM,DESM-100,2011,2012-10-27,10
268861,900268861,DESM,DESM-300,2012,2013-02-23,10
268862,900268862,DESM,DESM-200,2008,2008-12-31,10
268863,900268863,DESM,DESM-100,2023,2023-12-17,10
268864,900268864,DESM,DESM-100,2019,2020-06-08,10
268865,900268865,DESM,DESM-300,2017,2017-07-19,10
268866,900268866,DESM,DESM-300,2021,2021-08-28,10
268867,900268867,DESM,DESM-100,2013,2013-11-16,10
268868,900268868,DESM,DESM-300,2012,2012-05-27,10
268869,900268869,DESM,DESM-100,2017,2018-02-08,10
268870,900268870,DESM,DESM-100,2011,2011-09-30,10
268871,900268871,DESM,DESM-300,2023,2024-07-22,10
268872,900268872,DESM,DESM-300,2018,2019-07-25,10
268873,900268873,DESM,DESM-200,2020,2020-07-30,10
268881,900268881,SWSC,SWSC-200,2016,2016-12-03,10
268885,900268885,ATFA,ATFA-100,2016,2016-11-27,15
268886,900268886,SWMS,SWMS-100,2017,2017-02-19,15
268889,900268889,DEDR,DEDR-200,2016,2016-12-09,15
268890,900268890,ELUP,ELUP-100,2010,2010-12-01,8
268891,900268891,DEDR,DEDR-100,2013,2013-05-28,15
268892,900268892,ELUP,ELUP-100,2014,2015-03-19,8
268901,900268901,DEMO,DEMO-300,2019,2020-07-23,10
268902,900268902,DETM,DETM-100,2023,2023-11-27,10
268903,900268903,DEMO,DEMO-100,2016,2017-07-03,10
268904,900268904,DEDR,DEDR-300,2019,2019-05-19,15
268905,900268905,DEDR,DEDR-300,2020,2020-08-25,15
268906,900268906,DEMO,DEMO-100,2020,2020-09-16,10
268907,900268907,SWAV,SWAV-300,2011,2012-09-02,15
268908,900268908,DETM,DETM-200,2021,2021-03-13,10
268917,900268917,DEDR,DEDR-100,2009,2009-05-20,15
268918,900268918,SWAV,SWAV-200,2011,2012-01-28,15
268927,900268927,DEDR,DEDR-200,2016,2016-10-29,15
268928,900268928,DEMO,DEMO-300,2008,2009-05-25,10
268929,900268929,DEDR,DEDR-200,2023,2023-10-10,15
268930,900268930,DEMO,DEMO-300,2020,2020-05-28,10
268931,900268931,DETM,DETM-300,2012,2013-04-25,10
268932,900268932,DEDR,DEDR-200,2011,2012-05-13,15
268933,900268933,DETM,DETM-300,2010,2011-11-25,10
268942,900268942,DEDR,DEDR-300,2015,2016-06-25,15
268951,900268951,DETM,DETM-100,2009,2010-04-12,10
268952,900268952,DEFL,DEFL-100,2016,2016-06-05,10
268953,900268953,DETM,DETM-200,2023,2024-05-19,10
268954,900268954,SWAV,SWAV-300,2020,2020-09-30,15
268955,900268955,DEDR,DEDR-200,2022,2022-02-14,15
268956,900268956,DEDR,DEDR-200,2015,2015-12-18,15
268957,900268957,DEMO,DEMO-200,2014,2015-01-13,10
268958,900268958,DEDR,DEDR-200,2020,2021-10-17,15
268967,900268967,SWAV,SWAV-200,2013,2014-05-24,15
268968,900268968,DEDR,DEDR-300,2020,2020-06-08,15
268969,900268969,DEDR,DEDR-200,2011,2012-05-27,15
268979,900268979,DETM,DETM-100,2010,2010-12-23,10
268980,900268980,DEMO,DEMO-100,2010,2010-11-15,10
268981,900268981,DEDR,DEDR-200,2021,2021-09-18,15
268983,900268983,DEDR,DEDR-100,2008,2009-05-13,15
268984,900268984,ELUP,ELUP-300,2009,2010-05-10,8
268993,900268993,ELUP,ELUP-100,2008,2008-08-21,8
268994,900268994,DEDR,DEDR-100,2008,2008-09-18,15
268995,900268995,DEDR,DEDR-100,2015,2016-06-19,15
268996,900268996,DEDR,DEDR-200,2023,2023-11-01,15
268997,900268997,DEDR,DEDR-200,2016,2016-06-23,15
269006,900269006,DETM,DETM-100,2014,2014-04-27,10
269007,900269007,DEFL,DEFL-300,2016,2016-09-08,10
269008,900269008,DEMO,DEMO-200,2009,2009-09-15,10
269009,900269009,SWAV,SWAV-200,2023,2023-09-05,15
269010,900269010,SWAV,SWAV-100,2016,2016-04-16,15
269019,900269019,DEHA,DEHA-100,2012,2013-05-27,15
269020,900269020,DEDR,DEDR-200,2021,2022-05-23,15
269021,900269021,DEMO,DEMO-300,2018,2019-06-09,10
269022,900269022,DEHA,DEHA-300,2014,2015-07-23,15
269031,900269031,DETM,DETM-200,2009,2009-10-24,10
269032,900269032,DEMO,DEMO-100,2013,2014-07-05,10
269033,900269033,DEDR,DEDR-300,2010,2011-05-25,15
269034,900269034,DEDR,DEDR-300,2021,2021-08-09,15
269043,900269043,DEDR,DEDR-100,2022,2023-09-19,15
269044,900269044,DETM,DETM-100,2022,2022-09-27,10
269045,900269045,DEDR,DEDR-200,2011,2012-08-23,15
269046,900269046,DEMO,DEMO-100,2023,2023-08-19,10
269047,900269047,DEMO,DEMO-200,2012,2012-09-11,10
269048,900269048,DEDR,DEDR-100,2010,2011-04-27,15
269049,900269049,SWAV,SWAV-300,2015,2016-01-09,15
269050,900269050,DETM,DETM-100,2017,2017-12-09,10
269059,900269059,SWAV,SWAV-100,2009,2009-11-01,15
269068,900269068,DEMO,DEMO-200,2008,2008-04-10,10
269069,900269069,DETM,DETM-300,2009,2010-06-25,10
269070,900269070,DEMO,DEMO-100,2014,2015-02-13,10
269071,900269071,DEDR,DEDR-300,2008,2009-09-30,15
269072,900269072,DEMO,DEMO-200,2022,2023-07-24,10
269073,900269073,DETM,DETM-300,2019,2020-01-15,10
269082,900269082,DETM,DETM-200,2011,2011-03-15,10
269083,900269083,DEDR,DEDR-200,2012,2012-11-11,15
269084,900269084,SWAV,SWAV-300,2020,2021-10-09,15
269085,900269085,DEMO,DEMO-100,2023,2023-12-20,10
269086,900269086,DEDR,DEDR-300,2018,2018-11-17,15
269087,900269087,DEMO,DEMO-100,2014,2014-09-20,10
269088,900269088,DETM,DETM-300,2010,2010-10-05,10
269089,900269089,DEDR,DEDR-300,2017,2018-06-23,15
269098,900269098,SWAV,SWAV-300,2017,2017-08-18,15
269107,900269107,DEDR,DEDR-300,2019,2019-06-10,15
269108,900269108,DEMO,DEMO-100,2010,2011-09-10,10
269109,900269109,DETM,DETM-300,2010,2011-06-10,10
269110,900269110,DEMO,DEMO-200,2020,2020-02-04,10
269111,900269111,DETM,DETM-100,2016,2016-12-13,10
269120,900269120,DEDR,DEDR-100,2017,2017-09-25,15
269121,900269121,DEMO,DEMO-300,2013,2013-06-28,10
269122,900269122,DETM,DETM-100,2023,2024-03-08,10
269123,900269123,DEDR,DEDR-300,2009,2009-08-12,15
269124,900269124,DEMO,DEMO-300,2017,2017-10-14,10
269125,900269125,DEDR,DEDR-100,2016,2016-12-11,15
269126,900269126,DEDR,DEDR-300,2019,2020-05-09,15
269127,900269127,ELUP,ELUP-200,2011,2012-04-25,8
269136,900269136,ELUP,ELUP-300,2010,2011-05-01,8
269137,900269137,DEDR,DEDR-100,2009,2009-05-03,15
269138,900269138,DEDR,DEDR-100,2011,2011-12-27,15
269139,900269139,DEDR,DEDR-200,2017,2017-12-06,15
269148,900269148,SWUR,SWUR-100,2022,2022-09-24,12
269154,900269154,SWUR,SWUR-200,2009,2010-03-06,12
269160,900269160,SWUR,SWUR-200,2013,2014-03-16,12
269166,900269166,SWUR,SWUR-100,2009,2009-11-20,12
269172,900269172,SWUR,SWUR-200,2011,2012-07-24,12
269178,900269178,SWUR,SWUR-100,2016,2017-05-04,12
269184,900269184,SWUR,SWUR-200,2016,2016-10-23,12
269190,900269190,SWUR,SWUR-200,2008,2009-03-20,12
269196,900269196,SWUR,SWUR-100,2009,2009-10-25,12
269202,900269202,SWUR,SWUR-100,2009,2009-06-29,12
269208,900269208,SWUR,SWUR-200,2023,2024-06-18,12
269214,900269214,SWUR,SWUR-100,2018,2018-06-12,12
269220,900269220,SWUR,SWUR-100,2015,2015-11-03,12
269226,900269226,SWUR,SWUR-200,2021,2021-12-22,12
269232,900269232,SWUR,SWUR-300,2009,2009-11-14,12
269238,900269238,SWUR,SWUR-200,2021,2022-01-17,12
269244,900269244,SWUR,SWUR-200,2010,2011-02-27,12
269250,900269250,SWUR,SWUR-300,2011,2012-04-30,12
269256,900269256,SWUR,SWUR-200,2017,2017-11-21,12
269262,900269262,SWUR,SWUR-100,2009,2010-05-12,12
269268,900269268,SWUR,SWUR-100,2020,2021-03-07,12
269274,900269274,SWUR,SWUR-300,2009,2010-04-07,12
269280,900269280,SWUR,SWUR-100,2012,2013-06-21,12
269286,900269286,SWUR,SWUR-200,2017,2018-02-20,12
269292,900269292,SWUR,SWUR-200,2016,2017-08-23,12
269298,900269298,SWUR,SWUR-200,2023,2023-12-17,12
269304,900269304,SWUR,SWUR-200,2010,2011-01-27,12
269310,900269310,SWUR,SWUR-100,2023,2023-04-21,12
269316,900269316,SWUR,SWUR-300,2011,2011-07-28,12
269322,900269322,SWUR,SWUR-200,2023,2023-09-10,12
269328,900269328,SWUR,SWUR-200,2010,2011-03-25,12
269334,900269334,SWUR,SWUR-100,2011,2012-03-30,12
269340,900269340,SWUR,SWUR-200,2011,2011-11-11,12
269346,900269346,SWUR,SWUR-300,2013,2014-03-28,12
269352,900269352,SWUR,SWUR-100,2010,2010-09-25,12
269358,900269358,SWUR,SWUR-200,2013,2014-05-11,12
269364,900269364,SWUR,SWUR-300,2016,2016-08-06,12
269370,900269370,SWUR,SWUR-200,2023,2024-01-03,12
269410,900269410,DESM,DESM-300,2013,2013-10-26,10
269411,900269411,DESM,DESM-300,2021,2022-04-24,10
269412,900269412,DESM,DESM-200,2022,2023-01-25,10
269413,900269413,DESM,DESM-100,2020,2020-09-03,10
269414,900269414,DESM,DESM-300,2022,2023-05-23,10
269415,900269415,DESM,DESM-100,2016,2016-11-17,10
269416,900269416,DESM,DESM-200,2016,2017-01-11,10
269417,900269417,DESM,DESM-100,2022,2022-11-07,10
269418,900269418,DESM,DESM-200,2023,2024-05-14,10
269419,900269419,DESM,DESM-200,2010,2010-08-30,10
269420,900269420,DESM,DESM-200,2018,2018-10-29,10
269421,900269421,DESM,DESM-300,2013,2013-10-17,10
269422,900269422,DESM,DESM-300,2021,2022-05-16,10
269423,900269423,DESM,DESM-300,2019,2020-01-31,10
269424,900269424,DESM,DESM-100,2023,2023-03-04,10
269425,900269425,DESM,DESM-100,2020,2021-08-16,10
269426,900269426,DESM,DESM-200,2020,2020-11-04,10
269427,900269427,DESM,DESM-200,2015,2015-12-04,10
269428,900269428,DESM,DESM-300,2019,2019-07-11,10
269429,900269429,DESM,DESM-300,2020,2021-09-02,10
269430,900269430,DESM,DESM-100,2015,2016-01-07,10
269431,900269431,DESM,DESM-200,2015,2016-01-19,10
269432,900269432,DESM,DESM-300,2018,2018-10-29,10
269433,900269433,DESM,DESM-300,2018,2018-12-22,10
269434,900269434,DESM,DESM-300,2023,2024-01-29,10
269435,900269435,DESM,DESM-300,2019,2020-01-21,10
269436,900269436,DESM,DESM-200,2011,2012-03-06,10
269437,900269437,DESM,DESM-300,2015,2016-08-17,10
269438,900269438,DESM,DESM-300,2012,2012-12-30,10
269439,900269439,DESM,DESM-100,2011,2012-01-23,10
269440,900269440,DESM,DESM-100,2008,2008-06-26,10
269441,900269441,DESM,DESM-200,2020,2020-12-31,10
269442,900269442,DESM,DESM-300,2018,2019-05-01,10
269443,900269443,DESM,DESM-200,2022,2022-11-10,10
269444,900269444,DESM,DESM-100,2011,2012-07-23,10
269445,900269445,DESM,DESM-100,2016,2017-05-02,10
269446,900269446,DESM,DESM-200,2014,2015-03-11,10
269447,900269447,DESM,DESM-200,2014,2014-12-09,10
269448,900269448,DESM,DESM-100,2017,2017-06-16,10
269449,900269449,DESM,DESM-300,2014,2015-03-28,10
269450,900269450,DESM,DESM-100,2018,2018-10-24,10
269451,900269451,DESM,DESM-200,2010,2011-03-22,10
269452,900269452,DESM,DESM-300,2019,2020-01-05,10
269453,900269453,DESM,DESM-200,2014,2014-11-26,10
269454,900269454,DESM,DESM-300,2008,2009-05-11,10
269455,900269455,DESM,DESM-200,2016,2017-03-08,10
269456,900269456,DESM,DESM-100,2023,2024-01-13,10
269457,900269457,DESM,DESM-300,2021,2021-08-02,10
269458,900269458,DESM,DESM-100,2013,2013-03-23,10
269459,900269459,DESM,DESM-300,2018,2018-10-25,10
269460,900269460,DESM,DESM-200,2011,2011-09-24,10
269461,900269461,DESM,DESM-300,2012,2012-08-09,10
269462,900269462,DESM,DESM-300,2012,2013-04-10,10
269463,900269463,DESM,DESM-100,2009,2010-05-14,10
269464,900269464,DESM,DESM-300,2014,2015-04-23,10
269465,900269465,DESM,DESM-100,2011,2011-05-10,10
269466,900269466,DESM,DESM-300,2012,2013-06-14,10
269467,900269467,DESM,DESM-200,2012,2013-03-02,10
269468,900269468,DESM,DESM-200,2019,2019-10-28,10
269469,900269469,DESM,DESM-300,2016,2016-11-04,10
269470,900269470,DESM,DESM-100,2015,2016-02-06,10
269471,900269471,DESM,DESM-200,2019,2019-07-04,10
269472,900269472,DESM,DESM-300,2020,2020-05-24,10
269473,900269473,DESM,DESM-100,2011,2012-02-11,10
269474,900269474,DESM,DESM-100,2016,2017-04-23,10
269478,900269478,DESM,DESM-100,2021,2022-02-02,10
269479,900269479,DESM,DESM-200,2022,2022-04-24,10
269480,900269480,DESM,DESM-100,2019,2019-11-05,10
269481,900269481,DESM,DESM-300,2019,2019-05-05,10
269482,900269482,DESM,DESM-100,2022,2023-09-23,10
269483,900269483,DESM,DESM-100,2014,2014-09-28,10
269484,900269484,DESM,DESM-200,2018,2018-09-21,10
269485,900269485,DESM,DESM-200,2023,2023-06-28,10
269486,900269486,DESM,DESM-300,2018,2018-11-03,10
269487,900269487,DESM,DESM-300,2017,2018-04-21,10
269488,900269488,DESM,DESM-300,2018,2019-01-07,10
269489,900269489,DESM,DESM-100,2020,2021-01-31,10
269490,900269490,DESM,DESM-100,2022,2023-10-01,10
269491,900269491,DESM,DESM-100,2015,2016-03-07,10
269492,900269492,DESM,DESM-300,2019,2019-08-12,10
269493,900269493,DESM,DESM-300,2011,2011-10-04,10
269494,900269494,DESM,DESM-100,2018,2018-10-27,10
269495,900269495,DESM,DESM-100,2012,2013-09-07,10
269496,900269496,DESM,DESM-300,2008,2009-06-27,10
269497,900269497,DESM,DESM-300,2011,2011-04-18,10
269498,900269498,DESM,DESM-300,2017,2018-03-16,10
269499,900269499,DESM,DESM-200,2008,2008-11-09,10
269500,900269500,DESM,DESM-200,2011,2012-06-27,10
269501,900269501,DESM,DESM-100,2018,2019-06-17,10
269502,900269502,DESM,DESM-300,2010,2010-08-03,10
269503,900269503,DESM,DESM-200,2011,2011-11-23,10
269504,900269504,DESM,DESM-200,2017,2017-03-21,10
269505,900269505,DESM,DESM-200,2019,2019-09-04,10
269506,900269506,DESM,DESM-300,2018,2019-01-06,10
269507,900269507,DESM,DESM-200,2018,2019-05-23,10
269508,900269508,DESM,DESM-200,2023,2024-04-28,10
269509,900269509,DESM,DESM-200,2022,2022-07-05,10
269510,900269510,DESM,DESM-100,2013,2013-12-02,10
269511,900269511,DESM,DESM-200,2015,2016-04-22,10
269512,900269512,DESM,DESM-100,2010,2010-06-08,10
269513,900269513,DESM,DESM-300,2008,2009-09-03,10
269514,900269514,DESM,DESM-300,2021,2022-06-09,10
269515,900269515,DESM,DESM-100,2016,2016-04-09,10
269516,900269516,DESM,DESM-100,2014,2015-01-30,10
269517,900269517,DESM,DESM-100,2014,2014-12-19,10
269518,900269518,DESM,DESM-100,2008,2009-10-21,10
269519,900269519,DESM,DESM-100,2013,2013-06-03,10
269520,900269520,DESM,DESM-300,2011,2012-07-10,10
269521,900269521,DESM,DESM-300,2020,2021-01-23,10
269522,900269522,DESM,DESM-300,2018,2018-12-07,10
269523,900269523,DESM,DESM-100,2009,2009-07-29,10
269524,900269524,DESM,DESM-100,2023,2023-09-29,10
269525,900269525,DESM,DESM-300,2017,2018-06-14,10
269526,900269526,DESM,DESM-100,2013,2013-07-18,10
269527,900269527,DESM,DESM-100,2010,2011-05-19,10
269528,900269528,DESM,DESM-200,2015,2015-08-03,10
269529,900269529,DESM,DESM-200,2017,2017-05-19,10
269530,900269530,DESM,DESM-100,2018,2019-04-29,10
269531,900269531,DESM,DESM-300,2018,2018-09-05,10
269532,900269532,DESM,DESM-200,2017,2017-08-03,10
269533,900269533,DESM,DESM-200,2020,2021-01-28,10
269534,900269534,DESM,DESM-300,2019,2020-05-07,10
269535,900269535,DESM,DESM-300,2008,2008-12-12,10
269536,900269536,DESM,DESM-100,2016,2017-06-28,10
269537,900269537,DESM,DESM-100,2020,2020-12-31,10
269538,900269538,DESM,DESM-300,2021,2022-09-15,10
269539,900269539,DESM,DESM-200,2020,2020-04-28,10
269540,900269540,DESM,DESM-200,2010,2010-10-08,10
269541,900269541,DESM,DESM-100,2010,2010-10-08,10
269542,900269542,DESM,DESM-300,2012,2013-05-09,10
269543,900269543,DESM,DESM-300,2022,2023-02-17,10
269544,900269544,DESM,DESM-200,2018,2019-08-29,10
269545,900269545,DESM,DESM-300,2016,2016-09-26,10
269546,900269546,DESM,DESM-100,2014,2015-01-26,10
269547,900269547,DESM,DESM-100,2010,2010-10-23,10
269548,900269548,DESM,DESM-300,2020,2021-05-08,10
269549,900269549,DESM,DESM-100,2014,2014-11-11,10
269550,900269550,DESM,DESM-200,2009,2010-05-11,10
269551,900269551,DESM,DESM-200,2010,2010-06-28,10
269552,900269552,DESM,DESM-100,2011,2012-02-19,10
269553,900269553,DESM,DESM-300,2008,2009-07-21,10
269554,900269554,DESM,DESM-200,2008,2009-06-08,10
269555,900269555,DESM,DESM-100,2013,2013-12-25,10
269556,900269556,DESM,DESM-100,2022,2023-02-01,10
269557,900269557,DESM,DESM-100,2017,2017-12-31,10
269558,900269558,DESM,DESM-200,2017,2017-07-26,10
269559,900269559,DESM,DESM-200,2010,2011-02-07,10
269560,900269560,DESM,DESM-300,2013,2014-07-05,10
269561,900269561,DESM,DESM-200,2014,2014-04-29,10
269562,900269562,DESM,DESM-100,2014,2014-11-29,10
269563,900269563,DESM,DESM-200,2010,2010-10-25,10
269564,900269564,DESM,DESM-300,2023,2023-09-11,10
269569,900269569,DESM,DESM-300,2016,2016-12-03,10
269570,900269570,DESM,DESM-300,2013,2013-12-07,10
269571,900269571,DESM,DESM-100,2012,2013-02-06,10
269572,900269572,DESM,DESM-100,2019,2019-10-16,10
269573,900269573,DESM,DESM-300,2019,2020-08-04,10
269574,900269574,DESM,DESM-200,2008,2008-09-05,10
269575,900269575,DESM,DESM-300,2010,2010-11-23,10
269576,900269576,DESM,DESM-200,2017,2017-11-03,10
269577,900269577,DESM,DESM-200,2016,2017-02-24,10
269578,900269578,DESM,DESM-300,2017,2017-02-22,10
269579,900269579,DESM,DESM-300,2013,2014-11-02,10
269580,900269580,DESM,DESM-300,2013,2014-02-16,10
269581,900269581,DESM,DESM-100,2021,2022-07-02,10
269582,900269582,DESM,DESM-100,2021,2021-12-19,10
269583,900269583,DESM,DESM-300,2022,2023-04-19,10
269584,900269584,DESM,DESM-200,2015,2016-01-16,10
269585,900269585,DESM,DESM-100,2017,2017-10-30,10
269586,900269586,DESM,DESM-200,2021,2022-01-20,10
269587,900269587,DESM,DESM-100,2022,2023-02-10,10
269588,900269588,DESM,DESM-200,2008,2009-01-10,10
269589,900269589,DESM,DESM-100,2008,2009-09-26,10
269590,900269590,DESM,DESM-200,2022,2022-08-06,10
269591,900269591,DESM,DESM-200,2017,2018-08-30,10
269592,900269592,DESM,DESM-200,2009,2010-06-12,10
269593,900269593,DESM,DESM-100,2015,2016-03-05,10
269594,900269594,DESM,DESM-200,2016,2016-08-22,10
269595,900269595,DESM,DESM-300,2010,2011-06-21,10
269596,900269596,DESM,DESM-300,2009,2009-09-05,10
269597,900269597,DESM,DESM-300,2018,2019-01-03,10
269598,900269598,DESM,DESM-200,2014,2014-09-28,10
269599,900269599,DESM,DESM-200,2014,2015-03-24,10
269600,900269600,DESM,DESM-300,2012,2013-08-09,10
269601,900269601,DESM,DESM-100,2020,2021-01-22,10
269602,900269602,DESM,DESM-300,2010,2011-01-23,10
269603,900269603,DESM,DESM-100,2014,2014-12-04,10
269604,900269604,DESM,DESM-100,2022,2022-12-11,10
269605,900269605,DESM,DESM-300,2016,2017-01-30,10
269606,900269606,DESM,DESM-100,2011,2012-10-01,10
269607,900269607,DESM,DESM-200,2019,2020-03-22,10
269608,900269608,DESM,DESM-100,2011,2011-06-21,10
269609,900269609,DESM,DESM-200,2020,2021-07-25,10
269610,900269610,DESM,DESM-100,2012,2013-06-23,10
269611,900269611,DESM,DESM-200,2022,2022-12-18,10
269612,900269612,DESM,DESM-100,2014,2014-08-06,10
269613,900269613,DESM,DESM-300,2016,2016-06-28,10
269614,900269614,DESM,DESM-300,2021,2021-12-16,10
269615,900269615,DESM,DESM-300,2012,2013-04-30,10
269616,900269616,DESM,DESM-300,2015,2016-04-10,10
269617,900269617,DESM,DESM-200,2011,2012-04-12,10
269618,900269618,DESM,DESM-300,2022,2022-09-19,10
269619,900269619,DESM,DESM-300,2013,2013-11-21,10
269620,900269620,DESM,DESM-100,2008,2009-05-12,10
269621,900269621,DESM,DESM-200,2020,2021-02-21,10
269622,900269622,DESM,DESM-300,2009,2009-07-20,10
269623,900269623,DESM,DESM-300,2008,2009-02-06,10
269624,900269624,DESM,DESM-100,2013,2013-06-27,10
269625,900269625,DESM,DESM-300,2018,2018-11-22,10
269626,900269626,DESM,DESM-200,2015,2015-05-13,10
269627,900269627,DESM,DESM-100,2017,2017-10-23,10
269628,900269628,DESM,DESM-300,2020,2020-06-19,10
269629,900269629,DESM,DESM-300,2022,2022-08-09,10
269630,900269630,DESM,DESM-300,2010,2011-07-07,10
269631,900269631,DESM,DESM-200,2014,2015-03-24,10
269632,900269632,DESM,DESM-300,2020,2021-05-30,10
269633,900269633,DESM,DESM-100,2012,2013-02-27,10
269634,900269634,DESM,DESM-300,2015,2015-06-12,10
269635,900269635,DESM,DESM-100,2019,2020-01-17,10
269636,900269636,DESM,DESM-200,2009,2010-03-17,10
269637,900269637,DESM,DESM-100,2023,2024-05-04,10
269638,900269638,DESM,DESM-200,2012,2012-04-08,10
269639,900269639,DESM,DESM-300,2008,2008-11-12,10
269640,900269640,DESM,DESM-200,2018,2018-12-15,10
269641,900269641,DESM,DESM-100,2014,2015-05-26,10
269642,900269642,DESM,DESM-200,2012,2013-08-14,10
269643,900269643,DESM,DESM-100,2018,2019-02-22,10
269644,900269644,DESM,DESM-200,2022,2022-06-03,10
269645,900269645,DESM,DESM-200,2016,2016-11-16,10
269646,900269646,DESM,DESM-300,2017,2017-11-01,10
269647,900269647,DESM,DESM-200,2022,2023-03-26,10
269648,900269648,DESM,DESM-200,2012,2013-07-03,10
269649,900269649,DESM,DESM-300,2018,2019-06-13,10
269650,900269650,DESM,DESM-200,2017,2018-03-14,10
269651,900269651,DESM,DESM-300,2014,2014-07-18,10
269652,900269652,DESM,DESM-100,2021,2022-05-31,10
269653,900269653,DESM,DESM-300,2015,2016-03-31,10
269654,900269654,DESM,DESM-200,2016,2016-08-23,10
269655,900269655,DESM,DESM-300,2010,2010-11-26,10
269656,900269656,DESM,DESM-300,2010,2011-02-16,10
269657,900269657,DESM,DESM-100,2022,2023-02-16,10
269661,900269661,DESM,DESM-200,2010,2011-02-05,10
269662,900269662,DESM,DESM-200,2023,2024-03-08,10
269663,900269663,DESM,DESM-100,2010,2011-05-21,10
269664,900269664,DESM,DESM-200,2016,2017-01-04,10
269665,900269665,DESM,DESM-200,2008,2008-11-18,10
269666,900269666,DESM,DESM-300,2019,2019-09-23,10
269667,900269667,DESM,DESM-200,2008,2008-02-18,10
269668,900269668,DESM,DESM-100,2020,2020-12-20,10
269669,900269669,DESM,DESM-300,2023,2024-01-19,10
269670,900269670,DESM,DESM-200,2017,2017-11-04,10
269671,900269671,DESM,DESM-200,2022,2023-06-05,10
269672,900269672,DESM,DESM-300,2023,2023-08-27,10
269673,900269673,DESM,DESM-200,2018,2018-06-27,10
269674,900269674,DESM,DESM-300,2014,2015-08-14,10
269675,900269675,DESM,DESM-200,2020,2021-03-27,10
269676,900269676,DESM,DESM-200,2019,2020-05-07,10
269677,900269677,DESM,DESM-100,2021,2021-12-27,10
269678,900269678,DESM,DESM-200,2021,2022-09-12,10
269679,900269679,DESM,DESM-100,2016,2016-05-17,10
269680,900269680,DESM,DESM-300,2021,2022-06-04,10
269681,900269681,DESM,DESM-300,2022,2023-04-10,10
269682,900269682,DESM,DESM-300,2023,2023-07-02,10
269683,900269683,DESM,DESM-100,2021,2021-11-12,10
269684,900269684,DESM,DESM-300,2018,2019-02-26,10
269685,900269685,DESM,DESM-300,2011,2012-04-01,10
269686,900269686,DESM,DESM-200,2011,2011-12-12,10
269687,900269687,DESM,DESM-300,2017,2018-01-12,10
269688,900269688,DESM,DESM-100,2022,2023-01-26,10
269689,900269689,DESM,DESM-100,2013,2013-10-11,10
269690,900269690,DESM,DESM-100,2016,2017-03-05,10
269691,900269691,DESM,DESM-300,2008,2008-10-12,10
269692,900269692,DESM,DESM-200,2018,2018-09-09,10
269693,900269693,DESM,DESM-200,2021,2021-08-04,10
269694,900269694,DESM,DESM-200,2012,2012-12-29,10
269695,900269695,DESM,DESM-200,2019,2019-12-30,10
269696,900269696,DESM,DESM-200,2014,2015-03-11,10
269697,900269697,DESM,DESM-100,2008,2008-03-10,10
269698,900269698,DESM,DESM-300,2010,2011-06-01,10
269699,900269699,DESM,DESM-300,2023,2023-12-23,10
269700,900269700,DESM,DESM-100,2011,2011-06-22,10
269701,900269701,DESM,DESM-100,2017,2018-08-12,10
269702,900269702,DESM,DESM-300,2009,2010-01-10,10
269703,900269703,DESM,DESM-100,2022,2023-01-19,10
269704,900269704,DESM,DESM-200,2014,2015-02-13,10
269705,900269705,DESM,DESM-200,2020,2020-09-25,10
269706,900269706,DESM,DESM-100,2008,2009-01-05,10
269707,900269707,DESM,DESM-300,2022,2023-02-08,10
269708,900269708,DESM,DESM-300,2013,2014-02-07,10
269709,900269709,DESM,DESM-300,2019,2019-07-18,10
269710,900269710,DESM,DESM-300,2008,2009-05-08,10
269711,900269711,DESM,DESM-200,2011,2012-08-23,10
269712,900269712,DESM,DESM-300,2016,2017-01-14,10
269713,900269713,DESM,DESM-200,2023,2023-10-01,10
269714,900269714,DESM,DESM-300,2013,2014-01-15,10
269715,900269715,DESM,DESM-300,2017,2018-02-15,10
269716,900269716,DESM,DESM-200,2015,2016-06-28,10
269717,900269717,DESM,DESM-300,2013,2013-09-02,10
269718,900269718,DESM,DESM-300,2015,2015-09-03,10
269719,900269719,DESM,DESM-200,2023,2023-12-29,10
269720,900269720,DESM,DESM-300,2010,2011-08-21,10
269721,900269721,DESM,DESM-300,2010,2011-01-12,10
269722,900269722,DESM,DESM-300,2010,2010-11-07,10
269757,900269757,SWSC,SWSC-200,2008,2009-10-16,10
269766,900269766,SWSC,SWSC-100,2009,2009-12-21,10
272683,900272683,SWPH,SWPH-300,2016,2017-06-09,12
272684,900272684,SWPH,SWPH-100,2016,2017-09-21,12
272685,900272685,SWMS,SWMS-100,2008,2008-03-01,15
272686,900272686,SWMS,SWMS-300,2011,2011-07-01,15
272688,900272688,SWAV,SWAV-300,2015,2016-03-08,15
272690,900272690,DEMO,DEMO-200,2014,2015-10-31,10
273250,900273250,SWMS,SWMS-300,2020,2021-03-11,15
273251,900273251,SWMS,SWMS-100,2020,2020-08-19,15
277855,900277855,DEMO,DEMO-100,2022,2023-07-14,10
277860,900277860,DETM,DETM-100,2023,2023-09-08,10
277861,900277861,DEMO,DEMO-300,2020,2021-01-11,10
277862,900277862,DEFL,DEFL-100,2017,2017-04-14,10
277863,900277863,SWAV,SWAV-200,2013,2013-04-06,15
277864,900277864,SWAV,SWAV-200,2019,2019-07-06,15
277868,900277868,DEDR,DEDR-300,2008,2008-08-16,15
277869,900277869,ELUP,ELUP-100,2011,2012-05-03,8
277870,900277870,DEDR,DEDR-200,2018,2019-06-22,15
277874,900277874,SWAV,SWAV-200,2010,2010-11-13,15
277877,900277877,DETM,DETM-300,2018,2019-08-04,10
277878,900277878,DETM,DETM-200,2022,2022-12-30,10
277879,900277879,DEMO,DEMO-300,2014,2014-12-29,10
277880,900277880,DEMO,DEMO-100,2018,2018-10-16,10
277881,900277881,DEMO,DEMO-300,2018,2019-02-04,10
277882,900277882,DEDR,DEDR-200,2015,2015-06-07,15
277883,900277883,DEDR,DEDR-100,2022,2023-08-20,15
277884,900277884,DEDR,DEDR-200,2017,2018-05-11,15
277886,900277886,DEDR,DEDR-100,2023,2023-02-24,15
277890,900277890,DEMO,DEMO-300,2013,2014-03-22,10
277894,900277894,DEHA,DEHA-200,2020,2021-04-11,15
277896,900277896,DEHA,DEHA-100,2009,2009-11-27,15
277898,900277898,SWAV,SWAV-100,2019,2020-05-18,15
277899,900277899,SWAV,SWAV-300,2023,2023-08-28,15
277902,900277902,DETM,DETM-300,2023,2024-06-23,10
277903,900277903,DETM,DETM-100,2020,2021-05-14,10
277904,900277904,DEMO,DEMO-200,2022,2023-01-09,10
277908,900277908,DETM,DETM-100,2023,2023-02-11,10
277909,900277909,DEMO,DEMO-100,2009,2010-02-09,10
277910,900277910,SWAV,SWAV-200,2012,2013-09-18,15
277911,900277911,SWAV,SWAV-300,2018,2018-07-03,15
277915,900277915,DETM,DETM-100,2022,2023-01-20,10
277916,900277916,DETM,DETM-300,2012,2013-02-09,10
277917,900277917,DEMO,DEMO-100,2014,2014-10-04,10
277918,900277918,DEMO,DEMO-300,2011,2012-04-21,10
277919,900277919,DEDR,DEDR-100,2020,2021-09-21,15
277921,900277921,DEDR,DEDR-200,2022,2022-11-23,15
277922,900277922,SWAV,SWAV-200,2014,2015-03-14,15
277926,900277926,DETM,DETM-300,2012,2013-03-14,10
277927,900277927,DETM,DETM-100,2023,2024-06-26,10
277928,900277928,DEMO,DEMO-300,2011,2012-05-14,10
277929,900277929,DEMO,DEMO-300,2017,2018-02-14,10
277930,900277930,SWAV,SWAV-300,2015,2015-12-12,15
277931,900277931,SWAV,SWAV-100,2020,2020-12-05,15
277935,900277935,DETM,DETM-200,2021,2021-11-04,10
277936,900277936,DETM,DETM-300,2023,2023-04-13,10
277937,900277937,DEMO,DEMO-300,2011,2011-11-21,10
277938,900277938,DEMO,DEMO-300,2020,2020-11-05,10
277939,900277939,DEDR,DEDR-100,2018,2019-01-20,15
277940,900277940,DEDR,DEDR-200,2017,2018-03-13,15
277941,900277941,SWAV,SWAV-300,2021,2021-08-18,15
277942,900277942,DEDR,DEDR-100,2009,2010-05-31,15
277946,900277946,DEHA,DEHA-200,2014,2015-08-28,15
277947,900277947,DEHA,DEHA-200,2018,2018-10-22,15
277948,900277948,DEHA,DEHA-100,2023,2023-06-07,15
277949,900277949,DEHA,DEHA-100,2019,2019-06-27,15
277950,900277950,SWAV,SWAV-200,2012,2013-02-04,15
277953,900277953,DETM,DETM-100,2019,2020-01-12,10
277954,900277954,DETM,DETM-300,2023,2024-01-04,10
277955,900277955,DEMO,DEMO-100,2018,2019-08-31,10
277956,900277956,DEMO,DEMO-100,2011,2011-10-16,10
277960,900277960,DEHA,DEHA-200,2023,2023-05-21,15
277961,900277961,DEHA,DEHA-300,2023,2024-05-31,15
277962,900277962,DEHA,DEHA-100,2010,2011-03-27,15
277963,900277963,DEHA,DEHA-300,2009,2009-04-03,15
277964,900277964,DEDR,DEDR-200,2011,2011-11-28,15
277965,900277965,SWAV,SWAV-200,2023,2023-05-30,15
277966,900277966,SWAV,SWAV-300,2011,2011-07-06,15
277967,900277967,SWAV,SWAV-300,2022,2023-04-08,15
277968,900277968,SWAV,SWAV-100,2010,2010-10-11,15
277971,900277971,DEMO,DEMO-300,2020,2021-02-05,10
277972,900277972,DEHA,DEHA-100,2018,2019-07-22,15
277973,900277973,DEHA,DEHA-200,2013,2013-12-25,15
277977,900277977,DEMO,DEMO-300,2010,2010-11-29,10
277978,900277978,SWAV,SWAV-100,2012,2012-04-20,15
277979,900277979,SWAV,SWAV-100,2017,2018-01-21,15
277983,900277983,DETM,DETM-300,2021,2022-07-04,10
277984,900277984,DEFL,DEFL-300,2023,2024-03-23,10
277988,900277988,DEHA,DEHA-200,2009,2009-11-05,15
277989,900277989,DEHA,DEHA-100,2018,2018-06-21,15
277992,900277992,DETM,DETM-200,2018,2018-08-06,10
277993,900277993,DEMO,DEMO-300,2018,2018-08-16,10
277994,900277994,SWAV,SWAV-300,2019,2020-01-17,15
277995,900277995,SWAV,SWAV-300,2008,2009-03-01,15
277999,900277999,SWPH,SWPH-200,2015,2015-11-09,12
278000,900278000,SWPH,SWPH-200,2017,2017-10-05,12
278001,900278001,SWMS,SWMS-200,2017,2017-08-08,15
278002,900278002,SWMS,SWMS-300,2021,2021-12-23,15
278004,900278004,SWPH,SWPH-200,2018,2018-03-28,12
278005,900278005,ATFA,ATFA-200,2013,2013-05-15,15
278006,900278006,SWMS,SWMS-200,2008,2009-01-24,15
278007,900278007,SWMS,SWMS-300,2023,2023-12-01,15
278009,900278009,SWPH,SWPH-100,2012,2013-03-16,12
278010,900278010,SWPH,SWPH-300,2012,2012-12-04,12
278011,900278011,SWMS,SWMS-100,2010,2011-03-18,15
278012,900278012,SWMS,SWMS-200,2020,2021-06-15,15
278014,900278014,SWPH,SWPH-100,2022,2022-08-02,12
278015,900278015,SWPH,SWPH-300,2012,2013-12-01,12
278016,900278016,SWMS,SWMS-200,2014,2015-11-23,15
278017,900278017,SWMS,SWMS-200,2022,2022-07-07,15
278019,900278019,SWPH,SWPH-200,2010,2011-03-03,12
278020,900278020,SWPH,SWPH-100,2009,2010-03-30,12
278021,900278021,SWPH,SWPH-200,2008,2009-09-18,12
278022,900278022,SWMS,SWMS-300,2010,2011-01-05,15
278025,900278025,SWPH,SWPH-200,2017,2018-02-27,12
278026,900278026,SWPH,SWPH-100,2016,2016-11-02,12
278027,900278027,SWMS,SWMS-200,2010,2010-08-10,15
278028,900278028,SWMS,SWMS-100,2012,2012-11-23,15
278031,900278031,SWPH,SWPH-300,2019,2019-11-19,12
278032,900278032,SWPH,SWPH-100,2016,2016-07-30,12
278033,900278033,SWPH,SWPH-200,2011,2012-02-16,12
278034,900278034,SWPH,SWPH-300,2009,2009-11-15,12
278039,900278039,ATFA,ATFA-200,2008,2008-07-29,15
278040,900278040,ATFA,ATFA-200,2009,2010-11-19,15
278041,900278041,SWMS,SWMS-300,2012,2013-04-02,15
278042,900278042,SWMS,SWMS-100,2015,2015-11-23,15
278045,900278045,SWPH,SWPH-300,2008,2008-10-19,12
278046,900278046,SWPH,SWPH-200,2015,2016-10-07,12
278049,900278049,SWPH,SWPH-100,2010,2010-11-21,12
278050,900278050,SWPH,SWPH-300,2021,2021-12-05,12
278051,900278051,ATFA,ATFA-100,2019,2020-01-26,15
278052,900278052,ATFA,ATFA-300,2011,2011-12-17,15
278053,900278053,SWMS,SWMS-300,2019,2020-03-25,15
278054,900278054,SWMS,SWMS-200,2017,2018-04-22,15
278060,900278060,SWPH,SWPH-300,2014,2015-05-07,12
278061,900278061,SWPH,SWPH-300,2008,2008-12-19,12
278062,900278062,ATFA,ATFA-200,2014,2014-07-15,15
278063,900278063,ATFA,ATFA-300,2016,2016-02-20,15
278064,900278064,SWMS,SWMS-200,2021,2021-10-27,15
278065,900278065,SWMS,SWMS-200,2014,2015-02-08,15
278068,900278068,SWPH,SWPH-100,2008,2008-09-25,12
278069,900278069,SWPH,SWPH-100,2011,2012-03-01,12
278072,900278072,PUCE,PUCE-200,2015,2015-09-29,10
278073,900278073,PUCE,PUCE-200,2018,2018-08-16,10
278076,900278076,SWUR,SWUR-100,2014,2015-01-06,12
278082,900278082,SWUR,SWUR-300,2019,2020-01-06,12
278088,900278088,SWUR,SWUR-100,2012,2012-07-17,12
278094,900278094,SWUR,SWUR-200,2014,2015-04-06,12
278100,900278100,SWUR,SWUR-300,2010,2011-01-12,12
278106,900278106,SWUR,SWUR-200,2015,2016-08-30,12
278112,900278112,SWUR,SWUR-100,2013,2014-02-04,12
278118,900278118,SWUR,SWUR-100,2008,2009-01-14,12
278124,900278124,SWUR,SWUR-300,2008,2009-03-10,12
278130,900278130,SWUR,SWUR-100,2016,2016-09-29,12
278136,900278136,SWUR,SWUR-200,2016,2016-12-19,12
278142,900278142,SWUR,SWUR-100,2013,2014-10-25,12
278148,900278148,SWUR,SWUR-100,2020,2021-01-31,12
278154,900278154,SWUR,SWUR-100,2008,2008-05-05,12
278160,900278160,SWUR,SWUR-300,2020,2021-06-06,12
278166,900278166,SWUR,SWUR-200,2021,2021-05-11,12
278172,900278172,SWUR,SWUR-100,2010,2010-10-13,12
278178,900278178,SWUR,SWUR-300,2008,2009-05-22,12
278184,900278184,SWUR,SWUR-200,2009,2009-09-08,12
278190,900278190,SWUR,SWUR-100,2009,2010-04-23,12
278196,900278196,SWUR,SWUR-300,2020,2021-02-23,12
278202,900278202,SWUR,SWUR-100,2008,2009-08-23,12
278208,900278208,SWUR,SWUR-300,2012,2013-10-24,12
278214,900278214,SWUR,SWUR-300,2012,2012-11-13,12
278220,900278220,SWUR,SWUR-300,2018,2018-06-30,12
278226,900278226,SWUR,SWUR-100,2009,2009-08-12,12
278232,900278232,SWUR,SWUR-300,2022,2022-12-01,12
278238,900278238,SWUR,SWUR-300,2017,2018-07-27,12
278244,900278244,SWUR,SWUR-300,2022,2022-12-10,12
278250,900278250,SWUR,SWUR-300,2021,2022-07-27,12
278256,900278256,SWUR,SWUR-300,2008,2009-03-11,12
278262,900278262,SWUR,SWUR-100,2014,2014-12-23,12
278268,900278268,SWUR,SWUR-300,2012,2013-03-15,12
278274,900278274,SWUR,SWUR-300,2012,2013-01-11,12
278280,900278280,SWUR,SWUR-200,2020,2020-11-29,12
278286,900278286,DEGD,DEGD-200,2013,2013-12-01,10
278291,900278291,DEGD,DEGD-100,2014,2015-02-09,10
278296,900278296,DEGD,DEGD-100,2010,2010-06-09,10
278301,900278301,DEGD,DEGD-300,2018,2018-11-01,10
278306,900278306,DEGD,DEGD-300,2021,2021-07-19,10
278311,900278311,DEGD,DEGD-200,2016,2017-04-22,10
278316,900278316,DEGD,DEGD-200,2022,2022-08-21,10
278321,900278321,DEGD,DEGD-200,2023,2023-12-14,10
278326,900278326,DEGD,DEGD-300,2011,2011-10-28,10
278331,900278331,DEGD,DEGD-100,2021,2021-09-25,10
278336,900278336,DEGD,DEGD-300,2022,2023-01-19,10
278341,900278341,DESM,DESM-300,2018,2019-04-13,10
278342,900278342,DESM,DESM-300,2014,2014-12-10,10
278343,900278343,DESM,DESM-100,2008,2009-03-28,10
278344,900278344,DESM,DESM-100,2014,2015-05-25,10
278345,900278345,DESM,DESM-300,2023,2024-03-29,10
278346,900278346,DESM,DESM-200,2020,2021-11-17,10
278347,900278347,DESM,DESM-100,2017,2017-10-24,10
278348,900278348,DESM,DESM-300,2009,2010-03-12,10
278349,900278349,DESM,DESM-200,2013,2014-06-26,10
278350,900278350,DESM,DESM-300,2022,2023-07-24,10
278351,900278351,DESM,DESM-200,2011,2012-09-08,10
278352,900278352,DESM,DESM-300,2022,2023-07-19,10
278353,900278353,DESM,DESM-300,2015,2016-08-10,10
278354,900278354,DESM,DESM-200,2019,2019-12-09,10
278355,900278355,DESM,DESM-200,2022,2023-05-09,10
278356,900278356,DESM,DESM-200,2008,2009-03-06,10
278357,900278357,DESM,DESM-300,2008,2009-02-27,10
278358,900278358,DESM,DESM-200,2021,2021-12-12,10
278359,900278359,DESM,DESM-200,2009,2010-07-25,10
278360,900278360,DESM,DESM-100,2018,2018-11-17,10
278361,900278361,DESM,DESM-100,2012,2012-12-01,10
278362,900278362,DESM,DESM-100,2019,2019-09-28,10
278363,900278363,DESM,DESM-200,2008,2008-09-22,10
278364,900278364,DESM,DESM-100,2022,2023-06-30,10
278365,900278365,DESM,DESM-200,2009,2010-01-21,10
278366,900278366,DESM,DESM-300,2008,2008-10-30,10
278367,900278367,DESM,DESM-200,2010,2010-10-29,10
278368,900278368,DESM,DESM-300,2018,2019-09-07,10
278369,900278369,DESM,DESM-300,2018,2019-02-20,10
278370,900278370,DESM,DESM-300,2019,2019-07-06,10
278371,900278371,DESM,DESM-200,2023,2023-09-27,10
278372,900278372,DESM,DESM-300,2009,2009-09-12,10
278373,900278373,DESM,DESM-100,2023,2024-05-28,10
278374,900278374,DESM,DESM-300,2013,2014-08-18,10
278375,900278375,DESM,DESM-200,2017,2018-07-18,10
278376,900278376,DESM,DESM-300,2020,2021-03-20,10
278377,900278377,DESM,DESM-100,2022,2023-02-08,10
278378,900278378,DESM,DESM-300,2008,2008-12-03,10
278379,900278379,DESM,DESM-100,2013,2013-04-03,10
278380,900278380,DESM,DESM-300,2020,2020-06-28,10
278381,900278381,DESM,DESM-200,2016,2017-07-25,10
278382,900278382,DESM,DESM-200,2011,2011-11-26,10
278383,900278383,DESM,DESM-200,2011,2011-03-08,10
278384,900278384,DESM,DESM-100,2016,2016-07-14,10
278385,900278385,DESM,DESM-100,2016,2016-11-04,10
278386,900278386,DESM,DESM-100,2017,2018-03-11,10
278387,900278387,DESM,DESM-300,2010,2010-08-31,10
278388,900278388,DESM,DESM-300,2017,2017-12-20,10
278389,900278389,DESM,DESM-100,2018,2018-05-11,10
278390,900278390,DESM,DESM-300,2008,2008-06-18,10
278391,900278391,DESM,DESM-200,2018,2019-08-05,10
278392,900278392,DESM,DESM-100,2013,2014-01-05,10
278393,900278393,DESM,DESM-300,2015,2016-06-10,10
278394,900278394,DESM,DESM-300,2018,2019-06-17,10
278395,900278395,DESM,DESM-200,2017,2017-11-17,10
278396,900278396,DESM,DESM-200,2011,2012-06-17,10
278397,900278397,DESM,DESM-200,2020,2020-09-28,10
278398,900278398,DESM,DESM-300,2022,2023-02-10,10
278399,900278399,DESM,DESM-200,2012,2012-11-02,10
278400,900278400,DESM,DESM-300,2021,2022-01-11,10
278401,900278401,DESM,DESM-100,2017,2017-06-28,10
278402,900278402,DESM,DESM-100,2018,2019-03-19,10
278403,900278403,DESM,DESM-200,2019,2020-11-09,10
278404,900278404,DESM,DESM-200,2016,2017-11-29,10
278405,900278405,DESM,DESM-200,2020,2021-02-01,10
278406,900278406,DESM,DESM-200,2010,2010-11-01,10
278407,900278407,DESM,DESM-200,2019,2019-09-09,10
278408,900278408,DESM,DESM-300,2009,2009-10-29,10
278409,900278409,DESM,DESM-100,2010,2010-04-18,10
278410,900278410,DESM,DESM-200,2010,2010-11-16,10
278416,900278416,DESM,DESM-300,2011,2012-03-08,10
278417,900278417,DESM,DESM-200,2017,2017-12-24,10
278418,900278418,DESM,DESM-300,2022,2023-03-26,10
278419,900278419,DESM,DESM-300,2014,2014-12-04,10
278420,900278420,DESM,DESM-300,2016,2017-01-30,10
278421,900278421,DESM,DESM-300,2012,2013-05-06,10
278422,900278422,DESM,DESM-100,2015,2016-01-28,10
278423,900278423,DESM,DESM-100,2009,2009-05-22,10
278424,900278424,DESM,DESM-100,2012,2012-09-26,10
278425,900278425,DESM,DESM-200,2017,2017-11-20,10
278426,900278426,DESM,DESM-300,2015,2016-04-28,10
278427,900278427,DESM,DESM-100,2017,2018-03-11,10
278428,900278428,DESM,DESM-200,2021,2021-10-19,10
278429,900278429,DESM,DESM-100,2018,2018-06-12,10
278430,900278430,DESM,DESM-100,2015,2016-01-27,10
278431,900278431,DESM,DESM-300,2023,2023-12-24,10
278432,900278432,DESM,DESM-200,2023,2024-06-24,10
278433,900278433,DESM,DESM-300,2023,2023-09-09,10
278434,900278434,DESM,DESM-300,2015,2015-06-09,10
278435,900278435,DESM,DESM-300,2010,2010-11-13,10
278436,900278436,DESM,DESM-100,2017,2018-02-15,10
278437,900278437,DESM,DESM-300,2008,2009-04-14,10
278438,900278438,DESM,DESM-200,2022,2022-12-14,10
278439,900278439,DESM,DESM-100,2016,2017-04-23,10
278440,900278440,DESM,DESM-200,2022,2022-11-19,10
278441,900278441,DESM,DESM-100,2009,2010-09-16,10
278442,900278442,DESM,DESM-200,2013,2013-11-06,10
278443,900278443,DESM,DESM-300,2010,2010-10-03,10
278444,900278444,DESM,DESM-200,2016,2016-08-29,10
278445,900278445,DESM,DESM-300,2019,2019-09-25,10
278446,900278446,DESM,DESM-200,2009,2010-01-22,10
278447,900278447,DESM,DESM-100,2017,2017-11-19,10
278448,900278448,DESM,DESM-200,2017,2017-12-18,10
278449,900278449,DESM,DESM-200,2018,2019-08-03,10
278450,900278450,DESM,DESM-100,2015,2016-10-19,10
278451,900278451,DESM,DESM-100,2017,2017-12-22,10
278452,900278452,DESM,DESM-300,2015,2015-04-30,10
278453,900278453,DESM,DESM-300,2015,2016-03-18,10
278454,900278454,DESM,DESM-100,2008,2008-12-01,10
278455,900278455,DESM,DESM-300,2016,2016-10-29,10
278456,900278456,DESM,DESM-100,2011,2012-09-29,10
278457,900278457,DESM,DESM-300,2019,2020-03-26,10
278458,900278458,DESM,DESM-200,2014,2014-06-15,10
278459,900278459,DESM,DESM-200,2018,2018-09-09,10
278460,900278460,DESM,DESM-100,2015,2016-09-04,10
278461,900278461,DESM,DESM-300,2017,2018-07-02,10
278462,900278462,DESM,DESM-200,2011,2012-03-14,10
278463,900278463,DESM,DESM-200,2009,2010-09-03,10
278464,900278464,DESM,DESM-100,2011,2011-08-16,10
278465,900278465,DESM,DESM-200,2020,2021-02-10,10
278466,900278466,DESM,DESM-300,2020,2020-12-08,10
278467,900278467,DESM,DESM-200,2013,2013-08-08,10
278468,900278468,DESM,DESM-100,2018,2019-02-07,10
278469,900278469,DESM,DESM-300,2021,2021-02-08,10
278470,900278470,DESM,DESM-300,2009,2010-03-03,10
278471,900278471,DESM,DESM-300,2015,2016-10-23,10
278472,900278472,DESM,DESM-300,2019,2019-12-06,10
278473,900278473,DESM,DESM-200,2017,2018-01-07,10
278474,900278474,DESM,DESM-300,2016,2016-06-16,10
278475,900278475,DESM,DESM-100,2008,2008-12-08,10
278476,900278476,DESM,DESM-200,2017,2017-06-15,10
278477,900278477,DESM,DESM-100,2008,2008-06-06,10
278478,900278478,DESM,DESM-100,2023,2024-05-30,10
278479,900278479,DESM,DESM-200,2012,2012-05-03,10
278480,900278480,DESM,DESM-200,2022,2023-04-13,10
278481,900278481,DESM,DESM-200,2008,2008-03-06,10
278482,900278482,DESM,DESM-300,2021,2021-09-06,10
278483,900278483,DESM,DESM-300,2023,2023-04-17,10
278484,900278484,DESM,DESM-200,2013,2014-09-28,10
278485,900278485,DESM,DESM-300,2017,2017-03-12,10
278486,900278486,DESM,DESM-100,2012,2013-01-01,10
278487,900278487,DESM,DESM-200,2012,2012-10-15,10
278488,900278488,DESM,DESM-200,2020,2020-10-01,10
278489,900278489,DESM,DESM-300,2012,2012-12-25,10
278490,900278490,DESM,DESM-100,2010,2010-10-22,10
278494,900278494,DESM,DESM-200,2021,2022-08-16,10
278495,900278495,DESM,DESM-200,2019,2020-02-29,10
278496,900278496,DESM,DESM-300,2013,2014-08-15,10
278497,900278497,DESM,DESM-300,2021,2021-05-12,10
278498,900278498,DESM,DESM-100,2008,2009-07-14,10
278499,900278499,DESM,DESM-200,2019,2020-04-01,10
278500,900278500,DESM,DESM-300,2022,2022-07-22,10
278501,900278501,DESM,DESM-300,2016,2017-03-30,10
278502,900278502,DESM,DESM-200,2015,2015-06-02,10
278503,900278503,DESM,DESM-200,2020,2020-10-15,10
278504,900278504,DESM,DESM-100,2020,2020-08-26,10
278505,900278505,DESM,DESM-100,2017,2018-02-20,10
278506,900278506,DESM,DESM-100,2016,2016-03-05,10
278507,900278507,DESM,DESM-100,2017,2018-06-11,10
278508,900278508,DESM,DESM-200,2011,2012-10-30,10
278509,900278509,DESM,DESM-200,2012,2012-08-24,10
278510,900278510,DESM,DESM-100,2015,2015-06-23,10
278511,900278511,DESM,DESM-100,2012,2013-07-19,10
278512,900278512,DESM,DESM-300,2014,2015-03-27,10
278513,900278513,DESM,DESM-200,2015,2015-12-30,10
278514,900278514,DESM,DESM-100,2015,2016-09-13,10
278515,900278515,DESM,DESM-200,2011,2012-03-16,10
278516,900278516,DESM,DESM-200,2009,2010-06-24,10
278517,900278517,DESM,DESM-300,2014,2015-06-14,10
278518,900278518,DESM,DESM-100,2013,2014-04-16,10
278519,900278519,DESM,DESM-300,2008,2009-03-31,10
278520,900278520,DESM,DESM-200,2013,2014-03-19,10
278521,900278521,DESM,DESM-100,2022,2022-05-04,10
278522,900278522,DESM,DESM-100,2023,2024-10-06,10
278523,900278523,DESM,DESM-100,2010,2011-01-25,10
278524,900278524,DESM,DESM-300,2013,2013-09-03,10
278525,900278525,DESM,DESM-200,2009,2010-01-04,10
278526,900278526,DESM,DESM-300,2018,2018-12-17,10
278527,900278527,DESM,DESM-300,2020,2020-06-09,10
278528,900278528,DESM,DESM-100,2011,2011-07-30,10
278529,900278529,DESM,DESM-200,2022,2023-05-19,10
278530,900278530,DESM,DESM-200,2008,2008-07-31,10
278531,900278531,DESM,DESM-200,2019,2019-09-10,10
278532,900278532,DESM,DESM-100,2014,2014-07-22,10
278533,900278533,DESM,DESM-200,2017,2017-11-19,10
278534,900278534,DESM,DESM-200,2018,2019-06-08,10
278535,900278535,DESM,DESM-300,2021,2021-10-31,10
278536,900278536,DESM,DESM-200,2022,2022-10-06,10
278537,900278537,DESM,DESM-300,2013,2014-01-01,10
278538,900278538,DESM,DESM-200,2017,2017-06-08,10
278539,900278539,DESM,DESM-200,2023,2023-11-28,10
278540,900278540,DESM,DESM-100,2023,2023-04-01,10
278541,900278541,DESM,DESM-100,2021,2021-10-26,10
278542,900278542,DESM,DESM-300,2021,2021-05-28,10
278543,900278543,DESM,DESM-200,2008,2009-01-25,10
278544,900278544,DESM,DESM-300,2014,2015-03-09,10
278545,900278545,DESM,DESM-200,2011,2012-03-26,10
278546,900278546,DESM,DESM-100,2023,2023-12-08,10
278547,900278547,DESM,DESM-300,2012,2013-02-23,10
278548,900278548,DESM,DESM-100,2017,2018-02-03,10
278549,900278549,DESM,DESM-300,2015,2015-09-21,10
278550,900278550,DESM,DESM-100,2017,2018-05-15,10
278551,900278551,DESM,DESM-200,2014,2014-06-14,10
278552,900278552,DESM,DESM-300,2010,2011-02-22,10
278553,900278553,DESM,DESM-200,2023,2023-10-08,10
278554,900278554,DESM,DESM-100,2019,2020-08-02,10
278555,900278555,DESM,DESM-100,2012,2013-05-12,10
278556,900278556,DESM,DESM-100,2019,2019-07-08,10
278557,900278557,DESM,DESM-200,2013,2013-09-24,10
278558,900278558,DESM,DESM-200,2019,2019-11-16,10
278559,900278559,DESM,DESM-300,2012,2013-06-12,10
278560,900278560,DESM,DESM-100,2008,2009-07-07,10
278561,900278561,DESM,DESM-200,2014,2015-01-10,10
278562,900278562,DESM,DESM-100,2020,2020-12-13,10
278563,900278563,DESM,DESM-100,2009,2009-08-10,10
278564,900278564,DESM,DESM-300,2018,2018-10-19,10
278565,900278565,DESM,DESM-300,2014,2014-09-05,10
278566,900278566,DESM,DESM-200,2012,2013-01-23,10
278567,900278567,DESM,DESM-200,2014,2015-05-12,10
278568,900278568,DESM,DESM-200,2018,2019-04-22,10
279899,900279899,SWAV,SWAV-200,2011,2012-02-21,15
279900,900279900,DEDR,DEDR-200,2020,2020-06-27,15
284123,900284123,DEMO,DEMO-200,2022,2023-04-22,10
284125,900284125,DEMO,DEMO-300,2008,2009-01-18,10
284182,900284182,SWAV,SWAV-100,2013,2014-05-24,15
284681,900284681,DESM,DESM-100,2018,2019-02-28,10
284682,900284682,DESM,DESM-300,2019,2020-01-02,10
284683,900284683,DESM,DESM-200,2019,2020-08-11,10
284684,900284684,DESM,DESM-200,2013,2013-06-04,10
284690,900284690,DESM,DESM-300,2021,2022-01-14,10
284691,900284691,DESM,DESM-300,2010,2010-09-18,10
284692,900284692,DESM,DESM-200,2011,2011-12-23,10
284693,900284693,DEHT,DEHT-300,2016,2017-04-06,10
284694,900284694,DEHT,DEHT-200,2010,2010-07-26,10
284695,900284695,DESM,DESM-300,2023,2023-11-06,10
284696,900284696,DESM,DESM-100,2021,2022-05-24,10
284697,900284697,DESM,DESM-100,2023,2023-08-25,10
284698,900284698,DEHT,DEHT-300,2022,2023-11-26,10
284699,900284699,DEHT,DEHT-200,2008,2009-01-21,10
284704,900284704,DESM,DESM-200,2022,2023-01-28,10
284705,900284705,DESM,DESM-300,2009,2009-04-10,10
284706,900284706,DEHT,DEHT-300,2011,2011-07-15,10
284707,900284707,DEHT,DEHT-100,2008,2009-02-12,10
284708,900284708,DESM,DESM-200,2012,2012-07-09,10
284709,900284709,DESM,DESM-100,2008,2009-07-24,10
284710,900284710,DEHT,DEHT-300,2021,2022-07-03,10
284711,900284711,DEHT,DEHT-100,2008,2009-06-21,10
284712,900284712,DESM,DESM-100,2023,2024-07-04,10
284713,900284713,DESM,DESM-100,2011,2012-01-03,10
284714,900284714,DEHT,DEHT-200,2020,2020-05-03,10
284715,900284715,DEHT,DEHT-200,2013,2013-08-11,10
284716,900284716,DESM,DESM-300,2019,2019-04-24,10
284717,900284717,DESM,DESM-100,2020,2021-03-27,10
284718,900284718,DEHT,DEHT-200,2008,2009-04-10,10
284719,900284719,DEHT,DEHT-200,2020,2020-09-19,10
284720,900284720,DESM,DESM-300,2020,2021-06-06,10
284721,900284721,DESM,DESM-100,2015,2016-07-08,10
284722,900284722,DESM,DESM-200,2016,2017-10-03,10
284723,900284723,DESM,DESM-300,2018,2018-12-08,10
284724,900284724,DEHT,DEHT-100,2016,2016-07-28,10
284725,900284725,DEHT,DEHT-100,2022,2023-02-27,10
284726,900284726,DESM,DESM-300,2022,2022-06-22,10
284727,900284727,DESM,DESM-100,2009,2010-03-15,10
284728,900284728,DEHT,DEHT-300,2016,2017-02-02,10
284729,900284729,DESM,DESM-200,2017,2017-08-10,10
284730,900284730,DEHT,DEHT-100,2012,2013-07-18,10
284731,900284731,DEHT,DEHT-200,2023,2024-01-17,10
284732,900284732,DEHT,DEHT-100,2009,2010-01-24,10
284846,900284846,DESM,DESM-300,2020,2021-08-29,10
284847,900284847,DESM,DESM-300,2014,2015-01-03,10
284848,900284848,DEHT,DEHT-300,2011,2011-10-12,10
284849,900284849,DEHT,DEHT-300,2010,2011-05-19,10
284850,900284850,DEHT,DEHT-100,2020,2021-10-06,10
284853,900284853,DESM,DESM-300,2010,2010-03-15,10
284854,900284854,DESM,DESM-100,2015,2016-09-09,10
284855,900284855,DEHT,DEHT-100,2017,2018-10-17,10
284856,900284856,DEHT,DEHT-100,2022,2022-09-04,10
284857,900284857,DEHT,DEHT-300,2010,2010-07-07,10
284858,900284858,DEHT,DEHT-100,2011,2011-05-24,10
284861,900284861,DESM,DESM-300,2022,2022-08-24,10
284862,900284862,DESM,DESM-200,2019,2020-01-18,10
284863,900284863,DEHT,DEHT-200,2010,2011-10-16,10
284864,900284864,DEHT,DEHT-200,2019,2020-03-18,10
284865,900284865,DEHT,DEHT-300,2013,2014-01-07,10
284868,900284868,DESM,DESM-200,2019,2020-05-08,10
284869,900284869,DESM,DESM-200,2010,2011-05-26,10
284870,900284870,DEHT,DEHT-200,2009,2010-09-30,10
284871,900284871,DEHT,DEHT-200,2012,2013-06-05,10
284874,900284874,DESM,DESM-200,2011,2012-03-12,10
284875,900284875,DESM,DESM-300,2014,2014-12-19,10
284876,900284876,DEHT,DEHT-300,2011,2012-01-28,10
284877,900284877,DEHT,DEHT-300,2013,2013-12-02,10
284878,900284878,DEHT,DEHT-100,2013,2014-08-22,10
284881,900284881,DESM,DESM-300,2009,2009-07-14,10
284882,900284882,DESM,DESM-300,2022,2023-04-08,10
284883,900284883,DEHT,DEHT-200,2009,2010-09-05,10
284884,900284884,DEHT,DEHT-100,2021,2021-05-05,10
284885,900284885,DEHT,DEHT-300,2022,2023-01-06,10
284888,900284888,DESM,DESM-200,2008,2009-07-19,10
284889,900284889,DESM,DESM-200,2015,2015-10-20,10
284890,900284890,DEHT,DEHT-200,2012,2013-10-27,10
284891,900284891,DEHT,DEHT-200,2017,2018-09-06,10
284894,900284894,DESM,DESM-300,2020,2020-10-30,10
284895,900284895,DESM,DESM-200,2014,2015-06-27,10
284896,900284896,DEHT,DEHT-100,2021,2021-08-24,10
284897,900284897,DEHT,DEHT-300,2010,2011-01-02,10
284898,900284898,DEHT,DEHT-100,2010,2010-12-07,10
284901,900284901,DESM,DESM-100,2021,2022-09-19,10
284902,900284902,DESM,DESM-300,2013,2013-03-09,10
284903,900284903,DEHT,DEHT-100,2012,2013-06-03,10
284904,900284904,DEHT,DEHT-200,2019,2020-02-26,10
284907,900284907,DESM,DESM-100,2010,2010-11-08,10
284908,900284908,DESM,DESM-200,2021,2022-02-24,10
284912,900284912,DEHT,DEHT-300,2012,2012-11-24,10
284913,900284913,DEHT,DEHT-200,2021,2022-01-02,10
284914,900284914,DEHT,DEHT-200,2011,2012-06-05,10
284917,900284917,DEHT,DEHT-100,2023,2024-04-02,10
284918,900284918,DEHT,DEHT-300,2010,2010-06-19,10
284921,900284921,DEHT,DEHT-300,2016,2016-03-28,10
284922,900284922,DEHT,DEHT-300,2012,2012-10-29,10
284923,900284923,DEHT,DEHT-100,2012,2013-04-02,10
284927,900284927,DEHT,DEHT-100,2023,2024-06-17,10
284928,900284928,DEHT,DEHT-100,2009,2009-11-15,10
285795,900285795,DEDR,DEDR-300,2010,2010-02-28,15
285796,900285796,ELUP,ELUP-100,2018,2018-10-13,8
285797,900285797,DEDR,DEDR-300,2014,2014-10-31,15
285798,900285798,DEGL,DEGL-200,2013,2013-08-02,10
285799,900285799,DEMO,DEMO-200,2010,2010-08-22,10
285800,900285800,DEDR,DEDR-100,2008,2009-06-27,15
285809,900285809,DEDR,DEDR-100,2013,2014-05-14,15
285810,900285810,DEMO,DEMO-200,2012,2013-01-13,10
285811,900285811,DEDR,DEDR-100,2018,2019-02-12,15
285812,900285812,DEDR,DEDR-100,2012,2012-07-31,15
285813,900285813,DEGL,DEGL-200,2020,2020-10-04,10
285814,900285814,DEMO,DEMO-200,2020,2020-09-05,10
285823,900285823,DEDR,DEDR-100,2013,2014-02-14,15
285824,900285824,DEDR,DEDR-300,2021,2022-10-29,15
285825,900285825,ELUP,ELUP-200,2023,2023-07-08,8
285826,900285826,DEDR,DEDR-200,2022,2023-02-04,15
285827,900285827,DEGL,DEGL-200,2022,2023-07-03,10
285828,900285828,DEMO,DEMO-300,2018,2018-10-17,10
285837,900285837,DEDR,DEDR-200,2015,2015-11-26,15
285838,900285838,DEDR,DEDR-100,2014,2014-12-19,15
285839,900285839,DEGL,DEGL-200,2015,2015-11-19,10
285840,900285840,DEMO,DEMO-300,2009,2009-09-27,10
285842,900285842,DEDR,DEDR-200,2010,2010-10-19,15
285843,900285843,DEMO,DEMO-100,2015,2016-09-18,10
285852,900285852,DEDR,DEDR-200,2010,2011-02-18,15
285853,900285853,DEGL,DEGL-300,2008,2008-04-10,10
285854,900285854,DEMO,DEMO-200,2008,2008-10-27,10
285855,900285855,DEDR,DEDR-300,2011,2011-08-17,15
285856,900285856,DEGL,DEGL-300,2018,2019-05-30,10
285857,900285857,DEMO,DEMO-200,2013,2013-10-17,10
285866,900285866,DEDR,DEDR-200,2020,2021-01-16,15
285867,900285867,DEMO,DEMO-200,2011,2012-03-31,10
285868,900285868,DEDR,DEDR-200,2013,2013-09-11,15
285869,900285869,DEGL,DEGL-200,2016,2016-06-21,10
285870,900285870,DEMO,DEMO-200,2017,2017-03-09,10
285879,900285879,SWUR,SWUR-100,2009,2010-10-20,12
285885,900285885,SWUR,SWUR-200,2011,2012-02-11,12
285891,900285891,SWUR,SWUR-300,2012,2013-04-18,12
285897,900285897,SWUR,SWUR-200,2018,2018-12-11,12
285903,900285903,SWUR,SWUR-100,2020,2021-09-06,12
285909,900285909,SWUR,SWUR-200,2022,2022-09-08,12
285915,900285915,SWUR,SWUR-300,2010,2011-02-04,12
285921,900285921,SWUR,SWUR-200,2013,2014-07-09,12
285927,900285927,SWUR,SWUR-100,2012,2013-05-18,12
285933,900285933,SWUR,SWUR-200,2022,2022-12-29,12
285939,900285939,SWUR,SWUR-200,2019,2019-11-05,12
285945,900285945,SWUR,SWUR-200,2023,2023-10-07,12
285951,900285951,SWUR,SWUR-100,2015,2015-06-17,12
285957,900285957,SWUR,SWUR-100,2018,2018-10-05,12
285963,900285963,SWUR,SWUR-200,2021,2021-11-23,12
285969,900285969,SWUR,SWUR-300,2019,2019-08-14,12
285975,900285975,SWUR,SWUR-200,2023,2023-10-31,12
285981,900285981,SWUR,SWUR-300,2022,2022-11-22,12
285987,900285987,SWUR,SWUR-100,2017,2018-06-02,12
285993,900285993,SWUR,SWUR-200,2018,2019-08-06,12
285999,900285999,SWUR,SWUR-100,2014,2014-06-22,12
286005,900286005,SWUR,SWUR-300,2013,2014-04-27,12
286011,900286011,SWUR,SWUR-100,2012,2012-10-03,12
286017,900286017,SWUR,SWUR-300,2018,2018-12-21,12
286023,900286023,SWUR,SWUR-100,2019,2020-05-31,12
286029,900286029,SWUR,SWUR-300,2020,2020-12-17,12
286035,900286035,SWUR,SWUR-100,2018,2018-03-08,12
286041,900286041,SWUR,SWUR-200,2011,2011-07-18,12
286047,900286047,SWUR,SWUR-300,2012,2013-10-27,12
286053,900286053,SWUR,SWUR-200,2020,2021-04-19,12
286059,900286059,SWUR,SWUR-200,2023,2023-04-12,12
286065,900286065,SWUR,SWUR-100,2010,2010-09-26,12
286071,900286071,SWUR,SWUR-200,2018,2019-03-28,12
286077,900286077,SWUR,SWUR-100,2022,2022-09-08,12
286083,900286083,SWUR,SWUR-300,2019,2019-03-17,12
286089,900286089,SWUR,SWUR-200,2009,2010-03-19,12
286095,900286095,SWUR,SWUR-300,2017,2018-04-28,12
286101,900286101,SWUR,SWUR-300,2013,2013-09-09,12
286107,900286107,SWUR,SWUR-300,2014,2014-12-23,12
286113,900286113,SWUR,SWUR-200,2015,2016-06-11,12
286119,900286119,SWUR,SWUR-100,2022,2022-08-14,12
286125,900286125,SWUR,SWUR-100,2012,2012-03-24,12
286131,900286131,SWUR,SWUR-300,2011,2011-08-13,12
286137,900286137,SWUR,SWUR-200,2018,2019-10-01,12
286143,900286143,SWUR,SWUR-100,2016,2016-04-17,12
286149,900286149,SWUR,SWUR-200,2017,2018-01-03,12
286155,900286155,SWUR,SWUR-300,2008,2008-12-08,12
286161,900286161,SWUR,SWUR-300,2016,2016-11-23,12
286167,900286167,SWUR,SWUR-300,2018,2019-04-22,12
286173,900286173,SWUR,SWUR-300,2010,2010-12-09,12
286179,900286179,SWUR,SWUR-200,2017,2018-03-03,12
286185,900286185,SWUR,SWUR-100,2022,2022-08-19,12
286191,900286191,SWUR,SWUR-200,2010,2010-08-11,12
286197,900286197,SWUR,SWUR-100,2012,2012-06-13,12
286203,900286203,SWUR,SWUR-200,2012,2012-06-09,12
286209,900286209,SWUR,SWUR-300,2009,2009-08-02,12
286215,900286215,SWUR,SWUR-300,2010,2011-04-20,12
286221,900286221,SWUR,SWUR-300,2008,2008-09-25,12
286227,900286227,SWUR,SWUR-300,2012,2013-01-18,12
286233,900286233,SWUR,SWUR-300,2014,2015-10-25,12
286239,900286239,SWUR,SWUR-300,2021,2021-10-28,12
286245,900286245,SWUR,SWUR-300,2020,2020-08-13,12
286251,900286251,SWUR,SWUR-300,2009,2010-04-10,12
286257,900286257,SWUR,SWUR-200,2017,2018-03-28,12
286263,900286263,SWUR,SWUR-200,2021,2021-07-30,12
286269,900286269,SWUR,SWUR-300,2014,2014-06-22,12
286275,900286275,SWUR,SWUR-200,2012,2013-11-30,12
286281,900286281,SWUR,SWUR-200,2010,2011-05-19,12
286287,900286287,SWUR,SWUR-300,2017,2018-06-02,12
286293,900286293,SWUR,SWUR-200,2008,2008-06-26,12
286299,900286299,SWUR,SWUR-200,2013,2013-12-12,12
286305,900286305,SWUR,SWUR-200,2020,2020-09-28,12
286311,900286311,SWUR,SWUR-100,2011,2011-09-26,12
286317,900286317,SWUR,SWUR-100,2018,2019-02-17,12
286323,900286323,SWUR,SWUR-300,2019,2019-09-20,12
286329,900286329,SWUR,SWUR-200,2023,2023-08-14,12
286335,900286335,SWUR,SWUR-100,2010,2010-12-14,12
286341,900286341,SWUR,SWUR-100,2020,2020-11-29,12
286347,900286347,SWUR,SWUR-100,2014,2015-11-23,12
286353,900286353,SWUR,SWUR-100,2011,2012-01-15,12
286359,900286359,SWUR,SWUR-300,2010,2010-09-12,12
286365,900286365,SWUR,SWUR-300,2008,2009-02-09,12
286371,900286371,SWUR,SWUR-300,2013,2013-04-22,12
286377,900286377,SWUR,SWUR-200,2010,2010-03-23,12
286383,900286383,SWUR,SWUR-100,2009,2009-12-22,12
286389,900286389,SWUR,SWUR-300,2013,2014-04-29,12
286395,900286395,SWUR,SWUR-300,2010,2011-05-23,12
286401,900286401,SWUR,SWUR-200,2020,2020-07-23,12
286407,900286407,SWUR,SWUR-200,2013,2013-07-03,12
286413,900286413,SWUR,SWUR-300,2011,2011-11-04,12
286419,900286419,SWUR,SWUR-200,2008,2008-08-20,12
286425,900286425,SWUR,SWUR-100,2017,2017-12-14,12
286431,900286431,SWUR,SWUR-300,2012,2013-08-06,12
286437,900286437,SWUR,SWUR-200,2009,2009-11-14,12
286443,900286443,SWUR,SWUR-100,2018,2018-08-24,12
286449,900286449,SWUR,SWUR-100,2022,2023-06-18,12
286455,900286455,SWUR,SWUR-200,2010,2010-12-31,12
286461,900286461,SWUR,SWUR-300,2014,2014-09-23,12
286467,900286467,SWUR,SWUR-200,2013,2014-09-27,12
286473,900286473,SWUR,SWUR-100,2015,2015-07-03,12
286479,900286479,SWUR,SWUR-200,2009,2010-07-28,12
286485,900286485,SWUR,SWUR-200,2019,2019-10-28,12
286491,900286491,SWUR,SWUR-300,2014,2015-03-07,12
286497,900286497,SWUR,SWUR-300,2020,2020-11-20,12
286503,900286503,SWUR,SWUR-100,2021,2021-11-22,12
286509,900286509,SWUR,SWUR-200,2013,2014-04-03,12
286515,900286515,SWUR,SWUR-200,2011,2011-12-10,12
286521,900286521,SWUR,SWUR-200,2023,2023-08-10,12
286527,900286527,SWUR,SWUR-300,2018,2019-04-22,12
286533,900286533,SWUR,SWUR-200,2018,2018-12-15,12
286539,900286539,SWUR,SWUR-200,2016,2017-06-16,12
286545,900286545,SWUR,SWUR-200,2011,2012-06-13,12
286551,900286551,SWUR,SWUR-300,2008,2008-10-19,12
286557,900286557,SWUR,SWUR-300,2008,2009-04-12,12
286563,900286563,SWUR,SWUR-100,2021,2021-11-24,12
286569,900286569,SWUR,SWUR-100,2022,2022-12-23,12
286575,900286575,SWUR,SWUR-300,2022,2022-12-08,12
286581,900286581,SWUR,SWUR-200,2017,2018-03-19,12
286587,900286587,SWUR,SWUR-300,2010,2010-08-16,12
286663,900286663,DESM,DESM-300,2015,2015-09-02,10
286664,900286664,DESM,DESM-200,2010,2011-01-11,10
286665,900286665,DEMC,DEMC-200,2018,2019-04-13,10
286666,900286666,DESM,DESM-100,2012,2013-05-27,10
286667,900286667,DESM,DESM-100,2021,2021-09-04,10
286668,900286668,DESM,DESM-300,2008,2008-03-10,10
286669,900286669,DESM,DESM-200,2011,2011-12-16,10
286670,900286670,DESM,DESM-300,2016,2017-01-08,10
286671,900286671,DESM,DESM-300,2023,2024-05-20,10
286672,900286672,DESM,DESM-300,2012,2013-02-24,10
286673,900286673,DESM,DESM-100,2017,2018-02-15,10
286674,900286674,DESM,DESM-100,2021,2022-03-25,10
286675,900286675,DESM,DESM-200,2008,2009-05-26,10
286676,900286676,DEMC,DEMC-100,2014,2015-04-28,10
286677,900286677,DESM,DESM-300,2016,2017-05-27,10
286678,900286678,DESM,DESM-200,2008,2008-12-03,10
286679,900286679,DESM,DESM-200,2018,2018-04-22,10
286680,900286680,DESM,DESM-100,2021,2022-01-25,10
286681,900286681,DESM,DESM-100,2013,2014-04-16,10
286682,900286682,DESM,DESM-200,2012,2012-12-19,10
286683,900286683,DESM,DESM-200,2012,2012-11-16,10
286684,900286684,DESM,DESM-300,2013,2013-10-09,10
286685,900286685,DESM,DESM-300,2010,2011-01-06,10
286686,900286686,DESM,DESM-200,2021,2021-10-13,10
286687,900286687,DESM,DESM-300,2019,2020-06-25,10
286688,900286688,DESM,DESM-100,2013,2013-04-18,10
286689,900286689,DESM,DESM-100,2016,2017-03-06,10
286690,900286690,DESM,DESM-100,2013,2013-03-27,10
286691,900286691,DESM,DESM-300,2011,2012-03-23,10
286692,900286692,DESM,DESM-300,2008,2008-10-01,10
286693,900286693,DEMC,DEMC-100,2018,2018-08-26,10
286694,900286694,DESM,DESM-200,2012,2012-06-27,10
286695,900286695,DESM,DESM-300,2019,2019-10-24,10
286696,900286696,DESM,DESM-300,2012,2013-02-28,10
286697,900286697,DESM,DESM-200,2018,2018-04-26,10
286698,900286698,DESM,DESM-200,2016,2017-02-27,10
286699,900286699,DESM,DESM-200,2018,2018-10-17,10
286805,900286805,SWSC,SWSC-100,2008,2009-03-21,10
286806,900286806,SWSC,SWSC-300,2022,2022-10-24,10
286808,900286808,DEMO,DEMO-100,2015,2015-09-26,10
286809,900286809,DEDR,DEDR-100,2022,2023-04-29,15
286810,900286810,DETM,DETM-100,2014,2014-08-21,10
286811,900286811,DEDR,DEDR-100,2021,2021-12-05,15
286812,900286812,DETM,DETM-100,2012,2013-03-12,10
286813,900286813,DEMO,DEMO-200,2012,2013-05-10,10
286814,900286814,DEMO,DEMO-100,2017,2018-07-25,10
286815,900286815,SWAV,SWAV-100,2014,2015-03-21,15
286816,900286816,DEDR,DEDR-300,2008,2009-01-07,15
286817,900286817,DEDR,DEDR-100,2015,2015-11-20,15
286818,900286818,DETM,DETM-200,2023,2024-04-25,10
286819,900286819,DEMO,DEMO-200,2018,2019-05-22,10
286820,900286820,DEDR,DEDR-100,2010,2011-02-23,15
286821,900286821,DETM,DETM-200,2020,2020-11-15,10
286822,900286822,DEMO,DEMO-300,2019,2020-05-10,10
286823,900286823,SWAV,SWAV-100,2010,2010-09-09,15
286824,900286824,DEDR,DEDR-300,2022,2022-04-11,15
286825,900286825,DETM,DETM-300,2013,2013-08-29,10
286826,900286826,DEMO,DEMO-200,2015,2015-12-25,10
286827,900286827,DEDR,DEDR-100,2020,2020-09-08,15
286828,900286828,DETM,DETM-200,2020,2021-05-02,10
286829,900286829,DEMO,DEMO-200,2023,2023-10-11,10
286830,900286830,DETM,DETM-300,2013,2014-04-06,10
286831,900286831,DEMO,DEMO-300,2011,2012-05-30,10
286832,900286832,DEDR,DEDR-200,2019,2019-05-13,15
286833,900286833,DETM,DETM-300,2013,2013-05-04,10
286834,900286834,DEMO,DEMO-100,2010,2011-08-26,10
286835,900286835,SWAV,SWAV-100,2018,2018-08-05,15
286836,900286836,DEFL,DEFL-300,2015,2015-10-03,10
286837,900286837,DEMO,DEMO-200,2008,2009-09-17,10
286838,900286838,DEDR,DEDR-100,2019,2019-09-08,15
286839,900286839,DETM,DETM-200,2015,2015-10-31,10
286840,900286840,DEMO,DEMO-200,2020,2020-06-18,10
286841,900286841,DEDR,DEDR-300,2023,2024-01-24,15
286842,900286842,SWAV,SWAV-100,2019,2020-06-16,15
286843,900286843,DETM,DETM-100,2012,2013-04-21,10
286844,900286844,DEMO,DEMO-300,2016,2017-01-05,10
286845,900286845,DEDR,DEDR-300,2023,2024-04-14,15
286846,900286846,DETM,DETM-200,2021,2021-12-05,10
286847,900286847,DEMO,DEMO-100,2008,2009-02-19,10
286848,900286848,SWAV,SWAV-200,2012,2012-11-25,15
286849,900286849,DEFL,DEFL-300,2018,2018-05-14,10
286850,900286850,DEMO,DEMO-200,2021,2022-01-03,10
286851,900286851,DEDR,DEDR-100,2022,2022-08-25,15
286852,900286852,DETM,DETM-300,2011,2012-04-26,10
286853,900286853,DEMO,DEMO-200,2009,2010-06-21,10
286854,900286854,DEDR,DEDR-200,2008,2008-10-16,15
286855,900286855,SWAV,SWAV-100,2014,2015-03-10,15
286856,900286856,DEDR,DEDR-200,2015,2015-10-10,15
286857,900286857,DETM,DETM-100,2013,2014-06-07,10
286858,900286858,DEMO,DEMO-200,2015,2015-11-12,10
286859,900286859,DEDR,DEDR-300,2014,2014-04-20,15
286860,900286860,DETM,DETM-100,2009,2010-10-25,10
286861,900286861,DEMO,DEMO-300,2022,2022-08-09,10
286862,900286862,DEDR,DEDR-200,2016,2016-11-09,15
286863,900286863,SWAV,SWAV-200,2011,2012-05-28,15
286864,900286864,DETM,DETM-100,2015,2015-06-28,10
286865,900286865,DEMO,DEMO-200,2019,2020-01-09,10
286866,900286866,DEDR,DEDR-100,2015,2015-12-04,15
286867,900286867,DETM,DETM-200,2022,2023-02-23,10
286868,900286868,DEMO,DEMO-200,2011,2012-03-06,10
286869,900286869,DEDR,DEDR-200,2023,2024-02-09,15
286870,900286870,SWAV,SWAV-100,2010,2010-12-19,15
286871,900286871,DETM,DETM-100,2009,2010-04-11,10
286872,900286872,DEMO,DEMO-100,2015,2015-10-25,10
286873,900286873,DEDR,DEDR-300,2010,2010-12-12,15
286874,900286874,DEDR,DEDR-300,2011,2011-09-06,15
286875,900286875,ELUP,ELUP-200,2020,2020-07-17,8
286877,900286877,DETM,DETM-300,2014,2014-08-01,10
286878,900286878,DEDR,DEDR-100,2019,2020-09-12,15
286879,900286879,DEDR,DEDR-200,2020,2020-07-30,15
286880,900286880,SWAV,SWAV-300,2009,2010-09-29,15
286881,900286881,DEMO,DEMO-100,2016,2016-10-17,10
286882,900286882,DETM,DETM-300,2022,2022-11-15,10
286883,900286883,DEFL,DEFL-100,2015,2016-07-07,10
286884,900286884,DETM,DETM-100,2023,2024-04-19,10
286885,900286885,DEMO,DEMO-200,2022,2023-07-07,10
286886,900286886,DEDR,DEDR-200,2009,2009-08-12,15
286887,900286887,SWAV,SWAV-100,2017,2017-04-27,15
286888,900286888,DEMO,DEMO-100,2016,2017-07-01,10
286889,900286889,DEDR,DEDR-300,2013,2014-07-06,15
286890,900286890,DETM,DETM-200,2015,2016-10-10,10
286891,900286891,DEMO,DEMO-100,2014,2014-05-23,10
286892,900286892,DEDR,DEDR-300,2018,2018-09-18,15
286893,900286893,DETM,DETM-100,2018,2018-07-24,10
286894,900286894,DEMO,DEMO-200,2009,2009-05-19,10
286895,900286895,DEDR,DEDR-200,2023,2024-06-26,15
286896,900286896,SWAV,SWAV-300,2016,2016-09-11,15
286897,900286897,DEDR,DEDR-200,2016,2016-08-09,15
286898,900286898,DETM,DETM-300,2019,2020-06-11,10
286899,900286899,DEMO,DEMO-300,2018,2019-03-18,10
286900,900286900,DEDR,DEDR-200,2014,2015-01-18,15
286901,900286901,DETM,DETM-300,2023,2023-09-25,10
286902,900286902,DEMO,DEMO-100,2023,2024-04-27,10
286903,900286903,DETM,DETM-100,2016,2017-04-18,10
286904,900286904,DEMO,DEMO-300,2023,2023-03-27,10
286905,900286905,DEDR,DEDR-100,2022,2023-05-03,15
286906,900286906,DEDR,DEDR-200,2008,2009-01-01,15
286907,900286907,DETM,DETM-200,2017,2017-09-08,10
286908,900286908,DEMO,DEMO-300,2009,2010-06-18,10
286909,900286909,DEDR,DEDR-100,2020,2021-04-07,15
286910,900286910,SWAV,SWAV-100,2008,2009-03-30,15
286911,900286911,DEDR,DEDR-300,2014,2015-01-27,15
286912,900286912,DETM,DETM-200,2009,2010-03-14,10
286913,900286913,DEMO,DEMO-200,2010,2010-11-01,10
286914,900286914,DETM,DETM-200,2023,2023-11-29,10
286915,900286915,DEMO,DEMO-200,2011,2012-09-17,10
286917,900286917,DETM,DETM-300,2009,2009-11-25,10
286918,900286918,DEMO,DEMO-200,2009,2009-12-31,10
286919,900286919,DEDR,DEDR-300,2014,2014-11-20,15
286920,900286920,DETM,DETM-100,2019,2020-01-28,10
286921,900286921,DEMO,DEMO-100,2011,2011-04-11,10
286922,900286922,DEDR,DEDR-100,2023,2024-02-25,15
286923,900286923,DEDR,DEDR-300,2016,2016-04-23,15
286924,900286924,DETM,DETM-100,2021,2021-06-25,10
286925,900286925,DEMO,DEMO-200,2021,2022-01-04,10
286926,900286926,DETM,DETM-200,2019,2020-04-03,10
286927,900286927,DEMO,DEMO-300,2017,2018-02-12,10
286928,900286928,DEDR,DEDR-100,2018,2018-11-28,15
286929,900286929,DETM,DETM-100,2017,2017-11-07,10
286930,900286930,DEMO,DEMO-300,2014,2015-12-01,10
286931,900286931,DEDR,DEDR-300,2010,2011-01-07,15
286932,900286932,DETM,DETM-100,2022,2022-12-11,10
286933,900286933,DEMO,DEMO-100,2017,2017-07-25,10
286934,900286934,DEDR,DEDR-300,2017,2018-04-15,15
286935,900286935,SWAV,SWAV-100,2011,2012-03-06,15
286936,900286936,DEFL,DEFL-100,2016,2016-12-26,10
286937,900286937,DETM,DETM-300,2011,2011-12-25,10
286938,900286938,DEMO,DEMO-300,2019,2020-01-07,10
286939,900286939,SWAV,SWAV-100,2013,2013-08-26,15
286940,900286940,DEDR,DEDR-100,2019,2019-11-27,15
286941,900286941,ELUP,ELUP-200,2013,2013-05-18,8
286942,900286942,DEDR,DEDR-100,2022,2022-10-04,15
286943,900286943,DEDR,DEDR-300,2016,2016-05-25,15
286944,900286944,ELUP,ELUP-300,2009,2010-03-26,8
286945,900286945,DETM,DETM-200,2015,2015-12-15,10
286946,900286946,DEDR,DEDR-100,2021,2022-08-28,15
286947,900286947,DETM,DETM-300,2014,2014-10-07,10
286948,900286948,DETM,DETM-300,2009,2009-08-05,10
286949,900286949,DEMO,DEMO-300,2011,2012-05-24,10
286950,900286950,DETM,DETM-100,2009,2009-09-14,10
286951,900286951,DEMO,DEMO-300,2010,2011-04-01,10
286952,900286952,DEDR,DEDR-200,2020,2021-06-15,15
286953,900286953,DETM,DETM-100,2012,2012-11-30,10
286954,900286954,DEMO,DEMO-100,2017,2017-10-13,10
286955,900286955,DETM,DETM-100,2009,2010-06-02,10
286956,900286956,DEMO,DEMO-200,2013,2013-07-07,10
286957,900286957,DEDR,DEDR-200,2011,2011-12-17,15
286958,900286958,DEHA,DEHA-300,2011,2012-05-27,15
286959,900286959,DETM,DETM-100,2017,2018-04-03,10
286960,900286960,DEMO,DEMO-100,2017,2017-07-14,10
286961,900286961,DETM,DETM-100,2019,2019-12-20,10
286962,900286962,DEMO,DEMO-200,2009,2010-10-16,10
286963,900286963,DEDR,DEDR-200,2020,2020-08-03,15
286964,900286964,SWAV,SWAV-100,2016,2017-02-10,15
286967,900286967,DEDR,DEDR-100,2022,2023-11-07,15
286968,900286968,DETM,DETM-100,2019,2020-05-24,10
286969,900286969,DEMO,DEMO-300,2016,2017-09-16,10
286970,900286970,DEDR,DEDR-100,2011,2012-07-11,15
286971,900286971,DEDR,DEDR-200,2014,2014-11-23,15
286972,900286972,DETM,DETM-200,2016,2016-08-15,10
286973,900286973,DEMO,DEMO-300,2018,2018-06-30,10
286974,900286974,DEDR,DEDR-200,2018,2018-04-25,15
286975,900286975,DETM,DETM-100,2012,2012-12-01,10
286976,900286976,DEMO,DEMO-200,2009,2010-05-13,10
286977,900286977,DETM,DETM-100,2022,2022-05-12,10
286978,900286978,DEMO,DEMO-300,2023,2023-06-27,10
286979,900286979,DEDR,DEDR-200,2011,2011-06-21,15
286980,900286980,SWAV,SWAV-300,2010,2011-01-01,15
286981,900286981,DEDR,DEDR-100,2008,2008-09-25,15
286982,900286982,DETM,DETM-200,2009,2010-09-04,10
286983,900286983,DEMO,DEMO-200,2013,2013-06-03,10
286984,900286984,DEDR,DEDR-300,2023,2023-09-02,15
286985,900286985,DETM,DETM-100,2015,2015-09-07,10
286986,900286986,DEMO,DEMO-100,2008,2008-05-17,10
286987,900286987,DEDR,DEDR-100,2009,2009-04-23,15
286988,900286988,SWAV,SWAV-200,2015,2015-05-13,15
286989,900286989,DETM,DETM-200,2009,2009-10-14,10
286990,900286990,DEMO,DEMO-200,2023,2023-03-13,10
286991,900286991,DEDR,DEDR-200,2008,2009-03-01,15
286992,900286992,DETM,DETM-100,2023,2024-01-01,10
286993,900286993,DEMO,DEMO-100,2019,2019-12-29,10
286994,900286994,DEDR,DEDR-100,2008,2009-06-30,15
286995,900286995,SWAV,SWAV-100,2018,2019-03-01,15
286996,900286996,DEDR,DEDR-200,2019,2020-07-09,15
286997,900286997,DETM,DETM-100,2016,2017-02-26,10
286998,900286998,DEMO,DEMO-200,2019,2020-03-19,10
286999,900286999,DEDR,DEDR-200,2023,2023-05-04,15
287000,900287000,DEDR,DEDR-300,2008,2009-01-22,15
287001,900287001,ELUP,ELUP-100,2017,2018-01-04,8
287002,900287002,DETM,DETM-300,2013,2013-11-02,10
287003,900287003,DEFL,DEFL-100,2015,2015-11-27,10
287005,900287005,DETM,DETM-100,2009,2010-05-21,10
287006,900287006,DEMO,DEMO-300,2017,2017-12-12,10
287007,900287007,DEDR,DEDR-200,2018,2019-04-11,15
287008,900287008,SWAV,SWAV-100,2021,2022-07-26,15
287009,900287009,DEDR,DEDR-200,2020,2020-06-10,15
287010,900287010,DEDR,DEDR-200,2011,2011-11-16,15
287011,900287011,DETM,DETM-200,2016,2017-04-19,10
287012,900287012,DEMO,DEMO-200,2010,2010-10-29,10
287013,900287013,DEDR,DEDR-300,2009,2009-10-18,15
287015,900287015,DEMO,DEMO-300,2010,2010-07-17,10
287016,900287016,DETM,DETM-200,2017,2018-02-08,10
287017,900287017,DEMO,DEMO-200,2023,2023-11-12,10
287018,900287018,DEDR,DEDR-200,2019,2020-02-11,15
287019,900287019,DEDR,DEDR-100,2020,2021-09-23,15
287020,900287020,DETM,DETM-200,2011,2011-11-28,10
287021,900287021,DEMO,DEMO-100,2008,2008-12-23,10
287022,900287022,DEDR,DEDR-100,2012,2012-10-27,15
287023,900287023,SWAV,SWAV-100,2021,2021-09-02,15
287024,900287024,DEFL,DEFL-300,2008,2008-07-27,10
287025,900287025,DETM,DETM-100,2022,2023-01-16,10
287026,900287026,DETM,DETM-300,2022,2023-09-27,10
287027,900287027,DEMO,DEMO-300,2020,2020-12-20,10
287028,900287028,DEDR,DEDR-100,2016,2017-01-19,15
287029,900287029,DETM,DETM-200,2020,2021-09-24,10
287030,900287030,DEMO,DEMO-300,2018,2019-02-07,10
287031,900287031,DEDR,DEDR-200,2022,2023-11-14,15
287032,900287032,DEMO,DEMO-200,2021,2022-05-18,10
287065,900287065,DESM,DESM-200,2011,2012-08-07,10
287066,900287066,DESM,DESM-300,2018,2018-11-09,10
287067,900287067,DESM,DESM-200,2019,2020-01-22,10
287068,900287068,DESM,DESM-200,2019,2020-02-07,10
287069,900287069,DESM,DESM-100,2012,2013-02-04,10
287070,900287070,DESM,DESM-100,2010,2010-04-11,10
287071,900287071,DESM,DESM-100,2008,2009-07-31,10
287072,900287072,DESM,DESM-300,2021,2021-07-06,10
287073,900287073,DESM,DESM-200,2017,2018-08-29,10
287074,900287074,DESM,DESM-200,2023,2024-07-26,10
287075,900287075,DESM,DESM-300,2019,2019-11-18,10
287076,900287076,DESM,DESM-300,2019,2019-04-04,10
287077,900287077,DESM,DESM-300,2023,2023-10-14,10
287078,900287078,DESM,DESM-300,2023,2024-03-27,10
287079,900287079,DESM,DESM-300,2009,2009-07-16,10
287080,900287080,DESM,DESM-200,2021,2022-02-27,10
287081,900287081,DESM,DESM-100,2019,2019-12-12,10
287082,900287082,DESM,DESM-300,2017,2018-04-15,10
287083,900287083,DESM,DESM-200,2008,2009-05-26,10
287084,900287084,DESM,DESM-200,2015,2015-03-06,10
287085,900287085,DESM,DESM-300,2016,2016-03-08,10
287086,900287086,DESM,DESM-200,2010,2011-03-14,10
287087,900287087,DESM,DESM-300,2013,2013-12-01,10
287088,900287088,DESM,DESM-300,2021,2021-11-09,10
287089,900287089,DESM,DESM-100,2009,2009-07-04,10
287090,900287090,DESM,DESM-100,2016,2017-02-03,10
287091,900287091,DESM,DESM-100,2014,2014-10-02,10
287092,900287092,DESM,DESM-300,2023,2024-03-29,10
287093,900287093,DESM,DESM-300,2012,2013-05-21,10
287094,900287094,DESM,DESM-300,2008,2008-09-04,10
287095,900287095,DESM,DESM-200,2022,2023-06-28,10
287096,900287096,DESM,DESM-100,2018,2019-04-21,10
287097,900287097,DESM,DESM-100,2016,2016-09-18,10
287098,900287098,DESM,DESM-100,2015,2016-02-27,10
287099,900287099,DESM,DESM-200,2017,2017-10-01,10
287100,900287100,DESM,DESM-100,2016,2016-10-28,10
287101,900287101,DESM,DESM-200,2012,2012-12-29,10
287102,900287102,DESM,DESM-200,2011,2012-01-29,10
287103,900287103,DESM,DESM-200,2020,2020-11-17,10
287104,900287104,DESM,DESM-300,2010,2010-05-21,10
287105,900287105,DESM,DESM-100,2014,2015-01-04,10
287106,900287106,DESM,DESM-100,2013,2014-06-09,10
287107,900287107,DESM,DESM-200,2023,2023-10-28,10
287108,900287108,DESM,DESM-300,2011,2011-10-29,10
287109,900287109,DESM,DESM-300,2021,2022-02-03,10
287110,900287110,DESM,DESM-100,2014,2015-03-10,10
287111,900287111,DESM,DESM-200,2022,2023-05-19,10
287112,900287112,DESM,DESM-300,2014,2015-05-21,10
287113,900287113,DESM,DESM-100,2022,2022-08-26,10
287114,900287114,DESM,DESM-100,2023,2024-07-15,10
287115,900287115,DESM,DESM-200,2017,2018-02-22,10
287116,900287116,DESM,DESM-300,2013,2013-12-01,10
287117,900287117,DESM,DESM-100,2016,2016-12-24,10
287118,900287118,DESM,DESM-300,2018,2018-11-30,10
287119,900287119,DESM,DESM-200,2012,2012-03-25,10
287120,900287120,DESM,DESM-100,2015,2016-06-29,10
287121,900287121,DESM,DESM-100,2015,2016-01-25,10
287122,900287122,DESM,DESM-100,2017,2017-07-04,10
287123,900287123,DESM,DESM-100,2023,2023-09-03,10
287124,900287124,DESM,DESM-300,2023,2024-07-14,10
287125,900287125,DESM,DESM-100,2018,2019-06-28,10
287126,900287126,DESM,DESM-100,2010,2011-06-20,10
287127,900287127,DESM,DESM-200,2015,2016-07-14,10
287128,900287128,DESM,DESM-200,2012,2012-06-14,10
287129,900287129,DESM,DESM-100,2012,2012-06-29,10
287130,900287130,DESM,DESM-300,2023,2023-10-14,10
287131,900287131,DESM,DESM-300,2021,2022-04-13,10
287132,900287132,DESM,DESM-300,2008,2009-11-28,10
287135,900287135,DESM,DESM-100,2016,2017-08-19,10
287136,900287136,DESM,DESM-100,2018,2019-05-06,10
287137,900287137,DESM,DESM-200,2018,2018-05-24,10
287138,900287138,DESM,DESM-300,2015,2015-10-13,10
287139,900287139,DESM,DESM-300,2018,2018-12-12,10
287140,900287140,DESM,DESM-300,2013,2013-12-10,10
287141,900287141,DESM,DESM-200,2016,2017-02-18,10
287142,900287142,DESM,DESM-100,2017,2018-02-21,10
287143,900287143,DESM,DESM-100,2011,2012-08-18,10
287144,900287144,DESM,DESM-100,2015,2015-11-10,10
287145,900287145,DESM,DESM-300,2012,2013-01-24,10
287146,900287146,DESM,DESM-300,2021,2022-04-12,10
287147,900287147,DESM,DESM-300,2011,2011-02-16,10
287148,900287148,DESM,DESM-300,2008,2008-05-25,10
287149,900287149,DESM,DESM-100,2020,2020-10-29,10
287150,900287150,DESM,DESM-300,2016,2017-07-28,10
287151,900287151,DESM,DESM-300,2012,2012-08-21,10
287152,900287152,DESM,DESM-300,2012,2013-01-16,10
287153,900287153,DESM,DESM-100,2015,2016-02-04,10
287154,900287154,DESM,DESM-100,2014,2014-10-01,10
287155,900287155,DESM,DESM-100,2014,2015-02-26,10
287156,900287156,DESM,DESM-300,2023,2023-06-04,10
287157,900287157,DESM,DESM-200,2015,2016-04-07,10
287158,900287158,DESM,DESM-200,2023,2023-11-21,10
287159,900287159,DESM,DESM-200,2015,2016-08-03,10
287160,900287160,DESM,DESM-200,2019,2020-01-12,10
287161,900287161,DESM,DESM-300,2015,2015-04-05,10
287162,900287162,DESM,DESM-200,2014,2014-09-14,10
287163,900287163,DESM,DESM-300,2010,2011-08-01,10
287164,900287164,DESM,DESM-100,2010,2011-04-28,10
287165,900287165,DESM,DESM-300,2023,2023-06-03,10
287166,900287166,DESM,DESM-300,2015,2015-11-11,10
287167,900287167,DESM,DESM-300,2021,2022-02-03,10
287168,900287168,DESM,DESM-100,2011,2012-03-25,10
287169,900287169,DESM,DESM-100,2008,2008-12-20,10
287170,900287170,DESM,DESM-100,2021,2022-06-18,10
287171,900287171,DESM,DESM-300,2020,2021-02-05,10
287172,900287172,DESM,DESM-100,2010,2010-10-12,10
287173,900287173,DESM,DESM-300,2008,2009-07-26,10
287174,900287174,DESM,DESM-100,2018,2019-03-29,10
287175,900287175,DESM,DESM-200,2012,2012-10-27,10
287176,900287176,DESM,DESM-100,2010,2010-12-06,10
287177,900287177,DESM,DESM-100,2012,2013-04-02,10
287178,900287178,DESM,DESM-100,2008,2008-09-13,10
287179,900287179,DESM,DESM-300,2021,2022-01-11,10
287180,900287180,DESM,DESM-100,2016,2016-07-23,10
287181,900287181,DESM,DESM-300,2021,2021-11-09,10
287182,900287182,DESM,DESM-300,2021,2021-09-11,10
287183,900287183,DESM,DESM-300,2016,2016-06-25,10
287184,900287184,DESM,DESM-100,2015,2016-06-30,10
287185,900287185,DESM,DESM-300,2017,2017-10-18,10
287186,900287186,DESM,DESM-200,2009,2010-01-13,10
287187,900287187,DESM,DESM-300,2015,2015-05-26,10
287188,900287188,DESM,DESM-200,2011,2011-08-31,10
287189,900287189,DESM,DESM-200,2023,2024-03-27,10
287190,900287190,DESM,DESM-200,2022,2023-05-30,10
287191,900287191,DESM,DESM-100,2016,2017-02-28,10
287192,900287192,DESM,DESM-300,2018,2019-02-02,10
287193,900287193,DESM,DESM-200,2016,2016-12-16,10
287194,900287194,DESM,DESM-300,2021,2022-07-03,10
287195,900287195,DESM,DESM-300,2021,2022-02-12,10
287196,900287196,DESM,DESM-300,2014,2015-04-15,10
287197,900287197,DESM,DESM-200,2014,2015-02-24,10
287198,900287198,DESM,DESM-300,2023,2024-04-27,10
287199,900287199,DESM,DESM-300,2011,2011-08-26,10
287200,900287200,DESM,DESM-100,2012,2013-10-02,10
287201,900287201,DESM,DESM-300,2015,2016-04-19,10
287202,900287202,DESM,DESM-100,2023,2023-11-26,10
287203,900287203,DESM,DESM-200,2023,2023-11-24,10
287204,900287204,DESM,DESM-200,2010,2010-06-30,10
287205,900287205,DESM,DESM-200,2019,2019-06-30,10
287206,900287206,DESM,DESM-200,2012,2012-11-03,10
287209,900287209,DESM,DESM-100,2021,2022-01-24,10
287210,900287210,DESM,DESM-100,2015,2015-11-07,10
287211,900287211,DESM,DESM-300,2010,2010-06-18,10
287212,900287212,DESM,DESM-200,2018,2019-04-15,10
287213,900287213,DESM,DESM-300,2010,2011-04-29,10
287214,900287214,DESM,DESM-100,2014,2014-11-10,10
287215,900287215,DESM,DESM-300,2016,2016-10-27,10
287216,900287216,DESM,DESM-300,2021,2022-03-22,10
287217,900287217,DESM,DESM-100,2009,2009-06-17,10
287218,900287218,DESM,DESM-300,2008,2008-09-10,10
287219,900287219,DESM,DESM-200,2015,2015-11-14,10
287220,900287220,DESM,DESM-100,2022,2023-05-11,10
287221,900287221,DESM,DESM-100,2013,2014-04-17,10
287222,900287222,DESM,DESM-200,2015,2016-03-13,10
287223,900287223,DESM,DESM-300,2021,2022-10-18,10
287224,900287224,DESM,DESM-300,2010,2010-11-21,10
287225,900287225,DESM,DESM-100,2023,2024-03-30,10
287226,900287226,DESM,DESM-300,2020,2021-05-13,10
287227,900287227,DESM,DESM-100,2018,2018-07-10,10
287228,900287228,DESM,DESM-300,2014,2014-12-21,10
287229,900287229,DESM,DESM-100,2019,2020-05-27,10
287230,900287230,DESM,DESM-300,2017,2017-08-06,10
287231,900287231,DESM,DESM-300,2011,2011-12-19,10
287232,900287232,DESM,DESM-200,2010,2010-08-27,10
287233,900287233,DESM,DESM-200,2010,2010-10-10,10
287234,900287234,DESM,DESM-300,2010,2011-04-24,10
287235,900287235,DESM,DESM-200,2009,2010-01-14,10
287236,900287236,DESM,DESM-300,2015,2015-07-11,10
287237,900287237,DESM,DESM-200,2009,2009-05-20,10
287238,900287238,DESM,DESM-300,2018,2019-08-01,10
287239,900287239,DESM,DESM-300,2020,2021-01-17,10
287240,900287240,DESM,DESM-100,2020,2021-07-14,10
287241,900287241,DESM,DESM-300,2013,2013-07-10,10
287242,900287242,DESM,DESM-300,2018,2018-12-09,10
287243,900287243,DESM,DESM-200,2021,2021-06-03,10
287244,900287244,DESM,DESM-200,2020,2021-02-10,10
287245,900287245,DESM,DESM-200,2019,2020-09-08,10
287246,900287246,DESM,DESM-200,2023,2024-03-21,10
287247,900287247,DESM,DESM-100,2023,2024-06-12,10
287248,900287248,DESM,DESM-300,2011,2011-09-18,10
287249,900287249,DESM,DESM-200,2016,2017-05-11,10
287250,900287250,DESM,DESM-100,2023,2024-04-28,10
287251,900287251,DESM,DESM-300,2021,2022-01-23,10
287252,900287252,DESM,DESM-300,2018,2018-06-29,10
287253,900287253,DESM,DESM-200,2008,2009-09-05,10
287254,900287254,DESM,DESM-300,2023,2023-12-26,10
287255,900287255,DESM,DESM-200,2023,2024-04-16,10
287256,900287256,DESM,DESM-300,2020,2021-07-16,10
287257,900287257,DESM,DESM-200,2013,2014-10-03,10
287258,900287258,DESM,DESM-200,2022,2023-05-17,10
287259,900287259,DESM,DESM-200,2015,2015-12-16,10
287260,900287260,DESM,DESM-100,2021,2022-04-23,10
287261,900287261,DESM,DESM-200,2017,2017-09-17,10
287262,900287262,DESM,DESM-100,2009,2009-10-28,10
287265,900287265,DESM,DESM-300,2018,2019-04-05,10
287266,900287266,DESM,DESM-300,2021,2022-02-26,10
287267,900287267,DESM,DESM-200,2009,2009-06-10,10
287268,900287268,DESM,DESM-200,2022,2023-03-20,10
287269,900287269,DESM,DESM-200,2013,2013-08-19,10
287270,900287270,DESM,DESM-300,2016,2017-04-20,10
287271,900287271,DESM,DESM-100,2022,2023-05-23,10
287272,900287272,DESM,DESM-100,2010,2010-11-06,10
287273,900287273,DESM,DESM-200,2021,2021-10-15,10
287274,900287274,DESM,DESM-300,2023,2023-08-14,10
287275,900287275,DESM,DESM-100,2019,2019-09-20,10
287276,900287276,DESM,DESM-300,2023,2023-11-21,10
287277,900287277,DESM,DESM-300,2010,2011-06-27,10
287278,900287278,DESM,DESM-300,2018,2018-11-27,10
287279,900287279,DESM,DESM-100,2015,2015-11-25,10
287280,900287280,DESM,DESM-200,2018,2018-07-07,10
287281,900287281,DESM,DESM-200,2012,2012-04-06,10
287282,900287282,DESM,DESM-300,2011,2012-01-25,10
287283,900287283,DESM,DESM-200,2014,2015-06-05,10
287284,900287284,DESM,DESM-200,2008,2008-04-12,10
287285,900287285,DESM,DESM-300,2011,2012-03-09,10
287286,900287286,DESM,DESM-300,2016,2016-10-07,10
287287,900287287,DESM,DESM-300,2018,2018-08-09,10
287288,900287288,DESM,DESM-300,2008,2008-06-02,10
287289,900287289,DESM,DESM-300,2018,2018-06-12,10
287290,900287290,DESM,DESM-100,2018,2019-04-30,10
287291,900287291,DESM,DESM-300,2016,2016-10-18,10
287292,900287292,DESM,DESM-300,2008,2008-05-13,10
287293,900287293,DESM,DESM-200,2015,2016-03-30,10
287294,900287294,DESM,DESM-200,2008,2009-03-21,10
287295,900287295,DESM,DESM-200,2011,2011-08-14,10
287296,900287296,DESM,DESM-100,2008,2009-02-19,10
287297,900287297,DESM,DESM-300,2008,2009-02-20,10
287298,900287298,DESM,DESM-300,2017,2018-02-13,10
287299,900287299,DESM,DESM-200,2014,2014-06-06,10
287300,900287300,DESM,DESM-100,2016,2017-07-05,10
287301,900287301,DESM,DESM-300,2021,2022-01-09,10
287302,900287302,DESM,DESM-300,2009,2009-10-28,10
287303,900287303,DESM,DESM-100,2017,2018-05-12,10
287304,900287304,DESM,DESM-200,2018,2018-10-21,10
287305,900287305,DESM,DESM-300,2011,2011-11-25,10
287306,900287306,DESM,DESM-300,2009,2009-11-24,10
287307,900287307,DESM,DESM-300,2019,2020-01-28,10
287308,900287308,DESM,DESM-300,2023,2023-08-25,10
287309,900287309,DESM,DESM-300,2019,2019-10-07,10
287310,900287310,DESM,DESM-100,2015,2016-03-22,10
287311,900287311,DESM,DESM-100,2017,2018-02-03,10
287312,900287312,DESM,DESM-100,2014,2015-01-17,10
287313,900287313,DESM,DESM-100,2021,2022-01-12,10
287314,900287314,DESM,DESM-200,2014,2014-06-27,10
287315,900287315,DESM,DESM-200,2019,2019-12-07,10
287316,900287316,DESM,DESM-100,2012,2013-06-29,10
287317,900287317,DESM,DESM-300,2022,2022-09-13,10
287318,900287318,DESM,DESM-100,2014,2015-03-27,10
287319,900287319,DESM,DESM-100,2009,2010-04-29,10
287320,900287320,DESM,DESM-200,2017,2017-02-26,10
287321,900287321,DESM,DESM-100,2014,2015-04-16,10
287322,900287322,DESM,DESM-200,2010,2011-03-10,10
287323,900287323,DESM,DESM-200,2014,2015-04-17,10
287324,900287324,DESM,DESM-100,2020,2021-07-28,10
287325,900287325,DESM,DESM-200,2021,2022-02-08,10
287326,900287326,DESM,DESM-300,2020,2021-11-09,10
287327,900287327,DESM,DESM-200,2008,2009-03-20,10
287328,900287328,DESM,DESM-300,2020,2020-06-06,10
287329,900287329,DESM,DESM-200,2008,2009-02-01,10
287330,900287330,DESM,DESM-100,2011,2012-05-01,10
287331,900287331,DESM,DESM-200,2009,2010-02-26,10
287332,900287332,DESM,DESM-100,2011,2012-02-25,10
287333,900287333,DESM,DESM-200,2023,2023-10-03,10
287334,900287334,DESM,DESM-300,2010,2011-02-06,10
287335,900287335,DESM,DESM-100,2014,2014-05-18,10
287336,900287336,DESM,DESM-200,2015,2015-11-12,10
287340,900287340,DESM,DESM-100,2020,2021-06-02,10
287341,900287341,DESM,DESM-300,2010,2011-03-15,10
287342,900287342,DESM,DESM-100,2012,2013-04-08,10
287343,900287343,DESM,DESM-100,2015,2015-06-18,10
287344,900287344,DESM,DESM-100,2021,2021-08-10,10
287345,900287345,DESM,DESM-300,2011,2011-10-25,10
287346,900287346,DESM,DESM-200,2022,2023-06-05,10
287347,900287347,DESM,DESM-300,2013,2013-09-22,10
287348,900287348,DESM,DESM-100,2009,2010-07-09,10
287349,900287349,DESM,DESM-300,2019,2019-11-04,10
287350,900287350,DESM,DESM-200,2015,2016-09-08,10
287351,900287351,DESM,DESM-300,2009,2010-03-17,10
287352,900287352,DESM,DESM-100,2018,2018-06-12,10
287353,900287353,DESM,DESM-200,2015,2016-04-28,10
287354,900287354,DESM,DESM-200,2010,2010-05-20,10
287355,900287355,DESM,DESM-100,2010,2011-06-19,10
287356,900287356,DESM,DESM-100,2023,2023-10-25,10
287357,900287357,DESM,DESM-100,2009,2010-01-05,10
287358,900287358,DESM,DESM-300,2022,2022-11-25,10
287359,900287359,DESM,DESM-200,2017,2017-12-26,10
287360,900287360,DESM,DESM-100,2013,2014-10-05,10
287361,900287361,DESM,DESM-200,2009,2010-04-12,10
287362,900287362,DESM,DESM-300,2008,2009-01-17,10
287363,900287363,DESM,DESM-100,2008,2008-10-16,10
287364,900287364,DESM,DESM-300,2023,2023-10-31,10
287365,900287365,DESM,DESM-300,2009,2009-10-19,10
287366,900287366,DESM,DESM-200,2020,2020-11-20,10
287367,900287367,DESM,DESM-200,2018,2019-10-27,10
287368,900287368,DESM,DESM-200,2013,2013-06-03,10
287369,900287369,DESM,DESM-100,2020,2020-07-12,10
287370,900287370,DESM,DESM-300,2013,2014-02-21,10
287371,900287371,DESM,DESM-100,2018,2018-09-26,10
287372,900287372,DESM,DESM-100,2011,2012-04-16,10
287373,900287373,DESM,DESM-100,2009,2009-06-19,10
287374,900287374,DESM,DESM-200,2017,2017-10-24,10
287375,900287375,DESM,DESM-100,2017,2018-09-07,10
287376,900287376,DESM,DESM-100,2013,2013-12-11,10
287377,900287377,DESM,DESM-100,2020,2020-10-05,10
287378,900287378,DESM,DESM-200,2018,2018-07-31,10
287379,900287379,DESM,DESM-200,2017,2018-10-03,10
287380,900287380,DESM,DESM-100,2022,2022-09-02,10
287381,900287381,DESM,DESM-200,2012,2013-04-21,10
287382,900287382,DESM,DESM-100,2008,2008-10-27,10
287383,900287383,DESM,DESM-300,2023,2024-05-15,10
287384,900287384,DESM,DESM-100,2011,2012-01-23,10
287385,900287385,DESM,DESM-300,2013,2014-01-05,10
287386,900287386,DESM,DESM-200,2021,2021-12-19,10
287387,900287387,DESM,DESM-300,2012,2012-08-12,10
287388,900287388,DESM,DESM-100,2013,2014-01-19,10
287389,900287389,DESM,DESM-300,2019,2020-10-26,10
287390,900287390,DESM,DESM-300,2014,2014-09-11,10
287391,900287391,DESM,DESM-100,2012,2013-05-28,10
287392,900287392,DESM,DESM-100,2015,2015-11-27,10
287393,900287393,DESM,DESM-200,2014,2014-03-08,10
287394,900287394,DESM,DESM-200,2011,2012-02-19,10
287395,900287395,DESM,DESM-100,2016,2017-07-19,10
287396,900287396,DESM,DESM-200,2009,2009-05-25,10
287397,900287397,DESM,DESM-100,2017,2017-09-18,10
287398,900287398,DESM,DESM-300,2020,2020-12-25,10
287399,900287399,DESM,DESM-100,2015,2015-12-17,10
287400,900287400,DESM,DESM-100,2019,2019-07-18,10
287401,900287401,DESM,DESM-200,2009,2010-01-18,10
287402,900287402,DESM,DESM-100,2012,2012-09-29,10
287403,900287403,DESM,DESM-200,2015,2015-09-08,10
287404,900287404,DESM,DESM-300,2013,2014-02-16,10
287405,900287405,DESM,DESM-200,2020,2020-05-26,10
287406,900287406,DESM,DESM-200,2012,2012-07-20,10
287407,900287407,DESM,DESM-200,2016,2016-07-02,10
287408,900287408,DESM,DESM-200,2020,2020-05-30,10
287409,900287409,DESM,DESM-300,2012,2013-05-06,10
287410,900287410,DESM,DESM-100,2021,2021-11-14,10
287411,900287411,DESM,DESM-100,2014,2015-08-07,10
287414,900287414,DESM,DESM-100,2015,2015-12-21,10
287415,900287415,DESM,DESM-200,2011,2012-08-13,10
287416,900287416,DESM,DESM-100,2015,2016-02-08,10
287417,900287417,DESM,DESM-100,2016,2017-03-23,10
287418,900287418,DESM,DESM-100,2012,2013-09-15,10
287419,900287419,DESM,DESM-100,2019,2019-03-10,10
287420,900287420,DESM,DESM-300,2009,2010-08-21,10
287421,900287421,DESM,DESM-100,2017,2018-06-08,10
287422,900287422,DESM,DESM-200,2022,2023-01-22,10
287423,900287423,DESM,DESM-300,2016,2017-06-16,10
287424,900287424,DESM,DESM-200,2010,2011-01-09,10
287425,900287425,DESM,DESM-200,2023,2023-10-11,10
287426,900287426,DESM,DESM-100,2020,2020-09-16,10
287427,900287427,DESM,DESM-300,2011,2011-11-05,10
287428,900287428,DESM,DESM-300,2023,2023-12-13,10
287429,900287429,DESM,DESM-100,2020,2020-12-08,10
287430,900287430,DESM,DESM-300,2022,2023-05-22,10
287431,900287431,DESM,DESM-100,2009,2009-10-15,10
287432,900287432,DESM,DESM-300,2015,2016-06-16,10
287433,900287433,DESM,DESM-200,2016,2017-01-29,10
287434,900287434,DESM,DESM-200,2017,2017-10-06,10
287435,900287435,DESM,DESM-300,2021,2022-03-08,10
287436,900287436,DESM,DESM-200,2020,2020-10-05,10
287437,900287437,DESM,DESM-100,2012,2013-01-18,10
287438,900287438,DESM,DESM-300,2023,2023-06-28,10
287439,900287439,DESM,DESM-200,2023,2023-04-04,10
287440,900287440,DESM,DESM-100,2022,2022-08-25,10
287441,900287441,DESM,DESM-100,2018,2019-02-21,10
287442,900287442,DESM,DESM-300,2008,2009-05-03,10
287443,900287443,DESM,DESM-100,2012,2013-01-17,10
287444,900287444,DESM,DESM-100,2015,2015-10-27,10
287445,900287445,DESM,DESM-100,2020,2020-04-11,10
287446,900287446,DESM,DESM-200,2023,2023-09-22,10
287447,900287447,DESM,DESM-200,2010,2010-09-11,10
287448,900287448,DESM,DESM-300,2022,2022-10-20,10
287449,900287449,DESM,DESM-200,2017,2018-01-16,10
287450,900287450,DESM,DESM-200,2021,2021-07-08,10
287451,900287451,DESM,DESM-100,2013,2014-02-21,10
287452,900287452,DESM,DESM-300,2010,2010-07-15,10
287453,900287453,DESM,DESM-100,2009,2010-09-11,10
287454,900287454,DESM,DESM-100,2019,2019-07-29,10
287455,900287455,DESM,DESM-100,2015,2015-11-26,10
287456,900287456,DESM,DESM-200,2021,2022-02-05,10
287457,900287457,DESM,DESM-300,2012,2013-06-27,10
287458,900287458,DESM,DESM-200,2019,2020-04-21,10
287459,900287459,DESM,DESM-300,2014,2014-09-26,10
287460,900287460,DESM,DESM-100,2013,2013-09-02,10
287461,900287461,DESM,DESM-200,2022,2023-03-29,10
287462,900287462,DESM,DESM-200,2012,2013-02-21,10
287463,900287463,DESM,DESM-300,2015,2016-02-13,10
287464,900287464,DESM,DESM-300,2014,2014-10-30,10
287465,900287465,DESM,DESM-200,2022,2023-03-30,10
287466,900287466,DESM,DESM-200,2021,2022-03-20,10
287467,900287467,DESM,DESM-300,2016,2016-11-21,10
287468,900287468,DESM,DESM-100,2021,2022-04-19,10
287469,900287469,DESM,DESM-200,2010,2011-02-24,10
287470,900287470,DESM,DESM-300,2009,2009-10-24,10
287471,900287471,DESM,DESM-200,2019,2020-01-27,10
287472,900287472,DESM,DESM-300,2008,2008-12-11,10
287473,900287473,DESM,DESM-300,2016,2017-09-11,10
287474,900287474,DESM,DESM-300,2010,2011-08-26,10
287475,900287475,DESM,DESM-200,2008,2008-10-08,10
287476,900287476,DESM,DESM-300,2015,2015-09-22,10
287477,900287477,DESM,DESM-200,2021,2021-05-04,10
287478,900287478,DESM,DESM-300,2014,2014-09-19,10
287479,900287479,DESM,DESM-100,2023,2023-08-10,10
287480,900287480,DESM,DESM-300,2015,2015-12-26,10
287481,900287481,DESM,DESM-300,2022,2023-07-21,10
287482,900287482,DESM,DESM-100,2013,2014-02-23,10
287483,900287483,DESM,DESM-200,2019,2019-12-19,10
287486,900287486,DESM,DESM-200,2019,2020-01-28,10
287487,900287487,DESM,DESM-300,2010,2010-08-18,10
287488,900287488,DESM,DESM-200,2019,2019-11-01,10
287489,900287489,DESM,DESM-300,2016,2016-08-09,10
287490,900287490,DESM,DESM-300,2016,2016-11-20,10
287491,900287491,DESM,DESM-200,2013,2013-12-14,10
287492,900287492,DESM,DESM-100,2013,2013-11-07,10
287493,900287493,DESM,DESM-100,2018,2018-07-01,10
287494,900287494,DESM,DESM-300,2015,2016-05-19,10
287495,900287495,DESM,DESM-100,2021,2021-11-09,10
287496,900287496,DESM,DESM-100,2020,2020-07-05,10
287497,900287497,DESM,DESM-100,2018,2018-12-25,10
287498,900287498,DESM,DESM-300,2013,2014-01-22,10
287499,900287499,DESM,DESM-200,2023,2023-09-01,10
287500,900287500,DESM,DESM-100,2013,2014-06-17,10
287501,900287501,DESM,DESM-100,2014,2014-12-29,10
287502,900287502,DESM,DESM-300,2016,2016-04-03,10
287503,900287503,DESM,DESM-100,2019,2019-03-04,10
287504,900287504,DESM,DESM-100,2020,2020-10-25,10
287505,900287505,DESM,DESM-100,2016,2016-04-14,10
287506,900287506,DESM,DESM-300,2016,2016-06-13,10
287507,900287507,DESM,DESM-300,2020,2021-05-01,10
287508,900287508,DESM,DESM-300,2022,2023-01-28,10
287509,900287509,DESM,DESM-200,2010,2010-09-10,10
287510,900287510,DESM,DESM-200,2022,2023-01-07,10
287511,900287511,DESM,DESM-200,2013,2013-02-21,10
287512,900287512,DESM,DESM-300,2012,2013-05-04,10
287513,900287513,DESM,DESM-100,2010,2010-07-06,10
287514,900287514,DESM,DESM-300,2018,2019-02-09,10
287515,900287515,DESM,DESM-300,2015,2016-09-08,10
287516,900287516,DESM,DESM-300,2017,2017-12-07,10
287517,900287517,DESM,DESM-300,2019,2019-06-27,10
287518,900287518,DESM,DESM-300,2013,2013-12-28,10
287519,900287519,DESM,DESM-100,2016,2016-07-14,10
287520,900287520,DESM,DESM-200,2008,2008-06-30,10
287521,900287521,DESM,DESM-300,2014,2015-04-08,10
287522,900287522,DESM,DESM-100,2011,2012-07-23,10
287523,900287523,DESM,DESM-200,2013,2014-10-05,10
287524,900287524,DESM,DESM-300,2012,2013-01-06,10
287525,900287525,DESM,DESM-100,2012,2013-02-25,10
287526,900287526,DESM,DESM-300,2010,2011-01-08,10
287527,900287527,DESM,DESM-300,2009,2010-02-19,10
287528,900287528,DESM,DESM-200,2011,2012-07-07,10
287529,900287529,DESM,DESM-300,2009,2009-11-10,10
287530,900287530,DESM,DESM-200,2009,2010-02-27,10
287531,900287531,DESM,DESM-200,2009,2010-02-16,10
287532,900287532,DESM,DESM-200,2022,2022-12-31,10
287533,900287533,DESM,DESM-300,2014,2014-09-13,10
287534,900287534,DESM,DESM-200,2009,2010-02-06,10
287535,900287535,DESM,DESM-100,2013,2013-09-07,10
287536,900287536,DESM,DESM-100,2013,2013-04-29,10
287537,900287537,DESM,DESM-100,2023,2023-10-02,10
287538,900287538,DESM,DESM-100,2013,2013-12-19,10
287539,900287539,DESM,DESM-300,2008,2009-05-31,10
287540,900287540,DESM,DESM-300,2022,2023-06-03,10
287541,900287541,DESM,DESM-200,2021,2021-05-18,10
287542,900287542,DESM,DESM-200,2023,2024-02-03,10
287543,900287543,DESM,DESM-100,2010,2010-12-19,10
287544,900287544,DESM,DESM-100,2022,2022-07-24,10
287545,900287545,DESM,DESM-300,2023,2023-06-14,10
287546,900287546,DESM,DESM-300,2022,2023-01-15,10
287547,900287547,DESM,DESM-100,2021,2021-10-04,10
287548,900287548,DESM,DESM-100,2009,2009-02-17,10
287549,900287549,DESM,DESM-300,2023,2024-02-11,10
287550,900287550,DESM,DESM-300,2017,2018-03-27,10
287551,900287551,DESM,DESM-200,2021,2022-07-16,10
287552,900287552,DESM,DESM-200,2017,2018-05-15,10
287553,900287553,DESM,DESM-100,2014,2014-03-05,10
287554,900287554,DESM,DESM-200,2011,2011-11-18,10
287555,900287555,DESM,DESM-100,2008,2009-07-13,10
287556,900287556,DESM,DESM-200,2023,2023-07-25,10
287557,900287557,DESM,DESM-100,2019,2020-04-11,10
287558,900287558,DESM,DESM-300,2021,2022-02-02,10
287559,900287559,DESM,DESM-300,2019,2019-12-15,10
287560,900287560,DESM,DESM-100,2011,2011-10-10,10
287563,900287563,DESM,DESM-100,2022,2022-11-11,10
287564,900287564,DESM,DESM-200,2022,2022-11-10,10
287565,900287565,DESM,DESM-100,2013,2014-03-03,10
287566,900287566,DESM,DESM-300,2009,2009-10-03,10
287567,900287567,DESM,DESM-300,2017,2018-01-02,10
287568,900287568,DESM,DESM-200,2010,2011-04-05,10
287569,900287569,DESM,DESM-300,2008,2009-05-17,10
287570,900287570,DESM,DESM-200,2021,2022-04-02,10
287571,900287571,DESM,DESM-100,2015,2016-08-09,10
287572,900287572,DESM,DESM-200,2017,2017-03-21,10
287573,900287573,DESM,DESM-300,2020,2020-08-06,10
287574,900287574,DESM,DESM-100,2010,2010-09-24,10
287575,900287575,DESM,DESM-300,2022,2023-06-06,10
287576,900287576,DESM,DESM-300,2018,2019-07-01,10
287577,900287577,DESM,DESM-100,2022,2023-01-10,10
287578,900287578,DESM,DESM-200,2014,2014-09-15,10
287579,900287579,DESM,DESM-300,2020,2020-07-17,10
287580,900287580,DESM,DESM-100,2015,2016-04-23,10
287581,900287581,DESM,DESM-300,2014,2015-03-24,10
287582,900287582,DESM,DESM-300,2015,2015-08-08,10
287583,900287583,DESM,DESM-200,2014,2015-05-04,10
287584,900287584,DESM,DESM-200,2013,2013-05-12,10
287585,900287585,DESM,DESM-300,2008,2008-09-04,10
287586,900287586,DESM,DESM-100,2010,2011-02-17,10
287587,900287587,DESM,DESM-100,2008,2009-03-19,10
287588,900287588,DESM,DESM-100,2021,2021-10-19,10
287589,900287589,DESM,DESM-100,2018,2018-09-15,10
287590,900287590,DESM,DESM-300,2017,2017-12-31,10
287591,900287591,DESM,DESM-100,2017,2018-02-14,10
287592,900287592,DESM,DESM-100,2014,2014-09-13,10
287593,900287593,DESM,DESM-300,2015,2015-06-05,10
287594,900287594,DESM,DESM-100,2021,2022-09-07,10
287595,900287595,DESM,DESM-100,2008,2009-06-09,10
287596,900287596,DESM,DESM-200,2020,2020-10-21,10
287597,900287597,DESM,DESM-200,2009,2009-10-14,10
287598,900287598,DESM,DESM-100,2021,2022-03-28,10
287599,900287599,DESM,DESM-200,2023,2024-05-10,10
287600,900287600,DESM,DESM-200,2012,2013-01-21,10
287601,900287601,DESM,DESM-100,2015,2016-05-15,10
287602,900287602,DESM,DESM-200,2014,2014-03-07,10
287603,900287603,DESM,DESM-200,2016,2016-05-15,10
287604,900287604,DESM,DESM-200,2009,2010-03-05,10
287605,900287605,DESM,DESM-200,2020,2021-02-20,10
287606,900287606,DESM,DESM-100,2008,2008-12-09,10
287607,900287607,DESM,DESM-200,2011,2012-05-01,10
287608,900287608,DESM,DESM-100,2011,2012-08-25,10
287609,900287609,DESM,DESM-100,2020,2021-01-09,10
287610,900287610,DESM,DESM-200,2008,2008-10-18,10
287611,900287611,DESM,DESM-300,2019,2020-07-07,10
287612,900287612,DESM,DESM-200,2014,2015-01-26,10
287613,900287613,DESM,DESM-200,2016,2017-03-17,10
287614,900287614,DESM,DESM-300,2013,2014-05-07,10
287615,900287615,DESM,DESM-200,2011,2011-05-30,10
287616,900287616,DESM,DESM-200,2018,2019-03-23,10
287617,900287617,DESM,DESM-200,2021,2021-08-12,10
287618,900287618,DESM,DESM-300,2014,2015-02-15,10
287619,900287619,DESM,DESM-100,2015,2015-06-17,10
287620,900287620,DESM,DESM-300,2010,2011-02-18,10
287621,900287621,DESM,DESM-200,2013,2013-12-26,10
287622,900287622,DESM,DESM-200,2021,2021-06-06,10
287623,900287623,DESM,DESM-100,2015,2015-10-19,10
287624,900287624,DESM,DESM-300,2012,2013-02-09,10
287627,900287627,DESM,DESM-200,2017,2018-02-16,10
287628,900287628,DESM,DESM-300,2013,2013-10-03,10
287629,900287629,DESM,DESM-100,2018,2018-07-07,10
287630,900287630,DESM,DESM-200,2020,2020-11-17,10
287631,900287631,DESM,DESM-100,2020,2021-02-08,10
287632,900287632,DESM,DESM-300,2013,2013-12-16,10
287633,900287633,DESM,DESM-200,2010,2011-10-21,10
287634,900287634,DESM,DESM-100,2013,2013-10-08,10
287635,900287635,DESM,DESM-300,2011,2012-04-30,10
287636,900287636,DESM,DESM-200,2014,2015-03-06,10
287637,900287637,DESM,DESM-300,2013,2013-10-16,10
287638,900287638,DESM,DESM-100,2016,2017-04-24,10
287639,900287639,DESM,DESM-200,2013,2014-07-09,10
287640,900287640,DESM,DESM-300,2011,2011-09-02,10
287641,900287641,DESM,DESM-300,2008,2009-02-12,10
287642,900287642,DESM,DESM-100,2019,2020-06-24,10
287643,900287643,DESM,DESM-100,2018,2019-01-10,10
287644,900287644,DESM,DESM-100,2008,2008-12-13,10
287645,900287645,DESM,DESM-300,2009,2010-01-13,10
287646,900287646,DESM,DESM-100,2022,2022-02-05,10
287647,900287647,DESM,DESM-200,2014,2014-12-16,10
287648,900287648,DESM,DESM-300,2016,2016-06-21,10
287649,900287649,DESM,DESM-300,2020,2020-09-29,10
287650,900287650,DESM,DESM-300,2014,2015-01-27,10
287651,900287651,DESM,DESM-200,2015,2015-10-02,10
287652,900287652,DESM,DESM-200,2010,2010-08-15,10
287653,900287653,DESM,DESM-300,2020,2021-08-26,10
287654,900287654,DESM,DESM-300,2020,2020-11-05,10
287655,900287655,DESM,DESM-200,2014,2014-10-30,10
287656,900287656,DESM,DESM-200,2012,2012-12-09,10
287657,900287657,DESM,DESM-100,2023,2024-01-26,10
287658,900287658,DESM,DESM-200,2016,2017-05-18,10
287659,900287659,DESM,DESM-200,2012,2013-11-27,10
287660,900287660,DESM,DESM-200,2009,2009-08-22,10
287661,900287661,DESM,DESM-300,2010,2011-03-17,10
287662,900287662,DESM,DESM-100,2021,2022-03-19,10
287663,900287663,DESM,DESM-200,2015,2015-06-06,10
287664,900287664,DESM,DESM-100,2012,2012-03-06,10
287665,900287665,DESM,DESM-100,2010,2010-02-03,10
287666,900287666,DESM,DESM-100,2018,2018-10-18,10
287667,900287667,DESM,DESM-100,2022,2022-12-10,10
287668,900287668,DESM,DESM-300,2019,2019-10-23,10
287669,900287669,DESM,DESM-100,2022,2022-06-10,10
287670,900287670,DESM,DESM-300,2009,2010-03-14,10
287671,900287671,DESM,DESM-300,2008,2009-03-05,10
287672,900287672,DESM,DESM-300,2012,2013-01-05,10
287673,900287673,DESM,DESM-300,2015,2015-12-22,10
287674,900287674,DESM,DESM-200,2022,2022-07-28,10
287675,900287675,DESM,DESM-300,2012,2013-09-25,10
287676,900287676,DESM,DESM-300,2016,2017-04-25,10
287677,900287677,DESM,DESM-100,2012,2013-05-22,10
287678,900287678,DESM,DESM-200,2012,2013-04-23,10
287679,900287679,DESM,DESM-200,2023,2024-09-12,10
287680,900287680,DESM,DESM-100,2018,2018-09-26,10
287681,900287681,DESM,DESM-200,2019,2019-04-14,10
287682,900287682,DESM,DESM-200,2016,2016-10-13,10
287683,900287683,DESM,DESM-100,2020,2020-06-03,10
287684,900287684,DESM,DESM-300,2020,2020-10-08,10
287685,900287685,DESM,DESM-300,2023,2024-04-05,10
287686,900287686,DESM,DESM-100,2016,2016-08-14,10
287687,900287687,DESM,DESM-100,2008,2009-04-28,10
287688,900287688,DESM,DESM-300,2008,2008-08-06,10
287689,900287689,DESM,DESM-100,2013,2013-11-24,10
287690,900287690,DESM,DESM-200,2023,2024-08-30,10
287691,900287691,DESM,DESM-200,2010,2010-08-08,10
287692,900287692,DESM,DESM-100,2020,2021-02-19,10
287695,900287695,DESM,DESM-100,2014,2015-02-28,10
287696,900287696,DESM,DESM-100,2017,2017-11-26,10
287697,900287697,DESM,DESM-300,2017,2018-04-24,10
287698,900287698,DESM,DESM-200,2017,2017-03-27,10
287699,900287699,DESM,DESM-200,2010,2010-04-06,10
287700,900287700,DESM,DESM-300,2019,2020-04-22,10
287701,900287701,DESM,DESM-300,2008,2009-02-20,10
287702,900287702,DESM,DESM-200,2010,2011-04-18,10
287703,900287703,DESM,DESM-300,2018,2019-06-13,10
287704,900287704,DESM,DESM-300,2017,2017-12-06,10
287705,900287705,DESM,DESM-300,2022,2022-09-15,10
287706,900287706,DESM,DESM-100,2020,2020-12-10,10
287707,900287707,DESM,DESM-200,2019,2020-08-13,10
287708,900287708,DESM,DESM-100,2022,2023-04-22,10
287709,900287709,DESM,DESM-300,2017,2018-04-27,10
287710,900287710,DESM,DESM-100,2009,2009-10-11,10
287711,900287711,DESM,DESM-200,2022,2023-09-11,10
287712,900287712,DESM,DESM-200,2011,2012-05-11,10
287713,900287713,DESM,DESM-100,2013,2013-08-18,10
287714,900287714,DESM,DESM-100,2010,2010-12-13,10
287715,900287715,DESM,DESM-100,2014,2014-11-08,10
287716,900287716,DESM,DESM-200,2014,2014-12-15,10
287717,900287717,DESM,DESM-100,2019,2019-08-10,10
287718,900287718,DESM,DESM-100,2009,2009-07-07,10
287719,900287719,DESM,DESM-300,2019,2019-08-09,10
287720,900287720,DESM,DESM-300,2018,2018-12-09,10
287721,900287721,DESM,DESM-200,2010,2010-10-13,10
287722,900287722,DESM,DESM-300,2019,2020-08-29,10
287723,900287723,DESM,DESM-100,2011,2012-05-24,10
287724,900287724,DESM,DESM-100,2022,2023-04-04,10
287725,900287725,DESM,DESM-200,2017,2017-10-03,10
287726,900287726,DESM,DESM-200,2014,2014-12-02,10
287727,900287727,DESM,DESM-100,2016,2016-07-25,10
287728,900287728,DESM,DESM-300,2015,2016-02-20,10
287729,900287729,DESM,DESM-300,2016,2017-04-16,10
287730,900287730,DESM,DESM-300,2018,2019-01-27,10
287731,900287731,DESM,DESM-200,2014,2015-02-05,10
287732,900287732,DESM,DESM-200,2021,2021-09-17,10
287733,900287733,DESM,DESM-200,2016,2017-08-11,10
287734,900287734,DESM,DESM-200,2023,2023-08-11,10
287735,900287735,DESM,DESM-200,2010,2010-02-23,10
287736,900287736,DESM,DESM-200,2009,2009-09-03,10
287737,900287737,DESM,DESM-200,2010,2010-11-18,10
287738,900287738,DESM,DESM-100,2021,2021-12-05,10
287739,900287739,DESM,DESM-100,2018,2018-09-05,10
287740,900287740,DESM,DESM-300,2018,2018-02-06,10
287741,900287741,DESM,DESM-200,2017,2017-10-18,10
287742,900287742,DESM,DESM-100,2015,2015-07-14,10
287743,900287743,DESM,DESM-300,2010,2011-05-08,10
287744,900287744,DESM,DESM-300,2008,2009-04-01,10
287745,900287745,DESM,DESM-300,2018,2019-07-17,10
287746,900287746,DESM,DESM-100,2022,2022-10-17,10
287747,900287747,DESM,DESM-200,2016,2017-06-05,10
287748,900287748,DESM,DESM-100,2019,2019-07-31,10
287749,900287749,DESM,DESM-100,2022,2022-06-12,10
287750,900287750,DESM,DESM-300,2022,2023-08-25,10
287751,900287751,DESM,DESM-100,2022,2023-04-27,10
287752,900287752,DESM,DESM-300,2017,2017-10-14,10
287753,900287753,DESM,DESM-300,2009,2010-07-22,10
287754,900287754,DESM,DESM-100,2017,2017-06-20,10
287755,900287755,DESM,DESM-300,2019,2020-01-26,10
287756,900287756,DESM,DESM-100,2016,2017-03-13,10
287757,900287757,DESM,DESM-300,2019,2020-05-13,10
287758,900287758,DESM,DESM-100,2010,2011-03-28,10
287759,900287759,DESM,DESM-200,2017,2018-01-17,10
287762,900287762,DESM,DESM-300,2017,2018-01-20,10
287763,900287763,DESM,DESM-100,2013,2013-07-01,10
287764,900287764,DESM,DESM-100,2013,2013-12-14,10
287765,900287765,DESM,DESM-100,2017,2017-06-06,10
287766,900287766,DESM,DESM-200,2019,2019-10-05,10
287767,900287767,DESM,DESM-300,2009,2009-10-24,10
287768,900287768,DESM,DESM-100,2015,2015-10-18,10
287769,900287769,DESM,DESM-200,2017,2018-06-19,10
287770,900287770,DESM,DESM-100,2021,2021-05-21,10
287771,900287771,DESM,DESM-300,2016,2016-06-12,10
287772,900287772,DESM,DESM-200,2013,2014-02-26,10
287773,900287773,DESM,DESM-200,2016,2016-11-23,10
287774,900287774,DESM,DESM-100,2020,2020-04-10,10
287775,900287775,DESM,DESM-200,2017,2018-01-21,10
287776,900287776,DESM,DESM-300,2016,2017-03-20,10
287777,900287777,DESM,DESM-300,2019,2019-12-23,10
287778,900287778,DESM,DESM-300,2008,2008-03-03,10
287779,900287779,DESM,DESM-300,2020,2021-07-20,10
287780,900287780,DESM,DESM-200,2023,2023-08-11,10
287781,900287781,DESM,DESM-300,2008,2008-12-24,10
287782,900287782,DESM,DESM-300,2015,2016-04-04,10
287783,900287783,DESM,DESM-300,2019,2019-11-01,10
287784,900287784,DESM,DESM-100,2008,2009-03-28,10
287785,900287785,DESM,DESM-200,2023,2023-03-13,10
287786,900287786,DESM,DESM-100,2010,2010-06-28,10
287787,900287787,DESM,DESM-200,2021,2022-01-26,10
287788,900287788,DESM,DESM-200,2012,2012-12-02,10
287789,900287789,DESM,DESM-300,2010,2010-12-27,10
287790,900287790,DESM,DESM-200,2023,2023-02-15,10
287791,900287791,DESM,DESM-300,2022,2023-05-10,10
287792,900287792,DESM,DESM-200,2015,2015-11-10,10
287793,900287793,DESM,DESM-300,2013,2014-01-21,10
287794,900287794,DESM,DESM-200,2022,2023-05-13,10
287795,900287795,DESM,DESM-100,2009,2010-04-28,10
287796,900287796,DESM,DESM-200,2011,2012-04-25,10
287797,900287797,DESM,DESM-200,2018,2018-12-26,10
287798,900287798,DESM,DESM-300,2019,2020-07-26,10
287799,900287799,DESM,DESM-200,2008,2008-09-17,10
287800,900287800,DESM,DESM-100,2023,2023-09-30,10
287801,900287801,DESM,DESM-300,2016,2016-06-07,10
287802,900287802,DESM,DESM-200,2012,2012-11-10,10
287803,900287803,DESM,DESM-300,2016,2016-10-09,10
287804,900287804,DESM,DESM-300,2023,2024-04-21,10
287805,900287805,DESM,DESM-300,2008,2008-09-04,10
287806,900287806,DESM,DESM-300,2021,2021-08-10,10
287807,900287807,DESM,DESM-300,2022,2022-07-01,10
287808,900287808,DESM,DESM-200,2021,2021-12-07,10
287809,900287809,DESM,DESM-200,2016,2016-07-05,10
287810,900287810,DESM,DESM-100,2012,2012-07-02,10
287811,900287811,DESM,DESM-100,2018,2018-09-28,10
287812,900287812,DESM,DESM-100,2013,2013-11-05,10
287813,900287813,DESM,DESM-100,2019,2019-10-16,10
287814,900287814,DESM,DESM-200,2022,2022-07-05,10
287815,900287815,DESM,DESM-100,2012,2012-11-27,10
287816,900287816,DESM,DESM-200,2023,2024-01-06,10
287817,900287817,DESM,DESM-200,2012,2013-09-13,10
287818,900287818,DESM,DESM-300,2010,2010-05-28,10
287819,900287819,DESM,DESM-100,2013,2013-06-22,10
287820,900287820,DESM,DESM-100,2018,2019-06-07,10
287821,900287821,DESM,DESM-100,2014,2014-12-14,10
287822,900287822,DESM,DESM-100,2009,2010-01-20,10
287825,900287825,DESM,DESM-100,2019,2019-07-13,10
287826,900287826,DESM,DESM-100,2017,2017-06-01,10
287827,900287827,DESM,DESM-100,2011,2011-06-20,10
287828,900287828,DESM,DESM-200,2008,2008-06-28,10
287829,900287829,DESM,DESM-300,2018,2018-10-23,10
287830,900287830,DESM,DESM-100,2011,2011-11-01,10
287831,900287831,DESM,DESM-200,2022,2022-08-03,10
287832,900287832,DESM,DESM-100,2019,2019-12-13,10
287833,900287833,DESM,DESM-100,2018,2018-12-25,10
287834,900287834,DESM,DESM-300,2014,2015-07-10,10
287835,900287835,DESM,DESM-300,2015,2015-11-26,10
287836,900287836,DESM,DESM-300,2023,2023-05-02,10
287837,900287837,DESM,DESM-100,2015,2015-09-28,10
287838,900287838,DESM,DESM-200,2022,2022-07-21,10
287839,900287839,DESM,DESM-200,2012,2012-08-17,10
287840,900287840,DESM,DESM-200,2018,2019-02-04,10
287841,900287841,DESM,DESM-100,2009,2009-11-12,10
287842,900287842,DESM,DESM-100,2022,2022-09-25,10
287843,900287843,DESM,DESM-300,2023,2024-02-04,10
287844,900287844,DESM,DESM-100,2013,2013-12-01,10
287845,900287845,DESM,DESM-300,2014,2015-01-25,10
287846,900287846,DESM,DESM-300,2013,2014-11-01,10
287847,900287847,DESM,DESM-100,2023,2023-03-14,10
287848,900287848,DESM,DESM-100,2019,2020-02-09,10
287849,900287849,DESM,DESM-100,2021,2021-12-10,10
287850,900287850,DESM,DESM-200,2018,2019-02-05,10
287851,900287851,DESM,DESM-100,2018,2019-03-08,10
287852,900287852,DESM,DESM-100,2012,2012-03-29,10
287853,900287853,DESM,DESM-100,2018,2018-06-03,10
287854,900287854,DESM,DESM-200,2021,2021-10-20,10
287855,900287855,DESM,DESM-300,2014,2014-08-08,10
287856,900287856,DESM,DESM-100,2010,2011-06-11,10
287857,900287857,DESM,DESM-200,2022,2023-02-01,10
287858,900287858,DESM,DESM-100,2019,2019-05-03,10
287859,900287859,DESM,DESM-200,2020,2021-09-02,10
287860,900287860,DESM,DESM-100,2019,2019-09-26,10
287861,900287861,DESM,DESM-200,2015,2015-08-28,10
287862,900287862,DESM,DESM-200,2017,2018-07-30,10
287863,900287863,DESM,DESM-100,2009,2009-06-26,10
287864,900287864,DESM,DESM-100,2016,2016-05-19,10
287865,900287865,DESM,DESM-200,2015,2016-05-05,10
287866,900287866,DESM,DESM-300,2016,2016-10-30,10
287867,900287867,DESM,DESM-100,2008,2009-05-21,10
287868,900287868,DESM,DESM-300,2008,2009-03-29,10
287869,900287869,DESM,DESM-100,2015,2015-10-31,10
287870,900287870,DESM,DESM-100,2021,2022-01-01,10
287871,900287871,DESM,DESM-300,2010,2010-09-06,10
287872,900287872,DESM,DESM-300,2020,2020-08-08,10
287873,900287873,DESM,DESM-100,2019,2020-03-16,10
287874,900287874,DESM,DESM-200,2019,2020-07-01,10
287875,900287875,DESM,DESM-300,2015,2016-06-02,10
287876,900287876,DESM,DESM-100,2020,2020-07-16,10
287877,900287877,DESM,DESM-100,2014,2015-05-27,10
287878,900287878,DESM,DESM-100,2017,2018-06-01,10
287879,900287879,DESM,DESM-200,2023,2023-08-25,10
287880,900287880,DESM,DESM-300,2023,2023-09-01,10
287881,900287881,DESM,DESM-100,2020,2021-03-30,10
287882,900287882,DESM,DESM-200,2010,2011-07-07,10
287883,900287883,DESM,DESM-100,2010,2011-03-16,10
287884,900287884,DESM,DESM-100,2022,2022-11-18,10
287899,900287899,SWPH,SWPH-200,2021,2021-09-11,12
287900,900287900,SWPH,SWPH-200,2020,2021-02-12,12
287901,900287901,SWMS,SWMS-200,2023,2024-02-29,15
287902,900287902,SWMS,SWMS-100,2017,2017-12-26,15
287905,900287905,SWPH,SWPH-300,2021,2022-03-23,12
287906,900287906,SWPH,SWPH-100,2017,2018-01-01,12
287907,900287907,SWMS,SWMS-100,2015,2016-02-23,15
287908,900287908,SWMS,SWMS-100,2022,2022-11-08,15
287911,900287911,SWPH,SWPH-100,2008,2008-08-22,12
287912,900287912,SWPH,SWPH-100,2022,2022-05-22,12
287913,900287913,SWPH,SWPH-200,2021,2021-12-17,12
287914,900287914,SWPH,SWPH-300,2010,2010-08-30,12
287915,900287915,SWMS,SWMS-200,2010,2010-09-25,15
287916,900287916,SWMS,SWMS-300,2008,2009-03-27,15
287919,900287919,SWPH,SWPH-100,2022,2022-08-26,12
287920,900287920,SWPH,SWPH-200,2012,2012-12-07,12
287921,900287921,SWMS,SWMS-200,2014,2014-12-28,15
287922,900287922,SWMS,SWMS-300,2019,2019-06-24,15
287925,900287925,SWPH,SWPH-300,2017,2018-08-15,12
287926,900287926,SWPH,SWPH-200,2015,2016-02-05,12
287927,900287927,SWPH,SWPH-200,2020,2021-08-29,12
287928,900287928,SWPH,SWPH-300,2020,2021-09-22,12
287931,900287931,SWPH,SWPH-200,2012,2013-02-02,12
287932,900287932,SWPH,SWPH-200,2011,2012-02-23,12
287933,900287933,SWPH,SWPH-300,2018,2019-07-13,12
287934,900287934,SWPH,SWPH-100,2013,2014-06-18,12
287935,900287935,SWPH,SWPH-200,2017,2017-10-01,12
287938,900287938,ATFA,ATFA-100,2008,2009-03-11,15
287939,900287939,SWPH,SWPH-300,2022,2023-04-24,12
287940,900287940,SWMS,SWMS-300,2012,2013-03-01,15
287943,900287943,ATFA,ATFA-200,2012,2013-05-17,15
287944,900287944,SWPH,SWPH-100,2010,2011-10-05,12
287945,900287945,SWMS,SWMS-100,2012,2013-03-13,15
287948,900287948,ATFA,ATFA-100,2019,2020-04-14,15
287949,900287949,SWPH,SWPH-300,2018,2018-10-24,12
287950,900287950,SWMS,SWMS-300,2015,2016-02-06,15
287953,900287953,SWPH,SWPH-300,2010,2010-03-04,12
287956,900287956,ATFA,ATFA-100,2011,2012-05-12,15
287957,900287957,SWMS,SWMS-200,2009,2009-12-31,15
287960,900287960,ATFA,ATFA-200,2011,2012-02-28,15
287961,900287961,SWPH,SWPH-300,2012,2013-04-17,12
287962,900287962,SWMS,SWMS-200,2020,2021-07-22,15
287965,900287965,SWPH,SWPH-300,2022,2023-05-28,12
287968,900287968,ATFA,ATFA-200,2019,2020-05-20,15
287969,900287969,SWMS,SWMS-300,2022,2022-10-02,15
287972,900287972,ATFA,ATFA-200,2022,2023-05-29,15
287973,900287973,SWPH,SWPH-100,2009,2010-05-10,12
287974,900287974,SWMS,SWMS-200,2014,2015-05-09,15
287977,900287977,ATFA,ATFA-200,2018,2019-01-13,15
287978,900287978,SWPH,SWPH-200,2014,2015-03-08,12
287979,900287979,SWMS,SWMS-300,2016,2016-04-06,15
287982,900287982,ATFA,ATFA-300,2009,2010-06-28,15
287983,900287983,SWPH,SWPH-200,2019,2020-02-11,12
287984,900287984,SWMS,SWMS-100,2012,2012-11-09,15
287987,900287987,PUCE,PUCE-100,2013,2013-11-07,10
287988,900287988,PUCE,PUCE-200,2020,2021-05-14,10
287991,900287991,ATFA,ATFA-100,2014,2014-06-19,15
287992,900287992,SWPH,SWPH-200,2011,2011-09-12,12
287993,900287993,SWMS,SWMS-100,2022,2023-04-21,15
287996,900287996,ATFA,ATFA-100,2016,2017-01-28,15
287997,900287997,SWPH,SWPH-300,2013,2013-12-22,12
287998,900287998,SWMS,SWMS-300,2021,2021-07-16,15
288001,900288001,ATFA,ATFA-300,2008,2008-07-31,15
288002,900288002,ATFA,ATFA-200,2020,2021-05-15,15
288003,900288003,SWPH,SWPH-200,2018,2019-06-08,12
288004,900288004,SWMS,SWMS-200,2015,2015-08-01,15
288005,900288005,SWMS,SWMS-100,2011,2012-09-11,15
288008,900288008,ATFA,ATFA-200,2008,2008-10-19,15
288009,900288009,SWMS,SWMS-200,2020,2020-09-05,15
288012,900288012,ATFA,ATFA-300,2012,2013-03-09,15
288013,900288013,SWMS,SWMS-100,2020,2020-07-27,15
288016,900288016,ATFA,ATFA-300,2015,2016-07-01,15
288017,900288017,SWPH,SWPH-100,2008,2009-05-16,12
288018,900288018,SWMS,SWMS-200,2014,2014-11-17,15
288021,900288021,PUCE,PUCE-100,2013,2014-02-05,10
288022,900288022,PUCE,PUCE-300,2014,2014-03-08,10
288025,900288025,ATFA,ATFA-100,2010,2010-04-09,15
288026,900288026,SWPH,SWPH-300,2018,2019-03-23,12
288027,900288027,SWMS,SWMS-100,2012,2012-05-16,15
288030,900288030,SWPH,SWPH-300,2013,2013-04-24,12
288031,900288031,SWPH,SWPH-100,2010,2010-10-03,12
288032,900288032,SWMS,SWMS-200,2015,2015-12-13,15
288033,900288033,SWMS,SWMS-100,2021,2021-03-27,15
288036,900288036,SWPH,SWPH-200,2010,2011-08-26,12
288037,900288037,SWPH,SWPH-200,2009,2009-07-22,12
288038,900288038,SWMS,SWMS-100,2009,2010-06-19,15
288039,900288039,SWMS,SWMS-100,2021,2022-09-18,15
288042,900288042,SWPH,SWPH-200,2014,2015-09-26,12
288043,900288043,SWPH,SWPH-300,2014,2014-06-09,12
288044,900288044,SWPH,SWPH-200,2008,2008-05-21,12
288045,900288045,SWPH,SWPH-100,2019,2019-09-06,12
288046,900288046,SWMS,SWMS-200,2017,2018-03-18,15
288047,900288047,SWMS,SWMS-200,2012,2012-12-30,15
288050,900288050,SWPH,SWPH-300,2014,2015-09-07,12
288051,900288051,SWPH,SWPH-200,2009,2009-11-17,12
288052,900288052,SWMS,SWMS-300,2014,2015-01-26,15
288053,900288053,SWMS,SWMS-300,2016,2017-01-04,15
288056,900288056,SWPH,SWPH-100,2011,2012-04-08,12
288057,900288057,SWPH,SWPH-100,2013,2014-05-07,12
288058,900288058,SWMS,SWMS-300,2022,2022-03-09,15
288059,900288059,SWMS,SWMS-200,2018,2019-09-19,15
288062,900288062,SWPH,SWPH-200,2020,2020-12-02,12
288063,900288063,SWPH,SWPH-300,2010,2010-11-17,12
288064,900288064,SWMS,SWMS-100,2014,2015-03-09,15
288065,900288065,SWMS,SWMS-200,2023,2024-09-30,15
288068,900288068,SWPH,SWPH-200,2016,2017-06-24,12
288069,900288069,SWPH,SWPH-300,2009,2009-03-23,12
288070,900288070,SWMS,SWMS-100,2023,2024-09-18,15
288071,900288071,SWMS,SWMS-300,2019,2020-03-31,15
288074,900288074,ATFA,ATFA-100,2015,2015-06-15,15
288075,900288075,SWPH,SWPH-300,2021,2022-08-09,12
288076,900288076,SWPH,SWPH-200,2010,2011-02-11,12
288077,900288077,SWPH,SWPH-200,2017,2018-07-29,12
288078,900288078,SWPH,SWPH-300,2013,2013-08-05,12
288079,900288079,SWMS,SWMS-200,2013,2013-05-12,15
288082,900288082,SWPH,SWPH-300,2021,2021-10-16,12
288083,900288083,SWPH,SWPH-200,2008,2009-01-14,12
288084,900288084,SWPH,SWPH-200,2008,2008-08-23,12
288085,900288085,SWPH,SWPH-100,2018,2019-06-11,12
288086,900288086,SWPH,SWPH-300,2019,2019-09-13,12
288089,900288089,ATFA,ATFA-300,2019,2020-11-21,15
288090,900288090,SWMS,SWMS-200,2023,2023-06-22,15
288093,900288093,ATFA,ATFA-200,2014,2015-01-26,15
288094,900288094,SWPH,SWPH-100,2013,2014-05-30,12
288095,900288095,SWMS,SWMS-200,2019,2020-11-15,15
288098,900288098,ATFA,ATFA-200,2013,2014-02-28,15
288099,900288099,SWMS,SWMS-100,2017,2018-09-01,15
288102,900288102,ATFA,ATFA-100,2023,2023-10-24,15
288103,900288103,SWPH,SWPH-100,2020,2020-03-25,12
288104,900288104,SWMS,SWMS-300,2022,2023-06-21,15
288107,900288107,ATFA,ATFA-100,2018,2019-10-01,15
288108,900288108,SWMS,SWMS-100,2008,2009-04-08,15
288111,900288111,ATFA,ATFA-300,2012,2013-06-24,15
288112,900288112,SWPH,SWPH-300,2019,2020-01-09,12
288113,900288113,SWMS,SWMS-300,2015,2015-04-16,15
288116,900288116,PUCE,PUCE-100,2015,2016-05-08,10
288117,900288117,PUCE,PUCE-100,2008,2009-06-20,10
288120,900288120,ATFA,ATFA-100,2022,2023-05-21,15
288121,900288121,SWPH,SWPH-100,2023,2023-05-27,12
288122,900288122,SWMS,SWMS-300,2013,2013-12-04,15
288125,900288125,PUCE,PUCE-300,2014,2014-06-04,10
288126,900288126,PUCE,PUCE-300,2021,2021-07-04,10
288129,900288129,ATFA,ATFA-200,2016,2017-02-25,15
288130,900288130,ATFA,ATFA-200,2008,2009-08-22,15
288131,900288131,SWPH,SWPH-300,2009,2010-03-21,12
288132,900288132,SWMS,SWMS-100,2013,2014-02-08,15
288133,900288133,SWMS,SWMS-100,2013,2014-01-05,15
288136,900288136,DEGD,DEGD-200,2019,2020-02-08,10
288141,900288141,DEGD,DEGD-100,2017,2017-08-05,10
288146,900288146,DEGD,DEGD-200,2008,2009-04-20,10
288151,900288151,DEGD,DEGD-200,2021,2022-09-05,10
288156,900288156,DEGD,DEGD-100,2012,2013-05-29,10
288161,900288161,DEGD,DEGD-300,2015,2015-04-11,10
288166,900288166,DEGD,DEGD-100,2015,2015-11-04,10
288171,900288171,DEGD,DEGD-200,2012,2013-03-07,10
288176,900288176,DEGD,DEGD-100,2008,2009-05-09,10
288181,900288181,DEGD,DEGD-300,2015,2015-09-05,10
288186,900288186,DEGD,DEGD-200,2009,2010-09-11,10
288191,900288191,DEGD,DEGD-100,2010,2010-11-04,10
288196,900288196,DEGD,DEGD-300,2010,2010-10-11,10
288201,900288201,DEGD,DEGD-100,2019,2019-11-23,10
288206,900288206,DEGD,DEGD-300,2008,2009-02-21,10
288211,900288211,DEGD,DEGD-100,2022,2022-12-21,10
288216,900288216,DEGD,DEGD-100,2011,2011-12-13,10
288221,900288221,DEGD,DEGD-300,2011,2011-12-11,10
288226,900288226,DEGD,DEGD-100,2017,2017-11-02,10
288231,900288231,DEGD,DEGD-200,2008,2008-10-09,10
288236,900288236,DEGD,DEGD-300,2022,2022-09-14,10
288241,900288241,DEGD,DEGD-200,2011,2011-10-11,10
288246,900288246,DEGD,DEGD-200,2014,2014-12-09,10
288251,900288251,DEGD,DEGD-200,2020,2020-11-28,10
288256,900288256,DEGD,DEGD-100,2023,2024-02-25,10
288261,900288261,DEGD,DEGD-100,2015,2015-09-14,10
288266,900288266,DEGD,DEGD-200,2017,2017-08-01,10
288271,900288271,DEGD,DEGD-100,2013,2013-06-28,10
288276,900288276,DEGD,DEGD-300,2015,2016-07-03,10
288281,900288281,DEGD,DEGD-200,2018,2018-09-04,10
288286,900288286,DEGD,DEGD-200,2022,2023-07-11,10
288291,900288291,DEGD,DEGD-100,2014,2015-03-05,10
288296,900288296,DEGD,DEGD-200,2009,2010-02-16,10
288301,900288301,DEGD,DEGD-300,2015,2015-07-14,10
288306,900288306,DEGD,DEGD-300,2015,2015-12-18,10
288311,900288311,DEGD,DEGD-300,2017,2018-01-30,10
288316,900288316,DEGD,DEGD-100,2023,2024-01-07,10
288321,900288321,DEGD,DEGD-100,2021,2021-10-24,10
288326,900288326,DEGD,DEGD-200,2023,2023-06-19,10
288331,900288331,DEGD,DEGD-100,2013,2014-01-03,10
289176,900289176,DESM,DESM-300,2018,2019-09-24,10
289177,900289177,DESM,DESM-100,2014,2014-12-20,10
289178,900289178,DESM,DESM-200,2014,2015-04-13,10
289179,900289179,DESM,DESM-300,2013,2013-12-09,10
289180,900289180,DESM,DESM-100,2017,2017-09-05,10
289181,900289181,DESM,DESM-300,2018,2018-12-26,10
289182,900289182,DESM,DESM-100,2016,2016-06-28,10
289183,900289183,DESM,DESM-200,2009,2010-06-01,10
289184,900289184,DESM,DESM-300,2009,2010-01-31,10
289185,900289185,DESM,DESM-300,2013,2014-01-23,10
289186,900289186,DESM,DESM-300,2015,2015-06-03,10
289187,900289187,DESM,DESM-200,2019,2020-08-26,10
289188,900289188,DESM,DESM-200,2014,2015-09-30,10
289189,900289189,DESM,DESM-300,2011,2012-04-16,10
289190,900289190,DESM,DESM-200,2008,2009-02-12,10
289191,900289191,DESM,DESM-200,2008,2008-05-27,10
289192,900289192,DESM,DESM-100,2012,2013-03-01,10
289193,900289193,DESM,DESM-100,2014,2014-12-24,10
289194,900289194,DESM,DESM-300,2022,2023-01-29,10
289195,900289195,DESM,DESM-100,2013,2013-12-02,10
289196,900289196,DESM,DESM-300,2009,2009-10-14,10
289197,900289197,DESM,DESM-300,2016,2016-09-11,10
289198,900289198,DESM,DESM-300,2010,2011-08-18,10
289199,900289199,DESM,DESM-100,2021,2022-10-07,10
289200,900289200,DESM,DESM-300,2018,2018-09-09,10
289201,900289201,DESM,DESM-100,2023,2023-10-01,10
289202,900289202,DESM,DESM-100,2016,2017-04-25,10
289203,900289203,DESM,DESM-100,2016,2016-10-30,10
289204,900289204,DESM,DESM-300,2015,2015-11-02,10
289205,900289205,DESM,DESM-100,2020,2021-05-22,10
289206,900289206,DESM,DESM-300,2013,2013-09-13,10
289207,900289207,DESM,DESM-300,2023,2024-09-25,10
289208,900289208,DESM,DESM-200,2017,2017-12-21,10
289209,900289209,DESM,DESM-200,2022,2023-03-12,10
289210,900289210,DESM,DESM-100,2023,2023-07-10,10
289211,900289211,DESM,DESM-300,2015,2015-03-22,10
289212,900289212,DESM,DESM-300,2008,2008-08-22,10
289213,900289213,DESM,DESM-100,2019,2020-06-22,10
289214,900289214,DESM,DESM-300,2011,2012-06-04,10
289215,900289215,DESM,DESM-300,2019,2019-12-11,10
289216,900289216,DESM,DESM-200,2017,2018-03-22,10
289217,900289217,DESM,DESM-100,2016,2017-02-04,10
289218,900289218,DESM,DESM-200,2013,2014-03-05,10
289219,900289219,DESM,DESM-100,2023,2023-08-19,10
289220,900289220,DESM,DESM-100,2008,2009-06-15,10
289221,900289221,DESM,DESM-300,2014,2015-02-02,10
289222,900289222,DESM,DESM-300,2012,2012-05-28,10
289223,900289223,DESM,DESM-100,2022,2022-10-25,10
289224,900289224,DESM,DESM-300,2014,2015-05-12,10
289225,900289225,DESM,DESM-100,2012,2013-03-11,10
289226,900289226,DESM,DESM-100,2013,2013-10-05,10
289227,900289227,DESM,DESM-100,2021,2022-06-22,10
289228,900289228,DESM,DESM-100,2019,2020-04-30,10
289229,900289229,DESM,DESM-300,2014,2015-03-24,10
289230,900289230,DESM,DESM-300,2018,2018-09-05,10
289231,900289231,DESM,DESM-300,2021,2021-12-26,10
289232,900289232,DESM,DESM-100,2022,2022-04-14,10
289233,900289233,DESM,DESM-200,2013,2014-10-31,10
289234,900289234,DESM,DESM-100,2013,2013-12-29,10
289235,900289235,DESM,DESM-100,2010,2010-06-25,10
289236,900289236,DESM,DESM-200,2021,2021-05-17,10
289237,900289237,DESM,DESM-100,2020,2020-07-11,10
289238,900289238,DESM,DESM-100,2009,2009-07-28,10
289239,900289239,DESM,DESM-200,2022,2022-06-28,10
289240,900289240,DESM,DESM-100,2009,2010-01-12,10
289241,900289241,DESM,DESM-100,2008,2008-10-19,10
289242,900289242,DESM,DESM-200,2013,2013-12-14,10
289243,900289243,DESM,DESM-300,2011,2012-08-11,10
289244,900289244,DESM,DESM-100,2020,2020-09-30,10
289245,900289245,DESM,DESM-200,2015,2015-11-11,10
289246,900289246,DESM,DESM-300,2009,2010-02-13,10
289247,900289247,DESM,DESM-200,2009,2010-06-05,10
289248,900289248,DESM,DESM-200,2008,2009-02-26,10
289249,900289249,DESM,DESM-300,2017,2017-10-05,10
289250,900289250,DESM,DESM-200,2009,2010-01-04,10
289251,900289251,DESM,DESM-300,2012,2012-08-28,10
289252,900289252,DESM,DESM-200,2012,2012-12-22,10
289253,900289253,DESM,DESM-200,2013,2013-05-01,10
290855,900290855,SWPH,SWPH-300,2017,2017-12-27,12
297164,900297164,DESM,DESM-300,2018,2019-05-09,10
297165,900297165,DESM,DESM-300,2014,2014-07-09,10
298483,900298483,SWPH,SWPH-300,2023,2023-07-12,12
298484,900298484,SWPH,SWPH-200,2018,2018-09-18,12
298485,900298485,SWPH,SWPH-300,2023,2024-03-07,12
302178,900302178,SWPH,SWPH-300,2014,2014-10-18,12
302179,900302179,SWPH,SWPH-300,2014,2014-12-13,12
302180,900302180,SWPH,SWPH-200,2019,2020-09-01,12
302181,900302181,SWPH,SWPH-200,2017,2017-07-21,12
302182,900302182,SWPH,SWPH-100,2022,2022-11-09,12
302183,900302183,SWMS,SWMS-300,2022,2022-08-11,15
302184,900302184,SWMS,SWMS-300,2021,2022-03-16,15
302185,900302185,DESM,DESM-300,2022,2022-11-11,10
302186,900302186,DESM,DESM-100,2012,2013-04-06,10
302187,900302187,DESM,DESM-200,2016,2016-11-01,10
302188,900302188,DESM,DESM-100,2014,2014-04-15,10
302189,900302189,DESM,DESM-100,2019,2019-09-18,10
302190,900302190,DESM,DESM-200,2014,2014-05-13,10
302191,900302191,DESM,DESM-200,2022,2023-04-30,10
302192,900302192,DESM,DESM-200,2008,2009-11-30,10
302193,900302193,DESM,DESM-200,2017,2018-01-30,10
302194,900302194,DESM,DESM-300,2021,2022-01-27,10
302195,900302195,DESM,DESM-200,2011,2012-03-24,10
302196,900302196,DESM,DESM-100,2008,2008-05-10,10
302197,900302197,DESM,DESM-300,2011,2012-04-25,10
302198,900302198,DESM,DESM-300,2008,2009-08-15,10
302199,900302199,DESM,DESM-100,2011,2011-12-06,10
302200,900302200,DESM,DESM-300,2012,2012-09-25,10
304353,900304353,SWPH,SWPH-200,2023,2024-09-17,12
304354,900304354,SWPH,SWPH-300,2014,2014-11-27,12
305212,900305212,SWPH,SWPH-100,2011,2012-05-23,12
305213,900305213,SWPH,SWPH-300,2011,2012-01-02,12
305214,900305214,SWPH,SWPH-300,2012,2012-12-19,12
305215,900305215,SWPH,SWPH-200,2010,2010-09-03,12
305216,900305216,SWPH,SWPH-100,2021,2022-02-10,12
305217,900305217,SWPH,SWPH-200,2014,2014-11-22,12
305218,900305218,SWPH,SWPH-300,2014,2015-02-04,12
305219,900305219,SWMS,SWMS-100,2023,2023-06-13,15
305220,900305220,SWMS,SWMS-100,2020,2020-08-15,15
305221,900305221,SWPH,SWPH-100,2023,2024-02-09,12
305222,900305222,SWMS,SWMS-100,2011,2012-04-14,15
305223,900305223,SWPH,SWPH-100,2018,2018-10-02,12
307925,900307925,SWAV,SWAV-200,2016,2017-08-29,15
308076,900308076,PUCE,PUCE-100,2013,2013-11-22,10
308077,900308077,PUCE,PUCE-100,2013,2014-05-18,10
308170,900308170,SWAV,SWAV-100,2017,2018-03-03,15
308171,900308171,SWAV,SWAV-300,2018,2018-10-14,15
308172,900308172,SWAV,SWAV-300,2014,2015-02-22,15
308173,900308173,SWAV,SWAV-300,2021,2022-02-06,15
308174,900308174,SWAV,SWAV-300,2010,2011-02-26,15
308175,900308175,SWAV,SWAV-300,2020,2020-09-05,15
308178,900308178,SWAV,SWAV-200,2023,2023-07-31,15
308179,900308179,SWAV,SWAV-100,2019,2020-06-16,15
308185,900308185,SWAV,SWAV-300,2016,2016-04-27,15
308186,900308186,SWAV,SWAV-300,2013,2014-04-12,15
308187,900308187,SWAV,SWAV-100,2022,2022-07-23,15
308188,900308188,SWAV,SWAV-300,2019,2019-06-16,15
313013,900313013,DEDR,DEDR-300,2016,2017-01-22,15
314387,900314387,ELUP,ELUP-100,2021,2022-10-16,8
316137,900316137,DEDR,DEDR-200,2020,2020-10-30,15
316138,900316138,ELUP,ELUP-300,2016,2016-06-09,8
316173,900316173,ELUP,ELUP-200,2016,2017-03-24,8
316174,900316174,ELUP,ELUP-300,2023,2024-03-04,8
321167,900321167,SWPH,SWPH-300,2009,2009-06-04,12
321855,900321855,DEDR,DEDR-200,2022,2022-11-22,15
330206,900330206,SWAV,SWAV-300,2011,2012-09-06,15
330207,900330207,DEDR,DEDR-300,2023,2024-02-26,15
330208,900330208,SWAV,SWAV-200,2015,2016-01-01,15
330209,900330209,DEMO,DEMO-300,2021,2022-10-20,10
330219,900330219,SWAV,SWAV-100,2017,2018-01-27,15
330220,900330220,DEMO,DEMO-300,2016,2017-03-01,10
330221,900330221,DEDR,DEDR-200,2012,2012-02-15,15
330222,900330222,DEDR,DEDR-100,2011,2012-06-15,15
330223,900330223,DEMO,DEMO-100,2020,2021-01-11,10
330232,900330232,SWAV,SWAV-300,2010,2010-12-30,15
330233,900330233,DEMO,DEMO-100,2015,2016-03-19,10
330234,900330234,DEDR,DEDR-300,2011,2011-06-21,15
330235,900330235,DEDR,DEDR-200,2023,2024-01-29,15
330236,900330236,DEMO,DEMO-300,2019,2020-05-04,10
330237,900330237,DEDR,DEDR-300,2013,2013-08-25,15
330246,900330246,SWAV,SWAV-100,2015,2015-09-03,15
330247,900330247,DEMO,DEMO-300,2018,2019-01-23,10
330248,900330248,DEDR,DEDR-300,2015,2015-12-17,15
330249,900330249,DEDR,DEDR-300,2021,2021-07-12,15
330258,900330258,DEMO,DEMO-100,2016,2016-12-25,10
330259,900330259,DEDR,DEDR-300,2011,2012-05-26,15
330260,900330260,DEH9,DEH9-100,2018,2019-01-30,15
330261,900330261,DEH9,DEH9-100,2019,2019-08-26,15
330262,900330262,DEH9,DEH9-300,2023,2024-02-01,15
330263,900330263,DEMO,DEMO-100,2017,2017-08-01,10
330264,900330264,DEDR,DEDR-200,2012,2013-06-20,15
330288,900330288,DEDR,DEDR-300,2016,2016-12-11,15
330317,900330317,DEDR,DEDR-300,2010,2010-09-17,15
330326,900330326,DEDR,DEDR-200,2022,2022-10-03,15
330329,900330329,DEDR,DEDR-200,2018,2018-10-19,15
330330,900330330,ELUP,ELUP-200,2008,2008-12-30,8
330331,900330331,ELUP,ELUP-100,2017,2018-04-25,8
330332,900330332,DEDR,DEDR-300,2013,2013-12-16,15
330352,900330352,DEDR,DEDR-100,2016,2016-09-06,15
330378,900330378,DEDR,DEDR-200,2008,2009-07-04,15
330389,900330389,DEDR,DEDR-100,2021,2021-08-16,15
330398,900330398,DEDR,DEDR-100,2013,2013-11-26,15
330399,900330399,DEDR,DEDR-300,2010,2010-12-31,15
330400,900330400,DEMO,DEMO-300,2021,2022-05-16,10
330401,900330401,SWAV,SWAV-100,2018,2018-11-17,15
330410,900330410,DEMO,DEMO-200,2010,2011-07-20,10
330411,900330411,DEMO,DEMO-100,2013,2013-10-25,10
330412,900330412,DEDR,DEDR-200,2021,2022-01-28,15
330413,900330413,DEDR,DEDR-100,2018,2019-02-07,15
330422,900330422,DEMO,DEMO-200,2014,2014-11-30,10
330431,900330431,SWAV,SWAV-300,2012,2013-03-03,15
330432,900330432,DEMO,DEMO-200,2022,2023-08-14,10
330433,900330433,DEDR,DEDR-100,2016,2017-10-04,15
330434,900330434,DEDR,DEDR-300,2011,2012-02-04,15
330435,900330435,DEDR,DEDR-300,2008,2008-07-14,15
330436,900330436,DEMO,DEMO-300,2010,2010-06-09,10
330437,900330437,SWAV,SWAV-300,2013,2014-07-29,15
330446,900330446,SWAV,SWAV-100,2023,2024-03-10,15
330447,900330447,DEMO,DEMO-200,2010,2011-02-01,10
330448,900330448,DEDR,DEDR-200,2015,2016-09-26,15
330449,900330449,DEDR,DEDR-100,2021,2021-12-05,15
330450,900330450,DEMO,DEMO-200,2013,2013-12-21,10
330451,900330451,DEDR,DEDR-300,2023,2024-07-02,15
330460,900330460,SWAV,SWAV-200,2013,2013-05-17,15
330461,900330461,DEMO,DEMO-300,2011,2012-02-27,10
330462,900330462,DEDR,DEDR-300,2023,2023-03-05,15
330471,900330471,SWAV,SWAV-100,2012,2012-07-14,15
330472,900330472,DEMO,DEMO-200,2011,2012-01-28,10
330473,900330473,DEDR,DEDR-200,2016,2016-11-26,15
330474,900330474,DEDR,DEDR-100,2020,2021-05-26,15
330475,900330475,DEDR,DEDR-100,2014,2015-03-10,15
330484,900330484,SWAV,SWAV-300,2023,2024-05-06,15
330485,900330485,DEMO,DEMO-300,2016,2017-01-05,10
330486,900330486,DEDR,DEDR-200,2022,2023-07-29,15
330487,900330487,DEDR,DEDR-300,2013,2014-02-23,15
330488,900330488,DEDR,DEDR-200,2016,2017-04-01,15
330489,900330489,DEMO,DEMO-100,2016,2016-10-05,10
330498,900330498,DEH9,DEH9-200,2019,2019-05-12,15
330499,900330499,DEH9,DEH9-300,2014,2015-09-19,15
330500,900330500,DEH9,DEH9-200,2009,2010-10-11,15
330501,900330501,DEH9,DEH9-300,2020,2020-12-15,15
330502,900330502,DEH9,DEH9-300,2018,2019-09-12,15
330503,900330503,DEH9,DEH9-100,2021,2022-01-21,15
330512,900330512,SWAV,SWAV-200,2017,2017-05-30,15
330513,900330513,DEMO,DEMO-300,2014,2014-08-16,10
330514,900330514,DEDR,DEDR-100,2011,2011-05-17,15
330515,900330515,DEDR,DEDR-100,2016,2016-07-16,15
330516,900330516,DEDR,DEDR-100,2021,2021-10-16,15
330517,900330517,DEMO,DEMO-100,2019,2020-05-19,10
330518,900330518,SWAV,SWAV-300,2020,2021-07-08,15
330527,900330527,SWAV,SWAV-100,2010,2011-05-01,15
330528,900330528,DEMO,DEMO-200,2011,2012-04-03,10
330529,900330529,DEDR,DEDR-100,2018,2019-08-07,15
330530,900330530,DEDR,DEDR-100,2020,2020-09-12,15
330531,900330531,DEDR,DEDR-200,2016,2017-04-27,15
330532,900330532,DEMO,DEMO-200,2017,2017-11-07,10
330541,900330541,SWAV,SWAV-100,2008,2008-11-09,15
330542,900330542,DEMO,DEMO-100,2023,2024-05-30,10
330543,900330543,DEDR,DEDR-100,2018,2019-08-02,15
330552,900330552,DEMO,DEMO-200,2021,2022-01-16,10
330553,900330553,DEDR,DEDR-200,2022,2022-11-19,15
330554,900330554,DEDR,DEDR-100,2017,2017-04-18,15
330563,900330563,DEDR,DEDR-200,2011,2011-10-31,15
330564,900330564,DEDR,DEDR-300,2023,2024-03-24,15
330565,900330565,DEDR,DEDR-100,2022,2023-09-07,15
330566,900330566,ELUP,ELUP-300,2012,2012-09-27,8
330567,900330567,ELUP,ELUP-100,2022,2023-01-02,8
330577,900330577,DEDR,DEDR-200,2012,2013-07-26,15
330578,900330578,DEDR,DEDR-200,2018,2018-09-02,15
330579,900330579,DEMO,DEMO-300,2012,2012-08-30,10
330580,900330580,DEMO,DEMO-200,2015,2015-09-04,10
330589,900330589,SWAV,SWAV-300,2014,2014-06-23,15
330590,900330590,DEMO,DEMO-100,2013,2013-12-24,10
330591,900330591,DEDR,DEDR-300,2023,2023-11-02,15
330593,900330593,DEDR,DEDR-300,2021,2022-05-29,15
330594,900330594,DEDR,DEDR-200,2020,2021-01-12,15
330595,900330595,DEMO,DEMO-200,2013,2013-12-14,10
330596,900330596,DEDR,DEDR-100,2021,2022-06-22,15
330605,900330605,DEDR,DEDR-200,2019,2019-10-29,15
330606,900330606,DETM,DETM-200,2018,2019-01-25,10
330607,900330607,DEDR,DEDR-100,2011,2012-02-01,15
330608,900330608,DEDR,DEDR-200,2011,2012-05-03,15
330609,900330609,ELUP,ELUP-100,2023,2023-08-18,8
330610,900330610,ELUP,ELUP-200,2014,2015-01-27,8
330611,900330611,DEDR,DEDR-200,2022,2023-04-01,15
330620,900330620,DEMO,DEMO-100,2016,2016-08-27,10
330631,900330631,DEFL,DEFL-100,2017,2018-03-22,10
330632,900330632,DETM,DETM-200,2021,2022-01-13,10
330641,900330641,SWAV,SWAV-300,2016,2016-12-27,15
330642,900330642,DEMO,DEMO-300,2016,2017-08-21,10
330643,900330643,DEDR,DEDR-300,2008,2008-08-30,15
330644,900330644,DEDR,DEDR-200,2010,2010-08-23,15
330645,900330645,DEDR,DEDR-100,2021,2022-09-21,15
330646,900330646,DEMO,DEMO-100,2018,2019-05-03,10
330655,900330655,DEDR,DEDR-300,2008,2009-01-15,15
330656,900330656,DEMO,DEMO-300,2023,2024-03-01,10
330657,900330657,DEMO,DEMO-200,2016,2017-04-09,10
330666,900330666,SWAV,SWAV-100,2015,2016-05-06,15
330667,900330667,DEMO,DEMO-100,2013,2013-11-23,10
330668,900330668,DEDR,DEDR-300,2021,2022-04-01,15
330669,900330669,DEDR,DEDR-200,2013,2013-07-01,15
330670,900330670,DEDR,DEDR-200,2023,2023-08-07,15
330671,900330671,DEMO,DEMO-300,2018,2019-04-01,10
330672,900330672,DEDR,DEDR-300,2017,2017-07-18,15
330673,900330673,DEDR,DEDR-100,2015,2015-12-19,15
330682,900330682,DEDR,DEDR-300,2016,2017-04-28,15
330683,900330683,DEDR,DEDR-100,2013,2013-04-05,15
330692,900330692,SWAV,SWAV-100,2018,2019-09-08,15
330693,900330693,DEMO,DEMO-300,2016,2016-09-25,10
330694,900330694,DEDR,DEDR-300,2011,2012-02-07,15
330695,900330695,DEDR,DEDR-300,2012,2012-08-04,15
330696,900330696,DEDR,DEDR-100,2010,2011-09-14,15
330697,900330697,DEMO,DEMO-100,2013,2014-05-19,10
330706,900330706,SWAV,SWAV-100,2020,2021-01-28,15
330707,900330707,DEMO,DEMO-100,2014,2015-02-09,10
330708,900330708,DEDR,DEDR-300,2017,2018-06-12,15
330709,900330709,DEDR,DEDR-200,2019,2020-06-24,15
330710,900330710,DEFL,DEFL-200,2023,2023-05-24,10
330711,900330711,DETM,DETM-300,2022,2023-01-14,10
331374,900331374,DEGD,DEGD-100,2009,2009-11-26,10
331379,900331379,DEGD,DEGD-100,2016,2017-06-03,10
331384,900331384,DEGD,DEGD-300,2015,2016-02-06,10
331389,900331389,DEGD,DEGD-100,2014,2014-03-22,10
331394,900331394,DEGD,DEGD-100,2017,2018-01-14,10
331399,900331399,DEGD,DEGD-300,2010,2011-10-06,10
331404,900331404,DEGD,DEGD-200,2021,2022-06-27,10
331409,900331409,DEGD,DEGD-300,2011,2011-08-16,10
331414,900331414,DEGD,DEGD-200,2011,2012-01-08,10
331419,900331419,DEGD,DEGD-300,2018,2019-05-30,10
331424,900331424,DEGD,DEGD-100,2020,2021-02-21,10
331429,900331429,DEGD,DEGD-100,2020,2021-07-14,10
331434,900331434,DEGD,DEGD-300,2011,2012-03-10,10
331439,900331439,DEGD,DEGD-100,2013,2014-06-01,10
331444,900331444,DEGD,DEGD-300,2020,2021-02-20,10
331449,900331449,DEGD,DEGD-300,2014,2015-05-07,10
331454,900331454,DEGD,DEGD-300,2015,2015-11-27,10
331459,900331459,DEGD,DEGD-100,2008,2008-11-26,10
331464,900331464,DEGD,DEGD-200,2018,2018-10-15,10
331469,900331469,DEGD,DEGD-100,2008,2009-04-15,10
331474,900331474,DEGD,DEGD-200,2011,2011-09-13,10
331479,900331479,DEGD,DEGD-300,2015,2016-03-25,10
331484,900331484,DEGD,DEGD-200,2012,2012-12-01,10
331489,900331489,DEGD,DEGD-200,2009,2010-07-16,10
331494,900331494,DEGD,DEGD-100,2008,2009-10-26,10
331499,900331499,DEGD,DEGD-100,2020,2020-05-16,10
331519,900331519,SWSC,SWSC-300,2008,2008-08-24,10
331967,900331967,ELUP,ELUP-100,2015,2016-05-22,8
333403,900333403,DEDR,DEDR-200,2023,2023-09-13,15
333406,900333406,SWPH,SWPH-100,2012,2012-10-29,12
333407,900333407,ATFA,ATFA-200,2009,2010-02-21,15
333408,900333408,SWMS,SWMS-300,2013,2013-11-01,15
333411,900333411,SWPH,SWPH-200,2022,2023-05-10,12
333412,900333412,SWMS,SWMS-100,2015,2016-07-11,15
333415,900333415,SWPH,SWPH-100,2021,2022-06-17,12
333416,900333416,ATFA,ATFA-300,2010,2010-03-26,15
333417,900333417,SWMS,SWMS-300,2014,2015-03-18,15
333420,900333420,SWPH,SWPH-100,2016,2017-09-10,12
333421,900333421,SWMS,SWMS-300,2011,2012-01-20,15
333424,900333424,ATFA,ATFA-300,2017,2017-11-17,15
333425,900333425,SWMS,SWMS-300,2010,2010-06-15,15
333428,900333428,SWPH,SWPH-100,2015,2015-07-12,12
333429,900333429,SWMS,SWMS-100,2016,2017-03-23,15
333432,900333432,SWPH,SWPH-300,2010,2011-02-06,12
333435,900333435,PUCE,PUCE-200,2010,2010-08-21,10
333436,900333436,PUCE,PUCE-300,2018,2019-02-01,10
333439,900333439,PUCE,PUCE-300,2013,2014-03-05,10
333442,900333442,ATFA,ATFA-300,2022,2022-11-17,15
333443,900333443,SWMS,SWMS-300,2008,2008-05-24,15
333446,900333446,SWPH,SWPH-100,2010,2011-03-03,12
333447,900333447,SWMS,SWMS-300,2009,2009-09-19,15
333450,900333450,SWPH,SWPH-200,2011,2012-02-21,12
333451,900333451,ATFA,ATFA-100,2018,2018-08-22,15
333452,900333452,SWMS,SWMS-200,2018,2018-10-22,15
333455,900333455,SWPH,SWPH-100,2018,2018-07-24,12
333456,900333456,SWMS,SWMS-300,2020,2021-07-05,15
333459,900333459,ATFA,ATFA-100,2014,2015-05-25,15
333460,900333460,SWMS,SWMS-300,2021,2021-08-03,15
333463,900333463,SWPH,SWPH-300,2011,2012-01-12,12
333464,900333464,SWMS,SWMS-200,2013,2013-12-19,15
333467,900333467,SWPH,SWPH-200,2012,2012-06-09,12
333470,900333470,SWPH,SWPH-200,2018,2018-10-28,12
333471,900333471,SWPH,SWPH-300,2021,2022-02-24,12
333472,900333472,SWMS,SWMS-100,2020,2020-07-01,15
333473,900333473,SWMS,SWMS-200,2015,2016-05-16,15
333476,900333476,SWPH,SWPH-300,2011,2012-05-15,12
333477,900333477,SWPH,SWPH-200,2018,2018-11-09,12
333478,900333478,SWMS,SWMS-200,2018,2019-02-18,15
333479,900333479,SWMS,SWMS-100,2021,2022-01-21,15
333482,900333482,SWPH,SWPH-100,2020,2021-01-29,12
333483,900333483,SWPH,SWPH-100,2020,2021-07-03,12
333484,900333484,SWMS,SWMS-100,2011,2011-09-19,15
333485,900333485,SWMS,SWMS-100,2021,2022-03-05,15
333488,900333488,SWPH,SWPH-300,2022,2022-07-30,12
333489,900333489,SWPH,SWPH-200,2008,2009-08-17,12
333490,900333490,SWMS,SWMS-300,2010,2011-03-20,15
333491,900333491,SWMS,SWMS-200,2019,2019-03-13,15
333494,900333494,ATFA,ATFA-200,2008,2008-09-21,15
333495,900333495,SWPH,SWPH-200,2010,2010-07-31,12
333496,900333496,SWMS,SWMS-300,2019,2020-07-31,15
333497,900333497,SWMS,SWMS-100,2019,2019-06-13,15
333500,900333500,SWPH,SWPH-300,2008,2008-12-13,12
333501,900333501,SWPH,SWPH-300,2012,2013-06-01,12
333502,900333502,SWMS,SWMS-300,2014,2015-02-16,15
333503,900333503,SWMS,SWMS-300,2019,2019-07-12,15
333506,900333506,SWPH,SWPH-300,2008,2008-12-15,12
333507,900333507,SWPH,SWPH-300,2009,2009-10-20,12
333508,900333508,SWMS,SWMS-300,2017,2017-04-28,15
333509,900333509,SWMS,SWMS-200,2013,2013-09-05,15
333512,900333512,SWPH,SWPH-300,2014,2014-07-04,12
333513,900333513,SWPH,SWPH-100,2022,2023-05-17,12
333514,900333514,SWMS,SWMS-100,2021,2022-06-22,15
333515,900333515,SWMS,SWMS-100,2022,2023-08-22,15
333518,900333518,SWPH,SWPH-200,2009,2009-12-18,12
333519,900333519,SWPH,SWPH-200,2020,2020-03-23,12
333520,900333520,SWPH,SWPH-100,2015,2016-03-24,12
333521,900333521,SWMS,SWMS-300,2016,2016-09-02,15
333524,900333524,SWPH,SWPH-300,2008,2009-01-10,12
333525,900333525,SWPH,SWPH-300,2015,2016-03-01,12
333526,900333526,SWMS,SWMS-200,2015,2015-09-19,15
333527,900333527,SWMS,SWMS-100,2017,2017-08-23,15
333530,900333530,SWPH,SWPH-200,2014,2015-03-28,12
333531,900333531,SWPH,SWPH-300,2023,2023-11-10,12
333532,900333532,SWPH,SWPH-100,2013,2014-01-19,12
333533,900333533,SWPH,SWPH-300,2010,2011-02-28,12
333536,900333536,SWPH,SWPH-200,2016,2016-11-24,12
333537,900333537,SWPH,SWPH-300,2020,2021-08-14,12
333538,900333538,SWPH,SWPH-200,2008,2009-07-28,12
333539,900333539,SWPH,SWPH-300,2011,2012-09-23,12
333540,900333540,SWPH,SWPH-200,2014,2014-09-06,12
333543,900333543,SWPH,SWPH-200,2020,2020-09-06,12
333544,900333544,SWPH,SWPH-100,2022,2023-06-18,12
333545,900333545,SWMS,SWMS-100,2020,2021-06-01,15
333546,900333546,SWMS,SWMS-300,2022,2023-05-18,15
333549,900333549,SWPH,SWPH-100,2008,2008-06-15,12
333550,900333550,ATFA,ATFA-100,2011,2011-10-14,15
333551,900333551,SWMS,SWMS-100,2009,2009-07-22,15
333554,900333554,SWPH,SWPH-200,2019,2019-11-28,12
333555,900333555,SWMS,SWMS-100,2020,2021-09-11,15
333558,900333558,ATFA,ATFA-300,2008,2008-10-08,15
333559,900333559,SWMS,SWMS-200,2016,2017-05-27,15
333562,900333562,SWPH,SWPH-200,2012,2012-05-06,12
333563,900333563,SWMS,SWMS-300,2011,2011-12-25,15
333566,900333566,ATFA,ATFA-100,2009,2010-05-12,15
333567,900333567,SWMS,SWMS-200,2017,2018-05-02,15
333570,900333570,SWPH,SWPH-200,2020,2020-10-25,12
333571,900333571,SWMS,SWMS-300,2012,2012-10-03,15
333574,900333574,SWPH,SWPH-100,2014,2015-05-13,12
333575,900333575,ATFA,ATFA-100,2015,2015-03-23,15
333576,900333576,SWMS,SWMS-300,2015,2016-07-10,15
333579,900333579,SWPH,SWPH-200,2013,2014-07-05,12
333580,900333580,SWMS,SWMS-300,2012,2013-05-30,15
333583,900333583,SWPH,SWPH-200,2017,2018-02-11,12
333586,900333586,SWPH,SWPH-200,2011,2011-11-17,12
333587,900333587,ATFA,ATFA-100,2022,2022-07-04,15
333588,900333588,SWMS,SWMS-100,2018,2018-06-14,15
333591,900333591,SWPH,SWPH-200,2017,2017-03-04,12
333592,900333592,SWMS,SWMS-200,2010,2011-06-26,15
333595,900333595,ATFA,ATFA-300,2019,2020-02-04,15
333596,900333596,SWMS,SWMS-200,2018,2019-08-22,15
333599,900333599,SWPH,SWPH-300,2015,2016-02-15,12
333600,900333600,SWMS,SWMS-200,2012,2012-11-02,15
333603,900333603,ATFA,ATFA-100,2023,2023-05-05,15
333604,900333604,SWMS,SWMS-200,2010,2010-11-11,15
333607,900333607,SWPH,SWPH-300,2008,2009-03-01,12
333608,900333608,SWMS,SWMS-300,2011,2011-04-26,15
333611,900333611,SWPH,SWPH-100,2019,2020-06-30,12
333612,900333612,ATFA,ATFA-100,2012,2013-02-05,15
333613,900333613,SWMS,SWMS-200,2008,2009-04-26,15
333616,900333616,SWPH,SWPH-300,2008,2008-08-28,12
333617,900333617,SWMS,SWMS-100,2021,2022-04-12,15
333620,900333620,SWPH,SWPH-100,2023,2024-05-09,12
333621,900333621,ATFA,ATFA-100,2017,2017-10-21,15
333622,900333622,SWMS,SWMS-100,2009,2009-08-08,15
333625,900333625,SWPH,SWPH-100,2012,2012-11-29,12
333626,900333626,SWMS,SWMS-200,2017,2018-06-21,15
333629,900333629,SWPH,SWPH-100,2020,2021-01-19,12
333630,900333630,ATFA,ATFA-300,2010,2010-10-27,15
333631,900333631,SWMS,SWMS-200,2010,2010-09-21,15
333634,900333634,SWPH,SWPH-100,2023,2024-03-18,12
333635,900333635,SWMS,SWMS-100,2017,2017-10-11,15
333638,900333638,SWPH,SWPH-200,2019,2020-01-20,12
333641,900333641,PUCE,PUCE-100,2008,2009-02-17,10
333642,900333642,PUCE,PUCE-100,2013,2014-01-01,10
333645,900333645,SWPH,SWPH-200,2022,2023-08-25,12
333646,900333646,ATFA,ATFA-200,2008,2008-11-20,15
333647,900333647,ATFA,ATFA-300,2009,2009-10-10,15
333648,900333648,SWMS,SWMS-200,2013,2013-06-20,15
333649,900333649,SWMS,SWMS-300,2008,2008-07-26,15
333652,900333652,SWPH,SWPH-100,2013,2013-08-27,12
333653,900333653,SWMS,SWMS-100,2015,2016-04-21,15
333656,900333656,SWPH,SWPH-300,2013,2014-03-24,12
333657,900333657,SWMS,SWMS-200,2013,2013-07-20,15
333660,900333660,SWPH,SWPH-300,2017,2017-11-28,12
333663,900333663,SWPH,SWPH-100,2015,2015-12-03,12
333664,900333664,SWPH,SWPH-200,2013,2014-06-17,12
333665,900333665,SWMS,SWMS-100,2018,2018-09-24,15
333666,900333666,SWMS,SWMS-100,2016,2016-11-21,15
333669,900333669,SWPH,SWPH-300,2019,2020-09-21,12
333670,900333670,SWPH,SWPH-200,2009,2009-04-05,12
333671,900333671,SWMS,SWMS-300,2015,2016-08-13,15
333672,900333672,SWMS,SWMS-200,2022,2023-01-11,15
333675,900333675,SWPH,SWPH-200,2015,2015-08-03,12
333676,900333676,SWPH,SWPH-200,2010,2011-03-02,12
333677,900333677,SWMS,SWMS-300,2018,2019-01-01,15
333678,900333678,SWMS,SWMS-100,2014,2014-08-01,15
333681,900333681,SWPH,SWPH-200,2013,2013-12-24,12
333682,900333682,ATFA,ATFA-300,2015,2015-11-18,15
333683,900333683,SWMS,SWMS-200,2015,2015-12-16,15
333684,900333684,SWMS,SWMS-200,2021,2022-02-21,15
333687,900333687,SWPH,SWPH-300,2012,2013-03-12,12
333688,900333688,SWPH,SWPH-100,2019,2019-12-24,12
333689,900333689,SWMS,SWMS-300,2020,2021-10-27,15
333690,900333690,SWMS,SWMS-200,2010,2010-05-05,15
333693,900333693,SWPH,SWPH-300,2019,2020-10-11,12
333694,900333694,SWPH,SWPH-300,2013,2014-05-03,12
333695,900333695,SWMS,SWMS-300,2017,2017-11-23,15
333696,900333696,SWMS,SWMS-200,2023,2024-05-12,15
333699,900333699,SWPH,SWPH-100,2008,2008-08-22,12
333700,900333700,SWPH,SWPH-200,2019,2019-05-14,12
333701,900333701,SWMS,SWMS-200,2020,2021-03-01,15
333702,900333702,SWMS,SWMS-100,2010,2011-09-06,15
333705,900333705,SWPH,SWPH-200,2013,2014-04-24,12
333706,900333706,SWPH,SWPH-100,2015,2016-03-29,12
333707,900333707,SWMS,SWMS-300,2017,2018-04-29,15
333708,900333708,SWMS,SWMS-300,2017,2018-01-23,15
333711,900333711,SWPH,SWPH-300,2020,2021-01-14,12
333712,900333712,SWPH,SWPH-100,2015,2015-08-04,12
333713,900333713,SWPH,SWPH-100,2017,2018-05-25,12
333714,900333714,SWMS,SWMS-300,2016,2016-05-17,15
333717,900333717,SWPH,SWPH-300,2023,2023-07-07,12
333718,900333718,SWPH,SWPH-300,2012,2013-09-30,12
333719,900333719,SWMS,SWMS-100,2019,2019-10-11,15
333720,900333720,SWMS,SWMS-100,2008,2008-10-18,15
333723,900333723,SWPH,SWPH-200,2012,2013-06-14,12
333724,900333724,SWPH,SWPH-100,2009,2010-09-11,12
333725,900333725,SWPH,SWPH-200,2021,2022-03-19,12
333726,900333726,SWPH,SWPH-100,2011,2011-09-10,12
333729,900333729,SWPH,SWPH-300,2018,2019-04-14,12
333730,900333730,SWPH,SWPH-300,2023,2024-01-17,12
333731,900333731,SWPH,SWPH-200,2017,2018-03-23,12
333732,900333732,SWPH,SWPH-200,2015,2016-03-16,12
333733,900333733,SWPH,SWPH-300,2008,2009-04-05,12
333736,900333736,SWPH,SWPH-300,2021,2022-02-10,12
333737,900333737,SWPH,SWPH-100,2017,2017-08-29,12
333738,900333738,SWMS,SWMS-100,2014,2014-12-08,15
333739,900333739,SWMS,SWMS-300,2021,2021-06-07,15
333742,900333742,PUCE,PUCE-200,2009,2009-03-08,10
333743,900333743,PUCE,PUCE-200,2021,2022-01-28,10
333746,900333746,PUCE,PUCE-300,2013,2013-12-22,10
333749,900333749,SWPH,SWPH-200,2008,2009-02-06,12
333750,900333750,ATFA,ATFA-300,2023,2024-01-12,15
333751,900333751,SWMS,SWMS-100,2012,2013-05-02,15
333754,900333754,SWPH,SWPH-300,2008,2009-02-08,12
333755,900333755,SWMS,SWMS-100,2012,2012-07-27,15
333758,900333758,SWPH,SWPH-200,2008,2009-10-06,12
333759,900333759,SWMS,SWMS-100,2012,2013-03-17,15
333762,900333762,SWPH,SWPH-200,2009,2010-06-20,12
333763,900333763,SWPH,SWPH-200,2019,2020-09-12,12
333764,900333764,ATFA,ATFA-300,2010,2011-03-10,15
333765,900333765,SWMS,SWMS-100,2008,2009-06-12,15
333768,900333768,SWPH,SWPH-100,2010,2011-02-27,12
333769,900333769,ATFA,ATFA-200,2008,2009-01-15,15
333770,900333770,SWMS,SWMS-100,2016,2016-04-12,15
333773,900333773,SWPH,SWPH-300,2018,2018-03-05,12
333774,900333774,SWMS,SWMS-200,2011,2012-09-15,15
333777,900333777,SWPH,SWPH-100,2013,2014-01-17,12
333778,900333778,SWMS,SWMS-300,2018,2019-08-21,15
333781,900333781,PUCE,PUCE-100,2009,2010-04-28,10
333782,900333782,PUCE,PUCE-200,2015,2015-07-01,10
333785,900333785,PUCE,PUCE-200,2011,2011-10-06,10
333786,900333786,ATFA,ATFA-200,2012,2012-11-03,15
333787,900333787,SWMS,SWMS-300,2021,2021-06-02,15
333894,900333894,DEMC,DEMC-300,2017,2018-05-28,10
333895,900333895,DEMC,DEMC-100,2019,2020-09-06,10
333896,900333896,DEMC,DEMC-200,2021,2021-11-21,10
333897,900333897,DEMC,DEMC-100,2022,2022-02-02,10
333898,900333898,DEMC,DEMC-300,2019,2019-12-01,10
333899,900333899,DEMC,DEMC-300,2013,2013-08-09,10
333900,900333900,DESM,DESM-200,2011,2011-10-30,10
333901,900333901,DESM,DESM-200,2022,2022-10-23,10
333902,900333902,DESM,DESM-100,2020,2021-03-12,10
333903,900333903,DESM,DESM-300,2022,2022-08-28,10
333904,900333904,DESM,DESM-300,2020,2021-07-30,10
333905,900333905,DESM,DESM-200,2008,2008-10-28,10
333906,900333906,DESM,DESM-200,2011,2012-09-06,10
333907,900333907,DESM,DESM-300,2017,2018-03-25,10
333908,900333908,DESM,DESM-200,2021,2022-05-13,10
333909,900333909,DESM,DESM-300,2010,2010-09-21,10
333910,900333910,DESM,DESM-300,2015,2016-06-20,10
333911,900333911,DESM,DESM-200,2014,2015-05-21,10
333912,900333912,DESM,DESM-100,2021,2022-03-13,10
333913,900333913,DESM,DESM-200,2010,2010-11-26,10
333914,900333914,DESM,DESM-100,2022,2022-06-04,10
333915,900333915,DESM,DESM-300,2012,2013-06-21,10
333916,900333916,DESM,DESM-300,2020,2020-07-29,10
333917,900333917,DESM,DESM-100,2008,2008-08-24,10
333918,900333918,DESM,DESM-100,2023,2023-09-07,10
333919,900333919,DESM,DESM-300,2020,2020-04-05,10
333920,900333920,DESM,DESM-100,2014,2015-03-09,10
333921,900333921,DESM,DESM-200,2015,2015-12-13,10
333922,900333922,DESM,DESM-100,2011,2012-01-15,10
333923,900333923,DESM,DESM-300,2023,2024-03-30,10
333924,900333924,DESM,DESM-300,2020,2021-02-12,10
333925,900333925,DESM,DESM-100,2023,2024-05-20,10
333926,900333926,DESM,DESM-100,2012,2013-06-25,10
333927,900333927,DESM,DESM-300,2020,2021-05-08,10
333928,900333928,DESM,DESM-200,2022,2023-06-27,10
333929,900333929,DESM,DESM-300,2013,2013-07-17,10
333930,900333930,DESM,DESM-200,2010,2010-07-05,10
333931,900333931,DESM,DESM-100,2013,2013-11-05,10
333932,900333932,DESM,DESM-300,2022,2023-02-26,10
333933,900333933,DESM,DESM-300,2017,2017-05-27,10
333934,900333934,DESM,DESM-100,2021,2021-08-12,10
333935,900333935,DESM,DESM-100,2019,2020-02-28,10
333936,900333936,DESM,DESM-200,2014,2015-08-12,10
333937,900333937,DESM,DESM-200,2011,2012-09-13,10
333938,900333938,DESM,DESM-200,2018,2019-01-23,10
333939,900333939,DESM,DESM-100,2011,2012-09-29,10
333940,900333940,DESM,DESM-100,2013,2013-10-24,10
333943,900333943,DEMC,DEMC-300,2010,2010-02-15,10
333944,900333944,DEMC,DEMC-100,2011,2012-02-18,10
333945,900333945,DEMC,DEMC-100,2014,2014-06-01,10
333946,900333946,DEMC,DEMC-200,2011,2011-09-20,10
333947,900333947,DEMC,DEMC-300,2018,2019-08-12,10
333948,900333948,DEMC,DEMC-300,2015,2016-03-01,10
333949,900333949,DESM,DESM-300,2015,2015-09-15,10
333950,900333950,DESM,DESM-300,2013,2013-12-04,10
333951,900333951,DESM,DESM-200,2022,2023-02-13,10
333952,900333952,DESM,DESM-100,2015,2016-01-21,10
333953,900333953,DESM,DESM-200,2019,2020-05-28,10
333954,900333954,DESM,DESM-200,2023,2024-07-12,10
333955,900333955,DESM,DESM-100,2017,2018-06-21,10
333956,900333956,DESM,DESM-200,2015,2016-01-18,10
333957,900333957,DESM,DESM-200,2013,2014-04-23,10
333958,900333958,DESM,DESM-300,2009,2010-06-08,10
333959,900333959,DESM,DESM-100,2012,2012-12-02,10
333960,900333960,DESM,DESM-100,2022,2023-03-20,10
333961,900333961,DESM,DESM-200,2018,2019-06-20,10
333962,900333962,DESM,DESM-100,2013,2013-12-08,10
333963,900333963,DESM,DESM-300,2018,2019-06-09,10
333964,900333964,DESM,DESM-300,2012,2013-04-09,10
333965,900333965,DESM,DESM-100,2013,2013-06-19,10
333966,900333966,DESM,DESM-300,2011,2011-09-15,10
333967,900333967,DESM,DESM-100,2010,2011-06-02,10
333968,900333968,DESM,DESM-200,2022,2022-04-13,10
333969,900333969,DESM,DESM-300,2019,2019-11-18,10
333970,900333970,DESM,DESM-100,2020,2021-02-20,10
333971,900333971,DESM,DESM-200,2020,2020-08-29,10
333972,900333972,DESM,DESM-200,2016,2017-02-09,10
333973,900333973,DESM,DESM-300,2016,2017-11-07,10
333974,900333974,DESM,DESM-100,2022,2023-02-16,10
333975,900333975,DESM,DESM-300,2019,2019-05-23,10
333976,900333976,DESM,DESM-200,2015,2015-12-04,10
333977,900333977,DESM,DESM-300,2020,2021-02-14,10
333978,900333978,DESM,DESM-200,2018,2018-10-13,10
333979,900333979,DESM,DESM-300,2011,2011-12-07,10
333980,900333980,DESM,DESM-200,2016,2017-01-29,10
333981,900333981,DESM,DESM-300,2009,2009-11-25,10
333982,900333982,DESM,DESM-300,2019,2020-08-16,10
333983,900333983,DESM,DESM-300,2021,2021-09-12,10
333984,900333984,DESM,DESM-100,2016,2017-07-14,10
333985,900333985,DESM,DESM-200,2022,2022-05-22,10
333986,900333986,DESM,DESM-300,2009,2009-05-30,10
333987,900333987,DESM,DESM-100,2014,2015-07-10,10
333988,900333988,DESM,DESM-300,2015,2015-12-15,10
333989,900333989,DESM,DESM-300,2023,2023-07-14,10
333990,900333990,DESM,DESM-200,2023,2024-01-23,10
333991,900333991,DESM,DESM-300,2021,2021-10-15,10
333992,900333992,DESM,DESM-300,2017,2018-01-16,10
333993,900333993,DESM,DESM-200,2021,2021-11-02,10
333994,900333994,DESM,DESM-300,2010,2010-08-18,10
333995,900333995,DESM,DESM-100,2022,2022-12-10,10
333996,900333996,DESM,DESM-300,2017,2017-11-29,10
333997,900333997,DESM,DESM-100,2022,2023-06-22,10
333998,900333998,DESM,DESM-200,2021,2021-06-05,10
334001,900334001,DEMC,DEMC-300,2020,2020-12-03,10
334002,900334002,DEMC,DEMC-100,2022,2022-03-15,10
334012,900334012,DESM,DESM-100,2022,2022-11-29,10
334013,900334013,DESM,DESM-100,2009,2009-08-08,10
334014,900334014,DESM,DESM-300,2017,2018-06-06,10
334024,900334024,DESM,DESM-100,2008,2009-02-06,10
334025,900334025,DESM,DESM-100,2017,2017-06-22,10
334043,900334043,DESM,DESM-300,2016,2016-12-17,10
334183,900334183,DEMC,DEMC-300,2011,2011-11-25,10
334184,900334184,DEMC,DEMC-300,2010,2011-02-28,10
334185,900334185,DEMC,DEMC-300,2012,2013-03-29,10
334186,900334186,DEMC,DEMC-100,2017,2018-04-01,10
334187,900334187,DEMC,DEMC-200,2016,2017-05-25,10
334188,900334188,DEMC,DEMC-300,2016,2016-11-20,10
334189,900334189,DEMC,DEMC-300,2016,2016-05-06,10
334190,900334190,DEMC,DEMC-200,2012,2013-06-16,10
334191,900334191,DEMC,DEMC-100,2013,2014-04-05,10
334192,900334192,DEMC,DEMC-100,2013,2013-12-11,10
334193,900334193,DESM,DESM-200,2008,2009-06-24,10
334194,900334194,DESM,DESM-300,2010,2010-05-06,10
334195,900334195,DESM,DESM-300,2009,2009-08-11,10
334196,900334196,DESM,DESM-100,2022,2022-12-01,10
334197,900334197,DESM,DESM-100,2017,2018-04-08,10
334198,900334198,DESM,DESM-300,2018,2018-11-16,10
334199,900334199,DESM,DESM-300,2014,2014-08-31,10
334200,900334200,DESM,DESM-100,2021,2021-08-24,10
334201,900334201,DESM,DESM-200,2019,2020-05-10,10
334202,900334202,DESM,DESM-200,2009,2010-04-10,10
334203,900334203,DESM,DESM-200,2012,2013-05-30,10
334204,900334204,DESM,DESM-200,2008,2008-04-26,10
334205,900334205,DESM,DESM-200,2010,2011-10-05,10
334206,900334206,DESM,DESM-100,2019,2019-06-30,10
334207,900334207,DESM,DESM-100,2010,2010-08-14,10
334208,900334208,DESM,DESM-200,2022,2023-02-19,10
334209,900334209,DESM,DESM-300,2009,2009-04-23,10
334210,900334210,DESM,DESM-100,2011,2012-04-15,10
334211,900334211,DESM,DESM-100,2015,2015-12-17,10
334212,900334212,DESM,DESM-200,2008,2008-10-24,10
334213,900334213,DESM,DESM-200,2013,2014-02-27,10
334214,900334214,DESM,DESM-100,2017,2018-07-24,10
334215,900334215,DESM,DESM-200,2015,2016-07-31,10
334216,900334216,DESM,DESM-300,2014,2014-05-30,10
334217,900334217,DESM,DESM-200,2013,2014-08-01,10
334218,900334218,DESM,DESM-300,2019,2020-05-23,10
334219,900334219,DESM,DESM-100,2011,2011-12-05,10
334220,900334220,DESM,DESM-100,2010,2011-01-14,10
334221,900334221,DESM,DESM-300,2021,2021-11-16,10
334222,900334222,DESM,DESM-300,2008,2009-01-08,10
334223,900334223,DESM,DESM-300,2020,2020-10-22,10
334224,900334224,DESM,DESM-200,2015,2015-09-02,10
334225,900334225,DESM,DESM-100,2015,2015-07-30,10
334226,900334226,DESM,DESM-300,2022,2023-01-12,10
334227,900334227,DESM,DESM-100,2013,2014-08-11,10
334228,900334228,DESM,DESM-100,2016,2016-10-08,10
334229,900334229,DESM,DESM-200,2015,2016-05-15,10
334230,900334230,DESM,DESM-200,2018,2018-12-24,10
334231,900334231,DESM,DESM-100,2015,2015-11-09,10
334232,900334232,DESM,DESM-200,2009,2009-12-09,10
334233,900334233,DESM,DESM-300,2022,2023-08-02,10
334234,900334234,DESM,DESM-100,2008,2008-03-21,10
334235,900334235,DESM,DESM-200,2022,2023-01-29,10
334236,900334236,DESM,DESM-200,2008,2008-12-26,10
334237,900334237,DESM,DESM-300,2018,2019-05-17,10
334238,900334238,DESM,DESM-200,2011,2011-06-17,10
334239,900334239,DESM,DESM-100,2009,2009-12-19,10
334240,900334240,DESM,DESM-200,2009,2009-09-11,10
334241,900334241,DESM,DESM-100,2023,2024-10-21,10
334242,900334242,DESM,DESM-100,2015,2016-05-08,10
334243,900334243,DESM,DESM-300,2018,2018-04-21,10
334244,900334244,DESM,DESM-200,2020,2021-03-05,10
334245,900334245,DESM,DESM-100,2021,2022-10-21,10
334246,900334246,DESM,DESM-300,2017,2017-09-18,10
334247,900334247,DESM,DESM-200,2020,2021-01-24,10
334248,900334248,DESM,DESM-100,2022,2022-10-30,10
334249,900334249,DESM,DESM-100,2022,2022-09-23,10
334253,900334253,DEMC,DEMC-100,2011,2011-08-19,10
334254,900334254,DEMC,DEMC-100,2009,2010-06-18,10
334255,900334255,DEMC,DEMC-100,2020,2020-04-20,10
334256,900334256,DEMC,DEMC-100,2016,2017-06-22,10
334257,900334257,DEMC,DEMC-200,2010,2011-03-12,10
334258,900334258,DEMC,DEMC-200,2017,2017-07-16,10
334259,900334259,DEMC,DEMC-200,2017,2017-10-03,10
334260,900334260,DEMC,DEMC-200,2011,2011-12-29,10
334261,900334261,DESM,DESM-100,2013,2014-09-26,10
334262,900334262,DESM,DESM-200,2008,2008-12-04,10
334263,900334263,DESM,DESM-300,2023,2024-08-01,10
334264,900334264,DESM,DESM-200,2021,2022-05-24,10
334265,900334265,DESM,DESM-200,2012,2013-11-14,10
334266,900334266,DESM,DESM-200,2010,2011-06-01,10
334267,900334267,DESM,DESM-100,2009,2009-10-11,10
334268,900334268,DESM,DESM-100,2022,2023-08-03,10
334269,900334269,DESM,DESM-300,2013,2013-11-19,10
334270,900334270,DESM,DESM-200,2014,2014-12-05,10
334271,900334271,DESM,DESM-300,2013,2014-06-30,10
334272,900334272,DESM,DESM-200,2015,2015-11-02,10
334273,900334273,DESM,DESM-200,2015,2015-06-10,10
334274,900334274,DESM,DESM-300,2016,2016-12-17,10
334275,900334275,DESM,DESM-200,2022,2023-06-05,10
334276,900334276,DESM,DESM-300,2011,2012-08-07,10
334277,900334277,DESM,DESM-300,2021,2021-09-15,10
334278,900334278,DESM,DESM-100,2021,2021-08-03,10
334279,900334279,DESM,DESM-300,2021,2021-04-08,10
334280,900334280,DESM,DESM-200,2014,2015-06-08,10
334281,900334281,DESM,DESM-200,2023,2023-11-01,10
334282,900334282,DESM,DESM-300,2022,2022-08-30,10
334283,900334283,DESM,DESM-200,2021,2022-01-22,10
334284,900334284,DESM,DESM-300,2015,2016-11-21,10
334285,900334285,DESM,DESM-300,2023,2023-12-10,10
334286,900334286,DESM,DESM-300,2021,2021-03-29,10
334287,900334287,DESM,DESM-200,2022,2022-10-09,10
334288,900334288,DESM,DESM-200,2022,2023-05-15,10
334289,900334289,DESM,DESM-300,2023,2023-05-25,10
334290,900334290,DESM,DESM-100,2011,2011-09-21,10
334291,900334291,DESM,DESM-200,2014,2014-07-11,10
334292,900334292,DESM,DESM-200,2014,2014-08-20,10
334293,900334293,DESM,DESM-300,2021,2021-12-18,10
334294,900334294,DESM,DESM-200,2008,2008-07-11,10
334295,900334295,DESM,DESM-100,2021,2021-08-05,10
334296,900334296,DESM,DESM-300,2019,2019-12-12,10
334297,900334297,DESM,DESM-100,2023,2023-07-23,10
334298,900334298,DESM,DESM-300,2020,2020-12-18,10
334299,900334299,DESM,DESM-300,2011,2012-05-27,10
334300,900334300,DESM,DESM-100,2014,2015-09-11,10
334301,900334301,DESM,DESM-200,2020,2020-05-03,10
334302,900334302,DESM,DESM-100,2018,2018-10-11,10
334303,900334303,DESM,DESM-200,2022,2023-04-26,10
334304,900334304,DESM,DESM-300,2021,2022-06-01,10
334305,900334305,DESM,DESM-200,2011,2012-02-16,10
334306,900334306,DESM,DESM-300,2013,2014-03-22,10
334307,900334307,DESM,DESM-300,2016,2016-11-16,10
334308,900334308,DESM,DESM-200,2012,2012-04-16,10
334309,900334309,DESM,DESM-300,2015,2016-06-05,10
334310,900334310,DESM,DESM-100,2009,2010-02-01,10
334311,900334311,DESM,DESM-300,2010,2011-01-31,10
334312,900334312,DESM,DESM-100,2023,2024-06-17,10
334313,900334313,DESM,DESM-100,2019,2019-11-27,10
334314,900334314,DESM,DESM-200,2020,2021-04-15,10
334315,900334315,DESM,DESM-200,2022,2022-10-11,10
334316,900334316,DESM,DESM-200,2023,2023-06-25,10
334317,900334317,DESM,DESM-300,2012,2012-07-23,10
334318,900334318,DESM,DESM-300,2015,2016-05-11,10
334321,900334321,DEMC,DEMC-300,2013,2013-05-13,10
334322,900334322,DEMC,DEMC-100,2013,2014-04-22,10
334323,900334323,DEMC,DEMC-200,2023,2023-05-16,10
334324,900334324,DEMC,DEMC-300,2020,2021-08-04,10
334325,900334325,DESM,DESM-100,2013,2014-01-22,10
334326,900334326,DESM,DESM-300,2018,2019-05-17,10
334327,900334327,DESM,DESM-300,2016,2016-09-13,10
334328,900334328,DESM,DESM-200,2015,2016-01-04,10
334329,900334329,DESM,DESM-200,2013,2014-07-03,10
334330,900334330,DESM,DESM-100,2021,2022-06-20,10
334331,900334331,DESM,DESM-200,2023,2024-03-19,10
334332,900334332,DESM,DESM-200,2011,2011-11-09,10
334333,900334333,DESM,DESM-300,2008,2009-02-04,10
334334,900334334,DESM,DESM-300,2021,2021-09-28,10
334335,900334335,DESM,DESM-100,2019,2020-01-21,10
334336,900334336,DESM,DESM-200,2009,2009-07-16,10
334337,900334337,DESM,DESM-100,2010,2011-02-27,10
334338,900334338,DESM,DESM-100,2009,2009-11-21,10
334339,900334339,DESM,DESM-100,2018,2019-02-21,10
334340,900334340,DESM,DESM-300,2021,2022-07-01,10
334341,900334341,DESM,DESM-100,2010,2010-08-30,10
334342,900334342,DESM,DESM-300,2019,2019-09-28,10
334343,900334343,DESM,DESM-100,2013,2013-03-06,10
334344,900334344,DESM,DESM-200,2016,2016-12-02,10
334345,900334345,DESM,DESM-300,2018,2019-01-02,10
334346,900334346,DESM,DESM-100,2018,2018-09-24,10
334347,900334347,DESM,DESM-300,2017,2017-10-23,10
334348,900334348,DESM,DESM-300,2022,2022-05-20,10
334352,900334352,DEMC,DEMC-100,2022,2022-06-27,10
334353,900334353,DEMC,DEMC-200,2015,2016-02-22,10
334354,900334354,DEMC,DEMC-200,2013,2014-01-07,10
334355,900334355,DEMC,DEMC-100,2020,2021-06-12,10
334356,900334356,DEMC,DEMC-100,2020,2020-04-27,10
334357,900334357,DEMC,DEMC-100,2018,2019-01-03,10
334358,900334358,DESM,DESM-300,2018,2019-09-11,10
334359,900334359,DESM,DESM-300,2012,2012-09-15,10
334360,900334360,DESM,DESM-300,2019,2020-01-27,10
334361,900334361,DESM,DESM-100,2020,2021-01-20,10
334362,900334362,DESM,DESM-300,2014,2015-05-05,10
334363,900334363,DESM,DESM-100,2010,2011-01-02,10
334364,900334364,DESM,DESM-200,2022,2022-11-05,10
334365,900334365,DESM,DESM-200,2008,2009-03-16,10
334366,900334366,DESM,DESM-300,2016,2016-11-22,10
334367,900334367,DESM,DESM-100,2011,2011-09-07,10
334368,900334368,DESM,DESM-300,2008,2008-10-31,10
334369,900334369,DESM,DESM-100,2009,2009-12-26,10
334370,900334370,DESM,DESM-200,2018,2019-02-08,10
334371,900334371,DESM,DESM-300,2023,2023-11-10,10
334372,900334372,DESM,DESM-100,2017,2017-05-03,10
334373,900334373,DESM,DESM-100,2015,2015-10-06,10
334374,900334374,DESM,DESM-100,2023,2024-04-04,10
334375,900334375,DESM,DESM-300,2015,2016-10-12,10
334376,900334376,DESM,DESM-300,2014,2015-10-25,10
334377,900334377,DESM,DESM-100,2010,2010-09-18,10
334378,900334378,DESM,DESM-100,2014,2015-03-22,10
334379,900334379,DESM,DESM-300,2017,2017-12-29,10
334380,900334380,DESM,DESM-300,2009,2009-06-26,10
334381,900334381,DESM,DESM-300,2019,2020-10-15,10
334382,900334382,DESM,DESM-100,2020,2020-08-20,10
334383,900334383,DESM,DESM-100,2009,2010-02-22,10
334384,900334384,DESM,DESM-100,2019,2019-05-27,10
334385,900334385,DESM,DESM-300,2017,2018-02-02,10
334386,900334386,DESM,DESM-100,2014,2014-09-12,10
334387,900334387,DESM,DESM-300,2018,2018-08-23,10
334388,900334388,DESM,DESM-200,2013,2014-05-02,10
334389,900334389,DESM,DESM-100,2016,2017-01-02,10
334390,900334390,DESM,DESM-300,2013,2014-01-26,10
334391,900334391,DESM,DESM-100,2023,2024-08-18,10
334392,900334392,DESM,DESM-100,2016,2016-08-22,10
334393,900334393,DESM,DESM-100,2010,2011-01-19,10
334394,900334394,DESM,DESM-100,2013,2014-04-23,10
334395,900334395,DESM,DESM-300,2015,2015-07-05,10
334396,900334396,DESM,DESM-200,2022,2023-03-01,10
334399,900334399,DEMC,DEMC-100,2020,2020-12-11,10
334400,900334400,DEMC,DEMC-100,2010,2010-10-27,10
334401,900334401,DEMC,DEMC-100,2012,2013-06-07,10
334402,900334402,DEMC,DEMC-300,2022,2023-03-31,10
334403,900334403,DEMC,DEMC-300,2017,2018-07-18,10
334404,900334404,DESM,DESM-300,2018,2019-06-09,10
334405,900334405,DESM,DESM-300,2021,2021-10-11,10
334406,900334406,DESM,DESM-300,2010,2010-11-28,10
334407,900334407,DESM,DESM-200,2010,2010-07-17,10
334408,900334408,DESM,DESM-200,2020,2021-11-26,10
334409,900334409,DESM,DESM-100,2022,2023-03-27,10
334410,900334410,DESM,DESM-200,2010,2010-09-15,10
334411,900334411,DESM,DESM-300,2009,2009-08-14,10
334412,900334412,DESM,DESM-300,2014,2015-01-31,10
334413,900334413,DESM,DESM-100,2023,2023-06-08,10
334414,900334414,DESM,DESM-300,2022,2022-11-02,10
334415,900334415,DESM,DESM-300,2020,2021-09-27,10
334416,900334416,DESM,DESM-200,2021,2022-01-05,10
334417,900334417,DESM,DESM-200,2012,2013-07-01,10
334418,900334418,DESM,DESM-100,2010,2011-09-26,10
334419,900334419,DESM,DESM-100,2009,2010-03-07,10
334420,900334420,DESM,DESM-200,2013,2014-07-26,10
334421,900334421,DESM,DESM-200,2012,2013-06-25,10
334422,900334422,DESM,DESM-200,2023,2023-12-22,10
334423,900334423,DESM,DESM-100,2023,2023-09-04,10
334424,900334424,DESM,DESM-100,2017,2018-04-25,10
334425,900334425,DESM,DESM-100,2013,2013-08-26,10
334426,900334426,DESM,DESM-300,2012,2012-07-15,10
334427,900334427,DESM,DESM-300,2015,2016-04-04,10
334428,900334428,DESM,DESM-200,2023,2023-11-27,10
334429,900334429,DESM,DESM-200,2013,2014-01-17,10
334430,900334430,DESM,DESM-100,2015,2016-07-17,10
334431,900334431,DESM,DESM-100,2014,2014-10-24,10
334434,900334434,DEMC,DEMC-100,2016,2017-09-12,10
334435,900334435,DEMC,DEMC-100,2023,2023-12-31,10
334436,900334436,DEMC,DEMC-300,2011,2012-04-07,10
334437,900334437,DEMC,DEMC-100,2015,2015-08-07,10
334438,900334438,DEMC,DEMC-300,2021,2021-10-31,10
334439,900334439,DESM,DESM-100,2021,2021-08-12,10
334440,900334440,DESM,DESM-200,2023,2024-04-19,10
334441,900334441,DESM,DESM-100,2013,2013-12-31,10
334442,900334442,DESM,DESM-100,2008,2009-04-10,10
334443,900334443,DESM,DESM-300,2021,2021-12-05,10
334444,900334444,DESM,DESM-300,2023,2024-11-20,10
334445,900334445,DESM,DESM-300,2013,2014-02-17,10
334446,900334446,DESM,DESM-300,2009,2009-10-21,10
334447,900334447,DESM,DESM-100,2022,2023-04-10,10
334448,900334448,DESM,DESM-100,2017,2017-11-19,10
334449,900334449,DESM,DESM-100,2014,2014-07-01,10
334450,900334450,DESM,DESM-200,2017,2017-09-06,10
334451,900334451,DESM,DESM-300,2020,2021-04-23,10
334452,900334452,DESM,DESM-300,2018,2018-05-31,10
334453,900334453,DESM,DESM-100,2017,2018-07-11,10
334454,900334454,DESM,DESM-100,2014,2014-12-03,10
334455,900334455,DESM,DESM-100,2009,2010-03-29,10
334456,900334456,DESM,DESM-300,2019,2020-05-10,10
334457,900334457,DESM,DESM-300,2016,2017-09-04,10
334458,900334458,DESM,DESM-200,2010,2010-06-21,10
334459,900334459,DESM,DESM-300,2017,2017-06-01,10
334460,900334460,DESM,DESM-100,2020,2020-05-18,10
334461,900334461,DESM,DESM-300,2016,2016-05-04,10
334462,900334462,DESM,DESM-200,2016,2016-09-11,10
334463,900334463,DESM,DESM-200,2019,2020-05-02,10
334464,900334464,DESM,DESM-200,2016,2017-04-07,10
334465,900334465,DESM,DESM-200,2016,2016-08-18,10
334466,900334466,DESM,DESM-200,2019,2020-04-25,10
334467,900334467,DESM,DESM-300,2015,2015-09-25,10
334468,900334468,DESM,DESM-300,2014,2014-12-29,10
334469,900334469,DESM,DESM-300,2013,2013-09-11,10
334470,900334470,DESM,DESM-200,2023,2023-07-02,10
334471,900334471,DESM,DESM-200,2009,2009-11-16,10
334472,900334472,DESM,DESM-300,2023,2024-04-04,10
334473,900334473,DESM,DESM-300,2012,2013-06-17,10
334474,900334474,DESM,DESM-300,2011,2012-05-25,10
334475,900334475,DESM,DESM-100,2014,2014-10-15,10
334476,900334476,DESM,DESM-300,2020,2021-03-09,10
334477,900334477,DESM,DESM-200,2022,2022-04-24,10
334478,900334478,DESM,DESM-200,2023,2024-04-05,10
334479,900334479,DESM,DESM-100,2023,2023-10-31,10
334480,900334480,DESM,DESM-100,2019,2019-07-19,10
334484,900334484,DEMC,DEMC-300,2014,2014-08-29,10
334485,900334485,DEMC,DEMC-300,2022,2022-07-21,10
334486,900334486,DEMC,DEMC-200,2020,2020-12-25,10
334487,900334487,DEMC,DEMC-100,2015,2016-04-28,10
334488,900334488,DEMC,DEMC-200,2011,2012-02-01,10
334489,900334489,DEMC,DEMC-200,2023,2024-05-22,10
334490,900334490,DESM,DESM-100,2008,2008-06-04,10
334491,900334491,DESM,DESM-200,2009,2010-08-13,10
334492,900334492,DESM,DESM-200,2017,2018-06-24,10
334493,900334493,DESM,DESM-300,2023,2024-07-22,10
334494,900334494,DESM,DESM-100,2009,2010-01-12,10
334495,900334495,DESM,DESM-200,2021,2021-11-27,10
334496,900334496,DESM,DESM-300,2010,2010-04-14,10
334497,900334497,DESM,DESM-200,2009,2009-12-18,10
334498,900334498,DESM,DESM-200,2012,2013-01-03,10
334499,900334499,DESM,DESM-100,2012,2012-09-13,10
334500,900334500,DESM,DESM-100,2013,2013-09-04,10
334501,900334501,DESM,DESM-300,2012,2013-08-04,10
334502,900334502,DESM,DESM-300,2008,2008-07-16,10
334503,900334503,DESM,DESM-100,2022,2023-01-18,10
334504,900334504,DESM,DESM-300,2009,2009-10-07,10
334505,900334505,DESM,DESM-300,2020,2020-10-10,10
334506,900334506,DESM,DESM-100,2016,2017-06-11,10
334507,900334507,DESM,DESM-300,2020,2021-06-10,10
334508,900334508,DESM,DESM-100,2015,2016-01-16,10
334509,900334509,DESM,DESM-200,2015,2015-11-27,10
334510,900334510,DESM,DESM-100,2020,2020-09-08,10
334511,900334511,DESM,DESM-200,2008,2009-04-10,10
334512,900334512,DESM,DESM-100,2019,2019-12-30,10
334513,900334513,DESM,DESM-100,2012,2012-10-21,10
334514,900334514,DESM,DESM-100,2009,2009-12-11,10
334515,900334515,DESM,DESM-100,2013,2014-02-14,10
334516,900334516,DESM,DESM-200,2022,2023-04-28,10
334517,900334517,DESM,DESM-100,2017,2018-02-04,10
334518,900334518,DESM,DESM-100,2020,2021-06-14,10
334519,900334519,DESM,DESM-200,2023,2024-02-04,10
334520,900334520,DESM,DESM-100,2015,2015-05-26,10
334521,900334521,DESM,DESM-300,2013,2014-06-17,10
334522,900334522,DESM,DESM-100,2009,2010-02-22,10
334526,900334526,DEMC,DEMC-300,2014,2015-05-19,10
334527,900334527,DEMC,DEMC-200,2013,2014-05-23,10
334528,900334528,DEMC,DEMC-200,2013,2014-03-10,10
334529,900334529,DEMC,DEMC-300,2008,2008-11-02,10
334530,900334530,DEMC,DEMC-300,2017,2017-08-24,10
334531,900334531,DESM,DESM-100,2010,2011-02-20,10
334532,900334532,DESM,DESM-300,2012,2013-01-10,10
334533,900334533,DESM,DESM-300,2014,2014-12-04,10
334534,900334534,DESM,DESM-200,2018,2019-04-01,10
334535,900334535,DESM,DESM-100,2021,2021-09-29,10
334536,900334536,DESM,DESM-200,2022,2022-07-31,10
334537,900334537,DESM,DESM-200,2014,2015-07-10,10
334538,900334538,DESM,DESM-200,2013,2013-08-14,10
334539,900334539,DESM,DESM-100,2022,2022-06-15,10
334540,900334540,DESM,DESM-100,2023,2024-04-04,10
334541,900334541,DESM,DESM-200,2016,2017-04-25,10
334542,900334542,DESM,DESM-200,2019,2019-06-14,10
334543,900334543,DESM,DESM-100,2023,2023-11-21,10
334544,900334544,DESM,DESM-100,2018,2019-08-21,10
334545,900334545,DESM,DESM-200,2010,2010-12-26,10
334546,900334546,DESM,DESM-300,2021,2021-03-23,10
334547,900334547,DESM,DESM-300,2015,2015-12-09,10
334548,900334548,DESM,DESM-300,2014,2015-04-24,10
334549,900334549,DESM,DESM-300,2020,2021-02-18,10
334550,900334550,DESM,DESM-200,2013,2014-04-12,10
334551,900334551,DESM,DESM-300,2020,2020-11-08,10
334552,900334552,DESM,DESM-300,2010,2010-11-17,10
334553,900334553,DESM,DESM-200,2008,2008-12-24,10
334554,900334554,DESM,DESM-100,2012,2013-01-28,10
334555,900334555,DESM,DESM-300,2016,2017-05-19,10
334556,900334556,DESM,DESM-200,2017,2017-12-13,10
334557,900334557,DESM,DESM-300,2015,2015-07-16,10
334558,900334558,DESM,DESM-200,2012,2013-09-07,10
334559,900334559,DESM,DESM-200,2013,2013-10-18,10
334560,900334560,DESM,DESM-300,2018,2019-02-20,10
334561,900334561,DESM,DESM-300,2011,2012-06-08,10
334562,900334562,DESM,DESM-300,2017,2017-11-22,10
334563,900334563,DESM,DESM-300,2015,2015-07-26,10
334564,900334564,DESM,DESM-100,2021,2021-09-16,10
334567,900334567,DEMC,DEMC-100,2019,2019-08-26,10
334568,900334568,DEMC,DEMC-200,2012,2012-06-11,10
334569,900334569,DEMC,DEMC-200,2014,2015-06-05,10
334570,900334570,DEMC,DEMC-200,2014,2014-10-18,10
334571,900334571,DEMC,DEMC-200,2009,2010-04-20,10
334572,900334572,DEMC,DEMC-300,2016,2016-09-21,10
334573,900334573,DESM,DESM-200,2015,2015-11-18,10
334574,900334574,DESM,DESM-200,2012,2013-09-09,10
334575,900334575,DESM,DESM-100,2017,2018-01-31,10
334576,900334576,DESM,DESM-100,2022,2023-02-25,10
334577,900334577,DESM,DESM-200,2011,2011-03-15,10
334578,900334578,DESM,DESM-300,2014,2015-04-11,10
334579,900334579,DESM,DESM-100,2011,2012-06-15,10
334580,900334580,DESM,DESM-200,2009,2010-08-31,10
334581,900334581,DESM,DESM-100,2012,2012-12-27,10
334582,900334582,DESM,DESM-300,2008,2009-05-05,10
334583,900334583,DESM,DESM-100,2014,2014-06-27,10
334584,900334584,DESM,DESM-200,2010,2011-07-04,10
334585,900334585,DESM,DESM-300,2008,2008-11-10,10
334586,900334586,DESM,DESM-300,2014,2015-02-11,10
334587,900334587,DESM,DESM-300,2008,2008-04-23,10
334588,900334588,DESM,DESM-200,2023,2024-03-13,10
334589,900334589,DESM,DESM-100,2019,2020-06-14,10
334590,900334590,DESM,DESM-200,2016,2016-09-08,10
334591,900334591,DESM,DESM-100,2009,2009-06-20,10
334592,900334592,DESM,DESM-300,2016,2017-04-04,10
334593,900334593,DESM,DESM-100,2010,2011-01-30,10
334594,900334594,DESM,DESM-300,2013,2014-01-12,10
334595,900334595,DESM,DESM-200,2008,2009-07-07,10
334596,900334596,DESM,DESM-200,2019,2019-06-05,10
334597,900334597,DESM,DESM-100,2021,2021-12-14,10
334598,900334598,DESM,DESM-200,2022,2022-07-28,10
334599,900334599,DESM,DESM-100,2014,2015-03-24,10
334600,900334600,DESM,DESM-100,2008,2008-11-20,10
334601,900334601,DESM,DESM-200,2019,2019-02-25,10
334602,900334602,DESM,DESM-100,2009,2010-05-07,10
334603,900334603,DESM,DESM-300,2015,2016-02-13,10
334604,900334604,DESM,DESM-200,2023,2023-04-27,10
334605,900334605,DESM,DESM-300,2011,2011-08-30,10
334606,900334606,DESM,DESM-300,2008,2009-03-11,10
334607,900334607,DESM,DESM-100,2011,2011-11-10,10
334608,900334608,DESM,DESM-100,2019,2019-12-18,10
334609,900334609,DESM,DESM-200,2010,2011-09-16,10
334610,900334610,DESM,DESM-100,2018,2018-09-05,10
334611,900334611,DESM,DESM-200,2009,2010-01-03,10
334612,900334612,DESM,DESM-200,2018,2018-12-11,10
334613,900334613,DESM,DESM-300,2017,2017-08-22,10
334614,900334614,DESM,DESM-300,2016,2017-03-04,10
334615,900334615,DESM,DESM-200,2015,2015-04-11,10
334616,900334616,DESM,DESM-200,2023,2023-10-11,10
334617,900334617,DESM,DESM-100,2020,2021-01-21,10
334618,900334618,DESM,DESM-200,2012,2013-08-01,10
334619,900334619,DESM,DESM-200,2023,2023-07-16,10
334620,900334620,DESM,DESM-300,2015,2016-06-09,10
334621,900334621,DESM,DESM-200,2023,2023-06-22,10
334625,900334625,DEMC,DEMC-300,2010,2011-06-07,10
334626,900334626,DEMC,DEMC-200,2010,2011-01-12,10
334627,900334627,DEMC,DEMC-100,2020,2020-05-29,10
334628,900334628,DEMC,DEMC-200,2017,2018-01-26,10
334629,900334629,DEMC,DEMC-100,2009,2009-06-14,10
334630,900334630,DEMC,DEMC-200,2008,2008-04-17,10
334631,900334631,DEMC,DEMC-200,2020,2020-10-10,10
334632,900334632,DESM,DESM-200,2019,2019-06-06,10
334633,900334633,DESM,DESM-100,2017,2017-09-07,10
334634,900334634,DESM,DESM-200,2022,2022-06-18,10
334635,900334635,DESM,DESM-100,2015,2016-01-18,10
334636,900334636,DESM,DESM-200,2015,2015-10-14,10
334637,900334637,DESM,DESM-200,2011,2012-02-06,10
334638,900334638,DESM,DESM-300,2023,2024-04-16,10
334639,900334639,DESM,DESM-100,2009,2009-07-04,10
334640,900334640,DESM,DESM-200,2016,2017-06-25,10
334641,900334641,DESM,DESM-200,2008,2008-11-13,10
334642,900334642,DESM,DESM-200,2011,2011-08-12,10
334643,900334643,DESM,DESM-200,2013,2013-07-24,10
334644,900334644,DESM,DESM-200,2014,2015-10-19,10
334645,900334645,DESM,DESM-300,2011,2011-10-15,10
334646,900334646,DESM,DESM-100,2011,2012-07-30,10
334647,900334647,DESM,DESM-200,2019,2019-12-20,10
334648,900334648,DESM,DESM-100,2011,2012-02-23,10
334649,900334649,DESM,DESM-200,2015,2016-06-21,10
334650,900334650,DESM,DESM-200,2020,2021-01-24,10
334651,900334651,DESM,DESM-200,2009,2010-09-07,10
334652,900334652,DESM,DESM-300,2016,2016-12-24,10
334653,900334653,DESM,DESM-200,2012,2012-04-08,10
334654,900334654,DESM,DESM-300,2018,2019-06-06,10
334655,900334655,DESM,DESM-100,2013,2014-04-21,10
334656,900334656,DESM,DESM-300,2022,2022-07-31,10
334657,900334657,DESM,DESM-100,2018,2018-12-04,10
334658,900334658,DESM,DESM-100,2012,2013-04-03,10
334659,900334659,DESM,DESM-100,2019,2019-07-30,10
334660,900334660,DESM,DESM-100,2010,2011-02-17,10
334661,900334661,DESM,DESM-100,2022,2023-10-29,10
334662,900334662,DESM,DESM-200,2012,2012-07-14,10
334663,900334663,DESM,DESM-100,2018,2018-10-23,10
334664,900334664,DESM,DESM-100,2018,2019-10-16,10
334665,900334665,DESM,DESM-300,2008,2009-06-02,10
334666,900334666,DESM,DESM-300,2021,2022-08-19,10
334667,900334667,DESM,DESM-200,2013,2013-10-28,10
334668,900334668,DESM,DESM-200,2013,2014-05-06,10
334669,900334669,DESM,DESM-300,2010,2011-05-07,10
334670,900334670,DESM,DESM-200,2014,2015-02-13,10
334673,900334673,DEMC,DEMC-200,2011,2012-03-05,10
334674,900334674,DEMC,DEMC-100,2011,2011-06-27,10
334675,900334675,DEMC,DEMC-100,2013,2013-03-08,10
334676,900334676,DEMC,DEMC-200,2011,2012-02-13,10
334677,900334677,DESM,DESM-300,2010,2010-09-03,10
334678,900334678,DESM,DESM-300,2008,2009-06-12,10
334679,900334679,DESM,DESM-200,2016,2017-05-30,10
334680,900334680,DESM,DESM-100,2017,2018-07-05,10
334681,900334681,DESM,DESM-200,2018,2018-09-20,10
334682,900334682,DESM,DESM-300,2008,2009-04-10,10
334683,900334683,DESM,DESM-300,2023,2023-08-19,10
334684,900334684,DESM,DESM-200,2022,2023-07-04,10
334685,900334685,DESM,DESM-200,2015,2016-07-12,10
334686,900334686,DESM,DESM-100,2019,2019-10-25,10
334687,900334687,DESM,DESM-100,2013,2013-08-24,10
334688,900334688,DESM,DESM-100,2021,2022-08-20,10
334689,900334689,DESM,DESM-100,2023,2023-05-18,10
334690,900334690,DESM,DESM-200,2011,2011-10-25,10
334691,900334691,DESM,DESM-300,2014,2015-05-06,10
334692,900334692,DESM,DESM-100,2013,2014-03-29,10
334693,900334693,DESM,DESM-300,2014,2015-07-25,10
334694,900334694,DESM,DESM-300,2020,2021-01-23,10
334695,900334695,DESM,DESM-100,2011,2012-06-21,10
334696,900334696,DESM,DESM-300,2018,2019-10-09,10
334697,900334697,DESM,DESM-200,2020,2021-07-06,10
334698,900334698,DESM,DESM-100,2009,2009-12-14,10
334699,900334699,DESM,DESM-100,2008,2008-09-14,10
334700,900334700,DESM,DESM-200,2022,2023-02-26,10
334704,900334704,DEMC,DEMC-300,2018,2018-09-05,10
334705,900334705,DEMC,DEMC-300,2015,2016-06-07,10
334706,900334706,DEMC,DEMC-100,2012,2013-03-20,10
334707,900334707,DEMC,DEMC-100,2017,2017-05-23,10
334708,900334708,DEMC,DEMC-300,2022,2023-09-18,10
334709,900334709,DESM,DESM-200,2018,2018-11-29,10
334710,900334710,DESM,DESM-100,2009,2009-11-20,10
334711,900334711,DESM,DESM-100,2014,2014-08-07,10
334712,900334712,DESM,DESM-100,2021,2021-11-22,10
334713,900334713,DESM,DESM-100,2009,2009-08-14,10
334714,900334714,DESM,DESM-100,2008,2008-08-08,10
334715,900334715,DESM,DESM-300,2017,2018-03-02,10
334716,900334716,DESM,DESM-300,2009,2010-10-28,10
334717,900334717,DESM,DESM-100,2023,2023-10-16,10
334718,900334718,DESM,DESM-100,2010,2011-03-22,10
334719,900334719,DESM,DESM-300,2008,2008-12-29,10
334720,900334720,DESM,DESM-100,2016,2017-02-28,10
334721,900334721,DESM,DESM-300,2010,2010-12-11,10
334722,900334722,DESM,DESM-200,2014,2014-11-01,10
334723,900334723,DESM,DESM-100,2009,2010-05-10,10
334724,900334724,DESM,DESM-300,2010,2011-03-05,10
334725,900334725,DESM,DESM-300,2017,2017-10-20,10
334726,900334726,DESM,DESM-200,2011,2011-12-17,10
334727,900334727,DESM,DESM-100,2016,2017-05-02,10
334728,900334728,DESM,DESM-200,2013,2013-06-03,10
334729,900334729,DESM,DESM-300,2018,2019-01-19,10
334730,900334730,DESM,DESM-100,2016,2016-12-09,10
334731,900334731,DESM,DESM-100,2010,2010-07-14,10
334732,900334732,DESM,DESM-100,2012,2013-02-05,10
334733,900334733,DESM,DESM-100,2010,2010-12-09,10
334734,900334734,DESM,DESM-100,2011,2012-06-29,10
334735,900334735,DESM,DESM-100,2012,2013-04-23,10
334736,900334736,DESM,DESM-100,2017,2017-11-13,10
334737,900334737,DESM,DESM-300,2020,2020-08-08,10
334738,900334738,DESM,DESM-200,2012,2012-10-20,10
334739,900334739,DESM,DESM-100,2008,2009-03-17,10
334740,900334740,DESM,DESM-200,2013,2014-01-19,10
334741,900334741,DESM,DESM-300,2013,2014-07-30,10
334742,900334742,DESM,DESM-200,2021,2021-11-16,10
334745,900334745,DEMC,DEMC-200,2010,2011-02-08,10
334746,900334746,DEMC,DEMC-100,2011,2012-04-09,10
334747,900334747,DEMC,DEMC-300,2016,2017-01-13,10
334748,900334748,DEMC,DEMC-300,2011,2011-07-13,10
334749,900334749,DEMC,DEMC-100,2011,2011-10-07,10
334750,900334750,DEMC,DEMC-100,2014,2015-02-05,10
334751,900334751,DESM,DESM-100,2017,2018-03-31,10
334752,900334752,DESM,DESM-300,2008,2008-12-19,10
334753,900334753,DESM,DESM-200,2022,2023-04-17,10
334754,900334754,DESM,DESM-200,2017,2018-06-02,10
334755,900334755,DESM,DESM-200,2008,2008-12-29,10
334756,900334756,DESM,DESM-300,2012,2013-01-18,10
334757,900334757,DESM,DESM-100,2013,2013-09-13,10
334758,900334758,DESM,DESM-100,2008,2009-01-13,10
334759,900334759,DESM,DESM-100,2022,2023-11-21,10
334760,900334760,DESM,DESM-200,2018,2018-09-08,10
334761,900334761,DESM,DESM-100,2023,2023-10-12,10
334762,900334762,DESM,DESM-100,2019,2019-10-07,10
334763,900334763,DESM,DESM-100,2020,2020-11-21,10
334764,900334764,DESM,DESM-300,2023,2023-11-14,10
334765,900334765,DESM,DESM-300,2011,2011-12-25,10
334766,900334766,DESM,DESM-200,2021,2021-10-30,10
334767,900334767,DESM,DESM-200,2019,2020-05-28,10
334768,900334768,DESM,DESM-300,2014,2014-06-03,10
334769,900334769,DESM,DESM-100,2010,2011-01-04,10
334770,900334770,DESM,DESM-200,2020,2021-08-19,10
334771,900334771,DESM,DESM-100,2022,2022-12-08,10
334772,900334772,DESM,DESM-300,2013,2014-02-11,10
334773,900334773,DESM,DESM-300,2017,2018-05-24,10
334774,900334774,DESM,DESM-300,2009,2009-05-22,10
334775,900334775,DESM,DESM-300,2008,2008-08-25,10
334776,900334776,DESM,DESM-300,2019,2019-10-16,10
334777,900334777,DESM,DESM-100,2013,2014-02-17,10
334778,900334778,DESM,DESM-200,2010,2010-11-28,10
334779,900334779,DESM,DESM-300,2017,2018-02-18,10
334780,900334780,DESM,DESM-300,2015,2015-04-22,10
334781,900334781,DESM,DESM-300,2013,2014-04-21,10
334938,900334938,DEDR,DEDR-100,2010,2011-05-09,15
337554,900337554,ELUP,ELUP-100,2008,2008-07-13,8
